actual,predicted,timestamp
55.0,70.73644,2025-07-02 06:00:00
42.5,46.44553,2025-07-02 06:00:00
84.0,75.912964,2025-07-02 06:00:00
55.0,63.85856,2025-07-02 06:00:00
38.0,95.994225,2025-07-02 06:00:00
94.0,92.96446,2025-07-02 07:00:00
47.5,47.734196,2025-07-02 07:00:00
53.0,93.080025,2025-07-02 07:00:00
55.0,73.81704,2025-07-02 07:00:00
46.0,113.08213,2025-07-02 07:00:00
105.0,101.199425,2025-07-02 08:00:00
64.5,58.364414,2025-07-02 08:00:00
70.0,96.25799,2025-07-02 08:00:00
77.0,73.263435,2025-07-02 08:00:00
91.0,140.36697,2025-07-02 08:00:00
100.0,89.59013,2025-07-02 09:00:00
67.0,73.2493,2025-07-02 09:00:00
73.0,52.650032,2025-07-02 09:00:00
80.0,102.08751,2025-07-02 09:00:00
85.0,68.042015,2025-07-02 09:00:00
92.0,62.82227,2025-07-02 10:00:00
70.0,75.942375,2025-07-02 10:00:00
117.0,80.71347,2025-07-02 10:00:00
81.25,46.659786,2025-07-02 10:00:00
83.0,92.87798,2025-07-02 10:00:00
123.0,63.11115,2025-07-02 11:00:00
110.0,77.38987,2025-07-02 11:00:00
79.0,95.364815,2025-07-02 11:00:00
74.0,77.34047,2025-07-02 11:00:00
76.75,48.290394,2025-07-02 11:00:00
102.0,77.46435,2025-07-02 12:00:00
91.0,73.33704,2025-07-02 12:00:00
63.5,47.070507,2025-07-02 12:00:00
80.0,82.22702,2025-07-02 12:00:00
73.0,84.48441,2025-07-02 12:00:00
59.25,45.12515,2025-07-02 13:00:00
67.0,65.36016,2025-07-02 13:00:00
68.0,81.06069,2025-07-02 13:00:00
96.0,82.360306,2025-07-02 13:00:00
62.0,93.794495,2025-07-02 13:00:00
94.0,82.826584,2025-07-02 14:00:00
55.5,44.66596,2025-07-02 14:00:00
62.0,92.18465,2025-07-02 14:00:00
64.0,68.26282,2025-07-02 14:00:00
67.0,82.23514,2025-07-02 14:00:00
67.0,77.449745,2025-07-02 15:00:00
51.0,61.785816,2025-07-02 15:00:00
58.0,92.594505,2025-07-02 15:00:00
53.75,45.408016,2025-07-02 15:00:00
114.0,89.43225,2025-07-02 15:00:00
86.0,88.598145,2025-07-02 16:00:00
58.0,74.30766,2025-07-02 16:00:00
51.0,66.20684,2025-07-02 16:00:00
54.25,43.804016,2025-07-02 16:00:00
73.0,83.7835,2025-07-02 16:00:00
67.0,80.16014,2025-07-02 17:00:00
67.0,87.19648,2025-07-02 17:00:00
55.0,78.536964,2025-07-02 17:00:00
79.0,67.279175,2025-07-02 17:00:00
60.5,43.97138,2025-07-02 17:00:00
64.25,45.808388,2025-07-02 18:00:00
79.0,84.90485,2025-07-02 18:00:00
66.0,68.283264,2025-07-02 18:00:00
57.0,75.907875,2025-07-02 18:00:00
77.0,88.425385,2025-07-02 18:00:00
56.0,94.981346,2025-07-02 19:00:00
67.0,64.87685,2025-07-02 19:00:00
113.0,84.27242,2025-07-02 19:00:00
75.0,48.372814,2025-07-02 19:00:00
84.0,97.81632,2025-07-02 19:00:00
66.0,123.14292,2025-07-02 20:00:00
99.0,127.048874,2025-07-02 20:00:00
89.0,70.270485,2025-07-02 20:00:00
82.5,64.04351,2025-07-02 20:00:00
96.0,97.77404,2025-07-02 20:00:00
100.0,73.77887,2025-07-02 21:00:00
128.0,137.56474,2025-07-02 21:00:00
88.0,121.96945,2025-07-02 21:00:00
97.0,96.53396,2025-07-02 21:00:00
88.5,64.9402,2025-07-02 21:00:00
103.0,94.38236,2025-07-02 22:00:00
81.0,115.85444,2025-07-02 22:00:00
99.75,69.33748,2025-07-02 22:00:00
119.0,160.96724,2025-07-02 22:00:00
73.0,71.38099,2025-07-02 22:00:00
132.0,157.77876,2025-07-02 23:00:00
63.0,67.82232,2025-07-02 23:00:00
73.0,72.71708,2025-07-02 23:00:00
74.0,108.61004,2025-07-02 23:00:00
99.0,97.97759,2025-07-02 23:00:00
116.0,108.05442,2025-07-03 00:00:00
73.0,70.26843,2025-07-03 00:00:00
86.0,114.36523,2025-07-03 00:00:00
95.0,88.09241,2025-07-03 00:00:00
48.5,64.18818,2025-07-03 00:00:00
85.0,93.98054,2025-07-03 01:00:00
92.0,112.64476,2025-07-03 01:00:00
83.0,89.56269,2025-07-03 01:00:00
85.0,67.620346,2025-07-03 01:00:00
73.0,65.3502,2025-07-03 01:00:00
76.25,52.026306,2025-07-03 02:00:00
134.0,68.09525,2025-07-03 02:00:00
67.0,90.29286,2025-07-03 02:00:00
85.0,85.98871,2025-07-03 02:00:00
73.0,93.303535,2025-07-03 02:00:00
50.0,90.34319,2025-07-03 03:00:00
63.0,77.60628,2025-07-03 03:00:00
138.0,65.51965,2025-07-03 03:00:00
107.0,80.36272,2025-07-03 03:00:00
75.75,51.71172,2025-07-03 03:00:00
54.0,44.87628,2025-07-03 04:00:00
80.0,79.99016,2025-07-03 04:00:00
79.0,61.22672,2025-07-03 04:00:00
56.0,80.775375,2025-07-03 04:00:00
41.0,93.672966,2025-07-03 04:00:00
48.25,46.596264,2025-07-03 05:00:00
40.0,86.478714,2025-07-03 05:00:00
46.0,77.50691,2025-07-03 05:00:00
63.0,80.76256,2025-07-03 05:00:00
48.0,59.170025,2025-07-03 05:00:00
31.0,80.42971,2025-07-03 06:00:00
56.0,44.636845,2025-07-03 06:00:00
46.0,97.47372,2025-07-03 06:00:00
58.0,79.11819,2025-07-03 06:00:00
48.0,50.79695,2025-07-03 06:00:00
96.0,92.17384,2025-07-03 07:00:00
56.25,49.825768,2025-07-03 07:00:00
59.0,94.137215,2025-07-03 07:00:00
44.0,81.36415,2025-07-03 07:00:00
48.0,64.26382,2025-07-03 07:00:00
69.0,74.53963,2025-07-03 08:00:00
105.0,97.06413,2025-07-03 08:00:00
118.0,111.91757,2025-07-03 08:00:00
75.0,55.10414,2025-07-03 08:00:00
58.0,84.824394,2025-07-03 08:00:00
75.0,79.3101,2025-07-03 09:00:00
98.25,59.70278,2025-07-03 09:00:00
161.0,115.19471,2025-07-03 09:00:00
56.0,90.29783,2025-07-03 09:00:00
61.0,79.15132,2025-07-03 09:00:00
83.0,87.542274,2025-07-03 10:00:00
91.0,93.75402,2025-07-03 10:00:00
129.0,116.34955,2025-07-03 10:00:00
87.5,69.76958,2025-07-03 10:00:00
58.0,87.81186,2025-07-03 10:00:00
97.0,107.98211,2025-07-03 11:00:00
128.0,91.7266,2025-07-03 11:00:00
90.0,87.82591,2025-07-03 11:00:00
102.0,67.99864,2025-07-03 11:00:00
64.0,87.131226,2025-07-03 11:00:00
132.0,104.9363,2025-07-03 12:00:00
64.0,74.74127,2025-07-03 12:00:00
135.0,69.57954,2025-07-03 12:00:00
74.0,87.85374,2025-07-03 12:00:00
91.0,88.389206,2025-07-03 12:00:00
102.0,106.32541,2025-07-03 13:00:00
96.0,88.55145,2025-07-03 13:00:00
86.0,82.40447,2025-07-03 13:00:00
131.0,64.87364,2025-07-03 13:00:00
63.0,76.642166,2025-07-03 13:00:00
68.0,76.46338,2025-07-03 14:00:00
69.0,72.94164,2025-07-03 14:00:00
78.0,89.10209,2025-07-03 14:00:00
51.0,104.78326,2025-07-03 14:00:00
72.25,57.153828,2025-07-03 14:00:00
40.0,111.12142,2025-07-03 15:00:00
74.0,69.63037,2025-07-03 15:00:00
66.25,56.0938,2025-07-03 15:00:00
68.0,73.2909,2025-07-03 15:00:00
110.0,87.497734,2025-07-03 15:00:00
44.0,94.494415,2025-07-03 16:00:00
68.0,70.31337,2025-07-03 16:00:00
53.75,54.994858,2025-07-03 16:00:00
74.0,71.5653,2025-07-03 16:00:00
48.0,100.026375,2025-07-03 16:00:00
38.0,90.91101,2025-07-03 17:00:00
78.75,58.744553,2025-07-03 17:00:00
73.0,93.32573,2025-07-03 17:00:00
55.0,98.452644,2025-07-03 17:00:00
61.0,73.30663,2025-07-03 17:00:00
57.0,95.87005,2025-07-03 18:00:00
95.0,79.27413,2025-07-03 18:00:00
67.0,76.57477,2025-07-03 18:00:00
111.0,60.884422,2025-07-03 18:00:00
59.0,100.33692,2025-07-03 18:00:00
84.0,91.230675,2025-07-03 19:00:00
95.0,107.311035,2025-07-03 19:00:00
103.25,68.00574,2025-07-03 19:00:00
135.0,88.54235,2025-07-03 19:00:00
96.0,107.00496,2025-07-03 19:00:00
97.0,152.16214,2025-07-03 20:00:00
99.0,114.98321,2025-07-03 20:00:00
78.0,109.0747,2025-07-03 20:00:00
112.5,75.70832,2025-07-03 20:00:00
90.0,95.9037,2025-07-03 20:00:00
114.0,110.67635,2025-07-03 21:00:00
106.75,78.59316,2025-07-03 21:00:00
118.0,113.32942,2025-07-03 21:00:00
107.0,114.07609,2025-07-03 21:00:00
117.0,163.5337,2025-07-03 21:00:00
117.0,153.85649,2025-07-03 22:00:00
114.75,79.06092,2025-07-03 22:00:00
92.0,103.70273,2025-07-03 22:00:00
117.0,107.8834,2025-07-03 22:00:00
106.0,105.67807,2025-07-03 22:00:00
145.0,147.36624,2025-07-03 23:00:00
124.0,112.46291,2025-07-03 23:00:00
120.0,79.17997,2025-07-03 23:00:00
100.0,104.46739,2025-07-03 23:00:00
92.0,104.994446,2025-07-03 23:00:00
113.0,82.06167,2025-07-04 00:00:00
146.0,111.12559,2025-07-04 00:00:00
128.0,111.52469,2025-07-04 00:00:00
89.0,88.97253,2025-07-04 00:00:00
121.25,70.436134,2025-07-04 00:00:00
140.0,106.14199,2025-07-04 01:00:00
131.0,63.747025,2025-07-04 01:00:00
136.0,95.23195,2025-07-04 01:00:00
84.0,79.45269,2025-07-04 01:00:00
89.0,95.840996,2025-07-04 01:00:00
95.0,99.16409,2025-07-04 02:00:00
106.0,81.42386,2025-07-04 02:00:00
81.0,126.11248,2025-07-04 02:00:00
122.0,76.48671,2025-07-04 02:00:00
116.0,64.31039,2025-07-04 02:00:00
110.0,69.80852,2025-07-04 03:00:00
127.0,104.098915,2025-07-04 03:00:00
77.0,100.67004,2025-07-04 03:00:00
64.0,81.42016,2025-07-04 03:00:00
102.25,64.05726,2025-07-04 03:00:00
92.0,90.45911,2025-07-04 04:00:00
100.75,66.0557,2025-07-04 04:00:00
72.0,103.84082,2025-07-04 04:00:00
59.0,74.10052,2025-07-04 04:00:00
81.0,66.45703,2025-07-04 04:00:00
67.0,90.563446,2025-07-04 05:00:00
100.0,62.296947,2025-07-04 05:00:00
66.0,73.89132,2025-07-04 05:00:00
64.0,87.07064,2025-07-04 05:00:00
96.25,50.960087,2025-07-04 05:00:00
64.0,77.840935,2025-07-04 06:00:00
97.0,64.58657,2025-07-04 06:00:00
67.0,76.032104,2025-07-04 06:00:00
70.0,101.81562,2025-07-04 06:00:00
78.0,55.133316,2025-07-04 06:00:00
95.0,93.342964,2025-07-04 07:00:00
81.0,78.698235,2025-07-04 07:00:00
90.75,60.98262,2025-07-04 07:00:00
58.0,98.385864,2025-07-04 07:00:00
64.0,94.354744,2025-07-04 07:00:00
69.0,86.19115,2025-07-04 08:00:00
52.0,93.496925,2025-07-04 08:00:00
64.0,103.08951,2025-07-04 08:00:00
73.5,69.03178,2025-07-04 08:00:00
130.0,116.460335,2025-07-04 08:00:00
74.0,94.380974,2025-07-04 09:00:00
135.0,126.70354,2025-07-04 09:00:00
99.25,79.82908,2025-07-04 09:00:00
59.0,89.41566,2025-07-04 09:00:00
92.0,80.508385,2025-07-04 10:00:00
132.0,120.64043,2025-07-04 10:00:00
74.0,88.400536,2025-07-04 10:00:00
103.0,107.539856,2025-07-04 10:00:00
94.0,102.05531,2025-07-04 11:00:00
64.0,88.701996,2025-07-04 11:00:00
67.5,83.30708,2025-07-04 11:00:00
103.0,119.39832,2025-07-04 11:00:00
190.0,109.09928,2025-07-04 11:00:00
51.5,98.27187,2025-07-04 12:00:00
143.0,116.237236,2025-07-04 12:00:00
96.0,96.538704,2025-07-04 12:00:00
97.0,87.31559,2025-07-04 12:00:00
86.0,95.72339,2025-07-04 12:00:00
70.75,96.66092,2025-07-04 13:00:00
61.0,91.12681,2025-07-04 13:00:00
44.0,116.46004,2025-07-04 13:00:00
90.0,82.25006,2025-07-04 13:00:00
175.0,102.93096,2025-07-04 13:00:00
75.0,100.21259,2025-07-04 14:00:00
68.0,75.56629,2025-07-04 14:00:00
82.75,94.88184,2025-07-04 14:00:00
74.0,78.507126,2025-07-04 14:00:00
151.0,82.5691,2025-07-04 14:00:00
68.0,78.87335,2025-07-04 15:00:00
123.0,89.566605,2025-07-04 15:00:00
80.0,79.31149,2025-07-04 15:00:00
86.25,74.920845,2025-07-04 15:00:00
107.0,114.49325,2025-07-04 15:00:00
66.0,72.65576,2025-07-04 16:00:00
106.0,92.25581,2025-07-04 16:00:00
73.0,115.78395,2025-07-04 16:00:00
92.0,66.56525,2025-07-04 16:00:00
79.0,71.63755,2025-07-04 16:00:00
69.0,75.21885,2025-07-04 17:00:00
127.0,104.14534,2025-07-04 17:00:00
117.0,86.112434,2025-07-04 17:00:00
89.0,76.37571,2025-07-04 17:00:00
64.0,77.93378,2025-07-04 17:00:00
195.0,130.2649,2025-07-04 18:00:00
67.0,90.1781,2025-07-04 18:00:00
62.0,76.30935,2025-07-04 18:00:00
95.25,82.0395,2025-07-04 18:00:00
110.0,83.98074,2025-07-04 18:00:00
61.0,111.36875,2025-07-04 19:00:00
99.0,105.80275,2025-07-04 19:00:00
72.0,103.47251,2025-07-04 19:00:00
102.5,96.83055,2025-07-04 19:00:00
127.0,131.32893,2025-07-04 19:00:00
92.0,100.815346,2025-07-04 20:00:00
120.0,103.7754,2025-07-04 20:00:00
108.0,126.073715,2025-07-04 20:00:00
108.0,105.44543,2025-07-04 20:00:00
99.0,149.29523,2025-07-04 20:00:00
160.0,113.33771,2025-07-04 21:00:00
133.0,105.462105,2025-07-04 21:00:00
95.0,124.84964,2025-07-04 21:00:00
104.75,104.74597,2025-07-04 21:00:00
121.0,156.20407,2025-07-04 21:00:00
63.0,161.64786,2025-07-04 22:00:00
99.0,119.190865,2025-07-04 22:00:00
116.0,102.72051,2025-07-04 22:00:00
86.5,110.83937,2025-07-04 22:00:00
81.0,134.072,2025-07-04 22:00:00
70.33333333333333,111.38033,2025-07-04 23:00:00
116.0,87.66945,2025-07-04 23:00:00
78.0,111.79474,2025-07-04 23:00:00
55.0,163.14519,2025-07-04 23:00:00
86.0,142.69312,2025-07-04 23:00:00
45.0,118.07226,2025-07-05 00:00:00
116.0,72.328636,2025-07-05 00:00:00
76.25,96.09034,2025-07-05 00:00:00
96.0,141.24057,2025-07-05 00:00:00
53.0,97.46564,2025-07-05 00:00:00
42.0,124.504486,2025-07-05 01:00:00
69.0,92.672714,2025-07-05 01:00:00
116.0,69.99451,2025-07-05 01:00:00
86.0,148.63518,2025-07-05 01:00:00
83.25,94.6925,2025-07-05 01:00:00
68.0,134.05734,2025-07-05 02:00:00
58.0,107.71561,2025-07-05 02:00:00
36.0,99.05755,2025-07-05 02:00:00
85.75,91.276085,2025-07-05 02:00:00
30.0,81.59839,2025-07-05 03:00:00
57.0,102.15676,2025-07-05 03:00:00
74.0,103.07319,2025-07-05 03:00:00
80.25,85.09953,2025-07-05 03:00:00
102.0,89.044914,2025-07-05 03:00:00
72.0,78.176926,2025-07-05 04:00:00
56.0,79.73715,2025-07-05 04:00:00
59.0,85.432594,2025-07-05 04:00:00
47.0,58.276817,2025-07-05 04:00:00
40.0,72.15595,2025-07-05 04:00:00
42.0,71.507675,2025-07-05 05:00:00
61.0,86.60672,2025-07-05 05:00:00
35.0,76.51223,2025-07-05 05:00:00
72.0,82.17677,2025-07-05 05:00:00
47.0,58.267197,2025-07-05 05:00:00
33.0,86.178085,2025-07-05 06:00:00
47.0,67.253586,2025-07-05 06:00:00
39.0,84.71359,2025-07-05 06:00:00
72.0,67.0262,2025-07-05 06:00:00
125.0,63.22472,2025-07-05 06:00:00
72.0,74.44029,2025-07-05 07:00:00
58.0,90.06559,2025-07-05 07:00:00
47.0,76.44677,2025-07-05 07:00:00
44.0,91.03953,2025-07-05 07:00:00
33.0,120.7229,2025-07-05 07:00:00
42.0,99.14146,2025-07-05 08:00:00
45.0,74.61428,2025-07-05 08:00:00
34.0,129.3434,2025-07-05 08:00:00
72.0,96.624275,2025-07-05 08:00:00
96.0,91.780205,2025-07-05 09:00:00
45.0,92.90228,2025-07-05 09:00:00
72.0,128.99881,2025-07-05 09:00:00
158.0,104.96977,2025-07-05 10:00:00
75.0,119.41657,2025-07-05 10:00:00
52.0,97.50342,2025-07-05 10:00:00
112.0,107.98567,2025-07-05 11:00:00
78.0,106.96104,2025-07-05 11:00:00
64.0,94.90461,2025-07-05 11:00:00
72.0,115.48426,2025-07-05 11:00:00
80.0,109.95573,2025-07-05 12:00:00
112.0,80.39422,2025-07-05 12:00:00
68.0,102.368095,2025-07-05 12:00:00
78.0,113.2061,2025-07-05 12:00:00
67.0,78.018845,2025-07-05 13:00:00
52.0,86.9014,2025-07-05 13:00:00
110.0,94.69235,2025-07-05 13:00:00
95.0,118.188126,2025-07-05 13:00:00
53.0,79.53511,2025-07-05 14:00:00
80.0,96.357666,2025-07-05 14:00:00
52.0,66.33131,2025-07-05 14:00:00
193.0,114.42038,2025-07-05 14:00:00
61.0,87.21673,2025-07-05 15:00:00
52.0,67.05686,2025-07-05 15:00:00
135.0,116.74857,2025-07-05 15:00:00
95.0,106.9844,2025-07-05 15:00:00
85.0,68.84914,2025-07-05 16:00:00
175.0,103.012375,2025-07-05 16:00:00
172.0,103.48448,2025-07-05 16:00:00
70.0,78.9683,2025-07-05 16:00:00
164.0,122.5082,2025-07-05 17:00:00
105.0,85.35864,2025-07-05 17:00:00
100.0,70.484314,2025-07-05 17:00:00
163.0,98.66682,2025-07-05 17:00:00
144.0,106.41579,2025-07-05 18:00:00
167.0,89.676186,2025-07-05 18:00:00
134.0,147.55943,2025-07-05 18:00:00
121.0,89.48379,2025-07-05 18:00:00
141.0,90.80245,2025-07-05 19:00:00
162.0,129.74779,2025-07-05 19:00:00
97.0,87.17191,2025-07-05 19:00:00
157.0,88.04113,2025-07-05 19:00:00
139.0,102.60674,2025-07-05 20:00:00
180.0,135.92822,2025-07-05 20:00:00
183.0,142.73302,2025-07-05 20:00:00
103.0,88.39248,2025-07-05 20:00:00
196.0,134.58733,2025-07-05 21:00:00
208.0,149.59859,2025-07-05 21:00:00
113.0,122.68485,2025-07-05 21:00:00
177.0,124.74531,2025-07-05 21:00:00
195.0,114.15257,2025-07-05 22:00:00
160.0,123.31567,2025-07-05 22:00:00
262.0,143.05219,2025-07-05 22:00:00
138.0,89.90626,2025-07-05 22:00:00
215.0,119.55603,2025-07-05 23:00:00
233.0,109.8115,2025-07-05 23:00:00
160.0,99.41517,2025-07-05 23:00:00
171.0,122.68926,2025-07-05 23:00:00
164.0,83.35869,2025-07-06 00:00:00
160.0,93.50999,2025-07-06 00:00:00
190.0,73.10679,2025-07-06 00:00:00
171.0,130.29463,2025-07-06 00:00:00
160.0,92.25135,2025-07-06 01:00:00
78.0,66.13805,2025-07-06 01:00:00
101.0,80.768074,2025-07-06 01:00:00
145.0,115.38323,2025-07-06 01:00:00
70.0,92.02244,2025-07-06 02:00:00
101.0,78.60012,2025-07-06 02:00:00
17.0,58.04927,2025-07-06 02:00:00
17.0,63.40238,2025-07-06 03:00:00
25.0,90.355194,2025-07-06 03:00:00
101.0,85.14661,2025-07-06 03:00:00
62.0,75.71173,2025-07-06 03:00:00
6.0,80.88117,2025-07-06 04:00:00
5.0,77.55395,2025-07-06 04:00:00
6.0,63.021286,2025-07-06 04:00:00
34.0,86.179115,2025-07-06 04:00:00
6.0,77.546745,2025-07-06 05:00:00
27.0,76.763405,2025-07-06 05:00:00
3.0,65.56911,2025-07-06 05:00:00
1.0,73.23858,2025-07-06 05:00:00
19.0,69.52021,2025-07-06 06:00:00
19.0,81.11354,2025-07-06 06:00:00
3.0,77.96774,2025-07-06 06:00:00
1.0,69.37142,2025-07-06 06:00:00
12.0,74.54977,2025-07-06 07:00:00
24.0,94.97761,2025-07-06 07:00:00
1.0,57.167435,2025-07-06 07:00:00
12.0,122.86077,2025-07-06 07:00:00
13.0,116.1116,2025-07-06 08:00:00
17.0,102.88345,2025-07-06 08:00:00
22.0,94.33433,2025-07-06 08:00:00
7.0,91.65456,2025-07-06 08:00:00
40.0,108.03339,2025-07-06 09:00:00
7.0,104.50652,2025-07-06 09:00:00
16.0,108.18873,2025-07-06 09:00:00
14.0,113.78323,2025-07-06 09:00:00
40.0,98.7809,2025-07-06 10:00:00
7.0,108.2809,2025-07-06 10:00:00
24.0,108.12327,2025-07-06 10:00:00
38.0,131.74847,2025-07-06 10:00:00
27.0,98.4907,2025-07-06 11:00:00
33.0,103.943756,2025-07-06 11:00:00
86.0,91.911064,2025-07-06 11:00:00
25.0,105.08973,2025-07-06 11:00:00
24.0,83.23685,2025-07-06 12:00:00
69.0,103.87431,2025-07-06 12:00:00
33.0,100.06309,2025-07-06 12:00:00
90.0,94.187065,2025-07-06 12:00:00
30.0,79.11636,2025-07-06 13:00:00
30.0,74.72514,2025-07-06 13:00:00
61.0,123.971634,2025-07-06 13:00:00
41.0,104.89613,2025-07-06 13:00:00
29.0,80.79538,2025-07-06 14:00:00
59.0,93.90249,2025-07-06 14:00:00
30.0,74.31042,2025-07-06 14:00:00
74.0,145.30316,2025-07-06 14:00:00
29.0,78.56739,2025-07-06 15:00:00
25.0,79.30807,2025-07-06 15:00:00
101.0,95.24326,2025-07-06 15:00:00
69.0,135.44681,2025-07-06 15:00:00
59.0,118.43466,2025-07-06 16:00:00
117.0,160.9721,2025-07-06 16:00:00
33.0,94.62033,2025-07-06 16:00:00
24.0,86.18172,2025-07-06 16:00:00
133.0,141.2052,2025-07-06 17:00:00
42.0,91.51546,2025-07-06 17:00:00
45.0,91.54131,2025-07-06 17:00:00
95.0,116.08406,2025-07-06 17:00:00
69.0,127.15073,2025-07-06 18:00:00
119.0,132.05505,2025-07-06 18:00:00
52.0,110.211815,2025-07-06 18:00:00
84.0,119.11281,2025-07-06 18:00:00
96.0,172.35255,2025-07-06 19:00:00
117.0,131.03864,2025-07-06 19:00:00
59.0,94.62833,2025-07-06 19:00:00
130.0,147.44302,2025-07-06 19:00:00
84.0,112.194595,2025-07-06 20:00:00
152.0,174.79234,2025-07-06 20:00:00
72.0,97.14856,2025-07-06 20:00:00
94.0,162.52045,2025-07-06 20:00:00
141.0,155.81824,2025-07-06 21:00:00
141.0,161.75865,2025-07-06 21:00:00
73.0,98.98696,2025-07-06 21:00:00
78.0,111.616974,2025-07-06 21:00:00
221.0,155.45428,2025-07-06 22:00:00
68.0,99.70982,2025-07-06 22:00:00
152.0,143.4729,2025-07-06 22:00:00
63.0,127.30805,2025-07-06 22:00:00
254.0,181.85738,2025-07-06 23:00:00
63.0,156.37415,2025-07-06 23:00:00
66.0,125.663216,2025-07-06 23:00:00
218.0,139.1897,2025-07-06 23:00:00
255.0,111.80297,2025-07-07 00:00:00
56.0,134.61964,2025-07-07 00:00:00
143.0,193.51286,2025-07-07 00:00:00
95.0,116.17016,2025-07-07 00:00:00
133.0,170.55077,2025-07-07 01:00:00
74.0,117.59484,2025-07-07 01:00:00
127.0,107.517204,2025-07-07 01:00:00
194.0,77.10699,2025-07-07 01:00:00
149.0,78.60927,2025-07-07 02:00:00
179.0,148.0214,2025-07-07 02:00:00
61.0,115.2862,2025-07-07 02:00:00
127.0,80.387474,2025-07-07 02:00:00
122.0,84.46219,2025-07-07 03:00:00
156.0,118.747284,2025-07-07 03:00:00
78.0,88.07991,2025-07-07 03:00:00
205.0,64.55365,2025-07-07 03:00:00
95.0,47.623363,2025-07-07 04:00:00
116.0,80.24203,2025-07-07 04:00:00
102.0,67.11229,2025-07-07 04:00:00
171.0,120.76792,2025-07-07 04:00:00
81.0,72.85164,2025-07-07 05:00:00
207.0,100.48593,2025-07-07 05:00:00
80.0,51.661827,2025-07-07 05:00:00
101.0,66.71658,2025-07-07 05:00:00
80.0,64.16763,2025-07-07 06:00:00
155.0,68.64679,2025-07-07 06:00:00
77.0,110.46114,2025-07-07 06:00:00
215.0,117.78188,2025-07-07 06:00:00
78.0,97.210495,2025-07-07 07:00:00
150.0,114.431145,2025-07-07 07:00:00
388.0,81.57628,2025-07-07 07:00:00
80.0,73.05638,2025-07-07 07:00:00
89.0,106.930695,2025-07-07 08:00:00
102.0,88.08121,2025-07-07 08:00:00
141.0,139.92078,2025-07-07 08:00:00
273.0,99.07209,2025-07-07 08:00:00
102.0,82.199684,2025-07-07 09:00:00
57.0,38.222713,2025-07-07 09:00:00
96.0,96.238785,2025-07-07 09:00:00
138.0,115.77246,2025-07-07 09:00:00
233.0,90.862045,2025-07-07 09:00:00
102.0,84.40259,2025-07-07 10:00:00
162.0,98.449394,2025-07-07 10:00:00
92.0,145.43867,2025-07-07 10:00:00
56.75,62.610928,2025-07-07 10:00:00
86.0,105.968094,2025-07-07 10:00:00
153.0,136.06604,2025-07-07 11:00:00
57.0,72.03592,2025-07-07 11:00:00
81.0,105.691536,2025-07-07 11:00:00
128.0,97.3821,2025-07-07 11:00:00
143.0,87.25812,2025-07-07 11:00:00
110.0,81.57333,2025-07-07 12:00:00
125.0,137.9303,2025-07-07 12:00:00
57.0,57.146053,2025-07-07 12:00:00
77.0,92.74503,2025-07-07 12:00:00
101.0,89.25426,2025-07-07 12:00:00
121.0,95.95953,2025-07-07 13:00:00
130.0,137.7451,2025-07-07 13:00:00
79.0,93.19038,2025-07-07 13:00:00
57.0,58.26924,2025-07-07 13:00:00
116.0,75.418846,2025-07-07 13:00:00
57.0,55.634945,2025-07-07 14:00:00
92.0,80.32252,2025-07-07 14:00:00
116.0,107.98094,2025-07-07 14:00:00
144.0,117.045334,2025-07-07 14:00:00
63.0,94.1161,2025-07-07 14:00:00
103.0,125.64327,2025-07-07 15:00:00
129.0,119.02496,2025-07-07 15:00:00
62.0,98.334435,2025-07-07 15:00:00
81.0,73.790016,2025-07-07 15:00:00
79.0,90.240555,2025-07-07 16:00:00
134.0,136.32515,2025-07-07 16:00:00
40.0,101.36678,2025-07-07 16:00:00
94.0,119.95683,2025-07-07 16:00:00
153.0,143.72054,2025-07-07 17:00:00
99.0,124.538666,2025-07-07 17:00:00
81.0,83.61892,2025-07-07 17:00:00
56.0,108.75194,2025-07-07 17:00:00
17.333333333333332,51.403225,2025-07-07 17:00:00
74.0,93.74673,2025-07-07 18:00:00
94.0,89.759575,2025-07-07 18:00:00
80.0,105.690994,2025-07-07 18:00:00
144.0,148.65715,2025-07-07 18:00:00
72.0,104.45136,2025-07-07 19:00:00
111.0,121.335495,2025-07-07 19:00:00
141.0,139.81836,2025-07-07 19:00:00
86.0,105.2357,2025-07-07 19:00:00
158.0,146.18147,2025-07-07 20:00:00
144.0,149.623,2025-07-07 20:00:00
75.0,150.68736,2025-07-07 20:00:00
94.0,102.10061,2025-07-07 20:00:00
162.0,154.74095,2025-07-07 21:00:00
161.0,159.01877,2025-07-07 21:00:00
83.0,152.13252,2025-07-07 21:00:00
100.0,115.27139,2025-07-07 21:00:00
73.25,60.535484,2025-07-07 21:00:00
166.0,177.06717,2025-07-07 22:00:00
84.0,54.203426,2025-07-07 22:00:00
97.0,95.541016,2025-07-07 22:00:00
160.0,151.60052,2025-07-07 22:00:00
86.0,146.50417,2025-07-07 22:00:00
85.0,144.42722,2025-07-07 23:00:00
84.0,75.465324,2025-07-07 23:00:00
204.0,155.31477,2025-07-07 23:00:00
90.0,54.56651,2025-07-07 23:00:00
134.0,211.10498,2025-07-07 23:00:00
139.0,187.76408,2025-07-08 00:00:00
64.25,57.049664,2025-07-08 00:00:00
99.0,129.34988,2025-07-08 00:00:00
99.0,83.3746,2025-07-08 00:00:00
177.0,139.1131,2025-07-08 00:00:00
77.0,92.6237,2025-07-08 01:00:00
14.0,155.2095,2025-07-08 01:00:00
29.0,131.4101,2025-07-08 01:00:00
130.0,182.61493,2025-07-08 01:00:00
14.75,56.95757,2025-07-08 01:00:00
17.0,95.66157,2025-07-08 02:00:00
33.0,169.31367,2025-07-08 02:00:00
11.0,127.12427,2025-07-08 02:00:00
7.25,61.91387,2025-07-08 02:00:00
7.0,124.8252,2025-07-08 02:00:00
57.0,109.544525,2025-07-08 03:00:00
13.0,117.13739,2025-07-08 03:00:00
20.0,158.30208,2025-07-08 03:00:00
12.0,112.5855,2025-07-08 03:00:00
8.25,55.708515,2025-07-08 03:00:00
33.0,167.45119,2025-07-08 04:00:00
9.0,107.426956,2025-07-08 04:00:00
18.0,116.00979,2025-07-08 04:00:00
10.75,47.580116,2025-07-08 04:00:00
7.0,139.19955,2025-07-08 04:00:00
19.0,118.885056,2025-07-08 05:00:00
34.0,163.62846,2025-07-08 05:00:00
16.0,94.828384,2025-07-08 05:00:00
19.25,45.99375,2025-07-08 05:00:00
18.0,92.69401,2025-07-08 05:00:00
31.0,114.82172,2025-07-08 06:00:00
23.0,118.48326,2025-07-08 06:00:00
66.0,166.7929,2025-07-08 06:00:00
21.25,52.738,2025-07-08 06:00:00
18.0,75.168976,2025-07-08 06:00:00
45.0,97.79832,2025-07-08 07:00:00
35.0,104.126656,2025-07-08 07:00:00
59.0,173.55045,2025-07-08 07:00:00
34.75,63.13021,2025-07-08 07:00:00
84.0,178.4519,2025-07-08 07:00:00
45.75,65.446556,2025-07-08 08:00:00
48.0,114.65007,2025-07-08 08:00:00
70.0,195.32147,2025-07-08 08:00:00
94.0,192.44969,2025-07-08 08:00:00
63.0,98.185555,2025-07-08 08:00:00
40.0,110.33268,2025-07-08 09:00:00
46.0,60.113045,2025-07-08 09:00:00
77.0,120.13828,2025-07-08 09:00:00
138.0,174.03911,2025-07-08 09:00:00
119.0,189.62039,2025-07-08 09:00:00
48.0,103.66002,2025-07-08 10:00:00
117.0,153.0014,2025-07-08 10:00:00
47.25,54.009377,2025-07-08 10:00:00
77.0,104.5371,2025-07-08 10:00:00
91.0,148.8735,2025-07-08 10:00:00
46.25,57.378643,2025-07-08 11:00:00
152.0,156.45946,2025-07-08 11:00:00
77.0,84.88828,2025-07-08 11:00:00
113.0,129.64339,2025-07-08 11:00:00
177.0,92.558075,2025-07-08 11:00:00
84.0,136.15785,2025-07-08 12:00:00
56.0,51.873325,2025-07-08 12:00:00
75.0,86.947075,2025-07-08 12:00:00
119.0,100.578415,2025-07-08 12:00:00
160.0,149.07013,2025-07-08 12:00:00
96.0,121.4942,2025-07-08 13:00:00
94.0,102.81859,2025-07-08 13:00:00
62.0,89.87434,2025-07-08 13:00:00
46.5,46.138535,2025-07-08 13:00:00
149.0,155.90993,2025-07-08 13:00:00
45.25,49.3807,2025-07-08 14:00:00
91.0,135.87231,2025-07-08 14:00:00
66.0,83.82045,2025-07-08 14:00:00
47.0,99.157906,2025-07-08 14:00:00
141.0,153.21552,2025-07-08 14:00:00
166.0,140.42456,2025-07-08 15:00:00
46.0,104.08277,2025-07-08 15:00:00
105.0,137.13022,2025-07-08 15:00:00
55.0,81.82703,2025-07-08 15:00:00
51.0,88.12047,2025-07-08 16:00:00
123.0,138.7072,2025-07-08 16:00:00
80.0,137.23466,2025-07-08 16:00:00
61.0,86.745,2025-07-08 16:00:00
95.0,140.91971,2025-07-08 17:00:00
164.0,153.35374,2025-07-08 17:00:00
44.5,42.82022,2025-07-08 17:00:00
64.0,87.52906,2025-07-08 17:00:00
77.0,87.478615,2025-07-08 17:00:00
133.0,89.48272,2025-07-08 18:00:00
164.0,163.6892,2025-07-08 18:00:00
94.0,94.60341,2025-07-08 18:00:00
100.0,117.49719,2025-07-08 18:00:00
70.0,56.059807,2025-07-08 18:00:00
32.25,55.63878,2025-07-08 19:00:00
175.0,104.59199,2025-07-08 19:00:00
101.0,93.05019,2025-07-08 19:00:00
133.0,140.75441,2025-07-08 19:00:00
96.0,164.38766,2025-07-08 19:00:00
56.0,109.16786,2025-07-08 20:00:00
20.75,61.137432,2025-07-08 20:00:00
73.0,143.76974,2025-07-08 20:00:00
8.0,161.07733,2025-07-08 20:00:00
42.0,101.221016,2025-07-08 20:00:00
15.5,65.55493,2025-07-08 21:00:00
56.0,99.94892,2025-07-08 21:00:00
9.0,162.63776,2025-07-08 21:00:00
6.0,82.49854,2025-07-08 21:00:00
8.0,159.94121,2025-07-08 21:00:00
11.0,82.145706,2025-07-08 22:00:00
3.0,90.807945,2025-07-08 22:00:00
6.0,165.0079,2025-07-08 22:00:00
56.0,123.3618,2025-07-08 22:00:00
8.0,166.12088,2025-07-08 22:00:00
2.0,117.16027,2025-07-08 23:00:00
8.0,164.2767,2025-07-08 23:00:00
56.0,108.0194,2025-07-08 23:00:00
7.0,137.70569,2025-07-08 23:00:00
12.666666666666666,74.84133,2025-07-08 23:00:00
5.0,83.22408,2025-07-09 00:00:00
15.0,50.796684,2025-07-09 00:00:00
11.0,131.2934,2025-07-09 00:00:00
8.0,121.61842,2025-07-09 00:00:00
14.0,41.467808,2025-07-09 01:00:00
7.0,135.37021,2025-07-09 01:00:00
8.0,95.03418,2025-07-09 01:00:00
6.0,73.04992,2025-07-09 01:00:00
8.0,74.34439,2025-07-09 02:00:00
7.0,88.91841,2025-07-09 02:00:00
12.0,37.325882,2025-07-09 02:00:00
6.0,70.28427,2025-07-09 02:00:00
13.75,36.37822,2025-07-09 03:00:00
102.0,70.2834,2025-07-09 03:00:00
7.0,96.27642,2025-07-09 03:00:00
6.0,81.83627,2025-07-09 03:00:00
17.0,34.89064,2025-07-09 04:00:00
12.0,40.967762,2025-07-09 04:00:00
7.0,108.86102,2025-07-09 04:00:00
6.0,68.541916,2025-07-09 04:00:00
20.0,83.41837,2025-07-09 04:00:00
8.5,30.109537,2025-07-09 05:00:00
23.0,75.12603,2025-07-09 05:00:00
27.0,83.41739,2025-07-09 05:00:00
6.0,42.16112,2025-07-09 05:00:00
8.0,65.3332,2025-07-09 05:00:00
13.0,67.84566,2025-07-09 06:00:00
6.0,55.13824,2025-07-09 06:00:00
21.25,37.20464,2025-07-09 06:00:00
9.0,57.592655,2025-07-09 06:00:00
47.0,88.17889,2025-07-09 06:00:00
9.0,76.30561,2025-07-09 07:00:00
41.0,75.21225,2025-07-09 07:00:00
38.0,37.188618,2025-07-09 07:00:00
17.0,82.1815,2025-07-09 07:00:00
6.0,61.928745,2025-07-09 07:00:00
13.0,73.29945,2025-07-09 08:00:00
26.25,42.55235,2025-07-09 08:00:00
17.0,100.7422,2025-07-09 08:00:00
6.0,70.89314,2025-07-09 08:00:00
40.0,88.79663,2025-07-09 08:00:00
34.0,120.30748,2025-07-09 09:00:00
36.66666666666666,44.39201,2025-07-09 09:00:00
22.0,114.82685,2025-07-09 09:00:00
18.0,73.237114,2025-07-09 09:00:00
36.66666666666666,50.538322,2025-07-09 10:00:00
48.0,77.00863,2025-07-09 10:00:00
41.0,103.89223,2025-07-09 10:00:00
18.0,80.54098,2025-07-09 10:00:00
22.0,117.205894,2025-07-09 10:00:00
36.66666666666666,53.567276,2025-07-09 11:00:00
22.0,114.26603,2025-07-09 11:00:00
48.0,100.34095,2025-07-09 11:00:00
28.0,111.34087,2025-07-09 11:00:00
27.0,102.78171,2025-07-09 11:00:00
27.0,84.38881,2025-07-09 12:00:00
36.66666666666666,44.163696,2025-07-09 12:00:00
52.0,136.24759,2025-07-09 12:00:00
47.0,74.883995,2025-07-09 12:00:00
23.0,92.62342,2025-07-09 12:00:00
20.0,98.39075,2025-07-09 13:00:00
62.0,141.26149,2025-07-09 13:00:00
16.0,73.17409,2025-07-09 13:00:00
27.0,83.59602,2025-07-09 13:00:00
27.0,78.20664,2025-07-09 14:00:00
16.0,64.04916,2025-07-09 14:00:00
33.0,88.42715,2025-07-09 14:00:00
45.0,135.88766,2025-07-09 14:00:00
16.0,86.263275,2025-07-09 15:00:00
39.0,124.9901,2025-07-09 15:00:00
73.0,85.143524,2025-07-09 15:00:00
16.0,68.142204,2025-07-09 15:00:00
41.0,125.99463,2025-07-09 16:00:00
67.0,78.71992,2025-07-09 16:00:00
16.0,67.712494,2025-07-09 16:00:00
27.0,87.31459,2025-07-09 16:00:00
77.0,78.75816,2025-07-09 17:00:00
41.0,67.79203,2025-07-09 17:00:00
69.0,128.7329,2025-07-09 17:00:00
34.0,95.330956,2025-07-09 17:00:00
31.0,97.301186,2025-07-09 18:00:00
64.0,77.69528,2025-07-09 18:00:00
48.0,85.5605,2025-07-09 18:00:00
57.0,113.566086,2025-07-09 18:00:00
102.0,120.1592,2025-07-09 19:00:00
33.0,104.00043,2025-07-09 19:00:00
61.0,105.91746,2025-07-09 19:00:00
83.0,120.954155,2025-07-09 19:00:00
35.0,98.008095,2025-07-09 20:00:00
113.0,159.63899,2025-07-09 20:00:00
122.0,126.867676,2025-07-09 20:00:00
74.0,97.53172,2025-07-09 20:00:00
47.0,115.910095,2025-07-09 21:00:00
97.0,131.77135,2025-07-09 21:00:00
158.0,145.49327,2025-07-09 21:00:00
68.0,109.97585,2025-07-09 21:00:00
46.0,105.995155,2025-07-09 22:00:00
130.0,137.52654,2025-07-09 22:00:00
75.0,105.88504,2025-07-09 22:00:00
77.0,133.617,2025-07-09 22:00:00
75.0,100.65446,2025-07-09 23:00:00
179.0,146.50441,2025-07-09 23:00:00
46.0,116.885185,2025-07-09 23:00:00
146.0,160.2262,2025-07-09 23:00:00
136.0,142.13968,2025-07-10 00:00:00
103.0,132.27766,2025-07-10 00:00:00
44.0,109.39771,2025-07-10 00:00:00
75.0,124.51492,2025-07-10 01:00:00
129.0,155.65848,2025-07-10 01:00:00
66.0,91.22605,2025-07-10 01:00:00
39.0,96.85444,2025-07-10 02:00:00
62.0,114.85379,2025-07-10 02:00:00
172.0,133.1878,2025-07-10 02:00:00
146.0,75.041046,2025-07-10 03:00:00
130.0,120.134796,2025-07-10 03:00:00
57.0,98.22905,2025-07-10 03:00:00
53.0,93.99452,2025-07-10 04:00:00
118.0,128.24026,2025-07-10 04:00:00
53.0,100.14509,2025-07-10 04:00:00
55.0,110.46415,2025-07-10 04:00:00
48.0,88.28856,2025-07-10 05:00:00
42.0,105.91549,2025-07-10 05:00:00
52.0,83.497894,2025-07-10 05:00:00
97.0,124.25024,2025-07-10 05:00:00
51.0,85.928505,2025-07-10 06:00:00
42.0,92.51299,2025-07-10 06:00:00
67.0,90.76429,2025-07-10 06:00:00
150.0,116.318855,2025-07-10 06:00:00
42.0,92.82719,2025-07-10 07:00:00
107.0,100.57304,2025-07-10 07:00:00
52.0,87.68764,2025-07-10 07:00:00
123.0,114.180786,2025-07-10 07:00:00
95.0,104.453705,2025-07-10 08:00:00
117.0,123.347305,2025-07-10 08:00:00
153.0,130.41606,2025-07-10 08:00:00
67.0,117.2894,2025-07-10 08:00:00
141.0,110.37727,2025-07-10 09:00:00
70.0,98.2717,2025-07-10 09:00:00
129.0,122.285164,2025-07-10 09:00:00
134.0,167.44728,2025-07-10 10:00:00
56.0,119.09306,2025-07-10 10:00:00
95.0,104.753204,2025-07-10 10:00:00
177.0,102.95833,2025-07-10 10:00:00
92.0,147.92816,2025-07-10 11:00:00
119.0,97.78685,2025-07-10 11:00:00
113.0,105.54988,2025-07-10 11:00:00
67.0,108.97916,2025-07-10 11:00:00
72.0,95.24217,2025-07-10 12:00:00
45.0,108.107735,2025-07-10 12:00:00
66.0,139.08662,2025-07-10 12:00:00
38.0,85.064476,2025-07-10 12:00:00
27.0,92.923256,2025-07-10 13:00:00
29.0,82.26877,2025-07-10 13:00:00
66.0,130.78339,2025-07-10 13:00:00
30.0,119.00406,2025-07-10 13:00:00
36.0,85.858025,2025-07-10 14:00:00
31.0,114.57089,2025-07-10 14:00:00
41.0,90.38238,2025-07-10 14:00:00
29.0,88.44502,2025-07-10 14:00:00
47.0,100.7338,2025-07-10 15:00:00
48.0,98.99907,2025-07-10 15:00:00
36.0,90.25762,2025-07-10 15:00:00
29.0,74.73237,2025-07-10 15:00:00
59.0,92.92559,2025-07-10 16:00:00
59.0,97.95778,2025-07-10 16:00:00
61.0,75.755035,2025-07-10 16:00:00
79.0,94.01514,2025-07-10 16:00:00
85.0,103.6649,2025-07-10 17:00:00
73.0,110.94373,2025-07-10 17:00:00
50.0,93.967896,2025-07-10 17:00:00
64.0,74.60189,2025-07-10 17:00:00
81.0,74.90147,2025-07-10 18:00:00
85.0,92.74692,2025-07-10 18:00:00
96.0,105.28745,2025-07-10 18:00:00
63.0,99.21589,2025-07-10 18:00:00
119.0,116.96947,2025-07-10 19:00:00
85.0,105.00421,2025-07-10 19:00:00
72.0,149.61435,2025-07-10 19:00:00
116.0,99.512665,2025-07-10 19:00:00
108.0,127.30196,2025-07-10 20:00:00
110.0,102.23402,2025-07-10 20:00:00
73.0,152.32413,2025-07-10 20:00:00
132.0,121.83671,2025-07-10 20:00:00
125.0,144.94928,2025-07-10 21:00:00
116.0,89.87491,2025-07-10 21:00:00
85.0,144.0385,2025-07-10 21:00:00
108.0,154.98927,2025-07-10 21:00:00
135.0,153.636,2025-07-10 22:00:00
80.0,148.26688,2025-07-10 22:00:00
125.0,147.49342,2025-07-10 22:00:00
125.0,94.430756,2025-07-10 22:00:00
133.0,91.54757,2025-07-10 23:00:00
179.0,195.62895,2025-07-10 23:00:00
91.0,149.69206,2025-07-10 23:00:00
78.0,158.181,2025-07-10 23:00:00
158.0,88.31291,2025-07-11 00:00:00
66.0,124.71207,2025-07-11 00:00:00
81.0,139.04637,2025-07-11 00:00:00
189.0,180.7701,2025-07-11 00:00:00
177.0,99.46997,2025-07-11 01:00:00
177.0,165.93343,2025-07-11 01:00:00
75.0,109.37179,2025-07-11 01:00:00
57.0,153.23346,2025-07-11 01:00:00
156.0,174.87895,2025-07-11 02:00:00
36.0,150.13138,2025-07-11 02:00:00
66.0,109.42732,2025-07-11 02:00:00
61.0,104.7422,2025-07-11 03:00:00
52.0,120.123474,2025-07-11 03:00:00
169.0,154.18176,2025-07-11 03:00:00
112.0,70.872284,2025-07-11 03:00:00
164.0,149.45445,2025-07-11 04:00:00
61.0,106.45697,2025-07-11 04:00:00
70.0,114.080956,2025-07-11 04:00:00
51.0,78.82926,2025-07-11 04:00:00
62.0,112.43556,2025-07-11 05:00:00
125.0,125.434364,2025-07-11 05:00:00
84.0,98.57076,2025-07-11 05:00:00
40.0,74.789604,2025-07-11 05:00:00
19.0,63.459507,2025-07-11 06:00:00
95.0,112.08047,2025-07-11 06:00:00
271.0,144.24905,2025-07-11 06:00:00
74.0,114.33704,2025-07-11 06:00:00
90.0,129.35936,2025-07-11 07:00:00
77.0,118.4489,2025-07-11 07:00:00
92.0,128.83241,2025-07-11 07:00:00
75.0,89.62823,2025-07-11 07:00:00
91.0,136.35469,2025-07-11 08:00:00
102.0,124.60474,2025-07-11 08:00:00
89.0,165.89584,2025-07-11 08:00:00
106.0,98.929054,2025-07-11 08:00:00
84.0,108.68665,2025-07-11 09:00:00
135.0,141.23822,2025-07-11 09:00:00
108.0,151.93185,2025-07-11 09:00:00
116.0,105.99655,2025-07-11 09:00:00
114.0,158.13084,2025-07-11 10:00:00
81.0,122.90578,2025-07-11 10:00:00
117.0,104.288536,2025-07-11 10:00:00
138.0,147.01112,2025-07-11 10:00:00
118.0,129.09294,2025-07-11 11:00:00
174.0,110.13208,2025-07-11 11:00:00
106.0,110.2926,2025-07-11 11:00:00
140.0,147.99481,2025-07-11 11:00:00
113.0,116.15453,2025-07-11 12:00:00
106.0,99.23752,2025-07-11 12:00:00
90.0,92.76572,2025-07-11 12:00:00
125.0,138.99791,2025-07-11 12:00:00
128.0,100.677284,2025-07-11 13:00:00
138.0,121.47563,2025-07-11 13:00:00
106.0,85.59332,2025-07-11 13:00:00
78.0,84.63066,2025-07-11 13:00:00
97.0,83.52823,2025-07-11 14:00:00
97.0,133.59761,2025-07-11 14:00:00
69.0,73.66932,2025-07-11 14:00:00
100.0,88.30437,2025-07-11 14:00:00
74.0,71.28251,2025-07-11 15:00:00
111.0,129.97565,2025-07-11 15:00:00
85.0,79.77888,2025-07-11 15:00:00
92.0,94.038574,2025-07-11 15:00:00
136.0,145.56303,2025-07-11 16:00:00
79.0,89.189835,2025-07-11 16:00:00
42.0,85.76661,2025-07-11 16:00:00
97.0,79.87097,2025-07-11 16:00:00
85.0,66.11938,2025-07-11 17:00:00
110.0,80.06021,2025-07-11 17:00:00
55.0,98.05814,2025-07-11 17:00:00
92.0,103.64532,2025-07-11 17:00:00
77.0,105.45301,2025-07-11 18:00:00
81.0,105.41229,2025-07-11 18:00:00
62.25,73.1067,2025-07-11 18:00:00
88.0,96.78433,2025-07-11 18:00:00
67.0,91.56168,2025-07-11 19:00:00
45.5,80.46735,2025-07-11 19:00:00
144.0,119.92709,2025-07-11 19:00:00
72.0,96.02436,2025-07-11 19:00:00
124.0,123.69655,2025-07-11 20:00:00
77.0,110.37944,2025-07-11 20:00:00
73.0,114.61702,2025-07-11 20:00:00
54.0,102.189674,2025-07-11 20:00:00
40.0,113.95771,2025-07-11 21:00:00
89.0,147.93065,2025-07-11 21:00:00
90.0,140.85355,2025-07-11 21:00:00
53.5,112.47024,2025-07-11 21:00:00
86.0,151.5231,2025-07-11 22:00:00
39.25,112.359436,2025-07-11 22:00:00
61.0,123.09,2025-07-11 22:00:00
72.0,138.84366,2025-07-11 22:00:00
102.0,148.62376,2025-07-11 23:00:00
55.0,109.81418,2025-07-11 23:00:00
27.5,114.248116,2025-07-11 23:00:00
106.0,149.24269,2025-07-11 23:00:00
90.0,160.16223,2025-07-12 00:00:00
92.0,110.06939,2025-07-12 00:00:00
67.0,112.64472,2025-07-12 00:00:00
78.0,98.019135,2025-07-12 00:00:00
122.0,156.79343,2025-07-12 01:00:00
87.66666666666667,111.41369,2025-07-12 01:00:00
113.0,96.062836,2025-07-12 01:00:00
78.0,105.577515,2025-07-12 01:00:00
95.0,105.90607,2025-07-12 02:00:00
116.0,136.66873,2025-07-12 02:00:00
77.0,106.41477,2025-07-12 02:00:00
96.33333333333331,99.0075,2025-07-12 02:00:00
63.0,85.86018,2025-07-12 03:00:00
110.33333333333331,90.86321,2025-07-12 03:00:00
75.0,107.38773,2025-07-12 03:00:00
116.0,143.62982,2025-07-12 03:00:00
255.0,135.24667,2025-07-12 04:00:00
66.0,90.46381,2025-07-12 04:00:00
89.0,113.09831,2025-07-12 04:00:00
96.0,62.093605,2025-07-12 04:00:00
72.0,100.83899,2025-07-12 05:00:00
58.0,87.19351,2025-07-12 05:00:00
186.0,145.73857,2025-07-12 05:00:00
80.0,58.140842,2025-07-12 05:00:00
99.0,106.55218,2025-07-12 06:00:00
85.0,87.21213,2025-07-12 06:00:00
79.66666666666667,52.93798,2025-07-12 06:00:00
81.0,137.84052,2025-07-12 06:00:00
90.0,119.284996,2025-07-12 07:00:00
112.0,105.92187,2025-07-12 07:00:00
80.0,162.60385,2025-07-12 07:00:00
115.0,82.653435,2025-07-12 07:00:00
63.0,109.13344,2025-07-12 08:00:00
148.66666666666666,97.23939,2025-07-12 08:00:00
125.0,117.36322,2025-07-12 08:00:00
103.0,140.26965,2025-07-12 08:00:00
117.0,158.25906,2025-07-12 09:00:00
73.0,105.14799,2025-07-12 09:00:00
90.0,123.05619,2025-07-12 09:00:00
127.66666666666669,112.65631,2025-07-12 09:00:00
96.33333333333331,111.225235,2025-07-12 10:00:00
103.0,131.14241,2025-07-12 10:00:00
77.0,155.96045,2025-07-12 10:00:00
57.0,105.75412,2025-07-12 10:00:00
88.0,167.33145,2025-07-12 11:00:00
88.0,120.12212,2025-07-12 11:00:00
47.0,102.480515,2025-07-12 11:00:00
123.33333333333331,144.04184,2025-07-12 11:00:00
38.0,101.443085,2025-07-12 12:00:00
85.66666666666667,116.17828,2025-07-12 12:00:00
67.0,172.86353,2025-07-12 12:00:00
36.0,114.27257,2025-07-12 12:00:00
61.0,100.86323,2025-07-12 13:00:00
27.0,105.31602,2025-07-12 13:00:00
50.66666666666666,84.93075,2025-07-12 13:00:00
85.0,126.946556,2025-07-12 13:00:00
51.0,88.684105,2025-07-12 14:00:00
56.333333333333336,74.69107,2025-07-12 14:00:00
83.0,98.583534,2025-07-12 14:00:00
107.0,128.42819,2025-07-12 14:00:00
72.0,101.36295,2025-07-12 15:00:00
61.0,77.6979,2025-07-12 15:00:00
97.0,131.06364,2025-07-12 15:00:00
91.0,93.10417,2025-07-12 15:00:00
102.0,77.71728,2025-07-12 16:00:00
110.0,80.29869,2025-07-12 16:00:00
125.0,88.53587,2025-07-12 16:00:00
74.0,126.26558,2025-07-12 16:00:00
86.0,79.0148,2025-07-12 17:00:00
79.0,97.07423,2025-07-12 17:00:00
116.0,93.12539,2025-07-12 17:00:00
61.0,147.2309,2025-07-12 17:00:00
99.0,95.40166,2025-07-12 18:00:00
80.66666666666667,75.086945,2025-07-12 18:00:00
74.0,100.11435,2025-07-12 18:00:00
86.0,129.61705,2025-07-12 18:00:00
106.0,102.236,2025-07-12 19:00:00
132.0,173.54826,2025-07-12 19:00:00
106.0,85.0925,2025-07-12 19:00:00
111.33333333333331,79.1317,2025-07-12 19:00:00
61.0,155.94606,2025-07-12 20:00:00
65.0,92.12514,2025-07-12 20:00:00
62.0,111.65139,2025-07-12 20:00:00
31.0,151.59036,2025-07-12 20:00:00
14.0,131.14328,2025-07-12 21:00:00
41.0,179.54776,2025-07-12 21:00:00
35.0,114.0017,2025-07-12 21:00:00
61.0,169.34229,2025-07-12 21:00:00
44.0,131.60976,2025-07-12 22:00:00
35.0,117.2288,2025-07-12 22:00:00
40.0,175.96373,2025-07-12 22:00:00
20.0,159.69566,2025-07-12 22:00:00
46.0,137.13263,2025-07-12 23:00:00
23.0,145.27283,2025-07-12 23:00:00
77.0,115.13011,2025-07-12 23:00:00
35.0,96.88645,2025-07-12 23:00:00
84.0,115.98583,2025-07-13 00:00:00
35.0,90.803825,2025-07-13 00:00:00
68.0,140.386,2025-07-13 00:00:00
33.0,108.3646,2025-07-13 00:00:00
50.0,132.35786,2025-07-13 01:00:00
84.0,112.43232,2025-07-13 01:00:00
64.0,84.42445,2025-07-13 01:00:00
57.0,113.67392,2025-07-13 01:00:00
57.0,126.859276,2025-07-13 02:00:00
76.0,69.615295,2025-07-13 02:00:00
70.0,102.67371,2025-07-13 02:00:00
59.0,102.76847,2025-07-13 02:00:00
25.0,111.86592,2025-07-13 03:00:00
39.0,97.634636,2025-07-13 03:00:00
132.5,80.89862,2025-07-13 03:00:00
57.0,97.7711,2025-07-13 03:00:00
63.0,84.47739,2025-07-13 04:00:00
22.0,110.4203,2025-07-13 04:00:00
28.0,107.364716,2025-07-13 04:00:00
40.0,92.52681,2025-07-13 04:00:00
41.0,93.48643,2025-07-13 05:00:00
30.0,169.39294,2025-07-13 05:00:00
34.0,75.77683,2025-07-13 05:00:00
36.0,82.20671,2025-07-13 05:00:00
34.0,151.60011,2025-07-13 06:00:00
34.0,63.177246,2025-07-13 06:00:00
34.0,92.15786,2025-07-13 06:00:00
50.0,95.30997,2025-07-13 06:00:00
51.0,117.82977,2025-07-13 07:00:00
66.0,107.79599,2025-07-13 07:00:00
34.0,101.449104,2025-07-13 07:00:00
41.0,112.10705,2025-07-13 07:00:00
73.0,107.82265,2025-07-13 08:00:00
34.0,117.14933,2025-07-13 08:00:00
46.0,142.90971,2025-07-13 08:00:00
59.0,116.90806,2025-07-13 08:00:00
73.0,109.364426,2025-07-13 09:00:00
41.0,125.0051,2025-07-13 09:00:00
55.0,148.96185,2025-07-13 09:00:00
42.0,130.55632,2025-07-13 10:00:00
66.0,131.73647,2025-07-13 10:00:00
38.0,145.15294,2025-07-13 10:00:00
45.0,105.86685,2025-07-13 10:00:00
122.25,111.0873,2025-07-13 11:00:00
61.0,102.2143,2025-07-13 11:00:00
46.0,140.67653,2025-07-13 11:00:00
33.0,122.06082,2025-07-13 11:00:00
50.0,111.06035,2025-07-13 12:00:00
40.0,105.90045,2025-07-13 12:00:00
63.0,90.334145,2025-07-13 12:00:00
68.25,95.05541,2025-07-13 12:00:00
56.0,117.18481,2025-07-13 13:00:00
57.0,96.33528,2025-07-13 13:00:00
59.0,88.03616,2025-07-13 13:00:00
47.0,75.64019,2025-07-13 13:00:00
58.0,84.24259,2025-07-13 14:00:00
57.0,96.01468,2025-07-13 14:00:00
56.0,109.100586,2025-07-13 14:00:00
45.75,77.59948,2025-07-13 14:00:00
57.0,109.578705,2025-07-13 15:00:00
78.0,79.590065,2025-07-13 15:00:00
45.0,74.50043,2025-07-13 15:00:00
57.0,101.374565,2025-07-13 15:00:00
95.0,92.61049,2025-07-13 16:00:00
53.0,100.929535,2025-07-13 16:00:00
41.0,83.53878,2025-07-13 16:00:00
51.0,115.73308,2025-07-13 16:00:00
61.0,118.672165,2025-07-13 17:00:00
48.0,111.8189,2025-07-13 17:00:00
46.0,79.03423,2025-07-13 17:00:00
69.0,83.06733,2025-07-13 17:00:00
75.0,90.667786,2025-07-13 18:00:00
66.0,77.637726,2025-07-13 18:00:00
52.0,115.788826,2025-07-13 18:00:00
63.0,123.48436,2025-07-13 18:00:00
58.0,90.9908,2025-07-13 19:00:00
41.0,130.70319,2025-07-13 19:00:00
20.0,106.0412,2025-07-13 19:00:00
35.0,83.63607,2025-07-13 19:00:00
20.0,103.02297,2025-07-13 20:00:00
20.0,116.38691,2025-07-13 20:00:00
35.0,83.47972,2025-07-13 20:00:00
7.0,69.82092,2025-07-13 20:00:00
20.0,107.11327,2025-07-13 21:00:00
35.0,82.252914,2025-07-13 21:00:00
20.0,88.07274,2025-07-13 21:00:00
20.0,129.87871,2025-07-13 21:00:00
28.0,112.163826,2025-07-13 22:00:00
22.0,125.80362,2025-07-13 22:00:00
35.0,75.86157,2025-07-13 22:00:00
17.0,102.257774,2025-07-13 22:00:00
31.0,103.52354,2025-07-13 23:00:00
35.0,72.93315,2025-07-13 23:00:00
20.0,92.922745,2025-07-13 23:00:00
25.0,109.05968,2025-07-13 23:00:00
24.0,89.17471,2025-07-14 00:00:00
25.0,93.70589,2025-07-14 00:00:00
16.0,129.72426,2025-07-14 00:00:00
19.0,113.358894,2025-07-14 01:00:00
24.0,94.6938,2025-07-14 01:00:00
19.0,84.60437,2025-07-14 01:00:00
39.0,72.8996,2025-07-14 02:00:00
22.0,79.33183,2025-07-14 02:00:00
19.0,83.85072,2025-07-14 02:00:00
29.0,106.21896,2025-07-14 02:00:00
19.0,78.48613,2025-07-14 03:00:00
17.0,105.037735,2025-07-14 03:00:00
19.0,64.526276,2025-07-14 03:00:00
112.0,87.78642,2025-07-14 03:00:00
20.0,71.35363,2025-07-14 04:00:00
29.0,112.54146,2025-07-14 04:00:00
20.0,76.303154,2025-07-14 04:00:00
14.0,73.23964,2025-07-14 04:00:00
20.0,63.512074,2025-07-14 05:00:00
29.0,94.94851,2025-07-14 05:00:00
22.0,68.65889,2025-07-14 05:00:00
18.0,68.60186,2025-07-14 05:00:00
20.0,62.510803,2025-07-14 06:00:00
27.0,96.46277,2025-07-14 06:00:00
29.0,75.97286,2025-07-14 06:00:00
27.0,68.18443,2025-07-14 06:00:00
30.0,82.05732,2025-07-14 07:00:00
39.0,93.029915,2025-07-14 07:00:00
20.0,69.87774,2025-07-14 07:00:00
30.0,113.57563,2025-07-14 07:00:00
44.0,106.41764,2025-07-14 08:00:00
55.0,95.21639,2025-07-14 08:00:00
28.0,96.089226,2025-07-14 08:00:00
34.0,94.51178,2025-07-14 09:00:00
33.0,89.39024,2025-07-14 09:00:00
46.0,96.37791,2025-07-14 09:00:00
51.0,96.8665,2025-07-14 10:00:00
52.0,68.844864,2025-07-14 10:00:00
40.0,87.51329,2025-07-14 10:00:00
44.0,81.072556,2025-07-14 10:00:00
42.0,82.13324,2025-07-14 11:00:00
41.0,74.240814,2025-07-14 11:00:00
67.0,105.66679,2025-07-14 11:00:00
130.0,89.387794,2025-07-14 11:00:00
52.0,87.869064,2025-07-14 12:00:00
72.0,92.68957,2025-07-14 12:00:00
42.0,83.16518,2025-07-14 12:00:00
48.0,83.538536,2025-07-14 12:00:00
70.0,97.18262,2025-07-14 13:00:00
66.0,80.2148,2025-07-14 13:00:00
48.0,77.09846,2025-07-14 13:00:00
42.0,72.24008,2025-07-14 13:00:00
31.0,70.70219,2025-07-14 14:00:00
51.0,100.86287,2025-07-14 14:00:00
63.0,75.80197,2025-07-14 14:00:00
27.0,86.10425,2025-07-14 14:00:00
31.0,80.102875,2025-07-14 15:00:00
108.0,79.84025,2025-07-14 15:00:00
39.0,85.34273,2025-07-14 15:00:00
68.0,105.283745,2025-07-14 15:00:00
63.0,96.36582,2025-07-14 16:00:00
9.0,71.91133,2025-07-14 16:00:00
42.0,87.553795,2025-07-14 16:00:00
68.0,79.65093,2025-07-14 16:00:00
22.0,67.58701,2025-07-14 17:00:00
28.0,94.52468,2025-07-14 17:00:00
57.0,78.39991,2025-07-14 17:00:00
57.0,103.372185,2025-07-14 17:00:00
34.0,92.630165,2025-07-14 18:00:00
34.0,102.11327,2025-07-14 18:00:00
66.0,67.69316,2025-07-14 18:00:00
64.0,70.64909,2025-07-14 18:00:00
89.0,56.784203,2025-07-14 19:00:00
61.0,70.09851,2025-07-14 19:00:00
36.0,89.33989,2025-07-14 19:00:00
40.0,71.88677,2025-07-14 19:00:00
67.0,80.87264,2025-07-14 20:00:00
50.0,85.95527,2025-07-14 20:00:00
69.0,62.358456,2025-07-14 20:00:00
46.0,97.33031,2025-07-14 20:00:00
63.0,111.72474,2025-07-14 21:00:00
69.0,87.990456,2025-07-14 21:00:00
61.0,63.355297,2025-07-14 21:00:00
64.0,85.28887,2025-07-14 21:00:00
83.0,79.01337,2025-07-14 22:00:00
61.0,61.480694,2025-07-14 22:00:00
64.0,100.19352,2025-07-14 22:00:00
73.0,84.082054,2025-07-14 22:00:00
61.0,58.99113,2025-07-14 23:00:00
51.0,86.95443,2025-07-14 23:00:00
67.0,78.95232,2025-07-14 23:00:00
69.0,71.7224,2025-07-14 23:00:00
58.0,61.71029,2025-07-15 00:00:00
41.0,85.97315,2025-07-15 00:00:00
69.0,92.520424,2025-07-15 00:00:00
53.0,86.4655,2025-07-15 01:00:00
51.0,56.94804,2025-07-15 01:00:00
63.0,100.61208,2025-07-15 01:00:00
69.0,51.698128,2025-07-15 02:00:00
38.0,78.31532,2025-07-15 02:00:00
57.0,90.741234,2025-07-15 02:00:00
68.0,51.692314,2025-07-15 02:00:00
53.0,83.83708,2025-07-15 03:00:00
141.0,67.44241,2025-07-15 03:00:00
41.0,69.742836,2025-07-15 03:00:00
66.0,50.722485,2025-07-15 03:00:00
46.0,59.16038,2025-07-15 04:00:00
56.0,83.66977,2025-07-15 04:00:00
38.0,49.666725,2025-07-15 04:00:00
35.0,77.9881,2025-07-15 04:00:00
19.0,72.823845,2025-07-15 05:00:00
29.0,53.547947,2025-07-15 05:00:00
56.0,73.77687,2025-07-15 05:00:00
29.0,49.513527,2025-07-15 05:00:00
36.0,51.885147,2025-07-15 06:00:00
58.0,57.880314,2025-07-15 06:00:00
29.0,42.927807,2025-07-15 06:00:00
36.0,67.74017,2025-07-15 06:00:00
80.0,71.58587,2025-07-15 07:00:00
50.0,69.71951,2025-07-15 07:00:00
29.0,51.724728,2025-07-15 07:00:00
57.0,58.89193,2025-07-15 07:00:00
72.0,70.2865,2025-07-15 08:00:00
72.0,81.145836,2025-07-15 08:00:00
89.0,59.518948,2025-07-15 08:00:00
85.0,73.50851,2025-07-15 09:00:00
74.0,79.85673,2025-07-15 09:00:00
77.0,76.21645,2025-07-15 09:00:00
95.0,65.86719,2025-07-15 09:00:00
103.0,84.21155,2025-07-15 10:00:00
124.0,88.71013,2025-07-15 10:00:00
75.0,87.26805,2025-07-15 10:00:00
112.0,73.82796,2025-07-15 10:00:00
63.0,99.70612,2025-07-15 11:00:00
127.0,83.774376,2025-07-15 11:00:00
100.0,76.27115,2025-07-15 11:00:00
112.0,89.027336,2025-07-15 11:00:00
67.0,90.11947,2025-07-15 12:00:00
122.0,80.94908,2025-07-15 12:00:00
96.0,80.97114,2025-07-15 12:00:00
129.0,86.90676,2025-07-15 12:00:00
89.0,88.66328,2025-07-15 13:00:00
89.0,77.86407,2025-07-15 13:00:00
55.0,86.02689,2025-07-15 13:00:00
101.0,92.02634,2025-07-15 13:00:00
102.0,92.446304,2025-07-15 14:00:00
46.0,91.59999,2025-07-15 14:00:00
17.0,77.89917,2025-07-15 14:00:00
81.0,92.01699,2025-07-15 14:00:00
31.0,91.15833,2025-07-15 15:00:00
90.0,102.69534,2025-07-15 15:00:00
17.0,65.25365,2025-07-15 15:00:00
78.0,93.41039,2025-07-15 15:00:00
45.0,80.03975,2025-07-15 16:00:00
92.0,94.145584,2025-07-15 16:00:00
96.0,87.81638,2025-07-15 16:00:00
46.0,56.807446,2025-07-15 16:00:00
122.0,85.30964,2025-07-15 17:00:00
101.0,93.03725,2025-07-15 17:00:00
48.0,80.05803,2025-07-15 17:00:00
83.0,59.06001,2025-07-15 17:00:00
58.0,62.386307,2025-07-15 18:00:00
116.0,80.975204,2025-07-15 18:00:00
69.0,89.76116,2025-07-15 18:00:00
59.0,74.84086,2025-07-15 18:00:00
55.0,68.816666,2025-07-15 19:00:00
48.0,82.636475,2025-07-15 19:00:00
102.0,94.64818,2025-07-15 19:00:00
63.0,73.37571,2025-07-15 19:00:00
74.0,104.84645,2025-07-15 20:00:00
77.0,70.07961,2025-07-15 20:00:00
70.0,91.94941,2025-07-15 20:00:00
67.0,81.91424,2025-07-15 20:00:00
62.0,91.43033,2025-07-15 21:00:00
90.0,93.5807,2025-07-15 21:00:00
85.0,76.77895,2025-07-15 21:00:00
96.0,95.24393,2025-07-15 21:00:00
70.0,65.378845,2025-07-15 22:00:00
121.0,90.2821,2025-07-15 22:00:00
88.0,101.25736,2025-07-15 22:00:00
84.0,84.17849,2025-07-15 22:00:00
78.0,89.569084,2025-07-15 23:00:00
70.0,69.44736,2025-07-15 23:00:00
114.0,91.92483,2025-07-15 23:00:00
111.0,102.18399,2025-07-15 23:00:00
86.0,74.314926,2025-07-16 00:00:00
121.0,74.65447,2025-07-16 00:00:00
74.0,76.17919,2025-07-16 00:00:00
95.0,81.92662,2025-07-16 00:00:00
70.0,80.88921,2025-07-16 01:00:00
99.0,90.1086,2025-07-16 01:00:00
97.0,75.771286,2025-07-16 01:00:00
103.0,64.39061,2025-07-16 01:00:00
102.0,63.554817,2025-07-16 02:00:00
59.0,87.312256,2025-07-16 02:00:00
96.0,52.347973,2025-07-16 02:00:00
59.0,64.59107,2025-07-16 02:00:00
101.0,54.77782,2025-07-16 03:00:00
62.0,66.84987,2025-07-16 03:00:00
136.0,59.413387,2025-07-16 03:00:00
53.0,84.80109,2025-07-16 03:00:00
83.0,49.8783,2025-07-16 04:00:00
63.0,53.456768,2025-07-16 04:00:00
62.0,62.823963,2025-07-16 04:00:00
68.0,77.77237,2025-07-16 04:00:00
63.0,49.12395,2025-07-16 05:00:00
61.0,45.24158,2025-07-16 05:00:00
14.0,71.17807,2025-07-16 05:00:00
34.0,46.44712,2025-07-16 05:00:00
63.0,42.981716,2025-07-16 06:00:00
28.0,69.300316,2025-07-16 06:00:00
8.0,55.471386,2025-07-16 06:00:00
25.0,40.989864,2025-07-16 06:00:00
30.0,63.735558,2025-07-16 07:00:00
63.0,49.829178,2025-07-16 07:00:00
29.0,63.314533,2025-07-16 07:00:00
38.0,62.595238,2025-07-16 07:00:00
83.0,71.13606,2025-07-16 08:00:00
34.0,74.54354,2025-07-16 08:00:00
64.0,81.470406,2025-07-16 08:00:00
53.0,72.656334,2025-07-16 08:00:00
44.0,83.6009,2025-07-16 09:00:00
92.0,82.02346,2025-07-16 09:00:00
74.0,81.36304,2025-07-16 09:00:00
33.0,75.0896,2025-07-16 09:00:00
35.0,77.296684,2025-07-16 10:00:00
68.0,95.685486,2025-07-16 10:00:00
99.0,85.673355,2025-07-16 10:00:00
72.0,97.230705,2025-07-16 10:00:00
114.0,85.06283,2025-07-16 11:00:00
53.0,81.85941,2025-07-16 11:00:00
92.0,93.11928,2025-07-16 11:00:00
75.0,82.39844,2025-07-16 11:00:00
92.0,90.72718,2025-07-16 12:00:00
66.0,85.30058,2025-07-16 12:00:00
59.0,80.09325,2025-07-16 12:00:00
61.0,83.71598,2025-07-16 12:00:00
85.0,85.02909,2025-07-16 13:00:00
46.25,34.280342,2025-07-16 13:00:00
57.0,86.60614,2025-07-16 13:00:00
42.0,79.01764,2025-07-16 13:00:00
55.0,78.2721,2025-07-16 13:00:00
102.0,81.66231,2025-07-16 14:00:00
40.0,74.68642,2025-07-16 14:00:00
34.0,68.660576,2025-07-16 14:00:00
49.75,32.996742,2025-07-16 14:00:00
68.0,89.07615,2025-07-16 14:00:00
53.5,43.02672,2025-07-16 15:00:00
121.0,82.42372,2025-07-16 15:00:00
34.0,70.34656,2025-07-16 15:00:00
57.0,75.68153,2025-07-16 15:00:00
75.0,93.37741,2025-07-16 15:00:00
80.0,78.38836,2025-07-16 16:00:00
66.0,95.50794,2025-07-16 16:00:00
51.0,39.005074,2025-07-16 16:00:00
55.0,83.35909,2025-07-16 16:00:00
62.0,77.42055,2025-07-16 16:00:00
88.0,88.20524,2025-07-16 17:00:00
52.0,79.48575,2025-07-16 17:00:00
72.0,75.674126,2025-07-16 17:00:00
86.0,90.93089,2025-07-16 17:00:00
45.0,41.684174,2025-07-16 17:00:00
67.0,81.279495,2025-07-16 18:00:00
77.0,71.58608,2025-07-16 18:00:00
63.0,97.97679,2025-07-16 18:00:00
88.0,96.14167,2025-07-16 18:00:00
46.25,45.872257,2025-07-16 18:00:00
118.0,103.50868,2025-07-16 19:00:00
47.25,55.477936,2025-07-16 19:00:00
112.0,82.01469,2025-07-16 19:00:00
92.0,91.491234,2025-07-16 19:00:00
125.0,101.08185,2025-07-16 19:00:00
86.0,87.57684,2025-07-16 20:00:00
56.0,63.90304,2025-07-16 20:00:00
122.0,109.6781,2025-07-16 20:00:00
81.0,81.32875,2025-07-16 20:00:00
138.0,109.60732,2025-07-16 20:00:00
151.0,114.23834,2025-07-16 21:00:00
114.0,87.3618,2025-07-16 21:00:00
40.75,62.213287,2025-07-16 21:00:00
128.0,122.96161,2025-07-16 21:00:00
86.0,90.51881,2025-07-16 21:00:00
48.0,122.99108,2025-07-16 22:00:00
20.5,74.69198,2025-07-16 22:00:00
114.0,96.1107,2025-07-16 22:00:00
56.0,99.17899,2025-07-16 22:00:00
53.0,129.67505,2025-07-16 22:00:00
114.0,98.09295,2025-07-16 23:00:00
53.0,124.78041,2025-07-16 23:00:00
5.0,96.488075,2025-07-16 23:00:00
16.5,72.203865,2025-07-16 23:00:00
16.0,154.81912,2025-07-16 23:00:00
25.0,136.9861,2025-07-17 00:00:00
7.0,101.21988,2025-07-17 00:00:00
19.0,124.30278,2025-07-17 00:00:00
25.0,96.58295,2025-07-17 00:00:00
23.25,66.65472,2025-07-17 00:00:00
36.0,87.3434,2025-07-17 01:00:00
34.75,66.82759,2025-07-17 01:00:00
128.0,137.01895,2025-07-17 01:00:00
17.0,113.29137,2025-07-17 01:00:00
8.0,99.53709,2025-07-17 01:00:00
44.25,63.931374,2025-07-17 02:00:00
35.0,82.95998,2025-07-17 02:00:00
23.0,123.03721,2025-07-17 02:00:00
46.0,97.24512,2025-07-17 02:00:00
19.0,99.158485,2025-07-17 02:00:00
141.0,108.67413,2025-07-17 03:00:00
40.0,103.6781,2025-07-17 03:00:00
27.0,117.77811,2025-07-17 03:00:00
27.25,63.89818,2025-07-17 03:00:00
20.0,96.16777,2025-07-17 03:00:00
30.75,59.975357,2025-07-17 04:00:00
28.0,97.39771,2025-07-17 04:00:00
27.0,89.72284,2025-07-17 04:00:00
42.0,111.17978,2025-07-17 04:00:00
33.0,104.42074,2025-07-17 04:00:00
30.25,63.788837,2025-07-17 05:00:00
38.0,119.67778,2025-07-17 05:00:00
36.0,101.79159,2025-07-17 05:00:00
41.0,92.14028,2025-07-17 05:00:00
31.0,98.98423,2025-07-17 05:00:00
30.75,60.70059,2025-07-17 06:00:00
47.0,94.02846,2025-07-17 06:00:00
36.0,96.558334,2025-07-17 06:00:00
56.0,102.15094,2025-07-17 06:00:00
59.0,123.59864,2025-07-17 06:00:00
36.0,97.77734,2025-07-17 07:00:00
63.0,99.61812,2025-07-17 07:00:00
46.0,115.31481,2025-07-17 07:00:00
45.0,120.32353,2025-07-17 07:00:00
32.0,61.538425,2025-07-17 07:00:00
69.0,124.391914,2025-07-17 08:00:00
38.5,65.323456,2025-07-17 08:00:00
57.0,103.016045,2025-07-17 08:00:00
55.0,112.841965,2025-07-17 08:00:00
45.0,134.23184,2025-07-17 08:00:00
48.0,129.6586,2025-07-17 09:00:00
69.0,111.01645,2025-07-17 09:00:00
37.75,64.410095,2025-07-17 09:00:00
74.0,91.91944,2025-07-17 09:00:00
48.0,119.761086,2025-07-17 09:00:00
50.0,136.53377,2025-07-17 10:00:00
73.0,107.43962,2025-07-17 10:00:00
63.0,110.10112,2025-07-17 10:00:00
42.75,64.76811,2025-07-17 10:00:00
64.0,96.50599,2025-07-17 10:00:00
73.0,104.244514,2025-07-17 11:00:00
74.0,82.89007,2025-07-17 11:00:00
46.25,53.493793,2025-07-17 11:00:00
67.0,116.689545,2025-07-17 11:00:00
101.0,96.25423,2025-07-17 11:00:00
108.0,92.3113,2025-07-17 12:00:00
53.75,58.69793,2025-07-17 12:00:00
83.0,124.25558,2025-07-17 12:00:00
74.0,118.716156,2025-07-17 12:00:00
86.0,104.31136,2025-07-17 12:00:00
73.0,112.320915,2025-07-17 13:00:00
78.0,106.76394,2025-07-17 13:00:00
55.66666666666666,62.17103,2025-07-17 13:00:00
83.0,107.52816,2025-07-17 13:00:00
92.0,119.19163,2025-07-17 13:00:00
70.0,95.85893,2025-07-17 14:00:00
70.0,113.225204,2025-07-17 14:00:00
106.0,119.639175,2025-07-17 14:00:00
49.5,59.38415,2025-07-17 14:00:00
97.0,110.24026,2025-07-17 14:00:00
96.0,99.091415,2025-07-17 15:00:00
91.0,111.2574,2025-07-17 15:00:00
50.25,55.10116,2025-07-17 15:00:00
39.0,83.2505,2025-07-17 15:00:00
88.0,116.56644,2025-07-17 15:00:00
68.0,81.90564,2025-07-17 16:00:00
51.0,108.498245,2025-07-17 16:00:00
50.0,107.10102,2025-07-17 16:00:00
39.0,54.883232,2025-07-17 16:00:00
56.0,104.11484,2025-07-17 16:00:00
56.0,111.438286,2025-07-17 17:00:00
50.0,97.21515,2025-07-17 17:00:00
42.0,107.7549,2025-07-17 17:00:00
68.0,77.47825,2025-07-17 17:00:00
43.25,55.21994,2025-07-17 17:00:00
37.0,56.118717,2025-07-17 18:00:00
50.0,110.514984,2025-07-17 18:00:00
56.0,109.4705,2025-07-17 18:00:00
68.0,84.9829,2025-07-17 18:00:00
48.0,105.82734,2025-07-17 18:00:00
42.75,65.73346,2025-07-17 19:00:00
35.0,112.02466,2025-07-17 19:00:00
55.0,133.25348,2025-07-17 19:00:00
41.0,127.59071,2025-07-17 19:00:00
108.0,107.56926,2025-07-17 19:00:00
59.0,131.74066,2025-07-17 20:00:00
45.0,113.52481,2025-07-17 20:00:00
51.25,65.04706,2025-07-17 20:00:00
50.0,143.16154,2025-07-17 20:00:00
52.0,107.86858,2025-07-17 20:00:00
48.0,172.29214,2025-07-17 21:00:00
47.5,63.465878,2025-07-17 21:00:00
75.0,109.64206,2025-07-17 21:00:00
46.0,130.10811,2025-07-17 21:00:00
44.0,155.27596,2025-07-17 21:00:00
53.0,153.97229,2025-07-17 22:00:00
55.0,128.33975,2025-07-17 22:00:00
85.0,122.69295,2025-07-17 22:00:00
42.0,133.83426,2025-07-17 22:00:00
41.75,63.46631,2025-07-17 22:00:00
48.0,133.83307,2025-07-17 23:00:00
45.0,147.75807,2025-07-17 23:00:00
79.0,123.7039,2025-07-17 23:00:00
44.333333333333336,66.77063,2025-07-17 23:00:00
42.0,135.83794,2025-07-17 23:00:00
47.0,146.96219,2025-07-18 00:00:00
41.0,138.54697,2025-07-18 00:00:00
46.0,124.05513,2025-07-18 00:00:00
49.25,63.87679,2025-07-18 00:00:00
74.0,126.94178,2025-07-18 00:00:00
52.0,160.29547,2025-07-18 01:00:00
48.0,109.68595,2025-07-18 01:00:00
30.5,57.826588,2025-07-18 01:00:00
38.0,130.84804,2025-07-18 01:00:00
57.0,117.18931,2025-07-18 01:00:00
48.0,97.811615,2025-07-18 02:00:00
33.0,122.91185,2025-07-18 02:00:00
23.5,52.117245,2025-07-18 02:00:00
39.0,108.875755,2025-07-18 02:00:00
42.0,139.93042,2025-07-18 02:00:00
29.75,43.882763,2025-07-18 03:00:00
28.0,129.84938,2025-07-18 03:00:00
107.0,102.18665,2025-07-18 03:00:00
27.0,99.00184,2025-07-18 03:00:00
22.0,95.11417,2025-07-18 03:00:00
28.0,99.257744,2025-07-18 04:00:00
27.0,98.411545,2025-07-18 04:00:00
30.0,132.80238,2025-07-18 04:00:00
31.5,45.119476,2025-07-18 04:00:00
19.0,112.42883,2025-07-18 04:00:00
30.0,125.331924,2025-07-18 05:00:00
26.0,50.273354,2025-07-18 05:00:00
24.0,105.56953,2025-07-18 05:00:00
31.0,126.191414,2025-07-18 05:00:00
25.0,98.81105,2025-07-18 05:00:00
29.0,115.51607,2025-07-18 06:00:00
24.0,96.74987,2025-07-18 06:00:00
22.0,117.99554,2025-07-18 06:00:00
33.0,157.80618,2025-07-18 06:00:00
28.5,51.54354,2025-07-18 06:00:00
47.0,139.58109,2025-07-18 07:00:00
30.0,113.702385,2025-07-18 07:00:00
5.0,104.47174,2025-07-18 07:00:00
33.0,124.16494,2025-07-18 07:00:00
27.75,53.9299,2025-07-18 07:00:00
31.25,52.267097,2025-07-18 08:00:00
31.0,109.6091,2025-07-18 08:00:00
38.0,116.35509,2025-07-18 08:00:00
44.0,89.271,2025-07-18 08:00:00
45.0,124.34903,2025-07-18 08:00:00
35.0,101.79088,2025-07-18 09:00:00
51.0,103.435,2025-07-18 09:00:00
29.75,45.154823,2025-07-18 09:00:00
44.0,99.08112,2025-07-18 09:00:00
46.0,79.65135,2025-07-18 09:00:00
56.0,93.51178,2025-07-18 10:00:00
35.0,104.4487,2025-07-18 10:00:00
29.5,47.787323,2025-07-18 10:00:00
50.0,101.571304,2025-07-18 10:00:00
61.0,107.10889,2025-07-18 10:00:00
45.0,102.466255,2025-07-18 11:00:00
68.0,100.83773,2025-07-18 11:00:00
27.5,48.62101,2025-07-18 11:00:00
45.0,114.083015,2025-07-18 11:00:00
130.0,97.08675,2025-07-18 11:00:00
77.0,103.83347,2025-07-18 12:00:00
46.0,119.47251,2025-07-18 12:00:00
34.75,47.68375,2025-07-18 12:00:00
39.0,117.18597,2025-07-18 12:00:00
46.0,100.541664,2025-07-18 12:00:00
63.0,98.477936,2025-07-18 13:00:00
39.0,48.477436,2025-07-18 13:00:00
39.0,105.10864,2025-07-18 13:00:00
46.0,96.5381,2025-07-18 13:00:00
41.0,123.86479,2025-07-18 13:00:00
46.0,115.03092,2025-07-18 14:00:00
35.0,95.83448,2025-07-18 14:00:00
22.5,52.056347,2025-07-18 14:00:00
79.0,107.021614,2025-07-18 14:00:00
39.0,87.82582,2025-07-18 14:00:00
46.0,102.19258,2025-07-18 15:00:00
46.0,109.61755,2025-07-18 15:00:00
10.5,48.376377,2025-07-18 15:00:00
39.0,77.35418,2025-07-18 15:00:00
64.0,105.692444,2025-07-18 15:00:00
38.0,101.76117,2025-07-18 16:00:00
58.0,92.70623,2025-07-18 16:00:00
18.0,79.58705,2025-07-18 16:00:00
21.5,47.027843,2025-07-18 16:00:00
46.0,105.72026,2025-07-18 16:00:00
34.0,104.35216,2025-07-18 17:00:00
37.5,48.40243,2025-07-18 17:00:00
38.0,81.38309,2025-07-18 17:00:00
68.0,84.74988,2025-07-18 17:00:00
31.0,87.41265,2025-07-18 17:00:00
33.0,99.11467,2025-07-18 18:00:00
64.0,88.08808,2025-07-18 18:00:00
38.0,125.359665,2025-07-18 18:00:00
66.0,95.040565,2025-07-18 18:00:00
16.0,45.04592,2025-07-18 18:00:00
69.0,99.63728,2025-07-18 19:00:00
51.0,120.57965,2025-07-18 19:00:00
33.333333333333336,47.523354,2025-07-18 19:00:00
85.0,90.26031,2025-07-18 19:00:00
41.0,110.06273,2025-07-18 19:00:00
40.0,54.18123,2025-07-18 20:00:00
72.0,81.85767,2025-07-18 20:00:00
61.0,102.11767,2025-07-18 20:00:00
125.0,124.82451,2025-07-18 20:00:00
70.0,115.06308,2025-07-18 20:00:00
53.0,53.596596,2025-07-18 21:00:00
111.0,124.84718,2025-07-18 21:00:00
81.0,121.790504,2025-07-18 21:00:00
85.0,111.44917,2025-07-18 21:00:00
80.0,90.255035,2025-07-18 21:00:00
89.0,121.29955,2025-07-18 22:00:00
86.0,80.27234,2025-07-18 22:00:00
86.0,102.95909,2025-07-18 22:00:00
79.0,116.600105,2025-07-18 22:00:00
60.5,53.163414,2025-07-18 22:00:00
69.66666666666667,52.55646,2025-07-18 23:00:00
52.0,79.40052,2025-07-18 23:00:00
101.0,116.52258,2025-07-18 23:00:00
77.0,111.54009,2025-07-18 23:00:00
90.0,121.802124,2025-07-18 23:00:00
91.0,84.14801,2025-07-19 00:00:00
134.0,73.19157,2025-07-19 00:00:00
76.5,45.830807,2025-07-19 00:00:00
113.0,105.95981,2025-07-19 00:00:00
84.0,88.5377,2025-07-19 00:00:00
92.0,80.38799,2025-07-19 01:00:00
67.0,108.31863,2025-07-19 01:00:00
70.5,44.311066,2025-07-19 01:00:00
160.0,73.43769,2025-07-19 01:00:00
90.0,80.46051,2025-07-19 01:00:00
102.0,96.159,2025-07-19 02:00:00
103.0,70.71586,2025-07-19 02:00:00
70.0,74.069885,2025-07-19 02:00:00
73.0,76.29856,2025-07-19 02:00:00
59.5,37.960075,2025-07-19 02:00:00
63.0,73.02154,2025-07-19 03:00:00
36.0,75.22243,2025-07-19 03:00:00
44.25,37.975475,2025-07-19 03:00:00
95.0,89.09175,2025-07-19 03:00:00
128.0,79.95274,2025-07-19 03:00:00
78.0,81.73378,2025-07-19 04:00:00
48.0,74.09189,2025-07-19 04:00:00
38.0,33.917923,2025-07-19 04:00:00
61.0,73.90127,2025-07-19 04:00:00
23.0,74.32051,2025-07-19 04:00:00
42.0,58.221237,2025-07-19 05:00:00
88.0,73.062355,2025-07-19 05:00:00
37.0,37.662075,2025-07-19 05:00:00
28.0,67.11289,2025-07-19 05:00:00
68.0,78.73737,2025-07-19 05:00:00
72.0,80.16482,2025-07-19 06:00:00
29.0,59.501408,2025-07-19 06:00:00
127.0,76.20774,2025-07-19 06:00:00
20.0,79.653114,2025-07-19 06:00:00
45.5,36.842304,2025-07-19 06:00:00
34.0,64.900604,2025-07-19 07:00:00
101.0,73.34406,2025-07-19 07:00:00
121.0,88.86872,2025-07-19 07:00:00
40.75,41.226868,2025-07-19 07:00:00
35.0,76.01179,2025-07-19 07:00:00
140.0,93.38522,2025-07-19 08:00:00
102.0,71.301575,2025-07-19 08:00:00
37.5,38.6756,2025-07-19 08:00:00
59.0,65.73685,2025-07-19 08:00:00
35.0,75.26741,2025-07-19 08:00:00
75.0,70.456375,2025-07-19 09:00:00
92.0,100.58474,2025-07-19 09:00:00
42.25,41.157322,2025-07-19 09:00:00
35.0,85.94915,2025-07-19 09:00:00
92.0,86.145775,2025-07-19 09:00:00
136.0,78.48745,2025-07-19 10:00:00
84.0,69.55993,2025-07-19 10:00:00
95.0,99.94192,2025-07-19 10:00:00
46.0,78.99409,2025-07-19 10:00:00
36.5,42.037506,2025-07-19 10:00:00
73.0,81.51705,2025-07-19 11:00:00
72.0,90.67836,2025-07-19 11:00:00
38.75,43.612835,2025-07-19 11:00:00
91.0,109.27821,2025-07-19 11:00:00
121.0,82.068596,2025-07-19 11:00:00
45.0,46.473915,2025-07-19 12:00:00
50.0,103.7535,2025-07-19 12:00:00
89.0,92.83635,2025-07-19 12:00:00
95.0,94.117096,2025-07-19 12:00:00
107.0,112.89167,2025-07-19 12:00:00
43.5,39.995815,2025-07-19 13:00:00
69.0,76.00269,2025-07-19 13:00:00
129.0,95.4761,2025-07-19 13:00:00
56.0,85.21487,2025-07-19 13:00:00
113.0,79.46001,2025-07-19 13:00:00
35.25,42.903637,2025-07-19 14:00:00
44.0,72.18942,2025-07-19 14:00:00
125.0,93.953735,2025-07-19 14:00:00
84.0,84.27616,2025-07-19 14:00:00
110.0,81.44548,2025-07-19 14:00:00
92.0,90.02559,2025-07-19 15:00:00
13.0,69.62292,2025-07-19 15:00:00
107.0,90.72449,2025-07-19 15:00:00
53.0,87.00976,2025-07-19 15:00:00
34.0,42.96771,2025-07-19 15:00:00
97.0,87.43817,2025-07-19 16:00:00
48.0,84.570366,2025-07-19 16:00:00
106.0,86.90507,2025-07-19 16:00:00
44.0,63.491505,2025-07-19 16:00:00
33.75,42.82388,2025-07-19 16:00:00
50.0,85.52434,2025-07-19 17:00:00
52.0,69.18532,2025-07-19 17:00:00
133.0,83.42301,2025-07-19 17:00:00
107.0,82.51847,2025-07-19 17:00:00
30.5,44.110504,2025-07-19 17:00:00
27.75,44.579994,2025-07-19 18:00:00
63.0,76.91306,2025-07-19 18:00:00
51.0,86.21285,2025-07-19 18:00:00
96.0,89.0767,2025-07-19 18:00:00
84.0,94.74804,2025-07-19 18:00:00
127.0,103.35573,2025-07-19 19:00:00
100.0,102.35019,2025-07-19 19:00:00
32.75,48.43032,2025-07-19 19:00:00
80.0,90.31121,2025-07-19 19:00:00
50.0,97.195946,2025-07-19 19:00:00
175.0,143.69063,2025-07-19 20:00:00
121.0,115.26806,2025-07-19 20:00:00
43.5,55.222916,2025-07-19 20:00:00
89.0,88.83271,2025-07-19 20:00:00
63.0,118.014946,2025-07-19 20:00:00
79.0,108.696465,2025-07-19 21:00:00
153.0,144.73119,2025-07-19 21:00:00
47.75,61.471695,2025-07-19 21:00:00
96.0,89.39183,2025-07-19 21:00:00
108.0,112.48671,2025-07-19 21:00:00
80.0,100.207825,2025-07-19 22:00:00
146.0,120.56138,2025-07-19 22:00:00
134.0,111.94911,2025-07-19 22:00:00
88.0,87.429344,2025-07-19 22:00:00
46.75,55.976845,2025-07-19 22:00:00
36.0,90.04113,2025-07-19 23:00:00
143.0,114.639305,2025-07-19 23:00:00
140.0,116.58685,2025-07-19 23:00:00
73.0,104.840614,2025-07-19 23:00:00
51.0,63.289284,2025-07-19 23:00:00
102.0,93.28414,2025-07-20 00:00:00
78.0,80.285515,2025-07-20 00:00:00
53.5,63.48138,2025-07-20 00:00:00
74.0,103.41424,2025-07-20 00:00:00
101.0,117.75415,2025-07-20 00:00:00
72.0,99.108284,2025-07-20 01:00:00
78.0,103.407036,2025-07-20 01:00:00
110.0,125.01274,2025-07-20 01:00:00
51.75,62.95591,2025-07-20 01:00:00
79.0,93.1465,2025-07-20 01:00:00
63.0,98.40938,2025-07-20 02:00:00
49.0,56.54525,2025-07-20 02:00:00
91.0,97.75402,2025-07-20 02:00:00
97.0,110.31968,2025-07-20 02:00:00
88.0,85.36183,2025-07-20 02:00:00
49.75,51.8722,2025-07-20 03:00:00
83.0,93.59804,2025-07-20 03:00:00
51.0,102.10758,2025-07-20 03:00:00
78.0,101.37637,2025-07-20 03:00:00
125.0,94.98456,2025-07-20 03:00:00
46.25,47.900852,2025-07-20 04:00:00
79.0,91.283554,2025-07-20 04:00:00
94.0,94.97295,2025-07-20 04:00:00
75.0,83.67265,2025-07-20 04:00:00
59.0,105.81503,2025-07-20 04:00:00
55.0,93.23154,2025-07-20 05:00:00
95.0,87.301796,2025-07-20 05:00:00
84.0,91.5906,2025-07-20 05:00:00
47.0,46.45963,2025-07-20 05:00:00
63.0,66.247826,2025-07-20 05:00:00
52.333333333333336,44.6704,2025-07-20 06:00:00
91.0,95.94667,2025-07-20 06:00:00
85.0,108.5841,2025-07-20 06:00:00
58.0,81.956184,2025-07-20 06:00:00
40.0,69.88402,2025-07-20 06:00:00
121.0,112.49635,2025-07-20 07:00:00
57.0,81.456764,2025-07-20 07:00:00
63.0,80.187355,2025-07-20 07:00:00
95.0,116.990585,2025-07-20 07:00:00
52.333333333333336,48.327824,2025-07-20 07:00:00
55.0,87.65231,2025-07-20 08:00:00
161.0,128.1595,2025-07-20 08:00:00
52.333333333333336,56.839146,2025-07-20 08:00:00
102.0,87.699715,2025-07-20 08:00:00
132.0,120.40344,2025-07-20 08:00:00
361.0,125.1497,2025-07-20 09:00:00
168.0,125.6895,2025-07-20 09:00:00
68.0,93.25388,2025-07-20 09:00:00
96.0,93.58059,2025-07-20 09:00:00
52.333333333333336,59.453926,2025-07-20 09:00:00
66.0,92.73946,2025-07-20 10:00:00
208.0,118.08339,2025-07-20 10:00:00
129.0,148.78003,2025-07-20 10:00:00
118.0,94.591896,2025-07-20 10:00:00
67.0,99.047165,2025-07-20 11:00:00
174.0,108.04162,2025-07-20 11:00:00
194.0,109.36801,2025-07-20 11:00:00
184.0,118.63032,2025-07-20 11:00:00
86.0,94.49161,2025-07-20 12:00:00
175.0,117.18583,2025-07-20 12:00:00
118.0,93.693146,2025-07-20 12:00:00
179.0,127.87278,2025-07-20 12:00:00
105.0,86.53069,2025-07-20 13:00:00
177.0,131.50131,2025-07-20 13:00:00
129.0,87.77412,2025-07-20 13:00:00
149.0,116.16177,2025-07-20 13:00:00
178.0,113.350426,2025-07-20 14:00:00
156.0,97.40602,2025-07-20 14:00:00
134.0,97.7399,2025-07-20 14:00:00
163.0,136.44579,2025-07-20 14:00:00
92.0,92.63089,2025-07-20 15:00:00
193.0,114.09022,2025-07-20 15:00:00
92.0,122.10711,2025-07-20 15:00:00
155.0,137.33574,2025-07-20 15:00:00
119.0,110.64264,2025-07-20 16:00:00
125.0,145.08618,2025-07-20 16:00:00
117.0,106.027985,2025-07-20 16:00:00
80.0,120.694305,2025-07-20 16:00:00
140.0,139.90688,2025-07-20 17:00:00
99.0,106.40298,2025-07-20 17:00:00
166.0,119.65075,2025-07-20 17:00:00
47.0,93.912544,2025-07-20 17:00:00
46.0,124.26957,2025-07-20 18:00:00
68.0,103.20879,2025-07-20 18:00:00
47.0,96.67771,2025-07-20 18:00:00
84.0,113.29088,2025-07-20 18:00:00
19.0,132.85506,2025-07-20 19:00:00
62.0,123.79,2025-07-20 19:00:00
100.0,98.32836,2025-07-20 19:00:00
31.0,97.98304,2025-07-20 19:00:00
92.0,145.89581,2025-07-20 20:00:00
73.0,101.769,2025-07-20 20:00:00
48.0,114.48339,2025-07-20 20:00:00
59.0,125.56707,2025-07-20 20:00:00
100.0,129.54483,2025-07-20 21:00:00
16.0,60.2929,2025-07-20 21:00:00
72.0,110.34721,2025-07-20 21:00:00
80.0,101.95904,2025-07-20 21:00:00
111.0,141.61176,2025-07-20 21:00:00
113.0,157.7857,2025-07-20 22:00:00
117.0,146.39493,2025-07-20 22:00:00
77.0,101.89954,2025-07-20 22:00:00
56.25,58.222733,2025-07-20 22:00:00
77.0,103.69111,2025-07-20 22:00:00
71.0,58.822647,2025-07-20 23:00:00
135.0,94.68646,2025-07-20 23:00:00
143.0,139.65614,2025-07-20 23:00:00
111.0,171.43272,2025-07-20 23:00:00
138.0,113.26923,2025-07-20 23:00:00
135.0,86.01136,2025-07-21 00:00:00
97.0,91.46733,2025-07-21 00:00:00
134.0,110.403725,2025-07-21 00:00:00
81.75,46.069233,2025-07-21 00:00:00
191.0,149.85411,2025-07-21 00:00:00
136.0,81.83283,2025-07-21 01:00:00
140.0,153.38661,2025-07-21 01:00:00
75.0,87.585075,2025-07-21 01:00:00
78.25,49.06974,2025-07-21 01:00:00
138.0,106.847855,2025-07-21 01:00:00
84.0,99.00861,2025-07-21 02:00:00
150.0,100.65391,2025-07-21 02:00:00
89.0,48.322777,2025-07-21 02:00:00
119.0,130.19662,2025-07-21 02:00:00
152.0,83.34292,2025-07-21 02:00:00
108.5,51.675648,2025-07-21 03:00:00
163.0,123.461266,2025-07-21 03:00:00
97.0,98.47919,2025-07-21 03:00:00
107.0,109.34746,2025-07-21 03:00:00
217.0,99.617195,2025-07-21 03:00:00
89.0,97.81365,2025-07-21 04:00:00
97.25,53.991997,2025-07-21 04:00:00
167.0,113.8137,2025-07-21 04:00:00
90.0,108.8,2025-07-21 04:00:00
107.0,90.926346,2025-07-21 04:00:00
144.0,117.28801,2025-07-21 05:00:00
83.0,54.405025,2025-07-21 05:00:00
83.0,78.979675,2025-07-21 05:00:00
81.0,110.33162,2025-07-21 05:00:00
99.0,100.107704,2025-07-21 05:00:00
69.0,71.57304,2025-07-21 06:00:00
83.0,111.615845,2025-07-21 06:00:00
79.25,57.830173,2025-07-21 06:00:00
97.0,101.74069,2025-07-21 06:00:00
135.0,125.8978,2025-07-21 06:00:00
178.0,128.10358,2025-07-21 07:00:00
83.0,102.89704,2025-07-21 07:00:00
130.0,134.05196,2025-07-21 07:00:00
89.0,92.118515,2025-07-21 07:00:00
78.75,62.668247,2025-07-21 07:00:00
111.0,145.48141,2025-07-21 08:00:00
89.0,108.76345,2025-07-21 08:00:00
114.0,105.14033,2025-07-21 08:00:00
210.0,152.8059,2025-07-21 08:00:00
69.5,66.91597,2025-07-21 08:00:00
60.25,66.317085,2025-07-21 09:00:00
260.0,151.6441,2025-07-21 09:00:00
92.0,104.640854,2025-07-21 09:00:00
89.0,171.48923,2025-07-21 09:00:00
123.0,105.70666,2025-07-21 09:00:00
106.0,120.616356,2025-07-21 10:00:00
88.0,119.92118,2025-07-21 10:00:00
171.0,195.04385,2025-07-21 10:00:00
105.0,170.4534,2025-07-21 10:00:00
66.0,194.94621,2025-07-21 11:00:00
143.0,168.7297,2025-07-21 11:00:00
80.0,104.80962,2025-07-21 11:00:00
66.0,138.21481,2025-07-21 11:00:00
28.0,160.2594,2025-07-21 12:00:00
25.0,108.70627,2025-07-21 12:00:00
52.0,142.03311,2025-07-21 12:00:00
40.0,121.65003,2025-07-21 12:00:00
42.0,145.53362,2025-07-21 13:00:00
39.0,139.3792,2025-07-21 13:00:00
13.0,111.552345,2025-07-21 13:00:00
33.0,121.68142,2025-07-21 13:00:00
24.0,105.27118,2025-07-21 14:00:00
13.0,119.77298,2025-07-21 14:00:00
19.0,137.4753,2025-07-21 14:00:00
74.0,158.20372,2025-07-21 14:00:00
13.0,106.83864,2025-07-21 15:00:00
42.0,104.984116,2025-07-21 15:00:00
85.0,139.76408,2025-07-21 15:00:00
25.0,133.1634,2025-07-21 15:00:00
55.0,97.96921,2025-07-21 16:00:00
47.0,109.296486,2025-07-21 16:00:00
63.0,150.55318,2025-07-21 16:00:00
45.0,126.97763,2025-07-21 16:00:00
66.0,90.97301,2025-07-21 17:00:00
78.0,137.34743,2025-07-21 17:00:00
47.0,105.03481,2025-07-21 17:00:00
81.0,146.88196,2025-07-21 17:00:00
116.0,120.79179,2025-07-21 18:00:00
106.0,120.58263,2025-07-21 18:00:00
75.0,97.45717,2025-07-21 18:00:00
66.0,103.721954,2025-07-21 18:00:00
124.0,122.34176,2025-07-21 19:00:00
132.0,122.69035,2025-07-21 19:00:00
119.0,100.5275,2025-07-21 19:00:00
77.0,96.58133,2025-07-21 19:00:00
191.0,144.49844,2025-07-21 20:00:00
164.0,132.73521,2025-07-21 20:00:00
91.0,98.12402,2025-07-21 20:00:00
103.0,106.97023,2025-07-21 20:00:00
97.0,110.61567,2025-07-21 21:00:00
149.0,136.9981,2025-07-21 21:00:00
128.0,136.328,2025-07-21 21:00:00
96.0,97.76752,2025-07-21 21:00:00
65.5,50.793934,2025-07-21 21:00:00
58.75,47.169544,2025-07-21 22:00:00
77.0,116.31462,2025-07-21 22:00:00
80.0,153.14087,2025-07-21 22:00:00
40.0,110.29257,2025-07-21 22:00:00
100.0,112.346344,2025-07-21 22:00:00
25.0,122.003876,2025-07-21 23:00:00
36.0,119.56638,2025-07-21 23:00:00
96.0,130.44803,2025-07-21 23:00:00
59.0,186.89719,2025-07-21 23:00:00
31.0,60.074936,2025-07-21 23:00:00
15.0,71.506645,2025-07-22 00:00:00
35.0,149.64676,2025-07-22 00:00:00
48.0,116.80531,2025-07-22 00:00:00
29.0,103.14914,2025-07-22 00:00:00
48.0,181.77486,2025-07-22 00:00:00
59.0,114.0072,2025-07-22 01:00:00
51.0,143.69856,2025-07-22 01:00:00
14.75,63.803886,2025-07-22 01:00:00
27.0,114.305145,2025-07-22 01:00:00
33.0,127.25645,2025-07-22 01:00:00
25.0,99.805275,2025-07-22 02:00:00
38.0,119.83672,2025-07-22 02:00:00
17.0,57.188408,2025-07-22 02:00:00
61.0,109.224686,2025-07-22 02:00:00
40.0,116.92467,2025-07-22 02:00:00
18.0,70.09388,2025-07-22 03:00:00
135.0,109.87176,2025-07-22 03:00:00
44.0,140.90553,2025-07-22 03:00:00
47.0,105.23538,2025-07-22 03:00:00
25.0,102.27076,2025-07-22 03:00:00
22.0,98.17428,2025-07-22 04:00:00
25.5,80.37103,2025-07-22 04:00:00
39.0,99.212715,2025-07-22 04:00:00
61.0,107.241585,2025-07-22 04:00:00
66.0,145.19481,2025-07-22 04:00:00
32.5,85.988495,2025-07-22 05:00:00
34.0,101.31806,2025-07-22 05:00:00
23.0,85.84403,2025-07-22 05:00:00
62.0,155.73262,2025-07-22 05:00:00
34.0,97.895546,2025-07-22 05:00:00
51.0,110.24,2025-07-22 06:00:00
107.0,145.101,2025-07-22 06:00:00
31.0,98.12342,2025-07-22 06:00:00
32.75,68.27573,2025-07-22 06:00:00
38.0,86.54489,2025-07-22 06:00:00
94.0,139.42566,2025-07-22 07:00:00
44.0,97.98664,2025-07-22 07:00:00
123.0,157.5795,2025-07-22 07:00:00
38.0,95.8907,2025-07-22 07:00:00
42.5,80.15031,2025-07-22 07:00:00
42.75,90.252365,2025-07-22 08:00:00
113.0,178.18346,2025-07-22 08:00:00
94.0,116.05377,2025-07-22 08:00:00
58.0,107.9764,2025-07-22 08:00:00
114.0,165.47234,2025-07-22 08:00:00
45.0,124.39076,2025-07-22 09:00:00
58.0,116.20705,2025-07-22 09:00:00
21.5,92.49352,2025-07-22 09:00:00
35.0,243.54825,2025-07-22 09:00:00
28.0,149.24641,2025-07-22 09:00:00
22.0,134.10336,2025-07-22 10:00:00
55.0,123.520584,2025-07-22 10:00:00
20.0,66.62081,2025-07-22 10:00:00
29.0,152.25113,2025-07-22 10:00:00
58.0,113.90864,2025-07-22 10:00:00
130.0,113.85246,2025-07-22 11:00:00
27.0,144.49564,2025-07-22 11:00:00
25.0,58.69197,2025-07-22 11:00:00
35.0,127.13884,2025-07-22 11:00:00
27.0,98.70998,2025-07-22 11:00:00
23.0,93.1702,2025-07-22 12:00:00
42.0,130.15462,2025-07-22 12:00:00
34.0,88.99382,2025-07-22 12:00:00
30.75,49.73162,2025-07-22 12:00:00
42.0,125.613945,2025-07-22 12:00:00
57.0,118.34465,2025-07-22 13:00:00
38.0,109.73896,2025-07-22 13:00:00
42.0,138.05545,2025-07-22 13:00:00
41.25,58.324326,2025-07-22 13:00:00
48.0,93.03615,2025-07-22 13:00:00
72.0,93.0587,2025-07-22 14:00:00
73.0,116.409836,2025-07-22 14:00:00
33.0,150.77325,2025-07-22 14:00:00
59.25,60.953056,2025-07-22 14:00:00
47.0,112.88547,2025-07-22 14:00:00
52.0,143.23534,2025-07-22 15:00:00
86.5,75.649055,2025-07-22 15:00:00
58.0,92.42619,2025-07-22 15:00:00
56.0,109.93944,2025-07-22 15:00:00
107.0,120.51768,2025-07-22 15:00:00
77.25,63.98315,2025-07-22 16:00:00
58.0,123.826416,2025-07-22 16:00:00
78.0,89.65393,2025-07-22 16:00:00
50.0,139.70386,2025-07-22 16:00:00
100.0,114.11778,2025-07-22 16:00:00
79.0,141.57309,2025-07-22 17:00:00
106.0,88.46842,2025-07-22 17:00:00
95.0,113.00118,2025-07-22 17:00:00
73.0,113.06609,2025-07-22 17:00:00
83.25,66.786026,2025-07-22 17:00:00
105.0,119.77359,2025-07-22 18:00:00
91.5,57.9872,2025-07-22 18:00:00
55.0,117.85779,2025-07-22 18:00:00
96.0,92.500244,2025-07-22 18:00:00
119.0,126.26414,2025-07-22 18:00:00
88.0,57.58092,2025-07-22 19:00:00
92.0,100.23101,2025-07-22 19:00:00
136.0,138.27554,2025-07-22 19:00:00
90.0,126.10102,2025-07-22 19:00:00
47.0,115.71259,2025-07-22 19:00:00
95.0,112.73331,2025-07-22 20:00:00
66.75,72.5175,2025-07-22 20:00:00
111.0,170.29123,2025-07-22 20:00:00
55.0,112.62538,2025-07-22 20:00:00
153.0,155.26443,2025-07-22 20:00:00
40.5,71.8837,2025-07-22 21:00:00
141.0,134.70274,2025-07-22 21:00:00
183.0,144.73305,2025-07-22 21:00:00
101.0,108.67456,2025-07-22 21:00:00
97.0,116.131096,2025-07-22 21:00:00
111.0,137.67159,2025-07-22 22:00:00
81.0,106.01347,2025-07-22 22:00:00
42.75,75.491646,2025-07-22 22:00:00
184.0,119.12227,2025-07-22 22:00:00
100.0,100.492546,2025-07-22 22:00:00
179.0,120.88421,2025-07-22 23:00:00
103.0,122.95092,2025-07-22 23:00:00
52.333333333333336,57.391357,2025-07-22 23:00:00
84.0,126.164375,2025-07-22 23:00:00
67.0,97.34302,2025-07-22 23:00:00
61.75,41.4465,2025-07-23 00:00:00
149.0,83.48282,2025-07-23 00:00:00
111.0,70.5937,2025-07-23 00:00:00
80.0,107.8297,2025-07-23 00:00:00
185.0,82.79199,2025-07-23 00:00:00
207.0,83.64877,2025-07-23 01:00:00
78.0,98.89773,2025-07-23 01:00:00
57.5,48.384907,2025-07-23 01:00:00
125.0,91.10957,2025-07-23 01:00:00
138.0,78.24196,2025-07-23 01:00:00
138.0,88.49739,2025-07-23 02:00:00
54.75,56.255737,2025-07-23 02:00:00
81.0,94.70384,2025-07-23 02:00:00
149.0,82.53716,2025-07-23 02:00:00
111.0,65.61914,2025-07-23 02:00:00
141.0,77.92863,2025-07-23 03:00:00
42.0,81.61682,2025-07-23 03:00:00
105.0,97.36429,2025-07-23 03:00:00
25.0,97.969536,2025-07-23 03:00:00
35.5,45.912037,2025-07-23 03:00:00
16.0,58.15169,2025-07-23 04:00:00
17.75,43.03301,2025-07-23 04:00:00
13.0,88.57414,2025-07-23 04:00:00
19.0,78.85137,2025-07-23 04:00:00
29.0,92.63594,2025-07-23 04:00:00
18.25,37.877613,2025-07-23 05:00:00
19.0,52.237354,2025-07-23 05:00:00
13.0,79.88348,2025-07-23 05:00:00
44.0,89.46338,2025-07-23 05:00:00
20.0,71.22742,2025-07-23 05:00:00
20.0,82.02983,2025-07-23 06:00:00
14.0,55.9493,2025-07-23 06:00:00
33.0,73.765724,2025-07-23 06:00:00
21.25,40.055183,2025-07-23 06:00:00
85.0,99.645424,2025-07-23 06:00:00
47.0,79.29365,2025-07-23 07:00:00
29.0,55.388016,2025-07-23 07:00:00
105.0,103.84411,2025-07-23 07:00:00
122.0,89.00712,2025-07-23 07:00:00
33.0,41.61548,2025-07-23 07:00:00
79.0,80.59644,2025-07-23 08:00:00
45.25,44.098133,2025-07-23 08:00:00
138.0,97.486374,2025-07-23 08:00:00
70.0,97.0969,2025-07-23 08:00:00
91.0,118.03184,2025-07-23 08:00:00
49.0,40.298832,2025-07-23 09:00:00
102.0,69.044266,2025-07-23 09:00:00
166.0,85.551155,2025-07-23 09:00:00
94.0,93.17716,2025-07-23 09:00:00
81.0,106.3477,2025-07-23 09:00:00
57.5,41.792908,2025-07-23 10:00:00
101.0,121.5199,2025-07-23 10:00:00
124.0,77.310524,2025-07-23 10:00:00
89.0,102.342316,2025-07-23 10:00:00
125.0,88.84892,2025-07-23 10:00:00
139.0,85.29751,2025-07-23 11:00:00
178.0,83.36909,2025-07-23 11:00:00
114.0,109.9304,2025-07-23 11:00:00
96.0,93.615005,2025-07-23 11:00:00
62.5,42.06886,2025-07-23 11:00:00
63.25,41.07729,2025-07-23 12:00:00
155.0,92.58104,2025-07-23 12:00:00
146.0,76.791336,2025-07-23 12:00:00
199.0,130.41003,2025-07-23 12:00:00
96.0,103.31883,2025-07-23 12:00:00
65.25,34.511246,2025-07-23 13:00:00
149.0,101.42328,2025-07-23 13:00:00
221.0,124.938896,2025-07-23 13:00:00
134.0,73.244156,2025-07-23 13:00:00
96.0,99.45304,2025-07-23 13:00:00
80.0,97.16209,2025-07-23 14:00:00
123.0,79.46191,2025-07-23 14:00:00
69.25,46.190727,2025-07-23 14:00:00
164.0,94.99697,2025-07-23 14:00:00
119.0,124.808975,2025-07-23 14:00:00
83.0,114.28839,2025-07-23 15:00:00
153.0,85.01289,2025-07-23 15:00:00
111.0,67.12929,2025-07-23 15:00:00
91.0,92.55742,2025-07-23 15:00:00
64.25,39.36284,2025-07-23 15:00:00
153.0,85.80102,2025-07-23 16:00:00
65.5,51.820465,2025-07-23 16:00:00
128.0,93.73829,2025-07-23 16:00:00
91.0,87.598145,2025-07-23 16:00:00
125.0,69.243126,2025-07-23 16:00:00
149.0,83.10028,2025-07-23 17:00:00
103.0,94.41849,2025-07-23 17:00:00
127.0,73.97209,2025-07-23 17:00:00
70.0,53.70032,2025-07-23 17:00:00
128.0,109.33543,2025-07-23 17:00:00
127.0,90.224434,2025-07-23 18:00:00
146.0,75.06605,2025-07-23 18:00:00
102.0,100.057335,2025-07-23 18:00:00
78.5,58.636772,2025-07-23 18:00:00
160.0,87.094925,2025-07-23 18:00:00
182.0,103.593544,2025-07-23 19:00:00
80.75,63.88627,2025-07-23 19:00:00
123.0,119.74237,2025-07-23 19:00:00
119.0,99.886826,2025-07-23 19:00:00
151.0,96.87684,2025-07-23 19:00:00
183.0,147.36858,2025-07-23 20:00:00
82.25,61.08008,2025-07-23 20:00:00
226.0,120.9687,2025-07-23 20:00:00
133.0,103.2104,2025-07-23 20:00:00
166.0,97.54361,2025-07-23 20:00:00
238.0,132.40135,2025-07-23 21:00:00
149.0,99.32787,2025-07-23 21:00:00
95.0,69.33016,2025-07-23 21:00:00
161.0,98.6689,2025-07-23 21:00:00
221.0,150.81094,2025-07-23 21:00:00
217.0,138.61566,2025-07-23 22:00:00
100.0,69.679115,2025-07-23 22:00:00
151.0,104.94325,2025-07-23 22:00:00
254.0,138.94499,2025-07-23 22:00:00
185.0,100.38359,2025-07-23 22:00:00
263.0,130.32014,2025-07-23 23:00:00
233.0,136.12918,2025-07-23 23:00:00
92.33333333333331,71.936104,2025-07-23 23:00:00
179.0,86.00345,2025-07-23 23:00:00
161.0,109.31086,2025-07-23 23:00:00
368.0,153.40474,2025-07-24 00:00:00
171.0,112.05539,2025-07-24 00:00:00
102.25,76.23139,2025-07-24 00:00:00
273.0,128.76389,2025-07-24 00:00:00
150.0,104.99702,2025-07-24 00:00:00
93.0,67.8913,2025-07-24 01:00:00
146.0,108.96014,2025-07-24 01:00:00
146.0,126.89567,2025-07-24 01:00:00
257.0,140.29213,2025-07-24 01:00:00
174.0,132.59215,2025-07-24 01:00:00
167.0,119.02451,2025-07-24 02:00:00
152.0,108.809006,2025-07-24 02:00:00
239.0,153.64522,2025-07-24 02:00:00
117.0,111.3759,2025-07-24 02:00:00
87.5,46.914604,2025-07-24 02:00:00
167.0,107.40018,2025-07-24 03:00:00
101.0,97.09973,2025-07-24 03:00:00
156.0,112.53319,2025-07-24 03:00:00
173.0,136.39003,2025-07-24 03:00:00
89.0,48.6714,2025-07-24 03:00:00
108.0,81.30226,2025-07-24 04:00:00
158.0,81.563705,2025-07-24 04:00:00
134.0,106.71629,2025-07-24 04:00:00
79.0,45.37234,2025-07-24 04:00:00
138.0,82.640114,2025-07-24 04:00:00
153.0,89.40207,2025-07-24 05:00:00
133.0,72.826096,2025-07-24 05:00:00
125.0,83.5666,2025-07-24 05:00:00
129.0,99.62252,2025-07-24 05:00:00
82.0,39.193848,2025-07-24 05:00:00
134.0,91.353065,2025-07-24 06:00:00
118.0,75.53616,2025-07-24 06:00:00
108.0,101.74532,2025-07-24 06:00:00
194.0,116.41761,2025-07-24 06:00:00
107.5,46.949135,2025-07-24 06:00:00
128.0,117.80056,2025-07-24 07:00:00
200.0,113.02553,2025-07-24 07:00:00
136.0,94.022026,2025-07-24 07:00:00
106.0,44.966446,2025-07-24 07:00:00
83.0,88.80516,2025-07-24 07:00:00
147.0,131.71562,2025-07-24 08:00:00
87.0,51.01851,2025-07-24 08:00:00
86.0,96.12925,2025-07-24 08:00:00
130.0,102.202484,2025-07-24 08:00:00
227.0,106.54016,2025-07-24 08:00:00
114.0,99.95233,2025-07-24 09:00:00
124.0,102.79803,2025-07-24 09:00:00
83.25,53.68009,2025-07-24 09:00:00
194.0,115.288376,2025-07-24 09:00:00
227.0,138.09195,2025-07-24 09:00:00
113.0,104.10842,2025-07-24 10:00:00
152.0,119.32303,2025-07-24 10:00:00
79.25,53.54073,2025-07-24 10:00:00
173.0,116.61907,2025-07-24 10:00:00
179.0,110.07633,2025-07-24 10:00:00
111.0,101.17094,2025-07-24 11:00:00
72.0,53.71983,2025-07-24 11:00:00
169.0,117.07582,2025-07-24 11:00:00
133.0,134.63542,2025-07-24 11:00:00
158.0,112.86899,2025-07-24 11:00:00
196.0,109.806305,2025-07-24 12:00:00
152.0,129.85445,2025-07-24 12:00:00
72.25,63.954765,2025-07-24 12:00:00
96.0,105.79928,2025-07-24 12:00:00
133.0,129.77638,2025-07-24 12:00:00
61.5,72.02722,2025-07-24 13:00:00
85.0,146.15382,2025-07-24 13:00:00
169.0,132.19087,2025-07-24 13:00:00
196.0,115.44128,2025-07-24 13:00:00
173.0,130.596,2025-07-24 13:00:00
149.0,143.94298,2025-07-24 14:00:00
158.0,121.9224,2025-07-24 14:00:00
66.0,67.77796,2025-07-24 14:00:00
83.0,135.17046,2025-07-24 14:00:00
147.0,114.655785,2025-07-24 14:00:00
86.0,132.04543,2025-07-24 15:00:00
160.0,120.75499,2025-07-24 15:00:00
64.25,66.28943,2025-07-24 15:00:00
116.25,115.23542,2025-07-24 15:00:00
218.0,152.27257,2025-07-24 15:00:00
105.25,117.32161,2025-07-24 16:00:00
321.0,172.38394,2025-07-24 16:00:00
62.75,70.47389,2025-07-24 16:00:00
133.0,128.62634,2025-07-24 16:00:00
86.0,106.24919,2025-07-24 16:00:00
114.0,121.671974,2025-07-24 17:00:00
84.0,113.85734,2025-07-24 17:00:00
321.0,163.4651,2025-07-24 17:00:00
96.75,116.76164,2025-07-24 17:00:00
61.5,62.695156,2025-07-24 17:00:00
79.0,122.12647,2025-07-24 18:00:00
321.0,151.0031,2025-07-24 18:00:00
60.5,69.8419,2025-07-24 18:00:00
104.5,123.79049,2025-07-24 18:00:00
114.0,117.956375,2025-07-24 18:00:00
78.0,127.270996,2025-07-24 19:00:00
114.0,123.051765,2025-07-24 19:00:00
59.75,77.519905,2025-07-24 19:00:00
129.0,141.52405,2025-07-24 19:00:00
321.0,156.00056,2025-07-24 19:00:00
138.0,164.83337,2025-07-24 20:00:00
53.25,75.71432,2025-07-24 20:00:00
34.0,121.656166,2025-07-24 20:00:00
92.75,127.72638,2025-07-24 20:00:00
30.0,151.25044,2025-07-24 21:00:00
96.0,210.99448,2025-07-24 21:00:00
55.25,72.58334,2025-07-24 21:00:00
69.25,126.70563,2025-07-24 21:00:00
70.0,133.9221,2025-07-24 22:00:00
218.0,197.14232,2025-07-24 22:00:00
64.25,74.53874,2025-07-24 22:00:00
53.0,133.45381,2025-07-24 22:00:00
73.66666666666667,94.398796,2025-07-24 23:00:00
63.0,145.40556,2025-07-24 23:00:00
77.25,142.03624,2025-07-24 23:00:00
232.0,206.76404,2025-07-24 23:00:00
188.0,120.8835,2025-07-25 00:00:00
91.0,103.31316,2025-07-25 00:00:00
148.75,135.16519,2025-07-25 00:00:00
112.0,220.68355,2025-07-25 00:00:00
148.75,136.36528,2025-07-25 01:00:00
24.0,194.22575,2025-07-25 01:00:00
64.25,93.94417,2025-07-25 01:00:00
171.0,135.45738,2025-07-25 01:00:00
46.0,120.8791,2025-07-25 02:00:00
25.0,156.44624,2025-07-25 02:00:00
148.75,125.7175,2025-07-25 02:00:00
31.0,90.6647,2025-07-25 02:00:00
25.75,75.8353,2025-07-25 03:00:00
61.0,134.05435,2025-07-25 03:00:00
46.0,119.977684,2025-07-25 03:00:00
28.0,145.92116,2025-07-25 03:00:00
41.0,108.673996,2025-07-25 04:00:00
27.5,67.04713,2025-07-25 04:00:00
16.0,112.12266,2025-07-25 04:00:00
33.0,132.53123,2025-07-25 04:00:00
30.0,147.92264,2025-07-25 05:00:00
35.75,68.06197,2025-07-25 05:00:00
31.0,105.166,2025-07-25 05:00:00
27.0,93.19256,2025-07-25 05:00:00
56.25,72.67739,2025-07-25 06:00:00
41.0,101.50013,2025-07-25 06:00:00
38.0,109.82432,2025-07-25 06:00:00
33.0,112.58697,2025-07-25 06:00:00
55.5,85.19991,2025-07-25 07:00:00
38.0,107.52412,2025-07-25 07:00:00
53.0,120.6467,2025-07-25 07:00:00
47.0,123.71617,2025-07-25 07:00:00
47.5,84.07284,2025-07-25 08:00:00
63.0,111.048035,2025-07-25 08:00:00
31.0,123.55993,2025-07-25 08:00:00
61.0,137.59386,2025-07-25 08:00:00
31.0,132.61682,2025-07-25 09:00:00
57.0,126.67647,2025-07-25 09:00:00
62.0,78.75435,2025-07-25 09:00:00
72.0,176.33136,2025-07-25 09:00:00
44.0,123.42296,2025-07-25 10:00:00
84.0,154.91946,2025-07-25 10:00:00
64.0,135.64806,2025-07-25 10:00:00
70.0,82.4689,2025-07-25 10:00:00
42.0,134.51662,2025-07-25 11:00:00
89.0,150.23952,2025-07-25 11:00:00
103.0,140.4265,2025-07-25 11:00:00
68.25,84.86566,2025-07-25 11:00:00
79.75,84.33191,2025-07-25 12:00:00
125.0,152.92831,2025-07-25 12:00:00
39.0,133.59328,2025-07-25 12:00:00
78.0,155.08698,2025-07-25 12:00:00
141.0,169.27623,2025-07-25 13:00:00
33.0,131.0077,2025-07-25 13:00:00
90.0,147.65468,2025-07-25 13:00:00
61.5,79.857895,2025-07-25 13:00:00
43.5,83.79176,2025-07-25 14:00:00
85.0,132.6566,2025-07-25 14:00:00
96.0,142.0496,2025-07-25 14:00:00
45.0,128.44879,2025-07-25 14:00:00
85.0,117.58949,2025-07-25 15:00:00
96.0,146.19545,2025-07-25 15:00:00
33.75,71.38052,2025-07-25 15:00:00
57.0,125.501976,2025-07-25 15:00:00
35.75,70.220245,2025-07-25 16:00:00
51.0,130.25961,2025-07-25 16:00:00
91.0,130.75006,2025-07-25 16:00:00
121.0,135.67769,2025-07-25 16:00:00
44.0,130.47229,2025-07-25 17:00:00
48.0,105.67674,2025-07-25 17:00:00
160.0,133.34761,2025-07-25 17:00:00
46.5,57.106586,2025-07-25 17:00:00
53.5,58.06368,2025-07-25 18:00:00
55.0,105.02725,2025-07-25 18:00:00
50.0,123.70155,2025-07-25 18:00:00
127.0,134.18799,2025-07-25 18:00:00
153.0,152.94637,2025-07-25 19:00:00
79.0,135.04494,2025-07-25 19:00:00
50.0,105.06825,2025-07-25 19:00:00
49.5,65.02823,2025-07-25 19:00:00
178.0,174.98303,2025-07-25 20:00:00
48.75,55.507362,2025-07-25 20:00:00
88.0,122.89055,2025-07-25 20:00:00
56.0,116.43171,2025-07-25 20:00:00
92.0,112.274864,2025-07-25 21:00:00
193.0,151.09605,2025-07-25 21:00:00
70.0,124.75675,2025-07-25 21:00:00
53.5,75.576614,2025-07-25 21:00:00
101.0,106.52294,2025-07-25 22:00:00
103.0,106.73497,2025-07-25 22:00:00
119.0,227.90451,2025-07-25 22:00:00
55.75,68.48292,2025-07-25 22:00:00
53.333333333333336,76.870415,2025-07-25 23:00:00
86.0,115.24397,2025-07-25 23:00:00
119.0,185.64946,2025-07-25 23:00:00
88.0,124.27861,2025-07-25 23:00:00
89.0,127.05349,2025-07-26 00:00:00
117.0,141.76985,2025-07-26 00:00:00
83.0,120.69733,2025-07-26 00:00:00
60.5,80.36783,2025-07-26 00:00:00
80.0,98.248375,2025-07-26 01:00:00
103.0,100.88107,2025-07-26 01:00:00
62.5,75.60658,2025-07-26 01:00:00
129.0,109.357254,2025-07-26 01:00:00
111.0,109.81486,2025-07-26 02:00:00
100.0,85.09284,2025-07-26 02:00:00
81.0,91.40685,2025-07-26 02:00:00
59.0,51.40584,2025-07-26 02:00:00
97.0,88.79246,2025-07-26 03:00:00
75.0,84.45758,2025-07-26 03:00:00
72.0,77.452614,2025-07-26 03:00:00
64.5,47.32414,2025-07-26 03:00:00
86.25,47.314323,2025-07-26 04:00:00
79.0,76.62896,2025-07-26 04:00:00
72.0,75.24103,2025-07-26 04:00:00
121.0,75.34487,2025-07-26 04:00:00
79.0,90.077095,2025-07-26 05:00:00
107.0,72.17945,2025-07-26 05:00:00
83.75,41.46078,2025-07-26 05:00:00
89.0,67.198814,2025-07-26 05:00:00
68.0,82.0877,2025-07-26 06:00:00
85.0,86.4356,2025-07-26 06:00:00
45.75,53.877502,2025-07-26 06:00:00
90.0,100.59155,2025-07-26 06:00:00
95.0,98.586525,2025-07-26 07:00:00
68.0,90.79698,2025-07-26 07:00:00
42.5,50.9502,2025-07-26 07:00:00
48.0,99.78862,2025-07-26 07:00:00
36.0,107.36293,2025-07-26 08:00:00
35.25,57.01673,2025-07-26 08:00:00
96.0,109.29125,2025-07-26 08:00:00
29.0,97.623924,2025-07-26 08:00:00
30.0,61.192738,2025-07-26 09:00:00
51.0,98.61845,2025-07-26 09:00:00
39.0,101.03826,2025-07-26 09:00:00
85.0,126.21217,2025-07-26 09:00:00
86.0,109.385185,2025-07-26 10:00:00
39.0,95.72256,2025-07-26 10:00:00
59.0,101.423355,2025-07-26 10:00:00
28.75,58.461292,2025-07-26 10:00:00
44.0,97.10631,2025-07-26 11:00:00
103.0,103.30407,2025-07-26 11:00:00
81.0,95.81178,2025-07-26 11:00:00
31.75,62.247025,2025-07-26 11:00:00
89.0,104.96219,2025-07-26 12:00:00
63.0,100.793236,2025-07-26 12:00:00
31.0,94.6728,2025-07-26 12:00:00
36.25,63.638557,2025-07-26 12:00:00
57.0,100.82054,2025-07-26 13:00:00
40.75,58.943573,2025-07-26 13:00:00
90.0,112.44503,2025-07-26 13:00:00
34.0,91.856125,2025-07-26 13:00:00
85.0,110.31415,2025-07-26 14:00:00
55.0,89.51711,2025-07-26 14:00:00
39.0,87.570435,2025-07-26 14:00:00
38.75,50.84722,2025-07-26 14:00:00
38.5,55.21463,2025-07-26 15:00:00
50.0,89.0762,2025-07-26 15:00:00
46.0,92.81923,2025-07-26 15:00:00
92.0,111.46794,2025-07-26 15:00:00
84.0,113.19815,2025-07-26 16:00:00
53.0,102.34,2025-07-26 16:00:00
35.25,57.3075,2025-07-26 16:00:00
56.0,84.66078,2025-07-26 16:00:00
38.75,42.464237,2025-07-26 17:00:00
83.0,114.81345,2025-07-26 17:00:00
64.0,78.39316,2025-07-26 17:00:00
67.0,91.54527,2025-07-26 17:00:00
44.5,43.212288,2025-07-26 18:00:00
84.0,117.57367,2025-07-26 18:00:00
68.0,87.60319,2025-07-26 18:00:00
73.0,94.62438,2025-07-26 18:00:00
81.0,98.008644,2025-07-26 19:00:00
88.0,102.75665,2025-07-26 19:00:00
47.5,58.538307,2025-07-26 19:00:00
111.0,129.68732,2025-07-26 19:00:00
92.0,113.63579,2025-07-26 20:00:00
140.0,138.78714,2025-07-26 20:00:00
86.0,100.29885,2025-07-26 20:00:00
80.0,109.77854,2025-07-26 20:00:00
46.5,49.496105,2025-07-26 20:00:00
118.0,140.36864,2025-07-26 21:00:00
49.5,39.691715,2025-07-26 21:00:00
95.0,196.06252,2025-07-26 21:00:00
70.0,110.11834,2025-07-26 21:00:00
88.0,92.999214,2025-07-26 21:00:00
97.0,195.17567,2025-07-26 22:00:00
55.0,94.6121,2025-07-26 22:00:00
56.0,94.11415,2025-07-26 22:00:00
105.0,149.16016,2025-07-26 22:00:00
50.5,40.705208,2025-07-26 22:00:00
42.0,97.418594,2025-07-26 23:00:00
45.333333333333336,47.93661,2025-07-26 23:00:00
96.0,165.88919,2025-07-26 23:00:00
83.0,100.042694,2025-07-26 23:00:00
102.0,184.19557,2025-07-26 23:00:00
39.75,51.04322,2025-07-27 00:00:00
79.0,119.70379,2025-07-27 00:00:00
48.0,117.67232,2025-07-27 00:00:00
81.0,191.13486,2025-07-27 00:00:00
51.0,100.815994,2025-07-27 00:00:00
46.0,96.722275,2025-07-27 01:00:00
67.0,103.92491,2025-07-27 01:00:00
61.0,102.63398,2025-07-27 01:00:00
81.0,169.36214,2025-07-27 01:00:00
34.0,49.560844,2025-07-27 01:00:00
36.0,41.640865,2025-07-27 02:00:00
58.0,93.43707,2025-07-27 02:00:00
79.0,92.74952,2025-07-27 02:00:00
79.0,164.84668,2025-07-27 02:00:00
50.0,83.753395,2025-07-27 02:00:00
53.0,83.443344,2025-07-27 03:00:00
43.0,38.057655,2025-07-27 03:00:00
84.0,176.95326,2025-07-27 03:00:00
34.0,86.16973,2025-07-27 03:00:00
72.0,85.751045,2025-07-27 03:00:00
70.0,170.89569,2025-07-27 04:00:00
46.0,79.68355,2025-07-27 04:00:00
42.25,48.10665,2025-07-27 04:00:00
36.0,88.47519,2025-07-27 04:00:00
47.0,78.05922,2025-07-27 04:00:00
67.0,154.00005,2025-07-27 05:00:00
43.75,41.664375,2025-07-27 05:00:00
50.0,75.74413,2025-07-27 05:00:00
27.0,90.07677,2025-07-27 05:00:00
57.0,73.18189,2025-07-27 05:00:00
41.0,95.352875,2025-07-27 06:00:00
72.0,139.77803,2025-07-27 06:00:00
50.0,65.57504,2025-07-27 06:00:00
74.0,80.56486,2025-07-27 06:00:00
54.0,45.282806,2025-07-27 06:00:00
105.0,94.03037,2025-07-27 07:00:00
48.0,91.91116,2025-07-27 07:00:00
39.0,88.38251,2025-07-27 07:00:00
57.5,49.337875,2025-07-27 07:00:00
84.0,167.79301,2025-07-27 07:00:00
57.25,46.793427,2025-07-27 08:00:00
75.0,82.32168,2025-07-27 08:00:00
67.0,99.88936,2025-07-27 08:00:00
151.0,107.35738,2025-07-27 08:00:00
251.0,121.94681,2025-07-27 09:00:00
56.0,50.68147,2025-07-27 09:00:00
85.0,96.47562,2025-07-27 09:00:00
58.0,95.983475,2025-07-27 09:00:00
63.0,93.30923,2025-07-27 10:00:00
255.0,117.10769,2025-07-27 10:00:00
58.0,43.692547,2025-07-27 10:00:00
129.0,94.45133,2025-07-27 10:00:00
194.0,107.47412,2025-07-27 11:00:00
52.0,41.977097,2025-07-27 11:00:00
61.0,92.76598,2025-07-27 11:00:00
128.0,112.26077,2025-07-27 11:00:00
146.0,104.61844,2025-07-27 12:00:00
78.0,92.01424,2025-07-27 12:00:00
54.0,49.240433,2025-07-27 12:00:00
200.0,91.62424,2025-07-27 12:00:00
60.75,48.30271,2025-07-27 13:00:00
91.0,92.0621,2025-07-27 13:00:00
94.0,94.73566,2025-07-27 13:00:00
117.0,120.87097,2025-07-27 13:00:00
91.0,50.46152,2025-07-27 14:00:00
141.0,116.60702,2025-07-27 14:00:00
83.0,91.527756,2025-07-27 14:00:00
84.0,125.809906,2025-07-27 14:00:00
124.0,132.32217,2025-07-27 15:00:00
98.75,50.561947,2025-07-27 15:00:00
174.0,119.29062,2025-07-27 15:00:00
90.0,94.64894,2025-07-27 15:00:00
92.0,107.94356,2025-07-27 16:00:00
83.75,54.164806,2025-07-27 16:00:00
113.0,135.59929,2025-07-27 16:00:00
117.0,95.08894,2025-07-27 16:00:00
72.0,94.73078,2025-07-27 17:00:00
61.0,106.89643,2025-07-27 17:00:00
63.25,50.18354,2025-07-27 17:00:00
72.0,135.81172,2025-07-27 17:00:00
73.25,34.761753,2025-07-27 18:00:00
169.0,176.82898,2025-07-27 18:00:00
96.0,78.49573,2025-07-27 18:00:00
61.0,94.124176,2025-07-27 18:00:00
72.0,96.12261,2025-07-27 18:00:00
91.0,93.96628,2025-07-27 19:00:00
108.0,170.00883,2025-07-27 19:00:00
111.0,94.16991,2025-07-27 19:00:00
85.0,37.307816,2025-07-27 19:00:00
102.0,113.926155,2025-07-27 19:00:00
110.0,133.91884,2025-07-27 20:00:00
95.0,160.74208,2025-07-27 20:00:00
101.0,90.03191,2025-07-27 20:00:00
96.25,43.25807,2025-07-27 20:00:00
113.0,91.08764,2025-07-27 20:00:00
67.25,41.32136,2025-07-27 21:00:00
97.0,94.13255,2025-07-27 21:00:00
123.0,152.28323,2025-07-27 21:00:00
129.0,135.89273,2025-07-27 21:00:00
133.0,90.273926,2025-07-27 21:00:00
59.25,47.85492,2025-07-27 22:00:00
64.0,83.82568,2025-07-27 22:00:00
101.0,130.01459,2025-07-27 22:00:00
92.0,84.199196,2025-07-27 22:00:00
112.0,154.76154,2025-07-27 22:00:00
42.0,96.44866,2025-07-27 23:00:00
64.0,82.21737,2025-07-27 23:00:00
44.5,56.919834,2025-07-27 23:00:00
59.0,125.36231,2025-07-27 23:00:00
80.0,151.39592,2025-07-27 23:00:00
46.0,52.067863,2025-07-28 00:00:00
61.0,156.94797,2025-07-28 00:00:00
53.0,95.27978,2025-07-28 00:00:00
74.0,96.44777,2025-07-28 00:00:00
64.0,74.22348,2025-07-28 00:00:00
63.0,96.08513,2025-07-28 01:00:00
47.0,105.87399,2025-07-28 01:00:00
53.25,49.050858,2025-07-28 01:00:00
64.0,81.96267,2025-07-28 01:00:00
66.0,166.73164,2025-07-28 01:00:00
68.0,87.58186,2025-07-28 02:00:00
49.0,46.293873,2025-07-28 02:00:00
57.0,87.89119,2025-07-28 02:00:00
51.0,149.57487,2025-07-28 02:00:00
78.0,70.2979,2025-07-28 02:00:00
46.0,140.2224,2025-07-28 03:00:00
48.0,85.58806,2025-07-28 03:00:00
57.0,91.89386,2025-07-28 03:00:00
84.0,71.69561,2025-07-28 03:00:00
51.5,43.46644,2025-07-28 03:00:00
57.0,117.33063,2025-07-28 04:00:00
24.0,86.49703,2025-07-28 04:00:00
46.0,38.211143,2025-07-28 04:00:00
50.0,66.15357,2025-07-28 04:00:00
70.0,87.24523,2025-07-28 04:00:00
72.0,91.47459,2025-07-28 05:00:00
50.0,59.994568,2025-07-28 05:00:00
35.0,77.7784,2025-07-28 05:00:00
42.0,40.737625,2025-07-28 05:00:00
61.0,112.91097,2025-07-28 05:00:00
68.0,83.72516,2025-07-28 06:00:00
50.0,82.399124,2025-07-28 06:00:00
47.0,116.37884,2025-07-28 06:00:00
47.0,38.251526,2025-07-28 06:00:00
50.0,52.487766,2025-07-28 06:00:00
46.75,40.55456,2025-07-28 07:00:00
53.0,73.201965,2025-07-28 07:00:00
50.0,58.90945,2025-07-28 07:00:00
68.0,114.62503,2025-07-28 07:00:00
123.0,92.945816,2025-07-28 07:00:00
63.75,49.51791,2025-07-28 08:00:00
70.0,119.210396,2025-07-28 08:00:00
47.0,101.69326,2025-07-28 08:00:00
119.0,108.36528,2025-07-28 08:00:00
68.0,81.27264,2025-07-28 09:00:00
62.0,50.246098,2025-07-28 09:00:00
47.0,97.86152,2025-07-28 09:00:00
41.0,138.79008,2025-07-28 09:00:00
79.0,130.2546,2025-07-28 09:00:00
41.0,170.2925,2025-07-28 10:00:00
45.0,103.35101,2025-07-28 10:00:00
85.0,133.3261,2025-07-28 10:00:00
38.0,61.38172,2025-07-28 10:00:00
33.0,138.04788,2025-07-28 10:00:00
78.0,110.00868,2025-07-28 11:00:00
64.0,177.7776,2025-07-28 11:00:00
52.0,168.28473,2025-07-28 11:00:00
14.0,64.30633,2025-07-28 11:00:00
24.0,140.07147,2025-07-28 11:00:00
30.0,159.99902,2025-07-28 12:00:00
24.0,133.55489,2025-07-28 12:00:00
24.0,130.3015,2025-07-28 12:00:00
35.0,135.33348,2025-07-28 12:00:00
22.0,64.75714,2025-07-28 12:00:00
22.0,133.67966,2025-07-28 13:00:00
9.0,99.838524,2025-07-28 13:00:00
35.25,68.66581,2025-07-28 13:00:00
34.0,154.43304,2025-07-28 13:00:00
25.0,118.65074,2025-07-28 13:00:00
37.5,81.96129,2025-07-28 14:00:00
9.0,106.54984,2025-07-28 14:00:00
25.0,119.76326,2025-07-28 14:00:00
40.0,162.59439,2025-07-28 14:00:00
39.0,115.233665,2025-07-28 14:00:00
34.75,81.23197,2025-07-28 15:00:00
38.0,165.25752,2025-07-28 15:00:00
74.0,145.61488,2025-07-28 15:00:00
9.0,90.39576,2025-07-28 15:00:00
38.0,131.29785,2025-07-28 15:00:00
78.0,144.53925,2025-07-28 16:00:00
41.25,71.33235,2025-07-28 16:00:00
44.0,137.6144,2025-07-28 16:00:00
45.0,114.131744,2025-07-28 16:00:00
9.0,109.36507,2025-07-28 16:00:00
51.0,139.53265,2025-07-28 17:00:00
40.25,54.82671,2025-07-28 17:00:00
55.0,156.2707,2025-07-28 17:00:00
36.0,97.27129,2025-07-28 17:00:00
78.0,116.42298,2025-07-28 17:00:00
107.0,89.32055,2025-07-28 18:00:00
52.25,57.188828,2025-07-28 18:00:00
46.0,107.43256,2025-07-28 18:00:00
66.0,112.036476,2025-07-28 18:00:00
108.0,93.936386,2025-07-28 18:00:00
85.0,88.23291,2025-07-28 19:00:00
58.0,101.546135,2025-07-28 19:00:00
78.0,108.74302,2025-07-28 19:00:00
101.0,92.30684,2025-07-28 19:00:00
74.25,57.518307,2025-07-28 19:00:00
107.0,86.677864,2025-07-28 20:00:00
61.0,113.393684,2025-07-28 20:00:00
88.0,85.46172,2025-07-28 20:00:00
61.75,54.142467,2025-07-28 20:00:00
91.0,110.65651,2025-07-28 20:00:00
107.0,119.98457,2025-07-28 21:00:00
60.75,59.525833,2025-07-28 21:00:00
125.0,106.90781,2025-07-28 21:00:00
58.0,99.55896,2025-07-28 21:00:00
88.0,133.0147,2025-07-28 21:00:00
52.0,85.236115,2025-07-28 22:00:00
57.75,58.287243,2025-07-28 22:00:00
75.0,114.78436,2025-07-28 22:00:00
92.0,108.05226,2025-07-28 22:00:00
117.0,104.06857,2025-07-28 22:00:00
90.0,94.25372,2025-07-28 23:00:00
68.0,102.62791,2025-07-28 23:00:00
73.0,124.24084,2025-07-28 23:00:00
52.0,84.6029,2025-07-28 23:00:00
49.0,55.86994,2025-07-28 23:00:00
61.0,85.235756,2025-07-29 00:00:00
32.0,47.800255,2025-07-29 00:00:00
51.0,79.70727,2025-07-29 00:00:00
97.0,105.850876,2025-07-29 00:00:00
80.0,111.77627,2025-07-29 00:00:00
51.0,76.98931,2025-07-29 01:00:00
27.0,48.430527,2025-07-29 01:00:00
77.0,101.77432,2025-07-29 01:00:00
75.0,96.93631,2025-07-29 01:00:00
51.0,106.00525,2025-07-29 01:00:00
29.0,97.43289,2025-07-29 02:00:00
41.0,87.74422,2025-07-29 02:00:00
51.0,68.453316,2025-07-29 02:00:00
42.0,97.859886,2025-07-29 02:00:00
27.75,44.446297,2025-07-29 02:00:00
48.0,91.88242,2025-07-29 03:00:00
24.0,39.26826,2025-07-29 03:00:00
141.0,64.54721,2025-07-29 03:00:00
51.0,84.13749,2025-07-29 03:00:00
41.0,80.75811,2025-07-29 03:00:00
141.0,62.30638,2025-07-29 04:00:00
31.0,78.16423,2025-07-29 04:00:00
31.0,36.923233,2025-07-29 04:00:00
53.0,92.850815,2025-07-29 04:00:00
47.0,81.064224,2025-07-29 04:00:00
39.0,81.73081,2025-07-29 05:00:00
46.0,82.92224,2025-07-29 05:00:00
34.0,33.85158,2025-07-29 05:00:00
141.0,49.393936,2025-07-29 05:00:00
40.0,65.820724,2025-07-29 05:00:00
37.75,44.85191,2025-07-29 06:00:00
45.0,95.91924,2025-07-29 06:00:00
41.0,77.82675,2025-07-29 06:00:00
141.0,63.953663,2025-07-29 06:00:00
55.0,100.28243,2025-07-29 06:00:00
40.5,39.978806,2025-07-29 07:00:00
72.0,106.993805,2025-07-29 07:00:00
72.0,88.540215,2025-07-29 07:00:00
69.0,70.10186,2025-07-29 07:00:00
88.0,89.90606,2025-07-29 08:00:00
96.0,79.85538,2025-07-29 08:00:00
67.0,96.99363,2025-07-29 08:00:00
49.0,45.903908,2025-07-29 08:00:00
85.0,115.995964,2025-07-29 09:00:00
55.0,56.727634,2025-07-29 09:00:00
89.0,89.28537,2025-07-29 09:00:00
64.0,119.490105,2025-07-29 09:00:00
85.0,89.40381,2025-07-29 10:00:00
69.0,74.51594,2025-07-29 10:00:00
50.75,51.42005,2025-07-29 10:00:00
66.0,115.30731,2025-07-29 10:00:00
78.0,94.00667,2025-07-29 11:00:00
44.0,42.83056,2025-07-29 11:00:00
69.0,95.412025,2025-07-29 11:00:00
96.0,93.69408,2025-07-29 11:00:00
42.25,41.29428,2025-07-29 12:00:00
89.0,77.0215,2025-07-29 12:00:00
67.0,96.5927,2025-07-29 12:00:00
86.0,85.26274,2025-07-29 12:00:00
184.0,85.23825,2025-07-29 13:00:00
47.75,44.064632,2025-07-29 13:00:00
83.0,89.482834,2025-07-29 13:00:00
78.0,94.5695,2025-07-29 13:00:00
44.5,41.516407,2025-07-29 14:00:00
79.0,92.781715,2025-07-29 14:00:00
112.0,75.81359,2025-07-29 14:00:00
73.0,90.7162,2025-07-29 14:00:00
70.0,91.95461,2025-07-29 15:00:00
89.0,98.14561,2025-07-29 15:00:00
40.75,34.29906,2025-07-29 15:00:00
73.0,77.79865,2025-07-29 15:00:00
77.0,111.09101,2025-07-29 16:00:00
42.0,76.93694,2025-07-29 16:00:00
40.0,45.367027,2025-07-29 16:00:00
70.0,89.14188,2025-07-29 16:00:00
66.0,104.70707,2025-07-29 17:00:00
91.0,87.0005,2025-07-29 17:00:00
73.0,76.04838,2025-07-29 17:00:00
39.5,41.05503,2025-07-29 17:00:00
91.0,95.585945,2025-07-29 18:00:00
91.0,98.674164,2025-07-29 18:00:00
47.5,33.022293,2025-07-29 18:00:00
25.0,69.60591,2025-07-29 18:00:00
91.0,86.22731,2025-07-29 19:00:00
51.0,40.88918,2025-07-29 19:00:00
91.0,90.120926,2025-07-29 19:00:00
24.0,91.09637,2025-07-29 19:00:00
86.0,70.93391,2025-07-29 19:00:00
41.0,82.87962,2025-07-29 20:00:00
38.0,100.92015,2025-07-29 20:00:00
51.0,83.11209,2025-07-29 20:00:00
41.5,46.48924,2025-07-29 20:00:00
69.0,95.32996,2025-07-29 20:00:00
40.25,51.940006,2025-07-29 21:00:00
41.0,92.537025,2025-07-29 21:00:00
75.0,98.86144,2025-07-29 21:00:00
41.0,102.27958,2025-07-29 21:00:00
34.0,72.58635,2025-07-29 21:00:00
33.0,68.63832,2025-07-29 22:00:00
73.0,88.01656,2025-07-29 22:00:00
55.0,51.38378,2025-07-29 22:00:00
33.0,99.57166,2025-07-29 22:00:00
39.0,96.78137,2025-07-29 22:00:00
42.66666666666666,50.30928,2025-07-29 23:00:00
33.0,68.038704,2025-07-29 23:00:00
34.0,100.257515,2025-07-29 23:00:00
55.0,93.64094,2025-07-29 23:00:00
36.0,99.27236,2025-07-29 23:00:00
36.0,68.424034,2025-07-30 00:00:00
33.0,52.498943,2025-07-30 00:00:00
14.0,75.43162,2025-07-30 00:00:00
56.0,72.686844,2025-07-30 00:00:00
20.25,31.884426,2025-07-30 00:00:00
33.0,52.435474,2025-07-30 01:00:00
17.5,37.129223,2025-07-30 01:00:00
22.0,70.69319,2025-07-30 01:00:00
36.0,72.367,2025-07-30 01:00:00
27.0,66.12454,2025-07-30 01:00:00
22.0,57.127766,2025-07-30 02:00:00
36.0,57.846466,2025-07-30 02:00:00
28.0,41.9466,2025-07-30 02:00:00
17.25,26.129028,2025-07-30 02:00:00
38.0,66.69452,2025-07-30 02:00:00
95.0,53.248154,2025-07-30 03:00:00
16.0,25.047346,2025-07-30 03:00:00
36.0,67.35661,2025-07-30 03:00:00
38.0,64.807106,2025-07-30 03:00:00
22.0,51.40388,2025-07-30 03:00:00
24.0,56.300884,2025-07-30 04:00:00
22.666666666666668,20.688196,2025-07-30 04:00:00
16.0,53.097675,2025-07-30 04:00:00
9.0,74.257866,2025-07-30 04:00:00
95.0,49.817616,2025-07-30 04:00:00
38.0,48.32574,2025-07-30 05:00:00
95.0,55.2499,2025-07-30 05:00:00
27.0,50.914272,2025-07-30 05:00:00
18.0,61.895874,2025-07-30 05:00:00
21.75,14.415874,2025-07-30 05:00:00
95.0,56.734665,2025-07-30 06:00:00
17.0,14.719962,2025-07-30 06:00:00
19.0,65.238,2025-07-30 06:00:00
20.0,52.93721,2025-07-30 06:00:00
33.0,51.363205,2025-07-30 06:00:00
24.0,19.713434,2025-07-30 07:00:00
22.0,70.15945,2025-07-30 07:00:00
14.0,81.08244,2025-07-30 07:00:00
25.0,55.22969,2025-07-30 07:00:00
29.0,59.770752,2025-07-30 08:00:00
22.0,69.09939,2025-07-30 08:00:00
25.0,54.81694,2025-07-30 08:00:00
30.33333333333333,26.621708,2025-07-30 08:00:00
22.0,68.021614,2025-07-30 09:00:00
51.0,55.867474,2025-07-30 09:00:00
30.33333333333333,26.759727,2025-07-30 09:00:00
36.0,58.696896,2025-07-30 09:00:00
41.0,69.03307,2025-07-30 10:00:00
68.0,63.312485,2025-07-30 10:00:00
22.0,68.991615,2025-07-30 10:00:00
56.333333333333336,24.588865,2025-07-30 10:00:00
50.0,62.600216,2025-07-30 11:00:00
58.0,66.19334,2025-07-30 11:00:00
76.75,24.819538,2025-07-30 11:00:00
45.0,61.113575,2025-07-30 11:00:00
81.75,20.46122,2025-07-30 12:00:00
75.0,62.333256,2025-07-30 12:00:00
50.0,62.447807,2025-07-30 12:00:00
45.0,62.54844,2025-07-30 12:00:00
62.0,64.28714,2025-07-30 13:00:00
24.0,93.93034,2025-07-30 13:00:00
66.5,24.34764,2025-07-30 13:00:00
75.0,65.61483,2025-07-30 13:00:00
17.0,72.66171,2025-07-30 14:00:00
84.0,70.04802,2025-07-30 14:00:00
7.0,67.96579,2025-07-30 14:00:00
23.5,29.90794,2025-07-30 14:00:00
17.0,80.58047,2025-07-30 15:00:00
16.0,68.06906,2025-07-30 15:00:00
18.5,29.76153,2025-07-30 15:00:00
84.0,71.602585,2025-07-30 15:00:00
8.0,65.57525,2025-07-30 16:00:00
17.0,32.89815,2025-07-30 16:00:00
64.0,76.4139,2025-07-30 16:00:00
13.0,74.57186,2025-07-30 16:00:00
11.0,82.32532,2025-07-30 17:00:00
61.0,75.12051,2025-07-30 17:00:00
17.0,32.72922,2025-07-30 17:00:00
8.0,67.716415,2025-07-30 17:00:00
17.0,80.29175,2025-07-30 18:00:00
66.0,83.53114,2025-07-30 18:00:00
17.0,27.041065,2025-07-30 18:00:00
8.0,67.80691,2025-07-30 18:00:00
17.0,83.555115,2025-07-30 19:00:00
23.0,70.46354,2025-07-30 19:00:00
25.75,29.618507,2025-07-30 19:00:00
112.0,76.13829,2025-07-30 19:00:00
114.0,75.59086,2025-07-30 19:00:00
13.0,111.03962,2025-07-30 20:00:00
33.0,79.00974,2025-07-30 20:00:00
132.0,84.411194,2025-07-30 20:00:00
25.75,33.893814,2025-07-30 20:00:00
25.0,66.750984,2025-07-30 20:00:00
24.0,113.12821,2025-07-30 21:00:00
31.0,85.10539,2025-07-30 21:00:00
123.0,84.55983,2025-07-30 21:00:00
35.0,75.62352,2025-07-30 21:00:00
33.75,34.66107,2025-07-30 21:00:00
43.75,34.66366,2025-07-30 22:00:00
27.0,91.186554,2025-07-30 22:00:00
44.0,79.810486,2025-07-30 22:00:00
28.0,113.03607,2025-07-30 22:00:00
84.0,95.39094,2025-07-30 22:00:00
70.0,83.686455,2025-07-30 23:00:00
39.333333333333336,37.4865,2025-07-30 23:00:00
44.0,77.154686,2025-07-30 23:00:00
48.0,89.05842,2025-07-30 23:00:00
20.0,117.51209,2025-07-30 23:00:00
31.0,80.50428,2025-07-31 00:00:00
45.0,75.382706,2025-07-31 00:00:00
33.0,81.2162,2025-07-31 00:00:00
75.0,87.54651,2025-07-31 00:00:00
40.0,37.845642,2025-07-31 00:00:00
51.25,33.75724,2025-07-31 01:00:00
48.0,76.01738,2025-07-31 01:00:00
56.0,63.741882,2025-07-31 01:00:00
30.0,67.35651,2025-07-31 01:00:00
51.0,78.22728,2025-07-31 01:00:00
57.5,31.00412,2025-07-31 02:00:00
66.0,55.247448,2025-07-31 02:00:00
48.0,71.15585,2025-07-31 02:00:00
47.0,58.94296,2025-07-31 02:00:00
51.0,76.54812,2025-07-31 02:00:00
47.0,60.535057,2025-07-31 03:00:00
58.0,70.45609,2025-07-31 03:00:00
48.25,27.798758,2025-07-31 03:00:00
107.0,68.41489,2025-07-31 03:00:00
36.0,82.45322,2025-07-31 03:00:00
36.0,71.57795,2025-07-31 04:00:00
110.0,70.15034,2025-07-31 04:00:00
47.0,61.840763,2025-07-31 04:00:00
18.25,30.289242,2025-07-31 04:00:00
9.0,65.40925,2025-07-31 04:00:00
24.0,63.44301,2025-07-31 05:00:00
12.25,28.893564,2025-07-31 05:00:00
42.0,76.70091,2025-07-31 05:00:00
6.0,64.51847,2025-07-31 05:00:00
6.0,66.49025,2025-07-31 05:00:00
3.0,77.19833,2025-07-31 06:00:00
11.5,33.3341,2025-07-31 06:00:00
6.0,62.38276,2025-07-31 06:00:00
91.0,71.34739,2025-07-31 06:00:00
11.0,69.45567,2025-07-31 06:00:00
16.75,34.43617,2025-07-31 07:00:00
25.0,69.06249,2025-07-31 07:00:00
70.0,67.87348,2025-07-31 07:00:00
2.0,67.20529,2025-07-31 07:00:00
22.5,35.900276,2025-07-31 08:00:00
64.0,77.94241,2025-07-31 08:00:00
79.0,84.262535,2025-07-31 08:00:00
24.0,85.788155,2025-07-31 08:00:00
62.0,76.60746,2025-07-31 09:00:00
99.0,91.87742,2025-07-31 09:00:00
63.0,91.90159,2025-07-31 09:00:00
40.25,36.84529,2025-07-31 09:00:00
52.5,43.969254,2025-07-31 10:00:00
89.0,95.41108,2025-07-31 10:00:00
102.0,88.95786,2025-07-31 10:00:00
81.0,80.46921,2025-07-31 10:00:00
162.0,117.20047,2025-07-31 11:00:00
56.5,53.42399,2025-07-31 11:00:00
128.0,90.54345,2025-07-31 11:00:00
75.0,85.555214,2025-07-31 11:00:00
59.0,89.361305,2025-07-31 11:00:00
69.0,96.09294,2025-07-31 12:00:00
45.0,87.40131,2025-07-31 12:00:00
81.0,100.65956,2025-07-31 12:00:00
122.0,93.61837,2025-07-31 12:00:00
50.25,57.797615,2025-07-31 12:00:00
80.0,81.74692,2025-07-31 13:00:00
45.0,55.22861,2025-07-31 13:00:00
97.0,84.58661,2025-07-31 13:00:00
63.0,79.77798,2025-07-31 13:00:00
110.0,85.91581,2025-07-31 13:00:00
56.0,91.89961,2025-07-31 14:00:00
80.0,89.18845,2025-07-31 14:00:00
39.25,43.644394,2025-07-31 14:00:00
96.0,87.146614,2025-07-31 14:00:00
64.0,79.66806,2025-07-31 14:00:00
38.0,79.71075,2025-07-31 15:00:00
38.5,47.395596,2025-07-31 15:00:00
96.0,92.80365,2025-07-31 15:00:00
58.0,80.31477,2025-07-31 15:00:00
127.0,76.55982,2025-07-31 15:00:00
38.0,98.22567,2025-07-31 16:00:00
51.0,95.1069,2025-07-31 16:00:00
146.0,90.3162,2025-07-31 16:00:00
38.5,47.571247,2025-07-31 16:00:00
73.0,79.33689,2025-07-31 16:00:00
108.0,90.514175,2025-07-31 17:00:00
46.0,84.05622,2025-07-31 17:00:00
69.0,76.3555,2025-07-31 17:00:00
30.75,51.106277,2025-07-31 17:00:00
63.0,80.776596,2025-07-31 18:00:00
80.0,92.89451,2025-07-31 18:00:00
94.0,100.98018,2025-07-31 18:00:00
69.0,109.70707,2025-07-31 18:00:00
39.25,58.1881,2025-07-31 18:00:00
80.0,98.88812,2025-07-31 19:00:00
67.0,101.32733,2025-07-31 19:00:00
55.0,85.25162,2025-07-31 19:00:00
116.0,103.87851,2025-07-31 19:00:00
41.5,57.36167,2025-07-31 19:00:00
39.25,51.03616,2025-07-31 20:00:00
58.0,94.43308,2025-07-31 20:00:00
73.0,76.63955,2025-07-31 20:00:00
91.0,97.52242,2025-07-31 20:00:00
64.0,143.09027,2025-07-31 20:00:00
72.0,138.6109,2025-07-31 21:00:00
30.5,44.53829,2025-07-31 21:00:00
45.0,110.2577,2025-07-31 21:00:00
90.0,112.735245,2025-07-31 21:00:00
53.0,94.02118,2025-07-31 21:00:00
78.0,91.97836,2025-07-31 22:00:00
35.0,103.13622,2025-07-31 22:00:00
33.25,44.791008,2025-07-31 22:00:00
83.0,141.4826,2025-07-31 22:00:00
89.0,110.32826,2025-07-31 22:00:00
38.0,46.90812,2025-07-31 23:00:00
80.0,95.134544,2025-07-31 23:00:00
75.0,88.480865,2025-07-31 23:00:00
84.0,141.67435,2025-07-31 23:00:00
22.0,91.24948,2025-07-31 23:00:00
56.0,73.97723,2025-08-01 00:00:00
99.0,80.91998,2025-08-01 00:00:00
105.0,76.675446,2025-08-01 00:00:00
34.25,41.996914,2025-08-01 00:00:00
88.0,85.90768,2025-08-01 00:00:00
101.0,96.74922,2025-08-01 01:00:00
70.0,95.593704,2025-08-01 01:00:00
33.75,39.59622,2025-08-01 01:00:00
88.0,106.09513,2025-08-01 01:00:00
80.0,75.033035,2025-08-01 01:00:00
163.0,90.87134,2025-08-01 02:00:00
129.0,105.58976,2025-08-01 02:00:00
33.75,41.421013,2025-08-01 02:00:00
48.0,85.619804,2025-08-01 02:00:00
80.0,75.73651,2025-08-01 02:00:00
22.75,39.96608,2025-08-01 03:00:00
111.0,87.59531,2025-08-01 03:00:00
47.0,92.1742,2025-08-01 03:00:00
133.0,74.22077,2025-08-01 03:00:00
75.0,95.93318,2025-08-01 03:00:00
67.0,68.48423,2025-08-01 04:00:00
121.0,88.865265,2025-08-01 04:00:00
28.0,34.760494,2025-08-01 04:00:00
68.0,88.76406,2025-08-01 04:00:00
52.0,112.305145,2025-08-01 04:00:00
111.0,89.019104,2025-08-01 05:00:00
56.0,73.39099,2025-08-01 05:00:00
58.0,58.244904,2025-08-01 05:00:00
130.0,75.5479,2025-08-01 05:00:00
30.25,30.194052,2025-08-01 05:00:00
41.0,34.395382,2025-08-01 06:00:00
111.0,95.36567,2025-08-01 06:00:00
78.0,47.596054,2025-08-01 06:00:00
89.0,56.994453,2025-08-01 06:00:00
55.0,66.102425,2025-08-01 06:00:00
96.0,77.296684,2025-08-01 07:00:00
64.0,60.103737,2025-08-01 07:00:00
223.0,84.67623,2025-08-01 07:00:00
41.0,56.744476,2025-08-01 07:00:00
52.5,42.276314,2025-08-01 07:00:00
84.0,90.88823,2025-08-01 08:00:00
204.0,89.8054,2025-08-01 08:00:00
50.75,50.64833,2025-08-01 08:00:00
105.0,62.30993,2025-08-01 08:00:00
89.0,77.27763,2025-08-01 08:00:00
169.0,102.60489,2025-08-01 09:00:00
108.0,79.178375,2025-08-01 09:00:00
86.0,85.10378,2025-08-01 09:00:00
105.0,83.33984,2025-08-01 09:00:00
45.75,55.604908,2025-08-01 09:00:00
99.0,106.0266,2025-08-01 10:00:00
112.0,118.06427,2025-08-01 10:00:00
51.5,49.929276,2025-08-01 10:00:00
158.0,100.27308,2025-08-01 10:00:00
124.0,85.67134,2025-08-01 10:00:00
183.0,99.03974,2025-08-01 11:00:00
102.0,76.59397,2025-08-01 11:00:00
53.25,53.846043,2025-08-01 11:00:00
112.0,89.27603,2025-08-01 11:00:00
160.0,106.57457,2025-08-01 11:00:00
88.0,70.39189,2025-08-01 12:00:00
134.0,98.91712,2025-08-01 12:00:00
49.5,75.56024,2025-08-01 12:00:00
182.0,87.35348,2025-08-01 12:00:00
103.0,79.0203,2025-08-01 12:00:00
46.5,49.444645,2025-08-01 13:00:00
78.0,71.233795,2025-08-01 13:00:00
96.0,95.439,2025-08-01 13:00:00
83.0,74.58802,2025-08-01 13:00:00
160.0,94.732574,2025-08-01 13:00:00
89.0,87.04089,2025-08-01 14:00:00
72.0,81.44179,2025-08-01 14:00:00
114.0,89.89361,2025-08-01 14:00:00
136.0,95.93885,2025-08-01 14:00:00
41.5,53.214806,2025-08-01 14:00:00
96.0,103.57542,2025-08-01 15:00:00
62.0,69.76766,2025-08-01 15:00:00
45.5,52.239334,2025-08-01 15:00:00
117.0,93.53056,2025-08-01 15:00:00
119.0,98.75139,2025-08-01 15:00:00
91.0,103.29471,2025-08-01 16:00:00
110.0,72.27022,2025-08-01 16:00:00
46.75,52.883293,2025-08-01 16:00:00
117.0,100.08361,2025-08-01 16:00:00
119.0,125.50096,2025-08-01 16:00:00
99.0,79.87225,2025-08-01 17:00:00
107.0,90.82276,2025-08-01 17:00:00
95.0,104.47498,2025-08-01 17:00:00
106.0,92.92211,2025-08-01 17:00:00
45.75,51.495857,2025-08-01 17:00:00
138.0,88.02064,2025-08-01 18:00:00
121.0,65.28179,2025-08-01 18:00:00
101.0,103.355034,2025-08-01 18:00:00
68.0,90.11997,2025-08-01 18:00:00
48.5,52.244873,2025-08-01 18:00:00
133.0,102.34326,2025-08-01 19:00:00
41.25,51.997757,2025-08-01 19:00:00
125.0,113.356544,2025-08-01 19:00:00
78.0,110.67066,2025-08-01 19:00:00
150.0,82.1617,2025-08-01 19:00:00
46.0,130.81425,2025-08-01 20:00:00
57.0,75.159935,2025-08-01 20:00:00
41.75,50.096977,2025-08-01 20:00:00
77.0,126.76214,2025-08-01 20:00:00
79.0,102.00227,2025-08-01 20:00:00
39.0,126.55489,2025-08-01 21:00:00
41.75,55.37106,2025-08-01 21:00:00
121.0,98.27917,2025-08-01 21:00:00
72.0,90.92595,2025-08-01 21:00:00
62.0,78.61552,2025-08-01 21:00:00
42.0,81.160965,2025-08-01 22:00:00
36.25,53.580223,2025-08-01 22:00:00
59.0,93.542946,2025-08-01 22:00:00
185.0,113.89885,2025-08-01 22:00:00
25.0,129.55464,2025-08-01 22:00:00
130.0,127.75813,2025-08-01 23:00:00
42.0,77.55517,2025-08-01 23:00:00
40.0,112.89277,2025-08-01 23:00:00
32.666666666666664,53.189255,2025-08-01 23:00:00
39.0,130.61069,2025-08-01 23:00:00
114.0,106.11361,2025-08-02 00:00:00
34.0,98.71403,2025-08-02 00:00:00
46.0,73.066696,2025-08-02 00:00:00
36.25,44.327824,2025-08-02 00:00:00
45.0,99.50341,2025-08-02 00:00:00
53.0,76.08074,2025-08-02 01:00:00
31.0,80.53484,2025-08-02 01:00:00
57.0,82.68218,2025-08-02 01:00:00
91.0,100.947235,2025-08-02 01:00:00
27.0,40.48978,2025-08-02 01:00:00
47.0,68.99576,2025-08-02 02:00:00
57.0,89.318306,2025-08-02 02:00:00
19.5,40.024193,2025-08-02 02:00:00
18.0,93.6806,2025-08-02 02:00:00
39.0,108.462845,2025-08-02 02:00:00
39.0,82.282875,2025-08-02 03:00:00
97.0,80.53079,2025-08-02 03:00:00
15.666666666666666,36.765263,2025-08-02 03:00:00
13.0,89.65919,2025-08-02 03:00:00
13.0,80.50866,2025-08-02 03:00:00
39.0,85.73762,2025-08-02 04:00:00
16.25,33.399555,2025-08-02 04:00:00
11.0,68.17924,2025-08-02 04:00:00
25.0,73.90286,2025-08-02 04:00:00
18.0,85.096695,2025-08-02 04:00:00
14.0,59.87004,2025-08-02 05:00:00
23.25,29.692509,2025-08-02 05:00:00
29.0,81.6319,2025-08-02 05:00:00
39.0,93.954346,2025-08-02 05:00:00
35.0,85.07504,2025-08-02 05:00:00
35.0,90.0816,2025-08-02 06:00:00
34.0,80.12434,2025-08-02 06:00:00
40.0,70.75713,2025-08-02 06:00:00
24.0,39.60077,2025-08-02 06:00:00
38.0,72.44908,2025-08-02 06:00:00
53.0,108.94491,2025-08-02 07:00:00
52.0,102.30886,2025-08-02 07:00:00
30.0,45.160503,2025-08-02 07:00:00
40.0,80.24816,2025-08-02 07:00:00
40.0,66.05967,2025-08-02 07:00:00
61.0,85.7876,2025-08-02 08:00:00
38.25,50.21641,2025-08-02 08:00:00
117.0,93.406746,2025-08-02 08:00:00
66.0,122.36713,2025-08-02 08:00:00
74.0,93.98188,2025-08-02 08:00:00
46.0,50.707638,2025-08-02 09:00:00
121.0,87.69342,2025-08-02 09:00:00
92.0,122.16569,2025-08-02 09:00:00
99.0,90.329926,2025-08-02 09:00:00
89.0,91.17904,2025-08-02 09:00:00
96.0,118.63318,2025-08-02 10:00:00
122.0,94.200676,2025-08-02 10:00:00
51.5,47.265926,2025-08-02 10:00:00
102.0,96.42268,2025-08-02 10:00:00
110.0,121.630844,2025-08-02 10:00:00
121.0,107.059586,2025-08-02 11:00:00
107.0,127.78606,2025-08-02 11:00:00
186.0,109.35778,2025-08-02 11:00:00
53.5,51.785145,2025-08-02 11:00:00
102.0,93.67332,2025-08-02 11:00:00
60.5,52.33249,2025-08-02 12:00:00
106.0,77.794365,2025-08-02 12:00:00
123.0,120.64485,2025-08-02 12:00:00
121.0,111.42112,2025-08-02 12:00:00
122.0,91.03462,2025-08-02 12:00:00
111.0,77.03345,2025-08-02 13:00:00
59.75,51.32481,2025-08-02 13:00:00
153.0,86.282486,2025-08-02 13:00:00
80.0,114.105606,2025-08-02 13:00:00
121.0,76.91507,2025-08-02 13:00:00
61.5,44.98528,2025-08-02 14:00:00
122.0,83.35411,2025-08-02 14:00:00
172.0,97.74433,2025-08-02 14:00:00
124.0,69.30233,2025-08-02 14:00:00
73.0,103.09487,2025-08-02 14:00:00
96.0,104.73308,2025-08-02 15:00:00
68.0,46.90567,2025-08-02 15:00:00
101.0,70.95535,2025-08-02 15:00:00
134.0,81.88868,2025-08-02 15:00:00
177.0,91.24975,2025-08-02 15:00:00
160.0,80.91213,2025-08-02 16:00:00
67.25,44.084248,2025-08-02 16:00:00
141.0,100.17046,2025-08-02 16:00:00
155.0,82.66834,2025-08-02 16:00:00
172.0,89.063866,2025-08-02 16:00:00
163.0,85.72852,2025-08-02 17:00:00
166.0,72.84573,2025-08-02 17:00:00
67.75,45.048073,2025-08-02 17:00:00
188.0,90.52678,2025-08-02 17:00:00
177.0,90.61941,2025-08-02 17:00:00
230.0,85.43179,2025-08-02 18:00:00
66.5,45.911945,2025-08-02 18:00:00
178.0,82.46962,2025-08-02 18:00:00
166.0,97.36389,2025-08-02 18:00:00
141.0,86.6661,2025-08-02 18:00:00
206.0,92.834114,2025-08-02 19:00:00
217.0,117.87607,2025-08-02 19:00:00
204.0,98.03192,2025-08-02 19:00:00
63.0,44.010983,2025-08-02 19:00:00
145.0,86.359886,2025-08-02 19:00:00
213.0,102.9589,2025-08-02 20:00:00
213.0,97.01224,2025-08-02 20:00:00
150.0,80.49174,2025-08-02 20:00:00
162.0,65.294304,2025-08-02 20:00:00
61.25,50.490524,2025-08-02 20:00:00
200.0,120.033676,2025-08-02 21:00:00
194.0,133.44028,2025-08-02 21:00:00
158.0,82.15378,2025-08-02 21:00:00
61.25,52.259926,2025-08-02 21:00:00
182.0,79.70226,2025-08-02 21:00:00
193.0,131.7427,2025-08-02 22:00:00
195.0,119.52656,2025-08-02 22:00:00
177.0,99.75079,2025-08-02 22:00:00
64.5,53.495743,2025-08-02 22:00:00
139.0,84.36479,2025-08-02 22:00:00
122.0,84.563255,2025-08-02 23:00:00
197.0,112.147995,2025-08-02 23:00:00
196.0,101.45285,2025-08-02 23:00:00
66.66666666666667,48.1643,2025-08-02 23:00:00
149.0,114.389534,2025-08-02 23:00:00
139.0,83.58011,2025-08-03 00:00:00
156.0,66.40352,2025-08-03 00:00:00
144.0,105.17231,2025-08-03 00:00:00
67.75,43.11915,2025-08-03 00:00:00
190.0,79.79382,2025-08-03 00:00:00
66.0,41.32157,2025-08-03 01:00:00
157.0,84.43259,2025-08-03 01:00:00
135.0,93.598885,2025-08-03 01:00:00
135.0,71.29262,2025-08-03 01:00:00
180.0,68.165276,2025-08-03 01:00:00
138.0,74.242256,2025-08-03 02:00:00
111.0,85.86735,2025-08-03 02:00:00
167.0,60.70309,2025-08-03 02:00:00
124.0,63.152058,2025-08-03 02:00:00
59.75,34.72088,2025-08-03 02:00:00
116.0,62.42353,2025-08-03 03:00:00
55.5,37.70319,2025-08-03 03:00:00
95.0,82.33899,2025-08-03 03:00:00
210.0,71.03591,2025-08-03 03:00:00
134.0,90.73447,2025-08-03 03:00:00
53.0,33.21325,2025-08-03 04:00:00
105.0,47.261955,2025-08-03 04:00:00
171.0,95.677055,2025-08-03 04:00:00
92.0,60.8242,2025-08-03 04:00:00
86.0,75.36276,2025-08-03 04:00:00
79.0,54.693535,2025-08-03 05:00:00
75.0,47.701717,2025-08-03 05:00:00
128.0,99.31979,2025-08-03 05:00:00
50.0,34.9335,2025-08-03 05:00:00
78.0,72.94944,2025-08-03 05:00:00
129.0,92.385605,2025-08-03 06:00:00
91.0,65.119736,2025-08-03 06:00:00
77.0,81.01667,2025-08-03 06:00:00
92.0,57.338776,2025-08-03 06:00:00
49.25,31.460653,2025-08-03 06:00:00
49.25,43.38339,2025-08-03 07:00:00
67.0,91.11578,2025-08-03 07:00:00
108.0,96.57379,2025-08-03 07:00:00
194.0,112.97184,2025-08-03 07:00:00
35.0,61.706738,2025-08-03 07:00:00
202.0,106.05762,2025-08-03 08:00:00
51.0,52.340862,2025-08-03 08:00:00
90.0,106.43012,2025-08-03 08:00:00
99.0,87.97645,2025-08-03 08:00:00
91.0,115.85213,2025-08-03 08:00:00
50.0,101.32961,2025-08-03 09:00:00
52.25,58.031513,2025-08-03 09:00:00
261.0,113.83599,2025-08-03 09:00:00
122.0,98.75656,2025-08-03 09:00:00
122.0,107.99213,2025-08-03 09:00:00
57.0,127.31711,2025-08-03 10:00:00
103.0,102.35209,2025-08-03 10:00:00
127.0,108.51029,2025-08-03 10:00:00
249.0,111.95688,2025-08-03 10:00:00
58.0,52.7473,2025-08-03 10:00:00
152.0,113.881424,2025-08-03 11:00:00
54.25,47.542885,2025-08-03 11:00:00
97.0,119.25046,2025-08-03 11:00:00
122.0,105.85775,2025-08-03 11:00:00
201.0,134.86124,2025-08-03 11:00:00
58.0,56.187134,2025-08-03 12:00:00
175.0,114.30198,2025-08-03 12:00:00
118.0,100.640724,2025-08-03 12:00:00
110.0,105.23593,2025-08-03 12:00:00
143.0,114.92482,2025-08-03 12:00:00
121.0,91.716934,2025-08-03 13:00:00
65.5,49.654896,2025-08-03 13:00:00
112.0,91.8559,2025-08-03 13:00:00
122.0,98.27088,2025-08-03 13:00:00
151.0,111.42183,2025-08-03 13:00:00
107.0,105.69238,2025-08-03 14:00:00
105.0,80.78072,2025-08-03 14:00:00
64.25,54.968586,2025-08-03 14:00:00
138.0,105.10754,2025-08-03 14:00:00
201.0,105.48271,2025-08-03 14:00:00
68.0,60.69266,2025-08-03 15:00:00
106.0,98.853455,2025-08-03 15:00:00
81.0,81.461334,2025-08-03 15:00:00
164.0,110.25957,2025-08-03 15:00:00
174.0,102.86198,2025-08-03 15:00:00
112.0,94.07565,2025-08-03 16:00:00
69.5,62.0503,2025-08-03 16:00:00
114.0,111.526024,2025-08-03 16:00:00
158.0,111.06165,2025-08-03 16:00:00
147.0,118.68109,2025-08-03 16:00:00
174.0,112.11579,2025-08-03 17:00:00
151.0,134.29858,2025-08-03 17:00:00
73.5,69.77086,2025-08-03 17:00:00
140.0,96.2274,2025-08-03 17:00:00
130.0,107.48838,2025-08-03 17:00:00
132.0,98.39326,2025-08-03 18:00:00
133.0,134.96892,2025-08-03 18:00:00
64.5,72.76277,2025-08-03 18:00:00
127.0,97.21763,2025-08-03 18:00:00
178.0,114.4251,2025-08-03 18:00:00
112.0,107.41785,2025-08-03 19:00:00
116.0,112.544014,2025-08-03 19:00:00
107.0,142.18655,2025-08-03 19:00:00
174.0,113.19145,2025-08-03 19:00:00
70.5,71.848366,2025-08-03 19:00:00
138.0,135.2953,2025-08-03 20:00:00
65.0,69.51481,2025-08-03 20:00:00
125.0,104.271484,2025-08-03 20:00:00
80.0,111.796524,2025-08-03 20:00:00
127.0,149.48474,2025-08-03 20:00:00
94.0,137.8369,2025-08-03 21:00:00
41.25,68.36272,2025-08-03 21:00:00
141.0,145.36606,2025-08-03 21:00:00
80.0,119.91493,2025-08-03 21:00:00
69.0,110.50881,2025-08-03 21:00:00
43.25,81.262375,2025-08-03 22:00:00
61.0,123.56282,2025-08-03 22:00:00
59.0,145.57248,2025-08-03 22:00:00
69.0,118.201645,2025-08-03 22:00:00
141.0,130.20042,2025-08-03 22:00:00
146.0,131.13773,2025-08-03 23:00:00
59.0,137.62817,2025-08-03 23:00:00
77.0,105.75461,2025-08-03 23:00:00
100.0,109.83603,2025-08-03 23:00:00
46.0,72.55059,2025-08-03 23:00:00
72.0,125.79381,2025-08-04 00:00:00
49.25,67.51894,2025-08-04 00:00:00
182.0,158.52542,2025-08-04 00:00:00
92.0,114.58609,2025-08-04 00:00:00
74.0,118.646164,2025-08-04 00:00:00
95.0,123.645454,2025-08-04 01:00:00
86.0,133.13403,2025-08-04 01:00:00
130.0,118.94729,2025-08-04 01:00:00
53.75,58.42515,2025-08-04 01:00:00
153.0,155.21648,2025-08-04 01:00:00
108.0,144.15479,2025-08-04 02:00:00
96.0,105.21394,2025-08-04 02:00:00
72.0,99.88663,2025-08-04 02:00:00
44.75,56.17601,2025-08-04 02:00:00
85.0,111.8012,2025-08-04 02:00:00
92.0,134.72319,2025-08-04 03:00:00
57.0,111.44981,2025-08-04 03:00:00
37.75,57.39363,2025-08-04 03:00:00
67.0,100.21884,2025-08-04 03:00:00
68.0,105.74734,2025-08-04 03:00:00
63.0,93.82083,2025-08-04 04:00:00
68.0,101.88717,2025-08-04 04:00:00
91.0,152.77188,2025-08-04 04:00:00
37.25,52.64281,2025-08-04 04:00:00
44.0,88.10178,2025-08-04 04:00:00
67.0,99.57744,2025-08-04 05:00:00
53.0,130.78967,2025-08-04 05:00:00
72.0,70.99427,2025-08-04 05:00:00
38.5,47.14445,2025-08-04 05:00:00
67.0,88.90494,2025-08-04 05:00:00
69.0,129.75581,2025-08-04 06:00:00
68.0,95.82837,2025-08-04 06:00:00
35.25,39.53648,2025-08-04 06:00:00
67.0,123.41432,2025-08-04 06:00:00
89.0,85.62633,2025-08-04 06:00:00
85.0,126.58851,2025-08-04 07:00:00
79.0,103.57935,2025-08-04 07:00:00
38.0,42.445934,2025-08-04 07:00:00
173.0,97.40726,2025-08-04 07:00:00
101.0,131.41902,2025-08-04 07:00:00
84.0,117.52029,2025-08-04 08:00:00
37.75,56.935066,2025-08-04 08:00:00
102.0,145.72932,2025-08-04 08:00:00
97.0,108.37032,2025-08-04 08:00:00
138.0,151.06737,2025-08-04 08:00:00
42.75,62.219444,2025-08-04 09:00:00
132.0,118.93533,2025-08-04 09:00:00
85.0,122.80303,2025-08-04 09:00:00
158.0,169.55597,2025-08-04 09:00:00
122.0,118.88352,2025-08-04 09:00:00
94.0,125.67194,2025-08-04 10:00:00
49.0,68.23719,2025-08-04 10:00:00
134.0,157.02393,2025-08-04 10:00:00
186.0,124.021164,2025-08-04 10:00:00
67.0,128.26898,2025-08-04 10:00:00
151.0,124.39776,2025-08-04 11:00:00
90.0,127.9851,2025-08-04 11:00:00
49.5,65.76844,2025-08-04 11:00:00
67.0,149.13295,2025-08-04 11:00:00
151.0,150.11581,2025-08-04 11:00:00
47.25,61.268723,2025-08-04 12:00:00
158.0,168.55223,2025-08-04 12:00:00
86.0,124.53296,2025-08-04 12:00:00
156.0,147.59018,2025-08-04 12:00:00
103.0,113.52676,2025-08-04 12:00:00
130.0,130.98186,2025-08-04 13:00:00
90.0,115.12955,2025-08-04 13:00:00
95.0,108.76104,2025-08-04 13:00:00
145.0,176.75162,2025-08-04 13:00:00
45.25,61.669014,2025-08-04 13:00:00
125.0,156.50716,2025-08-04 14:00:00
111.0,104.49355,2025-08-04 14:00:00
110.0,134.58165,2025-08-04 14:00:00
95.0,110.071396,2025-08-04 14:00:00
49.25,57.935665,2025-08-04 14:00:00
152.0,92.86598,2025-08-04 15:00:00
85.0,147.42162,2025-08-04 15:00:00
138.0,145.55614,2025-08-04 15:00:00
96.0,122.38636,2025-08-04 15:00:00
53.5,68.36392,2025-08-04 15:00:00
52.0,71.56871,2025-08-04 16:00:00
72.0,151.44994,2025-08-04 16:00:00
157.0,137.96208,2025-08-04 16:00:00
108.0,122.593315,2025-08-04 16:00:00
97.0,107.32799,2025-08-04 16:00:00
161.0,141.28415,2025-08-04 17:00:00
101.0,122.43023,2025-08-04 17:00:00
100.0,111.52501,2025-08-04 17:00:00
48.5,72.38845,2025-08-04 17:00:00
107.0,138.90749,2025-08-04 17:00:00
105.0,98.79113,2025-08-04 18:00:00
150.0,155.64145,2025-08-04 18:00:00
46.75,66.57788,2025-08-04 18:00:00
95.0,101.79779,2025-08-04 18:00:00
147.0,138.95755,2025-08-04 18:00:00
207.0,146.8734,2025-08-04 19:00:00
45.25,65.133835,2025-08-04 19:00:00
145.0,156.1113,2025-08-04 19:00:00
78.0,110.09111,2025-08-04 19:00:00
97.0,98.645134,2025-08-04 19:00:00
35.75,72.18172,2025-08-04 20:00:00
36.0,95.861885,2025-08-04 20:00:00
196.0,142.59383,2025-08-04 20:00:00
117.0,101.517334,2025-08-04 20:00:00
158.0,146.71016,2025-08-04 20:00:00
46.0,92.74712,2025-08-04 21:00:00
81.0,105.85711,2025-08-04 21:00:00
153.0,163.9215,2025-08-04 21:00:00
41.75,62.081093,2025-08-04 21:00:00
129.0,132.28394,2025-08-04 21:00:00
136.0,150.23827,2025-08-04 22:00:00
84.0,101.971825,2025-08-04 22:00:00
132.0,130.2776,2025-08-04 22:00:00
43.0,57.10241,2025-08-04 22:00:00
97.0,126.63236,2025-08-04 22:00:00
147.0,150.12225,2025-08-04 23:00:00
157.0,129.66019,2025-08-04 23:00:00
39.0,50.964153,2025-08-04 23:00:00
108.0,99.78046,2025-08-04 23:00:00
86.0,97.58327,2025-08-04 23:00:00
129.0,86.19191,2025-08-05 00:00:00
79.0,105.34294,2025-08-05 00:00:00
59.0,89.251076,2025-08-05 00:00:00
127.0,145.48337,2025-08-05 00:00:00
44.5,44.298225,2025-08-05 00:00:00
44.25,43.552547,2025-08-05 01:00:00
46.0,90.95126,2025-08-05 01:00:00
84.0,106.79638,2025-08-05 01:00:00
45.0,139.45692,2025-08-05 01:00:00
95.0,98.53295,2025-08-05 01:00:00
59.0,83.54451,2025-08-05 02:00:00
47.0,40.543446,2025-08-05 02:00:00
61.0,141.14148,2025-08-05 02:00:00
89.0,101.103165,2025-08-05 02:00:00
57.0,86.95357,2025-08-05 02:00:00
63.0,84.04952,2025-08-05 03:00:00
40.0,82.47115,2025-08-05 03:00:00
42.75,41.277344,2025-08-05 03:00:00
95.0,134.80719,2025-08-05 03:00:00
89.0,101.40578,2025-08-05 03:00:00
39.75,37.170486,2025-08-05 04:00:00
103.0,118.426094,2025-08-05 04:00:00
75.0,73.74098,2025-08-05 04:00:00
90.0,96.498474,2025-08-05 04:00:00
40.0,68.54192,2025-08-05 04:00:00
91.0,100.284096,2025-08-05 05:00:00
108.0,102.92397,2025-08-05 05:00:00
70.0,81.70546,2025-08-05 05:00:00
69.0,72.513756,2025-08-05 05:00:00
43.0,36.812523,2025-08-05 05:00:00
96.0,68.83695,2025-08-05 06:00:00
62.0,84.845055,2025-08-05 06:00:00
168.0,121.03468,2025-08-05 06:00:00
43.5,40.6093,2025-08-05 06:00:00
89.0,105.17925,2025-08-05 06:00:00
125.0,141.07092,2025-08-05 07:00:00
41.5,47.29636,2025-08-05 07:00:00
141.0,128.98125,2025-08-05 07:00:00
63.0,78.98017,2025-08-05 07:00:00
160.0,90.79343,2025-08-05 07:00:00
79.0,101.21605,2025-08-05 08:00:00
173.0,133.04341,2025-08-05 08:00:00
40.66666666666666,53.06483,2025-08-05 08:00:00
153.0,122.50208,2025-08-05 08:00:00
89.0,91.84414,2025-08-05 08:00:00
40.75,57.62405,2025-08-05 09:00:00
218.0,126.98137,2025-08-05 09:00:00
111.0,100.3872,2025-08-05 09:00:00
124.0,146.57777,2025-08-05 09:00:00
90.0,94.7408,2025-08-05 09:00:00
110.0,160.90498,2025-08-05 10:00:00
42.25,54.966248,2025-08-05 10:00:00
95.0,87.49202,2025-08-05 10:00:00
130.0,119.13821,2025-08-05 10:00:00
81.0,96.31386,2025-08-05 10:00:00
53.0,86.71603,2025-08-05 11:00:00
133.0,124.75205,2025-08-05 11:00:00
77.0,158.81844,2025-08-05 11:00:00
103.0,100.09195,2025-08-05 11:00:00
52.333333333333336,48.890842,2025-08-05 11:00:00
105.0,94.63694,2025-08-05 12:00:00
52.333333333333336,52.971252,2025-08-05 12:00:00
103.0,96.960846,2025-08-05 12:00:00
155.0,121.132454,2025-08-05 12:00:00
69.0,148.66577,2025-08-05 12:00:00
107.0,140.35593,2025-08-05 13:00:00
106.0,92.36949,2025-08-05 13:00:00
52.333333333333336,52.22175,2025-08-05 13:00:00
149.0,119.38284,2025-08-05 13:00:00
134.0,88.49093,2025-08-05 13:00:00
141.0,135.36417,2025-08-05 14:00:00
167.0,104.80895,2025-08-05 14:00:00
163.0,84.1117,2025-08-05 14:00:00
52.333333333333336,53.688667,2025-08-05 14:00:00
112.0,88.28437,2025-08-05 14:00:00
164.0,98.38239,2025-08-05 15:00:00
177.0,107.15781,2025-08-05 15:00:00
122.0,95.416245,2025-08-05 15:00:00
150.0,125.89993,2025-08-05 15:00:00
144.0,85.49812,2025-08-05 16:00:00
174.0,109.9147,2025-08-05 16:00:00
269.0,114.364655,2025-08-05 16:00:00
129.0,93.51462,2025-08-05 16:00:00
37.0,44.64577,2025-08-05 16:00:00
218.0,102.27472,2025-08-05 17:00:00
155.0,111.848854,2025-08-05 17:00:00
119.0,85.17764,2025-08-05 17:00:00
99.5,48.35815,2025-08-05 17:00:00
130.0,94.204765,2025-08-05 17:00:00
128.0,93.26559,2025-08-05 18:00:00
200.0,125.55071,2025-08-05 18:00:00
136.0,86.6327,2025-08-05 18:00:00
102.75,44.764515,2025-08-05 18:00:00
145.0,102.60622,2025-08-05 18:00:00
70.0,90.544,2025-08-05 19:00:00
106.5,46.560852,2025-08-05 19:00:00
205.0,119.95371,2025-08-05 19:00:00
190.0,155.50543,2025-08-05 19:00:00
134.0,88.53512,2025-08-05 19:00:00
123.0,89.450226,2025-08-05 20:00:00
133.0,92.803314,2025-08-05 20:00:00
107.0,48.006947,2025-08-05 20:00:00
184.0,148.28542,2025-08-05 20:00:00
191.0,126.114685,2025-08-05 20:00:00
153.0,147.92752,2025-08-05 21:00:00
129.0,96.314835,2025-08-05 21:00:00
151.0,95.05495,2025-08-05 21:00:00
107.0,50.156033,2025-08-05 21:00:00
130.0,177.28807,2025-08-05 21:00:00
138.0,95.17503,2025-08-05 22:00:00
191.0,101.105675,2025-08-05 22:00:00
121.0,174.12726,2025-08-05 22:00:00
173.0,158.9343,2025-08-05 22:00:00
110.5,53.15897,2025-08-05 22:00:00
182.0,156.404,2025-08-05 23:00:00
131.0,47.84528,2025-08-05 23:00:00
179.0,88.01171,2025-08-05 23:00:00
174.0,101.42451,2025-08-05 23:00:00
166.0,164.09377,2025-08-05 23:00:00
129.25,34.67244,2025-08-06 00:00:00
139.0,83.632645,2025-08-06 00:00:00
282.0,145.02936,2025-08-06 00:00:00
111.0,101.58219,2025-08-06 00:00:00
167.0,62.040695,2025-08-06 00:00:00
97.0,87.56818,2025-08-06 01:00:00
150.0,70.57735,2025-08-06 01:00:00
156.0,74.52444,2025-08-06 01:00:00
228.0,96.7467,2025-08-06 01:00:00
90.75,29.904095,2025-08-06 01:00:00
97.0,72.872635,2025-08-06 02:00:00
199.0,94.2157,2025-08-06 02:00:00
119.0,53.55934,2025-08-06 02:00:00
69.75,29.520594,2025-08-06 02:00:00
75.0,67.03314,2025-08-06 02:00:00
136.0,97.567474,2025-08-06 03:00:00
73.0,85.14533,2025-08-06 03:00:00
62.75,30.96366,2025-08-06 03:00:00
66.0,54.011116,2025-08-06 03:00:00
79.0,66.67897,2025-08-06 03:00:00
61.0,30.093304,2025-08-06 04:00:00
75.0,54.879787,2025-08-06 04:00:00
72.0,78.2504,2025-08-06 04:00:00
156.0,86.495804,2025-08-06 04:00:00
68.0,71.68579,2025-08-06 04:00:00
62.0,71.26223,2025-08-06 05:00:00
67.0,49.916424,2025-08-06 05:00:00
57.75,30.610186,2025-08-06 05:00:00
118.0,96.790276,2025-08-06 05:00:00
67.0,63.77014,2025-08-06 05:00:00
171.0,116.872574,2025-08-06 06:00:00
83.0,73.219154,2025-08-06 06:00:00
85.0,66.752945,2025-08-06 06:00:00
68.0,55.723835,2025-08-06 06:00:00
60.0,35.018383,2025-08-06 06:00:00
145.0,101.74245,2025-08-06 07:00:00
95.0,67.11495,2025-08-06 07:00:00
63.0,38.658466,2025-08-06 07:00:00
157.0,74.72864,2025-08-06 07:00:00
118.0,138.5977,2025-08-06 07:00:00
88.0,84.22011,2025-08-06 08:00:00
73.75,40.8998,2025-08-06 08:00:00
205.0,155.13992,2025-08-06 08:00:00
111.0,72.81551,2025-08-06 08:00:00
121.0,126.46204,2025-08-06 08:00:00
90.0,82.89341,2025-08-06 09:00:00
226.0,132.50652,2025-08-06 09:00:00
82.5,45.90806,2025-08-06 09:00:00
240.0,126.66002,2025-08-06 09:00:00
140.0,81.29958,2025-08-06 09:00:00
86.0,41.6921,2025-08-06 10:00:00
241.0,126.94418,2025-08-06 10:00:00
117.0,74.47077,2025-08-06 10:00:00
90.0,75.11112,2025-08-06 10:00:00
124.0,124.1106,2025-08-06 10:00:00
254.0,102.54074,2025-08-06 11:00:00
86.5,37.571335,2025-08-06 11:00:00
129.0,117.20417,2025-08-06 11:00:00
111.0,79.361084,2025-08-06 11:00:00
63.0,76.24778,2025-08-06 11:00:00
305.0,100.31864,2025-08-06 12:00:00
88.0,40.22691,2025-08-06 12:00:00
110.0,74.33119,2025-08-06 12:00:00
119.0,80.88845,2025-08-06 12:00:00
107.0,118.84679,2025-08-06 12:00:00
300.0,103.43999,2025-08-06 13:00:00
106.0,70.49532,2025-08-06 13:00:00
123.0,124.10064,2025-08-06 13:00:00
89.5,38.48937,2025-08-06 13:00:00
136.0,89.46557,2025-08-06 13:00:00
257.0,113.62086,2025-08-06 14:00:00
119.0,117.73237,2025-08-06 14:00:00
133.0,85.736046,2025-08-06 14:00:00
105.0,78.38227,2025-08-06 14:00:00
90.75,39.682148,2025-08-06 14:00:00
124.0,90.01092,2025-08-06 15:00:00
123.0,100.9203,2025-08-06 15:00:00
116.0,125.74686,2025-08-06 15:00:00
245.0,123.44153,2025-08-06 15:00:00
128.0,76.88228,2025-08-06 16:00:00
124.0,114.94055,2025-08-06 16:00:00
94.5,42.683178,2025-08-06 16:00:00
100.0,85.86353,2025-08-06 16:00:00
277.0,127.97799,2025-08-06 16:00:00
222.0,142.36188,2025-08-06 17:00:00
133.0,77.63909,2025-08-06 17:00:00
138.0,117.88207,2025-08-06 17:00:00
100.0,55.179714,2025-08-06 17:00:00
116.0,81.38813,2025-08-06 17:00:00
102.0,84.219086,2025-08-06 18:00:00
96.75,55.674297,2025-08-06 18:00:00
122.0,86.38634,2025-08-06 18:00:00
140.0,112.9275,2025-08-06 18:00:00
271.0,141.69765,2025-08-06 18:00:00
89.0,78.71682,2025-08-06 19:00:00
147.0,124.49767,2025-08-06 19:00:00
128.0,91.81309,2025-08-06 19:00:00
287.0,137.25014,2025-08-06 19:00:00
91.0,74.16826,2025-08-06 19:00:00
266.0,141.4649,2025-08-06 20:00:00
95.0,86.45746,2025-08-06 20:00:00
132.0,97.14332,2025-08-06 20:00:00
123.0,87.59952,2025-08-06 20:00:00
158.0,159.47559,2025-08-06 20:00:00
133.0,103.102974,2025-08-06 21:00:00
151.0,117.69914,2025-08-06 21:00:00
104.5,84.89649,2025-08-06 21:00:00
368.0,169.31892,2025-08-06 21:00:00
155.0,151.33687,2025-08-06 21:00:00
417.0,144.87071,2025-08-06 22:00:00
101.5,69.93486,2025-08-06 22:00:00
141.0,99.957985,2025-08-06 22:00:00
143.0,123.680725,2025-08-06 22:00:00
167.0,154.84549,2025-08-06 22:00:00
503.0,177.29636,2025-08-06 23:00:00
134.0,110.64825,2025-08-06 23:00:00
119.0,120.530464,2025-08-06 23:00:00
144.0,148.14398,2025-08-06 23:00:00
97.0,81.701096,2025-08-06 23:00:00
113.0,113.7875,2025-08-07 00:00:00
459.0,187.00337,2025-08-07 00:00:00
89.0,93.5041,2025-08-07 00:00:00
150.0,112.19733,2025-08-07 00:00:00
133.0,127.668884,2025-08-07 00:00:00
168.0,123.85157,2025-08-07 01:00:00
117.0,114.24024,2025-08-07 01:00:00
108.0,109.22079,2025-08-07 01:00:00
428.0,170.7938,2025-08-07 01:00:00
85.75,89.06694,2025-08-07 01:00:00
92.0,100.99315,2025-08-07 02:00:00
132.0,103.761986,2025-08-07 02:00:00
263.0,172.69301,2025-08-07 02:00:00
75.25,82.46911,2025-08-07 02:00:00
84.0,83.07931,2025-08-07 02:00:00
68.0,85.81904,2025-08-07 03:00:00
74.5,76.924225,2025-08-07 03:00:00
96.0,129.0989,2025-08-07 03:00:00
151.0,155.35973,2025-08-07 03:00:00
80.0,104.43838,2025-08-07 03:00:00
157.0,151.38744,2025-08-07 04:00:00
88.0,114.95534,2025-08-07 04:00:00
81.0,95.54914,2025-08-07 04:00:00
70.0,84.578316,2025-08-07 04:00:00
66.75,68.926056,2025-08-07 04:00:00
84.0,88.41312,2025-08-07 05:00:00
60.75,70.635666,2025-08-07 05:00:00
73.0,88.33048,2025-08-07 05:00:00
81.0,112.763985,2025-08-07 05:00:00
110.0,135.39365,2025-08-07 05:00:00
60.75,71.66616,2025-08-07 06:00:00
89.0,87.8066,2025-08-07 06:00:00
84.0,109.01454,2025-08-07 06:00:00
173.0,146.8004,2025-08-07 06:00:00
68.0,87.178894,2025-08-07 06:00:00
122.0,107.69921,2025-08-07 07:00:00
271.0,151.49225,2025-08-07 07:00:00
79.0,93.062744,2025-08-07 07:00:00
140.0,138.8309,2025-08-07 07:00:00
69.25,74.30584,2025-08-07 07:00:00
77.5,83.948235,2025-08-07 08:00:00
143.0,95.55508,2025-08-07 08:00:00
376.0,168.58249,2025-08-07 08:00:00
88.0,91.16811,2025-08-07 08:00:00
179.0,150.2612,2025-08-07 08:00:00
251.0,197.7349,2025-08-07 09:00:00
135.0,98.517235,2025-08-07 09:00:00
83.5,88.267296,2025-08-07 09:00:00
110.0,110.56742,2025-08-07 09:00:00
200.0,169.13951,2025-08-07 09:00:00
82.0,85.28221,2025-08-07 10:00:00
78.0,93.36479,2025-08-07 10:00:00
421.0,225.33148,2025-08-07 10:00:00
113.0,112.05377,2025-08-07 10:00:00
144.0,139.98917,2025-08-07 10:00:00
91.25,88.64183,2025-08-07 11:00:00
134.0,111.15594,2025-08-07 11:00:00
129.0,98.984795,2025-08-07 11:00:00
123.0,144.96046,2025-08-07 11:00:00
283.0,205.14888,2025-08-07 11:00:00
122.0,122.83998,2025-08-07 12:00:00
167.0,100.84464,2025-08-07 12:00:00
130.0,140.12517,2025-08-07 12:00:00
293.0,209.05836,2025-08-07 12:00:00
97.5,86.78749,2025-08-07 12:00:00
97.75,86.50705,2025-08-07 13:00:00
238.0,187.21211,2025-08-07 13:00:00
151.0,145.32268,2025-08-07 13:00:00
173.0,118.676094,2025-08-07 13:00:00
128.0,108.00549,2025-08-07 13:00:00
103.5,83.72492,2025-08-07 14:00:00
164.0,103.402695,2025-08-07 14:00:00
122.0,102.909935,2025-08-07 14:00:00
224.0,171.22717,2025-08-07 14:00:00
153.0,129.87007,2025-08-07 14:00:00
166.0,122.166756,2025-08-07 15:00:00
105.75,78.84529,2025-08-07 15:00:00
147.0,101.518906,2025-08-07 15:00:00
190.0,161.22896,2025-08-07 15:00:00
146.0,119.025635,2025-08-07 15:00:00
145.0,125.42961,2025-08-07 16:00:00
141.0,109.844536,2025-08-07 16:00:00
106.5,78.98687,2025-08-07 16:00:00
132.0,122.63378,2025-08-07 16:00:00
256.0,188.16592,2025-08-07 16:00:00
108.5,79.87648,2025-08-07 17:00:00
145.0,100.119064,2025-08-07 17:00:00
138.0,100.859825,2025-08-07 17:00:00
150.0,124.903435,2025-08-07 17:00:00
467.0,136.39728,2025-08-07 17:00:00
151.0,123.499725,2025-08-07 18:00:00
478.0,186.91606,2025-08-07 18:00:00
135.0,98.452515,2025-08-07 18:00:00
145.0,108.29356,2025-08-07 18:00:00
114.0,82.19444,2025-08-07 18:00:00
123.75,89.11043,2025-08-07 19:00:00
172.0,139.69096,2025-08-07 19:00:00
517.0,186.747,2025-08-07 19:00:00
141.0,103.96273,2025-08-07 19:00:00
128.0,93.78365,2025-08-07 19:00:00
183.0,180.08984,2025-08-07 20:00:00
126.5,87.21994,2025-08-07 20:00:00
144.0,121.5963,2025-08-07 20:00:00
310.0,213.62996,2025-08-07 20:00:00
166.0,99.213104,2025-08-07 20:00:00
180.0,116.10978,2025-08-07 21:00:00
321.0,273.93967,2025-08-07 21:00:00
152.0,121.252525,2025-08-07 21:00:00
132.0,96.00664,2025-08-07 21:00:00
162.0,170.69463,2025-08-07 21:00:00
121.0,178.39969,2025-08-07 22:00:00
167.0,122.08619,2025-08-07 22:00:00
135.0,128.50415,2025-08-07 22:00:00
117.5,111.214264,2025-08-07 22:00:00
210.0,292.49994,2025-08-07 22:00:00
125.0,129.47484,2025-08-07 23:00:00
229.0,248.56458,2025-08-07 23:00:00
88.33333333333333,112.75051,2025-08-07 23:00:00
117.0,177.36642,2025-08-07 23:00:00
112.0,133.93307,2025-08-07 23:00:00
34.0,100.39536,2025-08-08 00:00:00
116.0,129.60876,2025-08-08 00:00:00
116.0,229.50992,2025-08-08 00:00:00
61.0,121.48017,2025-08-08 00:00:00
95.0,104.85909,2025-08-08 00:00:00
29.0,116.12489,2025-08-08 01:00:00
122.0,190.17567,2025-08-08 01:00:00
25.5,77.82629,2025-08-08 01:00:00
95.0,101.20895,2025-08-08 01:00:00
31.0,111.20114,2025-08-08 01:00:00
33.0,112.55351,2025-08-08 02:00:00
77.0,87.31826,2025-08-08 02:00:00
28.25,79.036,2025-08-08 02:00:00
29.0,95.85295,2025-08-08 02:00:00
84.0,157.4634,2025-08-08 02:00:00
227.0,201.44801,2025-08-08 03:00:00
30.5,78.577286,2025-08-08 03:00:00
77.0,80.57945,2025-08-08 03:00:00
29.0,94.99846,2025-08-08 03:00:00
35.0,119.392334,2025-08-08 03:00:00
362.0,190.80182,2025-08-08 04:00:00
37.75,74.25876,2025-08-08 04:00:00
34.0,106.71343,2025-08-08 04:00:00
46.0,107.82681,2025-08-08 04:00:00
77.0,85.08012,2025-08-08 04:00:00
53.0,102.275154,2025-08-08 05:00:00
64.0,81.16791,2025-08-08 05:00:00
48.0,72.238174,2025-08-08 05:00:00
38.0,88.0827,2025-08-08 05:00:00
215.0,171.78844,2025-08-08 05:00:00
51.75,64.99948,2025-08-08 06:00:00
53.0,97.25349,2025-08-08 06:00:00
83.0,114.374855,2025-08-08 06:00:00
218.0,162.98549,2025-08-08 06:00:00
85.0,84.82522,2025-08-08 06:00:00
90.0,134.4625,2025-08-08 07:00:00
51.0,100.84093,2025-08-08 07:00:00
133.0,104.85748,2025-08-08 07:00:00
58.0,182.90453,2025-08-08 07:00:00
17.25,71.016136,2025-08-08 07:00:00
13.0,84.82159,2025-08-08 08:00:00
27.0,143.529,2025-08-08 08:00:00
25.0,209.42726,2025-08-08 08:00:00
133.0,108.17506,2025-08-08 08:00:00
27.0,107.44318,2025-08-08 08:00:00
17.0,115.12394,2025-08-08 09:00:00
25.0,172.82072,2025-08-08 09:00:00
13.0,90.02454,2025-08-08 09:00:00
34.0,154.7727,2025-08-08 09:00:00
33.0,114.66242,2025-08-08 09:00:00
29.0,136.12897,2025-08-08 10:00:00
25.0,119.90041,2025-08-08 10:00:00
33.0,112.64628,2025-08-08 10:00:00
25.0,189.03516,2025-08-08 10:00:00
13.0,82.81418,2025-08-08 10:00:00
41.0,133.28976,2025-08-08 11:00:00
13.0,89.042114,2025-08-08 11:00:00
22.0,161.25848,2025-08-08 11:00:00
27.0,114.23148,2025-08-08 11:00:00
33.0,113.85841,2025-08-08 11:00:00
24.0,199.65973,2025-08-08 12:00:00
24.0,110.01746,2025-08-08 12:00:00
33.0,116.27465,2025-08-08 12:00:00
51.0,132.61655,2025-08-08 12:00:00
35.0,108.33705,2025-08-08 13:00:00
47.0,132.59663,2025-08-08 13:00:00
46.0,184.72974,2025-08-08 13:00:00
50.0,128.96071,2025-08-08 14:00:00
108.0,185.33113,2025-08-08 14:00:00
24.0,112.40559,2025-08-08 14:00:00
50.0,116.749985,2025-08-08 14:00:00
33.0,123.153366,2025-08-08 15:00:00
55.0,173.89693,2025-08-08 15:00:00
122.0,105.33568,2025-08-08 15:00:00
45.0,119.697365,2025-08-08 15:00:00
45.0,195.18335,2025-08-08 16:00:00
35.0,107.80996,2025-08-08 16:00:00
35.0,124.46869,2025-08-08 16:00:00
39.0,122.15768,2025-08-08 16:00:00
47.0,130.38133,2025-08-08 17:00:00
31.0,125.31171,2025-08-08 17:00:00
45.0,200.98167,2025-08-08 17:00:00
46.0,115.20139,2025-08-08 17:00:00
46.0,111.778564,2025-08-08 18:00:00
31.0,125.839714,2025-08-08 18:00:00
44.0,165.14636,2025-08-08 18:00:00
50.0,146.03055,2025-08-08 18:00:00
56.0,150.31496,2025-08-08 19:00:00
44.0,129.52362,2025-08-08 19:00:00
31.0,124.36898,2025-08-08 19:00:00
35.0,113.74897,2025-08-08 19:00:00
52.0,193.05823,2025-08-08 20:00:00
44.0,102.97641,2025-08-08 20:00:00
31.0,144.68808,2025-08-08 20:00:00
34.0,133.76277,2025-08-08 20:00:00
42.0,155.26648,2025-08-08 21:00:00
75.0,150.55664,2025-08-08 21:00:00
47.0,185.87799,2025-08-08 21:00:00
59.0,229.46527,2025-08-08 21:00:00
80.0,155.47997,2025-08-08 22:00:00
66.0,145.36636,2025-08-08 22:00:00
68.0,238.5395,2025-08-08 22:00:00
56.0,168.46062,2025-08-08 22:00:00
70.0,122.18065,2025-08-08 23:00:00
150.0,144.39642,2025-08-08 23:00:00
89.0,243.65446,2025-08-08 23:00:00
59.0,155.39236,2025-08-08 23:00:00
67.0,118.00575,2025-08-09 00:00:00
64.0,122.870094,2025-08-09 00:00:00
66.0,118.80254,2025-08-09 00:00:00
158.0,126.01821,2025-08-09 00:00:00
83.0,89.086395,2025-08-09 01:00:00
119.0,161.2911,2025-08-09 01:00:00
59.0,102.33448,2025-08-09 01:00:00
66.0,111.42756,2025-08-09 01:00:00
73.0,94.7668,2025-08-09 02:00:00
28.0,85.61143,2025-08-09 02:00:00
66.0,91.29017,2025-08-09 02:00:00
122.0,177.48811,2025-08-09 02:00:00
69.0,100.37323,2025-08-09 03:00:00
50.0,86.753494,2025-08-09 03:00:00
102.0,222.97122,2025-08-09 03:00:00
63.0,96.008995,2025-08-09 03:00:00
57.0,82.31842,2025-08-09 04:00:00
86.0,92.208786,2025-08-09 04:00:00
59.0,84.97507,2025-08-09 04:00:00
77.0,177.61998,2025-08-09 04:00:00
77.0,126.07086,2025-08-09 05:00:00
68.0,78.668915,2025-08-09 05:00:00
69.0,68.17967,2025-08-09 05:00:00
72.0,78.961174,2025-08-09 05:00:00
40.0,228.63109,2025-08-09 06:00:00
80.0,94.33669,2025-08-09 06:00:00
81.0,95.5904,2025-08-09 06:00:00
77.0,102.48587,2025-08-09 06:00:00
73.0,141.476,2025-08-09 07:00:00
156.0,112.91432,2025-08-09 07:00:00
101.0,105.99656,2025-08-09 07:00:00
86.0,100.44017,2025-08-09 07:00:00
100.0,152.22253,2025-08-09 08:00:00
92.0,122.07704,2025-08-09 08:00:00
97.0,104.38664,2025-08-09 08:00:00
91.0,120.11469,2025-08-09 08:00:00
101.0,120.30166,2025-08-09 09:00:00
100.0,107.32037,2025-08-09 09:00:00
108.0,166.78574,2025-08-09 09:00:00
110.0,115.78906,2025-08-09 09:00:00
66.0,103.1359,2025-08-09 10:00:00
114.0,130.67412,2025-08-09 10:00:00
97.0,123.90906,2025-08-09 10:00:00
185.0,120.16852,2025-08-09 10:00:00
90.0,138.64816,2025-08-09 11:00:00
91.0,150.25197,2025-08-09 11:00:00
153.0,121.90266,2025-08-09 11:00:00
62.0,118.92681,2025-08-09 11:00:00
134.0,156.00981,2025-08-09 12:00:00
81.0,155.72989,2025-08-09 12:00:00
74.0,137.5272,2025-08-09 12:00:00
86.0,109.85932,2025-08-09 12:00:00
121.0,163.55122,2025-08-09 13:00:00
95.0,135.12053,2025-08-09 13:00:00
86.0,112.34079,2025-08-09 13:00:00
84.0,116.03801,2025-08-09 14:00:00
96.0,93.82412,2025-08-09 14:00:00
105.0,146.12022,2025-08-09 14:00:00
100.0,127.527664,2025-08-09 14:00:00
72.0,123.07043,2025-08-09 15:00:00
147.0,104.51623,2025-08-09 15:00:00
99.0,115.98735,2025-08-09 15:00:00
111.0,121.05784,2025-08-09 15:00:00
92.0,120.808464,2025-08-09 16:00:00
103.0,112.47214,2025-08-09 16:00:00
105.0,92.34596,2025-08-09 16:00:00
111.0,138.9784,2025-08-09 16:00:00
122.0,128.72124,2025-08-09 17:00:00
102.0,79.85858,2025-08-09 17:00:00
116.0,108.41499,2025-08-09 17:00:00
114.0,101.827065,2025-08-09 17:00:00
155.0,115.382,2025-08-09 18:00:00
121.0,105.71149,2025-08-09 18:00:00
96.0,88.818436,2025-08-09 18:00:00
118.0,128.25948,2025-08-09 18:00:00
160.0,109.84189,2025-08-09 19:00:00
70.0,84.20718,2025-08-09 19:00:00
139.0,130.50148,2025-08-09 19:00:00
114.0,108.79179,2025-08-09 19:00:00
244.0,152.02934,2025-08-09 20:00:00
125.0,92.92681,2025-08-09 20:00:00
171.0,140.42215,2025-08-09 20:00:00
139.0,136.86508,2025-08-09 20:00:00
150.0,110.83301,2025-08-09 21:00:00
216.0,173.56693,2025-08-09 21:00:00
144.0,148.47757,2025-08-09 21:00:00
285.0,161.40155,2025-08-09 21:00:00
179.0,137.50014,2025-08-09 22:00:00
279.0,182.24654,2025-08-09 22:00:00
140.0,124.542404,2025-08-09 22:00:00
183.0,182.33131,2025-08-09 22:00:00
226.0,191.96376,2025-08-09 23:00:00
172.0,134.25485,2025-08-09 23:00:00
263.0,192.9826,2025-08-09 23:00:00
153.0,135.88004,2025-08-09 23:00:00
144.0,120.70895,2025-08-10 00:00:00
149.0,102.32134,2025-08-10 00:00:00
206.0,200.30226,2025-08-10 00:00:00
182.0,155.98222,2025-08-10 00:00:00
100.0,176.4371,2025-08-10 01:00:00
103.0,119.748024,2025-08-10 01:00:00
106.0,152.14922,2025-08-10 01:00:00
106.0,90.17875,2025-08-10 01:00:00
122.0,145.9137,2025-08-10 02:00:00
107.0,84.55813,2025-08-10 02:00:00
83.0,114.077126,2025-08-10 02:00:00
70.0,143.87335,2025-08-10 02:00:00
70.0,128.34393,2025-08-10 03:00:00
79.0,108.080315,2025-08-10 03:00:00
112.0,140.81483,2025-08-10 03:00:00
51.0,80.70205,2025-08-10 03:00:00
83.0,108.9943,2025-08-10 04:00:00
68.0,104.83195,2025-08-10 04:00:00
48.0,70.598755,2025-08-10 04:00:00
132.0,135.01564,2025-08-10 04:00:00
84.0,71.85488,2025-08-10 05:00:00
73.0,93.95911,2025-08-10 05:00:00
96.0,105.9392,2025-08-10 05:00:00
111.0,117.16447,2025-08-10 05:00:00
69.0,75.55788,2025-08-10 06:00:00
189.0,99.887695,2025-08-10 06:00:00
100.0,80.950775,2025-08-10 06:00:00
92.0,92.2665,2025-08-10 06:00:00
182.0,116.97086,2025-08-10 07:00:00
90.0,74.18819,2025-08-10 07:00:00
185.0,102.07072,2025-08-10 07:00:00
161.0,94.43939,2025-08-10 07:00:00
157.0,117.146194,2025-08-10 08:00:00
105.0,89.78452,2025-08-10 08:00:00
90.0,98.4164,2025-08-10 08:00:00
190.0,108.97468,2025-08-10 08:00:00
114.0,97.30267,2025-08-10 09:00:00
135.0,113.157585,2025-08-10 09:00:00
144.0,129.3888,2025-08-10 09:00:00
89.0,90.24889,2025-08-10 09:00:00
124.0,101.83972,2025-08-10 10:00:00
139.0,100.4972,2025-08-10 10:00:00
97.0,87.8544,2025-08-10 10:00:00
135.0,164.58412,2025-08-10 10:00:00
63.0,76.78578,2025-08-10 11:00:00
66.0,167.00792,2025-08-10 11:00:00
128.0,101.90475,2025-08-10 11:00:00
117.0,101.51254,2025-08-10 11:00:00
145.0,96.65832,2025-08-10 12:00:00
121.0,99.92931,2025-08-10 12:00:00
125.0,90.93979,2025-08-10 12:00:00
105.0,160.50052,2025-08-10 12:00:00
136.0,128.57361,2025-08-10 13:00:00
162.0,94.75271,2025-08-10 13:00:00
105.0,97.05568,2025-08-10 13:00:00
113.0,92.132515,2025-08-10 13:00:00
152.0,128.20561,2025-08-10 14:00:00
122.0,89.57215,2025-08-10 14:00:00
158.0,97.00375,2025-08-10 14:00:00
116.0,92.14574,2025-08-10 14:00:00
117.0,92.39473,2025-08-10 15:00:00
155.0,97.43305,2025-08-10 15:00:00
191.0,101.134056,2025-08-10 15:00:00
160.0,93.061554,2025-08-10 15:00:00
108.0,84.37931,2025-08-10 16:00:00
107.0,92.212364,2025-08-10 16:00:00
265.0,110.20499,2025-08-10 16:00:00
133.0,95.80996,2025-08-10 16:00:00
263.0,99.19895,2025-08-10 17:00:00
129.0,101.69551,2025-08-10 17:00:00
125.0,86.50301,2025-08-10 17:00:00
103.0,88.57151,2025-08-10 17:00:00
254.0,142.26463,2025-08-10 18:00:00
123.0,92.38527,2025-08-10 18:00:00
132.0,115.0976,2025-08-10 18:00:00
96.0,103.22127,2025-08-10 18:00:00
232.0,139.31697,2025-08-10 19:00:00
240.0,151.34901,2025-08-10 19:00:00
96.0,101.42629,2025-08-10 19:00:00
121.0,92.60217,2025-08-10 19:00:00
96.0,111.82568,2025-08-10 20:00:00
268.0,140.72375,2025-08-10 20:00:00
205.0,161.55229,2025-08-10 20:00:00
150.0,104.22778,2025-08-10 20:00:00
219.0,166.60349,2025-08-10 21:00:00
168.0,166.90987,2025-08-10 21:00:00
96.0,113.2265,2025-08-10 21:00:00
189.0,117.010994,2025-08-10 21:00:00
211.0,148.58804,2025-08-10 22:00:00
190.0,131.92703,2025-08-10 22:00:00
197.0,132.46051,2025-08-10 22:00:00
133.0,137.36157,2025-08-10 22:00:00
153.0,122.092316,2025-08-10 23:00:00
174.0,164.53722,2025-08-10 23:00:00
204.0,143.23045,2025-08-10 23:00:00
143.0,164.87112,2025-08-10 23:00:00
156.0,118.531715,2025-08-11 00:00:00
114.0,121.99988,2025-08-11 00:00:00
163.0,174.34352,2025-08-11 00:00:00
135.75,111.17569,2025-08-11 00:00:00
122.0,104.94815,2025-08-11 01:00:00
91.0,105.05261,2025-08-11 01:00:00
172.0,136.20377,2025-08-11 01:00:00
96.0,123.12938,2025-08-11 01:00:00
97.0,95.145386,2025-08-11 02:00:00
92.0,101.55659,2025-08-11 02:00:00
237.0,138.1295,2025-08-11 02:00:00
85.0,88.08309,2025-08-11 02:00:00
234.0,146.62253,2025-08-11 03:00:00
57.0,88.802635,2025-08-11 03:00:00
63.0,96.55918,2025-08-11 03:00:00
89.0,105.00355,2025-08-11 03:00:00
39.0,106.05127,2025-08-11 04:00:00
67.0,152.5873,2025-08-11 04:00:00
29.0,92.74854,2025-08-11 04:00:00
57.0,81.79766,2025-08-11 04:00:00
39.0,138.16197,2025-08-11 05:00:00
20.0,85.912346,2025-08-11 05:00:00
57.0,86.16504,2025-08-11 05:00:00
28.0,103.1511,2025-08-11 05:00:00
39.0,170.63846,2025-08-11 06:00:00
38.0,83.813614,2025-08-11 06:00:00
20.0,84.15152,2025-08-11 06:00:00
27.0,94.79319,2025-08-11 06:00:00
18.0,90.03054,2025-08-11 07:00:00
147.0,102.417465,2025-08-11 07:00:00
33.0,123.68216,2025-08-11 07:00:00
39.0,155.01768,2025-08-11 07:00:00
93.5,101.86918,2025-08-11 08:00:00
30.0,98.189545,2025-08-11 08:00:00
39.0,161.80005,2025-08-11 08:00:00
41.0,157.2624,2025-08-11 08:00:00
46.0,100.68969,2025-08-11 09:00:00
20.0,152.69746,2025-08-11 09:00:00
45.0,106.53948,2025-08-11 09:00:00
38.0,136.62784,2025-08-11 09:00:00
50.0,95.10391,2025-08-11 10:00:00
39.0,142.53802,2025-08-11 10:00:00
53.0,162.99144,2025-08-11 10:00:00
46.0,109.98565,2025-08-11 10:00:00
67.0,104.838036,2025-08-11 11:00:00
45.0,140.21124,2025-08-11 11:00:00
7.0,86.55466,2025-08-11 11:00:00
52.0,155.75812,2025-08-11 11:00:00
72.0,104.770546,2025-08-11 12:00:00
81.0,143.224,2025-08-11 12:00:00
136.0,157.43655,2025-08-11 12:00:00
66.0,115.35797,2025-08-11 12:00:00
95.0,120.705215,2025-08-11 13:00:00
83.0,99.06851,2025-08-11 13:00:00
128.0,165.57654,2025-08-11 13:00:00
114.0,155.95863,2025-08-11 13:00:00
121.5,98.56451,2025-08-11 14:00:00
89.0,109.20325,2025-08-11 14:00:00
128.0,148.55214,2025-08-11 14:00:00
158.0,132.83176,2025-08-11 14:00:00
160.0,121.21557,2025-08-11 15:00:00
100.0,103.41506,2025-08-11 15:00:00
117.0,145.70006,2025-08-11 15:00:00
128.5,100.88009,2025-08-11 15:00:00
135.0,118.05282,2025-08-11 16:00:00
108.0,157.20967,2025-08-11 16:00:00
107.5,96.24036,2025-08-11 16:00:00
101.0,90.00669,2025-08-11 16:00:00
99.0,82.05641,2025-08-11 17:00:00
63.0,197.0924,2025-08-11 17:00:00
156.0,120.01676,2025-08-11 17:00:00
107.5,93.24702,2025-08-11 17:00:00
103.5,99.268105,2025-08-11 18:00:00
195.0,128.92473,2025-08-11 18:00:00
68.0,179.82866,2025-08-11 18:00:00
114.0,97.89531,2025-08-11 18:00:00
134.0,150.41237,2025-08-11 19:00:00
106.0,183.7457,2025-08-11 19:00:00
123.0,105.99911,2025-08-11 19:00:00
110.0,100.077805,2025-08-11 19:00:00
215.0,172.75894,2025-08-11 20:00:00
146.0,239.88556,2025-08-11 20:00:00
119.0,115.58434,2025-08-11 20:00:00
128.0,113.25901,2025-08-11 20:00:00
240.0,125.60333,2025-08-11 21:00:00
173.0,171.53607,2025-08-11 21:00:00
132.0,111.99254,2025-08-11 21:00:00
146.5,124.5185,2025-08-11 21:00:00
129.0,124.338135,2025-08-11 22:00:00
195.5,120.92787,2025-08-11 22:00:00
291.0,148.0098,2025-08-11 22:00:00
235.0,184.51155,2025-08-11 22:00:00
223.0,171.16333,2025-08-11 23:00:00
195.5,125.04142,2025-08-11 23:00:00
133.0,98.96541,2025-08-11 23:00:00
304.0,162.34163,2025-08-11 23:00:00
158.0,107.92545,2025-08-12 00:00:00
204.0,185.77153,2025-08-12 00:00:00
298.0,124.827065,2025-08-12 00:00:00
124.0,106.225395,2025-08-12 00:00:00
146.0,100.31084,2025-08-12 01:00:00
158.0,99.6255,2025-08-12 01:00:00
183.0,164.80531,2025-08-12 01:00:00
254.0,105.420494,2025-08-12 01:00:00
102.0,73.00556,2025-08-12 02:00:00
105.0,88.30417,2025-08-12 02:00:00
158.0,152.64363,2025-08-12 02:00:00
195.0,95.1233,2025-08-12 02:00:00
113.0,74.295845,2025-08-12 03:00:00
116.0,174.32254,2025-08-12 03:00:00
174.0,100.04416,2025-08-12 03:00:00
92.0,86.936165,2025-08-12 03:00:00
139.0,118.04367,2025-08-12 04:00:00
208.0,90.33844,2025-08-12 04:00:00
99.0,76.8292,2025-08-12 04:00:00
95.0,77.06729,2025-08-12 04:00:00
191.0,100.89216,2025-08-12 05:00:00
119.0,68.320274,2025-08-12 05:00:00
168.0,95.68902,2025-08-12 05:00:00
100.0,65.56451,2025-08-12 05:00:00
182.0,103.79277,2025-08-12 06:00:00
172.0,88.41485,2025-08-12 06:00:00
132.0,82.164444,2025-08-12 06:00:00
135.0,67.72466,2025-08-12 06:00:00
226.0,103.96939,2025-08-12 07:00:00
184.0,113.77844,2025-08-12 07:00:00
255.0,144.90155,2025-08-12 07:00:00
135.0,79.374695,2025-08-12 07:00:00
316.0,139.76675,2025-08-12 08:00:00
112.0,94.74822,2025-08-12 08:00:00
216.0,119.77307,2025-08-12 08:00:00
117.0,88.59148,2025-08-12 08:00:00
89.0,96.901855,2025-08-12 09:00:00
116.0,99.378265,2025-08-12 09:00:00
230.0,121.33281,2025-08-12 09:00:00
230.0,132.60408,2025-08-12 09:00:00
151.0,124.8364,2025-08-12 10:00:00
95.0,104.40815,2025-08-12 10:00:00
163.0,136.95691,2025-08-12 10:00:00
100.0,93.83737,2025-08-12 10:00:00
96.0,115.78532,2025-08-12 11:00:00
135.0,128.67262,2025-08-12 11:00:00
118.0,152.75473,2025-08-12 11:00:00
64.0,100.88775,2025-08-12 11:00:00
92.0,103.939316,2025-08-12 12:00:00
143.0,135.61084,2025-08-12 12:00:00
133.0,111.91431,2025-08-12 12:00:00
101.0,111.02144,2025-08-12 12:00:00
141.0,122.1047,2025-08-12 13:00:00
56.0,148.71947,2025-08-12 13:00:00
101.0,85.81647,2025-08-12 13:00:00
94.0,97.05437,2025-08-12 13:00:00
99.0,85.64594,2025-08-12 14:00:00
155.0,88.085915,2025-08-12 14:00:00
133.0,115.935585,2025-08-12 14:00:00
112.0,140.703,2025-08-12 14:00:00
125.0,96.54706,2025-08-12 15:00:00
141.0,115.0645,2025-08-12 15:00:00
110.0,88.89838,2025-08-12 15:00:00
133.0,145.47502,2025-08-12 15:00:00
195.0,107.38858,2025-08-12 16:00:00
122.0,115.24438,2025-08-12 16:00:00
100.0,85.57004,2025-08-12 16:00:00
111.0,88.75505,2025-08-12 16:00:00
156.0,120.75358,2025-08-12 17:00:00
106.0,83.60016,2025-08-12 17:00:00
103.0,95.64332,2025-08-12 17:00:00
188.0,103.79438,2025-08-12 17:00:00
84.0,82.70676,2025-08-12 18:00:00
237.0,126.57982,2025-08-12 18:00:00
183.0,107.75261,2025-08-12 18:00:00
108.0,87.357475,2025-08-12 18:00:00
195.0,113.977234,2025-08-12 19:00:00
162.0,108.89361,2025-08-12 19:00:00
110.0,90.87611,2025-08-12 19:00:00
124.0,87.02108,2025-08-12 19:00:00
235.0,140.96991,2025-08-12 20:00:00
133.0,100.600716,2025-08-12 20:00:00
274.0,157.76288,2025-08-12 20:00:00
114.0,106.615135,2025-08-12 20:00:00
138.0,114.82309,2025-08-12 21:00:00
162.0,135.61086,2025-08-12 21:00:00
235.0,146.5618,2025-08-12 21:00:00
357.0,162.7625,2025-08-12 21:00:00
138.0,119.510185,2025-08-12 22:00:00
310.0,156.48135,2025-08-12 22:00:00
279.0,119.38156,2025-08-12 22:00:00
161.0,126.34463,2025-08-12 22:00:00
162.0,108.29033,2025-08-12 23:00:00
151.0,104.671844,2025-08-12 23:00:00
294.0,155.27289,2025-08-12 23:00:00
333.0,137.54305,2025-08-12 23:00:00
210.0,104.066414,2025-08-13 00:00:00
149.0,86.500275,2025-08-13 00:00:00
211.0,106.44151,2025-08-13 00:00:00
163.0,87.20821,2025-08-13 00:00:00
162.0,83.24541,2025-08-13 01:00:00
196.0,100.24818,2025-08-13 01:00:00
152.0,111.14309,2025-08-13 01:00:00
121.0,77.830765,2025-08-13 01:00:00
111.0,58.24739,2025-08-13 02:00:00
111.0,83.66725,2025-08-13 02:00:00
57.0,66.64606,2025-08-13 02:00:00
130.0,76.8843,2025-08-13 02:00:00
91.0,85.067795,2025-08-13 03:00:00
58.0,59.91715,2025-08-13 03:00:00
79.0,67.14523,2025-08-13 03:00:00
85.0,68.96449,2025-08-13 03:00:00
86.0,56.265427,2025-08-13 04:00:00
59.0,96.05809,2025-08-13 04:00:00
163.0,95.949455,2025-08-13 04:00:00
51.0,52.842186,2025-08-13 04:00:00
103.0,91.0915,2025-08-13 05:00:00
33.0,100.44204,2025-08-13 05:00:00
34.0,48.906067,2025-08-13 05:00:00
27.0,54.688057,2025-08-13 05:00:00
27.0,65.38149,2025-08-13 06:00:00
22.0,97.89134,2025-08-13 06:00:00
57.0,109.39003,2025-08-13 06:00:00
11.0,62.1856,2025-08-13 06:00:00
33.0,136.46817,2025-08-13 07:00:00
6.0,69.86583,2025-08-13 07:00:00
16.0,85.65278,2025-08-13 07:00:00
23.0,102.341255,2025-08-13 07:00:00
7.0,87.951996,2025-08-13 08:00:00
27.0,125.02994,2025-08-13 08:00:00
22.0,165.9615,2025-08-13 08:00:00
12.0,89.00951,2025-08-13 08:00:00
7.0,80.078094,2025-08-13 09:00:00
22.0,152.35872,2025-08-13 09:00:00
12.0,94.588974,2025-08-13 09:00:00
25.0,128.21109,2025-08-13 09:00:00
22.0,132.7867,2025-08-13 10:00:00
25.0,134.51147,2025-08-13 10:00:00
12.0,88.991394,2025-08-13 10:00:00
7.0,86.28753,2025-08-13 10:00:00
16.0,83.01297,2025-08-13 11:00:00
22.0,134.11427,2025-08-13 11:00:00
12.0,85.98662,2025-08-13 11:00:00
9.0,113.16481,2025-08-13 11:00:00
24.0,121.27509,2025-08-13 12:00:00
27.0,76.07046,2025-08-13 12:00:00
11.0,112.3434,2025-08-13 12:00:00
41.0,107.205215,2025-08-13 13:00:00
17.0,88.51702,2025-08-13 13:00:00
9.0,110.27327,2025-08-13 13:00:00
1.0,77.10929,2025-08-13 13:00:00
17.0,87.25399,2025-08-13 14:00:00
11.0,98.70387,2025-08-13 14:00:00
125.0,100.59467,2025-08-13 14:00:00
1.0,82.791824,2025-08-13 14:00:00
17.0,75.04657,2025-08-13 15:00:00
1.0,76.981895,2025-08-13 15:00:00
11.0,102.96606,2025-08-13 15:00:00
64.0,108.80267,2025-08-13 15:00:00
1.0,78.45554,2025-08-13 16:00:00
47.0,132.95123,2025-08-13 16:00:00
11.0,92.85099,2025-08-13 16:00:00
17.0,80.99308,2025-08-13 16:00:00
48.0,133.39728,2025-08-13 17:00:00
17.0,90.26454,2025-08-13 17:00:00
23.0,98.39247,2025-08-13 17:00:00
25.0,116.24397,2025-08-13 18:00:00
57.0,82.58511,2025-08-13 18:00:00
67.0,142.8423,2025-08-13 18:00:00
73.0,94.84581,2025-08-13 19:00:00
41.0,116.57975,2025-08-13 19:00:00
13.0,172.9866,2025-08-13 19:00:00
75.75,54.3435,2025-08-13 20:00:00
88.0,103.98606,2025-08-13 20:00:00
68.0,143.88853,2025-08-13 20:00:00
48.0,189.19833,2025-08-13 20:00:00
103.0,114.15492,2025-08-13 21:00:00
86.75,81.00072,2025-08-13 21:00:00
124.0,193.06712,2025-08-13 21:00:00
70.0,185.52197,2025-08-13 21:00:00
73.0,142.30064,2025-08-13 22:00:00
86.5,83.493385,2025-08-13 22:00:00
95.0,171.88791,2025-08-13 22:00:00
118.0,115.952484,2025-08-13 22:00:00
92.0,108.12037,2025-08-13 23:00:00
77.0,154.51718,2025-08-13 23:00:00
67.66666666666667,79.85463,2025-08-13 23:00:00
95.0,135.44868,2025-08-13 23:00:00
144.0,138.09085,2025-08-14 00:00:00
59.25,104.82185,2025-08-14 00:00:00
91.0,112.896866,2025-08-14 00:00:00
85.0,158.12004,2025-08-14 00:00:00
77.0,130.48193,2025-08-14 01:00:00
53.0,94.11384,2025-08-14 01:00:00
78.0,92.3794,2025-08-14 01:00:00
99.0,158.23462,2025-08-14 01:00:00
55.0,77.5671,2025-08-14 02:00:00
38.75,73.44571,2025-08-14 02:00:00
62.0,89.7211,2025-08-14 02:00:00
94.0,154.85387,2025-08-14 02:00:00
53.0,75.12556,2025-08-14 03:00:00
35.5,69.53621,2025-08-14 03:00:00
48.0,102.337975,2025-08-14 03:00:00
85.0,130.59616,2025-08-14 03:00:00
48.0,69.529274,2025-08-14 04:00:00
46.0,78.72855,2025-08-14 04:00:00
43.75,63.906906,2025-08-14 04:00:00
97.0,167.61604,2025-08-14 04:00:00
8.0,109.569595,2025-08-14 05:00:00
52.0,54.203686,2025-08-14 05:00:00
59.0,87.886505,2025-08-14 05:00:00
48.0,64.33817,2025-08-14 05:00:00
57.0,84.43519,2025-08-14 06:00:00
51.0,69.430275,2025-08-14 06:00:00
51.75,52.203197,2025-08-14 06:00:00
8.0,125.0332,2025-08-14 06:00:00
97.0,110.702515,2025-08-14 07:00:00
59.0,67.45894,2025-08-14 07:00:00
89.0,99.53307,2025-08-14 07:00:00
66.75,53.978516,2025-08-14 07:00:00
71.5,61.20126,2025-08-14 08:00:00
97.0,128.78537,2025-08-14 08:00:00
80.0,85.626305,2025-08-14 08:00:00
88.0,120.23575,2025-08-14 08:00:00
90.0,114.372284,2025-08-14 09:00:00
68.5,56.011703,2025-08-14 09:00:00
90.0,89.26525,2025-08-14 09:00:00
121.0,128.3956,2025-08-14 09:00:00
92.0,123.52839,2025-08-14 10:00:00
90.0,90.82466,2025-08-14 10:00:00
73.25,54.60912,2025-08-14 10:00:00
175.0,113.65952,2025-08-14 10:00:00
38.75,58.571426,2025-08-14 11:00:00
96.0,115.74645,2025-08-14 11:00:00
88.0,79.31574,2025-08-14 11:00:00
119.0,107.59738,2025-08-14 11:00:00
81.0,110.57912,2025-08-14 12:00:00
23.25,55.443058,2025-08-14 12:00:00
75.0,112.88956,2025-08-14 12:00:00
38.0,93.03292,2025-08-14 13:00:00
63.0,101.694595,2025-08-14 13:00:00
61.0,119.37116,2025-08-14 13:00:00
37.75,58.06771,2025-08-14 14:00:00
99.0,98.511116,2025-08-14 14:00:00
38.0,94.60217,2025-08-14 14:00:00
52.0,155.81993,2025-08-14 14:00:00
52.0,121.67103,2025-08-14 15:00:00
68.0,99.37701,2025-08-14 15:00:00
38.0,87.717705,2025-08-14 15:00:00
39.0,62.354736,2025-08-14 15:00:00
69.0,107.59891,2025-08-14 16:00:00
44.0,74.45497,2025-08-14 16:00:00
52.0,115.52354,2025-08-14 16:00:00
56.5,58.92722,2025-08-14 16:00:00
52.0,95.751236,2025-08-14 17:00:00
36.0,75.75185,2025-08-14 17:00:00
83.0,89.500984,2025-08-14 17:00:00
72.5,55.091496,2025-08-14 17:00:00
69.0,116.44956,2025-08-14 18:00:00
103.0,93.89096,2025-08-14 18:00:00
53.0,77.91981,2025-08-14 18:00:00
69.25,62.666504,2025-08-14 18:00:00
122.0,121.0203,2025-08-14 19:00:00
89.0,79.29663,2025-08-14 19:00:00
117.0,115.17825,2025-08-14 19:00:00
66.33333333333333,67.90134,2025-08-14 19:00:00
63.25,77.05972,2025-08-14 20:00:00
151.0,144.49669,2025-08-14 20:00:00
107.0,90.12267,2025-08-14 20:00:00
130.0,144.8913,2025-08-14 20:00:00
143.0,182.04063,2025-08-14 21:00:00
152.0,134.98264,2025-08-14 21:00:00
114.0,84.79921,2025-08-14 21:00:00
74.25,75.35426,2025-08-14 21:00:00
73.75,78.00517,2025-08-14 22:00:00
172.0,140.1105,2025-08-14 22:00:00
117.0,180.96103,2025-08-14 22:00:00
129.0,93.36958,2025-08-14 22:00:00
132.0,131.5576,2025-08-14 23:00:00
158.0,169.286,2025-08-14 23:00:00
123.0,89.45232,2025-08-14 23:00:00
79.33333333333333,75.859985,2025-08-14 23:00:00
125.0,87.27815,2025-08-15 00:00:00
80.75,76.806335,2025-08-15 00:00:00
125.0,113.999,2025-08-15 00:00:00
116.0,119.81673,2025-08-15 00:00:00
39.0,127.082756,2025-08-15 01:00:00
118.0,104.52062,2025-08-15 01:00:00
97.0,82.60966,2025-08-15 01:00:00
74.25,64.258934,2025-08-15 01:00:00
92.0,68.72699,2025-08-15 02:00:00
112.0,92.87884,2025-08-15 02:00:00
74.75,54.856525,2025-08-15 02:00:00
99.0,112.47598,2025-08-15 02:00:00
65.25,53.784966,2025-08-15 03:00:00
113.0,105.52216,2025-08-15 03:00:00
106.0,92.5389,2025-08-15 03:00:00
85.0,66.64043,2025-08-15 03:00:00
121.0,98.49174,2025-08-15 04:00:00
74.0,60.09779,2025-08-15 04:00:00
102.0,69.4786,2025-08-15 04:00:00
59.5,53.46021,2025-08-15 04:00:00
121.0,92.817245,2025-08-15 05:00:00
57.0,52.7275,2025-08-15 05:00:00
99.0,71.098785,2025-08-15 05:00:00
72.0,59.061234,2025-08-15 05:00:00
155.0,91.03199,2025-08-15 06:00:00
105.0,73.711784,2025-08-15 06:00:00
64.0,55.64606,2025-08-15 06:00:00
55.25,45.5236,2025-08-15 06:00:00
129.0,99.52737,2025-08-15 07:00:00
73.0,62.13272,2025-08-15 07:00:00
67.0,54.74864,2025-08-15 07:00:00
143.0,81.32035,2025-08-15 07:00:00
72.0,79.99149,2025-08-15 08:00:00
128.0,87.31755,2025-08-15 08:00:00
67.0,63.189125,2025-08-15 08:00:00
102.0,101.684555,2025-08-15 08:00:00
90.0,117.528404,2025-08-15 09:00:00
77.0,79.224594,2025-08-15 09:00:00
63.0,66.971245,2025-08-15 09:00:00
128.0,88.56649,2025-08-15 09:00:00
68.0,81.77228,2025-08-15 10:00:00
182.0,90.266396,2025-08-15 10:00:00
63.0,65.97553,2025-08-15 10:00:00
81.0,140.61684,2025-08-15 10:00:00
81.0,148.02605,2025-08-15 11:00:00
153.0,95.446,2025-08-15 11:00:00
63.0,52.415325,2025-08-15 11:00:00
66.0,81.366264,2025-08-15 11:00:00
67.0,82.46863,2025-08-15 12:00:00
39.0,126.29076,2025-08-15 12:00:00
63.0,60.702538,2025-08-15 12:00:00
127.0,93.15495,2025-08-15 12:00:00
73.0,74.83619,2025-08-15 13:00:00
56.0,51.069305,2025-08-15 13:00:00
64.0,92.96897,2025-08-15 13:00:00
195.0,93.426384,2025-08-15 13:00:00
79.0,90.73295,2025-08-15 14:00:00
145.0,92.66506,2025-08-15 14:00:00
62.0,58.34664,2025-08-15 14:00:00
203.25,40.318626,2025-08-15 14:00:00
116.5,44.83099,2025-08-15 15:00:00
64.0,67.33127,2025-08-15 15:00:00
85.0,74.42858,2025-08-15 15:00:00
121.0,91.527626,2025-08-15 15:00:00
55.0,81.43297,2025-08-15 16:00:00
68.0,66.52079,2025-08-15 16:00:00
61.25,41.721745,2025-08-15 16:00:00
162.0,92.36113,2025-08-15 16:00:00
101.0,77.636795,2025-08-15 17:00:00
53.75,43.403835,2025-08-15 17:00:00
97.0,85.63108,2025-08-15 17:00:00
90.0,64.63092,2025-08-15 17:00:00
67.0,97.055984,2025-08-15 18:00:00
51.0,60.673203,2025-08-15 18:00:00
119.0,76.972626,2025-08-15 18:00:00
47.75,52.11259,2025-08-15 18:00:00
64.25,57.017597,2025-08-15 19:00:00
57.0,70.19448,2025-08-15 19:00:00
102.0,108.527374,2025-08-15 19:00:00
70.0,90.73587,2025-08-15 19:00:00
88.0,115.8305,2025-08-15 20:00:00
106.0,86.579506,2025-08-15 20:00:00
76.5,66.23659,2025-08-15 20:00:00
85.0,104.79593,2025-08-15 20:00:00
76.0,67.83387,2025-08-15 21:00:00
116.0,86.59901,2025-08-15 21:00:00
59.0,132.06134,2025-08-15 21:00:00
116.0,121.26182,2025-08-15 21:00:00
114.0,128.41199,2025-08-15 22:00:00
73.25,68.5353,2025-08-15 22:00:00
88.0,82.469475,2025-08-15 22:00:00
91.0,105.79484,2025-08-15 22:00:00
108.0,121.54238,2025-08-15 23:00:00
71.66666666666667,68.72147,2025-08-15 23:00:00
146.0,119.27184,2025-08-15 23:00:00
86.0,80.79406,2025-08-15 23:00:00
127.0,100.63134,2025-08-16 00:00:00
79.0,62.638428,2025-08-16 00:00:00
92.0,109.2789,2025-08-16 00:00:00
78.0,89.54234,2025-08-16 00:00:00
90.0,97.55573,2025-08-16 01:00:00
75.75,64.715416,2025-08-16 01:00:00
81.0,78.4717,2025-08-16 01:00:00
130.0,104.369415,2025-08-16 01:00:00
85.0,69.79182,2025-08-16 02:00:00
163.0,92.422874,2025-08-16 02:00:00
64.25,63.130623,2025-08-16 02:00:00
102.0,84.388535,2025-08-16 02:00:00
54.0,58.522694,2025-08-16 03:00:00
95.0,70.20805,2025-08-16 03:00:00
105.0,99.53446,2025-08-16 03:00:00
92.0,74.961426,2025-08-16 03:00:00
86.0,71.61468,2025-08-16 04:00:00
97.0,64.669044,2025-08-16 04:00:00
85.0,122.216354,2025-08-16 04:00:00
62.5,54.80948,2025-08-16 04:00:00
85.0,118.86926,2025-08-16 05:00:00
72.0,64.04166,2025-08-16 05:00:00
66.0,63.969334,2025-08-16 05:00:00
63.5,42.289185,2025-08-16 05:00:00
74.0,62.372623,2025-08-16 06:00:00
59.0,45.81389,2025-08-16 06:00:00
77.0,113.31269,2025-08-16 06:00:00
47.0,73.42602,2025-08-16 06:00:00
67.0,91.55666,2025-08-16 07:00:00
55.25,49.447365,2025-08-16 07:00:00
20.0,109.10186,2025-08-16 07:00:00
52.0,69.41809,2025-08-16 07:00:00
52.0,76.83996,2025-08-16 08:00:00
79.0,104.3462,2025-08-16 08:00:00
56.0,52.537376,2025-08-16 08:00:00
61.0,95.57437,2025-08-16 08:00:00
52.0,75.89004,2025-08-16 09:00:00
83.0,102.54197,2025-08-16 09:00:00
67.0,93.60282,2025-08-16 09:00:00
55.75,53.064114,2025-08-16 09:00:00
69.0,73.67982,2025-08-16 10:00:00
91.0,125.808624,2025-08-16 10:00:00
95.0,92.97896,2025-08-16 10:00:00
53.25,50.455086,2025-08-16 10:00:00
113.0,96.113045,2025-08-16 11:00:00
102.0,110.54326,2025-08-16 11:00:00
66.5,53.886784,2025-08-16 11:00:00
77.0,70.32502,2025-08-16 11:00:00
107.0,118.07037,2025-08-16 12:00:00
53.0,75.66586,2025-08-16 12:00:00
151.0,94.69199,2025-08-16 12:00:00
50.75,49.417778,2025-08-16 12:00:00
85.0,67.296,2025-08-16 13:00:00
95.0,128.07254,2025-08-16 13:00:00
48.0,44.247726,2025-08-16 13:00:00
116.0,101.34691,2025-08-16 13:00:00
99.0,92.14783,2025-08-16 14:00:00
49.0,86.685936,2025-08-16 14:00:00
85.0,75.207275,2025-08-16 14:00:00
90.0,66.05029,2025-08-16 14:00:00
72.0,64.972595,2025-08-16 15:00:00
118.0,83.73052,2025-08-16 15:00:00
58.0,81.67277,2025-08-16 15:00:00
29.25,49.199665,2025-08-16 15:00:00
62.0,61.701614,2025-08-16 16:00:00
67.0,79.15317,2025-08-16 16:00:00
44.0,100.84477,2025-08-16 16:00:00
28.5,69.720314,2025-08-16 16:00:00
57.0,82.08503,2025-08-16 17:00:00
48.75,52.858532,2025-08-16 17:00:00
40.0,67.04693,2025-08-16 17:00:00
51.0,92.9856,2025-08-16 17:00:00
83.0,82.952354,2025-08-16 18:00:00
66.0,59.306416,2025-08-16 18:00:00
52.25,47.464912,2025-08-16 18:00:00
78.0,85.543015,2025-08-16 18:00:00
88.0,72.717545,2025-08-16 19:00:00
92.0,71.66991,2025-08-16 19:00:00
52.5,54.644146,2025-08-16 19:00:00
80.0,89.74818,2025-08-16 19:00:00
75.0,79.63338,2025-08-16 20:00:00
110.0,93.23912,2025-08-16 20:00:00
134.0,108.598465,2025-08-16 20:00:00
68.25,73.683395,2025-08-16 20:00:00
169.0,114.42115,2025-08-16 21:00:00
88.0,86.902916,2025-08-16 21:00:00
74.5,77.27958,2025-08-16 21:00:00
110.0,108.15934,2025-08-16 21:00:00
153.0,114.80889,2025-08-16 22:00:00
89.0,83.30994,2025-08-16 22:00:00
80.25,81.42338,2025-08-16 22:00:00
99.0,119.90501,2025-08-16 22:00:00
98.33333333333331,82.20694,2025-08-16 23:00:00
101.0,110.22522,2025-08-16 23:00:00
116.0,129.634,2025-08-16 23:00:00
88.0,77.97749,2025-08-16 23:00:00
103.0,121.46599,2025-08-17 00:00:00
72.5,72.9874,2025-08-17 00:00:00
101.0,75.21351,2025-08-17 00:00:00
111.0,107.57181,2025-08-17 00:00:00
54.5,76.95231,2025-08-17 01:00:00
100.0,97.21479,2025-08-17 01:00:00
113.0,124.37933,2025-08-17 01:00:00
99.0,75.86122,2025-08-17 01:00:00
44.75,63.340065,2025-08-17 02:00:00
80.0,65.26917,2025-08-17 02:00:00
89.0,77.0939,2025-08-17 02:00:00
191.0,103.35312,2025-08-17 02:00:00
33.75,55.229107,2025-08-17 03:00:00
67.0,67.31725,2025-08-17 03:00:00
92.0,93.52488,2025-08-17 03:00:00
74.0,73.64899,2025-08-17 03:00:00
38.75,45.804478,2025-08-17 04:00:00
59.0,72.6684,2025-08-17 04:00:00
58.0,66.393875,2025-08-17 04:00:00
96.0,118.20978,2025-08-17 04:00:00
55.0,57.229618,2025-08-17 05:00:00
86.0,105.6914,2025-08-17 05:00:00
57.0,61.72407,2025-08-17 05:00:00
35.5,41.342037,2025-08-17 05:00:00
61.0,98.71742,2025-08-17 06:00:00
29.0,68.41209,2025-08-17 06:00:00
39.0,65.91472,2025-08-17 06:00:00
36.5,46.816933,2025-08-17 06:00:00
40.0,83.37577,2025-08-17 07:00:00
39.0,74.25014,2025-08-17 07:00:00
36.75,53.99933,2025-08-17 07:00:00
61.0,114.56888,2025-08-17 07:00:00
62.0,110.78821,2025-08-17 08:00:00
66.0,65.43539,2025-08-17 08:00:00
67.0,100.38179,2025-08-17 08:00:00
64.0,56.645798,2025-08-17 08:00:00
64.0,69.74515,2025-08-17 09:00:00
76.0,62.98794,2025-08-17 09:00:00
83.0,101.29313,2025-08-17 09:00:00
77.0,102.73936,2025-08-17 09:00:00
71.5,61.956905,2025-08-17 10:00:00
95.0,94.474846,2025-08-17 10:00:00
85.0,78.009705,2025-08-17 10:00:00
107.0,108.87924,2025-08-17 10:00:00
124.0,100.44329,2025-08-17 11:00:00
78.0,122.447624,2025-08-17 11:00:00
64.25,61.231964,2025-08-17 11:00:00
100.0,83.53632,2025-08-17 11:00:00
96.0,71.52946,2025-08-17 12:00:00
207.0,137.09972,2025-08-17 12:00:00
91.0,100.224396,2025-08-17 12:00:00
61.5,63.499363,2025-08-17 12:00:00
112.0,105.975716,2025-08-17 13:00:00
112.0,92.479095,2025-08-17 13:00:00
94.0,80.68434,2025-08-17 13:00:00
53.75,63.705612,2025-08-17 13:00:00
74.0,85.33769,2025-08-17 14:00:00
116.0,92.67965,2025-08-17 14:00:00
103.0,96.98432,2025-08-17 14:00:00
47.75,56.46118,2025-08-17 14:00:00
45.5,51.904343,2025-08-17 15:00:00
153.0,85.2578,2025-08-17 15:00:00
58.0,75.17369,2025-08-17 15:00:00
81.0,94.341446,2025-08-17 15:00:00
80.0,78.89034,2025-08-17 16:00:00
37.5,38.311867,2025-08-17 16:00:00
61.0,74.10508,2025-08-17 16:00:00
100.0,79.16119,2025-08-17 16:00:00
35.25,43.07093,2025-08-17 17:00:00
80.0,87.642105,2025-08-17 17:00:00
42.0,71.87676,2025-08-17 17:00:00
118.0,81.25565,2025-08-17 17:00:00
56.0,73.65817,2025-08-17 18:00:00
56.0,117.85855,2025-08-17 18:00:00
46.25,43.698864,2025-08-17 18:00:00
103.0,93.15535,2025-08-17 18:00:00
108.0,87.12746,2025-08-17 19:00:00
95.0,93.39274,2025-08-17 19:00:00
134.0,90.98629,2025-08-17 19:00:00
60.25,46.271915,2025-08-17 19:00:00
61.0,72.81706,2025-08-17 19:00:00
144.0,96.47151,2025-08-17 20:00:00
79.75,52.518875,2025-08-17 20:00:00
81.0,85.33194,2025-08-17 20:00:00
196.0,120.89403,2025-08-17 20:00:00
127.0,114.81905,2025-08-17 20:00:00
222.0,81.58696,2025-08-17 21:00:00
108.0,85.72848,2025-08-17 21:00:00
136.0,112.11491,2025-08-17 21:00:00
191.0,146.79253,2025-08-17 21:00:00
76.5,56.07049,2025-08-17 21:00:00
261.0,128.18538,2025-08-17 22:00:00
190.0,157.5449,2025-08-17 22:00:00
101.0,82.066925,2025-08-17 22:00:00
69.25,61.992645,2025-08-17 22:00:00
259.0,108.16185,2025-08-17 22:00:00
60.0,63.37968,2025-08-17 23:00:00
152.0,111.561295,2025-08-17 23:00:00
103.0,87.43201,2025-08-17 23:00:00
147.0,150.92369,2025-08-17 23:00:00
162.0,106.14925,2025-08-17 23:00:00
146.0,123.555466,2025-08-18 00:00:00
135.0,137.65634,2025-08-18 00:00:00
80.0,82.82367,2025-08-18 00:00:00
51.5,74.530136,2025-08-18 00:00:00
117.0,128.39928,2025-08-18 00:00:00
96.0,99.45833,2025-08-18 01:00:00
68.0,87.10496,2025-08-18 01:00:00
47.75,63.17662,2025-08-18 01:00:00
200.0,117.12801,2025-08-18 01:00:00
150.0,137.83563,2025-08-18 01:00:00
113.0,164.7549,2025-08-18 02:00:00
78.0,95.574326,2025-08-18 02:00:00
195.0,115.37573,2025-08-18 02:00:00
70.0,78.12148,2025-08-18 02:00:00
44.5,46.163914,2025-08-18 02:00:00
84.0,73.49587,2025-08-18 03:00:00
113.0,174.28221,2025-08-18 03:00:00
78.0,86.178856,2025-08-18 03:00:00
46.5,42.294586,2025-08-18 03:00:00
162.0,98.93577,2025-08-18 03:00:00
95.0,141.77953,2025-08-18 04:00:00
167.0,83.75222,2025-08-18 04:00:00
108.0,81.28621,2025-08-18 04:00:00
86.0,60.163788,2025-08-18 04:00:00
47.75,41.807915,2025-08-18 04:00:00
57.0,55.27327,2025-08-18 05:00:00
51.0,33.761547,2025-08-18 05:00:00
186.0,74.89094,2025-08-18 05:00:00
61.0,72.4404,2025-08-18 05:00:00
114.0,97.442,2025-08-18 05:00:00
51.0,46.737377,2025-08-18 06:00:00
69.0,74.87747,2025-08-18 06:00:00
56.5,32.000294,2025-08-18 06:00:00
100.0,89.31516,2025-08-18 06:00:00
151.0,77.29095,2025-08-18 06:00:00
64.0,58.564735,2025-08-18 07:00:00
55.25,41.19874,2025-08-18 07:00:00
111.0,103.01599,2025-08-18 07:00:00
156.0,89.85991,2025-08-18 07:00:00
90.0,87.80255,2025-08-18 07:00:00
77.0,70.02988,2025-08-18 08:00:00
204.0,113.08205,2025-08-18 08:00:00
158.0,110.59358,2025-08-18 08:00:00
50.0,50.304806,2025-08-18 08:00:00
149.0,94.449295,2025-08-18 08:00:00
158.0,100.05392,2025-08-18 09:00:00
67.0,71.123055,2025-08-18 09:00:00
52.25,57.227688,2025-08-18 09:00:00
90.0,115.92093,2025-08-18 09:00:00
124.0,129.62825,2025-08-18 09:00:00
48.25,63.410007,2025-08-18 10:00:00
94.0,113.35276,2025-08-18 10:00:00
52.0,79.21364,2025-08-18 10:00:00
140.0,117.90504,2025-08-18 10:00:00
69.0,126.60892,2025-08-18 10:00:00
89.0,108.8919,2025-08-18 11:00:00
135.0,105.52024,2025-08-18 11:00:00
53.0,72.04383,2025-08-18 11:00:00
69.0,121.18084,2025-08-18 11:00:00
34.75,59.132164,2025-08-18 11:00:00
106.0,101.731094,2025-08-18 12:00:00
44.0,107.908646,2025-08-18 12:00:00
66.0,146.42267,2025-08-18 12:00:00
57.0,81.30504,2025-08-18 12:00:00
32.75,57.58824,2025-08-18 12:00:00
57.0,83.73247,2025-08-18 13:00:00
53.0,104.66759,2025-08-18 13:00:00
66.0,136.63216,2025-08-18 13:00:00
38.0,50.275864,2025-08-18 13:00:00
118.0,98.603935,2025-08-18 13:00:00
134.0,94.49553,2025-08-18 14:00:00
75.0,100.12203,2025-08-18 14:00:00
68.0,79.33878,2025-08-18 14:00:00
20.5,49.22082,2025-08-18 14:00:00
81.0,133.19572,2025-08-18 14:00:00
20.5,44.941147,2025-08-18 15:00:00
68.0,70.50912,2025-08-18 15:00:00
45.0,97.056076,2025-08-18 15:00:00
57.0,118.43889,2025-08-18 15:00:00
51.0,43.039913,2025-08-18 16:00:00
102.0,97.26525,2025-08-18 16:00:00
27.0,86.07464,2025-08-18 16:00:00
59.0,63.82517,2025-08-18 16:00:00
130.0,98.776474,2025-08-18 17:00:00
72.0,60.415768,2025-08-18 17:00:00
64.5,40.725967,2025-08-18 17:00:00
48.0,88.93819,2025-08-18 17:00:00
53.75,46.763916,2025-08-18 18:00:00
89.0,96.44463,2025-08-18 18:00:00
113.0,69.71314,2025-08-18 18:00:00
99.0,96.28989,2025-08-18 18:00:00
190.0,107.774796,2025-08-18 18:00:00
123.0,64.614746,2025-08-18 19:00:00
41.25,49.056263,2025-08-18 19:00:00
116.0,108.3359,2025-08-18 19:00:00
77.0,106.763405,2025-08-18 19:00:00
111.0,94.965935,2025-08-18 19:00:00
111.0,110.23982,2025-08-18 20:00:00
69.0,151.33493,2025-08-18 20:00:00
42.5,63.730015,2025-08-18 20:00:00
78.0,120.54294,2025-08-18 20:00:00
72.0,72.318115,2025-08-18 20:00:00
101.0,148.14172,2025-08-18 21:00:00
72.0,88.39524,2025-08-18 21:00:00
111.0,120.6513,2025-08-18 21:00:00
79.0,156.44371,2025-08-18 21:00:00
47.0,67.60866,2025-08-18 21:00:00
84.0,171.12709,2025-08-18 22:00:00
111.0,134.53917,2025-08-18 22:00:00
95.0,98.39516,2025-08-18 22:00:00
122.0,190.01236,2025-08-18 22:00:00
53.75,66.6446,2025-08-18 22:00:00
88.0,160.48405,2025-08-18 23:00:00
64.33333333333333,69.79182,2025-08-18 23:00:00
100.0,93.1495,2025-08-18 23:00:00
122.0,203.78578,2025-08-18 23:00:00
101.0,172.07578,2025-08-19 00:00:00
67.5,52.905693,2025-08-19 00:00:00
89.0,80.13505,2025-08-19 00:00:00
97.0,123.769394,2025-08-19 00:00:00
91.0,102.21963,2025-08-19 01:00:00
79.0,71.942314,2025-08-19 01:00:00
188.0,141.02913,2025-08-19 01:00:00
57.5,52.812233,2025-08-19 01:00:00
68.0,91.731094,2025-08-19 02:00:00
50.0,68.75877,2025-08-19 02:00:00
121.0,125.240524,2025-08-19 02:00:00
50.0,43.090614,2025-08-19 02:00:00
112.0,118.16345,2025-08-19 03:00:00
37.75,43.329975,2025-08-19 03:00:00
75.0,82.45082,2025-08-19 03:00:00
67.0,69.10973,2025-08-19 03:00:00
32.0,38.884624,2025-08-19 04:00:00
177.0,135.6503,2025-08-19 04:00:00
57.0,71.98632,2025-08-19 04:00:00
59.0,80.94381,2025-08-19 04:00:00
85.0,158.04185,2025-08-19 05:00:00
51.0,66.27923,2025-08-19 05:00:00
29.75,43.61059,2025-08-19 05:00:00
58.0,79.44997,2025-08-19 05:00:00
58.0,121.14091,2025-08-19 06:00:00
33.0,40.663605,2025-08-19 06:00:00
48.0,79.07894,2025-08-19 06:00:00
41.0,59.61057,2025-08-19 06:00:00
61.0,121.01093,2025-08-19 07:00:00
70.0,99.84276,2025-08-19 07:00:00
36.75,46.848373,2025-08-19 07:00:00
30.0,64.62437,2025-08-19 07:00:00
84.0,126.51793,2025-08-19 08:00:00
48.0,76.01618,2025-08-19 08:00:00
40.5,48.521732,2025-08-19 08:00:00
73.0,147.4315,2025-08-19 08:00:00
96.0,122.979485,2025-08-19 09:00:00
73.0,141.75468,2025-08-19 09:00:00
44.0,80.03981,2025-08-19 09:00:00
42.5,43.75523,2025-08-19 09:00:00
61.0,136.92973,2025-08-19 10:00:00
46.75,43.721786,2025-08-19 10:00:00
72.0,124.65661,2025-08-19 10:00:00
48.0,74.414375,2025-08-19 10:00:00
35.25,40.45896,2025-08-19 11:00:00
102.0,128.49974,2025-08-19 11:00:00
40.0,68.92945,2025-08-19 11:00:00
73.0,132.3808,2025-08-19 11:00:00
48.0,64.03327,2025-08-19 12:00:00
88.0,112.52816,2025-08-19 12:00:00
75.0,102.58214,2025-08-19 12:00:00
36.0,38.891487,2025-08-19 12:00:00
32.75,39.26372,2025-08-19 13:00:00
96.0,116.416824,2025-08-19 13:00:00
42.0,65.390335,2025-08-19 13:00:00
84.0,96.7328,2025-08-19 13:00:00
122.0,99.13262,2025-08-19 14:00:00
55.0,61.00216,2025-08-19 14:00:00
32.25,36.109425,2025-08-19 14:00:00
207.0,103.426544,2025-08-19 14:00:00
45.0,59.408947,2025-08-19 15:00:00
129.0,99.201866,2025-08-19 15:00:00
26.75,33.787907,2025-08-19 15:00:00
125.0,92.11692,2025-08-19 15:00:00
81.0,81.68738,2025-08-19 16:00:00
41.0,59.121113,2025-08-19 16:00:00
97.0,88.81298,2025-08-19 16:00:00
28.5,41.92699,2025-08-19 16:00:00
78.0,98.00611,2025-08-19 17:00:00
32.75,39.108063,2025-08-19 17:00:00
88.0,116.40339,2025-08-19 17:00:00
39.0,63.964737,2025-08-19 17:00:00
86.0,94.13097,2025-08-19 17:00:00
94.0,97.02566,2025-08-19 18:00:00
31.75,42.49462,2025-08-19 18:00:00
96.0,108.35608,2025-08-19 18:00:00
50.0,72.75984,2025-08-19 18:00:00
105.0,96.06579,2025-08-19 18:00:00
111.0,104.840515,2025-08-19 19:00:00
96.0,103.13959,2025-08-19 19:00:00
118.0,101.08702,2025-08-19 19:00:00
46.0,75.830734,2025-08-19 19:00:00
40.25,44.73389,2025-08-19 19:00:00
107.0,101.41612,2025-08-19 20:00:00
41.75,46.376217,2025-08-19 20:00:00
36.0,107.64297,2025-08-19 20:00:00
67.0,76.195496,2025-08-19 20:00:00
103.0,122.40097,2025-08-19 20:00:00
86.0,105.51321,2025-08-19 21:00:00
77.0,77.745056,2025-08-19 21:00:00
78.0,115.54569,2025-08-19 21:00:00
114.0,118.43308,2025-08-19 21:00:00
48.5,47.6371,2025-08-19 21:00:00
48.5,46.89394,2025-08-19 22:00:00
77.0,109.80559,2025-08-19 22:00:00
88.0,125.47762,2025-08-19 22:00:00
78.0,88.338234,2025-08-19 22:00:00
83.0,130.1545,2025-08-19 22:00:00
42.0,84.148285,2025-08-19 23:00:00
88.0,126.54693,2025-08-19 23:00:00
43.0,51.969788,2025-08-19 23:00:00
80.0,129.3755,2025-08-19 23:00:00
68.0,80.43332,2025-08-20 00:00:00
41.0,44.199093,2025-08-20 00:00:00
53.0,68.482796,2025-08-20 00:00:00
196.0,113.81494,2025-08-20 00:00:00
40.0,44.795113,2025-08-20 01:00:00
114.0,103.79472,2025-08-20 01:00:00
58.0,80.866875,2025-08-20 01:00:00
41.0,63.97562,2025-08-20 01:00:00
41.0,38.45799,2025-08-20 02:00:00
46.0,71.87633,2025-08-20 02:00:00
78.0,106.593994,2025-08-20 02:00:00
45.0,52.082573,2025-08-20 02:00:00
44.0,51.14371,2025-08-20 03:00:00
51.0,107.910645,2025-08-20 03:00:00
42.0,68.91152,2025-08-20 03:00:00
38.5,32.89828,2025-08-20 03:00:00
34.5,27.972977,2025-08-20 04:00:00
47.0,69.198875,2025-08-20 04:00:00
69.0,100.15529,2025-08-20 04:00:00
42.0,46.354763,2025-08-20 04:00:00
66.0,40.71705,2025-08-20 05:00:00
53.0,60.932446,2025-08-20 05:00:00
69.0,85.25427,2025-08-20 05:00:00
32.25,23.012781,2025-08-20 05:00:00
50.0,40.58687,2025-08-20 06:00:00
55.0,81.309456,2025-08-20 06:00:00
44.75,22.859747,2025-08-20 06:00:00
67.0,65.43435,2025-08-20 06:00:00
90.0,75.38138,2025-08-20 07:00:00
110.0,71.10171,2025-08-20 07:00:00
46.0,46.443916,2025-08-20 07:00:00
46.25,26.743063,2025-08-20 07:00:00
51.5,29.49497,2025-08-20 08:00:00
122.0,83.32604,2025-08-20 08:00:00
136.0,72.445564,2025-08-20 08:00:00
56.0,50.563652,2025-08-20 08:00:00
54.75,33.478233,2025-08-20 09:00:00
132.0,80.73462,2025-08-20 09:00:00
121.0,82.99575,2025-08-20 09:00:00
55.0,49.271996,2025-08-20 09:00:00
207.0,74.05756,2025-08-20 10:00:00
46.75,33.564053,2025-08-20 10:00:00
112.0,78.34119,2025-08-20 10:00:00
53.0,51.775852,2025-08-20 10:00:00
77.0,50.55589,2025-08-20 11:00:00
150.0,71.72667,2025-08-20 11:00:00
134.0,73.55015,2025-08-20 11:00:00
34.25,26.10099,2025-08-20 11:00:00
67.0,54.120644,2025-08-20 12:00:00
114.0,68.54996,2025-08-20 12:00:00
110.0,69.260956,2025-08-20 12:00:00
29.5,28.026035,2025-08-20 12:00:00
119.0,68.15375,2025-08-20 13:00:00
56.0,47.4137,2025-08-20 13:00:00
31.0,24.163368,2025-08-20 13:00:00
81.0,66.07154,2025-08-20 13:00:00
58.0,47.277668,2025-08-20 14:00:00
79.0,101.620224,2025-08-20 14:00:00
96.0,74.12821,2025-08-20 14:00:00
39.0,25.249235,2025-08-20 14:00:00
138.0,71.1106,2025-08-20 15:00:00
78.0,49.443348,2025-08-20 15:00:00
79.0,77.613014,2025-08-20 15:00:00
42.75,24.100622,2025-08-20 15:00:00
30.0,91.69012,2025-08-20 16:00:00
58.0,48.84621,2025-08-20 16:00:00
96.0,62.85245,2025-08-20 16:00:00
30.5,25.642838,2025-08-20 16:00:00
33.75,25.566761,2025-08-20 17:00:00
68.0,67.95785,2025-08-20 17:00:00
70.0,62.81439,2025-08-20 17:00:00
33.0,51.75996,2025-08-20 17:00:00
88.0,79.319176,2025-08-20 17:00:00
64.0,73.21595,2025-08-20 18:00:00
129.0,91.37771,2025-08-20 18:00:00
128.0,66.46347,2025-08-20 18:00:00
38.0,26.916279,2025-08-20 18:00:00
47.0,48.893322,2025-08-20 18:00:00
50.0,48.28031,2025-08-20 19:00:00
144.0,81.81317,2025-08-20 19:00:00
70.0,93.70995,2025-08-20 19:00:00
46.75,29.656393,2025-08-20 19:00:00
106.0,90.23852,2025-08-20 19:00:00
135.0,107.91137,2025-08-20 20:00:00
45.0,104.427666,2025-08-20 20:00:00
218.0,90.80618,2025-08-20 20:00:00
59.75,39.441223,2025-08-20 20:00:00
50.0,67.67978,2025-08-20 20:00:00
218.0,90.08963,2025-08-20 21:00:00
151.0,118.6817,2025-08-20 21:00:00
125.0,71.08727,2025-08-20 21:00:00
66.0,92.9972,2025-08-20 21:00:00
61.0,41.035435,2025-08-20 21:00:00
230.0,95.55884,2025-08-20 22:00:00
63.25,39.72012,2025-08-20 22:00:00
103.0,67.682106,2025-08-20 22:00:00
150.0,118.63334,2025-08-20 22:00:00
86.0,82.71042,2025-08-20 22:00:00
144.0,99.559395,2025-08-20 23:00:00
96.0,59.044346,2025-08-20 23:00:00
174.0,112.607864,2025-08-20 23:00:00
91.0,96.16691,2025-08-20 23:00:00
65.66666666666667,40.140816,2025-08-20 23:00:00
91.0,102.07862,2025-08-21 00:00:00
69.0,45.50337,2025-08-21 00:00:00
94.0,66.722206,2025-08-21 00:00:00
151.0,164.5522,2025-08-21 00:00:00
114.0,103.63647,2025-08-21 00:00:00
56.75,43.649082,2025-08-21 01:00:00
113.0,96.21588,2025-08-21 01:00:00
9.0,146.44962,2025-08-21 01:00:00
91.0,92.32615,2025-08-21 01:00:00
88.0,59.569855,2025-08-21 01:00:00
53.75,40.793964,2025-08-21 02:00:00
112.0,55.450413,2025-08-21 02:00:00
103.0,89.71362,2025-08-21 02:00:00
151.0,143.39362,2025-08-21 02:00:00
91.0,76.88216,2025-08-21 02:00:00
99.0,82.40373,2025-08-21 03:00:00
80.0,56.192787,2025-08-21 03:00:00
199.0,125.114624,2025-08-21 03:00:00
51.25,41.043373,2025-08-21 03:00:00
69.0,43.975163,2025-08-21 04:00:00
190.0,117.00935,2025-08-21 04:00:00
47.5,33.414345,2025-08-21 04:00:00
125.0,82.25418,2025-08-21 04:00:00
202.0,111.81024,2025-08-21 05:00:00
107.0,79.694244,2025-08-21 05:00:00
68.0,48.54567,2025-08-21 05:00:00
48.75,32.6161,2025-08-21 05:00:00
65.75,37.17135,2025-08-21 06:00:00
78.0,44.734367,2025-08-21 06:00:00
348.0,120.00186,2025-08-21 06:00:00
95.0,85.73848,2025-08-21 06:00:00
105.0,52.26893,2025-08-21 07:00:00
177.0,97.92242,2025-08-21 07:00:00
318.0,116.24275,2025-08-21 07:00:00
111.5,38.832745,2025-08-21 07:00:00
132.25,42.28894,2025-08-21 08:00:00
155.0,56.238518,2025-08-21 08:00:00
240.0,128.43219,2025-08-21 08:00:00
161.0,118.00689,2025-08-21 08:00:00
190.0,55.915497,2025-08-21 09:00:00
194.0,155.32509,2025-08-21 09:00:00
160.0,116.98482,2025-08-21 09:00:00
105.25,43.381077,2025-08-21 09:00:00
97.0,167.2067,2025-08-21 10:00:00
160.0,117.995605,2025-08-21 10:00:00
60.25,41.535545,2025-08-21 10:00:00
132.0,61.350754,2025-08-21 10:00:00
144.0,74.732864,2025-08-21 11:00:00
97.0,141.9408,2025-08-21 11:00:00
145.0,118.37329,2025-08-21 11:00:00
57.5,41.365406,2025-08-21 11:00:00
129.0,125.87891,2025-08-21 12:00:00
139.0,68.850105,2025-08-21 12:00:00
160.0,109.23979,2025-08-21 12:00:00
41.5,39.217636,2025-08-21 12:00:00
118.0,111.00207,2025-08-21 13:00:00
84.0,64.49967,2025-08-21 13:00:00
179.0,129.07768,2025-08-21 13:00:00
35.75,33.734783,2025-08-21 13:00:00
51.0,62.172436,2025-08-21 14:00:00
95.0,90.44522,2025-08-21 14:00:00
58.0,84.37297,2025-08-21 14:00:00
179.0,85.06693,2025-08-21 14:00:00
30.75,34.76856,2025-08-21 14:00:00
100.0,85.8142,2025-08-21 15:00:00
99.0,100.36232,2025-08-21 15:00:00
52.0,66.73387,2025-08-21 15:00:00
143.0,97.53102,2025-08-21 15:00:00
47.5,35.202103,2025-08-21 15:00:00
60.75,37.655113,2025-08-21 16:00:00
322.0,90.47506,2025-08-21 16:00:00
95.0,74.36001,2025-08-21 16:00:00
92.0,90.45531,2025-08-21 16:00:00
55.0,62.002766,2025-08-21 16:00:00
96.0,75.2612,2025-08-21 17:00:00
72.0,60.34788,2025-08-21 17:00:00
58.25,40.87362,2025-08-21 17:00:00
129.0,83.95955,2025-08-21 17:00:00
265.0,110.8459,2025-08-21 17:00:00
113.0,80.898766,2025-08-21 18:00:00
103.0,90.90779,2025-08-21 18:00:00
70.0,39.4509,2025-08-21 18:00:00
75.0,64.01901,2025-08-21 18:00:00
175.0,85.526665,2025-08-21 18:00:00
202.0,100.55341,2025-08-21 19:00:00
79.0,76.53076,2025-08-21 19:00:00
130.0,96.352295,2025-08-21 19:00:00
83.5,43.555466,2025-08-21 19:00:00
125.0,66.04306,2025-08-21 19:00:00
89.0,74.529106,2025-08-21 20:00:00
122.0,77.72507,2025-08-21 20:00:00
157.0,113.47401,2025-08-21 20:00:00
79.5,53.456833,2025-08-21 20:00:00
230.0,130.85786,2025-08-21 20:00:00
91.0,144.19434,2025-08-21 21:00:00
84.5,60.990524,2025-08-21 21:00:00
100.0,90.27273,2025-08-21 21:00:00
140.0,84.70166,2025-08-21 21:00:00
149.0,122.90133,2025-08-21 21:00:00
127.0,77.19762,2025-08-21 22:00:00
171.0,119.8608,2025-08-21 22:00:00
88.0,158.8771,2025-08-21 22:00:00
153.0,92.00809,2025-08-21 22:00:00
91.5,55.692345,2025-08-21 22:00:00
143.0,176.85738,2025-08-21 23:00:00
161.0,84.2631,2025-08-21 23:00:00
91.0,54.659935,2025-08-21 23:00:00
178.0,116.44075,2025-08-21 23:00:00
129.0,80.944214,2025-08-21 23:00:00
151.0,151.90582,2025-08-22 00:00:00
135.0,89.37102,2025-08-22 00:00:00
174.0,86.36321,2025-08-22 00:00:00
78.75,64.55712,2025-08-22 00:00:00
113.0,80.83217,2025-08-22 00:00:00
71.0,51.850166,2025-08-22 01:00:00
102.0,89.880356,2025-08-22 01:00:00
83.0,72.09018,2025-08-22 01:00:00
132.0,76.61928,2025-08-22 01:00:00
99.0,88.568085,2025-08-22 01:00:00
102.0,70.061134,2025-08-22 02:00:00
121.0,81.139824,2025-08-22 02:00:00
58.75,45.716663,2025-08-22 02:00:00
194.0,124.18393,2025-08-22 02:00:00
97.0,71.33608,2025-08-22 02:00:00
90.0,64.46785,2025-08-22 03:00:00
57.5,49.738163,2025-08-22 03:00:00
111.0,128.94489,2025-08-22 03:00:00
86.0,75.901276,2025-08-22 03:00:00
57.0,62.086613,2025-08-22 04:00:00
90.0,73.70046,2025-08-22 04:00:00
55.5,42.64699,2025-08-22 04:00:00
81.0,125.80328,2025-08-22 04:00:00
50.0,38.751774,2025-08-22 05:00:00
69.0,130.08104,2025-08-22 05:00:00
41.0,56.270348,2025-08-22 05:00:00
62.0,69.57519,2025-08-22 05:00:00
50.0,55.257023,2025-08-22 06:00:00
48.5,42.14216,2025-08-22 06:00:00
34.0,49.97749,2025-08-22 06:00:00
80.0,90.25288,2025-08-22 06:00:00
51.0,87.54242,2025-08-22 07:00:00
54.25,61.4142,2025-08-22 07:00:00
80.0,108.03069,2025-08-22 07:00:00
151.0,110.9632,2025-08-22 07:00:00
121.0,91.4375,2025-08-22 08:00:00
56.0,74.82454,2025-08-22 08:00:00
42.0,77.26206,2025-08-22 08:00:00
34.0,69.23189,2025-08-22 08:00:00
61.0,96.10807,2025-08-22 09:00:00
152.0,109.63948,2025-08-22 09:00:00
53.5,75.98404,2025-08-22 09:00:00
95.0,106.47729,2025-08-22 09:00:00
86.0,90.931496,2025-08-22 10:00:00
118.0,111.42203,2025-08-22 10:00:00
43.75,70.35713,2025-08-22 10:00:00
138.0,124.56455,2025-08-22 10:00:00
90.0,91.36806,2025-08-22 11:00:00
141.0,132.82068,2025-08-22 11:00:00
41.0,61.099266,2025-08-22 11:00:00
124.0,115.64936,2025-08-22 11:00:00
200.0,134.38185,2025-08-22 12:00:00
75.0,83.9118,2025-08-22 12:00:00
141.0,129.58138,2025-08-22 12:00:00
41.75,46.199383,2025-08-22 12:00:00
88.0,71.12986,2025-08-22 13:00:00
41.5,45.894283,2025-08-22 13:00:00
141.0,85.61643,2025-08-22 13:00:00
200.0,146.72093,2025-08-22 13:00:00
63.0,66.22934,2025-08-22 14:00:00
94.0,139.09558,2025-08-22 14:00:00
40.75,39.57648,2025-08-22 14:00:00
129.0,136.81686,2025-08-22 14:00:00
108.0,95.84045,2025-08-22 14:00:00
66.0,69.44543,2025-08-22 15:00:00
135.0,141.6271,2025-08-22 15:00:00
97.0,104.08886,2025-08-22 15:00:00
39.5,49.7084,2025-08-22 15:00:00
72.0,128.51527,2025-08-22 15:00:00
35.75,48.515186,2025-08-22 16:00:00
42.0,71.37033,2025-08-22 16:00:00
41.0,143.68643,2025-08-22 16:00:00
101.0,142.4505,2025-08-22 16:00:00
57.0,99.80319,2025-08-22 16:00:00
101.0,164.9688,2025-08-22 17:00:00
41.0,129.46147,2025-08-22 17:00:00
35.0,69.594826,2025-08-22 17:00:00
28.0,100.14549,2025-08-22 17:00:00
24.75,47.6409,2025-08-22 17:00:00
41.0,86.73769,2025-08-22 18:00:00
96.0,155.5982,2025-08-22 18:00:00
27.0,70.139626,2025-08-22 18:00:00
40.0,93.11956,2025-08-22 18:00:00
13.75,50.636505,2025-08-22 18:00:00
35.0,70.76857,2025-08-22 19:00:00
41.0,91.97666,2025-08-22 19:00:00
24.0,121.080505,2025-08-22 19:00:00
12.25,66.656075,2025-08-22 19:00:00
77.0,156.99779,2025-08-22 19:00:00
18.5,69.80382,2025-08-22 20:00:00
35.0,86.84488,2025-08-22 20:00:00
101.0,180.11076,2025-08-22 20:00:00
22.0,141.54427,2025-08-22 20:00:00
35.0,85.26861,2025-08-22 21:00:00
33.0,120.52801,2025-08-22 21:00:00
29.5,77.65146,2025-08-22 21:00:00
34.0,175.46283,2025-08-22 21:00:00
34.0,158.33064,2025-08-22 22:00:00
54.5,79.03867,2025-08-22 22:00:00
35.0,120.37144,2025-08-22 22:00:00
48.0,85.468025,2025-08-22 22:00:00
48.0,92.34239,2025-08-22 23:00:00
31.0,126.18386,2025-08-22 23:00:00
61.0,152.10905,2025-08-22 23:00:00
103.33333333333331,80.814445,2025-08-22 23:00:00
30.0,145.67326,2025-08-23 00:00:00
56.0,74.44274,2025-08-23 00:00:00
69.75,71.92209,2025-08-23 00:00:00
20.0,99.41458,2025-08-23 00:00:00
40.0,91.7514,2025-08-23 01:00:00
44.0,65.8196,2025-08-23 01:00:00
64.0,60.004875,2025-08-23 01:00:00
68.0,139.01105,2025-08-23 01:00:00
39.0,138.04358,2025-08-23 02:00:00
25.0,61.313034,2025-08-23 02:00:00
69.75,62.72721,2025-08-23 02:00:00
72.0,86.33479,2025-08-23 02:00:00
65.25,49.79376,2025-08-23 03:00:00
25.0,56.30624,2025-08-23 03:00:00
39.0,93.10895,2025-08-23 03:00:00
35.0,92.08036,2025-08-23 03:00:00
39.0,95.018486,2025-08-23 04:00:00
90.0,42.473293,2025-08-23 04:00:00
46.5,60.540104,2025-08-23 04:00:00
29.0,100.21979,2025-08-23 04:00:00
29.0,83.941505,2025-08-23 05:00:00
41.75,42.280334,2025-08-23 05:00:00
83.0,67.89498,2025-08-23 05:00:00
58.0,42.560127,2025-08-23 05:00:00
83.0,63.212234,2025-08-23 06:00:00
29.0,89.193855,2025-08-23 06:00:00
40.0,45.482994,2025-08-23 06:00:00
49.25,46.07195,2025-08-23 06:00:00
52.0,51.47121,2025-08-23 07:00:00
105.0,67.225105,2025-08-23 07:00:00
29.0,110.91226,2025-08-23 07:00:00
80.0,60.303116,2025-08-23 07:00:00
54.0,58.808056,2025-08-23 08:00:00
171.0,101.3923,2025-08-23 08:00:00
55.0,65.93664,2025-08-23 08:00:00
66.0,74.077225,2025-08-23 09:00:00
103.0,101.95318,2025-08-23 09:00:00
48.0,56.167896,2025-08-23 09:00:00
36.5,47.94714,2025-08-23 10:00:00
78.0,99.81413,2025-08-23 10:00:00
48.0,79.17447,2025-08-23 10:00:00
35.75,41.97879,2025-08-23 11:00:00
58.0,130.25494,2025-08-23 11:00:00
27.0,77.56829,2025-08-23 11:00:00
74.0,122.52681,2025-08-23 12:00:00
40.0,72.01526,2025-08-23 12:00:00
31.0,37.515125,2025-08-23 12:00:00
29.0,98.53448,2025-08-23 12:00:00
30.5,33.817356,2025-08-23 13:00:00
74.0,102.25482,2025-08-23 13:00:00
29.0,93.68118,2025-08-23 13:00:00
36.0,74.107765,2025-08-23 13:00:00
41.0,90.40846,2025-08-23 14:00:00
27.25,39.285156,2025-08-23 14:00:00
40.0,65.84818,2025-08-23 14:00:00
27.0,117.70867,2025-08-23 14:00:00
22.0,67.74106,2025-08-23 15:00:00
25.0,32.434853,2025-08-23 15:00:00
42.0,92.8517,2025-08-23 15:00:00
61.0,116.45339,2025-08-23 15:00:00
75.0,117.084526,2025-08-23 16:00:00
29.75,38.850437,2025-08-23 16:00:00
30.0,63.71787,2025-08-23 16:00:00
42.0,81.43492,2025-08-23 16:00:00
52.0,75.81849,2025-08-23 16:00:00
52.0,137.55612,2025-08-23 17:00:00
38.0,66.329506,2025-08-23 17:00:00
30.25,29.026503,2025-08-23 17:00:00
52.0,77.91527,2025-08-23 17:00:00
42.0,83.918945,2025-08-23 17:00:00
160.0,127.43601,2025-08-23 18:00:00
59.0,71.53928,2025-08-23 18:00:00
38.0,67.273766,2025-08-23 18:00:00
42.0,88.406006,2025-08-23 18:00:00
39.75,37.816845,2025-08-23 18:00:00
38.25,40.58464,2025-08-23 19:00:00
51.0,75.056145,2025-08-23 19:00:00
110.0,113.30116,2025-08-23 19:00:00
46.0,65.87316,2025-08-23 19:00:00
40.75,46.40739,2025-08-23 20:00:00
84.0,122.951904,2025-08-23 20:00:00
41.0,66.36523,2025-08-23 20:00:00
34.0,45.667652,2025-08-23 21:00:00
88.0,98.33113,2025-08-23 21:00:00
38.0,73.54365,2025-08-23 21:00:00
51.0,78.25558,2025-08-23 22:00:00
77.0,104.63506,2025-08-23 22:00:00
36.0,41.244644,2025-08-23 22:00:00
77.0,90.74615,2025-08-23 23:00:00
42.66666666666666,51.34612,2025-08-23 23:00:00
68.0,65.57416,2025-08-23 23:00:00
51.0,60.186134,2025-08-24 00:00:00
25.0,76.046646,2025-08-24 00:00:00
43.25,60.686382,2025-08-24 00:00:00
37.5,49.500786,2025-08-24 01:00:00
88.0,80.4682,2025-08-24 01:00:00
50.0,64.69685,2025-08-24 01:00:00
48.0,91.14083,2025-08-24 01:00:00
26.5,43.657837,2025-08-24 02:00:00
63.0,49.175087,2025-08-24 02:00:00
40.0,78.12237,2025-08-24 02:00:00
46.0,74.54627,2025-08-24 02:00:00
18.5,39.572666,2025-08-24 03:00:00
63.0,69.14653,2025-08-24 03:00:00
63.0,40.87698,2025-08-24 03:00:00
36.0,60.719563,2025-08-24 03:00:00
44.0,42.622517,2025-08-24 04:00:00
20.0,36.84383,2025-08-24 04:00:00
96.0,73.19038,2025-08-24 04:00:00
38.0,57.927387,2025-08-24 04:00:00
22.75,35.467182,2025-08-24 05:00:00
30.0,35.564278,2025-08-24 05:00:00
38.0,47.298397,2025-08-24 05:00:00
70.0,66.14318,2025-08-24 05:00:00
40.0,42.877686,2025-08-24 06:00:00
27.5,39.2472,2025-08-24 06:00:00
38.0,48.295006,2025-08-24 06:00:00
53.0,83.13738,2025-08-24 06:00:00
38.0,74.447525,2025-08-24 07:00:00
26.25,50.435818,2025-08-24 07:00:00
40.0,61.385708,2025-08-24 07:00:00
44.0,88.41085,2025-08-24 07:00:00
28.75,49.233677,2025-08-24 08:00:00
47.0,58.30889,2025-08-24 08:00:00
42.0,134.14816,2025-08-24 08:00:00
47.0,82.03434,2025-08-24 09:00:00
39.25,52.455784,2025-08-24 09:00:00
42.0,128.23775,2025-08-24 09:00:00
39.5,49.23866,2025-08-24 10:00:00
58.0,74.929245,2025-08-24 10:00:00
23.0,139.3199,2025-08-24 10:00:00
53.0,62.99858,2025-08-24 11:00:00
62.0,135.78656,2025-08-24 11:00:00
36.5,47.84794,2025-08-24 11:00:00
53.0,62.720818,2025-08-24 12:00:00
42.0,41.755745,2025-08-24 12:00:00
42.0,89.46982,2025-08-24 12:00:00
77.0,110.94529,2025-08-24 12:00:00
68.0,126.38761,2025-08-24 13:00:00
53.0,55.557137,2025-08-24 13:00:00
35.0,74.99159,2025-08-24 13:00:00
39.25,46.85573,2025-08-24 13:00:00
161.0,106.460335,2025-08-24 14:00:00
36.0,59.911953,2025-08-24 14:00:00
53.0,56.962658,2025-08-24 14:00:00
40.25,43.35795,2025-08-24 14:00:00
106.0,112.4343,2025-08-24 15:00:00
53.0,52.550014,2025-08-24 15:00:00
43.75,43.921467,2025-08-24 15:00:00
45.0,79.475464,2025-08-24 15:00:00
51.0,67.47634,2025-08-24 16:00:00
45.25,44.665524,2025-08-24 16:00:00
78.0,93.70838,2025-08-24 16:00:00
106.0,107.57984,2025-08-24 16:00:00
66.0,50.351814,2025-08-24 16:00:00
38.0,77.29839,2025-08-24 17:00:00
42.0,42.270588,2025-08-24 17:00:00
105.0,96.46188,2025-08-24 17:00:00
36.0,49.651566,2025-08-24 17:00:00
70.0,84.74202,2025-08-24 17:00:00
38.75,38.68612,2025-08-24 18:00:00
28.0,56.312073,2025-08-24 18:00:00
63.0,99.384636,2025-08-24 18:00:00
108.0,78.784256,2025-08-24 18:00:00
41.0,77.190735,2025-08-24 18:00:00
102.0,76.513916,2025-08-24 19:00:00
33.75,41.424812,2025-08-24 19:00:00
51.0,52.788475,2025-08-24 19:00:00
63.0,94.243385,2025-08-24 19:00:00
42.0,51.21445,2025-08-24 20:00:00
114.0,84.75409,2025-08-24 20:00:00
63.0,102.822914,2025-08-24 20:00:00
40.0,59.37604,2025-08-24 20:00:00
58.0,91.62666,2025-08-24 21:00:00
63.75,48.315212,2025-08-24 21:00:00
55.0,61.34094,2025-08-24 21:00:00
83.0,81.357994,2025-08-24 21:00:00
31.0,60.833084,2025-08-24 22:00:00
51.5,39.772774,2025-08-24 22:00:00
75.0,92.13643,2025-08-24 22:00:00
83.0,84.00881,2025-08-24 22:00:00
63.0,105.13099,2025-08-24 23:00:00
33.333333333333336,40.376976,2025-08-24 23:00:00
42.0,64.0856,2025-08-24 23:00:00
72.0,95.26276,2025-08-24 23:00:00
42.0,58.05937,2025-08-25 00:00:00
63.0,99.97912,2025-08-25 00:00:00
31.75,41.128548,2025-08-25 00:00:00
146.0,104.50715,2025-08-25 00:00:00
79.0,108.05554,2025-08-25 01:00:00
42.0,51.036617,2025-08-25 01:00:00
52.0,93.94039,2025-08-25 01:00:00
22.0,35.894398,2025-08-25 01:00:00
35.0,78.21525,2025-08-25 01:00:00
52.0,70.625946,2025-08-25 02:00:00
27.0,73.12537,2025-08-25 02:00:00
42.0,44.652225,2025-08-25 02:00:00
16.0,25.753561,2025-08-25 02:00:00
19.0,75.02575,2025-08-25 02:00:00
11.0,59.459087,2025-08-25 03:00:00
18.25,27.13733,2025-08-25 03:00:00
52.0,65.50911,2025-08-25 03:00:00
30.0,80.329834,2025-08-25 03:00:00
21.0,18.228775,2025-08-25 04:00:00
31.0,42.729614,2025-08-25 04:00:00
24.0,70.24452,2025-08-25 04:00:00
52.0,68.30594,2025-08-25 04:00:00
9.0,55.31287,2025-08-25 04:00:00
21.25,23.635292,2025-08-25 05:00:00
24.0,65.16334,2025-08-25 05:00:00
18.0,48.674706,2025-08-25 05:00:00
31.0,34.91878,2025-08-25 05:00:00
36.0,32.948994,2025-08-25 06:00:00
24.0,65.46797,2025-08-25 06:00:00
17.0,51.605423,2025-08-25 06:00:00
23.5,17.390612,2025-08-25 06:00:00
28.0,58.800682,2025-08-25 07:00:00
36.0,34.392292,2025-08-25 07:00:00
24.0,57.002384,2025-08-25 07:00:00
24.75,29.512053,2025-08-25 07:00:00
24.75,37.92411,2025-08-25 08:00:00
30.0,43.71494,2025-08-25 08:00:00
39.0,66.917725,2025-08-25 08:00:00
47.0,70.37572,2025-08-25 09:00:00
24.0,32.59414,2025-08-25 09:00:00
30.0,38.908527,2025-08-25 09:00:00
17.0,69.71407,2025-08-25 09:00:00
27.5,39.221695,2025-08-25 10:00:00
25.0,59.762154,2025-08-25 10:00:00
30.0,47.866844,2025-08-25 10:00:00
155.0,103.37883,2025-08-25 10:00:00
39.0,43.252434,2025-08-25 11:00:00
41.0,36.336823,2025-08-25 11:00:00
28.0,77.17097,2025-08-25 11:00:00
88.0,116.153885,2025-08-25 11:00:00
23.0,48.168793,2025-08-25 12:00:00
41.0,33.688797,2025-08-25 12:00:00
66.0,70.95309,2025-08-25 12:00:00
34.0,70.27325,2025-08-25 12:00:00
29.0,60.697853,2025-08-25 13:00:00
55.0,83.97601,2025-08-25 13:00:00
66.0,76.41852,2025-08-25 13:00:00
41.0,31.487196,2025-08-25 13:00:00
23.0,47.77051,2025-08-25 13:00:00
41.0,50.180004,2025-08-25 14:00:00
69.0,108.49091,2025-08-25 14:00:00
20.5,34.104015,2025-08-25 14:00:00
38.0,46.927776,2025-08-25 14:00:00
58.0,71.665054,2025-08-25 14:00:00
38.0,48.176582,2025-08-25 15:00:00
39.0,33.80986,2025-08-25 15:00:00
69.0,97.4774,2025-08-25 15:00:00
28.0,65.93758,2025-08-25 15:00:00
62.0,71.91011,2025-08-25 15:00:00
38.0,92.61583,2025-08-25 16:00:00
31.0,35.81844,2025-08-25 16:00:00
6.0,57.911182,2025-08-25 16:00:00
27.0,52.054073,2025-08-25 16:00:00
50.0,74.60773,2025-08-25 16:00:00
52.0,71.6879,2025-08-25 17:00:00
18.0,72.6793,2025-08-25 17:00:00
9.0,38.994225,2025-08-25 17:00:00
7.0,55.199383,2025-08-25 17:00:00
17.25,34.029873,2025-08-25 17:00:00
9.0,42.012177,2025-08-25 18:00:00
50.0,66.05943,2025-08-25 18:00:00
48.0,69.25144,2025-08-25 18:00:00
13.0,54.70897,2025-08-25 18:00:00
18.5,34.228813,2025-08-25 18:00:00
18.0,47.46092,2025-08-25 19:00:00
63.0,76.745636,2025-08-25 19:00:00
25.25,30.030918,2025-08-25 19:00:00
47.0,65.04809,2025-08-25 19:00:00
17.0,61.482834,2025-08-25 19:00:00
166.0,89.34739,2025-08-25 20:00:00
35.0,66.785065,2025-08-25 20:00:00
18.0,43.5428,2025-08-25 20:00:00
42.0,66.70746,2025-08-25 20:00:00
39.75,36.952553,2025-08-25 20:00:00
123.0,104.05938,2025-08-25 21:00:00
42.0,72.98572,2025-08-25 21:00:00
63.0,52.926662,2025-08-25 21:00:00
84.0,69.10214,2025-08-25 21:00:00
55.0,49.93512,2025-08-25 21:00:00
84.0,76.45147,2025-08-25 22:00:00
45.0,67.886566,2025-08-25 22:00:00
102.0,92.751076,2025-08-25 22:00:00
57.25,44.975765,2025-08-25 22:00:00
91.0,42.706326,2025-08-25 22:00:00
155.0,78.845535,2025-08-25 23:00:00
78.0,47.117817,2025-08-25 23:00:00
91.0,80.758865,2025-08-25 23:00:00
56.66666666666666,39.503483,2025-08-25 23:00:00
56.0,81.22724,2025-08-25 23:00:00
78.0,46.821194,2025-08-26 00:00:00
130.0,86.930046,2025-08-26 00:00:00
62.5,43.523563,2025-08-26 00:00:00
100.0,143.11485,2025-08-26 00:00:00
61.0,64.12034,2025-08-26 00:00:00
53.0,46.10236,2025-08-26 01:00:00
100.0,99.906204,2025-08-26 01:00:00
72.75,35.473167,2025-08-26 01:00:00
106.0,96.26168,2025-08-26 01:00:00
57.0,59.555237,2025-08-26 01:00:00
44.0,51.850388,2025-08-26 02:00:00
101.0,76.19394,2025-08-26 02:00:00
31.0,112.932,2025-08-26 02:00:00
69.0,32.01602,2025-08-26 02:00:00
51.0,40.390938,2025-08-26 02:00:00
103.0,85.43264,2025-08-26 03:00:00
81.0,89.36174,2025-08-26 03:00:00
63.75,32.516644,2025-08-26 03:00:00
29.0,43.81148,2025-08-26 03:00:00
112.0,87.54077,2025-08-26 04:00:00
73.0,36.095356,2025-08-26 04:00:00
88.0,70.069855,2025-08-26 04:00:00
49.75,29.73696,2025-08-26 04:00:00
41.0,50.534924,2025-08-26 04:00:00
47.0,50.67603,2025-08-26 05:00:00
94.0,80.608864,2025-08-26 05:00:00
73.0,40.524273,2025-08-26 05:00:00
51.0,29.542028,2025-08-26 05:00:00
75.0,29.57036,2025-08-26 06:00:00
47.25,25.495321,2025-08-26 06:00:00
189.0,73.28317,2025-08-26 06:00:00
52.0,45.9895,2025-08-26 06:00:00
49.0,28.494698,2025-08-26 07:00:00
83.0,56.444607,2025-08-26 07:00:00
59.0,29.62272,2025-08-26 07:00:00
123.0,83.72976,2025-08-26 07:00:00
84.0,35.097347,2025-08-26 08:00:00
57.0,29.830053,2025-08-26 08:00:00
85.0,80.89368,2025-08-26 08:00:00
80.0,78.9697,2025-08-26 08:00:00
70.0,61.245026,2025-08-26 09:00:00
81.0,37.03652,2025-08-26 09:00:00
72.0,82.10069,2025-08-26 09:00:00
61.25,37.345535,2025-08-26 09:00:00
75.0,94.4606,2025-08-26 10:00:00
89.0,69.68851,2025-08-26 10:00:00
47.0,38.44157,2025-08-26 10:00:00
71.25,36.446407,2025-08-26 10:00:00
48.25,36.8592,2025-08-26 11:00:00
39.0,39.30269,2025-08-26 11:00:00
75.0,86.910706,2025-08-26 11:00:00
53.0,73.4583,2025-08-26 11:00:00
16.0,66.95285,2025-08-26 12:00:00
40.0,107.42374,2025-08-26 12:00:00
28.0,37.8122,2025-08-26 12:00:00
13.0,36.559425,2025-08-26 12:00:00
27.0,104.793106,2025-08-26 13:00:00
17.0,90.03459,2025-08-26 13:00:00
35.0,37.4154,2025-08-26 13:00:00
18.0,65.612656,2025-08-26 13:00:00
17.5,36.804855,2025-08-26 13:00:00
21.0,40.17308,2025-08-26 14:00:00
25.0,42.274776,2025-08-26 14:00:00
31.0,83.63525,2025-08-26 14:00:00
27.0,101.2038,2025-08-26 14:00:00
18.0,66.377914,2025-08-26 14:00:00
19.666666666666668,39.908653,2025-08-26 15:00:00
33.0,69.58087,2025-08-26 15:00:00
37.0,46.687817,2025-08-26 15:00:00
19.0,60.749767,2025-08-26 15:00:00
75.0,97.52324,2025-08-26 15:00:00
60.333333333333336,35.23232,2025-08-26 16:00:00
38.0,59.53906,2025-08-26 16:00:00
162.0,103.124985,2025-08-26 16:00:00
36.75,35.644894,2025-08-26 16:00:00
56.0,66.16303,2025-08-26 16:00:00
35.0,38.280838,2025-08-26 17:00:00
81.0,74.73108,2025-08-26 17:00:00
117.0,103.32891,2025-08-26 17:00:00
76.33333333333333,38.524845,2025-08-26 17:00:00
48.0,61.324272,2025-08-26 17:00:00
51.0,73.18544,2025-08-26 18:00:00
66.66666666666667,40.364502,2025-08-26 18:00:00
110.0,90.775665,2025-08-26 18:00:00
89.0,80.600395,2025-08-26 18:00:00
39.5,41.92298,2025-08-26 18:00:00
53.0,46.452435,2025-08-26 19:00:00
56.25,40.801147,2025-08-26 19:00:00
95.0,76.065125,2025-08-26 19:00:00
135.0,85.94025,2025-08-26 19:00:00
84.0,78.64108,2025-08-26 19:00:00
162.0,104.42616,2025-08-26 20:00:00
128.0,85.9007,2025-08-26 20:00:00
99.0,67.014404,2025-08-26 20:00:00
98.66666666666669,50.68008,2025-08-26 20:00:00
59.0,41.596806,2025-08-26 20:00:00
151.0,61.084694,2025-08-26 21:00:00
158.0,87.263084,2025-08-26 21:00:00
134.0,80.95345,2025-08-26 21:00:00
74.0,115.84415,2025-08-26 21:00:00
76.75,47.04778,2025-08-26 21:00:00
85.0,47.00203,2025-08-26 22:00:00
191.0,150.5381,2025-08-26 22:00:00
173.0,92.856964,2025-08-26 22:00:00
191.0,72.872345,2025-08-26 22:00:00
208.0,67.52765,2025-08-26 22:00:00
87.33333333333333,58.123577,2025-08-26 23:00:00
133.0,98.482216,2025-08-26 23:00:00
127.0,64.31599,2025-08-26 23:00:00
199.0,94.06626,2025-08-26 23:00:00
239.0,113.04206,2025-08-26 23:00:00
213.0,88.835846,2025-08-27 00:00:00
78.25,44.639133,2025-08-27 00:00:00
112.0,76.101105,2025-08-27 00:00:00
245.0,90.314766,2025-08-27 00:00:00
90.0,58.92292,2025-08-27 00:00:00
197.0,76.370415,2025-08-27 01:00:00
74.0,41.07047,2025-08-27 01:00:00
85.0,44.433846,2025-08-27 01:00:00
149.0,86.546425,2025-08-27 01:00:00
97.0,76.40217,2025-08-27 01:00:00
143.0,85.729515,2025-08-27 02:00:00
92.0,52.344246,2025-08-27 02:00:00
241.0,92.50011,2025-08-27 02:00:00
83.0,48.01274,2025-08-27 02:00:00
101.0,62.08074,2025-08-27 02:00:00
111.0,49.37604,2025-08-27 03:00:00
103.0,50.377266,2025-08-27 03:00:00
138.0,61.106884,2025-08-27 03:00:00
87.75,42.882053,2025-08-27 03:00:00
243.0,71.72842,2025-08-27 03:00:00
112.0,59.753307,2025-08-27 04:00:00
102.0,59.8306,2025-08-27 04:00:00
92.0,45.81128,2025-08-27 04:00:00
83.0,37.37186,2025-08-27 04:00:00
217.0,64.325424,2025-08-27 04:00:00
91.0,36.686,2025-08-27 05:00:00
228.0,67.097176,2025-08-27 05:00:00
83.25,35.69474,2025-08-27 05:00:00
194.0,67.778435,2025-08-27 05:00:00
112.0,51.82521,2025-08-27 05:00:00
224.0,74.353745,2025-08-27 06:00:00
94.75,30.468418,2025-08-27 06:00:00
193.0,105.413506,2025-08-27 06:00:00
128.0,41.197132,2025-08-27 06:00:00
145.0,72.27554,2025-08-27 06:00:00
115.0,34.686268,2025-08-27 07:00:00
141.0,68.86695,2025-08-27 07:00:00
316.0,62.9725,2025-08-27 07:00:00
44.0,102.23445,2025-08-27 07:00:00
135.0,37.4453,2025-08-27 07:00:00
268.0,78.922035,2025-08-27 08:00:00
200.0,59.23967,2025-08-27 08:00:00
196.0,52.751537,2025-08-27 08:00:00
133.75,36.374287,2025-08-27 08:00:00
121.0,86.26041,2025-08-27 08:00:00
147.0,45.635693,2025-08-27 09:00:00
125.0,65.88181,2025-08-27 09:00:00
113.25,40.692852,2025-08-27 09:00:00
160.0,76.23747,2025-08-27 09:00:00
186.0,76.422874,2025-08-27 09:00:00
122.0,66.56355,2025-08-27 10:00:00
149.0,80.13224,2025-08-27 10:00:00
147.0,51.048405,2025-08-27 10:00:00
98.0,45.817886,2025-08-27 10:00:00
155.0,86.572876,2025-08-27 10:00:00
158.0,78.33665,2025-08-27 11:00:00
139.0,65.43599,2025-08-27 11:00:00
150.0,57.256046,2025-08-27 11:00:00
94.25,44.23993,2025-08-27 11:00:00
136.0,89.29703,2025-08-27 11:00:00
102.0,54.986694,2025-08-27 12:00:00
106.0,68.09305,2025-08-27 12:00:00
130.0,73.50825,2025-08-27 12:00:00
79.0,33.08189,2025-08-27 12:00:00
211.0,102.85417,2025-08-27 12:00:00
64.5,34.642403,2025-08-27 13:00:00
132.0,57.853382,2025-08-27 13:00:00
149.0,78.39992,2025-08-27 13:00:00
157.0,80.0508,2025-08-27 13:00:00
164.0,77.319466,2025-08-27 13:00:00
112.0,102.366516,2025-08-27 14:00:00
105.0,96.567604,2025-08-27 14:00:00
183.0,67.80425,2025-08-27 14:00:00
95.0,50.992496,2025-08-27 14:00:00
59.25,37.879093,2025-08-27 14:00:00
81.0,72.40876,2025-08-27 15:00:00
55.75,37.86066,2025-08-27 15:00:00
74.0,51.410255,2025-08-27 15:00:00
106.0,70.244644,2025-08-27 15:00:00
210.0,70.18592,2025-08-27 15:00:00
57.0,56.68291,2025-08-27 16:00:00
73.0,73.92254,2025-08-27 16:00:00
132.0,97.74162,2025-08-27 16:00:00
62.0,35.498875,2025-08-27 16:00:00
97.0,71.88861,2025-08-27 16:00:00
23.0,57.34792,2025-08-27 17:00:00
63.5,35.034607,2025-08-27 17:00:00
143.0,91.60197,2025-08-27 17:00:00
85.0,61.17794,2025-08-27 17:00:00
119.0,84.38435,2025-08-27 17:00:00
77.0,58.844322,2025-08-27 18:00:00
68.5,35.572372,2025-08-27 18:00:00
111.0,100.93029,2025-08-27 18:00:00
70.0,55.901394,2025-08-27 18:00:00
75.0,68.37056,2025-08-27 18:00:00
80.0,71.49383,2025-08-27 19:00:00
106.0,67.23946,2025-08-27 19:00:00
90.0,80.64712,2025-08-27 19:00:00
128.0,181.95076,2025-08-27 19:00:00
67.0,46.731857,2025-08-27 19:00:00
117.0,68.425766,2025-08-27 20:00:00
108.0,83.87884,2025-08-27 20:00:00
76.0,46.383698,2025-08-27 20:00:00
155.0,183.91675,2025-08-27 20:00:00
143.0,91.830956,2025-08-27 20:00:00
189.0,124.83309,2025-08-27 21:00:00
117.0,98.18415,2025-08-27 21:00:00
110.0,66.90817,2025-08-27 21:00:00
156.0,181.98596,2025-08-27 21:00:00
80.0,45.246227,2025-08-27 21:00:00
110.0,80.75673,2025-08-27 22:00:00
241.0,160.79362,2025-08-27 22:00:00
134.0,105.3702,2025-08-27 22:00:00
127.0,216.79263,2025-08-27 22:00:00
71.75,54.479366,2025-08-27 22:00:00
134.0,102.9603,2025-08-27 23:00:00
118.0,82.43372,2025-08-27 23:00:00
77.66666666666667,52.376133,2025-08-27 23:00:00
168.0,176.28647,2025-08-27 23:00:00
121.0,197.96112,2025-08-27 23:00:00
144.0,177.53906,2025-08-28 00:00:00
143.0,122.37444,2025-08-28 00:00:00
81.75,60.956043,2025-08-28 00:00:00
116.0,80.87246,2025-08-28 00:00:00
100.0,137.189,2025-08-28 00:00:00
119.0,138.00449,2025-08-28 01:00:00
106.0,114.294716,2025-08-28 01:00:00
117.0,62.114006,2025-08-28 01:00:00
111.0,106.92953,2025-08-28 01:00:00
74.25,56.442947,2025-08-28 01:00:00
101.0,90.877914,2025-08-28 02:00:00
113.0,68.22515,2025-08-28 02:00:00
80.0,120.96863,2025-08-28 02:00:00
90.0,86.27932,2025-08-28 02:00:00
58.5,55.887367,2025-08-28 02:00:00
86.0,47.998123,2025-08-28 03:00:00
86.0,85.16675,2025-08-28 03:00:00
74.0,92.5842,2025-08-28 03:00:00
2.0,79.69106,2025-08-28 03:00:00
63.0,54.17079,2025-08-28 03:00:00
77.0,112.89231,2025-08-28 04:00:00
74.75,48.408875,2025-08-28 04:00:00
108.0,108.69258,2025-08-28 04:00:00
92.0,51.231785,2025-08-28 04:00:00
95.0,63.217014,2025-08-28 04:00:00
134.0,71.05652,2025-08-28 05:00:00
136.0,46.92302,2025-08-28 05:00:00
90.0,98.39418,2025-08-28 05:00:00
65.0,51.807125,2025-08-28 05:00:00
83.0,105.45174,2025-08-28 05:00:00
123.0,106.57554,2025-08-28 06:00:00
114.0,72.469376,2025-08-28 06:00:00
136.0,51.02516,2025-08-28 06:00:00
106.0,138.0,2025-08-28 06:00:00
61.25,52.043785,2025-08-28 06:00:00
63.5,75.154396,2025-08-28 07:00:00
91.0,74.20332,2025-08-28 07:00:00
136.0,68.8555,2025-08-28 07:00:00
145.0,164.89926,2025-08-28 07:00:00
179.0,121.53897,2025-08-28 07:00:00
208.0,141.2088,2025-08-28 08:00:00
118.0,101.46345,2025-08-28 08:00:00
63.0,80.81064,2025-08-28 08:00:00
179.0,153.79964,2025-08-28 08:00:00
112.0,95.86083,2025-08-28 08:00:00
95.0,87.50453,2025-08-28 09:00:00
110.0,77.99458,2025-08-28 09:00:00
121.0,110.827515,2025-08-28 09:00:00
48.25,73.646454,2025-08-28 09:00:00
149.0,129.2749,2025-08-28 09:00:00
27.25,73.9743,2025-08-28 10:00:00
84.0,183.48482,2025-08-28 10:00:00
50.0,91.81939,2025-08-28 10:00:00
73.0,98.777374,2025-08-28 10:00:00
135.0,132.20052,2025-08-28 10:00:00
125.0,126.85896,2025-08-28 11:00:00
56.0,99.93328,2025-08-28 11:00:00
27.25,74.425896,2025-08-28 11:00:00
33.0,110.98841,2025-08-28 11:00:00
50.0,164.28171,2025-08-28 11:00:00
51.0,137.12793,2025-08-28 12:00:00
41.0,89.836754,2025-08-28 12:00:00
30.0,107.62087,2025-08-28 12:00:00
65.25,70.464516,2025-08-28 12:00:00
33.0,96.875114,2025-08-28 12:00:00
72.0,70.48111,2025-08-28 13:00:00
108.0,97.096695,2025-08-28 13:00:00
75.25,65.559944,2025-08-28 13:00:00
2.0,122.72696,2025-08-28 13:00:00
33.0,77.98874,2025-08-28 13:00:00
57.25,51.936558,2025-08-28 14:00:00
128.0,71.13385,2025-08-28 14:00:00
117.0,79.9451,2025-08-28 14:00:00
177.0,80.5168,2025-08-28 14:00:00
55.0,104.62485,2025-08-28 14:00:00
55.0,119.75286,2025-08-28 15:00:00
88.0,81.12861,2025-08-28 15:00:00
53.0,63.345795,2025-08-28 15:00:00
116.0,93.362236,2025-08-28 15:00:00
29.0,46.456905,2025-08-28 15:00:00
40.0,115.54469,2025-08-28 16:00:00
74.0,82.48386,2025-08-28 16:00:00
53.0,64.61759,2025-08-28 16:00:00
53.0,91.95482,2025-08-28 16:00:00
29.0,47.91666,2025-08-28 16:00:00
53.0,108.202034,2025-08-28 17:00:00
69.0,96.23808,2025-08-28 17:00:00
119.0,103.50619,2025-08-28 17:00:00
52.5,47.39184,2025-08-28 17:00:00
50.0,80.196846,2025-08-28 17:00:00
69.0,105.6257,2025-08-28 18:00:00
58.0,48.740746,2025-08-28 18:00:00
57.0,62.24364,2025-08-28 18:00:00
119.0,115.14206,2025-08-28 18:00:00
94.0,82.955956,2025-08-28 18:00:00
50.25,50.005646,2025-08-28 19:00:00
117.0,113.4598,2025-08-28 19:00:00
111.0,124.2508,2025-08-28 19:00:00
80.0,77.61611,2025-08-28 19:00:00
150.0,88.98793,2025-08-28 19:00:00
127.0,101.80578,2025-08-28 20:00:00
51.75,62.299725,2025-08-28 20:00:00
68.0,80.289635,2025-08-28 20:00:00
117.0,135.48273,2025-08-28 20:00:00
110.0,133.20923,2025-08-28 20:00:00
89.0,123.50215,2025-08-28 21:00:00
54.25,67.96196,2025-08-28 21:00:00
117.0,168.95253,2025-08-28 21:00:00
146.0,114.17442,2025-08-28 21:00:00
64.0,107.39556,2025-08-28 21:00:00
117.0,109.7871,2025-08-28 22:00:00
94.0,114.22724,2025-08-28 22:00:00
117.0,152.66913,2025-08-28 22:00:00
68.0,99.27137,2025-08-28 22:00:00
51.0,71.44282,2025-08-28 22:00:00
135.0,109.130356,2025-08-28 23:00:00
80.0,114.68519,2025-08-28 23:00:00
50.0,75.51519,2025-08-28 23:00:00
63.0,102.941376,2025-08-28 23:00:00
59.0,96.525406,2025-08-29 00:00:00
44.5,58.036785,2025-08-29 00:00:00
128.0,107.278786,2025-08-29 00:00:00
58.0,79.26278,2025-08-29 00:00:00
56.0,82.73904,2025-08-29 01:00:00
67.0,78.739044,2025-08-29 01:00:00
124.0,97.52741,2025-08-29 01:00:00
38.5,63.70743,2025-08-29 01:00:00
81.0,98.3443,2025-08-29 02:00:00
27.25,62.77565,2025-08-29 02:00:00
63.0,75.67456,2025-08-29 02:00:00
61.0,81.75791,2025-08-29 02:00:00
53.0,98.089226,2025-08-29 03:00:00
26.75,57.35918,2025-08-29 03:00:00
70.0,102.231346,2025-08-29 03:00:00
62.0,105.42513,2025-08-29 03:00:00
26.25,57.6328,2025-08-29 04:00:00
59.0,69.26695,2025-08-29 04:00:00
53.0,76.45417,2025-08-29 04:00:00
56.0,69.82879,2025-08-29 04:00:00
70.0,69.39836,2025-08-29 05:00:00
41.0,88.67863,2025-08-29 05:00:00
23.25,57.61919,2025-08-29 05:00:00
59.0,45.98411,2025-08-29 05:00:00
69.0,83.58295,2025-08-29 06:00:00
67.0,62.55011,2025-08-29 06:00:00
29.0,59.323463,2025-08-29 06:00:00
63.0,79.35003,2025-08-29 06:00:00
77.0,65.0572,2025-08-29 07:00:00
29.0,58.278408,2025-08-29 07:00:00
114.0,111.42911,2025-08-29 07:00:00
102.0,68.97605,2025-08-29 07:00:00
185.0,124.999214,2025-08-29 08:00:00
81.0,85.835205,2025-08-29 08:00:00
33.75,54.719677,2025-08-29 08:00:00
74.0,93.80379,2025-08-29 08:00:00
51.0,91.39153,2025-08-29 09:00:00
47.5,57.026386,2025-08-29 09:00:00
139.0,129.85706,2025-08-29 09:00:00
78.0,86.165146,2025-08-29 09:00:00
77.0,148.89449,2025-08-29 10:00:00
45.5,57.098675,2025-08-29 10:00:00
83.0,84.4408,2025-08-29 10:00:00
146.0,135.00743,2025-08-29 10:00:00
57.0,79.69204,2025-08-29 10:00:00
46.0,51.577446,2025-08-29 11:00:00
150.0,139.79828,2025-08-29 11:00:00
78.0,113.13081,2025-08-29 11:00:00
77.0,80.38129,2025-08-29 11:00:00
69.0,82.728775,2025-08-29 11:00:00
83.0,85.20214,2025-08-29 12:00:00
81.0,129.67583,2025-08-29 12:00:00
158.0,99.11624,2025-08-29 12:00:00
78.0,82.2163,2025-08-29 12:00:00
48.75,54.752007,2025-08-29 12:00:00
111.0,84.571556,2025-08-29 13:00:00
127.0,128.92961,2025-08-29 13:00:00
81.0,103.879745,2025-08-29 13:00:00
49.75,57.675064,2025-08-29 13:00:00
111.0,102.630196,2025-08-29 13:00:00
182.0,110.36291,2025-08-29 14:00:00
71.75,60.16847,2025-08-29 14:00:00
53.0,80.18234,2025-08-29 14:00:00
133.0,89.291756,2025-08-29 14:00:00
89.0,86.76444,2025-08-29 14:00:00
169.0,83.674034,2025-08-29 15:00:00
117.0,94.94224,2025-08-29 15:00:00
75.0,61.05697,2025-08-29 15:00:00
124.0,70.91276,2025-08-29 15:00:00
80.75,51.168983,2025-08-29 15:00:00
89.0,85.34784,2025-08-29 16:00:00
101.0,76.256065,2025-08-29 16:00:00
130.0,86.50094,2025-08-29 16:00:00
67.0,69.16735,2025-08-29 16:00:00
40.5,43.66017,2025-08-29 16:00:00
95.0,88.459915,2025-08-29 17:00:00
69.0,95.38192,2025-08-29 17:00:00
74.0,78.281906,2025-08-29 17:00:00
35.0,58.496723,2025-08-29 17:00:00
39.5,51.373573,2025-08-29 17:00:00
117.0,93.411125,2025-08-29 18:00:00
35.0,97.33005,2025-08-29 18:00:00
45.75,46.434685,2025-08-29 18:00:00
79.0,86.1403,2025-08-29 18:00:00
67.0,65.115906,2025-08-29 18:00:00
50.25,57.038177,2025-08-29 19:00:00
86.0,95.49806,2025-08-29 19:00:00
135.0,95.433846,2025-08-29 19:00:00
69.0,72.89316,2025-08-29 19:00:00
35.0,117.12221,2025-08-29 19:00:00
67.0,83.10075,2025-08-29 20:00:00
59.5,49.546024,2025-08-29 20:00:00
99.0,107.92661,2025-08-29 20:00:00
101.0,114.75135,2025-08-29 20:00:00
133.0,105.812416,2025-08-29 20:00:00
90.0,89.14902,2025-08-29 21:00:00
157.0,112.45594,2025-08-29 21:00:00
67.25,49.317234,2025-08-29 21:00:00
117.0,136.755,2025-08-29 21:00:00
125.0,132.64577,2025-08-29 21:00:00
73.0,51.716797,2025-08-29 22:00:00
133.0,155.38919,2025-08-29 22:00:00
174.0,115.832245,2025-08-29 22:00:00
136.0,119.267166,2025-08-29 22:00:00
83.0,82.74152,2025-08-29 22:00:00
74.0,53.958138,2025-08-29 23:00:00
100.0,79.06467,2025-08-29 23:00:00
147.0,127.127815,2025-08-29 23:00:00
136.0,117.42327,2025-08-29 23:00:00
157.0,122.34899,2025-08-30 00:00:00
81.0,69.14805,2025-08-30 00:00:00
101.0,94.68306,2025-08-30 00:00:00
74.75,51.673462,2025-08-30 00:00:00
152.0,102.519424,2025-08-30 01:00:00
71.0,47.01819,2025-08-30 01:00:00
80.0,83.734344,2025-08-30 01:00:00
75.0,69.84847,2025-08-30 01:00:00
69.0,65.351555,2025-08-30 02:00:00
73.0,79.46452,2025-08-30 02:00:00
112.0,94.29837,2025-08-30 02:00:00
60.75,38.039207,2025-08-30 02:00:00
94.0,86.79903,2025-08-30 03:00:00
73.0,61.288223,2025-08-30 03:00:00
56.75,39.935246,2025-08-30 03:00:00
53.0,76.43768,2025-08-30 03:00:00
74.0,84.88488,2025-08-30 04:00:00
51.0,77.05079,2025-08-30 04:00:00
66.5,29.723005,2025-08-30 04:00:00
55.0,54.126976,2025-08-30 04:00:00
61.0,76.7084,2025-08-30 05:00:00
62.0,53.45035,2025-08-30 05:00:00
100.0,85.159935,2025-08-30 05:00:00
57.0,30.6522,2025-08-30 05:00:00
48.5,30.758074,2025-08-30 06:00:00
62.0,57.709087,2025-08-30 06:00:00
59.0,79.01357,2025-08-30 06:00:00
94.0,89.8488,2025-08-30 06:00:00
40.75,40.89694,2025-08-30 07:00:00
85.0,88.37397,2025-08-30 07:00:00
47.0,69.6997,2025-08-30 07:00:00
88.0,110.453094,2025-08-30 07:00:00
85.0,93.679504,2025-08-30 08:00:00
22.25,40.636982,2025-08-30 08:00:00
100.0,133.76605,2025-08-30 08:00:00
14.0,73.86195,2025-08-30 08:00:00
24.0,43.35965,2025-08-30 09:00:00
85.0,94.27396,2025-08-30 09:00:00
20.0,69.743866,2025-08-30 09:00:00
201.0,141.8642,2025-08-30 09:00:00
149.0,100.11239,2025-08-30 10:00:00
85.0,93.93564,2025-08-30 10:00:00
33.0,66.858154,2025-08-30 10:00:00
146.0,145.29744,2025-08-30 10:00:00
31.0,44.31445,2025-08-30 10:00:00
40.75,42.86182,2025-08-30 11:00:00
88.0,104.921814,2025-08-30 11:00:00
31.0,72.30475,2025-08-30 11:00:00
110.0,141.49199,2025-08-30 11:00:00
35.25,42.098427,2025-08-30 12:00:00
59.0,95.129906,2025-08-30 12:00:00
47.0,61.633118,2025-08-30 12:00:00
123.0,129.07431,2025-08-30 12:00:00
32.0,38.96706,2025-08-30 13:00:00
112.0,101.804695,2025-08-30 13:00:00
66.0,67.54946,2025-08-30 13:00:00
62.0,143.41287,2025-08-30 13:00:00
51.0,64.08418,2025-08-30 14:00:00
150.0,104.93786,2025-08-30 14:00:00
30.25,57.517326,2025-08-30 14:00:00
16.0,155.619,2025-08-30 14:00:00
16.0,110.44456,2025-08-30 15:00:00
136.0,87.15142,2025-08-30 15:00:00
124.0,112.520485,2025-08-30 15:00:00
40.25,62.94459,2025-08-30 15:00:00
59.0,67.92518,2025-08-30 15:00:00
66.0,128.97649,2025-08-30 16:00:00
53.0,59.933388,2025-08-30 16:00:00
136.0,80.029594,2025-08-30 16:00:00
92.0,109.26843,2025-08-30 16:00:00
54.0,49.744507,2025-08-30 16:00:00
74.0,50.18477,2025-08-30 17:00:00
81.0,94.23779,2025-08-30 17:00:00
107.0,72.02474,2025-08-30 17:00:00
50.25,46.88459,2025-08-30 17:00:00
105.0,91.41375,2025-08-30 17:00:00
79.0,101.25277,2025-08-30 18:00:00
42.0,45.212093,2025-08-30 18:00:00
123.0,102.68013,2025-08-30 18:00:00
97.0,87.12387,2025-08-30 18:00:00
85.0,63.00968,2025-08-30 18:00:00
119.0,86.18065,2025-08-30 19:00:00
36.75,48.915886,2025-08-30 19:00:00
100.0,114.88294,2025-08-30 19:00:00
67.0,68.75675,2025-08-30 19:00:00
151.0,112.41703,2025-08-30 19:00:00
61.0,79.76055,2025-08-30 20:00:00
155.0,147.09262,2025-08-30 20:00:00
95.0,91.68974,2025-08-30 20:00:00
42.0,56.067097,2025-08-30 20:00:00
121.0,126.5995,2025-08-30 20:00:00
92.0,155.2112,2025-08-30 21:00:00
58.0,87.809395,2025-08-30 21:00:00
44.25,61.71166,2025-08-30 21:00:00
70.0,135.62906,2025-08-30 21:00:00
101.0,150.60571,2025-08-30 21:00:00
44.0,80.22075,2025-08-30 22:00:00
83.0,154.50726,2025-08-30 22:00:00
55.0,152.30025,2025-08-30 22:00:00
88.0,102.192,2025-08-30 22:00:00
41.25,69.74314,2025-08-30 22:00:00
67.0,123.42167,2025-08-30 23:00:00
36.66666666666666,69.64684,2025-08-30 23:00:00
45.0,140.81868,2025-08-30 23:00:00
68.0,182.27191,2025-08-30 23:00:00
52.0,77.75555,2025-08-30 23:00:00
55.0,71.47283,2025-08-31 00:00:00
48.0,141.25432,2025-08-31 00:00:00
45.0,116.43289,2025-08-31 00:00:00
19.0,215.1916,2025-08-31 00:00:00
30.0,66.01785,2025-08-31 00:00:00
19.0,187.2948,2025-08-31 01:00:00
36.0,95.74211,2025-08-31 01:00:00
30.0,61.57492,2025-08-31 01:00:00
33.0,71.05616,2025-08-31 01:00:00
67.0,135.04482,2025-08-31 01:00:00
24.0,69.63356,2025-08-31 02:00:00
19.0,165.122,2025-08-31 02:00:00
25.5,52.26959,2025-08-31 02:00:00
42.0,110.92042,2025-08-31 02:00:00
56.0,58.748775,2025-08-31 02:00:00
23.0,45.503384,2025-08-31 03:00:00
24.0,60.5408,2025-08-31 03:00:00
27.0,68.76931,2025-08-31 03:00:00
13.0,89.18348,2025-08-31 03:00:00
42.0,122.295135,2025-08-31 03:00:00
21.75,41.49368,2025-08-31 04:00:00
23.0,59.053898,2025-08-31 04:00:00
40.0,96.657524,2025-08-31 04:00:00
24.0,51.86345,2025-08-31 04:00:00
11.0,78.495964,2025-08-31 04:00:00
20.0,58.924065,2025-08-31 05:00:00
14.0,41.228172,2025-08-31 05:00:00
22.0,67.642815,2025-08-31 05:00:00
69.0,122.6781,2025-08-31 05:00:00
22.75,36.16176,2025-08-31 05:00:00
29.0,56.22489,2025-08-31 06:00:00
25.25,38.149677,2025-08-31 06:00:00
114.0,113.00782,2025-08-31 06:00:00
28.0,73.85606,2025-08-31 06:00:00
31.0,47.927933,2025-08-31 06:00:00
16.0,69.82854,2025-08-31 07:00:00
23.5,43.118946,2025-08-31 07:00:00
78.0,93.33714,2025-08-31 07:00:00
31.0,94.211075,2025-08-31 07:00:00
80.0,122.426834,2025-08-31 07:00:00
25.75,48.14217,2025-08-31 08:00:00
31.0,90.90422,2025-08-31 08:00:00
59.0,120.29993,2025-08-31 08:00:00
106.0,111.71071,2025-08-31 08:00:00
35.0,73.84491,2025-08-31 08:00:00
31.0,92.90374,2025-08-31 09:00:00
35.0,68.381874,2025-08-31 09:00:00
21.75,45.573997,2025-08-31 09:00:00
99.0,128.48232,2025-08-31 09:00:00
38.0,113.78561,2025-08-31 09:00:00
23.0,128.17519,2025-08-31 10:00:00
38.0,151.14244,2025-08-31 10:00:00
21.0,45.52377,2025-08-31 10:00:00
17.0,70.092926,2025-08-31 10:00:00
31.0,90.170876,2025-08-31 10:00:00
38.0,120.831406,2025-08-31 11:00:00
25.5,47.675186,2025-08-31 11:00:00
18.0,117.64251,2025-08-31 11:00:00
17.0,69.13468,2025-08-31 11:00:00
36.0,127.75597,2025-08-31 12:00:00
31.75,49.48564,2025-08-31 12:00:00
14.0,113.0167,2025-08-31 12:00:00
39.0,72.564415,2025-08-31 12:00:00
55.0,75.55092,2025-08-31 13:00:00
33.666666666666664,50.9609,2025-08-31 13:00:00
166.0,102.874016,2025-08-31 13:00:00
69.0,108.26337,2025-08-31 13:00:00
28.5,45.82584,2025-08-31 14:00:00
34.0,63.459793,2025-08-31 14:00:00
106.0,120.52955,2025-08-31 14:00:00
96.0,112.503044,2025-08-31 14:00:00
27.25,42.90864,2025-08-31 15:00:00
29.0,97.91776,2025-08-31 15:00:00
44.0,108.40187,2025-08-31 15:00:00
42.0,61.42164,2025-08-31 15:00:00
86.0,103.359085,2025-08-31 15:00:00
47.0,108.92253,2025-08-31 16:00:00
12.25,49.973106,2025-08-31 16:00:00
24.0,86.93855,2025-08-31 16:00:00
42.0,61.045177,2025-08-31 16:00:00
24.0,124.49744,2025-08-31 16:00:00
18.0,116.24729,2025-08-31 17:00:00
11.5,50.53213,2025-08-31 17:00:00
11.0,96.488266,2025-08-31 17:00:00
14.0,91.98026,2025-08-31 17:00:00
18.0,71.62619,2025-08-31 17:00:00
27.0,87.74896,2025-08-31 18:00:00
13.0,47.68305,2025-08-31 18:00:00
6.0,91.61652,2025-08-31 18:00:00
18.0,86.90112,2025-08-31 18:00:00
18.0,67.30825,2025-08-31 18:00:00
7.0,104.33551,2025-08-31 19:00:00
23.0,89.64729,2025-08-31 19:00:00
22.0,89.99155,2025-08-31 19:00:00
11.25,46.50256,2025-08-31 19:00:00
18.0,65.31909,2025-08-31 19:00:00
18.0,66.56065,2025-08-31 20:00:00
16.0,103.272446,2025-08-31 20:00:00
7.0,96.86065,2025-08-31 20:00:00
9.5,48.786655,2025-08-31 20:00:00
12.0,88.99909,2025-08-31 20:00:00
20.0,90.70788,2025-08-31 21:00:00
12.25,51.107235,2025-08-31 21:00:00
7.0,93.407234,2025-08-31 21:00:00
16.0,97.053024,2025-08-31 21:00:00
20.0,91.72735,2025-08-31 22:00:00
13.5,49.941597,2025-08-31 22:00:00
12.0,82.947365,2025-08-31 22:00:00
16.0,104.59904,2025-08-31 22:00:00
15.0,51.264282,2025-08-31 23:00:00
20.0,94.10674,2025-08-31 23:00:00
18.0,90.23017,2025-08-31 23:00:00
8.0,88.19043,2025-08-31 23:00:00
22.0,38.38892,2025-09-01 00:00:00
17.5,35.526947,2025-09-01 00:00:00
13.0,62.09468,2025-09-01 00:00:00
18.0,112.43783,2025-09-01 00:00:00
20.0,81.948685,2025-09-01 00:00:00
20.0,91.12431,2025-09-01 01:00:00
9.0,57.44046,2025-09-01 01:00:00
17.25,29.126514,2025-09-01 01:00:00
27.0,74.73406,2025-09-01 01:00:00
22.0,28.36224,2025-09-01 01:00:00
24.0,35.98315,2025-09-01 02:00:00
20.0,87.81042,2025-09-01 02:00:00
16.25,20.44491,2025-09-01 02:00:00
6.0,43.14513,2025-09-01 02:00:00
3.0,65.91413,2025-09-01 02:00:00
22.0,26.427088,2025-09-01 03:00:00
23.0,107.999214,2025-09-01 03:00:00
3.0,58.010944,2025-09-01 03:00:00
5.0,40.984978,2025-09-01 03:00:00
14.5,22.007912,2025-09-01 03:00:00
17.0,35.998837,2025-09-01 04:00:00
9.0,56.47936,2025-09-01 04:00:00
14.25,22.52078,2025-09-01 04:00:00
22.0,86.849976,2025-09-01 04:00:00
8.0,46.351948,2025-09-01 04:00:00
17.0,43.014862,2025-09-01 05:00:00
13.5,23.775858,2025-09-01 05:00:00
22.0,65.7507,2025-09-01 05:00:00
11.0,69.80321,2025-09-01 05:00:00
13.0,46.95217,2025-09-01 05:00:00
11.0,52.280495,2025-09-01 06:00:00
25.0,58.94406,2025-09-01 06:00:00
11.0,58.437176,2025-09-01 06:00:00
17.5,19.05933,2025-09-01 06:00:00
17.0,24.596706,2025-09-01 06:00:00
25.0,61.118675,2025-09-01 07:00:00
19.0,72.04144,2025-09-01 07:00:00
17.0,31.433397,2025-09-01 07:00:00
11.0,65.88411,2025-09-01 07:00:00
23.75,24.114824,2025-09-01 07:00:00
11.0,78.54124,2025-09-01 08:00:00
27.75,33.651043,2025-09-01 08:00:00
20.0,84.78067,2025-09-01 08:00:00
24.0,80.61827,2025-09-01 08:00:00
18.0,107.871346,2025-09-01 09:00:00
33.0,87.59667,2025-09-01 09:00:00
32.75,33.633713,2025-09-01 09:00:00
19.0,73.18612,2025-09-01 09:00:00
42.0,75.061615,2025-09-01 10:00:00
34.0,32.64687,2025-09-01 10:00:00
34.0,43.57739,2025-09-01 10:00:00
47.0,89.30019,2025-09-01 10:00:00
29.0,100.915504,2025-09-01 10:00:00
36.0,43.08868,2025-09-01 11:00:00
31.5,38.81942,2025-09-01 11:00:00
52.0,90.49921,2025-09-01 11:00:00
56.0,76.75345,2025-09-01 11:00:00
38.0,86.61945,2025-09-01 11:00:00
33.0,87.03987,2025-09-01 12:00:00
57.0,94.36096,2025-09-01 12:00:00
28.75,35.84383,2025-09-01 12:00:00
40.0,55.24453,2025-09-01 12:00:00
62.0,94.32925,2025-09-01 12:00:00
91.0,131.84842,2025-09-01 13:00:00
47.0,58.03625,2025-09-01 13:00:00
27.75,32.03294,2025-09-01 13:00:00
28.0,92.50266,2025-09-01 13:00:00
30.0,85.95562,2025-09-01 13:00:00
34.5,30.276955,2025-09-01 14:00:00
33.0,109.19139,2025-09-01 14:00:00
11.0,89.72192,2025-09-01 14:00:00
91.0,102.123215,2025-09-01 14:00:00
27.0,37.830963,2025-09-01 14:00:00
91.0,109.39992,2025-09-01 15:00:00
27.0,41.19604,2025-09-01 15:00:00
27.75,24.024284,2025-09-01 15:00:00
13.0,77.529076,2025-09-01 15:00:00
33.0,85.37017,2025-09-01 15:00:00
17.75,27.52632,2025-09-01 16:00:00
23.0,87.48926,2025-09-01 16:00:00
91.0,102.504196,2025-09-01 16:00:00
19.0,66.341896,2025-09-01 16:00:00
18.0,46.02212,2025-09-01 16:00:00
22.0,85.35574,2025-09-01 17:00:00
29.0,39.311745,2025-09-01 17:00:00
16.0,26.11929,2025-09-01 17:00:00
14.0,63.92301,2025-09-01 17:00:00
19.0,82.41221,2025-09-01 17:00:00
50.0,32.407387,2025-09-01 18:00:00
14.0,69.73794,2025-09-01 18:00:00
12.0,20.497746,2025-09-01 18:00:00
14.0,77.02123,2025-09-01 18:00:00
14.0,57.03758,2025-09-01 18:00:00
23.0,67.96446,2025-09-01 19:00:00
14.0,82.86226,2025-09-01 19:00:00
17.0,74.02002,2025-09-01 19:00:00
33.0,32.962074,2025-09-01 19:00:00
14.75,19.707815,2025-09-01 19:00:00
14.0,92.99913,2025-09-01 20:00:00
18.0,72.73563,2025-09-01 20:00:00
33.0,34.02463,2025-09-01 20:00:00
12.5,23.66273,2025-09-01 20:00:00
24.0,61.20583,2025-09-01 20:00:00
16.0,57.89698,2025-09-01 21:00:00
8.75,21.745651,2025-09-01 21:00:00
18.0,71.96439,2025-09-01 21:00:00
14.0,68.54884,2025-09-01 21:00:00
9.0,73.212906,2025-09-01 22:00:00
28.0,77.101715,2025-09-01 22:00:00
12.0,20.884985,2025-09-01 22:00:00
12.0,67.77015,2025-09-01 22:00:00
13.0,70.76215,2025-09-01 23:00:00
17.666666666666668,21.161108,2025-09-01 23:00:00
40.0,76.35825,2025-09-01 23:00:00
14.0,69.50636,2025-09-01 23:00:00
14.0,56.80417,2025-09-02 00:00:00
29.0,32.604885,2025-09-02 00:00:00
24.5,30.114481,2025-09-02 00:00:00
27.0,70.820885,2025-09-02 00:00:00
134.0,81.71233,2025-09-02 00:00:00
29.0,54.52347,2025-09-02 01:00:00
34.0,70.07728,2025-09-02 01:00:00
35.0,75.12686,2025-09-02 01:00:00
77.0,76.75614,2025-09-02 01:00:00
28.75,29.746613,2025-09-02 01:00:00
33.0,73.25255,2025-09-02 02:00:00
55.0,90.16503,2025-09-02 02:00:00
29.75,33.93193,2025-09-02 02:00:00
41.0,86.64509,2025-09-02 02:00:00
51.0,47.162384,2025-09-02 02:00:00
31.5,31.368013,2025-09-02 03:00:00
51.0,44.249294,2025-09-02 03:00:00
48.0,87.39228,2025-09-02 03:00:00
36.0,65.0847,2025-09-02 03:00:00
45.0,85.78092,2025-09-02 03:00:00
42.0,85.52929,2025-09-02 04:00:00
26.25,32.733578,2025-09-02 04:00:00
29.0,89.77778,2025-09-02 04:00:00
51.0,47.018204,2025-09-02 04:00:00
36.0,66.68527,2025-09-02 04:00:00
33.0,75.61829,2025-09-02 05:00:00
51.0,50.34274,2025-09-02 05:00:00
35.0,67.74221,2025-09-02 05:00:00
29.0,84.44826,2025-09-02 05:00:00
16.75,33.651703,2025-09-02 05:00:00
14.0,74.86345,2025-09-02 06:00:00
22.0,62.124313,2025-09-02 06:00:00
20.0,74.62365,2025-09-02 06:00:00
20.0,28.200434,2025-09-02 06:00:00
28.5,43.480076,2025-09-02 07:00:00
23.0,58.12124,2025-09-02 07:00:00
38.0,96.165245,2025-09-02 07:00:00
24.0,72.31237,2025-09-02 07:00:00
23.0,86.3667,2025-09-02 07:00:00
51.0,101.876366,2025-09-02 08:00:00
25.0,95.768974,2025-09-02 08:00:00
31.0,103.98399,2025-09-02 08:00:00
36.5,38.2772,2025-09-02 08:00:00
70.0,97.90196,2025-09-02 09:00:00
31.75,34.60803,2025-09-02 09:00:00
70.0,83.43211,2025-09-02 09:00:00
29.0,90.5319,2025-09-02 09:00:00
55.0,74.319984,2025-09-02 10:00:00
68.0,89.23598,2025-09-02 10:00:00
168.0,95.30019,2025-09-02 10:00:00
35.25,36.092796,2025-09-02 10:00:00
45.0,57.89077,2025-09-02 10:00:00
80.0,89.902626,2025-09-02 11:00:00
66.0,56.355225,2025-09-02 11:00:00
112.0,81.56368,2025-09-02 11:00:00
37.25,33.489437,2025-09-02 11:00:00
92.0,79.52936,2025-09-02 11:00:00
95.0,91.47678,2025-09-02 12:00:00
46.0,50.29512,2025-09-02 12:00:00
80.0,89.96629,2025-09-02 12:00:00
44.5,37.769157,2025-09-02 12:00:00
123.0,79.54058,2025-09-02 12:00:00
53.0,47.13196,2025-09-02 13:00:00
133.0,62.99476,2025-09-02 13:00:00
108.0,71.51635,2025-09-02 13:00:00
90.0,83.74024,2025-09-02 13:00:00
42.75,36.73772,2025-09-02 13:00:00
97.0,70.82817,2025-09-02 14:00:00
58.0,65.312416,2025-09-02 14:00:00
29.5,29.482586,2025-09-02 14:00:00
70.0,59.97391,2025-09-02 14:00:00
38.0,35.29491,2025-09-02 14:00:00
79.0,69.133545,2025-09-02 15:00:00
92.0,68.79308,2025-09-02 15:00:00
25.0,32.070255,2025-09-02 15:00:00
58.0,72.90124,2025-09-02 15:00:00
4.25,32.950703,2025-09-02 15:00:00
34.0,35.926044,2025-09-02 16:00:00
58.0,63.54431,2025-09-02 16:00:00
3.0,60.392113,2025-09-02 16:00:00
11.0,59.82958,2025-09-02 16:00:00
9.0,26.455805,2025-09-02 16:00:00
18.0,61.94058,2025-09-02 17:00:00
20.0,24.617723,2025-09-02 17:00:00
29.0,80.11697,2025-09-02 17:00:00
24.0,34.566395,2025-09-02 17:00:00
50.0,78.10492,2025-09-02 17:00:00
29.25,35.197,2025-09-02 18:00:00
40.0,94.27054,2025-09-02 18:00:00
12.0,70.42216,2025-09-02 18:00:00
34.0,49.994366,2025-09-02 18:00:00
31.0,86.77576,2025-09-02 18:00:00
41.0,59.562202,2025-09-02 19:00:00
12.0,95.71161,2025-09-02 19:00:00
84.0,100.293915,2025-09-02 19:00:00
19.0,48.264915,2025-09-02 19:00:00
45.0,85.5086,2025-09-02 19:00:00
39.0,93.46888,2025-09-02 20:00:00
31.0,87.70999,2025-09-02 20:00:00
134.0,97.99269,2025-09-02 20:00:00
40.0,63.874107,2025-09-02 20:00:00
24.25,46.18827,2025-09-02 20:00:00
33.5,48.24096,2025-09-02 21:00:00
38.0,65.95351,2025-09-02 21:00:00
48.0,83.4963,2025-09-02 21:00:00
40.0,86.15729,2025-09-02 21:00:00
89.0,96.126205,2025-09-02 21:00:00
35.0,94.554924,2025-09-02 22:00:00
51.0,80.25109,2025-09-02 22:00:00
70.0,89.83518,2025-09-02 22:00:00
33.0,72.91355,2025-09-02 22:00:00
42.0,46.963654,2025-09-02 22:00:00
67.0,84.97453,2025-09-02 23:00:00
38.333333333333336,51.822277,2025-09-02 23:00:00
31.0,84.52732,2025-09-02 23:00:00
62.0,109.84847,2025-09-02 23:00:00
83.0,80.18593,2025-09-03 00:00:00
33.0,48.357246,2025-09-03 00:00:00
23.0,62.442562,2025-09-03 00:00:00
49.5,39.27445,2025-09-03 00:00:00
31.0,137.49297,2025-09-03 00:00:00
40.75,35.135952,2025-09-03 01:00:00
51.0,76.50649,2025-09-03 01:00:00
46.0,65.91841,2025-09-03 01:00:00
40.0,42.261375,2025-09-03 01:00:00
31.0,118.91954,2025-09-03 01:00:00
73.0,39.674744,2025-09-03 02:00:00
57.0,76.06721,2025-09-03 02:00:00
92.0,96.2903,2025-09-03 02:00:00
23.0,37.050373,2025-09-03 02:00:00
51.0,56.587555,2025-09-03 02:00:00
31.0,57.156338,2025-09-03 03:00:00
85.0,84.82789,2025-09-03 03:00:00
16.75,27.377632,2025-09-03 03:00:00
44.0,70.39011,2025-09-03 03:00:00
44.0,33.746128,2025-09-03 03:00:00
41.0,55.368298,2025-09-03 04:00:00
20.25,28.831886,2025-09-03 04:00:00
35.0,38.59959,2025-09-03 04:00:00
56.0,76.73565,2025-09-03 04:00:00
84.0,76.84293,2025-09-03 04:00:00
55.0,67.51058,2025-09-03 05:00:00
39.0,34.61794,2025-09-03 05:00:00
70.0,79.8611,2025-09-03 05:00:00
44.0,48.79992,2025-09-03 05:00:00
25.25,29.493801,2025-09-03 05:00:00
39.75,32.707382,2025-09-03 06:00:00
141.0,67.257706,2025-09-03 06:00:00
41.0,49.227657,2025-09-03 06:00:00
63.0,68.592834,2025-09-03 06:00:00
117.0,106.88306,2025-09-03 07:00:00
45.25,34.74298,2025-09-03 07:00:00
50.0,96.214424,2025-09-03 07:00:00
27.0,80.713524,2025-09-03 07:00:00
69.0,48.204903,2025-09-03 07:00:00
48.0,108.84903,2025-09-03 08:00:00
61.0,92.64763,2025-09-03 08:00:00
45.5,44.64366,2025-09-03 08:00:00
127.0,74.924995,2025-09-03 08:00:00
69.0,68.02826,2025-09-03 08:00:00
79.0,60.958702,2025-09-03 09:00:00
58.25,34.57521,2025-09-03 09:00:00
44.0,82.679016,2025-09-03 09:00:00
88.0,81.08714,2025-09-03 09:00:00
112.0,85.00776,2025-09-03 09:00:00
46.0,103.99065,2025-09-03 10:00:00
127.0,62.5442,2025-09-03 10:00:00
51.0,85.26405,2025-09-03 10:00:00
49.75,38.803207,2025-09-03 10:00:00
88.0,53.77133,2025-09-03 10:00:00
62.0,64.65977,2025-09-03 11:00:00
52.0,86.75433,2025-09-03 11:00:00
57.0,52.790348,2025-09-03 11:00:00
46.0,88.05971,2025-09-03 11:00:00
36.25,26.35714,2025-09-03 11:00:00
29.75,26.488052,2025-09-03 12:00:00
124.0,92.338295,2025-09-03 12:00:00
24.0,97.3971,2025-09-03 12:00:00
66.0,64.647804,2025-09-03 12:00:00
48.0,41.247852,2025-09-03 12:00:00
30.5,27.784325,2025-09-03 13:00:00
124.0,88.91011,2025-09-03 13:00:00
55.0,64.16005,2025-09-03 13:00:00
50.0,47.749626,2025-09-03 13:00:00
66.0,64.32419,2025-09-03 13:00:00
33.0,41.88507,2025-09-03 14:00:00
75.0,87.05887,2025-09-03 14:00:00
30.25,28.403711,2025-09-03 14:00:00
59.0,66.07807,2025-09-03 14:00:00
72.0,46.485027,2025-09-03 14:00:00
64.0,83.445244,2025-09-03 15:00:00
75.0,54.53697,2025-09-03 15:00:00
95.0,66.46342,2025-09-03 15:00:00
48.0,40.14892,2025-09-03 15:00:00
37.5,27.097813,2025-09-03 15:00:00
37.25,27.27664,2025-09-03 16:00:00
57.0,40.095898,2025-09-03 16:00:00
105.0,77.65524,2025-09-03 16:00:00
153.0,85.65779,2025-09-03 16:00:00
23.0,71.38022,2025-09-03 16:00:00
91.0,89.61078,2025-09-03 17:00:00
90.0,79.422935,2025-09-03 17:00:00
72.0,73.21086,2025-09-03 17:00:00
73.0,39.982853,2025-09-03 17:00:00
35.5,27.864765,2025-09-03 17:00:00
50.0,89.2461,2025-09-03 18:00:00
96.0,90.9131,2025-09-03 18:00:00
31.0,45.173603,2025-09-03 18:00:00
29.5,31.6724,2025-09-03 18:00:00
96.0,84.46016,2025-09-03 18:00:00
31.0,52.31606,2025-09-03 19:00:00
61.0,87.19867,2025-09-03 19:00:00
39.0,91.791046,2025-09-03 19:00:00
45.0,96.72086,2025-09-03 19:00:00
25.0,35.52609,2025-09-03 19:00:00
81.0,101.70633,2025-09-03 20:00:00
61.0,104.89735,2025-09-03 20:00:00
34.25,35.393574,2025-09-03 20:00:00
31.0,56.608852,2025-09-03 20:00:00
30.0,84.5443,2025-09-03 20:00:00
45.0,57.56784,2025-09-03 21:00:00
36.0,40.214523,2025-09-03 21:00:00
30.0,98.26222,2025-09-03 21:00:00
57.0,107.06085,2025-09-03 21:00:00
88.0,105.37424,2025-09-03 21:00:00
48.0,132.08855,2025-09-03 22:00:00
62.0,54.482563,2025-09-03 22:00:00
123.0,104.77278,2025-09-03 22:00:00
75.0,110.59825,2025-09-03 22:00:00
34.75,43.19204,2025-09-03 22:00:00
83.0,123.04519,2025-09-03 23:00:00
41.5,41.411873,2025-09-03 23:00:00
128.0,117.681335,2025-09-03 23:00:00
123.0,121.137665,2025-09-03 23:00:00
61.0,65.92233,2025-09-03 23:00:00
75.0,118.34387,2025-09-04 00:00:00
146.0,103.169395,2025-09-04 00:00:00
59.0,60.067524,2025-09-04 00:00:00
51.25,39.553017,2025-09-04 00:00:00
96.0,116.234535,2025-09-04 00:00:00
80.0,100.69134,2025-09-04 01:00:00
136.0,98.22418,2025-09-04 01:00:00
60.5,41.5581,2025-09-04 01:00:00
55.0,113.23332,2025-09-04 01:00:00
85.0,59.99709,2025-09-04 01:00:00
63.0,82.139404,2025-09-04 02:00:00
118.0,88.958374,2025-09-04 02:00:00
75.0,58.366516,2025-09-04 02:00:00
41.5,36.381245,2025-09-04 02:00:00
177.0,108.51432,2025-09-04 02:00:00
36.0,34.819584,2025-09-04 03:00:00
116.0,90.5112,2025-09-04 03:00:00
66.0,43.25865,2025-09-04 03:00:00
117.0,87.84043,2025-09-04 03:00:00
70.0,84.12516,2025-09-04 03:00:00
58.0,80.46735,2025-09-04 04:00:00
88.0,78.84131,2025-09-04 04:00:00
26.5,33.415356,2025-09-04 04:00:00
111.0,76.858955,2025-09-04 04:00:00
48.0,48.634823,2025-09-04 04:00:00
18.0,43.621166,2025-09-04 05:00:00
57.0,76.7198,2025-09-04 05:00:00
66.0,71.86451,2025-09-04 05:00:00
19.0,31.53601,2025-09-04 05:00:00
38.0,77.52367,2025-09-04 05:00:00
27.0,72.17145,2025-09-04 06:00:00
30.0,46.31691,2025-09-04 06:00:00
18.0,35.883366,2025-09-04 06:00:00
22.0,121.40914,2025-09-04 06:00:00
57.0,72.25831,2025-09-04 06:00:00
84.0,84.658806,2025-09-04 07:00:00
22.0,152.90259,2025-09-04 07:00:00
25.0,38.867256,2025-09-04 07:00:00
27.0,88.679184,2025-09-04 07:00:00
41.0,58.628212,2025-09-04 07:00:00
103.0,91.843605,2025-09-04 08:00:00
38.0,111.70584,2025-09-04 08:00:00
70.0,147.97188,2025-09-04 08:00:00
32.0,40.398235,2025-09-04 08:00:00
42.0,62.999363,2025-09-04 08:00:00
34.5,42.48828,2025-09-04 09:00:00
40.0,73.01979,2025-09-04 09:00:00
97.0,98.01903,2025-09-04 09:00:00
44.0,93.46876,2025-09-04 09:00:00
63.0,123.12183,2025-09-04 09:00:00
32.75,41.456707,2025-09-04 10:00:00
114.0,106.07356,2025-09-04 10:00:00
47.0,95.93724,2025-09-04 10:00:00
61.0,79.37952,2025-09-04 10:00:00
53.0,78.467545,2025-09-04 10:00:00
40.0,64.97166,2025-09-04 11:00:00
36.5,43.23678,2025-09-04 11:00:00
113.0,91.21394,2025-09-04 11:00:00
74.0,101.57248,2025-09-04 11:00:00
57.0,88.632164,2025-09-04 11:00:00
35.75,44.886528,2025-09-04 12:00:00
73.0,62.67625,2025-09-04 12:00:00
162.0,95.30383,2025-09-04 12:00:00
74.0,96.84305,2025-09-04 12:00:00
124.0,87.63902,2025-09-04 12:00:00
100.0,92.525154,2025-09-04 13:00:00
89.0,57.53278,2025-09-04 13:00:00
162.0,128.0135,2025-09-04 13:00:00
124.0,75.34452,2025-09-04 13:00:00
35.0,36.091377,2025-09-04 13:00:00
68.0,88.47402,2025-09-04 14:00:00
53.0,82.63718,2025-09-04 14:00:00
80.0,115.74302,2025-09-04 14:00:00
38.0,39.986103,2025-09-04 14:00:00
48.0,53.054382,2025-09-04 14:00:00
45.0,53.89456,2025-09-04 15:00:00
37.5,40.623714,2025-09-04 15:00:00
101.0,82.37662,2025-09-04 15:00:00
61.0,76.85023,2025-09-04 15:00:00
85.0,86.61967,2025-09-04 15:00:00
42.0,126.172066,2025-09-04 16:00:00
25.25,36.493088,2025-09-04 16:00:00
47.0,65.68979,2025-09-04 16:00:00
47.0,84.14988,2025-09-04 16:00:00
94.0,90.42609,2025-09-04 16:00:00
36.0,85.44434,2025-09-04 17:00:00
33.0,52.171288,2025-09-04 17:00:00
29.25,36.81398,2025-09-04 17:00:00
84.0,82.32564,2025-09-04 17:00:00
42.0,118.101845,2025-09-04 17:00:00
17.0,48.180153,2025-09-04 18:00:00
30.5,31.188086,2025-09-04 18:00:00
116.0,82.586235,2025-09-04 18:00:00
50.0,114.98959,2025-09-04 18:00:00
44.0,85.56951,2025-09-04 18:00:00
36.25,35.367928,2025-09-04 19:00:00
35.0,51.552444,2025-09-04 19:00:00
68.0,114.42058,2025-09-04 19:00:00
156.0,84.16312,2025-09-04 19:00:00
52.0,95.61579,2025-09-04 19:00:00
80.75,57.456066,2025-09-04 20:00:00
178.0,96.19474,2025-09-04 20:00:00
84.0,102.075005,2025-09-04 20:00:00
95.0,119.373,2025-09-04 20:00:00
41.5,45.023857,2025-09-04 20:00:00
106.0,98.366646,2025-09-04 21:00:00
136.0,114.90507,2025-09-04 21:00:00
160.0,96.7484,2025-09-04 21:00:00
64.0,64.66453,2025-09-04 21:00:00
44.5,41.505463,2025-09-04 21:00:00
49.5,42.615536,2025-09-04 22:00:00
92.0,115.355095,2025-09-04 22:00:00
53.0,68.92808,2025-09-04 22:00:00
213.0,108.10886,2025-09-04 22:00:00
229.0,122.81463,2025-09-04 22:00:00
56.333333333333336,42.128296,2025-09-04 23:00:00
162.0,137.82767,2025-09-04 23:00:00
62.0,74.08483,2025-09-04 23:00:00
197.0,109.88703,2025-09-04 23:00:00
74.0,118.877335,2025-09-04 23:00:00
144.0,117.07225,2025-09-05 00:00:00
57.0,104.53876,2025-09-05 00:00:00
47.75,40.001812,2025-09-05 00:00:00
149.0,129.65051,2025-09-05 00:00:00
67.0,70.079025,2025-09-05 00:00:00
63.0,79.78821,2025-09-05 01:00:00
79.0,96.88981,2025-09-05 01:00:00
102.0,127.81029,2025-09-05 01:00:00
40.5,41.063602,2025-09-05 01:00:00
155.0,137.33891,2025-09-05 01:00:00
125.0,112.16235,2025-09-05 02:00:00
51.0,84.16169,2025-09-05 02:00:00
59.0,69.368095,2025-09-05 02:00:00
28.0,146.9767,2025-09-05 02:00:00
34.25,30.856194,2025-09-05 02:00:00
32.25,41.46598,2025-09-05 03:00:00
50.0,77.44761,2025-09-05 03:00:00
127.0,101.179016,2025-09-05 03:00:00
28.0,144.62202,2025-09-05 03:00:00
55.0,62.03367,2025-09-05 03:00:00
56.0,126.62514,2025-09-05 04:00:00
45.0,80.50781,2025-09-05 04:00:00
112.0,94.07441,2025-09-05 04:00:00
34.25,30.354958,2025-09-05 04:00:00
45.0,51.933872,2025-09-05 04:00:00
113.0,89.0586,2025-09-05 05:00:00
50.0,77.28678,2025-09-05 05:00:00
59.0,47.021675,2025-09-05 05:00:00
57.0,101.66238,2025-09-05 05:00:00
32.75,37.397293,2025-09-05 05:00:00
67.0,103.5817,2025-09-05 06:00:00
34.0,37.597748,2025-09-05 06:00:00
48.0,75.271866,2025-09-05 06:00:00
100.0,83.81283,2025-09-05 06:00:00
53.0,49.08586,2025-09-05 06:00:00
46.0,46.198288,2025-09-05 07:00:00
59.0,53.579075,2025-09-05 07:00:00
155.0,101.03404,2025-09-05 07:00:00
135.0,94.876564,2025-09-05 07:00:00
73.0,96.46537,2025-09-05 07:00:00
90.0,89.02111,2025-09-05 08:00:00
149.0,98.889786,2025-09-05 08:00:00
188.0,97.16249,2025-09-05 08:00:00
52.5,31.338116,2025-09-05 08:00:00
77.0,48.100735,2025-09-05 08:00:00
73.0,63.665096,2025-09-05 09:00:00
112.0,90.68775,2025-09-05 09:00:00
95.0,100.0263,2025-09-05 09:00:00
111.0,103.31695,2025-09-05 09:00:00
51.5,31.712704,2025-09-05 09:00:00
110.0,116.03232,2025-09-05 10:00:00
99.0,105.3091,2025-09-05 10:00:00
78.0,64.169395,2025-09-05 10:00:00
102.0,112.17721,2025-09-05 10:00:00
46.25,35.09979,2025-09-05 10:00:00
88.0,122.325584,2025-09-05 11:00:00
48.75,40.08477,2025-09-05 11:00:00
68.0,58.675144,2025-09-05 11:00:00
101.0,110.23788,2025-09-05 11:00:00
121.0,106.923805,2025-09-05 11:00:00
88.0,164.9794,2025-09-05 12:00:00
72.0,72.27917,2025-09-05 12:00:00
94.0,114.278885,2025-09-05 12:00:00
43.5,40.665,2025-09-05 12:00:00
122.0,99.0794,2025-09-05 12:00:00
88.0,156.07565,2025-09-05 13:00:00
64.0,112.528114,2025-09-05 13:00:00
35.0,39.151524,2025-09-05 13:00:00
133.0,88.640816,2025-09-05 13:00:00
118.0,88.54299,2025-09-05 13:00:00
113.0,74.207466,2025-09-05 14:00:00
34.0,131.67796,2025-09-05 14:00:00
106.0,89.737816,2025-09-05 14:00:00
53.0,54.078434,2025-09-05 14:00:00
32.75,33.914814,2025-09-05 14:00:00
39.5,36.154606,2025-09-05 15:00:00
47.0,111.2735,2025-09-05 15:00:00
112.0,75.044914,2025-09-05 15:00:00
48.0,58.30175,2025-09-05 15:00:00
105.0,83.25709,2025-09-05 15:00:00
40.0,55.8868,2025-09-05 16:00:00
125.0,89.87129,2025-09-05 16:00:00
81.0,70.907295,2025-09-05 16:00:00
72.0,107.41114,2025-09-05 16:00:00
39.0,31.504238,2025-09-05 16:00:00
39.0,52.798546,2025-09-05 17:00:00
86.0,94.036514,2025-09-05 17:00:00
114.0,109.73252,2025-09-05 17:00:00
36.0,38.692814,2025-09-05 17:00:00
96.0,69.66651,2025-09-05 17:00:00
178.0,122.67981,2025-09-05 18:00:00
37.5,34.7819,2025-09-05 18:00:00
61.0,55.08476,2025-09-05 18:00:00
123.0,72.22908,2025-09-05 18:00:00
81.0,100.387794,2025-09-05 18:00:00
61.0,58.120724,2025-09-05 19:00:00
113.0,107.59157,2025-09-05 19:00:00
156.0,106.594635,2025-09-05 19:00:00
42.25,34.74205,2025-09-05 19:00:00
147.0,70.96407,2025-09-05 19:00:00
38.5,42.382027,2025-09-05 20:00:00
144.0,103.08015,2025-09-05 20:00:00
218.0,124.15166,2025-09-05 20:00:00
193.0,89.51021,2025-09-05 20:00:00
74.0,63.35881,2025-09-05 20:00:00
164.0,130.70224,2025-09-05 21:00:00
46.25,45.0929,2025-09-05 21:00:00
92.0,66.72479,2025-09-05 21:00:00
113.0,121.17947,2025-09-05 21:00:00
132.0,106.75125,2025-09-05 21:00:00
88.0,65.02583,2025-09-05 22:00:00
108.0,174.50867,2025-09-05 22:00:00
59.5,44.908657,2025-09-05 22:00:00
118.0,96.71231,2025-09-05 22:00:00
156.0,139.5837,2025-09-05 22:00:00
97.0,61.958015,2025-09-05 23:00:00
55.333333333333336,40.03759,2025-09-05 23:00:00
207.0,132.34886,2025-09-05 23:00:00
108.0,166.54176,2025-09-05 23:00:00
150.0,100.83687,2025-09-05 23:00:00
121.0,87.85815,2025-09-06 00:00:00
79.0,191.87003,2025-09-06 00:00:00
197.0,127.666725,2025-09-06 00:00:00
69.0,62.816593,2025-09-06 00:00:00
43.5,41.138798,2025-09-06 00:00:00
74.0,64.033745,2025-09-06 01:00:00
144.0,118.56028,2025-09-06 01:00:00
86.0,91.64068,2025-09-06 01:00:00
39.5,37.374065,2025-09-06 01:00:00
92.0,158.26613,2025-09-06 01:00:00
169.0,112.962,2025-09-06 02:00:00
69.0,95.840706,2025-09-06 02:00:00
42.0,33.50954,2025-09-06 02:00:00
64.0,62.223156,2025-09-06 02:00:00
53.0,54.76083,2025-09-06 02:00:00
125.0,108.59811,2025-09-06 03:00:00
75.0,62.871937,2025-09-06 03:00:00
45.0,32.78197,2025-09-06 03:00:00
69.0,56.24392,2025-09-06 03:00:00
102.0,97.56707,2025-09-06 03:00:00
53.0,63.7995,2025-09-06 04:00:00
44.0,53.143368,2025-09-06 04:00:00
86.0,94.49194,2025-09-06 04:00:00
171.0,107.52901,2025-09-06 04:00:00
46.0,32.678787,2025-09-06 04:00:00
44.0,52.823486,2025-09-06 05:00:00
106.0,97.2251,2025-09-06 05:00:00
49.25,32.569046,2025-09-06 05:00:00
78.0,96.31214,2025-09-06 05:00:00
57.0,66.24152,2025-09-06 05:00:00
102.0,95.85105,2025-09-06 06:00:00
80.0,94.1797,2025-09-06 06:00:00
49.25,35.818752,2025-09-06 06:00:00
72.0,70.74285,2025-09-06 06:00:00
38.0,48.741047,2025-09-06 06:00:00
66.0,109.77062,2025-09-06 07:00:00
123.0,99.26314,2025-09-06 07:00:00
97.0,119.2364,2025-09-06 07:00:00
42.5,43.410355,2025-09-06 07:00:00
50.0,60.210537,2025-09-06 07:00:00
57.0,71.471146,2025-09-06 08:00:00
51.5,45.02255,2025-09-06 08:00:00
80.0,137.50015,2025-09-06 08:00:00
62.0,148.76671,2025-09-06 08:00:00
116.0,100.23511,2025-09-06 08:00:00
58.0,75.01469,2025-09-06 09:00:00
92.0,130.78188,2025-09-06 09:00:00
62.0,146.0064,2025-09-06 09:00:00
55.5,50.114952,2025-09-06 09:00:00
125.0,111.300835,2025-09-06 09:00:00
42.0,45.924004,2025-09-06 10:00:00
72.0,139.68724,2025-09-06 10:00:00
74.0,73.969696,2025-09-06 10:00:00
119.0,109.26076,2025-09-06 10:00:00
61.0,116.27596,2025-09-06 10:00:00
68.0,108.32586,2025-09-06 11:00:00
38.75,42.83196,2025-09-06 11:00:00
83.0,122.8673,2025-09-06 11:00:00
68.0,66.20722,2025-09-06 11:00:00
135.0,113.392815,2025-09-06 11:00:00
62.0,68.46683,2025-09-06 12:00:00
169.0,107.46941,2025-09-06 12:00:00
38.5,45.201416,2025-09-06 12:00:00
90.0,123.98201,2025-09-06 12:00:00
66.0,112.127075,2025-09-06 12:00:00
132.0,104.79047,2025-09-06 13:00:00
59.0,93.43018,2025-09-06 13:00:00
78.0,97.785866,2025-09-06 13:00:00
34.75,37.075054,2025-09-06 13:00:00
55.0,68.89612,2025-09-06 13:00:00
161.0,100.17936,2025-09-06 14:00:00
44.0,69.591125,2025-09-06 14:00:00
32.5,39.04522,2025-09-06 14:00:00
125.0,101.27354,2025-09-06 14:00:00
56.0,100.03758,2025-09-06 14:00:00
27.5,47.234905,2025-09-06 15:00:00
111.0,97.64431,2025-09-06 15:00:00
106.0,102.64471,2025-09-06 15:00:00
61.0,64.73223,2025-09-06 15:00:00
84.0,111.04604,2025-09-06 15:00:00
107.0,87.92542,2025-09-06 16:00:00
114.0,100.84241,2025-09-06 16:00:00
62.0,54.768536,2025-09-06 16:00:00
30.0,42.368904,2025-09-06 16:00:00
70.0,92.35256,2025-09-06 16:00:00
33.25,45.24261,2025-09-06 17:00:00
66.0,100.77732,2025-09-06 17:00:00
132.0,93.18407,2025-09-06 17:00:00
97.0,94.5385,2025-09-06 17:00:00
58.0,59.65326,2025-09-06 17:00:00
36.5,46.945347,2025-09-06 18:00:00
63.0,74.47116,2025-09-06 18:00:00
121.0,104.931984,2025-09-06 18:00:00
53.0,116.429565,2025-09-06 18:00:00
91.0,100.74967,2025-09-06 18:00:00
53.0,124.66695,2025-09-06 19:00:00
52.0,66.76518,2025-09-06 19:00:00
38.0,48.95598,2025-09-06 19:00:00
88.0,99.15414,2025-09-06 19:00:00
156.0,110.45298,2025-09-06 19:00:00
64.0,129.82329,2025-09-06 20:00:00
47.0,75.96808,2025-09-06 20:00:00
182.0,123.599304,2025-09-06 20:00:00
72.0,121.16234,2025-09-06 20:00:00
34.25,49.673035,2025-09-06 20:00:00
184.0,122.418335,2025-09-06 21:00:00
91.0,190.71313,2025-09-06 21:00:00
37.25,51.243443,2025-09-06 21:00:00
79.0,121.66385,2025-09-06 21:00:00
61.0,85.567604,2025-09-06 21:00:00
146.0,163.52309,2025-09-06 22:00:00
121.0,118.39989,2025-09-06 22:00:00
47.0,50.99561,2025-09-06 22:00:00
83.0,79.68345,2025-09-06 22:00:00
157.0,145.04941,2025-09-06 22:00:00
153.0,156.96347,2025-09-06 23:00:00
89.0,81.162605,2025-09-06 23:00:00
47.0,54.6793,2025-09-06 23:00:00
91.0,127.76032,2025-09-06 23:00:00
146.0,160.06317,2025-09-06 23:00:00
64.0,72.53681,2025-09-07 00:00:00
103.0,129.50923,2025-09-07 00:00:00
118.0,106.92539,2025-09-07 00:00:00
277.0,127.55285,2025-09-07 00:00:00
52.0,52.106735,2025-09-07 00:00:00
53.5,45.829826,2025-09-07 01:00:00
85.0,102.434105,2025-09-07 01:00:00
123.0,135.93842,2025-09-07 01:00:00
61.0,74.834435,2025-09-07 01:00:00
90.0,132.71017,2025-09-07 01:00:00
69.0,112.0682,2025-09-07 02:00:00
80.0,60.877003,2025-09-07 02:00:00
100.0,124.61691,2025-09-07 02:00:00
45.5,43.354965,2025-09-07 02:00:00
77.0,79.39383,2025-09-07 02:00:00
79.0,60.73255,2025-09-07 03:00:00
35.5,41.7802,2025-09-07 03:00:00
97.0,121.530945,2025-09-07 03:00:00
67.0,109.68219,2025-09-07 03:00:00
75.0,80.86487,2025-09-07 03:00:00
63.0,123.40104,2025-09-07 04:00:00
67.0,75.194405,2025-09-07 04:00:00
68.0,108.96678,2025-09-07 04:00:00
42.5,35.08214,2025-09-07 04:00:00
58.0,51.587368,2025-09-07 04:00:00
75.0,71.3255,2025-09-07 05:00:00
63.0,112.97905,2025-09-07 05:00:00
44.0,46.80726,2025-09-07 05:00:00
58.0,85.74642,2025-09-07 05:00:00
47.75,30.795074,2025-09-07 05:00:00
72.0,82.14378,2025-09-07 06:00:00
83.0,76.26738,2025-09-07 06:00:00
51.75,29.471148,2025-09-07 06:00:00
41.0,46.7585,2025-09-07 06:00:00
59.0,80.58767,2025-09-07 06:00:00
61.0,59.83918,2025-09-07 07:00:00
48.75,41.475,2025-09-07 07:00:00
85.0,74.4141,2025-09-07 07:00:00
147.0,85.225044,2025-09-07 07:00:00
81.0,93.68156,2025-09-07 07:00:00
212.0,116.04399,2025-09-07 08:00:00
54.0,43.75993,2025-09-07 08:00:00
62.0,113.05889,2025-09-07 08:00:00
92.0,70.32685,2025-09-07 08:00:00
84.0,91.149864,2025-09-07 08:00:00
61.75,51.684273,2025-09-07 09:00:00
294.0,124.88404,2025-09-07 09:00:00
113.0,104.9706,2025-09-07 09:00:00
72.0,112.41713,2025-09-07 09:00:00
77.0,86.20519,2025-09-07 09:00:00
72.0,129.77554,2025-09-07 10:00:00
55.25,55.948524,2025-09-07 10:00:00
393.0,123.25376,2025-09-07 10:00:00
200.0,115.6876,2025-09-07 10:00:00
94.0,93.51193,2025-09-07 10:00:00
4.0,50.312553,2025-09-07 11:00:00
318.0,132.77841,2025-09-07 11:00:00
110.0,114.99208,2025-09-07 11:00:00
59.0,83.54396,2025-09-07 11:00:00
67.0,113.7354,2025-09-07 11:00:00
42.0,44.534565,2025-09-07 12:00:00
45.0,107.07402,2025-09-07 12:00:00
96.0,106.21302,2025-09-07 12:00:00
38.0,76.1051,2025-09-07 12:00:00
298.0,140.20255,2025-09-07 12:00:00
56.75,42.717728,2025-09-07 13:00:00
20.0,71.95592,2025-09-07 13:00:00
45.0,106.999756,2025-09-07 13:00:00
74.0,97.16144,2025-09-07 13:00:00
283.0,136.96117,2025-09-07 13:00:00
207.0,113.85448,2025-09-07 14:00:00
35.0,66.52586,2025-09-07 14:00:00
84.0,134.42114,2025-09-07 14:00:00
47.5,45.49337,2025-09-07 14:00:00
39.0,108.88873,2025-09-07 14:00:00
84.0,87.03125,2025-09-07 15:00:00
39.0,92.79621,2025-09-07 15:00:00
31.75,33.36579,2025-09-07 15:00:00
13.0,65.720245,2025-09-07 15:00:00
216.0,95.17409,2025-09-07 15:00:00
24.0,40.21933,2025-09-07 16:00:00
17.0,64.11415,2025-09-07 16:00:00
169.0,84.533455,2025-09-07 16:00:00
33.0,92.096954,2025-09-07 16:00:00
161.0,87.20852,2025-09-07 16:00:00
173.0,95.69484,2025-09-07 17:00:00
26.75,41.766254,2025-09-07 17:00:00
52.0,95.010635,2025-09-07 17:00:00
19.0,64.8639,2025-09-07 17:00:00
139.0,78.958336,2025-09-07 17:00:00
226.0,102.60143,2025-09-07 18:00:00
123.0,91.22517,2025-09-07 18:00:00
68.0,100.09844,2025-09-07 18:00:00
20.0,69.719955,2025-09-07 18:00:00
31.0,44.75734,2025-09-07 18:00:00
45.0,67.81331,2025-09-07 19:00:00
33.0,49.715656,2025-09-07 19:00:00
324.0,127.26996,2025-09-07 19:00:00
72.0,95.344154,2025-09-07 19:00:00
128.0,91.98998,2025-09-07 19:00:00
167.0,96.880424,2025-09-07 20:00:00
56.0,49.072594,2025-09-07 20:00:00
268.0,132.85081,2025-09-07 20:00:00
117.0,104.26459,2025-09-07 20:00:00
55.0,80.855965,2025-09-07 20:00:00
85.0,83.95516,2025-09-07 21:00:00
249.0,138.17555,2025-09-07 21:00:00
73.0,51.113422,2025-09-07 21:00:00
294.0,145.59184,2025-09-07 21:00:00
201.0,112.37576,2025-09-07 21:00:00
335.0,131.95825,2025-09-07 22:00:00
78.0,51.61737,2025-09-07 22:00:00
92.0,77.96249,2025-09-07 22:00:00
244.0,94.39928,2025-09-07 22:00:00
235.0,133.60262,2025-09-07 22:00:00
538.0,146.9446,2025-09-07 23:00:00
80.66666666666667,51.049717,2025-09-07 23:00:00
321.0,116.98101,2025-09-07 23:00:00
95.0,78.81915,2025-09-07 23:00:00
323.0,198.31784,2025-09-07 23:00:00
344.0,110.99199,2025-09-08 00:00:00
412.0,202.93008,2025-09-08 00:00:00
92.0,73.300125,2025-09-08 00:00:00
78.25,47.644848,2025-09-08 00:00:00
273.0,118.21638,2025-09-08 00:00:00
103.0,80.98242,2025-09-08 01:00:00
257.0,107.71895,2025-09-08 01:00:00
385.0,202.42377,2025-09-08 01:00:00
216.0,113.581505,2025-09-08 01:00:00
73.75,53.42029,2025-09-08 01:00:00
125.0,96.13165,2025-09-08 02:00:00
235.0,180.66519,2025-09-08 02:00:00
158.0,98.68593,2025-09-08 02:00:00
71.5,43.686485,2025-09-08 02:00:00
116.0,80.36137,2025-09-08 02:00:00
124.0,101.40935,2025-09-08 03:00:00
90.0,89.480156,2025-09-08 03:00:00
197.0,112.56366,2025-09-08 03:00:00
72.0,73.48209,2025-09-08 03:00:00
52.25,45.910885,2025-09-08 03:00:00
88.0,72.61782,2025-09-08 04:00:00
84.0,88.97773,2025-09-08 04:00:00
61.0,87.52183,2025-09-08 04:00:00
36.0,42.592594,2025-09-08 04:00:00
188.0,111.1765,2025-09-08 04:00:00
134.0,125.37463,2025-09-08 05:00:00
29.25,43.409912,2025-09-08 05:00:00
70.0,90.90826,2025-09-08 05:00:00
56.0,70.47471,2025-09-08 05:00:00
84.0,87.995865,2025-09-08 05:00:00
77.0,89.27082,2025-09-08 06:00:00
30.25,41.30705,2025-09-08 06:00:00
112.0,109.817276,2025-09-08 06:00:00
59.0,60.77816,2025-09-08 06:00:00
58.0,88.11529,2025-09-08 06:00:00
150.0,116.74708,2025-09-08 07:00:00
36.25,44.871357,2025-09-08 07:00:00
162.0,111.250755,2025-09-08 07:00:00
69.0,67.370346,2025-09-08 07:00:00
88.0,88.17373,2025-09-08 07:00:00
52.5,49.484356,2025-09-08 08:00:00
138.0,105.10271,2025-09-08 08:00:00
166.0,99.77398,2025-09-08 08:00:00
57.0,85.20292,2025-09-08 08:00:00
196.0,149.57185,2025-09-08 08:00:00
58.75,58.807365,2025-09-08 09:00:00
111.0,96.475296,2025-09-08 09:00:00
196.0,166.30063,2025-09-08 09:00:00
141.0,131.64087,2025-09-08 09:00:00
160.0,99.06568,2025-09-08 09:00:00
130.0,95.966965,2025-09-08 10:00:00
171.0,191.54475,2025-09-08 10:00:00
51.75,62.202198,2025-09-08 10:00:00
116.0,158.4732,2025-09-08 10:00:00
108.0,91.10939,2025-09-08 10:00:00
112.0,95.35503,2025-09-08 11:00:00
45.75,56.463467,2025-09-08 11:00:00
90.0,94.986,2025-09-08 11:00:00
69.0,154.13565,2025-09-08 11:00:00
194.0,189.34659,2025-09-08 11:00:00
90.0,90.49669,2025-09-08 12:00:00
73.0,160.07663,2025-09-08 12:00:00
114.0,75.18915,2025-09-08 12:00:00
183.0,159.80559,2025-09-08 12:00:00
43.0,49.524883,2025-09-08 12:00:00
38.0,47.059956,2025-09-08 13:00:00
73.0,66.96737,2025-09-08 13:00:00
84.0,98.64126,2025-09-08 13:00:00
101.0,116.31173,2025-09-08 13:00:00
193.0,191.58601,2025-09-08 13:00:00
134.0,171.17407,2025-09-08 14:00:00
78.0,68.246506,2025-09-08 14:00:00
78.0,98.99765,2025-09-08 14:00:00
33.5,53.85472,2025-09-08 14:00:00
102.0,118.75429,2025-09-08 14:00:00
83.0,127.46342,2025-09-08 15:00:00
130.0,174.37708,2025-09-08 15:00:00
32.75,59.066624,2025-09-08 15:00:00
79.0,109.596794,2025-09-08 15:00:00
52.0,59.833862,2025-09-08 15:00:00
66.0,101.866516,2025-09-08 16:00:00
33.0,42.19184,2025-09-08 16:00:00
29.0,61.310715,2025-09-08 16:00:00
144.0,151.01752,2025-09-08 16:00:00
96.0,165.99364,2025-09-08 16:00:00
33.75,48.1712,2025-09-08 17:00:00
81.0,129.75266,2025-09-08 17:00:00
96.0,59.68484,2025-09-08 17:00:00
58.0,88.05922,2025-09-08 17:00:00
111.0,146.05629,2025-09-08 17:00:00
84.0,89.550835,2025-09-08 18:00:00
70.66666666666667,71.62288,2025-09-08 18:00:00
36.5,54.313118,2025-09-08 18:00:00
94.0,159.17197,2025-09-08 18:00:00
129.0,168.773,2025-09-08 18:00:00
59.0,83.36647,2025-09-08 19:00:00
78.0,102.811104,2025-09-08 19:00:00
34.25,55.67479,2025-09-08 19:00:00
199.0,174.85815,2025-09-08 19:00:00
105.0,162.8029,2025-09-08 19:00:00
88.0,113.03189,2025-09-08 20:00:00
64.33333333333333,84.12029,2025-09-08 20:00:00
133.0,210.44968,2025-09-08 20:00:00
190.0,178.58438,2025-09-08 20:00:00
40.25,64.27585,2025-09-08 20:00:00
86.0,139.11055,2025-09-08 21:00:00
43.25,59.70858,2025-09-08 21:00:00
68.33333333333333,105.162125,2025-09-08 21:00:00
119.0,230.2965,2025-09-08 21:00:00
100.0,220.83139,2025-09-08 21:00:00
88.0,221.50624,2025-09-08 22:00:00
75.66666666666667,94.136215,2025-09-08 22:00:00
153.0,239.65213,2025-09-08 22:00:00
41.75,71.996056,2025-09-08 22:00:00
88.0,142.05,2025-09-08 22:00:00
84.0,218.47049,2025-09-08 23:00:00
102.0,150.24951,2025-09-08 23:00:00
102.0,200.6515,2025-09-08 23:00:00
45.66666666666666,70.46227,2025-09-08 23:00:00
71.0,89.58505,2025-09-08 23:00:00
47.5,67.696335,2025-09-09 00:00:00
96.0,271.80652,2025-09-09 00:00:00
56.5,90.76656,2025-09-09 00:00:00
124.0,195.8191,2025-09-09 00:00:00
74.0,163.5496,2025-09-09 00:00:00
74.0,187.17972,2025-09-09 01:00:00
52.333333333333336,96.06851,2025-09-09 01:00:00
37.0,73.11821,2025-09-09 01:00:00
72.0,157.52475,2025-09-09 01:00:00
55.0,197.14206,2025-09-09 01:00:00
52.0,165.40175,2025-09-09 02:00:00
46.0,223.10689,2025-09-09 02:00:00
48.0,94.448586,2025-09-09 02:00:00
63.0,171.6457,2025-09-09 02:00:00
31.75,71.77323,2025-09-09 02:00:00
69.0,146.14659,2025-09-09 03:00:00
64.0,263.4177,2025-09-09 03:00:00
30.5,66.067856,2025-09-09 03:00:00
48.66666666666666,81.261765,2025-09-09 03:00:00
52.0,153.0491,2025-09-09 03:00:00
29.0,58.04434,2025-09-09 04:00:00
69.0,103.23659,2025-09-09 04:00:00
46.0,108.980644,2025-09-09 04:00:00
58.0,222.07066,2025-09-09 04:00:00
42.0,73.9403,2025-09-09 04:00:00
59.0,172.04214,2025-09-09 05:00:00
46.0,98.31749,2025-09-09 05:00:00
58.0,96.91474,2025-09-09 05:00:00
29.25,48.872196,2025-09-09 05:00:00
38.0,63.8065,2025-09-09 05:00:00
55.0,113.428764,2025-09-09 06:00:00
38.0,74.869934,2025-09-09 06:00:00
55.0,176.93134,2025-09-09 06:00:00
58.0,92.280205,2025-09-09 06:00:00
33.0,52.75312,2025-09-09 06:00:00
84.0,97.49069,2025-09-09 07:00:00
95.0,145.50882,2025-09-09 07:00:00
38.75,58.34664,2025-09-09 07:00:00
64.0,176.30424,2025-09-09 07:00:00
36.0,82.40839,2025-09-09 07:00:00
140.0,170.64406,2025-09-09 08:00:00
116.0,172.77394,2025-09-09 08:00:00
41.0,70.73299,2025-09-09 08:00:00
89.0,192.94705,2025-09-09 08:00:00
51.0,92.398315,2025-09-09 08:00:00
121.0,149.93365,2025-09-09 09:00:00
151.0,212.83235,2025-09-09 09:00:00
83.0,212.05336,2025-09-09 09:00:00
67.66666666666667,109.167786,2025-09-09 09:00:00
43.75,72.69001,2025-09-09 09:00:00
96.0,154.9032,2025-09-09 10:00:00
139.0,180.4427,2025-09-09 10:00:00
83.0,163.44504,2025-09-09 10:00:00
45.0,71.20933,2025-09-09 10:00:00
77.33333333333333,103.27656,2025-09-09 10:00:00
41.5,75.31187,2025-09-09 11:00:00
113.33333333333331,104.22205,2025-09-09 11:00:00
151.0,181.48038,2025-09-09 11:00:00
91.0,151.98076,2025-09-09 11:00:00
100.0,147.97206,2025-09-09 11:00:00
193.0,180.86064,2025-09-09 12:00:00
90.0,150.53796,2025-09-09 12:00:00
140.0,93.543976,2025-09-09 12:00:00
41.75,59.006123,2025-09-09 12:00:00
108.0,138.8399,2025-09-09 12:00:00
167.0,171.88304,2025-09-09 13:00:00
92.0,128.23601,2025-09-09 13:00:00
141.66666666666666,81.04376,2025-09-09 13:00:00
42.0,50.453804,2025-09-09 13:00:00
111.0,161.9894,2025-09-09 13:00:00
123.0,132.18156,2025-09-09 14:00:00
41.75,47.533897,2025-09-09 14:00:00
168.0,149.56448,2025-09-09 14:00:00
85.0,107.46979,2025-09-09 14:00:00
106.0,71.57981,2025-09-09 14:00:00
38.5,38.35034,2025-09-09 15:00:00
161.0,148.68414,2025-09-09 15:00:00
81.66666666666667,83.6108,2025-09-09 15:00:00
121.0,148.36224,2025-09-09 15:00:00
96.0,108.160904,2025-09-09 15:00:00
39.5,40.274704,2025-09-09 16:00:00
96.66666666666669,81.1294,2025-09-09 16:00:00
114.0,161.27542,2025-09-09 16:00:00
168.0,141.60365,2025-09-09 16:00:00
102.0,112.654945,2025-09-09 16:00:00
123.0,127.7786,2025-09-09 17:00:00
110.0,152.27223,2025-09-09 17:00:00
37.0,41.96457,2025-09-09 17:00:00
120.0,84.42888,2025-09-09 17:00:00
97.0,105.79512,2025-09-09 17:00:00
102.0,117.599915,2025-09-09 18:00:00
92.0,147.79974,2025-09-09 18:00:00
103.66666666666669,74.36129,2025-09-09 18:00:00
35.25,45.040066,2025-09-09 18:00:00
92.0,128.81467,2025-09-09 18:00:00
78.66666666666667,82.66665,2025-09-09 19:00:00
90.0,110.82067,2025-09-09 19:00:00
35.25,50.79712,2025-09-09 19:00:00
95.0,145.10976,2025-09-09 19:00:00
138.0,183.60442,2025-09-09 19:00:00
97.0,148.33818,2025-09-09 20:00:00
110.0,118.46519,2025-09-09 20:00:00
116.0,190.33595,2025-09-09 20:00:00
39.25,50.306007,2025-09-09 20:00:00
80.0,90.111916,2025-09-09 20:00:00
88.0,92.922806,2025-09-09 21:00:00
97.0,145.66753,2025-09-09 21:00:00
124.0,135.8532,2025-09-09 21:00:00
119.0,180.79018,2025-09-09 21:00:00
37.0,49.242134,2025-09-09 21:00:00
92.0,174.41008,2025-09-09 22:00:00
84.0,93.571236,2025-09-09 22:00:00
101.0,131.06473,2025-09-09 22:00:00
90.0,168.3892,2025-09-09 22:00:00
35.25,51.331013,2025-09-09 22:00:00
100.0,159.06064,2025-09-09 23:00:00
36.0,57.87764,2025-09-09 23:00:00
92.0,177.15703,2025-09-09 23:00:00
82.33333333333333,103.17849,2025-09-09 23:00:00
103.0,141.34784,2025-09-09 23:00:00
90.0,148.71666,2025-09-10 00:00:00
40.25,51.763687,2025-09-10 00:00:00
96.0,112.515015,2025-09-10 00:00:00
121.0,110.424576,2025-09-10 00:00:00
73.25,79.56496,2025-09-10 00:00:00
74.0,106.675224,2025-09-10 01:00:00
92.0,136.7632,2025-09-10 01:00:00
68.66666666666667,87.576294,2025-09-10 01:00:00
37.75,41.920994,2025-09-10 01:00:00
102.0,97.69338,2025-09-10 01:00:00
33.5,44.528362,2025-09-10 02:00:00
66.66666666666667,71.955154,2025-09-10 02:00:00
63.0,102.971664,2025-09-10 02:00:00
102.0,88.05278,2025-09-10 02:00:00
94.0,107.84704,2025-09-10 02:00:00
27.0,38.996708,2025-09-10 03:00:00
72.0,107.040375,2025-09-10 03:00:00
71.33333333333333,72.22697,2025-09-10 03:00:00
77.0,85.33341,2025-09-10 03:00:00
103.0,166.09421,2025-09-10 03:00:00
62.66666666666666,65.90413,2025-09-10 04:00:00
70.0,98.29789,2025-09-10 04:00:00
101.0,126.17014,2025-09-10 04:00:00
26.5,33.847652,2025-09-10 04:00:00
70.0,88.48356,2025-09-10 04:00:00
27.5,33.736008,2025-09-10 05:00:00
64.0,86.34198,2025-09-10 05:00:00
72.0,98.27058,2025-09-10 05:00:00
95.0,131.42868,2025-09-10 05:00:00
69.0,55.48926,2025-09-10 05:00:00
62.0,84.758865,2025-09-10 06:00:00
26.75,25.877874,2025-09-10 06:00:00
68.0,83.44992,2025-09-10 06:00:00
94.0,111.2389,2025-09-10 06:00:00
71.66666666666667,50.71638,2025-09-10 06:00:00
75.33333333333333,61.55185,2025-09-10 07:00:00
119.0,115.629166,2025-09-10 07:00:00
31.25,29.652609,2025-09-10 07:00:00
75.0,85.799934,2025-09-10 07:00:00
116.0,106.61338,2025-09-10 07:00:00
84.66666666666667,79.62277,2025-09-10 08:00:00
106.0,99.69903,2025-09-10 08:00:00
149.0,146.09023,2025-09-10 08:00:00
38.5,40.077637,2025-09-10 08:00:00
157.0,149.3535,2025-09-10 08:00:00
175.0,129.62231,2025-09-10 09:00:00
153.0,116.23703,2025-09-10 09:00:00
125.0,130.24843,2025-09-10 09:00:00
47.0,40.95711,2025-09-10 09:00:00
95.33333333333331,80.55817,2025-09-10 09:00:00
128.0,105.860146,2025-09-10 10:00:00
114.33333333333331,90.39676,2025-09-10 10:00:00
141.0,142.61937,2025-09-10 10:00:00
140.0,131.53336,2025-09-10 10:00:00
51.5,46.956455,2025-09-10 10:00:00
119.33333333333331,97.615685,2025-09-10 11:00:00
132.0,129.2597,2025-09-10 11:00:00
163.0,155.05556,2025-09-10 11:00:00
47.25,42.080727,2025-09-10 11:00:00
124.0,111.1244,2025-09-10 11:00:00
122.66666666666669,91.83225,2025-09-10 12:00:00
150.0,150.5025,2025-09-10 12:00:00
45.25,38.148552,2025-09-10 12:00:00
153.0,120.33127,2025-09-10 12:00:00
118.0,97.386086,2025-09-10 12:00:00
116.0,90.29605,2025-09-10 13:00:00
129.66666666666666,101.21258,2025-09-10 13:00:00
179.0,136.258,2025-09-10 13:00:00
167.0,156.08513,2025-09-10 13:00:00
42.75,38.372078,2025-09-10 13:00:00
118.0,173.64507,2025-09-10 14:00:00
132.0,131.01169,2025-09-10 14:00:00
42.25,46.269524,2025-09-10 14:00:00
95.0,84.68631,2025-09-10 14:00:00
114.66666666666669,84.167206,2025-09-10 14:00:00
124.0,126.160194,2025-09-10 15:00:00
40.0,44.091496,2025-09-10 15:00:00
96.0,72.38933,2025-09-10 15:00:00
95.0,91.71909,2025-09-10 15:00:00
113.0,167.58965,2025-09-10 15:00:00
83.0,60.77857,2025-09-10 16:00:00
112.0,128.18129,2025-09-10 16:00:00
95.0,85.99914,2025-09-10 16:00:00
40.0,33.717316,2025-09-10 16:00:00
144.0,145.99194,2025-09-10 16:00:00
110.0,142.51732,2025-09-10 17:00:00
40.0,36.69554,2025-09-10 17:00:00
87.0,70.30141,2025-09-10 17:00:00
95.0,76.41205,2025-09-10 17:00:00
145.0,107.722145,2025-09-10 17:00:00
49.0,32.164482,2025-09-10 18:00:00
149.0,104.560486,2025-09-10 18:00:00
123.0,80.53617,2025-09-10 18:00:00
129.0,131.22046,2025-09-10 18:00:00
158.0,81.70922,2025-09-10 18:00:00
82.33333333333333,42.69875,2025-09-10 19:00:00
156.0,109.8913,2025-09-10 19:00:00
118.0,122.644714,2025-09-10 19:00:00
119.66666666666669,85.05273,2025-09-10 19:00:00
114.0,86.32893,2025-09-10 19:00:00
104.66666666666669,100.851105,2025-09-10 20:00:00
168.0,143.41464,2025-09-10 20:00:00
125.0,94.98082,2025-09-10 20:00:00
158.0,130.80254,2025-09-10 20:00:00
40.333333333333336,49.59885,2025-09-10 20:00:00
232.0,138.63196,2025-09-10 21:00:00
102.0,93.900795,2025-09-10 21:00:00
169.0,152.22115,2025-09-10 21:00:00
121.0,99.35991,2025-09-10 21:00:00
43.0,45.61565,2025-09-10 21:00:00
135.0,105.727356,2025-09-10 22:00:00
227.0,157.493,2025-09-10 22:00:00
111.33333333333331,93.96595,2025-09-10 22:00:00
172.0,124.66835,2025-09-10 22:00:00
85.0,42.15036,2025-09-10 22:00:00
106.0,98.64498,2025-09-10 23:00:00
161.0,129.36613,2025-09-10 23:00:00
184.0,43.586327,2025-09-10 23:00:00
147.0,138.37273,2025-09-10 23:00:00
151.0,99.3253,2025-09-10 23:00:00
140.0,117.44935,2025-09-11 00:00:00
99.0,47.0769,2025-09-11 00:00:00
96.5,98.94344,2025-09-11 00:00:00
133.0,168.01807,2025-09-11 00:00:00
164.0,125.56316,2025-09-11 00:00:00
113.0,113.125275,2025-09-11 01:00:00
99.0,46.49844,2025-09-11 01:00:00
237.0,155.43997,2025-09-11 01:00:00
103.0,124.61986,2025-09-11 01:00:00
107.66666666666669,100.5729,2025-09-11 01:00:00
84.0,111.97731,2025-09-11 02:00:00
184.0,145.61299,2025-09-11 02:00:00
102.0,108.416176,2025-09-11 02:00:00
104.0,84.35837,2025-09-11 02:00:00
44.0,39.235317,2025-09-11 02:00:00
95.66666666666669,82.84111,2025-09-11 03:00:00
201.0,146.36406,2025-09-11 03:00:00
77.0,101.4054,2025-09-11 03:00:00
101.0,95.75428,2025-09-11 03:00:00
28.0,33.676132,2025-09-11 03:00:00
92.0,88.23917,2025-09-11 04:00:00
77.33333333333333,77.855125,2025-09-11 04:00:00
191.0,146.8629,2025-09-11 04:00:00
81.0,111.78324,2025-09-11 04:00:00
28.0,32.96698,2025-09-11 04:00:00
59.0,103.15109,2025-09-11 05:00:00
133.0,137.09386,2025-09-11 05:00:00
62.333333333333336,74.70169,2025-09-11 05:00:00
47.66666666666666,31.21155,2025-09-11 05:00:00
68.0,83.522995,2025-09-11 05:00:00
58.333333333333336,76.10678,2025-09-11 06:00:00
47.66666666666666,33.84021,2025-09-11 06:00:00
68.0,99.7677,2025-09-11 06:00:00
74.0,91.01169,2025-09-11 06:00:00
121.0,138.35342,2025-09-11 06:00:00
66.0,81.08797,2025-09-11 07:00:00
47.66666666666666,35.910183,2025-09-11 07:00:00
149.0,139.94785,2025-09-11 07:00:00
73.0,91.47441,2025-09-11 07:00:00
118.0,128.9708,2025-09-11 07:00:00
100.0,113.09422,2025-09-11 08:00:00
76.0,100.52966,2025-09-11 08:00:00
171.0,148.49257,2025-09-11 08:00:00
47.66666666666666,39.638916,2025-09-11 08:00:00
147.0,159.7549,2025-09-11 08:00:00
166.0,194.84636,2025-09-11 09:00:00
123.0,145.57626,2025-09-11 09:00:00
87.0,96.62578,2025-09-11 09:00:00
151.0,158.99939,2025-09-11 09:00:00
217.0,188.82764,2025-09-11 10:00:00
103.0,150.54588,2025-09-11 10:00:00
184.0,153.10037,2025-09-11 10:00:00
94.33333333333331,119.76707,2025-09-11 10:00:00
110.0,140.92772,2025-09-11 11:00:00
169.0,199.54541,2025-09-11 11:00:00
144.0,154.9808,2025-09-11 11:00:00
96.66666666666669,114.12454,2025-09-11 11:00:00
91.0,113.41956,2025-09-11 12:00:00
130.0,148.92677,2025-09-11 12:00:00
97.0,145.76161,2025-09-11 12:00:00
110.0,211.18079,2025-09-11 12:00:00
119.0,157.93752,2025-09-11 13:00:00
177.0,207.46777,2025-09-11 13:00:00
94.0,115.697655,2025-09-11 13:00:00
111.33333333333331,114.96543,2025-09-11 13:00:00
14.333333333333334,54.578606,2025-09-11 13:00:00
105.0,104.217804,2025-09-11 14:00:00
166.0,185.10722,2025-09-11 14:00:00
38.0,53.462837,2025-09-11 14:00:00
100.0,109.75606,2025-09-11 14:00:00
108.0,132.80856,2025-09-11 14:00:00
43.5,55.222977,2025-09-11 15:00:00
94.66666666666669,101.80075,2025-09-11 15:00:00
108.0,105.481155,2025-09-11 15:00:00
113.0,182.65428,2025-09-11 15:00:00
100.0,142.04994,2025-09-11 15:00:00
110.0,111.773964,2025-09-11 16:00:00
92.0,99.54264,2025-09-11 16:00:00
90.0,139.81238,2025-09-11 16:00:00
166.0,204.38191,2025-09-11 16:00:00
45.0,55.707863,2025-09-11 16:00:00
41.25,60.054256,2025-09-11 17:00:00
207.0,180.65855,2025-09-11 17:00:00
94.0,109.39047,2025-09-11 17:00:00
89.66666666666667,88.754395,2025-09-11 17:00:00
119.0,132.6197,2025-09-11 17:00:00
102.0,120.98823,2025-09-11 18:00:00
43.0,48.011047,2025-09-11 18:00:00
196.0,171.51314,2025-09-11 18:00:00
113.0,122.26377,2025-09-11 18:00:00
87.0,109.050476,2025-09-11 18:00:00
199.0,160.44841,2025-09-11 19:00:00
143.0,106.70318,2025-09-11 19:00:00
42.75,63.610065,2025-09-11 19:00:00
150.0,131.29674,2025-09-11 19:00:00
93.33333333333331,102.27843,2025-09-11 19:00:00
50.0,54.58507,2025-09-11 20:00:00
139.0,124.87008,2025-09-11 20:00:00
110.33333333333331,109.73925,2025-09-11 20:00:00
208.0,149.50829,2025-09-11 20:00:00
207.0,195.95702,2025-09-11 20:00:00
119.66666666666669,128.14368,2025-09-11 21:00:00
46.25,64.21768,2025-09-11 21:00:00
305.0,203.49254,2025-09-11 21:00:00
141.0,131.92844,2025-09-11 21:00:00
172.0,174.55783,2025-09-11 21:00:00
235.0,171.23584,2025-09-11 22:00:00
295.0,249.78568,2025-09-11 22:00:00
128.0,139.02887,2025-09-11 22:00:00
54.0,78.8835,2025-09-11 22:00:00
137.66666666666666,129.21915,2025-09-11 22:00:00
64.66666666666667,100.65191,2025-09-11 23:00:00
218.0,177.36435,2025-09-11 23:00:00
384.0,227.75436,2025-09-11 23:00:00
141.33333333333334,129.8056,2025-09-11 23:00:00
113.0,140.2995,2025-09-11 23:00:00
504.0,261.79465,2025-09-12 00:00:00
168.0,162.88536,2025-09-12 00:00:00
56.75,109.0554,2025-09-12 00:00:00
138.25,126.39478,2025-09-12 00:00:00
108.0,166.6473,2025-09-12 00:00:00
132.66666666666666,113.59656,2025-09-12 01:00:00
194.0,161.18845,2025-09-12 01:00:00
381.0,257.26,2025-09-12 01:00:00
51.5,118.02856,2025-09-12 01:00:00
119.0,143.01445,2025-09-12 01:00:00
127.0,130.09235,2025-09-12 02:00:00
334.0,233.24072,2025-09-12 02:00:00
134.0,109.10246,2025-09-12 02:00:00
139.0,136.32773,2025-09-12 02:00:00
47.75,90.147415,2025-09-12 02:00:00
38.5,74.26879,2025-09-12 03:00:00
117.0,158.18402,2025-09-12 03:00:00
132.0,104.537285,2025-09-12 03:00:00
127.0,131.1176,2025-09-12 03:00:00
301.0,258.28552,2025-09-12 03:00:00
36.75,65.55556,2025-09-12 04:00:00
97.33333333333331,86.19594,2025-09-12 04:00:00
313.0,234.29152,2025-09-12 04:00:00
94.0,121.124146,2025-09-12 04:00:00
147.0,149.8764,2025-09-12 04:00:00
86.33333333333333,81.01709,2025-09-12 05:00:00
70.0,112.83153,2025-09-12 05:00:00
266.0,195.03882,2025-09-12 05:00:00
92.0,120.440865,2025-09-12 05:00:00
36.25,59.849636,2025-09-12 05:00:00
227.0,176.6105,2025-09-12 06:00:00
68.0,119.58863,2025-09-12 06:00:00
28.5,65.829285,2025-09-12 06:00:00
79.66666666666667,86.48913,2025-09-12 06:00:00
59.0,111.00501,2025-09-12 06:00:00
61.66666666666666,93.94481,2025-09-12 07:00:00
107.0,151.44978,2025-09-12 07:00:00
31.75,72.92866,2025-09-12 07:00:00
261.0,212.65651,2025-09-12 07:00:00
77.0,125.027374,2025-09-12 07:00:00
63.0,110.25417,2025-09-12 08:00:00
189.0,219.43213,2025-09-12 08:00:00
99.0,163.07,2025-09-12 08:00:00
41.25,80.4392,2025-09-12 08:00:00
113.0,156.14223,2025-09-12 08:00:00
144.0,183.26744,2025-09-12 09:00:00
83.0,122.47973,2025-09-12 09:00:00
103.0,157.7201,2025-09-12 09:00:00
263.0,235.34998,2025-09-12 09:00:00
88.0,150.57579,2025-09-12 10:00:00
87.66666666666667,117.75436,2025-09-12 10:00:00
130.0,162.73326,2025-09-12 10:00:00
172.0,225.09418,2025-09-12 10:00:00
122.0,191.84189,2025-09-12 11:00:00
100.0,167.96529,2025-09-12 11:00:00
102.0,131.64421,2025-09-12 11:00:00
161.0,149.84663,2025-09-12 11:00:00
127.0,133.66887,2025-09-12 12:00:00
92.66666666666669,116.28861,2025-09-12 12:00:00
79.0,143.04112,2025-09-12 12:00:00
241.0,175.73712,2025-09-12 12:00:00
124.0,136.50485,2025-09-12 13:00:00
185.0,203.48744,2025-09-12 13:00:00
88.66666666666667,109.90048,2025-09-12 13:00:00
68.0,139.86873,2025-09-12 13:00:00
17.5,55.391815,2025-09-12 13:00:00
210.0,209.75668,2025-09-12 14:00:00
39.0,70.60582,2025-09-12 14:00:00
74.0,137.7868,2025-09-12 14:00:00
91.0,105.5466,2025-09-12 14:00:00
63.0,141.95244,2025-09-12 14:00:00
67.0,134.25856,2025-09-12 15:00:00
135.0,68.82933,2025-09-12 15:00:00
76.33333333333333,106.924736,2025-09-12 15:00:00
74.0,133.66898,2025-09-12 15:00:00
157.0,211.28754,2025-09-12 15:00:00
153.0,213.31966,2025-09-12 16:00:00
55.0,111.78344,2025-09-12 16:00:00
63.5,70.31703,2025-09-12 16:00:00
77.0,135.67181,2025-09-12 16:00:00
92.0,119.59983,2025-09-12 16:00:00
51.333333333333336,96.89726,2025-09-12 17:00:00
73.0,118.29798,2025-09-12 17:00:00
41.5,66.1228,2025-09-12 17:00:00
116.0,132.8385,2025-09-12 17:00:00
195.0,211.98412,2025-09-12 17:00:00
118.0,134.9898,2025-09-12 18:00:00
38.25,76.27656,2025-09-12 18:00:00
68.0,141.29993,2025-09-12 18:00:00
189.0,202.01804,2025-09-12 18:00:00
60.333333333333336,108.91636,2025-09-12 18:00:00
86.0,146.53516,2025-09-12 19:00:00
42.5,64.36946,2025-09-12 19:00:00
206.0,192.94502,2025-09-12 19:00:00
185.0,158.63263,2025-09-12 19:00:00
70.66666666666667,107.19207,2025-09-12 19:00:00
81.0,149.3893,2025-09-12 20:00:00
98.0,124.48404,2025-09-12 20:00:00
134.0,228.06377,2025-09-12 20:00:00
55.25,86.34526,2025-09-12 20:00:00
256.0,219.489,2025-09-12 20:00:00
158.0,285.05923,2025-09-12 21:00:00
52.25,94.86385,2025-09-12 21:00:00
136.0,227.9591,2025-09-12 21:00:00
86.0,164.02101,2025-09-12 21:00:00
150.5,155.4956,2025-09-12 21:00:00
188.0,343.44724,2025-09-12 22:00:00
245.0,283.72324,2025-09-12 22:00:00
180.66666666666663,139.88239,2025-09-12 22:00:00
91.0,152.08842,2025-09-12 22:00:00
49.75,95.045975,2025-09-12 22:00:00
60.333333333333336,89.50706,2025-09-12 23:00:00
177.66666666666666,152.22285,2025-09-12 23:00:00
196.0,228.27155,2025-09-12 23:00:00
215.0,332.2554,2025-09-12 23:00:00
99.0,146.03572,2025-09-12 23:00:00
482.0,299.78503,2025-09-13 00:00:00
99.0,143.90956,2025-09-13 00:00:00
237.0,182.31578,2025-09-13 00:00:00
72.5,71.1414,2025-09-13 00:00:00
133.75,144.39246,2025-09-13 00:00:00
574.0,324.42853,2025-09-13 01:00:00
153.0,165.41881,2025-09-13 01:00:00
101.66666666666669,154.70224,2025-09-13 01:00:00
74.0,75.43836,2025-09-13 01:00:00
58.0,141.49782,2025-09-13 01:00:00
110.0,140.75267,2025-09-13 02:00:00
284.0,361.5185,2025-09-13 02:00:00
163.0,148.78181,2025-09-13 02:00:00
137.33333333333334,128.39696,2025-09-13 02:00:00
76.75,64.30208,2025-09-13 02:00:00
256.0,311.48795,2025-09-13 03:00:00
124.66666666666669,133.45668,2025-09-13 03:00:00
75.5,59.113415,2025-09-13 03:00:00
141.0,148.86603,2025-09-13 03:00:00
155.0,138.04561,2025-09-13 03:00:00
157.0,127.20724,2025-09-13 04:00:00
162.0,133.03038,2025-09-13 04:00:00
317.0,318.76996,2025-09-13 04:00:00
87.0,109.517296,2025-09-13 04:00:00
79.0,56.690235,2025-09-13 04:00:00
300.0,318.42535,2025-09-13 05:00:00
64.5,48.27262,2025-09-13 05:00:00
153.0,125.06316,2025-09-13 05:00:00
69.66666666666667,104.01896,2025-09-13 05:00:00
157.0,127.59713,2025-09-13 05:00:00
201.0,142.90236,2025-09-13 06:00:00
157.0,123.59915,2025-09-13 06:00:00
383.0,262.6938,2025-09-13 06:00:00
56.25,42.095562,2025-09-13 06:00:00
64.66666666666667,99.15468,2025-09-13 06:00:00
217.0,183.65285,2025-09-13 07:00:00
157.0,138.50482,2025-09-13 07:00:00
98.66666666666669,119.34374,2025-09-13 07:00:00
64.5,61.060406,2025-09-13 07:00:00
472.0,239.09412,2025-09-13 07:00:00
394.0,245.95784,2025-09-13 08:00:00
184.0,195.74452,2025-09-13 08:00:00
160.66666666666666,122.83893,2025-09-13 08:00:00
75.5,70.4824,2025-09-13 08:00:00
150.0,182.96727,2025-09-13 09:00:00
74.75,90.50736,2025-09-13 09:00:00
168.33333333333334,127.94917,2025-09-13 09:00:00
410.0,291.0245,2025-09-13 09:00:00
131.66666666666666,133.99487,2025-09-13 10:00:00
149.0,189.3749,2025-09-13 10:00:00
252.0,252.21983,2025-09-13 10:00:00
49.25,86.42353,2025-09-13 10:00:00
109.0,125.59393,2025-09-13 11:00:00
38.25,77.77583,2025-09-13 11:00:00
260.0,235.53398,2025-09-13 11:00:00
112.0,183.48344,2025-09-13 11:00:00
100.0,150.08261,2025-09-13 12:00:00
95.66666666666669,120.30064,2025-09-13 12:00:00
40.75,73.1877,2025-09-13 12:00:00
204.0,271.1174,2025-09-13 12:00:00
127.0,146.7057,2025-09-13 12:00:00
42.0,69.02668,2025-09-13 13:00:00
132.0,157.57368,2025-09-13 13:00:00
218.0,260.34476,2025-09-13 13:00:00
102.0,139.13966,2025-09-13 13:00:00
82.33333333333333,108.62806,2025-09-13 13:00:00
38.0,61.06065,2025-09-13 14:00:00
97.0,125.14031,2025-09-13 14:00:00
106.0,133.77298,2025-09-13 14:00:00
86.66666666666667,91.93734,2025-09-13 14:00:00
160.0,243.52295,2025-09-13 14:00:00
101.0,125.56868,2025-09-13 15:00:00
83.0,129.42369,2025-09-13 15:00:00
221.0,226.17952,2025-09-13 15:00:00
35.5,63.02266,2025-09-13 15:00:00
84.33333333333333,101.931145,2025-09-13 15:00:00
85.0,122.44327,2025-09-13 16:00:00
169.0,223.45763,2025-09-13 16:00:00
38.75,95.16465,2025-09-13 16:00:00
128.0,127.63606,2025-09-13 16:00:00
78.33333333333333,99.06314,2025-09-13 16:00:00
103.0,137.52245,2025-09-13 17:00:00
95.0,110.28275,2025-09-13 17:00:00
41.25,78.90497,2025-09-13 17:00:00
67.0,106.34075,2025-09-13 17:00:00
223.0,199.01662,2025-09-13 17:00:00
41.5,78.70516,2025-09-13 18:00:00
72.0,118.969604,2025-09-13 18:00:00
237.0,215.55577,2025-09-13 18:00:00
174.0,155.63406,2025-09-13 18:00:00
88.0,122.62573,2025-09-13 18:00:00
47.25,81.851425,2025-09-13 19:00:00
215.0,172.22694,2025-09-13 19:00:00
81.0,108.84751,2025-09-13 19:00:00
276.0,221.67815,2025-09-13 19:00:00
101.0,124.896255,2025-09-13 19:00:00
128.33333333333334,125.4451,2025-09-13 20:00:00
55.0,82.90954,2025-09-13 20:00:00
153.0,177.93083,2025-09-13 20:00:00
129.0,138.64905,2025-09-13 20:00:00
307.0,244.25511,2025-09-13 20:00:00
60.25,100.45397,2025-09-13 21:00:00
272.0,173.00461,2025-09-13 21:00:00
393.0,314.37222,2025-09-13 21:00:00
181.66666666666663,168.49745,2025-09-13 21:00:00
111.0,140.41393,2025-09-13 21:00:00
528.0,259.78076,2025-09-13 22:00:00
110.0,135.7002,2025-09-13 22:00:00
193.0,150.60323,2025-09-13 22:00:00
261.0,196.0355,2025-09-13 22:00:00
69.75,61.88643,2025-09-13 22:00:00
67.0,72.70711,2025-09-13 23:00:00
532.0,247.74818,2025-09-13 23:00:00
153.0,155.20052,2025-09-13 23:00:00
103.0,129.9393,2025-09-13 23:00:00
267.0,195.04904,2025-09-13 23:00:00
199.0,232.56076,2025-09-14 00:00:00
118.0,135.51465,2025-09-14 00:00:00
122.75,131.78838,2025-09-14 00:00:00
377.0,333.2288,2025-09-14 00:00:00
61.0,65.73799,2025-09-14 00:00:00
105.0,127.367035,2025-09-14 01:00:00
168.0,191.44475,2025-09-14 01:00:00
410.0,367.28207,2025-09-14 01:00:00
68.75,80.47964,2025-09-14 01:00:00
124.33333333333331,129.26674,2025-09-14 01:00:00
70.25,82.1365,2025-09-14 02:00:00
163.66666666666666,116.21521,2025-09-14 02:00:00
269.0,304.98413,2025-09-14 02:00:00
112.0,171.12291,2025-09-14 02:00:00
125.0,127.87257,2025-09-14 02:00:00
144.0,152.05785,2025-09-14 03:00:00
385.0,366.34537,2025-09-14 03:00:00
176.66666666666666,111.99547,2025-09-14 03:00:00
121.0,143.90547,2025-09-14 03:00:00
62.75,82.65456,2025-09-14 03:00:00
57.75,85.85731,2025-09-14 04:00:00
338.0,387.67313,2025-09-14 04:00:00
113.0,140.52075,2025-09-14 04:00:00
161.0,156.62276,2025-09-14 04:00:00
140.66666666666666,102.241104,2025-09-14 04:00:00
323.0,408.3643,2025-09-14 05:00:00
62.25,77.38697,2025-09-14 05:00:00
122.0,82.50223,2025-09-14 05:00:00
118.0,163.47775,2025-09-14 05:00:00
128.0,140.75508,2025-09-14 05:00:00
59.5,64.89171,2025-09-14 06:00:00
123.0,160.94933,2025-09-14 06:00:00
103.66666666666669,85.11592,2025-09-14 06:00:00
116.0,147.56274,2025-09-14 06:00:00
490.0,369.79803,2025-09-14 06:00:00
90.33333333333331,116.49471,2025-09-14 07:00:00
112.0,182.88736,2025-09-14 07:00:00
415.0,337.79395,2025-09-14 07:00:00
52.0,72.684,2025-09-14 07:00:00
200.0,186.90353,2025-09-14 07:00:00
206.0,188.81143,2025-09-14 08:00:00
320.0,303.6863,2025-09-14 08:00:00
50.75,101.87475,2025-09-14 08:00:00
90.66666666666669,152.02605,2025-09-14 08:00:00
53.0,96.08274,2025-09-14 09:00:00
372.0,321.69006,2025-09-14 09:00:00
94.0,175.43681,2025-09-14 09:00:00
136.0,169.11308,2025-09-14 09:00:00
103.66666666666669,161.5631,2025-09-14 10:00:00
205.0,177.70132,2025-09-14 10:00:00
57.0,83.816795,2025-09-14 10:00:00
252.0,250.56824,2025-09-14 10:00:00
116.66666666666669,135.8337,2025-09-14 11:00:00
254.0,283.1112,2025-09-14 11:00:00
49.0,81.08585,2025-09-14 11:00:00
123.0,176.6328,2025-09-14 11:00:00
51.5,66.42447,2025-09-14 12:00:00
105.0,165.22655,2025-09-14 12:00:00
100.0,167.78535,2025-09-14 12:00:00
127.0,134.23344,2025-09-14 12:00:00
185.0,265.3987,2025-09-14 12:00:00
94.0,205.71788,2025-09-14 13:00:00
104.0,129.00345,2025-09-14 13:00:00
84.0,149.8112,2025-09-14 13:00:00
52.25,66.90276,2025-09-14 13:00:00
263.0,270.7473,2025-09-14 13:00:00
74.33333333333333,118.91885,2025-09-14 14:00:00
39.5,60.78416,2025-09-14 14:00:00
99.0,166.94963,2025-09-14 14:00:00
212.0,220.16063,2025-09-14 14:00:00
89.0,162.66621,2025-09-14 14:00:00
111.0,172.63806,2025-09-14 15:00:00
259.0,274.79483,2025-09-14 15:00:00
86.0,131.86372,2025-09-14 15:00:00
64.0,111.10247,2025-09-14 15:00:00
34.0,80.20198,2025-09-14 15:00:00
89.0,120.61168,2025-09-14 16:00:00
99.0,182.69386,2025-09-14 16:00:00
55.0,108.44357,2025-09-14 16:00:00
224.0,246.51147,2025-09-14 16:00:00
38.75,77.67437,2025-09-14 16:00:00
59.66666666666666,120.3461,2025-09-14 17:00:00
111.0,174.86485,2025-09-14 17:00:00
44.0,60.16169,2025-09-14 17:00:00
195.0,258.51422,2025-09-14 17:00:00
85.0,124.69775,2025-09-14 17:00:00
84.66666666666667,113.058815,2025-09-14 18:00:00
210.0,242.13441,2025-09-14 18:00:00
152.0,149.61293,2025-09-14 18:00:00
96.0,125.972534,2025-09-14 18:00:00
46.5,70.29211,2025-09-14 18:00:00
193.0,199.24045,2025-09-14 19:00:00
47.5,66.76799,2025-09-14 19:00:00
96.0,134.67943,2025-09-14 19:00:00
246.0,275.84125,2025-09-14 19:00:00
106.33333333333331,120.876015,2025-09-14 19:00:00
210.0,196.15486,2025-09-14 20:00:00
131.33333333333334,134.09744,2025-09-14 20:00:00
205.0,151.39774,2025-09-14 20:00:00
46.0,64.59163,2025-09-14 20:00:00
230.0,317.55396,2025-09-14 20:00:00
161.66666666666666,147.85167,2025-09-14 21:00:00
139.0,159.99661,2025-09-14 21:00:00
61.5,76.94857,2025-09-14 21:00:00
295.0,217.34384,2025-09-14 21:00:00
574.0,345.85855,2025-09-14 21:00:00
591.0,407.82367,2025-09-14 22:00:00
71.0,75.86302,2025-09-14 22:00:00
184.66666666666663,146.90672,2025-09-14 22:00:00
315.0,214.68208,2025-09-14 22:00:00
136.0,168.26978,2025-09-14 22:00:00
167.66666666666666,138.77483,2025-09-14 23:00:00
76.0,73.36743,2025-09-14 23:00:00
113.0,140.45038,2025-09-14 23:00:00
961.0,292.3353,2025-09-14 23:00:00
300.0,260.0379,2025-09-14 23:00:00
508.0,330.05743,2025-09-15 00:00:00
174.0,143.22643,2025-09-15 00:00:00
132.0,132.33224,2025-09-15 00:00:00
294.0,226.49751,2025-09-15 00:00:00
73.0,62.829582,2025-09-15 00:00:00
432.0,392.9939,2025-09-15 01:00:00
68.5,67.79929,2025-09-15 01:00:00
118.66666666666669,119.76785,2025-09-15 01:00:00
200.0,179.97472,2025-09-15 01:00:00
156.0,148.31216,2025-09-15 01:00:00
129.0,149.22493,2025-09-15 02:00:00
68.0,72.91127,2025-09-15 02:00:00
395.0,383.25363,2025-09-15 02:00:00
107.33333333333331,147.76297,2025-09-15 02:00:00
151.0,157.54222,2025-09-15 02:00:00
112.33333333333331,139.50075,2025-09-15 03:00:00
68.75,76.58883,2025-09-15 03:00:00
149.0,147.84201,2025-09-15 03:00:00
431.0,413.42245,2025-09-15 03:00:00
130.0,145.3872,2025-09-15 03:00:00
67.0,70.973595,2025-09-15 04:00:00
459.0,366.38834,2025-09-15 04:00:00
112.33333333333331,142.40869,2025-09-15 04:00:00
132.0,139.0685,2025-09-15 04:00:00
101.0,154.88762,2025-09-15 04:00:00
100.0,127.95093,2025-09-15 05:00:00
56.25,59.98263,2025-09-15 05:00:00
366.0,387.70987,2025-09-15 05:00:00
122.0,145.5535,2025-09-15 05:00:00
99.0,152.24905,2025-09-15 05:00:00
223.0,390.17877,2025-09-15 06:00:00
79.0,127.29736,2025-09-15 06:00:00
42.25,53.657368,2025-09-15 06:00:00
112.0,135.74179,2025-09-15 06:00:00
85.66666666666667,106.627754,2025-09-15 06:00:00
42.25,51.51818,2025-09-15 07:00:00
115.5,123.50107,2025-09-15 07:00:00
138.0,162.14496,2025-09-15 07:00:00
106.0,128.35156,2025-09-15 07:00:00
205.0,306.73035,2025-09-15 07:00:00
43.25,69.09996,2025-09-15 08:00:00
139.0,206.47945,2025-09-15 08:00:00
107.0,180.51096,2025-09-15 08:00:00
86.0,133.19722,2025-09-15 08:00:00
493.0,338.53928,2025-09-15 08:00:00
260.0,195.87616,2025-09-15 09:00:00
43.0,63.37676,2025-09-15 09:00:00
280.0,335.5298,2025-09-15 09:00:00
85.0,138.08655,2025-09-15 09:00:00
117.0,189.57625,2025-09-15 09:00:00
208.0,339.20352,2025-09-15 10:00:00
139.0,188.2464,2025-09-15 10:00:00
210.0,216.41476,2025-09-15 10:00:00
53.75,74.32814,2025-09-15 10:00:00
85.0,152.7547,2025-09-15 10:00:00
116.0,139.9412,2025-09-15 11:00:00
122.0,211.54524,2025-09-15 11:00:00
59.75,72.39136,2025-09-15 11:00:00
217.0,327.06934,2025-09-15 11:00:00
123.0,197.85844,2025-09-15 11:00:00
143.0,181.55609,2025-09-15 12:00:00
143.0,129.29219,2025-09-15 12:00:00
173.0,290.10046,2025-09-15 12:00:00
63.75,77.00882,2025-09-15 12:00:00
127.0,168.69417,2025-09-15 12:00:00
122.0,121.61803,2025-09-15 13:00:00
124.0,187.93175,2025-09-15 13:00:00
135.0,201.8648,2025-09-15 13:00:00
64.5,82.92262,2025-09-15 13:00:00
205.0,349.5527,2025-09-15 13:00:00
64.0,78.25948,2025-09-15 14:00:00
125.0,160.15894,2025-09-15 14:00:00
110.0,132.48055,2025-09-15 14:00:00
161.0,328.2444,2025-09-15 14:00:00
95.0,135.80542,2025-09-15 14:00:00
99.0,129.89496,2025-09-15 15:00:00
134.0,162.49287,2025-09-15 15:00:00
57.75,69.19378,2025-09-15 15:00:00
97.0,112.20827,2025-09-15 15:00:00
271.0,281.7909,2025-09-15 15:00:00
94.0,110.65566,2025-09-15 16:00:00
88.0,138.34985,2025-09-15 16:00:00
50.0,69.89974,2025-09-15 16:00:00
116.0,157.21648,2025-09-15 16:00:00
219.0,284.47,2025-09-15 16:00:00
48.75,66.60094,2025-09-15 17:00:00
86.0,103.04898,2025-09-15 17:00:00
125.0,141.59029,2025-09-15 17:00:00
84.0,125.13796,2025-09-15 17:00:00
130.0,230.69354,2025-09-15 17:00:00
48.5,64.48934,2025-09-15 18:00:00
85.0,102.26586,2025-09-15 18:00:00
100.0,112.58258,2025-09-15 18:00:00
157.0,164.77219,2025-09-15 18:00:00
180.0,232.8568,2025-09-15 18:00:00
111.0,124.504,2025-09-15 19:00:00
147.0,197.16336,2025-09-15 19:00:00
167.0,272.2802,2025-09-15 19:00:00
53.75,67.828835,2025-09-15 19:00:00
121.0,112.378494,2025-09-15 19:00:00
184.0,259.70486,2025-09-15 20:00:00
175.0,198.82526,2025-09-15 20:00:00
133.0,152.52586,2025-09-15 20:00:00
64.0,67.98609,2025-09-15 20:00:00
132.0,142.56477,2025-09-15 20:00:00
161.0,311.28638,2025-09-15 21:00:00
168.0,149.67032,2025-09-15 21:00:00
75.25,73.589455,2025-09-15 21:00:00
153.0,137.14047,2025-09-15 21:00:00
173.0,282.55893,2025-09-15 21:00:00
153.0,356.92838,2025-09-15 22:00:00
94.25,65.315254,2025-09-15 22:00:00
164.0,160.82686,2025-09-15 22:00:00
135.0,308.32294,2025-09-15 22:00:00
183.0,125.28416,2025-09-15 22:00:00
127.0,140.05908,2025-09-15 23:00:00
185.0,291.48373,2025-09-15 23:00:00
76.0,62.750103,2025-09-15 23:00:00
174.0,153.92955,2025-09-15 23:00:00
127.0,326.9961,2025-09-15 23:00:00
144.0,206.13496,2025-09-16 00:00:00
64.0,53.19816,2025-09-16 00:00:00
151.0,156.63506,2025-09-16 00:00:00
96.0,349.4722,2025-09-16 00:00:00
94.0,112.52855,2025-09-16 00:00:00
122.0,264.22778,2025-09-16 01:00:00
91.0,109.140945,2025-09-16 01:00:00
118.0,186.34367,2025-09-16 01:00:00
121.0,143.15532,2025-09-16 01:00:00
70.0,55.984283,2025-09-16 01:00:00
141.0,153.00632,2025-09-16 02:00:00
94.0,99.743126,2025-09-16 02:00:00
101.0,313.8669,2025-09-16 02:00:00
116.0,144.90446,2025-09-16 02:00:00
61.75,56.880104,2025-09-16 02:00:00
51.75,59.376076,2025-09-16 03:00:00
106.0,311.3864,2025-09-16 03:00:00
74.0,101.83905,2025-09-16 03:00:00
90.0,155.23561,2025-09-16 03:00:00
101.0,137.88805,2025-09-16 03:00:00
90.0,135.42798,2025-09-16 04:00:00
69.0,99.12498,2025-09-16 04:00:00
52.0,58.626873,2025-09-16 04:00:00
150.0,274.51093,2025-09-16 04:00:00
78.0,153.23683,2025-09-16 04:00:00
185.0,326.99768,2025-09-16 05:00:00
99.0,125.88853,2025-09-16 05:00:00
89.0,100.313805,2025-09-16 05:00:00
90.0,118.985306,2025-09-16 05:00:00
53.75,47.923084,2025-09-16 05:00:00
62.0,108.52923,2025-09-16 06:00:00
116.0,156.62718,2025-09-16 06:00:00
99.0,149.3182,2025-09-16 06:00:00
208.0,351.14874,2025-09-16 06:00:00
53.5,68.879524,2025-09-16 06:00:00
54.5,68.647484,2025-09-16 07:00:00
164.0,299.25974,2025-09-16 07:00:00
133.0,135.74344,2025-09-16 07:00:00
129.0,122.78778,2025-09-16 07:00:00
117.0,185.35492,2025-09-16 07:00:00
157.0,175.51852,2025-09-16 08:00:00
141.0,300.2408,2025-09-16 08:00:00
59.0,64.046196,2025-09-16 08:00:00
223.0,177.63097,2025-09-16 08:00:00
118.0,124.50571,2025-09-16 08:00:00
127.0,124.6228,2025-09-16 09:00:00
75.25,61.60668,2025-09-16 09:00:00
178.0,267.1676,2025-09-16 09:00:00
177.0,203.53716,2025-09-16 09:00:00
171.0,159.65672,2025-09-16 09:00:00
75.25,56.19885,2025-09-16 10:00:00
230.0,279.62424,2025-09-16 10:00:00
432.0,172.18982,2025-09-16 10:00:00
180.0,123.47815,2025-09-16 10:00:00
136.0,118.0018,2025-09-16 10:00:00
234.0,302.07205,2025-09-16 11:00:00
145.0,122.751915,2025-09-16 11:00:00
213.0,166.83081,2025-09-16 11:00:00
167.0,132.86475,2025-09-16 11:00:00
21.5,58.033566,2025-09-16 11:00:00
146.0,141.85522,2025-09-16 12:00:00
21.5,68.01448,2025-09-16 12:00:00
164.0,139.51025,2025-09-16 12:00:00
208.0,202.656,2025-09-16 12:00:00
184.0,155.96645,2025-09-16 12:00:00
21.5,63.379677,2025-09-16 13:00:00
238.0,135.394,2025-09-16 13:00:00
118.0,141.72232,2025-09-16 13:00:00
155.0,262.7727,2025-09-16 13:00:00
160.0,149.85442,2025-09-16 13:00:00
117.0,133.05093,2025-09-16 14:00:00
21.5,60.602306,2025-09-16 14:00:00
218.0,243.28262,2025-09-16 14:00:00
134.0,137.21904,2025-09-16 14:00:00
122.0,150.81325,2025-09-16 14:00:00
112.0,133.1407,2025-09-16 15:00:00
158.0,278.3589,2025-09-16 15:00:00
136.0,144.11172,2025-09-16 15:00:00
133.0,117.99739,2025-09-16 15:00:00
25.666666666666668,52.66101,2025-09-16 16:00:00
881.0,138.39084,2025-09-16 16:00:00
107.0,109.87124,2025-09-16 16:00:00
150.0,239.09787,2025-09-16 16:00:00
118.0,128.6807,2025-09-16 16:00:00
53.0,106.05904,2025-09-16 17:00:00
118.0,106.86204,2025-09-16 17:00:00
223.0,141.27798,2025-09-16 17:00:00
86.0,189.78589,2025-09-16 17:00:00
121.66666666666669,62.984745,2025-09-16 17:00:00
121.66666666666669,68.35535,2025-09-16 18:00:00
105.0,117.93549,2025-09-16 18:00:00
103.0,163.93828,2025-09-16 18:00:00
74.0,227.18333,2025-09-16 18:00:00
50.0,104.92921,2025-09-16 18:00:00
95.0,127.00778,2025-09-16 19:00:00
40.0,135.82062,2025-09-16 19:00:00
114.0,254.87943,2025-09-16 19:00:00
26.0,54.207844,2025-09-16 19:00:00
135.0,185.20842,2025-09-16 19:00:00
26.0,59.998966,2025-09-16 20:00:00
163.0,185.4024,2025-09-16 20:00:00
62.0,130.5259,2025-09-16 20:00:00
103.0,239.61842,2025-09-16 20:00:00
140.0,157.06218,2025-09-16 20:00:00
128.0,250.33627,2025-09-16 21:00:00
152.0,154.41573,2025-09-16 21:00:00
138.0,150.22472,2025-09-16 21:00:00
35.666666666666664,56.60479,2025-09-16 21:00:00
97.0,122.55708,2025-09-16 21:00:00
116.0,216.85703,2025-09-16 22:00:00
128.0,130.03471,2025-09-16 22:00:00
152.0,151.10628,2025-09-16 22:00:00
169.0,165.43922,2025-09-16 22:00:00
105.0,59.8658,2025-09-16 22:00:00
194.0,167.47601,2025-09-16 23:00:00
112.33333333333331,67.74545,2025-09-16 23:00:00
114.0,136.61534,2025-09-16 23:00:00
138.0,146.39206,2025-09-16 23:00:00
183.0,241.66954,2025-09-16 23:00:00
168.0,137.88731,2025-09-17 00:00:00
122.0,89.701614,2025-09-17 00:00:00
119.5,38.898407,2025-09-17 00:00:00
147.0,167.01482,2025-09-17 00:00:00
163.0,122.6068,2025-09-17 00:00:00
130.0,116.94984,2025-09-17 01:00:00
104.25,45.216785,2025-09-17 01:00:00
144.0,139.10028,2025-09-17 01:00:00
156.0,136.35837,2025-09-17 01:00:00
136.0,82.75237,2025-09-17 01:00:00
128.0,73.89344,2025-09-17 02:00:00
135.0,118.90614,2025-09-17 02:00:00
129.0,124.025955,2025-09-17 02:00:00
105.0,38.051105,2025-09-17 02:00:00
102.0,115.549904,2025-09-17 02:00:00
107.0,115.12681,2025-09-17 03:00:00
116.0,54.87267,2025-09-17 03:00:00
101.0,85.94371,2025-09-17 03:00:00
108.0,122.89794,2025-09-17 03:00:00
95.5,39.698593,2025-09-17 03:00:00
130.0,76.46122,2025-09-17 04:00:00
106.0,69.058525,2025-09-17 04:00:00
89.25,33.163486,2025-09-17 04:00:00
118.0,126.515785,2025-09-17 04:00:00
119.0,45.518303,2025-09-17 04:00:00
97.5,21.321928,2025-09-17 05:00:00
94.0,46.74439,2025-09-17 05:00:00
134.0,58.295135,2025-09-17 05:00:00
91.0,138.46912,2025-09-17 05:00:00
118.0,61.973923,2025-09-17 05:00:00
88.0,42.5195,2025-09-17 06:00:00
77.0,125.41838,2025-09-17 06:00:00
110.0,78.416016,2025-09-17 06:00:00
85.25,27.627668,2025-09-17 06:00:00
144.0,84.24793,2025-09-17 06:00:00
122.0,99.62846,2025-09-17 07:00:00
74.0,70.07409,2025-09-17 07:00:00
136.0,121.93833,2025-09-17 07:00:00
55.25,53.64727,2025-09-17 07:00:00
41.0,192.39137,2025-09-17 07:00:00
48.0,103.36524,2025-09-17 08:00:00
102.0,144.44518,2025-09-17 08:00:00
56.0,59.599457,2025-09-17 08:00:00
141.0,193.13472,2025-09-17 08:00:00
58.0,196.1096,2025-09-17 08:00:00
102.0,162.6976,2025-09-17 09:00:00
199.0,198.38533,2025-09-17 09:00:00
63.0,127.63031,2025-09-17 09:00:00
62.75,57.280342,2025-09-17 09:00:00
56.0,172.66705,2025-09-17 09:00:00
92.0,144.56944,2025-09-17 10:00:00
58.0,151.84572,2025-09-17 10:00:00
60.5,58.659336,2025-09-17 10:00:00
56.0,121.7887,2025-09-17 10:00:00
156.0,226.27144,2025-09-17 10:00:00
108.0,139.12407,2025-09-17 11:00:00
61.0,111.128105,2025-09-17 11:00:00
103.0,164.87727,2025-09-17 11:00:00
143.0,174.78593,2025-09-17 11:00:00
73.0,46.11105,2025-09-17 11:00:00
143.0,183.14842,2025-09-17 12:00:00
99.0,109.151955,2025-09-17 12:00:00
138.0,196.70338,2025-09-17 12:00:00
98.25,35.407097,2025-09-17 12:00:00
139.0,145.70465,2025-09-17 12:00:00
103.0,46.499287,2025-09-17 13:00:00
114.0,160.2124,2025-09-17 13:00:00
101.0,138.07254,2025-09-17 13:00:00
78.0,138.03796,2025-09-17 13:00:00
146.0,119.944214,2025-09-17 13:00:00
46.0,127.593834,2025-09-17 14:00:00
123.0,101.241234,2025-09-17 14:00:00
127.0,187.9836,2025-09-17 14:00:00
27.33333333333333,36.75889,2025-09-17 14:00:00
55.0,122.652794,2025-09-17 14:00:00
123.0,107.75211,2025-09-17 15:00:00
224.0,158.25896,2025-09-17 15:00:00
52.0,128.42711,2025-09-17 15:00:00
61.0,117.852554,2025-09-17 15:00:00
59.0,88.93603,2025-09-17 16:00:00
207.0,141.42624,2025-09-17 16:00:00
86.0,113.07573,2025-09-17 16:00:00
80.0,38.93606,2025-09-17 16:00:00
47.0,208.82892,2025-09-17 16:00:00
85.75,52.3814,2025-09-17 17:00:00
273.0,136.22757,2025-09-17 17:00:00
103.0,117.64401,2025-09-17 17:00:00
85.0,88.04771,2025-09-17 17:00:00
81.0,172.24893,2025-09-17 17:00:00
127.0,107.74018,2025-09-17 18:00:00
90.0,61.423454,2025-09-17 18:00:00
130.0,178.58144,2025-09-17 18:00:00
92.0,97.7991,2025-09-17 18:00:00
322.0,155.12,2025-09-17 18:00:00
361.0,131.88426,2025-09-17 19:00:00
102.0,116.48742,2025-09-17 19:00:00
145.0,117.55372,2025-09-17 19:00:00
100.25,85.65007,2025-09-17 19:00:00
277.0,169.09538,2025-09-17 19:00:00
381.0,170.29308,2025-09-17 20:00:00
138.0,115.55736,2025-09-17 20:00:00
108.25,75.3045,2025-09-17 20:00:00
337.0,177.782,2025-09-17 20:00:00
157.0,130.86339,2025-09-17 20:00:00
164.0,140.77089,2025-09-17 21:00:00
132.0,56.604824,2025-09-17 21:00:00
191.0,166.5422,2025-09-17 21:00:00
357.0,182.27895,2025-09-17 21:00:00
160.0,120.45118,2025-09-17 21:00:00
195.0,127.47247,2025-09-17 22:00:00
237.0,215.05788,2025-09-17 22:00:00
138.75,54.381554,2025-09-17 22:00:00
161.0,162.7237,2025-09-17 22:00:00
218.0,94.12057,2025-09-17 22:00:00
163.0,103.59654,2025-09-17 23:00:00
171.0,135.0953,2025-09-17 23:00:00
125.33333333333331,65.991234,2025-09-17 23:00:00
216.0,187.36972,2025-09-17 23:00:00
171.0,195.93268,2025-09-17 23:00:00
243.0,232.36633,2025-09-18 00:00:00
121.0,104.3091,2025-09-18 00:00:00
157.0,154.17458,2025-09-18 00:00:00
123.0,91.4173,2025-09-18 00:00:00
197.0,139.51411,2025-09-18 00:00:00
206.0,214.95033,2025-09-18 01:00:00
216.0,123.357544,2025-09-18 01:00:00
119.0,81.97787,2025-09-18 01:00:00
189.0,150.35612,2025-09-18 01:00:00
132.5,80.99031,2025-09-18 01:00:00
188.0,135.87192,2025-09-18 02:00:00
295.0,196.33955,2025-09-18 02:00:00
147.0,88.04448,2025-09-18 02:00:00
119.5,74.0751,2025-09-18 02:00:00
221.0,101.458275,2025-09-18 02:00:00
129.0,88.67987,2025-09-18 03:00:00
290.0,169.92393,2025-09-18 03:00:00
126.0,72.517105,2025-09-18 03:00:00
177.0,100.77332,2025-09-18 03:00:00
157.0,88.7617,2025-09-18 03:00:00
152.0,94.625755,2025-09-18 04:00:00
316.0,136.8671,2025-09-18 04:00:00
119.0,75.13078,2025-09-18 04:00:00
164.0,100.7914,2025-09-18 04:00:00
132.0,82.40718,2025-09-18 04:00:00
138.0,82.83318,2025-09-18 05:00:00
113.5,58.414383,2025-09-18 05:00:00
243.0,133.878,2025-09-18 05:00:00
144.0,65.10174,2025-09-18 05:00:00
156.0,89.43165,2025-09-18 05:00:00
141.0,89.70329,2025-09-18 06:00:00
111.75,63.23993,2025-09-18 06:00:00
103.0,70.94365,2025-09-18 06:00:00
216.0,118.801796,2025-09-18 06:00:00
230.0,114.60198,2025-09-18 06:00:00
186.0,119.98767,2025-09-18 07:00:00
283.0,137.6387,2025-09-18 07:00:00
106.0,80.29838,2025-09-18 07:00:00
167.0,91.77063,2025-09-18 07:00:00
113.75,65.39053,2025-09-18 07:00:00
332.0,136.6194,2025-09-18 08:00:00
196.0,122.76571,2025-09-18 08:00:00
173.0,92.01758,2025-09-18 08:00:00
177.0,130.06381,2025-09-18 08:00:00
151.25,68.68471,2025-09-18 08:00:00
149.0,136.49062,2025-09-18 09:00:00
284.0,187.13498,2025-09-18 09:00:00
108.0,130.96147,2025-09-18 09:00:00
144.0,76.23392,2025-09-18 09:00:00
254.0,150.59077,2025-09-18 09:00:00
223.0,154.77211,2025-09-18 10:00:00
106.25,78.48285,2025-09-18 10:00:00
102.0,130.95715,2025-09-18 10:00:00
184.0,162.4126,2025-09-18 10:00:00
149.0,131.02785,2025-09-18 10:00:00
263.0,133.38277,2025-09-18 11:00:00
112.0,103.333595,2025-09-18 11:00:00
143.0,122.2536,2025-09-18 11:00:00
98.0,73.27659,2025-09-18 11:00:00
174.0,168.8545,2025-09-18 11:00:00
112.0,109.647415,2025-09-18 12:00:00
138.0,119.86434,2025-09-18 12:00:00
93.75,82.1611,2025-09-18 12:00:00
163.0,165.19547,2025-09-18 12:00:00
124.0,147.40341,2025-09-18 12:00:00
175.0,135.61913,2025-09-18 13:00:00
85.5,76.42783,2025-09-18 13:00:00
207.0,165.79547,2025-09-18 13:00:00
128.0,108.876335,2025-09-18 13:00:00
123.0,86.27973,2025-09-18 13:00:00
182.0,127.120636,2025-09-18 14:00:00
92.0,72.38226,2025-09-18 14:00:00
128.0,103.47522,2025-09-18 14:00:00
107.0,77.63702,2025-09-18 14:00:00
188.0,117.06733,2025-09-18 14:00:00
151.0,123.14557,2025-09-18 15:00:00
111.0,83.77774,2025-09-18 15:00:00
116.0,98.98768,2025-09-18 15:00:00
177.0,142.9239,2025-09-18 15:00:00
89.0,79.76801,2025-09-18 15:00:00
114.0,101.5526,2025-09-18 16:00:00
86.0,47.494583,2025-09-18 16:00:00
167.0,131.90105,2025-09-18 16:00:00
133.0,113.68668,2025-09-18 16:00:00
99.0,85.5766,2025-09-18 16:00:00
102.0,107.37766,2025-09-18 17:00:00
89.75,65.828735,2025-09-18 17:00:00
96.0,84.88111,2025-09-18 17:00:00
151.0,173.78165,2025-09-18 17:00:00
114.0,88.457085,2025-09-18 17:00:00
86.25,78.83758,2025-09-18 18:00:00
99.0,94.70295,2025-09-18 18:00:00
151.0,214.02322,2025-09-18 18:00:00
128.0,105.642136,2025-09-18 18:00:00
125.0,129.61441,2025-09-18 18:00:00
221.0,259.1053,2025-09-18 19:00:00
125.0,140.4269,2025-09-18 19:00:00
124.0,91.15277,2025-09-18 19:00:00
125.0,77.82373,2025-09-18 19:00:00
93.5,77.0406,2025-09-18 19:00:00
143.25,92.928696,2025-09-18 20:00:00
128.0,93.140594,2025-09-18 20:00:00
244.0,334.51645,2025-09-18 20:00:00
174.0,121.00662,2025-09-18 20:00:00
125.0,203.08008,2025-09-18 20:00:00
148.25,98.46406,2025-09-18 21:00:00
244.0,319.5601,2025-09-18 21:00:00
223.0,132.95047,2025-09-18 21:00:00
164.0,249.25043,2025-09-18 21:00:00
188.0,101.10624,2025-09-18 21:00:00
210.0,249.37177,2025-09-18 22:00:00
212.0,116.87627,2025-09-18 22:00:00
179.0,144.75174,2025-09-18 22:00:00
140.25,97.84232,2025-09-18 22:00:00
250.0,279.0216,2025-09-18 22:00:00
146.0,154.68565,2025-09-18 23:00:00
167.0,95.14828,2025-09-18 23:00:00
307.0,215.4068,2025-09-18 23:00:00
182.0,260.2013,2025-09-18 23:00:00
133.0,96.44114,2025-09-18 23:00:00
239.0,206.3338,2025-09-19 00:00:00
128.0,122.00812,2025-09-19 00:00:00
133.0,180.15083,2025-09-19 00:00:00
123.75,116.326065,2025-09-19 00:00:00
373.0,312.88303,2025-09-19 00:00:00
132.0,167.30423,2025-09-19 01:00:00
385.0,242.08174,2025-09-19 01:00:00
175.0,84.6033,2025-09-19 01:00:00
268.0,182.71425,2025-09-19 01:00:00
136.5,101.31577,2025-09-19 01:00:00
158.0,169.29813,2025-09-19 02:00:00
240.0,304.14038,2025-09-19 02:00:00
174.0,159.87276,2025-09-19 02:00:00
125.25,88.0144,2025-09-19 02:00:00
119.0,98.45386,2025-09-19 02:00:00
112.0,97.26751,2025-09-19 03:00:00
117.75,91.785934,2025-09-19 03:00:00
171.0,154.54704,2025-09-19 03:00:00
166.0,175.90338,2025-09-19 03:00:00
234.0,316.75595,2025-09-19 03:00:00
134.0,96.27324,2025-09-19 04:00:00
243.0,148.32191,2025-09-19 04:00:00
157.0,155.30525,2025-09-19 04:00:00
232.0,306.37576,2025-09-19 04:00:00
113.75,97.1168,2025-09-19 04:00:00
127.0,103.609856,2025-09-19 05:00:00
177.0,120.43541,2025-09-19 05:00:00
117.0,100.06219,2025-09-19 05:00:00
201.0,327.4112,2025-09-19 05:00:00
171.0,158.6466,2025-09-19 05:00:00
169.0,119.21679,2025-09-19 06:00:00
252.0,269.57977,2025-09-19 06:00:00
122.0,84.53292,2025-09-19 06:00:00
178.0,159.57597,2025-09-19 06:00:00
120.75,92.0257,2025-09-19 06:00:00
255.0,233.74983,2025-09-19 07:00:00
188.0,100.232185,2025-09-19 07:00:00
121.25,97.83965,2025-09-19 07:00:00
178.0,162.09268,2025-09-19 07:00:00
211.0,140.59242,2025-09-19 07:00:00
282.0,337.02853,2025-09-19 08:00:00
178.0,187.84967,2025-09-19 08:00:00
122.75,138.3941,2025-09-19 08:00:00
202.0,186.28206,2025-09-19 08:00:00
152.0,146.47778,2025-09-19 08:00:00
111.0,123.13319,2025-09-19 09:00:00
266.0,336.14514,2025-09-19 09:00:00
118.0,131.01224,2025-09-19 09:00:00
178.0,172.80077,2025-09-19 09:00:00
215.0,203.947,2025-09-19 09:00:00
171.0,173.86777,2025-09-19 10:00:00
136.0,118.60353,2025-09-19 10:00:00
121.5,101.51997,2025-09-19 10:00:00
229.0,279.48416,2025-09-19 10:00:00
221.0,227.98927,2025-09-19 11:00:00
132.0,121.89721,2025-09-19 11:00:00
123.5,98.55762,2025-09-19 11:00:00
215.0,181.75725,2025-09-19 11:00:00
92.0,88.1762,2025-09-19 12:00:00
250.0,241.2555,2025-09-19 12:00:00
152.0,103.07954,2025-09-19 12:00:00
166.0,143.86414,2025-09-19 12:00:00
157.0,111.03443,2025-09-19 13:00:00
96.0,78.19383,2025-09-19 13:00:00
156.0,156.62045,2025-09-19 13:00:00
172.0,226.09906,2025-09-19 13:00:00
183.0,241.3257,2025-09-19 14:00:00
88.0,70.93022,2025-09-19 14:00:00
160.0,148.12012,2025-09-19 14:00:00
116.0,94.27037,2025-09-19 14:00:00
191.0,209.28255,2025-09-19 15:00:00
90.0,63.06125,2025-09-19 15:00:00
135.0,144.17271,2025-09-19 15:00:00
105.0,112.894135,2025-09-19 15:00:00
94.25,83.86525,2025-09-19 16:00:00
182.0,145.8051,2025-09-19 16:00:00
163.0,113.04901,2025-09-19 16:00:00
157.0,180.23973,2025-09-19 16:00:00
107.0,95.85836,2025-09-19 16:00:00
132.0,200.5448,2025-09-19 17:00:00
132.0,135.56401,2025-09-19 17:00:00
168.0,142.26668,2025-09-19 17:00:00
85.25,98.31646,2025-09-19 17:00:00
106.0,111.24965,2025-09-19 17:00:00
108.0,209.95757,2025-09-19 18:00:00
86.5,110.19175,2025-09-19 18:00:00
106.0,125.2184,2025-09-19 18:00:00
139.0,126.14303,2025-09-19 18:00:00
117.0,142.12457,2025-09-19 18:00:00
132.0,119.875015,2025-09-19 19:00:00
129.0,134.64005,2025-09-19 19:00:00
118.0,109.52763,2025-09-19 19:00:00
93.25,105.12892,2025-09-19 19:00:00
169.0,238.63965,2025-09-19 19:00:00
138.0,148.89299,2025-09-19 20:00:00
121.0,148.02547,2025-09-19 20:00:00
153.0,136.29909,2025-09-19 20:00:00
193.0,268.67114,2025-09-19 20:00:00
99.0,120.270836,2025-09-19 20:00:00
161.0,160.95222,2025-09-19 21:00:00
252.0,341.24957,2025-09-19 21:00:00
188.0,195.15114,2025-09-19 21:00:00
139.0,195.19415,2025-09-19 21:00:00
104.75,156.06606,2025-09-19 21:00:00
141.0,230.21193,2025-09-19 22:00:00
101.5,153.33089,2025-09-19 22:00:00
143.0,205.70741,2025-09-19 22:00:00
326.0,403.1181,2025-09-19 22:00:00
179.0,246.99927,2025-09-19 22:00:00
98.0,140.48622,2025-09-19 23:00:00
505.0,456.16437,2025-09-19 23:00:00
166.0,246.61084,2025-09-19 23:00:00
141.0,197.07039,2025-09-19 23:00:00
157.0,219.50691,2025-09-19 23:00:00
243.0,268.33337,2025-09-20 00:00:00
118.0,180.1065,2025-09-20 00:00:00
160.0,183.97318,2025-09-20 00:00:00
106.5,136.15038,2025-09-20 00:00:00
453.0,436.10062,2025-09-20 00:00:00
112.0,142.68661,2025-09-20 01:00:00
183.0,272.88922,2025-09-20 01:00:00
218.0,451.52338,2025-09-20 01:00:00
122.0,170.77768,2025-09-20 01:00:00
188.0,183.90067,2025-09-20 01:00:00
134.0,156.8677,2025-09-20 02:00:00
135.0,228.80284,2025-09-20 02:00:00
110.75,146.22101,2025-09-20 02:00:00
232.0,394.1012,2025-09-20 02:00:00
180.0,187.39099,2025-09-20 02:00:00
215.0,351.6671,2025-09-20 03:00:00
95.0,220.47276,2025-09-20 03:00:00
95.75,140.21603,2025-09-20 03:00:00
100.0,134.19662,2025-09-20 03:00:00
145.0,201.7768,2025-09-20 03:00:00
94.0,117.55234,2025-09-20 04:00:00
80.5,123.22744,2025-09-20 04:00:00
150.0,311.0398,2025-09-20 04:00:00
130.0,186.8372,2025-09-20 04:00:00
90.0,196.20169,2025-09-20 04:00:00
116.0,105.0228,2025-09-20 05:00:00
228.0,324.57715,2025-09-20 05:00:00
124.0,193.04718,2025-09-20 05:00:00
78.75,119.479614,2025-09-20 05:00:00
95.0,178.8158,2025-09-20 05:00:00
107.0,177.03087,2025-09-20 06:00:00
79.5,126.02636,2025-09-20 06:00:00
129.0,201.64177,2025-09-20 06:00:00
306.0,307.3923,2025-09-20 06:00:00
91.0,120.42021,2025-09-20 06:00:00
326.0,316.2883,2025-09-20 07:00:00
87.25,138.5071,2025-09-20 07:00:00
144.0,201.71123,2025-09-20 07:00:00
183.0,210.56003,2025-09-20 07:00:00
100.0,152.15173,2025-09-20 07:00:00
105.5,145.007,2025-09-20 08:00:00
178.0,210.30708,2025-09-20 08:00:00
146.0,166.52386,2025-09-20 08:00:00
152.0,223.55734,2025-09-20 08:00:00
368.0,307.15274,2025-09-20 08:00:00
189.0,193.06754,2025-09-20 09:00:00
454.0,292.48227,2025-09-20 09:00:00
123.0,167.80226,2025-09-20 09:00:00
146.0,219.57812,2025-09-20 09:00:00
121.25,141.45644,2025-09-20 09:00:00
153.0,199.10086,2025-09-20 10:00:00
318.0,274.87543,2025-09-20 10:00:00
139.0,148.09093,2025-09-20 10:00:00
132.75,129.33731,2025-09-20 10:00:00
126.0,130.3873,2025-09-20 11:00:00
239.0,263.95883,2025-09-20 11:00:00
151.0,142.64456,2025-09-20 11:00:00
153.0,224.13808,2025-09-20 11:00:00
123.0,119.7174,2025-09-20 12:00:00
173.0,172.96188,2025-09-20 12:00:00
252.0,259.35657,2025-09-20 12:00:00
147.0,136.27342,2025-09-20 12:00:00
260.0,248.76471,2025-09-20 13:00:00
191.0,171.32951,2025-09-20 13:00:00
151.0,143.74347,2025-09-20 13:00:00
127.75,116.48367,2025-09-20 13:00:00
107.0,235.49432,2025-09-20 14:00:00
179.0,161.35185,2025-09-20 14:00:00
151.0,134.77318,2025-09-20 14:00:00
114.0,106.955086,2025-09-20 14:00:00
139.0,138.05327,2025-09-20 15:00:00
211.0,235.73065,2025-09-20 15:00:00
155.0,164.43692,2025-09-20 15:00:00
105.25,93.26871,2025-09-20 15:00:00
103.5,93.879745,2025-09-20 16:00:00
128.0,148.4001,2025-09-20 16:00:00
125.0,181.03598,2025-09-20 16:00:00
206.0,220.69,2025-09-20 16:00:00
143.0,161.58014,2025-09-20 16:00:00
155.0,164.78775,2025-09-20 17:00:00
152.0,149.6735,2025-09-20 17:00:00
106.75,102.91945,2025-09-20 17:00:00
252.0,194.18756,2025-09-20 17:00:00
125.0,141.45085,2025-09-20 17:00:00
201.0,178.53784,2025-09-20 18:00:00
151.0,169.79712,2025-09-20 18:00:00
125.0,146.91615,2025-09-20 18:00:00
105.25,110.405624,2025-09-20 18:00:00
338.0,225.1196,2025-09-20 18:00:00
345.0,242.93387,2025-09-20 19:00:00
158.0,176.23059,2025-09-20 19:00:00
197.0,191.85365,2025-09-20 19:00:00
161.0,162.26288,2025-09-20 19:00:00
107.25,118.8294,2025-09-20 19:00:00
164.0,177.63902,2025-09-20 20:00:00
298.0,266.04706,2025-09-20 20:00:00
153.0,219.60248,2025-09-20 20:00:00
161.0,177.59961,2025-09-20 20:00:00
111.25,145.94354,2025-09-20 20:00:00
168.0,211.21869,2025-09-20 21:00:00
151.0,208.17093,2025-09-20 21:00:00
164.0,262.7918,2025-09-20 21:00:00
118.25,155.17194,2025-09-20 21:00:00
251.0,331.1034,2025-09-20 21:00:00
279.0,393.7858,2025-09-20 22:00:00
117.75,163.43277,2025-09-20 22:00:00
219.0,281.27585,2025-09-20 22:00:00
146.0,205.3098,2025-09-20 22:00:00
169.0,214.13412,2025-09-20 22:00:00
185.0,279.70615,2025-09-20 23:00:00
115.66666666666669,155.91241,2025-09-20 23:00:00
138.0,190.77162,2025-09-20 23:00:00
158.0,198.5963,2025-09-20 23:00:00
280.0,462.23282,2025-09-20 23:00:00
135.0,203.08882,2025-09-21 00:00:00
183.0,273.35175,2025-09-21 00:00:00
102.75,144.62679,2025-09-21 00:00:00
124.0,152.84863,2025-09-21 00:00:00
255.0,312.0399,2025-09-21 00:00:00
438.0,382.1401,2025-09-21 01:00:00
133.0,156.93695,2025-09-21 01:00:00
153.0,210.44107,2025-09-21 01:00:00
102.5,138.7909,2025-09-21 01:00:00
207.0,221.21594,2025-09-21 01:00:00
150.0,215.64334,2025-09-21 02:00:00
443.0,377.22714,2025-09-21 02:00:00
174.0,210.83798,2025-09-21 02:00:00
129.0,153.15334,2025-09-21 02:00:00
112.5,137.39816,2025-09-21 02:00:00
146.0,172.22385,2025-09-21 03:00:00
108.0,134.46384,2025-09-21 03:00:00
146.0,188.40639,2025-09-21 03:00:00
109.25,124.43379,2025-09-21 03:00:00
346.0,281.3738,2025-09-21 03:00:00
98.5,118.53911,2025-09-21 04:00:00
150.0,193.15686,2025-09-21 04:00:00
117.0,144.10529,2025-09-21 04:00:00
412.0,243.48506,2025-09-21 04:00:00
136.0,133.7244,2025-09-21 04:00:00
134.0,124.090126,2025-09-21 05:00:00
123.0,170.25526,2025-09-21 05:00:00
127.0,169.60852,2025-09-21 05:00:00
98.75,102.35374,2025-09-21 05:00:00
356.0,293.5417,2025-09-21 05:00:00
95.75,102.83688,2025-09-21 06:00:00
151.0,164.0982,2025-09-21 06:00:00
89.0,110.63407,2025-09-21 06:00:00
141.0,146.2056,2025-09-21 06:00:00
487.0,306.58414,2025-09-21 06:00:00
127.0,135.67725,2025-09-21 07:00:00
423.0,394.23865,2025-09-21 07:00:00
99.25,124.250404,2025-09-21 07:00:00
190.0,178.72041,2025-09-21 07:00:00
222.0,197.11546,2025-09-21 07:00:00
477.0,393.98285,2025-09-21 08:00:00
150.0,203.90715,2025-09-21 08:00:00
272.0,209.33418,2025-09-21 08:00:00
215.0,229.37823,2025-09-21 08:00:00
127.5,127.90647,2025-09-21 08:00:00
169.0,178.99872,2025-09-21 09:00:00
492.0,321.90417,2025-09-21 09:00:00
248.0,221.52213,2025-09-21 09:00:00
140.0,141.30605,2025-09-21 09:00:00
365.0,202.72786,2025-09-21 09:00:00
131.25,131.77184,2025-09-21 10:00:00
208.0,171.61302,2025-09-21 10:00:00
227.0,244.37086,2025-09-21 10:00:00
206.0,180.58311,2025-09-21 10:00:00
191.0,208.22232,2025-09-21 10:00:00
184.0,158.08641,2025-09-21 11:00:00
114.25,130.93953,2025-09-21 11:00:00
309.0,289.36038,2025-09-21 11:00:00
146.0,181.49951,2025-09-21 11:00:00
169.0,199.49406,2025-09-21 11:00:00
96.0,122.416435,2025-09-21 12:00:00
229.0,281.08206,2025-09-21 12:00:00
196.0,140.2625,2025-09-21 12:00:00
156.0,187.2532,2025-09-21 12:00:00
140.0,180.97066,2025-09-21 12:00:00
139.0,187.74939,2025-09-21 13:00:00
123.0,190.07466,2025-09-21 13:00:00
248.0,269.0936,2025-09-21 13:00:00
196.0,139.5661,2025-09-21 13:00:00
86.0,109.81051,2025-09-21 13:00:00
196.0,128.17444,2025-09-21 14:00:00
84.0,117.77015,2025-09-21 14:00:00
364.0,277.5709,2025-09-21 14:00:00
119.0,194.77763,2025-09-21 14:00:00
127.0,180.38852,2025-09-21 14:00:00
196.0,134.61082,2025-09-21 15:00:00
92.0,114.5528,2025-09-21 15:00:00
317.0,278.1826,2025-09-21 15:00:00
157.0,170.17064,2025-09-21 15:00:00
122.0,180.4718,2025-09-21 15:00:00
295.0,250.89706,2025-09-21 16:00:00
164.0,130.04846,2025-09-21 16:00:00
100.0,107.58605,2025-09-21 16:00:00
129.0,166.87598,2025-09-21 16:00:00
134.0,172.97118,2025-09-21 16:00:00
140.0,177.33765,2025-09-21 17:00:00
145.0,175.58469,2025-09-21 17:00:00
240.0,257.2429,2025-09-21 17:00:00
103.0,150.60054,2025-09-21 17:00:00
116.0,105.934906,2025-09-21 17:00:00
123.0,180.73228,2025-09-21 18:00:00
240.0,294.7839,2025-09-21 18:00:00
173.0,187.73271,2025-09-21 18:00:00
100.75,120.359924,2025-09-21 18:00:00
96.0,154.94098,2025-09-21 18:00:00
240.0,335.5199,2025-09-21 19:00:00
180.0,195.7607,2025-09-21 19:00:00
93.0,125.62895,2025-09-21 19:00:00
111.0,159.14386,2025-09-21 19:00:00
117.0,194.19595,2025-09-21 19:00:00
156.0,222.44594,2025-09-21 20:00:00
105.0,129.97507,2025-09-21 20:00:00
130.0,193.93036,2025-09-21 20:00:00
178.0,355.6084,2025-09-21 20:00:00
139.0,168.86511,2025-09-21 20:00:00
146.0,204.08775,2025-09-21 21:00:00
143.0,225.42741,2025-09-21 21:00:00
106.5,138.5398,2025-09-21 21:00:00
269.0,369.40274,2025-09-21 21:00:00
132.0,199.29294,2025-09-21 21:00:00
285.0,429.45724,2025-09-21 22:00:00
135.0,216.63968,2025-09-21 22:00:00
101.5,158.12274,2025-09-21 22:00:00
149.0,270.9558,2025-09-21 22:00:00
136.0,210.85759,2025-09-21 22:00:00
99.66666666666669,160.01038,2025-09-21 23:00:00
133.0,199.67558,2025-09-21 23:00:00
134.0,209.82613,2025-09-21 23:00:00
250.0,425.48752,2025-09-21 23:00:00
150.0,263.95255,2025-09-21 23:00:00
141.0,220.26628,2025-09-22 00:00:00
123.0,203.78592,2025-09-22 00:00:00
83.25,161.80855,2025-09-22 00:00:00
113.0,181.38712,2025-09-22 00:00:00
331.0,421.462,2025-09-22 00:00:00
76.25,157.57567,2025-09-22 01:00:00
301.0,503.29977,2025-09-22 01:00:00
118.0,220.73666,2025-09-22 01:00:00
90.0,185.7468,2025-09-22 01:00:00
124.0,237.65483,2025-09-22 01:00:00
76.0,158.54295,2025-09-22 02:00:00
105.0,175.73752,2025-09-22 02:00:00
100.0,210.22502,2025-09-22 02:00:00
124.0,203.45349,2025-09-22 02:00:00
327.0,421.85132,2025-09-22 02:00:00
85.0,160.25488,2025-09-22 03:00:00
320.0,407.28757,2025-09-22 03:00:00
75.25,149.19196,2025-09-22 03:00:00
99.0,195.39108,2025-09-22 03:00:00
122.0,191.06273,2025-09-22 03:00:00
85.0,160.18805,2025-09-22 04:00:00
138.0,162.82817,2025-09-22 04:00:00
78.5,146.13663,2025-09-22 04:00:00
140.0,192.07936,2025-09-22 04:00:00
501.0,436.072,2025-09-22 04:00:00
351.0,436.28104,2025-09-22 05:00:00
122.0,178.00816,2025-09-22 05:00:00
86.5,142.0117,2025-09-22 05:00:00
85.0,149.09981,2025-09-22 05:00:00
107.0,158.26028,2025-09-22 05:00:00
287.0,398.3139,2025-09-22 06:00:00
101.0,163.55626,2025-09-22 06:00:00
85.0,130.96936,2025-09-22 06:00:00
146.0,199.09685,2025-09-22 06:00:00
90.5,122.90563,2025-09-22 06:00:00
157.0,215.11345,2025-09-22 07:00:00
163.0,206.41548,2025-09-22 07:00:00
101.0,131.18666,2025-09-22 07:00:00
477.0,357.7728,2025-09-22 07:00:00
180.0,247.42667,2025-09-22 08:00:00
125.5,143.99055,2025-09-22 08:00:00
472.0,320.45145,2025-09-22 08:00:00
174.0,225.09009,2025-09-22 08:00:00
158.0,283.26837,2025-09-22 09:00:00
134.75,140.72937,2025-09-22 09:00:00
583.0,309.8063,2025-09-22 09:00:00
197.0,258.1746,2025-09-22 09:00:00
161.0,200.75128,2025-09-22 10:00:00
153.0,236.4618,2025-09-22 10:00:00
117.5,139.34578,2025-09-22 10:00:00
298.0,318.36487,2025-09-22 10:00:00
117.0,205.06071,2025-09-22 11:00:00
103.75,133.25279,2025-09-22 11:00:00
141.0,190.30669,2025-09-22 11:00:00
371.0,344.22794,2025-09-22 11:00:00
94.5,123.16046,2025-09-22 12:00:00
381.0,296.4399,2025-09-22 12:00:00
143.0,179.6471,2025-09-22 12:00:00
149.0,173.26566,2025-09-22 12:00:00
132.0,188.67754,2025-09-22 12:00:00
140.0,177.01622,2025-09-22 13:00:00
92.5,132.2365,2025-09-22 13:00:00
140.0,177.17287,2025-09-22 13:00:00
342.0,288.82925,2025-09-22 13:00:00
158.0,172.04822,2025-09-22 13:00:00
304.0,314.59174,2025-09-22 14:00:00
119.0,177.30148,2025-09-22 14:00:00
107.0,178.8615,2025-09-22 14:00:00
124.0,165.3203,2025-09-22 14:00:00
81.75,117.18735,2025-09-22 14:00:00
149.0,186.5462,2025-09-22 15:00:00
112.0,176.78741,2025-09-22 15:00:00
78.5,109.43264,2025-09-22 15:00:00
117.0,179.44128,2025-09-22 15:00:00
265.0,282.01944,2025-09-22 15:00:00
127.0,165.93158,2025-09-22 16:00:00
130.0,165.12926,2025-09-22 16:00:00
59.0,300.54468,2025-09-22 16:00:00
74.0,101.48335,2025-09-22 16:00:00
101.0,166.87897,2025-09-22 16:00:00
83.0,150.93057,2025-09-22 17:00:00
235.0,291.94098,2025-09-22 17:00:00
96.0,156.61603,2025-09-22 17:00:00
71.75,97.956345,2025-09-22 17:00:00
110.0,150.3766,2025-09-22 17:00:00
92.0,169.65707,2025-09-22 18:00:00
72.0,150.83131,2025-09-22 18:00:00
77.0,105.71388,2025-09-22 18:00:00
108.0,193.94884,2025-09-22 18:00:00
240.0,264.66132,2025-09-22 18:00:00
122.0,194.13406,2025-09-22 19:00:00
95.0,144.78192,2025-09-22 19:00:00
122.0,164.80798,2025-09-22 19:00:00
240.0,276.2259,2025-09-22 19:00:00
86.75,116.86323,2025-09-22 19:00:00
183.0,234.61359,2025-09-22 20:00:00
373.0,264.28186,2025-09-22 20:00:00
164.0,162.98062,2025-09-22 20:00:00
113.0,168.03653,2025-09-22 20:00:00
109.5,116.614975,2025-09-22 20:00:00
244.0,249.24129,2025-09-22 21:00:00
311.0,350.8018,2025-09-22 21:00:00
140.0,184.01323,2025-09-22 21:00:00
122.25,137.33504,2025-09-22 21:00:00
184.0,180.25113,2025-09-22 21:00:00
108.75,139.1721,2025-09-22 22:00:00
230.0,402.0432,2025-09-22 22:00:00
150.0,193.86667,2025-09-22 22:00:00
147.0,190.1902,2025-09-22 22:00:00
207.0,258.76556,2025-09-22 22:00:00
168.0,187.68971,2025-09-22 23:00:00
222.0,245.43141,2025-09-22 23:00:00
124.0,201.08003,2025-09-22 23:00:00
282.0,386.66577,2025-09-22 23:00:00
96.0,142.14928,2025-09-22 23:00:00
152.0,156.108,2025-09-23 00:00:00
91.25,117.59494,2025-09-23 00:00:00
224.0,193.23332,2025-09-23 00:00:00
143.0,181.61717,2025-09-23 00:00:00
451.0,438.56595,2025-09-23 00:00:00
92.0,174.1361,2025-09-23 01:00:00
505.0,348.61237,2025-09-23 01:00:00
127.0,181.47607,2025-09-23 01:00:00
163.0,193.47345,2025-09-23 01:00:00
89.75,105.84688,2025-09-23 01:00:00
156.0,339.13446,2025-09-23 02:00:00
136.0,186.68637,2025-09-23 02:00:00
147.0,162.85196,2025-09-23 02:00:00
161.0,173.63974,2025-09-23 02:00:00
96.5,106.93484,2025-09-23 02:00:00
93.25,101.889824,2025-09-23 03:00:00
348.0,329.33423,2025-09-23 03:00:00
122.0,143.45464,2025-09-23 03:00:00
100.0,175.34798,2025-09-23 03:00:00
134.0,170.11412,2025-09-23 03:00:00
102.0,168.0951,2025-09-23 04:00:00
83.0,142.07545,2025-09-23 04:00:00
83.75,101.43666,2025-09-23 04:00:00
365.0,382.24005,2025-09-23 04:00:00
118.0,163.93764,2025-09-23 04:00:00
370.0,274.389,2025-09-23 05:00:00
83.25,104.6624,2025-09-23 05:00:00
119.0,143.05396,2025-09-23 05:00:00
113.0,172.94489,2025-09-23 05:00:00
127.0,175.9142,2025-09-23 05:00:00
139.0,172.37921,2025-09-23 06:00:00
94.25,108.66203,2025-09-23 06:00:00
125.0,129.7012,2025-09-23 06:00:00
486.0,339.8683,2025-09-23 06:00:00
107.0,182.71265,2025-09-23 06:00:00
98.0,116.97248,2025-09-23 07:00:00
494.0,364.35355,2025-09-23 07:00:00
166.0,191.19388,2025-09-23 07:00:00
161.0,184.9193,2025-09-23 07:00:00
200.0,210.53462,2025-09-23 08:00:00
368.0,260.07834,2025-09-23 08:00:00
116.25,128.93927,2025-09-23 08:00:00
138.0,202.78336,2025-09-23 08:00:00
158.0,199.79617,2025-09-23 09:00:00
106.75,137.06337,2025-09-23 09:00:00
268.0,281.34653,2025-09-23 09:00:00
161.0,220.68925,2025-09-23 09:00:00
133.0,184.74483,2025-09-23 10:00:00
96.0,126.19245,2025-09-23 10:00:00
337.0,254.19048,2025-09-23 10:00:00
123.0,182.68364,2025-09-23 10:00:00
138.0,169.89056,2025-09-23 11:00:00
89.5,131.8394,2025-09-23 11:00:00
123.0,165.59708,2025-09-23 11:00:00
307.0,336.57434,2025-09-23 11:00:00
138.0,167.16045,2025-09-23 12:00:00
90.5,123.47424,2025-09-23 12:00:00
211.0,270.23712,2025-09-23 12:00:00
161.0,141.20758,2025-09-23 12:00:00
138.0,154.14986,2025-09-23 12:00:00
153.0,157.51674,2025-09-23 13:00:00
273.0,284.7381,2025-09-23 13:00:00
200.0,127.75646,2025-09-23 13:00:00
138.0,156.1515,2025-09-23 13:00:00
76.75,129.03185,2025-09-23 13:00:00
68.75,104.25328,2025-09-23 14:00:00
89.0,110.56343,2025-09-23 14:00:00
228.0,313.2076,2025-09-23 14:00:00
103.0,155.12741,2025-09-23 14:00:00
138.0,161.62514,2025-09-23 14:00:00
110.0,149.07245,2025-09-23 15:00:00
68.75,106.53371,2025-09-23 15:00:00
89.0,132.72556,2025-09-23 15:00:00
239.0,332.98407,2025-09-23 15:00:00
153.0,144.12442,2025-09-23 16:00:00
64.75,102.3451,2025-09-23 16:00:00
296.0,237.71579,2025-09-23 16:00:00
86.0,131.76778,2025-09-23 16:00:00
95.0,155.66154,2025-09-23 16:00:00
70.75,75.47963,2025-09-23 17:00:00
86.0,108.66394,2025-09-23 17:00:00
110.0,146.34267,2025-09-23 17:00:00
353.0,270.12695,2025-09-23 17:00:00
91.0,140.3165,2025-09-23 17:00:00
97.0,129.10298,2025-09-23 18:00:00
110.0,127.84022,2025-09-23 18:00:00
79.75,95.39428,2025-09-23 18:00:00
139.0,155.37346,2025-09-23 18:00:00
260.0,262.86023,2025-09-23 18:00:00
200.0,151.95312,2025-09-23 19:00:00
129.0,116.45847,2025-09-23 19:00:00
83.75,89.625786,2025-09-23 19:00:00
112.0,131.86562,2025-09-23 19:00:00
257.0,283.04956,2025-09-23 19:00:00
173.0,185.73387,2025-09-23 20:00:00
193.0,352.51086,2025-09-23 20:00:00
107.0,96.9185,2025-09-23 20:00:00
202.0,148.4154,2025-09-23 20:00:00
138.0,156.9789,2025-09-23 20:00:00
127.0,114.6569,2025-09-23 21:00:00
293.0,151.01045,2025-09-23 21:00:00
150.0,368.66748,2025-09-23 21:00:00
132.0,170.36258,2025-09-23 21:00:00
217.0,232.80496,2025-09-23 21:00:00
124.0,161.35716,2025-09-23 22:00:00
84.0,376.91348,2025-09-23 22:00:00
114.75,131.01788,2025-09-23 22:00:00
249.0,160.4434,2025-09-23 22:00:00
262.0,235.32585,2025-09-23 22:00:00
338.0,369.5544,2025-09-23 23:00:00
99.66666666666669,117.26495,2025-09-23 23:00:00
162.0,252.99883,2025-09-23 23:00:00
193.0,163.5722,2025-09-23 23:00:00
127.0,162.50174,2025-09-23 23:00:00
89.75,78.62812,2025-09-24 00:00:00
190.0,219.86894,2025-09-24 00:00:00
145.0,133.42632,2025-09-24 00:00:00
720.0,393.536,2025-09-24 00:00:00
139.0,148.50224,2025-09-24 00:00:00
90.5,72.32156,2025-09-24 01:00:00
179.0,199.11258,2025-09-24 01:00:00
373.0,339.89752,2025-09-24 01:00:00
128.0,137.04497,2025-09-24 01:00:00
110.0,110.13922,2025-09-24 01:00:00
124.0,163.04727,2025-09-24 02:00:00
310.0,237.06142,2025-09-24 02:00:00
132.0,132.18857,2025-09-24 02:00:00
144.0,154.32431,2025-09-24 02:00:00
122.25,71.00287,2025-09-24 02:00:00
109.0,66.98266,2025-09-24 03:00:00
113.0,142.61035,2025-09-24 03:00:00
97.0,129.05052,2025-09-24 03:00:00
418.0,404.506,2025-09-24 03:00:00
114.0,145.51865,2025-09-24 03:00:00
90.0,132.34184,2025-09-24 04:00:00
436.0,388.35724,2025-09-24 04:00:00
108.25,74.69507,2025-09-24 04:00:00
99.0,160.14615,2025-09-24 04:00:00
75.0,112.29223,2025-09-24 04:00:00
431.0,337.34946,2025-09-24 05:00:00
102.0,121.41406,2025-09-24 05:00:00
89.5,70.28344,2025-09-24 05:00:00
100.0,136.00937,2025-09-24 05:00:00
100.0,136.81607,2025-09-24 05:00:00
90.0,76.98121,2025-09-24 06:00:00
135.0,139.21558,2025-09-24 06:00:00
118.0,116.24135,2025-09-24 06:00:00
123.0,127.94058,2025-09-24 06:00:00
454.0,349.73584,2025-09-24 06:00:00
279.0,297.68143,2025-09-24 07:00:00
171.0,154.0433,2025-09-24 07:00:00
102.0,123.20699,2025-09-24 07:00:00
105.0,84.72205,2025-09-24 07:00:00
166.0,143.77872,2025-09-24 07:00:00
146.0,167.58705,2025-09-24 08:00:00
132.0,151.35843,2025-09-24 08:00:00
284.0,260.8506,2025-09-24 08:00:00
166.0,209.74982,2025-09-24 08:00:00
117.75,100.35075,2025-09-24 08:00:00
118.0,173.30995,2025-09-24 09:00:00
87.25,103.98581,2025-09-24 09:00:00
522.0,319.7998,2025-09-24 09:00:00
160.0,151.78123,2025-09-24 09:00:00
116.0,156.34581,2025-09-24 09:00:00
182.0,298.54922,2025-09-24 10:00:00
105.0,143.68637,2025-09-24 10:00:00
106.0,135.08192,2025-09-24 10:00:00
80.5,89.83857,2025-09-24 10:00:00
97.0,135.75732,2025-09-24 10:00:00
130.0,155.04697,2025-09-24 11:00:00
143.0,173.81111,2025-09-24 11:00:00
114.0,155.41637,2025-09-24 11:00:00
76.75,93.322685,2025-09-24 11:00:00
224.0,292.64908,2025-09-24 11:00:00
111.0,173.6113,2025-09-24 12:00:00
237.0,313.55716,2025-09-24 12:00:00
71.5,73.64458,2025-09-24 12:00:00
110.0,130.83171,2025-09-24 12:00:00
113.0,135.71812,2025-09-24 12:00:00
71.25,73.88096,2025-09-24 13:00:00
107.0,132.55194,2025-09-24 13:00:00
260.0,321.31418,2025-09-24 13:00:00
161.0,147.83974,2025-09-24 13:00:00
127.0,152.54048,2025-09-24 13:00:00
193.0,270.4781,2025-09-24 14:00:00
88.0,146.00298,2025-09-24 14:00:00
107.0,140.77089,2025-09-24 14:00:00
64.75,79.55665,2025-09-24 14:00:00
77.0,121.94537,2025-09-24 14:00:00
74.0,114.614334,2025-09-24 15:00:00
138.0,260.1813,2025-09-24 15:00:00
122.0,147.85509,2025-09-24 15:00:00
67.0,73.04246,2025-09-24 15:00:00
138.0,274.71945,2025-09-24 16:00:00
74.0,73.05581,2025-09-24 16:00:00
96.0,132.24275,2025-09-24 16:00:00
90.0,104.044754,2025-09-24 16:00:00
79.0,139.54126,2025-09-24 16:00:00
80.0,108.31504,2025-09-24 17:00:00
84.75,67.77512,2025-09-24 17:00:00
182.0,292.24008,2025-09-24 17:00:00
100.0,128.92522,2025-09-24 17:00:00
94.0,124.94021,2025-09-24 17:00:00
122.0,177.65459,2025-09-24 18:00:00
88.25,69.858604,2025-09-24 18:00:00
94.0,126.12674,2025-09-24 18:00:00
92.0,137.59355,2025-09-24 18:00:00
121.0,304.69995,2025-09-24 18:00:00
124.0,159.72797,2025-09-24 19:00:00
147.0,147.19704,2025-09-24 19:00:00
91.5,90.35367,2025-09-24 19:00:00
219.0,307.81146,2025-09-24 19:00:00
163.0,181.77127,2025-09-24 19:00:00
99.75,96.33069,2025-09-24 20:00:00
147.0,160.31902,2025-09-24 20:00:00
217.0,231.6659,2025-09-24 20:00:00
173.0,166.49464,2025-09-24 20:00:00
329.0,260.9042,2025-09-24 20:00:00
202.0,227.8377,2025-09-24 21:00:00
364.0,203.86308,2025-09-24 21:00:00
109.0,94.565094,2025-09-24 21:00:00
146.0,166.9812,2025-09-24 21:00:00
163.0,192.77687,2025-09-24 21:00:00
174.0,233.52486,2025-09-24 22:00:00
157.0,183.64076,2025-09-24 22:00:00
151.0,248.57117,2025-09-24 22:00:00
114.75,112.594505,2025-09-24 22:00:00
183.0,254.71115,2025-09-24 22:00:00
102.0,167.76692,2025-09-24 23:00:00
106.0,116.80711,2025-09-24 23:00:00
278.0,276.44043,2025-09-24 23:00:00
163.0,188.03236,2025-09-24 23:00:00
138.0,257.83328,2025-09-24 23:00:00
135.0,155.81224,2025-09-25 00:00:00
100.75,119.70693,2025-09-25 00:00:00
114.0,172.27473,2025-09-25 00:00:00
177.0,372.59753,2025-09-25 00:00:00
110.0,251.44336,2025-09-25 00:00:00
99.0,154.51642,2025-09-25 01:00:00
136.0,204.23837,2025-09-25 01:00:00
177.0,307.07068,2025-09-25 01:00:00
100.75,102.83043,2025-09-25 01:00:00
105.0,166.12657,2025-09-25 01:00:00
153.0,416.21555,2025-09-25 02:00:00
85.0,145.62003,2025-09-25 02:00:00
133.0,182.7175,2025-09-25 02:00:00
99.0,174.08376,2025-09-25 02:00:00
100.0,120.7427,2025-09-25 02:00:00
100.75,125.35232,2025-09-25 03:00:00
86.0,154.87962,2025-09-25 03:00:00
58.0,440.34247,2025-09-25 03:00:00
69.0,147.23918,2025-09-25 03:00:00
107.0,155.04765,2025-09-25 03:00:00
99.0,155.52567,2025-09-25 04:00:00
31.0,371.5711,2025-09-25 04:00:00
103.0,124.44978,2025-09-25 04:00:00
67.0,125.68505,2025-09-25 04:00:00
123.0,156.0338,2025-09-25 04:00:00
139.0,308.37408,2025-09-25 05:00:00
113.0,148.48267,2025-09-25 05:00:00
114.0,139.14626,2025-09-25 05:00:00
85.0,114.34981,2025-09-25 05:00:00
95.5,102.393425,2025-09-25 05:00:00
108.0,154.70998,2025-09-25 06:00:00
246.0,359.4306,2025-09-25 06:00:00
147.0,156.6723,2025-09-25 06:00:00
88.0,123.39933,2025-09-25 06:00:00
95.0,109.28703,2025-09-25 06:00:00
161.0,162.60773,2025-09-25 07:00:00
118.25,121.53931,2025-09-25 07:00:00
243.0,312.50037,2025-09-25 07:00:00
92.0,138.35262,2025-09-25 07:00:00
118.0,174.25517,2025-09-25 07:00:00
149.0,181.7337,2025-09-25 08:00:00
324.0,346.45557,2025-09-25 08:00:00
164.0,172.3316,2025-09-25 08:00:00
129.25,144.2709,2025-09-25 08:00:00
156.0,190.09067,2025-09-25 08:00:00
344.0,350.7856,2025-09-25 09:00:00
162.0,161.21114,2025-09-25 09:00:00
190.0,182.82391,2025-09-25 09:00:00
126.5,126.90483,2025-09-25 09:00:00
173.0,165.01909,2025-09-25 09:00:00
219.0,259.65628,2025-09-25 10:00:00
193.0,171.1767,2025-09-25 10:00:00
150.0,148.08751,2025-09-25 10:00:00
109.75,116.88507,2025-09-25 10:00:00
149.0,149.2676,2025-09-25 10:00:00
146.0,144.08057,2025-09-25 11:00:00
102.5,93.03497,2025-09-25 11:00:00
128.0,164.8393,2025-09-25 11:00:00
197.0,302.93433,2025-09-25 11:00:00
151.0,180.30896,2025-09-25 11:00:00
133.0,216.97197,2025-09-25 12:00:00
124.0,157.38162,2025-09-25 12:00:00
140.0,138.52924,2025-09-25 12:00:00
186.0,312.32855,2025-09-25 12:00:00
108.0,98.84602,2025-09-25 12:00:00
128.0,265.87863,2025-09-25 13:00:00
129.0,114.91039,2025-09-25 13:00:00
146.0,159.64557,2025-09-25 13:00:00
90.25,82.21646,2025-09-25 13:00:00
124.0,159.03452,2025-09-25 13:00:00
87.25,92.4237,2025-09-25 14:00:00
77.0,249.73056,2025-09-25 14:00:00
110.0,119.06815,2025-09-25 14:00:00
99.0,155.05678,2025-09-25 14:00:00
113.0,118.93545,2025-09-25 14:00:00
99.0,160.13123,2025-09-25 15:00:00
88.5,94.522896,2025-09-25 15:00:00
152.0,208.53615,2025-09-25 15:00:00
96.0,115.31056,2025-09-25 15:00:00
101.0,121.5102,2025-09-25 15:00:00
113.0,140.71367,2025-09-25 16:00:00
90.0,117.31412,2025-09-25 16:00:00
134.0,220.13588,2025-09-25 16:00:00
108.0,109.68641,2025-09-25 16:00:00
92.75,85.684006,2025-09-25 16:00:00
149.0,238.84108,2025-09-25 17:00:00
108.0,121.644966,2025-09-25 17:00:00
106.0,134.35481,2025-09-25 17:00:00
87.75,86.386185,2025-09-25 17:00:00
103.0,117.45168,2025-09-25 17:00:00
106.0,127.83257,2025-09-25 18:00:00
92.5,100.2899,2025-09-25 18:00:00
195.0,238.64139,2025-09-25 18:00:00
112.0,130.56673,2025-09-25 18:00:00
102.0,161.8789,2025-09-25 18:00:00
134.0,151.10854,2025-09-25 19:00:00
267.0,279.93402,2025-09-25 19:00:00
134.0,206.8183,2025-09-25 19:00:00
104.75,110.03948,2025-09-25 19:00:00
114.0,147.81487,2025-09-25 19:00:00
184.0,179.7261,2025-09-25 20:00:00
120.5,105.464165,2025-09-25 20:00:00
151.0,150.87099,2025-09-25 20:00:00
229.0,314.83292,2025-09-25 20:00:00
185.0,235.81264,2025-09-25 20:00:00
197.0,196.12793,2025-09-25 21:00:00
112.25,115.026596,2025-09-25 21:00:00
129.0,181.09943,2025-09-25 21:00:00
208.0,422.822,2025-09-25 21:00:00
197.0,266.0042,2025-09-25 21:00:00
193.0,245.38678,2025-09-25 22:00:00
174.0,431.283,2025-09-25 22:00:00
147.0,178.0476,2025-09-25 22:00:00
153.0,166.98009,2025-09-25 22:00:00
114.25,124.28933,2025-09-25 22:00:00
157.0,165.65366,2025-09-25 23:00:00
113.0,121.976105,2025-09-25 23:00:00
134.0,384.5009,2025-09-25 23:00:00
240.0,206.11823,2025-09-25 23:00:00
162.0,173.90999,2025-09-25 23:00:00
180.0,176.69751,2025-09-26 00:00:00
120.75,134.88184,2025-09-26 00:00:00
134.0,180.74185,2025-09-26 00:00:00
118.0,357.92413,2025-09-26 00:00:00
138.0,180.31868,2025-09-26 00:00:00
151.0,171.86403,2025-09-26 01:00:00
129.0,190.4691,2025-09-26 01:00:00
124.0,167.84526,2025-09-26 01:00:00
212.0,349.5632,2025-09-26 01:00:00
112.75,134.44771,2025-09-26 01:00:00
233.0,325.9333,2025-09-26 02:00:00
134.0,187.11757,2025-09-26 02:00:00
117.5,137.26703,2025-09-26 02:00:00
140.0,164.14813,2025-09-26 02:00:00
129.0,154.62657,2025-09-26 02:00:00
130.0,150.06316,2025-09-26 03:00:00
218.0,244.47563,2025-09-26 03:00:00
92.0,144.0303,2025-09-26 03:00:00
104.5,142.3935,2025-09-26 03:00:00
134.0,178.2231,2025-09-26 03:00:00
125.0,161.02066,2025-09-26 04:00:00
212.0,230.26337,2025-09-26 04:00:00
115.75,135.04877,2025-09-26 04:00:00
119.0,129.454,2025-09-26 04:00:00
139.0,143.00092,2025-09-26 04:00:00
147.0,167.50024,2025-09-26 05:00:00
228.0,307.97104,2025-09-26 05:00:00
119.5,127.65036,2025-09-26 05:00:00
135.0,164.21562,2025-09-26 05:00:00
147.0,136.18242,2025-09-26 05:00:00
155.0,165.98402,2025-09-26 06:00:00
147.0,167.41028,2025-09-26 06:00:00
127.0,116.36945,2025-09-26 06:00:00
251.0,307.27856,2025-09-26 06:00:00
124.0,128.31238,2025-09-26 06:00:00
140.0,133.2433,2025-09-26 07:00:00
146.0,166.74779,2025-09-26 07:00:00
296.0,286.9532,2025-09-26 07:00:00
134.25,134.11794,2025-09-26 07:00:00
188.0,193.69229,2025-09-26 07:00:00
249.0,203.7212,2025-09-26 08:00:00
189.0,173.6815,2025-09-26 08:00:00
141.75,137.08792,2025-09-26 08:00:00
213.0,200.28568,2025-09-26 08:00:00
238.0,342.8924,2025-09-26 08:00:00
396.0,332.4532,2025-09-26 09:00:00
175.0,157.30614,2025-09-26 09:00:00
226.0,182.70009,2025-09-26 09:00:00
178.75,139.46696,2025-09-26 09:00:00
345.0,216.85838,2025-09-26 09:00:00
232.0,168.28477,2025-09-26 10:00:00
125.0,345.62872,2025-09-26 10:00:00
245.0,170.4301,2025-09-26 10:00:00
183.0,157.31361,2025-09-26 10:00:00
183.75,130.87335,2025-09-26 10:00:00
206.0,169.3694,2025-09-26 11:00:00
161.75,127.51588,2025-09-26 11:00:00
211.0,167.64093,2025-09-26 11:00:00
193.0,306.34952,2025-09-26 11:00:00
197.0,146.22708,2025-09-26 11:00:00
252.0,247.00325,2025-09-26 12:00:00
184.0,162.9989,2025-09-26 12:00:00
161.75,120.40643,2025-09-26 12:00:00
167.0,128.05518,2025-09-26 12:00:00
182.0,148.70049,2025-09-26 12:00:00
191.0,139.53531,2025-09-26 13:00:00
196.0,169.16302,2025-09-26 13:00:00
171.75,122.61128,2025-09-26 13:00:00
217.0,219.95915,2025-09-26 13:00:00
194.0,128.70259,2025-09-26 13:00:00
262.0,245.45465,2025-09-26 14:00:00
194.0,153.90799,2025-09-26 14:00:00
210.0,133.45819,2025-09-26 14:00:00
202.0,120.6031,2025-09-26 14:00:00
167.25,114.12874,2025-09-26 14:00:00
344.0,255.89323,2025-09-26 15:00:00
195.0,128.0034,2025-09-26 15:00:00
219.0,142.15935,2025-09-26 15:00:00
169.5,100.74548,2025-09-26 15:00:00
213.0,169.25677,2025-09-26 15:00:00
206.5,102.652695,2025-09-26 16:00:00
246.0,238.48636,2025-09-26 16:00:00
219.0,133.97684,2025-09-26 16:00:00
163.0,126.92163,2025-09-26 16:00:00
184.0,152.80441,2025-09-26 16:00:00
230.0,146.42805,2025-09-26 17:00:00
157.75,95.42,2025-09-26 17:00:00
151.0,117.67976,2025-09-26 17:00:00
234.0,127.552376,2025-09-26 17:00:00
232.0,204.81364,2025-09-26 17:00:00
228.0,134.47986,2025-09-26 18:00:00
188.0,135.70056,2025-09-26 18:00:00
283.0,175.40509,2025-09-26 18:00:00
165.25,102.93344,2025-09-26 18:00:00
226.0,230.00546,2025-09-26 18:00:00
151.0,291.0457,2025-09-26 19:00:00
222.0,152.83284,2025-09-26 19:00:00
169.0,126.9247,2025-09-26 19:00:00
272.0,153.22473,2025-09-26 19:00:00
206.0,193.4195,2025-09-26 19:00:00
205.0,284.13745,2025-09-26 20:00:00
172.75,137.96028,2025-09-26 20:00:00
239.0,188.37701,2025-09-26 20:00:00
221.0,257.4606,2025-09-26 20:00:00
222.0,163.86644,2025-09-26 20:00:00
382.0,304.15018,2025-09-26 21:00:00
249.0,181.09306,2025-09-26 21:00:00
250.0,183.54616,2025-09-26 21:00:00
183.75,145.8814,2025-09-26 21:00:00
234.0,269.65805,2025-09-26 21:00:00
206.75,151.89108,2025-09-26 22:00:00
238.0,197.93066,2025-09-26 22:00:00
260.0,275.06824,2025-09-26 22:00:00
364.0,306.68338,2025-09-26 22:00:00
302.0,186.52982,2025-09-26 22:00:00
230.0,189.17905,2025-09-26 23:00:00
278.0,188.29427,2025-09-26 23:00:00
300.0,266.27133,2025-09-26 23:00:00
209.0,144.52177,2025-09-26 23:00:00
271.0,265.81116,2025-09-26 23:00:00
217.0,163.96237,2025-09-27 00:00:00
324.0,185.0086,2025-09-27 00:00:00
199.0,151.21136,2025-09-27 00:00:00
245.0,218.6431,2025-09-27 00:00:00
403.0,282.18018,2025-09-27 00:00:00
343.0,189.9544,2025-09-27 01:00:00
377.0,286.04074,2025-09-27 01:00:00
255.0,191.08676,2025-09-27 01:00:00
195.0,181.47104,2025-09-27 01:00:00
119.0,152.58914,2025-09-27 01:00:00
276.0,181.20258,2025-09-27 02:00:00
136.0,268.00003,2025-09-27 02:00:00
186.0,159.80159,2025-09-27 02:00:00
100.0,155.94608,2025-09-27 02:00:00
66.0,155.85373,2025-09-27 02:00:00
92.0,307.29465,2025-09-27 03:00:00
111.0,149.11739,2025-09-27 03:00:00
79.0,161.88666,2025-09-27 03:00:00
125.0,154.39299,2025-09-27 03:00:00
65.75,137.8879,2025-09-27 03:00:00
106.0,274.7,2025-09-27 04:00:00
94.0,141.03033,2025-09-27 04:00:00
91.0,142.034,2025-09-27 04:00:00
65.25,133.13219,2025-09-27 04:00:00
83.0,149.03752,2025-09-27 04:00:00
77.0,136.63203,2025-09-27 05:00:00
66.0,132.72905,2025-09-27 05:00:00
69.0,149.05919,2025-09-27 05:00:00
59.0,120.6366,2025-09-27 05:00:00
12.0,265.87033,2025-09-27 05:00:00
12.0,244.95041,2025-09-27 06:00:00
78.0,155.86142,2025-09-27 06:00:00
72.0,140.962,2025-09-27 06:00:00
44.0,131.57979,2025-09-27 06:00:00
65.5,139.36339,2025-09-27 06:00:00
59.25,159.05508,2025-09-27 07:00:00
89.0,200.46196,2025-09-27 07:00:00
58.0,146.40733,2025-09-27 07:00:00
97.0,158.4631,2025-09-27 07:00:00
53.0,344.8001,2025-09-27 07:00:00
69.0,187.69426,2025-09-27 08:00:00
101.0,213.70522,2025-09-27 08:00:00
85.0,227.17126,2025-09-27 08:00:00
86.0,308.0089,2025-09-27 08:00:00
58.25,158.84943,2025-09-27 08:00:00
63.5,166.73578,2025-09-27 09:00:00
58.0,180.76793,2025-09-27 09:00:00
96.0,271.49908,2025-09-27 09:00:00
146.0,201.0854,2025-09-27 09:00:00
85.0,241.76813,2025-09-27 09:00:00
86.0,168.78607,2025-09-27 10:00:00
62.0,145.50713,2025-09-27 10:00:00
107.0,176.7623,2025-09-27 10:00:00
116.0,219.65034,2025-09-27 10:00:00
61.0,169.7062,2025-09-27 10:00:00
61.75,143.87468,2025-09-27 11:00:00
118.0,202.24329,2025-09-27 11:00:00
79.0,167.10928,2025-09-27 11:00:00
205.0,244.57759,2025-09-27 11:00:00
100.0,179.40303,2025-09-27 11:00:00
139.0,262.7343,2025-09-27 12:00:00
127.0,161.42789,2025-09-27 12:00:00
57.5,133.42976,2025-09-27 12:00:00
105.0,162.66096,2025-09-27 12:00:00
77.0,163.36896,2025-09-27 12:00:00
119.0,156.14821,2025-09-27 13:00:00
75.0,158.31352,2025-09-27 13:00:00
53.0,131.2488,2025-09-27 13:00:00
114.0,274.50034,2025-09-27 13:00:00
125.0,166.01997,2025-09-27 13:00:00
47.25,136.44531,2025-09-27 14:00:00
62.0,146.82314,2025-09-27 14:00:00
113.0,176.20796,2025-09-27 14:00:00
89.0,159.19643,2025-09-27 14:00:00
89.0,258.86118,2025-09-27 14:00:00
85.0,195.548,2025-09-27 15:00:00
12.0,263.30978,2025-09-27 15:00:00
56.0,143.2903,2025-09-27 15:00:00
79.0,160.7425,2025-09-27 15:00:00
47.25,136.32799,2025-09-27 15:00:00
55.0,152.64017,2025-09-27 16:00:00
83.0,165.22888,2025-09-27 16:00:00
94.0,156.45726,2025-09-27 16:00:00
12.0,261.85498,2025-09-27 16:00:00
52.75,138.93106,2025-09-27 16:00:00
57.0,121.49823,2025-09-27 17:00:00
68.0,152.28476,2025-09-27 17:00:00
106.0,203.47069,2025-09-27 17:00:00
86.0,166.9141,2025-09-27 17:00:00
72.0,264.83322,2025-09-27 17:00:00
113.0,224.29845,2025-09-27 18:00:00
83.0,175.46854,2025-09-27 18:00:00
67.0,137.15746,2025-09-27 18:00:00
74.0,164.33461,2025-09-27 18:00:00
72.0,289.68893,2025-09-27 18:00:00
97.0,173.02742,2025-09-27 19:00:00
118.0,241.75856,2025-09-27 19:00:00
172.0,219.27986,2025-09-27 19:00:00
106.0,189.96924,2025-09-27 19:00:00
78.75,145.48024,2025-09-27 19:00:00
135.0,195.03954,2025-09-27 20:00:00
118.0,196.7972,2025-09-27 20:00:00
172.0,216.21599,2025-09-27 20:00:00
86.75,172.5189,2025-09-27 20:00:00
212.0,231.63762,2025-09-27 20:00:00
160.0,203.25258,2025-09-27 21:00:00
108.0,206.41615,2025-09-27 21:00:00
96.25,182.52455,2025-09-27 21:00:00
228.0,266.75262,2025-09-27 21:00:00
262.0,265.55167,2025-09-27 21:00:00
239.0,300.4428,2025-09-27 22:00:00
104.5,181.85295,2025-09-27 22:00:00
157.0,243.72617,2025-09-27 22:00:00
178.0,420.00586,2025-09-27 22:00:00
119.0,231.24902,2025-09-27 22:00:00
128.0,259.3074,2025-09-27 23:00:00
149.0,344.8211,2025-09-27 23:00:00
97.33333333333331,186.71944,2025-09-27 23:00:00
207.0,315.14227,2025-09-27 23:00:00
147.0,219.57523,2025-09-27 23:00:00
100.25,178.9515,2025-09-28 00:00:00
141.0,183.2811,2025-09-28 00:00:00
179.0,226.70029,2025-09-28 00:00:00
114.0,265.091,2025-09-28 00:00:00
108.0,363.43655,2025-09-28 00:00:00
40.0,312.5864,2025-09-28 01:00:00
128.0,224.32312,2025-09-28 01:00:00
121.0,188.64375,2025-09-28 01:00:00
129.0,250.25613,2025-09-28 01:00:00
103.25,157.97008,2025-09-28 01:00:00
100.0,229.65771,2025-09-28 02:00:00
111.0,205.4458,2025-09-28 02:00:00
97.25,128.59709,2025-09-28 02:00:00
117.0,180.57045,2025-09-28 02:00:00
40.0,301.23984,2025-09-28 02:00:00
93.5,108.986404,2025-09-28 03:00:00
97.0,198.70206,2025-09-28 03:00:00
86.0,249.41376,2025-09-28 03:00:00
107.0,160.21016,2025-09-28 03:00:00
100.0,126.44046,2025-09-28 03:00:00
86.0,186.78835,2025-09-28 04:00:00
78.0,114.2972,2025-09-28 04:00:00
97.0,154.34142,2025-09-28 04:00:00
100.0,129.71556,2025-09-28 04:00:00
80.0,98.9623,2025-09-28 04:00:00
94.0,123.8978,2025-09-28 05:00:00
96.0,106.298,2025-09-28 05:00:00
59.0,93.064865,2025-09-28 05:00:00
88.0,178.0138,2025-09-28 05:00:00
80.25,99.4384,2025-09-28 05:00:00
118.0,124.68491,2025-09-28 06:00:00
107.0,112.063866,2025-09-28 06:00:00
151.0,213.46695,2025-09-28 06:00:00
92.0,98.49717,2025-09-28 06:00:00
80.25,99.26352,2025-09-28 06:00:00
210.0,182.49825,2025-09-28 07:00:00
110.0,130.8566,2025-09-28 07:00:00
95.0,107.44006,2025-09-28 07:00:00
196.0,158.25418,2025-09-28 07:00:00
129.0,152.42073,2025-09-28 07:00:00
85.0,145.62328,2025-09-28 08:00:00
146.0,188.50934,2025-09-28 08:00:00
101.5,114.74584,2025-09-28 08:00:00
129.0,151.0306,2025-09-28 08:00:00
208.0,163.26999,2025-09-28 08:00:00
107.0,161.00276,2025-09-28 09:00:00
233.0,174.9278,2025-09-28 09:00:00
87.25,118.00925,2025-09-28 09:00:00
124.0,158.02002,2025-09-28 09:00:00
149.0,163.6603,2025-09-28 09:00:00
132.0,210.60162,2025-09-28 10:00:00
81.75,132.71274,2025-09-28 10:00:00
91.0,137.58992,2025-09-28 10:00:00
132.0,189.3808,2025-09-28 10:00:00
81.0,167.24275,2025-09-28 10:00:00
96.0,123.08186,2025-09-28 11:00:00
64.25,128.78996,2025-09-28 11:00:00
85.0,164.4806,2025-09-28 11:00:00
33.0,194.6399,2025-09-28 11:00:00
108.0,179.20145,2025-09-28 11:00:00
62.25,116.08409,2025-09-28 12:00:00
9.0,182.96823,2025-09-28 12:00:00
99.0,133.12566,2025-09-28 12:00:00
66.0,128.25452,2025-09-28 12:00:00
121.0,176.31845,2025-09-28 12:00:00
78.0,157.7111,2025-09-28 13:00:00
107.0,165.09253,2025-09-28 13:00:00
65.0,101.652466,2025-09-28 13:00:00
95.0,173.46219,2025-09-28 13:00:00
134.0,128.91768,2025-09-28 13:00:00
77.0,121.436646,2025-09-28 14:00:00
66.5,95.592606,2025-09-28 14:00:00
116.0,153.20607,2025-09-28 14:00:00
81.0,182.41432,2025-09-28 14:00:00
80.0,120.02123,2025-09-28 14:00:00
89.0,127.24496,2025-09-28 15:00:00
71.75,109.62718,2025-09-28 15:00:00
94.0,133.79578,2025-09-28 15:00:00
107.0,164.91444,2025-09-28 15:00:00
106.0,125.28978,2025-09-28 15:00:00
132.0,180.30106,2025-09-28 16:00:00
67.25,90.76265,2025-09-28 16:00:00
144.0,116.951416,2025-09-28 16:00:00
84.0,139.81694,2025-09-28 16:00:00
100.0,149.13469,2025-09-28 16:00:00
125.0,136.34872,2025-09-28 17:00:00
71.75,90.44203,2025-09-28 17:00:00
204.0,181.65648,2025-09-28 17:00:00
88.0,124.79583,2025-09-28 17:00:00
89.0,118.69799,2025-09-28 17:00:00
83.25,95.62775,2025-09-28 18:00:00
144.0,173.37831,2025-09-28 18:00:00
96.0,135.4553,2025-09-28 18:00:00
140.0,139.45447,2025-09-28 18:00:00
119.0,143.54002,2025-09-28 18:00:00
97.5,102.509056,2025-09-28 19:00:00
103.0,139.46417,2025-09-28 19:00:00
185.0,167.72467,2025-09-28 19:00:00
211.0,123.16849,2025-09-28 19:00:00
157.0,164.2019,2025-09-28 19:00:00
218.0,210.25887,2025-09-28 20:00:00
112.25,104.45177,2025-09-28 20:00:00
228.0,123.2292,2025-09-28 20:00:00
141.0,125.230446,2025-09-28 20:00:00
155.0,185.81868,2025-09-28 20:00:00
110.75,103.08732,2025-09-28 21:00:00
155.0,144.94278,2025-09-28 21:00:00
155.0,154.31442,2025-09-28 21:00:00
230.0,237.79425,2025-09-28 21:00:00
122.0,288.36124,2025-09-28 21:00:00
188.0,166.52106,2025-09-28 22:00:00
109.25,112.09119,2025-09-28 22:00:00
265.0,238.98436,2025-09-28 22:00:00
135.0,130.10353,2025-09-28 22:00:00
72.0,284.6933,2025-09-28 22:00:00
144.0,132.36833,2025-09-28 23:00:00
168.0,233.86607,2025-09-28 23:00:00
222.0,237.9946,2025-09-28 23:00:00
101.33333333333331,109.99305,2025-09-28 23:00:00
169.0,158.76796,2025-09-28 23:00:00
193.0,199.61028,2025-09-29 00:00:00
114.75,104.29253,2025-09-29 00:00:00
191.0,159.77856,2025-09-29 00:00:00
177.0,208.40242,2025-09-29 00:00:00
147.0,122.92998,2025-09-29 00:00:00
215.0,121.60778,2025-09-29 01:00:00
226.0,194.10371,2025-09-29 01:00:00
113.75,105.92535,2025-09-29 01:00:00
175.0,191.1036,2025-09-29 01:00:00
163.0,143.11852,2025-09-29 01:00:00
114.25,103.59907,2025-09-29 02:00:00
274.0,201.52525,2025-09-29 02:00:00
155.0,153.88885,2025-09-29 02:00:00
166.0,131.79028,2025-09-29 02:00:00
215.0,121.37792,2025-09-29 02:00:00
240.0,207.80515,2025-09-29 03:00:00
69.0,141.39952,2025-09-29 03:00:00
215.0,113.57939,2025-09-29 03:00:00
135.5,98.57066,2025-09-29 03:00:00
135.0,140.61139,2025-09-29 03:00:00
72.0,98.411415,2025-09-29 04:00:00
126.5,103.47862,2025-09-29 04:00:00
132.0,121.41537,2025-09-29 04:00:00
215.0,222.68803,2025-09-29 04:00:00
121.0,125.63362,2025-09-29 04:00:00
167.0,120.505486,2025-09-29 05:00:00
315.0,185.77863,2025-09-29 05:00:00
116.5,98.677734,2025-09-29 05:00:00
85.0,88.68869,2025-09-29 05:00:00
107.0,117.91754,2025-09-29 05:00:00
89.0,103.21956,2025-09-29 06:00:00
136.0,125.1974,2025-09-29 06:00:00
212.0,125.23936,2025-09-29 06:00:00
377.0,200.69405,2025-09-29 06:00:00
105.75,99.37653,2025-09-29 06:00:00
277.0,150.60425,2025-09-29 07:00:00
147.0,114.26864,2025-09-29 07:00:00
101.75,101.36541,2025-09-29 07:00:00
135.0,135.09541,2025-09-29 07:00:00
259.0,195.1754,2025-09-29 07:00:00
147.0,144.75513,2025-09-29 08:00:00
189.0,174.13725,2025-09-29 08:00:00
162.0,125.290665,2025-09-29 08:00:00
175.0,201.47748,2025-09-29 08:00:00
115.5,108.560074,2025-09-29 08:00:00
113.25,112.97923,2025-09-29 09:00:00
128.0,153.597,2025-09-29 09:00:00
320.0,198.1802,2025-09-29 09:00:00
130.0,200.93373,2025-09-29 09:00:00
110.0,160.85464,2025-09-29 09:00:00
93.5,98.0716,2025-09-29 10:00:00
160.0,147.48631,2025-09-29 10:00:00
95.0,138.06384,2025-09-29 10:00:00
79.0,132.10571,2025-09-29 10:00:00
130.0,189.71126,2025-09-29 10:00:00
110.0,118.84447,2025-09-29 11:00:00
241.0,161.51445,2025-09-29 11:00:00
146.0,140.68176,2025-09-29 11:00:00
126.0,91.072754,2025-09-29 11:00:00
164.0,121.58951,2025-09-29 11:00:00
240.0,99.05427,2025-09-29 12:00:00
97.0,140.22371,2025-09-29 12:00:00
276.0,146.87453,2025-09-29 12:00:00
44.25,84.33845,2025-09-29 12:00:00
146.0,152.84299,2025-09-29 12:00:00
27.0,153.07683,2025-09-29 13:00:00
14.0,71.43447,2025-09-29 13:00:00
31.0,131.08754,2025-09-29 13:00:00
145.0,180.27866,2025-09-29 13:00:00
240.0,115.021454,2025-09-29 13:00:00
24.0,105.296036,2025-09-29 14:00:00
45.0,89.518875,2025-09-29 14:00:00
51.0,174.44019,2025-09-29 14:00:00
19.25,71.01217,2025-09-29 14:00:00
18.0,131.64888,2025-09-29 14:00:00
51.0,218.42624,2025-09-29 15:00:00
29.5,86.94824,2025-09-29 15:00:00
27.0,104.08322,2025-09-29 15:00:00
24.0,134.94984,2025-09-29 15:00:00
67.0,117.57293,2025-09-29 15:00:00
37.0,124.7068,2025-09-29 16:00:00
68.0,110.327675,2025-09-29 16:00:00
29.0,142.0531,2025-09-29 16:00:00
41.5,72.86812,2025-09-29 16:00:00
56.0,194.30383,2025-09-29 16:00:00
69.0,108.3264,2025-09-29 17:00:00
11.0,201.48204,2025-09-29 17:00:00
63.0,86.28663,2025-09-29 17:00:00
41.0,147.83904,2025-09-29 17:00:00
28.0,117.83527,2025-09-29 17:00:00
57.0,143.04607,2025-09-29 18:00:00
63.0,112.533005,2025-09-29 18:00:00
8.0,211.89697,2025-09-29 18:00:00
56.0,169.13907,2025-09-29 18:00:00
65.75,82.75022,2025-09-29 18:00:00
17.0,136.27422,2025-09-29 19:00:00
83.0,201.12508,2025-09-29 19:00:00
96.0,120.8347,2025-09-29 19:00:00
61.0,191.34187,2025-09-29 19:00:00
82.5,88.20409,2025-09-29 19:00:00
91.0,135.48613,2025-09-29 20:00:00
102.0,216.21931,2025-09-29 20:00:00
83.0,196.57828,2025-09-29 20:00:00
75.0,136.97392,2025-09-29 20:00:00
99.25,107.86551,2025-09-29 20:00:00
116.0,165.86052,2025-09-29 21:00:00
111.0,212.26453,2025-09-29 21:00:00
96.0,234.46053,2025-09-29 21:00:00
103.75,111.9226,2025-09-29 21:00:00
108.0,143.59407,2025-09-29 21:00:00
75.0,131.16379,2025-09-29 22:00:00
65.25,118.9591,2025-09-29 22:00:00
112.0,241.96376,2025-09-29 22:00:00
74.0,290.3336,2025-09-29 22:00:00
77.0,167.60294,2025-09-29 22:00:00
40.66666666666666,109.90792,2025-09-29 23:00:00
84.0,260.90805,2025-09-29 23:00:00
48.0,175.19582,2025-09-29 23:00:00
108.0,142.55649,2025-09-29 23:00:00
58.0,261.9947,2025-09-29 23:00:00
63.0,229.3288,2025-09-30 00:00:00
40.75,104.7173,2025-09-30 00:00:00
62.0,164.39003,2025-09-30 00:00:00
53.0,121.011795,2025-09-30 00:00:00
66.0,191.04697,2025-09-30 00:00:00
14.0,130.9692,2025-09-30 01:00:00
51.0,187.08632,2025-09-30 01:00:00
39.0,106.270584,2025-09-30 01:00:00
58.0,259.35077,2025-09-30 01:00:00
40.0,123.969055,2025-09-30 01:00:00
48.0,241.18953,2025-09-30 02:00:00
48.0,162.98141,2025-09-30 02:00:00
48.25,109.589195,2025-09-30 02:00:00
84.0,147.92427,2025-09-30 02:00:00
19.0,136.57788,2025-09-30 02:00:00
46.0,137.15106,2025-09-30 03:00:00
6.0,137.16437,2025-09-30 03:00:00
24.0,123.73459,2025-09-30 03:00:00
34.0,250.36,2025-09-30 03:00:00
51.5,102.85752,2025-09-30 03:00:00
52.0,101.03624,2025-09-30 04:00:00
50.0,133.07289,2025-09-30 04:00:00
64.0,121.94503,2025-09-30 04:00:00
80.0,230.74072,2025-09-30 04:00:00
8.0,132.54393,2025-09-30 04:00:00
112.0,111.32143,2025-09-30 05:00:00
58.5,95.08918,2025-09-30 05:00:00
36.0,94.56959,2025-09-30 05:00:00
61.0,124.50341,2025-09-30 05:00:00
106.0,224.50725,2025-09-30 05:00:00
107.0,156.94966,2025-09-30 06:00:00
91.0,293.41702,2025-09-30 06:00:00
165.75,113.94009,2025-09-30 06:00:00
69.0,154.55046,2025-09-30 06:00:00
75.0,91.94992,2025-09-30 06:00:00
110.0,226.10217,2025-09-30 07:00:00
124.0,125.32757,2025-09-30 07:00:00
81.0,115.53268,2025-09-30 07:00:00
138.0,104.516235,2025-09-30 07:00:00
73.0,174.24905,2025-09-30 07:00:00
92.0,178.46332,2025-09-30 08:00:00
121.0,141.0231,2025-09-30 08:00:00
144.0,135.08356,2025-09-30 08:00:00
124.5,111.84365,2025-09-30 08:00:00
95.0,226.1491,2025-09-30 08:00:00
175.0,154.88539,2025-09-30 09:00:00
118.0,141.80957,2025-09-30 09:00:00
114.0,169.36708,2025-09-30 09:00:00
127.0,219.69267,2025-09-30 09:00:00
122.25,112.67179,2025-09-30 09:00:00
61.0,142.98807,2025-09-30 10:00:00
129.0,147.53519,2025-09-30 10:00:00
121.0,133.62158,2025-09-30 10:00:00
80.0,106.5633,2025-09-30 10:00:00
132.0,190.40555,2025-09-30 10:00:00
46.0,138.64127,2025-09-30 11:00:00
121.0,198.13013,2025-09-30 11:00:00
66.0,109.477325,2025-09-30 11:00:00
103.0,127.6863,2025-09-30 11:00:00
158.0,138.6685,2025-09-30 11:00:00
116.0,112.520454,2025-09-30 12:00:00
149.0,140.587,2025-09-30 12:00:00
75.75,73.88525,2025-09-30 12:00:00
118.0,233.57594,2025-09-30 12:00:00
105.0,136.59172,2025-09-30 12:00:00
90.0,102.10335,2025-09-30 13:00:00
118.0,122.96374,2025-09-30 13:00:00
84.0,188.79143,2025-09-30 13:00:00
93.75,63.290886,2025-09-30 13:00:00
123.75,130.89763,2025-09-30 13:00:00
116.0,108.14324,2025-09-30 14:00:00
89.0,190.53702,2025-09-30 14:00:00
99.25,69.41644,2025-09-30 14:00:00
125.0,113.992134,2025-09-30 14:00:00
128.5,113.22663,2025-09-30 14:00:00
111.5,132.6884,2025-09-30 15:00:00
130.0,123.36723,2025-09-30 15:00:00
105.5,71.01867,2025-09-30 15:00:00
113.0,118.208954,2025-09-30 15:00:00
90.0,172.20348,2025-09-30 15:00:00
129.0,128.71696,2025-09-30 16:00:00
135.0,164.6268,2025-09-30 16:00:00
105.25,72.48291,2025-09-30 16:00:00
94.0,142.86043,2025-09-30 16:00:00
136.0,140.66243,2025-09-30 16:00:00
134.0,104.9543,2025-09-30 17:00:00
110.75,72.97331,2025-09-30 17:00:00
171.0,131.64424,2025-09-30 17:00:00
87.0,132.61218,2025-09-30 17:00:00
168.0,163.44159,2025-09-30 17:00:00
256.0,127.228714,2025-09-30 18:00:00
96.5,143.6877,2025-09-30 18:00:00
153.0,105.898895,2025-09-30 18:00:00
103.25,66.87539,2025-09-30 18:00:00
269.0,168.88408,2025-09-30 18:00:00
429.0,175.50514,2025-09-30 19:00:00
95.5,116.20659,2025-09-30 19:00:00
208.0,132.34819,2025-09-30 19:00:00
107.75,75.7548,2025-09-30 19:00:00
180.0,115.87545,2025-09-30 19:00:00
343.0,180.43785,2025-09-30 20:00:00
127.75,128.74248,2025-09-30 20:00:00
183.0,110.82761,2025-09-30 20:00:00
278.0,160.78061,2025-09-30 20:00:00
113.5,75.4719,2025-09-30 20:00:00
276.0,177.45758,2025-09-30 21:00:00
159.25,85.50071,2025-09-30 21:00:00
168.25,115.45467,2025-09-30 21:00:00
417.0,138.50444,2025-09-30 21:00:00
207.0,112.198,2025-09-30 21:00:00
298.0,133.69963,2025-09-30 22:00:00
291.0,188.73375,2025-09-30 22:00:00
182.75,88.49602,2025-09-30 22:00:00
196.0,115.9466,2025-09-30 22:00:00
185.0,96.85778,2025-09-30 22:00:00
188.0,96.00231,2025-09-30 23:00:00
249.25,114.41574,2025-09-30 23:00:00
156.66666666666666,79.7468,2025-09-30 23:00:00
233.0,135.00311,2025-09-30 23:00:00
213.0,159.52109,2025-09-30 23:00:00
260.0,182.97574,2025-10-01 00:00:00
140.0,127.326385,2025-10-01 00:00:00
265.0,101.20489,2025-10-01 00:00:00
194.0,106.29322,2025-10-01 00:00:00
97.25,82.663635,2025-10-01 00:00:00
136.0,108.75078,2025-10-01 01:00:00
144.0,123.13547,2025-10-01 01:00:00
169.0,112.5549,2025-10-01 01:00:00
265.0,78.92198,2025-10-01 01:00:00
88.0,79.183716,2025-10-01 01:00:00
265.0,79.51399,2025-10-01 02:00:00
65.25,74.860596,2025-10-01 02:00:00
122.0,122.16446,2025-10-01 02:00:00
130.0,133.13817,2025-10-01 02:00:00
146.0,117.38927,2025-10-01 02:00:00
91.0,90.60257,2025-10-01 03:00:00
97.0,128.89635,2025-10-01 03:00:00
265.0,62.77609,2025-10-01 03:00:00
62.5,53.47046,2025-10-01 03:00:00
110.0,80.1137,2025-10-01 03:00:00
123.0,100.1189,2025-10-01 04:00:00
156.0,84.54921,2025-10-01 04:00:00
70.5,56.9649,2025-10-01 04:00:00
80.0,92.06481,2025-10-01 04:00:00
96.0,88.18351,2025-10-01 05:00:00
79.0,56.642227,2025-10-01 05:00:00
111.0,124.94819,2025-10-01 05:00:00
125.0,74.48831,2025-10-01 05:00:00
107.0,82.93875,2025-10-01 06:00:00
69.0,66.271576,2025-10-01 06:00:00
279.0,83.173386,2025-10-01 06:00:00
103.0,135.01192,2025-10-01 06:00:00
90.75,67.31283,2025-10-01 07:00:00
117.0,94.85951,2025-10-01 07:00:00
179.0,107.25485,2025-10-01 07:00:00
149.0,104.868286,2025-10-01 07:00:00
139.0,110.126175,2025-10-01 08:00:00
107.0,101.39179,2025-10-01 08:00:00
267.0,133.42268,2025-10-01 08:00:00
155.0,114.99533,2025-10-01 08:00:00
238.0,115.01927,2025-10-01 09:00:00
139.0,120.16848,2025-10-01 09:00:00
160.0,138.22116,2025-10-01 09:00:00
121.0,92.57324,2025-10-01 09:00:00
121.75,78.91161,2025-10-01 10:00:00
164.0,139.98892,2025-10-01 10:00:00
177.0,119.45634,2025-10-01 10:00:00
97.0,120.47756,2025-10-01 10:00:00
138.0,149.31638,2025-10-01 11:00:00
189.0,125.625984,2025-10-01 11:00:00
128.0,70.87304,2025-10-01 11:00:00
119.0,121.623726,2025-10-01 11:00:00
160.0,136.41234,2025-10-01 12:00:00
139.0,115.18634,2025-10-01 12:00:00
77.0,93.680435,2025-10-01 12:00:00
132.5,72.331245,2025-10-01 12:00:00
217.0,111.86554,2025-10-01 12:00:00
195.0,97.3503,2025-10-01 13:00:00
127.25,79.17317,2025-10-01 13:00:00
175.0,115.70145,2025-10-01 13:00:00
123.0,106.55391,2025-10-01 13:00:00
161.0,134.75818,2025-10-01 13:00:00
115.0,72.32772,2025-10-01 14:00:00
163.0,131.8906,2025-10-01 14:00:00
195.0,109.355736,2025-10-01 14:00:00
141.0,112.43936,2025-10-01 14:00:00
124.0,100.68719,2025-10-01 14:00:00
92.25,71.26025,2025-10-01 15:00:00
195.0,95.60912,2025-10-01 15:00:00
100.0,95.42746,2025-10-01 15:00:00
146.0,97.45049,2025-10-01 15:00:00
130.0,105.74084,2025-10-01 15:00:00
93.5,85.08743,2025-10-01 16:00:00
44.0,96.227104,2025-10-01 16:00:00
72.0,90.72363,2025-10-01 16:00:00
102.0,116.040886,2025-10-01 16:00:00
195.0,99.19662,2025-10-01 16:00:00
125.0,139.72728,2025-10-01 17:00:00
83.0,90.03545,2025-10-01 17:00:00
105.5,88.24051,2025-10-01 17:00:00
62.0,121.21646,2025-10-01 17:00:00
92.0,99.448074,2025-10-01 18:00:00
77.0,122.87208,2025-10-01 18:00:00
51.0,92.92651,2025-10-01 18:00:00
112.0,151.77136,2025-10-01 18:00:00
92.0,110.39896,2025-10-01 19:00:00
57.25,101.863335,2025-10-01 19:00:00
75.0,218.34875,2025-10-01 19:00:00
35.0,138.71855,2025-10-01 19:00:00
92.0,133.46999,2025-10-01 20:00:00
88.0,306.4946,2025-10-01 20:00:00
66.25,123.09467,2025-10-01 20:00:00
28.0,165.93947,2025-10-01 20:00:00
117.5,116.62302,2025-10-01 21:00:00
147.0,280.8555,2025-10-01 21:00:00
92.0,143.98203,2025-10-01 21:00:00
92.0,159.69582,2025-10-01 21:00:00
100.0,180.56975,2025-10-01 22:00:00
120.75,128.43286,2025-10-01 22:00:00
158.0,155.23077,2025-10-01 22:00:00
141.0,285.53656,2025-10-01 22:00:00
153.0,175.97568,2025-10-01 23:00:00
90.33333333333331,135.52647,2025-10-01 23:00:00
80.0,217.8598,2025-10-01 23:00:00
92.0,180.02641,2025-10-01 23:00:00
74.75,117.22211,2025-10-02 00:00:00
77.0,260.3405,2025-10-02 00:00:00
144.0,178.77614,2025-10-02 00:00:00
81.0,199.07188,2025-10-02 00:00:00
85.0,165.14606,2025-10-02 01:00:00
72.0,226.80812,2025-10-02 01:00:00
51.0,201.92332,2025-10-02 01:00:00
69.25,120.4724,2025-10-02 01:00:00
145.0,253.2588,2025-10-02 02:00:00
59.0,205.40913,2025-10-02 02:00:00
69.75,99.134476,2025-10-02 02:00:00
81.0,131.31602,2025-10-02 02:00:00
74.0,168.01431,2025-10-02 03:00:00
69.0,123.26421,2025-10-02 03:00:00
59.0,202.3725,2025-10-02 03:00:00
62.5,87.30945,2025-10-02 03:00:00
86.0,190.36497,2025-10-02 04:00:00
63.5,89.749855,2025-10-02 04:00:00
92.0,120.4154,2025-10-02 04:00:00
81.0,225.08438,2025-10-02 05:00:00
107.0,131.54393,2025-10-02 05:00:00
62.75,95.638245,2025-10-02 05:00:00
53.75,104.360275,2025-10-02 06:00:00
102.0,187.20918,2025-10-02 06:00:00
114.0,134.30505,2025-10-02 06:00:00
116.0,145.12419,2025-10-02 07:00:00
65.25,103.32766,2025-10-02 07:00:00
79.0,197.70914,2025-10-02 07:00:00
83.0,164.67874,2025-10-02 08:00:00
75.0,170.42159,2025-10-02 08:00:00
59.0,117.15237,2025-10-02 08:00:00
60.5,135.37837,2025-10-02 09:00:00
73.0,225.49841,2025-10-02 09:00:00
110.0,170.9447,2025-10-02 09:00:00
81.0,154.59004,2025-10-02 10:00:00
84.0,224.79535,2025-10-02 10:00:00
79.0,184.34787,2025-10-02 10:00:00
63.5,127.67366,2025-10-02 10:00:00
65.25,125.48845,2025-10-02 11:00:00
119.0,155.17218,2025-10-02 11:00:00
86.0,211.97249,2025-10-02 11:00:00
74.0,161.6955,2025-10-02 11:00:00
100.0,138.85799,2025-10-02 12:00:00
77.0,178.0212,2025-10-02 12:00:00
72.0,159.7959,2025-10-02 12:00:00
66.75,123.03579,2025-10-02 12:00:00
74.0,158.1892,2025-10-02 12:00:00
85.0,174.33588,2025-10-02 13:00:00
70.0,157.50122,2025-10-02 13:00:00
72.0,170.11914,2025-10-02 13:00:00
75.0,158.14035,2025-10-02 13:00:00
73.75,115.27485,2025-10-02 13:00:00
73.75,114.11443,2025-10-02 14:00:00
94.0,156.44856,2025-10-02 14:00:00
64.0,150.37352,2025-10-02 14:00:00
121.0,144.31013,2025-10-02 14:00:00
68.0,177.89778,2025-10-02 14:00:00
193.0,162.16197,2025-10-02 15:00:00
112.0,147.73201,2025-10-02 15:00:00
79.0,190.50246,2025-10-02 15:00:00
75.5,118.61618,2025-10-02 15:00:00
63.0,135.58253,2025-10-02 15:00:00
62.5,109.83566,2025-10-02 16:00:00
90.0,100.45541,2025-10-02 16:00:00
69.0,171.62929,2025-10-02 16:00:00
141.0,153.49947,2025-10-02 16:00:00
97.0,139.24113,2025-10-02 16:00:00
96.0,120.98916,2025-10-02 17:00:00
97.0,126.84499,2025-10-02 17:00:00
51.0,170.3911,2025-10-02 17:00:00
49.75,115.674545,2025-10-02 17:00:00
67.0,161.0445,2025-10-02 18:00:00
57.75,105.78874,2025-10-02 18:00:00
103.0,150.7932,2025-10-02 18:00:00
80.0,137.564,2025-10-02 18:00:00
112.0,135.3918,2025-10-02 19:00:00
86.0,149.02396,2025-10-02 19:00:00
97.0,166.66154,2025-10-02 19:00:00
74.5,104.55984,2025-10-02 19:00:00
103.5,108.53067,2025-10-02 20:00:00
210.0,179.03317,2025-10-02 20:00:00
124.0,151.15564,2025-10-02 20:00:00
169.0,133.62071,2025-10-02 20:00:00
145.0,141.54578,2025-10-02 21:00:00
246.0,212.45277,2025-10-02 21:00:00
107.75,121.26493,2025-10-02 21:00:00
243.0,148.42427,2025-10-02 21:00:00
112.0,127.112,2025-10-02 22:00:00
230.0,140.63924,2025-10-02 22:00:00
278.0,248.32397,2025-10-02 22:00:00
168.0,150.05087,2025-10-02 22:00:00
447.0,177.25313,2025-10-02 23:00:00
153.0,136.13174,2025-10-02 23:00:00
212.0,140.95398,2025-10-02 23:00:00
136.33333333333334,133.87807,2025-10-02 23:00:00
283.0,155.45784,2025-10-03 00:00:00
156.0,127.290535,2025-10-03 00:00:00
142.25,121.9871,2025-10-03 00:00:00
392.0,192.04045,2025-10-03 00:00:00
147.0,107.57645,2025-10-03 01:00:00
279.0,129.86589,2025-10-03 01:00:00
273.0,197.57368,2025-10-03 01:00:00
148.75,108.08394,2025-10-03 01:00:00
180.0,119.51775,2025-10-03 02:00:00
139.0,98.799545,2025-10-03 02:00:00
249.0,187.6483,2025-10-03 02:00:00
136.0,110.44299,2025-10-03 02:00:00
161.0,123.231804,2025-10-03 03:00:00
123.25,98.974846,2025-10-03 03:00:00
213.0,179.068,2025-10-03 03:00:00
114.0,103.68341,2025-10-03 03:00:00
133.0,95.64514,2025-10-03 04:00:00
163.0,112.78249,2025-10-03 04:00:00
108.0,97.262634,2025-10-03 04:00:00
186.0,178.01775,2025-10-03 04:00:00
121.0,102.4342,2025-10-03 05:00:00
371.0,170.4686,2025-10-03 05:00:00
168.0,110.3865,2025-10-03 05:00:00
143.25,92.316124,2025-10-03 05:00:00
180.0,140.66698,2025-10-03 06:00:00
340.0,163.17958,2025-10-03 06:00:00
104.5,96.473305,2025-10-03 06:00:00
122.0,111.123566,2025-10-03 06:00:00
211.0,140.31787,2025-10-03 07:00:00
219.0,171.63818,2025-10-03 07:00:00
136.0,110.52785,2025-10-03 07:00:00
104.0,103.57756,2025-10-03 07:00:00
157.0,132.52873,2025-10-03 08:00:00
235.0,145.6525,2025-10-03 08:00:00
191.0,143.57542,2025-10-03 08:00:00
171.0,99.195015,2025-10-03 08:00:00
262.0,165.28838,2025-10-03 09:00:00
207.0,100.95636,2025-10-03 09:00:00
196.0,118.92752,2025-10-03 09:00:00
226.0,149.06883,2025-10-03 09:00:00
158.0,166.70901,2025-10-03 10:00:00
107.0,138.74031,2025-10-03 10:00:00
239.0,163.49004,2025-10-03 10:00:00
130.5,101.012245,2025-10-03 10:00:00
207.0,152.14453,2025-10-03 10:00:00
114.0,158.02461,2025-10-03 11:00:00
106.0,134.62308,2025-10-03 11:00:00
207.0,166.78546,2025-10-03 11:00:00
78.75,96.5228,2025-10-03 11:00:00
127.0,165.99226,2025-10-03 11:00:00
117.0,166.71915,2025-10-03 12:00:00
78.25,99.04561,2025-10-03 12:00:00
112.0,118.05301,2025-10-03 12:00:00
106.0,142.54079,2025-10-03 12:00:00
114.0,174.65277,2025-10-03 12:00:00
117.0,169.32524,2025-10-03 13:00:00
94.0,114.08031,2025-10-03 13:00:00
136.0,160.48647,2025-10-03 13:00:00
102.0,139.41222,2025-10-03 13:00:00
80.0,101.469696,2025-10-03 13:00:00
102.0,134.1217,2025-10-03 14:00:00
111.0,155.75624,2025-10-03 14:00:00
152.0,153.07196,2025-10-03 14:00:00
103.0,112.43865,2025-10-03 14:00:00
82.75,101.9409,2025-10-03 14:00:00
80.25,98.95778,2025-10-03 15:00:00
97.0,124.65234,2025-10-03 15:00:00
90.0,103.92129,2025-10-03 15:00:00
143.0,164.2368,2025-10-03 15:00:00
125.0,174.48717,2025-10-03 15:00:00
74.75,94.81874,2025-10-03 16:00:00
133.0,184.43,2025-10-03 16:00:00
167.0,174.33234,2025-10-03 16:00:00
113.0,124.41108,2025-10-03 16:00:00
83.0,109.17577,2025-10-03 16:00:00
199.0,241.83974,2025-10-03 17:00:00
92.0,105.65024,2025-10-03 17:00:00
146.0,147.41783,2025-10-03 17:00:00
130.0,127.8754,2025-10-03 17:00:00
79.25,77.50053,2025-10-03 17:00:00
161.0,139.99805,2025-10-03 18:00:00
164.0,256.47714,2025-10-03 18:00:00
119.0,150.4176,2025-10-03 18:00:00
95.25,105.50805,2025-10-03 18:00:00
166.0,173.48984,2025-10-03 18:00:00
112.75,106.71906,2025-10-03 19:00:00
211.0,310.93597,2025-10-03 19:00:00
152.0,161.29366,2025-10-03 19:00:00
189.0,183.82935,2025-10-03 19:00:00
169.0,144.31256,2025-10-03 19:00:00
246.0,176.34726,2025-10-03 20:00:00
172.0,166.33635,2025-10-03 20:00:00
304.0,213.50217,2025-10-03 20:00:00
371.0,296.4292,2025-10-03 20:00:00
128.5,123.730865,2025-10-03 20:00:00
206.0,167.74402,2025-10-03 21:00:00
288.0,290.18088,2025-10-03 21:00:00
229.0,209.63481,2025-10-03 21:00:00
323.0,389.88217,2025-10-03 21:00:00
152.5,127.901726,2025-10-03 21:00:00
141.0,131.16516,2025-10-03 22:00:00
216.0,165.34604,2025-10-03 22:00:00
224.0,329.5868,2025-10-03 22:00:00
268.0,311.86252,2025-10-03 22:00:00
218.0,256.4494,2025-10-03 22:00:00
306.0,338.0868,2025-10-03 23:00:00
235.0,373.50894,2025-10-03 23:00:00
205.0,158.40329,2025-10-03 23:00:00
125.33333333333331,146.59924,2025-10-03 23:00:00
215.0,201.33414,2025-10-03 23:00:00
124.0,128.19438,2025-10-04 00:00:00
232.0,216.7806,2025-10-04 00:00:00
190.0,119.43888,2025-10-04 00:00:00
216.0,239.80177,2025-10-04 00:00:00
276.0,400.31818,2025-10-04 00:00:00
357.0,214.43466,2025-10-04 01:00:00
266.0,346.50903,2025-10-04 01:00:00
175.0,229.76381,2025-10-04 01:00:00
141.75,138.94173,2025-10-04 01:00:00
161.0,127.146965,2025-10-04 01:00:00
167.0,188.18835,2025-10-04 02:00:00
139.5,127.04562,2025-10-04 02:00:00
150.25,136.5086,2025-10-04 02:00:00
267.0,337.22275,2025-10-04 02:00:00
189.0,169.97299,2025-10-04 02:00:00
126.0,121.03632,2025-10-04 03:00:00
248.0,223.44199,2025-10-04 03:00:00
197.0,207.13809,2025-10-04 03:00:00
173.0,153.99612,2025-10-04 03:00:00
148.5,122.45928,2025-10-04 03:00:00
147.75,119.70728,2025-10-04 04:00:00
123.0,127.83119,2025-10-04 04:00:00
162.0,193.26393,2025-10-04 04:00:00
227.0,155.2445,2025-10-04 04:00:00
208.0,238.25827,2025-10-04 04:00:00
126.25,124.249794,2025-10-04 05:00:00
156.0,189.03482,2025-10-04 05:00:00
163.25,115.711296,2025-10-04 05:00:00
244.0,187.77249,2025-10-04 05:00:00
182.0,135.45573,2025-10-04 05:00:00
224.0,338.35425,2025-10-04 06:00:00
160.0,214.28726,2025-10-04 06:00:00
183.0,161.87234,2025-10-04 06:00:00
173.5,124.85303,2025-10-04 06:00:00
121.75,121.49491,2025-10-04 06:00:00
145.0,158.17462,2025-10-04 07:00:00
113.75,124.36074,2025-10-04 07:00:00
207.0,386.01257,2025-10-04 07:00:00
177.0,292.5903,2025-10-04 07:00:00
165.25,126.00324,2025-10-04 07:00:00
294.0,228.56354,2025-10-04 08:00:00
141.0,207.6097,2025-10-04 08:00:00
93.0,132.91644,2025-10-04 08:00:00
125.25,151.02814,2025-10-04 08:00:00
145.0,334.86145,2025-10-04 08:00:00
119.0,227.66074,2025-10-04 09:00:00
71.0,133.27185,2025-10-04 09:00:00
179.0,233.30742,2025-10-04 09:00:00
99.5,175.56807,2025-10-04 09:00:00
152.0,295.73477,2025-10-04 09:00:00
97.0,193.56947,2025-10-04 10:00:00
60.5,122.23895,2025-10-04 10:00:00
108.0,255.23425,2025-10-04 10:00:00
71.0,169.30888,2025-10-04 10:00:00
141.0,204.7667,2025-10-04 10:00:00
69.75,148.52336,2025-10-04 11:00:00
83.0,140.98534,2025-10-04 11:00:00
118.0,173.96109,2025-10-04 11:00:00
77.0,109.43847,2025-10-04 11:00:00
124.0,235.16089,2025-10-04 11:00:00
144.0,129.07773,2025-10-04 12:00:00
206.0,168.57036,2025-10-04 12:00:00
90.75,139.93024,2025-10-04 12:00:00
111.25,96.77414,2025-10-04 12:00:00
111.0,161.97981,2025-10-04 12:00:00
151.0,158.05238,2025-10-04 13:00:00
196.0,120.24904,2025-10-04 13:00:00
188.0,185.68665,2025-10-04 13:00:00
106.75,88.46821,2025-10-04 13:00:00
142.75,117.009315,2025-10-04 13:00:00
180.0,116.88675,2025-10-04 14:00:00
161.0,109.1785,2025-10-04 14:00:00
177.0,106.389824,2025-10-04 14:00:00
105.0,86.61666,2025-10-04 14:00:00
265.0,183.10995,2025-10-04 14:00:00
178.0,109.25381,2025-10-04 15:00:00
110.25,83.601974,2025-10-04 15:00:00
116.25,98.93789,2025-10-04 15:00:00
232.0,197.33795,2025-10-04 15:00:00
134.0,143.40826,2025-10-04 15:00:00
239.0,189.98135,2025-10-04 16:00:00
113.0,88.48397,2025-10-04 16:00:00
138.0,136.4393,2025-10-04 16:00:00
139.0,117.08496,2025-10-04 16:00:00
102.5,91.376465,2025-10-04 16:00:00
100.5,99.78387,2025-10-04 17:00:00
217.0,180.09055,2025-10-04 17:00:00
96.25,106.133804,2025-10-04 17:00:00
172.0,181.54153,2025-10-04 17:00:00
117.0,126.07619,2025-10-04 17:00:00
87.25,123.83415,2025-10-04 18:00:00
182.0,210.77751,2025-10-04 18:00:00
122.0,153.34038,2025-10-04 18:00:00
235.0,241.70825,2025-10-04 18:00:00
107.5,144.42726,2025-10-04 18:00:00
133.0,153.28613,2025-10-04 19:00:00
97.0,132.23262,2025-10-04 19:00:00
183.0,173.46263,2025-10-04 19:00:00
400.0,269.5044,2025-10-04 19:00:00
328.0,281.15033,2025-10-04 19:00:00
108.5,135.79407,2025-10-04 20:00:00
498.0,303.58716,2025-10-04 20:00:00
198.5,178.61095,2025-10-04 20:00:00
237.0,214.3488,2025-10-04 20:00:00
591.0,412.4414,2025-10-04 20:00:00
119.75,141.01817,2025-10-04 21:00:00
354.0,367.61078,2025-10-04 21:00:00
250.0,268.01303,2025-10-04 21:00:00
381.0,355.0238,2025-10-04 21:00:00
197.75,203.7487,2025-10-04 21:00:00
438.0,408.19547,2025-10-04 22:00:00
622.0,332.2937,2025-10-04 22:00:00
287.0,252.7311,2025-10-04 22:00:00
128.75,144.40988,2025-10-04 22:00:00
224.0,219.24216,2025-10-04 22:00:00
135.66666666666666,153.7819,2025-10-04 23:00:00
204.25,218.98589,2025-10-04 23:00:00
251.0,395.4405,2025-10-04 23:00:00
465.0,347.5753,2025-10-04 23:00:00
283.0,261.38763,2025-10-04 23:00:00
93.75,144.12033,2025-10-05 00:00:00
208.0,284.97168,2025-10-05 00:00:00
365.0,371.32065,2025-10-05 00:00:00
206.0,197.78082,2025-10-05 00:00:00
172.0,253.9178,2025-10-05 00:00:00
99.0,168.45912,2025-10-05 01:00:00
123.0,214.40034,2025-10-05 01:00:00
36.75,139.4933,2025-10-05 01:00:00
69.0,323.00827,2025-10-05 01:00:00
216.0,376.78696,2025-10-05 01:00:00
20.0,203.7728,2025-10-05 02:00:00
28.25,163.27287,2025-10-05 02:00:00
62.0,359.68555,2025-10-05 02:00:00
31.0,243.41957,2025-10-05 02:00:00
21.0,129.3525,2025-10-05 02:00:00
25.0,224.75183,2025-10-05 03:00:00
19.0,114.34707,2025-10-05 03:00:00
28.0,197.26224,2025-10-05 03:00:00
52.0,382.0353,2025-10-05 03:00:00
20.75,127.42286,2025-10-05 03:00:00
18.25,122.40834,2025-10-05 04:00:00
61.0,316.4412,2025-10-05 04:00:00
27.0,177.91765,2025-10-05 04:00:00
28.0,166.94447,2025-10-05 04:00:00
26.5,132.23135,2025-10-05 04:00:00
19.0,158.82133,2025-10-05 05:00:00
37.75,134.83516,2025-10-05 05:00:00
22.0,151.7679,2025-10-05 05:00:00
72.0,323.49475,2025-10-05 05:00:00
28.25,115.493744,2025-10-05 05:00:00
73.0,261.42358,2025-10-05 06:00:00
64.0,154.1668,2025-10-05 06:00:00
41.75,142.9993,2025-10-05 06:00:00
31.0,180.8371,2025-10-05 06:00:00
53.75,109.20216,2025-10-05 06:00:00
30.0,206.89105,2025-10-05 07:00:00
124.0,279.33105,2025-10-05 07:00:00
54.0,174.55943,2025-10-05 07:00:00
59.0,184.00093,2025-10-05 07:00:00
54.0,126.126274,2025-10-05 07:00:00
49.0,176.39648,2025-10-05 08:00:00
102.0,363.12256,2025-10-05 08:00:00
38.0,207.87213,2025-10-05 08:00:00
59.75,143.11523,2025-10-05 08:00:00
79.0,211.0243,2025-10-05 08:00:00
99.0,296.3287,2025-10-05 09:00:00
77.75,137.44736,2025-10-05 09:00:00
69.0,193.13081,2025-10-05 09:00:00
48.0,207.98529,2025-10-05 09:00:00
49.75,169.88293,2025-10-05 09:00:00
71.25,139.24686,2025-10-05 10:00:00
99.0,181.05592,2025-10-05 10:00:00
88.0,124.598015,2025-10-05 10:00:00
86.0,160.6802,2025-10-05 10:00:00
129.0,238.2424,2025-10-05 10:00:00
105.0,146.60257,2025-10-05 11:00:00
82.0,130.70486,2025-10-05 11:00:00
164.0,191.54892,2025-10-05 11:00:00
178.0,161.50177,2025-10-05 11:00:00
83.25,111.77677,2025-10-05 11:00:00
164.0,221.1537,2025-10-05 12:00:00
82.0,130.71335,2025-10-05 12:00:00
102.0,168.43636,2025-10-05 12:00:00
152.0,145.86569,2025-10-05 12:00:00
123.0,129.11456,2025-10-05 12:00:00
81.25,113.9185,2025-10-05 13:00:00
123.0,231.63135,2025-10-05 13:00:00
119.0,147.2604,2025-10-05 13:00:00
123.0,133.36246,2025-10-05 13:00:00
151.0,152.83209,2025-10-05 13:00:00
44.0,154.00583,2025-10-05 14:00:00
118.0,250.94838,2025-10-05 14:00:00
52.25,109.60183,2025-10-05 14:00:00
50.0,158.708,2025-10-05 14:00:00
81.0,135.27773,2025-10-05 14:00:00
64.0,263.5689,2025-10-05 15:00:00
42.0,139.66829,2025-10-05 15:00:00
51.5,112.08797,2025-10-05 15:00:00
69.0,162.01414,2025-10-05 15:00:00
45.0,125.66257,2025-10-05 15:00:00
48.0,141.4737,2025-10-05 16:00:00
57.0,281.43304,2025-10-05 16:00:00
53.5,111.78529,2025-10-05 16:00:00
52.0,123.762856,2025-10-05 16:00:00
45.0,146.45882,2025-10-05 16:00:00
92.0,136.10368,2025-10-05 17:00:00
64.0,261.99457,2025-10-05 17:00:00
52.0,175.62723,2025-10-05 17:00:00
72.0,123.89387,2025-10-05 17:00:00
48.25,117.21925,2025-10-05 17:00:00
62.0,262.05896,2025-10-05 18:00:00
81.0,135.0491,2025-10-05 18:00:00
46.5,124.547455,2025-10-05 18:00:00
36.0,179.71814,2025-10-05 18:00:00
56.0,130.9733,2025-10-05 18:00:00
67.0,362.8508,2025-10-05 19:00:00
50.5,128.44107,2025-10-05 19:00:00
55.0,282.0396,2025-10-05 19:00:00
129.0,148.499,2025-10-05 19:00:00
69.0,175.75993,2025-10-05 19:00:00
54.0,148.20262,2025-10-05 20:00:00
64.0,379.07742,2025-10-05 20:00:00
121.0,206.2852,2025-10-05 20:00:00
90.0,465.5679,2025-10-05 20:00:00
81.0,181.59102,2025-10-05 20:00:00
51.75,146.02963,2025-10-05 21:00:00
64.0,366.45483,2025-10-05 21:00:00
88.0,208.32843,2025-10-05 21:00:00
111.0,248.81352,2025-10-05 21:00:00
72.0,510.65842,2025-10-05 21:00:00
150.0,263.49152,2025-10-05 22:00:00
62.0,355.32944,2025-10-05 22:00:00
72.0,229.3017,2025-10-05 22:00:00
88.0,584.3471,2025-10-05 22:00:00
65.75,158.99518,2025-10-05 22:00:00
110.0,309.2008,2025-10-05 23:00:00
72.0,172.78024,2025-10-05 23:00:00
56.0,344.38965,2025-10-05 23:00:00
66.0,211.88086,2025-10-05 23:00:00
97.0,532.3619,2025-10-05 23:00:00
95.0,599.4809,2025-10-06 00:00:00
102.0,256.2575,2025-10-06 00:00:00
66.0,206.11868,2025-10-06 00:00:00
65.75,164.11472,2025-10-06 00:00:00
48.0,220.0344,2025-10-06 00:00:00
72.25,148.21944,2025-10-06 01:00:00
58.0,182.50615,2025-10-06 01:00:00
58.0,383.05103,2025-10-06 01:00:00
41.0,148.00212,2025-10-06 01:00:00
75.0,199.16914,2025-10-06 01:00:00
36.0,109.993935,2025-10-06 02:00:00
48.0,252.95059,2025-10-06 02:00:00
55.0,97.49797,2025-10-06 02:00:00
55.25,104.11463,2025-10-06 02:00:00
38.0,128.45651,2025-10-06 02:00:00
78.0,209.74156,2025-10-06 03:00:00
38.0,92.10446,2025-10-06 03:00:00
36.0,120.634476,2025-10-06 03:00:00
40.0,139.11334,2025-10-06 03:00:00
41.0,82.89631,2025-10-06 03:00:00
66.0,151.27405,2025-10-06 04:00:00
31.0,106.94314,2025-10-06 04:00:00
36.0,99.37412,2025-10-06 04:00:00
46.0,108.65235,2025-10-06 04:00:00
44.0,116.26285,2025-10-06 04:00:00
32.5,82.95273,2025-10-06 05:00:00
45.0,168.63641,2025-10-06 05:00:00
44.0,116.82855,2025-10-06 05:00:00
22.0,107.76856,2025-10-06 05:00:00
27.0,108.78288,2025-10-06 05:00:00
25.0,152.59468,2025-10-06 06:00:00
7.0,118.57216,2025-10-06 06:00:00
23.5,99.49187,2025-10-06 06:00:00
22.0,196.91455,2025-10-06 06:00:00
29.0,128.04947,2025-10-06 06:00:00
32.0,101.32119,2025-10-06 07:00:00
24.0,217.80103,2025-10-06 07:00:00
16.0,128.66139,2025-10-06 07:00:00
18.0,119.45146,2025-10-06 07:00:00
7.0,163.1484,2025-10-06 07:00:00
22.0,192.19783,2025-10-06 08:00:00
33.0,215.25162,2025-10-06 08:00:00
37.75,118.55115,2025-10-06 08:00:00
16.0,151.8496,2025-10-06 08:00:00
23.0,204.55756,2025-10-06 08:00:00
23.0,196.67946,2025-10-06 09:00:00
16.0,154.16428,2025-10-06 09:00:00
22.0,194.4038,2025-10-06 09:00:00
36.0,268.23798,2025-10-06 09:00:00
42.75,123.108894,2025-10-06 09:00:00
25.0,270.94727,2025-10-06 10:00:00
14.0,164.70142,2025-10-06 10:00:00
35.0,193.76508,2025-10-06 10:00:00
50.75,140.08559,2025-10-06 10:00:00
30.0,189.57901,2025-10-06 10:00:00
45.0,202.7412,2025-10-06 11:00:00
14.0,170.71829,2025-10-06 11:00:00
52.0,235.20511,2025-10-06 11:00:00
51.0,125.238655,2025-10-06 11:00:00
47.0,176.15906,2025-10-06 11:00:00
48.0,130.8506,2025-10-06 12:00:00
43.0,94.815704,2025-10-06 12:00:00
68.0,155.84221,2025-10-06 12:00:00
31.0,127.80479,2025-10-06 12:00:00
50.0,160.71312,2025-10-06 12:00:00
42.0,137.19678,2025-10-06 13:00:00
106.0,157.54477,2025-10-06 13:00:00
46.0,152.17613,2025-10-06 13:00:00
51.25,103.1663,2025-10-06 13:00:00
51.0,137.8652,2025-10-06 13:00:00
50.0,131.65758,2025-10-06 14:00:00
59.75,95.229904,2025-10-06 14:00:00
123.0,129.45616,2025-10-06 14:00:00
48.0,162.8729,2025-10-06 14:00:00
58.0,115.40331,2025-10-06 14:00:00
52.0,128.7272,2025-10-06 15:00:00
86.0,146.32553,2025-10-06 15:00:00
155.0,138.47377,2025-10-06 15:00:00
49.25,86.899376,2025-10-06 15:00:00
81.0,109.99308,2025-10-06 15:00:00
40.0,74.88217,2025-10-06 16:00:00
45.0,105.284874,2025-10-06 16:00:00
139.0,121.032326,2025-10-06 16:00:00
67.0,151.43045,2025-10-06 16:00:00
90.0,108.467896,2025-10-06 16:00:00
35.0,120.28289,2025-10-06 17:00:00
33.0,109.57296,2025-10-06 17:00:00
114.0,162.3558,2025-10-06 17:00:00
38.0,112.0629,2025-10-06 17:00:00
22.0,74.98207,2025-10-06 17:00:00
40.0,116.4376,2025-10-06 18:00:00
19.0,112.20544,2025-10-06 18:00:00
16.0,123.8,2025-10-06 18:00:00
36.0,174.82727,2025-10-06 18:00:00
11.25,73.28193,2025-10-06 18:00:00
18.0,123.57354,2025-10-06 19:00:00
16.5,74.16586,2025-10-06 19:00:00
48.0,217.82178,2025-10-06 19:00:00
17.0,135.81432,2025-10-06 19:00:00
31.0,124.29849,2025-10-06 19:00:00
22.0,114.507545,2025-10-06 20:00:00
39.0,204.83199,2025-10-06 20:00:00
27.75,81.04459,2025-10-06 20:00:00
51.0,109.96194,2025-10-06 20:00:00
29.0,162.22572,2025-10-06 20:00:00
69.0,133.651,2025-10-06 21:00:00
44.75,87.22536,2025-10-06 21:00:00
64.0,210.35667,2025-10-06 21:00:00
22.0,113.93203,2025-10-06 21:00:00
29.0,131.39151,2025-10-06 21:00:00
40.0,104.08041,2025-10-06 22:00:00
79.0,256.6227,2025-10-06 22:00:00
52.0,131.80518,2025-10-06 22:00:00
61.0,171.05328,2025-10-06 22:00:00
89.0,112.81239,2025-10-06 22:00:00
68.0,89.52856,2025-10-06 23:00:00
73.0,121.3258,2025-10-06 23:00:00
66.0,140.08118,2025-10-06 23:00:00
190.0,216.13634,2025-10-06 23:00:00
97.66666666666669,68.84606,2025-10-06 23:00:00
68.0,106.95201,2025-10-07 00:00:00
77.0,174.91583,2025-10-07 00:00:00
60.0,82.49448,2025-10-07 00:00:00
59.25,90.61018,2025-10-07 00:00:00
97.0,132.5056,2025-10-07 00:00:00
66.0,112.671005,2025-10-07 01:00:00
40.0,175.15732,2025-10-07 01:00:00
77.0,126.30276,2025-10-07 01:00:00
46.5,93.78327,2025-10-07 01:00:00
53.0,89.576904,2025-10-07 01:00:00
47.0,82.733826,2025-10-07 02:00:00
44.0,96.42273,2025-10-07 02:00:00
39.5,74.774864,2025-10-07 02:00:00
62.0,121.583694,2025-10-07 02:00:00
42.0,185.99268,2025-10-07 02:00:00
47.0,67.34848,2025-10-07 03:00:00
51.0,107.7461,2025-10-07 03:00:00
53.0,94.42057,2025-10-07 03:00:00
47.0,75.90782,2025-10-07 03:00:00
61.0,191.83557,2025-10-07 03:00:00
62.0,143.80737,2025-10-07 04:00:00
62.0,100.507256,2025-10-07 04:00:00
60.0,101.28858,2025-10-07 04:00:00
48.25,101.7846,2025-10-07 04:00:00
79.0,178.92679,2025-10-07 04:00:00
70.0,104.42862,2025-10-07 05:00:00
66.0,119.81757,2025-10-07 05:00:00
100.0,161.65605,2025-10-07 05:00:00
83.0,149.81267,2025-10-07 05:00:00
58.0,96.092514,2025-10-07 05:00:00
60.75,101.63203,2025-10-07 06:00:00
76.0,107.49465,2025-10-07 06:00:00
73.0,132.74564,2025-10-07 06:00:00
86.0,144.74236,2025-10-07 06:00:00
125.0,191.48993,2025-10-07 06:00:00
88.0,159.11009,2025-10-07 07:00:00
74.0,162.35153,2025-10-07 07:00:00
83.0,110.33162,2025-10-07 07:00:00
132.0,219.46722,2025-10-07 07:00:00
61.25,99.85798,2025-10-07 07:00:00
86.0,152.89317,2025-10-07 08:00:00
174.0,183.44505,2025-10-07 08:00:00
67.25,113.00111,2025-10-07 08:00:00
62.0,143.51135,2025-10-07 08:00:00
87.0,103.64158,2025-10-07 08:00:00
72.0,151.82729,2025-10-07 09:00:00
86.0,167.395,2025-10-07 09:00:00
66.75,111.95361,2025-10-07 09:00:00
75.0,107.89998,2025-10-07 09:00:00
133.0,186.88022,2025-10-07 09:00:00
85.0,142.38594,2025-10-07 10:00:00
75.0,104.04121,2025-10-07 10:00:00
67.5,113.3708,2025-10-07 10:00:00
100.0,154.84352,2025-10-07 10:00:00
72.0,166.05128,2025-10-07 10:00:00
77.0,119.89029,2025-10-07 11:00:00
92.0,192.1253,2025-10-07 11:00:00
86.0,147.47675,2025-10-07 11:00:00
112.0,189.08548,2025-10-07 11:00:00
92.0,174.24023,2025-10-07 11:00:00
75.5,76.994995,2025-10-07 12:00:00
87.0,101.58387,2025-10-07 12:00:00
92.0,159.56012,2025-10-07 12:00:00
102.0,147.3842,2025-10-07 12:00:00
97.0,114.04023,2025-10-07 12:00:00
73.25,78.146904,2025-10-07 13:00:00
90.0,128.851,2025-10-07 13:00:00
121.0,148.04382,2025-10-07 13:00:00
101.0,100.346695,2025-10-07 13:00:00
111.0,184.31567,2025-10-07 13:00:00
128.0,149.46027,2025-10-07 14:00:00
73.0,130.4833,2025-10-07 14:00:00
94.0,98.014946,2025-10-07 14:00:00
135.0,171.7764,2025-10-07 14:00:00
70.5,75.680435,2025-10-07 14:00:00
60.25,60.891068,2025-10-07 15:00:00
147.0,123.920135,2025-10-07 15:00:00
68.0,75.25085,2025-10-07 15:00:00
147.0,144.89551,2025-10-07 15:00:00
79.0,106.86245,2025-10-07 15:00:00
59.75,50.94462,2025-10-07 16:00:00
132.0,128.01135,2025-10-07 16:00:00
202.0,136.68266,2025-10-07 16:00:00
58.0,68.401726,2025-10-07 16:00:00
86.0,107.21923,2025-10-07 16:00:00
76.0,92.58131,2025-10-07 17:00:00
149.0,161.0701,2025-10-07 17:00:00
60.75,61.591587,2025-10-07 17:00:00
107.0,111.07048,2025-10-07 17:00:00
144.0,126.63519,2025-10-07 17:00:00
64.5,63.834347,2025-10-07 18:00:00
184.0,159.5692,2025-10-07 18:00:00
84.0,80.96474,2025-10-07 18:00:00
103.0,108.042,2025-10-07 18:00:00
193.0,119.35478,2025-10-07 18:00:00
67.5,65.606766,2025-10-07 19:00:00
178.0,138.47589,2025-10-07 19:00:00
117.0,120.135925,2025-10-07 19:00:00
101.0,89.212036,2025-10-07 19:00:00
125.0,145.49246,2025-10-07 19:00:00
90.25,64.29536,2025-10-07 20:00:00
132.0,88.34287,2025-10-07 20:00:00
168.0,123.39726,2025-10-07 20:00:00
190.0,140.94194,2025-10-07 20:00:00
174.0,115.904915,2025-10-07 20:00:00
174.0,181.04878,2025-10-07 21:00:00
215.0,133.03612,2025-10-07 21:00:00
102.25,61.813652,2025-10-07 21:00:00
174.0,131.10086,2025-10-07 21:00:00
132.0,80.30416,2025-10-07 21:00:00
99.0,116.35624,2025-10-07 22:00:00
111.0,163.60896,2025-10-07 22:00:00
86.0,97.498055,2025-10-07 22:00:00
164.0,166.7228,2025-10-07 22:00:00
108.0,178.15253,2025-10-07 22:00:00
150.0,155.02171,2025-10-07 23:00:00
141.0,156.41757,2025-10-07 23:00:00
65.0,131.05457,2025-10-07 23:00:00
75.66666666666667,105.16127,2025-10-07 23:00:00
89.0,227.38144,2025-10-07 23:00:00
125.0,169.7941,2025-10-08 00:00:00
144.0,167.2235,2025-10-08 00:00:00
130.0,205.9399,2025-10-08 00:00:00
70.0,117.13779,2025-10-08 00:00:00
76.0,104.762955,2025-10-08 00:00:00
77.0,100.88418,2025-10-08 01:00:00
64.25,74.2297,2025-10-08 01:00:00
130.0,181.55324,2025-10-08 01:00:00
132.0,148.16823,2025-10-08 01:00:00
114.0,166.36009,2025-10-08 01:00:00
107.0,102.53869,2025-10-08 02:00:00
81.0,72.85025,2025-10-08 02:00:00
77.0,165.61282,2025-10-08 02:00:00
97.0,149.91379,2025-10-08 02:00:00
54.5,63.45219,2025-10-08 02:00:00
48.5,60.178596,2025-10-08 03:00:00
87.0,73.72659,2025-10-08 03:00:00
84.0,149.93881,2025-10-08 03:00:00
105.0,107.62945,2025-10-08 03:00:00
58.0,155.8157,2025-10-08 03:00:00
81.0,157.0096,2025-10-08 04:00:00
103.0,100.17054,2025-10-08 04:00:00
53.5,59.315594,2025-10-08 04:00:00
68.0,59.884205,2025-10-08 04:00:00
101.0,142.74837,2025-10-08 04:00:00
76.0,67.06083,2025-10-08 05:00:00
103.0,90.170975,2025-10-08 05:00:00
65.5,54.61415,2025-10-08 05:00:00
152.0,147.81383,2025-10-08 05:00:00
103.0,135.18837,2025-10-08 05:00:00
88.0,75.24278,2025-10-08 06:00:00
72.25,56.90674,2025-10-08 06:00:00
125.0,144.50467,2025-10-08 06:00:00
116.0,124.122025,2025-10-08 06:00:00
97.0,92.63272,2025-10-08 06:00:00
135.0,172.62799,2025-10-08 07:00:00
217.0,123.006714,2025-10-08 07:00:00
94.5,55.609264,2025-10-08 07:00:00
175.0,108.75695,2025-10-08 07:00:00
87.0,85.536446,2025-10-08 07:00:00
123.0,177.01602,2025-10-08 08:00:00
101.0,96.180954,2025-10-08 08:00:00
212.0,116.815025,2025-10-08 08:00:00
107.0,67.00285,2025-10-08 08:00:00
166.0,111.98256,2025-10-08 08:00:00
200.0,125.19921,2025-10-08 09:00:00
100.25,66.578186,2025-10-08 09:00:00
122.0,98.282135,2025-10-08 09:00:00
141.0,112.78937,2025-10-08 09:00:00
134.0,200.86774,2025-10-08 09:00:00
149.0,134.0593,2025-10-08 10:00:00
129.0,112.18424,2025-10-08 10:00:00
110.0,93.320946,2025-10-08 10:00:00
85.75,75.05944,2025-10-08 10:00:00
147.0,193.23761,2025-10-08 10:00:00
119.0,119.82189,2025-10-08 11:00:00
90.5,76.135216,2025-10-08 11:00:00
156.0,126.54951,2025-10-08 11:00:00
101.0,112.2161,2025-10-08 11:00:00
122.0,155.4097,2025-10-08 11:00:00
133.0,122.73392,2025-10-08 12:00:00
114.0,145.44632,2025-10-08 12:00:00
74.25,90.37568,2025-10-08 12:00:00
111.0,102.52231,2025-10-08 12:00:00
95.0,116.05968,2025-10-08 12:00:00
102.0,124.96444,2025-10-08 13:00:00
119.0,99.48712,2025-10-08 13:00:00
105.0,172.92139,2025-10-08 13:00:00
146.0,141.4206,2025-10-08 13:00:00
68.75,91.484924,2025-10-08 13:00:00
92.0,117.70694,2025-10-08 14:00:00
72.5,87.27865,2025-10-08 14:00:00
74.0,109.48446,2025-10-08 14:00:00
118.0,129.48979,2025-10-08 14:00:00
112.0,156.0649,2025-10-08 14:00:00
127.0,132.25008,2025-10-08 15:00:00
53.0,100.94278,2025-10-08 15:00:00
111.0,157.33284,2025-10-08 15:00:00
67.25,74.70469,2025-10-08 15:00:00
108.0,120.48013,2025-10-08 15:00:00
164.0,113.37504,2025-10-08 16:00:00
72.0,66.32083,2025-10-08 16:00:00
69.75,85.326035,2025-10-08 16:00:00
106.0,102.11138,2025-10-08 16:00:00
111.0,153.80392,2025-10-08 16:00:00
75.5,62.848927,2025-10-08 17:00:00
112.0,112.4055,2025-10-08 17:00:00
84.25,90.55105,2025-10-08 17:00:00
127.0,105.07043,2025-10-08 17:00:00
121.0,138.92282,2025-10-08 17:00:00
138.0,167.40979,2025-10-08 18:00:00
166.0,124.14425,2025-10-08 18:00:00
113.0,101.61457,2025-10-08 18:00:00
92.25,110.88731,2025-10-08 18:00:00
77.75,69.79169,2025-10-08 18:00:00
107.5,115.51256,2025-10-08 19:00:00
226.0,162.98514,2025-10-08 19:00:00
127.0,141.85619,2025-10-08 19:00:00
157.0,119.38129,2025-10-08 19:00:00
95.75,88.519615,2025-10-08 19:00:00
233.0,150.55722,2025-10-08 20:00:00
152.0,180.69499,2025-10-08 20:00:00
139.75,125.21459,2025-10-08 20:00:00
249.0,196.18704,2025-10-08 20:00:00
141.25,95.9945,2025-10-08 20:00:00
294.0,211.70535,2025-10-08 21:00:00
229.0,228.95491,2025-10-08 21:00:00
178.25,106.36647,2025-10-08 21:00:00
295.0,160.44662,2025-10-08 21:00:00
187.25,143.63336,2025-10-08 21:00:00
170.25,105.584465,2025-10-08 22:00:00
268.0,197.31165,2025-10-08 22:00:00
231.5,134.55237,2025-10-08 22:00:00
299.0,175.54422,2025-10-08 22:00:00
295.0,143.23218,2025-10-08 22:00:00
266.0,206.58875,2025-10-08 23:00:00
247.25,124.64516,2025-10-08 23:00:00
153.0,104.36164,2025-10-08 23:00:00
252.0,153.41785,2025-10-08 23:00:00
276.0,180.04437,2025-10-08 23:00:00
271.0,220.41635,2025-10-09 00:00:00
249.0,145.69023,2025-10-09 00:00:00
236.25,121.082825,2025-10-09 00:00:00
245.0,146.91397,2025-10-09 00:00:00
147.5,115.11033,2025-10-09 00:00:00
305.0,196.38293,2025-10-09 01:00:00
237.0,154.8508,2025-10-09 01:00:00
223.0,134.21306,2025-10-09 01:00:00
131.25,108.501526,2025-10-09 01:00:00
220.75,119.15217,2025-10-09 01:00:00
194.0,150.48225,2025-10-09 02:00:00
211.75,124.68133,2025-10-09 02:00:00
222.0,210.08885,2025-10-09 02:00:00
194.0,146.14647,2025-10-09 02:00:00
111.0,92.920456,2025-10-09 02:00:00
201.0,147.8338,2025-10-09 03:00:00
189.0,181.85573,2025-10-09 03:00:00
103.25,92.4661,2025-10-09 03:00:00
158.0,135.6097,2025-10-09 03:00:00
193.5,128.32332,2025-10-09 03:00:00
108.0,88.18278,2025-10-09 04:00:00
185.0,124.341255,2025-10-09 04:00:00
230.0,156.06424,2025-10-09 04:00:00
153.0,142.12614,2025-10-09 04:00:00
155.75,119.275604,2025-10-09 04:00:00
205.0,123.88846,2025-10-09 05:00:00
224.0,116.12557,2025-10-09 05:00:00
240.0,183.16635,2025-10-09 05:00:00
137.25,91.910416,2025-10-09 05:00:00
133.75,113.70699,2025-10-09 05:00:00
140.5,120.59095,2025-10-09 06:00:00
156.75,86.58523,2025-10-09 06:00:00
246.0,127.114845,2025-10-09 06:00:00
210.0,198.06068,2025-10-09 06:00:00
202.0,145.11418,2025-10-09 06:00:00
235.0,219.2771,2025-10-09 07:00:00
224.0,177.62263,2025-10-09 07:00:00
158.25,130.5842,2025-10-09 07:00:00
169.0,107.57193,2025-10-09 07:00:00
274.0,179.96924,2025-10-09 07:00:00
271.0,213.18715,2025-10-09 08:00:00
182.5,144.49173,2025-10-09 08:00:00
229.0,152.43079,2025-10-09 08:00:00
300.0,183.18776,2025-10-09 08:00:00
164.75,110.83354,2025-10-09 08:00:00
232.0,152.04533,2025-10-09 09:00:00
324.0,174.77641,2025-10-09 09:00:00
201.0,153.49805,2025-10-09 09:00:00
266.0,200.86375,2025-10-09 09:00:00
149.25,124.17879,2025-10-09 09:00:00
145.0,121.720695,2025-10-09 10:00:00
196.75,148.45593,2025-10-09 10:00:00
215.0,146.27634,2025-10-09 10:00:00
204.0,130.53911,2025-10-09 10:00:00
207.0,219.84082,2025-10-09 10:00:00
173.0,122.000084,2025-10-09 11:00:00
191.0,208.66348,2025-10-09 11:00:00
206.0,128.66528,2025-10-09 11:00:00
226.0,146.69618,2025-10-09 11:00:00
198.5,148.05222,2025-10-09 11:00:00
229.0,182.16913,2025-10-09 12:00:00
216.0,157.95978,2025-10-09 12:00:00
199.0,127.115654,2025-10-09 12:00:00
173.0,129.49463,2025-10-09 12:00:00
197.0,161.37779,2025-10-09 12:00:00
178.0,135.7717,2025-10-09 13:00:00
210.0,152.34256,2025-10-09 13:00:00
204.0,167.43465,2025-10-09 13:00:00
226.0,166.64363,2025-10-09 13:00:00
38.0,131.76341,2025-10-09 13:00:00
205.0,148.08536,2025-10-09 14:00:00
103.25,130.47357,2025-10-09 14:00:00
177.0,124.4192,2025-10-09 14:00:00
189.0,157.94885,2025-10-09 14:00:00
244.0,178.8329,2025-10-09 14:00:00
103.5,98.38871,2025-10-09 15:00:00
195.0,172.32864,2025-10-09 15:00:00
167.0,129.88579,2025-10-09 15:00:00
216.0,115.76484,2025-10-09 15:00:00
186.0,120.24805,2025-10-09 15:00:00
227.0,168.15387,2025-10-09 16:00:00
180.0,109.39566,2025-10-09 16:00:00
177.0,136.12523,2025-10-09 16:00:00
171.0,121.09009,2025-10-09 16:00:00
100.33333333333331,93.03437,2025-10-09 16:00:00
244.0,172.95148,2025-10-09 17:00:00
171.0,144.4543,2025-10-09 17:00:00
183.0,120.02713,2025-10-09 17:00:00
100.33333333333331,98.48032,2025-10-09 17:00:00
175.0,121.18844,2025-10-09 17:00:00
219.0,199.80981,2025-10-09 18:00:00
184.0,199.33664,2025-10-09 18:00:00
193.0,125.84781,2025-10-09 18:00:00
164.0,122.11135,2025-10-09 18:00:00
36.333333333333336,105.23395,2025-10-09 18:00:00
109.5,114.60848,2025-10-09 19:00:00
180.0,145.55501,2025-10-09 19:00:00
205.0,234.44908,2025-10-09 19:00:00
262.0,200.53246,2025-10-09 19:00:00
196.0,137.00435,2025-10-09 19:00:00
376.0,256.09042,2025-10-09 20:00:00
326.0,273.86078,2025-10-09 20:00:00
125.0,135.37634,2025-10-09 20:00:00
240.0,171.11398,2025-10-09 20:00:00
230.0,162.74605,2025-10-09 20:00:00
342.0,189.09407,2025-10-09 21:00:00
260.0,221.53432,2025-10-09 21:00:00
139.25,147.2376,2025-10-09 21:00:00
388.0,311.52527,2025-10-09 21:00:00
400.0,372.0723,2025-10-09 21:00:00
287.0,240.33499,2025-10-09 22:00:00
305.0,354.02988,2025-10-09 22:00:00
282.0,194.91174,2025-10-09 22:00:00
469.0,313.0546,2025-10-09 22:00:00
149.5,148.36768,2025-10-09 22:00:00
268.0,210.10683,2025-10-09 23:00:00
317.0,236.90532,2025-10-09 23:00:00
362.0,352.951,2025-10-09 23:00:00
492.0,353.15305,2025-10-09 23:00:00
138.66666666666666,153.84984,2025-10-09 23:00:00
246.0,197.6496,2025-10-10 00:00:00
311.0,227.01035,2025-10-10 00:00:00
147.25,142.90865,2025-10-10 00:00:00
321.0,243.64175,2025-10-10 00:00:00
517.0,295.81775,2025-10-10 00:00:00
324.0,231.15585,2025-10-10 01:00:00
367.0,353.92795,2025-10-10 01:00:00
150.25,140.97609,2025-10-10 01:00:00
285.0,245.56131,2025-10-10 01:00:00
297.0,215.89854,2025-10-10 01:00:00
278.0,226.6474,2025-10-10 02:00:00
146.0,135.74864,2025-10-10 02:00:00
247.0,197.3528,2025-10-10 02:00:00
272.0,205.44385,2025-10-10 02:00:00
313.0,351.49512,2025-10-10 02:00:00
221.0,193.0326,2025-10-10 03:00:00
254.0,178.88875,2025-10-10 03:00:00
349.0,207.58716,2025-10-10 03:00:00
142.75,136.0782,2025-10-10 03:00:00
345.0,352.74527,2025-10-10 03:00:00
321.0,309.19806,2025-10-10 04:00:00
256.0,178.88748,2025-10-10 04:00:00
133.0,134.38501,2025-10-10 04:00:00
252.0,180.65932,2025-10-10 04:00:00
253.0,170.97047,2025-10-10 04:00:00
123.25,131.72334,2025-10-10 05:00:00
321.0,263.94714,2025-10-10 05:00:00
204.0,194.36305,2025-10-10 05:00:00
249.0,219.03287,2025-10-10 05:00:00
272.0,155.43216,2025-10-10 05:00:00
287.0,279.3624,2025-10-10 06:00:00
247.0,159.68666,2025-10-10 06:00:00
112.75,130.57529,2025-10-10 06:00:00
244.0,207.36366,2025-10-10 06:00:00
226.0,216.14903,2025-10-10 06:00:00
287.0,304.911,2025-10-10 07:00:00
217.0,242.40869,2025-10-10 07:00:00
112.25,139.27313,2025-10-10 07:00:00
304.0,268.3464,2025-10-10 07:00:00
217.0,166.0175,2025-10-10 07:00:00
122.75,149.97403,2025-10-10 08:00:00
221.0,182.15181,2025-10-10 08:00:00
202.0,269.29245,2025-10-10 08:00:00
322.0,349.34396,2025-10-10 08:00:00
293.0,320.1969,2025-10-10 08:00:00
324.0,320.19827,2025-10-10 09:00:00
220.0,191.38177,2025-10-10 09:00:00
316.0,299.24457,2025-10-10 09:00:00
137.25,147.79115,2025-10-10 09:00:00
221.0,225.23637,2025-10-10 09:00:00
227.0,297.85837,2025-10-10 10:00:00
117.5,144.67265,2025-10-10 10:00:00
241.0,207.37923,2025-10-10 10:00:00
199.0,183.76599,2025-10-10 10:00:00
263.0,225.68866,2025-10-10 10:00:00
76.0,184.9684,2025-10-10 11:00:00
222.0,227.34671,2025-10-10 11:00:00
228.0,184.6963,2025-10-10 11:00:00
202.0,237.0416,2025-10-10 11:00:00
101.0,142.43835,2025-10-10 11:00:00
97.5,145.18002,2025-10-10 12:00:00
128.0,183.80711,2025-10-10 12:00:00
227.0,234.63327,2025-10-10 12:00:00
190.0,210.92581,2025-10-10 12:00:00
190.0,182.89781,2025-10-10 12:00:00
183.0,200.7243,2025-10-10 13:00:00
217.0,256.1539,2025-10-10 13:00:00
183.0,169.24728,2025-10-10 13:00:00
141.0,184.65732,2025-10-10 13:00:00
103.5,124.416855,2025-10-10 13:00:00
130.0,182.9323,2025-10-10 14:00:00
157.0,161.98296,2025-10-10 14:00:00
85.75,138.4969,2025-10-10 14:00:00
182.0,194.0752,2025-10-10 14:00:00
219.0,249.0156,2025-10-10 14:00:00
157.0,198.91115,2025-10-10 15:00:00
122.0,174.15675,2025-10-10 15:00:00
211.0,241.86356,2025-10-10 15:00:00
81.66666666666667,119.79232,2025-10-10 15:00:00
151.0,156.7199,2025-10-10 15:00:00
158.0,157.63008,2025-10-10 16:00:00
117.0,168.32462,2025-10-10 16:00:00
178.0,196.61882,2025-10-10 16:00:00
235.0,249.67854,2025-10-10 16:00:00
83.25,120.82662,2025-10-10 16:00:00
201.0,200.42732,2025-10-10 17:00:00
302.0,235.02933,2025-10-10 17:00:00
151.0,159.37306,2025-10-10 17:00:00
79.0,128.61609,2025-10-10 17:00:00
117.0,193.73698,2025-10-10 17:00:00
299.0,298.14023,2025-10-10 18:00:00
204.0,258.92294,2025-10-10 18:00:00
83.0,138.34457,2025-10-10 18:00:00
174.0,175.84543,2025-10-10 18:00:00
122.0,206.42888,2025-10-10 18:00:00
195.0,206.37651,2025-10-10 19:00:00
94.5,151.56235,2025-10-10 19:00:00
256.0,316.56982,2025-10-10 19:00:00
477.0,324.54388,2025-10-10 19:00:00
145.0,235.22423,2025-10-10 19:00:00
266.0,270.6621,2025-10-10 20:00:00
600.0,460.4523,2025-10-10 20:00:00
193.0,290.4102,2025-10-10 20:00:00
109.5,156.44168,2025-10-10 20:00:00
318.0,487.79147,2025-10-10 20:00:00
283.0,489.0107,2025-10-10 21:00:00
226.0,309.63196,2025-10-10 21:00:00
320.0,276.34598,2025-10-10 21:00:00
679.0,515.2367,2025-10-10 21:00:00
116.0,159.96635,2025-10-10 21:00:00
132.0,160.48303,2025-10-10 22:00:00
215.0,285.94202,2025-10-10 22:00:00
271.0,460.19946,2025-10-10 22:00:00
597.0,536.3307,2025-10-10 22:00:00
295.0,257.04926,2025-10-10 22:00:00
460.0,590.06146,2025-10-10 23:00:00
245.0,434.71942,2025-10-10 23:00:00
257.0,310.96317,2025-10-10 23:00:00
198.0,300.84195,2025-10-10 23:00:00
137.0,180.2676,2025-10-10 23:00:00
188.0,351.37643,2025-10-11 00:00:00
199.0,281.57816,2025-10-11 00:00:00
99.75,158.65138,2025-10-11 00:00:00
226.0,364.74738,2025-10-11 00:00:00
346.0,555.88666,2025-10-11 00:00:00
216.0,519.9587,2025-10-11 01:00:00
184.0,350.1553,2025-10-11 01:00:00
94.5,157.58194,2025-10-11 01:00:00
501.0,326.0079,2025-10-11 01:00:00
167.0,272.40897,2025-10-11 01:00:00
233.0,544.3417,2025-10-11 02:00:00
200.0,315.86804,2025-10-11 02:00:00
156.0,264.48465,2025-10-11 02:00:00
161.0,323.96744,2025-10-11 02:00:00
97.75,152.59148,2025-10-11 02:00:00
172.0,297.1537,2025-10-11 03:00:00
136.0,238.34943,2025-10-11 03:00:00
194.0,522.4918,2025-10-11 03:00:00
100.5,146.29646,2025-10-11 03:00:00
147.0,306.989,2025-10-11 03:00:00
201.0,446.0929,2025-10-11 04:00:00
97.25,133.61052,2025-10-11 04:00:00
142.0,238.2846,2025-10-11 04:00:00
164.0,280.61337,2025-10-11 04:00:00
184.0,268.11432,2025-10-11 04:00:00
167.0,248.96536,2025-10-11 05:00:00
93.75,131.28888,2025-10-11 05:00:00
207.0,423.73297,2025-10-11 05:00:00
177.0,273.715,2025-10-11 05:00:00
149.0,209.29895,2025-10-11 05:00:00
355.0,431.9339,2025-10-11 06:00:00
206.0,252.6852,2025-10-11 06:00:00
207.0,271.51218,2025-10-11 06:00:00
156.0,216.54012,2025-10-11 06:00:00
101.25,127.42644,2025-10-11 06:00:00
158.0,233.6312,2025-10-11 07:00:00
233.0,298.6883,2025-10-11 07:00:00
182.0,240.0246,2025-10-11 07:00:00
108.5,123.902626,2025-10-11 07:00:00
407.0,421.03442,2025-10-11 07:00:00
183.0,227.8793,2025-10-11 08:00:00
201.0,263.60815,2025-10-11 08:00:00
370.0,352.6692,2025-10-11 08:00:00
246.0,324.6704,2025-10-11 08:00:00
122.25,125.57941,2025-10-11 08:00:00
194.0,240.26953,2025-10-11 09:00:00
334.0,362.67703,2025-10-11 09:00:00
123.25,127.154335,2025-10-11 09:00:00
215.0,329.1503,2025-10-11 09:00:00
219.0,246.8271,2025-10-11 09:00:00
239.0,254.91829,2025-10-11 10:00:00
321.0,272.08636,2025-10-11 10:00:00
239.0,202.03969,2025-10-11 10:00:00
220.0,198.2538,2025-10-11 10:00:00
125.75,124.77434,2025-10-11 10:00:00
235.0,186.31674,2025-10-11 11:00:00
124.25,133.07106,2025-10-11 11:00:00
312.0,242.1972,2025-10-11 11:00:00
252.0,242.20966,2025-10-11 11:00:00
250.0,212.77583,2025-10-11 11:00:00
97.5,114.102005,2025-10-11 12:00:00
197.0,181.80688,2025-10-11 12:00:00
216.0,174.53397,2025-10-11 12:00:00
382.0,236.92087,2025-10-11 12:00:00
215.0,203.84195,2025-10-11 12:00:00
81.5,98.804405,2025-10-11 13:00:00
306.0,220.57484,2025-10-11 13:00:00
191.0,192.5619,2025-10-11 13:00:00
182.0,173.90291,2025-10-11 13:00:00
187.0,137.62831,2025-10-11 13:00:00
73.75,99.96885,2025-10-11 14:00:00
180.0,188.92511,2025-10-11 14:00:00
156.0,158.7777,2025-10-11 14:00:00
159.0,143.89307,2025-10-11 14:00:00
265.0,229.41922,2025-10-11 14:00:00
162.0,152.72232,2025-10-11 15:00:00
64.0,96.765594,2025-10-11 15:00:00
143.0,149.83606,2025-10-11 15:00:00
233.0,240.60773,2025-10-11 15:00:00
138.0,141.81374,2025-10-11 15:00:00
125.0,136.68504,2025-10-11 16:00:00
144.0,155.0759,2025-10-11 16:00:00
156.0,184.71172,2025-10-11 16:00:00
232.0,253.05455,2025-10-11 16:00:00
63.0,97.62187,2025-10-11 16:00:00
259.0,303.037,2025-10-11 17:00:00
104.0,167.7003,2025-10-11 17:00:00
69.25,130.05794,2025-10-11 17:00:00
167.0,204.02165,2025-10-11 17:00:00
128.0,169.77303,2025-10-11 17:00:00
179.0,223.76608,2025-10-11 18:00:00
138.0,181.26498,2025-10-11 18:00:00
171.0,172.07751,2025-10-11 18:00:00
80.5,113.91308,2025-10-11 18:00:00
480.0,336.13696,2025-10-11 18:00:00
194.0,214.65276,2025-10-11 19:00:00
445.0,373.84457,2025-10-11 19:00:00
90.75,115.197266,2025-10-11 19:00:00
204.0,204.89395,2025-10-11 19:00:00
248.0,339.579,2025-10-11 19:00:00
215.0,251.35786,2025-10-11 20:00:00
111.0,138.56317,2025-10-11 20:00:00
237.0,292.4532,2025-10-11 20:00:00
322.0,457.45786,2025-10-11 20:00:00
592.0,479.54037,2025-10-11 20:00:00
130.0,144.98724,2025-10-11 21:00:00
379.0,502.80963,2025-10-11 21:00:00
237.0,301.7015,2025-10-11 21:00:00
277.0,336.8172,2025-10-11 21:00:00
798.0,574.6071,2025-10-11 21:00:00
298.0,316.27936,2025-10-11 22:00:00
217.0,270.556,2025-10-11 22:00:00
151.75,149.25572,2025-10-11 22:00:00
388.0,400.52066,2025-10-11 22:00:00
849.0,542.4114,2025-10-11 22:00:00
533.0,520.0525,2025-10-11 23:00:00
222.0,242.7297,2025-10-11 23:00:00
317.0,317.65848,2025-10-11 23:00:00
251.0,272.2174,2025-10-11 23:00:00
150.66666666666666,147.9964,2025-10-11 23:00:00
224.0,226.34198,2025-10-12 00:00:00
220.0,195.10954,2025-10-12 00:00:00
423.0,427.09146,2025-10-12 00:00:00
114.25,112.85543,2025-10-12 00:00:00
348.0,242.68149,2025-10-12 00:00:00
115.25,130.91722,2025-10-12 01:00:00
260.0,317.7418,2025-10-12 01:00:00
211.0,223.4086,2025-10-12 01:00:00
198.0,196.85913,2025-10-12 01:00:00
345.0,333.98172,2025-10-12 01:00:00
266.0,278.04257,2025-10-12 02:00:00
183.0,199.53845,2025-10-12 02:00:00
169.0,200.8068,2025-10-12 02:00:00
240.0,334.20786,2025-10-12 02:00:00
114.5,120.78518,2025-10-12 02:00:00
158.0,208.18604,2025-10-12 03:00:00
189.0,229.99742,2025-10-12 03:00:00
147.0,191.38261,2025-10-12 03:00:00
120.75,134.54022,2025-10-12 03:00:00
190.0,268.5462,2025-10-12 03:00:00
152.0,194.19775,2025-10-12 04:00:00
309.0,217.879,2025-10-12 04:00:00
179.0,213.09299,2025-10-12 04:00:00
147.5,140.80528,2025-10-12 04:00:00
132.0,173.41835,2025-10-12 04:00:00
165.0,165.744,2025-10-12 05:00:00
149.0,188.63892,2025-10-12 05:00:00
200.0,217.76825,2025-10-12 05:00:00
116.0,136.27736,2025-10-12 05:00:00
670.0,246.38159,2025-10-12 05:00:00
565.0,334.5876,2025-10-12 06:00:00
221.0,221.84941,2025-10-12 06:00:00
276.0,217.66234,2025-10-12 06:00:00
184.0,167.54674,2025-10-12 06:00:00
113.75,145.29185,2025-10-12 06:00:00
218.0,252.71051,2025-10-12 07:00:00
241.0,222.8579,2025-10-12 07:00:00
200.0,187.00514,2025-10-12 07:00:00
570.0,385.74316,2025-10-12 07:00:00
136.75,157.69714,2025-10-12 07:00:00
272.0,289.20898,2025-10-12 08:00:00
173.75,166.03754,2025-10-12 08:00:00
269.0,246.81004,2025-10-12 08:00:00
786.0,373.12485,2025-10-12 08:00:00
246.0,224.81418,2025-10-12 08:00:00
528.0,389.86554,2025-10-12 09:00:00
448.0,296.1559,2025-10-12 09:00:00
238.0,236.83177,2025-10-12 09:00:00
183.0,176.5083,2025-10-12 09:00:00
318.0,271.63327,2025-10-12 09:00:00
356.0,279.43597,2025-10-12 10:00:00
154.75,167.68837,2025-10-12 10:00:00
238.0,257.09006,2025-10-12 10:00:00
444.0,372.92834,2025-10-12 10:00:00
246.0,238.37717,2025-10-12 10:00:00
250.0,353.26532,2025-10-12 11:00:00
235.0,223.40721,2025-10-12 11:00:00
226.0,256.4778,2025-10-12 11:00:00
128.5,151.23064,2025-10-12 11:00:00
233.0,273.10007,2025-10-12 11:00:00
197.0,197.40752,2025-10-12 12:00:00
238.0,219.26985,2025-10-12 12:00:00
298.0,333.51193,2025-10-12 12:00:00
230.0,211.69324,2025-10-12 12:00:00
102.0,138.67712,2025-10-12 12:00:00
243.0,216.61557,2025-10-12 13:00:00
87.75,141.69131,2025-10-12 13:00:00
371.0,327.27798,2025-10-12 13:00:00
178.0,189.3282,2025-10-12 13:00:00
171.0,199.39314,2025-10-12 13:00:00
182.0,184.14146,2025-10-12 14:00:00
158.0,181.23567,2025-10-12 14:00:00
81.5,113.988075,2025-10-12 14:00:00
156.0,179.52995,2025-10-12 14:00:00
263.0,334.88272,2025-10-12 14:00:00
218.0,323.83868,2025-10-12 15:00:00
189.0,178.14104,2025-10-12 15:00:00
84.75,106.72475,2025-10-12 15:00:00
141.0,164.73772,2025-10-12 15:00:00
145.0,154.29185,2025-10-12 15:00:00
154.0,131.68042,2025-10-12 16:00:00
90.5,105.81212,2025-10-12 16:00:00
136.0,149.95132,2025-10-12 16:00:00
179.0,170.80507,2025-10-12 16:00:00
182.0,267.50598,2025-10-12 16:00:00
89.0,107.72299,2025-10-12 17:00:00
182.0,285.99414,2025-10-12 17:00:00
184.0,191.14578,2025-10-12 17:00:00
139.0,134.67282,2025-10-12 17:00:00
157.0,155.18947,2025-10-12 17:00:00
190.0,186.60242,2025-10-12 18:00:00
222.0,252.62083,2025-10-12 18:00:00
224.0,394.15057,2025-10-12 18:00:00
170.0,176.6197,2025-10-12 18:00:00
111.25,120.07794,2025-10-12 18:00:00
211.0,217.98375,2025-10-12 19:00:00
133.75,123.48334,2025-10-12 19:00:00
221.0,229.31337,2025-10-12 19:00:00
289.0,348.12546,2025-10-12 19:00:00
489.0,401.95984,2025-10-12 19:00:00
627.0,433.06137,2025-10-12 20:00:00
153.75,139.3365,2025-10-12 20:00:00
219.0,262.28568,2025-10-12 20:00:00
277.0,245.50908,2025-10-12 20:00:00
610.0,511.3218,2025-10-12 20:00:00
669.0,577.01733,2025-10-12 21:00:00
242.0,298.5903,2025-10-12 21:00:00
306.0,339.06454,2025-10-12 21:00:00
731.0,448.59528,2025-10-12 21:00:00
166.5,167.39497,2025-10-12 21:00:00
539.0,473.1824,2025-10-12 22:00:00
172.25,161.10707,2025-10-12 22:00:00
238.0,248.77466,2025-10-12 22:00:00
298.0,303.7354,2025-10-12 22:00:00
676.0,558.0493,2025-10-12 22:00:00
183.66666666666663,160.69711,2025-10-12 23:00:00
677.0,560.0531,2025-10-12 23:00:00
355.0,401.74188,2025-10-12 23:00:00
416.0,302.91495,2025-10-12 23:00:00
226.0,282.24524,2025-10-12 23:00:00
203.0,256.22867,2025-10-13 00:00:00
718.0,599.7803,2025-10-13 00:00:00
346.0,316.58508,2025-10-13 00:00:00
378.0,283.25842,2025-10-13 00:00:00
188.75,162.81276,2025-10-13 00:00:00
326.0,333.28378,2025-10-13 01:00:00
181.0,229.39742,2025-10-13 01:00:00
657.0,548.52136,2025-10-13 01:00:00
178.75,158.89691,2025-10-13 01:00:00
405.0,253.79268,2025-10-13 01:00:00
254.0,285.98276,2025-10-13 02:00:00
266.0,232.32262,2025-10-13 02:00:00
542.0,434.18494,2025-10-13 02:00:00
171.0,205.87593,2025-10-13 02:00:00
169.25,149.78577,2025-10-13 02:00:00
188.0,183.45555,2025-10-13 03:00:00
532.0,393.09708,2025-10-13 03:00:00
151.75,152.39162,2025-10-13 03:00:00
193.0,211.10284,2025-10-13 03:00:00
233.0,256.5437,2025-10-13 03:00:00
230.0,240.4815,2025-10-13 04:00:00
180.0,162.16196,2025-10-13 04:00:00
122.25,162.35062,2025-10-13 04:00:00
180.0,218.4007,2025-10-13 04:00:00
440.0,367.17578,2025-10-13 04:00:00
172.0,204.47249,2025-10-13 05:00:00
155.0,167.87764,2025-10-13 05:00:00
437.0,499.37186,2025-10-13 05:00:00
113.75,153.37299,2025-10-13 05:00:00
235.0,224.68065,2025-10-13 05:00:00
146.5,152.99402,2025-10-13 06:00:00
186.0,251.12898,2025-10-13 06:00:00
389.0,576.6713,2025-10-13 06:00:00
246.0,247.18767,2025-10-13 06:00:00
138.0,201.1116,2025-10-13 06:00:00
190.0,265.08878,2025-10-13 07:00:00
181.0,222.08858,2025-10-13 07:00:00
355.0,277.53607,2025-10-13 07:00:00
416.0,640.2264,2025-10-13 07:00:00
161.5,150.60626,2025-10-13 07:00:00
998.0,615.869,2025-10-13 08:00:00
260.0,330.56024,2025-10-13 08:00:00
268.0,275.22882,2025-10-13 08:00:00
237.0,323.85083,2025-10-13 08:00:00
154.0,171.73903,2025-10-13 08:00:00
287.0,332.59344,2025-10-13 09:00:00
593.0,523.1402,2025-10-13 09:00:00
523.0,387.99973,2025-10-13 09:00:00
171.0,171.55875,2025-10-13 09:00:00
311.0,291.2345,2025-10-13 09:00:00
244.0,316.04364,2025-10-13 10:00:00
260.0,252.70532,2025-10-13 10:00:00
372.0,278.16037,2025-10-13 10:00:00
150.25,155.46822,2025-10-13 10:00:00
316.0,476.08484,2025-10-13 10:00:00
208.0,248.78595,2025-10-13 11:00:00
98.25,145.71098,2025-10-13 11:00:00
305.0,343.46863,2025-10-13 11:00:00
269.0,279.98648,2025-10-13 11:00:00
266.0,242.80402,2025-10-13 11:00:00
84.5,105.96253,2025-10-13 12:00:00
156.0,212.51723,2025-10-13 12:00:00
167.0,257.50974,2025-10-13 12:00:00
156.0,339.0265,2025-10-13 12:00:00
194.0,225.49112,2025-10-13 12:00:00
86.0,107.770874,2025-10-13 13:00:00
193.0,207.11646,2025-10-13 13:00:00
156.0,198.03546,2025-10-13 13:00:00
162.0,226.39348,2025-10-13 13:00:00
179.0,320.79993,2025-10-13 13:00:00
143.0,179.1674,2025-10-13 14:00:00
64.0,313.33127,2025-10-13 14:00:00
162.0,208.65616,2025-10-13 14:00:00
93.0,95.103355,2025-10-13 14:00:00
156.0,176.5531,2025-10-13 14:00:00
156.0,318.80087,2025-10-13 15:00:00
182.0,197.75592,2025-10-13 15:00:00
142.0,155.44461,2025-10-13 15:00:00
156.0,139.62836,2025-10-13 15:00:00
87.75,89.14836,2025-10-13 15:00:00
153.0,163.85567,2025-10-13 16:00:00
191.0,184.19958,2025-10-13 16:00:00
179.0,252.87277,2025-10-13 16:00:00
88.5,85.39286,2025-10-13 16:00:00
150.0,169.19753,2025-10-13 17:00:00
210.0,206.05844,2025-10-13 17:00:00
179.0,225.91289,2025-10-13 17:00:00
91.0,89.79969,2025-10-13 17:00:00
277.0,259.85056,2025-10-13 18:00:00
109.75,120.11927,2025-10-13 18:00:00
289.0,308.62918,2025-10-13 18:00:00
204.0,192.3507,2025-10-13 18:00:00
128.5,132.61119,2025-10-13 19:00:00
231.0,218.48836,2025-10-13 19:00:00
555.0,478.23663,2025-10-13 19:00:00
527.0,378.46423,2025-10-13 19:00:00
616.0,547.48425,2025-10-13 20:00:00
320.0,243.59122,2025-10-13 20:00:00
133.75,148.60823,2025-10-13 20:00:00
527.0,523.2218,2025-10-13 20:00:00
527.0,563.55164,2025-10-13 21:00:00
603.0,621.68536,2025-10-13 21:00:00
177.25,178.48358,2025-10-13 21:00:00
319.0,263.89825,2025-10-13 21:00:00
751.0,569.8232,2025-10-13 22:00:00
204.0,197.87262,2025-10-13 22:00:00
279.0,276.46368,2025-10-13 22:00:00
534.0,599.93774,2025-10-13 22:00:00
738.0,457.76398,2025-10-13 23:00:00
248.0,257.8469,2025-10-13 23:00:00
194.3333333333333,175.09314,2025-10-13 23:00:00
871.0,532.34955,2025-10-13 23:00:00
176.75,191.7779,2025-10-14 00:00:00
215.0,252.40392,2025-10-14 00:00:00
482.0,371.28085,2025-10-14 00:00:00
991.0,609.0142,2025-10-14 00:00:00
315.0,328.21014,2025-10-14 01:00:00
189.0,244.35849,2025-10-14 01:00:00
177.75,183.00565,2025-10-14 01:00:00
991.0,551.4209,2025-10-14 01:00:00
542.0,555.54456,2025-10-14 02:00:00
195.75,173.70535,2025-10-14 02:00:00
333.0,305.83963,2025-10-14 02:00:00
161.0,240.70816,2025-10-14 02:00:00
301.0,270.16238,2025-10-14 03:00:00
142.0,218.99397,2025-10-14 03:00:00
443.0,597.1951,2025-10-14 03:00:00
181.25,201.95454,2025-10-14 03:00:00
169.25,171.27257,2025-10-14 04:00:00
765.0,503.03564,2025-10-14 04:00:00
137.0,189.4481,2025-10-14 04:00:00
296.0,248.47728,2025-10-14 04:00:00
669.0,540.6206,2025-10-14 05:00:00
152.0,134.59335,2025-10-14 05:00:00
331.0,256.8051,2025-10-14 05:00:00
137.0,215.4,2025-10-14 05:00:00
137.0,220.75186,2025-10-14 06:00:00
139.5,144.3038,2025-10-14 06:00:00
384.0,305.29123,2025-10-14 06:00:00
597.0,524.7835,2025-10-14 06:00:00
572.0,323.6934,2025-10-14 07:00:00
610.0,465.52264,2025-10-14 07:00:00
137.0,229.31813,2025-10-14 07:00:00
172.75,151.48087,2025-10-14 07:00:00
231.5,228.62456,2025-10-14 08:00:00
137.0,316.4679,2025-10-14 08:00:00
284.0,625.91925,2025-10-14 08:00:00
611.0,362.898,2025-10-14 08:00:00
682.0,478.9327,2025-10-14 09:00:00
277.5,197.45554,2025-10-14 09:00:00
230.0,587.05634,2025-10-14 09:00:00
339.0,377.60443,2025-10-14 10:00:00
279.0,188.57892,2025-10-14 10:00:00
583.0,523.7895,2025-10-14 10:00:00
129.0,300.3677,2025-10-14 11:00:00
298.0,346.44266,2025-10-14 11:00:00
370.0,331.95868,2025-10-14 11:00:00
148.25,152.33508,2025-10-14 11:00:00
90.0,252.0208,2025-10-14 12:00:00
75.25,125.841415,2025-10-14 12:00:00
254.0,262.30304,2025-10-14 12:00:00
201.0,295.05652,2025-10-14 12:00:00
155.0,246.27858,2025-10-14 13:00:00
98.5,107.3127,2025-10-14 13:00:00
295.0,299.83884,2025-10-14 13:00:00
72.0,226.74214,2025-10-14 13:00:00
77.0,213.00891,2025-10-14 14:00:00
95.5,112.893684,2025-10-14 14:00:00
300.0,223.38612,2025-10-14 14:00:00
172.0,208.1918,2025-10-14 14:00:00
93.25,115.69269,2025-10-14 15:00:00
265.0,279.41306,2025-10-14 15:00:00
80.0,164.66353,2025-10-14 15:00:00
169.0,217.19487,2025-10-14 15:00:00
87.0,173.93167,2025-10-14 16:00:00
85.25,107.402336,2025-10-14 16:00:00
199.0,236.40607,2025-10-14 16:00:00
167.0,218.55148,2025-10-14 16:00:00
167.0,235.8109,2025-10-14 17:00:00
88.5,169.35922,2025-10-14 17:00:00
310.0,247.07481,2025-10-14 17:00:00
75.0,107.77109,2025-10-14 17:00:00
315.0,330.6635,2025-10-14 18:00:00
102.25,135.42558,2025-10-14 18:00:00
517.0,312.1345,2025-10-14 18:00:00
93.0,215.54422,2025-10-14 18:00:00
131.0,145.29703,2025-10-14 19:00:00
517.0,407.16037,2025-10-14 19:00:00
421.0,425.22913,2025-10-14 19:00:00
127.0,237.65785,2025-10-14 19:00:00
913.0,562.9603,2025-10-14 20:00:00
170.25,163.72444,2025-10-14 20:00:00
204.0,308.3642,2025-10-14 20:00:00
348.0,549.33795,2025-10-14 20:00:00
225.25,189.08212,2025-10-14 21:00:00
543.0,608.5954,2025-10-14 21:00:00
886.0,542.1794,2025-10-14 21:00:00
258.25,331.5244,2025-10-14 21:00:00
746.0,622.01526,2025-10-14 22:00:00
749.0,559.3718,2025-10-14 22:00:00
248.75,348.38464,2025-10-14 22:00:00
230.5,210.32748,2025-10-14 22:00:00
242.0,307.62408,2025-10-14 23:00:00
207.0,226.30193,2025-10-14 23:00:00
571.0,561.9106,2025-10-14 23:00:00
881.0,613.4747,2025-10-14 23:00:00
180.5,212.59097,2025-10-15 00:00:00
208.25,274.43262,2025-10-15 00:00:00
881.0,680.633,2025-10-15 00:00:00
797.0,436.45587,2025-10-15 00:00:00
174.25,195.2872,2025-10-15 01:00:00
185.75,263.59967,2025-10-15 01:00:00
511.0,399.9065,2025-10-15 01:00:00
881.0,683.8982,2025-10-15 01:00:00
322.0,295.9575,2025-10-15 02:00:00
648.0,647.5843,2025-10-15 02:00:00
164.0,253.45299,2025-10-15 02:00:00
182.25,201.44261,2025-10-15 02:00:00
542.0,619.35333,2025-10-15 03:00:00
188.5,211.7771,2025-10-15 03:00:00
477.0,284.45786,2025-10-15 03:00:00
161.0,220.05162,2025-10-15 03:00:00
260.0,271.85013,2025-10-15 04:00:00
411.0,590.2456,2025-10-15 04:00:00
172.5,209.33536,2025-10-15 04:00:00
182.0,182.84758,2025-10-15 04:00:00
522.0,547.2225,2025-10-15 05:00:00
166.75,163.6552,2025-10-15 05:00:00
259.0,328.279,2025-10-15 05:00:00
182.0,209.30385,2025-10-15 05:00:00
532.0,568.43,2025-10-15 06:00:00
159.5,171.69994,2025-10-15 06:00:00
342.0,364.94983,2025-10-15 06:00:00
202.0,207.61853,2025-10-15 06:00:00
162.5,211.86197,2025-10-15 07:00:00
223.75,212.28545,2025-10-15 07:00:00
586.0,641.94,2025-10-15 07:00:00
737.0,466.76224,2025-10-15 07:00:00
519.0,510.0198,2025-10-15 08:00:00
265.75,273.84732,2025-10-15 08:00:00
691.0,616.3488,2025-10-15 08:00:00
181.75,249.037,2025-10-15 08:00:00
393.0,623.1314,2025-10-15 09:00:00
213.75,235.8624,2025-10-15 09:00:00
939.0,434.01562,2025-10-15 09:00:00
560.0,363.3789,2025-10-15 10:00:00
320.0,420.2342,2025-10-15 10:00:00
211.25,227.4039,2025-10-15 10:00:00
326.0,399.325,2025-10-15 11:00:00
158.5,181.5742,2025-10-15 11:00:00
621.0,314.60745,2025-10-15 11:00:00
178.5,216.56279,2025-10-15 11:00:00
144.0,198.93054,2025-10-15 12:00:00
250.0,367.55975,2025-10-15 12:00:00
262.0,266.23215,2025-10-15 12:00:00
110.75,137.23807,2025-10-15 12:00:00
211.0,250.87695,2025-10-15 13:00:00
116.0,149.92053,2025-10-15 13:00:00
100.75,115.16697,2025-10-15 13:00:00
251.0,325.6055,2025-10-15 13:00:00
113.0,139.2546,2025-10-15 14:00:00
153.0,317.7546,2025-10-15 14:00:00
109.0,102.12684,2025-10-15 14:00:00
175.0,213.5013,2025-10-15 14:00:00
116.0,332.80017,2025-10-15 15:00:00
241.0,203.62454,2025-10-15 15:00:00
104.25,143.98256,2025-10-15 15:00:00
104.5,103.23279,2025-10-15 15:00:00
218.0,188.17505,2025-10-15 16:00:00
97.25,140.18875,2025-10-15 16:00:00
213.0,283.20572,2025-10-15 16:00:00
107.0,89.52944,2025-10-15 16:00:00
100.5,139.88692,2025-10-15 17:00:00
185.0,222.88763,2025-10-15 17:00:00
241.0,292.83456,2025-10-15 17:00:00
105.0,100.944466,2025-10-15 17:00:00
125.25,139.94737,2025-10-15 18:00:00
342.0,303.12,2025-10-15 18:00:00
267.0,400.8,2025-10-15 18:00:00
123.75,168.03041,2025-10-15 18:00:00
652.0,552.5617,2025-10-15 19:00:00
148.25,190.51079,2025-10-15 19:00:00
404.0,451.10162,2025-10-15 19:00:00
153.5,165.57117,2025-10-15 19:00:00
167.0,179.68007,2025-10-15 20:00:00
282.25,241.59224,2025-10-15 20:00:00
493.0,449.17627,2025-10-15 20:00:00
815.0,632.7971,2025-10-15 20:00:00
331.75,279.72623,2025-10-15 21:00:00
190.75,211.91092,2025-10-15 21:00:00
583.0,490.97787,2025-10-15 21:00:00
902.0,673.9918,2025-10-15 21:00:00
615.0,519.49915,2025-10-15 22:00:00
208.75,208.15115,2025-10-15 22:00:00
582.0,649.9546,2025-10-15 22:00:00
337.0,283.16666,2025-10-15 22:00:00
199.66666666666663,185.33696,2025-10-15 23:00:00
286.25,264.3191,2025-10-15 23:00:00
545.0,606.4308,2025-10-15 23:00:00
641.0,617.9432,2025-10-15 23:00:00
560.0,527.73676,2025-10-16 00:00:00
196.25,200.31085,2025-10-16 00:00:00
567.0,632.6528,2025-10-16 00:00:00
245.0,244.8082,2025-10-16 00:00:00
530.0,616.0888,2025-10-16 01:00:00
191.75,205.108,2025-10-16 01:00:00
372.0,498.4576,2025-10-16 01:00:00
241.5,243.62973,2025-10-16 01:00:00
324.0,445.63092,2025-10-16 02:00:00
531.0,604.4247,2025-10-16 02:00:00
219.0,235.10281,2025-10-16 02:00:00
190.5,227.07407,2025-10-16 02:00:00
492.0,594.5921,2025-10-16 03:00:00
193.0,233.97397,2025-10-16 03:00:00
206.5,215.9995,2025-10-16 03:00:00
362.0,404.74338,2025-10-16 03:00:00
213.25,201.41942,2025-10-16 04:00:00
339.0,340.5485,2025-10-16 04:00:00
522.0,558.92523,2025-10-16 04:00:00
195.5,213.55289,2025-10-16 04:00:00
443.0,618.0754,2025-10-16 05:00:00
265.5,195.30814,2025-10-16 05:00:00
282.0,337.13986,2025-10-16 05:00:00
198.5,189.20682,2025-10-16 05:00:00
268.5,200.9339,2025-10-16 06:00:00
276.0,393.60217,2025-10-16 06:00:00
504.0,606.30536,2025-10-16 06:00:00
193.5,173.49387,2025-10-16 06:00:00
274.0,516.1302,2025-10-16 07:00:00
179.5,185.1877,2025-10-16 07:00:00
459.0,604.7915,2025-10-16 07:00:00
262.5,219.38924,2025-10-16 07:00:00
174.25,206.97769,2025-10-16 08:00:00
588.0,562.64075,2025-10-16 08:00:00
282.0,595.5869,2025-10-16 08:00:00
245.5,264.17026,2025-10-16 08:00:00
214.5,282.96622,2025-10-16 09:00:00
983.0,510.6591,2025-10-16 09:00:00
212.75,222.90836,2025-10-16 09:00:00
392.0,556.8185,2025-10-16 09:00:00
267.0,357.31595,2025-10-16 10:00:00
224.75,216.70491,2025-10-16 10:00:00
277.0,488.98254,2025-10-16 10:00:00
175.25,251.01254,2025-10-16 10:00:00
361.0,356.27426,2025-10-16 11:00:00
177.0,194.94576,2025-10-16 11:00:00
274.0,306.35043,2025-10-16 11:00:00
208.5,143.18715,2025-10-16 11:00:00
181.0,184.18971,2025-10-16 12:00:00
279.0,267.56174,2025-10-16 12:00:00
335.0,368.8313,2025-10-16 12:00:00
172.25,125.207115,2025-10-16 12:00:00
127.25,98.635574,2025-10-16 13:00:00
246.0,249.92393,2025-10-16 13:00:00
339.0,318.85825,2025-10-16 13:00:00
155.0,168.07936,2025-10-16 13:00:00
137.75,106.62766,2025-10-16 14:00:00
232.0,231.49013,2025-10-16 14:00:00
266.0,251.48773,2025-10-16 14:00:00
146.0,143.889,2025-10-16 14:00:00
223.0,242.48347,2025-10-16 15:00:00
144.0,143.43988,2025-10-16 15:00:00
137.5,103.41883,2025-10-16 15:00:00
357.0,229.16396,2025-10-16 15:00:00
146.75,105.72799,2025-10-16 16:00:00
460.0,263.48758,2025-10-16 16:00:00
148.0,138.44797,2025-10-16 16:00:00
194.0,227.75858,2025-10-16 16:00:00
150.5,107.64898,2025-10-16 17:00:00
263.0,260.85916,2025-10-16 17:00:00
188.0,221.62355,2025-10-16 17:00:00
153.0,149.21323,2025-10-16 17:00:00
404.0,353.90967,2025-10-16 18:00:00
160.0,126.190605,2025-10-16 18:00:00
166.0,156.84113,2025-10-16 18:00:00
196.0,369.22498,2025-10-16 18:00:00
299.0,563.1021,2025-10-16 19:00:00
514.0,433.52866,2025-10-16 19:00:00
199.5,169.32883,2025-10-16 19:00:00
207.0,187.6336,2025-10-16 19:00:00
227.0,184.45065,2025-10-16 20:00:00
175.0,246.881,2025-10-16 20:00:00
440.0,626.6191,2025-10-16 20:00:00
541.0,445.95566,2025-10-16 20:00:00
183.0,306.53497,2025-10-16 21:00:00
246.75,209.97006,2025-10-16 21:00:00
451.0,541.85474,2025-10-16 21:00:00
483.0,648.7451,2025-10-16 21:00:00
510.0,579.499,2025-10-16 22:00:00
622.0,583.2715,2025-10-16 22:00:00
252.0,222.56578,2025-10-16 22:00:00
207.0,335.8906,2025-10-16 22:00:00
245.66666666666663,228.89674,2025-10-16 23:00:00
215.0,342.14246,2025-10-16 23:00:00
735.0,626.05096,2025-10-16 23:00:00
565.0,605.4349,2025-10-16 23:00:00
220.0,295.25693,2025-10-17 00:00:00
642.0,636.22473,2025-10-17 00:00:00
252.0,240.25856,2025-10-17 00:00:00
490.0,532.65607,2025-10-17 00:00:00
208.0,290.61264,2025-10-17 01:00:00
233.5,233.37364,2025-10-17 01:00:00
690.0,615.88763,2025-10-17 01:00:00
359.0,470.6295,2025-10-17 01:00:00
362.0,418.9213,2025-10-17 02:00:00
826.0,574.94055,2025-10-17 02:00:00
197.0,277.25922,2025-10-17 02:00:00
227.25,240.34181,2025-10-17 02:00:00
348.0,422.25436,2025-10-17 03:00:00
192.0,283.51428,2025-10-17 03:00:00
617.0,555.9829,2025-10-17 03:00:00
239.75,239.41408,2025-10-17 03:00:00
328.0,334.69595,2025-10-17 04:00:00
552.0,548.41156,2025-10-17 04:00:00
204.5,239.85672,2025-10-17 04:00:00
218.0,260.13974,2025-10-17 04:00:00
346.0,328.8956,2025-10-17 05:00:00
477.0,503.9786,2025-10-17 05:00:00
225.0,247.70229,2025-10-17 05:00:00
174.25,211.41743,2025-10-17 05:00:00
208.0,288.50436,2025-10-17 06:00:00
328.0,505.64767,2025-10-17 06:00:00
178.0,221.14153,2025-10-17 06:00:00
411.0,348.20352,2025-10-17 06:00:00
273.0,395.66483,2025-10-17 07:00:00
222.0,284.80673,2025-10-17 07:00:00
393.0,503.2313,2025-10-17 07:00:00
182.25,215.1344,2025-10-17 07:00:00
356.0,397.52298,2025-10-17 08:00:00
437.0,537.34863,2025-10-17 08:00:00
199.25,231.74818,2025-10-17 08:00:00
270.0,311.46503,2025-10-17 08:00:00
249.0,294.38522,2025-10-17 09:00:00
702.0,426.12344,2025-10-17 09:00:00
843.0,598.6711,2025-10-17 09:00:00
244.25,243.75058,2025-10-17 09:00:00
488.0,506.19632,2025-10-17 10:00:00
270.0,227.28319,2025-10-17 10:00:00
252.5,192.65732,2025-10-17 10:00:00
360.0,330.1283,2025-10-17 10:00:00
367.0,287.4773,2025-10-17 11:00:00
221.0,177.31517,2025-10-17 11:00:00
486.0,442.40356,2025-10-17 11:00:00
276.0,187.60364,2025-10-17 11:00:00
394.0,325.23727,2025-10-17 12:00:00
245.0,185.89456,2025-10-17 12:00:00
299.0,263.47452,2025-10-17 12:00:00
178.25,133.43536,2025-10-17 12:00:00
203.0,169.10214,2025-10-17 13:00:00
269.0,236.081,2025-10-17 13:00:00
132.25,130.59586,2025-10-17 13:00:00
312.0,312.2364,2025-10-17 13:00:00
313.0,215.78104,2025-10-17 14:00:00
144.25,135.63557,2025-10-17 14:00:00
334.0,347.03235,2025-10-17 14:00:00
107.5,120.368355,2025-10-17 14:00:00
273.0,222.60248,2025-10-17 15:00:00
121.5,109.78361,2025-10-17 15:00:00
353.0,300.9563,2025-10-17 15:00:00
204.25,120.33365,2025-10-17 15:00:00
284.0,303.0123,2025-10-17 16:00:00
130.25,115.956345,2025-10-17 16:00:00
206.5,142.8369,2025-10-17 16:00:00
289.0,186.0073,2025-10-17 16:00:00
213.0,198.11646,2025-10-17 17:00:00
128.75,126.701965,2025-10-17 17:00:00
229.5,153.04346,2025-10-17 17:00:00
567.0,264.21594,2025-10-17 17:00:00
470.0,216.66234,2025-10-17 18:00:00
286.0,183.48029,2025-10-17 18:00:00
168.25,153.3133,2025-10-17 18:00:00
791.0,365.8197,2025-10-17 18:00:00
576.0,429.16565,2025-10-17 19:00:00
340.25,272.6704,2025-10-17 19:00:00
226.25,201.55757,2025-10-17 19:00:00
737.0,425.108,2025-10-17 19:00:00
782.0,536.68634,2025-10-17 20:00:00
343.25,287.22427,2025-10-17 20:00:00
766.0,625.61487,2025-10-17 20:00:00
208.75,242.01619,2025-10-17 20:00:00
340.0,288.38214,2025-10-17 21:00:00
766.0,623.14,2025-10-17 21:00:00
840.0,658.35126,2025-10-17 21:00:00
216.5,272.47476,2025-10-17 21:00:00
240.75,305.9986,2025-10-17 22:00:00
898.0,649.4804,2025-10-17 22:00:00
754.0,652.8126,2025-10-17 22:00:00
340.0,297.14175,2025-10-17 22:00:00
563.0,571.8249,2025-10-17 23:00:00
481.0,649.69006,2025-10-17 23:00:00
237.66666666666663,299.82224,2025-10-17 23:00:00
340.0,268.6709,2025-10-17 23:00:00
500.0,689.59924,2025-10-18 00:00:00
600.0,475.68497,2025-10-18 00:00:00
311.0,294.1692,2025-10-18 00:00:00
226.25,280.56055,2025-10-18 00:00:00
432.0,474.1024,2025-10-18 01:00:00
311.0,275.44833,2025-10-18 01:00:00
757.0,644.80133,2025-10-18 01:00:00
222.75,267.86526,2025-10-18 01:00:00
343.0,419.6457,2025-10-18 02:00:00
242.0,286.28036,2025-10-18 02:00:00
207.5,264.37158,2025-10-18 02:00:00
742.0,627.0063,2025-10-18 02:00:00
227.0,275.56345,2025-10-18 03:00:00
298.0,390.246,2025-10-18 03:00:00
812.0,610.80347,2025-10-18 03:00:00
200.5,260.59225,2025-10-18 03:00:00
209.0,285.41513,2025-10-18 04:00:00
812.0,598.97986,2025-10-18 04:00:00
201.0,241.37236,2025-10-18 04:00:00
272.0,357.56097,2025-10-18 04:00:00
887.0,581.9398,2025-10-18 05:00:00
204.25,239.29709,2025-10-18 05:00:00
316.0,333.17596,2025-10-18 05:00:00
197.0,264.49362,2025-10-18 05:00:00
637.0,532.31085,2025-10-18 06:00:00
217.0,258.72845,2025-10-18 06:00:00
206.5,226.32076,2025-10-18 06:00:00
343.0,367.45496,2025-10-18 06:00:00
200.75,212.49168,2025-10-18 07:00:00
594.0,479.58652,2025-10-18 07:00:00
464.0,346.02255,2025-10-18 07:00:00
244.0,255.4689,2025-10-18 07:00:00
253.0,303.67194,2025-10-18 08:00:00
519.0,394.37558,2025-10-18 08:00:00
972.0,475.48398,2025-10-18 08:00:00
225.25,231.56206,2025-10-18 08:00:00
287.25,256.51392,2025-10-18 09:00:00
417.0,483.88913,2025-10-18 09:00:00
577.0,566.7301,2025-10-18 09:00:00
277.0,293.12308,2025-10-18 09:00:00
366.0,260.42947,2025-10-18 10:00:00
273.0,402.65982,2025-10-18 10:00:00
870.0,417.993,2025-10-18 10:00:00
265.0,277.93958,2025-10-18 10:00:00
387.5,231.31035,2025-10-18 11:00:00
333.0,370.9514,2025-10-18 11:00:00
313.0,331.88565,2025-10-18 11:00:00
271.0,282.51837,2025-10-18 11:00:00
227.0,251.09488,2025-10-18 12:00:00
269.0,279.34103,2025-10-18 12:00:00
265.0,370.6909,2025-10-18 12:00:00
319.75,192.25038,2025-10-18 12:00:00
361.0,290.13947,2025-10-18 13:00:00
235.0,270.1855,2025-10-18 13:00:00
182.25,137.2983,2025-10-18 13:00:00
178.0,201.86774,2025-10-18 13:00:00
349.0,299.38535,2025-10-18 14:00:00
183.5,113.370384,2025-10-18 14:00:00
246.0,251.81592,2025-10-18 14:00:00
170.0,167.68494,2025-10-18 14:00:00
284.0,223.33888,2025-10-18 15:00:00
173.5,117.39279,2025-10-18 15:00:00
232.0,199.35732,2025-10-18 15:00:00
273.0,291.76996,2025-10-18 15:00:00
426.0,352.24286,2025-10-18 16:00:00
159.0,117.117455,2025-10-18 16:00:00
244.0,257.67484,2025-10-18 16:00:00
256.0,222.1342,2025-10-18 16:00:00
265.0,186.96716,2025-10-18 16:00:00
500.0,337.13483,2025-10-18 17:00:00
226.0,243.93724,2025-10-18 17:00:00
156.25,123.10591,2025-10-18 17:00:00
260.0,228.79324,2025-10-18 17:00:00
392.0,216.59097,2025-10-18 17:00:00
500.0,528.2806,2025-10-18 18:00:00
208.0,176.26257,2025-10-18 18:00:00
341.0,263.66495,2025-10-18 18:00:00
885.0,360.3432,2025-10-18 18:00:00
256.0,246.32283,2025-10-18 18:00:00
355.0,336.03925,2025-10-18 19:00:00
500.0,586.5819,2025-10-18 19:00:00
223.5,210.9794,2025-10-18 19:00:00
311.0,258.93378,2025-10-18 19:00:00
885.0,572.2502,2025-10-18 19:00:00
355.0,335.771,2025-10-18 20:00:00
885.0,656.2871,2025-10-18 20:00:00
232.0,259.49692,2025-10-18 20:00:00
376.0,301.962,2025-10-18 20:00:00
500.0,592.17975,2025-10-18 20:00:00
885.0,687.4388,2025-10-18 21:00:00
873.0,647.06537,2025-10-18 21:00:00
355.0,377.80576,2025-10-18 21:00:00
439.0,350.48727,2025-10-18 21:00:00
299.5,279.22107,2025-10-18 21:00:00
333.5,283.24472,2025-10-18 22:00:00
687.0,664.4574,2025-10-18 22:00:00
840.0,615.24695,2025-10-18 22:00:00
355.0,380.36713,2025-10-18 22:00:00
526.0,361.03082,2025-10-18 22:00:00
781.0,585.84326,2025-10-18 23:00:00
326.6666666666667,257.88196,2025-10-18 23:00:00
931.0,625.1464,2025-10-18 23:00:00
526.0,332.18054,2025-10-18 23:00:00
931.0,604.9733,2025-10-19 00:00:00
526.0,357.77637,2025-10-19 00:00:00
326.0,257.5099,2025-10-19 00:00:00
764.0,514.8573,2025-10-19 00:00:00
931.0,637.14716,2025-10-19 01:00:00
526.0,351.10428,2025-10-19 01:00:00
610.0,473.06235,2025-10-19 01:00:00
300.75,268.9853,2025-10-19 01:00:00
287.75,245.35826,2025-10-19 02:00:00
931.0,587.44006,2025-10-19 02:00:00
521.0,465.21637,2025-10-19 02:00:00
280.0,229.10751,2025-10-19 03:00:00
874.0,538.2347,2025-10-19 03:00:00
280.0,252.58968,2025-10-19 03:00:00
515.0,359.84387,2025-10-19 03:00:00
666.0,587.219,2025-10-19 04:00:00
304.0,262.7583,2025-10-19 04:00:00
477.0,313.1052,2025-10-19 04:00:00
293.5,248.11267,2025-10-19 04:00:00
286.0,275.16336,2025-10-19 05:00:00
314.0,220.88422,2025-10-19 05:00:00
580.0,624.60364,2025-10-19 05:00:00
381.0,340.434,2025-10-19 05:00:00
625.0,294.7177,2025-10-19 06:00:00
313.0,274.0488,2025-10-19 06:00:00
332.0,245.53374,2025-10-19 06:00:00
370.0,351.98563,2025-10-19 06:00:00
486.0,591.265,2025-10-19 06:00:00
365.0,388.9497,2025-10-19 07:00:00
478.0,297.24933,2025-10-19 07:00:00
324.0,294.91953,2025-10-19 07:00:00
332.5,256.8146,2025-10-19 07:00:00
708.0,567.90173,2025-10-19 07:00:00
330.0,320.1532,2025-10-19 08:00:00
357.0,330.12024,2025-10-19 08:00:00
414.0,489.29364,2025-10-19 08:00:00
814.0,594.57623,2025-10-19 08:00:00
338.75,257.35135,2025-10-19 08:00:00
385.0,348.8757,2025-10-19 09:00:00
310.0,352.45044,2025-10-19 09:00:00
329.75,262.732,2025-10-19 09:00:00
814.0,547.59814,2025-10-19 09:00:00
240.0,556.8877,2025-10-19 09:00:00
320.0,343.21292,2025-10-19 10:00:00
383.0,528.19635,2025-10-19 10:00:00
346.5,305.6441,2025-10-19 10:00:00
304.0,412.54794,2025-10-19 10:00:00
429.0,328.60645,2025-10-19 10:00:00
272.0,244.33537,2025-10-19 11:00:00
308.0,332.82523,2025-10-19 11:00:00
444.0,492.14084,2025-10-19 11:00:00
289.0,354.988,2025-10-19 11:00:00
306.0,319.60724,2025-10-19 11:00:00
266.0,410.48126,2025-10-19 12:00:00
244.0,251.70583,2025-10-19 12:00:00
308.0,268.90393,2025-10-19 12:00:00
278.0,297.27087,2025-10-19 12:00:00
194.5,216.35059,2025-10-19 12:00:00
348.0,248.62462,2025-10-19 13:00:00
252.0,216.68333,2025-10-19 13:00:00
371.0,330.1506,2025-10-19 13:00:00
298.0,247.11223,2025-10-19 13:00:00
182.25,180.37962,2025-10-19 13:00:00
222.0,229.45538,2025-10-19 14:00:00
299.0,294.4888,2025-10-19 14:00:00
153.5,152.77075,2025-10-19 14:00:00
262.0,246.08044,2025-10-19 14:00:00
240.0,205.38464,2025-10-19 14:00:00
207.0,217.60031,2025-10-19 15:00:00
223.0,252.54109,2025-10-19 15:00:00
133.0,142.92479,2025-10-19 15:00:00
220.0,237.78813,2025-10-19 15:00:00
217.0,264.48288,2025-10-19 15:00:00
193.0,262.58084,2025-10-19 16:00:00
310.0,230.65344,2025-10-19 16:00:00
188.0,229.53142,2025-10-19 16:00:00
127.5,128.70876,2025-10-19 16:00:00
247.0,231.0632,2025-10-19 16:00:00
261.0,373.03326,2025-10-19 17:00:00
249.0,286.46326,2025-10-19 17:00:00
200.0,214.62488,2025-10-19 17:00:00
143.25,135.82362,2025-10-19 17:00:00
344.0,278.65472,2025-10-19 17:00:00
945.0,576.97656,2025-10-19 18:00:00
197.0,271.46713,2025-10-19 18:00:00
169.25,202.96625,2025-10-19 18:00:00
196.0,495.43997,2025-10-19 18:00:00
299.0,339.85422,2025-10-19 18:00:00
250.0,319.9054,2025-10-19 19:00:00
354.0,517.7387,2025-10-19 19:00:00
225.0,224.8509,2025-10-19 19:00:00
945.0,706.5788,2025-10-19 19:00:00
401.0,389.785,2025-10-19 19:00:00
328.5,257.4262,2025-10-19 20:00:00
447.0,382.39603,2025-10-19 20:00:00
616.0,691.61487,2025-10-19 20:00:00
401.0,413.37988,2025-10-19 20:00:00
422.0,562.7318,2025-10-19 20:00:00
733.0,424.83777,2025-10-19 21:00:00
995.0,442.7426,2025-10-19 21:00:00
616.0,713.22205,2025-10-19 21:00:00
396.25,281.6357,2025-10-19 21:00:00
514.0,653.029,2025-10-19 21:00:00
763.0,696.8941,2025-10-19 22:00:00
917.0,515.7634,2025-10-19 22:00:00
586.25,342.29782,2025-10-19 22:00:00
995.0,408.16623,2025-10-19 22:00:00
616.0,680.9496,2025-10-19 22:00:00
917.0,532.5912,2025-10-19 23:00:00
616.0,625.72504,2025-10-19 23:00:00
763.0,702.5594,2025-10-19 23:00:00
746.3333333333334,332.1995,2025-10-19 23:00:00
746.3333333333334,268.80286,2025-10-20 00:00:00
917.0,459.69223,2025-10-20 00:00:00
763.0,653.2755,2025-10-20 00:00:00
746.3333333333334,267.09634,2025-10-20 01:00:00
917.0,460.1564,2025-10-20 01:00:00
763.0,674.5765,2025-10-20 01:00:00
746.3333333333334,269.42944,2025-10-20 02:00:00
592.0,611.08777,2025-10-20 05:00:00
564.0,592.4483,2025-10-20 06:00:00
721.0,472.75873,2025-10-20 06:00:00
757.0,456.68018,2025-10-20 07:00:00
469.0,555.354,2025-10-20 07:00:00
997.0,432.0723,2025-10-20 07:00:00
846.3333333333334,301.39636,2025-10-20 07:00:00
799.0,379.96634,2025-10-20 08:00:00
465.0,602.5817,2025-10-20 08:00:00
599.0,435.9164,2025-10-20 08:00:00
604.5,308.3333,2025-10-20 08:00:00
957.0,455.77087,2025-10-20 08:00:00
392.0,587.1898,2025-10-20 09:00:00
352.5,299.25864,2025-10-20 09:00:00
586.0,374.28275,2025-10-20 09:00:00
760.0,415.64334,2025-10-20 09:00:00
478.0,360.97775,2025-10-20 09:00:00
366.0,332.00107,2025-10-20 10:00:00
351.0,307.18192,2025-10-20 10:00:00
306.0,496.8442,2025-10-20 10:00:00
291.0,340.42993,2025-10-20 10:00:00
233.5,291.8878,2025-10-20 10:00:00
293.0,292.80295,2025-10-20 11:00:00
300.0,255.78691,2025-10-20 11:00:00
201.75,269.30826,2025-10-20 11:00:00
408.0,284.5141,2025-10-20 11:00:00
322.0,456.32892,2025-10-20 11:00:00
232.0,267.14597,2025-10-20 12:00:00
208.0,240.81448,2025-10-20 12:00:00
148.0,210.1044,2025-10-20 12:00:00
208.0,338.9092,2025-10-20 12:00:00
227.0,255.87825,2025-10-20 12:00:00
187.0,211.53413,2025-10-20 13:00:00
208.0,234.42534,2025-10-20 13:00:00
148.0,178.28476,2025-10-20 13:00:00
184.0,361.35434,2025-10-20 13:00:00
219.0,288.64612,2025-10-20 13:00:00
145.0,268.4995,2025-10-20 14:00:00
208.0,184.34586,2025-10-20 14:00:00
171.0,216.1127,2025-10-20 14:00:00
163.0,207.36804,2025-10-20 14:00:00
148.0,176.3822,2025-10-20 14:00:00
164.0,241.42776,2025-10-20 15:00:00
116.0,286.5219,2025-10-20 15:00:00
42.333333333333336,165.32558,2025-10-20 15:00:00
141.0,232.7871,2025-10-20 15:00:00
208.0,209.48749,2025-10-20 15:00:00
189.0,302.81805,2025-10-20 16:00:00
128.0,265.38034,2025-10-20 16:00:00
125.75,149.86888,2025-10-20 16:00:00
133.0,251.85863,2025-10-20 16:00:00
246.0,334.00626,2025-10-20 17:00:00
137.0,140.16318,2025-10-20 17:00:00
208.0,197.32155,2025-10-20 17:00:00
147.0,253.68553,2025-10-20 17:00:00
186.0,348.6295,2025-10-20 17:00:00
211.0,328.2818,2025-10-20 18:00:00
262.0,321.1788,2025-10-20 18:00:00
278.0,608.32513,2025-10-20 18:00:00
155.25,187.78069,2025-10-20 18:00:00
208.0,189.59824,2025-10-20 18:00:00
353.0,407.95694,2025-10-20 19:00:00
273.0,284.45776,2025-10-20 19:00:00
390.0,654.2556,2025-10-20 19:00:00
175.0,212.47139,2025-10-20 19:00:00
310.0,362.24173,2025-10-20 19:00:00
426.0,427.2454,2025-10-20 20:00:00
227.0,263.43713,2025-10-20 20:00:00
585.0,462.35922,2025-10-20 20:00:00
432.0,350.00778,2025-10-20 20:00:00
643.0,650.43726,2025-10-20 20:00:00
508.0,669.1527,2025-10-20 21:00:00
310.0,317.9935,2025-10-20 21:00:00
426.0,480.92737,2025-10-20 21:00:00
500.0,433.3096,2025-10-20 21:00:00
622.0,579.5718,2025-10-20 21:00:00
281.5,344.0464,2025-10-20 22:00:00
426.0,480.63098,2025-10-20 22:00:00
626.0,599.9273,2025-10-20 22:00:00
544.0,668.21356,2025-10-20 22:00:00
561.0,534.11475,2025-10-20 22:00:00
730.0,671.6172,2025-10-20 23:00:00
426.0,456.54742,2025-10-20 23:00:00
476.0,586.9989,2025-10-20 23:00:00
301.0,428.0387,2025-10-20 23:00:00
714.0,486.38336,2025-10-20 23:00:00
714.0,487.74194,2025-10-21 00:00:00
323.25,431.9039,2025-10-21 00:00:00
685.0,650.1384,2025-10-21 00:00:00
421.0,519.0198,2025-10-21 00:00:00
714.0,547.55994,2025-10-21 01:00:00
356.5,382.664,2025-10-21 01:00:00
891.0,634.3129,2025-10-21 01:00:00
356.25,412.59708,2025-10-21 02:00:00
403.0,566.46326,2025-10-21 05:00:00
277.0,450.9769,2025-10-21 05:00:00
569.0,592.0121,2025-10-21 06:00:00
290.0,529.66833,2025-10-21 06:00:00
294.0,531.8803,2025-10-21 07:00:00
428.0,569.99713,2025-10-21 07:00:00
497.0,539.48773,2025-10-21 07:00:00
281.75,504.0162,2025-10-21 07:00:00
332.0,462.97873,2025-10-21 08:00:00
585.0,521.15265,2025-10-21 08:00:00
347.0,526.2887,2025-10-21 08:00:00
291.0,589.4917,2025-10-21 08:00:00
304.0,518.1042,2025-10-21 08:00:00
370.0,488.2591,2025-10-21 09:00:00
343.25,340.8342,2025-10-21 09:00:00
497.0,444.22437,2025-10-21 09:00:00
298.0,498.29535,2025-10-21 09:00:00
368.0,491.26672,2025-10-21 09:00:00
566.0,325.40817,2025-10-21 10:00:00
381.0,497.20157,2025-10-21 10:00:00
387.25,216.40573,2025-10-21 10:00:00
417.0,424.67914,2025-10-21 10:00:00
385.0,417.15558,2025-10-21 10:00:00
396.0,348.07416,2025-10-21 11:00:00
421.0,340.55362,2025-10-21 11:00:00
395.0,345.95706,2025-10-21 11:00:00
543.0,318.399,2025-10-21 11:00:00
373.25,191.43654,2025-10-21 11:00:00
357.0,316.78253,2025-10-21 12:00:00
297.0,193.87599,2025-10-21 12:00:00
392.0,266.34775,2025-10-21 12:00:00
453.0,281.4828,2025-10-21 12:00:00
407.0,314.15067,2025-10-21 12:00:00
240.0,206.76646,2025-10-21 13:00:00
337.0,271.96567,2025-10-21 13:00:00
421.0,266.50076,2025-10-21 13:00:00
309.0,309.83273,2025-10-21 13:00:00
313.0,297.5876,2025-10-21 13:00:00
233.0,284.61163,2025-10-21 14:00:00
362.0,225.54326,2025-10-21 14:00:00
263.0,226.1519,2025-10-21 14:00:00
187.25,194.61024,2025-10-21 14:00:00
283.0,246.65918,2025-10-21 14:00:00
140.75,212.52531,2025-10-21 15:00:00
194.0,253.48512,2025-10-21 15:00:00
365.0,244.60947,2025-10-21 15:00:00
249.0,228.85385,2025-10-21 15:00:00
210.0,216.5013,2025-10-21 15:00:00
221.0,217.604,2025-10-21 16:00:00
178.0,213.98856,2025-10-21 16:00:00
356.0,227.85367,2025-10-21 16:00:00
128.25,244.05487,2025-10-21 16:00:00
665.0,279.6139,2025-10-21 17:00:00
198.0,264.14236,2025-10-21 17:00:00
178.0,298.73065,2025-10-21 17:00:00
133.5,234.71866,2025-10-21 17:00:00
235.0,342.09622,2025-10-21 17:00:00
212.0,395.99353,2025-10-21 18:00:00
225.0,267.67236,2025-10-21 18:00:00
670.0,263.21045,2025-10-21 18:00:00
148.25,275.38037,2025-10-21 18:00:00
183.0,338.32138,2025-10-21 18:00:00
611.0,353.58463,2025-10-21 19:00:00
229.0,374.55338,2025-10-21 19:00:00
161.75,343.09036,2025-10-21 19:00:00
245.0,527.1403,2025-10-21 19:00:00
258.0,368.77094,2025-10-21 19:00:00
318.0,383.8059,2025-10-21 20:00:00
508.0,443.30408,2025-10-21 20:00:00
279.0,373.2814,2025-10-21 20:00:00
273.0,526.6463,2025-10-21 20:00:00
169.25,316.20294,2025-10-21 20:00:00
320.0,535.7981,2025-10-21 21:00:00
357.0,458.8808,2025-10-21 21:00:00
174.25,437.07324,2025-10-21 21:00:00
351.0,403.4722,2025-10-21 21:00:00
471.0,542.33075,2025-10-21 21:00:00
614.0,593.05865,2025-10-21 22:00:00
429.0,457.96512,2025-10-21 22:00:00
200.75,393.133,2025-10-21 22:00:00
322.0,385.4995,2025-10-21 22:00:00
393.0,510.2144,2025-10-21 22:00:00
809.0,590.3487,2025-10-21 23:00:00
422.0,524.65826,2025-10-21 23:00:00
311.0,388.50293,2025-10-21 23:00:00
403.0,463.24277,2025-10-21 23:00:00
208.0,400.68567,2025-10-21 23:00:00
214.0,347.98175,2025-10-22 00:00:00
311.0,379.5926,2025-10-22 00:00:00
331.0,503.9625,2025-10-22 00:00:00
321.0,355.83115,2025-10-22 00:00:00
649.0,574.602,2025-10-22 00:00:00
191.75,355.93765,2025-10-22 01:00:00
315.0,560.4124,2025-10-22 01:00:00
541.0,547.0783,2025-10-22 01:00:00
254.0,389.77078,2025-10-22 01:00:00
280.0,333.6539,2025-10-22 01:00:00
263.0,459.9702,2025-10-22 02:00:00
189.25,385.28366,2025-10-22 02:00:00
232.0,288.4485,2025-10-22 02:00:00
267.0,361.42374,2025-10-22 02:00:00
592.0,435.53152,2025-10-22 02:00:00
195.0,285.53915,2025-10-22 03:00:00
183.0,371.61813,2025-10-22 03:00:00
214.0,252.00156,2025-10-22 03:00:00
224.0,387.94907,2025-10-22 03:00:00
581.0,486.64554,2025-10-22 03:00:00
256.0,352.41495,2025-10-22 04:00:00
221.0,416.41766,2025-10-22 04:00:00
185.75,251.83372,2025-10-22 04:00:00
210.0,254.70744,2025-10-22 04:00:00
586.0,423.2812,2025-10-22 04:00:00
196.75,249.0772,2025-10-22 05:00:00
219.0,392.823,2025-10-22 05:00:00
203.0,284.73526,2025-10-22 05:00:00
494.0,423.87552,2025-10-22 05:00:00
251.0,341.20157,2025-10-22 05:00:00
188.0,331.60675,2025-10-22 06:00:00
199.75,298.94498,2025-10-22 06:00:00
250.0,370.4267,2025-10-22 06:00:00
199.0,294.97913,2025-10-22 06:00:00
484.0,430.14987,2025-10-22 06:00:00
192.0,266.71216,2025-10-22 07:00:00
547.0,458.78363,2025-10-22 07:00:00
214.75,395.46155,2025-10-22 07:00:00
196.0,395.52863,2025-10-22 07:00:00
240.0,363.61728,2025-10-22 07:00:00
192.0,391.46533,2025-10-22 08:00:00
538.0,540.02435,2025-10-22 08:00:00
266.0,391.0794,2025-10-22 08:00:00
230.0,401.58475,2025-10-22 08:00:00
208.0,400.09302,2025-10-22 08:00:00
225.0,301.8048,2025-10-22 09:00:00
284.0,437.20197,2025-10-22 09:00:00
334.0,410.26392,2025-10-22 09:00:00
423.0,444.90457,2025-10-22 09:00:00
355.0,392.15012,2025-10-22 09:00:00
339.0,351.00565,2025-10-22 10:00:00
310.0,307.17346,2025-10-22 10:00:00
222.25,262.6416,2025-10-22 10:00:00
354.0,397.72498,2025-10-22 10:00:00
242.0,304.59445,2025-10-22 10:00:00
212.5,218.07675,2025-10-22 11:00:00
261.0,312.32172,2025-10-22 11:00:00
310.0,315.40945,2025-10-22 11:00:00
311.0,340.23138,2025-10-22 11:00:00
274.0,287.31775,2025-10-22 11:00:00
195.75,183.20634,2025-10-22 12:00:00
265.0,273.22113,2025-10-22 12:00:00
313.0,322.25778,2025-10-22 12:00:00
271.0,273.1564,2025-10-22 12:00:00
323.0,261.02066,2025-10-22 12:00:00
173.25,179.30618,2025-10-22 13:00:00
464.0,346.33096,2025-10-22 13:00:00
261.0,302.21664,2025-10-22 13:00:00
268.0,229.3438,2025-10-22 13:00:00
238.0,242.80666,2025-10-22 13:00:00
437.0,329.33377,2025-10-22 14:00:00
178.25,178.26979,2025-10-22 14:00:00
206.0,248.93898,2025-10-22 14:00:00
195.0,217.10219,2025-10-22 14:00:00
252.0,205.72762,2025-10-22 14:00:00
136.0,183.23322,2025-10-22 15:00:00
186.0,243.75203,2025-10-22 15:00:00
157.75,144.20609,2025-10-22 15:00:00
304.0,268.9771,2025-10-22 15:00:00
186.0,187.4955,2025-10-22 15:00:00
178.0,217.3382,2025-10-22 16:00:00
410.0,289.3659,2025-10-22 16:00:00
156.0,165.0131,2025-10-22 16:00:00
139.0,187.70656,2025-10-22 16:00:00
104.0,155.1963,2025-10-22 16:00:00
145.0,174.7828,2025-10-22 17:00:00
101.5,137.35089,2025-10-22 17:00:00
379.0,336.11575,2025-10-22 17:00:00
163.0,222.08298,2025-10-22 17:00:00
158.0,180.88286,2025-10-22 17:00:00
210.0,231.69011,2025-10-22 18:00:00
505.0,442.3837,2025-10-22 18:00:00
158.0,222.54454,2025-10-22 18:00:00
177.0,193.15773,2025-10-22 18:00:00
122.0,165.92111,2025-10-22 18:00:00
322.0,337.44144,2025-10-22 19:00:00
160.75,190.79764,2025-10-22 19:00:00
158.0,294.45923,2025-10-22 19:00:00
246.0,232.18608,2025-10-22 19:00:00
354.0,480.5685,2025-10-22 19:00:00
158.0,294.98428,2025-10-22 20:00:00
512.0,379.03238,2025-10-22 20:00:00
290.0,335.44785,2025-10-22 20:00:00
182.75,233.18369,2025-10-22 20:00:00
503.0,623.87274,2025-10-22 20:00:00
596.0,455.9604,2025-10-22 21:00:00
210.5,243.92137,2025-10-22 21:00:00
322.0,370.47617,2025-10-22 21:00:00
638.0,590.9315,2025-10-22 21:00:00
509.0,496.7272,2025-10-22 22:00:00
356.0,427.53162,2025-10-22 22:00:00
223.75,251.30997,2025-10-22 22:00:00
736.0,638.4579,2025-10-22 22:00:00
892.0,641.0079,2025-10-22 23:00:00
332.0,410.11514,2025-10-22 23:00:00
232.66666666666663,220.87897,2025-10-22 23:00:00
613.0,476.09357,2025-10-22 23:00:00
458.0,424.85385,2025-10-23 00:00:00
212.25,230.49309,2025-10-23 00:00:00
342.0,389.6912,2025-10-23 00:00:00
892.0,608.0526,2025-10-23 00:00:00
195.0,223.77176,2025-10-23 01:00:00
317.0,360.16724,2025-10-23 01:00:00
356.0,374.35385,2025-10-23 01:00:00
892.0,610.22766,2025-10-23 01:00:00
393.0,335.59158,2025-10-23 02:00:00
189.75,211.84123,2025-10-23 02:00:00
254.0,307.65155,2025-10-23 02:00:00
334.0,342.92767,2025-10-23 02:00:00
980.0,599.2462,2025-10-23 02:00:00
278.0,294.5506,2025-10-23 03:00:00
192.75,220.59363,2025-10-23 03:00:00
310.0,273.00415,2025-10-23 03:00:00
252.0,279.22565,2025-10-23 03:00:00
576.0,595.8157,2025-10-23 03:00:00
290.0,284.777,2025-10-23 04:00:00
244.0,300.13385,2025-10-23 04:00:00
241.0,270.86475,2025-10-23 04:00:00
653.0,574.98724,2025-10-23 04:00:00
187.25,214.14157,2025-10-23 04:00:00
641.0,551.96313,2025-10-23 05:00:00
257.0,278.79868,2025-10-23 05:00:00
248.0,244.9229,2025-10-23 05:00:00
268.0,254.75682,2025-10-23 05:00:00
166.5,203.52457,2025-10-23 05:00:00
259.0,224.88844,2025-10-23 06:00:00
267.0,258.2407,2025-10-23 06:00:00
153.25,204.4939,2025-10-23 06:00:00
450.0,574.82166,2025-10-23 06:00:00
234.0,261.39948,2025-10-23 06:00:00
168.0,227.12122,2025-10-23 07:00:00
190.0,274.41473,2025-10-23 07:00:00
523.0,579.47595,2025-10-23 07:00:00
239.0,239.22668,2025-10-23 07:00:00
372.0,273.18607,2025-10-23 07:00:00
537.0,610.5771,2025-10-23 08:00:00
249.0,262.57803,2025-10-23 08:00:00
199.0,367.30933,2025-10-23 08:00:00
173.5,264.11124,2025-10-23 08:00:00
396.0,296.2612,2025-10-23 08:00:00
440.0,530.0392,2025-10-23 09:00:00
226.0,376.1631,2025-10-23 09:00:00
345.0,377.41312,2025-10-23 09:00:00
165.25,234.36067,2025-10-23 09:00:00
252.0,353.31848,2025-10-23 09:00:00
189.75,209.31996,2025-10-23 10:00:00
294.0,354.27316,2025-10-23 10:00:00
265.0,318.0888,2025-10-23 10:00:00
730.0,411.3853,2025-10-23 10:00:00
342.0,292.30527,2025-10-23 10:00:00
175.25,193.61479,2025-10-23 11:00:00
273.0,293.08963,2025-10-23 11:00:00
202.0,316.84338,2025-10-23 11:00:00
509.0,358.40793,2025-10-23 11:00:00
293.0,335.98605,2025-10-23 11:00:00
409.0,378.35522,2025-10-23 12:00:00
241.0,281.8067,2025-10-23 12:00:00
202.0,321.66467,2025-10-23 12:00:00
349.0,275.8798,2025-10-23 12:00:00
176.5,196.92723,2025-10-23 12:00:00
297.0,270.2877,2025-10-23 13:00:00
223.0,285.96698,2025-10-23 13:00:00
139.5,181.04921,2025-10-23 13:00:00
365.0,395.87573,2025-10-23 13:00:00
205.0,240.90884,2025-10-23 13:00:00
152.0,208.50072,2025-10-23 14:00:00
158.0,267.24783,2025-10-23 14:00:00
184.0,240.95213,2025-10-23 14:00:00
313.0,341.97104,2025-10-23 14:00:00
98.0,165.80965,2025-10-23 14:00:00
155.0,336.33987,2025-10-23 15:00:00
152.0,195.96678,2025-10-23 15:00:00
103.75,159.81287,2025-10-23 15:00:00
149.0,217.9249,2025-10-23 15:00:00
179.0,222.33195,2025-10-23 15:00:00
153.0,203.41672,2025-10-23 16:00:00
193.0,382.99103,2025-10-23 16:00:00
164.0,204.14209,2025-10-23 16:00:00
152.0,195.40599,2025-10-23 16:00:00
97.0,146.24767,2025-10-23 16:00:00
138.0,210.99336,2025-10-23 17:00:00
370.0,371.34888,2025-10-23 17:00:00
100.0,131.0382,2025-10-23 17:00:00
162.0,186.12704,2025-10-23 17:00:00
169.0,207.67198,2025-10-23 17:00:00
130.0,132.76733,2025-10-23 18:00:00
489.0,406.775,2025-10-23 18:00:00
284.0,256.66495,2025-10-23 18:00:00
258.0,207.05641,2025-10-23 18:00:00
151.0,199.85188,2025-10-23 18:00:00
276.0,234.68633,2025-10-23 19:00:00
256.0,246.05177,2025-10-23 19:00:00
510.0,401.72046,2025-10-23 19:00:00
422.0,437.40503,2025-10-23 19:00:00
156.0,155.81532,2025-10-23 19:00:00
609.0,479.94962,2025-10-23 20:00:00
356.0,322.90985,2025-10-23 20:00:00
182.0,202.95036,2025-10-23 20:00:00
320.0,246.57793,2025-10-23 20:00:00
558.0,573.76733,2025-10-23 20:00:00
159.5,238.13008,2025-10-23 21:00:00
967.0,645.8944,2025-10-23 21:00:00
523.0,557.9599,2025-10-23 21:00:00
473.0,369.7593,2025-10-23 21:00:00
836.0,689.20435,2025-10-23 22:00:00
461.0,549.3091,2025-10-23 22:00:00
140.75,267.80756,2025-10-23 22:00:00
482.0,375.16956,2025-10-23 22:00:00
144.0,243.05565,2025-10-23 23:00:00
434.0,582.8689,2025-10-23 23:00:00
954.0,709.20685,2025-10-23 23:00:00
431.0,380.25253,2025-10-23 23:00:00
440.0,400.68927,2025-10-24 00:00:00
153.0,264.34952,2025-10-24 00:00:00
442.0,514.60693,2025-10-24 00:00:00
875.0,798.93585,2025-10-24 00:00:00
161.0,271.72284,2025-10-24 01:00:00
473.0,399.22888,2025-10-24 01:00:00
312.0,463.25677,2025-10-24 01:00:00
696.0,739.7998,2025-10-24 01:00:00
184.0,326.77548,2025-10-24 02:00:00
289.0,356.20392,2025-10-24 02:00:00
918.0,730.24316,2025-10-24 02:00:00
398.0,376.4406,2025-10-24 02:00:00
166.75,267.84424,2025-10-24 02:00:00
396.0,335.99246,2025-10-24 03:00:00
312.0,324.07196,2025-10-24 03:00:00
184.0,312.30853,2025-10-24 03:00:00
614.0,705.87054,2025-10-24 03:00:00
166.33333333333334,244.28494,2025-10-24 03:00:00
162.75,248.4658,2025-10-24 04:00:00
316.0,297.40894,2025-10-24 04:00:00
184.0,293.12122,2025-10-24 04:00:00
777.0,648.3604,2025-10-24 04:00:00
370.0,321.07443,2025-10-24 04:00:00
283.0,311.56314,2025-10-24 05:00:00
146.5,217.45868,2025-10-24 05:00:00
240.0,289.5068,2025-10-24 05:00:00
184.0,289.9953,2025-10-24 05:00:00
605.0,651.02783,2025-10-24 05:00:00
142.5,207.26866,2025-10-24 06:00:00
306.0,305.75372,2025-10-24 06:00:00
224.0,275.59802,2025-10-24 06:00:00
545.0,624.05725,2025-10-24 06:00:00
598.0,328.37134,2025-10-24 07:00:00
189.75,192.91878,2025-10-24 07:00:00
603.0,608.5897,2025-10-24 07:00:00
241.0,303.23877,2025-10-24 07:00:00
846.0,373.19754,2025-10-24 08:00:00
654.0,649.626,2025-10-24 08:00:00
274.75,261.9206,2025-10-24 08:00:00
305.0,331.9514,2025-10-24 08:00:00
343.0,388.72134,2025-10-24 09:00:00
300.5,242.4757,2025-10-24 09:00:00
482.0,408.5414,2025-10-24 09:00:00
859.0,585.07025,2025-10-24 09:00:00
365.0,293.12158,2025-10-24 10:00:00
332.5,218.41898,2025-10-24 10:00:00
668.0,526.0058,2025-10-24 10:00:00
263.0,362.24695,2025-10-24 10:00:00
322.25,198.25487,2025-10-24 11:00:00
367.0,286.69327,2025-10-24 11:00:00
736.0,423.37112,2025-10-24 11:00:00
400.0,274.18613,2025-10-24 11:00:00
181.75,190.45874,2025-10-24 12:00:00
291.0,385.4316,2025-10-24 12:00:00
210.0,251.86908,2025-10-24 12:00:00
423.0,253.30112,2025-10-24 12:00:00
175.25,166.05219,2025-10-24 13:00:00
221.0,372.74237,2025-10-24 13:00:00
381.0,243.0602,2025-10-24 13:00:00
199.0,241.90141,2025-10-24 13:00:00
352.0,244.97383,2025-10-24 13:00:00
242.0,247.06805,2025-10-24 14:00:00
328.0,202.04333,2025-10-24 14:00:00
274.0,370.82938,2025-10-24 14:00:00
201.0,221.2514,2025-10-24 14:00:00
146.75,143.33296,2025-10-24 14:00:00
328.0,200.90205,2025-10-24 15:00:00
123.0,232.2085,2025-10-24 15:00:00
320.0,322.58447,2025-10-24 15:00:00
205.0,225.64755,2025-10-24 15:00:00
161.5,125.90633,2025-10-24 15:00:00
167.0,219.45137,2025-10-24 16:00:00
328.0,180.79338,2025-10-24 16:00:00
494.0,308.45248,2025-10-24 16:00:00
165.25,118.664536,2025-10-24 16:00:00
159.0,201.4906,2025-10-24 16:00:00
213.0,190.0883,2025-10-24 17:00:00
216.0,206.28864,2025-10-24 17:00:00
170.0,114.85367,2025-10-24 17:00:00
487.0,234.25488,2025-10-24 17:00:00
426.0,403.55328,2025-10-24 17:00:00
213.0,195.64749,2025-10-24 18:00:00
437.0,348.32785,2025-10-24 18:00:00
331.0,258.91913,2025-10-24 18:00:00
179.5,146.9142,2025-10-24 18:00:00
471.0,464.61954,2025-10-24 18:00:00
416.0,273.47177,2025-10-24 19:00:00
193.0,171.25778,2025-10-24 19:00:00
366.0,276.63638,2025-10-24 19:00:00
512.0,601.12585,2025-10-24 19:00:00
437.0,468.70822,2025-10-24 19:00:00
406.0,338.67746,2025-10-24 20:00:00
779.0,716.159,2025-10-24 20:00:00
184.25,217.92989,2025-10-24 20:00:00
407.0,527.77704,2025-10-24 20:00:00
358.0,334.0004,2025-10-24 20:00:00
367.0,563.1316,2025-10-24 21:00:00
497.0,395.86765,2025-10-24 21:00:00
207.5,232.99777,2025-10-24 21:00:00
414.0,370.49844,2025-10-24 21:00:00
880.0,780.05536,2025-10-24 21:00:00
588.0,753.7723,2025-10-24 22:00:00
456.0,530.0879,2025-10-24 22:00:00
341.0,372.0231,2025-10-24 22:00:00
231.75,255.54916,2025-10-24 22:00:00
500.0,499.85034,2025-10-24 22:00:00
854.0,760.03217,2025-10-24 23:00:00
484.0,532.0768,2025-10-24 23:00:00
244.0,221.71867,2025-10-24 23:00:00
475.0,479.29382,2025-10-24 23:00:00
294.0,351.52426,2025-10-24 23:00:00
473.0,504.00638,2025-10-25 00:00:00
244.0,307.83978,2025-10-25 00:00:00
328.0,409.75204,2025-10-25 00:00:00
231.25,224.30191,2025-10-25 00:00:00
810.0,648.51904,2025-10-25 00:00:00
221.0,316.84814,2025-10-25 01:00:00
310.0,435.54477,2025-10-25 01:00:00
225.75,226.99214,2025-10-25 01:00:00
863.0,634.0372,2025-10-25 01:00:00
473.0,448.47488,2025-10-25 01:00:00
766.0,710.835,2025-10-25 02:00:00
365.0,397.04205,2025-10-25 02:00:00
226.5,248.27371,2025-10-25 02:00:00
227.0,292.11057,2025-10-25 02:00:00
280.0,410.28067,2025-10-25 02:00:00
234.0,238.47798,2025-10-25 03:00:00
356.0,392.45093,2025-10-25 03:00:00
267.0,380.8674,2025-10-25 03:00:00
657.0,685.94147,2025-10-25 03:00:00
230.0,278.88788,2025-10-25 03:00:00
705.0,672.2942,2025-10-25 04:00:00
237.25,233.17555,2025-10-25 04:00:00
343.0,363.63135,2025-10-25 04:00:00
213.0,277.4556,2025-10-25 04:00:00
257.0,353.40826,2025-10-25 04:00:00
214.0,256.02744,2025-10-25 05:00:00
293.0,370.61935,2025-10-25 05:00:00
250.0,343.77032,2025-10-25 05:00:00
226.75,221.5058,2025-10-25 05:00:00
593.0,709.4694,2025-10-25 05:00:00
251.0,315.49185,2025-10-25 06:00:00
228.0,210.6294,2025-10-25 06:00:00
265.0,336.9247,2025-10-25 06:00:00
526.0,675.60785,2025-10-25 06:00:00
237.0,232.82214,2025-10-25 07:00:00
293.0,465.53214,2025-10-25 07:00:00
251.0,334.79172,2025-10-25 07:00:00
525.0,713.94696,2025-10-25 07:00:00
682.0,720.00964,2025-10-25 08:00:00
275.0,250.06737,2025-10-25 08:00:00
278.0,327.78214,2025-10-25 08:00:00
318.0,582.3005,2025-10-25 08:00:00
239.0,242.60126,2025-10-25 09:00:00
254.0,405.90778,2025-10-25 09:00:00
331.0,540.94006,2025-10-25 09:00:00
483.0,667.50305,2025-10-25 09:00:00
267.0,482.64243,2025-10-25 10:00:00
165.0,245.24304,2025-10-25 10:00:00
550.0,544.17645,2025-10-25 10:00:00
193.0,303.75247,2025-10-25 10:00:00
416.0,453.10385,2025-10-25 11:00:00
250.0,315.26395,2025-10-25 11:00:00
223.0,367.80414,2025-10-25 11:00:00
148.5,232.81375,2025-10-25 11:00:00
127.5,180.58635,2025-10-25 12:00:00
227.0,345.282,2025-10-25 12:00:00
370.0,392.71793,2025-10-25 12:00:00
265.0,265.6522,2025-10-25 12:00:00
339.0,356.5103,2025-10-25 13:00:00
188.0,227.50671,2025-10-25 13:00:00
87.0,167.79353,2025-10-25 13:00:00
163.0,273.58893,2025-10-25 13:00:00
138.0,310.32098,2025-10-25 13:00:00
197.0,227.87662,2025-10-25 14:00:00
138.0,209.8252,2025-10-25 14:00:00
130.0,237.92642,2025-10-25 14:00:00
89.0,135.12645,2025-10-25 14:00:00
197.0,309.90128,2025-10-25 14:00:00
179.0,223.47357,2025-10-25 15:00:00
168.0,219.87433,2025-10-25 15:00:00
207.0,339.39435,2025-10-25 15:00:00
137.0,196.05136,2025-10-25 15:00:00
145.0,141.14133,2025-10-25 15:00:00
143.75,131.08899,2025-10-25 16:00:00
138.0,218.10013,2025-10-25 16:00:00
158.0,306.75125,2025-10-25 16:00:00
202.0,195.96713,2025-10-25 16:00:00
215.0,218.54604,2025-10-25 16:00:00
153.0,343.24158,2025-10-25 17:00:00
140.5,146.21022,2025-10-25 17:00:00
173.0,213.52972,2025-10-25 17:00:00
433.0,354.4853,2025-10-25 17:00:00
167.0,222.5687,2025-10-25 17:00:00
506.0,541.2515,2025-10-25 18:00:00
138.75,168.06152,2025-10-25 18:00:00
275.0,312.47934,2025-10-25 18:00:00
1000.0,418.36243,2025-10-25 18:00:00
226.0,219.97859,2025-10-25 18:00:00
165.0,216.14568,2025-10-25 19:00:00
1000.0,556.5623,2025-10-25 19:00:00
335.0,320.67654,2025-10-25 19:00:00
331.0,333.89517,2025-10-25 19:00:00
593.0,543.0249,2025-10-25 19:00:00
585.0,669.1977,2025-10-25 20:00:00
465.0,391.0525,2025-10-25 20:00:00
415.0,367.05447,2025-10-25 20:00:00
1000.0,524.2191,2025-10-25 20:00:00
191.75,216.34715,2025-10-25 20:00:00
347.0,352.92792,2025-10-25 21:00:00
762.0,745.8843,2025-10-25 21:00:00
198.5,226.37216,2025-10-25 21:00:00
449.0,425.88705,2025-10-25 21:00:00
702.0,465.37592,2025-10-25 21:00:00
206.25,246.41443,2025-10-25 22:00:00
814.0,755.0364,2025-10-25 22:00:00
407.0,319.51404,2025-10-25 22:00:00
473.0,419.29056,2025-10-25 22:00:00
578.0,510.69595,2025-10-25 22:00:00
462.0,516.67206,2025-10-25 23:00:00
444.0,478.5629,2025-10-25 23:00:00
216.3333333333333,255.01096,2025-10-25 23:00:00
341.0,332.12436,2025-10-25 23:00:00
696.0,756.29376,2025-10-25 23:00:00
458.0,458.63757,2025-10-26 00:00:00
390.0,419.81207,2025-10-26 00:00:00
279.0,310.09296,2025-10-26 00:00:00
203.75,253.34377,2025-10-26 00:00:00
757.0,706.1578,2025-10-26 00:00:00
708.0,696.4561,2025-10-26 01:00:00
290.0,376.2129,2025-10-26 01:00:00
198.5,271.0108,2025-10-26 01:00:00
237.0,290.3401,2025-10-26 01:00:00
355.0,461.70053,2025-10-26 01:00:00
187.25,255.84544,2025-10-26 02:00:00
249.0,347.34518,2025-10-26 02:00:00
335.0,381.27917,2025-10-26 02:00:00
686.0,640.9359,2025-10-26 02:00:00
209.0,275.38525,2025-10-26 02:00:00
196.5,248.50365,2025-10-26 03:00:00
799.0,608.51917,2025-10-26 03:00:00
188.0,259.0231,2025-10-26 03:00:00
193.0,319.12967,2025-10-26 03:00:00
269.0,372.62036,2025-10-26 03:00:00
173.0,302.3159,2025-10-26 04:00:00
208.75,259.94693,2025-10-26 04:00:00
660.0,648.1021,2025-10-26 04:00:00
235.0,377.21725,2025-10-26 04:00:00
178.0,246.03183,2025-10-26 04:00:00
203.0,221.56145,2025-10-26 05:00:00
487.0,594.7724,2025-10-26 05:00:00
169.0,299.0802,2025-10-26 05:00:00
249.0,317.7047,2025-10-26 05:00:00
173.0,235.43373,2025-10-26 05:00:00
163.0,232.83264,2025-10-26 06:00:00
306.0,312.40512,2025-10-26 06:00:00
204.0,313.4219,2025-10-26 06:00:00
196.5,225.00789,2025-10-26 06:00:00
521.0,564.5623,2025-10-26 06:00:00
313.0,346.4688,2025-10-26 07:00:00
267.75,275.068,2025-10-26 07:00:00
177.0,269.8246,2025-10-26 07:00:00
406.0,518.0451,2025-10-26 07:00:00
393.0,363.1326,2025-10-26 07:00:00
356.25,291.5874,2025-10-26 08:00:00
484.0,381.44577,2025-10-26 08:00:00
465.0,408.0332,2025-10-26 08:00:00
300.0,335.54532,2025-10-26 08:00:00
438.0,627.0744,2025-10-26 08:00:00
370.0,318.2853,2025-10-26 09:00:00
280.25,276.5484,2025-10-26 09:00:00
431.0,402.0605,2025-10-26 09:00:00
505.0,435.456,2025-10-26 09:00:00
497.0,592.2697,2025-10-26 09:00:00
472.0,339.53082,2025-10-26 10:00:00
495.0,281.31204,2025-10-26 10:00:00
235.75,274.7141,2025-10-26 10:00:00
387.0,342.58856,2025-10-26 10:00:00
460.0,562.5892,2025-10-26 10:00:00
199.75,236.05927,2025-10-26 11:00:00
422.0,317.92313,2025-10-26 11:00:00
327.0,321.92374,2025-10-26 11:00:00
351.0,436.65024,2025-10-26 11:00:00
353.0,289.2493,2025-10-26 11:00:00
265.0,270.38113,2025-10-26 12:00:00
442.0,259.5239,2025-10-26 12:00:00
279.0,275.25037,2025-10-26 12:00:00
263.0,411.61813,2025-10-26 12:00:00
204.0,197.0378,2025-10-26 12:00:00
380.0,198.82014,2025-10-26 13:00:00
276.0,246.77289,2025-10-26 13:00:00
337.0,328.14447,2025-10-26 13:00:00
204.0,177.10954,2025-10-26 13:00:00
267.0,239.6151,2025-10-26 13:00:00
185.75,159.3091,2025-10-26 14:00:00
324.0,289.164,2025-10-26 14:00:00
238.0,216.2469,2025-10-26 14:00:00
287.0,227.10423,2025-10-26 14:00:00
279.0,228.5714,2025-10-26 14:00:00
315.0,273.89276,2025-10-26 15:00:00
233.0,182.3526,2025-10-26 15:00:00
191.25,143.86737,2025-10-26 15:00:00
250.0,190.0138,2025-10-26 15:00:00
278.0,231.34258,2025-10-26 15:00:00
295.0,221.93294,2025-10-26 16:00:00
182.5,148.15797,2025-10-26 16:00:00
288.0,235.07356,2025-10-26 16:00:00
385.0,240.69926,2025-10-26 16:00:00
226.0,193.25006,2025-10-26 16:00:00
266.0,256.43243,2025-10-26 17:00:00
425.0,397.96246,2025-10-26 17:00:00
288.0,188.68784,2025-10-26 17:00:00
161.25,171.37985,2025-10-26 17:00:00
246.0,215.38243,2025-10-26 17:00:00
272.0,420.63065,2025-10-26 18:00:00
200.5,183.65643,2025-10-26 18:00:00
263.0,329.67145,2025-10-26 18:00:00
265.0,227.38443,2025-10-26 18:00:00
440.0,567.75085,2025-10-26 18:00:00
399.0,618.95465,2025-10-26 19:00:00
328.0,522.68555,2025-10-26 19:00:00
191.0,213.70354,2025-10-26 19:00:00
277.0,348.1302,2025-10-26 19:00:00
278.0,375.47372,2025-10-26 19:00:00
248.0,369.90915,2025-10-26 20:00:00
335.0,593.7862,2025-10-26 20:00:00
185.0,235.64482,2025-10-26 20:00:00
249.0,411.89148,2025-10-26 20:00:00
290.0,753.5773,2025-10-26 20:00:00
180.25,239.73064,2025-10-26 21:00:00
287.0,737.00995,2025-10-26 21:00:00
331.0,578.4275,2025-10-26 21:00:00
226.0,386.07843,2025-10-26 21:00:00
213.0,397.54892,2025-10-26 21:00:00
206.0,368.90027,2025-10-26 22:00:00
211.0,403.141,2025-10-26 22:00:00
268.0,551.0048,2025-10-26 22:00:00
182.0,228.25708,2025-10-26 22:00:00
409.0,738.3297,2025-10-26 22:00:00
215.0,480.8226,2025-10-26 23:00:00
203.0,318.90002,2025-10-26 23:00:00
192.66666666666663,248.43695,2025-10-26 23:00:00
268.0,652.4158,2025-10-26 23:00:00
204.0,393.2131,2025-10-26 23:00:00
197.0,368.9767,2025-10-27 00:00:00
171.0,368.89938,2025-10-27 00:00:00
219.0,612.15063,2025-10-27 00:00:00
172.0,280.29956,2025-10-27 00:00:00
189.5,240.2762,2025-10-27 00:00:00
199.25,240.58284,2025-10-27 01:00:00
160.0,295.27438,2025-10-27 01:00:00
166.0,261.38776,2025-10-27 01:00:00
189.0,347.62012,2025-10-27 01:00:00
188.0,652.19806,2025-10-27 01:00:00
179.0,234.03745,2025-10-27 02:00:00
291.0,643.00226,2025-10-27 02:00:00
183.0,296.86337,2025-10-27 02:00:00
172.0,308.79922,2025-10-27 02:00:00
158.0,262.09692,2025-10-27 02:00:00
187.0,269.64175,2025-10-27 03:00:00
161.5,230.87256,2025-10-27 03:00:00
210.0,628.9421,2025-10-27 03:00:00
189.0,293.80365,2025-10-27 03:00:00
183.0,253.95673,2025-10-27 03:00:00
189.0,261.24634,2025-10-27 04:00:00
271.0,291.28238,2025-10-27 04:00:00
164.0,225.91182,2025-10-27 04:00:00
193.0,236.88725,2025-10-27 04:00:00
219.0,675.83136,2025-10-27 04:00:00
256.0,273.39084,2025-10-27 05:00:00
252.0,660.13074,2025-10-27 05:00:00
189.0,225.5133,2025-10-27 05:00:00
257.0,296.4735,2025-10-27 05:00:00
193.5,240.12312,2025-10-27 05:00:00
274.0,591.07605,2025-10-27 06:00:00
360.0,333.0859,2025-10-27 06:00:00
265.0,299.61133,2025-10-27 06:00:00
210.5,219.2972,2025-10-27 06:00:00
195.0,244.99916,2025-10-27 06:00:00
265.0,393.46722,2025-10-27 07:00:00
249.0,333.00766,2025-10-27 07:00:00
255.0,259.53265,2025-10-27 07:00:00
227.75,254.71835,2025-10-27 07:00:00
291.0,520.13574,2025-10-27 07:00:00
318.0,575.6548,2025-10-27 08:00:00
270.0,329.08987,2025-10-27 08:00:00
332.0,316.94882,2025-10-27 08:00:00
301.0,434.3831,2025-10-27 08:00:00
241.5,260.79028,2025-10-27 08:00:00
248.25,270.5854,2025-10-27 09:00:00
335.0,507.0759,2025-10-27 09:00:00
287.0,276.17526,2025-10-27 09:00:00
366.0,525.28217,2025-10-27 09:00:00
406.0,392.5666,2025-10-27 09:00:00
344.0,398.25354,2025-10-27 10:00:00
339.0,443.51703,2025-10-27 10:00:00
298.0,266.89523,2025-10-27 10:00:00
295.0,223.9301,2025-10-27 10:00:00
354.0,308.38806,2025-10-27 10:00:00
269.0,282.4987,2025-10-27 11:00:00
271.0,368.2499,2025-10-27 11:00:00
233.25,170.31267,2025-10-27 11:00:00
280.0,238.7865,2025-10-27 11:00:00
282.0,340.36478,2025-10-27 11:00:00
313.0,262.10095,2025-10-27 12:00:00
197.0,294.14743,2025-10-27 12:00:00
207.0,268.87155,2025-10-27 12:00:00
175.25,138.6481,2025-10-27 12:00:00
199.0,220.85728,2025-10-27 12:00:00
164.0,157.69295,2025-10-27 13:00:00
204.0,315.4867,2025-10-27 13:00:00
157.0,216.03667,2025-10-27 13:00:00
264.0,239.56587,2025-10-27 13:00:00
207.0,225.90225,2025-10-27 13:00:00
171.5,158.77386,2025-10-27 14:00:00
241.0,190.45413,2025-10-27 14:00:00
190.0,182.70663,2025-10-27 14:00:00
271.0,273.39145,2025-10-27 14:00:00
251.0,189.70325,2025-10-27 14:00:00
199.0,253.17188,2025-10-27 15:00:00
245.0,162.1873,2025-10-27 15:00:00
183.25,165.39336,2025-10-27 15:00:00
200.0,177.13638,2025-10-27 15:00:00
206.0,205.4025,2025-10-27 15:00:00
217.0,226.76727,2025-10-27 16:00:00
221.0,282.72125,2025-10-27 16:00:00
255.0,224.34006,2025-10-27 16:00:00
189.0,172.7731,2025-10-27 16:00:00
181.0,213.71301,2025-10-27 16:00:00
197.25,159.13338,2025-10-27 17:00:00
265.0,283.035,2025-10-27 17:00:00
205.0,203.45314,2025-10-27 17:00:00
287.0,355.31442,2025-10-27 17:00:00
252.0,227.54475,2025-10-27 17:00:00
180.5,167.0519,2025-10-27 18:00:00
261.0,300.71332,2025-10-27 18:00:00
260.0,214.21768,2025-10-27 18:00:00
295.0,414.22144,2025-10-27 18:00:00
269.0,247.74149,2025-10-27 18:00:00
293.0,385.4818,2025-10-27 19:00:00
357.0,291.70407,2025-10-27 19:00:00
175.5,178.65944,2025-10-27 19:00:00
283.0,261.80807,2025-10-27 19:00:00
305.0,444.03873,2025-10-27 19:00:00
191.0,213.38795,2025-10-27 20:00:00
279.0,478.35556,2025-10-27 20:00:00
293.0,283.73813,2025-10-27 20:00:00
287.0,359.34088,2025-10-27 20:00:00
298.0,297.7345,2025-10-27 20:00:00
258.0,257.93497,2025-10-27 21:00:00
302.0,275.0199,2025-10-27 21:00:00
287.0,462.98608,2025-10-27 21:00:00
185.25,213.23718,2025-10-27 21:00:00
304.0,397.61584,2025-10-27 21:00:00
171.5,220.04521,2025-10-27 22:00:00
238.0,288.0875,2025-10-27 22:00:00
235.0,260.1045,2025-10-27 22:00:00
228.0,472.1513,2025-10-27 22:00:00
251.0,374.73538,2025-10-27 22:00:00
201.0,253.64232,2025-10-27 23:00:00
405.0,396.35925,2025-10-27 23:00:00
201.0,343.5415,2025-10-27 23:00:00
160.0,224.61511,2025-10-27 23:00:00
187.0,260.76184,2025-10-27 23:00:00
156.0,223.08907,2025-10-28 00:00:00
234.0,240.48042,2025-10-28 00:00:00
376.0,397.4969,2025-10-28 00:00:00
197.0,231.20322,2025-10-28 00:00:00
144.0,227.1351,2025-10-28 00:00:00
265.0,238.05504,2025-10-28 01:00:00
125.75,230.0367,2025-10-28 01:00:00
197.0,235.2268,2025-10-28 01:00:00
131.0,252.86671,2025-10-28 01:00:00
300.0,301.78632,2025-10-28 01:00:00
185.0,240.5234,2025-10-28 02:00:00
178.0,235.57639,2025-10-28 02:00:00
116.0,211.08144,2025-10-28 02:00:00
263.0,358.50528,2025-10-28 02:00:00
117.0,212.96336,2025-10-28 02:00:00
125.0,211.43576,2025-10-28 03:00:00
112.0,194.68391,2025-10-28 03:00:00
177.0,193.46448,2025-10-28 03:00:00
243.0,207.02538,2025-10-28 03:00:00
234.0,283.08566,2025-10-28 03:00:00
122.25,200.86977,2025-10-28 04:00:00
131.0,214.38893,2025-10-28 04:00:00
256.0,262.46786,2025-10-28 04:00:00
177.0,305.45123,2025-10-28 04:00:00
151.0,222.77065,2025-10-28 04:00:00
140.25,213.07718,2025-10-28 05:00:00
245.0,283.15298,2025-10-28 05:00:00
179.0,259.6476,2025-10-28 05:00:00
178.0,215.07164,2025-10-28 05:00:00
211.0,256.05197,2025-10-28 05:00:00
184.0,318.2599,2025-10-28 06:00:00
200.0,220.24344,2025-10-28 06:00:00
279.0,331.67038,2025-10-28 06:00:00
168.75,186.26677,2025-10-28 06:00:00
293.0,271.2975,2025-10-28 06:00:00
339.0,272.23087,2025-10-28 07:00:00
238.0,420.8191,2025-10-28 07:00:00
563.0,377.16772,2025-10-28 07:00:00
200.0,244.01395,2025-10-28 07:00:00
203.75,237.67003,2025-10-28 07:00:00
285.0,299.84787,2025-10-28 08:00:00
412.0,432.35342,2025-10-28 08:00:00
487.0,421.80396,2025-10-28 08:00:00
238.0,380.1795,2025-10-28 08:00:00
201.75,257.26788,2025-10-28 08:00:00
252.0,358.64172,2025-10-28 09:00:00
203.25,243.70198,2025-10-28 09:00:00
448.0,398.02063,2025-10-28 09:00:00
314.0,304.3111,2025-10-28 09:00:00
396.0,437.2616,2025-10-28 09:00:00
273.0,319.1582,2025-10-28 10:00:00
345.0,398.63736,2025-10-28 10:00:00
427.0,365.2512,2025-10-28 10:00:00
338.0,360.0939,2025-10-28 10:00:00
187.25,246.65152,2025-10-28 10:00:00
260.0,309.9668,2025-10-28 11:00:00
237.0,297.03467,2025-10-28 11:00:00
187.25,219.84114,2025-10-28 11:00:00
310.0,332.60715,2025-10-28 11:00:00
265.0,365.8556,2025-10-28 11:00:00
84.0,209.0991,2025-10-28 12:00:00
260.0,298.514,2025-10-28 12:00:00
271.0,290.17664,2025-10-28 12:00:00
249.0,277.73578,2025-10-28 12:00:00
252.0,354.04974,2025-10-28 12:00:00
248.0,305.39825,2025-10-28 13:00:00
199.5,175.89706,2025-10-28 13:00:00
256.0,237.48778,2025-10-28 13:00:00
276.0,280.06317,2025-10-28 13:00:00
265.0,211.93584,2025-10-28 13:00:00
235.0,226.50801,2025-10-28 14:00:00
298.0,244.5887,2025-10-28 14:00:00
301.0,316.9899,2025-10-28 14:00:00
216.25,164.7593,2025-10-28 14:00:00
238.0,234.76582,2025-10-28 14:00:00
285.0,209.28307,2025-10-28 15:00:00
228.25,175.98288,2025-10-28 15:00:00
302.0,276.525,2025-10-28 15:00:00
280.0,257.16565,2025-10-28 15:00:00
280.0,235.09596,2025-10-28 15:00:00
312.0,272.6722,2025-10-28 16:00:00
349.0,301.646,2025-10-28 16:00:00
305.0,234.83122,2025-10-28 16:00:00
342.0,223.53136,2025-10-28 16:00:00
245.25,172.48647,2025-10-28 16:00:00
352.0,256.56113,2025-10-28 17:00:00
338.0,337.88098,2025-10-28 17:00:00
254.5,208.04231,2025-10-28 17:00:00
316.0,244.97101,2025-10-28 17:00:00
360.0,321.06287,2025-10-28 17:00:00
438.0,385.94553,2025-10-28 18:00:00
361.0,311.71558,2025-10-28 18:00:00
283.0,262.24612,2025-10-28 18:00:00
401.0,279.8287,2025-10-28 18:00:00
278.25,213.64972,2025-10-28 18:00:00
434.0,354.58774,2025-10-28 19:00:00
281.5,225.18997,2025-10-28 19:00:00
332.0,268.9631,2025-10-28 19:00:00
495.0,417.22452,2025-10-28 19:00:00
416.0,322.82892,2025-10-28 19:00:00
488.0,365.0869,2025-10-28 20:00:00
469.0,323.2914,2025-10-28 20:00:00
495.0,376.27463,2025-10-28 20:00:00
392.0,282.93585,2025-10-28 20:00:00
287.0,250.38803,2025-10-28 20:00:00
421.0,326.4265,2025-10-28 21:00:00
423.0,316.33627,2025-10-28 21:00:00
498.0,401.6064,2025-10-28 21:00:00
443.0,381.88397,2025-10-28 21:00:00
293.5,235.35774,2025-10-28 21:00:00
455.0,335.90826,2025-10-28 22:00:00
437.0,298.9117,2025-10-28 22:00:00
576.0,425.97287,2025-10-28 22:00:00
414.0,318.22586,2025-10-28 22:00:00
291.75,245.64879,2025-10-28 22:00:00
288.0,234.68915,2025-10-28 23:00:00
352.0,255.25107,2025-10-28 23:00:00
426.0,303.17462,2025-10-28 23:00:00
548.0,431.92618,2025-10-28 23:00:00
421.0,265.59213,2025-10-28 23:00:00
444.0,277.9311,2025-10-29 00:00:00
425.0,262.23035,2025-10-29 00:00:00
310.75,221.1501,2025-10-29 00:00:00
347.0,245.83533,2025-10-29 00:00:00
583.0,383.3276,2025-10-29 00:00:00
400.0,265.07565,2025-10-29 01:00:00
322.0,245.9622,2025-10-29 01:00:00
660.0,387.9042,2025-10-29 01:00:00
401.0,255.29926,2025-10-29 01:00:00
305.25,220.4305,2025-10-29 01:00:00
428.0,208.88695,2025-10-29 02:00:00
423.0,235.43672,2025-10-29 02:00:00
323.75,168.50668,2025-10-29 02:00:00
688.0,403.9332,2025-10-29 02:00:00
307.0,223.50513,2025-10-29 02:00:00
326.5,159.00594,2025-10-29 03:00:00
366.0,225.16098,2025-10-29 03:00:00
360.0,233.96196,2025-10-29 03:00:00
729.0,321.4522,2025-10-29 03:00:00
316.0,188.56032,2025-10-29 03:00:00
367.0,192.98691,2025-10-29 04:00:00
303.0,182.64879,2025-10-29 04:00:00
394.0,225.98209,2025-10-29 04:00:00
527.0,271.19525,2025-10-29 04:00:00
333.25,160.87656,2025-10-29 04:00:00
477.0,280.2893,2025-10-29 05:00:00
361.0,286.13528,2025-10-29 05:00:00
410.0,314.73346,2025-10-29 05:00:00
340.0,162.16621,2025-10-29 05:00:00
314.0,209.3762,2025-10-29 05:00:00
415.0,312.22156,2025-10-29 06:00:00
464.0,295.81018,2025-10-29 06:00:00
367.5,185.23604,2025-10-29 06:00:00
361.0,247.30775,2025-10-29 06:00:00
325.0,213.25227,2025-10-29 06:00:00
510.0,381.42645,2025-10-29 07:00:00
455.0,324.15448,2025-10-29 07:00:00
394.0,212.85556,2025-10-29 07:00:00
360.0,234.97633,2025-10-29 07:00:00
451.0,284.61575,2025-10-29 07:00:00
548.0,428.14902,2025-10-29 08:00:00
393.0,232.99455,2025-10-29 08:00:00
461.0,426.41708,2025-10-29 08:00:00
458.0,370.03592,2025-10-29 08:00:00
440.0,306.84204,2025-10-29 08:00:00
391.25,188.15492,2025-10-29 09:00:00
544.0,337.7346,2025-10-29 09:00:00
523.0,425.9812,2025-10-29 09:00:00
506.0,314.1475,2025-10-29 09:00:00
498.0,403.4804,2025-10-29 09:00:00
760.0,365.0123,2025-10-29 10:00:00
583.0,256.6305,2025-10-29 10:00:00
294.0,183.12486,2025-10-29 10:00:00
498.0,329.02377,2025-10-29 10:00:00
495.0,362.66354,2025-10-29 10:00:00
434.0,264.2064,2025-10-29 11:00:00
251.25,193.05043,2025-10-29 11:00:00
384.0,304.1686,2025-10-29 11:00:00
494.0,225.4163,2025-10-29 11:00:00
409.0,284.98843,2025-10-29 11:00:00
246.0,271.00076,2025-10-29 12:00:00
288.0,219.42377,2025-10-29 12:00:00
250.0,270.86655,2025-10-29 12:00:00
160.0,171.40611,2025-10-29 12:00:00
254.0,301.7142,2025-10-29 12:00:00
165.5,166.88107,2025-10-29 13:00:00
260.0,208.42175,2025-10-29 13:00:00
314.0,206.02888,2025-10-29 13:00:00
265.0,224.0505,2025-10-29 13:00:00
221.0,274.30753,2025-10-29 13:00:00
183.0,152.51358,2025-10-29 14:00:00
276.0,296.99695,2025-10-29 14:00:00
244.0,183.31462,2025-10-29 14:00:00
269.0,175.3571,2025-10-29 14:00:00
164.0,256.96786,2025-10-29 14:00:00
282.0,207.42085,2025-10-29 15:00:00
191.5,166.20528,2025-10-29 15:00:00
227.0,210.77736,2025-10-29 15:00:00
227.0,220.74449,2025-10-29 15:00:00
263.0,268.14627,2025-10-29 15:00:00
254.0,293.39346,2025-10-29 16:00:00
202.0,204.53056,2025-10-29 16:00:00
239.0,252.365,2025-10-29 16:00:00
168.5,180.64622,2025-10-29 16:00:00
306.0,244.0006,2025-10-29 16:00:00
298.0,289.26694,2025-10-29 17:00:00
158.75,179.66132,2025-10-29 17:00:00
238.0,221.68808,2025-10-29 17:00:00
238.0,319.58722,2025-10-29 17:00:00
219.0,274.7312,2025-10-29 17:00:00
217.0,308.64493,2025-10-29 18:00:00
162.75,203.37027,2025-10-29 18:00:00
251.0,327.57346,2025-10-29 18:00:00
294.0,438.86728,2025-10-29 18:00:00
224.0,212.12863,2025-10-29 18:00:00
182.0,350.9641,2025-10-29 19:00:00
256.0,461.21558,2025-10-29 19:00:00
228.0,269.57004,2025-10-29 19:00:00
150.25,223.67381,2025-10-29 19:00:00
227.0,381.41742,2025-10-29 19:00:00
232.0,297.49136,2025-10-29 20:00:00
133.0,247.15262,2025-10-29 20:00:00
211.0,488.88004,2025-10-29 20:00:00
175.0,460.35892,2025-10-29 20:00:00
208.0,467.62564,2025-10-29 20:00:00
194.0,539.6113,2025-10-29 21:00:00
162.0,484.42935,2025-10-29 21:00:00
133.0,246.4548,2025-10-29 21:00:00
193.0,330.12863,2025-10-29 21:00:00
171.0,400.23608,2025-10-29 21:00:00
132.0,458.97076,2025-10-29 22:00:00
162.0,386.8185,2025-10-29 22:00:00
138.25,235.09003,2025-10-29 22:00:00
173.0,404.47137,2025-10-29 22:00:00
208.0,513.95935,2025-10-29 22:00:00
117.0,345.2038,2025-10-29 23:00:00
135.0,361.14633,2025-10-29 23:00:00
196.0,537.79584,2025-10-29 23:00:00
148.0,371.7172,2025-10-29 23:00:00
147.0,229.78981,2025-10-29 23:00:00
133.0,352.46555,2025-10-30 00:00:00
131.25,226.12953,2025-10-30 00:00:00
162.0,337.57434,2025-10-30 00:00:00
147.0,251.62418,2025-10-30 00:00:00
175.0,586.14905,2025-10-30 00:00:00
116.5,213.9885,2025-10-30 01:00:00
139.0,316.74292,2025-10-30 01:00:00
194.0,279.70526,2025-10-30 01:00:00
152.0,334.6195,2025-10-30 01:00:00
130.0,539.8677,2025-10-30 01:00:00
180.0,262.6966,2025-10-30 02:00:00
118.0,543.3481,2025-10-30 02:00:00
120.25,220.08893,2025-10-30 02:00:00
132.0,293.41052,2025-10-30 02:00:00
166.0,289.3554,2025-10-30 02:00:00
136.0,282.3436,2025-10-30 03:00:00
154.0,239.5372,2025-10-30 03:00:00
112.75,227.67044,2025-10-30 03:00:00
138.0,549.2189,2025-10-30 03:00:00
144.0,286.44708,2025-10-30 03:00:00
111.25,221.41103,2025-10-30 04:00:00
132.0,239.87222,2025-10-30 04:00:00
113.0,238.6803,2025-10-30 04:00:00
129.0,492.7602,2025-10-30 04:00:00
130.0,216.36736,2025-10-30 04:00:00
99.0,263.22284,2025-10-30 05:00:00
113.0,282.58914,2025-10-30 05:00:00
125.0,300.32574,2025-10-30 05:00:00
119.0,517.841,2025-10-30 05:00:00
105.75,254.6052,2025-10-30 05:00:00
105.0,462.79257,2025-10-30 06:00:00
87.0,289.4529,2025-10-30 06:00:00
121.0,291.50116,2025-10-30 06:00:00
100.25,260.61533,2025-10-30 06:00:00
111.0,347.66885,2025-10-30 06:00:00
132.0,401.22794,2025-10-30 07:00:00
135.0,367.0129,2025-10-30 07:00:00
114.0,527.8011,2025-10-30 07:00:00
99.0,315.92078,2025-10-30 07:00:00
95.5,297.7893,2025-10-30 07:00:00
122.0,532.38745,2025-10-30 08:00:00
164.0,414.83237,2025-10-30 08:00:00
103.5,288.66965,2025-10-30 08:00:00
124.0,398.62408,2025-10-30 08:00:00
127.0,383.60123,2025-10-30 08:00:00
313.0,495.51233,2025-10-30 09:00:00
161.0,510.7083,2025-10-30 09:00:00
161.0,382.69083,2025-10-30 09:00:00
124.25,276.97775,2025-10-30 09:00:00
158.0,498.77106,2025-10-30 09:00:00
178.0,559.7213,2025-10-30 10:00:00
225.0,429.75745,2025-10-30 10:00:00
142.75,276.19104,2025-10-30 10:00:00
153.0,344.13803,2025-10-30 10:00:00
151.0,441.1639,2025-10-30 10:00:00
320.0,396.50824,2025-10-30 11:00:00
155.0,348.43332,2025-10-30 11:00:00
235.0,370.37668,2025-10-30 11:00:00
157.0,297.8419,2025-10-30 11:00:00
148.66666666666666,230.63133,2025-10-30 11:00:00
158.0,281.80646,2025-10-30 12:00:00
157.33333333333334,143.6528,2025-10-30 12:00:00
269.0,242.89337,2025-10-30 12:00:00
206.0,388.18732,2025-10-30 12:00:00
138.0,286.44452,2025-10-30 12:00:00
160.75,147.70183,2025-10-30 13:00:00
157.0,282.49188,2025-10-30 13:00:00
158.0,206.10779,2025-10-30 13:00:00
153.0,249.19522,2025-10-30 13:00:00
241.0,273.56357,2025-10-30 13:00:00
165.0,195.49844,2025-10-30 14:00:00
195.0,268.3377,2025-10-30 14:00:00
145.0,203.31894,2025-10-30 14:00:00
155.66666666666666,166.63776,2025-10-30 14:00:00
146.0,231.04482,2025-10-30 14:00:00
279.0,262.20795,2025-10-30 15:00:00
119.0,202.55072,2025-10-30 15:00:00
157.0,192.77353,2025-10-30 15:00:00
261.0,288.16776,2025-10-30 15:00:00
137.66666666666666,171.67339,2025-10-30 15:00:00
171.0,327.22073,2025-10-30 16:00:00
343.0,269.4809,2025-10-30 16:00:00
119.0,205.9537,2025-10-30 16:00:00
134.0,172.5866,2025-10-30 16:00:00
147.0,201.29185,2025-10-30 16:00:00
147.0,222.71596,2025-10-30 17:00:00
139.75,193.48578,2025-10-30 17:00:00
140.0,323.86722,2025-10-30 17:00:00
131.0,264.2676,2025-10-30 17:00:00
278.0,274.59842,2025-10-30 17:00:00
162.75,216.24887,2025-10-30 18:00:00
278.0,356.11176,2025-10-30 18:00:00
332.0,289.15997,2025-10-30 18:00:00
150.0,243.50209,2025-10-30 18:00:00
193.0,282.92557,2025-10-30 18:00:00
299.0,291.60773,2025-10-30 19:00:00
246.0,230.35054,2025-10-30 19:00:00
193.0,229.71837,2025-10-30 19:00:00
168.25,200.9188,2025-10-30 19:00:00
284.0,378.83105,2025-10-30 19:00:00
176.25,202.32538,2025-10-30 20:00:00
346.0,330.06982,2025-10-30 20:00:00
299.0,287.53107,2025-10-30 20:00:00
279.0,258.44464,2025-10-30 20:00:00
265.0,248.51234,2025-10-30 20:00:00
351.0,272.69986,2025-10-30 21:00:00
189.66666666666663,187.66508,2025-10-30 21:00:00
334.0,241.9453,2025-10-30 21:00:00
336.0,244.42857,2025-10-30 21:00:00
273.0,279.24356,2025-10-30 21:00:00
426.0,268.16168,2025-10-30 22:00:00
299.0,261.0596,2025-10-30 22:00:00
197.0,210.24835,2025-10-30 22:00:00
340.0,277.24643,2025-10-30 22:00:00
372.0,235.764,2025-10-30 22:00:00
327.0,235.76236,2025-10-30 23:00:00
196.3333333333333,236.15343,2025-10-30 23:00:00
383.0,218.72522,2025-10-30 23:00:00
263.0,263.3036,2025-10-30 23:00:00
368.0,263.57108,2025-10-30 23:00:00
309.0,288.718,2025-10-31 00:00:00
304.0,259.34906,2025-10-31 00:00:00
423.0,247.50815,2025-10-31 00:00:00
174.25,197.3006,2025-10-31 00:00:00
238.0,252.15031,2025-10-31 00:00:00
253.0,298.53433,2025-10-31 01:00:00
305.0,199.36055,2025-10-31 01:00:00
278.0,258.82098,2025-10-31 01:00:00
178.0,203.77107,2025-10-31 01:00:00
255.0,250.09927,2025-10-31 01:00:00
255.0,239.45164,2025-10-31 02:00:00
243.0,193.51373,2025-10-31 02:00:00
161.75,183.49966,2025-10-31 02:00:00
249.0,275.76926,2025-10-31 02:00:00
271.0,331.8875,2025-10-31 02:00:00
211.0,223.78828,2025-10-31 03:00:00
227.0,332.71356,2025-10-31 03:00:00
136.5,198.86739,2025-10-31 03:00:00
259.0,252.48894,2025-10-31 03:00:00
200.0,199.86537,2025-10-31 03:00:00
201.0,325.83463,2025-10-31 04:00:00
180.0,201.28249,2025-10-31 04:00:00
180.0,229.4994,2025-10-31 04:00:00
129.75,196.4219,2025-10-31 04:00:00
213.0,237.50983,2025-10-31 04:00:00
190.0,255.97644,2025-10-31 05:00:00
194.0,256.64642,2025-10-31 05:00:00
130.25,224.05556,2025-10-31 05:00:00
162.0,237.85332,2025-10-31 05:00:00
213.0,310.19876,2025-10-31 05:00:00
155.0,209.20625,2025-10-31 06:00:00
222.0,299.1503,2025-10-31 06:00:00
195.0,252.22572,2025-10-31 06:00:00
200.0,243.09956,2025-10-31 06:00:00
132.75,209.86327,2025-10-31 06:00:00
259.0,278.19284,2025-10-31 07:00:00
178.0,253.88443,2025-10-31 07:00:00
209.0,268.2598,2025-10-31 07:00:00
140.75,214.4448,2025-10-31 07:00:00
233.0,292.43655,2025-10-31 07:00:00
436.0,300.32935,2025-10-31 08:00:00
210.66666666666663,196.11983,2025-10-31 08:00:00
230.0,279.7792,2025-10-31 08:00:00
257.0,283.16684,2025-10-31 08:00:00
296.0,313.63287,2025-10-31 08:00:00
321.0,273.60297,2025-10-31 09:00:00
340.0,254.79185,2025-10-31 09:00:00
297.5,196.55159,2025-10-31 09:00:00
392.0,346.5381,2025-10-31 09:00:00
407.0,302.77115,2025-10-31 09:00:00
385.6666666666667,151.51906,2025-10-31 10:00:00
624.0,305.05685,2025-10-31 10:00:00
426.0,204.19487,2025-10-31 10:00:00
515.0,210.69734,2025-10-31 10:00:00
453.0,258.5311,2025-10-31 10:00:00
539.0,193.33162,2025-10-31 11:00:00
511.0,308.03925,2025-10-31 11:00:00
481.0,254.27625,2025-10-31 11:00:00
533.0,213.39462,2025-10-31 11:00:00
388.5,176.5085,2025-10-31 11:00:00
440.0,273.92148,2025-10-31 12:00:00
387.0,232.04056,2025-10-31 12:00:00
451.0,191.44443,2025-10-31 12:00:00
440.0,201.61118,2025-10-31 12:00:00
322.0,158.06245,2025-10-31 12:00:00
269.5,140.83865,2025-10-31 13:00:00
333.0,220.15598,2025-10-31 13:00:00
412.0,183.65018,2025-10-31 13:00:00
387.0,172.50644,2025-10-31 13:00:00
355.0,201.34268,2025-10-31 13:00:00
403.0,190.83177,2025-10-31 14:00:00
409.0,172.70444,2025-10-31 14:00:00
415.0,188.58537,2025-10-31 14:00:00
236.0,137.46275,2025-10-31 14:00:00
251.0,212.98354,2025-10-31 14:00:00
224.25,148.70251,2025-10-31 15:00:00
413.0,177.80042,2025-10-31 15:00:00
355.0,244.98254,2025-10-31 15:00:00
405.0,192.86081,2025-10-31 15:00:00
431.0,221.62434,2025-10-31 15:00:00
302.0,256.7588,2025-10-31 16:00:00
403.0,138.02332,2025-10-31 16:00:00
368.0,173.53642,2025-10-31 16:00:00
166.33333333333334,121.781815,2025-10-31 16:00:00
443.0,182.1121,2025-10-31 16:00:00
495.0,231.9558,2025-10-31 17:00:00
263.0,284.76495,2025-10-31 17:00:00
435.0,177.25494,2025-10-31 17:00:00
175.0,152.07567,2025-10-31 17:00:00
407.0,186.13103,2025-10-31 17:00:00
527.0,197.2489,2025-10-31 18:00:00
587.0,341.35767,2025-10-31 18:00:00
226.5,176.06818,2025-10-31 18:00:00
473.0,222.62042,2025-10-31 18:00:00
340.0,376.93814,2025-10-31 18:00:00
603.0,252.68646,2025-10-31 19:00:00
504.0,231.33913,2025-10-31 19:00:00
569.0,346.33646,2025-10-31 19:00:00
249.75,185.33623,2025-10-31 19:00:00
514.0,385.44434,2025-10-31 19:00:00
467.0,319.65933,2025-10-31 20:00:00
244.5,197.551,2025-10-31 20:00:00
596.0,294.3576,2025-10-31 20:00:00
571.0,458.3158,2025-10-31 20:00:00
827.0,409.15448,2025-10-31 20:00:00
438.0,331.15796,2025-10-31 21:00:00
552.0,369.85077,2025-10-31 21:00:00
753.0,511.6748,2025-10-31 21:00:00
532.0,438.18643,2025-10-31 21:00:00
207.75,205.49434,2025-10-31 21:00:00
180.0,198.20605,2025-10-31 22:00:00
457.0,351.47006,2025-10-31 22:00:00
456.0,368.94727,2025-10-31 22:00:00
672.0,506.22424,2025-10-31 22:00:00
517.0,406.14133,2025-10-31 22:00:00
580.0,519.5167,2025-10-31 23:00:00
394.0,463.77863,2025-10-31 23:00:00
367.0,413.14017,2025-10-31 23:00:00
158.0,238.31854,2025-10-31 23:00:00
413.0,358.56436,2025-10-31 23:00:00
585.0,458.0167,2025-11-01 00:00:00
423.0,368.9041,2025-11-01 00:00:00
180.0,224.20703,2025-11-01 00:00:00
323.0,422.2729,2025-11-01 00:00:00
321.0,332.92407,2025-11-01 00:00:00
291.0,363.68317,2025-11-01 01:00:00
288.0,304.26257,2025-11-01 01:00:00
176.25,246.6227,2025-11-01 01:00:00
388.0,367.7322,2025-11-01 01:00:00
277.0,448.462,2025-11-01 01:00:00
138.5,214.22717,2025-11-01 02:00:00
327.0,340.09592,2025-11-01 02:00:00
266.0,463.91492,2025-11-01 02:00:00
289.0,296.81805,2025-11-01 02:00:00
333.0,315.27573,2025-11-01 02:00:00
332.0,336.93073,2025-11-01 03:00:00
277.0,297.83694,2025-11-01 03:00:00
156.5,188.02081,2025-11-01 03:00:00
416.0,354.68576,2025-11-01 03:00:00
283.0,280.29626,2025-11-01 03:00:00
209.75,161.445,2025-11-01 04:00:00
335.0,278.87787,2025-11-01 04:00:00
405.0,326.87744,2025-11-01 04:00:00
270.0,282.95557,2025-11-01 04:00:00
306.0,275.9079,2025-11-01 04:00:00
235.25,157.37177,2025-11-01 05:00:00
342.0,255.2897,2025-11-01 05:00:00
345.0,261.55554,2025-11-01 05:00:00
526.0,313.86386,2025-11-01 05:00:00
298.0,242.34685,2025-11-01 05:00:00
322.0,223.3653,2025-11-01 06:00:00
394.0,244.56142,2025-11-01 06:00:00
237.25,181.78091,2025-11-01 06:00:00
637.0,315.8607,2025-11-01 06:00:00
345.0,224.70834,2025-11-01 06:00:00
407.0,278.74875,2025-11-01 07:00:00
322.0,222.55324,2025-11-01 07:00:00
538.0,322.1489,2025-11-01 07:00:00
215.25,182.36148,2025-11-01 07:00:00
346.0,301.0296,2025-11-01 07:00:00
498.0,382.5822,2025-11-01 08:00:00
337.0,377.6356,2025-11-01 08:00:00
371.0,265.89972,2025-11-01 08:00:00
185.0,199.38382,2025-11-01 08:00:00
412.0,348.7842,2025-11-01 08:00:00
440.0,367.26837,2025-11-01 09:00:00
195.25,243.1853,2025-11-01 09:00:00
411.0,359.52408,2025-11-01 09:00:00
365.0,304.06387,2025-11-01 09:00:00
455.0,417.15408,2025-11-01 09:00:00
472.0,392.77472,2025-11-01 10:00:00
239.25,255.24852,2025-11-01 10:00:00
447.0,364.08017,2025-11-01 10:00:00
409.0,335.69586,2025-11-01 10:00:00
372.0,325.95587,2025-11-01 10:00:00
306.0,439.04376,2025-11-01 11:00:00
416.0,410.3825,2025-11-01 11:00:00
216.25,271.68356,2025-11-01 11:00:00
392.0,388.5976,2025-11-01 11:00:00
427.0,402.40073,2025-11-01 11:00:00
346.0,411.62546,2025-11-01 12:00:00
392.0,333.50165,2025-11-01 12:00:00
159.75,274.6867,2025-11-01 12:00:00
385.0,393.97617,2025-11-01 12:00:00
376.0,421.94888,2025-11-01 12:00:00
284.0,385.1267,2025-11-01 13:00:00
55.25,242.80592,2025-11-01 13:00:00
262.0,341.40338,2025-11-01 13:00:00
314.0,368.9937,2025-11-01 13:00:00
333.0,416.89703,2025-11-01 13:00:00
251.0,336.47928,2025-11-01 14:00:00
234.0,311.45166,2025-11-01 14:00:00
10.5,239.29097,2025-11-01 14:00:00
262.0,377.1904,2025-11-01 14:00:00
206.0,345.78827,2025-11-01 14:00:00
240.0,412.34222,2025-11-01 15:00:00
195.0,340.24286,2025-11-01 15:00:00
205.0,307.99768,2025-11-01 15:00:00
10.5,237.52438,2025-11-01 15:00:00
194.0,308.6144,2025-11-01 15:00:00
10.5,183.08267,2025-11-01 16:00:00
178.0,311.7735,2025-11-01 16:00:00
206.0,279.6232,2025-11-01 16:00:00
345.0,404.187,2025-11-01 16:00:00
205.0,351.99103,2025-11-01 16:00:00
233.0,293.77258,2025-11-01 17:00:00
269.0,347.15683,2025-11-01 17:00:00
202.0,313.0906,2025-11-01 17:00:00
216.0,398.62042,2025-11-01 17:00:00
19.0,163.3946,2025-11-01 17:00:00
68.0,231.04665,2025-11-01 18:00:00
280.0,524.99475,2025-11-01 18:00:00
338.0,426.3762,2025-11-01 18:00:00
254.0,397.61954,2025-11-01 18:00:00
235.0,414.4195,2025-11-01 18:00:00
289.0,447.39087,2025-11-01 19:00:00
364.0,512.5794,2025-11-01 19:00:00
280.0,511.22336,2025-11-01 19:00:00
370.0,515.07697,2025-11-01 19:00:00
119.0,267.6606,2025-11-01 19:00:00
405.0,565.99817,2025-11-01 20:00:00
379.0,504.8912,2025-11-01 20:00:00
384.0,665.9221,2025-11-01 20:00:00
120.75,299.152,2025-11-01 20:00:00
276.0,558.2606,2025-11-01 20:00:00
333.0,555.1817,2025-11-01 21:00:00
116.75,297.31976,2025-11-01 21:00:00
309.0,543.1506,2025-11-01 21:00:00
255.0,695.6379,2025-11-01 21:00:00
431.0,502.0235,2025-11-01 21:00:00
331.0,560.0261,2025-11-01 22:00:00
357.0,690.74475,2025-11-01 22:00:00
394.0,493.0816,2025-11-01 22:00:00
108.25,275.52658,2025-11-01 22:00:00
319.0,544.96375,2025-11-01 22:00:00
280.0,483.30527,2025-11-01 23:00:00
72.66666666666667,275.25537,2025-11-01 23:00:00
311.0,488.7931,2025-11-01 23:00:00
477.0,594.1509,2025-11-01 23:00:00
353.0,447.9542,2025-11-01 23:00:00
50.0,268.7056,2025-11-02 00:00:00
305.0,444.8578,2025-11-02 00:00:00
301.0,422.6018,2025-11-02 00:00:00
266.0,425.49265,2025-11-02 00:00:00
415.0,536.07227,2025-11-02 00:00:00
343.0,510.96628,2025-11-02 01:00:00
263.0,394.4176,2025-11-02 01:00:00
260.0,414.1207,2025-11-02 01:00:00
45.75,261.6226,2025-11-02 01:00:00
269.0,366.45636,2025-11-02 01:00:00
232.0,362.10266,2025-11-02 02:00:00
318.0,362.59912,2025-11-02 02:00:00
103.0,241.2663,2025-11-02 02:00:00
494.0,421.17172,2025-11-02 02:00:00
222.0,372.91116,2025-11-02 02:00:00
75.5,216.56131,2025-11-02 03:00:00
235.0,345.75195,2025-11-02 03:00:00
239.0,308.46338,2025-11-02 03:00:00
334.0,345.2159,2025-11-02 03:00:00
536.0,422.2052,2025-11-02 03:00:00
244.0,329.97,2025-11-02 04:00:00
257.0,324.6682,2025-11-02 04:00:00
431.0,404.24857,2025-11-02 04:00:00
244.0,302.43295,2025-11-02 04:00:00
16.25,227.42375,2025-11-02 04:00:00
317.0,463.2939,2025-11-02 05:00:00
221.0,274.77374,2025-11-02 05:00:00
16.25,233.21179,2025-11-02 05:00:00
243.0,325.2612,2025-11-02 05:00:00
218.0,296.5625,2025-11-02 05:00:00
215.0,278.33374,2025-11-02 06:00:00
222.0,304.83438,2025-11-02 06:00:00
249.0,332.73798,2025-11-02 06:00:00
16.25,253.36287,2025-11-02 06:00:00
300.0,473.73697,2025-11-02 06:00:00
161.0,529.15546,2025-11-02 07:00:00
16.25,252.57585,2025-11-02 07:00:00
249.0,336.67218,2025-11-02 07:00:00
225.0,307.73102,2025-11-02 07:00:00
251.0,345.51807,2025-11-02 07:00:00
311.0,393.27206,2025-11-02 08:00:00
277.0,400.11725,2025-11-02 08:00:00
271.0,399.76083,2025-11-02 08:00:00
299.0,555.80725,2025-11-02 08:00:00
398.0,530.10675,2025-11-02 09:00:00
264.0,421.3631,2025-11-02 09:00:00
316.0,421.28586,2025-11-02 09:00:00
296.0,454.8323,2025-11-02 09:00:00
555.0,552.5075,2025-11-02 10:00:00
294.0,430.83347,2025-11-02 10:00:00
276.0,424.8362,2025-11-02 10:00:00
294.0,467.95178,2025-11-02 10:00:00
402.3333333333333,281.6555,2025-11-02 11:00:00
230.0,465.82065,2025-11-02 11:00:00
361.0,383.82376,2025-11-02 11:00:00
279.0,404.944,2025-11-02 11:00:00
488.0,459.7395,2025-11-02 11:00:00
226.0,365.01703,2025-11-02 12:00:00
399.0,387.89096,2025-11-02 12:00:00
636.0,455.64355,2025-11-02 12:00:00
505.25,264.98624,2025-11-02 12:00:00
429.0,347.48972,2025-11-02 12:00:00
593.0,359.60724,2025-11-02 13:00:00
307.0,325.84622,2025-11-02 13:00:00
210.0,334.41895,2025-11-02 13:00:00
470.25,176.8486,2025-11-02 13:00:00
454.0,284.02942,2025-11-02 13:00:00
365.5,149.68735,2025-11-02 14:00:00
374.0,306.90393,2025-11-02 14:00:00
161.0,321.1413,2025-11-02 14:00:00
198.0,309.22018,2025-11-02 14:00:00
417.0,371.02707,2025-11-02 14:00:00
253.5,147.61012,2025-11-02 15:00:00
189.0,284.38498,2025-11-02 15:00:00
389.0,377.53308,2025-11-02 15:00:00
195.0,300.26074,2025-11-02 15:00:00
265.0,276.22397,2025-11-02 15:00:00
355.0,365.87714,2025-11-02 16:00:00
189.0,241.0376,2025-11-02 16:00:00
195.0,284.58832,2025-11-02 16:00:00
179.5,124.64678,2025-11-02 16:00:00
265.0,260.1497,2025-11-02 16:00:00
218.0,363.68652,2025-11-02 17:00:00
195.75,155.95248,2025-11-02 17:00:00
230.0,327.15417,2025-11-02 17:00:00
265.0,301.33054,2025-11-02 17:00:00
210.0,297.76248,2025-11-02 17:00:00
266.0,379.62317,2025-11-02 18:00:00
274.75,209.16634,2025-11-02 18:00:00
265.0,311.45596,2025-11-02 18:00:00
359.0,425.8475,2025-11-02 18:00:00
337.0,431.76688,2025-11-02 18:00:00
370.0,531.6463,2025-11-02 19:00:00
302.5,193.49045,2025-11-02 19:00:00
489.0,552.28125,2025-11-02 19:00:00
445.0,421.3996,2025-11-02 19:00:00
307.0,359.0253,2025-11-02 19:00:00
558.0,591.5008,2025-11-02 20:00:00
360.0,432.13312,2025-11-02 20:00:00
470.0,522.12915,2025-11-02 20:00:00
373.0,441.3797,2025-11-02 20:00:00
302.75,207.31105,2025-11-02 20:00:00
719.0,552.10535,2025-11-02 21:00:00
471.0,474.79004,2025-11-02 21:00:00
492.0,550.40216,2025-11-02 21:00:00
332.0,465.382,2025-11-02 21:00:00
284.75,219.67572,2025-11-02 21:00:00
520.0,445.61044,2025-11-02 22:00:00
409.0,417.83624,2025-11-02 22:00:00
654.0,560.87024,2025-11-02 22:00:00
334.0,217.57802,2025-11-02 22:00:00
487.0,510.36472,2025-11-02 22:00:00
344.0,393.2229,2025-11-02 23:00:00
740.0,566.1619,2025-11-02 23:00:00
501.0,425.75357,2025-11-02 23:00:00
519.0,450.69846,2025-11-02 23:00:00
331.3333333333333,199.2283,2025-11-02 23:00:00
274.0,360.71786,2025-11-03 00:00:00
500.0,365.1694,2025-11-03 00:00:00
296.5,188.13483,2025-11-03 00:00:00
466.0,391.17322,2025-11-03 00:00:00
671.0,497.96375,2025-11-03 00:00:00
406.0,328.51523,2025-11-03 01:00:00
306.25,174.85333,2025-11-03 01:00:00
239.0,339.91504,2025-11-03 01:00:00
444.0,353.49765,2025-11-03 01:00:00
609.0,442.38937,2025-11-03 01:00:00
328.0,321.26047,2025-11-03 02:00:00
600.0,467.96045,2025-11-03 02:00:00
208.0,293.01398,2025-11-03 02:00:00
307.25,172.3035,2025-11-03 02:00:00
354.0,360.635,2025-11-03 02:00:00
585.0,540.4239,2025-11-03 03:00:00
183.0,279.69104,2025-11-03 03:00:00
293.0,306.48932,2025-11-03 03:00:00
229.0,285.3309,2025-11-03 03:00:00
301.0,163.90567,2025-11-03 03:00:00
183.0,278.02985,2025-11-03 04:00:00
170.0,277.56198,2025-11-03 04:00:00
302.0,148.74573,2025-11-03 04:00:00
269.0,297.18713,2025-11-03 04:00:00
508.0,561.8115,2025-11-03 04:00:00
288.0,311.9951,2025-11-03 05:00:00
175.0,266.69864,2025-11-03 05:00:00
332.25,134.21446,2025-11-03 05:00:00
501.0,504.26236,2025-11-03 05:00:00
171.0,265.93817,2025-11-03 05:00:00
434.0,482.4806,2025-11-03 06:00:00
254.0,317.39352,2025-11-03 06:00:00
222.0,286.56497,2025-11-03 06:00:00
164.0,291.02188,2025-11-03 06:00:00
314.25,126.644104,2025-11-03 06:00:00
203.0,283.4622,2025-11-03 07:00:00
473.0,377.4652,2025-11-03 07:00:00
359.0,362.80655,2025-11-03 07:00:00
212.0,347.8013,2025-11-03 07:00:00
338.0,133.40276,2025-11-03 07:00:00
385.0,383.29446,2025-11-03 08:00:00
359.0,399.8021,2025-11-03 08:00:00
620.0,411.03708,2025-11-03 08:00:00
337.0,339.74243,2025-11-03 08:00:00
555.0,402.3877,2025-11-03 09:00:00
455.0,408.5878,2025-11-03 09:00:00
364.0,323.07242,2025-11-03 09:00:00
722.0,475.1758,2025-11-03 09:00:00
318.0,357.7039,2025-11-03 10:00:00
338.0,371.79782,2025-11-03 10:00:00
353.0,479.18765,2025-11-03 10:00:00
314.0,343.89523,2025-11-03 10:00:00
197.0,454.83264,2025-11-03 11:00:00
227.0,373.81113,2025-11-03 11:00:00
221.0,333.5441,2025-11-03 11:00:00
302.0,357.86972,2025-11-03 11:00:00
262.25,269.8056,2025-11-03 11:00:00
202.0,295.592,2025-11-03 12:00:00
227.0,347.37167,2025-11-03 12:00:00
302.5,288.31256,2025-11-03 12:00:00
240.0,510.17548,2025-11-03 12:00:00
203.0,365.82217,2025-11-03 12:00:00
306.0,437.67886,2025-11-03 13:00:00
217.0,327.0875,2025-11-03 13:00:00
227.0,342.83887,2025-11-03 13:00:00
290.0,273.23102,2025-11-03 13:00:00
191.5,252.44585,2025-11-03 13:00:00
145.75,259.9296,2025-11-03 14:00:00
195.0,251.8931,2025-11-03 14:00:00
283.0,230.86714,2025-11-03 14:00:00
227.0,331.84293,2025-11-03 14:00:00
261.0,405.70706,2025-11-03 14:00:00
252.0,349.87094,2025-11-03 15:00:00
235.0,265.4347,2025-11-03 15:00:00
137.5,245.84532,2025-11-03 15:00:00
238.0,228.02153,2025-11-03 15:00:00
77.0,228.7869,2025-11-03 15:00:00
186.0,223.3384,2025-11-03 16:00:00
186.0,342.1447,2025-11-03 16:00:00
104.0,222.25517,2025-11-03 16:00:00
122.75,214.61781,2025-11-03 16:00:00
235.0,260.80475,2025-11-03 16:00:00
185.0,316.23465,2025-11-03 17:00:00
130.0,231.77406,2025-11-03 17:00:00
235.0,280.14453,2025-11-03 17:00:00
183.0,302.71423,2025-11-03 17:00:00
136.5,145.16516,2025-11-03 17:00:00
167.0,171.36302,2025-11-03 18:00:00
200.0,432.11053,2025-11-03 18:00:00
300.0,315.02115,2025-11-03 18:00:00
157.0,298.96802,2025-11-03 18:00:00
162.0,454.8175,2025-11-03 18:00:00
273.0,431.87946,2025-11-03 19:00:00
188.5,210.02382,2025-11-03 19:00:00
160.0,317.198,2025-11-03 19:00:00
210.0,388.8652,2025-11-03 19:00:00
153.0,605.48816,2025-11-03 19:00:00
244.0,286.16925,2025-11-03 20:00:00
189.0,403.70563,2025-11-03 20:00:00
241.0,438.10406,2025-11-03 20:00:00
279.0,524.3128,2025-11-03 20:00:00
233.0,577.7447,2025-11-03 20:00:00
190.0,601.8686,2025-11-03 21:00:00
245.0,459.87405,2025-11-03 21:00:00
252.0,613.62177,2025-11-03 21:00:00
283.5,305.8111,2025-11-03 21:00:00
315.0,423.43875,2025-11-03 21:00:00
248.75,304.72504,2025-11-03 22:00:00
213.0,450.4891,2025-11-03 22:00:00
269.0,570.3137,2025-11-03 22:00:00
297.0,441.31467,2025-11-03 22:00:00
183.0,586.5201,2025-11-03 22:00:00
202.0,511.58926,2025-11-03 23:00:00
186.0,493.77243,2025-11-03 23:00:00
338.0,643.65137,2025-11-03 23:00:00
205.0,404.70477,2025-11-03 23:00:00
250.3333333333333,299.7135,2025-11-03 23:00:00
186.0,450.33688,2025-11-04 00:00:00
250.25,296.72617,2025-11-04 00:00:00
97.0,359.28882,2025-11-04 00:00:00
237.0,471.5661,2025-11-04 00:00:00
279.0,661.0248,2025-11-04 00:00:00
247.0,257.00156,2025-11-04 01:00:00
125.0,318.157,2025-11-04 01:00:00
212.0,455.42267,2025-11-04 01:00:00
285.0,639.00244,2025-11-04 01:00:00
155.0,405.0124,2025-11-04 01:00:00
152.0,283.74954,2025-11-04 02:00:00
253.5,286.4101,2025-11-04 02:00:00
153.0,401.67102,2025-11-04 02:00:00
150.0,329.65335,2025-11-04 02:00:00
299.0,660.933,2025-11-04 02:00:00
128.0,317.57703,2025-11-04 03:00:00
136.0,268.37564,2025-11-04 03:00:00
298.0,662.068,2025-11-04 03:00:00
242.5,235.39673,2025-11-04 03:00:00
162.0,300.74,2025-11-04 03:00:00
282.0,625.9948,2025-11-04 04:00:00
125.0,252.37537,2025-11-04 04:00:00
118.0,286.0194,2025-11-04 04:00:00
214.5,251.02211,2025-11-04 04:00:00
110.0,288.7197,2025-11-04 04:00:00
160.0,230.47267,2025-11-04 05:00:00
113.0,275.44638,2025-11-04 05:00:00
114.0,287.65347,2025-11-04 05:00:00
263.0,478.8672,2025-11-04 05:00:00
242.0,246.02165,2025-11-04 05:00:00
262.25,223.42902,2025-11-04 06:00:00
263.0,515.79736,2025-11-04 06:00:00
195.0,283.09067,2025-11-04 06:00:00
163.0,225.3021,2025-11-04 06:00:00
164.0,276.6051,2025-11-04 06:00:00
185.0,318.52557,2025-11-04 07:00:00
284.0,473.12283,2025-11-04 07:00:00
249.0,258.99847,2025-11-04 07:00:00
184.0,318.02466,2025-11-04 07:00:00
198.0,253.90681,2025-11-04 07:00:00
230.0,308.00903,2025-11-04 08:00:00
362.0,511.35864,2025-11-04 08:00:00
239.5,245.15344,2025-11-04 08:00:00
202.0,374.7002,2025-11-04 08:00:00
217.0,397.79782,2025-11-04 08:00:00
198.0,367.14026,2025-11-04 09:00:00
186.5,283.76932,2025-11-04 09:00:00
221.0,635.5597,2025-11-04 09:00:00
158.0,378.14816,2025-11-04 09:00:00
274.0,486.22882,2025-11-04 09:00:00
144.0,539.7054,2025-11-04 10:00:00
139.5,267.42694,2025-11-04 10:00:00
184.0,448.28372,2025-11-04 10:00:00
158.0,414.4594,2025-11-04 10:00:00
158.0,390.02423,2025-11-04 10:00:00
221.0,425.1449,2025-11-04 11:00:00
138.0,345.19037,2025-11-04 11:00:00
158.0,330.4167,2025-11-04 11:00:00
150.5,306.2416,2025-11-04 11:00:00
161.0,358.99957,2025-11-04 11:00:00
170.0,313.76663,2025-11-04 12:00:00
140.0,300.70575,2025-11-04 12:00:00
155.0,310.15155,2025-11-04 12:00:00
169.0,308.6167,2025-11-04 12:00:00
180.0,386.90964,2025-11-04 12:00:00
136.0,281.57654,2025-11-04 13:00:00
130.5,220.8765,2025-11-04 13:00:00
146.0,293.17294,2025-11-04 13:00:00
153.0,315.61615,2025-11-04 13:00:00
152.0,270.71628,2025-11-04 13:00:00
169.0,235.0943,2025-11-04 14:00:00
116.0,219.66183,2025-11-04 14:00:00
133.0,314.49725,2025-11-04 14:00:00
161.0,227.18445,2025-11-04 14:00:00
141.0,251.66039,2025-11-04 14:00:00
210.0,196.9366,2025-11-04 15:00:00
107.75,210.66447,2025-11-04 15:00:00
150.0,332.8664,2025-11-04 15:00:00
129.0,252.3786,2025-11-04 15:00:00
168.0,233.67917,2025-11-04 15:00:00
152.0,187.43109,2025-11-04 16:00:00
134.0,238.70268,2025-11-04 16:00:00
145.0,318.48145,2025-11-04 16:00:00
102.0,182.75645,2025-11-04 16:00:00
150.0,216.51547,2025-11-04 16:00:00
117.0,208.95203,2025-11-04 17:00:00
152.0,229.4093,2025-11-04 17:00:00
127.0,247.35226,2025-11-04 17:00:00
140.0,263.88095,2025-11-04 17:00:00
128.0,210.36621,2025-11-04 17:00:00
147.0,261.00497,2025-11-04 18:00:00
186.0,274.1283,2025-11-04 18:00:00
160.0,337.926,2025-11-04 18:00:00
162.0,240.44983,2025-11-04 18:00:00
180.0,277.1085,2025-11-04 18:00:00
185.0,235.08362,2025-11-04 19:00:00
227.0,365.1768,2025-11-04 19:00:00
228.0,315.4955,2025-11-04 19:00:00
204.0,393.5716,2025-11-04 19:00:00
182.5,239.62787,2025-11-04 19:00:00
228.0,263.1676,2025-11-04 20:00:00
232.0,415.365,2025-11-04 20:00:00
234.0,286.34665,2025-11-04 20:00:00
268.0,374.10684,2025-11-04 20:00:00
252.0,363.9495,2025-11-04 20:00:00
291.0,309.18246,2025-11-04 21:00:00
289.0,331.23245,2025-11-04 21:00:00
277.0,491.47668,2025-11-04 21:00:00
304.25,294.9652,2025-11-04 21:00:00
277.0,392.75354,2025-11-04 21:00:00
368.0,308.52362,2025-11-04 22:00:00
319.75,310.6638,2025-11-04 22:00:00
364.0,329.9813,2025-11-04 22:00:00
298.0,491.60925,2025-11-04 22:00:00
318.0,390.37244,2025-11-04 22:00:00
385.0,325.12918,2025-11-04 23:00:00
352.6666666666667,321.1791,2025-11-04 23:00:00
311.0,534.1295,2025-11-04 23:00:00
383.0,315.8457,2025-11-04 23:00:00
337.0,326.19504,2025-11-04 23:00:00
495.0,324.07352,2025-11-05 00:00:00
476.0,243.27696,2025-11-05 00:00:00
431.0,257.9674,2025-11-05 00:00:00
458.0,337.27628,2025-11-05 00:00:00
373.0,529.1814,2025-11-05 00:00:00
359.0,239.94673,2025-11-05 01:00:00
392.0,280.25302,2025-11-05 01:00:00
392.0,449.7812,2025-11-05 01:00:00
381.0,246.36156,2025-11-05 01:00:00
366.0,283.33044,2025-11-05 01:00:00
293.0,444.36545,2025-11-05 02:00:00
374.0,245.30396,2025-11-05 02:00:00
305.75,232.66467,2025-11-05 02:00:00
296.0,193.24062,2025-11-05 02:00:00
368.0,249.29814,2025-11-05 02:00:00
269.25,239.89172,2025-11-05 03:00:00
346.0,242.11633,2025-11-05 03:00:00
306.0,462.38467,2025-11-05 03:00:00
285.0,192.67445,2025-11-05 03:00:00
302.0,233.07724,2025-11-05 03:00:00
267.0,474.8101,2025-11-05 04:00:00
300.0,246.44095,2025-11-05 04:00:00
307.0,196.98058,2025-11-05 04:00:00
267.0,262.6673,2025-11-05 04:00:00
444.0,228.51105,2025-11-05 04:00:00
493.0,227.98048,2025-11-05 05:00:00
273.0,455.79248,2025-11-05 05:00:00
290.0,298.96024,2025-11-05 05:00:00
358.0,218.77225,2025-11-05 05:00:00
365.0,245.17313,2025-11-05 05:00:00
305.0,500.24228,2025-11-05 06:00:00
548.0,281.28696,2025-11-05 06:00:00
446.0,220.94727,2025-11-05 06:00:00
348.25,345.3928,2025-11-05 06:00:00
422.0,324.1933,2025-11-05 06:00:00
525.0,271.1561,2025-11-05 07:00:00
465.0,316.32193,2025-11-05 07:00:00
508.0,332.29227,2025-11-05 07:00:00
598.0,325.44315,2025-11-05 07:00:00
365.0,491.60696,2025-11-05 07:00:00
765.0,393.5019,2025-11-05 08:00:00
604.0,359.92422,2025-11-05 08:00:00
467.0,511.64032,2025-11-05 08:00:00
564.75,348.07278,2025-11-05 08:00:00
598.0,284.12662,2025-11-05 08:00:00
528.0,289.13843,2025-11-05 09:00:00
438.0,490.75095,2025-11-05 09:00:00
542.0,315.97028,2025-11-05 09:00:00
597.0,317.6916,2025-11-05 09:00:00
696.0,376.43857,2025-11-05 09:00:00
527.0,311.84064,2025-11-05 10:00:00
388.0,290.81714,2025-11-05 10:00:00
353.0,338.49408,2025-11-05 10:00:00
572.0,313.22864,2025-11-05 10:00:00
329.25,237.74283,2025-11-05 10:00:00
380.0,245.64056,2025-11-05 11:00:00
188.0,208.58662,2025-11-05 11:00:00
240.0,298.31467,2025-11-05 11:00:00
306.0,234.87222,2025-11-05 11:00:00
329.0,261.4729,2025-11-05 11:00:00
248.0,186.7601,2025-11-05 12:00:00
210.0,294.399,2025-11-05 12:00:00
358.0,202.08076,2025-11-05 12:00:00
223.0,201.57692,2025-11-05 12:00:00
167.25,199.72842,2025-11-05 12:00:00
182.0,319.23145,2025-11-05 13:00:00
199.0,236.2997,2025-11-05 13:00:00
293.0,224.88232,2025-11-05 13:00:00
197.0,195.62962,2025-11-05 13:00:00
158.5,209.03816,2025-11-05 13:00:00
178.0,290.43173,2025-11-05 14:00:00
151.0,177.65031,2025-11-05 14:00:00
172.0,196.69354,2025-11-05 14:00:00
188.0,187.5624,2025-11-05 14:00:00
172.0,243.64958,2025-11-05 14:00:00
141.75,162.99464,2025-11-05 15:00:00
171.0,310.17123,2025-11-05 15:00:00
160.0,196.92226,2025-11-05 15:00:00
167.0,224.95036,2025-11-05 15:00:00
196.0,234.75323,2025-11-05 15:00:00
126.25,148.55504,2025-11-05 16:00:00
150.0,181.48613,2025-11-05 16:00:00
211.0,249.9858,2025-11-05 16:00:00
197.0,185.39975,2025-11-05 16:00:00
141.0,210.63948,2025-11-05 16:00:00
213.0,200.55087,2025-11-05 17:00:00
189.0,169.77904,2025-11-05 17:00:00
135.25,151.22234,2025-11-05 17:00:00
263.0,259.34964,2025-11-05 17:00:00
176.0,208.44167,2025-11-05 17:00:00
193.0,229.87868,2025-11-05 18:00:00
197.0,223.63794,2025-11-05 18:00:00
276.0,290.13647,2025-11-05 18:00:00
161.5,156.60524,2025-11-05 18:00:00
177.0,185.5592,2025-11-05 18:00:00
261.0,271.18936,2025-11-05 19:00:00
221.0,201.78027,2025-11-05 19:00:00
242.0,266.56555,2025-11-05 19:00:00
284.0,288.60342,2025-11-05 19:00:00
201.5,195.30788,2025-11-05 19:00:00
246.0,313.29596,2025-11-05 20:00:00
312.0,353.8722,2025-11-05 20:00:00
313.0,348.1893,2025-11-05 20:00:00
267.0,227.03328,2025-11-05 20:00:00
219.75,224.72847,2025-11-05 20:00:00
309.0,335.9481,2025-11-05 21:00:00
249.25,300.72867,2025-11-05 21:00:00
342.0,358.24268,2025-11-05 21:00:00
276.0,286.41925,2025-11-05 21:00:00
282.0,374.72635,2025-11-05 21:00:00
258.0,319.6893,2025-11-05 22:00:00
294.0,391.7791,2025-11-05 22:00:00
282.0,379.20258,2025-11-05 22:00:00
359.0,317.68347,2025-11-05 22:00:00
315.0,298.491,2025-11-05 22:00:00
221.0,398.95166,2025-11-05 23:00:00
215.0,329.8226,2025-11-05 23:00:00
325.6666666666667,311.03345,2025-11-05 23:00:00
304.0,314.93063,2025-11-05 23:00:00
521.0,411.099,2025-11-05 23:00:00
621.0,408.35165,2025-11-06 00:00:00
355.0,334.3553,2025-11-06 00:00:00
282.0,288.30984,2025-11-06 00:00:00
485.25,329.93652,2025-11-06 00:00:00
249.0,297.8892,2025-11-06 00:00:00
513.75,308.37653,2025-11-06 01:00:00
359.0,323.1665,2025-11-06 01:00:00
427.0,355.46625,2025-11-06 01:00:00
517.0,401.78662,2025-11-06 01:00:00
352.0,304.40048,2025-11-06 01:00:00
466.0,341.92798,2025-11-06 02:00:00
393.0,277.64838,2025-11-06 02:00:00
498.0,385.33078,2025-11-06 02:00:00
504.5,312.61627,2025-11-06 02:00:00
263.0,283.12833,2025-11-06 02:00:00
552.75,269.9243,2025-11-06 03:00:00
293.0,272.41705,2025-11-06 03:00:00
538.0,393.00058,2025-11-06 03:00:00
374.0,264.76526,2025-11-06 03:00:00
489.0,290.22806,2025-11-06 03:00:00
559.0,353.53058,2025-11-06 04:00:00
593.25,292.62973,2025-11-06 04:00:00
626.0,270.87274,2025-11-06 04:00:00
413.0,261.41907,2025-11-06 04:00:00
324.0,281.49103,2025-11-06 04:00:00
594.75,305.7684,2025-11-06 05:00:00
340.0,328.2212,2025-11-06 05:00:00
609.0,282.7861,2025-11-06 05:00:00
560.0,369.1032,2025-11-06 05:00:00
418.0,248.5824,2025-11-06 05:00:00
393.0,270.66788,2025-11-06 06:00:00
509.0,296.6925,2025-11-06 06:00:00
376.0,364.1369,2025-11-06 06:00:00
576.0,416.32962,2025-11-06 06:00:00
524.25,317.9787,2025-11-06 06:00:00
497.25,332.08398,2025-11-06 07:00:00
363.0,350.45767,2025-11-06 07:00:00
421.0,323.6367,2025-11-06 07:00:00
493.0,449.0677,2025-11-06 07:00:00
384.0,409.58847,2025-11-06 07:00:00
521.0,443.1435,2025-11-06 08:00:00
461.25,446.71683,2025-11-06 08:00:00
437.0,374.83423,2025-11-06 08:00:00
421.0,507.65723,2025-11-06 08:00:00
639.0,424.65253,2025-11-06 08:00:00
549.0,426.11172,2025-11-06 09:00:00
418.0,413.55896,2025-11-06 09:00:00
373.0,478.92093,2025-11-06 09:00:00
404.75,465.14313,2025-11-06 09:00:00
368.0,450.49707,2025-11-06 09:00:00
373.0,385.53125,2025-11-06 10:00:00
338.75,400.34473,2025-11-06 10:00:00
466.0,458.66168,2025-11-06 10:00:00
385.0,431.43607,2025-11-06 10:00:00
390.0,359.0169,2025-11-06 10:00:00
320.3333333333333,316.46426,2025-11-06 11:00:00
374.0,375.8742,2025-11-06 11:00:00
430.0,364.62506,2025-11-06 11:00:00
412.0,318.79004,2025-11-06 11:00:00
317.0,343.22528,2025-11-06 11:00:00
274.0,297.28955,2025-11-06 12:00:00
280.25,296.89374,2025-11-06 12:00:00
296.0,342.65952,2025-11-06 12:00:00
316.0,282.9063,2025-11-06 12:00:00
480.0,356.3946,2025-11-06 12:00:00
300.0,299.07697,2025-11-06 13:00:00
228.0,289.24185,2025-11-06 13:00:00
243.0,251.20502,2025-11-06 13:00:00
271.0,276.02722,2025-11-06 13:00:00
427.0,287.21112,2025-11-06 13:00:00
250.0,304.04083,2025-11-06 14:00:00
253.0,261.85437,2025-11-06 14:00:00
271.0,233.75497,2025-11-06 14:00:00
222.0,269.3458,2025-11-06 14:00:00
187.25,230.9037,2025-11-06 14:00:00
222.0,208.10352,2025-11-06 15:00:00
238.0,255.7076,2025-11-06 15:00:00
238.0,291.07602,2025-11-06 15:00:00
158.75,267.8664,2025-11-06 15:00:00
210.0,251.56822,2025-11-06 15:00:00
189.0,230.8427,2025-11-06 16:00:00
155.75,253.12653,2025-11-06 16:00:00
257.0,313.90976,2025-11-06 16:00:00
185.0,205.27145,2025-11-06 16:00:00
197.0,234.41232,2025-11-06 16:00:00
169.0,255.23694,2025-11-06 17:00:00
259.0,341.51074,2025-11-06 17:00:00
215.0,264.84515,2025-11-06 17:00:00
193.0,233.70294,2025-11-06 17:00:00
193.0,236.46127,2025-11-06 17:00:00
241.0,256.32263,2025-11-06 18:00:00
221.25,283.38657,2025-11-06 18:00:00
246.0,242.72626,2025-11-06 18:00:00
289.0,370.57767,2025-11-06 18:00:00
301.0,273.05106,2025-11-06 18:00:00
285.5,331.2701,2025-11-06 19:00:00
252.0,387.22565,2025-11-06 19:00:00
327.0,359.7677,2025-11-06 19:00:00
317.0,303.39807,2025-11-06 19:00:00
415.0,394.47577,2025-11-06 19:00:00
305.0,401.29587,2025-11-06 20:00:00
289.75,325.13608,2025-11-06 20:00:00
400.0,452.1645,2025-11-06 20:00:00
352.0,421.25076,2025-11-06 20:00:00
379.0,345.14117,2025-11-06 20:00:00
458.0,453.69745,2025-11-06 21:00:00
390.0,370.47186,2025-11-06 21:00:00
381.0,415.76096,2025-11-06 21:00:00
325.25,363.1017,2025-11-06 21:00:00
325.0,413.65854,2025-11-06 21:00:00
355.0,390.3044,2025-11-06 22:00:00
366.0,406.9562,2025-11-06 22:00:00
399.0,417.8703,2025-11-06 22:00:00
288.0,408.95126,2025-11-06 22:00:00
387.0,428.08636,2025-11-06 22:00:00
407.0,379.5514,2025-11-06 23:00:00
458.0,529.8292,2025-11-06 23:00:00
381.6666666666667,363.48453,2025-11-06 23:00:00
558.0,368.1361,2025-11-06 23:00:00
277.0,353.97046,2025-11-06 23:00:00
289.0,403.27313,2025-11-07 00:00:00
392.75,441.723,2025-11-07 00:00:00
409.0,554.95874,2025-11-07 00:00:00
407.0,468.7211,2025-11-07 00:00:00
406.0,381.9917,2025-11-07 00:00:00
405.0,585.1009,2025-11-07 01:00:00
372.5,394.6178,2025-11-07 01:00:00
376.0,395.61664,2025-11-07 01:00:00
362.0,417.3357,2025-11-07 01:00:00
366.0,391.48535,2025-11-07 01:00:00
307.0,315.3949,2025-11-07 02:00:00
252.0,380.35208,2025-11-07 02:00:00
456.5,423.16345,2025-11-07 02:00:00
477.0,576.80664,2025-11-07 02:00:00
429.0,386.34116,2025-11-07 02:00:00
324.0,334.464,2025-11-07 03:00:00
515.0,515.89905,2025-11-07 03:00:00
260.0,324.93625,2025-11-07 03:00:00
555.0,459.35214,2025-11-07 03:00:00
483.0,385.4987,2025-11-07 03:00:00
261.0,365.5576,2025-11-07 04:00:00
337.0,371.1952,2025-11-07 04:00:00
532.0,497.6305,2025-11-07 04:00:00
595.5,443.0022,2025-11-07 04:00:00
521.0,426.13092,2025-11-07 04:00:00
239.0,340.41803,2025-11-07 05:00:00
563.0,526.42816,2025-11-07 05:00:00
349.0,308.36603,2025-11-07 05:00:00
537.0,423.86624,2025-11-07 05:00:00
602.25,439.46176,2025-11-07 05:00:00
336.0,322.03412,2025-11-07 06:00:00
600.0,547.78735,2025-11-07 06:00:00
534.0,401.5129,2025-11-07 06:00:00
627.75,413.3642,2025-11-07 06:00:00
289.0,405.9393,2025-11-07 06:00:00
596.0,407.68045,2025-11-07 07:00:00
649.0,370.4253,2025-11-07 07:00:00
340.0,363.93283,2025-11-07 07:00:00
617.0,486.80798,2025-11-07 07:00:00
550.0,436.62125,2025-11-07 07:00:00
547.0,465.53714,2025-11-07 08:00:00
379.0,465.08948,2025-11-07 08:00:00
559.5,423.85217,2025-11-07 08:00:00
307.0,466.4283,2025-11-07 08:00:00
780.0,550.55365,2025-11-07 08:00:00
472.75,348.64987,2025-11-07 09:00:00
449.0,461.57135,2025-11-07 09:00:00
512.0,411.4146,2025-11-07 09:00:00
780.0,518.0123,2025-11-07 09:00:00
318.0,421.27383,2025-11-07 09:00:00
474.0,423.07462,2025-11-07 10:00:00
432.0,424.90063,2025-11-07 10:00:00
815.0,451.06314,2025-11-07 10:00:00
566.5,352.52408,2025-11-07 10:00:00
571.0,359.39774,2025-11-07 10:00:00
435.25,314.1973,2025-11-07 11:00:00
815.0,394.5662,2025-11-07 11:00:00
489.0,329.75055,2025-11-07 11:00:00
650.0,365.27954,2025-11-07 11:00:00
526.0,350.98495,2025-11-07 11:00:00
489.0,311.33627,2025-11-07 12:00:00
497.0,314.55237,2025-11-07 12:00:00
351.0,370.71463,2025-11-07 12:00:00
403.0,346.92145,2025-11-07 12:00:00
327.0,257.40768,2025-11-07 12:00:00
350.0,291.1616,2025-11-07 13:00:00
368.0,321.769,2025-11-07 13:00:00
285.0,355.88773,2025-11-07 13:00:00
301.75,244.72153,2025-11-07 13:00:00
470.0,257.11133,2025-11-07 13:00:00
370.0,248.14827,2025-11-07 14:00:00
368.0,291.5018,2025-11-07 14:00:00
331.0,272.77176,2025-11-07 14:00:00
285.75,209.14517,2025-11-07 14:00:00
311.0,346.47058,2025-11-07 14:00:00
266.25,193.49379,2025-11-07 15:00:00
287.0,243.8388,2025-11-07 15:00:00
305.0,327.3252,2025-11-07 15:00:00
311.0,243.22168,2025-11-07 15:00:00
368.0,271.95142,2025-11-07 15:00:00
282.0,224.23643,2025-11-07 16:00:00
257.0,203.74112,2025-11-07 16:00:00
368.0,222.51198,2025-11-07 16:00:00
310.0,306.44186,2025-11-07 16:00:00
315.0,246.72354,2025-11-07 16:00:00
334.0,336.46277,2025-11-07 17:00:00
305.0,267.41183,2025-11-07 17:00:00
311.0,277.47806,2025-11-07 17:00:00
287.25,193.67598,2025-11-07 17:00:00
329.0,268.17822,2025-11-07 18:00:00
332.0,265.52466,2025-11-07 18:00:00
324.0,361.59552,2025-11-07 18:00:00
594.0,351.72128,2025-11-07 18:00:00
367.75,298.42822,2025-11-07 19:00:00
374.0,368.93692,2025-11-07 19:00:00
400.0,338.8126,2025-11-07 19:00:00
505.0,501.5459,2025-11-07 19:00:00
461.0,515.2444,2025-11-07 20:00:00
460.0,400.86304,2025-11-07 20:00:00
433.0,442.7365,2025-11-07 20:00:00
383.0,372.85022,2025-11-07 20:00:00
482.0,412.29593,2025-11-07 21:00:00
371.75,414.78522,2025-11-07 21:00:00
512.0,384.55493,2025-11-07 21:00:00
494.0,482.97803,2025-11-07 21:00:00
471.0,600.66296,2025-11-07 21:00:00
477.0,428.3124,2025-11-07 22:00:00
453.0,554.1992,2025-11-07 22:00:00
399.5,452.19727,2025-11-07 22:00:00
515.0,368.82776,2025-11-07 22:00:00
459.0,488.19772,2025-11-07 22:00:00
432.0,587.0603,2025-11-07 23:00:00
517.0,355.01813,2025-11-07 23:00:00
466.0,453.85526,2025-11-07 23:00:00
414.6666666666667,447.27762,2025-11-07 23:00:00
401.0,550.2453,2025-11-07 23:00:00
466.0,514.2579,2025-11-08 00:00:00
450.0,339.90445,2025-11-08 00:00:00
406.0,439.74136,2025-11-08 00:00:00
429.0,529.3392,2025-11-08 00:00:00
382.25,469.6209,2025-11-08 00:00:00
459.0,447.07233,2025-11-08 01:00:00
367.0,497.9793,2025-11-08 01:00:00
389.0,383.60275,2025-11-08 01:00:00
445.0,369.46414,2025-11-08 01:00:00
370.0,400.21432,2025-11-08 01:00:00
419.0,329.93512,2025-11-08 02:00:00
396.0,400.39798,2025-11-08 02:00:00
399.0,515.082,2025-11-08 02:00:00
401.25,419.3915,2025-11-08 02:00:00
414.0,340.05856,2025-11-08 02:00:00
453.0,342.13187,2025-11-08 03:00:00
462.0,336.02045,2025-11-08 03:00:00
421.0,432.3614,2025-11-08 03:00:00
458.0,529.28174,2025-11-08 03:00:00
459.25,390.2275,2025-11-08 03:00:00
398.0,300.0028,2025-11-08 04:00:00
528.0,378.08908,2025-11-08 04:00:00
442.0,424.5772,2025-11-08 04:00:00
484.0,511.0691,2025-11-08 04:00:00
528.0,382.2236,2025-11-08 04:00:00
525.0,345.44446,2025-11-08 05:00:00
471.0,408.69226,2025-11-08 05:00:00
532.0,519.61554,2025-11-08 05:00:00
524.75,418.9845,2025-11-08 05:00:00
335.0,310.28906,2025-11-08 05:00:00
491.0,369.4142,2025-11-08 06:00:00
525.25,426.63663,2025-11-08 06:00:00
514.0,433.0202,2025-11-08 06:00:00
329.0,360.01917,2025-11-08 06:00:00
567.0,556.47784,2025-11-08 06:00:00
517.0,469.28113,2025-11-08 07:00:00
524.25,441.76456,2025-11-08 07:00:00
566.0,560.47546,2025-11-08 07:00:00
459.0,383.6836,2025-11-08 07:00:00
345.0,435.51575,2025-11-08 07:00:00
517.0,474.73737,2025-11-08 08:00:00
459.0,441.55725,2025-11-08 08:00:00
597.0,575.8764,2025-11-08 08:00:00
515.0,443.9091,2025-11-08 08:00:00
357.0,473.45102,2025-11-08 08:00:00
493.0,612.1999,2025-11-08 09:00:00
491.5,441.8817,2025-11-08 09:00:00
504.0,495.77826,2025-11-08 09:00:00
498.0,400.2916,2025-11-08 09:00:00
415.0,425.4819,2025-11-08 09:00:00
466.0,607.9982,2025-11-08 10:00:00
459.0,441.4494,2025-11-08 10:00:00
406.5,430.61353,2025-11-08 10:00:00
470.0,436.41318,2025-11-08 10:00:00
389.0,410.5488,2025-11-08 10:00:00
420.0,573.5237,2025-11-08 11:00:00
350.0,383.0948,2025-11-08 11:00:00
370.0,381.36368,2025-11-08 11:00:00
329.25,389.81036,2025-11-08 11:00:00
437.0,466.09146,2025-11-08 11:00:00
321.0,491.1411,2025-11-08 12:00:00
343.0,362.1081,2025-11-08 12:00:00
269.0,337.46097,2025-11-08 12:00:00
286.5,280.54547,2025-11-08 12:00:00
382.0,403.71014,2025-11-08 12:00:00
248.0,277.28818,2025-11-08 13:00:00
290.0,405.18024,2025-11-08 13:00:00
268.0,342.86432,2025-11-08 13:00:00
229.0,312.68637,2025-11-08 13:00:00
312.0,308.79404,2025-11-08 13:00:00
245.0,286.19897,2025-11-08 14:00:00
163.0,296.26453,2025-11-08 14:00:00
256.0,344.47476,2025-11-08 14:00:00
229.0,294.0378,2025-11-08 14:00:00
158.75,199.64827,2025-11-08 14:00:00
155.0,282.86588,2025-11-08 15:00:00
128.0,205.49782,2025-11-08 15:00:00
160.0,339.78223,2025-11-08 15:00:00
202.0,271.90427,2025-11-08 15:00:00
147.0,273.95047,2025-11-08 15:00:00
134.0,189.16808,2025-11-08 16:00:00
168.0,274.36877,2025-11-08 16:00:00
239.0,265.36575,2025-11-08 16:00:00
136.0,275.932,2025-11-08 16:00:00
166.0,330.64838,2025-11-08 16:00:00
157.0,214.10828,2025-11-08 17:00:00
185.0,344.47235,2025-11-08 17:00:00
193.0,268.07535,2025-11-08 17:00:00
255.0,342.9808,2025-11-08 17:00:00
240.0,323.3829,2025-11-08 18:00:00
316.0,394.56653,2025-11-08 18:00:00
477.0,514.393,2025-11-08 18:00:00
258.75,268.42593,2025-11-08 18:00:00
297.75,331.70212,2025-11-08 19:00:00
444.0,603.70575,2025-11-08 19:00:00
306.0,413.36313,2025-11-08 19:00:00
403.0,444.50473,2025-11-08 19:00:00
348.75,361.2398,2025-11-08 20:00:00
447.0,472.59918,2025-11-08 20:00:00
421.0,593.3771,2025-11-08 20:00:00
365.0,441.86298,2025-11-08 20:00:00
415.0,498.58948,2025-11-08 21:00:00
395.0,587.8948,2025-11-08 21:00:00
380.0,377.08963,2025-11-08 21:00:00
349.0,511.0468,2025-11-08 21:00:00
509.0,515.9193,2025-11-08 21:00:00
404.25,419.51785,2025-11-08 22:00:00
447.0,578.2427,2025-11-08 22:00:00
331.0,480.98434,2025-11-08 22:00:00
501.0,521.4263,2025-11-08 22:00:00
428.0,512.7228,2025-11-08 22:00:00
422.0,486.5697,2025-11-08 23:00:00
517.0,539.57385,2025-11-08 23:00:00
403.3333333333333,420.38223,2025-11-08 23:00:00
326.0,424.9237,2025-11-08 23:00:00
444.0,535.90106,2025-11-08 23:00:00
375.0,406.4319,2025-11-09 00:00:00
317.0,409.045,2025-11-09 00:00:00
361.0,431.65622,2025-11-09 00:00:00
416.0,503.79816,2025-11-09 00:00:00
421.0,540.97754,2025-11-09 00:00:00
362.0,390.6804,2025-11-09 01:00:00
341.0,411.3119,2025-11-09 01:00:00
359.0,481.09937,2025-11-09 01:00:00
331.5,372.01385,2025-11-09 01:00:00
394.0,491.97025,2025-11-09 01:00:00
357.0,381.8227,2025-11-09 02:00:00
351.0,391.99185,2025-11-09 02:00:00
347.0,397.6357,2025-11-09 02:00:00
378.0,479.20972,2025-11-09 02:00:00
368.0,440.0452,2025-11-09 02:00:00
394.0,394.15598,2025-11-09 03:00:00
418.0,371.418,2025-11-09 03:00:00
377.0,415.19635,2025-11-09 03:00:00
453.0,519.8764,2025-11-09 03:00:00
412.25,412.40518,2025-11-09 03:00:00
451.0,418.80063,2025-11-09 04:00:00
451.0,407.86316,2025-11-09 04:00:00
537.0,543.76855,2025-11-09 04:00:00
472.0,409.33517,2025-11-09 04:00:00
368.0,366.65363,2025-11-09 04:00:00
360.0,352.78812,2025-11-09 05:00:00
470.25,402.31708,2025-11-09 05:00:00
458.0,432.36453,2025-11-09 05:00:00
482.0,355.97833,2025-11-09 05:00:00
577.0,542.6115,2025-11-09 05:00:00
365.0,359.0227,2025-11-09 06:00:00
486.0,481.115,2025-11-09 06:00:00
594.0,525.3924,2025-11-09 06:00:00
501.0,374.70883,2025-11-09 06:00:00
478.5,425.8278,2025-11-09 06:00:00
483.0,469.35944,2025-11-09 07:00:00
459.0,413.51117,2025-11-09 07:00:00
385.0,426.3889,2025-11-09 07:00:00
611.0,561.53326,2025-11-09 07:00:00
454.75,425.30753,2025-11-09 07:00:00
606.0,586.21735,2025-11-09 08:00:00
404.25,424.60858,2025-11-09 08:00:00
405.0,452.09662,2025-11-09 08:00:00
470.0,444.57904,2025-11-09 08:00:00
533.0,507.50055,2025-11-09 08:00:00
538.0,491.19196,2025-11-09 09:00:00
478.0,443.5625,2025-11-09 09:00:00
500.0,573.51337,2025-11-09 09:00:00
428.5,416.53894,2025-11-09 09:00:00
456.0,544.785,2025-11-09 09:00:00
462.0,428.491,2025-11-09 10:00:00
472.0,531.30396,2025-11-09 10:00:00
578.0,458.85834,2025-11-09 10:00:00
450.0,395.12384,2025-11-09 10:00:00
500.0,509.42258,2025-11-09 10:00:00
532.0,442.85403,2025-11-09 11:00:00
484.0,408.53635,2025-11-09 11:00:00
578.0,426.5903,2025-11-09 11:00:00
454.75,308.60962,2025-11-09 11:00:00
453.0,450.15225,2025-11-09 11:00:00
578.0,373.09637,2025-11-09 12:00:00
309.75,257.11444,2025-11-09 12:00:00
353.0,359.72586,2025-11-09 12:00:00
408.0,404.97498,2025-11-09 12:00:00
467.0,380.42386,2025-11-09 12:00:00
407.0,372.37347,2025-11-09 13:00:00
376.0,307.95096,2025-11-09 13:00:00
266.0,305.96524,2025-11-09 13:00:00
382.0,380.6003,2025-11-09 13:00:00
274.75,247.3613,2025-11-09 13:00:00
292.25,203.39943,2025-11-09 14:00:00
364.0,293.5959,2025-11-09 14:00:00
321.0,313.47513,2025-11-09 14:00:00
326.0,318.26123,2025-11-09 14:00:00
371.0,337.4141,2025-11-09 14:00:00
444.0,290.7202,2025-11-09 15:00:00
410.0,266.47147,2025-11-09 15:00:00
332.0,250.6551,2025-11-09 15:00:00
306.0,295.89825,2025-11-09 15:00:00
285.0,205.88074,2025-11-09 15:00:00
412.0,279.89148,2025-11-09 16:00:00
260.0,201.47685,2025-11-09 16:00:00
458.0,324.021,2025-11-09 16:00:00
300.0,234.23192,2025-11-09 16:00:00
289.0,276.44766,2025-11-09 16:00:00
482.0,286.20773,2025-11-09 17:00:00
332.0,283.1902,2025-11-09 17:00:00
638.0,331.9317,2025-11-09 17:00:00
326.0,291.57755,2025-11-09 17:00:00
284.0,205.50443,2025-11-09 17:00:00
358.0,290.2269,2025-11-09 18:00:00
411.0,375.9526,2025-11-09 18:00:00
798.0,553.5422,2025-11-09 18:00:00
490.0,363.16245,2025-11-09 18:00:00
388.0,316.5672,2025-11-09 18:00:00
664.0,578.94257,2025-11-09 19:00:00
537.0,440.78317,2025-11-09 19:00:00
417.0,388.0426,2025-11-09 19:00:00
551.0,443.04855,2025-11-09 19:00:00
472.0,383.0952,2025-11-09 19:00:00
575.0,506.2353,2025-11-09 20:00:00
564.0,420.16434,2025-11-09 20:00:00
448.0,453.10394,2025-11-09 20:00:00
714.0,570.1362,2025-11-09 20:00:00
558.0,453.81122,2025-11-09 20:00:00
738.0,534.9771,2025-11-09 21:00:00
657.0,547.87115,2025-11-09 21:00:00
588.0,476.84164,2025-11-09 21:00:00
504.0,453.64435,2025-11-09 21:00:00
520.0,517.0252,2025-11-09 21:00:00
637.0,538.05743,2025-11-09 22:00:00
771.0,525.971,2025-11-09 22:00:00
500.0,458.89755,2025-11-09 22:00:00
531.0,484.95947,2025-11-09 22:00:00
686.0,489.92776,2025-11-09 22:00:00
584.0,435.66104,2025-11-09 23:00:00
746.0,497.4326,2025-11-09 23:00:00
707.0,435.49246,2025-11-09 23:00:00
493.0,435.52545,2025-11-09 23:00:00
719.0,526.6119,2025-11-09 23:00:00
679.0,391.42407,2025-11-10 00:00:00
471.0,377.85846,2025-11-10 00:00:00
692.0,482.45703,2025-11-10 00:00:00
687.0,467.56497,2025-11-10 00:00:00
616.25,374.48926,2025-11-10 00:00:00
566.0,419.92,2025-11-10 01:00:00
570.0,389.78677,2025-11-10 01:00:00
680.0,405.8673,2025-11-10 01:00:00
478.0,387.7878,2025-11-10 01:00:00
624.75,387.53537,2025-11-10 01:00:00
624.75,382.87366,2025-11-10 02:00:00
637.0,377.75745,2025-11-10 02:00:00
489.0,371.30853,2025-11-10 02:00:00
665.0,417.8671,2025-11-10 02:00:00
537.0,357.51212,2025-11-10 02:00:00
511.0,374.62598,2025-11-10 03:00:00
589.75,386.73444,2025-11-10 03:00:00
519.0,374.27295,2025-11-10 03:00:00
533.0,351.03888,2025-11-10 03:00:00
677.0,418.03854,2025-11-10 03:00:00
532.0,418.2417,2025-11-10 04:00:00
664.0,441.61612,2025-11-10 04:00:00
525.0,334.895,2025-11-10 04:00:00
603.0,396.7407,2025-11-10 04:00:00
574.0,382.61008,2025-11-10 04:00:00
501.0,421.16003,2025-11-10 05:00:00
605.75,379.604,2025-11-10 05:00:00
611.0,402.7952,2025-11-10 05:00:00
517.0,348.5986,2025-11-10 05:00:00
688.0,485.74176,2025-11-10 05:00:00
703.0,487.89948,2025-11-10 06:00:00
470.0,368.4337,2025-11-10 06:00:00
495.0,451.0786,2025-11-10 06:00:00
600.0,426.3139,2025-11-10 06:00:00
601.0,392.77438,2025-11-10 06:00:00
591.75,409.23788,2025-11-10 07:00:00
576.0,454.8778,2025-11-10 07:00:00
729.0,509.23407,2025-11-10 07:00:00
459.0,378.04755,2025-11-10 07:00:00
487.0,438.65268,2025-11-10 07:00:00
604.5,371.46445,2025-11-10 08:00:00
515.0,445.9365,2025-11-10 08:00:00
543.0,432.5327,2025-11-10 08:00:00
588.0,472.47873,2025-11-10 08:00:00
774.0,473.2434,2025-11-10 08:00:00
722.0,528.0925,2025-11-10 09:00:00
566.0,452.8602,2025-11-10 09:00:00
624.0,512.28564,2025-11-10 09:00:00
628.0,391.7526,2025-11-10 09:00:00
535.0,465.1148,2025-11-10 09:00:00
541.0,478.45135,2025-11-10 10:00:00
664.0,469.3072,2025-11-10 10:00:00
651.0,411.983,2025-11-10 10:00:00
614.0,378.80923,2025-11-10 10:00:00
650.0,503.2424,2025-11-10 10:00:00
550.0,388.7873,2025-11-10 11:00:00
521.0,404.12784,2025-11-10 11:00:00
435.0,291.79834,2025-11-10 11:00:00
604.0,427.70282,2025-11-10 11:00:00
559.0,376.81247,2025-11-10 11:00:00
525.0,405.84848,2025-11-10 12:00:00
435.0,283.83395,2025-11-10 12:00:00
422.0,360.24454,2025-11-10 12:00:00
443.0,327.0062,2025-11-10 12:00:00
484.0,357.3342,2025-11-10 12:00:00
397.0,286.5625,2025-11-10 13:00:00
382.0,300.7695,2025-11-10 13:00:00
132.0,217.66862,2025-11-10 13:00:00
310.0,342.07242,2025-11-10 13:00:00
426.0,291.72723,2025-11-10 13:00:00
331.0,268.1963,2025-11-10 14:00:00
341.0,255.88153,2025-11-10 14:00:00
329.5,183.42488,2025-11-10 14:00:00
327.0,274.32,2025-11-10 14:00:00
368.0,285.98956,2025-11-10 14:00:00
250.25,176.47215,2025-11-10 15:00:00
260.0,224.72745,2025-11-10 15:00:00
322.0,230.11267,2025-11-10 15:00:00
269.0,274.8853,2025-11-10 15:00:00
371.0,263.93655,2025-11-10 15:00:00
239.0,170.57196,2025-11-10 16:00:00
257.0,280.92767,2025-11-10 16:00:00
249.0,230.38269,2025-11-10 16:00:00
295.0,318.86237,2025-11-10 16:00:00
231.0,235.39986,2025-11-10 16:00:00
451.0,454.87686,2025-11-10 17:00:00
305.0,280.66708,2025-11-10 17:00:00
275.25,195.40738,2025-11-10 17:00:00
276.0,248.71376,2025-11-10 17:00:00
252.0,336.0206,2025-11-10 17:00:00
425.0,387.36557,2025-11-10 18:00:00
344.0,442.95303,2025-11-10 18:00:00
696.0,626.81415,2025-11-10 18:00:00
326.0,315.055,2025-11-10 18:00:00
328.5,263.74078,2025-11-10 18:00:00
581.0,620.2356,2025-11-10 19:00:00
397.0,456.68896,2025-11-10 19:00:00
476.0,461.06854,2025-11-10 19:00:00
367.0,380.10495,2025-11-10 19:00:00
373.75,321.158,2025-11-10 19:00:00
550.0,616.5645,2025-11-10 20:00:00
390.0,465.53735,2025-11-10 20:00:00
577.0,512.3465,2025-11-10 20:00:00
407.0,446.93405,2025-11-10 20:00:00
405.0,401.56012,2025-11-10 20:00:00
563.0,607.42377,2025-11-10 21:00:00
485.75,449.43027,2025-11-10 21:00:00
519.0,490.4329,2025-11-10 21:00:00
509.0,583.4406,2025-11-10 21:00:00
337.0,514.66766,2025-11-10 21:00:00
593.25,495.16473,2025-11-10 22:00:00
366.0,519.2609,2025-11-10 22:00:00
576.0,588.2649,2025-11-10 22:00:00
600.0,568.0733,2025-11-10 22:00:00
453.0,603.1066,2025-11-10 22:00:00
404.0,484.05283,2025-11-10 23:00:00
486.0,673.3791,2025-11-10 23:00:00
555.0,607.6718,2025-11-10 23:00:00
600.0,591.73785,2025-11-10 23:00:00
621.6666666666666,555.49774,2025-11-10 23:00:00
720.25,550.84796,2025-11-11 00:00:00
639.0,666.57635,2025-11-11 00:00:00
632.0,593.35583,2025-11-11 00:00:00
655.0,555.533,2025-11-11 00:00:00
463.0,564.56445,2025-11-11 00:00:00
696.0,568.3252,2025-11-11 01:00:00
732.25,527.8573,2025-11-11 01:00:00
698.0,602.37775,2025-11-11 01:00:00
732.0,627.3041,2025-11-11 01:00:00
525.0,578.7966,2025-11-11 01:00:00
546.0,546.2368,2025-11-11 02:00:00
674.0,571.27747,2025-11-11 02:00:00
696.0,523.7047,2025-11-11 02:00:00
710.75,469.84998,2025-11-11 02:00:00
720.0,584.45166,2025-11-11 02:00:00
657.75,505.84482,2025-11-11 03:00:00
588.0,532.44543,2025-11-11 03:00:00
609.0,558.8374,2025-11-11 03:00:00
825.0,563.2502,2025-11-11 03:00:00
657.0,568.48535,2025-11-11 03:00:00
618.0,509.26276,2025-11-11 04:00:00
528.0,528.17285,2025-11-11 04:00:00
632.0,549.72675,2025-11-11 04:00:00
586.0,520.2687,2025-11-11 04:00:00
639.0,494.5709,2025-11-11 04:00:00
667.0,494.6383,2025-11-11 05:00:00
655.0,513.822,2025-11-11 05:00:00
701.0,523.98224,2025-11-11 05:00:00
480.0,502.55145,2025-11-11 05:00:00
639.0,506.92303,2025-11-11 05:00:00
632.5,494.56448,2025-11-11 06:00:00
431.0,495.93024,2025-11-11 06:00:00
649.0,544.61926,2025-11-11 06:00:00
637.0,559.3637,2025-11-11 06:00:00
602.0,555.7057,2025-11-11 06:00:00
598.5,501.11526,2025-11-11 07:00:00
603.0,561.4911,2025-11-11 07:00:00
647.0,519.98676,2025-11-11 07:00:00
432.0,497.22162,2025-11-11 07:00:00
537.0,507.8008,2025-11-11 07:00:00
904.0,537.7135,2025-11-11 08:00:00
511.0,518.5862,2025-11-11 08:00:00
727.0,540.72046,2025-11-11 08:00:00
603.5,511.92368,2025-11-11 08:00:00
638.0,567.79694,2025-11-11 08:00:00
646.75,511.27155,2025-11-11 09:00:00
594.0,528.61884,2025-11-11 09:00:00
664.0,608.6072,2025-11-11 09:00:00
703.0,528.51337,2025-11-11 09:00:00
569.0,603.5885,2025-11-11 09:00:00
614.0,578.4004,2025-11-11 10:00:00
547.0,568.49524,2025-11-11 10:00:00
631.0,568.7143,2025-11-11 10:00:00
705.0,558.3133,2025-11-11 10:00:00
660.5,508.20023,2025-11-11 10:00:00
544.0,401.1942,2025-11-11 11:00:00
519.0,488.58618,2025-11-11 11:00:00
506.0,564.0318,2025-11-11 11:00:00
587.0,548.1696,2025-11-11 11:00:00
602.0,561.03046,2025-11-11 11:00:00
479.75,411.88168,2025-11-11 12:00:00
691.0,478.0188,2025-11-11 12:00:00
493.0,433.68738,2025-11-11 12:00:00
556.0,482.36838,2025-11-11 12:00:00
473.0,390.81577,2025-11-11 12:00:00
390.0,337.61884,2025-11-11 13:00:00
420.0,421.0329,2025-11-11 13:00:00
519.0,390.476,2025-11-11 13:00:00
370.25,256.03494,2025-11-11 13:00:00
404.0,408.4575,2025-11-11 13:00:00
342.0,320.22644,2025-11-11 14:00:00
312.0,267.97232,2025-11-11 14:00:00
338.0,334.19278,2025-11-11 14:00:00
342.0,351.98608,2025-11-11 14:00:00
421.0,373.04938,2025-11-11 14:00:00
310.0,333.7013,2025-11-11 15:00:00
273.5,211.04892,2025-11-11 15:00:00
309.0,298.6335,2025-11-11 15:00:00
305.0,315.92776,2025-11-11 15:00:00
369.0,335.34448,2025-11-11 15:00:00
324.0,277.22885,2025-11-11 16:00:00
277.0,303.9538,2025-11-11 16:00:00
342.0,359.5653,2025-11-11 16:00:00
268.0,239.0005,2025-11-11 16:00:00
298.0,289.79318,2025-11-11 16:00:00
369.0,340.52945,2025-11-11 17:00:00
302.0,315.89227,2025-11-11 17:00:00
293.0,438.50635,2025-11-11 17:00:00
304.0,280.53778,2025-11-11 17:00:00
291.25,245.31691,2025-11-11 17:00:00
377.0,399.1061,2025-11-11 18:00:00
362.0,363.37646,2025-11-11 18:00:00
349.0,413.57373,2025-11-11 18:00:00
353.5,305.17853,2025-11-11 18:00:00
492.0,653.2911,2025-11-11 18:00:00
389.0,491.10867,2025-11-11 19:00:00
397.0,399.7572,2025-11-11 19:00:00
406.0,425.6513,2025-11-11 19:00:00
492.0,679.1752,2025-11-11 19:00:00
357.0,459.12265,2025-11-11 19:00:00
475.0,685.6574,2025-11-11 20:00:00
455.0,490.69397,2025-11-11 20:00:00
419.0,437.2885,2025-11-11 20:00:00
455.0,565.74133,2025-11-11 20:00:00
532.0,470.59717,2025-11-11 20:00:00
639.0,441.6111,2025-11-11 21:00:00
483.0,601.0029,2025-11-11 21:00:00
459.0,538.308,2025-11-11 21:00:00
589.0,645.2827,2025-11-11 21:00:00
422.0,466.04276,2025-11-11 21:00:00
559.0,448.96277,2025-11-11 22:00:00
552.0,588.326,2025-11-11 22:00:00
452.25,539.95624,2025-11-11 22:00:00
544.0,615.70074,2025-11-11 22:00:00
501.0,573.4907,2025-11-11 22:00:00
518.0,417.02948,2025-11-11 23:00:00
646.0,568.15094,2025-11-11 23:00:00
417.0,539.4653,2025-11-11 23:00:00
555.0,573.9848,2025-11-11 23:00:00
506.0,558.6619,2025-11-11 23:00:00
516.0,612.2727,2025-11-12 00:00:00
452.0,536.1401,2025-11-12 00:00:00
581.0,570.40045,2025-11-12 00:00:00
452.0,403.93982,2025-11-12 00:00:00
505.0,603.30493,2025-11-12 00:00:00
465.0,630.87213,2025-11-12 01:00:00
542.0,560.80066,2025-11-12 01:00:00
525.0,583.09906,2025-11-12 01:00:00
471.0,446.6859,2025-11-12 01:00:00
513.25,503.11078,2025-11-12 01:00:00
570.0,565.92615,2025-11-12 02:00:00
527.0,531.10724,2025-11-12 02:00:00
529.25,525.20703,2025-11-12 02:00:00
433.0,615.38525,2025-11-12 02:00:00
491.0,488.07822,2025-11-12 02:00:00
543.0,524.16754,2025-11-12 03:00:00
491.0,546.74774,2025-11-12 03:00:00
409.0,609.0497,2025-11-12 03:00:00
578.0,515.47687,2025-11-12 03:00:00
519.25,529.6982,2025-11-12 03:00:00
580.0,496.0844,2025-11-12 04:00:00
398.0,609.62195,2025-11-12 04:00:00
572.0,486.69662,2025-11-12 04:00:00
550.25,472.14435,2025-11-12 04:00:00
464.0,515.21094,2025-11-12 04:00:00
379.0,552.06903,2025-11-12 05:00:00
539.25,490.66055,2025-11-12 05:00:00
544.0,546.0301,2025-11-12 05:00:00
432.0,543.56854,2025-11-12 05:00:00
522.0,494.21835,2025-11-12 05:00:00
500.0,488.03323,2025-11-12 06:00:00
416.0,527.5163,2025-11-12 06:00:00
610.0,543.4114,2025-11-12 06:00:00
378.0,451.41037,2025-11-12 06:00:00
511.0,483.8402,2025-11-12 06:00:00
409.0,495.27072,2025-11-12 07:00:00
530.5,508.21768,2025-11-12 07:00:00
617.0,500.63812,2025-11-12 07:00:00
495.0,519.9413,2025-11-12 07:00:00
419.0,520.59814,2025-11-12 07:00:00
472.0,557.5686,2025-11-12 08:00:00
670.0,562.1526,2025-11-12 08:00:00
572.5,512.14294,2025-11-12 08:00:00
489.0,578.6988,2025-11-12 08:00:00
753.0,556.4784,2025-11-12 08:00:00
623.0,492.13553,2025-11-12 09:00:00
543.0,608.6389,2025-11-12 09:00:00
791.0,509.73236,2025-11-12 09:00:00
690.0,558.83685,2025-11-12 09:00:00
636.0,594.5975,2025-11-12 09:00:00
569.0,600.685,2025-11-12 10:00:00
648.0,517.68787,2025-11-12 10:00:00
628.5,512.1382,2025-11-12 10:00:00
591.0,570.8844,2025-11-12 10:00:00
602.0,589.54364,2025-11-12 10:00:00
449.0,457.10718,2025-11-12 11:00:00
496.5,431.25165,2025-11-12 11:00:00
503.0,503.63992,2025-11-12 11:00:00
549.0,537.2429,2025-11-12 11:00:00
520.0,555.7457,2025-11-12 11:00:00
440.0,512.58777,2025-11-12 12:00:00
400.0,423.1672,2025-11-12 12:00:00
509.0,426.98407,2025-11-12 12:00:00
404.75,417.01877,2025-11-12 12:00:00
514.0,531.4385,2025-11-12 12:00:00
393.0,380.60983,2025-11-12 13:00:00
381.5,345.74814,2025-11-12 13:00:00
455.0,386.50607,2025-11-12 13:00:00
514.0,445.80286,2025-11-12 13:00:00
370.0,412.88498,2025-11-12 13:00:00
393.0,326.1473,2025-11-12 14:00:00
355.0,346.8813,2025-11-12 14:00:00
498.0,383.31427,2025-11-12 14:00:00
351.25,255.65782,2025-11-12 14:00:00
361.0,361.88867,2025-11-12 14:00:00
389.0,327.08765,2025-11-12 15:00:00
309.25,248.99373,2025-11-12 15:00:00
415.0,341.27692,2025-11-12 15:00:00
393.0,339.91837,2025-11-12 15:00:00
353.0,325.9688,2025-11-12 15:00:00
445.0,345.49908,2025-11-12 16:00:00
313.0,296.09283,2025-11-12 16:00:00
373.0,288.349,2025-11-12 16:00:00
439.25,254.39897,2025-11-12 16:00:00
409.0,344.79663,2025-11-12 16:00:00
362.0,302.39423,2025-11-12 17:00:00
393.0,358.5264,2025-11-12 17:00:00
425.0,236.1244,2025-11-12 17:00:00
395.0,370.2978,2025-11-12 17:00:00
324.0,297.97592,2025-11-12 17:00:00
387.0,295.45193,2025-11-12 18:00:00
379.0,361.85306,2025-11-12 18:00:00
574.0,572.33374,2025-11-12 18:00:00
426.0,347.31982,2025-11-12 18:00:00
478.0,458.55048,2025-11-12 18:00:00
424.0,461.93045,2025-11-12 19:00:00
528.0,478.17706,2025-11-12 19:00:00
399.5,368.64175,2025-11-12 19:00:00
469.0,407.48895,2025-11-12 19:00:00
537.0,604.04333,2025-11-12 19:00:00
415.5,418.36743,2025-11-12 20:00:00
520.0,694.7077,2025-11-12 20:00:00
462.0,513.23486,2025-11-12 20:00:00
543.0,514.3981,2025-11-12 20:00:00
505.0,443.03268,2025-11-12 20:00:00
508.0,545.5633,2025-11-12 21:00:00
462.0,656.82135,2025-11-12 21:00:00
611.0,530.64246,2025-11-12 21:00:00
434.0,585.45795,2025-11-12 21:00:00
436.0,427.61624,2025-11-12 21:00:00
459.75,496.80954,2025-11-12 22:00:00
370.0,590.3278,2025-11-12 22:00:00
523.0,543.9325,2025-11-12 22:00:00
440.0,629.7635,2025-11-12 22:00:00
603.0,612.6488,2025-11-12 22:00:00
508.0,609.52014,2025-11-12 23:00:00
376.0,651.5223,2025-11-12 23:00:00
591.0,619.41693,2025-11-12 23:00:00
483.0,623.6746,2025-11-12 23:00:00
446.6666666666667,477.21606,2025-11-12 23:00:00
543.0,620.72675,2025-11-13 00:00:00
424.25,531.7623,2025-11-13 00:00:00
483.0,571.39984,2025-11-13 00:00:00
342.0,576.4557,2025-11-13 00:00:00
459.0,603.5094,2025-11-13 00:00:00
483.0,587.724,2025-11-13 01:00:00
418.0,558.2193,2025-11-13 01:00:00
437.0,544.03986,2025-11-13 01:00:00
324.0,567.52893,2025-11-13 01:00:00
427.25,541.4886,2025-11-13 01:00:00
438.0,572.01733,2025-11-13 02:00:00
400.0,544.1851,2025-11-13 02:00:00
329.0,530.12506,2025-11-13 02:00:00
353.0,504.94345,2025-11-13 02:00:00
413.25,520.8653,2025-11-13 02:00:00
423.5,507.42392,2025-11-13 03:00:00
422.0,550.76294,2025-11-13 03:00:00
344.0,495.56247,2025-11-13 03:00:00
335.0,535.26794,2025-11-13 03:00:00
387.0,584.9375,2025-11-13 03:00:00
384.0,544.96094,2025-11-13 04:00:00
313.0,513.11707,2025-11-13 04:00:00
470.0,569.78046,2025-11-13 04:00:00
350.0,473.5953,2025-11-13 04:00:00
426.5,518.9261,2025-11-13 04:00:00
315.0,486.4773,2025-11-13 05:00:00
409.25,535.33264,2025-11-13 05:00:00
349.0,412.79068,2025-11-13 05:00:00
471.0,591.0005,2025-11-13 05:00:00
374.0,523.75586,2025-11-13 05:00:00
450.0,615.8428,2025-11-13 06:00:00
339.0,410.57837,2025-11-13 06:00:00
422.0,497.28894,2025-11-13 06:00:00
397.5,527.86194,2025-11-13 06:00:00
314.0,439.75888,2025-11-13 06:00:00
371.5,506.02396,2025-11-13 07:00:00
347.0,440.76392,2025-11-13 07:00:00
438.0,510.25653,2025-11-13 07:00:00
353.0,425.10858,2025-11-13 07:00:00
453.0,517.2749,2025-11-13 07:00:00
386.0,556.52454,2025-11-13 08:00:00
353.0,492.99017,2025-11-13 08:00:00
536.0,574.4708,2025-11-13 08:00:00
439.0,550.6501,2025-11-13 08:00:00
362.0,533.63806,2025-11-13 08:00:00
371.25,528.7328,2025-11-13 09:00:00
465.0,602.83875,2025-11-13 09:00:00
375.0,571.7274,2025-11-13 09:00:00
353.0,604.4168,2025-11-13 09:00:00
450.0,573.40295,2025-11-13 09:00:00
393.5,498.04092,2025-11-13 10:00:00
422.0,609.1911,2025-11-13 10:00:00
493.0,565.86725,2025-11-13 10:00:00
521.0,554.8382,2025-11-13 10:00:00
480.0,570.2449,2025-11-13 10:00:00
370.0,555.2326,2025-11-13 11:00:00
482.0,511.60178,2025-11-13 11:00:00
454.0,459.2798,2025-11-13 11:00:00
428.5,456.07272,2025-11-13 11:00:00
442.0,529.97095,2025-11-13 11:00:00
375.0,495.9091,2025-11-13 12:00:00
440.0,449.2862,2025-11-13 12:00:00
400.0,373.68814,2025-11-13 12:00:00
364.0,475.40372,2025-11-13 12:00:00
454.0,387.7525,2025-11-13 12:00:00
364.25,279.02386,2025-11-13 13:00:00
385.0,351.42566,2025-11-13 13:00:00
412.0,335.49518,2025-11-13 13:00:00
313.0,374.9498,2025-11-13 13:00:00
416.0,374.1924,2025-11-13 13:00:00
315.0,308.5188,2025-11-13 14:00:00
372.0,306.76498,2025-11-13 14:00:00
351.0,343.2606,2025-11-13 14:00:00
333.75,269.1861,2025-11-13 14:00:00
374.0,360.25317,2025-11-13 14:00:00
304.0,345.8299,2025-11-13 15:00:00
340.0,342.47824,2025-11-13 15:00:00
374.0,377.79037,2025-11-13 15:00:00
291.5,268.48227,2025-11-13 15:00:00
316.0,318.55865,2025-11-13 15:00:00
374.0,376.27722,2025-11-13 16:00:00
256.25,279.24826,2025-11-13 16:00:00
260.0,318.57462,2025-11-13 16:00:00
313.0,333.6329,2025-11-13 16:00:00
309.0,343.33145,2025-11-13 16:00:00
374.0,392.63086,2025-11-13 17:00:00
273.0,323.25388,2025-11-13 17:00:00
278.0,296.9348,2025-11-13 17:00:00
315.0,406.80603,2025-11-13 17:00:00
300.0,338.85648,2025-11-13 17:00:00
323.75,352.08466,2025-11-13 18:00:00
460.0,594.21497,2025-11-13 18:00:00
311.0,334.91138,2025-11-13 18:00:00
364.0,483.81772,2025-11-13 18:00:00
353.0,424.91788,2025-11-13 18:00:00
388.0,445.73697,2025-11-13 19:00:00
393.0,395.0571,2025-11-13 19:00:00
481.0,652.8646,2025-11-13 19:00:00
442.0,521.20386,2025-11-13 19:00:00
359.5,407.4236,2025-11-13 19:00:00
450.0,435.3898,2025-11-13 20:00:00
393.75,395.86722,2025-11-13 20:00:00
393.0,526.64386,2025-11-13 20:00:00
512.0,664.5162,2025-11-13 20:00:00
505.0,570.1203,2025-11-13 20:00:00
451.75,388.64877,2025-11-13 21:00:00
577.0,629.7252,2025-11-13 21:00:00
536.0,631.5961,2025-11-13 21:00:00
484.0,474.4953,2025-11-13 21:00:00
393.0,492.91803,2025-11-13 21:00:00
622.0,619.8366,2025-11-13 22:00:00
483.75,444.1253,2025-11-13 22:00:00
509.0,636.9717,2025-11-13 22:00:00
409.0,522.66376,2025-11-13 22:00:00
514.0,521.0081,2025-11-13 22:00:00
516.0,521.0331,2025-11-13 23:00:00
392.0,461.35645,2025-11-13 23:00:00
659.0,598.70917,2025-11-13 23:00:00
553.0,602.9611,2025-11-13 23:00:00
492.3333333333333,424.1927,2025-11-13 23:00:00
593.0,635.1005,2025-11-14 00:00:00
521.0,473.37775,2025-11-14 00:00:00
500.0,544.7502,2025-11-14 00:00:00
475.5,418.11197,2025-11-14 00:00:00
456.0,578.02124,2025-11-14 00:00:00
440.0,447.92715,2025-11-14 01:00:00
481.75,468.37564,2025-11-14 01:00:00
442.0,523.1539,2025-11-14 01:00:00
480.0,609.5595,2025-11-14 01:00:00
447.0,566.2127,2025-11-14 01:00:00
490.0,443.4644,2025-11-14 02:00:00
552.0,415.2229,2025-11-14 02:00:00
537.0,567.7492,2025-11-14 02:00:00
427.0,523.79834,2025-11-14 02:00:00
447.0,450.8424,2025-11-14 02:00:00
445.0,423.72623,2025-11-14 03:00:00
421.0,405.5282,2025-11-14 03:00:00
537.0,529.52545,2025-11-14 03:00:00
405.0,430.7787,2025-11-14 03:00:00
494.25,430.81152,2025-11-14 03:00:00
381.0,429.1222,2025-11-14 04:00:00
387.0,374.7303,2025-11-14 04:00:00
485.75,410.37137,2025-11-14 04:00:00
462.0,407.67035,2025-11-14 04:00:00
537.0,531.4117,2025-11-14 04:00:00
576.0,528.67505,2025-11-14 05:00:00
480.25,404.90985,2025-11-14 05:00:00
481.0,399.50043,2025-11-14 05:00:00
387.0,332.1692,2025-11-14 05:00:00
371.0,387.6022,2025-11-14 05:00:00
523.0,529.80475,2025-11-14 06:00:00
388.0,354.72253,2025-11-14 06:00:00
449.0,381.1468,2025-11-14 06:00:00
373.0,375.85968,2025-11-14 06:00:00
506.0,411.92618,2025-11-14 06:00:00
533.0,563.52124,2025-11-14 07:00:00
498.0,392.8941,2025-11-14 07:00:00
344.0,403.81226,2025-11-14 07:00:00
393.0,373.12674,2025-11-14 07:00:00
422.0,363.34906,2025-11-14 07:00:00
394.5,359.59476,2025-11-14 08:00:00
451.0,412.4753,2025-11-14 08:00:00
501.0,541.33624,2025-11-14 08:00:00
445.0,442.84454,2025-11-14 08:00:00
355.0,410.45648,2025-11-14 08:00:00
473.0,623.9615,2025-11-14 09:00:00
367.0,456.7982,2025-11-14 09:00:00
440.0,423.0695,2025-11-14 09:00:00
380.0,365.46014,2025-11-14 09:00:00
486.0,519.91724,2025-11-14 09:00:00
395.75,363.7808,2025-11-14 10:00:00
416.0,481.50534,2025-11-14 10:00:00
581.0,563.89984,2025-11-14 10:00:00
453.0,412.14493,2025-11-14 10:00:00
506.0,433.10068,2025-11-14 10:00:00
472.0,399.11356,2025-11-14 11:00:00
466.0,347.73404,2025-11-14 11:00:00
504.0,409.20947,2025-11-14 11:00:00
356.0,409.9024,2025-11-14 11:00:00
512.0,499.41885,2025-11-14 11:00:00
451.0,480.89438,2025-11-14 12:00:00
367.0,373.1993,2025-11-14 12:00:00
447.0,358.48764,2025-11-14 12:00:00
377.5,296.57028,2025-11-14 12:00:00
438.0,355.54968,2025-11-14 12:00:00
431.0,322.29968,2025-11-14 13:00:00
316.0,343.09763,2025-11-14 13:00:00
308.75,262.38623,2025-11-14 13:00:00
411.0,358.4335,2025-11-14 13:00:00
337.0,427.66318,2025-11-14 13:00:00
300.0,318.07968,2025-11-14 14:00:00
317.0,397.80643,2025-11-14 14:00:00
288.0,299.24603,2025-11-14 14:00:00
315.0,322.51987,2025-11-14 14:00:00
290.5,256.51654,2025-11-14 14:00:00
268.75,259.54294,2025-11-14 15:00:00
316.0,320.28333,2025-11-14 15:00:00
307.0,449.06335,2025-11-14 15:00:00
298.0,315.52914,2025-11-14 15:00:00
346.0,306.9682,2025-11-14 15:00:00
221.75,246.26036,2025-11-14 16:00:00
272.0,285.70343,2025-11-14 16:00:00
345.0,329.87415,2025-11-14 16:00:00
321.0,401.8348,2025-11-14 16:00:00
297.0,298.77536,2025-11-14 16:00:00
246.0,267.27625,2025-11-14 17:00:00
296.0,326.24078,2025-11-14 17:00:00
267.0,451.30475,2025-11-14 17:00:00
232.0,285.7068,2025-11-14 17:00:00
332.0,420.0262,2025-11-14 17:00:00
328.0,506.60034,2025-11-14 18:00:00
324.5,337.12894,2025-11-14 18:00:00
347.0,381.21924,2025-11-14 18:00:00
274.0,359.22546,2025-11-14 18:00:00
541.0,554.2733,2025-11-14 18:00:00
349.0,479.8175,2025-11-14 19:00:00
433.0,591.2882,2025-11-14 19:00:00
374.0,436.14807,2025-11-14 19:00:00
545.0,615.4857,2025-11-14 19:00:00
329.5,391.55734,2025-11-14 19:00:00
511.0,608.7603,2025-11-14 20:00:00
531.0,627.42377,2025-11-14 20:00:00
390.0,453.3744,2025-11-14 20:00:00
390.0,475.97495,2025-11-14 20:00:00
360.0,428.1836,2025-11-14 20:00:00
462.0,614.59564,2025-11-14 21:00:00
422.0,499.58206,2025-11-14 21:00:00
533.0,666.3217,2025-11-14 21:00:00
409.25,427.90085,2025-11-14 21:00:00
419.0,447.129,2025-11-14 21:00:00
352.0,434.13394,2025-11-14 22:00:00
586.0,759.599,2025-11-14 22:00:00
489.0,534.824,2025-11-14 22:00:00
519.25,417.19614,2025-11-14 22:00:00
494.0,588.32227,2025-11-14 22:00:00
531.0,743.69836,2025-11-14 23:00:00
373.0,425.21353,2025-11-14 23:00:00
609.0,494.03467,2025-11-14 23:00:00
454.0,582.1253,2025-11-14 23:00:00
595.0,418.78656,2025-11-14 23:00:00
433.0,564.4094,2025-11-15 00:00:00
589.0,524.738,2025-11-15 00:00:00
373.0,426.9413,2025-11-15 00:00:00
603.25,453.481,2025-11-15 00:00:00
597.0,729.8144,2025-11-15 00:00:00
396.0,501.21085,2025-11-15 01:00:00
672.0,724.23004,2025-11-15 01:00:00
604.75,429.93173,2025-11-15 01:00:00
566.0,479.6898,2025-11-15 01:00:00
376.0,477.94244,2025-11-15 01:00:00
588.25,428.54898,2025-11-15 02:00:00
559.0,474.4525,2025-11-15 02:00:00
353.0,472.27853,2025-11-15 02:00:00
653.0,634.3948,2025-11-15 02:00:00
371.0,442.9345,2025-11-15 02:00:00
575.25,426.3591,2025-11-15 03:00:00
657.0,636.35986,2025-11-15 03:00:00
342.0,435.53043,2025-11-15 03:00:00
555.0,451.75586,2025-11-15 03:00:00
359.0,449.8894,2025-11-15 03:00:00
348.0,423.98886,2025-11-15 04:00:00
313.0,443.1788,2025-11-15 04:00:00
547.0,438.27792,2025-11-15 04:00:00
539.25,404.57855,2025-11-15 04:00:00
670.0,605.0621,2025-11-15 04:00:00
600.0,647.77655,2025-11-15 05:00:00
338.0,407.58347,2025-11-15 05:00:00
365.0,372.85638,2025-11-15 05:00:00
531.0,464.75616,2025-11-15 05:00:00
466.75,421.56763,2025-11-15 05:00:00
402.25,387.4694,2025-11-15 06:00:00
506.0,459.24103,2025-11-15 06:00:00
306.0,405.34586,2025-11-15 06:00:00
559.0,636.5501,2025-11-15 06:00:00
354.0,370.7705,2025-11-15 06:00:00
504.0,585.69666,2025-11-15 07:00:00
407.5,397.08716,2025-11-15 07:00:00
295.0,396.76376,2025-11-15 07:00:00
453.0,465.21332,2025-11-15 07:00:00
338.0,345.63962,2025-11-15 07:00:00
353.0,390.93994,2025-11-15 08:00:00
428.25,371.89777,2025-11-15 08:00:00
323.0,434.60486,2025-11-15 08:00:00
588.0,592.7841,2025-11-15 08:00:00
462.0,481.62402,2025-11-15 08:00:00
473.0,500.01828,2025-11-15 09:00:00
490.0,597.8045,2025-11-15 09:00:00
417.0,445.83646,2025-11-15 09:00:00
447.0,361.22348,2025-11-15 09:00:00
386.0,422.68396,2025-11-15 09:00:00
370.0,434.22244,2025-11-15 10:00:00
461.25,336.85007,2025-11-15 10:00:00
506.0,483.9029,2025-11-15 10:00:00
503.0,522.6819,2025-11-15 10:00:00
442.0,453.75677,2025-11-15 10:00:00
480.0,491.47235,2025-11-15 11:00:00
363.0,419.0558,2025-11-15 11:00:00
455.0,401.3838,2025-11-15 11:00:00
415.0,397.93225,2025-11-15 11:00:00
379.5,323.27338,2025-11-15 11:00:00
412.0,376.00256,2025-11-15 12:00:00
359.0,388.57092,2025-11-15 12:00:00
368.0,460.74448,2025-11-15 12:00:00
293.5,295.098,2025-11-15 12:00:00
373.0,363.58682,2025-11-15 12:00:00
340.0,347.40778,2025-11-15 13:00:00
200.0,278.28793,2025-11-15 13:00:00
291.0,350.23285,2025-11-15 13:00:00
254.0,311.6362,2025-11-15 13:00:00
290.0,421.41296,2025-11-15 13:00:00
232.0,286.04642,2025-11-15 14:00:00
230.0,280.99716,2025-11-15 14:00:00
211.0,431.98898,2025-11-15 14:00:00
223.0,317.29733,2025-11-15 14:00:00
158.75,269.52435,2025-11-15 14:00:00
215.0,327.44547,2025-11-15 15:00:00
208.0,307.21622,2025-11-15 15:00:00
189.0,405.78357,2025-11-15 15:00:00
212.0,306.84546,2025-11-15 15:00:00
174.0,243.38754,2025-11-15 15:00:00
213.0,405.15146,2025-11-15 16:00:00
241.0,324.71393,2025-11-15 16:00:00
206.0,303.7565,2025-11-15 16:00:00
218.0,274.72894,2025-11-15 16:00:00
194.75,236.33162,2025-11-15 16:00:00
244.0,411.65433,2025-11-15 17:00:00
224.0,266.74414,2025-11-15 17:00:00
214.0,321.03467,2025-11-15 17:00:00
271.0,439.90378,2025-11-15 17:00:00
203.0,248.79364,2025-11-15 17:00:00
403.0,572.0787,2025-11-15 18:00:00
285.0,383.06198,2025-11-15 18:00:00
276.0,324.85675,2025-11-15 18:00:00
256.0,469.9263,2025-11-15 18:00:00
293.0,338.5558,2025-11-15 18:00:00
296.5,404.65866,2025-11-15 19:00:00
327.0,413.64374,2025-11-15 19:00:00
394.0,568.2682,2025-11-15 19:00:00
350.0,431.99454,2025-11-15 19:00:00
405.0,620.71796,2025-11-15 19:00:00
498.0,615.13153,2025-11-15 20:00:00
415.0,639.05096,2025-11-15 20:00:00
355.0,480.93045,2025-11-15 20:00:00
325.0,456.74368,2025-11-15 20:00:00
362.0,474.4411,2025-11-15 20:00:00
360.75,487.23264,2025-11-15 21:00:00
382.0,484.4204,2025-11-15 21:00:00
404.0,665.6407,2025-11-15 21:00:00
369.0,473.10843,2025-11-15 21:00:00
444.0,622.9228,2025-11-15 21:00:00
416.0,631.2082,2025-11-15 22:00:00
454.0,703.6115,2025-11-15 22:00:00
394.0,528.7426,2025-11-15 22:00:00
337.0,466.35797,2025-11-15 22:00:00
418.5,523.25665,2025-11-15 22:00:00
500.0,681.46686,2025-11-15 23:00:00
406.0,565.70483,2025-11-15 23:00:00
479.6666666666667,521.1973,2025-11-15 23:00:00
443.0,577.41724,2025-11-15 23:00:00
363.0,467.5097,2025-11-15 23:00:00
510.0,778.02203,2025-11-16 00:00:00
347.0,558.26447,2025-11-16 00:00:00
414.0,590.53986,2025-11-16 00:00:00
494.5,592.5475,2025-11-16 00:00:00
467.0,649.26337,2025-11-16 00:00:00
621.0,696.93304,2025-11-16 01:00:00
459.0,621.57666,2025-11-16 01:00:00
508.0,594.1436,2025-11-16 01:00:00
426.0,532.5874,2025-11-16 01:00:00
319.0,498.16232,2025-11-16 01:00:00
449.0,622.05365,2025-11-16 02:00:00
554.0,727.7902,2025-11-16 02:00:00
503.0,578.9386,2025-11-16 02:00:00
353.0,522.3431,2025-11-16 02:00:00
315.0,500.28195,2025-11-16 02:00:00
313.0,493.5357,2025-11-16 03:00:00
532.0,741.22754,2025-11-16 03:00:00
503.0,584.4102,2025-11-16 03:00:00
289.0,513.8056,2025-11-16 03:00:00
434.0,606.9179,2025-11-16 03:00:00
426.0,566.0805,2025-11-16 04:00:00
498.0,525.9516,2025-11-16 04:00:00
273.0,480.0813,2025-11-16 04:00:00
318.0,459.0384,2025-11-16 04:00:00
527.0,646.3364,2025-11-16 04:00:00
305.0,449.04306,2025-11-16 05:00:00
455.75,479.50555,2025-11-16 05:00:00
254.0,460.60233,2025-11-16 05:00:00
420.0,532.0025,2025-11-16 05:00:00
542.0,665.3499,2025-11-16 05:00:00
298.0,430.99167,2025-11-16 06:00:00
528.0,610.4374,2025-11-16 06:00:00
439.0,554.3477,2025-11-16 06:00:00
251.0,439.7161,2025-11-16 06:00:00
401.0,448.85077,2025-11-16 06:00:00
223.0,421.93777,2025-11-16 07:00:00
412.0,510.27756,2025-11-16 07:00:00
306.25,397.44775,2025-11-16 07:00:00
462.0,594.8505,2025-11-16 07:00:00
293.0,405.92117,2025-11-16 07:00:00
276.25,412.83023,2025-11-16 08:00:00
335.0,433.4998,2025-11-16 08:00:00
434.0,622.85614,2025-11-16 08:00:00
266.0,465.9202,2025-11-16 08:00:00
344.0,521.7537,2025-11-16 08:00:00
367.0,560.905,2025-11-16 09:00:00
399.0,547.34155,2025-11-16 09:00:00
307.0,381.98343,2025-11-16 09:00:00
362.0,509.3821,2025-11-16 09:00:00
340.0,526.39667,2025-11-16 09:00:00
394.0,550.2786,2025-11-16 10:00:00
528.0,506.72147,2025-11-16 10:00:00
442.0,548.84204,2025-11-16 10:00:00
329.75,422.71304,2025-11-16 10:00:00
377.0,547.7702,2025-11-16 10:00:00
411.0,604.01135,2025-11-16 11:00:00
376.0,546.94354,2025-11-16 11:00:00
409.0,481.88837,2025-11-16 11:00:00
331.0,489.38388,2025-11-16 11:00:00
346.25,408.97934,2025-11-16 11:00:00
318.0,340.62753,2025-11-16 12:00:00
291.0,453.4668,2025-11-16 12:00:00
331.0,496.00128,2025-11-16 12:00:00
364.0,410.22552,2025-11-16 12:00:00
354.0,483.0485,2025-11-16 12:00:00
302.0,371.73398,2025-11-16 13:00:00
310.0,423.65106,2025-11-16 13:00:00
247.25,280.61676,2025-11-16 13:00:00
366.0,476.79114,2025-11-16 13:00:00
269.0,388.68665,2025-11-16 13:00:00
269.0,396.23874,2025-11-16 14:00:00
269.0,389.52203,2025-11-16 14:00:00
252.0,386.77966,2025-11-16 14:00:00
235.5,261.39047,2025-11-16 14:00:00
226.0,347.05316,2025-11-16 14:00:00
205.5,251.24704,2025-11-16 15:00:00
238.0,356.94058,2025-11-16 15:00:00
267.0,344.35254,2025-11-16 15:00:00
245.0,356.87473,2025-11-16 15:00:00
220.0,359.7407,2025-11-16 15:00:00
241.0,364.275,2025-11-16 16:00:00
182.75,243.4919,2025-11-16 16:00:00
213.0,331.37604,2025-11-16 16:00:00
245.0,356.54504,2025-11-16 16:00:00
222.0,297.58078,2025-11-16 16:00:00
200.0,341.3423,2025-11-16 17:00:00
240.5,255.49132,2025-11-16 17:00:00
525.0,342.87534,2025-11-16 17:00:00
219.0,359.67865,2025-11-16 17:00:00
263.0,419.3559,2025-11-16 17:00:00
256.0,384.03033,2025-11-16 18:00:00
277.0,423.76883,2025-11-16 18:00:00
480.0,594.0875,2025-11-16 18:00:00
342.75,405.52045,2025-11-16 18:00:00
393.0,455.6214,2025-11-16 18:00:00
451.0,467.11563,2025-11-16 19:00:00
454.0,612.67474,2025-11-16 19:00:00
448.0,600.2715,2025-11-16 19:00:00
322.0,475.0507,2025-11-16 19:00:00
359.25,434.46204,2025-11-16 19:00:00
448.0,508.76407,2025-11-16 20:00:00
428.0,654.4763,2025-11-16 20:00:00
383.75,476.0928,2025-11-16 20:00:00
553.0,630.7351,2025-11-16 20:00:00
528.0,507.5766,2025-11-16 20:00:00
372.75,531.6772,2025-11-16 21:00:00
506.0,530.41156,2025-11-16 21:00:00
564.0,635.0473,2025-11-16 21:00:00
553.0,547.90985,2025-11-16 21:00:00
515.0,660.9114,2025-11-16 21:00:00
594.0,523.4422,2025-11-16 22:00:00
506.0,627.6201,2025-11-16 22:00:00
705.0,725.7195,2025-11-16 22:00:00
335.0,569.94305,2025-11-16 22:00:00
500.0,524.9892,2025-11-16 22:00:00
344.6666666666667,558.68744,2025-11-16 23:00:00
553.0,551.11566,2025-11-16 23:00:00
394.0,534.3061,2025-11-16 23:00:00
442.0,605.3206,2025-11-16 23:00:00
754.0,684.15643,2025-11-16 23:00:00
538.0,606.8519,2025-11-17 00:00:00
469.0,538.4779,2025-11-17 00:00:00
363.0,481.9537,2025-11-17 00:00:00
345.0,575.50824,2025-11-17 00:00:00
690.0,706.9467,2025-11-17 00:00:00
467.0,501.54886,2025-11-17 01:00:00
313.0,471.53113,2025-11-17 01:00:00
543.0,560.355,2025-11-17 01:00:00
561.0,611.2292,2025-11-17 01:00:00
325.75,481.19058,2025-11-17 01:00:00
563.0,639.53766,2025-11-17 02:00:00
306.5,504.79803,2025-11-17 02:00:00
566.0,569.1886,2025-11-17 02:00:00
427.0,446.76547,2025-11-17 02:00:00
297.0,437.74185,2025-11-17 02:00:00
570.0,554.2854,2025-11-17 03:00:00
511.0,632.9293,2025-11-17 03:00:00
389.0,411.4854,2025-11-17 03:00:00
295.75,507.15244,2025-11-17 03:00:00
314.0,378.73514,2025-11-17 03:00:00
316.0,367.42572,2025-11-17 04:00:00
338.0,382.62344,2025-11-17 04:00:00
522.0,494.79895,2025-11-17 04:00:00
333.75,514.41864,2025-11-17 04:00:00
497.0,574.6754,2025-11-17 04:00:00
358.75,433.58563,2025-11-17 05:00:00
514.0,464.55676,2025-11-17 05:00:00
553.0,576.42377,2025-11-17 05:00:00
316.0,360.02753,2025-11-17 05:00:00
327.0,369.31573,2025-11-17 05:00:00
316.0,359.32767,2025-11-17 06:00:00
543.0,599.16437,2025-11-17 06:00:00
464.0,487.80975,2025-11-17 06:00:00
375.0,420.99817,2025-11-17 06:00:00
334.0,360.23203,2025-11-17 06:00:00
316.0,379.2266,2025-11-17 07:00:00
311.0,362.81805,2025-11-17 07:00:00
434.5,340.59686,2025-11-17 07:00:00
449.0,418.88306,2025-11-17 07:00:00
537.0,569.0409,2025-11-17 07:00:00
458.0,478.73727,2025-11-17 08:00:00
498.0,622.5578,2025-11-17 08:00:00
422.25,364.5491,2025-11-17 08:00:00
353.0,396.87302,2025-11-17 08:00:00
556.0,522.31494,2025-11-17 09:00:00
421.0,467.24634,2025-11-17 09:00:00
495.5,376.97797,2025-11-17 09:00:00
576.0,493.27768,2025-11-17 09:00:00
532.25,395.4678,2025-11-17 10:00:00
647.0,525.6972,2025-11-17 10:00:00
420.0,515.9944,2025-11-17 10:00:00
697.0,522.3349,2025-11-17 10:00:00
429.0,452.2488,2025-11-17 11:00:00
628.0,438.66376,2025-11-17 11:00:00
536.5,389.67538,2025-11-17 11:00:00
613.0,502.11682,2025-11-17 11:00:00
342.0,474.92288,2025-11-17 12:00:00
468.75,324.0668,2025-11-17 12:00:00
497.0,524.5726,2025-11-17 12:00:00
383.0,391.06937,2025-11-17 12:00:00
599.0,442.7255,2025-11-17 12:00:00
373.0,426.59906,2025-11-17 13:00:00
476.0,390.4204,2025-11-17 13:00:00
332.0,360.07245,2025-11-17 13:00:00
314.0,284.0369,2025-11-17 13:00:00
295.0,414.4575,2025-11-17 13:00:00
294.0,325.17386,2025-11-17 14:00:00
247.0,270.40292,2025-11-17 14:00:00
383.0,349.1539,2025-11-17 14:00:00
321.0,360.99976,2025-11-17 14:00:00
220.0,377.20236,2025-11-17 14:00:00
322.0,375.4452,2025-11-17 15:00:00
192.5,252.19461,2025-11-17 15:00:00
246.0,297.94617,2025-11-17 15:00:00
287.0,311.32645,2025-11-17 15:00:00
262.0,327.64944,2025-11-17 15:00:00
138.25,240.6895,2025-11-17 16:00:00
282.0,311.88354,2025-11-17 16:00:00
204.0,298.91458,2025-11-17 16:00:00
272.0,346.7549,2025-11-17 16:00:00
235.0,293.29092,2025-11-17 16:00:00
298.0,366.45883,2025-11-17 17:00:00
197.0,391.14856,2025-11-17 17:00:00
329.0,381.2834,2025-11-17 17:00:00
192.0,307.41516,2025-11-17 17:00:00
223.0,333.99966,2025-11-17 17:00:00
248.0,384.90125,2025-11-17 18:00:00
390.0,388.98175,2025-11-17 18:00:00
405.0,541.9381,2025-11-17 18:00:00
251.0,450.9966,2025-11-17 18:00:00
300.75,386.80234,2025-11-17 18:00:00
398.0,569.6176,2025-11-17 19:00:00
326.5,429.66672,2025-11-17 19:00:00
361.0,408.41647,2025-11-17 19:00:00
483.0,472.13754,2025-11-17 19:00:00
346.0,539.7173,2025-11-17 19:00:00
432.0,612.6023,2025-11-17 20:00:00
300.0,465.4669,2025-11-17 20:00:00
497.0,526.9737,2025-11-17 20:00:00
414.0,459.39188,2025-11-17 20:00:00
431.0,538.57056,2025-11-17 20:00:00
455.0,703.5153,2025-11-17 21:00:00
400.0,594.522,2025-11-17 21:00:00
475.0,599.1667,2025-11-17 21:00:00
331.75,485.5639,2025-11-17 21:00:00
488.0,566.948,2025-11-17 21:00:00
464.0,579.85144,2025-11-17 22:00:00
428.0,591.1155,2025-11-17 22:00:00
484.0,753.704,2025-11-17 22:00:00
633.0,597.838,2025-11-17 22:00:00
363.25,544.9693,2025-11-17 22:00:00
402.6666666666667,551.2697,2025-11-17 23:00:00
429.0,612.0591,2025-11-17 23:00:00
451.0,575.31525,2025-11-17 23:00:00
514.0,752.3644,2025-11-17 23:00:00
633.0,608.6507,2025-11-17 23:00:00
534.0,726.3164,2025-11-18 00:00:00
409.0,490.00922,2025-11-18 00:00:00
611.0,624.1712,2025-11-18 00:00:00
417.0,527.3985,2025-11-18 00:00:00
415.0,607.7595,2025-11-18 00:00:00
574.0,613.3761,2025-11-18 01:00:00
594.0,743.86194,2025-11-18 01:00:00
385.0,601.6399,2025-11-18 01:00:00
411.75,496.7199,2025-11-18 01:00:00
421.0,509.13345,2025-11-18 01:00:00
382.0,583.20483,2025-11-18 02:00:00
427.25,457.80173,2025-11-18 02:00:00
552.0,647.6085,2025-11-18 02:00:00
544.0,587.81573,2025-11-18 02:00:00
438.0,473.16223,2025-11-18 02:00:00
378.0,529.2857,2025-11-18 03:00:00
542.0,597.2532,2025-11-18 03:00:00
461.0,440.6893,2025-11-18 03:00:00
516.0,575.59454,2025-11-18 03:00:00
435.0,409.69824,2025-11-18 03:00:00
364.0,438.22214,2025-11-18 04:00:00
452.0,448.37082,2025-11-18 04:00:00
560.0,551.65314,2025-11-18 04:00:00
578.0,573.1057,2025-11-18 04:00:00
459.5,445.3465,2025-11-18 04:00:00
596.0,512.20276,2025-11-18 05:00:00
566.0,579.37756,2025-11-18 05:00:00
498.0,424.93542,2025-11-18 05:00:00
417.0,406.78537,2025-11-18 05:00:00
479.5,431.12015,2025-11-18 05:00:00
461.25,391.81006,2025-11-18 06:00:00
581.0,587.1242,2025-11-18 06:00:00
451.0,410.1668,2025-11-18 06:00:00
635.0,524.58875,2025-11-18 06:00:00
321.0,425.2887,2025-11-18 06:00:00
593.0,490.68002,2025-11-18 07:00:00
451.0,409.78156,2025-11-18 07:00:00
593.0,605.6764,2025-11-18 07:00:00
449.0,371.6588,2025-11-18 07:00:00
337.0,404.2244,2025-11-18 07:00:00
576.0,674.58057,2025-11-18 08:00:00
687.0,516.9211,2025-11-18 08:00:00
346.0,425.71405,2025-11-18 08:00:00
482.25,368.82858,2025-11-18 08:00:00
670.0,633.3756,2025-11-18 09:00:00
400.0,511.96524,2025-11-18 09:00:00
525.75,457.31564,2025-11-18 09:00:00
726.0,583.4611,2025-11-18 09:00:00
524.0,445.35712,2025-11-18 10:00:00
488.0,555.45074,2025-11-18 10:00:00
616.0,573.5289,2025-11-18 10:00:00
797.0,675.88306,2025-11-18 10:00:00
471.0,502.45398,2025-11-18 11:00:00
797.0,605.8762,2025-11-18 11:00:00
441.25,361.30972,2025-11-18 11:00:00
567.0,547.0053,2025-11-18 11:00:00
528.0,507.97708,2025-11-18 12:00:00
502.75,363.62506,2025-11-18 12:00:00
364.75,380.8626,2025-11-18 12:00:00
438.0,522.434,2025-11-18 12:00:00
429.0,405.24387,2025-11-18 12:00:00
502.75,286.28674,2025-11-18 13:00:00
455.0,411.88626,2025-11-18 13:00:00
331.0,370.34146,2025-11-18 13:00:00
383.0,469.87704,2025-11-18 13:00:00
364.75,360.5743,2025-11-18 13:00:00
302.0,365.52325,2025-11-18 14:00:00
257.0,384.0281,2025-11-18 14:00:00
364.75,321.43604,2025-11-18 14:00:00
502.75,287.14154,2025-11-18 14:00:00
370.0,388.04245,2025-11-18 14:00:00
450.0,311.10397,2025-11-18 15:00:00
309.0,337.77798,2025-11-18 15:00:00
277.0,337.41983,2025-11-18 15:00:00
290.0,346.34097,2025-11-18 15:00:00
92.33333333333331,244.0234,2025-11-18 15:00:00
292.0,266.79095,2025-11-18 16:00:00
301.0,337.04724,2025-11-18 16:00:00
389.0,327.64157,2025-11-18 16:00:00
365.0,274.15848,2025-11-18 16:00:00
277.25,197.86185,2025-11-18 16:00:00
423.0,447.3772,2025-11-18 17:00:00
309.0,277.14487,2025-11-18 17:00:00
319.75,232.30917,2025-11-18 17:00:00
350.0,359.86215,2025-11-18 17:00:00
434.0,357.46182,2025-11-18 17:00:00
456.0,513.5611,2025-11-18 18:00:00
436.0,389.35562,2025-11-18 18:00:00
376.0,306.0255,2025-11-18 18:00:00
412.0,442.21362,2025-11-18 18:00:00
349.75,327.57782,2025-11-18 18:00:00
367.5,327.84497,2025-11-18 19:00:00
498.0,439.96753,2025-11-18 19:00:00
526.0,533.0895,2025-11-18 19:00:00
532.0,542.81683,2025-11-18 19:00:00
584.0,428.07318,2025-11-18 19:00:00
478.0,446.01804,2025-11-18 20:00:00
537.0,417.7641,2025-11-18 20:00:00
370.25,379.1185,2025-11-18 20:00:00
697.0,697.0015,2025-11-18 20:00:00
497.0,549.88245,2025-11-18 20:00:00
780.0,707.201,2025-11-18 21:00:00
592.0,432.61176,2025-11-18 21:00:00
338.3333333333333,389.31396,2025-11-18 21:00:00
553.0,541.6627,2025-11-18 21:00:00
565.0,483.14105,2025-11-18 21:00:00
342.5,452.45197,2025-11-18 22:00:00
687.0,568.80634,2025-11-18 22:00:00
768.0,684.10443,2025-11-18 22:00:00
531.0,593.31494,2025-11-18 22:00:00
585.0,494.85858,2025-11-18 22:00:00
327.6666666666667,521.5788,2025-11-18 23:00:00
492.0,585.1543,2025-11-18 23:00:00
733.0,640.144,2025-11-18 23:00:00
628.0,654.86896,2025-11-18 23:00:00
504.0,486.9181,2025-11-18 23:00:00
454.0,410.74976,2025-11-19 00:00:00
492.0,457.1299,2025-11-19 00:00:00
657.0,578.914,2025-11-19 00:00:00
351.5,421.6981,2025-11-19 00:00:00
705.0,561.1685,2025-11-19 00:00:00
423.0,405.58704,2025-11-19 01:00:00
539.0,549.68085,2025-11-19 01:00:00
550.0,529.2862,2025-11-19 01:00:00
495.0,437.91827,2025-11-19 01:00:00
336.25,420.70654,2025-11-19 01:00:00
567.0,414.19196,2025-11-19 02:00:00
500.0,519.88983,2025-11-19 02:00:00
323.25,378.84824,2025-11-19 02:00:00
394.0,361.36356,2025-11-19 02:00:00
515.0,551.1588,2025-11-19 02:00:00
577.0,515.28296,2025-11-19 03:00:00
488.0,531.57404,2025-11-19 03:00:00
553.0,375.8351,2025-11-19 03:00:00
399.0,367.27847,2025-11-19 03:00:00
310.0,348.14105,2025-11-19 03:00:00
538.0,471.3696,2025-11-19 04:00:00
344.75,349.827,2025-11-19 04:00:00
363.0,340.6929,2025-11-19 04:00:00
582.0,495.72342,2025-11-19 04:00:00
494.0,357.35184,2025-11-19 04:00:00
514.0,534.11383,2025-11-19 05:00:00
392.0,355.86862,2025-11-19 05:00:00
724.0,543.8367,2025-11-19 05:00:00
450.0,386.89178,2025-11-19 05:00:00
382.25,343.89957,2025-11-19 05:00:00
384.0,396.28198,2025-11-19 06:00:00
490.0,468.09985,2025-11-19 06:00:00
385.25,373.0103,2025-11-19 06:00:00
481.0,391.74442,2025-11-19 06:00:00
610.0,540.67737,2025-11-19 06:00:00
396.75,387.20816,2025-11-19 07:00:00
404.0,407.17892,2025-11-19 07:00:00
444.0,510.4817,2025-11-19 07:00:00
527.0,549.2281,2025-11-19 07:00:00
466.0,395.01578,2025-11-19 07:00:00
460.0,535.2223,2025-11-19 08:00:00
483.0,381.34982,2025-11-19 08:00:00
441.25,417.43655,2025-11-19 08:00:00
480.0,599.9292,2025-11-19 08:00:00
565.0,436.19562,2025-11-19 08:00:00
454.25,443.71646,2025-11-19 09:00:00
490.0,442.18448,2025-11-19 09:00:00
555.0,536.2074,2025-11-19 09:00:00
515.0,598.49603,2025-11-19 09:00:00
520.0,464.56427,2025-11-19 09:00:00
394.0,465.54468,2025-11-19 10:00:00
501.0,520.1026,2025-11-19 10:00:00
502.0,477.00757,2025-11-19 10:00:00
775.0,524.6573,2025-11-19 10:00:00
424.25,411.9962,2025-11-19 10:00:00
365.25,287.5982,2025-11-19 11:00:00
520.0,452.09592,2025-11-19 11:00:00
382.0,356.48257,2025-11-19 11:00:00
460.0,479.1048,2025-11-19 11:00:00
452.0,354.72775,2025-11-19 11:00:00
445.0,431.87415,2025-11-19 12:00:00
379.0,298.4589,2025-11-19 12:00:00
481.0,440.57748,2025-11-19 12:00:00
404.0,358.26352,2025-11-19 12:00:00
327.75,284.8514,2025-11-19 12:00:00
355.0,320.9815,2025-11-19 13:00:00
379.0,288.13092,2025-11-19 13:00:00
326.0,428.33145,2025-11-19 13:00:00
306.0,249.5005,2025-11-19 13:00:00
378.0,313.8621,2025-11-19 13:00:00
218.0,226.16385,2025-11-19 14:00:00
327.0,256.2667,2025-11-19 14:00:00
326.0,298.7547,2025-11-19 14:00:00
313.0,286.93323,2025-11-19 14:00:00
166.0,228.12553,2025-11-19 14:00:00
195.0,220.74725,2025-11-19 15:00:00
227.5,130.05774,2025-11-19 15:00:00
305.0,288.2483,2025-11-19 15:00:00
263.0,279.67184,2025-11-19 15:00:00
268.0,231.43887,2025-11-19 15:00:00
268.0,320.17432,2025-11-19 16:00:00
232.0,135.00143,2025-11-19 16:00:00
238.0,222.68535,2025-11-19 16:00:00
248.0,235.09312,2025-11-19 16:00:00
218.0,253.05475,2025-11-19 16:00:00
216.0,313.23224,2025-11-19 17:00:00
252.0,365.46228,2025-11-19 17:00:00
240.25,183.43106,2025-11-19 17:00:00
254.0,327.81525,2025-11-19 17:00:00
252.0,416.02417,2025-11-19 17:00:00
245.0,334.91632,2025-11-19 18:00:00
267.0,272.71616,2025-11-19 18:00:00
382.0,410.30997,2025-11-19 18:00:00
354.0,503.24576,2025-11-19 18:00:00
390.0,365.8696,2025-11-19 18:00:00
291.75,291.88705,2025-11-19 19:00:00
533.0,416.0055,2025-11-19 19:00:00
326.0,330.7658,2025-11-19 19:00:00
492.0,458.61133,2025-11-19 19:00:00
373.0,459.13904,2025-11-19 19:00:00
545.0,476.5647,2025-11-19 20:00:00
415.0,406.35684,2025-11-19 20:00:00
541.0,452.10358,2025-11-19 20:00:00
317.75,313.00098,2025-11-19 20:00:00
372.0,457.53647,2025-11-19 20:00:00
625.0,477.347,2025-11-19 21:00:00
389.0,400.5231,2025-11-19 21:00:00
327.75,308.8651,2025-11-19 21:00:00
614.0,627.0556,2025-11-19 21:00:00
371.0,545.45844,2025-11-19 21:00:00
379.0,603.7068,2025-11-19 22:00:00
592.0,560.4208,2025-11-19 22:00:00
291.5,301.9514,2025-11-19 22:00:00
649.0,642.2879,2025-11-19 22:00:00
377.0,479.04337,2025-11-19 22:00:00
367.0,708.6013,2025-11-19 23:00:00
660.0,603.9044,2025-11-19 23:00:00
329.0,522.5321,2025-11-19 23:00:00
273.0,348.49014,2025-11-19 23:00:00
461.0,570.80743,2025-11-19 23:00:00
406.0,517.9695,2025-11-20 00:00:00
287.0,471.5233,2025-11-20 00:00:00
340.0,691.1632,2025-11-20 00:00:00
289.25,373.7055,2025-11-20 00:00:00
591.0,625.55426,2025-11-20 00:00:00
345.0,515.1214,2025-11-20 01:00:00
365.0,667.3316,2025-11-20 01:00:00
313.5,369.5752,2025-11-20 01:00:00
295.0,484.64664,2025-11-20 01:00:00
660.0,622.93866,2025-11-20 01:00:00
329.25,385.86426,2025-11-20 02:00:00
277.0,483.5865,2025-11-20 02:00:00
711.0,582.5343,2025-11-20 02:00:00
295.0,463.95322,2025-11-20 02:00:00
411.0,647.37463,2025-11-20 02:00:00
809.0,563.24396,2025-11-20 03:00:00
262.0,428.21753,2025-11-20 03:00:00
461.0,567.97034,2025-11-20 03:00:00
315.0,504.25293,2025-11-20 03:00:00
302.25,360.80206,2025-11-20 03:00:00
260.0,361.02255,2025-11-20 04:00:00
685.0,582.1744,2025-11-20 04:00:00
439.0,538.15466,2025-11-20 04:00:00
263.0,477.84286,2025-11-20 04:00:00
193.0,420.67456,2025-11-20 04:00:00
668.0,584.7114,2025-11-20 05:00:00
401.0,580.27747,2025-11-20 05:00:00
263.25,389.91498,2025-11-20 05:00:00
196.0,382.58127,2025-11-20 05:00:00
223.0,475.08374,2025-11-20 05:00:00
217.0,453.8789,2025-11-20 06:00:00
346.0,553.5545,2025-11-20 06:00:00
211.0,424.8591,2025-11-20 06:00:00
725.0,548.2163,2025-11-20 06:00:00
282.25,352.9965,2025-11-20 06:00:00
532.0,590.16345,2025-11-20 07:00:00
302.0,411.01697,2025-11-20 07:00:00
312.0,556.85474,2025-11-20 07:00:00
235.0,449.49368,2025-11-20 07:00:00
315.75,350.79025,2025-11-20 07:00:00
564.0,545.9829,2025-11-20 08:00:00
306.0,459.65546,2025-11-20 08:00:00
294.0,493.71152,2025-11-20 08:00:00
415.0,479.65463,2025-11-20 08:00:00
413.5,368.38812,2025-11-20 08:00:00
456.25,381.0163,2025-11-20 09:00:00
360.0,541.95654,2025-11-20 09:00:00
420.0,552.0216,2025-11-20 09:00:00
382.0,525.77527,2025-11-20 09:00:00
647.0,533.3271,2025-11-20 09:00:00
432.0,593.8662,2025-11-20 10:00:00
299.0,510.47412,2025-11-20 10:00:00
298.0,546.1486,2025-11-20 10:00:00
466.5,375.92093,2025-11-20 10:00:00
447.0,516.4218,2025-11-20 10:00:00
379.0,401.4389,2025-11-20 11:00:00
444.0,305.70245,2025-11-20 11:00:00
246.0,370.38248,2025-11-20 11:00:00
326.0,471.35748,2025-11-20 11:00:00
252.0,447.0569,2025-11-20 11:00:00
301.0,298.09106,2025-11-20 12:00:00
272.0,403.5111,2025-11-20 12:00:00
256.0,383.81622,2025-11-20 12:00:00
193.0,372.05777,2025-11-20 12:00:00
248.0,447.8453,2025-11-20 12:00:00
206.0,354.09613,2025-11-20 13:00:00
359.0,337.44687,2025-11-20 13:00:00
241.0,358.40775,2025-11-20 13:00:00
182.25,290.7872,2025-11-20 13:00:00
235.0,366.1095,2025-11-20 13:00:00
183.0,312.53055,2025-11-20 14:00:00
272.0,340.09164,2025-11-20 14:00:00
241.0,300.42587,2025-11-20 14:00:00
221.0,315.00183,2025-11-20 14:00:00
169.0,266.9867,2025-11-20 14:00:00
255.0,267.80386,2025-11-20 15:00:00
184.0,279.9514,2025-11-20 15:00:00
166.5,178.66528,2025-11-20 15:00:00
241.0,359.31125,2025-11-20 15:00:00
194.0,323.74704,2025-11-20 15:00:00
186.0,261.93283,2025-11-20 16:00:00
185.5,191.89224,2025-11-20 16:00:00
180.0,295.00372,2025-11-20 16:00:00
230.0,282.8562,2025-11-20 16:00:00
241.0,355.4431,2025-11-20 16:00:00
230.0,320.9246,2025-11-20 17:00:00
278.0,322.36447,2025-11-20 17:00:00
205.0,301.66324,2025-11-20 17:00:00
392.0,372.32126,2025-11-20 17:00:00
231.25,216.5401,2025-11-20 17:00:00
291.0,284.56992,2025-11-20 18:00:00
288.0,269.0291,2025-11-20 18:00:00
416.0,453.54062,2025-11-20 18:00:00
387.0,436.89444,2025-11-20 18:00:00
351.0,397.7316,2025-11-20 18:00:00
471.0,428.08658,2025-11-20 19:00:00
559.0,440.6473,2025-11-20 19:00:00
443.0,462.72208,2025-11-20 19:00:00
432.0,371.04514,2025-11-20 19:00:00
320.25,275.16617,2025-11-20 19:00:00
421.0,440.6574,2025-11-20 20:00:00
492.0,379.00894,2025-11-20 20:00:00
676.0,654.75903,2025-11-20 20:00:00
324.5,317.28506,2025-11-20 20:00:00
528.0,489.03955,2025-11-20 20:00:00
724.0,606.23285,2025-11-20 21:00:00
335.25,319.2135,2025-11-20 21:00:00
501.0,478.90106,2025-11-20 21:00:00
425.0,420.74496,2025-11-20 21:00:00
490.0,405.36502,2025-11-20 21:00:00
411.0,410.68036,2025-11-20 22:00:00
602.0,635.4363,2025-11-20 22:00:00
350.75,311.3171,2025-11-20 22:00:00
509.0,390.38077,2025-11-20 22:00:00
432.0,511.2519,2025-11-20 22:00:00
472.0,377.75012,2025-11-20 23:00:00
475.0,371.28543,2025-11-20 23:00:00
360.3333333333333,284.16388,2025-11-20 23:00:00
646.0,654.99896,2025-11-20 23:00:00
396.0,529.8124,2025-11-20 23:00:00
569.0,655.36804,2025-11-21 00:00:00
366.75,292.80664,2025-11-21 00:00:00
469.0,403.5955,2025-11-21 00:00:00
343.0,469.71164,2025-11-21 00:00:00
542.0,453.10876,2025-11-21 00:00:00
693.0,650.20264,2025-11-21 01:00:00
331.0,328.14658,2025-11-21 01:00:00
396.0,405.33282,2025-11-21 01:00:00
360.0,442.09506,2025-11-21 01:00:00
559.0,432.9406,2025-11-21 01:00:00
711.0,668.6246,2025-11-21 02:00:00
541.0,480.22632,2025-11-21 02:00:00
370.0,426.07614,2025-11-21 02:00:00
345.0,417.466,2025-11-21 02:00:00
290.25,348.5889,2025-11-21 02:00:00
243.0,316.07068,2025-11-21 03:00:00
693.0,592.1845,2025-11-21 03:00:00
285.0,371.71683,2025-11-21 03:00:00
515.0,467.89215,2025-11-21 03:00:00
376.0,416.38846,2025-11-21 03:00:00
212.0,354.907,2025-11-21 04:00:00
639.0,624.04034,2025-11-21 04:00:00
389.0,377.5634,2025-11-21 04:00:00
544.0,475.24185,2025-11-21 04:00:00
225.5,300.92493,2025-11-21 04:00:00
588.0,614.5121,2025-11-21 05:00:00
240.25,302.71613,2025-11-21 05:00:00
255.0,319.6445,2025-11-21 05:00:00
387.0,364.81744,2025-11-21 05:00:00
561.0,426.80075,2025-11-21 05:00:00
541.0,458.4105,2025-11-21 06:00:00
306.0,316.1737,2025-11-21 06:00:00
265.5,321.09555,2025-11-21 06:00:00
372.0,331.08902,2025-11-21 06:00:00
487.0,592.9012,2025-11-21 06:00:00
367.0,332.80518,2025-11-21 07:00:00
473.0,426.654,2025-11-21 07:00:00
334.0,368.61792,2025-11-21 07:00:00
556.0,544.503,2025-11-21 07:00:00
293.5,336.23337,2025-11-21 07:00:00
392.0,389.6682,2025-11-21 08:00:00
388.0,459.11777,2025-11-21 08:00:00
401.0,369.60007,2025-11-21 08:00:00
428.0,365.36966,2025-11-21 08:00:00
423.0,548.796,2025-11-21 08:00:00
346.0,424.39767,2025-11-21 09:00:00
420.0,446.7547,2025-11-21 09:00:00
527.0,407.49707,2025-11-21 09:00:00
430.5,386.97644,2025-11-21 09:00:00
465.0,605.6145,2025-11-21 09:00:00
471.0,403.48157,2025-11-21 10:00:00
543.0,374.77594,2025-11-21 10:00:00
443.75,338.70905,2025-11-21 10:00:00
365.0,482.39236,2025-11-21 10:00:00
591.0,526.3835,2025-11-21 10:00:00
523.0,382.02075,2025-11-21 11:00:00
387.0,296.1525,2025-11-21 11:00:00
378.0,348.32312,2025-11-21 11:00:00
454.0,362.508,2025-11-21 11:00:00
356.0,402.59454,2025-11-21 11:00:00
372.0,359.91452,2025-11-21 12:00:00
353.0,397.68845,2025-11-21 12:00:00
359.75,282.3714,2025-11-21 12:00:00
597.0,463.51404,2025-11-21 12:00:00
306.0,308.23483,2025-11-21 12:00:00
291.75,255.56438,2025-11-21 13:00:00
428.0,444.4573,2025-11-21 13:00:00
287.0,375.34366,2025-11-21 13:00:00
361.0,326.87573,2025-11-21 13:00:00
360.0,286.58002,2025-11-21 13:00:00
216.0,275.10233,2025-11-21 14:00:00
298.0,298.473,2025-11-21 14:00:00
222.5,230.40184,2025-11-21 14:00:00
254.0,368.22702,2025-11-21 14:00:00
254.0,294.4877,2025-11-21 14:00:00
216.0,295.5675,2025-11-21 15:00:00
208.25,195.31297,2025-11-21 15:00:00
226.0,269.0649,2025-11-21 15:00:00
265.0,369.292,2025-11-21 15:00:00
217.0,236.72841,2025-11-21 15:00:00
208.25,203.56079,2025-11-21 16:00:00
269.0,260.92618,2025-11-21 16:00:00
254.0,253.5268,2025-11-21 16:00:00
210.0,335.31982,2025-11-21 16:00:00
285.0,332.71616,2025-11-21 16:00:00
516.0,395.23676,2025-11-21 17:00:00
300.0,348.47604,2025-11-21 17:00:00
235.0,245.3162,2025-11-21 17:00:00
273.75,205.40321,2025-11-21 17:00:00
335.0,313.9683,2025-11-21 17:00:00
421.0,411.69434,2025-11-21 18:00:00
454.0,446.52567,2025-11-21 18:00:00
277.0,298.98773,2025-11-21 18:00:00
501.0,422.75174,2025-11-21 18:00:00
318.75,244.44896,2025-11-21 18:00:00
510.0,491.87222,2025-11-21 19:00:00
321.0,258.8401,2025-11-21 19:00:00
456.0,502.37317,2025-11-21 19:00:00
572.0,460.83255,2025-11-21 19:00:00
396.0,387.62964,2025-11-21 19:00:00
456.0,477.5845,2025-11-21 20:00:00
561.0,588.9397,2025-11-21 20:00:00
488.0,486.4932,2025-11-21 20:00:00
326.75,305.9476,2025-11-21 20:00:00
483.0,416.0899,2025-11-21 20:00:00
592.0,479.18228,2025-11-21 21:00:00
447.0,640.1611,2025-11-21 21:00:00
458.0,477.40677,2025-11-21 21:00:00
410.0,473.48016,2025-11-21 21:00:00
329.5,317.8825,2025-11-21 21:00:00
391.25,323.3341,2025-11-21 22:00:00
592.0,481.71616,2025-11-21 22:00:00
506.0,588.3127,2025-11-21 22:00:00
403.0,444.8646,2025-11-21 22:00:00
461.0,514.59344,2025-11-21 22:00:00
431.0,329.29956,2025-11-21 23:00:00
471.0,514.1831,2025-11-21 23:00:00
445.0,424.92947,2025-11-21 23:00:00
660.0,517.19006,2025-11-21 23:00:00
589.0,679.94086,2025-11-21 23:00:00
862.0,644.08276,2025-11-22 00:00:00
423.0,358.1613,2025-11-22 00:00:00
427.75,322.19495,2025-11-22 00:00:00
403.0,490.08994,2025-11-22 00:00:00
637.0,473.36145,2025-11-22 00:00:00
411.0,445.6487,2025-11-22 01:00:00
457.25,309.21408,2025-11-22 01:00:00
636.0,491.74387,2025-11-22 01:00:00
377.0,359.75043,2025-11-22 01:00:00
770.0,600.9614,2025-11-22 01:00:00
486.75,308.76196,2025-11-22 02:00:00
481.0,391.42413,2025-11-22 02:00:00
594.0,545.02,2025-11-22 02:00:00
681.0,582.5505,2025-11-22 02:00:00
360.0,365.7369,2025-11-22 02:00:00
574.0,505.69446,2025-11-22 03:00:00
340.0,349.46906,2025-11-22 03:00:00
642.0,594.1336,2025-11-22 03:00:00
453.0,403.21188,2025-11-22 03:00:00
437.75,286.69513,2025-11-22 03:00:00
409.5,245.46664,2025-11-22 04:00:00
525.0,442.9538,2025-11-22 04:00:00
318.0,311.73245,2025-11-22 04:00:00
382.0,385.14114,2025-11-22 04:00:00
621.0,596.41144,2025-11-22 04:00:00
362.5,258.72244,2025-11-22 05:00:00
405.0,310.10052,2025-11-22 05:00:00
508.0,418.95444,2025-11-22 05:00:00
372.0,375.28613,2025-11-22 05:00:00
647.0,572.98236,2025-11-22 05:00:00
349.0,249.48505,2025-11-22 06:00:00
348.0,360.6551,2025-11-22 06:00:00
532.0,492.16885,2025-11-22 06:00:00
462.0,498.009,2025-11-22 06:00:00
393.0,310.00128,2025-11-22 06:00:00
523.0,472.07486,2025-11-22 07:00:00
339.0,332.95526,2025-11-22 07:00:00
347.0,282.41153,2025-11-22 07:00:00
429.0,354.73535,2025-11-22 07:00:00
395.0,499.3173,2025-11-22 07:00:00
345.0,392.33212,2025-11-22 08:00:00
379.0,477.72995,2025-11-22 08:00:00
581.0,452.84595,2025-11-22 08:00:00
433.0,422.69507,2025-11-22 08:00:00
414.25,366.3241,2025-11-22 08:00:00
478.0,417.27838,2025-11-22 09:00:00
443.0,428.28433,2025-11-22 09:00:00
809.0,534.54,2025-11-22 09:00:00
500.0,359.43604,2025-11-22 09:00:00
449.0,479.87326,2025-11-22 09:00:00
959.0,480.80054,2025-11-22 10:00:00
547.0,474.34293,2025-11-22 10:00:00
403.0,395.25693,2025-11-22 10:00:00
541.75,296.78806,2025-11-22 10:00:00
436.0,435.82397,2025-11-22 10:00:00
780.0,366.08676,2025-11-22 11:00:00
417.0,361.46567,2025-11-22 11:00:00
569.0,375.35864,2025-11-22 11:00:00
423.25,274.35303,2025-11-22 11:00:00
422.0,344.45233,2025-11-22 11:00:00
333.0,298.4006,2025-11-22 12:00:00
511.0,419.7145,2025-11-22 12:00:00
577.0,427.55597,2025-11-22 12:00:00
361.25,265.38248,2025-11-22 12:00:00
398.0,331.79782,2025-11-22 12:00:00
278.0,315.89627,2025-11-22 13:00:00
373.0,396.76804,2025-11-22 13:00:00
382.0,294.65582,2025-11-22 13:00:00
276.25,236.92912,2025-11-22 13:00:00
486.0,373.15964,2025-11-22 13:00:00
299.0,273.45728,2025-11-22 14:00:00
362.0,394.08466,2025-11-22 14:00:00
215.25,252.07805,2025-11-22 14:00:00
344.0,326.20016,2025-11-22 14:00:00
223.0,264.28482,2025-11-22 14:00:00
240.0,250.01512,2025-11-22 15:00:00
224.0,262.61508,2025-11-22 15:00:00
378.0,340.79132,2025-11-22 15:00:00
248.0,263.86826,2025-11-22 15:00:00
214.25,248.96173,2025-11-22 15:00:00
217.0,259.09622,2025-11-22 16:00:00
327.0,225.70706,2025-11-22 16:00:00
206.0,212.10844,2025-11-22 16:00:00
226.0,217.91725,2025-11-22 16:00:00
245.0,291.30487,2025-11-22 16:00:00
357.0,333.9705,2025-11-22 17:00:00
350.0,264.02148,2025-11-22 17:00:00
287.25,234.23741,2025-11-22 17:00:00
276.0,507.1708,2025-11-22 17:00:00
256.0,338.23087,2025-11-22 17:00:00
387.5,294.7884,2025-11-22 18:00:00
390.0,469.54407,2025-11-22 18:00:00
415.0,419.10217,2025-11-22 18:00:00
492.0,550.7984,2025-11-22 18:00:00
377.0,312.8744,2025-11-22 18:00:00
438.0,377.83316,2025-11-22 19:00:00
543.0,528.18787,2025-11-22 19:00:00
409.75,294.5226,2025-11-22 19:00:00
453.0,609.58215,2025-11-22 19:00:00
544.0,508.31006,2025-11-22 19:00:00
458.75,310.431,2025-11-22 20:00:00
600.0,584.6549,2025-11-22 20:00:00
374.0,573.25995,2025-11-22 20:00:00
511.0,431.5671,2025-11-22 20:00:00
490.0,583.5343,2025-11-22 20:00:00
536.0,597.67896,2025-11-22 21:00:00
478.25,325.4664,2025-11-22 21:00:00
465.0,609.1085,2025-11-22 21:00:00
389.0,517.34045,2025-11-22 21:00:00
606.0,643.4283,2025-11-22 21:00:00
556.0,595.9324,2025-11-22 22:00:00
487.0,362.7519,2025-11-22 22:00:00
453.0,626.9194,2025-11-22 22:00:00
412.0,485.58914,2025-11-22 22:00:00
606.0,629.3057,2025-11-22 22:00:00
450.0,510.3416,2025-11-22 23:00:00
664.0,589.4414,2025-11-22 23:00:00
474.3333333333333,338.6847,2025-11-22 23:00:00
543.0,548.15063,2025-11-22 23:00:00
517.0,662.2822,2025-11-22 23:00:00
481.0,638.9311,2025-11-23 00:00:00
487.0,483.27124,2025-11-23 00:00:00
462.0,423.94504,2025-11-23 00:00:00
455.0,470.49374,2025-11-23 00:00:00
784.0,703.6878,2025-11-23 00:00:00
415.5,431.346,2025-11-23 01:00:00
420.0,498.22647,2025-11-23 01:00:00
445.0,537.3496,2025-11-23 01:00:00
732.0,678.2786,2025-11-23 01:00:00
464.0,674.7385,2025-11-23 01:00:00
482.0,631.6906,2025-11-23 02:00:00
398.0,447.20505,2025-11-23 02:00:00
381.0,410.09668,2025-11-23 02:00:00
693.0,653.5609,2025-11-23 02:00:00
449.0,511.20758,2025-11-23 02:00:00
420.0,457.13745,2025-11-23 03:00:00
501.0,605.2599,2025-11-23 03:00:00
603.0,584.74585,2025-11-23 03:00:00
379.5,358.91266,2025-11-23 03:00:00
326.0,391.4995,2025-11-23 03:00:00
464.0,575.0189,2025-11-23 04:00:00
385.0,434.74744,2025-11-23 04:00:00
523.0,554.2893,2025-11-23 04:00:00
294.0,384.8606,2025-11-23 04:00:00
382.75,359.0185,2025-11-23 04:00:00
414.0,489.98633,2025-11-23 05:00:00
364.0,460.78064,2025-11-23 05:00:00
473.0,533.6009,2025-11-23 05:00:00
385.75,304.69897,2025-11-23 05:00:00
328.0,414.23672,2025-11-23 05:00:00
445.0,513.78375,2025-11-23 06:00:00
335.0,405.8948,2025-11-23 06:00:00
374.0,434.67694,2025-11-23 06:00:00
385.0,527.3929,2025-11-23 06:00:00
372.25,307.13556,2025-11-23 06:00:00
334.0,391.63995,2025-11-23 07:00:00
392.0,433.669,2025-11-23 07:00:00
436.0,547.9106,2025-11-23 07:00:00
399.0,476.02005,2025-11-23 07:00:00
382.25,300.50366,2025-11-23 07:00:00
439.0,447.10464,2025-11-23 08:00:00
436.0,450.97327,2025-11-23 08:00:00
418.0,382.7759,2025-11-23 08:00:00
480.0,547.8804,2025-11-23 08:00:00
362.0,436.48807,2025-11-23 08:00:00
512.0,556.3159,2025-11-23 09:00:00
416.0,452.65448,2025-11-23 09:00:00
570.0,521.28784,2025-11-23 09:00:00
459.0,510.74738,2025-11-23 09:00:00
378.0,470.46216,2025-11-23 09:00:00
348.25,459.26254,2025-11-23 10:00:00
407.0,500.45038,2025-11-23 10:00:00
542.0,588.342,2025-11-23 10:00:00
360.0,456.25613,2025-11-23 10:00:00
516.0,630.48346,2025-11-23 10:00:00
367.0,410.05765,2025-11-23 11:00:00
420.0,573.0236,2025-11-23 11:00:00
344.0,471.12637,2025-11-23 11:00:00
326.5,387.81012,2025-11-23 11:00:00
525.0,573.5506,2025-11-23 11:00:00
367.0,578.91315,2025-11-23 12:00:00
396.75,369.70038,2025-11-23 12:00:00
328.0,456.97595,2025-11-23 12:00:00
269.0,428.82837,2025-11-23 12:00:00
467.0,615.5156,2025-11-23 12:00:00
311.0,513.0811,2025-11-23 13:00:00
262.0,403.27612,2025-11-23 13:00:00
316.0,492.68466,2025-11-23 13:00:00
289.0,446.36023,2025-11-23 13:00:00
320.5,323.09164,2025-11-23 13:00:00
266.0,341.68396,2025-11-23 14:00:00
306.0,394.0569,2025-11-23 14:00:00
351.0,371.16803,2025-11-23 14:00:00
285.0,418.7784,2025-11-23 14:00:00
253.5,289.35934,2025-11-23 14:00:00
226.0,344.02142,2025-11-23 15:00:00
285.0,361.92728,2025-11-23 15:00:00
259.0,327.41165,2025-11-23 15:00:00
226.5,260.20526,2025-11-23 15:00:00
285.0,365.81937,2025-11-23 15:00:00
239.0,338.4531,2025-11-23 16:00:00
222.0,355.24988,2025-11-23 16:00:00
233.0,302.6735,2025-11-23 16:00:00
213.0,235.84737,2025-11-23 16:00:00
224.0,305.56296,2025-11-23 16:00:00
237.0,327.60165,2025-11-23 17:00:00
244.0,404.4314,2025-11-23 17:00:00
226.5,314.5442,2025-11-23 17:00:00
302.0,388.26596,2025-11-23 17:00:00
228.0,342.993,2025-11-23 17:00:00
296.0,421.9405,2025-11-23 18:00:00
310.75,326.99222,2025-11-23 18:00:00
415.0,547.3727,2025-11-23 18:00:00
357.0,464.95367,2025-11-23 18:00:00
254.0,379.13998,2025-11-23 18:00:00
497.0,522.3953,2025-11-23 19:00:00
399.0,539.5646,2025-11-23 19:00:00
432.0,537.87695,2025-11-23 19:00:00
353.25,378.43475,2025-11-23 19:00:00
346.0,443.78714,2025-11-23 19:00:00
445.0,606.0789,2025-11-23 20:00:00
422.0,545.2298,2025-11-23 20:00:00
347.0,412.7408,2025-11-23 20:00:00
434.0,614.0318,2025-11-23 20:00:00
450.0,511.11884,2025-11-23 20:00:00
443.0,583.8048,2025-11-23 21:00:00
566.0,616.86145,2025-11-23 21:00:00
393.25,424.062,2025-11-23 21:00:00
431.0,476.4718,2025-11-23 21:00:00
461.0,635.48285,2025-11-23 21:00:00
428.0,573.8765,2025-11-23 22:00:00
494.0,707.1032,2025-11-23 22:00:00
650.0,654.62836,2025-11-23 22:00:00
384.75,483.57916,2025-11-23 22:00:00
410.0,446.77997,2025-11-23 22:00:00
422.0,596.7198,2025-11-23 23:00:00
410.0,508.74597,2025-11-23 23:00:00
624.0,635.51666,2025-11-23 23:00:00
531.0,698.6776,2025-11-23 23:00:00
364.3333333333333,503.06854,2025-11-23 23:00:00
409.0,405.98602,2025-11-24 00:00:00
356.25,458.71255,2025-11-24 00:00:00
742.0,619.9753,2025-11-24 00:00:00
389.0,513.1271,2025-11-24 00:00:00
543.0,559.1185,2025-11-24 00:00:00
370.0,410.35306,2025-11-24 01:00:00
403.0,459.3595,2025-11-24 01:00:00
691.0,544.0019,2025-11-24 01:00:00
376.0,380.26736,2025-11-24 01:00:00
490.0,486.64716,2025-11-24 01:00:00
362.0,391.14716,2025-11-24 02:00:00
652.0,493.72452,2025-11-24 02:00:00
443.0,505.6139,2025-11-24 02:00:00
351.75,348.2623,2025-11-24 02:00:00
394.0,446.06714,2025-11-24 02:00:00
354.0,350.49747,2025-11-24 03:00:00
372.0,328.897,2025-11-24 03:00:00
388.0,384.31265,2025-11-24 03:00:00
438.0,477.88052,2025-11-24 03:00:00
471.0,467.18002,2025-11-24 03:00:00
362.0,351.13522,2025-11-24 04:00:00
437.0,435.9495,2025-11-24 04:00:00
337.0,332.34384,2025-11-24 04:00:00
418.0,459.5804,2025-11-24 04:00:00
359.5,309.2181,2025-11-24 04:00:00
333.0,351.49945,2025-11-24 05:00:00
412.0,419.3402,2025-11-24 05:00:00
351.0,261.81528,2025-11-24 05:00:00
350.0,318.04138,2025-11-24 05:00:00
455.0,385.1753,2025-11-24 05:00:00
427.0,348.851,2025-11-24 06:00:00
417.0,369.386,2025-11-24 06:00:00
301.0,340.3527,2025-11-24 06:00:00
357.0,349.6296,2025-11-24 06:00:00
343.0,254.79749,2025-11-24 06:00:00
335.0,334.6632,2025-11-24 07:00:00
407.0,376.99164,2025-11-24 07:00:00
332.5,276.9237,2025-11-24 07:00:00
410.0,377.8451,2025-11-24 07:00:00
298.0,339.36365,2025-11-24 07:00:00
345.0,366.16992,2025-11-24 08:00:00
469.0,471.3855,2025-11-24 08:00:00
342.25,311.59686,2025-11-24 08:00:00
396.0,334.03696,2025-11-24 08:00:00
296.0,360.01407,2025-11-24 08:00:00
311.0,401.12607,2025-11-24 09:00:00
492.0,461.42734,2025-11-24 09:00:00
368.0,323.9925,2025-11-24 09:00:00
387.0,377.33286,2025-11-24 09:00:00
462.0,449.83252,2025-11-24 09:00:00
455.0,495.15665,2025-11-24 10:00:00
472.0,482.961,2025-11-24 10:00:00
451.0,374.90247,2025-11-24 10:00:00
354.25,328.25253,2025-11-24 10:00:00
362.0,369.6137,2025-11-24 10:00:00
416.0,398.77777,2025-11-24 11:00:00
305.0,297.01102,2025-11-24 11:00:00
359.0,317.82693,2025-11-24 11:00:00
345.25,250.60794,2025-11-24 11:00:00
328.0,368.16965,2025-11-24 11:00:00
304.0,302.6265,2025-11-24 12:00:00
289.0,273.42584,2025-11-24 12:00:00
348.0,324.32135,2025-11-24 12:00:00
269.0,272.5559,2025-11-24 12:00:00
294.0,376.20575,2025-11-24 12:00:00
290.0,251.93031,2025-11-24 13:00:00
259.0,277.6409,2025-11-24 13:00:00
238.0,359.39807,2025-11-24 13:00:00
241.0,300.44965,2025-11-24 13:00:00
201.25,235.6663,2025-11-24 13:00:00
245.0,311.01202,2025-11-24 14:00:00
243.0,262.97098,2025-11-24 14:00:00
191.0,184.65627,2025-11-24 14:00:00
226.0,202.877,2025-11-24 14:00:00
226.0,263.47827,2025-11-24 14:00:00
179.75,186.71312,2025-11-24 15:00:00
211.0,228.93585,2025-11-24 15:00:00
219.0,210.63942,2025-11-24 15:00:00
246.0,253.58333,2025-11-24 15:00:00
207.0,292.66068,2025-11-24 15:00:00
207.0,244.06891,2025-11-24 16:00:00
252.0,225.68697,2025-11-24 16:00:00
194.0,224.37463,2025-11-24 16:00:00
178.0,153.82437,2025-11-24 16:00:00
215.0,214.33919,2025-11-24 16:00:00
245.0,269.9298,2025-11-24 17:00:00
203.75,205.9983,2025-11-24 17:00:00
234.0,350.46075,2025-11-24 17:00:00
221.0,308.04608,2025-11-24 17:00:00
205.0,234.8546,2025-11-24 17:00:00
355.0,465.02786,2025-11-24 18:00:00
205.0,281.79538,2025-11-24 18:00:00
268.0,374.28824,2025-11-24 18:00:00
260.0,381.23447,2025-11-24 18:00:00
250.25,272.58994,2025-11-24 18:00:00
310.0,372.3994,2025-11-24 19:00:00
307.75,370.2495,2025-11-24 19:00:00
337.0,459.57617,2025-11-24 19:00:00
387.0,468.85117,2025-11-24 19:00:00
422.0,475.57553,2025-11-24 19:00:00
427.0,517.96515,2025-11-24 20:00:00
388.0,442.18823,2025-11-24 20:00:00
358.5,407.57745,2025-11-24 20:00:00
445.0,564.1506,2025-11-24 20:00:00
250.0,421.62027,2025-11-24 20:00:00
476.0,552.7819,2025-11-24 21:00:00
443.0,562.8089,2025-11-24 21:00:00
400.0,476.1774,2025-11-24 21:00:00
567.0,665.47784,2025-11-24 21:00:00
291.0,439.85825,2025-11-24 21:00:00
301.0,443.4014,2025-11-24 22:00:00
439.5,453.7975,2025-11-24 22:00:00
547.0,704.2354,2025-11-24 22:00:00
537.0,580.6827,2025-11-24 22:00:00
492.0,562.39166,2025-11-24 22:00:00
476.0,684.47406,2025-11-24 23:00:00
443.6666666666667,428.33936,2025-11-24 23:00:00
306.0,405.356,2025-11-24 23:00:00
483.0,578.8916,2025-11-24 23:00:00
436.0,536.7011,2025-11-24 23:00:00
448.0,550.08185,2025-11-25 00:00:00
390.0,528.9911,2025-11-25 00:00:00
399.0,682.17896,2025-11-25 00:00:00
300.0,426.69672,2025-11-25 00:00:00
406.0,467.92844,2025-11-25 00:00:00
301.0,402.5857,2025-11-25 01:00:00
391.0,418.511,2025-11-25 01:00:00
394.0,631.02216,2025-11-25 01:00:00
420.0,443.20123,2025-11-25 01:00:00
356.0,435.33084,2025-11-25 01:00:00
382.0,631.9738,2025-11-25 02:00:00
310.0,421.44495,2025-11-25 02:00:00
324.0,462.24725,2025-11-25 02:00:00
390.0,454.53906,2025-11-25 02:00:00
385.0,384.84192,2025-11-25 02:00:00
311.0,424.66272,2025-11-25 03:00:00
332.0,469.5075,2025-11-25 03:00:00
383.0,592.23596,2025-11-25 03:00:00
371.25,370.46957,2025-11-25 03:00:00
294.0,358.78018,2025-11-25 03:00:00
470.0,475.40955,2025-11-25 04:00:00
251.0,331.28683,2025-11-25 04:00:00
329.25,335.89514,2025-11-25 04:00:00
265.0,402.3878,2025-11-25 04:00:00
317.0,373.06567,2025-11-25 04:00:00
313.5,327.91312,2025-11-25 05:00:00
374.0,361.25226,2025-11-25 05:00:00
387.0,496.86505,2025-11-25 05:00:00
259.0,366.52994,2025-11-25 05:00:00
277.0,336.30063,2025-11-25 05:00:00
256.75,336.88528,2025-11-25 06:00:00
235.0,377.9188,2025-11-25 06:00:00
239.0,369.92923,2025-11-25 06:00:00
374.0,470.2046,2025-11-25 06:00:00
356.0,361.59576,2025-11-25 06:00:00
222.0,308.51367,2025-11-25 07:00:00
272.0,375.4973,2025-11-25 07:00:00
230.0,347.71298,2025-11-25 07:00:00
232.0,349.65662,2025-11-25 07:00:00
364.0,451.25153,2025-11-25 07:00:00
283.0,366.60413,2025-11-25 08:00:00
285.0,373.26788,2025-11-25 08:00:00
410.0,488.6441,2025-11-25 08:00:00
257.5,302.08878,2025-11-25 08:00:00
277.0,351.87363,2025-11-25 08:00:00
281.5,333.37592,2025-11-25 09:00:00
283.0,411.5118,2025-11-25 09:00:00
373.0,418.1199,2025-11-25 09:00:00
346.0,525.7177,2025-11-25 09:00:00
309.0,379.91412,2025-11-25 09:00:00
296.5,291.245,2025-11-25 10:00:00
283.0,371.1884,2025-11-25 10:00:00
300.0,395.9568,2025-11-25 10:00:00
939.0,449.5029,2025-11-25 10:00:00
317.0,395.47195,2025-11-25 10:00:00
357.0,323.8088,2025-11-25 11:00:00
251.5,250.84639,2025-11-25 11:00:00
299.0,308.68634,2025-11-25 11:00:00
411.0,338.28503,2025-11-25 11:00:00
389.0,320.1288,2025-11-25 11:00:00
249.0,307.1794,2025-11-25 12:00:00
340.0,271.3291,2025-11-25 12:00:00
313.0,324.0926,2025-11-25 12:00:00
362.0,307.2794,2025-11-25 12:00:00
232.75,257.73517,2025-11-25 12:00:00
280.0,297.1445,2025-11-25 13:00:00
218.75,260.7192,2025-11-25 13:00:00
249.0,291.04358,2025-11-25 13:00:00
246.0,297.10782,2025-11-25 13:00:00
265.0,286.04593,2025-11-25 13:00:00
217.0,267.15686,2025-11-25 14:00:00
224.25,206.39728,2025-11-25 14:00:00
206.0,269.00568,2025-11-25 14:00:00
194.0,275.57788,2025-11-25 14:00:00
183.0,289.00027,2025-11-25 14:00:00
201.0,200.55278,2025-11-25 15:00:00
145.0,275.49323,2025-11-25 15:00:00
233.0,258.39224,2025-11-25 15:00:00
212.0,208.977,2025-11-25 15:00:00
229.0,258.1795,2025-11-25 15:00:00
217.5,192.44008,2025-11-25 16:00:00
227.0,243.95293,2025-11-25 16:00:00
175.0,311.5246,2025-11-25 16:00:00
210.0,222.65813,2025-11-25 16:00:00
197.0,271.2535,2025-11-25 16:00:00
233.75,218.49602,2025-11-25 17:00:00
254.0,292.00937,2025-11-25 17:00:00
343.0,316.6765,2025-11-25 17:00:00
204.0,230.15517,2025-11-25 17:00:00
199.0,297.10168,2025-11-25 17:00:00
389.0,320.30276,2025-11-25 18:00:00
279.0,300.6324,2025-11-25 18:00:00
257.0,267.90585,2025-11-25 18:00:00
390.0,467.00766,2025-11-25 18:00:00
313.25,290.0138,2025-11-25 18:00:00
414.0,413.34708,2025-11-25 19:00:00
337.0,364.38992,2025-11-25 19:00:00
373.0,495.90448,2025-11-25 19:00:00
448.0,431.64667,2025-11-25 19:00:00
365.25,328.53128,2025-11-25 19:00:00
610.0,478.26038,2025-11-25 20:00:00
669.0,407.23083,2025-11-25 20:00:00
387.75,333.40375,2025-11-25 20:00:00
437.0,519.9153,2025-11-25 20:00:00
410.0,381.48715,2025-11-25 20:00:00
389.0,400.21094,2025-11-25 21:00:00
625.0,389.32413,2025-11-25 21:00:00
514.0,417.1541,2025-11-25 21:00:00
544.0,527.7758,2025-11-25 21:00:00
663.0,515.435,2025-11-25 21:00:00
541.0,492.17035,2025-11-25 22:00:00
360.0,367.80484,2025-11-25 22:00:00
603.0,410.84262,2025-11-25 22:00:00
686.0,471.77957,2025-11-25 22:00:00
556.0,528.3946,2025-11-25 22:00:00
429.0,469.57895,2025-11-25 23:00:00
346.3333333333333,377.5745,2025-11-25 23:00:00
754.0,501.19507,2025-11-25 23:00:00
571.0,480.29282,2025-11-25 23:00:00
429.0,380.03442,2025-11-25 23:00:00
401.0,411.51797,2025-11-26 00:00:00
370.75,344.75397,2025-11-26 00:00:00
578.0,458.44586,2025-11-26 00:00:00
798.0,541.51654,2025-11-26 00:00:00
327.0,357.2166,2025-11-26 00:00:00
440.0,360.50046,2025-11-26 01:00:00
366.25,322.50632,2025-11-26 01:00:00
620.0,402.10434,2025-11-26 01:00:00
765.0,463.1275,2025-11-26 01:00:00
293.0,336.88113,2025-11-26 01:00:00
359.5,294.83774,2025-11-26 02:00:00
650.0,332.4,2025-11-26 02:00:00
743.0,381.92188,2025-11-26 02:00:00
273.0,332.5045,2025-11-26 02:00:00
429.0,371.22064,2025-11-26 02:00:00
646.0,367.08942,2025-11-26 03:00:00
414.0,381.54068,2025-11-26 03:00:00
256.0,344.0369,2025-11-26 03:00:00
632.0,364.8939,2025-11-26 03:00:00
407.25,309.71954,2025-11-26 03:00:00
588.0,367.2954,2025-11-26 04:00:00
326.0,332.51547,2025-11-26 04:00:00
661.0,357.1515,2025-11-26 04:00:00
403.0,325.03253,2025-11-26 04:00:00
237.0,328.5194,2025-11-26 04:00:00
974.0,409.50647,2025-11-26 05:00:00
387.25,290.45584,2025-11-26 05:00:00
517.0,359.63312,2025-11-26 05:00:00
285.0,328.4871,2025-11-26 05:00:00
320.0,304.12698,2025-11-26 05:00:00
423.75,273.52304,2025-11-26 06:00:00
969.0,378.19876,2025-11-26 06:00:00
301.0,285.6323,2025-11-26 06:00:00
504.0,341.87152,2025-11-26 06:00:00
288.0,298.12238,2025-11-26 06:00:00
289.0,332.08136,2025-11-26 07:00:00
337.0,310.86188,2025-11-26 07:00:00
503.5,295.0215,2025-11-26 07:00:00
545.0,390.84058,2025-11-26 07:00:00
510.0,352.24152,2025-11-26 07:00:00
361.0,402.47388,2025-11-26 08:00:00
501.0,338.6904,2025-11-26 08:00:00
705.0,378.10266,2025-11-26 08:00:00
599.5,303.61267,2025-11-26 08:00:00
558.0,414.95993,2025-11-26 08:00:00
715.0,408.692,2025-11-26 09:00:00
740.0,381.7556,2025-11-26 09:00:00
492.0,423.9944,2025-11-26 09:00:00
867.0,392.37442,2025-11-26 09:00:00
686.5,328.51328,2025-11-26 09:00:00
504.0,407.06992,2025-11-26 10:00:00
587.75,330.295,2025-11-26 10:00:00
637.0,407.25424,2025-11-26 10:00:00
563.0,368.2707,2025-11-26 10:00:00
752.0,586.51215,2025-11-26 10:00:00
530.0,408.6137,2025-11-26 11:00:00
505.0,340.44043,2025-11-26 11:00:00
519.0,367.23807,2025-11-26 11:00:00
419.5,276.48804,2025-11-26 11:00:00
406.0,462.12637,2025-11-26 11:00:00
365.0,354.20337,2025-11-26 12:00:00
304.0,458.21024,2025-11-26 12:00:00
414.0,318.96506,2025-11-26 12:00:00
382.0,358.39703,2025-11-26 12:00:00
266.75,276.93198,2025-11-26 12:00:00
306.0,322.3655,2025-11-26 13:00:00
280.25,261.2287,2025-11-26 13:00:00
261.0,304.6306,2025-11-26 13:00:00
238.0,353.49875,2025-11-26 13:00:00
301.0,315.95398,2025-11-26 13:00:00
223.0,277.024,2025-11-26 14:00:00
289.0,271.13385,2025-11-26 14:00:00
204.0,237.57191,2025-11-26 14:00:00
282.25,236.41263,2025-11-26 14:00:00
240.0,285.7169,2025-11-26 14:00:00
327.0,235.30168,2025-11-26 15:00:00
216.0,230.02478,2025-11-26 15:00:00
293.0,302.70227,2025-11-26 15:00:00
216.0,237.3614,2025-11-26 15:00:00
231.0,212.38991,2025-11-26 15:00:00
368.0,278.71,2025-11-26 16:00:00
295.0,225.58861,2025-11-26 16:00:00
224.5,211.5153,2025-11-26 16:00:00
289.0,234.52583,2025-11-26 16:00:00
174.0,289.79874,2025-11-26 16:00:00
221.5,215.14844,2025-11-26 17:00:00
268.0,258.45853,2025-11-26 17:00:00
190.0,251.15984,2025-11-26 17:00:00
472.0,368.50363,2025-11-26 17:00:00
357.0,255.95566,2025-11-26 17:00:00
553.0,465.8918,2025-11-26 18:00:00
360.0,294.53384,2025-11-26 18:00:00
254.0,347.26096,2025-11-26 18:00:00
466.0,338.48898,2025-11-26 18:00:00
295.0,304.3422,2025-11-26 18:00:00
526.0,427.27164,2025-11-26 19:00:00
357.25,348.83408,2025-11-26 19:00:00
451.0,338.967,2025-11-26 19:00:00
497.0,500.61838,2025-11-26 19:00:00
383.0,462.55692,2025-11-26 19:00:00
669.0,517.03705,2025-11-26 20:00:00
517.0,538.1541,2025-11-26 20:00:00
366.5,396.93738,2025-11-26 20:00:00
462.0,437.89178,2025-11-26 20:00:00
528.0,566.5578,2025-11-26 20:00:00
390.75,429.28635,2025-11-26 21:00:00
693.0,616.22424,2025-11-26 21:00:00
564.0,593.326,2025-11-26 21:00:00
587.0,544.94556,2025-11-26 21:00:00
467.0,476.7452,2025-11-26 21:00:00
398.0,408.6172,2025-11-26 22:00:00
680.0,663.65076,2025-11-26 22:00:00
578.0,541.1036,2025-11-26 22:00:00
490.0,550.7241,2025-11-26 22:00:00
563.0,618.6989,2025-11-26 22:00:00
475.0,448.34055,2025-11-26 23:00:00
846.0,582.31165,2025-11-26 23:00:00
541.0,493.46646,2025-11-26 23:00:00
419.3333333333333,421.17575,2025-11-26 23:00:00
603.0,615.6309,2025-11-26 23:00:00
545.0,526.30054,2025-11-27 00:00:00
403.0,422.30408,2025-11-27 00:00:00
891.0,580.9332,2025-11-27 00:00:00
525.0,471.54666,2025-11-27 00:00:00
407.25,393.5488,2025-11-27 00:00:00
926.0,574.03766,2025-11-27 01:00:00
394.0,364.42685,2025-11-27 01:00:00
497.0,506.99683,2025-11-27 01:00:00
501.0,478.7826,2025-11-27 01:00:00
387.0,375.7076,2025-11-27 01:00:00
366.0,339.90073,2025-11-27 02:00:00
752.0,595.3517,2025-11-27 02:00:00
506.0,558.7571,2025-11-27 02:00:00
478.0,491.68375,2025-11-27 02:00:00
401.75,358.66443,2025-11-27 02:00:00
361.0,307.7597,2025-11-27 03:00:00
617.0,547.50354,2025-11-27 03:00:00
487.0,507.01376,2025-11-27 03:00:00
381.75,364.0987,2025-11-27 03:00:00
493.0,466.6378,2025-11-27 03:00:00
359.25,340.8671,2025-11-27 04:00:00
322.0,291.08932,2025-11-27 04:00:00
519.0,605.4277,2025-11-27 04:00:00
450.0,456.64407,2025-11-27 04:00:00
492.0,393.34256,2025-11-27 04:00:00
458.0,438.93176,2025-11-27 05:00:00
476.0,341.46762,2025-11-27 05:00:00
357.75,361.9301,2025-11-27 05:00:00
415.0,596.5473,2025-11-27 05:00:00
356.0,299.6546,2025-11-27 05:00:00
365.5,303.2586,2025-11-27 06:00:00
416.0,334.0931,2025-11-27 06:00:00
471.0,435.819,2025-11-27 06:00:00
374.0,306.95477,2025-11-27 06:00:00
447.0,546.8599,2025-11-27 06:00:00
455.0,340.72955,2025-11-27 07:00:00
475.0,394.05234,2025-11-27 07:00:00
415.0,326.3527,2025-11-27 07:00:00
405.0,358.95374,2025-11-27 07:00:00
416.0,544.7182,2025-11-27 07:00:00
642.0,354.2466,2025-11-27 08:00:00
434.25,378.6562,2025-11-27 08:00:00
449.0,556.26166,2025-11-27 08:00:00
454.0,388.94638,2025-11-27 08:00:00
523.0,380.1615,2025-11-27 08:00:00
481.0,530.47174,2025-11-27 09:00:00
539.0,428.21906,2025-11-27 09:00:00
519.0,402.5521,2025-11-27 09:00:00
428.75,359.07523,2025-11-27 09:00:00
617.0,452.23666,2025-11-27 09:00:00
410.0,512.09344,2025-11-27 10:00:00
467.0,399.61258,2025-11-27 10:00:00
398.0,594.4173,2025-11-27 10:00:00
387.75,349.77127,2025-11-27 10:00:00
538.0,437.943,2025-11-27 10:00:00
296.75,289.1138,2025-11-27 11:00:00
409.0,410.71542,2025-11-27 11:00:00
271.0,493.36694,2025-11-27 11:00:00
458.0,396.38983,2025-11-27 11:00:00
368.0,418.5076,2025-11-27 11:00:00
226.0,262.4401,2025-11-27 12:00:00
348.0,419.4241,2025-11-27 12:00:00
268.0,324.64417,2025-11-27 12:00:00
326.0,373.88797,2025-11-27 12:00:00
197.0,443.12418,2025-11-27 12:00:00
278.0,358.28818,2025-11-27 13:00:00
230.0,305.55777,2025-11-27 13:00:00
236.75,234.47981,2025-11-27 13:00:00
174.0,298.5769,2025-11-27 13:00:00
283.0,372.06882,2025-11-27 13:00:00
238.0,276.839,2025-11-27 14:00:00
193.0,180.72429,2025-11-27 14:00:00
277.0,242.8527,2025-11-27 14:00:00
245.0,259.98196,2025-11-27 14:00:00
228.0,272.30234,2025-11-27 14:00:00
235.0,247.48277,2025-11-27 15:00:00
233.0,236.77274,2025-11-27 15:00:00
172.0,277.17786,2025-11-27 15:00:00
160.5,153.84567,2025-11-27 15:00:00
272.0,287.0865,2025-11-27 15:00:00
194.0,315.57678,2025-11-27 16:00:00
150.75,153.1171,2025-11-27 16:00:00
182.0,239.17194,2025-11-27 16:00:00
195.0,235.3895,2025-11-27 16:00:00
206.0,272.14886,2025-11-27 16:00:00
250.0,399.3504,2025-11-27 17:00:00
193.75,192.82169,2025-11-27 17:00:00
436.0,251.42477,2025-11-27 17:00:00
179.0,284.36072,2025-11-27 17:00:00
329.0,347.74768,2025-11-27 17:00:00
266.5,243.07646,2025-11-27 18:00:00
355.0,531.0474,2025-11-27 18:00:00
566.0,428.5486,2025-11-27 18:00:00
636.0,339.04062,2025-11-27 18:00:00
263.0,318.12756,2025-11-27 18:00:00
315.0,389.59128,2025-11-27 19:00:00
357.0,466.88733,2025-11-27 19:00:00
384.0,469.02295,2025-11-27 19:00:00
321.5,235.60458,2025-11-27 19:00:00
395.0,471.92484,2025-11-27 19:00:00
382.0,476.61172,2025-11-27 20:00:00
455.0,500.95767,2025-11-27 20:00:00
460.0,565.3994,2025-11-27 20:00:00
352.0,332.33215,2025-11-27 20:00:00
376.0,492.28143,2025-11-27 20:00:00
433.0,590.78436,2025-11-27 21:00:00
417.0,580.26086,2025-11-27 21:00:00
437.0,607.6835,2025-11-27 21:00:00
361.0,354.96652,2025-11-27 21:00:00
353.0,564.2358,2025-11-27 21:00:00
329.0,593.5838,2025-11-27 22:00:00
505.0,631.42633,2025-11-27 22:00:00
385.0,366.10782,2025-11-27 22:00:00
451.0,555.98486,2025-11-27 22:00:00
499.0,537.6953,2025-11-27 22:00:00
543.0,622.2445,2025-11-27 23:00:00
434.0,602.0719,2025-11-27 23:00:00
299.0,527.1656,2025-11-27 23:00:00
405.5,370.59744,2025-11-27 23:00:00
630.0,644.48846,2025-11-27 23:00:00
512.0,662.2772,2025-11-28 00:00:00
399.0,433.53357,2025-11-28 00:00:00
327.0,522.1914,2025-11-28 00:00:00
538.0,654.5777,2025-11-28 00:00:00
370.0,613.44556,2025-11-28 00:00:00
369.75,402.5602,2025-11-28 01:00:00
409.0,681.91974,2025-11-28 01:00:00
343.0,568.79767,2025-11-28 01:00:00
329.0,453.72748,2025-11-28 01:00:00
451.0,629.36127,2025-11-28 01:00:00
307.0,561.58185,2025-11-28 02:00:00
318.0,515.0664,2025-11-28 02:00:00
315.0,370.44882,2025-11-28 02:00:00
317.0,340.26123,2025-11-28 02:00:00
298.0,649.61584,2025-11-28 02:00:00
252.0,590.5821,2025-11-28 03:00:00
289.5,379.99655,2025-11-28 03:00:00
285.0,474.59088,2025-11-28 03:00:00
277.0,367.09842,2025-11-28 03:00:00
262.0,475.0824,2025-11-28 03:00:00
252.0,452.7019,2025-11-28 04:00:00
265.0,342.53452,2025-11-28 04:00:00
274.0,459.83493,2025-11-28 04:00:00
246.0,543.97363,2025-11-28 04:00:00
206.0,334.8621,2025-11-28 04:00:00
272.5,340.28812,2025-11-28 05:00:00
291.0,457.50714,2025-11-28 05:00:00
224.0,333.6471,2025-11-28 05:00:00
222.0,528.17004,2025-11-28 05:00:00
250.0,441.13992,2025-11-28 05:00:00
213.0,533.9904,2025-11-28 06:00:00
280.0,449.8432,2025-11-28 06:00:00
311.0,474.08072,2025-11-28 06:00:00
269.25,353.37003,2025-11-28 06:00:00
263.0,357.30417,2025-11-28 06:00:00
272.0,421.6756,2025-11-28 07:00:00
313.75,387.5641,2025-11-28 07:00:00
288.0,426.39444,2025-11-28 07:00:00
285.0,440.6124,2025-11-28 07:00:00
252.0,447.44885,2025-11-28 07:00:00
262.0,491.31458,2025-11-28 08:00:00
246.0,496.97363,2025-11-28 08:00:00
317.0,531.7276,2025-11-28 08:00:00
321.0,440.5461,2025-11-28 08:00:00
295.5,404.2311,2025-11-28 08:00:00
284.0,505.87122,2025-11-28 09:00:00
333.0,522.0313,2025-11-28 09:00:00
239.5,345.37073,2025-11-28 09:00:00
230.0,583.43585,2025-11-28 09:00:00
324.0,514.17645,2025-11-28 09:00:00
278.0,447.50034,2025-11-28 10:00:00
339.0,496.25735,2025-11-28 10:00:00
261.0,439.3952,2025-11-28 10:00:00
249.25,319.28903,2025-11-28 10:00:00
294.0,450.3928,2025-11-28 10:00:00
262.0,427.90707,2025-11-28 11:00:00
244.0,332.9022,2025-11-28 11:00:00
246.0,398.76025,2025-11-28 11:00:00
211.0,401.63,2025-11-28 11:00:00
259.5,313.365,2025-11-28 11:00:00
161.0,285.3149,2025-11-28 12:00:00
212.0,321.7704,2025-11-28 12:00:00
196.0,350.73776,2025-11-28 12:00:00
259.5,234.64528,2025-11-28 12:00:00
250.0,322.1661,2025-11-28 12:00:00
259.5,205.03621,2025-11-28 13:00:00
193.0,300.44073,2025-11-28 13:00:00
190.0,248.41896,2025-11-28 13:00:00
218.0,263.60623,2025-11-28 13:00:00
190.0,268.62466,2025-11-28 13:00:00
163.0,208.81186,2025-11-28 14:00:00
186.0,283.77957,2025-11-28 14:00:00
46.333333333333336,193.43825,2025-11-28 14:00:00
146.0,281.8671,2025-11-28 14:00:00
147.0,216.42975,2025-11-28 14:00:00
109.75,178.63673,2025-11-28 15:00:00
144.0,230.0375,2025-11-28 15:00:00
140.0,203.92169,2025-11-28 15:00:00
132.0,277.66577,2025-11-28 15:00:00
123.0,220.46065,2025-11-28 15:00:00
175.0,258.13965,2025-11-28 16:00:00
133.0,194.06995,2025-11-28 16:00:00
145.0,260.95233,2025-11-28 16:00:00
161.0,226.20145,2025-11-28 16:00:00
110.25,187.341,2025-11-28 16:00:00
151.0,328.50006,2025-11-28 17:00:00
163.0,352.07547,2025-11-28 17:00:00
175.0,360.55338,2025-11-28 17:00:00
135.75,219.70186,2025-11-28 17:00:00
139.0,236.5633,2025-11-28 17:00:00
192.25,275.86743,2025-11-28 18:00:00
280.0,481.88306,2025-11-28 18:00:00
428.0,445.18906,2025-11-28 18:00:00
272.0,455.37106,2025-11-28 18:00:00
224.0,329.0321,2025-11-28 18:00:00
403.0,483.93314,2025-11-28 19:00:00
299.0,502.08124,2025-11-28 19:00:00
280.0,365.80093,2025-11-28 19:00:00
396.0,531.3382,2025-11-28 19:00:00
238.0,311.70377,2025-11-28 19:00:00
328.0,542.905,2025-11-28 20:00:00
323.0,538.4761,2025-11-28 20:00:00
345.0,620.74066,2025-11-28 20:00:00
264.75,344.01724,2025-11-28 20:00:00
318.0,401.4073,2025-11-28 20:00:00
411.0,543.1472,2025-11-28 21:00:00
256.5,373.73227,2025-11-28 21:00:00
370.0,420.68573,2025-11-28 21:00:00
361.0,518.9078,2025-11-28 21:00:00
304.0,468.50098,2025-11-28 21:00:00
302.0,534.04913,2025-11-28 22:00:00
322.0,621.96045,2025-11-28 22:00:00
406.0,581.6815,2025-11-28 22:00:00
353.0,422.76447,2025-11-28 22:00:00
241.5,411.37857,2025-11-28 22:00:00
324.0,579.78375,2025-11-28 23:00:00
349.0,483.56848,2025-11-28 23:00:00
265.0,531.0789,2025-11-28 23:00:00
255.66666666666663,394.66702,2025-11-28 23:00:00
351.0,341.97226,2025-11-28 23:00:00
277.0,553.762,2025-11-29 00:00:00
311.0,464.16483,2025-11-29 00:00:00
290.0,519.71063,2025-11-29 00:00:00
263.0,331.39597,2025-11-29 00:00:00
379.0,323.53256,2025-11-29 00:00:00
227.0,299.61536,2025-11-29 01:00:00
263.0,492.23257,2025-11-29 01:00:00
322.0,299.49225,2025-11-29 01:00:00
321.0,382.72336,2025-11-29 01:00:00
250.0,461.84473,2025-11-29 01:00:00
274.0,339.8697,2025-11-29 02:00:00
222.0,417.0899,2025-11-29 02:00:00
237.0,351.23782,2025-11-29 02:00:00
269.0,338.5357,2025-11-29 02:00:00
214.5,290.3366,2025-11-29 02:00:00
290.0,304.4168,2025-11-29 03:00:00
237.0,331.92813,2025-11-29 03:00:00
240.0,328.24673,2025-11-29 03:00:00
213.0,331.62335,2025-11-29 03:00:00
198.5,254.00082,2025-11-29 03:00:00
216.5,231.57602,2025-11-29 04:00:00
204.0,243.43593,2025-11-29 04:00:00
196.0,306.15308,2025-11-29 04:00:00
233.0,329.6197,2025-11-29 04:00:00
216.0,321.893,2025-11-29 04:00:00
263.0,269.20612,2025-11-29 05:00:00
245.0,238.34863,2025-11-29 05:00:00
227.0,343.62497,2025-11-29 05:00:00
223.0,222.82565,2025-11-29 05:00:00
241.0,299.70026,2025-11-29 05:00:00
265.0,288.02597,2025-11-29 06:00:00
228.0,322.04648,2025-11-29 06:00:00
244.0,249.65019,2025-11-29 06:00:00
238.0,240.87952,2025-11-29 06:00:00
265.0,341.3012,2025-11-29 06:00:00
239.0,313.0445,2025-11-29 07:00:00
265.0,298.6328,2025-11-29 07:00:00
214.0,311.10107,2025-11-29 07:00:00
224.0,254.55829,2025-11-29 07:00:00
252.0,327.63535,2025-11-29 07:00:00
260.0,373.9621,2025-11-29 08:00:00
290.0,302.959,2025-11-29 08:00:00
250.0,371.74942,2025-11-29 08:00:00
225.75,282.3344,2025-11-29 08:00:00
321.0,350.7776,2025-11-29 08:00:00
257.25,271.70026,2025-11-29 09:00:00
301.0,348.0014,2025-11-29 09:00:00
274.0,329.53564,2025-11-29 09:00:00
266.0,333.03345,2025-11-29 09:00:00
255.0,369.12106,2025-11-29 09:00:00
248.0,344.67352,2025-11-29 10:00:00
260.0,319.83902,2025-11-29 10:00:00
304.0,333.46872,2025-11-29 10:00:00
305.0,326.33606,2025-11-29 10:00:00
268.5,247.22794,2025-11-29 10:00:00
273.0,305.9713,2025-11-29 11:00:00
252.25,229.41371,2025-11-29 11:00:00
294.0,280.68735,2025-11-29 11:00:00
251.0,303.29782,2025-11-29 11:00:00
228.0,290.11383,2025-11-29 11:00:00
279.0,288.20132,2025-11-29 12:00:00
250.0,279.78683,2025-11-29 12:00:00
307.0,265.15765,2025-11-29 12:00:00
217.0,215.98987,2025-11-29 12:00:00
239.5,211.73549,2025-11-29 12:00:00
227.0,232.65636,2025-11-29 13:00:00
244.0,213.82208,2025-11-29 13:00:00
221.0,210.05447,2025-11-29 13:00:00
224.0,216.42073,2025-11-29 13:00:00
233.0,255.45183,2025-11-29 13:00:00
169.0,154.30162,2025-11-29 14:00:00
224.0,196.52185,2025-11-29 14:00:00
193.0,192.91724,2025-11-29 14:00:00
191.0,239.83273,2025-11-29 14:00:00
180.0,185.94481,2025-11-29 14:00:00
161.0,192.6197,2025-11-29 15:00:00
163.0,197.72154,2025-11-29 15:00:00
130.75,194.27034,2025-11-29 15:00:00
162.0,210.06805,2025-11-29 15:00:00
182.0,189.00406,2025-11-29 15:00:00
171.0,230.80006,2025-11-29 16:00:00
142.5,140.72115,2025-11-29 16:00:00
178.0,171.14816,2025-11-29 16:00:00
168.0,227.48236,2025-11-29 16:00:00
194.0,192.61604,2025-11-29 16:00:00
184.0,185.18285,2025-11-29 17:00:00
197.0,234.46658,2025-11-29 17:00:00
174.0,272.533,2025-11-29 17:00:00
155.0,184.36826,2025-11-29 17:00:00
229.0,230.46901,2025-11-29 17:00:00
190.25,268.45395,2025-11-29 18:00:00
267.0,374.5191,2025-11-29 18:00:00
244.0,274.6564,2025-11-29 18:00:00
274.0,375.25626,2025-11-29 18:00:00
331.0,367.72165,2025-11-29 18:00:00
390.0,443.61298,2025-11-29 19:00:00
225.5,308.33786,2025-11-29 19:00:00
497.0,417.43304,2025-11-29 19:00:00
351.0,471.06458,2025-11-29 19:00:00
315.0,339.14493,2025-11-29 19:00:00
478.0,529.1282,2025-11-29 20:00:00
350.0,523.0653,2025-11-29 20:00:00
304.0,416.49826,2025-11-29 20:00:00
265.0,283.46564,2025-11-29 20:00:00
243.0,434.08524,2025-11-29 20:00:00
290.0,436.21527,2025-11-29 21:00:00
353.0,413.58472,2025-11-29 21:00:00
533.0,488.21243,2025-11-29 21:00:00
319.5,261.70227,2025-11-29 21:00:00
342.0,532.4205,2025-11-29 21:00:00
313.0,284.89664,2025-11-29 22:00:00
407.0,460.1083,2025-11-29 22:00:00
381.0,402.5283,2025-11-29 22:00:00
451.0,421.36264,2025-11-29 22:00:00
490.0,475.75693,2025-11-29 22:00:00
297.6666666666667,294.32568,2025-11-29 23:00:00
411.0,460.0021,2025-11-29 23:00:00
339.0,396.38022,2025-11-29 23:00:00
433.0,377.9188,2025-11-29 23:00:00
359.0,447.41147,2025-11-29 23:00:00
339.0,339.73508,2025-11-30 00:00:00
321.75,256.1989,2025-11-30 00:00:00
549.0,438.4283,2025-11-30 00:00:00
332.0,331.34927,2025-11-30 00:00:00
322.0,346.11462,2025-11-30 00:00:00
291.0,308.48026,2025-11-30 01:00:00
315.0,309.95337,2025-11-30 01:00:00
347.0,261.29636,2025-11-30 01:00:00
442.0,437.47348,2025-11-30 01:00:00
310.0,299.85645,2025-11-30 01:00:00
525.0,382.1661,2025-11-30 02:00:00
327.25,231.44533,2025-11-30 02:00:00
315.0,252.55182,2025-11-30 02:00:00
273.0,301.98715,2025-11-30 02:00:00
309.0,292.08984,2025-11-30 02:00:00
284.0,269.3181,2025-11-30 03:00:00
278.0,244.08171,2025-11-30 03:00:00
280.0,298.1045,2025-11-30 03:00:00
289.0,210.26309,2025-11-30 03:00:00
461.0,326.63748,2025-11-30 03:00:00
256.0,237.20921,2025-11-30 04:00:00
287.0,258.4171,2025-11-30 04:00:00
407.0,266.5234,2025-11-30 04:00:00
265.75,223.31003,2025-11-30 04:00:00
211.0,226.02483,2025-11-30 04:00:00
340.0,254.81396,2025-11-30 05:00:00
249.75,230.21318,2025-11-30 05:00:00
230.0,215.82559,2025-11-30 05:00:00
304.0,263.2738,2025-11-30 05:00:00
244.0,228.91516,2025-11-30 05:00:00
266.0,222.50119,2025-11-30 06:00:00
342.0,267.0389,2025-11-30 06:00:00
316.0,241.70938,2025-11-30 06:00:00
237.25,232.92711,2025-11-30 06:00:00
226.0,251.67595,2025-11-30 06:00:00
285.0,269.02603,2025-11-30 07:00:00
230.0,247.22455,2025-11-30 07:00:00
256.0,296.5995,2025-11-30 07:00:00
329.0,332.71426,2025-11-30 07:00:00
309.0,259.2341,2025-11-30 07:00:00
384.0,337.0273,2025-11-30 08:00:00
324.0,309.2247,2025-11-30 08:00:00
254.75,247.8012,2025-11-30 08:00:00
328.0,350.25818,2025-11-30 08:00:00
302.0,329.62854,2025-11-30 08:00:00
263.75,252.51215,2025-11-30 09:00:00
576.0,336.5511,2025-11-30 09:00:00
404.0,308.90344,2025-11-30 09:00:00
350.0,351.34338,2025-11-30 09:00:00
490.0,336.95624,2025-11-30 09:00:00
385.0,350.53586,2025-11-30 10:00:00
334.0,329.19543,2025-11-30 10:00:00
248.0,271.42886,2025-11-30 10:00:00
306.0,338.61322,2025-11-30 10:00:00
436.0,344.85577,2025-11-30 10:00:00
339.0,346.88986,2025-11-30 11:00:00
251.0,331.437,2025-11-30 11:00:00
355.0,345.64795,2025-11-30 11:00:00
198.75,282.98813,2025-11-30 11:00:00
306.0,282.3201,2025-11-30 11:00:00
213.0,286.77136,2025-11-30 12:00:00
263.0,314.81345,2025-11-30 12:00:00
193.0,266.23907,2025-11-30 12:00:00
223.0,283.51193,2025-11-30 12:00:00
260.0,292.16605,2025-11-30 12:00:00
193.0,244.50723,2025-11-30 13:00:00
172.0,280.68997,2025-11-30 13:00:00
164.0,279.637,2025-11-30 13:00:00
204.0,249.80432,2025-11-30 13:00:00
271.0,289.04303,2025-11-30 13:00:00
257.0,262.89,2025-11-30 14:00:00
147.0,185.61392,2025-11-30 14:00:00
49.0,175.18002,2025-11-30 14:00:00
145.0,186.7011,2025-11-30 14:00:00
202.0,194.06775,2025-11-30 14:00:00
146.0,185.39749,2025-11-30 15:00:00
228.0,243.55743,2025-11-30 15:00:00
147.75,167.48953,2025-11-30 15:00:00
149.0,183.6416,2025-11-30 15:00:00
223.0,166.91829,2025-11-30 15:00:00
278.0,226.93898,2025-11-30 16:00:00
193.0,192.34023,2025-11-30 16:00:00
199.5,154.27217,2025-11-30 16:00:00
163.0,207.65071,2025-11-30 16:00:00
210.0,238.05167,2025-11-30 16:00:00
230.0,227.79466,2025-11-30 17:00:00
238.0,245.03801,2025-11-30 17:00:00
433.0,217.2676,2025-11-30 17:00:00
174.0,194.27757,2025-11-30 17:00:00
197.5,157.28838,2025-11-30 17:00:00
382.0,337.217,2025-11-30 18:00:00
271.0,334.46735,2025-11-30 18:00:00
393.0,389.5409,2025-11-30 18:00:00
213.0,254.16954,2025-11-30 18:00:00
223.75,212.17021,2025-11-30 18:00:00
319.75,277.6676,2025-11-30 19:00:00
377.0,425.35535,2025-11-30 19:00:00
437.0,417.58026,2025-11-30 19:00:00
425.0,427.49835,2025-11-30 19:00:00
350.0,329.87866,2025-11-30 19:00:00
458.0,440.05344,2025-11-30 20:00:00
505.0,438.79135,2025-11-30 20:00:00
464.0,338.50067,2025-11-30 20:00:00
537.0,374.31128,2025-11-30 20:00:00
416.25,278.7909,2025-11-30 20:00:00
467.5,306.45853,2025-11-30 21:00:00
580.0,519.46344,2025-11-30 21:00:00
587.0,406.29825,2025-11-30 21:00:00
465.0,470.1952,2025-11-30 21:00:00
588.0,349.6744,2025-11-30 21:00:00
416.0,316.17044,2025-11-30 22:00:00
672.0,368.2788,2025-11-30 22:00:00
526.0,413.54962,2025-11-30 22:00:00
425.0,471.20117,2025-11-30 22:00:00
771.0,508.0267,2025-11-30 22:00:00
395.0,373.2231,2025-11-30 23:00:00
405.6666666666667,325.6051,2025-11-30 23:00:00
558.0,352.9218,2025-11-30 23:00:00
848.0,510.01062,2025-11-30 23:00:00
539.0,352.46085,2025-11-30 23:00:00
735.0,498.80945,2025-12-01 00:00:00
497.0,358.85904,2025-12-01 00:00:00
388.5,298.45828,2025-12-01 00:00:00
483.0,336.6082,2025-12-01 00:00:00
378.0,336.40018,2025-12-01 00:00:00
422.0,321.28864,2025-12-01 01:00:00
555.0,337.58755,2025-12-01 01:00:00
370.0,324.30048,2025-12-01 01:00:00
439.5,284.73962,2025-12-01 01:00:00
726.0,427.23474,2025-12-01 01:00:00
432.5,250.68971,2025-12-01 02:00:00
395.0,299.53754,2025-12-01 02:00:00
340.0,287.5076,2025-12-01 02:00:00
536.0,321.12622,2025-12-01 02:00:00
570.0,422.88727,2025-12-01 02:00:00
406.5,265.893,2025-12-01 03:00:00
328.0,287.1907,2025-12-01 03:00:00
362.0,291.8967,2025-12-01 03:00:00
547.0,310.5091,2025-12-01 03:00:00
510.0,439.21597,2025-12-01 03:00:00
331.0,307.6788,2025-12-01 04:00:00
406.0,268.93567,2025-12-01 04:00:00
420.0,399.1775,2025-12-01 04:00:00
276.0,278.8899,2025-12-01 04:00:00
365.0,252.50339,2025-12-01 04:00:00
392.0,387.10446,2025-12-01 05:00:00
399.0,279.06686,2025-12-01 05:00:00
288.0,320.088,2025-12-01 05:00:00
310.0,292.0874,2025-12-01 05:00:00
320.25,264.4709,2025-12-01 05:00:00
316.75,279.6421,2025-12-01 06:00:00
348.0,294.31415,2025-12-01 06:00:00
423.0,341.84933,2025-12-01 06:00:00
350.0,308.0538,2025-12-01 06:00:00
269.0,309.11047,2025-12-01 06:00:00
321.0,315.82703,2025-12-01 07:00:00
489.0,335.1968,2025-12-01 07:00:00
356.0,320.1533,2025-12-01 07:00:00
305.75,289.2222,2025-12-01 07:00:00
370.0,316.86255,2025-12-01 07:00:00
467.0,318.61542,2025-12-01 08:00:00
611.0,365.66537,2025-12-01 08:00:00
470.0,370.0597,2025-12-01 08:00:00
506.0,391.66943,2025-12-01 08:00:00
405.0,300.97076,2025-12-01 08:00:00
582.0,380.48718,2025-12-01 09:00:00
497.0,376.72272,2025-12-01 09:00:00
620.0,424.8947,2025-12-01 09:00:00
621.0,411.5398,2025-12-01 09:00:00
475.25,279.6414,2025-12-01 09:00:00
617.0,404.91846,2025-12-01 10:00:00
425.5,294.5879,2025-12-01 10:00:00
433.0,367.6107,2025-12-01 10:00:00
478.0,429.71057,2025-12-01 10:00:00
567.0,410.89197,2025-12-01 10:00:00
428.0,347.67194,2025-12-01 11:00:00
345.0,277.53638,2025-12-01 11:00:00
313.0,362.67145,2025-12-01 11:00:00
503.0,396.70514,2025-12-01 11:00:00
501.0,370.4511,2025-12-01 11:00:00
426.0,351.90912,2025-12-01 12:00:00
453.0,279.00046,2025-12-01 12:00:00
306.0,288.56158,2025-12-01 12:00:00
307.75,259.85257,2025-12-01 12:00:00
381.0,306.147,2025-12-01 12:00:00
235.0,227.31154,2025-12-01 13:00:00
308.25,207.5516,2025-12-01 13:00:00
392.0,257.24573,2025-12-01 13:00:00
399.0,244.81317,2025-12-01 13:00:00
381.0,382.81052,2025-12-01 13:00:00
318.0,302.8569,2025-12-01 14:00:00
394.0,245.52266,2025-12-01 14:00:00
326.25,176.24849,2025-12-01 14:00:00
277.0,197.30377,2025-12-01 14:00:00
155.0,197.90436,2025-12-01 14:00:00
384.75,203.43744,2025-12-01 15:00:00
240.0,201.50026,2025-12-01 15:00:00
351.0,177.82635,2025-12-01 15:00:00
317.0,270.65793,2025-12-01 15:00:00
481.0,231.52673,2025-12-01 15:00:00
559.0,237.29745,2025-12-01 16:00:00
429.0,191.38857,2025-12-01 16:00:00
345.0,179.84967,2025-12-01 16:00:00
310.75,173.04521,2025-12-01 16:00:00
481.0,246.52313,2025-12-01 16:00:00
372.0,234.9454,2025-12-01 17:00:00
261.25,162.78568,2025-12-01 17:00:00
331.0,188.70917,2025-12-01 17:00:00
365.0,239.93292,2025-12-01 17:00:00
702.0,318.93692,2025-12-01 17:00:00
331.0,222.52625,2025-12-01 18:00:00
353.0,255.62369,2025-12-01 18:00:00
492.0,360.35757,2025-12-01 18:00:00
365.0,371.8073,2025-12-01 18:00:00
278.0,183.02966,2025-12-01 18:00:00
433.0,341.5528,2025-12-01 19:00:00
350.5,234.3813,2025-12-01 19:00:00
605.0,399.50748,2025-12-01 19:00:00
394.0,357.60437,2025-12-01 19:00:00
399.0,347.68475,2025-12-01 19:00:00
439.0,230.6692,2025-12-01 20:00:00
519.0,351.30328,2025-12-01 20:00:00
436.0,405.44354,2025-12-01 20:00:00
433.0,320.84134,2025-12-01 20:00:00
459.0,328.7347,2025-12-01 20:00:00
454.0,416.32938,2025-12-01 21:00:00
433.0,360.55048,2025-12-01 21:00:00
469.5,310.55756,2025-12-01 21:00:00
708.0,362.05463,2025-12-01 21:00:00
427.0,466.1858,2025-12-01 21:00:00
433.0,353.17316,2025-12-01 22:00:00
443.0,585.366,2025-12-01 22:00:00
743.0,419.78586,2025-12-01 22:00:00
454.75,375.16135,2025-12-01 22:00:00
411.0,448.51813,2025-12-01 22:00:00
781.0,446.44183,2025-12-01 23:00:00
370.0,417.33685,2025-12-01 23:00:00
428.0,587.44366,2025-12-01 23:00:00
444.0,315.97946,2025-12-01 23:00:00
322.0,404.84866,2025-12-02 00:00:00
505.0,389.56683,2025-12-02 00:00:00
447.0,563.1413,2025-12-02 00:00:00
429.5,289.4723,2025-12-02 00:00:00
440.0,516.0892,2025-12-02 01:00:00
300.0,377.97562,2025-12-02 01:00:00
456.0,353.80243,2025-12-02 01:00:00
365.0,290.5796,2025-12-02 01:00:00
326.5,273.28662,2025-12-02 02:00:00
389.0,242.91748,2025-12-02 02:00:00
439.0,554.7218,2025-12-02 02:00:00
265.0,353.7299,2025-12-02 02:00:00
447.0,502.87155,2025-12-02 03:00:00
326.75,282.44852,2025-12-02 03:00:00
250.0,387.0698,2025-12-02 03:00:00
302.0,294.86224,2025-12-02 03:00:00
208.0,284.80408,2025-12-02 04:00:00
244.0,336.2402,2025-12-02 04:00:00
437.0,407.49808,2025-12-02 04:00:00
306.75,283.372,2025-12-02 04:00:00
396.0,378.63165,2025-12-02 05:00:00
252.0,314.7847,2025-12-02 05:00:00
270.25,232.28882,2025-12-02 05:00:00
251.0,270.5252,2025-12-02 05:00:00
305.0,214.78606,2025-12-02 06:00:00
256.0,278.13104,2025-12-02 06:00:00
248.0,252.61679,2025-12-02 06:00:00
436.0,386.19858,2025-12-02 06:00:00
321.0,293.07715,2025-12-02 07:00:00
290.0,292.00226,2025-12-02 07:00:00
306.75,231.93102,2025-12-02 07:00:00
315.0,394.93643,2025-12-02 07:00:00
327.5,238.55444,2025-12-02 08:00:00
412.0,483.74515,2025-12-02 08:00:00
327.0,302.9538,2025-12-02 08:00:00
449.0,338.83008,2025-12-02 08:00:00
449.0,450.23392,2025-12-02 09:00:00
626.0,427.29446,2025-12-02 09:00:00
544.0,398.2642,2025-12-02 09:00:00
371.25,251.30124,2025-12-02 09:00:00
289.0,275.5632,2025-12-02 10:00:00
483.0,410.7342,2025-12-02 10:00:00
353.0,408.9862,2025-12-02 10:00:00
385.0,463.31232,2025-12-02 10:00:00
227.75,227.00453,2025-12-02 11:00:00
354.0,278.48407,2025-12-02 11:00:00
228.0,430.67896,2025-12-02 11:00:00
267.0,301.71326,2025-12-02 11:00:00
256.0,270.76608,2025-12-02 12:00:00
498.0,244.29327,2025-12-02 12:00:00
298.0,238.50423,2025-12-02 12:00:00
238.0,351.3746,2025-12-02 12:00:00
202.0,195.45186,2025-12-02 12:00:00
235.0,359.78705,2025-12-02 13:00:00
405.0,219.9009,2025-12-02 13:00:00
203.5,199.58293,2025-12-02 13:00:00
282.0,234.02031,2025-12-02 13:00:00
241.0,278.38297,2025-12-02 13:00:00
205.0,237.95789,2025-12-02 14:00:00
205.0,299.3042,2025-12-02 14:00:00
204.0,261.96164,2025-12-02 14:00:00
168.25,224.6537,2025-12-02 14:00:00
199.0,211.10478,2025-12-02 14:00:00
197.0,263.291,2025-12-02 15:00:00
173.0,301.05786,2025-12-02 15:00:00
168.0,321.71835,2025-12-02 15:00:00
188.0,222.18869,2025-12-02 15:00:00
138.5,233.88676,2025-12-02 15:00:00
174.0,289.30072,2025-12-02 16:00:00
164.0,196.57297,2025-12-02 16:00:00
129.0,153.33199,2025-12-02 16:00:00
145.0,273.33694,2025-12-02 16:00:00
155.0,235.23283,2025-12-02 16:00:00
155.0,321.47113,2025-12-02 17:00:00
151.0,207.17091,2025-12-02 17:00:00
184.0,244.14893,2025-12-02 17:00:00
323.0,371.4586,2025-12-02 17:00:00
140.25,132.8493,2025-12-02 17:00:00
249.0,346.09027,2025-12-02 18:00:00
260.0,344.0281,2025-12-02 18:00:00
214.5,189.03012,2025-12-02 18:00:00
199.0,186.65443,2025-12-02 18:00:00
249.0,353.3016,2025-12-02 18:00:00
276.0,318.0158,2025-12-02 19:00:00
300.0,421.62906,2025-12-02 19:00:00
388.0,447.34402,2025-12-02 19:00:00
262.5,271.73663,2025-12-02 19:00:00
361.0,381.8451,2025-12-02 19:00:00
383.0,442.51776,2025-12-02 20:00:00
324.0,339.4562,2025-12-02 20:00:00
493.0,470.9961,2025-12-02 20:00:00
272.75,325.67987,2025-12-02 20:00:00
342.0,450.5878,2025-12-02 20:00:00
378.0,436.0367,2025-12-02 21:00:00
383.0,533.74835,2025-12-02 21:00:00
292.5,359.379,2025-12-02 21:00:00
324.0,446.8954,2025-12-02 21:00:00
477.0,519.95496,2025-12-02 21:00:00
382.0,441.0564,2025-12-02 22:00:00
282.5,394.94235,2025-12-02 22:00:00
294.0,559.9339,2025-12-02 22:00:00
354.0,401.67697,2025-12-02 22:00:00
466.0,588.9893,2025-12-02 22:00:00
309.0,552.25476,2025-12-02 23:00:00
422.0,552.4155,2025-12-02 23:00:00
321.0,371.692,2025-12-02 23:00:00
269.0,405.79117,2025-12-02 23:00:00
400.0,575.4019,2025-12-03 00:00:00
253.5,358.40457,2025-12-03 00:00:00
288.0,380.18442,2025-12-03 00:00:00
271.0,520.7534,2025-12-03 00:00:00
276.0,339.75162,2025-12-03 01:00:00
332.0,383.17535,2025-12-03 01:00:00
238.5,319.84256,2025-12-03 01:00:00
232.0,484.8947,2025-12-03 01:00:00
243.0,488.606,2025-12-03 02:00:00
254.0,300.76318,2025-12-03 02:00:00
278.0,355.96185,2025-12-03 02:00:00
210.75,281.76788,2025-12-03 02:00:00
290.0,310.35852,2025-12-03 03:00:00
248.0,445.23346,2025-12-03 03:00:00
235.0,296.1667,2025-12-03 03:00:00
215.25,292.9222,2025-12-03 03:00:00
262.0,429.9679,2025-12-03 04:00:00
238.5,232.54419,2025-12-03 04:00:00
230.0,274.2966,2025-12-03 04:00:00
223.0,283.8378,2025-12-03 04:00:00
261.0,272.42752,2025-12-03 05:00:00
283.0,446.27914,2025-12-03 05:00:00
245.0,235.88063,2025-12-03 05:00:00
256.0,207.34387,2025-12-03 05:00:00
247.0,279.822,2025-12-03 06:00:00
283.0,242.02036,2025-12-03 06:00:00
296.0,293.7304,2025-12-03 06:00:00
282.0,429.8969,2025-12-03 06:00:00
270.5,251.68744,2025-12-03 07:00:00
266.0,272.77985,2025-12-03 07:00:00
307.0,326.23776,2025-12-03 07:00:00
315.0,451.06125,2025-12-03 07:00:00
365.0,517.49744,2025-12-03 08:00:00
298.5,313.89456,2025-12-03 08:00:00
334.0,322.76047,2025-12-03 08:00:00
323.0,443.62347,2025-12-03 08:00:00
399.0,427.52792,2025-12-03 09:00:00
359.0,496.29984,2025-12-03 09:00:00
309.5,363.19656,2025-12-03 09:00:00
374.0,497.43253,2025-12-03 09:00:00
505.0,379.74146,2025-12-03 10:00:00
332.0,320.75534,2025-12-03 10:00:00
611.0,430.50885,2025-12-03 10:00:00
255.5,310.26028,2025-12-03 10:00:00
249.0,411.38486,2025-12-03 11:00:00
414.0,274.012,2025-12-03 11:00:00
217.25,276.15076,2025-12-03 11:00:00
295.0,265.8689,2025-12-03 11:00:00
211.25,275.13208,2025-12-03 12:00:00
255.0,250.24646,2025-12-03 12:00:00
349.0,267.52487,2025-12-03 12:00:00
211.0,385.23038,2025-12-03 12:00:00
461.0,278.3905,2025-12-03 12:00:00
480.0,249.80553,2025-12-03 13:00:00
199.0,351.41818,2025-12-03 13:00:00
219.0,220.22842,2025-12-03 13:00:00
182.0,230.5946,2025-12-03 13:00:00
256.0,243.04015,2025-12-03 13:00:00
172.5,194.11717,2025-12-03 14:00:00
265.0,204.71822,2025-12-03 14:00:00
215.0,206.33467,2025-12-03 14:00:00
205.0,229.3414,2025-12-03 14:00:00
167.0,357.73752,2025-12-03 14:00:00
186.0,152.99806,2025-12-03 15:00:00
177.0,288.06287,2025-12-03 15:00:00
213.0,189.81055,2025-12-03 15:00:00
256.0,210.69215,2025-12-03 15:00:00
163.75,170.83673,2025-12-03 15:00:00
234.0,186.396,2025-12-03 16:00:00
186.0,247.60147,2025-12-03 16:00:00
184.0,181.23769,2025-12-03 16:00:00
213.0,170.20093,2025-12-03 16:00:00
166.0,173.09167,2025-12-03 16:00:00
207.0,182.53694,2025-12-03 17:00:00
174.75,194.81361,2025-12-03 17:00:00
173.0,225.15726,2025-12-03 17:00:00
182.0,277.00504,2025-12-03 17:00:00
267.0,312.5381,2025-12-03 17:00:00
220.5,236.174,2025-12-03 18:00:00
305.0,356.15964,2025-12-03 18:00:00
245.0,294.2398,2025-12-03 18:00:00
239.0,210.79297,2025-12-03 18:00:00
698.0,281.89786,2025-12-03 18:00:00
366.0,355.7819,2025-12-03 19:00:00
418.0,414.79196,2025-12-03 19:00:00
271.0,308.19235,2025-12-03 19:00:00
525.0,413.78094,2025-12-03 19:00:00
244.0,271.64114,2025-12-03 19:00:00
243.75,290.0181,2025-12-03 20:00:00
450.0,434.0251,2025-12-03 20:00:00
443.0,452.99847,2025-12-03 20:00:00
366.0,354.5317,2025-12-03 20:00:00
426.0,460.87772,2025-12-03 20:00:00
472.0,478.19583,2025-12-03 21:00:00
256.75,349.43857,2025-12-03 21:00:00
427.0,407.06323,2025-12-03 21:00:00
373.0,416.61172,2025-12-03 21:00:00
453.0,453.34454,2025-12-03 21:00:00
442.0,490.24176,2025-12-03 22:00:00
396.0,480.68375,2025-12-03 22:00:00
404.0,376.1073,2025-12-03 22:00:00
287.25,315.661,2025-12-03 22:00:00
475.0,488.39365,2025-12-03 22:00:00
465.0,472.32272,2025-12-03 23:00:00
467.0,483.7431,2025-12-03 23:00:00
415.0,330.88068,2025-12-03 23:00:00
301.0,285.89526,2025-12-03 23:00:00
405.0,397.0224,2025-12-03 23:00:00
416.0,323.463,2025-12-04 00:00:00
362.0,339.7246,2025-12-04 00:00:00
323.5,267.70312,2025-12-04 00:00:00
436.0,421.24796,2025-12-04 00:00:00
440.0,475.06454,2025-12-04 00:00:00
323.75,280.47446,2025-12-04 01:00:00
393.0,398.75,2025-12-04 01:00:00
365.0,302.8134,2025-12-04 01:00:00
348.0,291.777,2025-12-04 01:00:00
384.0,359.47647,2025-12-04 01:00:00
316.0,304.37274,2025-12-04 02:00:00
277.0,276.50427,2025-12-04 02:00:00
345.0,255.72153,2025-12-04 02:00:00
329.75,241.53365,2025-12-04 02:00:00
366.0,397.26205,2025-12-04 02:00:00
287.0,247.12733,2025-12-04 03:00:00
306.0,263.65256,2025-12-04 03:00:00
273.0,244.95012,2025-12-04 03:00:00
282.0,209.69104,2025-12-04 03:00:00
393.0,351.07123,2025-12-04 03:00:00
296.0,253.11221,2025-12-04 04:00:00
277.0,216.91617,2025-12-04 04:00:00
251.0,228.92921,2025-12-04 04:00:00
348.0,348.34564,2025-12-04 04:00:00
236.75,243.01051,2025-12-04 04:00:00
261.0,256.2067,2025-12-04 05:00:00
209.25,248.8057,2025-12-04 05:00:00
268.0,221.92702,2025-12-04 05:00:00
304.0,387.99927,2025-12-04 05:00:00
271.0,240.6498,2025-12-04 05:00:00
259.0,235.06784,2025-12-04 06:00:00
301.0,373.4246,2025-12-04 06:00:00
251.0,263.29724,2025-12-04 06:00:00
210.25,265.88144,2025-12-04 06:00:00
256.0,275.92157,2025-12-04 06:00:00
251.0,268.74014,2025-12-04 07:00:00
209.75,272.32843,2025-12-04 07:00:00
227.0,249.2753,2025-12-04 07:00:00
306.0,382.48883,2025-12-04 07:00:00
284.0,265.44217,2025-12-04 07:00:00
233.5,281.57977,2025-12-04 08:00:00
324.0,398.87823,2025-12-04 08:00:00
504.0,341.40933,2025-12-04 08:00:00
316.0,294.85098,2025-12-04 08:00:00
426.0,305.883,2025-12-04 08:00:00
278.0,295.0155,2025-12-04 09:00:00
340.0,333.89328,2025-12-04 09:00:00
342.0,394.67917,2025-12-04 09:00:00
318.0,385.23386,2025-12-04 09:00:00
418.0,508.8895,2025-12-04 09:00:00
316.0,262.5476,2025-12-04 10:00:00
399.0,382.65277,2025-12-04 10:00:00
360.0,434.06137,2025-12-04 10:00:00
311.0,313.22842,2025-12-04 10:00:00
333.0,282.829,2025-12-04 10:00:00
374.0,343.84705,2025-12-04 11:00:00
565.0,272.91507,2025-12-04 11:00:00
332.0,264.81488,2025-12-04 11:00:00
284.0,281.48682,2025-12-04 11:00:00
272.5,204.47968,2025-12-04 11:00:00
500.0,335.73633,2025-12-04 12:00:00
345.0,254.18497,2025-12-04 12:00:00
293.0,340.94205,2025-12-04 12:00:00
205.75,183.44707,2025-12-04 12:00:00
244.0,326.60068,2025-12-04 12:00:00
182.0,263.14777,2025-12-04 13:00:00
239.0,278.27386,2025-12-04 13:00:00
290.0,225.9579,2025-12-04 13:00:00
194.0,184.64197,2025-12-04 13:00:00
273.0,261.93292,2025-12-04 13:00:00
204.5,198.46259,2025-12-04 14:00:00
201.0,244.77051,2025-12-04 14:00:00
255.0,231.50159,2025-12-04 14:00:00
212.0,212.24406,2025-12-04 14:00:00
240.0,218.90216,2025-12-04 14:00:00
280.0,248.3403,2025-12-04 15:00:00
245.0,182.03557,2025-12-04 15:00:00
222.0,147.7519,2025-12-04 15:00:00
256.0,230.31166,2025-12-04 15:00:00
201.0,223.97722,2025-12-04 15:00:00
208.0,158.86215,2025-12-04 16:00:00
233.0,249.0627,2025-12-04 16:00:00
216.0,178.13841,2025-12-04 16:00:00
201.0,182.47563,2025-12-04 16:00:00
201.0,199.10194,2025-12-04 16:00:00
222.0,253.15147,2025-12-04 17:00:00
213.25,184.79504,2025-12-04 17:00:00
208.0,268.26562,2025-12-04 17:00:00
202.0,233.14386,2025-12-04 17:00:00
201.0,280.60986,2025-12-04 17:00:00
272.5,248.9081,2025-12-04 18:00:00
340.0,389.16803,2025-12-04 18:00:00
429.0,374.33823,2025-12-04 18:00:00
254.0,333.989,2025-12-04 18:00:00
245.0,271.4017,2025-12-04 18:00:00
331.0,320.90466,2025-12-04 19:00:00
467.0,468.4916,2025-12-04 19:00:00
392.0,396.4437,2025-12-04 19:00:00
388.0,440.50916,2025-12-04 19:00:00
336.25,309.8046,2025-12-04 19:00:00
367.0,375.65143,2025-12-04 20:00:00
439.0,483.623,2025-12-04 20:00:00
354.5,293.82446,2025-12-04 20:00:00
455.0,436.22733,2025-12-04 20:00:00
487.0,429.613,2025-12-04 20:00:00
493.0,457.48447,2025-12-04 21:00:00
360.5,317.43555,2025-12-04 21:00:00
440.0,494.51755,2025-12-04 21:00:00
509.0,441.36118,2025-12-04 21:00:00
443.0,392.51193,2025-12-04 21:00:00
381.75,305.36993,2025-12-04 22:00:00
422.0,443.9205,2025-12-04 22:00:00
431.0,399.83017,2025-12-04 22:00:00
482.0,516.9722,2025-12-04 22:00:00
422.0,441.26825,2025-12-04 22:00:00
367.6666666666667,281.94107,2025-12-04 23:00:00
393.0,454.70374,2025-12-04 23:00:00
396.0,403.54886,2025-12-04 23:00:00
497.0,470.5027,2025-12-04 23:00:00
404.0,417.71384,2025-12-04 23:00:00
355.0,382.48532,2025-12-05 00:00:00
364.0,377.30432,2025-12-05 00:00:00
361.0,472.78275,2025-12-05 00:00:00
347.75,287.62585,2025-12-05 00:00:00
411.0,472.85788,2025-12-05 00:00:00
334.0,331.38812,2025-12-05 01:00:00
331.0,377.24005,2025-12-05 01:00:00
348.25,270.71732,2025-12-05 01:00:00
374.0,442.69287,2025-12-05 01:00:00
332.0,428.47372,2025-12-05 01:00:00
323.0,253.9404,2025-12-05 02:00:00
296.0,342.9635,2025-12-05 02:00:00
289.0,356.71158,2025-12-05 02:00:00
399.0,378.17947,2025-12-05 02:00:00
343.0,312.1783,2025-12-05 02:00:00
373.0,381.61243,2025-12-05 03:00:00
343.0,378.55655,2025-12-05 03:00:00
273.0,355.26398,2025-12-05 03:00:00
299.5,283.92084,2025-12-05 03:00:00
262.0,330.43515,2025-12-05 03:00:00
251.0,304.0484,2025-12-05 04:00:00
335.0,344.9472,2025-12-05 04:00:00
285.5,291.9077,2025-12-05 04:00:00
233.0,298.55832,2025-12-05 04:00:00
326.0,393.46027,2025-12-05 04:00:00
262.0,301.88647,2025-12-05 05:00:00
264.5,285.59967,2025-12-05 05:00:00
223.0,295.51596,2025-12-05 05:00:00
273.0,409.8783,2025-12-05 05:00:00
327.0,304.41937,2025-12-05 05:00:00
294.0,329.59665,2025-12-05 06:00:00
282.0,364.7087,2025-12-05 06:00:00
268.25,279.61084,2025-12-05 06:00:00
240.0,305.0245,2025-12-05 06:00:00
345.0,291.79755,2025-12-05 06:00:00
295.0,312.7204,2025-12-05 07:00:00
257.0,280.87137,2025-12-05 07:00:00
261.0,306.80472,2025-12-05 07:00:00
285.0,396.88458,2025-12-05 07:00:00
251.5,269.83075,2025-12-05 07:00:00
282.0,331.08978,2025-12-05 08:00:00
367.0,348.5975,2025-12-05 08:00:00
313.0,364.17035,2025-12-05 08:00:00
302.0,388.6352,2025-12-05 08:00:00
254.25,268.9102,2025-12-05 08:00:00
316.0,371.4429,2025-12-05 09:00:00
262.25,317.68805,2025-12-05 09:00:00
302.0,473.7152,2025-12-05 09:00:00
362.0,374.10052,2025-12-05 09:00:00
307.0,387.66824,2025-12-05 09:00:00
350.0,346.03427,2025-12-05 10:00:00
464.0,521.8837,2025-12-05 10:00:00
298.0,367.99734,2025-12-05 10:00:00
280.25,312.37927,2025-12-05 10:00:00
364.0,437.762,2025-12-05 10:00:00
320.0,318.7312,2025-12-05 11:00:00
268.0,355.57632,2025-12-05 11:00:00
373.0,348.64185,2025-12-05 11:00:00
268.25,246.80023,2025-12-05 11:00:00
279.0,306.13824,2025-12-05 11:00:00
276.0,351.12967,2025-12-05 12:00:00
241.0,258.483,2025-12-05 12:00:00
564.0,369.91727,2025-12-05 12:00:00
222.75,248.15103,2025-12-05 12:00:00
293.0,315.41492,2025-12-05 12:00:00
250.0,327.7145,2025-12-05 13:00:00
201.0,197.62704,2025-12-05 13:00:00
439.0,318.24966,2025-12-05 13:00:00
199.0,239.88068,2025-12-05 13:00:00
299.0,281.41943,2025-12-05 13:00:00
181.25,185.9516,2025-12-05 14:00:00
173.0,229.71725,2025-12-05 14:00:00
248.0,287.988,2025-12-05 14:00:00
219.0,251.0423,2025-12-05 14:00:00
261.0,228.27573,2025-12-05 14:00:00
175.0,226.551,2025-12-05 15:00:00
235.0,272.75858,2025-12-05 15:00:00
172.75,178.02344,2025-12-05 15:00:00
295.0,218.0533,2025-12-05 15:00:00
223.0,227.54916,2025-12-05 15:00:00
190.0,280.03366,2025-12-05 16:00:00
186.0,233.69536,2025-12-05 16:00:00
190.0,199.26788,2025-12-05 16:00:00
263.0,265.53864,2025-12-05 16:00:00
159.0,176.66235,2025-12-05 16:00:00
309.0,304.83163,2025-12-05 17:00:00
206.0,291.3598,2025-12-05 17:00:00
212.0,237.3242,2025-12-05 17:00:00
193.0,321.0977,2025-12-05 17:00:00
171.0,210.72102,2025-12-05 17:00:00
232.0,325.90656,2025-12-05 18:00:00
188.75,320.22696,2025-12-05 18:00:00
279.0,385.00134,2025-12-05 18:00:00
208.0,404.6291,2025-12-05 18:00:00
206.0,435.85565,2025-12-05 18:00:00
227.25,308.26324,2025-12-05 19:00:00
257.0,503.91605,2025-12-05 19:00:00
359.0,447.30713,2025-12-05 19:00:00
269.0,479.47256,2025-12-05 19:00:00
284.0,373.8961,2025-12-05 19:00:00
318.0,491.28302,2025-12-05 20:00:00
357.0,511.42227,2025-12-05 20:00:00
306.0,375.9198,2025-12-05 20:00:00
270.5,313.47046,2025-12-05 20:00:00
268.0,447.73093,2025-12-05 20:00:00
337.0,477.68546,2025-12-05 21:00:00
295.0,566.11475,2025-12-05 21:00:00
313.0,344.39227,2025-12-05 21:00:00
387.0,577.1537,2025-12-05 21:00:00
354.0,458.87164,2025-12-05 21:00:00
276.0,471.91342,2025-12-05 22:00:00
443.0,555.50134,2025-12-05 22:00:00
409.0,449.2398,2025-12-05 22:00:00
335.0,504.7279,2025-12-05 22:00:00
305.75,345.28058,2025-12-05 22:00:00
296.0,325.21844,2025-12-05 23:00:00
350.0,403.91168,2025-12-05 23:00:00
379.0,551.83685,2025-12-05 23:00:00
289.0,446.3541,2025-12-05 23:00:00
290.0,425.1069,2025-12-05 23:00:00
389.0,391.79602,2025-12-06 00:00:00
262.0,381.75223,2025-12-06 00:00:00
293.0,367.9569,2025-12-06 00:00:00
266.75,289.69513,2025-12-06 00:00:00
288.0,479.82446,2025-12-06 00:00:00
295.0,332.1281,2025-12-06 01:00:00
291.0,458.93805,2025-12-06 01:00:00
259.0,365.8668,2025-12-06 01:00:00
209.0,295.6116,2025-12-06 01:00:00
339.0,372.4711,2025-12-06 01:00:00
234.0,340.58173,2025-12-06 02:00:00
206.25,298.34515,2025-12-06 02:00:00
257.0,339.80896,2025-12-06 02:00:00
273.0,303.27322,2025-12-06 02:00:00
285.0,447.27524,2025-12-06 02:00:00
215.0,268.1657,2025-12-06 03:00:00
237.0,308.55127,2025-12-06 03:00:00
232.0,340.1406,2025-12-06 03:00:00
239.0,291.77606,2025-12-06 03:00:00
254.0,419.8422,2025-12-06 03:00:00
238.0,266.42795,2025-12-06 04:00:00
230.0,325.7496,2025-12-06 04:00:00
213.0,232.5237,2025-12-06 04:00:00
196.25,224.75204,2025-12-06 04:00:00
224.0,323.46423,2025-12-06 04:00:00
238.0,292.7035,2025-12-06 05:00:00
212.0,217.48285,2025-12-06 05:00:00
255.0,258.20987,2025-12-06 05:00:00
198.5,199.00162,2025-12-06 05:00:00
252.0,285.51172,2025-12-06 05:00:00
206.0,255.15648,2025-12-06 06:00:00
259.0,299.33884,2025-12-06 06:00:00
246.0,263.3012,2025-12-06 06:00:00
198.75,206.793,2025-12-06 06:00:00
219.0,221.66515,2025-12-06 06:00:00
205.0,295.58075,2025-12-06 07:00:00
262.0,310.4669,2025-12-06 07:00:00
291.0,318.3553,2025-12-06 07:00:00
246.25,241.52429,2025-12-06 07:00:00
233.0,258.97415,2025-12-06 07:00:00
238.25,244.11902,2025-12-06 08:00:00
273.0,291.93375,2025-12-06 08:00:00
246.0,377.28134,2025-12-06 08:00:00
232.0,310.53333,2025-12-06 08:00:00
296.0,310.35004,2025-12-06 08:00:00
241.5,241.88567,2025-12-06 09:00:00
305.0,343.01984,2025-12-06 09:00:00
277.0,319.12982,2025-12-06 09:00:00
261.0,353.69098,2025-12-06 09:00:00
251.0,357.98837,2025-12-06 09:00:00
273.0,340.73904,2025-12-06 10:00:00
299.0,343.0368,2025-12-06 10:00:00
246.0,265.00784,2025-12-06 10:00:00
259.0,298.5657,2025-12-06 10:00:00
306.0,377.51794,2025-12-06 10:00:00
304.0,263.78098,2025-12-06 11:00:00
245.75,238.34383,2025-12-06 11:00:00
259.0,299.7549,2025-12-06 11:00:00
257.0,331.077,2025-12-06 11:00:00
324.0,326.41464,2025-12-06 11:00:00
232.0,335.24445,2025-12-06 12:00:00
251.0,250.31276,2025-12-06 12:00:00
235.25,206.74887,2025-12-06 12:00:00
311.0,285.4883,2025-12-06 12:00:00
306.0,347.6226,2025-12-06 12:00:00
235.0,202.54343,2025-12-06 13:00:00
309.0,261.163,2025-12-06 13:00:00
239.0,230.60197,2025-12-06 13:00:00
213.0,290.49796,2025-12-06 13:00:00
298.0,267.1157,2025-12-06 13:00:00
228.0,217.15977,2025-12-06 14:00:00
243.0,242.05688,2025-12-06 14:00:00
219.75,203.00623,2025-12-06 14:00:00
224.0,248.72939,2025-12-06 14:00:00
263.0,227.40025,2025-12-06 14:00:00
221.0,230.73071,2025-12-06 15:00:00
209.0,213.55905,2025-12-06 15:00:00
238.0,218.37083,2025-12-06 15:00:00
233.0,273.59442,2025-12-06 15:00:00
196.0,244.10063,2025-12-06 15:00:00
182.75,181.79411,2025-12-06 16:00:00
240.0,198.41592,2025-12-06 16:00:00
204.0,214.06412,2025-12-06 16:00:00
230.0,205.57146,2025-12-06 16:00:00
299.0,232.46463,2025-12-06 16:00:00
234.0,237.21942,2025-12-06 17:00:00
276.0,243.14105,2025-12-06 17:00:00
185.75,199.73038,2025-12-06 17:00:00
269.0,292.94678,2025-12-06 17:00:00
227.0,259.47202,2025-12-06 17:00:00
266.0,296.3889,2025-12-06 18:00:00
272.0,309.7035,2025-12-06 18:00:00
246.0,244.98341,2025-12-06 18:00:00
256.0,288.44815,2025-12-06 18:00:00
458.0,345.885,2025-12-06 18:00:00
305.0,378.82962,2025-12-06 19:00:00
332.0,340.0306,2025-12-06 19:00:00
272.0,372.97995,2025-12-06 19:00:00
280.75,293.16162,2025-12-06 19:00:00
326.0,443.7957,2025-12-06 19:00:00
345.0,390.9439,2025-12-06 20:00:00
335.0,354.89374,2025-12-06 20:00:00
431.0,512.90826,2025-12-06 20:00:00
306.5,308.4069,2025-12-06 20:00:00
367.0,447.2709,2025-12-06 20:00:00
427.0,504.41272,2025-12-06 21:00:00
334.0,399.79938,2025-12-06 21:00:00
351.0,488.74966,2025-12-06 21:00:00
315.25,305.84998,2025-12-06 21:00:00
326.0,389.47342,2025-12-06 21:00:00
292.75,306.46753,2025-12-06 22:00:00
340.0,424.22342,2025-12-06 22:00:00
323.0,349.1384,2025-12-06 22:00:00
328.0,416.80057,2025-12-06 22:00:00
410.0,501.7293,2025-12-06 22:00:00
440.0,472.37024,2025-12-06 23:00:00
334.0,366.22528,2025-12-06 23:00:00
329.0,381.10385,2025-12-06 23:00:00
282.0,356.97287,2025-12-06 23:00:00
263.3333333333333,292.2526,2025-12-06 23:00:00
254.25,311.55353,2025-12-07 00:00:00
318.0,334.45575,2025-12-07 00:00:00
310.0,341.17676,2025-12-07 00:00:00
398.0,479.74753,2025-12-07 00:00:00
274.0,408.29135,2025-12-07 00:00:00
261.0,338.16788,2025-12-07 01:00:00
284.0,319.96512,2025-12-07 01:00:00
265.0,305.84738,2025-12-07 01:00:00
417.0,426.90326,2025-12-07 01:00:00
242.25,280.1245,2025-12-07 01:00:00
244.0,283.6228,2025-12-07 02:00:00
266.0,272.8733,2025-12-07 02:00:00
373.0,380.10852,2025-12-07 02:00:00
240.0,281.27658,2025-12-07 02:00:00
233.0,263.52075,2025-12-07 02:00:00
222.0,236.75217,2025-12-07 03:00:00
214.25,234.29037,2025-12-07 03:00:00
295.0,332.58246,2025-12-07 03:00:00
248.0,256.07733,2025-12-07 03:00:00
226.0,263.88422,2025-12-07 03:00:00
182.0,232.30212,2025-12-07 04:00:00
218.0,241.38318,2025-12-07 04:00:00
287.0,282.37607,2025-12-07 04:00:00
206.75,232.22968,2025-12-07 04:00:00
216.0,242.67293,2025-12-07 04:00:00
216.0,226.85008,2025-12-07 05:00:00
208.25,217.66444,2025-12-07 05:00:00
202.0,217.3329,2025-12-07 05:00:00
234.0,279.35272,2025-12-07 05:00:00
215.0,210.4326,2025-12-07 05:00:00
222.75,206.21634,2025-12-07 06:00:00
221.0,211.76607,2025-12-07 06:00:00
282.0,266.92337,2025-12-07 06:00:00
222.0,256.16714,2025-12-07 06:00:00
245.0,219.13445,2025-12-07 06:00:00
236.0,252.13507,2025-12-07 07:00:00
262.0,276.15076,2025-12-07 07:00:00
250.0,224.66275,2025-12-07 07:00:00
232.0,257.94046,2025-12-07 07:00:00
259.0,217.02293,2025-12-07 07:00:00
277.0,277.72525,2025-12-07 08:00:00
525.0,372.50616,2025-12-07 08:00:00
315.0,247.7418,2025-12-07 08:00:00
273.0,250.3267,2025-12-07 08:00:00
302.0,250.90398,2025-12-07 08:00:00
311.0,323.5939,2025-12-07 09:00:00
366.0,296.74762,2025-12-07 09:00:00
333.0,353.54077,2025-12-07 09:00:00
304.75,253.92973,2025-12-07 09:00:00
310.0,293.88986,2025-12-07 09:00:00
361.0,321.94293,2025-12-07 10:00:00
302.25,253.59482,2025-12-07 10:00:00
459.0,384.32867,2025-12-07 10:00:00
389.0,287.32565,2025-12-07 10:00:00
337.0,327.51755,2025-12-07 10:00:00
342.0,302.8669,2025-12-07 11:00:00
653.0,305.321,2025-12-07 11:00:00
315.0,349.59354,2025-12-07 11:00:00
324.0,307.50342,2025-12-07 11:00:00
261.5,258.4759,2025-12-07 11:00:00
313.0,282.3044,2025-12-07 12:00:00
260.0,335.72537,2025-12-07 12:00:00
475.0,296.31808,2025-12-07 12:00:00
234.0,257.42383,2025-12-07 12:00:00
331.0,325.27756,2025-12-07 12:00:00
265.0,259.29672,2025-12-07 13:00:00
259.0,337.34146,2025-12-07 13:00:00
290.0,295.1597,2025-12-07 13:00:00
199.0,230.32352,2025-12-07 13:00:00
361.0,288.14908,2025-12-07 13:00:00
265.0,272.53986,2025-12-07 14:00:00
170.5,245.69052,2025-12-07 14:00:00
199.0,263.1681,2025-12-07 14:00:00
365.0,279.77203,2025-12-07 14:00:00
200.0,301.23203,2025-12-07 14:00:00
206.0,236.80551,2025-12-07 15:00:00
188.0,247.90242,2025-12-07 15:00:00
178.0,285.37296,2025-12-07 15:00:00
217.0,258.4535,2025-12-07 15:00:00
144.5,197.90485,2025-12-07 15:00:00
137.5,190.99768,2025-12-07 16:00:00
217.0,257.94443,2025-12-07 16:00:00
197.0,241.06009,2025-12-07 16:00:00
193.0,258.59708,2025-12-07 16:00:00
151.0,229.58543,2025-12-07 16:00:00
351.0,267.5233,2025-12-07 17:00:00
183.0,247.22223,2025-12-07 17:00:00
138.5,182.33488,2025-12-07 17:00:00
169.0,226.19653,2025-12-07 17:00:00
208.0,268.3371,2025-12-07 17:00:00
227.0,293.19208,2025-12-07 18:00:00
197.0,430.12726,2025-12-07 18:00:00
172.0,254.43808,2025-12-07 18:00:00
248.0,249.25584,2025-12-07 18:00:00
205.0,280.35135,2025-12-07 18:00:00
296.0,401.5022,2025-12-07 19:00:00
249.0,335.7429,2025-12-07 19:00:00
295.0,327.21597,2025-12-07 19:00:00
346.0,436.32513,2025-12-07 19:00:00
221.75,283.5493,2025-12-07 19:00:00
276.5,317.4007,2025-12-07 20:00:00
340.0,415.92334,2025-12-07 20:00:00
234.0,343.15344,2025-12-07 20:00:00
322.0,350.6597,2025-12-07 20:00:00
332.0,501.5329,2025-12-07 20:00:00
273.0,347.92798,2025-12-07 21:00:00
384.0,540.708,2025-12-07 21:00:00
411.0,350.30692,2025-12-07 21:00:00
326.0,426.29184,2025-12-07 21:00:00
283.0,310.55444,2025-12-07 21:00:00
260.0,359.35367,2025-12-07 22:00:00
477.0,546.68896,2025-12-07 22:00:00
322.0,427.9966,2025-12-07 22:00:00
269.5,288.86517,2025-12-07 22:00:00
359.0,372.6033,2025-12-07 22:00:00
312.0,393.07318,2025-12-07 23:00:00
261.0,298.5908,2025-12-07 23:00:00
339.0,336.49997,2025-12-07 23:00:00
265.3333333333333,282.44604,2025-12-07 23:00:00
396.0,507.98813,2025-12-07 23:00:00
243.25,250.92665,2025-12-08 00:00:00
298.0,327.84418,2025-12-08 00:00:00
259.0,302.67804,2025-12-08 00:00:00
328.0,438.80566,2025-12-08 00:00:00
321.0,298.68945,2025-12-08 00:00:00
255.0,306.7633,2025-12-08 01:00:00
224.5,233.04556,2025-12-08 01:00:00
245.0,282.3968,2025-12-08 01:00:00
299.0,424.16666,2025-12-08 01:00:00
300.0,270.4033,2025-12-08 01:00:00
251.0,374.46115,2025-12-08 02:00:00
224.0,257.2659,2025-12-08 02:00:00
208.25,233.24345,2025-12-08 02:00:00
230.0,260.81433,2025-12-08 02:00:00
266.0,273.47675,2025-12-08 02:00:00
210.0,248.9721,2025-12-08 03:00:00
204.0,254.93945,2025-12-08 03:00:00
197.5,224.45613,2025-12-08 03:00:00
245.0,263.3508,2025-12-08 03:00:00
233.0,338.89554,2025-12-08 03:00:00
246.0,330.38834,2025-12-08 04:00:00
222.0,250.55843,2025-12-08 04:00:00
155.0,228.40332,2025-12-08 04:00:00
187.0,231.25359,2025-12-08 04:00:00
197.0,253.99254,2025-12-08 04:00:00
238.0,227.07124,2025-12-08 05:00:00
255.0,263.60538,2025-12-08 05:00:00
182.25,220.26291,2025-12-08 05:00:00
191.0,254.19646,2025-12-08 05:00:00
183.0,179.32431,2025-12-08 05:00:00
197.0,195.1822,2025-12-08 06:00:00
189.0,255.55301,2025-12-08 06:00:00
260.0,293.15567,2025-12-08 06:00:00
223.0,223.64748,2025-12-08 06:00:00
177.25,219.16982,2025-12-08 06:00:00
229.0,219.85904,2025-12-08 07:00:00
210.0,230.71182,2025-12-08 07:00:00
255.0,291.58572,2025-12-08 07:00:00
200.0,261.3776,2025-12-08 07:00:00
177.25,224.33589,2025-12-08 07:00:00
209.25,257.90707,2025-12-08 08:00:00
240.0,291.67477,2025-12-08 08:00:00
351.0,432.02737,2025-12-08 08:00:00
255.0,273.76495,2025-12-08 08:00:00
272.0,275.35364,2025-12-08 08:00:00
263.0,320.64877,2025-12-08 09:00:00
332.0,404.32184,2025-12-08 09:00:00
265.0,291.2564,2025-12-08 09:00:00
289.0,320.24158,2025-12-08 09:00:00
253.5,272.82812,2025-12-08 09:00:00
256.0,320.13477,2025-12-08 10:00:00
239.5,250.90479,2025-12-08 10:00:00
241.0,307.81543,2025-12-08 10:00:00
302.0,296.4049,2025-12-08 10:00:00
287.0,414.76065,2025-12-08 10:00:00
252.0,290.7514,2025-12-08 11:00:00
246.0,349.92636,2025-12-08 11:00:00
311.0,270.42337,2025-12-08 11:00:00
221.25,243.25272,2025-12-08 11:00:00
293.0,356.7238,2025-12-08 11:00:00
276.0,276.55502,2025-12-08 12:00:00
227.0,274.4169,2025-12-08 12:00:00
141.0,245.79596,2025-12-08 12:00:00
241.0,359.8143,2025-12-08 12:00:00
227.0,272.46127,2025-12-08 12:00:00
205.0,254.06805,2025-12-08 13:00:00
298.0,245.72694,2025-12-08 13:00:00
245.0,235.28737,2025-12-08 13:00:00
141.0,215.64334,2025-12-08 13:00:00
233.0,326.20444,2025-12-08 13:00:00
167.0,222.77419,2025-12-08 14:00:00
229.0,248.59943,2025-12-08 14:00:00
207.0,251.81174,2025-12-08 14:00:00
60.0,175.207,2025-12-08 14:00:00
211.0,204.89803,2025-12-08 14:00:00
186.0,192.86375,2025-12-08 15:00:00
180.0,232.13017,2025-12-08 15:00:00
146.75,160.65485,2025-12-08 15:00:00
199.0,193.91618,2025-12-08 15:00:00
155.0,182.8262,2025-12-08 15:00:00
141.0,167.42256,2025-12-08 16:00:00
142.25,161.1046,2025-12-08 16:00:00
161.0,202.43239,2025-12-08 16:00:00
182.0,215.50096,2025-12-08 16:00:00
161.0,231.30043,2025-12-08 16:00:00
171.0,316.03186,2025-12-08 17:00:00
188.0,242.50978,2025-12-08 17:00:00
157.75,149.26932,2025-12-08 17:00:00
186.0,247.77435,2025-12-08 17:00:00
162.0,185.74911,2025-12-08 17:00:00
195.0,248.22577,2025-12-08 18:00:00
194.0,241.50958,2025-12-08 18:00:00
364.0,289.20908,2025-12-08 18:00:00
199.0,304.2858,2025-12-08 18:00:00
196.0,201.0598,2025-12-08 18:00:00
237.0,305.6426,2025-12-08 19:00:00
288.0,336.39587,2025-12-08 19:00:00
242.5,259.70914,2025-12-08 19:00:00
306.0,399.6079,2025-12-08 19:00:00
335.0,409.3178,2025-12-08 19:00:00
304.0,339.88547,2025-12-08 20:00:00
309.0,408.74866,2025-12-08 20:00:00
426.0,445.52414,2025-12-08 20:00:00
255.0,338.7621,2025-12-08 20:00:00
317.0,272.54037,2025-12-08 20:00:00
346.0,347.37796,2025-12-08 21:00:00
516.0,516.35706,2025-12-08 21:00:00
293.0,378.78647,2025-12-08 21:00:00
334.75,292.96704,2025-12-08 21:00:00
283.0,325.16452,2025-12-08 21:00:00
249.0,323.9436,2025-12-08 22:00:00
345.0,290.00568,2025-12-08 22:00:00
357.0,322.25195,2025-12-08 22:00:00
299.0,399.56998,2025-12-08 22:00:00
553.0,510.77765,2025-12-08 22:00:00
288.0,351.02286,2025-12-08 23:00:00
356.0,317.46362,2025-12-08 23:00:00
575.0,476.52087,2025-12-08 23:00:00
237.0,333.16922,2025-12-08 23:00:00
337.0,283.4927,2025-12-08 23:00:00
301.0,306.68176,2025-12-09 00:00:00
315.75,261.63,2025-12-09 00:00:00
216.0,294.87772,2025-12-09 00:00:00
263.0,294.6986,2025-12-09 00:00:00
417.0,456.49057,2025-12-09 00:00:00
218.0,270.06485,2025-12-09 01:00:00
309.0,418.94196,2025-12-09 01:00:00
263.0,280.90408,2025-12-09 01:00:00
274.0,259.9096,2025-12-09 01:00:00
239.0,283.92792,2025-12-09 01:00:00
226.0,273.23392,2025-12-09 02:00:00
227.25,247.56566,2025-12-09 02:00:00
212.0,360.21124,2025-12-09 02:00:00
206.0,253.98892,2025-12-09 02:00:00
202.0,259.77557,2025-12-09 02:00:00
191.0,262.82556,2025-12-09 03:00:00
188.5,228.35262,2025-12-09 03:00:00
188.0,309.8228,2025-12-09 03:00:00
206.0,262.74466,2025-12-09 03:00:00
191.0,240.56454,2025-12-09 03:00:00
179.0,241.27092,2025-12-09 04:00:00
182.25,196.40398,2025-12-09 04:00:00
196.0,279.63116,2025-12-09 04:00:00
169.0,205.74454,2025-12-09 04:00:00
194.0,240.2855,2025-12-09 04:00:00
193.0,267.94492,2025-12-09 05:00:00
187.25,190.61473,2025-12-09 05:00:00
206.0,225.6081,2025-12-09 05:00:00
172.0,188.77263,2025-12-09 05:00:00
173.0,220.5482,2025-12-09 05:00:00
191.0,286.273,2025-12-09 06:00:00
174.0,199.52904,2025-12-09 06:00:00
219.0,206.72136,2025-12-09 06:00:00
167.0,213.69661,2025-12-09 06:00:00
209.5,204.28172,2025-12-09 06:00:00
239.0,285.8706,2025-12-09 07:00:00
222.0,208.10548,2025-12-09 07:00:00
175.0,188.19781,2025-12-09 07:00:00
199.75,204.59613,2025-12-09 07:00:00
163.0,215.23004,2025-12-09 07:00:00
225.0,225.52559,2025-12-09 08:00:00
200.0,277.0362,2025-12-09 08:00:00
232.0,290.33597,2025-12-09 08:00:00
191.0,279.14594,2025-12-09 08:00:00
276.0,383.67548,2025-12-09 08:00:00
227.0,295.73956,2025-12-09 09:00:00
248.0,277.91855,2025-12-09 09:00:00
237.0,296.4601,2025-12-09 09:00:00
265.5,252.33745,2025-12-09 09:00:00
310.0,373.90616,2025-12-09 09:00:00
262.0,286.2484,2025-12-09 10:00:00
255.0,350.66223,2025-12-09 10:00:00
207.0,275.5622,2025-12-09 10:00:00
215.0,294.89026,2025-12-09 10:00:00
269.0,233.95303,2025-12-09 10:00:00
249.0,276.34055,2025-12-09 11:00:00
238.0,328.79303,2025-12-09 11:00:00
235.5,228.97029,2025-12-09 11:00:00
221.0,274.90363,2025-12-09 11:00:00
269.0,262.44736,2025-12-09 11:00:00
202.25,209.85449,2025-12-09 12:00:00
226.0,271.76642,2025-12-09 12:00:00
260.0,247.6711,2025-12-09 12:00:00
173.0,238.86292,2025-12-09 12:00:00
193.0,282.24478,2025-12-09 12:00:00
183.0,232.17862,2025-12-09 13:00:00
218.0,209.30334,2025-12-09 13:00:00
202.0,235.74493,2025-12-09 13:00:00
183.0,274.8522,2025-12-09 13:00:00
161.0,159.84848,2025-12-09 13:00:00
147.0,279.38174,2025-12-09 14:00:00
137.75,101.54304,2025-12-09 14:00:00
158.0,196.84882,2025-12-09 14:00:00
177.0,216.98674,2025-12-09 14:00:00
155.0,207.48958,2025-12-09 14:00:00
138.25,111.62218,2025-12-09 15:00:00
169.0,192.10504,2025-12-09 15:00:00
130.0,256.1492,2025-12-09 15:00:00
156.0,174.38808,2025-12-09 15:00:00
150.0,185.77473,2025-12-09 15:00:00
172.0,192.59335,2025-12-09 16:00:00
142.25,108.25893,2025-12-09 16:00:00
153.0,161.18488,2025-12-09 16:00:00
177.0,173.16364,2025-12-09 16:00:00
206.0,262.41586,2025-12-09 16:00:00
154.0,126.79697,2025-12-09 17:00:00
172.0,211.59363,2025-12-09 17:00:00
155.0,261.91495,2025-12-09 17:00:00
161.0,173.81847,2025-12-09 17:00:00
184.0,205.61151,2025-12-09 17:00:00
202.0,205.1826,2025-12-09 18:00:00
222.5,183.5166,2025-12-09 18:00:00
173.0,289.21866,2025-12-09 18:00:00
204.0,248.15097,2025-12-09 18:00:00
268.0,393.8401,2025-12-09 18:00:00
327.0,381.35895,2025-12-09 19:00:00
376.0,380.36813,2025-12-09 19:00:00
255.0,260.77817,2025-12-09 19:00:00
403.0,373.92822,2025-12-09 19:00:00
271.75,220.24203,2025-12-09 19:00:00
280.0,350.2314,2025-12-09 20:00:00
585.0,333.86008,2025-12-09 20:00:00
332.5,294.15442,2025-12-09 20:00:00
379.0,400.45914,2025-12-09 20:00:00
353.0,422.74338,2025-12-09 20:00:00
370.0,468.0632,2025-12-09 21:00:00
368.0,359.9552,2025-12-09 21:00:00
753.0,308.1485,2025-12-09 21:00:00
348.0,337.04294,2025-12-09 21:00:00
409.25,273.68726,2025-12-09 21:00:00
489.0,352.51172,2025-12-09 22:00:00
749.0,343.8477,2025-12-09 22:00:00
413.0,264.12653,2025-12-09 22:00:00
454.0,333.8738,2025-12-09 22:00:00
456.0,466.42877,2025-12-09 22:00:00
375.6666666666667,273.26712,2025-12-09 23:00:00
482.0,333.8642,2025-12-09 23:00:00
659.0,512.24554,2025-12-09 23:00:00
403.0,358.1018,2025-12-09 23:00:00
555.0,324.57593,2025-12-09 23:00:00
481.0,347.22894,2025-12-10 00:00:00
381.0,285.56525,2025-12-10 00:00:00
366.0,265.15268,2025-12-10 00:00:00
333.0,343.493,2025-12-10 00:00:00
510.0,418.2855,2025-12-10 00:00:00
329.0,256.3065,2025-12-10 01:00:00
514.0,291.58386,2025-12-10 01:00:00
372.0,223.35437,2025-12-10 01:00:00
394.75,206.67361,2025-12-10 01:00:00
503.0,402.4545,2025-12-10 01:00:00
404.0,257.30832,2025-12-10 02:00:00
511.0,351.1104,2025-12-10 02:00:00
389.0,215.8312,2025-12-10 02:00:00
296.0,248.26819,2025-12-10 02:00:00
287.0,255.09673,2025-12-10 02:00:00
250.0,244.62022,2025-12-10 03:00:00
272.0,221.2923,2025-12-10 03:00:00
462.0,276.42105,2025-12-10 03:00:00
279.0,254.8686,2025-12-10 03:00:00
317.5,190.82982,2025-12-10 03:00:00
415.0,228.35403,2025-12-10 04:00:00
202.0,187.15208,2025-12-10 04:00:00
250.0,235.20296,2025-12-10 04:00:00
262.0,226.79413,2025-12-10 04:00:00
232.75,198.99554,2025-12-10 04:00:00
317.0,249.97685,2025-12-10 05:00:00
199.0,192.36115,2025-12-10 05:00:00
241.0,226.46228,2025-12-10 05:00:00
241.0,215.75523,2025-12-10 05:00:00
205.25,198.94951,2025-12-10 05:00:00
241.0,229.5925,2025-12-10 06:00:00
216.0,193.03128,2025-12-10 06:00:00
262.0,253.58305,2025-12-10 06:00:00
212.25,202.84186,2025-12-10 06:00:00
218.0,245.00978,2025-12-10 06:00:00
240.0,284.35867,2025-12-10 07:00:00
273.0,201.72621,2025-12-10 07:00:00
241.0,241.76125,2025-12-10 07:00:00
220.5,216.10226,2025-12-10 07:00:00
227.0,243.13423,2025-12-10 07:00:00
242.5,238.0307,2025-12-10 08:00:00
259.0,290.57248,2025-12-10 08:00:00
306.0,278.2563,2025-12-10 08:00:00
316.0,252.68579,2025-12-10 08:00:00
293.0,339.89566,2025-12-10 08:00:00
296.0,281.86288,2025-12-10 09:00:00
284.0,283.58786,2025-12-10 09:00:00
271.0,317.1512,2025-12-10 09:00:00
437.0,379.649,2025-12-10 09:00:00
284.25,268.19913,2025-12-10 09:00:00
322.5,264.75745,2025-12-10 10:00:00
287.0,291.16788,2025-12-10 10:00:00
323.0,286.08228,2025-12-10 10:00:00
309.0,256.9944,2025-12-10 10:00:00
324.0,353.24698,2025-12-10 10:00:00
299.0,275.95935,2025-12-10 11:00:00
323.0,312.13385,2025-12-10 11:00:00
322.0,280.21454,2025-12-10 11:00:00
300.0,284.71094,2025-12-10 11:00:00
284.0,244.9605,2025-12-10 11:00:00
265.0,252.28502,2025-12-10 12:00:00
249.0,262.37576,2025-12-10 12:00:00
298.0,252.14551,2025-12-10 12:00:00
216.5,215.32729,2025-12-10 12:00:00
315.0,218.41971,2025-12-10 12:00:00
263.0,208.96114,2025-12-10 13:00:00
206.0,228.98158,2025-12-10 13:00:00
241.0,234.58096,2025-12-10 13:00:00
289.0,216.88301,2025-12-10 13:00:00
215.75,171.44579,2025-12-10 13:00:00
182.0,251.21584,2025-12-10 14:00:00
265.0,226.38268,2025-12-10 14:00:00
186.0,194.33022,2025-12-10 14:00:00
216.75,161.08688,2025-12-10 14:00:00
237.0,189.00336,2025-12-10 14:00:00
285.0,233.51291,2025-12-10 15:00:00
147.0,210.0347,2025-12-10 15:00:00
199.0,184.19333,2025-12-10 15:00:00
211.0,171.72444,2025-12-10 15:00:00
206.5,147.19623,2025-12-10 15:00:00
207.0,252.7836,2025-12-10 16:00:00
164.75,141.1582,2025-12-10 16:00:00
174.0,154.14993,2025-12-10 16:00:00
169.0,201.6514,2025-12-10 16:00:00
175.0,178.11916,2025-12-10 16:00:00
280.0,205.1547,2025-12-10 17:00:00
205.0,209.60306,2025-12-10 17:00:00
174.0,159.442,2025-12-10 17:00:00
190.5,165.30426,2025-12-10 17:00:00
194.0,222.69098,2025-12-10 17:00:00
675.0,234.18687,2025-12-10 18:00:00
433.0,366.35413,2025-12-10 18:00:00
261.0,203.8398,2025-12-10 18:00:00
295.5,213.51974,2025-12-10 18:00:00
244.0,238.08876,2025-12-10 18:00:00
322.0,387.9851,2025-12-10 19:00:00
385.0,363.18774,2025-12-10 19:00:00
375.75,268.23666,2025-12-10 19:00:00
278.0,282.33157,2025-12-10 19:00:00
428.0,367.83182,2025-12-10 19:00:00
425.0,408.0436,2025-12-10 20:00:00
389.0,291.4992,2025-12-10 20:00:00
374.0,296.17126,2025-12-10 20:00:00
438.0,427.82236,2025-12-10 20:00:00
395.0,406.49405,2025-12-10 20:00:00
784.0,493.1632,2025-12-10 21:00:00
466.0,474.83133,2025-12-10 21:00:00
617.0,466.69098,2025-12-10 21:00:00
366.0,351.74548,2025-12-10 21:00:00
437.0,341.07358,2025-12-10 21:00:00
455.0,475.79376,2025-12-10 22:00:00
633.0,509.36658,2025-12-10 22:00:00
564.0,378.90158,2025-12-10 22:00:00
346.75,268.32297,2025-12-10 22:00:00
498.0,463.68448,2025-12-10 22:00:00
436.0,458.7571,2025-12-10 23:00:00
351.3333333333333,330.99283,2025-12-10 23:00:00
470.0,372.7436,2025-12-10 23:00:00
743.0,559.1147,2025-12-10 23:00:00
589.0,447.4267,2025-12-10 23:00:00
374.75,291.26117,2025-12-11 00:00:00
781.0,462.48703,2025-12-11 00:00:00
348.0,395.8659,2025-12-11 00:00:00
460.0,365.29315,2025-12-11 00:00:00
578.0,429.94174,2025-12-11 00:00:00
575.0,421.90878,2025-12-11 01:00:00
397.75,288.988,2025-12-11 01:00:00
898.0,459.44205,2025-12-11 01:00:00
316.0,341.76062,2025-12-11 01:00:00
439.0,333.46695,2025-12-11 01:00:00
552.0,395.71057,2025-12-11 02:00:00
961.0,383.77682,2025-12-11 02:00:00
323.0,291.8661,2025-12-11 02:00:00
396.25,242.48294,2025-12-11 02:00:00
266.0,299.6002,2025-12-11 02:00:00
327.0,305.86566,2025-12-11 03:00:00
282.0,283.4814,2025-12-11 03:00:00
428.5,254.03732,2025-12-11 03:00:00
874.0,423.52682,2025-12-11 03:00:00
600.0,362.94418,2025-12-11 03:00:00
241.0,273.23914,2025-12-11 04:00:00
762.0,413.56058,2025-12-11 04:00:00
589.0,298.9317,2025-12-11 04:00:00
262.0,261.92703,2025-12-11 04:00:00
456.5,232.8949,2025-12-11 04:00:00
278.0,259.42798,2025-12-11 05:00:00
657.0,373.7721,2025-12-11 05:00:00
461.0,234.53181,2025-12-11 05:00:00
224.0,227.26865,2025-12-11 05:00:00
481.0,241.43683,2025-12-11 05:00:00
243.0,209.48604,2025-12-11 06:00:00
382.25,241.66083,2025-12-11 06:00:00
273.0,253.57903,2025-12-11 06:00:00
533.0,359.06192,2025-12-11 06:00:00
405.0,245.59444,2025-12-11 06:00:00
480.0,352.67987,2025-12-11 07:00:00
320.0,240.37329,2025-12-11 07:00:00
290.0,274.85956,2025-12-11 07:00:00
246.0,240.73628,2025-12-11 07:00:00
412.0,241.00655,2025-12-11 07:00:00
306.0,270.94836,2025-12-11 08:00:00
484.0,330.00168,2025-12-11 08:00:00
404.0,336.56174,2025-12-11 08:00:00
328.75,231.99199,2025-12-11 08:00:00
394.0,312.41235,2025-12-11 08:00:00
412.0,352.741,2025-12-11 09:00:00
388.0,344.34906,2025-12-11 09:00:00
312.0,348.73697,2025-12-11 09:00:00
405.0,429.03348,2025-12-11 09:00:00
352.75,283.4529,2025-12-11 09:00:00
504.0,406.37485,2025-12-11 10:00:00
372.0,339.21432,2025-12-11 10:00:00
265.0,371.1467,2025-12-11 10:00:00
345.25,307.52075,2025-12-11 10:00:00
365.0,358.34723,2025-12-11 10:00:00
418.0,303.87845,2025-12-11 11:00:00
277.0,295.0655,2025-12-11 11:00:00
398.0,331.33133,2025-12-11 11:00:00
332.0,247.43288,2025-12-11 11:00:00
367.0,343.90295,2025-12-11 11:00:00
514.0,260.8493,2025-12-11 12:00:00
97.0,199.48442,2025-12-11 12:00:00
277.0,266.56982,2025-12-11 12:00:00
367.0,279.09122,2025-12-11 12:00:00
343.0,280.46042,2025-12-11 12:00:00
265.0,247.26451,2025-12-11 13:00:00
334.0,235.85126,2025-12-11 13:00:00
247.5,218.16951,2025-12-11 13:00:00
280.0,252.12106,2025-12-11 13:00:00
379.0,244.1799,2025-12-11 13:00:00
274.0,198.0175,2025-12-11 14:00:00
224.0,201.59837,2025-12-11 14:00:00
288.0,227.52695,2025-12-11 14:00:00
197.0,216.05005,2025-12-11 14:00:00
267.0,196.97292,2025-12-11 14:00:00
308.75,176.24577,2025-12-11 15:00:00
244.0,189.18298,2025-12-11 15:00:00
197.0,198.68864,2025-12-11 15:00:00
251.0,243.35692,2025-12-11 15:00:00
205.0,182.88449,2025-12-11 15:00:00
252.0,175.9584,2025-12-11 16:00:00
252.0,173.71149,2025-12-11 16:00:00
305.5,136.18149,2025-12-11 16:00:00
300.0,213.26855,2025-12-11 16:00:00
237.0,207.51967,2025-12-11 16:00:00
300.0,241.90517,2025-12-11 17:00:00
274.0,173.57947,2025-12-11 17:00:00
340.0,181.08429,2025-12-11 17:00:00
455.0,293.0682,2025-12-11 17:00:00
316.0,247.9854,2025-12-11 17:00:00
373.0,239.48416,2025-12-11 18:00:00
403.0,272.6916,2025-12-11 18:00:00
459.0,264.80896,2025-12-11 18:00:00
519.0,363.90643,2025-12-11 18:00:00
471.0,376.15372,2025-12-11 18:00:00
534.0,369.0734,2025-12-11 19:00:00
478.0,384.05734,2025-12-11 19:00:00
385.0,295.27393,2025-12-11 19:00:00
531.0,324.91043,2025-12-11 19:00:00
451.0,411.22086,2025-12-11 19:00:00
470.0,466.38657,2025-12-11 20:00:00
451.0,336.27344,2025-12-11 20:00:00
557.5,314.5657,2025-12-11 20:00:00
677.0,407.72992,2025-12-11 20:00:00
444.0,399.06976,2025-12-11 20:00:00
701.0,551.3632,2025-12-11 21:00:00
467.0,491.5569,2025-12-11 21:00:00
536.0,385.45145,2025-12-11 21:00:00
464.0,383.85434,2025-12-11 21:00:00
635.75,345.94073,2025-12-11 21:00:00
522.0,453.2297,2025-12-11 22:00:00
715.0,457.13388,2025-12-11 22:00:00
996.0,630.6122,2025-12-11 22:00:00
628.0,470.59314,2025-12-11 22:00:00
606.25,344.49585,2025-12-11 22:00:00
725.0,576.0921,2025-12-11 23:00:00
669.0,415.01224,2025-12-11 23:00:00
558.0,473.9017,2025-12-11 23:00:00
627.6666666666666,273.30255,2025-12-11 23:00:00
720.0,486.78473,2025-12-11 23:00:00
781.0,527.8384,2025-12-12 00:00:00
494.0,432.01065,2025-12-12 00:00:00
608.25,342.71158,2025-12-12 00:00:00
570.0,378.15585,2025-12-12 00:00:00
611.0,615.6353,2025-12-12 00:00:00
503.0,389.33826,2025-12-12 01:00:00
754.0,478.61703,2025-12-12 01:00:00
453.0,354.70532,2025-12-12 01:00:00
608.5,384.8193,2025-12-12 01:00:00
604.0,586.05505,2025-12-12 01:00:00
647.0,472.17957,2025-12-12 02:00:00
688.0,596.59106,2025-12-12 02:00:00
636.5,334.56784,2025-12-12 02:00:00
425.0,289.2627,2025-12-12 02:00:00
556.0,333.9566,2025-12-12 02:00:00
643.0,318.7782,2025-12-12 03:00:00
619.0,404.49094,2025-12-12 03:00:00
719.0,592.4063,2025-12-12 03:00:00
574.0,322.56476,2025-12-12 03:00:00
395.0,321.2246,2025-12-12 03:00:00
623.0,329.7048,2025-12-12 04:00:00
322.0,273.16394,2025-12-12 04:00:00
713.0,597.64905,2025-12-12 04:00:00
583.0,398.90784,2025-12-12 04:00:00
537.0,287.31363,2025-12-12 04:00:00
690.0,614.2359,2025-12-12 05:00:00
562.0,358.06268,2025-12-12 05:00:00
575.0,386.13727,2025-12-12 05:00:00
338.0,254.25789,2025-12-12 05:00:00
504.0,267.734,2025-12-12 05:00:00
665.0,556.29034,2025-12-12 06:00:00
552.0,387.54956,2025-12-12 06:00:00
383.0,281.09225,2025-12-12 06:00:00
559.75,310.15985,2025-12-12 06:00:00
508.0,276.89493,2025-12-12 06:00:00
554.0,286.1389,2025-12-12 07:00:00
692.0,506.6346,2025-12-12 07:00:00
494.0,290.12933,2025-12-12 07:00:00
642.5,279.14474,2025-12-12 07:00:00
400.0,295.0194,2025-12-12 07:00:00
615.0,368.4954,2025-12-12 08:00:00
738.5,298.09738,2025-12-12 08:00:00
587.0,349.63925,2025-12-12 08:00:00
459.0,332.3037,2025-12-12 08:00:00
752.0,497.28696,2025-12-12 08:00:00
498.0,385.54233,2025-12-12 09:00:00
704.0,362.57605,2025-12-12 09:00:00
668.0,383.95667,2025-12-12 09:00:00
770.0,300.50522,2025-12-12 09:00:00
812.0,518.4431,2025-12-12 09:00:00
722.5,294.55127,2025-12-12 10:00:00
571.0,380.17023,2025-12-12 10:00:00
735.0,345.8988,2025-12-12 10:00:00
621.0,351.7522,2025-12-12 10:00:00
930.0,454.26846,2025-12-12 10:00:00
516.0,363.78107,2025-12-12 11:00:00
608.0,363.83084,2025-12-12 11:00:00
609.0,252.54205,2025-12-12 11:00:00
650.0,409.5528,2025-12-12 11:00:00
631.0,332.3307,2025-12-12 11:00:00
515.0,385.9148,2025-12-12 12:00:00
564.0,269.5015,2025-12-12 12:00:00
611.5,188.17001,2025-12-12 12:00:00
454.0,313.42584,2025-12-12 12:00:00
559.0,343.41476,2025-12-12 12:00:00
431.0,306.65878,2025-12-12 13:00:00
596.0,259.54645,2025-12-12 13:00:00
531.75,208.13641,2025-12-12 13:00:00
523.0,296.1425,2025-12-12 13:00:00
555.0,270.5989,2025-12-12 13:00:00
454.0,233.43561,2025-12-12 14:00:00
383.5,197.0212,2025-12-12 14:00:00
343.0,246.07748,2025-12-12 14:00:00
578.0,329.5645,2025-12-12 14:00:00
429.0,238.54355,2025-12-12 14:00:00
591.0,303.4577,2025-12-12 15:00:00
481.0,204.36165,2025-12-12 15:00:00
345.0,205.26273,2025-12-12 15:00:00
379.0,210.73346,2025-12-12 15:00:00
310.5,209.14021,2025-12-12 15:00:00
494.0,216.63118,2025-12-12 16:00:00
420.0,222.85057,2025-12-12 16:00:00
563.0,309.05637,2025-12-12 16:00:00
389.0,181.89215,2025-12-12 16:00:00
444.25,176.93224,2025-12-12 16:00:00
423.0,241.88115,2025-12-12 17:00:00
531.0,300.128,2025-12-12 17:00:00
605.0,210.51706,2025-12-12 17:00:00
572.5,226.8873,2025-12-12 17:00:00
523.0,364.21643,2025-12-12 17:00:00
523.0,300.06296,2025-12-12 18:00:00
602.0,359.1927,2025-12-12 18:00:00
578.25,358.50327,2025-12-12 18:00:00
533.0,422.31476,2025-12-12 18:00:00
526.0,437.58017,2025-12-12 18:00:00
611.0,392.50266,2025-12-12 19:00:00
552.0,471.42914,2025-12-12 19:00:00
566.0,496.72775,2025-12-12 19:00:00
564.0,482.04697,2025-12-12 19:00:00
563.0,354.74524,2025-12-12 19:00:00
643.0,596.1048,2025-12-12 20:00:00
763.0,561.8592,2025-12-12 20:00:00
543.0,535.64984,2025-12-12 20:00:00
605.0,427.91302,2025-12-12 20:00:00
603.25,489.6502,2025-12-12 20:00:00
610.25,370.5154,2025-12-12 21:00:00
564.0,491.28412,2025-12-12 21:00:00
727.0,630.54816,2025-12-12 21:00:00
784.0,597.8442,2025-12-12 21:00:00
594.0,444.15887,2025-12-12 21:00:00
627.0,389.1511,2025-12-12 22:00:00
784.0,668.0864,2025-12-12 22:00:00
586.0,477.05554,2025-12-12 22:00:00
810.0,459.76926,2025-12-12 22:00:00
538.0,440.59308,2025-12-12 22:00:00
744.0,395.2513,2025-12-12 23:00:00
608.0,434.45096,2025-12-12 23:00:00
638.3333333333334,360.36435,2025-12-12 23:00:00
522.0,413.47437,2025-12-12 23:00:00
802.0,662.1209,2025-12-12 23:00:00
786.0,681.6814,2025-12-13 00:00:00
680.0,382.8398,2025-12-13 00:00:00
715.0,410.37033,2025-12-13 00:00:00
498.0,376.37906,2025-12-13 00:00:00
572.0,457.92447,2025-12-13 00:00:00
578.0,415.41513,2025-12-13 01:00:00
626.0,411.6784,2025-12-13 01:00:00
480.0,338.97324,2025-12-13 01:00:00
765.0,523.69073,2025-12-13 01:00:00
722.5,358.92987,2025-12-13 01:00:00
526.0,293.9367,2025-12-13 02:00:00
860.0,523.5186,2025-12-13 02:00:00
484.0,265.29358,2025-12-13 02:00:00
684.75,394.3834,2025-12-13 02:00:00
520.0,414.1674,2025-12-13 02:00:00
638.5,392.57672,2025-12-13 03:00:00
467.0,240.86,2025-12-13 03:00:00
522.0,438.9003,2025-12-13 03:00:00
847.0,521.851,2025-12-13 03:00:00
453.0,313.09604,2025-12-13 03:00:00
393.0,265.2453,2025-12-13 04:00:00
868.0,590.1431,2025-12-13 04:00:00
433.0,415.1577,2025-12-13 04:00:00
608.0,420.31854,2025-12-13 04:00:00
494.0,432.08987,2025-12-13 04:00:00
573.5,407.30164,2025-12-13 05:00:00
429.0,400.60086,2025-12-13 05:00:00
801.0,566.7418,2025-12-13 05:00:00
373.0,299.6495,2025-12-13 05:00:00
456.0,406.25992,2025-12-13 05:00:00
564.0,364.53558,2025-12-13 06:00:00
443.0,379.10397,2025-12-13 06:00:00
379.0,273.4965,2025-12-13 06:00:00
403.0,399.65625,2025-12-13 06:00:00
703.0,560.95996,2025-12-13 06:00:00
423.0,401.0548,2025-12-13 07:00:00
399.0,401.30774,2025-12-13 07:00:00
425.0,264.6664,2025-12-13 07:00:00
573.0,358.4019,2025-12-13 07:00:00
787.0,570.0307,2025-12-13 07:00:00
480.0,360.58887,2025-12-13 08:00:00
401.0,413.33057,2025-12-13 08:00:00
806.0,577.2424,2025-12-13 08:00:00
535.75,421.6904,2025-12-13 08:00:00
384.0,372.95563,2025-12-13 08:00:00
406.0,351.58047,2025-12-13 09:00:00
887.0,564.4754,2025-12-13 09:00:00
574.25,396.52615,2025-12-13 09:00:00
520.0,419.4006,2025-12-13 09:00:00
445.0,438.73965,2025-12-13 09:00:00
454.0,370.83585,2025-12-13 10:00:00
542.0,373.43732,2025-12-13 10:00:00
605.0,355.55008,2025-12-13 10:00:00
438.0,370.99002,2025-12-13 10:00:00
838.0,589.18524,2025-12-13 10:00:00
465.0,307.59888,2025-12-13 11:00:00
445.0,439.81,2025-12-13 11:00:00
467.0,486.24417,2025-12-13 11:00:00
503.0,382.12027,2025-12-13 11:00:00
533.0,390.26697,2025-12-13 11:00:00
442.0,288.27087,2025-12-13 12:00:00
604.0,470.19037,2025-12-13 12:00:00
603.0,404.79886,2025-12-13 12:00:00
449.75,324.00253,2025-12-13 12:00:00
527.0,438.8694,2025-12-13 12:00:00
469.0,335.27982,2025-12-13 13:00:00
545.0,421.8173,2025-12-13 13:00:00
511.0,393.80786,2025-12-13 13:00:00
685.0,473.89722,2025-12-13 13:00:00
496.5,343.32047,2025-12-13 13:00:00
514.0,392.69476,2025-12-13 14:00:00
547.75,278.66623,2025-12-13 14:00:00
593.0,308.24658,2025-12-13 14:00:00
461.0,303.13324,2025-12-13 14:00:00
599.0,456.07718,2025-12-13 14:00:00
526.0,442.97235,2025-12-13 15:00:00
467.0,293.4321,2025-12-13 15:00:00
487.0,273.0632,2025-12-13 15:00:00
570.75,234.68034,2025-12-13 15:00:00
523.0,318.8456,2025-12-13 15:00:00
447.0,271.87946,2025-12-13 16:00:00
517.0,350.94174,2025-12-13 16:00:00
509.0,437.27945,2025-12-13 16:00:00
572.25,217.80962,2025-12-13 16:00:00
559.0,373.11,2025-12-13 16:00:00
630.0,463.7641,2025-12-13 17:00:00
531.0,517.65875,2025-12-13 17:00:00
522.0,417.54324,2025-12-13 17:00:00
504.0,299.01477,2025-12-13 17:00:00
515.0,310.40256,2025-12-13 17:00:00
693.0,466.40085,2025-12-13 18:00:00
503.25,401.93085,2025-12-13 18:00:00
676.0,376.7551,2025-12-13 18:00:00
558.0,540.37384,2025-12-13 18:00:00
565.0,467.9045,2025-12-13 18:00:00
545.75,432.40952,2025-12-13 19:00:00
698.0,545.12177,2025-12-13 19:00:00
617.0,490.32968,2025-12-13 19:00:00
632.0,535.9156,2025-12-13 19:00:00
680.0,433.311,2025-12-13 19:00:00
683.0,476.331,2025-12-13 20:00:00
658.0,546.8917,2025-12-13 20:00:00
715.0,539.982,2025-12-13 20:00:00
766.0,577.6442,2025-12-13 20:00:00
545.75,445.7992,2025-12-13 20:00:00
509.5,482.85028,2025-12-13 21:00:00
703.0,596.25824,2025-12-13 21:00:00
571.0,560.8199,2025-12-13 21:00:00
687.0,611.4689,2025-12-13 21:00:00
585.0,542.34827,2025-12-13 21:00:00
842.0,573.6993,2025-12-13 22:00:00
504.5,482.29102,2025-12-13 22:00:00
620.0,641.295,2025-12-13 22:00:00
512.0,538.5751,2025-12-13 22:00:00
525.0,509.9527,2025-12-13 22:00:00
523.0,507.52902,2025-12-13 23:00:00
677.0,581.73596,2025-12-13 23:00:00
527.6666666666666,454.154,2025-12-13 23:00:00
583.0,639.9387,2025-12-13 23:00:00
533.0,546.53613,2025-12-13 23:00:00
593.0,653.09863,2025-12-14 00:00:00
544.0,621.2899,2025-12-14 00:00:00
538.0,614.8198,2025-12-14 00:00:00
513.75,510.36145,2025-12-14 00:00:00
525.0,490.37183,2025-12-14 00:00:00
593.0,647.7914,2025-12-14 01:00:00
493.0,433.7808,2025-12-14 01:00:00
511.0,471.69406,2025-12-14 01:00:00
515.0,534.5882,2025-12-14 01:00:00
482.0,549.41907,2025-12-14 01:00:00
509.0,443.1796,2025-12-14 02:00:00
514.25,468.48434,2025-12-14 02:00:00
436.0,455.15378,2025-12-14 02:00:00
613.0,610.7963,2025-12-14 02:00:00
500.0,437.50525,2025-12-14 02:00:00
626.0,419.40646,2025-12-14 03:00:00
670.0,558.7865,2025-12-14 03:00:00
541.5,443.93936,2025-12-14 03:00:00
414.0,388.85132,2025-12-14 03:00:00
527.0,438.33746,2025-12-14 03:00:00
716.0,545.3008,2025-12-14 04:00:00
502.0,396.24753,2025-12-14 04:00:00
395.0,427.5476,2025-12-14 04:00:00
575.0,373.26,2025-12-14 04:00:00
389.0,360.7891,2025-12-14 04:00:00
398.0,287.5994,2025-12-14 05:00:00
658.0,484.51416,2025-12-14 05:00:00
455.0,393.9578,2025-12-14 05:00:00
606.0,381.3885,2025-12-14 05:00:00
283.0,378.12524,2025-12-14 05:00:00
422.25,433.12845,2025-12-14 06:00:00
250.0,373.36066,2025-12-14 06:00:00
552.0,384.49518,2025-12-14 06:00:00
302.0,310.30823,2025-12-14 06:00:00
631.0,513.4397,2025-12-14 06:00:00
255.0,330.72372,2025-12-14 07:00:00
490.0,299.61966,2025-12-14 07:00:00
252.0,330.3581,2025-12-14 07:00:00
627.0,498.45752,2025-12-14 07:00:00
412.0,420.25677,2025-12-14 07:00:00
284.0,345.61737,2025-12-14 08:00:00
320.0,338.2656,2025-12-14 08:00:00
526.0,473.1591,2025-12-14 08:00:00
405.25,303.44702,2025-12-14 08:00:00
393.0,225.17201,2025-12-14 08:00:00
381.0,383.9734,2025-12-14 09:00:00
511.0,539.0596,2025-12-14 09:00:00
351.0,452.36127,2025-12-14 09:00:00
367.5,425.85825,2025-12-14 09:00:00
312.0,470.53046,2025-12-14 09:00:00
423.0,428.71518,2025-12-14 10:00:00
272.0,472.85764,2025-12-14 10:00:00
353.0,447.30542,2025-12-14 10:00:00
461.0,554.08954,2025-12-14 10:00:00
370.0,441.39575,2025-12-14 10:00:00
443.0,442.6648,2025-12-14 11:00:00
428.5,405.31403,2025-12-14 11:00:00
252.0,461.43857,2025-12-14 11:00:00
437.0,558.67377,2025-12-14 11:00:00
443.0,472.76315,2025-12-14 11:00:00
428.0,404.49243,2025-12-14 12:00:00
588.0,503.9548,2025-12-14 12:00:00
475.0,539.29944,2025-12-14 12:00:00
271.0,407.0394,2025-12-14 12:00:00
422.0,430.53424,2025-12-14 12:00:00
392.0,527.9185,2025-12-14 13:00:00
350.0,449.21426,2025-12-14 13:00:00
377.0,535.33325,2025-12-14 13:00:00
364.25,350.81644,2025-12-14 13:00:00
301.0,387.4969,2025-12-14 13:00:00
288.5,401.1707,2025-12-14 14:00:00
273.0,533.5257,2025-12-14 14:00:00
321.0,552.38617,2025-12-14 14:00:00
332.0,383.2079,2025-12-14 14:00:00
362.0,422.9086,2025-12-14 14:00:00
254.75,407.09616,2025-12-14 15:00:00
306.0,417.83972,2025-12-14 15:00:00
338.0,354.2688,2025-12-14 15:00:00
250.0,467.33435,2025-12-14 15:00:00
108.0,555.0152,2025-12-14 15:00:00
260.0,535.6215,2025-12-14 16:00:00
254.0,526.38605,2025-12-14 16:00:00
361.0,517.62573,2025-12-14 16:00:00
295.0,476.159,2025-12-14 16:00:00
310.0,448.20065,2025-12-14 16:00:00
315.0,490.53143,2025-12-14 17:00:00
365.0,574.82794,2025-12-14 17:00:00
299.0,536.195,2025-12-14 17:00:00
329.75,517.83014,2025-12-14 17:00:00
279.0,621.1079,2025-12-14 17:00:00
331.0,594.0262,2025-12-14 18:00:00
338.0,555.9452,2025-12-14 18:00:00
356.0,691.99725,2025-12-14 18:00:00
411.0,577.6325,2025-12-14 18:00:00
355.75,541.38513,2025-12-14 18:00:00
401.0,671.76514,2025-12-14 19:00:00
355.0,481.97943,2025-12-14 19:00:00
464.0,553.77924,2025-12-14 19:00:00
464.0,635.9996,2025-12-14 19:00:00
362.0,568.34515,2025-12-14 19:00:00
384.75,526.4123,2025-12-14 20:00:00
486.0,648.634,2025-12-14 20:00:00
437.0,645.1109,2025-12-14 20:00:00
456.0,635.9573,2025-12-14 20:00:00
445.0,609.5493,2025-12-14 20:00:00
437.0,660.8702,2025-12-14 21:00:00
500.0,692.7099,2025-12-14 21:00:00
429.0,665.54614,2025-12-14 21:00:00
427.0,550.3305,2025-12-14 21:00:00
478.0,633.1312,2025-12-14 21:00:00
368.0,676.1993,2025-12-14 22:00:00
475.75,534.31555,2025-12-14 22:00:00
470.0,632.0683,2025-12-14 22:00:00
398.0,675.8249,2025-12-14 22:00:00
530.0,710.472,2025-12-14 22:00:00
367.0,545.5115,2025-12-14 23:00:00
494.0,476.32513,2025-12-14 23:00:00
329.0,581.15906,2025-12-14 23:00:00
522.0,731.6889,2025-12-14 23:00:00
420.0,596.2471,2025-12-14 23:00:00
312.0,648.7149,2025-12-15 00:00:00
366.0,599.31036,2025-12-15 00:00:00
412.5,550.8097,2025-12-15 00:00:00
411.0,745.7549,2025-12-15 00:00:00
342.0,583.04193,2025-12-15 00:00:00
306.0,593.04736,2025-12-15 01:00:00
283.75,525.9489,2025-12-15 01:00:00
357.0,685.2173,2025-12-15 01:00:00
316.0,542.6197,2025-12-15 01:00:00
290.0,466.77148,2025-12-15 01:00:00
262.0,501.88663,2025-12-15 02:00:00
376.0,698.3023,2025-12-15 02:00:00
289.0,514.26953,2025-12-15 02:00:00
279.0,517.03064,2025-12-15 02:00:00
268.0,458.23566,2025-12-15 02:00:00
282.0,408.35092,2025-12-15 03:00:00
275.25,482.61386,2025-12-15 03:00:00
268.0,521.29785,2025-12-15 03:00:00
257.0,509.79675,2025-12-15 03:00:00
306.0,666.75745,2025-12-15 03:00:00
268.5,489.77618,2025-12-15 04:00:00
254.0,452.7239,2025-12-15 04:00:00
272.0,637.0152,2025-12-15 04:00:00
263.0,464.64395,2025-12-15 04:00:00
232.0,369.39658,2025-12-15 04:00:00
265.0,630.63855,2025-12-15 05:00:00
256.0,406.32602,2025-12-15 05:00:00
310.0,459.75543,2025-12-15 05:00:00
279.25,459.26318,2025-12-15 05:00:00
243.0,365.4901,2025-12-15 05:00:00
266.0,354.98444,2025-12-15 06:00:00
308.5,474.21967,2025-12-15 06:00:00
241.0,373.67035,2025-12-15 06:00:00
329.0,500.7197,2025-12-15 06:00:00
291.0,644.9788,2025-12-15 06:00:00
309.0,656.03424,2025-12-15 07:00:00
239.0,358.7877,2025-12-15 07:00:00
326.0,466.17664,2025-12-15 07:00:00
273.0,342.09613,2025-12-15 07:00:00
338.25,409.96967,2025-12-15 07:00:00
381.75,376.8882,2025-12-15 08:00:00
483.0,647.69836,2025-12-15 08:00:00
274.0,376.59448,2025-12-15 08:00:00
296.0,365.91266,2025-12-15 08:00:00
351.0,389.17484,2025-12-15 08:00:00
354.0,389.75488,2025-12-15 09:00:00
460.0,630.06116,2025-12-15 09:00:00
307.0,438.86838,2025-12-15 09:00:00
290.0,406.2472,2025-12-15 09:00:00
383.0,427.0143,2025-12-15 09:00:00
366.0,440.26636,2025-12-15 10:00:00
327.0,402.82626,2025-12-15 10:00:00
333.0,432.57617,2025-12-15 10:00:00
319.75,433.45856,2025-12-15 10:00:00
841.0,637.7339,2025-12-15 10:00:00
231.5,415.19403,2025-12-15 11:00:00
304.0,411.02374,2025-12-15 11:00:00
321.0,408.69577,2025-12-15 11:00:00
323.0,481.80484,2025-12-15 11:00:00
305.0,510.75363,2025-12-15 11:00:00
261.0,408.23444,2025-12-15 12:00:00
299.0,394.82178,2025-12-15 12:00:00
222.0,441.77228,2025-12-15 12:00:00
210.0,348.00708,2025-12-15 12:00:00
274.0,538.1842,2025-12-15 12:00:00
244.0,437.89764,2025-12-15 13:00:00
268.0,381.0298,2025-12-15 13:00:00
192.25,319.088,2025-12-15 13:00:00
239.0,392.64487,2025-12-15 13:00:00
237.0,398.85126,2025-12-15 13:00:00
199.0,385.99567,2025-12-15 14:00:00
173.5,304.90015,2025-12-15 14:00:00
243.0,330.43652,2025-12-15 14:00:00
186.0,348.82156,2025-12-15 14:00:00
218.0,384.16016,2025-12-15 14:00:00
184.0,308.6564,2025-12-15 15:00:00
194.0,350.4881,2025-12-15 15:00:00
190.0,337.23782,2025-12-15 15:00:00
212.0,315.14917,2025-12-15 15:00:00
183.0,277.1221,2025-12-15 15:00:00
202.0,342.42722,2025-12-15 16:00:00
199.0,394.93304,2025-12-15 16:00:00
233.0,306.9512,2025-12-15 16:00:00
175.25,323.49112,2025-12-15 16:00:00
138.0,310.11945,2025-12-15 16:00:00
173.0,325.95093,2025-12-15 17:00:00
144.0,426.22833,2025-12-15 17:00:00
191.0,347.1944,2025-12-15 17:00:00
260.0,384.89893,2025-12-15 17:00:00
191.0,419.6631,2025-12-15 17:00:00
243.0,397.28427,2025-12-15 18:00:00
265.0,424.22598,2025-12-15 18:00:00
230.0,511.34766,2025-12-15 18:00:00
261.0,383.93658,2025-12-15 18:00:00
250.0,525.2035,2025-12-15 18:00:00
277.0,478.04385,2025-12-15 19:00:00
298.0,564.8753,2025-12-15 19:00:00
322.5,418.01413,2025-12-15 19:00:00
261.0,442.7608,2025-12-15 19:00:00
322.0,556.44824,2025-12-15 19:00:00
244.0,509.1586,2025-12-15 20:00:00
358.0,444.21594,2025-12-15 20:00:00
384.0,564.3463,2025-12-15 20:00:00
355.0,481.26624,2025-12-15 20:00:00
310.0,584.6771,2025-12-15 20:00:00
420.0,656.55725,2025-12-15 21:00:00
361.0,596.4678,2025-12-15 21:00:00
268.0,558.5982,2025-12-15 21:00:00
376.0,507.6006,2025-12-15 21:00:00
378.5,451.87076,2025-12-15 21:00:00
311.0,497.73782,2025-12-15 22:00:00
343.0,565.1782,2025-12-15 22:00:00
383.0,535.96387,2025-12-15 22:00:00
477.0,675.0137,2025-12-15 22:00:00
385.5,482.12903,2025-12-15 22:00:00
353.6666666666667,468.8093,2025-12-15 23:00:00
433.0,653.12134,2025-12-15 23:00:00
360.0,506.23633,2025-12-15 23:00:00
335.0,506.67273,2025-12-15 23:00:00
306.0,458.15427,2025-12-15 23:00:00
293.0,436.95447,2025-12-16 00:00:00
289.0,485.2484,2025-12-16 00:00:00
331.0,450.35056,2025-12-16 00:00:00
328.75,480.44052,2025-12-16 00:00:00
360.0,630.63837,2025-12-16 00:00:00
276.0,468.87564,2025-12-16 01:00:00
315.0,530.6687,2025-12-16 01:00:00
301.25,360.0436,2025-12-16 01:00:00
301.0,452.07224,2025-12-16 01:00:00
274.0,386.2066,2025-12-16 01:00:00
280.0,486.0914,2025-12-16 02:00:00
250.0,414.6587,2025-12-16 02:00:00
285.25,362.24557,2025-12-16 02:00:00
259.0,366.19043,2025-12-16 02:00:00
271.0,430.9275,2025-12-16 02:00:00
235.0,449.6985,2025-12-16 03:00:00
234.0,366.82526,2025-12-16 03:00:00
282.0,392.85474,2025-12-16 03:00:00
237.0,347.92847,2025-12-16 03:00:00
291.25,331.63516,2025-12-16 03:00:00
195.0,315.6113,2025-12-16 04:00:00
237.0,346.8561,2025-12-16 04:00:00
300.75,316.68478,2025-12-16 04:00:00
296.0,346.94653,2025-12-16 04:00:00
251.0,439.78372,2025-12-16 04:00:00
213.0,297.50165,2025-12-16 05:00:00
291.5,312.21606,2025-12-16 05:00:00
290.0,413.72546,2025-12-16 05:00:00
239.0,323.04224,2025-12-16 05:00:00
290.0,382.71866,2025-12-16 05:00:00
235.0,295.77704,2025-12-16 06:00:00
282.0,416.26294,2025-12-16 06:00:00
284.0,391.78546,2025-12-16 06:00:00
295.5,343.81964,2025-12-16 06:00:00
226.0,316.4856,2025-12-16 06:00:00
308.25,338.5368,2025-12-16 07:00:00
302.0,439.30423,2025-12-16 07:00:00
266.0,370.86078,2025-12-16 07:00:00
249.0,308.19394,2025-12-16 07:00:00
221.0,319.46082,2025-12-16 07:00:00
266.0,330.01562,2025-12-16 08:00:00
267.0,365.83228,2025-12-16 08:00:00
404.0,504.4038,2025-12-16 08:00:00
333.5,355.1551,2025-12-16 08:00:00
257.0,370.18427,2025-12-16 08:00:00
280.0,380.1786,2025-12-16 09:00:00
353.75,338.27853,2025-12-16 09:00:00
355.0,337.68973,2025-12-16 09:00:00
355.0,474.89215,2025-12-16 09:00:00
259.0,354.4478,2025-12-16 09:00:00
353.5,321.85223,2025-12-16 10:00:00
263.0,340.31702,2025-12-16 10:00:00
604.0,497.21954,2025-12-16 10:00:00
259.0,349.6671,2025-12-16 10:00:00
271.0,345.80066,2025-12-16 10:00:00
261.0,320.9289,2025-12-16 11:00:00
305.0,347.45038,2025-12-16 11:00:00
411.0,390.45395,2025-12-16 11:00:00
328.0,266.44083,2025-12-16 11:00:00
268.0,315.3192,2025-12-16 11:00:00
246.0,311.52222,2025-12-16 12:00:00
336.0,283.31638,2025-12-16 12:00:00
301.0,373.15524,2025-12-16 12:00:00
323.0,331.26306,2025-12-16 12:00:00
252.0,350.46982,2025-12-16 12:00:00
286.75,268.96213,2025-12-16 13:00:00
266.0,308.37448,2025-12-16 13:00:00
255.0,302.35556,2025-12-16 13:00:00
250.0,350.5651,2025-12-16 13:00:00
213.0,298.81552,2025-12-16 13:00:00
205.0,286.73874,2025-12-16 14:00:00
210.5,260.16278,2025-12-16 14:00:00
259.0,329.76907,2025-12-16 14:00:00
213.0,289.84604,2025-12-16 14:00:00
195.0,283.1631,2025-12-16 14:00:00
184.0,250.25272,2025-12-16 15:00:00
218.0,265.07227,2025-12-16 15:00:00
346.0,263.61487,2025-12-16 15:00:00
250.5,234.11119,2025-12-16 15:00:00
182.0,227.49603,2025-12-16 15:00:00
186.0,259.09515,2025-12-16 16:00:00
234.0,231.49068,2025-12-16 16:00:00
543.0,262.4553,2025-12-16 16:00:00
218.75,238.86867,2025-12-16 16:00:00
269.0,266.37445,2025-12-16 16:00:00
222.0,281.4842,2025-12-16 17:00:00
258.5,213.31036,2025-12-16 17:00:00
207.0,226.3527,2025-12-16 17:00:00
965.0,221.6825,2025-12-16 17:00:00
202.0,251.97716,2025-12-16 17:00:00
273.25,284.5213,2025-12-16 18:00:00
232.0,320.39713,2025-12-16 18:00:00
213.0,307.8304,2025-12-16 18:00:00
383.0,308.1258,2025-12-16 18:00:00
224.0,310.11923,2025-12-16 18:00:00
298.5,307.41965,2025-12-16 19:00:00
512.0,435.11655,2025-12-16 19:00:00
335.0,364.17618,2025-12-16 19:00:00
256.0,344.0886,2025-12-16 19:00:00
315.0,434.9591,2025-12-16 19:00:00
603.0,444.3252,2025-12-16 20:00:00
305.0,424.51544,2025-12-16 20:00:00
394.75,344.8531,2025-12-16 20:00:00
255.0,362.9011,2025-12-16 20:00:00
304.0,458.84897,2025-12-16 20:00:00
486.5,347.55774,2025-12-16 21:00:00
711.0,474.68655,2025-12-16 21:00:00
407.0,363.14374,2025-12-16 21:00:00
310.0,442.83334,2025-12-16 21:00:00
455.0,386.46426,2025-12-16 21:00:00
578.0,374.98645,2025-12-16 22:00:00
660.0,523.8108,2025-12-16 22:00:00
559.25,348.9201,2025-12-16 22:00:00
563.0,364.45837,2025-12-16 22:00:00
300.0,427.628,2025-12-16 22:00:00
324.0,406.62936,2025-12-16 23:00:00
735.0,394.69147,2025-12-16 23:00:00
521.0,345.3539,2025-12-16 23:00:00
577.0,531.158,2025-12-16 23:00:00
544.3333333333334,363.13483,2025-12-16 23:00:00
291.0,402.33405,2025-12-17 00:00:00
476.6666666666667,342.0828,2025-12-17 00:00:00
431.0,350.52814,2025-12-17 00:00:00
559.0,494.7331,2025-12-17 00:00:00
697.0,379.82495,2025-12-17 00:00:00
450.0,358.10632,2025-12-17 01:00:00
633.0,419.10645,2025-12-17 01:00:00
599.0,374.24927,2025-12-17 01:00:00
461.25,335.81686,2025-12-17 01:00:00
500.0,370.17368,2025-12-17 01:00:00
464.0,300.38745,2025-12-17 02:00:00
420.0,317.41443,2025-12-17 02:00:00
620.0,366.50363,2025-12-17 02:00:00
572.0,325.21005,2025-12-17 02:00:00
497.0,321.22162,2025-12-17 02:00:00
460.0,326.99194,2025-12-17 03:00:00
400.0,305.37402,2025-12-17 03:00:00
540.75,282.7591,2025-12-17 03:00:00
555.0,320.48276,2025-12-17 03:00:00
652.0,317.10645,2025-12-17 03:00:00
541.0,306.9694,2025-12-17 04:00:00
574.75,269.3791,2025-12-17 04:00:00
526.0,284.31143,2025-12-17 04:00:00
340.0,259.23563,2025-12-17 04:00:00
447.0,288.3592,2025-12-17 04:00:00
346.0,264.90536,2025-12-17 05:00:00
517.0,288.07907,2025-12-17 05:00:00
437.0,301.11517,2025-12-17 05:00:00
641.0,347.66034,2025-12-17 05:00:00
429.5,316.57538,2025-12-17 05:00:00
321.75,308.82858,2025-12-17 06:00:00
423.0,359.1951,2025-12-17 06:00:00
511.0,314.11664,2025-12-17 06:00:00
412.0,345.05704,2025-12-17 06:00:00
410.0,320.74753,2025-12-17 06:00:00
458.0,328.70322,2025-12-17 07:00:00
385.0,384.953,2025-12-17 07:00:00
481.0,351.62347,2025-12-17 07:00:00
276.25,311.6462,2025-12-17 07:00:00
329.0,330.57745,2025-12-17 07:00:00
281.5,341.16916,2025-12-17 08:00:00
428.0,496.9918,2025-12-17 08:00:00
399.0,389.65338,2025-12-17 08:00:00
412.0,344.4798,2025-12-17 08:00:00
283.0,335.40442,2025-12-17 08:00:00
365.0,417.8635,2025-12-17 09:00:00
426.0,440.82776,2025-12-17 09:00:00
287.0,363.37085,2025-12-17 09:00:00
292.75,332.42743,2025-12-17 09:00:00
376.0,376.94412,2025-12-17 09:00:00
439.0,356.65753,2025-12-17 10:00:00
301.75,312.68826,2025-12-17 10:00:00
453.0,521.22925,2025-12-17 10:00:00
283.0,337.28757,2025-12-17 10:00:00
337.0,373.0563,2025-12-17 10:00:00
297.0,296.75827,2025-12-17 11:00:00
467.0,334.48273,2025-12-17 11:00:00
334.0,349.28787,2025-12-17 11:00:00
364.0,349.38858,2025-12-17 11:00:00
428.0,383.14682,2025-12-17 11:00:00
370.0,367.97638,2025-12-17 12:00:00
449.0,410.78036,2025-12-17 12:00:00
336.75,273.50644,2025-12-17 12:00:00
376.0,329.64423,2025-12-17 12:00:00
473.0,349.00156,2025-12-17 12:00:00
350.5,266.57156,2025-12-17 13:00:00
443.0,335.6924,2025-12-17 13:00:00
388.0,309.3549,2025-12-17 13:00:00
385.0,288.37006,2025-12-17 13:00:00
442.0,390.23605,2025-12-17 13:00:00
381.0,308.55154,2025-12-17 14:00:00
395.0,266.6722,2025-12-17 14:00:00
350.0,245.55664,2025-12-17 14:00:00
433.0,312.3174,2025-12-17 14:00:00
545.0,367.72482,2025-12-17 14:00:00
453.0,378.2955,2025-12-17 15:00:00
427.0,262.9855,2025-12-17 15:00:00
388.0,273.6472,2025-12-17 15:00:00
442.0,252.5754,2025-12-17 15:00:00
364.0,231.04887,2025-12-17 15:00:00
420.0,259.71545,2025-12-17 16:00:00
516.0,399.13416,2025-12-17 16:00:00
383.25,208.37201,2025-12-17 16:00:00
473.0,327.95413,2025-12-17 16:00:00
440.0,265.51544,2025-12-17 16:00:00
500.0,312.31873,2025-12-17 17:00:00
428.0,285.92,2025-12-17 17:00:00
415.0,504.7999,2025-12-17 17:00:00
388.25,256.45807,2025-12-17 17:00:00
444.0,283.792,2025-12-17 17:00:00
412.0,346.73773,2025-12-17 18:00:00
427.0,492.23553,2025-12-17 18:00:00
385.75,283.7851,2025-12-17 18:00:00
482.0,312.02518,2025-12-17 18:00:00
444.0,348.26483,2025-12-17 18:00:00
427.0,370.86176,2025-12-17 19:00:00
417.0,310.6489,2025-12-17 19:00:00
492.0,435.7249,2025-12-17 19:00:00
447.0,504.11752,2025-12-17 19:00:00
505.0,553.3072,2025-12-17 19:00:00
434.0,411.6056,2025-12-17 20:00:00
414.25,394.1575,2025-12-17 20:00:00
567.0,612.2411,2025-12-17 20:00:00
455.0,475.41583,2025-12-17 20:00:00
521.0,403.68073,2025-12-17 20:00:00
520.0,471.7639,2025-12-17 21:00:00
440.0,501.87772,2025-12-17 21:00:00
413.0,429.83453,2025-12-17 21:00:00
643.0,651.41064,2025-12-17 21:00:00
680.0,517.792,2025-12-17 21:00:00
432.0,596.3614,2025-12-17 22:00:00
426.5,486.76224,2025-12-17 22:00:00
804.0,531.52576,2025-12-17 22:00:00
686.0,661.06934,2025-12-17 22:00:00
531.0,447.7039,2025-12-17 22:00:00
669.0,705.03235,2025-12-17 23:00:00
554.0,617.3627,2025-12-17 23:00:00
441.6666666666667,486.66183,2025-12-17 23:00:00
447.0,623.911,2025-12-17 23:00:00
521.0,433.16232,2025-12-17 23:00:00
453.75,423.75122,2025-12-18 00:00:00
486.0,563.6172,2025-12-18 00:00:00
508.0,372.22144,2025-12-18 00:00:00
709.0,649.30835,2025-12-18 00:00:00
472.0,537.8993,2025-12-18 00:00:00
443.0,517.3988,2025-12-18 01:00:00
564.0,616.04614,2025-12-18 01:00:00
467.0,529.242,2025-12-18 01:00:00
465.75,366.2546,2025-12-18 01:00:00
498.0,392.79462,2025-12-18 01:00:00
477.0,392.26938,2025-12-18 02:00:00
471.0,603.8322,2025-12-18 02:00:00
427.0,367.768,2025-12-18 02:00:00
439.75,333.82922,2025-12-18 02:00:00
396.0,461.6289,2025-12-18 02:00:00
370.0,469.1734,2025-12-18 03:00:00
392.0,565.4401,2025-12-18 03:00:00
418.0,372.07013,2025-12-18 03:00:00
437.0,347.11682,2025-12-18 03:00:00
353.0,425.04404,2025-12-18 03:00:00
202.0,409.3786,2025-12-18 04:00:00
373.75,354.1081,2025-12-18 04:00:00
398.0,568.40027,2025-12-18 04:00:00
272.0,486.62192,2025-12-18 04:00:00
279.0,308.4802,2025-12-18 04:00:00
279.0,325.49365,2025-12-18 05:00:00
212.0,454.36133,2025-12-18 05:00:00
310.5,346.3226,2025-12-18 05:00:00
342.0,547.65936,2025-12-18 05:00:00
158.0,399.36453,2025-12-18 05:00:00
297.25,314.3716,2025-12-18 06:00:00
274.0,438.71582,2025-12-18 06:00:00
289.0,502.81183,2025-12-18 06:00:00
157.0,361.89706,2025-12-18 06:00:00
169.0,357.43896,2025-12-18 06:00:00
217.0,368.4166,2025-12-18 07:00:00
162.0,399.8271,2025-12-18 07:00:00
309.75,266.05286,2025-12-18 07:00:00
251.0,530.43445,2025-12-18 07:00:00
177.0,382.04227,2025-12-18 07:00:00
229.0,308.05103,2025-12-18 08:00:00
200.0,437.60843,2025-12-18 08:00:00
189.0,382.9374,2025-12-18 08:00:00
320.0,448.14264,2025-12-18 08:00:00
311.75,242.0459,2025-12-18 08:00:00
330.5,280.04236,2025-12-18 09:00:00
241.0,359.49884,2025-12-18 09:00:00
304.0,343.6379,2025-12-18 09:00:00
354.0,441.7334,2025-12-18 09:00:00
221.0,393.1656,2025-12-18 09:00:00
401.25,277.11444,2025-12-18 10:00:00
204.0,397.60992,2025-12-18 10:00:00
456.0,484.00925,2025-12-18 10:00:00
310.0,297.81625,2025-12-18 10:00:00
267.0,310.37866,2025-12-18 10:00:00
333.0,342.52966,2025-12-18 11:00:00
426.25,246.96332,2025-12-18 11:00:00
381.0,419.5769,2025-12-18 11:00:00
276.0,329.9831,2025-12-18 11:00:00
204.0,391.54462,2025-12-18 11:00:00
250.0,303.59573,2025-12-18 12:00:00
204.0,383.3695,2025-12-18 12:00:00
323.0,320.34113,2025-12-18 12:00:00
443.25,298.5541,2025-12-18 12:00:00
364.0,404.4345,2025-12-18 12:00:00
451.0,229.65063,2025-12-18 13:00:00
287.0,268.0319,2025-12-18 13:00:00
399.0,358.15503,2025-12-18 13:00:00
691.0,276.4802,2025-12-18 13:00:00
235.0,340.14795,2025-12-18 13:00:00
262.0,313.8617,2025-12-18 14:00:00
407.0,244.1098,2025-12-18 14:00:00
417.0,356.03696,2025-12-18 14:00:00
295.0,270.48096,2025-12-18 14:00:00
443.75,230.62161,2025-12-18 14:00:00
309.0,236.38506,2025-12-18 15:00:00
376.25,238.59973,2025-12-18 15:00:00
388.0,265.99377,2025-12-18 15:00:00
280.0,290.01923,2025-12-18 15:00:00
298.0,347.79697,2025-12-18 15:00:00
315.0,280.43875,2025-12-18 16:00:00
320.0,445.9861,2025-12-18 16:00:00
304.0,278.30212,2025-12-18 16:00:00
262.5,208.83682,2025-12-18 16:00:00
276.0,297.00363,2025-12-18 16:00:00
263.0,522.8012,2025-12-18 17:00:00
324.0,348.32648,2025-12-18 17:00:00
276.0,301.49844,2025-12-18 17:00:00
246.0,340.26843,2025-12-18 17:00:00
329.0,206.02022,2025-12-18 17:00:00
415.5,253.39038,2025-12-18 18:00:00
254.0,277.0968,2025-12-18 18:00:00
296.0,368.20203,2025-12-18 18:00:00
295.0,427.73572,2025-12-18 18:00:00
335.0,374.88147,2025-12-18 18:00:00
398.0,406.0553,2025-12-18 19:00:00
390.25,326.8133,2025-12-18 19:00:00
460.0,544.78973,2025-12-18 19:00:00
355.0,323.4545,2025-12-18 19:00:00
361.0,455.32935,2025-12-18 19:00:00
442.0,507.93515,2025-12-18 20:00:00
444.0,513.3808,2025-12-18 20:00:00
374.0,426.12796,2025-12-18 20:00:00
620.0,602.53906,2025-12-18 20:00:00
423.5,356.95193,2025-12-18 20:00:00
609.0,660.1538,2025-12-18 21:00:00
699.0,609.7826,2025-12-18 21:00:00
448.75,404.4567,2025-12-18 21:00:00
508.0,537.46313,2025-12-18 21:00:00
439.0,453.81757,2025-12-18 21:00:00
705.0,657.62415,2025-12-18 22:00:00
508.0,476.34143,2025-12-18 22:00:00
782.0,682.7599,2025-12-18 22:00:00
458.0,441.99487,2025-12-18 22:00:00
577.0,531.0415,2025-12-18 22:00:00
439.6666666666667,469.2311,2025-12-18 23:00:00
859.0,655.6003,2025-12-18 23:00:00
522.0,449.37238,2025-12-18 23:00:00
621.0,683.07526,2025-12-18 23:00:00
510.0,543.0828,2025-12-18 23:00:00
488.0,525.1794,2025-12-19 00:00:00
549.0,504.71252,2025-12-19 00:00:00
471.0,410.27295,2025-12-19 00:00:00
577.0,531.67444,2025-12-19 00:00:00
780.0,656.23804,2025-12-19 00:00:00
777.0,598.0677,2025-12-19 01:00:00
468.75,417.7421,2025-12-19 01:00:00
674.0,418.46292,2025-12-19 01:00:00
447.0,449.28613,2025-12-19 01:00:00
475.0,548.8079,2025-12-19 01:00:00
387.0,425.14264,2025-12-19 02:00:00
401.0,527.01685,2025-12-19 02:00:00
719.0,383.28998,2025-12-19 02:00:00
488.75,421.0978,2025-12-19 02:00:00
868.0,524.5073,2025-12-19 02:00:00
642.0,319.84637,2025-12-19 03:00:00
389.0,420.4655,2025-12-19 03:00:00
774.0,536.3844,2025-12-19 03:00:00
482.25,383.3367,2025-12-19 03:00:00
342.0,367.84412,2025-12-19 03:00:00
431.0,380.01443,2025-12-19 04:00:00
472.5,331.76343,2025-12-19 04:00:00
708.0,471.90637,2025-12-19 04:00:00
523.0,309.25656,2025-12-19 04:00:00
279.0,308.353,2025-12-19 04:00:00
516.0,317.74686,2025-12-19 05:00:00
367.0,315.9324,2025-12-19 05:00:00
654.0,450.0646,2025-12-19 05:00:00
251.0,293.1422,2025-12-19 05:00:00
476.75,263.4075,2025-12-19 05:00:00
326.0,302.12067,2025-12-19 06:00:00
279.0,302.21356,2025-12-19 06:00:00
508.0,295.7444,2025-12-19 06:00:00
676.0,384.8464,2025-12-19 06:00:00
511.5,242.73662,2025-12-19 06:00:00
335.0,306.61017,2025-12-19 07:00:00
501.0,318.57007,2025-12-19 07:00:00
663.0,372.68204,2025-12-19 07:00:00
355.0,261.6495,2025-12-19 07:00:00
486.25,234.15378,2025-12-19 07:00:00
411.0,276.2727,2025-12-19 08:00:00
410.0,277.47354,2025-12-19 08:00:00
427.75,237.5992,2025-12-19 08:00:00
401.0,310.0966,2025-12-19 08:00:00
395.0,421.59323,2025-12-19 08:00:00
405.0,323.9751,2025-12-19 09:00:00
512.5,285.15076,2025-12-19 09:00:00
390.0,352.8649,2025-12-19 09:00:00
570.0,353.10306,2025-12-19 09:00:00
338.0,452.1446,2025-12-19 09:00:00
400.0,467.00284,2025-12-19 10:00:00
471.0,339.58325,2025-12-19 10:00:00
542.0,310.91788,2025-12-19 10:00:00
321.0,375.83032,2025-12-19 10:00:00
522.75,332.62805,2025-12-19 10:00:00
522.75,282.07556,2025-12-19 11:00:00
252.0,340.91278,2025-12-19 11:00:00
309.0,393.63385,2025-12-19 11:00:00
523.0,343.2166,2025-12-19 11:00:00
349.0,338.81677,2025-12-19 11:00:00
294.0,412.31937,2025-12-19 12:00:00
304.0,318.09933,2025-12-19 12:00:00
222.0,293.8287,2025-12-19 12:00:00
92.33333333333331,264.3632,2025-12-19 12:00:00
368.0,308.62595,2025-12-19 12:00:00
256.25,251.76051,2025-12-19 13:00:00
237.0,334.08847,2025-12-19 13:00:00
295.0,338.13242,2025-12-19 13:00:00
280.0,327.76245,2025-12-19 13:00:00
316.0,392.90546,2025-12-19 13:00:00
278.75,273.1154,2025-12-19 14:00:00
290.0,279.40494,2025-12-19 14:00:00
373.0,404.28268,2025-12-19 14:00:00
294.0,296.07794,2025-12-19 14:00:00
304.0,305.7714,2025-12-19 14:00:00
431.0,322.18628,2025-12-19 15:00:00
315.0,323.09314,2025-12-19 15:00:00
346.0,309.6024,2025-12-19 15:00:00
332.0,275.56976,2025-12-19 15:00:00
323.25,258.2208,2025-12-19 15:00:00
451.0,383.53955,2025-12-19 16:00:00
373.0,312.07507,2025-12-19 16:00:00
352.75,229.4239,2025-12-19 16:00:00
355.0,274.72894,2025-12-19 16:00:00
349.0,277.7851,2025-12-19 16:00:00
368.25,305.5801,2025-12-19 17:00:00
401.0,361.53983,2025-12-19 17:00:00
484.0,341.91727,2025-12-19 17:00:00
383.0,285.13098,2025-12-19 17:00:00
350.0,317.2293,2025-12-19 17:00:00
478.0,437.85266,2025-12-19 18:00:00
385.5,361.5935,2025-12-19 18:00:00
406.0,310.27963,2025-12-19 18:00:00
422.0,419.8339,2025-12-19 18:00:00
374.0,381.0419,2025-12-19 18:00:00
520.0,546.6611,2025-12-19 19:00:00
445.0,494.10553,2025-12-19 19:00:00
448.0,468.87015,2025-12-19 19:00:00
417.0,381.3922,2025-12-19 19:00:00
409.5,380.51416,2025-12-19 19:00:00
418.0,567.11554,2025-12-19 20:00:00
442.75,384.9625,2025-12-19 20:00:00
422.0,407.27664,2025-12-19 20:00:00
537.0,609.41583,2025-12-19 20:00:00
440.0,520.2235,2025-12-19 20:00:00
516.75,436.71353,2025-12-19 21:00:00
393.0,590.4873,2025-12-19 21:00:00
456.0,487.28445,2025-12-19 21:00:00
443.0,692.9151,2025-12-19 21:00:00
390.0,622.7846,2025-12-19 21:00:00
548.5,463.796,2025-12-19 22:00:00
494.0,686.5512,2025-12-19 22:00:00
506.0,546.6008,2025-12-19 22:00:00
332.0,640.4423,2025-12-19 22:00:00
377.0,557.3642,2025-12-19 22:00:00
350.0,523.1616,2025-12-19 23:00:00
339.0,563.04224,2025-12-19 23:00:00
549.6666666666666,440.24414,2025-12-19 23:00:00
517.0,636.6544,2025-12-19 23:00:00
489.0,509.86725,2025-12-19 23:00:00
527.0,501.54425,2025-12-20 00:00:00
315.0,496.75317,2025-12-20 00:00:00
405.0,548.4487,2025-12-20 00:00:00
371.0,563.186,2025-12-20 00:00:00
547.0,625.1064,2025-12-20 00:00:00
423.0,560.55286,2025-12-20 01:00:00
439.0,455.04562,2025-12-20 01:00:00
415.0,567.0491,2025-12-20 01:00:00
420.0,596.1148,2025-12-20 01:00:00
313.0,492.99237,2025-12-20 01:00:00
378.0,574.0692,2025-12-20 02:00:00
399.0,603.8882,2025-12-20 02:00:00
328.0,486.38156,2025-12-20 02:00:00
333.0,486.98083,2025-12-20 02:00:00
314.25,466.98907,2025-12-20 02:00:00
272.5,465.88788,2025-12-20 03:00:00
285.0,397.55954,2025-12-20 03:00:00
359.0,602.0791,2025-12-20 03:00:00
321.0,518.842,2025-12-20 03:00:00
256.0,417.53003,2025-12-20 03:00:00
298.0,494.64102,2025-12-20 04:00:00
257.25,429.37335,2025-12-20 04:00:00
239.0,366.30173,2025-12-20 04:00:00
252.0,394.9425,2025-12-20 04:00:00
316.0,533.1343,2025-12-20 04:00:00
249.0,385.2998,2025-12-20 05:00:00
229.0,379.4851,2025-12-20 05:00:00
299.0,561.80994,2025-12-20 05:00:00
287.0,478.58768,2025-12-20 05:00:00
258.0,436.55167,2025-12-20 05:00:00
260.75,404.81085,2025-12-20 06:00:00
277.0,391.508,2025-12-20 06:00:00
293.0,590.96436,2025-12-20 06:00:00
238.0,323.1949,2025-12-20 06:00:00
252.0,422.31763,2025-12-20 06:00:00
246.0,593.2319,2025-12-20 07:00:00
268.75,401.87506,2025-12-20 07:00:00
222.0,421.20148,2025-12-20 07:00:00
266.0,325.789,2025-12-20 07:00:00
252.0,316.79318,2025-12-20 07:00:00
248.0,300.56952,2025-12-20 08:00:00
296.0,580.6275,2025-12-20 08:00:00
278.0,367.3777,2025-12-20 08:00:00
221.0,436.65485,2025-12-20 08:00:00
263.0,340.04855,2025-12-20 08:00:00
302.0,479.69827,2025-12-20 09:00:00
292.75,300.33734,2025-12-20 09:00:00
272.0,321.46237,2025-12-20 09:00:00
245.0,396.0404,2025-12-20 09:00:00
271.0,316.90207,2025-12-20 09:00:00
287.0,425.53668,2025-12-20 10:00:00
268.0,399.0176,2025-12-20 10:00:00
230.0,337.07095,2025-12-20 10:00:00
270.75,378.76083,2025-12-20 10:00:00
241.0,262.7524,2025-12-20 10:00:00
300.0,342.1487,2025-12-20 11:00:00
259.0,257.08853,2025-12-20 11:00:00
227.0,311.7032,2025-12-20 11:00:00
306.0,361.37793,2025-12-20 11:00:00
266.5,371.8499,2025-12-20 11:00:00
317.0,323.19394,2025-12-20 12:00:00
238.0,275.52682,2025-12-20 12:00:00
332.0,352.9104,2025-12-20 12:00:00
261.0,269.21783,2025-12-20 12:00:00
254.5,212.48561,2025-12-20 12:00:00
269.5,265.59363,2025-12-20 13:00:00
267.0,292.8779,2025-12-20 13:00:00
296.0,276.09732,2025-12-20 13:00:00
328.0,293.83493,2025-12-20 13:00:00
351.0,399.75497,2025-12-20 13:00:00
278.0,301.6419,2025-12-20 14:00:00
383.0,418.6452,2025-12-20 14:00:00
295.5,209.11415,2025-12-20 14:00:00
331.0,277.48575,2025-12-20 14:00:00
339.0,331.12213,2025-12-20 14:00:00
426.0,368.39502,2025-12-20 15:00:00
331.0,271.5122,2025-12-20 15:00:00
399.0,325.2975,2025-12-20 15:00:00
337.0,272.305,2025-12-20 15:00:00
309.0,330.15714,2025-12-20 15:00:00
328.75,191.42862,2025-12-20 16:00:00
323.0,292.71478,2025-12-20 16:00:00
339.0,284.65237,2025-12-20 16:00:00
372.0,359.09576,2025-12-20 16:00:00
310.0,249.31082,2025-12-20 16:00:00
335.0,277.2063,2025-12-20 17:00:00
340.0,267.14285,2025-12-20 17:00:00
350.0,396.5037,2025-12-20 17:00:00
371.0,299.1519,2025-12-20 17:00:00
305.25,221.35327,2025-12-20 17:00:00
353.0,438.52628,2025-12-20 18:00:00
344.0,318.55927,2025-12-20 18:00:00
277.5,309.57654,2025-12-20 18:00:00
370.0,279.36526,2025-12-20 18:00:00
329.0,337.15765,2025-12-20 18:00:00
348.0,342.0391,2025-12-20 19:00:00
404.0,486.2622,2025-12-20 19:00:00
331.0,383.62976,2025-12-20 19:00:00
283.0,322.41745,2025-12-20 19:00:00
357.0,386.08987,2025-12-20 19:00:00
318.0,403.17783,2025-12-20 20:00:00
442.0,493.1554,2025-12-20 20:00:00
381.0,438.16135,2025-12-20 20:00:00
310.0,380.3965,2025-12-20 20:00:00
312.5,327.81314,2025-12-20 20:00:00
361.25,364.76083,2025-12-20 21:00:00
324.0,352.0172,2025-12-20 21:00:00
511.0,516.7261,2025-12-20 21:00:00
368.0,396.10843,2025-12-20 21:00:00
335.0,423.88983,2025-12-20 21:00:00
497.0,517.70996,2025-12-20 22:00:00
351.0,336.7611,2025-12-20 22:00:00
359.0,328.7119,2025-12-20 22:00:00
385.25,389.1465,2025-12-20 22:00:00
345.0,485.4818,2025-12-20 22:00:00
365.0,390.7969,2025-12-20 23:00:00
348.0,451.16,2025-12-20 23:00:00
346.0,329.79535,2025-12-20 23:00:00
412.0,523.4274,2025-12-20 23:00:00
320.0,302.43777,2025-12-20 23:00:00
329.0,325.72818,2025-12-21 00:00:00
373.0,367.48038,2025-12-21 00:00:00
349.0,445.4807,2025-12-21 00:00:00
339.0,277.23553,2025-12-21 00:00:00
360.75,260.9692,2025-12-21 00:00:00
294.0,286.8515,2025-12-21 01:00:00
381.0,468.1899,2025-12-21 01:00:00
353.5,272.7448,2025-12-21 01:00:00
343.0,343.98822,2025-12-21 01:00:00
322.0,305.9845,2025-12-21 01:00:00
309.0,364.0196,2025-12-21 02:00:00
379.0,466.0418,2025-12-21 02:00:00
372.0,318.8871,2025-12-21 02:00:00
362.0,321.78467,2025-12-21 02:00:00
307.0,291.1144,2025-12-21 02:00:00
348.0,430.14148,2025-12-21 03:00:00
366.75,242.51456,2025-12-21 03:00:00
344.0,342.45712,2025-12-21 03:00:00
306.0,251.74597,2025-12-21 03:00:00
301.0,269.84918,2025-12-21 03:00:00
390.0,358.10077,2025-12-21 04:00:00
318.0,302.10803,2025-12-21 04:00:00
289.0,211.35213,2025-12-21 04:00:00
304.0,234.44705,2025-12-21 04:00:00
346.5,245.31538,2025-12-21 04:00:00
373.0,399.2356,2025-12-21 05:00:00
335.75,238.93541,2025-12-21 05:00:00
313.0,259.3928,2025-12-21 05:00:00
340.0,206.90685,2025-12-21 05:00:00
302.0,238.6213,2025-12-21 05:00:00
353.0,401.02756,2025-12-21 06:00:00
280.0,235.55377,2025-12-21 06:00:00
335.0,216.95448,2025-12-21 06:00:00
340.0,241.34114,2025-12-21 06:00:00
311.5,245.59236,2025-12-21 06:00:00
289.25,248.33458,2025-12-21 07:00:00
282.0,241.80133,2025-12-21 07:00:00
337.0,236.78746,2025-12-21 07:00:00
371.0,351.0379,2025-12-21 07:00:00
328.0,255.65462,2025-12-21 07:00:00
309.0,290.36734,2025-12-21 08:00:00
371.0,371.9173,2025-12-21 08:00:00
274.0,254.3712,2025-12-21 08:00:00
274.75,257.47598,2025-12-21 08:00:00
345.0,258.9003,2025-12-21 08:00:00
280.0,282.71973,2025-12-21 09:00:00
357.0,316.4481,2025-12-21 09:00:00
365.0,311.5414,2025-12-21 09:00:00
310.0,306.22,2025-12-21 09:00:00
281.75,274.7234,2025-12-21 09:00:00
287.0,297.69617,2025-12-21 10:00:00
269.0,308.62796,2025-12-21 10:00:00
451.0,360.19733,2025-12-21 10:00:00
342.0,308.15588,2025-12-21 10:00:00
313.25,279.06754,2025-12-21 10:00:00
302.0,286.0342,2025-12-21 11:00:00
355.0,300.47443,2025-12-21 11:00:00
287.0,286.3805,2025-12-21 11:00:00
425.0,318.70532,2025-12-21 11:00:00
335.0,318.03192,2025-12-21 11:00:00
298.0,253.53879,2025-12-21 12:00:00
416.0,317.26886,2025-12-21 12:00:00
339.0,287.74802,2025-12-21 12:00:00
379.25,224.71687,2025-12-21 12:00:00
295.0,276.0644,2025-12-21 12:00:00
431.0,271.72995,2025-12-21 13:00:00
394.0,323.61166,2025-12-21 13:00:00
329.0,265.57654,2025-12-21 13:00:00
335.0,273.3284,2025-12-21 13:00:00
363.75,254.40219,2025-12-21 13:00:00
432.0,244.72746,2025-12-21 14:00:00
390.0,284.6669,2025-12-21 14:00:00
356.0,301.6258,2025-12-21 14:00:00
553.0,356.2762,2025-12-21 14:00:00
377.75,261.64374,2025-12-21 14:00:00
431.0,281.59418,2025-12-21 15:00:00
666.0,361.60336,2025-12-21 15:00:00
407.0,276.0711,2025-12-21 15:00:00
454.0,297.51324,2025-12-21 15:00:00
452.75,259.22708,2025-12-21 15:00:00
455.0,300.7495,2025-12-21 16:00:00
461.0,269.48932,2025-12-21 16:00:00
759.0,349.83356,2025-12-21 16:00:00
481.0,293.4951,2025-12-21 16:00:00
528.0,278.15994,2025-12-21 16:00:00
553.0,318.8754,2025-12-21 17:00:00
506.0,293.39218,2025-12-21 17:00:00
692.0,369.99036,2025-12-21 17:00:00
423.0,324.6345,2025-12-21 17:00:00
560.0,298.92487,2025-12-21 17:00:00
581.0,321.1415,2025-12-21 18:00:00
812.0,362.0446,2025-12-21 18:00:00
652.0,350.44772,2025-12-21 18:00:00
471.0,324.83383,2025-12-21 18:00:00
615.75,308.63565,2025-12-21 18:00:00
737.0,354.88864,2025-12-21 19:00:00
676.0,307.93463,2025-12-21 19:00:00
617.0,373.3073,2025-12-21 19:00:00
690.0,375.69632,2025-12-21 19:00:00
619.5,325.9275,2025-12-21 19:00:00
754.0,411.18826,2025-12-21 20:00:00
647.0,403.64655,2025-12-21 20:00:00
559.0,274.43814,2025-12-21 20:00:00
647.0,330.59787,2025-12-21 20:00:00
827.0,358.28784,2025-12-21 20:00:00
777.0,523.72675,2025-12-21 21:00:00
714.0,405.14645,2025-12-21 21:00:00
653.0,329.79303,2025-12-21 21:00:00
611.5,303.3642,2025-12-21 21:00:00
931.0,363.56445,2025-12-21 21:00:00
763.0,478.18167,2025-12-21 22:00:00
662.75,330.7875,2025-12-21 22:00:00
620.0,334.3871,2025-12-21 22:00:00
759.0,374.64114,2025-12-21 22:00:00
787.0,334.05942,2025-12-21 22:00:00
632.0,342.53946,2025-12-21 23:00:00
657.0,330.0368,2025-12-21 23:00:00
818.0,484.5114,2025-12-21 23:00:00
644.6666666666666,326.78253,2025-12-21 23:00:00
685.0,359.0889,2025-12-21 23:00:00
615.0,355.98047,2025-12-22 00:00:00
666.0,325.99445,2025-12-22 00:00:00
598.0,389.21057,2025-12-22 00:00:00
629.75,343.23203,2025-12-22 00:00:00
746.0,432.57553,2025-12-22 00:00:00
589.0,355.21613,2025-12-22 01:00:00
565.0,436.4237,2025-12-22 01:00:00
527.0,347.36105,2025-12-22 01:00:00
653.0,309.47424,2025-12-22 01:00:00
626.75,333.72476,2025-12-22 01:00:00
483.0,350.03824,2025-12-22 02:00:00
604.0,300.45618,2025-12-22 02:00:00
563.0,429.02655,2025-12-22 02:00:00
569.0,296.8764,2025-12-22 02:00:00
552.0,337.63647,2025-12-22 02:00:00
557.75,267.96072,2025-12-22 03:00:00
521.0,270.91266,2025-12-22 03:00:00
462.0,321.49344,2025-12-22 03:00:00
558.0,294.1317,2025-12-22 03:00:00
543.0,380.4318,2025-12-22 03:00:00
526.0,263.85532,2025-12-22 04:00:00
527.5,255.67752,2025-12-22 04:00:00
439.0,242.03304,2025-12-22 04:00:00
596.0,327.3974,2025-12-22 04:00:00
432.0,300.90973,2025-12-22 04:00:00
374.0,229.28146,2025-12-22 05:00:00
458.0,235.33153,2025-12-22 05:00:00
481.0,252.0325,2025-12-22 05:00:00
450.0,268.68112,2025-12-22 05:00:00
492.0,331.19324,2025-12-22 05:00:00
426.0,230.32883,2025-12-22 06:00:00
401.75,264.0715,2025-12-22 06:00:00
395.0,254.97575,2025-12-22 06:00:00
469.0,327.85278,2025-12-22 06:00:00
254.0,231.06897,2025-12-22 06:00:00
327.0,260.28183,2025-12-22 07:00:00
433.0,361.3535,2025-12-22 07:00:00
213.0,253.87318,2025-12-22 07:00:00
369.0,260.4203,2025-12-22 07:00:00
423.0,234.68263,2025-12-22 07:00:00
383.0,400.1634,2025-12-22 08:00:00
309.0,295.17355,2025-12-22 08:00:00
213.0,268.03635,2025-12-22 08:00:00
345.75,268.0936,2025-12-22 08:00:00
368.0,283.45816,2025-12-22 08:00:00
232.0,288.75293,2025-12-22 09:00:00
309.0,410.51938,2025-12-22 09:00:00
343.0,308.1686,2025-12-22 09:00:00
340.0,304.9708,2025-12-22 09:00:00
340.75,267.08795,2025-12-22 09:00:00
237.0,303.0522,2025-12-22 10:00:00
389.0,305.80237,2025-12-22 10:00:00
322.0,372.51016,2025-12-22 10:00:00
362.0,296.9027,2025-12-22 10:00:00
384.0,275.13638,2025-12-22 10:00:00
409.0,304.40317,2025-12-22 11:00:00
283.0,260.82196,2025-12-22 11:00:00
252.0,270.69586,2025-12-22 11:00:00
367.0,389.07974,2025-12-22 11:00:00
372.5,267.94962,2025-12-22 11:00:00
290.0,268.704,2025-12-22 12:00:00
381.75,276.33142,2025-12-22 12:00:00
396.0,357.51093,2025-12-22 12:00:00
254.0,309.6682,2025-12-22 12:00:00
388.0,388.57642,2025-12-22 12:00:00
278.0,320.1971,2025-12-22 13:00:00
378.0,394.01114,2025-12-22 13:00:00
346.0,369.31033,2025-12-22 13:00:00
335.75,274.56674,2025-12-22 13:00:00
299.0,335.6123,2025-12-22 13:00:00
293.0,347.6453,2025-12-22 14:00:00
326.0,329.974,2025-12-22 14:00:00
279.0,343.2268,2025-12-22 14:00:00
281.0,299.39987,2025-12-22 14:00:00
362.0,395.2067,2025-12-22 14:00:00
259.0,310.40433,2025-12-22 15:00:00
272.0,382.41534,2025-12-22 15:00:00
313.0,428.50668,2025-12-22 15:00:00
260.0,362.70728,2025-12-22 15:00:00
282.0,411.57736,2025-12-22 15:00:00
260.0,395.26364,2025-12-22 16:00:00
222.0,333.28036,2025-12-22 16:00:00
294.0,395.72012,2025-12-22 16:00:00
219.75,310.3874,2025-12-22 16:00:00
282.0,458.66107,2025-12-22 16:00:00
263.0,441.07394,2025-12-22 17:00:00
322.0,430.73465,2025-12-22 17:00:00
245.0,403.9589,2025-12-22 17:00:00
238.25,324.2624,2025-12-22 17:00:00
300.0,436.24695,2025-12-22 17:00:00
284.0,342.22806,2025-12-22 18:00:00
416.0,460.46533,2025-12-22 18:00:00
305.0,471.08685,2025-12-22 18:00:00
333.0,441.05124,2025-12-22 18:00:00
277.0,463.5002,2025-12-22 18:00:00
334.0,534.0529,2025-12-22 19:00:00
367.0,427.2692,2025-12-22 19:00:00
370.0,628.63904,2025-12-22 19:00:00
312.0,499.55908,2025-12-22 19:00:00
331.75,440.3809,2025-12-22 19:00:00
447.0,505.99576,2025-12-22 20:00:00
373.0,572.25726,2025-12-22 20:00:00
503.0,620.1959,2025-12-22 20:00:00
367.0,498.33307,2025-12-22 20:00:00
320.0,533.3741,2025-12-22 20:00:00
385.0,524.48553,2025-12-22 21:00:00
357.75,505.12424,2025-12-22 21:00:00
373.0,572.1268,2025-12-22 21:00:00
298.0,564.9028,2025-12-22 21:00:00
438.0,665.43646,2025-12-22 21:00:00
299.0,566.25696,2025-12-22 22:00:00
337.0,539.33826,2025-12-22 22:00:00
357.75,513.06323,2025-12-22 22:00:00
295.0,543.4714,2025-12-22 22:00:00
389.0,667.5555,2025-12-22 22:00:00
50.5,437.15173,2025-12-22 23:00:00
266.0,492.19104,2025-12-22 23:00:00
354.0,637.2631,2025-12-22 23:00:00
285.0,461.6967,2025-12-22 23:00:00
287.0,492.3788,2025-12-22 23:00:00
243.0,454.13464,2025-12-23 00:00:00
266.0,461.2291,2025-12-23 00:00:00
244.0,447.86832,2025-12-23 00:00:00
294.0,640.36316,2025-12-23 00:00:00
206.25,509.24463,2025-12-23 00:00:00
221.0,438.81448,2025-12-23 01:00:00
198.25,451.56735,2025-12-23 01:00:00
237.0,546.06116,2025-12-23 01:00:00
216.0,411.52737,2025-12-23 01:00:00
235.0,420.49918,2025-12-23 01:00:00
205.0,387.67303,2025-12-23 02:00:00
197.0,372.83936,2025-12-23 02:00:00
206.0,379.89276,2025-12-23 02:00:00
188.0,363.92426,2025-12-23 02:00:00
199.0,460.74576,2025-12-23 02:00:00
194.0,365.8544,2025-12-23 03:00:00
188.0,416.6597,2025-12-23 03:00:00
190.0,366.80112,2025-12-23 03:00:00
206.0,358.696,2025-12-23 03:00:00
178.5,365.54953,2025-12-23 03:00:00
166.0,419.70068,2025-12-23 04:00:00
160.0,331.75806,2025-12-23 04:00:00
183.75,339.69415,2025-12-23 04:00:00
193.0,299.4494,2025-12-23 04:00:00
206.0,363.08087,2025-12-23 04:00:00
141.0,399.19736,2025-12-23 05:00:00
160.0,310.9697,2025-12-23 05:00:00
196.0,282.33755,2025-12-23 05:00:00
206.0,328.86224,2025-12-23 05:00:00
177.25,323.19977,2025-12-23 05:00:00
124.0,304.65884,2025-12-23 06:00:00
166.0,370.96274,2025-12-23 06:00:00
150.5,304.8959,2025-12-23 06:00:00
112.0,271.87958,2025-12-23 06:00:00
163.0,256.4899,2025-12-23 06:00:00
135.0,222.32585,2025-12-23 07:00:00
174.0,348.4897,2025-12-23 07:00:00
112.0,260.8019,2025-12-23 07:00:00
135.0,235.68199,2025-12-23 07:00:00
114.0,320.7206,2025-12-23 07:00:00
127.0,273.77252,2025-12-23 08:00:00
144.0,224.19289,2025-12-23 08:00:00
152.0,295.69656,2025-12-23 08:00:00
122.0,269.79645,2025-12-23 08:00:00
163.0,324.8258,2025-12-23 08:00:00
153.0,333.60358,2025-12-23 09:00:00
168.33333333333334,261.93155,2025-12-23 09:00:00
153.0,313.09564,2025-12-23 09:00:00
140.0,293.65137,2025-12-23 09:00:00
677.0,287.87595,2025-12-23 09:00:00
239.0,381.5839,2025-12-23 10:00:00
163.0,333.98206,2025-12-23 10:00:00
153.0,333.55603,2025-12-23 10:00:00
167.25,330.16745,2025-12-23 10:00:00
147.0,385.76016,2025-12-23 10:00:00
172.0,339.6832,2025-12-23 11:00:00
211.0,372.5234,2025-12-23 11:00:00
129.0,332.94598,2025-12-23 11:00:00
152.75,309.54465,2025-12-23 11:00:00
143.0,358.51746,2025-12-23 11:00:00
113.25,315.98672,2025-12-23 12:00:00
139.0,350.44522,2025-12-23 12:00:00
177.0,330.0631,2025-12-23 12:00:00
178.0,376.27017,2025-12-23 12:00:00
149.0,358.94296,2025-12-23 12:00:00
101.0,322.63824,2025-12-23 13:00:00
152.0,299.71704,2025-12-23 13:00:00
178.0,410.1053,2025-12-23 13:00:00
138.0,341.19424,2025-12-23 13:00:00
83.5,303.55664,2025-12-23 13:00:00
86.0,294.95862,2025-12-23 14:00:00
138.0,324.7407,2025-12-23 14:00:00
107.0,271.70773,2025-12-23 14:00:00
74.5,274.26395,2025-12-23 14:00:00
163.0,406.0127,2025-12-23 14:00:00
71.75,225.1871,2025-12-23 15:00:00
99.0,299.10443,2025-12-23 15:00:00
111.0,287.7751,2025-12-23 15:00:00
99.0,284.0658,2025-12-23 15:00:00
130.0,364.47403,2025-12-23 15:00:00
71.75,214.13205,2025-12-23 16:00:00
129.0,322.08038,2025-12-23 16:00:00
112.0,270.4977,2025-12-23 16:00:00
102.0,265.9721,2025-12-23 16:00:00
163.0,335.55774,2025-12-23 16:00:00
213.0,402.77127,2025-12-23 17:00:00
125.0,334.44626,2025-12-23 17:00:00
114.0,300.08182,2025-12-23 17:00:00
107.0,300.1089,2025-12-23 17:00:00
71.75,219.4167,2025-12-23 17:00:00
317.0,458.85754,2025-12-23 18:00:00
155.0,340.6917,2025-12-23 18:00:00
72.33333333333333,272.50302,2025-12-23 18:00:00
121.0,350.512,2025-12-23 18:00:00
151.0,393.89163,2025-12-23 18:00:00
185.0,402.94363,2025-12-23 19:00:00
222.75,348.48123,2025-12-23 19:00:00
208.0,427.4464,2025-12-23 19:00:00
400.0,454.87305,2025-12-23 19:00:00
155.0,372.1063,2025-12-23 19:00:00
254.0,384.03366,2025-12-23 20:00:00
355.0,411.03342,2025-12-23 20:00:00
257.5,356.3664,2025-12-23 20:00:00
331.0,447.43472,2025-12-23 20:00:00
515.0,547.59674,2025-12-23 20:00:00
328.0,423.89587,2025-12-23 21:00:00
269.0,428.28003,2025-12-23 21:00:00
292.5,365.79007,2025-12-23 21:00:00
410.0,386.3495,2025-12-23 21:00:00
536.0,554.86334,2025-12-23 21:00:00
323.0,357.62445,2025-12-23 22:00:00
707.0,545.1009,2025-12-23 22:00:00
333.0,414.06226,2025-12-23 22:00:00
299.0,378.43842,2025-12-23 22:00:00
324.0,415.4624,2025-12-23 22:00:00
290.0,404.98508,2025-12-23 23:00:00
293.0,410.37622,2025-12-23 23:00:00
355.0,361.63425,2025-12-23 23:00:00
330.0,268.8254,2025-12-23 23:00:00
817.0,540.23334,2025-12-23 23:00:00
234.0,310.79767,2025-12-24 00:00:00
312.0,338.382,2025-12-24 00:00:00
473.0,493.32217,2025-12-24 00:00:00
345.0,374.695,2025-12-24 00:00:00
333.75,325.28677,2025-12-24 00:00:00
292.5,254.53436,2025-12-24 01:00:00
232.0,302.09262,2025-12-24 01:00:00
295.0,293.5221,2025-12-24 01:00:00
229.0,299.93762,2025-12-24 01:00:00
571.0,449.9887,2025-12-24 01:00:00
196.0,282.92908,2025-12-24 02:00:00
241.0,266.37097,2025-12-24 02:00:00
274.5,238.08046,2025-12-24 02:00:00
414.0,342.6051,2025-12-24 02:00:00
178.0,290.6119,2025-12-24 02:00:00
245.75,241.50644,2025-12-24 03:00:00
204.0,269.75555,2025-12-24 03:00:00
423.0,289.88608,2025-12-24 03:00:00
164.0,273.53214,2025-12-24 03:00:00
175.0,264.97186,2025-12-24 03:00:00
337.0,272.26224,2025-12-24 04:00:00
171.0,255.40462,2025-12-24 04:00:00
125.0,247.97572,2025-12-24 04:00:00
179.0,250.46312,2025-12-24 04:00:00
208.25,236.01164,2025-12-24 04:00:00
119.0,226.94945,2025-12-24 05:00:00
172.75,228.39886,2025-12-24 05:00:00
194.0,241.50093,2025-12-24 05:00:00
172.0,232.34088,2025-12-24 05:00:00
370.0,261.0783,2025-12-24 05:00:00
129.0,229.43,2025-12-24 06:00:00
132.0,260.3796,2025-12-24 06:00:00
162.0,213.61923,2025-12-24 06:00:00
294.0,254.62027,2025-12-24 06:00:00
161.0,231.58008,2025-12-24 06:00:00
151.0,225.11765,2025-12-24 07:00:00
123.75,237.1254,2025-12-24 07:00:00
139.0,235.64186,2025-12-24 07:00:00
321.0,300.36188,2025-12-24 07:00:00
167.0,248.1915,2025-12-24 07:00:00
153.0,250.59198,2025-12-24 08:00:00
152.0,274.0821,2025-12-24 08:00:00
197.0,240.20085,2025-12-24 08:00:00
467.0,319.61243,2025-12-24 08:00:00
145.5,242.44089,2025-12-24 08:00:00
177.0,243.49982,2025-12-24 09:00:00
159.75,232.30788,2025-12-24 09:00:00
191.0,289.7862,2025-12-24 09:00:00
164.0,284.506,2025-12-24 09:00:00
323.0,422.41635,2025-12-24 09:00:00
158.0,249.20926,2025-12-24 10:00:00
194.0,255.25488,2025-12-24 10:00:00
493.0,367.87396,2025-12-24 10:00:00
197.75,246.24962,2025-12-24 10:00:00
164.0,265.91254,2025-12-24 10:00:00
249.0,245.80417,2025-12-24 11:00:00
183.0,252.09114,2025-12-24 11:00:00
199.0,342.89215,2025-12-24 11:00:00
207.75,231.32838,2025-12-24 11:00:00
156.0,212.59927,2025-12-24 11:00:00
251.0,235.7055,2025-12-24 12:00:00
211.0,264.169,2025-12-24 12:00:00
189.25,200.41164,2025-12-24 12:00:00
193.0,179.85223,2025-12-24 12:00:00
219.0,216.12857,2025-12-24 12:00:00
226.0,213.90787,2025-12-24 13:00:00
178.0,180.26416,2025-12-24 13:00:00
191.25,152.25644,2025-12-24 13:00:00
186.0,182.58188,2025-12-24 13:00:00
260.0,261.92603,2025-12-24 13:00:00
158.75,132.69968,2025-12-24 14:00:00
191.0,188.24582,2025-12-24 14:00:00
208.0,182.80461,2025-12-24 14:00:00
254.0,236.97655,2025-12-24 14:00:00
184.0,152.99228,2025-12-24 14:00:00
140.5,136.5498,2025-12-24 15:00:00
144.0,143.2038,2025-12-24 15:00:00
161.0,158.24667,2025-12-24 15:00:00
168.0,179.3336,2025-12-24 15:00:00
290.0,216.71332,2025-12-24 15:00:00
182.0,155.50533,2025-12-24 16:00:00
266.0,243.21451,2025-12-24 16:00:00
140.75,147.1582,2025-12-24 16:00:00
138.0,165.28152,2025-12-24 16:00:00
121.0,140.48305,2025-12-24 16:00:00
122.0,157.04846,2025-12-24 17:00:00
298.0,258.5468,2025-12-24 17:00:00
141.5,144.60808,2025-12-24 17:00:00
156.0,181.05473,2025-12-24 17:00:00
189.0,157.70035,2025-12-24 17:00:00
167.0,203.75578,2025-12-24 18:00:00
246.0,222.31094,2025-12-24 18:00:00
543.0,352.41275,2025-12-24 18:00:00
193.0,150.71869,2025-12-24 18:00:00
384.0,241.2217,2025-12-24 18:00:00
287.0,245.89165,2025-12-24 19:00:00
448.0,262.85843,2025-12-24 19:00:00
477.0,435.50583,2025-12-24 19:00:00
497.0,414.05795,2025-12-24 19:00:00
279.5,244.42264,2025-12-24 19:00:00
632.0,522.3942,2025-12-24 20:00:00
442.0,342.06192,2025-12-24 20:00:00
591.0,408.3478,2025-12-24 20:00:00
477.0,467.73624,2025-12-24 20:00:00
343.25,268.5082,2025-12-24 20:00:00
534.0,402.62076,2025-12-24 21:00:00
405.75,335.36163,2025-12-24 21:00:00
503.0,433.2693,2025-12-24 21:00:00
622.0,405.5298,2025-12-24 21:00:00
806.0,628.39264,2025-12-24 21:00:00
622.0,391.2496,2025-12-24 22:00:00
923.0,585.6304,2025-12-24 22:00:00
458.0,473.4534,2025-12-24 22:00:00
465.75,382.27478,2025-12-24 22:00:00
665.0,396.28793,2025-12-24 22:00:00
859.0,655.05194,2025-12-24 23:00:00
458.0,440.9943,2025-12-24 23:00:00
622.0,408.63898,2025-12-24 23:00:00
718.0,429.27866,2025-12-24 23:00:00
442.6666666666667,413.15778,2025-12-24 23:00:00
633.0,341.6358,2025-12-25 00:00:00
852.0,505.1154,2025-12-25 00:00:00
622.0,370.02536,2025-12-25 00:00:00
489.25,359.45178,2025-12-25 00:00:00
338.0,372.80722,2025-12-25 00:00:00
820.0,492.01657,2025-12-25 01:00:00
327.0,316.87262,2025-12-25 01:00:00
509.0,335.17688,2025-12-25 01:00:00
528.75,347.01657,2025-12-25 01:00:00
631.0,343.3468,2025-12-25 01:00:00
428.0,305.55777,2025-12-25 02:00:00
722.0,385.4226,2025-12-25 02:00:00
510.5,310.24072,2025-12-25 02:00:00
602.0,309.5687,2025-12-25 02:00:00
295.0,300.98334,2025-12-25 02:00:00
542.0,284.10934,2025-12-25 03:00:00
518.0,313.18216,2025-12-25 03:00:00
298.0,276.6996,2025-12-25 03:00:00
381.0,247.48622,2025-12-25 03:00:00
782.0,400.21948,2025-12-25 03:00:00
708.0,401.52765,2025-12-25 04:00:00
481.0,266.2581,2025-12-25 04:00:00
310.0,234.6338,2025-12-25 04:00:00
517.0,258.43127,2025-12-25 04:00:00
288.0,257.13098,2025-12-25 04:00:00
224.0,239.81735,2025-12-25 05:00:00
692.0,389.4946,2025-12-25 05:00:00
413.0,231.5229,2025-12-25 05:00:00
476.0,226.24869,2025-12-25 05:00:00
294.0,211.14903,2025-12-25 05:00:00
307.0,198.64574,2025-12-25 06:00:00
434.0,246.62079,2025-12-25 06:00:00
361.75,235.75447,2025-12-25 06:00:00
693.0,406.7352,2025-12-25 06:00:00
218.0,236.97166,2025-12-25 06:00:00
219.0,271.6319,2025-12-25 07:00:00
295.5,224.8033,2025-12-25 07:00:00
559.0,440.9588,2025-12-25 07:00:00
235.0,211.74681,2025-12-25 07:00:00
245.0,198.34561,2025-12-25 07:00:00
237.0,295.68805,2025-12-25 08:00:00
260.0,272.80722,2025-12-25 08:00:00
473.0,450.96063,2025-12-25 08:00:00
239.0,214.37646,2025-12-25 08:00:00
218.0,234.48457,2025-12-25 08:00:00
331.0,479.9526,2025-12-25 09:00:00
211.75,254.14876,2025-12-25 09:00:00
390.0,285.45654,2025-12-25 09:00:00
349.0,307.891,2025-12-25 09:00:00
265.0,299.10867,2025-12-25 09:00:00
183.0,301.4292,2025-12-25 10:00:00
440.0,458.6892,2025-12-25 10:00:00
434.0,298.48096,2025-12-25 10:00:00
259.0,302.77722,2025-12-25 10:00:00
185.25,298.48038,2025-12-25 10:00:00
201.0,226.7659,2025-12-25 11:00:00
190.0,269.05923,2025-12-25 11:00:00
193.25,238.01141,2025-12-25 11:00:00
269.0,319.36264,2025-12-25 11:00:00
269.0,290.66962,2025-12-25 11:00:00
361.0,364.86426,2025-12-25 12:00:00
255.0,266.48593,2025-12-25 12:00:00
201.75,227.41788,2025-12-25 12:00:00
179.0,255.27519,2025-12-25 12:00:00
150.0,236.80882,2025-12-25 12:00:00
261.0,237.08344,2025-12-25 13:00:00
255.0,369.5349,2025-12-25 13:00:00
182.0,195.23267,2025-12-25 13:00:00
167.0,222.11281,2025-12-25 13:00:00
145.0,230.5166,2025-12-25 13:00:00
197.0,198.5598,2025-12-25 14:00:00
147.0,222.47131,2025-12-25 14:00:00
168.0,206.55342,2025-12-25 14:00:00
184.0,306.19418,2025-12-25 14:00:00
184.5,176.13878,2025-12-25 14:00:00
178.0,169.5264,2025-12-25 15:00:00
191.0,153.22667,2025-12-25 15:00:00
172.0,158.8151,2025-12-25 15:00:00
176.25,153.7749,2025-12-25 15:00:00
191.0,297.99326,2025-12-25 15:00:00
175.0,197.6695,2025-12-25 16:00:00
184.0,139.63365,2025-12-25 16:00:00
180.0,274.6536,2025-12-25 16:00:00
189.25,157.15009,2025-12-25 16:00:00
185.0,154.69011,2025-12-25 16:00:00
194.0,191.006,2025-12-25 17:00:00
185.0,355.99155,2025-12-25 17:00:00
190.0,192.83163,2025-12-25 17:00:00
180.0,141.83264,2025-12-25 17:00:00
201.0,193.41435,2025-12-25 17:00:00
243.0,381.44232,2025-12-25 18:00:00
296.0,331.1117,2025-12-25 18:00:00
256.0,189.23611,2025-12-25 18:00:00
223.0,221.75902,2025-12-25 18:00:00
292.25,230.82942,2025-12-25 18:00:00
326.0,272.37656,2025-12-25 19:00:00
436.0,371.0061,2025-12-25 19:00:00
364.25,295.2203,2025-12-25 19:00:00
353.0,386.20963,2025-12-25 19:00:00
367.0,450.84152,2025-12-25 19:00:00
481.0,351.03625,2025-12-25 20:00:00
455.0,339.9054,2025-12-25 20:00:00
494.0,358.72916,2025-12-25 20:00:00
384.0,377.35663,2025-12-25 20:00:00
523.0,537.0705,2025-12-25 20:00:00
455.0,419.29587,2025-12-25 21:00:00
548.0,373.82642,2025-12-25 21:00:00
483.25,341.6008,2025-12-25 21:00:00
545.0,415.09586,2025-12-25 21:00:00
687.0,526.8536,2025-12-25 21:00:00
553.0,374.6326,2025-12-25 22:00:00
692.0,297.03372,2025-12-25 22:00:00
770.0,549.3597,2025-12-25 22:00:00
504.5,323.6492,2025-12-25 22:00:00
467.0,360.40698,2025-12-25 22:00:00
754.0,556.3257,2025-12-25 23:00:00
538.0,290.13028,2025-12-25 23:00:00
536.0,346.23267,2025-12-25 23:00:00
569.0,403.53525,2025-12-25 23:00:00
478.0,323.88406,2025-12-25 23:00:00
489.0,325.22174,2025-12-26 00:00:00
628.0,299.40073,2025-12-26 00:00:00
487.0,323.1913,2025-12-26 00:00:00
790.0,524.0847,2025-12-26 00:00:00
558.0,298.88657,2025-12-26 00:00:00
513.25,229.25305,2025-12-26 01:00:00
560.0,306.35242,2025-12-26 01:00:00
438.0,325.99902,2025-12-26 01:00:00
674.0,442.69934,2025-12-26 01:00:00
494.0,280.57687,2025-12-26 01:00:00
515.0,276.4273,2025-12-26 02:00:00
426.0,308.77185,2025-12-26 02:00:00
498.5,253.2583,2025-12-26 02:00:00
486.0,287.03482,2025-12-26 02:00:00
525.0,508.8646,2025-12-26 02:00:00
477.0,442.05542,2025-12-26 03:00:00
488.0,293.40375,2025-12-26 03:00:00
412.0,288.81296,2025-12-26 03:00:00
488.25,284.143,2025-12-26 03:00:00
392.0,288.1873,2025-12-26 03:00:00
523.0,415.34427,2025-12-26 04:00:00
400.0,286.48248,2025-12-26 04:00:00
439.0,287.73486,2025-12-26 04:00:00
459.5,300.4361,2025-12-26 04:00:00
389.0,251.8104,2025-12-26 04:00:00
554.0,358.36972,2025-12-26 05:00:00
357.0,253.08228,2025-12-26 05:00:00
431.0,282.46414,2025-12-26 05:00:00
370.0,242.5634,2025-12-26 05:00:00
406.25,272.4447,2025-12-26 05:00:00
859.0,359.2499,2025-12-26 06:00:00
384.0,263.50977,2025-12-26 06:00:00
395.0,286.7032,2025-12-26 06:00:00
366.0,254.14735,2025-12-26 06:00:00
393.25,237.74861,2025-12-26 06:00:00
345.0,261.1736,2025-12-26 07:00:00
392.0,242.37459,2025-12-26 07:00:00
592.0,317.79422,2025-12-26 07:00:00
358.25,192.78812,2025-12-26 07:00:00
296.0,273.65652,2025-12-26 07:00:00
409.0,281.48355,2025-12-26 08:00:00
267.0,271.30682,2025-12-26 08:00:00
365.0,269.96982,2025-12-26 08:00:00
352.0,160.30856,2025-12-26 08:00:00
510.0,362.4178,2025-12-26 08:00:00
450.0,318.89154,2025-12-26 09:00:00
288.0,285.53946,2025-12-26 09:00:00
393.25,151.23203,2025-12-26 09:00:00
349.0,297.00974,2025-12-26 09:00:00
418.0,273.576,2025-12-26 09:00:00
460.0,177.45656,2025-12-26 10:00:00
469.0,331.73038,2025-12-26 10:00:00
300.0,239.68866,2025-12-26 10:00:00
426.0,309.39627,2025-12-26 10:00:00
428.0,264.19952,2025-12-26 10:00:00
447.0,289.13852,2025-12-26 11:00:00
516.0,290.79288,2025-12-26 11:00:00
355.0,268.32962,2025-12-26 11:00:00
329.0,261.11572,2025-12-26 11:00:00
419.75,204.5069,2025-12-26 11:00:00
398.0,281.96188,2025-12-26 12:00:00
373.0,288.6768,2025-12-26 12:00:00
367.0,344.4947,2025-12-26 12:00:00
342.25,229.19737,2025-12-26 12:00:00
365.0,246.63226,2025-12-26 12:00:00
345.0,236.04361,2025-12-26 13:00:00
339.0,316.17776,2025-12-26 13:00:00
289.75,193.38725,2025-12-26 13:00:00
295.0,268.56927,2025-12-26 13:00:00
296.0,279.10684,2025-12-26 13:00:00
273.0,197.91086,2025-12-26 14:00:00
259.0,179.36053,2025-12-26 14:00:00
359.0,304.11063,2025-12-26 14:00:00
227.0,222.75475,2025-12-26 14:00:00
304.0,182.50552,2025-12-26 14:00:00
208.0,197.02188,2025-12-26 15:00:00
260.0,173.02702,2025-12-26 15:00:00
307.0,274.14648,2025-12-26 15:00:00
261.0,153.92691,2025-12-26 15:00:00
259.5,174.32924,2025-12-26 15:00:00
356.0,205.1695,2025-12-26 16:00:00
261.0,143.20447,2025-12-26 16:00:00
260.0,171.8562,2025-12-26 16:00:00
236.75,147.3247,2025-12-26 16:00:00
219.0,145.495,2025-12-26 16:00:00
227.0,147.04445,2025-12-26 17:00:00
167.0,173.01051,2025-12-26 17:00:00
317.0,231.42126,2025-12-26 17:00:00
328.0,175.41783,2025-12-26 17:00:00
208.0,151.55376,2025-12-26 17:00:00
322.0,273.6841,2025-12-26 18:00:00
304.0,177.8093,2025-12-26 18:00:00
256.0,235.57622,2025-12-26 18:00:00
504.0,343.33777,2025-12-26 18:00:00
216.75,185.87755,2025-12-26 18:00:00
603.0,369.9433,2025-12-26 19:00:00
395.0,299.65863,2025-12-26 19:00:00
449.0,383.1756,2025-12-26 19:00:00
274.5,276.6068,2025-12-26 19:00:00
329.0,392.90112,2025-12-26 19:00:00
611.0,436.9519,2025-12-26 20:00:00
505.0,382.60403,2025-12-26 20:00:00
469.0,471.80652,2025-12-26 20:00:00
330.75,313.20865,2025-12-26 20:00:00
686.0,449.06412,2025-12-26 20:00:00
509.0,596.6157,2025-12-26 21:00:00
753.0,465.8071,2025-12-26 21:00:00
414.75,354.84045,2025-12-26 21:00:00
582.0,453.1318,2025-12-26 21:00:00
658.0,592.377,2025-12-26 21:00:00
444.75,300.37503,2025-12-26 22:00:00
714.0,417.1258,2025-12-26 22:00:00
609.0,388.30707,2025-12-26 22:00:00
572.0,529.38745,2025-12-26 22:00:00
605.0,510.0888,2025-12-26 22:00:00
574.0,489.23776,2025-12-26 23:00:00
737.0,495.3691,2025-12-26 23:00:00
627.0,344.39526,2025-12-26 23:00:00
431.0,312.10666,2025-12-26 23:00:00
664.0,387.5436,2025-12-26 23:00:00
447.5,399.6914,2025-12-27 00:00:00
548.0,523.0536,2025-12-27 00:00:00
752.0,573.7638,2025-12-27 00:00:00
583.0,416.8023,2025-12-27 00:00:00
657.0,442.32205,2025-12-27 00:00:00
431.0,399.42825,2025-12-27 01:00:00
574.0,424.25766,2025-12-27 01:00:00
720.0,577.9167,2025-12-27 01:00:00
489.0,393.246,2025-12-27 01:00:00
494.0,406.38333,2025-12-27 01:00:00
455.0,396.04517,2025-12-27 02:00:00
458.25,387.3657,2025-12-27 02:00:00
410.0,379.45316,2025-12-27 02:00:00
574.0,405.03378,2025-12-27 02:00:00
763.0,523.64954,2025-12-27 02:00:00
687.0,507.98544,2025-12-27 03:00:00
440.0,382.5212,2025-12-27 03:00:00
527.0,443.961,2025-12-27 03:00:00
366.0,395.36353,2025-12-27 03:00:00
475.75,410.62494,2025-12-27 03:00:00
715.0,441.04822,2025-12-27 04:00:00
331.0,355.4526,2025-12-27 04:00:00
484.5,321.71985,2025-12-27 04:00:00
462.0,346.43283,2025-12-27 04:00:00
412.0,299.52225,2025-12-27 04:00:00
647.0,403.3019,2025-12-27 05:00:00
481.0,351.0066,2025-12-27 05:00:00
280.0,344.31525,2025-12-27 05:00:00
389.0,295.19803,2025-12-27 05:00:00
448.75,304.48328,2025-12-27 05:00:00
263.0,359.5681,2025-12-27 06:00:00
460.0,313.73822,2025-12-27 06:00:00
345.75,257.82452,2025-12-27 06:00:00
334.0,300.0788,2025-12-27 06:00:00
611.0,481.76318,2025-12-27 06:00:00
287.0,229.12677,2025-12-27 07:00:00
348.0,295.0076,2025-12-27 07:00:00
548.0,466.84665,2025-12-27 07:00:00
252.0,329.28076,2025-12-27 07:00:00
451.0,283.98807,2025-12-27 07:00:00
244.0,366.79306,2025-12-27 08:00:00
277.75,241.84492,2025-12-27 08:00:00
346.0,303.3575,2025-12-27 08:00:00
494.0,439.82947,2025-12-27 08:00:00
373.0,317.39267,2025-12-27 08:00:00
241.0,346.817,2025-12-27 09:00:00
338.0,314.87912,2025-12-27 09:00:00
394.0,391.2165,2025-12-27 09:00:00
291.25,269.6165,2025-12-27 09:00:00
361.0,353.01968,2025-12-27 09:00:00
313.0,331.6464,2025-12-27 10:00:00
364.0,311.6937,2025-12-27 10:00:00
797.0,354.09274,2025-12-27 10:00:00
240.0,336.5942,2025-12-27 10:00:00
333.75,238.03679,2025-12-27 10:00:00
465.0,347.36484,2025-12-27 11:00:00
273.0,326.44135,2025-12-27 11:00:00
335.0,302.98947,2025-12-27 11:00:00
349.25,248.21455,2025-12-27 11:00:00
293.0,292.52716,2025-12-27 11:00:00
302.0,264.41406,2025-12-27 12:00:00
279.0,287.9475,2025-12-27 12:00:00
320.5,227.48212,2025-12-27 12:00:00
422.0,311.1988,2025-12-27 12:00:00
249.0,281.6993,2025-12-27 12:00:00
458.0,344.1426,2025-12-27 13:00:00
261.0,270.48782,2025-12-27 13:00:00
252.0,256.7115,2025-12-27 13:00:00
335.0,240.14404,2025-12-27 13:00:00
301.0,218.60696,2025-12-27 13:00:00
245.0,239.15765,2025-12-27 14:00:00
238.0,232.36739,2025-12-27 14:00:00
304.0,227.21559,2025-12-27 14:00:00
462.0,329.3658,2025-12-27 14:00:00
294.0,223.43333,2025-12-27 14:00:00
265.0,228.21745,2025-12-27 15:00:00
224.0,237.43904,2025-12-27 15:00:00
254.0,193.3443,2025-12-27 15:00:00
379.0,334.9902,2025-12-27 15:00:00
211.0,220.6924,2025-12-27 15:00:00
244.0,158.49197,2025-12-27 16:00:00
248.0,211.78479,2025-12-27 16:00:00
432.0,333.71106,2025-12-27 16:00:00
228.0,211.86865,2025-12-27 16:00:00
223.0,163.93292,2025-12-27 16:00:00
234.0,277.05566,2025-12-27 17:00:00
283.0,166.8221,2025-12-27 17:00:00
336.25,141.99945,2025-12-27 17:00:00
401.0,300.1332,2025-12-27 17:00:00
266.0,172.00348,2025-12-27 17:00:00
440.0,262.75546,2025-12-27 18:00:00
372.0,240.93178,2025-12-27 18:00:00
599.0,354.61197,2025-12-27 18:00:00
316.0,329.42026,2025-12-27 18:00:00
349.75,160.64673,2025-12-27 18:00:00
533.0,307.8461,2025-12-27 19:00:00
378.0,356.655,2025-12-27 19:00:00
454.0,413.8077,2025-12-27 19:00:00
504.0,450.27853,2025-12-27 19:00:00
394.75,250.33675,2025-12-27 19:00:00
525.0,369.86652,2025-12-27 20:00:00
571.0,536.1227,2025-12-27 20:00:00
412.5,306.34235,2025-12-27 20:00:00
455.0,462.5167,2025-12-27 20:00:00
532.0,582.425,2025-12-27 20:00:00
683.0,430.03397,2025-12-27 21:00:00
406.0,510.66663,2025-12-27 21:00:00
493.5,323.80334,2025-12-27 21:00:00
611.0,621.2596,2025-12-27 21:00:00
483.0,423.80493,2025-12-27 21:00:00
609.0,356.5442,2025-12-27 22:00:00
718.0,482.08585,2025-12-27 22:00:00
381.0,419.74142,2025-12-27 22:00:00
565.0,592.91504,2025-12-27 22:00:00
508.0,526.331,2025-12-27 22:00:00
653.0,397.34653,2025-12-27 23:00:00
466.0,373.23935,2025-12-27 23:00:00
690.0,621.1085,2025-12-27 23:00:00
649.3333333333334,371.71173,2025-12-27 23:00:00
659.0,431.2455,2025-12-27 23:00:00
609.0,374.04977,2025-12-28 00:00:00
648.0,406.1338,2025-12-28 00:00:00
675.0,469.3844,2025-12-28 00:00:00
630.0,463.1949,2025-12-28 00:00:00
793.0,559.8495,2025-12-28 00:00:00
626.0,488.46466,2025-12-28 01:00:00
632.0,379.37732,2025-12-28 01:00:00
632.0,519.4147,2025-12-28 01:00:00
709.0,629.1672,2025-12-28 01:00:00
461.25,437.593,2025-12-28 01:00:00
412.75,411.03174,2025-12-28 02:00:00
583.0,598.8839,2025-12-28 02:00:00
467.0,379.25803,2025-12-28 02:00:00
627.0,500.0655,2025-12-28 02:00:00
583.0,482.7001,2025-12-28 02:00:00
399.0,466.26175,2025-12-28 03:00:00
536.0,503.1011,2025-12-28 03:00:00
365.0,375.5601,2025-12-28 03:00:00
571.0,370.13974,2025-12-28 03:00:00
303.0,377.73724,2025-12-28 03:00:00
317.0,403.73486,2025-12-28 04:00:00
460.0,339.8178,2025-12-28 04:00:00
298.0,397.5667,2025-12-28 04:00:00
318.75,289.99524,2025-12-28 04:00:00
505.0,455.25278,2025-12-28 04:00:00
454.0,328.92215,2025-12-28 05:00:00
373.0,301.7573,2025-12-28 05:00:00
266.0,293.48444,2025-12-28 05:00:00
354.0,448.50742,2025-12-28 05:00:00
224.0,313.3053,2025-12-28 05:00:00
357.0,497.76712,2025-12-28 06:00:00
324.25,197.62247,2025-12-28 06:00:00
218.0,251.16028,2025-12-28 06:00:00
449.0,395.57156,2025-12-28 06:00:00
265.0,257.63113,2025-12-28 06:00:00
432.0,507.49738,2025-12-28 07:00:00
251.0,293.75674,2025-12-28 07:00:00
440.0,283.86148,2025-12-28 07:00:00
222.0,276.59308,2025-12-28 07:00:00
302.25,183.19643,2025-12-28 07:00:00
240.0,264.33597,2025-12-28 08:00:00
289.25,174.73712,2025-12-28 08:00:00
447.0,502.22275,2025-12-28 08:00:00
411.0,263.31564,2025-12-28 08:00:00
249.0,299.62097,2025-12-28 08:00:00
415.0,346.6275,2025-12-28 09:00:00
262.0,244.50294,2025-12-28 09:00:00
282.0,317.81763,2025-12-28 09:00:00
461.0,415.6883,2025-12-28 09:00:00
260.5,221.35286,2025-12-28 09:00:00
333.0,359.95792,2025-12-28 10:00:00
321.25,264.90967,2025-12-28 10:00:00
552.0,442.1114,2025-12-28 10:00:00
304.0,348.1854,2025-12-28 10:00:00
274.0,266.58603,2025-12-28 10:00:00
506.0,409.87228,2025-12-28 11:00:00
343.25,217.98596,2025-12-28 11:00:00
276.0,270.0909,2025-12-28 11:00:00
353.0,365.8167,2025-12-28 11:00:00
353.0,290.88992,2025-12-28 11:00:00
392.0,375.8431,2025-12-28 12:00:00
353.0,348.92706,2025-12-28 12:00:00
334.5,275.78976,2025-12-28 12:00:00
373.0,331.39902,2025-12-28 12:00:00
261.0,365.66568,2025-12-28 12:00:00
319.75,298.06146,2025-12-28 13:00:00
389.0,384.55493,2025-12-28 13:00:00
387.0,323.15277,2025-12-28 13:00:00
274.0,363.10666,2025-12-28 13:00:00
339.0,348.6285,2025-12-28 13:00:00
345.0,295.38477,2025-12-28 14:00:00
326.0,280.68613,2025-12-28 14:00:00
366.0,356.4874,2025-12-28 14:00:00
342.0,352.24188,2025-12-28 14:00:00
296.0,320.53174,2025-12-28 14:00:00
293.0,241.02574,2025-12-28 15:00:00
393.0,257.49014,2025-12-28 15:00:00
346.75,214.55713,2025-12-28 15:00:00
343.0,282.82953,2025-12-28 15:00:00
332.0,311.83038,2025-12-28 15:00:00
421.0,341.9743,2025-12-28 16:00:00
276.0,253.36348,2025-12-28 16:00:00
354.0,267.7261,2025-12-28 16:00:00
371.75,244.85306,2025-12-28 16:00:00
326.0,314.17075,2025-12-28 16:00:00
416.25,238.51456,2025-12-28 17:00:00
407.0,364.27856,2025-12-28 17:00:00
309.0,277.25137,2025-12-28 17:00:00
290.0,239.30327,2025-12-28 17:00:00
376.0,227.48389,2025-12-28 17:00:00
329.0,326.59833,2025-12-28 18:00:00
354.0,281.3155,2025-12-28 18:00:00
425.25,213.95673,2025-12-28 18:00:00
398.0,277.66238,2025-12-28 18:00:00
545.0,459.1362,2025-12-28 18:00:00
349.0,312.8834,2025-12-28 19:00:00
415.0,361.02753,2025-12-28 19:00:00
624.0,506.10175,2025-12-28 19:00:00
387.5,258.91385,2025-12-28 19:00:00
328.0,357.185,2025-12-28 19:00:00
429.0,322.92575,2025-12-28 20:00:00
334.0,373.44992,2025-12-28 20:00:00
387.0,198.2095,2025-12-28 20:00:00
453.0,316.23563,2025-12-28 20:00:00
585.0,449.5357,2025-12-28 20:00:00
556.0,480.13327,2025-12-28 21:00:00
364.0,244.85106,2025-12-28 21:00:00
506.0,325.53842,2025-12-28 21:00:00
426.0,297.84418,2025-12-28 21:00:00
420.75,243.35745,2025-12-28 21:00:00
536.0,282.7478,2025-12-28 22:00:00
550.0,588.6264,2025-12-28 22:00:00
455.5,261.16235,2025-12-28 22:00:00
458.0,309.82785,2025-12-28 22:00:00
403.0,283.64816,2025-12-28 22:00:00
527.0,288.75565,2025-12-28 23:00:00
578.0,505.86267,2025-12-28 23:00:00
434.6666666666667,241.29521,2025-12-28 23:00:00
282.0,303.5417,2025-12-28 23:00:00
506.0,259.19366,2025-12-28 23:00:00
227.0,342.8256,2025-12-29 00:00:00
550.0,441.04938,2025-12-29 00:00:00
379.5,374.30942,2025-12-29 00:00:00
495.0,515.4418,2025-12-29 00:00:00
354.0,311.16336,2025-12-29 00:00:00
291.0,349.42087,2025-12-29 01:00:00
505.0,515.69763,2025-12-29 01:00:00
234.0,364.58536,2025-12-29 01:00:00
359.0,363.4554,2025-12-29 01:00:00
558.0,346.41217,2025-12-29 01:00:00
353.75,220.15848,2025-12-29 02:00:00
311.0,316.0065,2025-12-29 02:00:00
350.0,305.22934,2025-12-29 02:00:00
508.0,399.11954,2025-12-29 02:00:00
245.0,281.3939,2025-12-29 02:00:00
302.0,237.57814,2025-12-29 03:00:00
483.0,386.9919,2025-12-29 03:00:00
353.0,286.51483,2025-12-29 03:00:00
350.25,256.615,2025-12-29 03:00:00
417.0,292.728,2025-12-29 03:00:00
266.0,283.40945,2025-12-29 04:00:00
372.0,255.74156,2025-12-29 04:00:00
358.0,269.20718,2025-12-29 04:00:00
403.0,248.35283,2025-12-29 04:00:00
439.0,393.93842,2025-12-29 04:00:00
326.0,262.9096,2025-12-29 05:00:00
384.0,481.40305,2025-12-29 05:00:00
345.25,280.83517,2025-12-29 05:00:00
316.0,209.43239,2025-12-29 05:00:00
395.0,255.64275,2025-12-29 05:00:00
429.0,405.32776,2025-12-29 06:00:00
338.0,270.1643,2025-12-29 06:00:00
337.0,288.00122,2025-12-29 06:00:00
389.0,333.27707,2025-12-29 06:00:00
356.5,189.126,2025-12-29 06:00:00
344.0,288.04025,2025-12-29 07:00:00
364.0,314.53503,2025-12-29 07:00:00
376.5,208.89166,2025-12-29 07:00:00
338.0,268.72882,2025-12-29 07:00:00
436.0,446.74326,2025-12-29 07:00:00
368.0,278.7451,2025-12-29 08:00:00
351.0,297.60587,2025-12-29 08:00:00
339.0,285.02673,2025-12-29 08:00:00
471.0,413.46762,2025-12-29 08:00:00
389.25,227.80893,2025-12-29 08:00:00
456.0,374.51553,2025-12-29 09:00:00
326.0,320.27603,2025-12-29 09:00:00
373.0,255.60559,2025-12-29 09:00:00
384.5,191.86618,2025-12-29 09:00:00
366.0,266.54443,2025-12-29 09:00:00
248.0,262.8216,2025-12-29 10:00:00
448.0,285.19012,2025-12-29 10:00:00
391.75,236.32237,2025-12-29 10:00:00
498.0,429.63217,2025-12-29 10:00:00
385.0,247.58882,2025-12-29 10:00:00
432.0,299.61346,2025-12-29 11:00:00
459.0,223.33493,2025-12-29 11:00:00
393.0,262.26544,2025-12-29 11:00:00
403.0,204.50214,2025-12-29 11:00:00
265.0,315.89914,2025-12-29 11:00:00
495.0,286.5396,2025-12-29 12:00:00
393.25,160.48288,2025-12-29 12:00:00
370.0,259.7812,2025-12-29 12:00:00
257.0,248.8197,2025-12-29 12:00:00
461.0,252.34741,2025-12-29 12:00:00
310.25,254.6583,2025-12-29 13:00:00
464.0,371.9273,2025-12-29 13:00:00
278.0,387.68793,2025-12-29 13:00:00
451.0,320.07413,2025-12-29 13:00:00
343.0,326.46307,2025-12-29 13:00:00
522.0,352.6906,2025-12-29 14:00:00
257.0,363.30017,2025-12-29 14:00:00
265.0,326.05658,2025-12-29 14:00:00
362.0,296.10852,2025-12-29 14:00:00
203.75,235.70045,2025-12-29 14:00:00
291.0,308.42133,2025-12-29 15:00:00
498.0,333.72128,2025-12-29 15:00:00
188.0,295.74408,2025-12-29 15:00:00
177.5,288.3908,2025-12-29 15:00:00
229.0,334.5156,2025-12-29 15:00:00
186.5,281.16772,2025-12-29 16:00:00
360.0,344.95877,2025-12-29 16:00:00
202.0,289.37418,2025-12-29 16:00:00
127.0,316.19733,2025-12-29 16:00:00
191.0,301.284,2025-12-29 16:00:00
399.0,395.47665,2025-12-29 17:00:00
144.0,328.18347,2025-12-29 17:00:00
217.25,297.02567,2025-12-29 17:00:00
257.0,304.81503,2025-12-29 17:00:00
175.0,372.97318,2025-12-29 17:00:00
229.0,333.20203,2025-12-29 18:00:00
348.0,345.7747,2025-12-29 18:00:00
298.75,328.58444,2025-12-29 18:00:00
549.0,499.1911,2025-12-29 18:00:00
191.0,340.1899,2025-12-29 18:00:00
365.0,367.6411,2025-12-29 19:00:00
543.0,516.2841,2025-12-29 19:00:00
388.0,423.93085,2025-12-29 19:00:00
344.0,394.57483,2025-12-29 19:00:00
415.25,367.6545,2025-12-29 19:00:00
373.0,475.6025,2025-12-29 20:00:00
519.0,381.18753,2025-12-29 20:00:00
798.0,495.73938,2025-12-29 20:00:00
544.0,456.21112,2025-12-29 20:00:00
478.25,314.44556,2025-12-29 20:00:00
467.0,377.33633,2025-12-29 21:00:00
490.5,341.1629,2025-12-29 21:00:00
509.0,402.18564,2025-12-29 21:00:00
670.0,463.1713,2025-12-29 21:00:00
720.0,509.13672,2025-12-29 21:00:00
599.0,375.2853,2025-12-29 22:00:00
802.0,547.1838,2025-12-29 22:00:00
841.0,436.18033,2025-12-29 22:00:00
444.0,305.99774,2025-12-29 22:00:00
474.5,405.16058,2025-12-29 22:00:00
495.0,401.33044,2025-12-29 23:00:00
775.0,358.2764,2025-12-29 23:00:00
823.0,565.5141,2025-12-29 23:00:00
536.0,366.086,2025-12-29 23:00:00
503.6666666666667,360.0154,2025-12-29 23:00:00
493.0,466.0992,2025-12-30 00:00:00
920.0,298.87805,2025-12-30 00:00:00
606.0,486.23645,2025-12-30 00:00:00
831.0,503.764,2025-12-30 00:00:00
578.25,372.28546,2025-12-30 00:00:00
545.0,352.9206,2025-12-30 01:00:00
447.0,402.2522,2025-12-30 01:00:00
624.0,253.60718,2025-12-30 01:00:00
660.0,503.77695,2025-12-30 01:00:00
539.0,379.59915,2025-12-30 01:00:00
482.0,466.59662,2025-12-30 02:00:00
634.0,248.59265,2025-12-30 02:00:00
472.0,336.0987,2025-12-30 02:00:00
431.0,377.39124,2025-12-30 02:00:00
506.0,366.52002,2025-12-30 02:00:00
422.0,336.2649,2025-12-30 03:00:00
650.0,204.29651,2025-12-30 03:00:00
488.0,484.49643,2025-12-30 03:00:00
431.0,415.3388,2025-12-30 03:00:00
509.0,350.7975,2025-12-30 03:00:00
431.0,288.40695,2025-12-30 04:00:00
556.0,284.62598,2025-12-30 04:00:00
583.25,194.29205,2025-12-30 04:00:00
410.0,503.89005,2025-12-30 04:00:00
405.0,251.25829,2025-12-30 04:00:00
394.0,232.94,2025-12-30 05:00:00
474.75,202.56529,2025-12-30 05:00:00
431.0,285.40298,2025-12-30 05:00:00
385.0,411.18283,2025-12-30 05:00:00
617.0,276.0921,2025-12-30 05:00:00
423.0,392.2591,2025-12-30 06:00:00
536.0,274.43854,2025-12-30 06:00:00
434.0,256.28204,2025-12-30 06:00:00
431.25,212.24588,2025-12-30 06:00:00
611.0,294.58823,2025-12-30 06:00:00
337.0,239.71085,2025-12-30 07:00:00
450.0,253.55489,2025-12-30 07:00:00
344.5,222.34207,2025-12-30 07:00:00
455.0,405.1834,2025-12-30 07:00:00
536.0,269.44403,2025-12-30 07:00:00
401.0,293.35175,2025-12-30 08:00:00
249.0,413.41296,2025-12-30 08:00:00
233.0,270.98126,2025-12-30 08:00:00
274.0,311.13406,2025-12-30 08:00:00
297.25,226.33604,2025-12-30 08:00:00
297.0,217.97491,2025-12-30 09:00:00
241.0,328.86514,2025-12-30 09:00:00
248.0,422.71298,2025-12-30 09:00:00
235.0,307.1417,2025-12-30 09:00:00
205.0,285.04407,2025-12-30 09:00:00
196.0,335.2682,2025-12-30 10:00:00
206.0,263.2115,2025-12-30 10:00:00
284.5,272.93753,2025-12-30 10:00:00
287.0,509.70724,2025-12-30 10:00:00
227.0,271.79495,2025-12-30 10:00:00
254.0,321.4258,2025-12-30 11:00:00
227.0,275.7201,2025-12-30 11:00:00
288.75,211.72458,2025-12-30 11:00:00
230.0,470.01627,2025-12-30 11:00:00
257.0,293.866,2025-12-30 11:00:00
322.0,179.77676,2025-12-30 12:00:00
259.0,331.6403,2025-12-30 12:00:00
224.0,309.102,2025-12-30 12:00:00
249.0,404.42096,2025-12-30 12:00:00
221.0,324.3515,2025-12-30 12:00:00
256.0,333.2382,2025-12-30 13:00:00
341.25,260.0595,2025-12-30 13:00:00
245.0,275.06824,2025-12-30 13:00:00
284.0,381.53537,2025-12-30 13:00:00
223.0,291.9724,2025-12-30 13:00:00
251.0,257.64056,2025-12-30 14:00:00
353.75,215.31561,2025-12-30 14:00:00
251.0,328.30954,2025-12-30 14:00:00
298.0,264.64236,2025-12-30 14:00:00
296.0,375.01004,2025-12-30 14:00:00
269.0,276.22324,2025-12-30 15:00:00
274.0,270.3153,2025-12-30 15:00:00
296.0,246.91064,2025-12-30 15:00:00
395.0,228.78743,2025-12-30 15:00:00
329.0,375.19263,2025-12-30 15:00:00
331.0,213.35419,2025-12-30 16:00:00
335.0,222.5326,2025-12-30 16:00:00
344.0,334.14523,2025-12-30 16:00:00
424.25,217.0321,2025-12-30 16:00:00
276.0,248.97081,2025-12-30 16:00:00
379.0,290.46106,2025-12-30 17:00:00
420.5,248.00534,2025-12-30 17:00:00
398.0,392.43127,2025-12-30 17:00:00
295.0,233.49603,2025-12-30 17:00:00
300.0,237.95631,2025-12-30 17:00:00
331.0,251.69171,2025-12-30 18:00:00
404.5,340.24826,2025-12-30 18:00:00
317.0,256.25314,2025-12-30 18:00:00
385.0,342.07373,2025-12-30 18:00:00
428.0,504.44135,2025-12-30 18:00:00
376.0,364.48282,2025-12-30 19:00:00
404.5,343.87592,2025-12-30 19:00:00
527.0,562.06,2025-12-30 19:00:00
354.0,385.16498,2025-12-30 19:00:00
356.0,335.42874,2025-12-30 19:00:00
388.0,458.70563,2025-12-30 20:00:00
585.0,579.4016,2025-12-30 20:00:00
396.0,409.76028,2025-12-30 20:00:00
383.0,399.35208,2025-12-30 20:00:00
127.33333333333331,350.62402,2025-12-30 20:00:00
399.0,485.3199,2025-12-30 21:00:00
403.0,489.97876,2025-12-30 21:00:00
348.3333333333333,357.31326,2025-12-30 21:00:00
477.0,483.13278,2025-12-30 21:00:00
395.0,506.6659,2025-12-30 21:00:00
490.0,487.31622,2025-12-30 22:00:00
355.5,365.70734,2025-12-30 22:00:00
421.0,393.9966,2025-12-30 22:00:00
395.0,457.98468,2025-12-30 22:00:00
385.0,460.88135,2025-12-30 22:00:00
360.0,431.70773,2025-12-30 23:00:00
395.0,417.57242,2025-12-30 23:00:00
404.0,387.75705,2025-12-30 23:00:00
401.0,566.90936,2025-12-30 23:00:00
536.0,502.35837,2025-12-30 23:00:00
