actual,predicted,timestamp
32.0,43.13938,2025-07-02 06:00:00
13.275,20.037512,2025-07-02 06:00:00
14.15,12.478048,2025-07-02 06:00:00
14.625,37.62305,2025-07-02 06:00:00
12.9,12.629684,2025-07-02 06:00:00
13.75,22.08883,2025-07-02 07:00:00
33.375,42.24221,2025-07-02 07:00:00
15.775,11.726495,2025-07-02 07:00:00
13.5,13.7825985,2025-07-02 07:00:00
13.075,16.046568,2025-07-02 07:00:00
12.5,14.619466,2025-07-02 08:00:00
17.0,10.862952,2025-07-02 08:00:00
12.85,15.490563,2025-07-02 08:00:00
12.2,18.424566,2025-07-02 08:00:00
36.2,40.862743,2025-07-02 08:00:00
17.0,11.22385,2025-07-02 09:00:00
11.65,14.028634,2025-07-02 09:00:00
34.625,42.823,2025-07-02 09:00:00
13.5,20.413988,2025-07-02 09:00:00
14.0,16.72995,2025-07-02 09:00:00
11.1,12.741893,2025-07-02 10:00:00
16.975,10.806498,2025-07-02 10:00:00
20.65,22.667646,2025-07-02 10:00:00
39.025,38.1523,2025-07-02 10:00:00
13.5,16.625418,2025-07-02 10:00:00
14.025,16.618309,2025-07-02 11:00:00
21.8,20.4192,2025-07-02 11:00:00
14.65,12.604558,2025-07-02 11:00:00
41.0,34.83233,2025-07-02 11:00:00
17.475,9.972054,2025-07-02 11:00:00
13.025,13.519681,2025-07-02 12:00:00
21.8,24.389902,2025-07-02 12:00:00
16.225,11.522852,2025-07-02 12:00:00
13.6,15.981377,2025-07-02 12:00:00
41.1,40.809185,2025-07-02 12:00:00
13.4,14.882418,2025-07-02 13:00:00
13.475,13.915344,2025-07-02 13:00:00
42.625,43.725838,2025-07-02 13:00:00
15.225,12.399982,2025-07-02 13:00:00
53.95,23.374105,2025-07-02 13:00:00
13.425,13.872273,2025-07-02 14:00:00
119.75,21.737133,2025-07-02 14:00:00
44.45,40.215103,2025-07-02 14:00:00
15.1,12.913553,2025-07-02 14:00:00
13.925,12.322469,2025-07-02 14:00:00
13.875,13.761692,2025-07-02 15:00:00
14.675,12.24362,2025-07-02 15:00:00
16.15,15.182501,2025-07-02 15:00:00
44.9,28.851637,2025-07-02 15:00:00
119.75,19.668486,2025-07-02 15:00:00
46.45,31.80737,2025-07-02 16:00:00
14.525,12.125304,2025-07-02 16:00:00
12.65,13.734441,2025-07-02 16:00:00
119.75,16.643774,2025-07-02 16:00:00
12.775,17.28,2025-07-02 16:00:00
14.475,11.126835,2025-07-02 17:00:00
49.6,26.03738,2025-07-02 17:00:00
16.0,13.889827,2025-07-02 17:00:00
12.15,13.761252,2025-07-02 17:00:00
10.975,15.000418,2025-07-02 17:00:00
50.575,35.610275,2025-07-02 18:00:00
11.325,12.918396,2025-07-02 18:00:00
26.175,16.38384,2025-07-02 18:00:00
11.725,15.250901,2025-07-02 18:00:00
14.15,10.892611,2025-07-02 18:00:00
11.975,15.056885,2025-07-02 19:00:00
14.7,10.351442,2025-07-02 19:00:00
12.875,15.093401,2025-07-02 19:00:00
28.0,21.485817,2025-07-02 19:00:00
52.525000000000006,30.062983,2025-07-02 19:00:00
29.075,20.140879,2025-07-02 20:00:00
16.675,11.005429,2025-07-02 20:00:00
11.25,14.065302,2025-07-02 20:00:00
12.275,13.651873,2025-07-02 20:00:00
60.575,32.967915,2025-07-02 20:00:00
17.0,10.543651,2025-07-02 21:00:00
12.4,15.68329,2025-07-02 21:00:00
12.65,14.270002,2025-07-02 21:00:00
28.0,22.039007,2025-07-02 21:00:00
57.95,30.334375,2025-07-02 21:00:00
12.625,15.014362,2025-07-02 22:00:00
17.225,9.704248,2025-07-02 22:00:00
11.875,14.174845,2025-07-02 22:00:00
19.925,23.15223,2025-07-02 22:00:00
58.65,29.713621,2025-07-02 22:00:00
12.0,14.920621,2025-07-02 23:00:00
60.95,34.762997,2025-07-02 23:00:00
18.35,18.567003,2025-07-02 23:00:00
11.675,14.124956,2025-07-02 23:00:00
17.333333333333332,9.722631,2025-07-02 23:00:00
20.366666666666667,24.358925,2025-07-03 00:00:00
12.55,10.350299,2025-07-03 00:00:00
14.4,16.367035,2025-07-03 00:00:00
11.8,13.411028,2025-07-03 00:00:00
19.025,18.651905,2025-07-03 00:00:00
20.95,14.235459,2025-07-03 01:00:00
19.525,32.28705,2025-07-03 01:00:00
10.15,11.555911,2025-07-03 01:00:00
12.7,16.796558,2025-07-03 01:00:00
18.675,15.674976,2025-07-03 01:00:00
12.1,12.994432,2025-07-03 02:00:00
15.1,14.572789,2025-07-03 02:00:00
21.6,38.567905,2025-07-03 02:00:00
43.45,17.278826,2025-07-03 02:00:00
10.15,12.015513,2025-07-03 02:00:00
10.75,11.956098,2025-07-03 03:00:00
13.35,12.779559,2025-07-03 03:00:00
22.775,41.352562,2025-07-03 03:00:00
17.2,12.751128,2025-07-03 03:00:00
36.775,18.376295,2025-07-03 03:00:00
18.625,12.791175,2025-07-03 04:00:00
24.325,46.907803,2025-07-03 04:00:00
12.6,12.745628,2025-07-03 04:00:00
28.75,18.55369,2025-07-03 04:00:00
11.55,11.514143,2025-07-03 04:00:00
25.925,17.664244,2025-07-03 05:00:00
13.175,13.216915,2025-07-03 05:00:00
29.175,40.63604,2025-07-03 05:00:00
10.975,11.695649,2025-07-03 05:00:00
20.55,20.340038,2025-07-03 05:00:00
16.725,13.7903185,2025-07-03 06:00:00
12.525,12.663837,2025-07-03 06:00:00
29.875,43.929287,2025-07-03 06:00:00
11.675,12.540676,2025-07-03 06:00:00
18.6,15.96764,2025-07-03 06:00:00
14.625,14.043534,2025-07-03 07:00:00
20.35,16.006254,2025-07-03 07:00:00
32.35,40.139328,2025-07-03 07:00:00
13.275,13.329753,2025-07-03 07:00:00
12.075,13.423496,2025-07-03 07:00:00
17.875,16.335798,2025-07-03 08:00:00
14.4,13.635588,2025-07-03 08:00:00
13.675,12.588877,2025-07-03 08:00:00
29.4,32.639397,2025-07-03 08:00:00
14.675,14.315962,2025-07-03 08:00:00
16.325,15.217908,2025-07-03 09:00:00
15.6,13.199894,2025-07-03 09:00:00
11.75,13.487149,2025-07-03 09:00:00
18.5,15.669866,2025-07-03 09:00:00
31.375,31.876152,2025-07-03 09:00:00
23.575,16.970789,2025-07-03 10:00:00
20.0,15.262617,2025-07-03 10:00:00
12.15,12.621808,2025-07-03 10:00:00
16.3,12.597374,2025-07-03 10:00:00
36.15,35.999233,2025-07-03 10:00:00
41.675,41.689266,2025-07-03 11:00:00
16.425,12.137603,2025-07-03 11:00:00
21.325,15.036025,2025-07-03 11:00:00
13.975,13.004561,2025-07-03 11:00:00
25.075,16.987066,2025-07-03 11:00:00
23.975,18.043259,2025-07-03 12:00:00
22.9,16.080244,2025-07-03 12:00:00
40.525,42.062874,2025-07-03 12:00:00
16.625,11.765159,2025-07-03 12:00:00
13.35,12.053211,2025-07-03 12:00:00
41.15,41.6797,2025-07-03 13:00:00
16.6,12.186078,2025-07-03 13:00:00
17.225,15.456033,2025-07-03 13:00:00
14.5,12.8774805,2025-07-03 13:00:00
24.125,16.902775,2025-07-03 13:00:00
15.95,12.472412,2025-07-03 14:00:00
10.675,12.70555,2025-07-03 14:00:00
26.025,15.601024,2025-07-03 14:00:00
39.325,32.28389,2025-07-03 14:00:00
17.175,16.894169,2025-07-03 14:00:00
24.025,16.396923,2025-07-03 15:00:00
14.15,16.15108,2025-07-03 15:00:00
15.025,12.99725,2025-07-03 15:00:00
10.05,13.040987,2025-07-03 15:00:00
44.5,32.748837,2025-07-03 15:00:00
45.025000000000006,31.288403,2025-07-03 16:00:00
14.475,12.51142,2025-07-03 16:00:00
10.3,12.6025095,2025-07-03 16:00:00
13.275,29.601217,2025-07-03 16:00:00
12.333333333333334,16.442938,2025-07-03 16:00:00
46.675,32.862865,2025-07-03 17:00:00
9.75,14.029958,2025-07-03 17:00:00
20.75,17.174513,2025-07-03 17:00:00
14.275,12.596135,2025-07-03 17:00:00
15.775,28.245296,2025-07-03 17:00:00
24.55,26.057785,2025-07-03 18:00:00
6.0,16.931587,2025-07-03 18:00:00
49.075,39.00473,2025-07-03 18:00:00
13.75,12.309694,2025-07-03 18:00:00
13.725,13.299767,2025-07-03 18:00:00
50.725,39.287354,2025-07-03 19:00:00
13.725,12.554056,2025-07-03 19:00:00
14.275,13.2452,2025-07-03 19:00:00
30.25,37.61841,2025-07-03 19:00:00
2.6500000000000004,17.445353,2025-07-03 19:00:00
14.025,16.28088,2025-07-03 20:00:00
11.875,12.328479,2025-07-03 20:00:00
14.7,13.909151,2025-07-03 20:00:00
33.6,39.126167,2025-07-03 20:00:00
53.45,36.01567,2025-07-03 20:00:00
56.425,33.175793,2025-07-03 21:00:00
10.675,12.658249,2025-07-03 21:00:00
16.675,12.607317,2025-07-03 21:00:00
17.224999999999998,16.175493,2025-07-03 21:00:00
35.1,42.158287,2025-07-03 21:00:00
16.15,12.267173,2025-07-03 22:00:00
10.7,12.309537,2025-07-03 22:00:00
28.725,39.917385,2025-07-03 22:00:00
17.625,15.984095,2025-07-03 22:00:00
55.825,32.93938,2025-07-03 22:00:00
17.3,16.41797,2025-07-03 23:00:00
10.966666666666669,11.563258,2025-07-03 23:00:00
16.875,15.388392,2025-07-03 23:00:00
28.275,35.521942,2025-07-03 23:00:00
57.65,34.718826,2025-07-03 23:00:00
20.325,14.073221,2025-07-04 00:00:00
21.6,20.963427,2025-07-04 00:00:00
13.933333333333332,24.958664,2025-07-04 00:00:00
13.4,15.037427,2025-07-04 00:00:00
12.075,11.711889,2025-07-04 00:00:00
24.15,15.11485,2025-07-04 01:00:00
11.775,14.712741,2025-07-04 01:00:00
12.475,11.507278,2025-07-04 01:00:00
13.925,21.302298,2025-07-04 01:00:00
19.200000000000003,35.604137,2025-07-04 01:00:00
23.5,14.899783,2025-07-04 02:00:00
11.7,11.535272,2025-07-04 02:00:00
18.95,37.752422,2025-07-04 02:00:00
21.9,29.894623,2025-07-04 02:00:00
12.65,11.630962,2025-07-04 02:00:00
13.125,11.9782095,2025-07-04 03:00:00
10.1,12.092232,2025-07-04 03:00:00
21.5,15.037383,2025-07-04 03:00:00
21.075,33.9713,2025-07-04 03:00:00
18.325,33.10993,2025-07-04 03:00:00
18.825,30.43689,2025-07-04 04:00:00
10.85,11.912302,2025-07-04 04:00:00
23.15,14.811106,2025-07-04 04:00:00
14.05,11.953162,2025-07-04 04:00:00
18.5,32.25886,2025-07-04 04:00:00
14.95,12.357593,2025-07-04 05:00:00
18.1,24.846943,2025-07-04 05:00:00
12.375,14.088694,2025-07-04 05:00:00
25.65,40.066734,2025-07-04 05:00:00
25.65,15.292342,2025-07-04 05:00:00
15.75,11.403948,2025-07-04 06:00:00
25.6,15.901896,2025-07-04 06:00:00
13.1,21.081625,2025-07-04 06:00:00
25.65,37.823032,2025-07-04 06:00:00
13.25,12.536084,2025-07-04 06:00:00
10.7,13.56307,2025-07-04 07:00:00
25.375,14.35052,2025-07-04 07:00:00
16.425,11.395643,2025-07-04 07:00:00
27.275,40.724773,2025-07-04 07:00:00
14.45,12.300884,2025-07-04 07:00:00
13.4,11.597502,2025-07-04 08:00:00
16.45,11.687554,2025-07-04 08:00:00
5.975,14.637897,2025-07-04 08:00:00
26.725,15.727128,2025-07-04 08:00:00
30.55,39.1447,2025-07-04 08:00:00
28.725,35.26487,2025-07-04 09:00:00
13.925,13.980476,2025-07-04 09:00:00
16.7,11.918843,2025-07-04 09:00:00
10.75,12.675336,2025-07-04 09:00:00
25.925,15.1466255,2025-07-04 09:00:00
26.775,15.34252,2025-07-04 10:00:00
32.0,28.101292,2025-07-04 10:00:00
41.0,20.336426,2025-07-04 10:00:00
16.75,12.706569,2025-07-04 10:00:00
10.675,12.536642,2025-07-04 10:00:00
55.325,20.560425,2025-07-04 11:00:00
11.225,12.67067,2025-07-04 11:00:00
16.45,12.485269,2025-07-04 11:00:00
35.849999999999994,32.154083,2025-07-04 11:00:00
27.175,13.550594,2025-07-04 11:00:00
28.825,13.9913435,2025-07-04 12:00:00
34.050000000000004,38.013206,2025-07-04 12:00:00
16.35,12.346854,2025-07-04 12:00:00
12.675,13.1602745,2025-07-04 12:00:00
54.65,25.295618,2025-07-04 12:00:00
34.25,36.41083,2025-07-04 13:00:00
13.425,13.56117,2025-07-04 13:00:00
53.8,29.91462,2025-07-04 13:00:00
15.25,12.134642,2025-07-04 13:00:00
28.125,13.818376,2025-07-04 13:00:00
39.95,31.197044,2025-07-04 14:00:00
13.6,12.68931,2025-07-04 14:00:00
15.05,12.735497,2025-07-04 14:00:00
28.325,17.123331,2025-07-04 14:00:00
45.65,28.144857,2025-07-04 14:00:00
27.725,17.961105,2025-07-04 15:00:00
14.875,12.723166,2025-07-04 15:00:00
37.125,34.48887,2025-07-04 15:00:00
14.025,13.391145,2025-07-04 15:00:00
44.225,21.523472,2025-07-04 15:00:00
39.275,33.578762,2025-07-04 16:00:00
16.875,12.588891,2025-07-04 16:00:00
28.65,17.152418,2025-07-04 16:00:00
43.35,14.875009,2025-07-04 16:00:00
12.575,13.32102,2025-07-04 16:00:00
43.75,34.330296,2025-07-04 17:00:00
17.6,13.5251665,2025-07-04 17:00:00
11.275,11.955113,2025-07-04 17:00:00
27.95,16.641651,2025-07-04 17:00:00
45.725,13.826955,2025-07-04 17:00:00
54.625,19.007238,2025-07-04 18:00:00
16.8,13.106514,2025-07-04 18:00:00
24.225,17.882467,2025-07-04 18:00:00
11.225,12.952437,2025-07-04 18:00:00
46.075,45.83243,2025-07-04 18:00:00
23.425,12.890733,2025-07-04 19:00:00
16.4,12.6226,2025-07-04 19:00:00
47.15,44.959427,2025-07-04 19:00:00
22.766666666666666,21.43552,2025-07-04 19:00:00
14.275,14.568756,2025-07-04 19:00:00
46.525,35.420128,2025-07-04 20:00:00
14.025,12.531063,2025-07-04 20:00:00
26.4,13.591893,2025-07-04 20:00:00
21.25,22.699179,2025-07-04 20:00:00
12.925,14.037136,2025-07-04 20:00:00
12.375,12.261797,2025-07-04 21:00:00
13.525,13.005497,2025-07-04 21:00:00
16.400000000000002,26.777027,2025-07-04 21:00:00
50.95,35.85749,2025-07-04 21:00:00
27.95,15.471322,2025-07-04 21:00:00
27.95,16.673944,2025-07-04 22:00:00
11.9,11.393339,2025-07-04 22:00:00
11.025,20.992086,2025-07-04 22:00:00
12.575,12.977925,2025-07-04 22:00:00
50.95,39.809166,2025-07-04 22:00:00
28.025,16.743097,2025-07-04 23:00:00
12.825,13.129105,2025-07-04 23:00:00
49.425,37.720245,2025-07-04 23:00:00
3.5,19.011503,2025-07-04 23:00:00
11.7,11.202542,2025-07-04 23:00:00
21.9,36.27319,2025-07-05 00:00:00
24.975,16.704319,2025-07-05 00:00:00
8.325,17.747087,2025-07-05 00:00:00
13.133333333333333,12.716609,2025-07-05 00:00:00
17.3,11.858847,2025-07-05 00:00:00
28.35,19.561363,2025-07-05 01:00:00
20.925,11.4033575,2025-07-05 01:00:00
26.15,42.3422,2025-07-05 01:00:00
13.525,18.085564,2025-07-05 01:00:00
16.15,17.437698,2025-07-05 01:00:00
24.65,20.987745,2025-07-05 02:00:00
21.325,11.992645,2025-07-05 02:00:00
13.6,12.605979,2025-07-05 02:00:00
32.1,19.853924,2025-07-05 02:00:00
28.4,33.66976,2025-07-05 02:00:00
22.175,12.202466,2025-07-05 03:00:00
27.6,20.65197,2025-07-05 03:00:00
23.65,27.592873,2025-07-05 03:00:00
13.85,13.338474,2025-07-05 03:00:00
25.675,22.746685,2025-07-05 03:00:00
13.25,15.232273,2025-07-05 04:00:00
22.95,19.032553,2025-07-05 04:00:00
17.3,11.673091,2025-07-05 04:00:00
30.525,27.218859,2025-07-05 04:00:00
26.225,18.87924,2025-07-05 04:00:00
15.275,15.391523,2025-07-05 05:00:00
27.425,19.707466,2025-07-05 05:00:00
29.75,30.297094,2025-07-05 05:00:00
13.125,12.240862,2025-07-05 05:00:00
20.1,18.22787,2025-07-05 05:00:00
11.25,14.57692,2025-07-05 06:00:00
28.95,35.67783,2025-07-05 06:00:00
14.65,16.804,2025-07-05 06:00:00
26.025,23.217596,2025-07-05 06:00:00
13.65,13.071189,2025-07-05 06:00:00
14.275,12.748032,2025-07-05 07:00:00
27.125,24.127306,2025-07-05 07:00:00
10.3,14.27024,2025-07-05 07:00:00
14.425,17.141771,2025-07-05 07:00:00
28.975,37.468494,2025-07-05 07:00:00
31.05,38.395847,2025-07-05 08:00:00
13.425,12.791062,2025-07-05 08:00:00
11.55,12.903028,2025-07-05 08:00:00
14.375,15.997052,2025-07-05 08:00:00
26.95,22.38331,2025-07-05 08:00:00
11.4,13.404748,2025-07-05 09:00:00
23.700000000000003,24.573582,2025-07-05 09:00:00
36.275,43.4298,2025-07-05 09:00:00
13.275,13.164707,2025-07-05 09:00:00
14.2,14.418907,2025-07-05 09:00:00
40.0,42.731926,2025-07-05 10:00:00
14.175,13.174011,2025-07-05 10:00:00
13.675,13.60394,2025-07-05 10:00:00
27.625,22.944632,2025-07-05 10:00:00
18.675,20.083153,2025-07-05 10:00:00
29.375,22.94868,2025-07-05 11:00:00
13.575,13.005001,2025-07-05 11:00:00
14.975,13.402478,2025-07-05 11:00:00
40.525,41.90453,2025-07-05 11:00:00
20.975,26.015276,2025-07-05 11:00:00
13.975,12.849288,2025-07-05 12:00:00
44.0,41.72144,2025-07-05 12:00:00
18.8,23.99735,2025-07-05 12:00:00
20.15,13.896941,2025-07-05 12:00:00
26.675,27.694862,2025-07-05 12:00:00
22.825,13.347439,2025-07-05 13:00:00
14.3,14.214892,2025-07-05 13:00:00
23.25,25.624977,2025-07-05 13:00:00
43.05,39.241035,2025-07-05 13:00:00
19.225,20.338226,2025-07-05 13:00:00
22.8,28.613565,2025-07-05 14:00:00
12.0,18.596535,2025-07-05 14:00:00
22.65,12.980815,2025-07-05 14:00:00
14.45,14.28961,2025-07-05 14:00:00
42.8,35.418728,2025-07-05 14:00:00
23.975,29.260384,2025-07-05 15:00:00
14.95,13.625587,2025-07-05 15:00:00
22.55,12.34886,2025-07-05 15:00:00
10.9,20.15775,2025-07-05 15:00:00
48.425,32.91675,2025-07-05 15:00:00
48.95,39.889763,2025-07-05 16:00:00
14.8,13.100605,2025-07-05 16:00:00
25.425,25.836424,2025-07-05 16:00:00
15.175,13.517785,2025-07-05 16:00:00
11.925,17.691689,2025-07-05 16:00:00
14.8,13.208185,2025-07-05 17:00:00
14.125,19.682749,2025-07-05 17:00:00
15.1,11.996007,2025-07-05 17:00:00
52.425,43.66604,2025-07-05 17:00:00
26.225,25.870268,2025-07-05 17:00:00
53.75,46.433327,2025-07-05 18:00:00
26.825000000000003,25.111914,2025-07-05 18:00:00
22.55,22.210987,2025-07-05 18:00:00
15.325,12.867205,2025-07-05 18:00:00
14.8,13.274997,2025-07-05 18:00:00
14.8,13.861561,2025-07-05 19:00:00
26.4,23.388435,2025-07-05 19:00:00
55.275,36.578896,2025-07-05 19:00:00
15.525,14.3173485,2025-07-05 19:00:00
27.65,25.013708,2025-07-05 19:00:00
56.525,42.827477,2025-07-05 20:00:00
27.5,23.774317,2025-07-05 20:00:00
12.5,13.105511,2025-07-05 20:00:00
16.225,13.963165,2025-07-05 20:00:00
23.166666666666668,25.790052,2025-07-05 20:00:00
28.575,21.489971,2025-07-05 21:00:00
13.875,12.627305,2025-07-05 21:00:00
56.8,37.949883,2025-07-05 21:00:00
17.05,13.799138,2025-07-05 21:00:00
27.175,26.737543,2025-07-05 21:00:00
60.15,31.754854,2025-07-05 22:00:00
13.65,12.054397,2025-07-05 22:00:00
13.2,22.922821,2025-07-05 22:00:00
28.35,29.330956,2025-07-05 22:00:00
16.25,13.9914875,2025-07-05 22:00:00
13.633333333333333,11.54398,2025-07-05 23:00:00
13.95,17.62925,2025-07-05 23:00:00
63.325,35.80201,2025-07-05 23:00:00
28.25,29.622192,2025-07-05 23:00:00
15.625,16.988918,2025-07-05 23:00:00
14.725,14.791795,2025-07-06 00:00:00
27.53333333333333,29.3915,2025-07-06 00:00:00
12.25,12.26162,2025-07-06 00:00:00
14.166666666666666,15.360046,2025-07-06 00:00:00
23.525,29.143112,2025-07-06 00:00:00
12.925,16.529488,2025-07-06 01:00:00
25.525,30.823313,2025-07-06 01:00:00
14.775,11.873097,2025-07-06 01:00:00
11.45,12.822672,2025-07-06 01:00:00
20.75,34.672558,2025-07-06 01:00:00
13.3,14.143242,2025-07-06 02:00:00
24.8,30.925768,2025-07-06 02:00:00
20.25,16.691591,2025-07-06 02:00:00
27.3,36.178555,2025-07-06 02:00:00
12.275,12.240847,2025-07-06 02:00:00
26.35,34.14315,2025-07-06 03:00:00
22.775,20.214674,2025-07-06 03:00:00
13.125,12.215969,2025-07-06 03:00:00
23.825,38.0256,2025-07-06 03:00:00
13.525,14.183931,2025-07-06 03:00:00
21.225,33.8772,2025-07-06 04:00:00
17.45,11.782325,2025-07-06 04:00:00
12.9,14.926513,2025-07-06 04:00:00
18.625,18.838717,2025-07-06 04:00:00
28.425,29.953758,2025-07-06 04:00:00
14.325,16.643885,2025-07-06 05:00:00
19.15,36.33942,2025-07-06 05:00:00
23.1,16.860662,2025-07-06 05:00:00
29.425,34.92152,2025-07-06 05:00:00
20.1,12.191332,2025-07-06 05:00:00
12.925,15.031629,2025-07-06 06:00:00
28.4,37.441345,2025-07-06 06:00:00
20.525,12.560075,2025-07-06 06:00:00
19.55,40.44061,2025-07-06 06:00:00
14.6,13.542952,2025-07-06 06:00:00
8.55,13.899195,2025-07-06 07:00:00
14.175,13.412764,2025-07-06 07:00:00
20.9,12.517308,2025-07-06 07:00:00
21.9,35.75181,2025-07-06 07:00:00
29.5,39.325294,2025-07-06 07:00:00
31.75,39.03778,2025-07-06 08:00:00
8.225,13.498419,2025-07-06 08:00:00
24.025,37.351593,2025-07-06 08:00:00
13.85,13.7172,2025-07-06 08:00:00
15.075,12.539196,2025-07-06 08:00:00
13.725,13.729275,2025-07-06 09:00:00
23.55,34.506493,2025-07-06 09:00:00
8.95,12.672747,2025-07-06 09:00:00
34.9,34.40417,2025-07-06 09:00:00
12.225,12.884947,2025-07-06 09:00:00
12.2,13.23358,2025-07-06 10:00:00
14.425,13.17575,2025-07-06 10:00:00
25.05,18.562408,2025-07-06 10:00:00
37.075,34.851612,2025-07-06 10:00:00
23.425,34.1784,2025-07-06 10:00:00
38.45,37.07149,2025-07-06 11:00:00
21.925,27.90274,2025-07-06 11:00:00
11.175,13.614639,2025-07-06 11:00:00
42.1,19.780075,2025-07-06 11:00:00
13.325,13.28027,2025-07-06 11:00:00
9.925,13.15293,2025-07-06 12:00:00
20.8,32.45718,2025-07-06 12:00:00
41.05,38.33539,2025-07-06 12:00:00
14.075,13.478455,2025-07-06 12:00:00
39.425,20.674198,2025-07-06 12:00:00
34.425,20.56205,2025-07-06 13:00:00
42.95,35.113773,2025-07-06 13:00:00
21.325,34.05784,2025-07-06 13:00:00
12.4,13.610623,2025-07-06 13:00:00
8.425,15.096361,2025-07-06 13:00:00
25.45,19.32659,2025-07-06 14:00:00
7.875,14.4239645,2025-07-06 14:00:00
39.0,33.852165,2025-07-06 14:00:00
12.05,14.564332,2025-07-06 14:00:00
20.675,35.82689,2025-07-06 14:00:00
22.35,18.653322,2025-07-06 15:00:00
45.5,31.237743,2025-07-06 15:00:00
11.4,14.166363,2025-07-06 15:00:00
7.399999999999999,15.944306,2025-07-06 15:00:00
17.299999999999997,36.081795,2025-07-06 15:00:00
13.7,15.453651,2025-07-06 16:00:00
44.96666666666667,35.027233,2025-07-06 16:00:00
19.925,15.108066,2025-07-06 16:00:00
12.425,13.478055,2025-07-06 16:00:00
19.775,37.959473,2025-07-06 16:00:00
16.275,14.702686,2025-07-06 17:00:00
19.875,37.4926,2025-07-06 17:00:00
41.55,34.289703,2025-07-06 17:00:00
21.7,15.848649,2025-07-06 17:00:00
12.55,14.216936,2025-07-06 17:00:00
14.925,12.248526,2025-07-06 18:00:00
40.975,36.24486,2025-07-06 18:00:00
30.475,20.35468,2025-07-06 18:00:00
18.05,34.21364,2025-07-06 18:00:00
12.625,13.525685,2025-07-06 18:00:00
31.200000000000003,18.890959,2025-07-06 19:00:00
19.7,30.735573,2025-07-06 19:00:00
46.0,38.151253,2025-07-06 19:00:00
14.35,13.591885,2025-07-06 19:00:00
13.275,13.406435,2025-07-06 19:00:00
32.6,20.234436,2025-07-06 20:00:00
13.5,14.036501,2025-07-06 20:00:00
45.875,44.09788,2025-07-06 20:00:00
21.75,31.310766,2025-07-06 20:00:00
6.5,13.263742,2025-07-06 20:00:00
35.225,22.031425,2025-07-06 21:00:00
2.3,13.351921,2025-07-06 21:00:00
54.8,43.2739,2025-07-06 21:00:00
13.25,18.743984,2025-07-06 21:00:00
21.133333333333333,32.973022,2025-07-06 21:00:00
29.175,18.850092,2025-07-06 22:00:00
14.45,16.019154,2025-07-06 22:00:00
51.85,38.551224,2025-07-06 22:00:00
2.575,14.24285,2025-07-06 22:00:00
6.0,32.00645,2025-07-06 22:00:00
15.275,14.995494,2025-07-06 23:00:00
52.85,34.984768,2025-07-06 23:00:00
30.175,17.137646,2025-07-06 23:00:00
18.525,32.410336,2025-07-06 23:00:00
3.7,14.57058,2025-07-06 23:00:00
19.225,31.22909,2025-07-07 00:00:00
23.8,15.284786,2025-07-07 00:00:00
13.366666666666667,13.116448,2025-07-07 00:00:00
17.366666666666664,37.149128,2025-07-07 00:00:00
13.725,11.773354,2025-07-07 00:00:00
12.275,15.043558,2025-07-07 01:00:00
23.8,16.331245,2025-07-07 01:00:00
23.025,37.544678,2025-07-07 01:00:00
30.85,28.79365,2025-07-07 01:00:00
19.0,12.328337,2025-07-07 01:00:00
34.4,25.99852,2025-07-07 02:00:00
26.5,40.21826,2025-07-07 02:00:00
27.1,17.668116,2025-07-07 02:00:00
12.7,12.0286,2025-07-07 02:00:00
19.325000000000003,14.974491,2025-07-07 02:00:00
31.875,27.602468,2025-07-07 03:00:00
19.65,15.9494,2025-07-07 03:00:00
13.625,13.099054,2025-07-07 03:00:00
27.325,19.147404,2025-07-07 03:00:00
25.6,40.400654,2025-07-07 03:00:00
19.525,15.222052,2025-07-07 04:00:00
22.55,18.57752,2025-07-07 04:00:00
12.45,12.64807,2025-07-07 04:00:00
25.15,40.48975,2025-07-07 04:00:00
31.55,26.526329,2025-07-07 04:00:00
29.075,23.657303,2025-07-07 05:00:00
26.525,42.057705,2025-07-07 05:00:00
12.05,11.843244,2025-07-07 05:00:00
18.175,16.99301,2025-07-07 05:00:00
20.275,12.168521,2025-07-07 05:00:00
7.575,14.201562,2025-07-07 06:00:00
13.9,11.431632,2025-07-07 06:00:00
26.625,46.09423,2025-07-07 06:00:00
28.175,22.455881,2025-07-07 06:00:00
20.1,11.984095,2025-07-07 06:00:00
26.1,37.222946,2025-07-07 07:00:00
8.0,14.682074,2025-07-07 07:00:00
14.675,12.433047,2025-07-07 07:00:00
26.9,19.734064,2025-07-07 07:00:00
20.25,10.823468,2025-07-07 07:00:00
30.35,22.270588,2025-07-07 08:00:00
15.125,11.886288,2025-07-07 08:00:00
13.725,12.643703,2025-07-07 08:00:00
29.9,39.366417,2025-07-07 08:00:00
8.95,12.34421,2025-07-07 08:00:00
11.15,14.452311,2025-07-07 09:00:00
27.975,22.012875,2025-07-07 09:00:00
33.25,41.126537,2025-07-07 09:00:00
12.6,12.966146,2025-07-07 09:00:00
8.325,11.081081,2025-07-07 09:00:00
13.025,12.585854,2025-07-07 10:00:00
37.475,45.96259,2025-07-07 10:00:00
10.6,14.790094,2025-07-07 10:00:00
13.725,15.784119,2025-07-07 10:00:00
30.225,24.316517,2025-07-07 10:00:00
13.0,18.382122,2025-07-07 11:00:00
9.1,14.932156,2025-07-07 11:00:00
36.175,37.091076,2025-07-07 11:00:00
12.525,14.1334715,2025-07-07 11:00:00
27.75,22.404383,2025-07-07 11:00:00
11.925,19.09169,2025-07-07 12:00:00
25.175,16.963236,2025-07-07 12:00:00
8.275,11.361334,2025-07-07 12:00:00
39.175,37.514084,2025-07-07 12:00:00
10.575,13.207197,2025-07-07 12:00:00
13.1,14.984413,2025-07-07 13:00:00
27.55,17.575298,2025-07-07 13:00:00
17.1,17.683798,2025-07-07 13:00:00
5.675,11.434679,2025-07-07 13:00:00
37.2,36.961998,2025-07-07 13:00:00
5.425,10.406893,2025-07-07 14:00:00
10.3,17.622038,2025-07-07 14:00:00
13.3,14.725962,2025-07-07 14:00:00
30.95,20.349997,2025-07-07 14:00:00
41.55,38.51296,2025-07-07 14:00:00
4.8,11.115202,2025-07-07 15:00:00
6.1,17.40398,2025-07-07 15:00:00
43.35,36.564476,2025-07-07 15:00:00
34.725,19.685167,2025-07-07 15:00:00
12.425,14.146972,2025-07-07 15:00:00
6.15,16.340492,2025-07-07 16:00:00
39.575,19.802994,2025-07-07 16:00:00
42.7,33.345078,2025-07-07 16:00:00
13.125,10.956937,2025-07-07 16:00:00
11.5,13.194275,2025-07-07 16:00:00
11.4,12.715259,2025-07-07 17:00:00
16.825,13.196257,2025-07-07 17:00:00
38.1,17.317804,2025-07-07 17:00:00
47.425,33.053555,2025-07-07 17:00:00
7.475,16.925928,2025-07-07 17:00:00
46.05,37.712727,2025-07-07 18:00:00
14.275,22.79286,2025-07-07 18:00:00
13.1,13.946642,2025-07-07 18:00:00
38.025000000000006,18.256071,2025-07-07 18:00:00
16.075,13.179209,2025-07-07 18:00:00
13.85,12.389641,2025-07-07 19:00:00
49.725,35.141098,2025-07-07 19:00:00
15.075,20.481443,2025-07-07 19:00:00
15.5,12.382469,2025-07-07 19:00:00
37.0,18.401218,2025-07-07 19:00:00
30.6,18.339804,2025-07-07 20:00:00
16.625,21.3286,2025-07-07 20:00:00
13.925,12.826706,2025-07-07 20:00:00
52.975,38.711117,2025-07-07 20:00:00
12.2,11.14819,2025-07-07 20:00:00
10.975,9.994148,2025-07-07 21:00:00
20.225,25.22441,2025-07-07 21:00:00
49.625,39.28218,2025-07-07 21:00:00
13.8,12.405779,2025-07-07 21:00:00
25.3,19.833406,2025-07-07 21:00:00
14.125,13.333423,2025-07-07 22:00:00
13.075,19.666706,2025-07-07 22:00:00
52.725,40.894463,2025-07-07 22:00:00
31.1,18.068579,2025-07-07 22:00:00
11.2,9.450749,2025-07-07 22:00:00
29.425,17.994991,2025-07-07 23:00:00
11.033333333333331,9.228306,2025-07-07 23:00:00
14.45,15.564012,2025-07-07 23:00:00
12.575,18.639442,2025-07-07 23:00:00
54.650000000000006,43.611294,2025-07-07 23:00:00
20.23333333333333,45.815125,2025-07-08 00:00:00
11.7,18.77726,2025-07-08 00:00:00
13.866666666666667,15.186521,2025-07-08 00:00:00
15.475,10.456541,2025-07-08 00:00:00
32.65,16.672731,2025-07-08 00:00:00
17.5,11.841286,2025-07-08 01:00:00
30.1,17.300508,2025-07-08 01:00:00
19.6,44.671993,2025-07-08 01:00:00
13.375,15.307924,2025-07-08 01:00:00
7.949999999999999,22.033005,2025-07-08 01:00:00
17.35,12.454117,2025-07-08 02:00:00
12.8,12.329922,2025-07-08 02:00:00
22.5,40.764248,2025-07-08 02:00:00
11.95,20.908794,2025-07-08 02:00:00
33.0,27.072596,2025-07-08 02:00:00
15.2,12.293983,2025-07-08 03:00:00
29.775,24.798689,2025-07-08 03:00:00
17.7,12.74112,2025-07-08 03:00:00
12.125,26.380054,2025-07-08 03:00:00
22.95,45.277897,2025-07-08 03:00:00
16.675,12.893425,2025-07-08 04:00:00
25.025,44.34912,2025-07-08 04:00:00
9.225,25.127922,2025-07-08 04:00:00
15.175,11.982194,2025-07-08 04:00:00
28.475,23.483791,2025-07-08 04:00:00
5.525,22.677767,2025-07-08 05:00:00
16.175,11.827392,2025-07-08 05:00:00
13.325,12.163028,2025-07-08 05:00:00
27.325000000000003,22.061052,2025-07-08 05:00:00
27.475,43.96372,2025-07-08 05:00:00
0.2,16.302237,2025-07-08 06:00:00
16.575,12.296206,2025-07-08 06:00:00
28.7,22.688684,2025-07-08 06:00:00
21.825,36.788116,2025-07-08 06:00:00
12.75,12.535136,2025-07-08 06:00:00
27.75,26.972118,2025-07-08 07:00:00
17.45,13.097571,2025-07-08 07:00:00
14.875,14.69611,2025-07-08 07:00:00
28.15,34.371544,2025-07-08 07:00:00
0.1,13.548261,2025-07-08 07:00:00
1.65,12.446958,2025-07-08 08:00:00
14.25,13.898273,2025-07-08 08:00:00
27.975,21.858622,2025-07-08 08:00:00
27.95,40.158897,2025-07-08 08:00:00
18.525,13.065812,2025-07-08 08:00:00
13.35,14.187873,2025-07-08 09:00:00
27.8,22.348917,2025-07-08 09:00:00
1.4666666666666668,14.404855,2025-07-08 09:00:00
19.575000000000003,12.615109,2025-07-08 09:00:00
31.8,34.636055,2025-07-08 09:00:00
14.8,14.405803,2025-07-08 10:00:00
14.9,17.882942,2025-07-08 10:00:00
19.875,12.144911,2025-07-08 10:00:00
25.0,21.185482,2025-07-08 10:00:00
36.375,30.217915,2025-07-08 10:00:00
19.525,18.48423,2025-07-08 11:00:00
14.525,12.725145,2025-07-08 11:00:00
36.525,33.215954,2025-07-08 11:00:00
23.9,19.584997,2025-07-08 11:00:00
19.625,12.84077,2025-07-08 11:00:00
23.35,22.76367,2025-07-08 12:00:00
14.7,19.223032,2025-07-08 12:00:00
33.85,29.47286,2025-07-08 12:00:00
20.125,12.008994,2025-07-08 12:00:00
14.625,16.092861,2025-07-08 12:00:00
24.0,22.532011,2025-07-08 13:00:00
19.9,11.227449,2025-07-08 13:00:00
31.3,32.205635,2025-07-08 13:00:00
13.2,19.738756,2025-07-08 13:00:00
13.85,14.31364,2025-07-08 13:00:00
6.949999999999999,16.93522,2025-07-08 14:00:00
21.975,23.156885,2025-07-08 14:00:00
13.325,15.43986,2025-07-08 14:00:00
37.225,29.622984,2025-07-08 14:00:00
20.175,11.185686,2025-07-08 14:00:00
35.6,27.194778,2025-07-08 15:00:00
19.975,12.072062,2025-07-08 15:00:00
13.8,14.254581,2025-07-08 15:00:00
4.875,16.144064,2025-07-08 15:00:00
23.45,25.33242,2025-07-08 15:00:00
26.675,22.300486,2025-07-08 16:00:00
13.675,13.316828,2025-07-08 16:00:00
9.9,12.254902,2025-07-08 16:00:00
39.9,30.644733,2025-07-08 16:00:00
4.949999999999999,14.021295,2025-07-08 16:00:00
13.9,12.79086,2025-07-08 17:00:00
27.15,20.425362,2025-07-08 17:00:00
3.475,15.295144,2025-07-08 17:00:00
39.1,30.80183,2025-07-08 17:00:00
5.275,13.868304,2025-07-08 17:00:00
14.65,12.710563,2025-07-08 18:00:00
5.225,14.939026,2025-07-08 18:00:00
27.0,22.352655,2025-07-08 18:00:00
12.65,16.880547,2025-07-08 18:00:00
40.925,36.259296,2025-07-08 18:00:00
15.825,17.596594,2025-07-08 19:00:00
28.125,25.21074,2025-07-08 19:00:00
5.55,13.389963,2025-07-08 19:00:00
43.4,35.41633,2025-07-08 19:00:00
14.225,13.534043,2025-07-08 19:00:00
11.1,19.298235,2025-07-08 20:00:00
13.375,11.948401,2025-07-08 20:00:00
13.2,13.241864,2025-07-08 20:00:00
26.45,26.349012,2025-07-08 20:00:00
46.125,36.27906,2025-07-08 20:00:00
17.225,11.371064,2025-07-08 21:00:00
7.9,20.000767,2025-07-08 21:00:00
23.225,27.278856,2025-07-08 21:00:00
13.2,13.7454815,2025-07-08 21:00:00
50.975,37.257393,2025-07-08 21:00:00
47.650000000000006,32.628006,2025-07-08 22:00:00
20.7,28.807816,2025-07-08 22:00:00
1.6,18.675959,2025-07-08 22:00:00
17.475,11.652592,2025-07-08 22:00:00
14.35,13.491904,2025-07-08 22:00:00
45.175,34.24982,2025-07-08 23:00:00
14.85,16.39707,2025-07-08 23:00:00
17.766666666666666,11.639952,2025-07-08 23:00:00
20.725,29.406582,2025-07-08 23:00:00
1.6,19.500933,2025-07-08 23:00:00
27.33333333333333,27.847584,2025-07-09 00:00:00
16.225,13.001722,2025-07-09 00:00:00
7.2,15.924322,2025-07-09 00:00:00
19.6,32.229774,2025-07-09 00:00:00
13.233333333333334,17.18704,2025-07-09 00:00:00
12.525,17.273527,2025-07-09 01:00:00
28.475,40.826862,2025-07-09 01:00:00
11.525,15.556363,2025-07-09 01:00:00
21.375,30.300743,2025-07-09 01:00:00
15.05,12.94795,2025-07-09 01:00:00
10.6,13.765493,2025-07-09 02:00:00
26.9,37.414837,2025-07-09 02:00:00
24.3,16.076334,2025-07-09 02:00:00
14.9,13.524679,2025-07-09 02:00:00
26.7,34.035133,2025-07-09 02:00:00
33.2,16.483646,2025-07-09 03:00:00
11.825,14.393218,2025-07-09 03:00:00
14.95,12.09925,2025-07-09 03:00:00
27.15,33.632023,2025-07-09 03:00:00
28.325,32.202267,2025-07-09 03:00:00
20.175,11.285059,2025-07-09 04:00:00
28.125,14.80096,2025-07-09 04:00:00
23.45,34.230354,2025-07-09 04:00:00
31.65,30.860628,2025-07-09 04:00:00
11.25,12.92772,2025-07-09 04:00:00
22.725,11.3098345,2025-07-09 05:00:00
10.9,12.204879,2025-07-09 05:00:00
34.675,39.95171,2025-07-09 05:00:00
19.575,33.345707,2025-07-09 05:00:00
23.4,12.310134,2025-07-09 05:00:00
12.05,14.9687805,2025-07-09 06:00:00
13.225,12.0814705,2025-07-09 06:00:00
23.075,11.508465,2025-07-09 06:00:00
30.5,33.00619,2025-07-09 06:00:00
18.225,31.369347,2025-07-09 06:00:00
18.025,32.500767,2025-07-09 07:00:00
23.6,10.282428,2025-07-09 07:00:00
36.8,35.76322,2025-07-09 07:00:00
11.325,14.30101,2025-07-09 07:00:00
10.875,9.53518,2025-07-09 07:00:00
35.125,34.11895,2025-07-09 08:00:00
17.175,11.657361,2025-07-09 08:00:00
11.75,15.331414,2025-07-09 08:00:00
9.8,9.632972,2025-07-09 08:00:00
18.675,31.137308,2025-07-09 08:00:00
13.675,11.196417,2025-07-09 09:00:00
39.35,29.133785,2025-07-09 09:00:00
19.775,31.67793,2025-07-09 09:00:00
10.625,13.663538,2025-07-09 09:00:00
10.725,10.227439,2025-07-09 09:00:00
13.9,10.91306,2025-07-09 10:00:00
24.225,10.617236,2025-07-09 10:00:00
19.025,35.75188,2025-07-09 10:00:00
40.55,30.228956,2025-07-09 10:00:00
11.225,14.464586,2025-07-09 10:00:00
18.425,30.552994,2025-07-09 11:00:00
42.150000000000006,36.179806,2025-07-09 11:00:00
32.45,13.448648,2025-07-09 11:00:00
14.5,12.166687,2025-07-09 11:00:00
11.55,13.55454,2025-07-09 11:00:00
11.45,13.998819,2025-07-09 12:00:00
26.525,15.100301,2025-07-09 12:00:00
9.975,12.984901,2025-07-09 12:00:00
18.575,30.047146,2025-07-09 12:00:00
37.85,38.8325,2025-07-09 12:00:00
22.025,13.440403,2025-07-09 13:00:00
39.875,37.65378,2025-07-09 13:00:00
7.9,12.437104,2025-07-09 13:00:00
17.425,25.002977,2025-07-09 13:00:00
11.3,15.119269,2025-07-09 13:00:00
8.025,13.441324,2025-07-09 14:00:00
18.325,25.720144,2025-07-09 14:00:00
10.3,12.919565,2025-07-09 14:00:00
14.525,11.009498,2025-07-09 14:00:00
42.1,37.66682,2025-07-09 14:00:00
10.175,12.784875,2025-07-09 15:00:00
15.125,9.929883,2025-07-09 15:00:00
17.2,26.37102,2025-07-09 15:00:00
42.35,37.72779,2025-07-09 15:00:00
8.225,13.328518,2025-07-09 15:00:00
44.3,37.403446,2025-07-09 16:00:00
12.925,10.088205,2025-07-09 16:00:00
10.475,12.686381,2025-07-09 16:00:00
16.475,30.918415,2025-07-09 16:00:00
15.775,13.712796,2025-07-09 16:00:00
48.05,41.741272,2025-07-09 17:00:00
15.75,29.231716,2025-07-09 17:00:00
13.175,10.168005,2025-07-09 17:00:00
18.725,12.483734,2025-07-09 17:00:00
10.625,13.295437,2025-07-09 17:00:00
17.9,10.763462,2025-07-09 18:00:00
18.075,29.37627,2025-07-09 18:00:00
18.9,10.746756,2025-07-09 18:00:00
11.25,12.882094,2025-07-09 18:00:00
49.3,55.297665,2025-07-09 18:00:00
20.525,27.624266,2025-07-09 19:00:00
21.1,12.7688675,2025-07-09 19:00:00
50.625,58.05532,2025-07-09 19:00:00
17.425,10.703133,2025-07-09 19:00:00
12.25,13.730462,2025-07-09 19:00:00
11.925,11.7608595,2025-07-09 20:00:00
23.15,12.885701,2025-07-09 20:00:00
11.525,12.647172,2025-07-09 20:00:00
24.45,27.976944,2025-07-09 20:00:00
53.025,77.47671,2025-07-09 20:00:00
9.525,13.2588,2025-07-09 21:00:00
23.075,12.957602,2025-07-09 21:00:00
21.5,27.103811,2025-07-09 21:00:00
11.525,13.6528635,2025-07-09 21:00:00
50.35,75.34182,2025-07-09 21:00:00
9.625,14.025242,2025-07-09 22:00:00
11.3,14.150112,2025-07-09 22:00:00
19.625,9.049794,2025-07-09 22:00:00
19.925,27.645739,2025-07-09 22:00:00
53.9,81.9504,2025-07-09 22:00:00
11.75,17.938625,2025-07-09 23:00:00
55.125,85.14233,2025-07-09 23:00:00
10.233333333333334,12.037652,2025-07-09 23:00:00
18.925,20.58236,2025-07-09 23:00:00
20.975,7.949382,2025-07-09 23:00:00
24.6,57.117634,2025-07-10 00:00:00
12.1,18.1509,2025-07-10 00:00:00
22.2,23.352018,2025-07-10 00:00:00
19.575,6.9096518,2025-07-10 00:00:00
14.6,12.563019,2025-07-10 00:00:00
16.95,13.220992,2025-07-10 01:00:00
16.975,11.348272,2025-07-10 01:00:00
24.2,54.875736,2025-07-10 01:00:00
12.85,18.54559,2025-07-10 01:00:00
30.85,25.430708,2025-07-10 01:00:00
17.625,13.197462,2025-07-10 02:00:00
33.85,27.087542,2025-07-10 02:00:00
13.0,13.688557,2025-07-10 02:00:00
34.3,13.379985,2025-07-10 02:00:00
22.3,52.59196,2025-07-10 02:00:00
12.9,12.441098,2025-07-10 03:00:00
18.0,11.051571,2025-07-10 03:00:00
45.375,16.505993,2025-07-10 03:00:00
24.65,32.82265,2025-07-10 03:00:00
31.0,59.042965,2025-07-10 03:00:00
13.025,11.474043,2025-07-10 04:00:00
12.45,12.525563,2025-07-10 04:00:00
29.525,53.138134,2025-07-10 04:00:00
37.15,18.192411,2025-07-10 04:00:00
20.725,31.546825,2025-07-10 04:00:00
12.925,12.940415,2025-07-10 05:00:00
33.525000000000006,19.676786,2025-07-10 05:00:00
29.25,55.54995,2025-07-10 05:00:00
10.075,12.0275135,2025-07-10 05:00:00
26.475,21.974812,2025-07-10 05:00:00
23.175,14.021056,2025-07-10 06:00:00
10.55,12.713275,2025-07-10 06:00:00
27.975,48.26418,2025-07-10 06:00:00
13.725,11.0892,2025-07-10 06:00:00
26.7,16.105244,2025-07-10 06:00:00
23.3,13.413881,2025-07-10 07:00:00
14.025,11.05488,2025-07-10 07:00:00
31.325,58.393925,2025-07-10 07:00:00
10.825,13.659079,2025-07-10 07:00:00
26.6,17.612734,2025-07-10 07:00:00
27.125,18.620312,2025-07-10 08:00:00
23.525,13.049066,2025-07-10 08:00:00
13.95,12.861919,2025-07-10 08:00:00
29.5,51.05054,2025-07-10 08:00:00
13.825,11.97479,2025-07-10 08:00:00
16.225,10.60527,2025-07-10 09:00:00
19.825,11.867659,2025-07-10 09:00:00
12.775,12.237492,2025-07-10 09:00:00
31.925,56.30787,2025-07-10 09:00:00
28.35,19.40414,2025-07-10 09:00:00
12.475,11.354801,2025-07-10 10:00:00
27.2,14.417569,2025-07-10 10:00:00
35.15,53.70722,2025-07-10 10:00:00
26.925,19.228666,2025-07-10 10:00:00
16.2,11.868829,2025-07-10 10:00:00
36.525,64.210655,2025-07-10 11:00:00
34.175,16.789057,2025-07-10 11:00:00
16.025,12.4819975,2025-07-10 11:00:00
13.15,13.1447735,2025-07-10 11:00:00
25.425,19.257866,2025-07-10 11:00:00
28.5,18.51885,2025-07-10 12:00:00
25.9,14.821651,2025-07-10 12:00:00
18.425,12.234437,2025-07-10 12:00:00
12.9,12.616645,2025-07-10 12:00:00
35.225,59.894238,2025-07-10 12:00:00
38.15,51.32689,2025-07-10 13:00:00
26.375,15.362035,2025-07-10 13:00:00
26.2,15.400889,2025-07-10 13:00:00
19.975,12.504129,2025-07-10 13:00:00
13.175,13.099074,2025-07-10 13:00:00
16.55,14.471392,2025-07-10 14:00:00
18.975,11.696121,2025-07-10 14:00:00
13.0,12.353678,2025-07-10 14:00:00
27.7,14.096564,2025-07-10 14:00:00
39.575,67.633606,2025-07-10 14:00:00
27.375,14.411258,2025-07-10 15:00:00
40.55,66.96066,2025-07-10 15:00:00
11.95,11.499962,2025-07-10 15:00:00
17.35,12.075936,2025-07-10 15:00:00
13.75,15.159852,2025-07-10 15:00:00
40.75,62.99918,2025-07-10 16:00:00
28.725,17.020994,2025-07-10 16:00:00
12.525,11.7415085,2025-07-10 16:00:00
9.35,13.834539,2025-07-10 16:00:00
19.0,12.828552,2025-07-10 16:00:00
43.725,59.373425,2025-07-10 17:00:00
20.3,13.401348,2025-07-10 17:00:00
29.425,18.632982,2025-07-10 17:00:00
12.6,11.98404,2025-07-10 17:00:00
5.55,13.539003,2025-07-10 17:00:00
40.675,62.502365,2025-07-10 18:00:00
19.875,13.842945,2025-07-10 18:00:00
1.0,13.883968,2025-07-10 18:00:00
11.75,11.74947,2025-07-10 18:00:00
29.2,16.1424,2025-07-10 18:00:00
28.45,18.646152,2025-07-10 19:00:00
19.475,12.062758,2025-07-10 19:00:00
45.375,64.41685,2025-07-10 19:00:00
11.8,13.699996,2025-07-10 19:00:00
2.975,13.202708,2025-07-10 19:00:00
5.6,15.146944,2025-07-10 20:00:00
13.1,13.390819,2025-07-10 20:00:00
47.475,71.682274,2025-07-10 20:00:00
27.8,19.803812,2025-07-10 20:00:00
13.3,11.38439,2025-07-10 20:00:00
50.45,69.56861,2025-07-10 21:00:00
10.425,11.426134,2025-07-10 21:00:00
13.375,12.917978,2025-07-10 21:00:00
27.6,19.762459,2025-07-10 21:00:00
9.95,15.629845,2025-07-10 21:00:00
13.325,11.289312,2025-07-10 22:00:00
50.7,74.44605,2025-07-10 22:00:00
10.125,11.171017,2025-07-10 22:00:00
26.75,18.000668,2025-07-10 22:00:00
5.9,16.844051,2025-07-10 22:00:00
10.333333333333334,10.957256,2025-07-10 23:00:00
26.875,19.418293,2025-07-10 23:00:00
4.8,15.292871,2025-07-10 23:00:00
13.125,14.899962,2025-07-10 23:00:00
49.2,83.91908,2025-07-10 23:00:00
12.2,12.4349985,2025-07-11 00:00:00
12.0,15.507367,2025-07-11 00:00:00
14.1,64.59919,2025-07-11 00:00:00
13.466666666666669,14.006427,2025-07-11 00:00:00
26.05,18.71654,2025-07-11 00:00:00
26.525,18.230698,2025-07-11 01:00:00
18.675,15.733717,2025-07-11 01:00:00
13.3,63.15515,2025-07-11 01:00:00
12.1,14.707727,2025-07-11 01:00:00
13.275,12.65899,2025-07-11 01:00:00
26.3,27.78411,2025-07-11 02:00:00
13.4,13.407067,2025-07-11 02:00:00
16.0,70.66395,2025-07-11 02:00:00
12.6,12.94148,2025-07-11 02:00:00
28.15,20.625584,2025-07-11 02:00:00
14.25,12.884114,2025-07-11 03:00:00
12.575,12.699524,2025-07-11 03:00:00
23.3,21.943222,2025-07-11 03:00:00
16.075000000000003,69.13756,2025-07-11 03:00:00
26.3,26.708336,2025-07-11 03:00:00
15.625,66.534706,2025-07-11 04:00:00
12.625,12.54396,2025-07-11 04:00:00
19.85,30.10546,2025-07-11 04:00:00
9.55,12.34929,2025-07-11 04:00:00
23.575,21.823008,2025-07-11 04:00:00
7.55,11.357263,2025-07-11 05:00:00
19.2,66.57301,2025-07-11 05:00:00
23.225,17.49629,2025-07-11 05:00:00
19.45,25.19196,2025-07-11 05:00:00
12.525,13.897903,2025-07-11 05:00:00
11.0,16.21216,2025-07-11 06:00:00
13.7,15.861523,2025-07-11 06:00:00
22.525,21.872313,2025-07-11 06:00:00
7.675,11.009025,2025-07-11 06:00:00
20.7,52.563225,2025-07-11 06:00:00
12.875,14.645271,2025-07-11 07:00:00
8.55,12.093643,2025-07-11 07:00:00
19.8,58.17889,2025-07-11 07:00:00
22.675,22.67395,2025-07-11 07:00:00
11.725,17.359158,2025-07-11 07:00:00
13.15,13.53129,2025-07-11 08:00:00
23.875,52.759647,2025-07-11 08:00:00
24.35,21.53608,2025-07-11 08:00:00
10.4,11.500214,2025-07-11 08:00:00
12.275,17.638346,2025-07-11 08:00:00
13.35,21.04584,2025-07-11 09:00:00
11.275,14.313275,2025-07-11 09:00:00
12.275,12.53956,2025-07-11 09:00:00
23.975,51.01198,2025-07-11 09:00:00
23.65,18.838732,2025-07-11 09:00:00
12.525,13.013584,2025-07-11 10:00:00
26.05,22.729372,2025-07-11 10:00:00
22.3,57.44458,2025-07-11 10:00:00
11.075,13.896053,2025-07-11 10:00:00
22.45,20.07371,2025-07-11 10:00:00
22.4,22.181057,2025-07-11 11:00:00
27.6,57.087646,2025-07-11 11:00:00
11.625,14.335983,2025-07-11 11:00:00
10.7,12.030484,2025-07-11 11:00:00
37.075,25.759277,2025-07-11 11:00:00
10.95,12.657319,2025-07-11 12:00:00
27.6,55.25903,2025-07-11 12:00:00
34.875,22.774124,2025-07-11 12:00:00
23.025,20.739985,2025-07-11 12:00:00
12.95,13.044792,2025-07-11 12:00:00
11.35,14.790272,2025-07-11 13:00:00
12.95,11.360262,2025-07-11 13:00:00
22.8,19.932425,2025-07-11 13:00:00
27.6,51.813663,2025-07-11 13:00:00
29.65,18.203213,2025-07-11 13:00:00
16.975,11.109486,2025-07-11 14:00:00
27.6,57.02316,2025-07-11 14:00:00
23.05,18.948378,2025-07-11 14:00:00
17.349999999999998,16.077467,2025-07-11 14:00:00
12.475,13.942121,2025-07-11 14:00:00
11.45,14.451622,2025-07-11 15:00:00
16.65,11.884999,2025-07-11 15:00:00
22.175,23.365011,2025-07-11 15:00:00
23.0,12.352402,2025-07-11 15:00:00
22.1,20.166082,2025-07-11 16:00:00
12.05,14.063335,2025-07-11 16:00:00
11.775,15.404972,2025-07-11 16:00:00
32.4,13.046333,2025-07-11 16:00:00
10.05,10.424948,2025-07-11 17:00:00
23.0,21.253464,2025-07-11 17:00:00
35.125,12.3057165,2025-07-11 17:00:00
13.05,13.436363,2025-07-11 17:00:00
35.175,12.134826,2025-07-11 18:00:00
12.875,12.848959,2025-07-11 18:00:00
9.775,12.347361,2025-07-11 18:00:00
23.2,21.461067,2025-07-11 18:00:00
22.825,20.552309,2025-07-11 19:00:00
11.825,12.359281,2025-07-11 19:00:00
9.775,10.552913,2025-07-11 19:00:00
37.275,11.663242,2025-07-11 19:00:00
36.175,13.002654,2025-07-11 20:00:00
12.1,12.28593,2025-07-11 20:00:00
11.675,11.716219,2025-07-11 20:00:00
24.375,19.249865,2025-07-11 20:00:00
30.5,17.724356,2025-07-11 21:00:00
12.85,11.354376,2025-07-11 21:00:00
12.125,13.416483,2025-07-11 21:00:00
24.4,22.065147,2025-07-11 21:00:00
24.15,23.017464,2025-07-11 22:00:00
12.6,15.033554,2025-07-11 22:00:00
12.575,11.723501,2025-07-11 22:00:00
21.25,16.713894,2025-07-11 22:00:00
24.35,21.912905,2025-07-11 23:00:00
19.35,15.16759,2025-07-11 23:00:00
12.6,13.236504,2025-07-11 23:00:00
13.125,16.516348,2025-07-11 23:00:00
13.933333333333332,16.404545,2025-07-12 00:00:00
18.475,14.881518,2025-07-12 00:00:00
24.225,24.275875,2025-07-12 00:00:00
11.4,12.93423,2025-07-12 00:00:00
16.875,14.228587,2025-07-12 01:00:00
10.65,13.644573,2025-07-12 01:00:00
25.375,26.94021,2025-07-12 01:00:00
14.6,17.091875,2025-07-12 01:00:00
13.9,13.926583,2025-07-12 02:00:00
25.950000000000003,28.417376,2025-07-12 02:00:00
11.2,14.054057,2025-07-12 02:00:00
25.3,22.802893,2025-07-12 02:00:00
30.275,26.376623,2025-07-12 03:00:00
13.875,13.940479,2025-07-12 03:00:00
23.8,26.443806,2025-07-12 03:00:00
11.725,14.579336,2025-07-12 03:00:00
23.1,20.46686,2025-07-12 04:00:00
13.25,14.466622,2025-07-12 04:00:00
29.175,25.9742,2025-07-12 04:00:00
12.55,12.570152,2025-07-12 04:00:00
27.625,25.364004,2025-07-12 05:00:00
13.15,13.140814,2025-07-12 05:00:00
23.125,19.969997,2025-07-12 05:00:00
13.725,14.604063,2025-07-12 05:00:00
22.15,19.632061,2025-07-12 06:00:00
19.55,17.048208,2025-07-12 06:00:00
13.375,12.79645,2025-07-12 06:00:00
14.95,13.521664,2025-07-12 06:00:00
14.2,12.402418,2025-07-12 07:00:00
16.15,15.29097,2025-07-12 07:00:00
22.025,22.129065,2025-07-12 07:00:00
14.125,13.894579,2025-07-12 07:00:00
13.275,15.305549,2025-07-12 08:00:00
22.475,24.301355,2025-07-12 08:00:00
9.125,11.925913,2025-07-12 08:00:00
17.1,14.857412,2025-07-12 08:00:00
14.525,14.651426,2025-07-12 09:00:00
6.8,12.597218,2025-07-12 09:00:00
13.65,13.905227,2025-07-12 09:00:00
22.55,23.695677,2025-07-12 09:00:00
13.25,12.672051,2025-07-12 10:00:00
24.875,25.451986,2025-07-12 10:00:00
22.85,18.381426,2025-07-12 10:00:00
6.475,14.140694,2025-07-12 10:00:00
6.2,14.42952,2025-07-12 11:00:00
12.55,13.17493,2025-07-12 11:00:00
22.275,21.44267,2025-07-12 11:00:00
22.725,26.052916,2025-07-12 11:00:00
20.275,23.185032,2025-07-12 12:00:00
22.525,21.277964,2025-07-12 12:00:00
13.4,13.670808,2025-07-12 12:00:00
15.75,12.73113,2025-07-12 12:00:00
20.325,14.739542,2025-07-12 13:00:00
13.375,13.133189,2025-07-12 13:00:00
23.075000000000003,20.845497,2025-07-12 13:00:00
17.275,23.62625,2025-07-12 13:00:00
12.55,13.711838,2025-07-12 14:00:00
20.525,21.41108,2025-07-12 14:00:00
11.0,16.48153,2025-07-12 14:00:00
21.025,20.527714,2025-07-12 14:00:00
22.175,23.158037,2025-07-12 15:00:00
13.975,13.36896,2025-07-12 15:00:00
9.275,15.234501,2025-07-12 15:00:00
20.575,14.690897,2025-07-12 15:00:00
19.35,12.334467,2025-07-12 16:00:00
13.55,13.403559,2025-07-12 16:00:00
23.25,23.365208,2025-07-12 16:00:00
7.55,17.502798,2025-07-12 16:00:00
6.7,17.641434,2025-07-12 17:00:00
18.525,11.185456,2025-07-12 17:00:00
13.275,12.428918,2025-07-12 17:00:00
24.4,23.146069,2025-07-12 17:00:00
22.725,22.27889,2025-07-12 18:00:00
13.175,18.036034,2025-07-12 18:00:00
13.1,11.915201,2025-07-12 18:00:00
18.0,10.047173,2025-07-12 18:00:00
15.475,16.943605,2025-07-12 19:00:00
17.575,10.6108465,2025-07-12 19:00:00
22.45,21.921602,2025-07-12 19:00:00
12.3,12.725438,2025-07-12 19:00:00
16.8,11.867718,2025-07-12 20:00:00
14.05,13.718227,2025-07-12 20:00:00
10.35,17.170296,2025-07-12 20:00:00
23.65,23.606407,2025-07-12 20:00:00
16.5,13.671859,2025-07-12 21:00:00
23.6,22.651718,2025-07-12 21:00:00
8.775,16.68757,2025-07-12 21:00:00
14.375,13.051013,2025-07-12 21:00:00
23.325,20.825539,2025-07-12 22:00:00
16.25,14.078299,2025-07-12 22:00:00
14.9,13.238301,2025-07-12 22:00:00
6.1,18.571272,2025-07-12 22:00:00
5.15,18.701347,2025-07-12 23:00:00
14.65,15.704196,2025-07-12 23:00:00
16.366666666666667,14.098846,2025-07-12 23:00:00
23.875,23.08031,2025-07-12 23:00:00
13.675,11.967297,2025-07-13 00:00:00
21.875,23.051775,2025-07-13 00:00:00
12.433333333333332,16.001074,2025-07-13 00:00:00
8.425,18.884773,2025-07-13 00:00:00
11.7,16.931414,2025-07-13 01:00:00
12.6,11.591417,2025-07-13 01:00:00
23.7,23.85162,2025-07-13 01:00:00
12.275,20.062172,2025-07-13 01:00:00
24.9,23.882435,2025-07-13 02:00:00
25.75,26.73181,2025-07-13 02:00:00
10.5,13.083796,2025-07-13 02:00:00
12.725,10.86187,2025-07-13 02:00:00
20.475,23.820593,2025-07-13 03:00:00
13.45,10.49942,2025-07-13 03:00:00
28.85,29.578123,2025-07-13 03:00:00
10.975,13.336411,2025-07-13 03:00:00
10.275,13.992946,2025-07-13 04:00:00
18.8,22.86428,2025-07-13 04:00:00
19.85,24.768982,2025-07-13 04:00:00
11.275,10.091015,2025-07-13 04:00:00
20.25,17.997585,2025-07-13 05:00:00
15.125,24.047377,2025-07-13 05:00:00
9.4,10.862185,2025-07-13 05:00:00
11.175,14.096736,2025-07-13 05:00:00
9.425,10.483574,2025-07-13 06:00:00
11.225,14.30192,2025-07-13 06:00:00
20.875,15.352752,2025-07-13 06:00:00
6.6,21.626606,2025-07-13 06:00:00
6.8,22.861181,2025-07-13 07:00:00
10.825,14.482393,2025-07-13 07:00:00
10.35,10.818769,2025-07-13 07:00:00
19.025,22.467524,2025-07-13 07:00:00
6.3,16.375689,2025-07-13 08:00:00
11.1,12.766093,2025-07-13 08:00:00
19.975,23.760817,2025-07-13 08:00:00
10.65,11.026963,2025-07-13 08:00:00
20.8,25.05295,2025-07-13 09:00:00
10.175,11.775483,2025-07-13 09:00:00
11.4,12.391799,2025-07-13 09:00:00
5.1,17.597494,2025-07-13 09:00:00
10.475,12.904952,2025-07-13 10:00:00
16.6,22.458355,2025-07-13 10:00:00
18.75,22.934471,2025-07-13 10:00:00
10.475,11.819193,2025-07-13 10:00:00
18.9,17.940685,2025-07-13 11:00:00
10.6,11.935103,2025-07-13 11:00:00
8.35,12.520841,2025-07-13 11:00:00
22.95,20.640457,2025-07-13 11:00:00
17.3,25.107712,2025-07-13 12:00:00
8.35,13.719456,2025-07-13 12:00:00
17.45,20.850742,2025-07-13 12:00:00
14.6,12.871001,2025-07-13 12:00:00
15.0,21.13322,2025-07-13 13:00:00
16.65,13.15456,2025-07-13 13:00:00
10.1,13.334273,2025-07-13 13:00:00
17.75,22.053205,2025-07-13 13:00:00
16.35,11.902566,2025-07-13 14:00:00
15.0,17.474686,2025-07-13 14:00:00
18.525,18.590126,2025-07-13 14:00:00
12.675,14.8358965,2025-07-13 14:00:00
15.0,15.600209,2025-07-13 15:00:00
11.85,14.412971,2025-07-13 15:00:00
15.95,9.928985,2025-07-13 15:00:00
17.375,19.482218,2025-07-13 15:00:00
15.0,13.822014,2025-07-13 16:00:00
18.475,23.138985,2025-07-13 16:00:00
11.125,11.113736,2025-07-13 16:00:00
12.3,14.427292,2025-07-13 16:00:00
15.875,19.656813,2025-07-13 17:00:00
9.2,11.202042,2025-07-13 17:00:00
12.4,15.161033,2025-07-13 17:00:00
27.433333333333334,14.472429,2025-07-13 18:00:00
18.75,20.81878,2025-07-13 18:00:00
10.825,13.12771,2025-07-13 18:00:00
9.1,10.427187,2025-07-13 18:00:00
8.925,10.424059,2025-07-13 19:00:00
20.275,21.142508,2025-07-13 19:00:00
14.5,16.908157,2025-07-13 19:00:00
9.225,13.312786,2025-07-13 19:00:00
10.95,10.041008,2025-07-13 20:00:00
9.275,13.018819,2025-07-13 20:00:00
18.5,21.77722,2025-07-13 20:00:00
11.0,22.435732,2025-07-13 20:00:00
11.65,10.562792,2025-07-13 21:00:00
9.3,16.709673,2025-07-13 21:00:00
8.975,13.294731,2025-07-13 21:00:00
21.5,18.874361,2025-07-13 21:00:00
19.825,18.516151,2025-07-13 22:00:00
10.825,13.448166,2025-07-13 22:00:00
11.6,10.840246,2025-07-13 22:00:00
4.975,13.895454,2025-07-13 22:00:00
3.1,13.595512,2025-07-13 23:00:00
11.466666666666669,11.108253,2025-07-13 23:00:00
12.05,15.9751425,2025-07-13 23:00:00
19.675,18.923431,2025-07-13 23:00:00
13.0,16.782167,2025-07-14 00:00:00
20.325,19.810698,2025-07-14 00:00:00
10.8,9.982833,2025-07-14 00:00:00
6.6,13.870905,2025-07-14 00:00:00
11.075,13.446016,2025-07-14 01:00:00
10.075,10.792214,2025-07-14 01:00:00
23.55,19.460749,2025-07-14 01:00:00
13.775,17.013046,2025-07-14 01:00:00
9.825,11.4558115,2025-07-14 02:00:00
13.4,13.050971,2025-07-14 02:00:00
25.1,22.385065,2025-07-14 02:00:00
23.65,18.92622,2025-07-14 02:00:00
22.3,24.925709,2025-07-14 03:00:00
19.125,21.022043,2025-07-14 03:00:00
9.95,11.760676,2025-07-14 03:00:00
12.35,13.821932,2025-07-14 03:00:00
10.925,13.881337,2025-07-14 04:00:00
10.275,11.097126,2025-07-14 04:00:00
17.0,26.8998,2025-07-14 04:00:00
19.875,18.871538,2025-07-14 04:00:00
14.775,21.365683,2025-07-14 05:00:00
10.125,10.263357,2025-07-14 05:00:00
21.675,19.188799,2025-07-14 05:00:00
10.8,13.244935,2025-07-14 05:00:00
9.575,14.277684,2025-07-14 06:00:00
23.25,16.926266,2025-07-14 06:00:00
11.775,13.0759325,2025-07-14 06:00:00
10.2,10.306575,2025-07-14 06:00:00
10.525,10.499342,2025-07-14 07:00:00
13.35,13.674914,2025-07-14 07:00:00
7.775,12.941494,2025-07-14 07:00:00
22.425,17.717287,2025-07-14 07:00:00
23.15,18.09564,2025-07-14 08:00:00
10.625,12.059165,2025-07-14 08:00:00
7.9,13.2658615,2025-07-14 08:00:00
13.95,13.45341,2025-07-14 08:00:00
8.25,12.408701,2025-07-14 09:00:00
20.4,17.96362,2025-07-14 09:00:00
10.65,12.72724,2025-07-14 09:00:00
13.35,12.940586,2025-07-14 09:00:00
21.4,18.129366,2025-07-14 10:00:00
14.825,14.284382,2025-07-14 10:00:00
10.725,12.071108,2025-07-14 10:00:00
11.25,13.177802,2025-07-14 10:00:00
10.975,11.988996,2025-07-14 11:00:00
9.75,12.638955,2025-07-14 11:00:00
21.4,18.800182,2025-07-14 11:00:00
16.975,17.134993,2025-07-14 11:00:00
9.675,11.348715,2025-07-14 12:00:00
15.625,16.226877,2025-07-14 12:00:00
21.25,19.576815,2025-07-14 12:00:00
13.15,12.764443,2025-07-14 12:00:00
14.85,14.763471,2025-07-14 13:00:00
15.825,14.455408,2025-07-14 13:00:00
19.575,17.68041,2025-07-14 13:00:00
10.0,11.988887,2025-07-14 13:00:00
11.6,13.243027,2025-07-14 14:00:00
11.35,12.568506,2025-07-14 14:00:00
14.525,16.200403,2025-07-14 14:00:00
20.325000000000003,18.147413,2025-07-14 14:00:00
14.725,15.824166,2025-07-14 15:00:00
21.1,16.641245,2025-07-14 15:00:00
11.325,12.783901,2025-07-14 15:00:00
13.25,13.150377,2025-07-14 15:00:00
11.85,13.514595,2025-07-14 16:00:00
11.125,12.825249,2025-07-14 16:00:00
20.675,18.262314,2025-07-14 16:00:00
14.725,12.755829,2025-07-14 16:00:00
14.35,13.075392,2025-07-14 17:00:00
12.225,12.12513,2025-07-14 17:00:00
18.775,16.898668,2025-07-14 17:00:00
19.15,14.998591,2025-07-14 18:00:00
10.775,12.475433,2025-07-14 18:00:00
14.05,13.621112,2025-07-14 18:00:00
13.95,14.904416,2025-07-14 18:00:00
14.075,12.013157,2025-07-14 19:00:00
15.475,14.67064,2025-07-14 19:00:00
10.4,12.524105,2025-07-14 19:00:00
20.425,17.25152,2025-07-14 19:00:00
10.575,11.980051,2025-07-14 20:00:00
13.6,14.769856,2025-07-14 20:00:00
20.075,17.074465,2025-07-14 20:00:00
10.4,10.484931,2025-07-14 20:00:00
13.2,11.504706,2025-07-14 21:00:00
8.625,12.1709175,2025-07-14 21:00:00
21.0,16.71128,2025-07-14 21:00:00
10.2,10.332201,2025-07-14 21:00:00
20.675,17.63565,2025-07-14 22:00:00
10.0,12.65633,2025-07-14 22:00:00
11.7,10.589043,2025-07-14 22:00:00
8.525,11.675335,2025-07-14 22:00:00
9.525,12.264054,2025-07-14 23:00:00
23.2,15.8103285,2025-07-14 23:00:00
13.425,14.518009,2025-07-14 23:00:00
8.966666666666667,11.686885,2025-07-14 23:00:00
13.433333333333332,14.726673,2025-07-15 00:00:00
23.875,19.542727,2025-07-15 00:00:00
10.325,12.649195,2025-07-15 00:00:00
13.3,10.680545,2025-07-15 00:00:00
15.45,11.127254,2025-07-15 01:00:00
24.8,21.36623,2025-07-15 01:00:00
7.425,13.093927,2025-07-15 01:00:00
14.225,13.660132,2025-07-15 01:00:00
15.575,11.194074,2025-07-15 02:00:00
15.4,17.200573,2025-07-15 02:00:00
28.3,26.482218,2025-07-15 02:00:00
14.6,10.923988,2025-07-15 02:00:00
11.25,11.569606,2025-07-15 03:00:00
15.775,11.598759,2025-07-15 03:00:00
19.575000000000003,21.366207,2025-07-15 03:00:00
23.825,23.000923,2025-07-15 03:00:00
16.025,18.08305,2025-07-15 04:00:00
23.775,23.273624,2025-07-15 04:00:00
9.2,10.995075,2025-07-15 04:00:00
15.35,10.246158,2025-07-15 04:00:00
14.775,10.33806,2025-07-15 05:00:00
13.8,14.842118,2025-07-15 05:00:00
9.35,10.657988,2025-07-15 05:00:00
22.425,21.484547,2025-07-15 05:00:00
15.0,10.675783,2025-07-15 06:00:00
10.875,10.843896,2025-07-15 06:00:00
24.425,19.563696,2025-07-15 06:00:00
9.925,12.628395,2025-07-15 06:00:00
25.65,23.196102,2025-07-15 07:00:00
15.25,10.318987,2025-07-15 07:00:00
9.3,12.232206,2025-07-15 07:00:00
12.85,10.784936,2025-07-15 07:00:00
11.125,11.607858,2025-07-15 08:00:00
20.375,19.620045,2025-07-15 08:00:00
8.85,11.643224,2025-07-15 08:00:00
13.925,13.376259,2025-07-15 08:00:00
22.15,22.352537,2025-07-15 09:00:00
11.775,12.731133,2025-07-15 09:00:00
12.95,13.703739,2025-07-15 09:00:00
5.35,11.533691,2025-07-15 09:00:00
13.75,13.0593815,2025-07-15 10:00:00
5.275,11.563303,2025-07-15 10:00:00
22.15,21.847383,2025-07-15 10:00:00
10.95,13.050145,2025-07-15 10:00:00
9.775,12.1913,2025-07-15 11:00:00
45.4,29.995205,2025-07-15 11:00:00
19.7,16.572226,2025-07-15 11:00:00
23.55,22.683008,2025-07-15 11:00:00
5.825,10.478313,2025-07-15 11:00:00
43.925,30.769785,2025-07-15 12:00:00
8.975,10.647454,2025-07-15 12:00:00
24.725,14.834883,2025-07-15 12:00:00
23.6,21.704512,2025-07-15 12:00:00
10.275,12.235466,2025-07-15 12:00:00
25.1,13.960969,2025-07-15 13:00:00
9.875,11.17312,2025-07-15 13:00:00
44.375,32.90003,2025-07-15 13:00:00
10.725,12.404639,2025-07-15 13:00:00
23.975,21.668125,2025-07-15 13:00:00
22.700000000000003,21.07347,2025-07-15 14:00:00
9.95,11.000306,2025-07-15 14:00:00
44.275,33.100677,2025-07-15 14:00:00
24.325,13.543323,2025-07-15 14:00:00
11.625,13.522584,2025-07-15 14:00:00
14.0,13.495685,2025-07-15 15:00:00
47.5,38.17644,2025-07-15 15:00:00
10.125,10.983784,2025-07-15 15:00:00
23.425,18.85137,2025-07-15 15:00:00
23.95,14.744566,2025-07-15 15:00:00
50.0,40.219013,2025-07-15 16:00:00
23.775,17.889654,2025-07-15 16:00:00
16.474999999999998,10.513858,2025-07-15 16:00:00
13.875,13.877807,2025-07-15 16:00:00
23.95,12.060152,2025-07-15 16:00:00
27.5,13.483476,2025-07-15 17:00:00
50.9,38.43192,2025-07-15 17:00:00
21.075,19.152233,2025-07-15 17:00:00
20.05,9.75168,2025-07-15 17:00:00
15.5,14.359501,2025-07-15 17:00:00
53.0,46.071457,2025-07-15 18:00:00
24.0,19.600508,2025-07-15 18:00:00
13.7,13.426336,2025-07-15 18:00:00
20.1,10.415917,2025-07-15 18:00:00
31.45,16.95555,2025-07-15 18:00:00
52.875,57.568523,2025-07-15 19:00:00
20.825,10.499602,2025-07-15 19:00:00
21.8,19.975893,2025-07-15 19:00:00
11.15,12.867169,2025-07-15 19:00:00
32.025,14.131269,2025-07-15 19:00:00
15.8,10.104285,2025-07-15 20:00:00
10.225,12.273746,2025-07-15 20:00:00
57.325,52.36452,2025-07-15 20:00:00
22.2,15.325392,2025-07-15 20:00:00
33.2,14.528281,2025-07-15 20:00:00
13.325,11.171883,2025-07-15 21:00:00
21.5,16.40212,2025-07-15 21:00:00
34.25,16.258541,2025-07-15 21:00:00
10.55,12.302343,2025-07-15 21:00:00
60.05,45.584194,2025-07-15 21:00:00
12.05,12.284109,2025-07-15 22:00:00
13.375,11.293671,2025-07-15 22:00:00
21.725,17.830593,2025-07-15 22:00:00
58.25,42.165077,2025-07-15 22:00:00
27.675,15.486547,2025-07-15 22:00:00
25.55,15.541646,2025-07-15 23:00:00
59.325,42.77156,2025-07-15 23:00:00
21.25,16.221476,2025-07-15 23:00:00
15.525,16.064154,2025-07-15 23:00:00
13.3,11.702851,2025-07-15 23:00:00
14.225,16.15932,2025-07-16 00:00:00
14.333333333333334,16.225733,2025-07-16 00:00:00
19.4,43.40394,2025-07-16 00:00:00
13.1,11.545047,2025-07-16 00:00:00
26.375,18.028233,2025-07-16 00:00:00
29.275,20.386543,2025-07-16 01:00:00
22.175,36.214664,2025-07-16 01:00:00
13.175,16.066683,2025-07-16 01:00:00
6.075,13.874751,2025-07-16 01:00:00
13.45,11.458675,2025-07-16 01:00:00
13.5,13.560019,2025-07-16 02:00:00
29.15,23.195961,2025-07-16 02:00:00
13.25,11.551219,2025-07-16 02:00:00
12.3,16.782658,2025-07-16 02:00:00
18.0,32.732788,2025-07-16 02:00:00
13.025,11.273412,2025-07-16 03:00:00
9.225,12.488064,2025-07-16 03:00:00
27.225,19.993757,2025-07-16 03:00:00
14.775,17.549088,2025-07-16 03:00:00
23.175,31.583927,2025-07-16 03:00:00
25.675,35.856094,2025-07-16 04:00:00
11.925,9.84952,2025-07-16 04:00:00
26.85,20.152618,2025-07-16 04:00:00
8.25,12.146993,2025-07-16 04:00:00
11.9,16.299637,2025-07-16 04:00:00
24.3,41.878098,2025-07-16 05:00:00
27.85,18.10566,2025-07-16 05:00:00
7.625,11.005356,2025-07-16 05:00:00
11.45,9.971225,2025-07-16 05:00:00
7.4,15.08868,2025-07-16 05:00:00
10.925,10.475884,2025-07-16 06:00:00
2.3,14.7465725,2025-07-16 06:00:00
27.85,19.191721,2025-07-16 06:00:00
24.0,47.551003,2025-07-16 06:00:00
8.85,10.780007,2025-07-16 06:00:00
27.325,44.98374,2025-07-16 07:00:00
11.05,10.297843,2025-07-16 07:00:00
2.3,14.745672,2025-07-16 07:00:00
26.5,19.553492,2025-07-16 07:00:00
12.75,13.272363,2025-07-16 07:00:00
17.2,10.443704,2025-07-16 08:00:00
29.8,50.04331,2025-07-16 08:00:00
2.3,14.032694,2025-07-16 08:00:00
12.775,13.928108,2025-07-16 08:00:00
27.325,19.919579,2025-07-16 08:00:00
2.3,14.560319,2025-07-16 09:00:00
29.55,49.43492,2025-07-16 09:00:00
20.475,10.65631,2025-07-16 09:00:00
26.75,19.203579,2025-07-16 09:00:00
13.45,13.100093,2025-07-16 09:00:00
10.45,12.598324,2025-07-16 10:00:00
6.400000000000001,14.551213,2025-07-16 10:00:00
20.325,11.179298,2025-07-16 10:00:00
32.95,51.507866,2025-07-16 10:00:00
25.975,18.383875,2025-07-16 10:00:00
20.75,12.463832,2025-07-16 11:00:00
24.475,19.281006,2025-07-16 11:00:00
9.725,11.631473,2025-07-16 11:00:00
34.575,46.48838,2025-07-16 11:00:00
8.775,15.382867,2025-07-16 11:00:00
11.55,11.328152,2025-07-16 12:00:00
26.275,19.401142,2025-07-16 12:00:00
37.075,38.964504,2025-07-16 12:00:00
14.4,12.250085,2025-07-16 12:00:00
7.775,16.075146,2025-07-16 12:00:00
12.1,10.96247,2025-07-16 13:00:00
11.375,11.99947,2025-07-16 13:00:00
5.975,18.048723,2025-07-16 13:00:00
40.275,45.104553,2025-07-16 13:00:00
25.275,19.11709,2025-07-16 13:00:00
11.925,12.698528,2025-07-16 14:00:00
38.45,44.491215,2025-07-16 14:00:00
2.0,18.455763,2025-07-16 14:00:00
11.425,10.804108,2025-07-16 14:00:00
23.6,17.225899,2025-07-16 14:00:00
11.6,10.107767,2025-07-16 15:00:00
10.575,13.820858,2025-07-16 15:00:00
23.475,19.380917,2025-07-16 15:00:00
40.275,46.904102,2025-07-16 15:00:00
2.0,17.44905,2025-07-16 15:00:00
9.175,13.096419,2025-07-16 16:00:00
23.75,17.756075,2025-07-16 16:00:00
6.925,10.262424,2025-07-16 16:00:00
2.0,16.432678,2025-07-16 16:00:00
38.875,44.60963,2025-07-16 16:00:00
9.2,12.921976,2025-07-16 17:00:00
44.0,48.821117,2025-07-16 17:00:00
2.0,16.132788,2025-07-16 17:00:00
4.325,11.587822,2025-07-16 17:00:00
23.6,17.94423,2025-07-16 17:00:00
45.625,52.9954,2025-07-16 18:00:00
4.575,17.3003,2025-07-16 18:00:00
26.7,16.923101,2025-07-16 18:00:00
8.475,13.036399,2025-07-16 18:00:00
4.125,11.11169,2025-07-16 18:00:00
27.950000000000003,16.210032,2025-07-16 19:00:00
4.075,9.475727,2025-07-16 19:00:00
9.65,11.246533,2025-07-16 19:00:00
48.175,60.837994,2025-07-16 19:00:00
6.6,20.567726,2025-07-16 19:00:00
46.925,62.283894,2025-07-16 20:00:00
13.075,11.365918,2025-07-16 20:00:00
26.325,16.762201,2025-07-16 20:00:00
9.35,19.48586,2025-07-16 20:00:00
8.575,12.201906,2025-07-16 20:00:00
10.5,18.703104,2025-07-16 21:00:00
49.875,70.787346,2025-07-16 21:00:00
9.425,11.539901,2025-07-16 21:00:00
17.8,10.901222,2025-07-16 21:00:00
26.95,15.374237,2025-07-16 21:00:00
9.575,10.6101,2025-07-16 22:00:00
18.35,11.242395,2025-07-16 22:00:00
3.2,18.661497,2025-07-16 22:00:00
49.375,70.185196,2025-07-16 22:00:00
28.1,16.876122,2025-07-16 22:00:00
28.75,15.842447,2025-07-16 23:00:00
3.2,17.825567,2025-07-16 23:00:00
51.25,63.985256,2025-07-16 23:00:00
8.85,15.704201,2025-07-16 23:00:00
18.33333333333333,12.027632,2025-07-16 23:00:00
25.025,21.1474,2025-07-17 00:00:00
29.266666666666666,64.387955,2025-07-17 00:00:00
10.833333333333334,12.713925,2025-07-17 00:00:00
8.95,18.887981,2025-07-17 00:00:00
12.225,12.075602,2025-07-17 00:00:00
14.05,14.95988,2025-07-17 01:00:00
9.35,12.119361,2025-07-17 01:00:00
21.6,25.052067,2025-07-17 01:00:00
26.975,57.965546,2025-07-17 01:00:00
12.925,16.258177,2025-07-17 01:00:00
9.55,12.345246,2025-07-17 02:00:00
32.2,50.66587,2025-07-17 02:00:00
22.85,27.300032,2025-07-17 02:00:00
32.7,14.180393,2025-07-17 02:00:00
13.9,12.205046,2025-07-17 02:00:00
34.875,15.6656,2025-07-17 03:00:00
22.1,24.697271,2025-07-17 03:00:00
12.225,11.732819,2025-07-17 03:00:00
32.925,52.54756,2025-07-17 03:00:00
9.625,12.147305,2025-07-17 03:00:00
7.85,11.740052,2025-07-17 04:00:00
10.75,11.155557,2025-07-17 04:00:00
36.95,55.700794,2025-07-17 04:00:00
20.375,25.076483,2025-07-17 04:00:00
27.725,15.575357,2025-07-17 04:00:00
7.225,11.615888,2025-07-17 05:00:00
19.7,27.370302,2025-07-17 05:00:00
25.075,13.801297,2025-07-17 05:00:00
39.325,59.834614,2025-07-17 05:00:00
11.75,10.609069,2025-07-17 05:00:00
7.25,11.558344,2025-07-17 06:00:00
11.775,11.146108,2025-07-17 06:00:00
15.175,10.643045,2025-07-17 06:00:00
35.675,53.63009,2025-07-17 06:00:00
21.75,31.364656,2025-07-17 06:00:00
13.775,10.286428,2025-07-17 07:00:00
35.925,51.13291,2025-07-17 07:00:00
18.875,26.890196,2025-07-17 07:00:00
11.95,12.08992,2025-07-17 07:00:00
7.725,12.264745,2025-07-17 07:00:00
38.925,57.555984,2025-07-17 08:00:00
16.05,12.590937,2025-07-17 08:00:00
14.1,11.773421,2025-07-17 08:00:00
18.2,25.71234,2025-07-17 08:00:00
12.275,12.8293915,2025-07-17 08:00:00
12.275,14.4180565,2025-07-17 09:00:00
13.75,10.971066,2025-07-17 09:00:00
19.85,13.014261,2025-07-17 09:00:00
38.55,57.559025,2025-07-17 09:00:00
19.825,23.719574,2025-07-17 09:00:00
12.225,13.232322,2025-07-17 10:00:00
21.625,9.216179,2025-07-17 10:00:00
16.6,24.830658,2025-07-17 10:00:00
19.925,12.628599,2025-07-17 10:00:00
45.725,44.638744,2025-07-17 10:00:00
19.8,10.861071,2025-07-17 11:00:00
16.3,28.686962,2025-07-17 11:00:00
41.675,48.89491,2025-07-17 11:00:00
22.1,13.524068,2025-07-17 11:00:00
13.825,11.781328,2025-07-17 11:00:00
22.75,15.917864,2025-07-17 12:00:00
17.925,12.680698,2025-07-17 12:00:00
14.6,11.686375,2025-07-17 12:00:00
16.475,28.981453,2025-07-17 12:00:00
45.35,46.985107,2025-07-17 12:00:00
45.7,44.886715,2025-07-17 13:00:00
16.75,11.854346,2025-07-17 13:00:00
18.775,30.120617,2025-07-17 13:00:00
15.9,11.878669,2025-07-17 13:00:00
23.725,14.004892,2025-07-17 13:00:00
19.75,13.8931465,2025-07-17 14:00:00
44.425,51.78452,2025-07-17 14:00:00
16.875,12.275702,2025-07-17 14:00:00
15.85,11.484918,2025-07-17 14:00:00
20.475,26.99328,2025-07-17 14:00:00
15.375,11.721818,2025-07-17 15:00:00
45.875,54.388016,2025-07-17 15:00:00
18.375,24.033941,2025-07-17 15:00:00
17.175,11.34021,2025-07-17 15:00:00
19.125,13.62205,2025-07-17 15:00:00
21.9,13.941095,2025-07-17 16:00:00
17.425,11.27376,2025-07-17 16:00:00
50.6,57.01556,2025-07-17 16:00:00
7.325,11.007904,2025-07-17 16:00:00
20.6,24.2426,2025-07-17 16:00:00
17.775,10.473266,2025-07-17 17:00:00
20.125,21.973547,2025-07-17 17:00:00
51.65,58.60747,2025-07-17 17:00:00
3.8,10.623612,2025-07-17 17:00:00
24.35,15.501334,2025-07-17 17:00:00
3.85,10.924774,2025-07-17 18:00:00
54.025,69.60496,2025-07-17 18:00:00
19.075,30.47743,2025-07-17 18:00:00
28.35,15.089238,2025-07-17 18:00:00
17.125,9.950497,2025-07-17 18:00:00
15.875,9.1753,2025-07-17 19:00:00
29.45,17.286417,2025-07-17 19:00:00
20.2,28.227247,2025-07-17 19:00:00
57.5,54.451763,2025-07-17 19:00:00
4.074999999999999,11.4942045,2025-07-17 19:00:00
14.675,8.802682,2025-07-17 20:00:00
7.125,12.770366,2025-07-17 20:00:00
27.425,15.976393,2025-07-17 20:00:00
22.975,28.788229,2025-07-17 20:00:00
60.925,57.2977,2025-07-17 20:00:00
27.175,14.727994,2025-07-17 21:00:00
58.0,61.05367,2025-07-17 21:00:00
21.35,30.674269,2025-07-17 21:00:00
14.125,9.409052,2025-07-17 21:00:00
8.675,12.56312,2025-07-17 21:00:00
8.525,13.706629,2025-07-17 22:00:00
18.450000000000003,12.304327,2025-07-17 22:00:00
58.575,57.794632,2025-07-17 22:00:00
19.65,30.902674,2025-07-17 22:00:00
14.775,9.283579,2025-07-17 22:00:00
15.525,10.398122,2025-07-17 23:00:00
8.6,13.499103,2025-07-17 23:00:00
62.1,89.617424,2025-07-17 23:00:00
17.0,14.355242,2025-07-17 23:00:00
18.825,32.99485,2025-07-17 23:00:00
13.666666666666666,58.009758,2025-07-18 00:00:00
14.375,11.758033,2025-07-18 00:00:00
13.15,8.680213,2025-07-18 00:00:00
15.033333333333331,14.081323,2025-07-18 00:00:00
21.025,33.716263,2025-07-18 00:00:00
13.575,13.826434,2025-07-18 01:00:00
18.125,11.158848,2025-07-18 01:00:00
18.575,45.543514,2025-07-18 01:00:00
23.55,29.843248,2025-07-18 01:00:00
8.475000000000001,10.084238,2025-07-18 01:00:00
20.05,27.11687,2025-07-18 02:00:00
21.7,47.71369,2025-07-18 02:00:00
18.9,10.814293,2025-07-18 02:00:00
13.6,11.800469,2025-07-18 02:00:00
22.25,17.93118,2025-07-18 02:00:00
13.45,11.741216,2025-07-18 03:00:00
24.375,18.014431,2025-07-18 03:00:00
23.275,52.467667,2025-07-18 03:00:00
19.575,11.521931,2025-07-18 03:00:00
17.75,26.417582,2025-07-18 03:00:00
12.9,11.713477,2025-07-18 04:00:00
19.6,10.761318,2025-07-18 04:00:00
17.0,24.8414,2025-07-18 04:00:00
19.95,19.22219,2025-07-18 04:00:00
26.5,51.063087,2025-07-18 04:00:00
12.875,10.81277,2025-07-18 05:00:00
19.8,10.984438,2025-07-18 05:00:00
17.425,18.948324,2025-07-18 05:00:00
16.95,21.408075,2025-07-18 05:00:00
25.7,49.60936,2025-07-18 05:00:00
12.45,10.98325,2025-07-18 06:00:00
8.675,16.137138,2025-07-18 06:00:00
24.05,47.416264,2025-07-18 06:00:00
18.9,20.367466,2025-07-18 06:00:00
19.725,10.806471,2025-07-18 06:00:00
12.925,11.738563,2025-07-18 07:00:00
26.125,49.21646,2025-07-18 07:00:00
7.0,13.263463,2025-07-18 07:00:00
20.225,16.600727,2025-07-18 07:00:00
18.7,11.057434,2025-07-18 07:00:00
18.25,11.182389,2025-07-18 08:00:00
32.3,57.507782,2025-07-18 08:00:00
16.95,17.785862,2025-07-18 08:00:00
6.375,13.091633,2025-07-18 08:00:00
13.1,11.329966,2025-07-18 08:00:00
31.6,59.481667,2025-07-18 09:00:00
12.75,12.164809,2025-07-18 09:00:00
17.975,12.655381,2025-07-18 09:00:00
19.575,19.433687,2025-07-18 09:00:00
7.75,13.748702,2025-07-18 09:00:00
16.425,14.944481,2025-07-18 10:00:00
38.9,80.33928,2025-07-18 10:00:00
18.05,12.926025,2025-07-18 10:00:00
18.95,18.873299,2025-07-18 10:00:00
9.425,11.151575,2025-07-18 10:00:00
34.175,92.93199,2025-07-18 11:00:00
10.375,11.839784,2025-07-18 11:00:00
18.325,11.5422945,2025-07-18 11:00:00
15.85,16.910048,2025-07-18 11:00:00
20.25,16.119028,2025-07-18 11:00:00
11.95,12.921025,2025-07-18 12:00:00
17.6,17.972824,2025-07-18 12:00:00
14.975,11.562524,2025-07-18 12:00:00
36.575,88.66943,2025-07-18 12:00:00
18.05,18.539202,2025-07-18 12:00:00
10.55,13.18107,2025-07-18 13:00:00
12.775,11.938385,2025-07-18 13:00:00
35.925,69.33236,2025-07-18 13:00:00
18.55,18.331982,2025-07-18 13:00:00
20.275,18.988152,2025-07-18 13:00:00
19.425,16.953747,2025-07-18 14:00:00
37.55,78.52172,2025-07-18 14:00:00
12.725,11.378855,2025-07-18 14:00:00
9.375,16.585842,2025-07-18 14:00:00
11.275,17.264494,2025-07-18 14:00:00
41.675,83.19866,2025-07-18 15:00:00
19.525,14.653373,2025-07-18 15:00:00
12.525,11.695614,2025-07-18 15:00:00
10.15,15.607243,2025-07-18 15:00:00
11.975,13.095045,2025-07-18 15:00:00
40.625,84.53536,2025-07-18 16:00:00
12.575,14.657321,2025-07-18 16:00:00
11.275,15.625142,2025-07-18 16:00:00
13.275,12.089997,2025-07-18 16:00:00
18.0,17.382442,2025-07-18 16:00:00
16.85,15.518743,2025-07-18 17:00:00
13.575,11.486438,2025-07-18 17:00:00
10.8,15.729869,2025-07-18 17:00:00
12.425,14.681133,2025-07-18 17:00:00
42.725,60.003777,2025-07-18 17:00:00
49.325,69.434074,2025-07-18 18:00:00
15.525,16.26639,2025-07-18 18:00:00
15.775,17.788437,2025-07-18 18:00:00
11.525,14.232249,2025-07-18 18:00:00
13.325,9.470509,2025-07-18 18:00:00
10.25,13.249724,2025-07-18 19:00:00
18.7,21.143803,2025-07-18 19:00:00
13.325,10.435622,2025-07-18 19:00:00
17.425,16.31701,2025-07-18 19:00:00
46.275,69.5634,2025-07-18 19:00:00
7.025,10.50525,2025-07-18 20:00:00
17.375,16.636923,2025-07-18 20:00:00
48.175,61.178898,2025-07-18 20:00:00
8.9,12.504298,2025-07-18 20:00:00
18.025,19.562874,2025-07-18 20:00:00
4.2,10.693829,2025-07-18 21:00:00
8.7,12.464356,2025-07-18 21:00:00
17.725,19.86991,2025-07-18 21:00:00
48.675,61.783566,2025-07-18 21:00:00
18.125,19.10204,2025-07-18 21:00:00
8.55,13.12542,2025-07-18 22:00:00
13.125,18.149174,2025-07-18 22:00:00
49.7,67.86891,2025-07-18 22:00:00
17.325,21.529863,2025-07-18 22:00:00
4.05,12.045651,2025-07-18 22:00:00
4.6000000000000005,11.849007,2025-07-18 23:00:00
13.8,16.215752,2025-07-18 23:00:00
18.75,18.231009,2025-07-18 23:00:00
50.7,70.72938,2025-07-18 23:00:00
12.475,16.539602,2025-07-18 23:00:00
13.466666666666669,13.048024,2025-07-19 00:00:00
13.325,15.957931,2025-07-19 00:00:00
14.5,11.991872,2025-07-19 00:00:00
17.175,17.499298,2025-07-19 00:00:00
24.5,75.52642,2025-07-19 00:00:00
23.15,66.24649,2025-07-19 01:00:00
21.125,21.703787,2025-07-19 01:00:00
19.075,12.775314,2025-07-19 01:00:00
10.1,13.636801,2025-07-19 01:00:00
13.7,17.00523,2025-07-19 01:00:00
22.5,20.162994,2025-07-19 02:00:00
21.5,17.745167,2025-07-19 02:00:00
13.8,15.401016,2025-07-19 02:00:00
28.8,49.533028,2025-07-19 02:00:00
19.0,12.36672,2025-07-19 02:00:00
11.5,14.644975,2025-07-19 03:00:00
29.9,51.526802,2025-07-19 03:00:00
19.725,13.788537,2025-07-19 03:00:00
19.075,20.550346,2025-07-19 03:00:00
21.65,23.081907,2025-07-19 03:00:00
17.549999999999997,13.478789,2025-07-19 04:00:00
18.25,19.125603,2025-07-19 04:00:00
15.875,24.587122,2025-07-19 04:00:00
29.35,56.62693,2025-07-19 04:00:00
9.1,14.282248,2025-07-19 04:00:00
13.875,19.358522,2025-07-19 05:00:00
18.45,22.692509,2025-07-19 05:00:00
16.5,12.547427,2025-07-19 05:00:00
30.700000000000003,78.51653,2025-07-19 05:00:00
9.0,13.889449,2025-07-19 05:00:00
9.5,13.847871,2025-07-19 06:00:00
6.375,14.770696,2025-07-19 06:00:00
19.55,21.336458,2025-07-19 06:00:00
32.075,69.84435,2025-07-19 06:00:00
16.475,12.621543,2025-07-19 06:00:00
6.275,14.096858,2025-07-19 07:00:00
19.825,19.99636,2025-07-19 07:00:00
12.525,13.669345,2025-07-19 07:00:00
16.825,12.370741,2025-07-19 07:00:00
29.275,62.563835,2025-07-19 07:00:00
13.575,14.421801,2025-07-19 08:00:00
16.3,18.915823,2025-07-19 08:00:00
15.675,11.590243,2025-07-19 08:00:00
6.95,13.127863,2025-07-19 08:00:00
34.25,66.26055,2025-07-19 08:00:00
5.575,12.860275,2025-07-19 09:00:00
13.925,15.8890085,2025-07-19 09:00:00
14.775,10.914718,2025-07-19 09:00:00
38.475,68.268486,2025-07-19 09:00:00
14.65,18.608288,2025-07-19 09:00:00
17.925,17.60627,2025-07-19 10:00:00
9.2,18.457872,2025-07-19 10:00:00
13.25,13.509753,2025-07-19 10:00:00
37.825,73.934746,2025-07-19 10:00:00
13.825,10.297395,2025-07-19 10:00:00
18.45,16.894487,2025-07-19 11:00:00
43.5,75.75911,2025-07-19 11:00:00
13.25,11.762121,2025-07-19 11:00:00
11.175,15.88925,2025-07-19 11:00:00
12.05,18.262583,2025-07-19 11:00:00
14.275,11.258819,2025-07-19 12:00:00
43.85,51.65255,2025-07-19 12:00:00
11.375,20.660091,2025-07-19 12:00:00
17.075,17.742655,2025-07-19 12:00:00
9.525,14.918949,2025-07-19 12:00:00
14.65,11.989067,2025-07-19 13:00:00
10.85,19.121763,2025-07-19 13:00:00
9.075,15.005343,2025-07-19 13:00:00
43.425,52.306755,2025-07-19 13:00:00
17.075,18.640165,2025-07-19 13:00:00
5.475,17.144897,2025-07-19 14:00:00
9.025,14.458978,2025-07-19 14:00:00
14.425,12.894232,2025-07-19 14:00:00
19.075,16.06625,2025-07-19 14:00:00
45.8,48.653233,2025-07-19 14:00:00
19.9,17.068264,2025-07-19 15:00:00
4.25,16.912334,2025-07-19 15:00:00
11.55,13.798676,2025-07-19 15:00:00
45.35,53.08069,2025-07-19 15:00:00
14.15,12.394675,2025-07-19 15:00:00
14.0,14.483738,2025-07-19 16:00:00
45.825,57.729412,2025-07-19 16:00:00
25.075,18.4736,2025-07-19 16:00:00
4.8,15.570112,2025-07-19 16:00:00
11.475,12.55717,2025-07-19 16:00:00
50.625,53.404633,2025-07-19 17:00:00
5.4,15.012754,2025-07-19 17:00:00
14.05,14.563753,2025-07-19 17:00:00
24.35,19.253347,2025-07-19 17:00:00
10.275,13.444162,2025-07-19 17:00:00
9.925,12.130037,2025-07-19 18:00:00
9.375,17.625437,2025-07-19 18:00:00
51.2,54.45387,2025-07-19 18:00:00
14.65,13.714844,2025-07-19 18:00:00
23.45,17.327919,2025-07-19 18:00:00
12.55,13.6433935,2025-07-19 19:00:00
22.95,17.984482,2025-07-19 19:00:00
9.75,14.013595,2025-07-19 19:00:00
12.95,19.3433,2025-07-19 19:00:00
53.35,57.886127,2025-07-19 19:00:00
13.5,13.865974,2025-07-19 20:00:00
10.55,14.032045,2025-07-19 20:00:00
17.7,16.607779,2025-07-19 20:00:00
53.15,56.91048,2025-07-19 20:00:00
14.0,20.946482,2025-07-19 20:00:00
54.175,58.351517,2025-07-19 21:00:00
9.325,10.745,2025-07-19 21:00:00
15.625,11.7614765,2025-07-19 21:00:00
13.225,19.577332,2025-07-19 21:00:00
18.9,18.630348,2025-07-19 21:00:00
50.35,61.56167,2025-07-19 22:00:00
9.7,10.801492,2025-07-19 22:00:00
17.625,16.194317,2025-07-19 22:00:00
9.425,17.03164,2025-07-19 22:00:00
15.425,10.575788,2025-07-19 22:00:00
6.725,15.902789,2025-07-19 23:00:00
19.225,17.653816,2025-07-19 23:00:00
12.225,15.097799,2025-07-19 23:00:00
58.35,66.58829,2025-07-19 23:00:00
15.8,11.190618,2025-07-19 23:00:00
13.833333333333334,15.162465,2025-07-20 00:00:00
15.133333333333333,38.45336,2025-07-20 00:00:00
13.3,11.884793,2025-07-20 00:00:00
8.65,15.171607,2025-07-20 00:00:00
22.4,24.134298,2025-07-20 00:00:00
16.975,46.919533,2025-07-20 01:00:00
11.975,14.963342,2025-07-20 01:00:00
26.375,25.12254,2025-07-20 01:00:00
12.7,14.144437,2025-07-20 01:00:00
13.35,16.600018,2025-07-20 01:00:00
16.8,50.220116,2025-07-20 02:00:00
12.975,14.722969,2025-07-20 02:00:00
23.0,17.758768,2025-07-20 02:00:00
29.65,22.108202,2025-07-20 02:00:00
13.2,14.394542,2025-07-20 02:00:00
13.575,13.50581,2025-07-20 03:00:00
11.1,14.106164,2025-07-20 03:00:00
18.175,56.99135,2025-07-20 03:00:00
23.85,17.261364,2025-07-20 03:00:00
24.775,19.23527,2025-07-20 03:00:00
23.275,16.461273,2025-07-20 04:00:00
13.9,12.637279,2025-07-20 04:00:00
15.85,13.583554,2025-07-20 04:00:00
21.65,58.205814,2025-07-20 04:00:00
21.5,19.112545,2025-07-20 04:00:00
23.425,54.722713,2025-07-20 05:00:00
22.925,16.595457,2025-07-20 05:00:00
8.475,12.4393215,2025-07-20 05:00:00
14.45,12.644537,2025-07-20 05:00:00
18.1,14.724889,2025-07-20 05:00:00
9.4,10.358787,2025-07-20 06:00:00
24.5,22.910662,2025-07-20 06:00:00
14.55,11.874581,2025-07-20 06:00:00
11.675,12.413858,2025-07-20 06:00:00
21.45,53.872303,2025-07-20 06:00:00
11.925,13.029498,2025-07-20 07:00:00
22.9,53.579983,2025-07-20 07:00:00
10.475,13.509075,2025-07-20 07:00:00
21.075,21.704779,2025-07-20 07:00:00
14.575,12.326698,2025-07-20 07:00:00
14.275,12.339205,2025-07-20 08:00:00
24.725,52.739635,2025-07-20 08:00:00
14.625,13.464032,2025-07-20 08:00:00
22.55,15.654565,2025-07-20 08:00:00
11.45,13.518413,2025-07-20 08:00:00
14.45,14.228157,2025-07-20 09:00:00
22.5,19.538162,2025-07-20 09:00:00
30.35,48.651768,2025-07-20 09:00:00
11.325,13.7828245,2025-07-20 09:00:00
14.35,12.919358,2025-07-20 09:00:00
22.25,22.055174,2025-07-20 10:00:00
28.525,56.589775,2025-07-20 10:00:00
13.75,13.491965,2025-07-20 10:00:00
20.325,14.227188,2025-07-20 10:00:00
14.425,12.815274,2025-07-20 10:00:00
34.025,46.67852,2025-07-20 11:00:00
11.575,13.049755,2025-07-20 11:00:00
24.6,17.086378,2025-07-20 11:00:00
20.1,17.421999,2025-07-20 11:00:00
14.475,13.741967,2025-07-20 11:00:00
21.725,18.439274,2025-07-20 12:00:00
22.275,15.305253,2025-07-20 12:00:00
11.6,13.21724,2025-07-20 12:00:00
8.475,13.087194,2025-07-20 12:00:00
35.375,54.727745,2025-07-20 12:00:00
9.475,12.550853,2025-07-20 13:00:00
8.100000000000001,11.777982,2025-07-20 13:00:00
23.95,21.598373,2025-07-20 13:00:00
22.3,14.961249,2025-07-20 13:00:00
34.95,52.24871,2025-07-20 13:00:00
16.35,12.355002,2025-07-20 14:00:00
23.225,25.018766,2025-07-20 14:00:00
8.15,9.663835,2025-07-20 14:00:00
35.325,50.742455,2025-07-20 14:00:00
8.925,15.039655,2025-07-20 14:00:00
13.05,12.112127,2025-07-20 15:00:00
10.775,11.45102,2025-07-20 15:00:00
35.075,44.89387,2025-07-20 15:00:00
8.5,12.1946,2025-07-20 15:00:00
24.65,22.221523,2025-07-20 15:00:00
13.525,12.997025,2025-07-20 16:00:00
12.2,13.404778,2025-07-20 16:00:00
26.275,25.640848,2025-07-20 16:00:00
37.2,52.236595,2025-07-20 16:00:00
17.725,14.902868,2025-07-20 16:00:00
22.625,14.836044,2025-07-20 17:00:00
24.95,19.771671,2025-07-20 17:00:00
12.4,13.576621,2025-07-20 17:00:00
13.45,13.69572,2025-07-20 17:00:00
37.7,50.24647,2025-07-20 17:00:00
40.275,60.806873,2025-07-20 18:00:00
18.025,12.335654,2025-07-20 18:00:00
23.675,19.875834,2025-07-20 18:00:00
22.5,13.8478775,2025-07-20 18:00:00
13.675,14.471043,2025-07-20 18:00:00
23.675,20.767023,2025-07-20 19:00:00
12.1,14.153022,2025-07-20 19:00:00
20.525,16.122541,2025-07-20 19:00:00
22.475,13.027861,2025-07-20 19:00:00
43.625,69.10561,2025-07-20 19:00:00
21.9,16.072027,2025-07-20 20:00:00
18.575,13.415596,2025-07-20 20:00:00
11.225,12.373977,2025-07-20 20:00:00
27.1,19.04854,2025-07-20 20:00:00
46.825,60.931816,2025-07-20 20:00:00
25.525,18.269943,2025-07-20 21:00:00
16.475,13.417267,2025-07-20 21:00:00
50.05,69.080444,2025-07-20 21:00:00
22.625,16.680733,2025-07-20 21:00:00
13.475,12.103257,2025-07-20 21:00:00
51.125,81.4548,2025-07-20 22:00:00
17.15,13.441074,2025-07-20 22:00:00
14.775,12.006028,2025-07-20 22:00:00
20.35,14.880937,2025-07-20 22:00:00
26.25,16.988474,2025-07-20 22:00:00
52.35,80.07784,2025-07-20 23:00:00
24.85,22.786806,2025-07-20 23:00:00
15.45,16.03707,2025-07-20 23:00:00
25.1,13.204049,2025-07-20 23:00:00
18.2,15.095221,2025-07-20 23:00:00
17.2,11.1841135,2025-07-21 00:00:00
17.566666666666666,56.03479,2025-07-21 00:00:00
26.5,17.699457,2025-07-21 00:00:00
17.625,12.277851,2025-07-21 00:00:00
12.466666666666669,15.206457,2025-07-21 00:00:00
6.775,11.408271,2025-07-21 01:00:00
29.625,23.047213,2025-07-21 01:00:00
17.875,65.89784,2025-07-21 01:00:00
16.65,10.945039,2025-07-21 01:00:00
12.275,15.659446,2025-07-21 01:00:00
23.9,37.753437,2025-07-21 02:00:00
12.5,12.484349,2025-07-21 02:00:00
15.975,11.009359,2025-07-21 02:00:00
29.8,25.019564,2025-07-21 02:00:00
17.85,17.417822,2025-07-21 02:00:00
15.8,11.300269,2025-07-21 03:00:00
26.55,25.382282,2025-07-21 03:00:00
10.825,12.871992,2025-07-21 03:00:00
21.65,36.040764,2025-07-21 03:00:00
13.825,20.07241,2025-07-21 03:00:00
5.825,21.183613,2025-07-21 04:00:00
23.025,35.823463,2025-07-21 04:00:00
25.05,24.959843,2025-07-21 04:00:00
17.55,11.636695,2025-07-21 04:00:00
12.15,13.5087185,2025-07-21 04:00:00
24.6,20.988712,2025-07-21 05:00:00
18.325,12.395823,2025-07-21 05:00:00
2.475,14.77947,2025-07-21 05:00:00
20.375,45.225407,2025-07-21 05:00:00
11.825,12.160613,2025-07-21 05:00:00
18.475,12.074159,2025-07-21 06:00:00
2.475,13.484527,2025-07-21 06:00:00
20.85,47.328533,2025-07-21 06:00:00
22.675,19.956207,2025-07-21 06:00:00
11.7,13.1221075,2025-07-21 06:00:00
12.35,10.32997,2025-07-21 07:00:00
22.125,41.968994,2025-07-21 07:00:00
22.725,20.455954,2025-07-21 07:00:00
2.475,12.444002,2025-07-21 07:00:00
18.525,12.603892,2025-07-21 07:00:00
22.25,18.198376,2025-07-21 08:00:00
24.725,42.673317,2025-07-21 08:00:00
2.475,13.386978,2025-07-21 08:00:00
12.25,12.212228,2025-07-21 08:00:00
24.625,12.682751,2025-07-21 08:00:00
26.9,12.663028,2025-07-21 09:00:00
11.225,13.82504,2025-07-21 09:00:00
24.1,44.095684,2025-07-21 09:00:00
21.525,19.079023,2025-07-21 09:00:00
31.5,45.41551,2025-07-21 10:00:00
9.45,13.100943,2025-07-21 10:00:00
26.775,12.630766,2025-07-21 10:00:00
25.975,18.536192,2025-07-21 10:00:00
23.8,16.823269,2025-07-21 11:00:00
26.6,12.787534,2025-07-21 11:00:00
7.7,12.421635,2025-07-21 11:00:00
33.9,50.830044,2025-07-21 11:00:00
5.7,16.14249,2025-07-21 11:00:00
32.775,44.230713,2025-07-21 12:00:00
23.8,17.858332,2025-07-21 12:00:00
9.966666666666669,17.372465,2025-07-21 12:00:00
8.0,11.492361,2025-07-21 12:00:00
13.575,12.688474,2025-07-21 12:00:00
23.375,15.2925005,2025-07-21 13:00:00
6.975,11.920579,2025-07-21 13:00:00
11.8,9.911702,2025-07-21 13:00:00
32.5,45.219444,2025-07-21 13:00:00
9.966666666666669,17.32875,2025-07-21 13:00:00
39.23333333333333,38.39245,2025-07-21 14:00:00
25.05,15.543445,2025-07-21 14:00:00
6.675000000000001,11.132193,2025-07-21 14:00:00
12.625,8.916639,2025-07-21 14:00:00
8.933333333333332,15.392133,2025-07-21 14:00:00
26.475,18.423168,2025-07-21 15:00:00
9.9,9.870992,2025-07-21 15:00:00
4.225,14.808878,2025-07-21 15:00:00
37.06666666666666,38.538277,2025-07-21 15:00:00
6.6,10.834763,2025-07-21 15:00:00
9.55,11.841618,2025-07-21 16:00:00
22.525,23.661055,2025-07-21 16:00:00
2.9,14.536895,2025-07-21 16:00:00
9.65,12.803653,2025-07-21 16:00:00
32.3,45.40836,2025-07-21 16:00:00
3.7,14.780312,2025-07-21 17:00:00
21.375,24.383814,2025-07-21 17:00:00
11.15,13.617669,2025-07-21 17:00:00
34.3,51.154274,2025-07-21 17:00:00
9.975,13.079712,2025-07-21 17:00:00
39.275000000000006,52.18809,2025-07-21 18:00:00
10.575,13.679061,2025-07-21 18:00:00
11.475,11.769962,2025-07-21 18:00:00
26.675,23.23385,2025-07-21 18:00:00
9.333333333333334,12.025848,2025-07-21 18:00:00
26.025,21.164003,2025-07-21 19:00:00
13.975,15.041667,2025-07-21 19:00:00
37.825,57.227306,2025-07-21 19:00:00
11.775,10.916132,2025-07-21 19:00:00
10.3,11.644748,2025-07-21 19:00:00
25.825,18.1627,2025-07-21 20:00:00
10.375,12.431936,2025-07-21 20:00:00
13.7,14.860418,2025-07-21 20:00:00
8.575,10.845254,2025-07-21 20:00:00
40.525,63.391895,2025-07-21 20:00:00
12.85,14.240989,2025-07-21 21:00:00
10.65,11.08905,2025-07-21 21:00:00
24.0,20.628098,2025-07-21 21:00:00
38.9,55.739162,2025-07-21 21:00:00
6.1,12.147844,2025-07-21 21:00:00
11.025,11.571033,2025-07-21 22:00:00
6.025,12.328319,2025-07-21 22:00:00
6.05,15.170594,2025-07-21 22:00:00
25.725,21.57209,2025-07-21 22:00:00
37.925,57.53397,2025-07-21 22:00:00
42.225,61.520298,2025-07-21 23:00:00
4.675,15.943673,2025-07-21 23:00:00
25.2,20.520922,2025-07-21 23:00:00
11.3,15.443555,2025-07-21 23:00:00
6.0,12.331836,2025-07-21 23:00:00
4.9,12.105075,2025-07-22 00:00:00
25.2,21.37128,2025-07-22 00:00:00
10.566666666666668,52.73099,2025-07-22 00:00:00
7.0,16.047598,2025-07-22 00:00:00
11.3,12.653637,2025-07-22 00:00:00
12.3,15.78696,2025-07-22 01:00:00
12.4,45.28891,2025-07-22 01:00:00
3.975,11.704705,2025-07-22 01:00:00
29.975,21.879395,2025-07-22 01:00:00
9.85,15.287967,2025-07-22 01:00:00
27.1,21.446817,2025-07-22 02:00:00
19.95,16.753008,2025-07-22 02:00:00
4.15,11.48337,2025-07-22 02:00:00
12.7,12.559372,2025-07-22 02:00:00
15.3,31.325224,2025-07-22 02:00:00
12.45,11.945141,2025-07-22 03:00:00
24.175,21.574495,2025-07-22 03:00:00
11.775,31.75569,2025-07-22 03:00:00
28.325,16.953062,2025-07-22 03:00:00
4.8,11.807295,2025-07-22 03:00:00
23.2,21.132566,2025-07-22 04:00:00
26.025,16.413025,2025-07-22 04:00:00
11.45,12.244334,2025-07-22 04:00:00
12.6,11.796291,2025-07-22 04:00:00
16.45,37.890408,2025-07-22 04:00:00
21.075,21.261805,2025-07-22 05:00:00
16.325,30.60648,2025-07-22 05:00:00
11.125,11.48917,2025-07-22 05:00:00
24.4,12.809929,2025-07-22 05:00:00
16.525,11.890762,2025-07-22 05:00:00
17.075,9.359634,2025-07-22 06:00:00
17.0,11.8515215,2025-07-22 06:00:00
18.5,27.565098,2025-07-22 06:00:00
22.375,20.175459,2025-07-22 06:00:00
11.175,11.378137,2025-07-22 06:00:00
18.1,10.623831,2025-07-22 07:00:00
17.35,9.909036,2025-07-22 07:00:00
11.0,12.940533,2025-07-22 07:00:00
19.925,18.708134,2025-07-22 07:00:00
18.2,28.333334,2025-07-22 07:00:00
22.975,19.547218,2025-07-22 08:00:00
16.875,10.905197,2025-07-22 08:00:00
22.15,34.46099,2025-07-22 08:00:00
7.5,11.647321,2025-07-22 08:00:00
12.8,14.201987,2025-07-22 08:00:00
23.15,18.544672,2025-07-22 09:00:00
1.9,14.739297,2025-07-22 09:00:00
12.625,13.449522,2025-07-22 09:00:00
21.3,39.0162,2025-07-22 09:00:00
12.375,12.584636,2025-07-22 10:00:00
19.275,18.000952,2025-07-22 10:00:00
1.75,16.215834,2025-07-22 10:00:00
24.075,37.861225,2025-07-22 10:00:00
30.4,12.849382,2025-07-22 11:00:00
11.3,10.37167,2025-07-22 11:00:00
24.1,38.551907,2025-07-22 11:00:00
20.875,20.892832,2025-07-22 11:00:00
2.0,14.923417,2025-07-22 11:00:00
12.65,20.197605,2025-07-22 12:00:00
27.1,16.753778,2025-07-22 12:00:00
7.7,14.708517,2025-07-22 12:00:00
26.975,39.69664,2025-07-22 12:00:00
10.0,10.273044,2025-07-22 12:00:00
10.125,11.61756,2025-07-22 13:00:00
28.65,43.94998,2025-07-22 13:00:00
25.225,17.461945,2025-07-22 13:00:00
10.125,13.360888,2025-07-22 13:00:00
12.65,20.101952,2025-07-22 13:00:00
17.075,14.411298,2025-07-22 14:00:00
7.925000000000001,14.412794,2025-07-22 14:00:00
19.225,20.679682,2025-07-22 14:00:00
9.875,13.250704,2025-07-22 14:00:00
27.5,45.778717,2025-07-22 14:00:00
21.45,24.525938,2025-07-22 15:00:00
9.7,13.339816,2025-07-22 15:00:00
14.1,10.33898,2025-07-22 15:00:00
29.1,36.922108,2025-07-22 15:00:00
7.525,15.854624,2025-07-22 15:00:00
10.775,13.808041,2025-07-22 16:00:00
14.05,10.255015,2025-07-22 16:00:00
28.625,44.624878,2025-07-22 16:00:00
14.2,13.591871,2025-07-22 16:00:00
14.8,21.987177,2025-07-22 16:00:00
10.675,13.643478,2025-07-22 17:00:00
12.35,21.318262,2025-07-22 17:00:00
30.775,41.5344,2025-07-22 17:00:00
16.1,13.996465,2025-07-22 17:00:00
13.425,10.882303,2025-07-22 17:00:00
9.025,13.672041,2025-07-22 18:00:00
15.55,13.952555,2025-07-22 18:00:00
34.075,55.74084,2025-07-22 18:00:00
21.75,14.321494,2025-07-22 18:00:00
14.15,19.444696,2025-07-22 18:00:00
33.3,58.909523,2025-07-22 19:00:00
10.3,11.60073,2025-07-22 19:00:00
14.15,22.198067,2025-07-22 19:00:00
26.05,16.257673,2025-07-22 19:00:00
15.45,13.122419,2025-07-22 19:00:00
37.375,49.695526,2025-07-22 20:00:00
11.55,11.3615,2025-07-22 20:00:00
12.425,21.451406,2025-07-22 20:00:00
27.375,14.462477,2025-07-22 20:00:00
15.9,13.220814,2025-07-22 20:00:00
28.3,13.411645,2025-07-22 21:00:00
36.325,63.36371,2025-07-22 21:00:00
12.95,11.718706,2025-07-22 21:00:00
11.05,25.27176,2025-07-22 21:00:00
15.55,12.821915,2025-07-22 21:00:00
21.075,14.018742,2025-07-22 22:00:00
12.775,11.773768,2025-07-22 22:00:00
15.4,11.70693,2025-07-22 22:00:00
13.675,20.299232,2025-07-22 22:00:00
35.7,74.5006,2025-07-22 22:00:00
19.6,13.876697,2025-07-22 23:00:00
34.8,78.93526,2025-07-22 23:00:00
15.466666666666669,13.858623,2025-07-22 23:00:00
15.125,23.153858,2025-07-22 23:00:00
12.925,15.089708,2025-07-22 23:00:00
13.366666666666667,13.715034,2025-07-23 00:00:00
17.9,9.8428955,2025-07-23 00:00:00
30.46666666666667,49.11567,2025-07-23 00:00:00
17.65,11.458727,2025-07-23 00:00:00
12.05,22.36399,2025-07-23 00:00:00
18.525,11.384313,2025-07-23 01:00:00
12.825,13.657069,2025-07-23 01:00:00
15.525,23.853996,2025-07-23 01:00:00
12.45,9.185839,2025-07-23 01:00:00
37.4,30.501678,2025-07-23 01:00:00
17.7,25.354572,2025-07-23 02:00:00
18.8,11.025513,2025-07-23 02:00:00
35.1,27.427343,2025-07-23 02:00:00
13.5,12.7955885,2025-07-23 02:00:00
20.55,15.50576,2025-07-23 02:00:00
18.8,10.829814,2025-07-23 03:00:00
38.425,21.547783,2025-07-23 03:00:00
10.875,22.88144,2025-07-23 03:00:00
12.65,11.508571,2025-07-23 03:00:00
22.2,16.35799,2025-07-23 03:00:00
12.2,11.170854,2025-07-23 04:00:00
37.2,24.276829,2025-07-23 04:00:00
9.3,22.635555,2025-07-23 04:00:00
15.8,18.321325,2025-07-23 04:00:00
10.875,11.540252,2025-07-23 04:00:00
7.425000000000001,20.134876,2025-07-23 05:00:00
12.675,11.38351,2025-07-23 05:00:00
9.625,17.239819,2025-07-23 05:00:00
6.45,13.701276,2025-07-23 05:00:00
37.175,28.685707,2025-07-23 05:00:00
11.425,17.619411,2025-07-23 06:00:00
6.75,12.919374,2025-07-23 06:00:00
10.95,11.558172,2025-07-23 06:00:00
33.775000000000006,26.731888,2025-07-23 06:00:00
2.6,16.70045,2025-07-23 06:00:00
11.325,11.649529,2025-07-23 07:00:00
6.825,12.223938,2025-07-23 07:00:00
1.925,15.374771,2025-07-23 07:00:00
34.575,23.682224,2025-07-23 07:00:00
10.825,19.675436,2025-07-23 07:00:00
38.5,27.893023,2025-07-23 08:00:00
12.35,11.878535,2025-07-23 08:00:00
12.05,19.496017,2025-07-23 08:00:00
2.825,15.812998,2025-07-23 08:00:00
14.05,12.079399,2025-07-23 08:00:00
17.325,9.9517,2025-07-23 09:00:00
3.35,17.331549,2025-07-23 09:00:00
10.175,13.045517,2025-07-23 09:00:00
11.375,21.865011,2025-07-23 09:00:00
43.95,27.989119,2025-07-23 09:00:00
16.925,10.228809,2025-07-23 10:00:00
13.75,22.05721,2025-07-23 10:00:00
46.05,36.52873,2025-07-23 10:00:00
12.575,17.31425,2025-07-23 10:00:00
10.325,12.36609,2025-07-23 10:00:00
10.275,12.181859,2025-07-23 11:00:00
16.15,17.537752,2025-07-23 11:00:00
17.2,20.05835,2025-07-23 11:00:00
43.8,37.33012,2025-07-23 11:00:00
16.475,9.2943125,2025-07-23 11:00:00
14.7,19.757782,2025-07-23 12:00:00
14.85,7.2894554,2025-07-23 12:00:00
10.925,12.054443,2025-07-23 12:00:00
17.2,19.688862,2025-07-23 12:00:00
44.3,37.47042,2025-07-23 12:00:00
13.75,9.997636,2025-07-23 13:00:00
10.1,12.553788,2025-07-23 13:00:00
17.2,18.48045,2025-07-23 13:00:00
14.75,19.725433,2025-07-23 13:00:00
40.6,37.61595,2025-07-23 13:00:00
43.6,34.04457,2025-07-23 14:00:00
13.75,10.663929,2025-07-23 14:00:00
9.075,18.003414,2025-07-23 14:00:00
13.05,11.095552,2025-07-23 14:00:00
5.0,14.548353,2025-07-23 14:00:00
26.475,17.206215,2025-07-23 15:00:00
11.45,9.713471,2025-07-23 15:00:00
7.775,15.484287,2025-07-23 15:00:00
42.75,35.05447,2025-07-23 15:00:00
6.1,9.877032,2025-07-23 15:00:00
31.875,16.84374,2025-07-23 16:00:00
9.7,10.103212,2025-07-23 16:00:00
11.325,11.116541,2025-07-23 16:00:00
8.35,13.486121,2025-07-23 16:00:00
45.825,36.392536,2025-07-23 16:00:00
12.425,12.141971,2025-07-23 17:00:00
46.2,13.464172,2025-07-23 17:00:00
9.0,13.54379,2025-07-23 17:00:00
9.925,10.3352995,2025-07-23 17:00:00
51.125,38.118668,2025-07-23 17:00:00
9.125,10.138644,2025-07-23 18:00:00
12.4,12.217157,2025-07-23 18:00:00
13.575,14.154936,2025-07-23 18:00:00
51.9,38.229996,2025-07-23 18:00:00
27.175,13.174623,2025-07-23 18:00:00
16.35,14.81325,2025-07-23 19:00:00
54.6,43.611526,2025-07-23 19:00:00
13.275,12.347745,2025-07-23 19:00:00
10.525,9.864029,2025-07-23 19:00:00
46.95,13.504444,2025-07-23 19:00:00
17.25,16.898844,2025-07-23 20:00:00
56.0,45.692223,2025-07-23 20:00:00
11.575,9.502136,2025-07-23 20:00:00
6.425,11.605878,2025-07-23 20:00:00
52.8,17.065237,2025-07-23 20:00:00
52.325,16.209343,2025-07-23 21:00:00
20.25,15.913155,2025-07-23 21:00:00
52.2,42.584934,2025-07-23 21:00:00
13.275,10.833414,2025-07-23 21:00:00
3.2,11.947096,2025-07-23 21:00:00
17.7,16.275394,2025-07-23 22:00:00
58.925,14.673377,2025-07-23 22:00:00
56.9,38.700657,2025-07-23 22:00:00
3.35,12.856802,2025-07-23 22:00:00
14.925,11.595347,2025-07-23 22:00:00
3.466666666666667,12.548843,2025-07-23 23:00:00
61.025,37.889484,2025-07-23 23:00:00
18.225,16.34789,2025-07-23 23:00:00
14.7,14.427958,2025-07-23 23:00:00
51.725,20.510735,2025-07-23 23:00:00
32.525,21.39266,2025-07-24 00:00:00
23.6,38.459988,2025-07-24 00:00:00
7.45,12.367419,2025-07-24 00:00:00
13.95,14.199319,2025-07-24 00:00:00
18.075,16.366585,2025-07-24 00:00:00
10.9,15.119723,2025-07-24 01:00:00
12.5,21.20765,2025-07-24 01:00:00
17.575,14.048482,2025-07-24 01:00:00
28.775,41.604923,2025-07-24 01:00:00
9.575,13.151179,2025-07-24 01:00:00
28.4,44.959663,2025-07-24 02:00:00
9.4,13.259454,2025-07-24 02:00:00
29.95,14.875509,2025-07-24 02:00:00
12.0,11.47537,2025-07-24 02:00:00
8.649999999999999,23.615585,2025-07-24 02:00:00
26.275,20.148443,2025-07-24 03:00:00
32.125,50.74197,2025-07-24 03:00:00
9.4,13.805152,2025-07-24 03:00:00
14.666666666666666,24.88796,2025-07-24 03:00:00
12.8,11.690209,2025-07-24 03:00:00
32.85,49.296417,2025-07-24 04:00:00
11.7,12.364448,2025-07-24 04:00:00
14.666666666666666,20.536024,2025-07-24 04:00:00
11.875,11.7857,2025-07-24 04:00:00
20.575,18.247734,2025-07-24 04:00:00
13.325,11.493902,2025-07-24 05:00:00
11.35,13.057934,2025-07-24 05:00:00
31.275,48.22379,2025-07-24 05:00:00
19.35,14.104467,2025-07-24 05:00:00
14.666666666666666,14.642225,2025-07-24 05:00:00
12.1,13.494422,2025-07-24 06:00:00
13.575,10.18921,2025-07-24 06:00:00
9.3,11.32843,2025-07-24 06:00:00
32.1,47.56588,2025-07-24 06:00:00
11.075,12.793821,2025-07-24 06:00:00
10.7,15.016456,2025-07-24 07:00:00
12.15,13.742774,2025-07-24 07:00:00
32.3,46.979984,2025-07-24 07:00:00
13.5,10.566869,2025-07-24 07:00:00
4.8,13.677635,2025-07-24 07:00:00
33.075,38.303055,2025-07-24 08:00:00
18.2,15.932727,2025-07-24 08:00:00
4.825,13.222609,2025-07-24 08:00:00
14.725,12.230663,2025-07-24 08:00:00
10.4,12.828403,2025-07-24 08:00:00
13.375,16.107557,2025-07-24 09:00:00
15.375,12.89498,2025-07-24 09:00:00
8.35,12.750616,2025-07-24 09:00:00
35.625,43.264687,2025-07-24 09:00:00
4.025,11.977459,2025-07-24 09:00:00
14.125,16.02108,2025-07-24 10:00:00
12.75,17.319452,2025-07-24 10:00:00
7.75,12.519484,2025-07-24 10:00:00
40.4,37.376537,2025-07-24 10:00:00
15.275,14.223079,2025-07-24 10:00:00
39.2,39.49991,2025-07-24 11:00:00
15.425,14.096246,2025-07-24 11:00:00
16.75,18.17116,2025-07-24 11:00:00
6.975,10.973264,2025-07-24 11:00:00
15.275,16.887718,2025-07-24 11:00:00
19.0,16.898937,2025-07-24 12:00:00
18.55,18.550362,2025-07-24 12:00:00
7.325,13.788317,2025-07-24 12:00:00
39.4,44.32844,2025-07-24 12:00:00
8.525,14.09141,2025-07-24 12:00:00
24.0,16.611887,2025-07-24 13:00:00
31.5,15.185615,2025-07-24 13:00:00
9.425,13.262043,2025-07-24 13:00:00
37.275,50.707615,2025-07-24 13:00:00
3.825,13.614508,2025-07-24 13:00:00
39.575,50.64558,2025-07-24 14:00:00
76.39999999999999,11.646767,2025-07-24 14:00:00
11.85,12.733299,2025-07-24 14:00:00
15.75,15.358973,2025-07-24 14:00:00
4.5,13.657945,2025-07-24 14:00:00
42.15,46.746876,2025-07-24 15:00:00
12.425,11.414038,2025-07-24 15:00:00
4.65,11.051941,2025-07-24 15:00:00
23.05,11.022531,2025-07-24 15:00:00
15.75,16.779325,2025-07-24 15:00:00
11.95,12.844596,2025-07-24 16:00:00
41.875,49.691982,2025-07-24 16:00:00
15.75,18.362373,2025-07-24 16:00:00
15.4,8.178569,2025-07-24 16:00:00
6.175,11.572382,2025-07-24 16:00:00
15.75,22.906813,2025-07-24 17:00:00
7.275,11.864049,2025-07-24 17:00:00
13.475,8.481003,2025-07-24 17:00:00
8.8,10.842737,2025-07-24 17:00:00
47.575,55.044044,2025-07-24 17:00:00
48.875,60.37933,2025-07-24 18:00:00
7.425,13.5478945,2025-07-24 18:00:00
13.275,12.025093,2025-07-24 18:00:00
7.375,9.868761,2025-07-24 18:00:00
16.375,13.377902,2025-07-24 19:00:00
49.65,69.72511,2025-07-24 19:00:00
7.699999999999999,12.895488,2025-07-24 19:00:00
7.6,10.145165,2025-07-24 19:00:00
7.275,11.141999,2025-07-24 20:00:00
4.425,13.862642,2025-07-24 20:00:00
24.275,33.626274,2025-07-24 20:00:00
54.3,71.641975,2025-07-24 20:00:00
13.975,16.893766,2025-07-24 20:00:00
37.425,32.59773,2025-07-24 21:00:00
5.7,11.671558,2025-07-24 21:00:00
14.15,18.75299,2025-07-24 21:00:00
52.2,60.404907,2025-07-24 21:00:00
8.175,13.167582,2025-07-24 21:00:00
11.75,17.84008,2025-07-24 22:00:00
8.625,13.230719,2025-07-24 22:00:00
31.425,32.54543,2025-07-24 22:00:00
7.875,10.4535055,2025-07-24 22:00:00
51.975,66.13605,2025-07-24 22:00:00
55.325,59.75794,2025-07-24 23:00:00
11.95,17.563978,2025-07-24 23:00:00
7.733333333333333,9.463878,2025-07-24 23:00:00
6.825,17.651215,2025-07-24 23:00:00
47.875,32.137154,2025-07-24 23:00:00
22.83333333333333,44.089073,2025-07-25 00:00:00
8.2,10.261511,2025-07-25 00:00:00
10.35,15.512007,2025-07-25 00:00:00
30.725,33.825123,2025-07-25 00:00:00
10.066666666666666,16.444992,2025-07-25 00:00:00
8.475,12.279565,2025-07-25 01:00:00
10.975,16.744337,2025-07-25 01:00:00
23.975,49.902325,2025-07-25 01:00:00
6.5,14.743936,2025-07-25 01:00:00
19.575,22.899218,2025-07-25 01:00:00
8.1,11.549909,2025-07-25 02:00:00
15.65,27.603182,2025-07-25 02:00:00
24.7,51.94135,2025-07-25 02:00:00
9.1,12.0317955,2025-07-25 02:00:00
13.2,19.875597,2025-07-25 02:00:00
25.125,52.001484,2025-07-25 03:00:00
9.575,11.145054,2025-07-25 03:00:00
14.725,20.437021,2025-07-25 03:00:00
8.2,11.396773,2025-07-25 03:00:00
22.55,20.391138,2025-07-25 03:00:00
8.600000000000001,12.4207115,2025-07-25 04:00:00
27.925,49.88829,2025-07-25 04:00:00
7.175000000000001,10.597292,2025-07-25 04:00:00
11.875,17.636442,2025-07-25 04:00:00
26.6,18.246061,2025-07-25 04:00:00
10.575,14.866943,2025-07-25 05:00:00
27.325,52.573357,2025-07-25 05:00:00
27.05,20.371302,2025-07-25 05:00:00
6.7,10.52403,2025-07-25 05:00:00
8.975,11.935613,2025-07-25 05:00:00
27.775,21.055195,2025-07-25 06:00:00
8.725,11.329651,2025-07-25 06:00:00
7.6,13.016774,2025-07-25 06:00:00
26.9,45.786407,2025-07-25 06:00:00
6.4,11.177885,2025-07-25 06:00:00
27.875,19.143755,2025-07-25 07:00:00
9.8,11.506473,2025-07-25 07:00:00
29.575,50.218487,2025-07-25 07:00:00
6.0,11.969,2025-07-25 07:00:00
5.375,8.775951,2025-07-25 07:00:00
9.525,12.931193,2025-07-25 08:00:00
29.75,51.959476,2025-07-25 08:00:00
4.0,9.183706,2025-07-25 08:00:00
28.525,19.423756,2025-07-25 08:00:00
11.35,12.569537,2025-07-25 08:00:00
13.6,13.291516,2025-07-25 09:00:00
9.025,11.550462,2025-07-25 09:00:00
29.35,23.810793,2025-07-25 09:00:00
1.725,9.820304,2025-07-25 09:00:00
35.425,46.473934,2025-07-25 09:00:00
13.225,13.454827,2025-07-25 10:00:00
3.6,13.653462,2025-07-25 10:00:00
10.2,11.093222,2025-07-25 10:00:00
31.75,19.307476,2025-07-25 10:00:00
37.95,48.30861,2025-07-25 10:00:00
31.575,18.975967,2025-07-25 11:00:00
12.8,12.902417,2025-07-25 11:00:00
11.425,9.646705,2025-07-25 11:00:00
5.5,11.894162,2025-07-25 11:00:00
34.625,47.802204,2025-07-25 11:00:00
6.8,15.627011,2025-07-25 12:00:00
37.3,39.930416,2025-07-25 12:00:00
22.23333333333333,17.613276,2025-07-25 12:00:00
12.425,10.000159,2025-07-25 12:00:00
8.7,11.807249,2025-07-25 12:00:00
39.6,41.81584,2025-07-25 13:00:00
4.5,16.908619,2025-07-25 13:00:00
6.075,10.892194,2025-07-25 13:00:00
46.075,16.823774,2025-07-25 13:00:00
12.85,9.1096945,2025-07-25 13:00:00
38.975,39.764202,2025-07-25 14:00:00
13.55,9.525502,2025-07-25 14:00:00
3.1,20.134798,2025-07-25 14:00:00
5.575,11.649265,2025-07-25 14:00:00
27.175,20.277308,2025-07-25 14:00:00
40.825,41.682446,2025-07-25 15:00:00
42.775,23.125063,2025-07-25 15:00:00
5.675,11.809783,2025-07-25 15:00:00
1.375,14.032955,2025-07-25 15:00:00
12.85,10.936637,2025-07-25 15:00:00
3.85,11.035862,2025-07-25 16:00:00
42.7,40.28453,2025-07-25 16:00:00
0.6333333333333334,14.653133,2025-07-25 16:00:00
10.35,10.718799,2025-07-25 16:00:00
44.0,19.043392,2025-07-25 16:00:00
48.85,60.130684,2025-07-25 17:00:00
45.3,18.224503,2025-07-25 17:00:00
0.6333333333333334,11.443096,2025-07-25 17:00:00
9.55,10.481314,2025-07-25 17:00:00
3.85,11.12489,2025-07-25 17:00:00
7.6,9.504938,2025-07-25 18:00:00
8.825,9.679517,2025-07-25 18:00:00
3.85,11.898092,2025-07-25 18:00:00
47.225,73.260956,2025-07-25 18:00:00
3.85,12.237886,2025-07-25 19:00:00
11.875,12.941953,2025-07-25 19:00:00
50.2,66.65171,2025-07-25 19:00:00
10.525,12.043113,2025-07-25 19:00:00
12.05,12.920343,2025-07-25 20:00:00
30.65,26.214952,2025-07-25 20:00:00
13.4,11.391051,2025-07-25 20:00:00
13.625,15.905948,2025-07-25 20:00:00
50.125,73.05551,2025-07-25 20:00:00
34.3,22.127817,2025-07-25 21:00:00
12.4,10.686254,2025-07-25 21:00:00
50.5,69.9597,2025-07-25 21:00:00
17.975,11.275065,2025-07-25 21:00:00
14.675,18.243448,2025-07-25 21:00:00
19.7,12.229043,2025-07-25 22:00:00
11.55,16.50236,2025-07-25 22:00:00
51.05,56.6658,2025-07-25 22:00:00
13.25,14.999264,2025-07-25 22:00:00
34.05,26.12257,2025-07-25 22:00:00
33.525,39.04205,2025-07-25 23:00:00
18.966666666666665,11.98189,2025-07-25 23:00:00
10.075,18.134853,2025-07-25 23:00:00
13.1,12.641526,2025-07-25 23:00:00
53.7,61.78347,2025-07-25 23:00:00
30.725,35.07304,2025-07-26 00:00:00
16.6,46.154686,2025-07-26 00:00:00
17.275,10.449284,2025-07-26 00:00:00
13.133333333333333,10.2711115,2025-07-26 00:00:00
12.275,16.731653,2025-07-26 00:00:00
12.9,14.401339,2025-07-26 01:00:00
16.55,10.809008,2025-07-26 01:00:00
11.5,9.566029,2025-07-26 01:00:00
24.15,44.626514,2025-07-26 01:00:00
22.375,26.836895,2025-07-26 01:00:00
19.7,13.968654,2025-07-26 02:00:00
9.7,9.538839,2025-07-26 02:00:00
16.25,25.525715,2025-07-26 02:00:00
19.1,46.084244,2025-07-26 02:00:00
16.525,9.915082,2025-07-26 02:00:00
17.3,15.526583,2025-07-26 03:00:00
26.8,45.818966,2025-07-26 03:00:00
10.5,8.834267,2025-07-26 03:00:00
16.575,10.078951,2025-07-26 03:00:00
20.975,23.784565,2025-07-26 03:00:00
23.05,21.942457,2025-07-26 04:00:00
12.825,10.332961,2025-07-26 04:00:00
17.225,14.4604225,2025-07-26 04:00:00
10.25,8.202218,2025-07-26 04:00:00
24.6,45.03715,2025-07-26 04:00:00
17.05,13.5326395,2025-07-26 05:00:00
9.325,8.733738,2025-07-26 05:00:00
24.775,56.538967,2025-07-26 05:00:00
10.35,9.4800825,2025-07-26 05:00:00
23.05,24.130833,2025-07-26 05:00:00
10.275,9.732266,2025-07-26 06:00:00
25.475,59.87238,2025-07-26 06:00:00
23.05,31.329996,2025-07-26 06:00:00
10.575,9.394771,2025-07-26 06:00:00
12.55,12.294452,2025-07-26 06:00:00
9.475,9.858584,2025-07-26 07:00:00
26.975,56.899822,2025-07-26 07:00:00
9.825,10.8102,2025-07-26 07:00:00
10.675,9.922863,2025-07-26 07:00:00
23.05,32.461597,2025-07-26 07:00:00
29.325,55.791573,2025-07-26 08:00:00
6.15,9.783443,2025-07-26 08:00:00
11.175,9.315659,2025-07-26 08:00:00
9.6,9.906421,2025-07-26 08:00:00
6.15,11.9529505,2025-07-26 09:00:00
9.525,10.08615,2025-07-26 09:00:00
31.875,56.811035,2025-07-26 09:00:00
10.825,9.104958,2025-07-26 09:00:00
8.875,8.827765,2025-07-26 10:00:00
37.2,55.055862,2025-07-26 10:00:00
10.9,10.268708,2025-07-26 10:00:00
6.15,13.000743,2025-07-26 10:00:00
36.675,45.710194,2025-07-26 11:00:00
6.95,9.439656,2025-07-26 11:00:00
6.15,13.540159,2025-07-26 11:00:00
10.9,12.897945,2025-07-26 11:00:00
6.824999999999999,10.728852,2025-07-26 12:00:00
11.55,14.311687,2025-07-26 12:00:00
37.15,42.89786,2025-07-26 12:00:00
7.433333333333333,13.402964,2025-07-26 12:00:00
8.225,12.001604,2025-07-26 13:00:00
9.975,14.532084,2025-07-26 13:00:00
35.3,44.679512,2025-07-26 13:00:00
6.75,11.35355,2025-07-26 13:00:00
10.275,12.217974,2025-07-26 14:00:00
9.375,12.702867,2025-07-26 14:00:00
39.175,58.791954,2025-07-26 14:00:00
7.8,11.850511,2025-07-26 14:00:00
7.775,12.892592,2025-07-26 15:00:00
9.7,13.014586,2025-07-26 15:00:00
8.65,17.66272,2025-07-26 15:00:00
48.625,56.781124,2025-07-26 15:00:00
7.25,12.305212,2025-07-26 16:00:00
8.125,8.776487,2025-07-26 16:00:00
48.0,60.575867,2025-07-26 16:00:00
10.475,11.5955715,2025-07-26 16:00:00
52.275,70.82509,2025-07-26 17:00:00
8.525,7.5286355,2025-07-26 17:00:00
9.85,9.644912,2025-07-26 17:00:00
7.25,11.959489,2025-07-26 17:00:00
7.975,9.170753,2025-07-26 18:00:00
12.025,7.9413247,2025-07-26 18:00:00
30.4,39.365948,2025-07-26 18:00:00
53.175,61.465237,2025-07-26 18:00:00
7.0,10.354992,2025-07-26 18:00:00
53.95,66.60774,2025-07-26 19:00:00
31.65,44.38067,2025-07-26 19:00:00
12.35,11.495647,2025-07-26 19:00:00
8.575,9.125744,2025-07-26 19:00:00
6.975,11.425343,2025-07-26 19:00:00
7.050000000000001,11.053958,2025-07-26 20:00:00
12.95,11.598212,2025-07-26 20:00:00
52.55,59.34802,2025-07-26 20:00:00
33.95,28.726221,2025-07-26 20:00:00
5.875,12.347572,2025-07-26 20:00:00
5.3,12.240559,2025-07-26 21:00:00
30.2,30.683064,2025-07-26 21:00:00
12.475,12.445529,2025-07-26 21:00:00
7.225,12.343928,2025-07-26 21:00:00
51.075,69.94034,2025-07-26 21:00:00
30.625,28.722355,2025-07-26 22:00:00
54.9,62.999622,2025-07-26 22:00:00
11.275,12.886897,2025-07-26 22:00:00
9.9,13.150806,2025-07-26 22:00:00
5.175,13.449976,2025-07-26 22:00:00
28.6,32.980854,2025-07-26 23:00:00
55.25,66.89435,2025-07-26 23:00:00
9.65,15.950021,2025-07-26 23:00:00
5.466666666666666,12.390661,2025-07-26 23:00:00
8.225,12.11415,2025-07-26 23:00:00
12.266666666666666,15.396887,2025-07-27 00:00:00
17.633333333333336,54.06717,2025-07-27 00:00:00
20.15,35.66763,2025-07-27 00:00:00
9.625,11.868522,2025-07-27 00:00:00
12.05,12.610596,2025-07-27 00:00:00
14.35,11.910231,2025-07-27 01:00:00
22.875,60.85942,2025-07-27 01:00:00
14.075,15.325896,2025-07-27 01:00:00
11.9,11.979224,2025-07-27 01:00:00
7.425,27.999014,2025-07-27 01:00:00
12.175,10.99661,2025-07-27 02:00:00
12.5,10.0647955,2025-07-27 02:00:00
21.4,14.156518,2025-07-27 02:00:00
5.1,26.684689,2025-07-27 02:00:00
19.7,44.873856,2025-07-27 02:00:00
25.2,12.762224,2025-07-27 03:00:00
21.725,51.08081,2025-07-27 03:00:00
10.433333333333334,25.205767,2025-07-27 03:00:00
12.5,10.98099,2025-07-27 03:00:00
11.825,9.9308815,2025-07-27 03:00:00
17.85,22.409857,2025-07-27 04:00:00
22.55,14.54048,2025-07-27 04:00:00
6.65,11.819227,2025-07-27 04:00:00
26.4,52.665703,2025-07-27 04:00:00
11.275,9.261563,2025-07-27 04:00:00
3.9,10.636997,2025-07-27 05:00:00
11.575,9.342693,2025-07-27 05:00:00
15.2,25.301552,2025-07-27 05:00:00
23.225,49.430695,2025-07-27 05:00:00
21.825,12.187618,2025-07-27 05:00:00
27.425,42.64569,2025-07-27 06:00:00
10.425,24.554539,2025-07-27 06:00:00
18.15,11.809105,2025-07-27 06:00:00
15.0,10.941118,2025-07-27 06:00:00
3.975,10.629205,2025-07-27 06:00:00
27.575,44.85172,2025-07-27 07:00:00
7.05,28.304672,2025-07-27 07:00:00
16.1,12.583675,2025-07-27 07:00:00
4.35,11.790378,2025-07-27 07:00:00
15.325,11.361462,2025-07-27 07:00:00
4.5,11.5799465,2025-07-27 08:00:00
13.625,10.605836,2025-07-27 08:00:00
28.15,52.31032,2025-07-27 08:00:00
15.65,12.555361,2025-07-27 08:00:00
15.35,10.884176,2025-07-27 09:00:00
33.6,52.357685,2025-07-27 09:00:00
14.55,12.765581,2025-07-27 09:00:00
4.075,11.889919,2025-07-27 09:00:00
18.525,11.36013,2025-07-27 10:00:00
4.35,14.2775135,2025-07-27 10:00:00
33.55,51.408337,2025-07-27 10:00:00
13.3,11.566212,2025-07-27 10:00:00
11.175,9.346141,2025-07-27 11:00:00
4.125,13.6849985,2025-07-27 11:00:00
35.875,52.763428,2025-07-27 11:00:00
16.875,12.517288,2025-07-27 11:00:00
39.05,53.392643,2025-07-27 12:00:00
10.45,9.3570595,2025-07-27 12:00:00
17.1,12.740798,2025-07-27 12:00:00
6.25,12.660509,2025-07-27 12:00:00
7.7,12.740746,2025-07-27 13:00:00
36.75,48.336044,2025-07-27 13:00:00
15.65,11.933962,2025-07-27 13:00:00
10.4,9.508826,2025-07-27 13:00:00
13.6,10.025965,2025-07-27 14:00:00
13.975,10.982942,2025-07-27 14:00:00
35.975,49.70083,2025-07-27 14:00:00
7.875,12.085937,2025-07-27 14:00:00
37.525,48.395077,2025-07-27 15:00:00
7.975,13.101314,2025-07-27 15:00:00
14.0,8.313876,2025-07-27 15:00:00
13.3,9.836513,2025-07-27 15:00:00
15.15,9.853904,2025-07-27 16:00:00
11.925,13.821177,2025-07-27 16:00:00
40.45,47.506195,2025-07-27 16:00:00
13.9,9.59802,2025-07-27 16:00:00
14.25,8.772467,2025-07-27 17:00:00
68.0,48.849,2025-07-27 17:00:00
13.65,17.209034,2025-07-27 17:00:00
14.425,10.8261,2025-07-27 17:00:00
13.775,11.285733,2025-07-27 18:00:00
25.3,34.391384,2025-07-27 18:00:00
18.3,10.519583,2025-07-27 18:00:00
12.625,10.162935,2025-07-27 18:00:00
39.15,66.21769,2025-07-27 18:00:00
11.1,9.804401,2025-07-27 19:00:00
28.85,37.192516,2025-07-27 19:00:00
42.85,58.729126,2025-07-27 19:00:00
13.75,12.001308,2025-07-27 19:00:00
68.5,12.067848,2025-07-27 19:00:00
1.3,13.180823,2025-07-27 20:00:00
14.6,11.477145,2025-07-27 20:00:00
47.675,61.291283,2025-07-27 20:00:00
30.05,44.6465,2025-07-27 20:00:00
11.3,9.048801,2025-07-27 20:00:00
10.625,15.258579,2025-07-27 21:00:00
35.65,49.015327,2025-07-27 21:00:00
1.3,13.742822,2025-07-27 21:00:00
14.275,12.769818,2025-07-27 21:00:00
47.55,59.019714,2025-07-27 21:00:00
40.0,44.927612,2025-07-27 22:00:00
44.975,59.811287,2025-07-27 22:00:00
13.975,14.051034,2025-07-27 22:00:00
1.3,13.446965,2025-07-27 22:00:00
14.35,12.59664,2025-07-27 22:00:00
38.65,46.668026,2025-07-27 23:00:00
14.4,14.845961,2025-07-27 23:00:00
14.1,12.446688,2025-07-27 23:00:00
1.3,13.592202,2025-07-27 23:00:00
51.425,62.15639,2025-07-27 23:00:00
10.8,12.921895,2025-07-28 00:00:00
13.566666666666668,11.226311,2025-07-28 00:00:00
35.56666666666666,48.060207,2025-07-28 00:00:00
30.55,43.30884,2025-07-28 00:00:00
8.025,10.90396,2025-07-28 00:00:00
21.925,29.215782,2025-07-28 01:00:00
12.525,12.604503,2025-07-28 01:00:00
4.675,11.095654,2025-07-28 01:00:00
36.075,64.213875,2025-07-28 01:00:00
12.575,12.0299425,2025-07-28 01:00:00
20.950000000000003,15.927036,2025-07-28 02:00:00
21.65,27.365932,2025-07-28 02:00:00
36.5,43.069542,2025-07-28 02:00:00
4.625,10.515813,2025-07-28 02:00:00
11.0,11.666914,2025-07-28 02:00:00
4.825,10.243085,2025-07-28 03:00:00
15.875,12.908399,2025-07-28 03:00:00
37.45,54.503456,2025-07-28 03:00:00
11.125,10.1548605,2025-07-28 03:00:00
23.35,26.064213,2025-07-28 03:00:00
11.2,14.068098,2025-07-28 04:00:00
10.6,11.006946,2025-07-28 04:00:00
39.65,54.949776,2025-07-28 04:00:00
19.275,26.000559,2025-07-28 04:00:00
6.325,9.588023,2025-07-28 04:00:00
21.025,29.254633,2025-07-28 05:00:00
7.35,7.8067164,2025-07-28 05:00:00
41.45,56.05161,2025-07-28 05:00:00
10.6,13.987746,2025-07-28 05:00:00
10.225,10.568411,2025-07-28 05:00:00
8.75,13.451563,2025-07-28 06:00:00
7.55,6.456221,2025-07-28 06:00:00
20.0,22.369009,2025-07-28 06:00:00
40.725,47.09649,2025-07-28 06:00:00
11.375,9.235514,2025-07-28 06:00:00
11.375,12.29961,2025-07-28 07:00:00
21.775,21.934834,2025-07-28 07:00:00
9.4,14.321524,2025-07-28 07:00:00
42.125,45.521408,2025-07-28 07:00:00
7.625,8.263409,2025-07-28 07:00:00
42.05,47.864044,2025-07-28 08:00:00
12.3,14.248504,2025-07-28 08:00:00
11.475,13.714408,2025-07-28 08:00:00
2.85,8.575612,2025-07-28 08:00:00
22.875,19.154749,2025-07-28 08:00:00
21.475,20.53935,2025-07-28 09:00:00
12.075,13.519345,2025-07-28 09:00:00
45.2,47.436127,2025-07-28 09:00:00
0.925,8.547382,2025-07-28 09:00:00
15.325,13.118245,2025-07-28 09:00:00
1.2,8.722223,2025-07-28 10:00:00
43.575,57.825157,2025-07-28 10:00:00
25.8,14.937705,2025-07-28 10:00:00
9.125,12.92809,2025-07-28 10:00:00
23.5,21.82941,2025-07-28 10:00:00
49.425,52.443844,2025-07-28 11:00:00
1.475,8.649278,2025-07-28 11:00:00
8.5,12.048205,2025-07-28 11:00:00
22.95,23.388773,2025-07-28 11:00:00
19.875,14.802855,2025-07-28 11:00:00
23.6,20.218983,2025-07-28 12:00:00
51.325,40.50461,2025-07-28 12:00:00
16.700000000000003,15.717236,2025-07-28 12:00:00
7.699999999999999,11.013946,2025-07-28 12:00:00
9.2,8.340927,2025-07-28 12:00:00
16.475,13.937664,2025-07-28 13:00:00
8.225,11.61483,2025-07-28 13:00:00
50.9,48.574177,2025-07-28 13:00:00
13.1,8.934788,2025-07-28 13:00:00
24.25,19.657433,2025-07-28 13:00:00
13.45,10.932582,2025-07-28 14:00:00
13.225,12.697153,2025-07-28 14:00:00
8.3,10.891064,2025-07-28 14:00:00
22.775,21.115017,2025-07-28 14:00:00
49.15,45.523376,2025-07-28 14:00:00
8.6,13.918578,2025-07-28 15:00:00
14.1,12.668722,2025-07-28 15:00:00
49.175,42.648697,2025-07-28 15:00:00
22.4,27.262798,2025-07-28 15:00:00
13.5,11.585902,2025-07-28 15:00:00
51.6,45.754322,2025-07-28 16:00:00
11.275,12.236328,2025-07-28 16:00:00
23.525,25.297941,2025-07-28 16:00:00
9.075,12.17428,2025-07-28 16:00:00
14.5,11.126034,2025-07-28 16:00:00
9.2,12.158132,2025-07-28 17:00:00
10.1,11.405453,2025-07-28 17:00:00
24.5,18.995037,2025-07-28 17:00:00
56.1,60.025356,2025-07-28 17:00:00
1.9,10.830043,2025-07-28 17:00:00
54.8,62.690758,2025-07-28 18:00:00
10.275,10.546194,2025-07-28 18:00:00
8.125,14.064749,2025-07-28 18:00:00
27.25,24.193287,2025-07-28 18:00:00
25.33333333333333,15.302537,2025-07-28 18:00:00
33.15,16.795313,2025-07-28 19:00:00
7.575,15.164063,2025-07-28 19:00:00
10.325,10.290897,2025-07-28 19:00:00
27.525,25.399517,2025-07-28 19:00:00
56.975,46.32336,2025-07-28 19:00:00
63.025,52.89821,2025-07-28 20:00:00
27.5,27.624407,2025-07-28 20:00:00
33.875,16.47298,2025-07-28 20:00:00
9.2,10.668389,2025-07-28 20:00:00
8.1,11.624725,2025-07-28 20:00:00
8.525,10.515692,2025-07-28 21:00:00
63.75,44.16391,2025-07-28 21:00:00
8.425,10.420788,2025-07-28 21:00:00
35.175,18.806671,2025-07-28 21:00:00
26.575,27.953503,2025-07-28 21:00:00
29.35,10.351797,2025-07-28 22:00:00
8.55,10.049508,2025-07-28 22:00:00
9.275,13.571158,2025-07-28 22:00:00
26.775,27.398134,2025-07-28 22:00:00
58.35,45.959545,2025-07-28 22:00:00
61.975,54.700706,2025-07-28 23:00:00
10.325,15.245634,2025-07-28 23:00:00
8.433333333333334,11.32357,2025-07-28 23:00:00
24.45,11.175989,2025-07-28 23:00:00
27.325,26.297102,2025-07-28 23:00:00
23.633333333333336,16.710716,2025-07-29 00:00:00
11.85,10.948538,2025-07-29 00:00:00
17.0,9.787318,2025-07-29 00:00:00
11.233333333333334,54.776424,2025-07-29 00:00:00
21.8,27.115126,2025-07-29 00:00:00
17.0,12.905696,2025-07-29 01:00:00
13.325,50.171246,2025-07-29 01:00:00
13.0,9.460498,2025-07-29 01:00:00
17.625,25.600859,2025-07-29 01:00:00
14.15,18.610863,2025-07-29 01:00:00
13.65,23.63213,2025-07-29 02:00:00
9.0,61.522602,2025-07-29 02:00:00
15.45,19.384083,2025-07-29 02:00:00
11.5,18.752966,2025-07-29 02:00:00
13.25,8.9003935,2025-07-29 02:00:00
13.15,8.543267,2025-07-29 03:00:00
15.45,19.562672,2025-07-29 03:00:00
15.45,23.535608,2025-07-29 03:00:00
11.4,16.399628,2025-07-29 03:00:00
14.8,61.334843,2025-07-29 03:00:00
15.45,16.653625,2025-07-29 04:00:00
16.25,67.55923,2025-07-29 04:00:00
16.525,8.570199,2025-07-29 04:00:00
17.674999999999997,24.045004,2025-07-29 04:00:00
10.875,16.602566,2025-07-29 04:00:00
15.45,15.482566,2025-07-29 05:00:00
18.3,56.81335,2025-07-29 05:00:00
18.575,8.854772,2025-07-29 05:00:00
19.95,23.82065,2025-07-29 05:00:00
11.625,16.689863,2025-07-29 05:00:00
11.8,19.022242,2025-07-29 06:00:00
19.525,75.011986,2025-07-29 06:00:00
18.625,9.517787,2025-07-29 06:00:00
20.15,20.06554,2025-07-29 06:00:00
13.225,15.871591,2025-07-29 07:00:00
20.75,68.209015,2025-07-29 07:00:00
18.75,9.77786,2025-07-29 07:00:00
20.4,19.288893,2025-07-29 07:00:00
13.275,12.168804,2025-07-29 08:00:00
23.075,64.5772,2025-07-29 08:00:00
20.875,21.814646,2025-07-29 08:00:00
15.225,9.521878,2025-07-29 08:00:00
1.1,12.292293,2025-07-29 08:00:00
12.675,11.932625,2025-07-29 09:00:00
16.575,14.339986,2025-07-29 09:00:00
13.525,9.006351,2025-07-29 09:00:00
23.125,79.442764,2025-07-29 09:00:00
23.2,24.745838,2025-07-29 09:00:00
24.975,69.474464,2025-07-29 10:00:00
11.2,14.803416,2025-07-29 10:00:00
23.375,25.449919,2025-07-29 10:00:00
43.9,17.632477,2025-07-29 10:00:00
13.775,9.1134405,2025-07-29 10:00:00
10.35,12.376752,2025-07-29 11:00:00
34.55,17.00994,2025-07-29 11:00:00
14.175,9.780332,2025-07-29 11:00:00
24.65,25.06901,2025-07-29 11:00:00
29.175,78.525154,2025-07-29 11:00:00
11.675,9.272599,2025-07-29 12:00:00
11.7,10.340709,2025-07-29 12:00:00
30.475,79.24895,2025-07-29 12:00:00
22.2,23.719992,2025-07-29 12:00:00
30.3,15.689265,2025-07-29 12:00:00
11.55,9.425621,2025-07-29 13:00:00
10.525,10.469476,2025-07-29 13:00:00
29.175,76.57054,2025-07-29 13:00:00
29.075,13.834556,2025-07-29 13:00:00
21.825,27.341082,2025-07-29 13:00:00
25.15,14.004257,2025-07-29 14:00:00
11.15,12.511848,2025-07-29 14:00:00
34.175,26.150805,2025-07-29 14:00:00
29.125,60.42319,2025-07-29 14:00:00
12.925,11.837071,2025-07-29 14:00:00
23.625,11.992223,2025-07-29 15:00:00
28.0,24.3566,2025-07-29 15:00:00
26.65,62.383987,2025-07-29 15:00:00
11.275,11.097958,2025-07-29 15:00:00
14.5,10.476678,2025-07-29 15:00:00
27.0,27.901966,2025-07-29 16:00:00
14.725,8.776013,2025-07-29 16:00:00
26.875,10.289653,2025-07-29 16:00:00
9.65,11.78268,2025-07-29 16:00:00
32.3,80.81798,2025-07-29 16:00:00
29.2,25.44037,2025-07-29 17:00:00
28.55,10.445604,2025-07-29 17:00:00
30.725,95.41535,2025-07-29 17:00:00
14.975,8.762814,2025-07-29 17:00:00
8.5,11.582477,2025-07-29 17:00:00
28.65,23.219519,2025-07-29 18:00:00
34.5,73.61667,2025-07-29 18:00:00
8.475,10.896644,2025-07-29 18:00:00
13.375,8.215173,2025-07-29 18:00:00
38.725,14.930115,2025-07-29 18:00:00
40.425,76.40313,2025-07-29 19:00:00
8.5,9.9229555,2025-07-29 19:00:00
24.075,27.316618,2025-07-29 19:00:00
13.1,9.623359,2025-07-29 19:00:00
28.825,19.959158,2025-07-29 19:00:00
43.5,80.88083,2025-07-29 20:00:00
11.875,9.087077,2025-07-29 20:00:00
30.175,15.65368,2025-07-29 20:00:00
13.05,11.088706,2025-07-29 20:00:00
28.55,33.703274,2025-07-29 20:00:00
15.45,9.532481,2025-07-29 21:00:00
37.925,75.373276,2025-07-29 21:00:00
26.825,34.13194,2025-07-29 21:00:00
12.275,8.949105,2025-07-29 21:00:00
28.35,19.564716,2025-07-29 21:00:00
23.525,19.550627,2025-07-29 22:00:00
38.5,78.475426,2025-07-29 22:00:00
25.475,38.322227,2025-07-29 22:00:00
12.6,8.458441,2025-07-29 22:00:00
15.125,9.0583725,2025-07-29 22:00:00
15.066666666666668,9.30004,2025-07-29 23:00:00
25.35,17.973621,2025-07-29 23:00:00
38.8,70.79318,2025-07-29 23:00:00
25.15,39.313297,2025-07-29 23:00:00
13.95,9.040087,2025-07-29 23:00:00
32.666666666666664,59.59766,2025-07-30 00:00:00
15.8,18.087484,2025-07-30 00:00:00
19.95,35.458,2025-07-30 00:00:00
14.2,16.329304,2025-07-30 00:00:00
8.275,10.183701,2025-07-30 00:00:00
13.15,19.496826,2025-07-30 01:00:00
4.85,9.953506,2025-07-30 01:00:00
19.35,22.694221,2025-07-30 01:00:00
35.775000000000006,69.01169,2025-07-30 01:00:00
13.75,14.675102,2025-07-30 01:00:00
13.8,14.8762045,2025-07-30 02:00:00
32.0,38.913883,2025-07-30 02:00:00
4.275,10.486822,2025-07-30 02:00:00
14.05,17.312141,2025-07-30 02:00:00
27.8,15.504408,2025-07-30 02:00:00
16.4,16.249012,2025-07-30 03:00:00
3.85,11.603603,2025-07-30 03:00:00
39.95,48.043232,2025-07-30 03:00:00
17.375,16.409695,2025-07-30 03:00:00
13.125,11.392855,2025-07-30 03:00:00
36.925,37.56913,2025-07-30 04:00:00
12.95,15.913317,2025-07-30 04:00:00
11.4,10.910027,2025-07-30 04:00:00
8.55,12.408528,2025-07-30 04:00:00
22.475,16.814472,2025-07-30 04:00:00
39.4,37.313557,2025-07-30 05:00:00
11.275,10.406175,2025-07-30 05:00:00
10.875,11.827827,2025-07-30 05:00:00
20.75,19.366386,2025-07-30 05:00:00
11.8,21.059175,2025-07-30 05:00:00
37.725,34.25,2025-07-30 06:00:00
11.425,12.577231,2025-07-30 06:00:00
11.4,11.351279,2025-07-30 06:00:00
18.75,17.70886,2025-07-30 06:00:00
11.575,12.391413,2025-07-30 07:00:00
19.225,16.889456,2025-07-30 07:00:00
40.8,35.287853,2025-07-30 07:00:00
14.0,12.235823,2025-07-30 07:00:00
17.875,18.362574,2025-07-30 08:00:00
43.925,34.164185,2025-07-30 08:00:00
13.575,11.981259,2025-07-30 08:00:00
12.375,10.181699,2025-07-30 08:00:00
4.0,11.911895,2025-07-30 08:00:00
13.45,10.371566,2025-07-30 09:00:00
44.5,35.40196,2025-07-30 09:00:00
0.35,12.747245,2025-07-30 09:00:00
14.2,12.109652,2025-07-30 09:00:00
18.775,19.199871,2025-07-30 09:00:00
12.375,10.83149,2025-07-30 10:00:00
16.75,20.725048,2025-07-30 10:00:00
48.975,40.4242,2025-07-30 10:00:00
1.225,11.565251,2025-07-30 10:00:00
29.925,21.881119,2025-07-30 10:00:00
47.5,40.91319,2025-07-30 11:00:00
16.225,19.786734,2025-07-30 11:00:00
16.25,19.103216,2025-07-30 11:00:00
10.3,11.332054,2025-07-30 11:00:00
1.5,12.029286,2025-07-30 11:00:00
2.475,12.573591,2025-07-30 12:00:00
16.2,20.023705,2025-07-30 12:00:00
51.05,37.9388,2025-07-30 12:00:00
9.975,10.578604,2025-07-30 12:00:00
16.7,21.345018,2025-07-30 12:00:00
15.2,20.189991,2025-07-30 13:00:00
10.525,10.8995285,2025-07-30 13:00:00
50.125,40.386173,2025-07-30 13:00:00
2.6333333333333333,12.862511,2025-07-30 13:00:00
17.5,19.231195,2025-07-30 13:00:00
11.625,11.977209,2025-07-30 14:00:00
21.975,19.204727,2025-07-30 14:00:00
50.625,46.89995,2025-07-30 14:00:00
2.6333333333333333,12.427273,2025-07-30 14:00:00
10.325,14.735327,2025-07-30 14:00:00
10.95,14.184524,2025-07-30 15:00:00
10.0,11.8794,2025-07-30 15:00:00
31.225,25.023428,2025-07-30 15:00:00
52.4,50.96553,2025-07-30 15:00:00
2.6333333333333333,12.293565,2025-07-30 15:00:00
54.63333333333333,15.594617,2025-07-30 16:00:00
43.475,24.119707,2025-07-30 16:00:00
3.975,12.931108,2025-07-30 16:00:00
9.575,13.829359,2025-07-30 16:00:00
52.9,59.544792,2025-07-30 16:00:00
56.55,56.674545,2025-07-30 17:00:00
3.525,11.856122,2025-07-30 17:00:00
29.0,23.820597,2025-07-30 17:00:00
152.64999999999998,20.515795,2025-07-30 17:00:00
10.05,14.880731,2025-07-30 17:00:00
9.9,13.104666,2025-07-30 18:00:00
9.475,25.756773,2025-07-30 18:00:00
54.1,22.367956,2025-07-30 18:00:00
3.575,11.412533,2025-07-30 18:00:00
64.125,60.13413,2025-07-30 18:00:00
11.75,13.274763,2025-07-30 19:00:00
60.125,51.942593,2025-07-30 19:00:00
18.95,25.42289,2025-07-30 19:00:00
4.55,11.738205,2025-07-30 19:00:00
8.366666666666667,29.17324,2025-07-30 19:00:00
10.825,13.037203,2025-07-30 20:00:00
14.075,28.347263,2025-07-30 20:00:00
25.7,27.004612,2025-07-30 20:00:00
14.925,12.820219,2025-07-30 20:00:00
62.05,57.874687,2025-07-30 20:00:00
11.05,13.218993,2025-07-30 21:00:00
61.025,47.23154,2025-07-30 21:00:00
20.65,12.792069,2025-07-30 21:00:00
28.625,28.288006,2025-07-30 21:00:00
17.6,25.45786,2025-07-30 21:00:00
21.3,13.151059,2025-07-30 22:00:00
61.9,45.461933,2025-07-30 22:00:00
14.275,23.701769,2025-07-30 22:00:00
11.575,13.11288,2025-07-30 22:00:00
32.575,30.316187,2025-07-30 22:00:00
21.46666666666667,12.249821,2025-07-30 23:00:00
17.175,23.763336,2025-07-30 23:00:00
33.5,26.022963,2025-07-30 23:00:00
61.175,47.798824,2025-07-30 23:00:00
12.5,16.9278,2025-07-30 23:00:00
14.966666666666669,36.376816,2025-07-31 00:00:00
17.633333333333336,18.047283,2025-07-31 00:00:00
12.2,15.272619,2025-07-31 00:00:00
35.43333333333333,21.80931,2025-07-31 00:00:00
12.5,12.829857,2025-07-31 00:00:00
8.8,11.907474,2025-07-31 01:00:00
1.05,20.21809,2025-07-31 01:00:00
18.65,37.97524,2025-07-31 01:00:00
12.85,18.222984,2025-07-31 01:00:00
18.575,19.099257,2025-07-31 01:00:00
8.8,10.926927,2025-07-31 02:00:00
27.35,18.981045,2025-07-31 02:00:00
4.4,19.654524,2025-07-31 02:00:00
12.8,14.4860935,2025-07-31 02:00:00
24.2,34.829502,2025-07-31 02:00:00
11.025,15.066201,2025-07-31 03:00:00
4.4,19.884832,2025-07-31 03:00:00
22.0,39.682766,2025-07-31 03:00:00
22.425,18.419455,2025-07-31 03:00:00
8.825,11.011384,2025-07-31 03:00:00
25.375,47.850945,2025-07-31 04:00:00
4.4,19.727182,2025-07-31 04:00:00
12.425,15.426442,2025-07-31 04:00:00
7.4,11.97371,2025-07-31 04:00:00
20.3,17.241165,2025-07-31 04:00:00
6.95,12.275662,2025-07-31 05:00:00
22.95,13.7712145,2025-07-31 05:00:00
24.75,47.99933,2025-07-31 05:00:00
15.066666666666668,18.871033,2025-07-31 05:00:00
12.525,14.849762,2025-07-31 05:00:00
23.125,44.223316,2025-07-31 06:00:00
7.45,12.622278,2025-07-31 06:00:00
12.35,13.95139,2025-07-31 06:00:00
29.325000000000003,18.741537,2025-07-31 06:00:00
18.875,13.4814005,2025-07-31 06:00:00
12.775,15.469713,2025-07-31 07:00:00
31.4,18.852798,2025-07-31 07:00:00
7.65,12.388332,2025-07-31 07:00:00
26.825,46.550583,2025-07-31 07:00:00
20.7,12.144666,2025-07-31 07:00:00
6.85,10.049343,2025-07-31 08:00:00
22.675,14.393381,2025-07-31 08:00:00
12.9,15.73457,2025-07-31 08:00:00
38.025,18.821941,2025-07-31 08:00:00
26.875,49.781963,2025-07-31 08:00:00
25.125,14.643609,2025-07-31 09:00:00
28.95,58.473156,2025-07-31 09:00:00
11.725,15.663433,2025-07-31 09:00:00
5.825,9.0690975,2025-07-31 09:00:00
35.925,19.900469,2025-07-31 09:00:00
5.675,9.23643,2025-07-31 10:00:00
34.849999999999994,21.723186,2025-07-31 10:00:00
10.65,14.266409,2025-07-31 10:00:00
30.175,24.95906,2025-07-31 10:00:00
36.1,58.357796,2025-07-31 10:00:00
28.375,22.301163,2025-07-31 11:00:00
12.15,13.593278,2025-07-31 11:00:00
6.475,8.606778,2025-07-31 11:00:00
20.2,19.791521,2025-07-31 11:00:00
30.375,47.8895,2025-07-31 11:00:00
32.95,61.094986,2025-07-31 12:00:00
4.65,17.664532,2025-07-31 12:00:00
29.975,20.26421,2025-07-31 12:00:00
12.55,13.515279,2025-07-31 12:00:00
10.825,8.372626,2025-07-31 12:00:00
33.5,61.378647,2025-07-31 13:00:00
4.1,17.570223,2025-07-31 13:00:00
12.95,9.101785,2025-07-31 13:00:00
13.0,13.022836,2025-07-31 13:00:00
26.075,16.49909,2025-07-31 13:00:00
24.525,15.496242,2025-07-31 14:00:00
13.75,14.230966,2025-07-31 14:00:00
13.7,8.056385,2025-07-31 14:00:00
14.525,20.958893,2025-07-31 14:00:00
35.3,78.411964,2025-07-31 14:00:00
23.25,24.589127,2025-07-31 15:00:00
97.85,14.61943,2025-07-31 15:00:00
13.5,7.653758,2025-07-31 15:00:00
13.975,14.005999,2025-07-31 15:00:00
38.45,77.416725,2025-07-31 15:00:00
45.45,23.191927,2025-07-31 16:00:00
39.425,82.79822,2025-07-31 16:00:00
28.25,29.755953,2025-07-31 16:00:00
7.2,8.60603,2025-07-31 16:00:00
12.625,14.821414,2025-07-31 16:00:00
22.95,27.751368,2025-07-31 17:00:00
22.4,29.631203,2025-07-31 17:00:00
43.925,69.86625,2025-07-31 17:00:00
4.2,8.616024,2025-07-31 17:00:00
12.266666666666666,13.746748,2025-07-31 17:00:00
12.625,13.140126,2025-07-31 18:00:00
20.2,30.867601,2025-07-31 18:00:00
23.525,30.330978,2025-07-31 18:00:00
42.15,82.43922,2025-07-31 18:00:00
4.05,8.970541,2025-07-31 18:00:00
8.375,27.934267,2025-07-31 19:00:00
28.525,16.553804,2025-07-31 19:00:00
4.025,8.983348,2025-07-31 19:00:00
14.275,14.021854,2025-07-31 19:00:00
46.6,88.483116,2025-07-31 19:00:00
26.7,21.005966,2025-07-31 20:00:00
12.55,13.890728,2025-07-31 20:00:00
46.2,79.3394,2025-07-31 20:00:00
10.3,10.318611,2025-07-31 20:00:00
7.375,27.029728,2025-07-31 20:00:00
13.375,12.289141,2025-07-31 21:00:00
10.1,18.733799,2025-07-31 21:00:00
12.625,13.15746,2025-07-31 21:00:00
26.7,22.39608,2025-07-31 21:00:00
48.425,69.56863,2025-07-31 21:00:00
6.574999999999999,14.980635,2025-07-31 22:00:00
26.7,30.450548,2025-07-31 22:00:00
12.85,12.163309,2025-07-31 22:00:00
13.025,13.783881,2025-07-31 22:00:00
48.55,70.56739,2025-07-31 22:00:00
26.7,31.614256,2025-07-31 23:00:00
45.225,64.13178,2025-07-31 23:00:00
14.1,19.544262,2025-07-31 23:00:00
12.366666666666667,12.0935,2025-07-31 23:00:00
9.225,23.194134,2025-07-31 23:00:00
12.2,18.517328,2025-08-01 00:00:00
32.93333333333334,29.582998,2025-08-01 00:00:00
13.875,19.423485,2025-08-01 00:00:00
15.875,12.113723,2025-08-01 00:00:00
18.366666666666667,74.276306,2025-08-01 00:00:00
17.475,11.94145,2025-08-01 01:00:00
10.85,16.900452,2025-08-01 01:00:00
44.025,23.605068,2025-08-01 01:00:00
16.25,64.926895,2025-08-01 01:00:00
17.3,17.575117,2025-08-01 01:00:00
12.2,51.76048,2025-08-01 02:00:00
26.25,27.040213,2025-08-01 02:00:00
9.8,14.069887,2025-08-01 02:00:00
17.025,12.9597845,2025-08-01 02:00:00
50.75,17.37121,2025-08-01 02:00:00
16.775,10.835153,2025-08-01 03:00:00
49.525,16.244312,2025-08-01 03:00:00
15.625,56.09067,2025-08-01 03:00:00
21.75,22.942022,2025-08-01 03:00:00
11.0,13.939961,2025-08-01 03:00:00
20.8,21.412966,2025-08-01 04:00:00
56.975,17.019129,2025-08-01 04:00:00
14.275,11.314589,2025-08-01 04:00:00
10.8,12.427957,2025-08-01 04:00:00
19.9,69.66301,2025-08-01 04:00:00
11.15,13.572443,2025-08-01 05:00:00
17.675,73.51658,2025-08-01 05:00:00
13.3,9.849126,2025-08-01 05:00:00
62.9,18.04046,2025-08-01 05:00:00
23.45,20.79668,2025-08-01 05:00:00
13.65,10.739289,2025-08-01 06:00:00
55.825,21.677692,2025-08-01 06:00:00
18.725,17.476141,2025-08-01 06:00:00
11.325,13.187057,2025-08-01 06:00:00
22.65,69.21201,2025-08-01 06:00:00
18.6,28.605576,2025-08-01 07:00:00
23.975,70.91891,2025-08-01 07:00:00
10.425,14.3108225,2025-08-01 07:00:00
14.275,10.124823,2025-08-01 07:00:00
19.05,19.128021,2025-08-01 07:00:00
7.3,28.129938,2025-08-01 08:00:00
10.525,13.911302,2025-08-01 08:00:00
10.625,9.691053,2025-08-01 08:00:00
18.225,21.986855,2025-08-01 08:00:00
24.225,68.04257,2025-08-01 08:00:00
9.775,14.215996,2025-08-01 09:00:00
18.1,24.868324,2025-08-01 09:00:00
8.375,8.566622,2025-08-01 09:00:00
28.275,64.23044,2025-08-01 09:00:00
18.275,30.303207,2025-08-01 09:00:00
30.7,71.3221,2025-08-01 10:00:00
26.1,26.798428,2025-08-01 10:00:00
7.7,8.879813,2025-08-01 10:00:00
10.1,11.843553,2025-08-01 10:00:00
26.775,28.269745,2025-08-01 10:00:00
21.1,24.413397,2025-08-01 11:00:00
28.175,70.70853,2025-08-01 11:00:00
9.4,11.268325,2025-08-01 11:00:00
43.075,24.58479,2025-08-01 11:00:00
7.625,8.521157,2025-08-01 11:00:00
33.0,74.100784,2025-08-01 12:00:00
10.65,11.664023,2025-08-01 12:00:00
9.925,9.61369,2025-08-01 12:00:00
56.6,19.58577,2025-08-01 12:00:00
21.35,23.930222,2025-08-01 12:00:00
21.3,23.59087,2025-08-01 13:00:00
10.675,12.390814,2025-08-01 13:00:00
10.125,13.119909,2025-08-01 13:00:00
56.3,18.784433,2025-08-01 13:00:00
33.125,70.42476,2025-08-01 13:00:00
27.375,48.900772,2025-08-01 14:00:00
17.95,23.744766,2025-08-01 14:00:00
10.225,12.787705,2025-08-01 14:00:00
60.2,20.333508,2025-08-01 14:00:00
10.325,11.797064,2025-08-01 14:00:00
29.0,52.95687,2025-08-01 15:00:00
16.85,31.578344,2025-08-01 15:00:00
10.225,12.209986,2025-08-01 15:00:00
8.65,13.662322,2025-08-01 15:00:00
59.275,21.680367,2025-08-01 15:00:00
34.125,56.476517,2025-08-01 16:00:00
16.325,40.15332,2025-08-01 16:00:00
8.35,12.03335,2025-08-01 16:00:00
10.625,13.860446,2025-08-01 16:00:00
53.825,39.011448,2025-08-01 16:00:00
19.2,43.63934,2025-08-01 17:00:00
10.25,13.804815,2025-08-01 17:00:00
7.875,10.909905,2025-08-01 17:00:00
40.225,55.333992,2025-08-01 17:00:00
17.975,33.821224,2025-08-01 17:00:00
9.55,13.263329,2025-08-01 18:00:00
20.5,31.85741,2025-08-01 18:00:00
37.25,60.47274,2025-08-01 18:00:00
12.75,16.916506,2025-08-01 18:00:00
7.65,13.735834,2025-08-01 18:00:00
19.1,19.011848,2025-08-01 19:00:00
37.2,72.76287,2025-08-01 19:00:00
9.55,13.670542,2025-08-01 19:00:00
7.575,12.471758,2025-08-01 19:00:00
25.275,13.983804,2025-08-01 19:00:00
9.325,14.372799,2025-08-01 20:00:00
20.625,13.888226,2025-08-01 20:00:00
7.824999999999999,12.054259,2025-08-01 20:00:00
42.075,66.52835,2025-08-01 20:00:00
32.1,18.183693,2025-08-01 20:00:00
9.0,15.660766,2025-08-01 21:00:00
7.975,16.551523,2025-08-01 21:00:00
44.525,23.017027,2025-08-01 21:00:00
22.1,12.993667,2025-08-01 21:00:00
38.575,59.163372,2025-08-01 21:00:00
17.55,12.464373,2025-08-01 22:00:00
8.05,18.145555,2025-08-01 22:00:00
41.925,63.930386,2025-08-01 22:00:00
57.25,27.924679,2025-08-01 22:00:00
10.2,15.629292,2025-08-01 22:00:00
59.15,31.843159,2025-08-01 23:00:00
17.35,15.7795925,2025-08-01 23:00:00
8.266666666666667,13.121925,2025-08-01 23:00:00
10.925,19.555681,2025-08-01 23:00:00
41.35,72.49566,2025-08-01 23:00:00
29.3,40.53833,2025-08-02 00:00:00
11.2,18.396326,2025-08-02 00:00:00
19.4,13.627917,2025-08-02 00:00:00
4.175,13.78129,2025-08-02 00:00:00
13.633333333333333,49.815903,2025-08-02 00:00:00
18.3,18.530561,2025-08-02 01:00:00
11.925,17.953863,2025-08-02 01:00:00
14.1,44.35134,2025-08-02 01:00:00
1.675,12.981175,2025-08-02 01:00:00
1.3,30.32187,2025-08-02 01:00:00
26.8,23.130516,2025-08-02 02:00:00
13.6,37.310013,2025-08-02 02:00:00
1.725,14.276269,2025-08-02 02:00:00
11.8,14.260237,2025-08-02 02:00:00
5.5,30.189966,2025-08-02 02:00:00
5.5,34.02174,2025-08-02 03:00:00
20.375,22.789703,2025-08-02 03:00:00
13.025,13.077784,2025-08-02 03:00:00
19.325,30.399809,2025-08-02 03:00:00
2.05,13.897957,2025-08-02 03:00:00
5.5,30.829527,2025-08-02 04:00:00
2.05,14.790824,2025-08-02 04:00:00
17.825,19.269268,2025-08-02 04:00:00
12.6,13.400194,2025-08-02 04:00:00
24.25,26.939585,2025-08-02 04:00:00
2.55,12.843353,2025-08-02 05:00:00
19.875,21.37262,2025-08-02 05:00:00
24.275,31.19606,2025-08-02 05:00:00
13.125,14.817053,2025-08-02 05:00:00
5.5,34.442184,2025-08-02 05:00:00
23.85,29.074583,2025-08-02 06:00:00
20.025,18.833687,2025-08-02 06:00:00
2.475,13.596552,2025-08-02 06:00:00
11.875,12.8654,2025-08-02 06:00:00
12.5,13.231416,2025-08-02 07:00:00
11.3,40.382893,2025-08-02 07:00:00
3.025,13.984385,2025-08-02 07:00:00
117.56666666666666,19.219826,2025-08-02 07:00:00
23.875,35.58691,2025-08-02 07:00:00
26.6,32.976185,2025-08-02 08:00:00
15.2,13.914234,2025-08-02 08:00:00
8.375,45.643555,2025-08-02 08:00:00
12.025,15.46511,2025-08-02 08:00:00
28.375,19.366112,2025-08-02 08:00:00
21.125,12.63503,2025-08-02 09:00:00
11.35,20.20396,2025-08-02 09:00:00
11.825,12.465979,2025-08-02 09:00:00
9.525,30.00048,2025-08-02 09:00:00
27.175,39.314163,2025-08-02 09:00:00
10.8,11.890236,2025-08-02 10:00:00
18.925,23.761992,2025-08-02 10:00:00
20.875,11.603043,2025-08-02 10:00:00
30.625,39.513653,2025-08-02 10:00:00
10.675,31.892897,2025-08-02 10:00:00
37.2,24.094995,2025-08-02 11:00:00
1.6666666666666667,32.87811,2025-08-02 11:00:00
12.9,11.592235,2025-08-02 11:00:00
31.875,44.430782,2025-08-02 11:00:00
20.975,12.290375,2025-08-02 11:00:00
14.15,15.122353,2025-08-02 12:00:00
16.35,23.570168,2025-08-02 12:00:00
10.675,11.917848,2025-08-02 12:00:00
1.933333333333333,35.300133,2025-08-02 12:00:00
38.325,43.968307,2025-08-02 12:00:00
6.35,20.152712,2025-08-02 13:00:00
14.15,11.304307,2025-08-02 13:00:00
9.0,11.388364,2025-08-02 13:00:00
1.933333333333333,39.62043,2025-08-02 13:00:00
33.725,43.420235,2025-08-02 13:00:00
14.15,12.353972,2025-08-02 14:00:00
37.1,42.745647,2025-08-02 14:00:00
11.5,12.64311,2025-08-02 14:00:00
1.5666666666666669,17.421347,2025-08-02 14:00:00
1.933333333333333,40.40584,2025-08-02 14:00:00
1.933333333333333,40.01606,2025-08-02 15:00:00
14.15,13.028112,2025-08-02 15:00:00
5.475,19.204819,2025-08-02 15:00:00
35.025,45.71181,2025-08-02 15:00:00
12.575,12.294552,2025-08-02 15:00:00
4.85,17.753595,2025-08-02 16:00:00
8.799999999999999,12.003878,2025-08-02 16:00:00
36.45,42.01965,2025-08-02 16:00:00
13.2,11.646499,2025-08-02 16:00:00
40.625,46.539192,2025-08-02 17:00:00
8.3,16.323805,2025-08-02 17:00:00
9.4,12.096585,2025-08-02 17:00:00
13.05,11.335132,2025-08-02 17:00:00
6.0,40.25738,2025-08-02 17:00:00
6.825,36.76891,2025-08-02 18:00:00
8.7,11.693125,2025-08-02 18:00:00
10.5,17.586697,2025-08-02 18:00:00
11.95,10.946596,2025-08-02 18:00:00
38.375,52.932022,2025-08-02 18:00:00
6.525,17.397003,2025-08-02 19:00:00
8.475,29.549381,2025-08-02 19:00:00
10.475,11.566056,2025-08-02 19:00:00
8.675,11.644257,2025-08-02 19:00:00
45.475,46.742424,2025-08-02 19:00:00
5.1000000000000005,37.915977,2025-08-02 20:00:00
9.6,11.287123,2025-08-02 20:00:00
41.775,43.899036,2025-08-02 20:00:00
6.8,15.694223,2025-08-02 20:00:00
10.3,10.355897,2025-08-02 20:00:00
9.6,11.014502,2025-08-02 21:00:00
5.1000000000000005,33.459686,2025-08-02 21:00:00
6.7,16.366226,2025-08-02 21:00:00
11.425,11.785808,2025-08-02 21:00:00
44.175,55.187218,2025-08-02 21:00:00
2.875,44.991573,2025-08-02 22:00:00
11.6,11.387462,2025-08-02 22:00:00
46.85,60.38071,2025-08-02 22:00:00
11.3,11.793497,2025-08-02 22:00:00
4.3,16.603256,2025-08-02 22:00:00
7.550000000000001,17.047028,2025-08-02 23:00:00
12.125,14.744067,2025-08-02 23:00:00
2.875,52.15772,2025-08-02 23:00:00
11.8,12.115551,2025-08-02 23:00:00
41.65,68.87848,2025-08-02 23:00:00
5.866666666666667,48.099564,2025-08-03 00:00:00
13.05,19.395878,2025-08-03 00:00:00
23.3,49.19825,2025-08-03 00:00:00
9.25,13.706046,2025-08-03 00:00:00
11.4,15.246412,2025-08-03 00:00:00
8.35,12.883928,2025-08-03 01:00:00
7.4,33.553383,2025-08-03 01:00:00
37.125,49.718178,2025-08-03 01:00:00
17.0,16.573826,2025-08-03 01:00:00
11.625,15.432328,2025-08-03 01:00:00
36.95,23.725178,2025-08-03 02:00:00
14.3,22.93809,2025-08-03 02:00:00
17.0,21.095419,2025-08-03 02:00:00
11.3,13.47732,2025-08-03 02:00:00
8.325,11.200138,2025-08-03 02:00:00
8.075,10.855754,2025-08-03 03:00:00
14.475,21.389193,2025-08-03 03:00:00
11.55,12.17752,2025-08-03 03:00:00
44.725,22.615583,2025-08-03 03:00:00
69.2,20.468462,2025-08-03 03:00:00
11.75,8.723946,2025-08-03 04:00:00
33.875,17.925856,2025-08-03 04:00:00
56.1,19.427048,2025-08-03 04:00:00
11.525,12.225957,2025-08-03 04:00:00
12.45,30.768654,2025-08-03 04:00:00
13.2,8.958506,2025-08-03 05:00:00
10.875,13.396668,2025-08-03 05:00:00
30.775,18.678274,2025-08-03 05:00:00
11.475,38.09059,2025-08-03 05:00:00
59.95,19.131844,2025-08-03 05:00:00
11.45,14.00481,2025-08-03 06:00:00
8.675,34.647278,2025-08-03 06:00:00
16.7,18.123203,2025-08-03 06:00:00
13.525,8.23793,2025-08-03 06:00:00
19.525,26.445326,2025-08-03 07:00:00
12.575,13.643123,2025-08-03 07:00:00
49.0,14.95252,2025-08-03 07:00:00
12.425,38.258987,2025-08-03 07:00:00
13.7,8.699191,2025-08-03 07:00:00
21.05,29.966352,2025-08-03 08:00:00
13.725,14.218178,2025-08-03 08:00:00
9.75,8.888778,2025-08-03 08:00:00
16.65,37.265976,2025-08-03 08:00:00
50.1,16.188692,2025-08-03 08:00:00
17.45,17.70798,2025-08-03 09:00:00
13.05,12.274709,2025-08-03 09:00:00
7.775,9.626994,2025-08-03 09:00:00
21.475,25.831615,2025-08-03 09:00:00
20.7,41.25134,2025-08-03 09:00:00
27.75,18.871563,2025-08-03 10:00:00
22.525,47.288395,2025-08-03 10:00:00
31.475,23.479813,2025-08-03 10:00:00
12.05,12.164301,2025-08-03 10:00:00
7.8,10.910676,2025-08-03 10:00:00
31.125,13.738689,2025-08-03 11:00:00
12.2,13.068518,2025-08-03 11:00:00
7.8,16.248772,2025-08-03 11:00:00
19.2,23.716963,2025-08-03 11:00:00
20.4,46.078033,2025-08-03 11:00:00
11.15,16.331537,2025-08-03 12:00:00
12.0,12.542766,2025-08-03 12:00:00
18.225,41.442688,2025-08-03 12:00:00
24.75,21.526527,2025-08-03 12:00:00
30.9,16.41597,2025-08-03 12:00:00
44.4,16.992672,2025-08-03 13:00:00
12.65,12.596962,2025-08-03 13:00:00
19.825,47.858276,2025-08-03 13:00:00
12.1,13.72852,2025-08-03 13:00:00
26.625,19.108717,2025-08-03 13:00:00
23.175,39.1451,2025-08-03 14:00:00
76.825,13.404569,2025-08-03 14:00:00
12.55,12.248425,2025-08-03 14:00:00
12.625,11.089468,2025-08-03 14:00:00
58.275,20.397255,2025-08-03 14:00:00
13.45,12.070146,2025-08-03 15:00:00
57.475,18.550035,2025-08-03 15:00:00
25.55,41.00531,2025-08-03 15:00:00
12.1,8.525951,2025-08-03 15:00:00
85.225,12.627851,2025-08-03 15:00:00
27.575000000000003,38.96263,2025-08-03 16:00:00
12.6,14.303886,2025-08-03 16:00:00
89.85,13.631805,2025-08-03 16:00:00
8.625,12.196541,2025-08-03 16:00:00
49.6,14.008239,2025-08-03 17:00:00
13.15,12.763571,2025-08-03 17:00:00
87.325,17.238132,2025-08-03 17:00:00
26.4,41.793575,2025-08-03 17:00:00
6.55,10.570875,2025-08-03 17:00:00
12.45,12.964734,2025-08-03 18:00:00
30.825000000000003,53.487865,2025-08-03 18:00:00
6.55,11.126299,2025-08-03 18:00:00
90.9,17.10932,2025-08-03 18:00:00
51.325,15.963154,2025-08-03 18:00:00
27.525,51.822197,2025-08-03 19:00:00
90.875,16.67757,2025-08-03 19:00:00
29.3,21.144638,2025-08-03 19:00:00
12.45,12.2588,2025-08-03 19:00:00
6.9,11.72813,2025-08-03 19:00:00
27.9,53.481995,2025-08-03 20:00:00
4.45,11.000998,2025-08-03 20:00:00
10.4,12.352741,2025-08-03 20:00:00
88.05,15.973863,2025-08-03 20:00:00
25.025,19.525942,2025-08-03 20:00:00
30.55,16.168814,2025-08-03 21:00:00
4.45,11.381815,2025-08-03 21:00:00
11.4,11.473338,2025-08-03 21:00:00
88.35,13.978813,2025-08-03 21:00:00
29.375,47.11411,2025-08-03 21:00:00
4.45,10.824643,2025-08-03 22:00:00
96.05,12.280522,2025-08-03 22:00:00
11.15,11.831902,2025-08-03 22:00:00
30.175,57.54571,2025-08-03 22:00:00
33.025,16.044504,2025-08-03 22:00:00
46.125,24.111097,2025-08-03 23:00:00
12.466666666666669,15.8289585,2025-08-03 23:00:00
28.05,49.23665,2025-08-03 23:00:00
98.5,13.77382,2025-08-03 23:00:00
4.45,11.646722,2025-08-03 23:00:00
18.3,13.350271,2025-08-04 00:00:00
12.1,16.377659,2025-08-04 00:00:00
34.475,17.952953,2025-08-04 00:00:00
53.95,13.938107,2025-08-04 00:00:00
18.866666666666667,36.443554,2025-08-04 00:00:00
12.8,14.811534,2025-08-04 01:00:00
20.725,28.357035,2025-08-04 01:00:00
32.0,18.353765,2025-08-04 01:00:00
21.0,13.992803,2025-08-04 01:00:00
9.375,22.056429,2025-08-04 01:00:00
24.85,19.627602,2025-08-04 02:00:00
4.0,24.977531,2025-08-04 02:00:00
21.3,35.879726,2025-08-04 02:00:00
20.85,11.9101305,2025-08-04 02:00:00
11.9,11.9915,2025-08-04 02:00:00
10.7,27.3903,2025-08-04 03:00:00
17.25,23.99059,2025-08-04 03:00:00
20.975,12.048338,2025-08-04 03:00:00
19.975,32.232674,2025-08-04 03:00:00
11.475,11.684877,2025-08-04 03:00:00
25.625,32.097504,2025-08-04 04:00:00
12.966666666666669,30.812643,2025-08-04 04:00:00
10.55,11.78024,2025-08-04 04:00:00
14.2,11.834132,2025-08-04 04:00:00
13.475,28.756277,2025-08-04 04:00:00
10.95,12.238066,2025-08-04 05:00:00
12.966666666666669,26.251429,2025-08-04 05:00:00
25.55,33.06485,2025-08-04 05:00:00
10.8,13.910078,2025-08-04 05:00:00
12.875,30.222685,2025-08-04 05:00:00
11.425,12.671628,2025-08-04 06:00:00
22.85,23.214436,2025-08-04 06:00:00
10.85,12.975795,2025-08-04 06:00:00
12.966666666666669,28.825785,2025-08-04 06:00:00
28.8,20.56909,2025-08-04 06:00:00
12.966666666666669,22.09003,2025-08-04 07:00:00
22.625,28.433826,2025-08-04 07:00:00
10.925,12.603297,2025-08-04 07:00:00
33.175,22.474287,2025-08-04 07:00:00
11.825,11.444301,2025-08-04 07:00:00
12.2,12.469424,2025-08-04 08:00:00
26.175,31.123943,2025-08-04 08:00:00
10.225,12.080864,2025-08-04 08:00:00
29.4,22.710033,2025-08-04 08:00:00
9.75,13.753807,2025-08-04 09:00:00
13.2,23.649355,2025-08-04 09:00:00
28.975,17.97146,2025-08-04 09:00:00
12.15,13.26743,2025-08-04 09:00:00
28.925,34.143158,2025-08-04 09:00:00
14.675,28.000183,2025-08-04 10:00:00
12.2,12.962692,2025-08-04 10:00:00
17.15,23.44223,2025-08-04 10:00:00
31.325,37.344982,2025-08-04 10:00:00
9.65,10.852221,2025-08-04 10:00:00
11.675,13.253052,2025-08-04 11:00:00
13.875,27.508354,2025-08-04 11:00:00
11.833333333333334,27.045189,2025-08-04 11:00:00
30.175,37.5737,2025-08-04 11:00:00
10.175,11.847532,2025-08-04 11:00:00
11.6,13.089619,2025-08-04 12:00:00
34.575,30.579636,2025-08-04 12:00:00
11.55,28.32946,2025-08-04 12:00:00
11.0,11.786794,2025-08-04 12:00:00
11.95,22.168459,2025-08-04 12:00:00
19.0,19.341549,2025-08-04 13:00:00
4.466666666666667,28.536072,2025-08-04 13:00:00
10.9,10.720199,2025-08-04 13:00:00
31.35,28.781141,2025-08-04 13:00:00
11.8,12.5198345,2025-08-04 13:00:00
30.7,26.164932,2025-08-04 14:00:00
11.775,13.181559,2025-08-04 14:00:00
10.675,11.377753,2025-08-04 14:00:00
6.75,30.481707,2025-08-04 14:00:00
18.925,21.34101,2025-08-04 14:00:00
17.525,16.175367,2025-08-04 15:00:00
6.75,27.025763,2025-08-04 15:00:00
13.375,13.519092,2025-08-04 15:00:00
30.3,31.6031,2025-08-04 15:00:00
11.1,10.53331,2025-08-04 15:00:00
13.325,12.368603,2025-08-04 16:00:00
9.875,11.81246,2025-08-04 16:00:00
6.75,24.025784,2025-08-04 16:00:00
18.275,20.527237,2025-08-04 16:00:00
28.45,31.730614,2025-08-04 16:00:00
13.75,12.885834,2025-08-04 17:00:00
16.9,17.978048,2025-08-04 17:00:00
33.675,35.27314,2025-08-04 17:00:00
8.925,8.94465,2025-08-04 17:00:00
6.75,21.380419,2025-08-04 17:00:00
8.850000000000001,11.039672,2025-08-04 18:00:00
15.65,15.354422,2025-08-04 18:00:00
36.925,38.981506,2025-08-04 18:00:00
13.375,12.460896,2025-08-04 18:00:00
35.425,41.253468,2025-08-04 19:00:00
14.8,15.448823,2025-08-04 19:00:00
13.0,25.572819,2025-08-04 19:00:00
8.7,11.443233,2025-08-04 19:00:00
12.375,12.612342,2025-08-04 19:00:00
37.325,39.34554,2025-08-04 20:00:00
16.425,29.4928,2025-08-04 20:00:00
13.85,28.6712,2025-08-04 20:00:00
14.125,13.553389,2025-08-04 20:00:00
11.65,11.778116,2025-08-04 20:00:00
14.175,29.428663,2025-08-04 21:00:00
17.425,11.81347,2025-08-04 21:00:00
12.05,11.460236,2025-08-04 21:00:00
36.2,42.185684,2025-08-04 21:00:00
13.15,26.174198,2025-08-04 21:00:00
18.975,11.9043865,2025-08-04 22:00:00
13.225,11.911696,2025-08-04 22:00:00
14.4,29.612116,2025-08-04 22:00:00
6.9,27.932009,2025-08-04 22:00:00
40.9,42.305916,2025-08-04 22:00:00
40.625,43.086563,2025-08-04 23:00:00
15.125,28.115187,2025-08-04 23:00:00
20.166666666666668,12.856416,2025-08-04 23:00:00
13.45,16.876326,2025-08-04 23:00:00
9.525,34.004887,2025-08-04 23:00:00
15.925,28.028688,2025-08-05 00:00:00
12.366666666666667,17.176996,2025-08-05 00:00:00
25.366666666666664,33.349804,2025-08-05 00:00:00
16.175,40.519093,2025-08-05 00:00:00
15.3,13.146267,2025-08-05 00:00:00
14.6,36.021152,2025-08-05 01:00:00
8.8,46.662792,2025-08-05 01:00:00
27.1,31.98684,2025-08-05 01:00:00
13.0,13.885436,2025-08-05 01:00:00
12.2,16.853153,2025-08-05 01:00:00
11.5,13.749959,2025-08-05 02:00:00
26.9,29.257723,2025-08-05 02:00:00
13.775,14.909054,2025-08-05 02:00:00
12.9,28.5334,2025-08-05 02:00:00
8.0,22.565659,2025-08-05 02:00:00
15.0,15.694259,2025-08-05 03:00:00
4.2,18.933428,2025-08-05 03:00:00
12.05,52.61674,2025-08-05 03:00:00
28.6,28.056278,2025-08-05 03:00:00
12.0,13.086588,2025-08-05 03:00:00
12.8,12.632245,2025-08-05 04:00:00
4.2,15.421585,2025-08-05 04:00:00
29.125,29.096294,2025-08-05 04:00:00
10.65,13.584901,2025-08-05 04:00:00
9.725,38.509655,2025-08-05 04:00:00
13.566666666666668,21.939617,2025-08-05 05:00:00
11.375,13.350253,2025-08-05 05:00:00
9.275,40.780083,2025-08-05 05:00:00
12.125,13.515487,2025-08-05 05:00:00
32.5,29.681662,2025-08-05 05:00:00
12.55,27.819605,2025-08-05 06:00:00
28.475,28.66668,2025-08-05 06:00:00
26.2,20.454746,2025-08-05 06:00:00
12.45,14.428851,2025-08-05 06:00:00
12.625,13.130207,2025-08-05 06:00:00
14.375,13.603829,2025-08-05 07:00:00
12.3,12.817283,2025-08-05 07:00:00
33.7,28.739437,2025-08-05 07:00:00
13.3,42.22577,2025-08-05 07:00:00
17.975,14.931886,2025-08-05 07:00:00
36.375,27.207012,2025-08-05 08:00:00
14.4,12.568859,2025-08-05 08:00:00
8.9,13.441451,2025-08-05 08:00:00
12.15,35.90362,2025-08-05 08:00:00
35.875,31.373346,2025-08-05 09:00:00
11.25,30.185497,2025-08-05 09:00:00
15.975,20.049294,2025-08-05 09:00:00
13.525,12.36857,2025-08-05 09:00:00
6.775,13.921378,2025-08-05 09:00:00
19.4,19.73833,2025-08-05 10:00:00
6.725,12.196504,2025-08-05 10:00:00
10.7,33.093086,2025-08-05 10:00:00
12.975,12.336492,2025-08-05 10:00:00
39.45,37.620197,2025-08-05 10:00:00
12.3,11.8806305,2025-08-05 11:00:00
3.2,17.687742,2025-08-05 11:00:00
9.575,28.383589,2025-08-05 11:00:00
6.575,12.735263,2025-08-05 11:00:00
40.925,40.313034,2025-08-05 11:00:00
10.05,31.106445,2025-08-05 12:00:00
12.825,13.354899,2025-08-05 12:00:00
40.1,42.900917,2025-08-05 12:00:00
10.225,12.005123,2025-08-05 12:00:00
3.2,16.185837,2025-08-05 12:00:00
3.2,14.009326,2025-08-05 13:00:00
42.45,43.59891,2025-08-05 13:00:00
15.625,12.928661,2025-08-05 13:00:00
10.55,12.67034,2025-08-05 13:00:00
10.1,29.075504,2025-08-05 13:00:00
3.2,17.085491,2025-08-05 14:00:00
11.05,12.440955,2025-08-05 14:00:00
11.05,21.310766,2025-08-05 14:00:00
15.7,12.066613,2025-08-05 14:00:00
43.3,40.52178,2025-08-05 14:00:00
14.475,12.879325,2025-08-05 15:00:00
31.7,44.256165,2025-08-05 15:00:00
12.025,30.262741,2025-08-05 15:00:00
16.133333333333333,14.878818,2025-08-05 15:00:00
15.6,12.931738,2025-08-05 15:00:00
12.2,29.722979,2025-08-05 16:00:00
15.125,12.703866,2025-08-05 16:00:00
26.925,15.9693365,2025-08-05 16:00:00
31.7,49.300297,2025-08-05 16:00:00
15.275,13.658313,2025-08-05 16:00:00
15.25,13.12399,2025-08-05 17:00:00
31.7,46.100746,2025-08-05 17:00:00
15.675,16.560482,2025-08-05 17:00:00
12.2,27.095476,2025-08-05 17:00:00
14.625,12.737211,2025-08-05 17:00:00
10.575,24.568,2025-08-05 18:00:00
31.7,49.468582,2025-08-05 18:00:00
14.225,11.177667,2025-08-05 18:00:00
14.825,12.246561,2025-08-05 18:00:00
19.5,48.479965,2025-08-05 19:00:00
19.45,20.89615,2025-08-05 19:00:00
13.3,11.993863,2025-08-05 19:00:00
13.625,10.97877,2025-08-05 19:00:00
10.2,22.027136,2025-08-05 19:00:00
11.65,12.047885,2025-08-05 20:00:00
21.65,19.657818,2025-08-05 20:00:00
10.9,17.425274,2025-08-05 20:00:00
24.075,47.043865,2025-08-05 20:00:00
15.025,13.502065,2025-08-05 20:00:00
15.775,13.065317,2025-08-05 21:00:00
6.3,20.258217,2025-08-05 21:00:00
29.9,44.565727,2025-08-05 21:00:00
11.6,11.748779,2025-08-05 21:00:00
11.425,17.112894,2025-08-05 21:00:00
32.675,39.713943,2025-08-05 22:00:00
14.0,18.39086,2025-08-05 22:00:00
6.3,18.284327,2025-08-05 22:00:00
11.775,12.337182,2025-08-05 22:00:00
15.825,15.521892,2025-08-05 22:00:00
12.5,16.118622,2025-08-05 23:00:00
14.275,18.372948,2025-08-05 23:00:00
33.3,43.53157,2025-08-05 23:00:00
16.033333333333335,14.191297,2025-08-05 23:00:00
6.3,16.597525,2025-08-05 23:00:00
21.433333333333334,41.822468,2025-08-06 00:00:00
14.066666666666668,15.845997,2025-08-06 00:00:00
13.625,15.456874,2025-08-06 00:00:00
21.65,15.688727,2025-08-06 00:00:00
14.55,17.136662,2025-08-06 00:00:00
23.8,15.086728,2025-08-06 01:00:00
32.675,14.014347,2025-08-06 01:00:00
15.25,44.332634,2025-08-06 01:00:00
15.15,17.772015,2025-08-06 01:00:00
15.1,16.265623,2025-08-06 01:00:00
13.5,14.079941,2025-08-06 02:00:00
23.475,14.882384,2025-08-06 02:00:00
30.7,13.854822,2025-08-06 02:00:00
20.5,40.522842,2025-08-06 02:00:00
14.55,17.2152,2025-08-06 02:00:00
12.65,13.613525,2025-08-06 03:00:00
13.95,14.07253,2025-08-06 03:00:00
23.4,14.086781,2025-08-06 03:00:00
21.3,37.25895,2025-08-06 03:00:00
33.95,11.498469,2025-08-06 03:00:00
12.35,12.201194,2025-08-06 04:00:00
40.7,11.050404,2025-08-06 04:00:00
24.200000000000003,40.03941,2025-08-06 04:00:00
19.7,15.274278,2025-08-06 04:00:00
12.65,12.233146,2025-08-06 04:00:00
32.025,12.033005,2025-08-06 05:00:00
12.05,12.810175,2025-08-06 05:00:00
24.325,42.77409,2025-08-06 05:00:00
11.55,12.438193,2025-08-06 05:00:00
17.825,13.011724,2025-08-06 05:00:00
17.95,14.023308,2025-08-06 06:00:00
24.05,39.491264,2025-08-06 06:00:00
35.525,17.27497,2025-08-06 06:00:00
11.975,12.111299,2025-08-06 06:00:00
14.575,15.014921,2025-08-06 06:00:00
35.525,17.35393,2025-08-06 07:00:00
15.825,15.895367,2025-08-06 07:00:00
18.025,13.325638,2025-08-06 07:00:00
24.5,44.012356,2025-08-06 07:00:00
13.575,13.263472,2025-08-06 07:00:00
28.675,46.775032,2025-08-06 08:00:00
14.2,13.5335455,2025-08-06 08:00:00
13.75,17.354113,2025-08-06 08:00:00
14.9,15.075086,2025-08-06 08:00:00
15.8,12.573004,2025-08-06 08:00:00
15.75,16.281208,2025-08-06 09:00:00
28.8,48.290386,2025-08-06 09:00:00
13.55,14.451609,2025-08-06 09:00:00
14.375,15.615769,2025-08-06 09:00:00
14.475,10.78907,2025-08-06 09:00:00
12.95,14.079962,2025-08-06 10:00:00
13.1,12.3737335,2025-08-06 10:00:00
59.45,47.654285,2025-08-06 10:00:00
14.5,11.216148,2025-08-06 10:00:00
23.375,16.757122,2025-08-06 10:00:00
30.575000000000003,45.720665,2025-08-06 11:00:00
12.275,12.524774,2025-08-06 11:00:00
14.925,11.30687,2025-08-06 11:00:00
35.975,15.362116,2025-08-06 11:00:00
12.625,13.643601,2025-08-06 11:00:00
11.675,13.110267,2025-08-06 12:00:00
12.6,12.237846,2025-08-06 12:00:00
44.55,15.764791,2025-08-06 12:00:00
16.25,12.152312,2025-08-06 12:00:00
32.35,55.06477,2025-08-06 12:00:00
37.65,13.431422,2025-08-06 13:00:00
31.55,52.406803,2025-08-06 13:00:00
11.45,13.247265,2025-08-06 13:00:00
17.625,12.076915,2025-08-06 13:00:00
12.9,13.4935665,2025-08-06 13:00:00
32.1,49.648254,2025-08-06 14:00:00
18.65,12.347618,2025-08-06 14:00:00
11.375,12.640225,2025-08-06 14:00:00
14.175,15.177604,2025-08-06 14:00:00
35.55,13.755778,2025-08-06 14:00:00
36.525,47.30208,2025-08-06 15:00:00
14.925,13.78079,2025-08-06 15:00:00
13.825,13.631069,2025-08-06 15:00:00
39.5,14.536104,2025-08-06 15:00:00
19.975,12.440842,2025-08-06 15:00:00
35.375,44.439598,2025-08-06 16:00:00
15.5,14.555161,2025-08-06 16:00:00
13.2,11.911656,2025-08-06 16:00:00
14.925,14.932001,2025-08-06 16:00:00
42.15,19.337997,2025-08-06 16:00:00
14.45,13.037166,2025-08-06 17:00:00
10.1,10.739236,2025-08-06 17:00:00
14.5,20.308731,2025-08-06 17:00:00
23.325,50.177433,2025-08-06 17:00:00
14.8,14.545889,2025-08-06 17:00:00
33.6,54.151066,2025-08-06 18:00:00
14.025,13.433234,2025-08-06 18:00:00
12.6,20.458727,2025-08-06 18:00:00
10.05,10.692487,2025-08-06 18:00:00
12.35,13.3587265,2025-08-06 18:00:00
10.225,11.094025,2025-08-06 19:00:00
16.075,17.806236,2025-08-06 19:00:00
38.0,39.956738,2025-08-06 19:00:00
12.15,13.184325,2025-08-06 19:00:00
12.35,12.875001,2025-08-06 19:00:00
34.15,45.500008,2025-08-06 20:00:00
13.0,12.867749,2025-08-06 20:00:00
11.95,12.346738,2025-08-06 20:00:00
10.35,12.700441,2025-08-06 20:00:00
17.55,17.057688,2025-08-06 20:00:00
12.9,12.436458,2025-08-06 21:00:00
34.875,17.486252,2025-08-06 21:00:00
13.35,12.724498,2025-08-06 21:00:00
34.775,42.85747,2025-08-06 21:00:00
10.1,13.079314,2025-08-06 21:00:00
14.4,14.259996,2025-08-06 22:00:00
12.325,12.956952,2025-08-06 22:00:00
37.875,41.91007,2025-08-06 22:00:00
10.8,13.281163,2025-08-06 22:00:00
47.725,15.284263,2025-08-06 22:00:00
11.166666666666666,14.311665,2025-08-06 23:00:00
15.025,15.94725,2025-08-06 23:00:00
39.275,15.361801,2025-08-06 23:00:00
15.125,13.319805,2025-08-06 23:00:00
38.95,41.86401,2025-08-06 23:00:00
13.975,15.537724,2025-08-07 00:00:00
20.4,34.782486,2025-08-07 00:00:00
13.866666666666667,17.021511,2025-08-07 00:00:00
33.125,16.62761,2025-08-07 00:00:00
13.9,13.452608,2025-08-07 00:00:00
24.725,19.717829,2025-08-07 01:00:00
15.65,15.073043,2025-08-07 01:00:00
13.5,13.15321,2025-08-07 01:00:00
7.475,37.56513,2025-08-07 01:00:00
12.85,16.924229,2025-08-07 01:00:00
27.25,22.935331,2025-08-07 02:00:00
16.375,15.577917,2025-08-07 02:00:00
13.2,13.088825,2025-08-07 02:00:00
10.6,33.585747,2025-08-07 02:00:00
12.2,13.203929,2025-08-07 02:00:00
11.475,14.820093,2025-08-07 03:00:00
16.3,20.427977,2025-08-07 03:00:00
13.075,32.37172,2025-08-07 03:00:00
12.15,13.413604,2025-08-07 03:00:00
17.3,16.08277,2025-08-07 03:00:00
10.975,12.450728,2025-08-07 04:00:00
20.85,15.636717,2025-08-07 04:00:00
19.075,34.762665,2025-08-07 04:00:00
6.333333333333333,21.879076,2025-08-07 04:00:00
11.25,14.280444,2025-08-07 04:00:00
7.175,22.843628,2025-08-07 05:00:00
10.85,14.09246,2025-08-07 05:00:00
10.825,11.277452,2025-08-07 05:00:00
23.65,11.122122,2025-08-07 05:00:00
33.825,40.85392,2025-08-07 05:00:00
10.175,25.43665,2025-08-07 06:00:00
27.825,38.035183,2025-08-07 06:00:00
11.125,13.034805,2025-08-07 06:00:00
11.825,12.48969,2025-08-07 06:00:00
25.025,11.028205,2025-08-07 06:00:00
12.725,13.409889,2025-08-07 07:00:00
25.575000000000003,25.249298,2025-08-07 07:00:00
31.15,40.41775,2025-08-07 07:00:00
13.675,12.944038,2025-08-07 07:00:00
27.175,13.528154,2025-08-07 07:00:00
40.175,21.390495,2025-08-07 08:00:00
32.25,38.464336,2025-08-07 08:00:00
14.775,13.787417,2025-08-07 08:00:00
15.2,13.96507,2025-08-07 08:00:00
14.9,11.917014,2025-08-07 08:00:00
13.65,14.229317,2025-08-07 09:00:00
20.6,38.308876,2025-08-07 09:00:00
9.35,12.141801,2025-08-07 09:00:00
29.475,23.175795,2025-08-07 09:00:00
15.2,13.524319,2025-08-07 09:00:00
10.65,11.189166,2025-08-07 10:00:00
12.825,13.03435,2025-08-07 10:00:00
27.6,21.994371,2025-08-07 10:00:00
25.05,58.59791,2025-08-07 10:00:00
13.05,14.150936,2025-08-07 10:00:00
32.05,27.177313,2025-08-07 11:00:00
11.7,13.78096,2025-08-07 11:00:00
36.775,61.704594,2025-08-07 11:00:00
11.775,11.146813,2025-08-07 11:00:00
12.25,12.167407,2025-08-07 11:00:00
32.0,25.914148,2025-08-07 12:00:00
8.85,13.0377445,2025-08-07 12:00:00
10.725,14.842202,2025-08-07 12:00:00
12.075,16.023552,2025-08-07 12:00:00
34.6,41.60275,2025-08-07 12:00:00
32.849999999999994,40.315105,2025-08-07 13:00:00
12.375,12.688904,2025-08-07 13:00:00
10.4,14.763822,2025-08-07 13:00:00
8.15,12.567359,2025-08-07 13:00:00
8.4,25.539045,2025-08-07 13:00:00
8.399999999999999,24.726152,2025-08-07 14:00:00
37.925,42.9813,2025-08-07 14:00:00
11.25,12.357462,2025-08-07 14:00:00
13.825,12.765097,2025-08-07 14:00:00
8.925,13.217591,2025-08-07 14:00:00
37.8,44.539436,2025-08-07 15:00:00
6.575,24.214666,2025-08-07 15:00:00
13.05,12.748993,2025-08-07 15:00:00
9.85,12.161166,2025-08-07 15:00:00
14.625,12.302651,2025-08-07 15:00:00
38.7,42.279194,2025-08-07 16:00:00
7.2,26.995848,2025-08-07 16:00:00
7.6,11.758424,2025-08-07 16:00:00
14.325,12.873387,2025-08-07 16:00:00
15.725,13.281479,2025-08-07 16:00:00
15.4,13.402263,2025-08-07 17:00:00
31.266666666666666,22.251093,2025-08-07 17:00:00
39.65,38.926807,2025-08-07 17:00:00
7.475,11.715546,2025-08-07 17:00:00
14.075,12.464809,2025-08-07 17:00:00
12.975,13.424404,2025-08-07 18:00:00
42.3,38.576225,2025-08-07 18:00:00
9.025,10.943738,2025-08-07 18:00:00
37.325,23.589413,2025-08-07 18:00:00
15.175,14.365539,2025-08-07 18:00:00
13.3,11.884693,2025-08-07 19:00:00
40.425,30.090565,2025-08-07 19:00:00
28.425,19.368425,2025-08-07 19:00:00
10.35,11.895791,2025-08-07 19:00:00
12.775,14.279891,2025-08-07 19:00:00
30.0,21.356735,2025-08-07 20:00:00
23.025,12.423456,2025-08-07 20:00:00
41.425,29.955662,2025-08-07 20:00:00
11.325,14.099849,2025-08-07 20:00:00
11.075,12.380735,2025-08-07 20:00:00
11.65,13.710068,2025-08-07 21:00:00
12.8,13.77209,2025-08-07 21:00:00
26.8,14.034185,2025-08-07 21:00:00
33.775,21.084328,2025-08-07 21:00:00
42.175,34.09595,2025-08-07 21:00:00
14.575,13.251676,2025-08-07 22:00:00
31.025,20.722752,2025-08-07 22:00:00
44.75,31.161554,2025-08-07 22:00:00
27.875,17.56377,2025-08-07 22:00:00
10.8,13.063775,2025-08-07 22:00:00
46.65,38.580193,2025-08-07 23:00:00
15.0,14.718913,2025-08-07 23:00:00
13.425,16.161562,2025-08-07 23:00:00
28.775,17.435703,2025-08-07 23:00:00
12.5,21.166979,2025-08-07 23:00:00
19.625,16.182587,2025-08-08 00:00:00
11.933333333333332,34.715847,2025-08-08 00:00:00
14.533333333333331,16.933117,2025-08-08 00:00:00
18.8,21.93403,2025-08-08 00:00:00
11.6,13.741556,2025-08-08 00:00:00
14.95,16.825731,2025-08-08 01:00:00
7.425,15.54431,2025-08-08 01:00:00
11.1,14.134602,2025-08-08 01:00:00
35.975,23.355062,2025-08-08 01:00:00
14.85,33.65964,2025-08-08 01:00:00
37.55,25.938623,2025-08-08 02:00:00
16.2,26.113815,2025-08-08 02:00:00
12.0,11.765985,2025-08-08 02:00:00
13.5,15.47542,2025-08-08 02:00:00
14.2,13.329917,2025-08-08 02:00:00
12.7,13.263681,2025-08-08 03:00:00
16.549999999999997,25.509285,2025-08-08 03:00:00
12.8,12.208443,2025-08-08 03:00:00
55.175,24.424805,2025-08-08 03:00:00
18.975,13.346446,2025-08-08 03:00:00
59.675,25.75503,2025-08-08 04:00:00
17.85,12.865848,2025-08-08 04:00:00
10.775,14.237947,2025-08-08 04:00:00
21.225,25.927214,2025-08-08 04:00:00
12.225,14.369569,2025-08-08 04:00:00
48.375,16.539177,2025-08-08 05:00:00
19.1,33.018383,2025-08-08 05:00:00
13.3,13.331527,2025-08-08 05:00:00
11.15,13.758771,2025-08-08 05:00:00
16.9,11.557854,2025-08-08 05:00:00
14.525,15.306495,2025-08-08 06:00:00
17.85,34.530624,2025-08-08 06:00:00
11.95,14.057706,2025-08-08 06:00:00
53.125,16.406755,2025-08-08 06:00:00
16.9,12.707451,2025-08-08 06:00:00
16.6,20.43553,2025-08-08 07:00:00
16.9,12.6623955,2025-08-08 07:00:00
52.1,22.291952,2025-08-08 07:00:00
13.2,12.413574,2025-08-08 07:00:00
20.025,38.244617,2025-08-08 07:00:00
22.9,43.669716,2025-08-08 08:00:00
16.9,14.204803,2025-08-08 08:00:00
48.25,24.444063,2025-08-08 08:00:00
13.175,13.125287,2025-08-08 08:00:00
12.4,17.26624,2025-08-08 08:00:00
14.825,13.878645,2025-08-08 09:00:00
19.35,23.234339,2025-08-08 09:00:00
23.325,40.74527,2025-08-08 09:00:00
12.45,13.902235,2025-08-08 09:00:00
16.325,13.185482,2025-08-08 10:00:00
25.65,24.328192,2025-08-08 10:00:00
26.475,38.888115,2025-08-08 10:00:00
15.025,14.216122,2025-08-08 10:00:00
26.575,40.664482,2025-08-08 11:00:00
29.775,26.677166,2025-08-08 11:00:00
12.825,13.317041,2025-08-08 11:00:00
18.9,13.019426,2025-08-08 11:00:00
13.075,13.358277,2025-08-08 12:00:00
21.025,13.225917,2025-08-08 12:00:00
31.775,43.589325,2025-08-08 12:00:00
32.925,26.492588,2025-08-08 12:00:00
46.825,21.366516,2025-08-08 13:00:00
12.65,13.224914,2025-08-08 13:00:00
22.975,11.169346,2025-08-08 13:00:00
30.700000000000003,40.972317,2025-08-08 13:00:00
34.3,34.173447,2025-08-08 14:00:00
23.3,11.422732,2025-08-08 14:00:00
55.125,20.216806,2025-08-08 14:00:00
13.575,12.912613,2025-08-08 14:00:00
28.925,29.442844,2025-08-08 15:00:00
44.15,16.286215,2025-08-08 15:00:00
11.1,14.081706,2025-08-08 15:00:00
23.375,10.861465,2025-08-08 15:00:00
14.025,13.141602,2025-08-08 15:00:00
14.375,14.201566,2025-08-08 16:00:00
31.825000000000003,28.115421,2025-08-08 16:00:00
15.45,14.559424,2025-08-08 16:00:00
19.6,10.822778,2025-08-08 16:00:00
53.45,15.150512,2025-08-08 16:00:00
13.425,13.146643,2025-08-08 17:00:00
15.5,14.395412,2025-08-08 17:00:00
19.35,10.847056,2025-08-08 17:00:00
53.25,18.584417,2025-08-08 17:00:00
33.2,28.590307,2025-08-08 17:00:00
33.05,35.526833,2025-08-08 18:00:00
14.975,13.60784,2025-08-08 18:00:00
48.5,20.695017,2025-08-08 18:00:00
14.325,13.962982,2025-08-08 18:00:00
20.275,12.164448,2025-08-08 18:00:00
38.0,34.508114,2025-08-08 19:00:00
21.75,9.7801485,2025-08-08 19:00:00
24.725,20.667965,2025-08-08 19:00:00
13.15,14.533435,2025-08-08 19:00:00
15.075,14.333263,2025-08-08 19:00:00
13.05,13.265791,2025-08-08 20:00:00
26.85,18.512728,2025-08-08 20:00:00
15.75,14.259701,2025-08-08 20:00:00
17.4,11.95252,2025-08-08 20:00:00
38.9,30.460815,2025-08-08 20:00:00
16.425,13.973951,2025-08-08 21:00:00
40.075,32.97344,2025-08-08 21:00:00
35.075,26.454119,2025-08-08 21:00:00
12.7,13.000749,2025-08-08 21:00:00
15.825,16.182476,2025-08-08 21:00:00
15.4,16.314196,2025-08-08 22:00:00
39.725,40.090374,2025-08-08 22:00:00
18.025,12.781287,2025-08-08 22:00:00
32.975,27.506931,2025-08-08 22:00:00
13.55,12.885321,2025-08-08 22:00:00
39.125,45.322582,2025-08-08 23:00:00
16.025,16.029938,2025-08-08 23:00:00
50.425,25.331793,2025-08-08 23:00:00
17.233333333333334,17.458351,2025-08-08 23:00:00
14.175,15.591974,2025-08-08 23:00:00
9.466666666666669,25.720787,2025-08-09 00:00:00
11.05,17.885387,2025-08-09 00:00:00
14.0,18.435862,2025-08-09 00:00:00
16.15,17.264217,2025-08-09 00:00:00
28.475,23.449345,2025-08-09 00:00:00
8.625,13.448161,2025-08-09 01:00:00
12.6,29.319344,2025-08-09 01:00:00
2.4666666666666663,27.936033,2025-08-09 01:00:00
16.475,17.509317,2025-08-09 01:00:00
13.175,17.792711,2025-08-09 01:00:00
14.6,21.627691,2025-08-09 02:00:00
18.200000000000003,13.490521,2025-08-09 02:00:00
12.1,13.002353,2025-08-09 02:00:00
8.95,12.781231,2025-08-09 02:00:00
3.6,27.2702,2025-08-09 02:00:00
12.75,22.66673,2025-08-09 03:00:00
18.1,12.702013,2025-08-09 03:00:00
10.9,12.417109,2025-08-09 03:00:00
6.9,25.250717,2025-08-09 03:00:00
13.15,15.424457,2025-08-09 03:00:00
5.5,28.952581,2025-08-09 04:00:00
6.55,12.402048,2025-08-09 04:00:00
17.35,14.477249,2025-08-09 04:00:00
15.575,28.869934,2025-08-09 04:00:00
12.2,14.100468,2025-08-09 04:00:00
12.075,13.799773,2025-08-09 05:00:00
5.5,31.28359,2025-08-09 05:00:00
16.9,14.642571,2025-08-09 05:00:00
15.125,25.419142,2025-08-09 05:00:00
5.175,12.8074665,2025-08-09 05:00:00
6.85,13.135466,2025-08-09 06:00:00
5.5,26.690853,2025-08-09 06:00:00
11.9,15.360429,2025-08-09 06:00:00
13.6,15.599339,2025-08-09 06:00:00
16.1,22.201555,2025-08-09 06:00:00
13.675,14.850277,2025-08-09 07:00:00
7.225,14.177801,2025-08-09 07:00:00
16.625,25.78988,2025-08-09 07:00:00
13.125,16.055563,2025-08-09 07:00:00
5.5,27.219532,2025-08-09 07:00:00
3.2,13.50085,2025-08-09 08:00:00
12.75,13.890176,2025-08-09 08:00:00
16.675,28.512356,2025-08-09 08:00:00
12.125,14.776115,2025-08-09 08:00:00
9.066666666666666,33.008583,2025-08-09 09:00:00
19.325,26.778433,2025-08-09 09:00:00
12.75,15.040646,2025-08-09 09:00:00
1.35,10.639513,2025-08-09 09:00:00
15.35,25.346987,2025-08-09 10:00:00
13.025,14.624866,2025-08-09 10:00:00
2.375,13.719315,2025-08-09 10:00:00
24.875,34.382004,2025-08-09 10:00:00
5.075,36.123154,2025-08-09 11:00:00
23.15,29.215172,2025-08-09 11:00:00
12.175,16.151648,2025-08-09 11:00:00
5.475,14.382191,2025-08-09 11:00:00
10.725,33.097927,2025-08-09 12:00:00
12.575,16.648655,2025-08-09 12:00:00
4.6,16.648989,2025-08-09 12:00:00
24.1,30.51074,2025-08-09 12:00:00
4.6,15.705479,2025-08-09 13:00:00
23.0,28.63483,2025-08-09 13:00:00
10.425,28.975077,2025-08-09 13:00:00
11.4,16.871264,2025-08-09 13:00:00
11.55,16.663298,2025-08-09 14:00:00
12.025,27.693733,2025-08-09 14:00:00
22.55,28.151482,2025-08-09 14:00:00
0.1,15.510376,2025-08-09 14:00:00
0.125,14.460624,2025-08-09 15:00:00
13.225,16.403246,2025-08-09 15:00:00
13.175,13.207813,2025-08-09 15:00:00
20.8,27.25349,2025-08-09 15:00:00
12.025,33.315334,2025-08-09 15:00:00
12.475,16.199207,2025-08-09 16:00:00
22.125,27.44768,2025-08-09 16:00:00
12.85,14.911523,2025-08-09 16:00:00
6.574999999999999,13.277657,2025-08-09 16:00:00
12.025,26.687937,2025-08-09 16:00:00
18.425,28.89147,2025-08-09 17:00:00
13.075,15.135516,2025-08-09 17:00:00
9.75,15.179976,2025-08-09 17:00:00
12.425,16.304842,2025-08-09 17:00:00
26.025,27.507975,2025-08-09 17:00:00
12.8,14.177587,2025-08-09 18:00:00
10.3,12.225259,2025-08-09 18:00:00
32.425,30.552551,2025-08-09 18:00:00
12.325,14.005316,2025-08-09 18:00:00
21.450000000000003,37.689896,2025-08-09 18:00:00
12.175,14.720778,2025-08-09 19:00:00
12.625,13.346434,2025-08-09 19:00:00
12.225,14.965584,2025-08-09 19:00:00
40.325,28.234661,2025-08-09 19:00:00
31.4,32.69776,2025-08-09 19:00:00
47.9,27.542221,2025-08-09 20:00:00
9.3,14.599169,2025-08-09 20:00:00
12.925,17.07533,2025-08-09 20:00:00
12.375,14.063383,2025-08-09 20:00:00
30.775,39.465027,2025-08-09 20:00:00
34.1,31.267817,2025-08-09 21:00:00
37.95,38.908005,2025-08-09 21:00:00
13.025,20.818974,2025-08-09 21:00:00
8.275,16.924261,2025-08-09 21:00:00
12.6,14.024296,2025-08-09 21:00:00
31.325,34.49905,2025-08-09 22:00:00
43.2,40.347046,2025-08-09 22:00:00
14.325,21.682035,2025-08-09 22:00:00
12.925,13.936634,2025-08-09 22:00:00
11.15,15.721535,2025-08-09 22:00:00
13.225,18.344765,2025-08-09 23:00:00
34.85,37.57042,2025-08-09 23:00:00
14.5,20.04266,2025-08-09 23:00:00
46.3,33.698883,2025-08-09 23:00:00
12.133333333333333,15.5758295,2025-08-09 23:00:00
33.825,27.43437,2025-08-10 00:00:00
11.833333333333334,18.043444,2025-08-10 00:00:00
6.8,16.73267,2025-08-10 00:00:00
14.95,16.63093,2025-08-10 00:00:00
17.666666666666668,31.922394,2025-08-10 00:00:00
12.333333333333334,36.610657,2025-08-10 01:00:00
4.325,12.983782,2025-08-10 01:00:00
17.275,31.228115,2025-08-10 01:00:00
11.15,17.691826,2025-08-10 01:00:00
15.4,15.468195,2025-08-10 01:00:00
4.275,12.208416,2025-08-10 02:00:00
17.3,24.809809,2025-08-10 02:00:00
11.1,14.585724,2025-08-10 02:00:00
14.2,14.414379,2025-08-10 02:00:00
14.1,18.04737,2025-08-10 02:00:00
13.275,15.498565,2025-08-10 03:00:00
4.8,11.372875,2025-08-10 03:00:00
10.85,16.639416,2025-08-10 03:00:00
11.175,14.814747,2025-08-10 03:00:00
19.725,23.336637,2025-08-10 03:00:00
22.85,24.736639,2025-08-10 04:00:00
13.5,15.64781,2025-08-10 04:00:00
10.0,14.521639,2025-08-10 04:00:00
11.375,14.863132,2025-08-10 04:00:00
9.725,12.712311,2025-08-10 04:00:00
13.35,13.855772,2025-08-10 05:00:00
13.4,12.791638,2025-08-10 05:00:00
22.475,26.286623,2025-08-10 05:00:00
10.0,14.146438,2025-08-10 05:00:00
28.1,14.618981,2025-08-10 05:00:00
24.875,23.279781,2025-08-10 06:00:00
32.025,13.9847145,2025-08-10 06:00:00
12.825,14.330128,2025-08-10 06:00:00
13.625,13.58802,2025-08-10 06:00:00
10.325,15.118902,2025-08-10 06:00:00
27.55,25.128286,2025-08-10 07:00:00
14.15,10.42416,2025-08-10 07:00:00
10.525,14.705504,2025-08-10 07:00:00
12.925,13.660092,2025-08-10 07:00:00
26.5,10.872647,2025-08-10 07:00:00
17.75,9.489683,2025-08-10 08:00:00
26.7,26.21266,2025-08-10 08:00:00
12.875,12.676826,2025-08-10 08:00:00
11.8,14.155435,2025-08-10 08:00:00
11.1,13.857787,2025-08-10 09:00:00
31.475,14.931711,2025-08-10 09:00:00
20.85,8.5358715,2025-08-10 09:00:00
30.85,24.023958,2025-08-10 09:00:00
12.7,11.860375,2025-08-10 09:00:00
11.6,11.968634,2025-08-10 10:00:00
27.175,17.4988,2025-08-10 10:00:00
10.975,13.43033,2025-08-10 10:00:00
21.6,12.387632,2025-08-10 10:00:00
28.75,26.038828,2025-08-10 10:00:00
11.675,14.163608,2025-08-10 11:00:00
31.625,27.590715,2025-08-10 11:00:00
24.775,12.616765,2025-08-10 11:00:00
11.1,13.088487,2025-08-10 11:00:00
8.1,20.587654,2025-08-10 11:00:00
27.1,28.999077,2025-08-10 12:00:00
15.3,13.033672,2025-08-10 12:00:00
11.25,12.724645,2025-08-10 12:00:00
22.200000000000003,18.391651,2025-08-10 12:00:00
12.3,12.6190405,2025-08-10 12:00:00
28.375,27.855661,2025-08-10 13:00:00
11.075,13.196645,2025-08-10 13:00:00
13.275,11.724395,2025-08-10 13:00:00
26.65,12.024565,2025-08-10 13:00:00
11.05,13.105205,2025-08-10 13:00:00
26.375,26.597223,2025-08-10 14:00:00
13.325,12.736819,2025-08-10 14:00:00
12.775,13.426788,2025-08-10 14:00:00
11.05,14.509278,2025-08-10 14:00:00
31.025,17.558254,2025-08-10 14:00:00
13.25,13.181283,2025-08-10 15:00:00
24.4,24.799026,2025-08-10 15:00:00
49.2,19.667643,2025-08-10 15:00:00
11.05,8.910495,2025-08-10 15:00:00
13.075,12.82315,2025-08-10 15:00:00
13.1,12.609869,2025-08-10 16:00:00
21.4,24.647932,2025-08-10 16:00:00
59.35,21.049603,2025-08-10 16:00:00
18.45,9.014756,2025-08-10 16:00:00
13.125,13.277675,2025-08-10 16:00:00
29.0,24.57103,2025-08-10 17:00:00
13.1,12.518727,2025-08-10 17:00:00
19.95,11.014551,2025-08-10 17:00:00
21.35,19.628792,2025-08-10 17:00:00
12.8,13.092825,2025-08-10 17:00:00
24.675,19.094088,2025-08-10 18:00:00
14.55,12.826867,2025-08-10 18:00:00
13.5,12.758692,2025-08-10 18:00:00
19.25,8.909515,2025-08-10 18:00:00
31.175,26.285704,2025-08-10 18:00:00
14.15,12.787648,2025-08-10 19:00:00
21.675,8.659406,2025-08-10 19:00:00
29.95,28.428574,2025-08-10 19:00:00
14.25,14.259818,2025-08-10 19:00:00
30.65,20.334494,2025-08-10 19:00:00
19.0,13.081801,2025-08-10 20:00:00
37.475,30.715897,2025-08-10 20:00:00
13.8,12.002185,2025-08-10 20:00:00
41.15,16.906736,2025-08-10 20:00:00
13.35,13.248017,2025-08-10 20:00:00
40.625,35.70335,2025-08-10 21:00:00
12.9,12.902249,2025-08-10 21:00:00
18.4,6.731299,2025-08-10 21:00:00
10.133333333333333,22.801512,2025-08-10 21:00:00
13.95,11.72695,2025-08-10 21:00:00
13.575,12.240735,2025-08-10 22:00:00
13.025,13.85511,2025-08-10 22:00:00
19.9,9.3044,2025-08-10 22:00:00
43.35,39.7755,2025-08-10 22:00:00
12.5,26.009731,2025-08-10 22:00:00
12.925,15.595499,2025-08-10 23:00:00
41.6,43.912506,2025-08-10 23:00:00
21.1,12.973236,2025-08-10 23:00:00
22.75,36.45332,2025-08-10 23:00:00
13.133333333333333,13.90485,2025-08-10 23:00:00
25.5,24.82576,2025-08-11 00:00:00
16.599999999999998,28.298456,2025-08-11 00:00:00
13.066666666666668,16.633648,2025-08-11 00:00:00
13.15,14.079878,2025-08-11 00:00:00
19.725,13.732358,2025-08-11 00:00:00
18.45,28.437801,2025-08-11 01:00:00
12.825,14.386639,2025-08-11 01:00:00
32.825,16.612122,2025-08-11 01:00:00
12.125,16.002047,2025-08-11 01:00:00
19.65,9.285197,2025-08-11 01:00:00
25.1,24.531425,2025-08-11 02:00:00
11.3,13.145268,2025-08-11 02:00:00
21.05,12.848037,2025-08-11 02:00:00
31.85,21.867235,2025-08-11 02:00:00
12.75,15.326357,2025-08-11 02:00:00
11.375,13.658009,2025-08-11 03:00:00
23.0,24.977945,2025-08-11 03:00:00
13.85,15.493994,2025-08-11 03:00:00
22.275,9.865373,2025-08-11 03:00:00
35.1,16.62633,2025-08-11 03:00:00
24.775,8.838589,2025-08-11 04:00:00
24.475,24.117817,2025-08-11 04:00:00
12.1,12.965127,2025-08-11 04:00:00
36.275,16.746428,2025-08-11 04:00:00
12.825,14.127426,2025-08-11 04:00:00
39.925,20.905195,2025-08-11 05:00:00
22.5,27.318316,2025-08-11 05:00:00
10.825,13.621703,2025-08-11 05:00:00
29.25,13.762144,2025-08-11 05:00:00
12.65,13.414761,2025-08-11 05:00:00
13.5,12.075631,2025-08-11 06:00:00
25.825,25.357817,2025-08-11 06:00:00
33.125,17.750122,2025-08-11 06:00:00
12.15,12.747172,2025-08-11 06:00:00
30.15,21.97686,2025-08-11 06:00:00
12.1,12.241624,2025-08-11 07:00:00
35.375,18.125795,2025-08-11 07:00:00
9.9,21.542543,2025-08-11 07:00:00
25.55,24.827568,2025-08-11 07:00:00
9.8,13.964959,2025-08-11 07:00:00
21.875,25.40639,2025-08-11 08:00:00
12.6,13.280516,2025-08-11 08:00:00
9.1,13.436846,2025-08-11 08:00:00
26.825,25.554993,2025-08-11 08:00:00
25.425,16.60683,2025-08-11 08:00:00
21.225,21.32529,2025-08-11 09:00:00
12.575,12.2259035,2025-08-11 09:00:00
9.825,14.111777,2025-08-11 09:00:00
23.8,19.985537,2025-08-11 09:00:00
28.175,27.841063,2025-08-11 09:00:00
12.2,12.543227,2025-08-11 10:00:00
26.175,20.259993,2025-08-11 10:00:00
29.8,32.19779,2025-08-11 10:00:00
8.275,13.90779,2025-08-11 10:00:00
23.025,15.274563,2025-08-11 10:00:00
35.575,31.87715,2025-08-11 11:00:00
11.6,11.955442,2025-08-11 11:00:00
7.425,12.831967,2025-08-11 11:00:00
41.775000000000006,21.985966,2025-08-11 11:00:00
24.8,16.942926,2025-08-11 11:00:00
15.55,20.673653,2025-08-11 12:00:00
7.225,13.201587,2025-08-11 12:00:00
12.725,12.617337,2025-08-11 12:00:00
34.075,21.69385,2025-08-11 12:00:00
36.65,32.65963,2025-08-11 12:00:00
11.15,17.992609,2025-08-11 13:00:00
7.025,12.990827,2025-08-11 13:00:00
34.25,29.565882,2025-08-11 13:00:00
14.125,12.388426,2025-08-11 13:00:00
37.05,22.578844,2025-08-11 13:00:00
11.175,33.593933,2025-08-11 14:00:00
7.800000000000001,13.041605,2025-08-11 14:00:00
33.85,30.598442,2025-08-11 14:00:00
38.15,24.268463,2025-08-11 14:00:00
13.325,12.257431,2025-08-11 14:00:00
34.3,20.913578,2025-08-11 15:00:00
11.225,11.875146,2025-08-11 15:00:00
8.225,12.666098,2025-08-11 15:00:00
12.925,13.210813,2025-08-11 15:00:00
32.925,28.819267,2025-08-11 15:00:00
8.5,13.153436,2025-08-11 16:00:00
12.05,13.387158,2025-08-11 16:00:00
38.6,17.897491,2025-08-11 16:00:00
34.0,26.693544,2025-08-11 16:00:00
13.15,13.460727,2025-08-11 16:00:00
13.125,10.850473,2025-08-11 17:00:00
8.7,12.8814125,2025-08-11 17:00:00
11.5,13.45444,2025-08-11 17:00:00
22.2,18.549973,2025-08-11 17:00:00
36.2,29.391874,2025-08-11 17:00:00
11.05,13.345687,2025-08-11 18:00:00
9.85,21.660042,2025-08-11 18:00:00
37.85,32.858723,2025-08-11 18:00:00
8.0,13.185994,2025-08-11 18:00:00
13.175,12.829592,2025-08-11 18:00:00
44.85,29.74404,2025-08-11 19:00:00
17.55,24.050478,2025-08-11 19:00:00
7.85,13.578224,2025-08-11 19:00:00
13.875,11.916958,2025-08-11 19:00:00
11.675,13.29911,2025-08-11 19:00:00
43.2,29.349651,2025-08-11 20:00:00
10.35,13.914266,2025-08-11 20:00:00
22.625,24.550282,2025-08-11 20:00:00
7.475,12.973,2025-08-11 20:00:00
19.1,14.679438,2025-08-11 20:00:00
42.2,23.256481,2025-08-11 21:00:00
45.15,28.710339,2025-08-11 21:00:00
10.925,13.602402,2025-08-11 21:00:00
22.075,10.967227,2025-08-11 21:00:00
8.325,14.102482,2025-08-11 21:00:00
22.775,11.841882,2025-08-11 22:00:00
45.15,26.814396,2025-08-11 22:00:00
10.35,13.559181,2025-08-11 22:00:00
38.6,27.417286,2025-08-11 22:00:00
11.05,14.117012,2025-08-11 22:00:00
49.35,33.656803,2025-08-11 23:00:00
40.8,17.437685,2025-08-11 23:00:00
11.475,16.86519,2025-08-11 23:00:00
23.6,11.310377,2025-08-11 23:00:00
10.825,15.452092,2025-08-11 23:00:00
22.45,10.359313,2025-08-12 00:00:00
16.566666666666666,28.008387,2025-08-12 00:00:00
11.333333333333334,16.543453,2025-08-12 00:00:00
13.6,13.879601,2025-08-12 00:00:00
32.2,25.024818,2025-08-12 00:00:00
15.575,14.089078,2025-08-12 01:00:00
24.675,22.809101,2025-08-12 01:00:00
12.45,16.154097,2025-08-12 01:00:00
14.275,28.743237,2025-08-12 01:00:00
22.425,10.978616,2025-08-12 01:00:00
22.575000000000003,13.1091175,2025-08-12 02:00:00
13.7,13.440442,2025-08-12 02:00:00
21.3,24.402632,2025-08-12 02:00:00
13.0,12.8369665,2025-08-12 02:00:00
31.7,20.201857,2025-08-12 02:00:00
13.6,12.996495,2025-08-12 03:00:00
16.1,19.600647,2025-08-12 03:00:00
23.25,12.34428,2025-08-12 03:00:00
13.525,12.625539,2025-08-12 03:00:00
16.65,24.918798,2025-08-12 03:00:00
9.433333333333334,20.073858,2025-08-12 04:00:00
13.5,14.143316,2025-08-12 04:00:00
13.4,12.5958805,2025-08-12 04:00:00
23.125,26.289553,2025-08-12 04:00:00
17.775,13.606224,2025-08-12 04:00:00
16.2,19.331268,2025-08-12 05:00:00
13.25,11.657735,2025-08-12 05:00:00
12.075,14.147745,2025-08-12 05:00:00
23.65,24.478418,2025-08-12 05:00:00
15.6,13.593555,2025-08-12 05:00:00
17.125,11.368349,2025-08-12 06:00:00
21.5,25.419489,2025-08-12 06:00:00
15.975,16.395042,2025-08-12 06:00:00
24.5,27.764458,2025-08-12 06:00:00
12.4,13.561572,2025-08-12 06:00:00
25.25,29.761024,2025-08-12 07:00:00
16.725,16.864172,2025-08-12 07:00:00
37.85,24.9949,2025-08-12 07:00:00
12.875,14.187454,2025-08-12 07:00:00
14.375,12.577371,2025-08-12 07:00:00
13.85,12.36062,2025-08-12 08:00:00
15.225,13.813667,2025-08-12 08:00:00
11.825,14.18802,2025-08-12 08:00:00
26.95,30.972286,2025-08-12 08:00:00
34.225,22.79954,2025-08-12 08:00:00
12.7,11.990875,2025-08-12 09:00:00
25.475,32.934082,2025-08-12 09:00:00
11.65,14.532537,2025-08-12 09:00:00
15.8,15.599146,2025-08-12 09:00:00
30.15,20.990881,2025-08-12 09:00:00
29.7,23.799307,2025-08-12 10:00:00
16.275,16.467073,2025-08-12 10:00:00
31.525,31.4858,2025-08-12 10:00:00
11.825,10.985539,2025-08-12 10:00:00
11.075,15.344903,2025-08-12 10:00:00
16.875,19.392948,2025-08-12 11:00:00
31.425,32.039497,2025-08-12 11:00:00
30.6,20.74791,2025-08-12 11:00:00
10.95,15.939062,2025-08-12 11:00:00
10.725,12.328932,2025-08-12 11:00:00
19.975,17.916452,2025-08-12 12:00:00
10.575,12.031072,2025-08-12 12:00:00
32.85,21.540148,2025-08-12 12:00:00
12.0,14.889185,2025-08-12 12:00:00
29.35,32.039165,2025-08-12 12:00:00
13.8,15.607587,2025-08-12 13:00:00
8.933333333333332,26.051756,2025-08-12 13:00:00
4.65,10.631108,2025-08-12 13:00:00
22.25,23.814072,2025-08-12 13:00:00
32.625,30.3435,2025-08-12 13:00:00
7.966666666666666,10.651513,2025-08-12 14:00:00
22.575,13.8065195,2025-08-12 14:00:00
32.525,29.118162,2025-08-12 14:00:00
21.0,27.930223,2025-08-12 14:00:00
10.9,13.4270315,2025-08-12 14:00:00
12.55,10.658241,2025-08-12 15:00:00
22.775,14.4088545,2025-08-12 15:00:00
9.275,14.857551,2025-08-12 15:00:00
32.9,31.799198,2025-08-12 15:00:00
13.125,30.570108,2025-08-12 15:00:00
16.225,30.86939,2025-08-12 16:00:00
34.075,26.783968,2025-08-12 16:00:00
14.775,15.724283,2025-08-12 16:00:00
13.225,9.034606,2025-08-12 16:00:00
8.975,13.856386,2025-08-12 16:00:00
13.966666666666669,8.2408,2025-08-12 17:00:00
36.825,21.361977,2025-08-12 17:00:00
8.225,13.403067,2025-08-12 17:00:00
36.5,35.187347,2025-08-12 17:00:00
10.9,11.920863,2025-08-12 17:00:00
12.6,12.657101,2025-08-12 18:00:00
36.225,21.316778,2025-08-12 18:00:00
15.35,9.137552,2025-08-12 18:00:00
34.85,34.91191,2025-08-12 18:00:00
8.8,12.945796,2025-08-12 18:00:00
41.9,34.822037,2025-08-12 19:00:00
14.425,10.472273,2025-08-12 19:00:00
8.8,12.043549,2025-08-12 19:00:00
29.45,18.994564,2025-08-12 19:00:00
13.125,14.6150675,2025-08-12 19:00:00
40.575,43.76596,2025-08-12 20:00:00
10.35,11.887532,2025-08-12 20:00:00
9.5,12.781971,2025-08-12 20:00:00
14.25,9.4080715,2025-08-12 20:00:00
32.9,21.390524,2025-08-12 20:00:00
7.525,14.3777075,2025-08-12 21:00:00
43.875,48.728924,2025-08-12 21:00:00
17.925,10.664508,2025-08-12 21:00:00
33.775,24.119976,2025-08-12 21:00:00
10.875,12.277832,2025-08-12 21:00:00
39.05,53.86283,2025-08-12 22:00:00
10.775,11.891986,2025-08-12 22:00:00
6.7,14.738299,2025-08-12 22:00:00
18.675,10.800293,2025-08-12 22:00:00
33.975,18.987913,2025-08-12 22:00:00
46.825,48.8635,2025-08-12 23:00:00
18.125,10.100126,2025-08-12 23:00:00
17.0,21.622135,2025-08-12 23:00:00
6.933333333333334,16.00326,2025-08-12 23:00:00
10.825,15.424257,2025-08-12 23:00:00
20.5,37.93438,2025-08-13 00:00:00
20.25,20.717445,2025-08-13 00:00:00
16.45,12.463597,2025-08-13 00:00:00
10.733333333333334,14.450567,2025-08-13 00:00:00
16.025,14.379169,2025-08-13 00:00:00
63.7,24.242184,2025-08-13 01:00:00
14.525,12.843197,2025-08-13 01:00:00
22.05,14.934032,2025-08-13 01:00:00
10.05,14.6859865,2025-08-13 01:00:00
23.15,34.746147,2025-08-13 01:00:00
65.19999999999999,22.519905,2025-08-13 02:00:00
22.975,14.187679,2025-08-13 02:00:00
14.1,12.04054,2025-08-13 02:00:00
9.2,12.148752,2025-08-13 02:00:00
17.8,25.29729,2025-08-13 02:00:00
13.875,11.317441,2025-08-13 03:00:00
22.575,23.315756,2025-08-13 03:00:00
23.875,14.561498,2025-08-13 03:00:00
79.95,25.939137,2025-08-13 03:00:00
9.125,13.286378,2025-08-13 03:00:00
17.725,14.337113,2025-08-13 04:00:00
25.375,28.026293,2025-08-13 04:00:00
9.7,12.674365,2025-08-13 04:00:00
12.85,11.901515,2025-08-13 04:00:00
72.25,19.639565,2025-08-13 04:00:00
15.6,15.010385,2025-08-13 05:00:00
10.225,12.249131,2025-08-13 05:00:00
31.7,29.656393,2025-08-13 05:00:00
66.975,18.105825,2025-08-13 05:00:00
11.775,11.774583,2025-08-13 05:00:00
11.275,12.810943,2025-08-13 06:00:00
10.425,12.586511,2025-08-13 06:00:00
28.4,30.15501,2025-08-13 06:00:00
67.95,19.907396,2025-08-13 06:00:00
19.925,12.459,2025-08-13 06:00:00
71.57499999999999,24.31474,2025-08-13 07:00:00
25.625,12.263507,2025-08-13 07:00:00
29.450000000000003,34.12275,2025-08-13 07:00:00
10.625,13.478798,2025-08-13 07:00:00
11.275,13.275632,2025-08-13 07:00:00
65.55,22.036615,2025-08-13 08:00:00
52.1,13.7696705,2025-08-13 08:00:00
10.25,13.725747,2025-08-13 08:00:00
14.025,11.580377,2025-08-13 08:00:00
32.25,33.227287,2025-08-13 08:00:00
10.325,11.853438,2025-08-13 09:00:00
9.6,14.457989,2025-08-13 09:00:00
27.775,22.278856,2025-08-13 09:00:00
8.625,13.317863,2025-08-13 09:00:00
30.025,32.03534,2025-08-13 09:00:00
35.125,32.399067,2025-08-13 10:00:00
10.475,11.44215,2025-08-13 10:00:00
9.75,12.734425,2025-08-13 10:00:00
9.15,14.275652,2025-08-13 10:00:00
51.675,22.353107,2025-08-13 10:00:00
10.0,12.690626,2025-08-13 11:00:00
9.6,11.446549,2025-08-13 11:00:00
56.475,25.060698,2025-08-13 11:00:00
39.45,34.380768,2025-08-13 11:00:00
11.0,13.615898,2025-08-13 11:00:00
10.075,13.458862,2025-08-13 12:00:00
32.025,34.76779,2025-08-13 12:00:00
11.0,11.323094,2025-08-13 12:00:00
58.3,22.52494,2025-08-13 12:00:00
9.575,11.835399,2025-08-13 12:00:00
22.125,13.822497,2025-08-13 13:00:00
14.55,13.344562,2025-08-13 13:00:00
36.225,33.84289,2025-08-13 13:00:00
77.875,23.414825,2025-08-13 13:00:00
8.85,9.683818,2025-08-13 13:00:00
43.03333333333333,33.61058,2025-08-13 14:00:00
20.825,13.568304,2025-08-13 14:00:00
70.3,20.229263,2025-08-13 14:00:00
15.0,13.678194,2025-08-13 14:00:00
9.35,10.15302,2025-08-13 14:00:00
43.03333333333333,32.29832,2025-08-13 15:00:00
18.45,17.209276,2025-08-13 15:00:00
12.875,11.981046,2025-08-13 15:00:00
8.65,10.874078,2025-08-13 15:00:00
68.375,17.840776,2025-08-13 15:00:00
22.4,12.707258,2025-08-13 16:00:00
43.03333333333333,31.687319,2025-08-13 16:00:00
68.775,20.825056,2025-08-13 16:00:00
8.95,12.733072,2025-08-13 16:00:00
10.175,11.574561,2025-08-13 16:00:00
70.6,20.872282,2025-08-13 17:00:00
43.03333333333333,31.44461,2025-08-13 17:00:00
22.65,11.392879,2025-08-13 17:00:00
8.475,13.160766,2025-08-13 17:00:00
9.1,9.856587,2025-08-13 17:00:00
68.95,21.241678,2025-08-13 18:00:00
8.875,13.149047,2025-08-13 18:00:00
9.325,10.18242,2025-08-13 18:00:00
20.575,10.969025,2025-08-13 18:00:00
28.075,21.406897,2025-08-13 19:00:00
9.8,9.392883,2025-08-13 19:00:00
19.4,9.254274,2025-08-13 19:00:00
9.175,13.767566,2025-08-13 19:00:00
9.075,10.687522,2025-08-13 20:00:00
52.675,17.240696,2025-08-13 20:00:00
9.625,12.420078,2025-08-13 20:00:00
14.525,11.513094,2025-08-13 20:00:00
56.725,23.673187,2025-08-13 21:00:00
10.325,11.401265,2025-08-13 21:00:00
11.325,9.489767,2025-08-13 21:00:00
10.5,13.9677515,2025-08-13 21:00:00
10.75,15.47017,2025-08-13 22:00:00
58.375,24.634285,2025-08-13 22:00:00
9.875,10.923201,2025-08-13 22:00:00
11.025,12.039689,2025-08-13 22:00:00
10.6,14.838354,2025-08-13 23:00:00
77.875,24.58717,2025-08-13 23:00:00
8.666666666666666,10.446253,2025-08-13 23:00:00
10.15,14.36361,2025-08-13 23:00:00
35.5,25.237865,2025-08-14 00:00:00
11.3,15.7429905,2025-08-14 00:00:00
9.833333333333334,15.086992,2025-08-14 00:00:00
9.7,10.019171,2025-08-14 00:00:00
12.0,14.000815,2025-08-14 01:00:00
4.6000000000000005,24.83699,2025-08-14 01:00:00
9.275,10.674425,2025-08-14 01:00:00
9.675,15.2401,2025-08-14 01:00:00
8.6,34.880558,2025-08-14 02:00:00
9.6,11.479677,2025-08-14 02:00:00
8.175,11.542615,2025-08-14 02:00:00
13.7,14.232397,2025-08-14 02:00:00
8.1,24.27764,2025-08-14 03:00:00
10.825,11.572803,2025-08-14 03:00:00
7.025,11.393514,2025-08-14 03:00:00
13.1,14.087822,2025-08-14 03:00:00
9.5,18.250153,2025-08-14 04:00:00
13.8,10.452354,2025-08-14 04:00:00
10.05,10.6827,2025-08-14 04:00:00
11.625,13.227524,2025-08-14 04:00:00
10.975,12.896344,2025-08-14 05:00:00
10.025,10.581301,2025-08-14 05:00:00
16.425,10.552692,2025-08-14 05:00:00
9.5,28.567402,2025-08-14 05:00:00
9.5,29.610764,2025-08-14 06:00:00
15.475,9.647485,2025-08-14 06:00:00
10.825,12.442025,2025-08-14 06:00:00
10.0,9.96134,2025-08-14 06:00:00
11.0,11.6013775,2025-08-14 07:00:00
0.2,53.568913,2025-08-14 07:00:00
15.075,11.1410885,2025-08-14 07:00:00
10.375,10.532097,2025-08-14 07:00:00
17.375,12.513599,2025-08-14 08:00:00
9.825,15.141035,2025-08-14 08:00:00
2.6,41.88474,2025-08-14 08:00:00
10.9,11.23954,2025-08-14 08:00:00
18.15,11.964322,2025-08-14 09:00:00
10.9,12.956898,2025-08-14 09:00:00
18.5,36.1679,2025-08-14 09:00:00
9.075,17.299257,2025-08-14 09:00:00
13.85,33.34797,2025-08-14 10:00:00
17.525,10.601884,2025-08-14 10:00:00
10.55,13.434082,2025-08-14 10:00:00
9.5,14.986023,2025-08-14 10:00:00
10.2,13.943132,2025-08-14 11:00:00
6.95,37.6025,2025-08-14 11:00:00
16.775,10.142346,2025-08-14 11:00:00
9.325,11.160235,2025-08-14 11:00:00
20.825,11.457329,2025-08-14 12:00:00
9.8,11.455519,2025-08-14 12:00:00
10.125,16.582157,2025-08-14 12:00:00
12.025,49.609844,2025-08-14 12:00:00
10.225,13.312284,2025-08-14 13:00:00
10.225,13.215761,2025-08-14 13:00:00
11.5,30.443943,2025-08-14 13:00:00
23.3,12.661237,2025-08-14 13:00:00
9.6,16.005684,2025-08-14 14:00:00
14.1,31.774128,2025-08-14 14:00:00
22.875,10.930631,2025-08-14 14:00:00
10.175,11.864749,2025-08-14 14:00:00
14.95,27.450064,2025-08-14 15:00:00
9.35,15.071423,2025-08-14 15:00:00
10.025,11.226588,2025-08-14 15:00:00
23.55,11.21055,2025-08-14 15:00:00
6.3,26.224295,2025-08-14 16:00:00
9.625,10.692073,2025-08-14 16:00:00
19.325,11.730769,2025-08-14 16:00:00
8.925,13.846374,2025-08-14 16:00:00
6.3,62.31436,2025-08-14 17:00:00
17.75,13.564438,2025-08-14 17:00:00
9.85,10.431199,2025-08-14 17:00:00
8.925,12.656827,2025-08-14 17:00:00
18.4,12.532715,2025-08-14 18:00:00
10.325,10.811866,2025-08-14 18:00:00
8.65,10.997726,2025-08-14 18:00:00
6.3,57.739666,2025-08-14 18:00:00
19.575,31.11028,2025-08-14 19:00:00
10.15,11.774459,2025-08-14 19:00:00
8.85,11.682831,2025-08-14 19:00:00
18.7,11.857732,2025-08-14 19:00:00
12.125,33.286453,2025-08-14 20:00:00
17.95,12.209055,2025-08-14 20:00:00
10.5,16.130442,2025-08-14 20:00:00
9.35,13.857384,2025-08-14 20:00:00
17.725,12.085157,2025-08-14 21:00:00
13.125,39.921993,2025-08-14 21:00:00
7.1000000000000005,12.950248,2025-08-14 21:00:00
11.3,16.757504,2025-08-14 21:00:00
11.15,16.619398,2025-08-14 22:00:00
9.925,40.73011,2025-08-14 22:00:00
17.55,12.70682,2025-08-14 22:00:00
12.325,13.292136,2025-08-14 22:00:00
17.5,13.177996,2025-08-14 23:00:00
11.225,14.010732,2025-08-14 23:00:00
11.725,16.93735,2025-08-14 23:00:00
11.425,30.406645,2025-08-14 23:00:00
13.725,28.93304,2025-08-15 00:00:00
12.5,14.169117,2025-08-15 00:00:00
19.025,11.422768,2025-08-15 00:00:00
11.633333333333333,15.979286,2025-08-15 00:00:00
23.3,59.377605,2025-08-15 01:00:00
11.425,15.861942,2025-08-15 01:00:00
14.0,13.183529,2025-08-15 01:00:00
19.575,10.338514,2025-08-15 01:00:00
11.1,11.312159,2025-08-15 02:00:00
14.35,13.645308,2025-08-15 02:00:00
19.625,10.7999525,2025-08-15 02:00:00
15.35,42.979156,2025-08-15 02:00:00
14.4,11.654646,2025-08-15 03:00:00
12.525,10.87108,2025-08-15 03:00:00
8.175,32.22294,2025-08-15 03:00:00
19.525,10.262096,2025-08-15 03:00:00
21.075,10.022556,2025-08-15 04:00:00
11.4,11.217291,2025-08-15 04:00:00
10.975,22.51791,2025-08-15 04:00:00
13.925,11.750449,2025-08-15 04:00:00
12.65,12.540513,2025-08-15 05:00:00
13.9,11.684833,2025-08-15 05:00:00
32.775,16.504004,2025-08-15 05:00:00
21.925,11.483071,2025-08-15 05:00:00
13.75,11.9082985,2025-08-15 06:00:00
21.775,12.613218,2025-08-15 06:00:00
23.025,14.16747,2025-08-15 06:00:00
12.85,11.983877,2025-08-15 06:00:00
22.375,17.251486,2025-08-15 07:00:00
13.625,11.130841,2025-08-15 07:00:00
21.275,12.567103,2025-08-15 07:00:00
12.825,12.55284,2025-08-15 07:00:00
21.8,15.167611,2025-08-15 08:00:00
13.875,11.912554,2025-08-15 08:00:00
15.3,10.651619,2025-08-15 08:00:00
11.625,12.02887,2025-08-15 08:00:00
11.65,14.334306,2025-08-15 09:00:00
11.275,9.81227,2025-08-15 09:00:00
13.575,12.441867,2025-08-15 09:00:00
23.075,13.492977,2025-08-15 09:00:00
12.95,12.811401,2025-08-15 10:00:00
10.975,8.8398905,2025-08-15 10:00:00
11.925,12.455976,2025-08-15 10:00:00
25.1,18.206512,2025-08-15 10:00:00
8.3,21.968042,2025-08-15 11:00:00
12.225,12.408689,2025-08-15 11:00:00
13.2,12.550263,2025-08-15 11:00:00
13.4,9.579761,2025-08-15 11:00:00
16.0,12.587995,2025-08-15 12:00:00
13.225,10.288691,2025-08-15 12:00:00
13.375,13.73792,2025-08-15 12:00:00
3.5,16.003363,2025-08-15 12:00:00
13.45,13.37607,2025-08-15 13:00:00
13.975,11.702348,2025-08-15 13:00:00
17.95,13.014611,2025-08-15 13:00:00
6.266666666666667,15.361817,2025-08-15 13:00:00
7.575,16.20166,2025-08-15 14:00:00
14.125,8.351998,2025-08-15 14:00:00
17.575,14.250881,2025-08-15 14:00:00
13.3,17.087997,2025-08-15 14:00:00
17.575,13.808925,2025-08-15 15:00:00
12.95,12.689346,2025-08-15 15:00:00
14.5,8.397928,2025-08-15 15:00:00
30.05,16.743996,2025-08-15 15:00:00
13.95,7.7507358,2025-08-15 16:00:00
13.375,15.0840025,2025-08-15 16:00:00
13.05,12.996863,2025-08-15 16:00:00
21.225,15.1072,2025-08-15 16:00:00
14.6,6.839966,2025-08-15 17:00:00
10.6,11.971933,2025-08-15 17:00:00
21.25,11.1758175,2025-08-15 17:00:00
13.425,12.400826,2025-08-15 17:00:00
22.9,11.62774,2025-08-15 18:00:00
13.375,12.364211,2025-08-15 18:00:00
13.325,6.298768,2025-08-15 18:00:00
10.425,12.308973,2025-08-15 18:00:00
10.35,11.808717,2025-08-15 19:00:00
2.6,12.151862,2025-08-15 19:00:00
21.425,20.339985,2025-08-15 19:00:00
13.55,6.352942,2025-08-15 19:00:00
13.575,7.1479454,2025-08-15 20:00:00
6.325,12.909865,2025-08-15 20:00:00
10.675,12.163311,2025-08-15 20:00:00
25.65,17.825596,2025-08-15 20:00:00
11.15,12.817262,2025-08-15 21:00:00
5.925,14.052625,2025-08-15 21:00:00
1.1,17.288979,2025-08-15 21:00:00
14.9,7.065276,2025-08-15 21:00:00
15.225,8.666204,2025-08-15 22:00:00
10.75,11.917069,2025-08-15 22:00:00
5.125,13.244025,2025-08-15 22:00:00
4.866666666666667,14.485185,2025-08-15 22:00:00
10.6,12.253026,2025-08-15 23:00:00
2.95,14.794059,2025-08-15 23:00:00
14.975,8.32771,2025-08-15 23:00:00
3.5,13.350708,2025-08-15 23:00:00
20.8,13.162884,2025-08-16 00:00:00
20.225,12.466562,2025-08-16 00:00:00
14.0,10.042013,2025-08-16 00:00:00
2.6500000000000004,12.678074,2025-08-16 00:00:00
13.275,9.576722,2025-08-16 01:00:00
24.175,13.025248,2025-08-16 01:00:00
4.85,12.989106,2025-08-16 01:00:00
39.05,14.962407,2025-08-16 01:00:00
24.2,12.859654,2025-08-16 02:00:00
13.1,8.647473,2025-08-16 02:00:00
3.4,13.642029,2025-08-16 02:00:00
32.6,13.566836,2025-08-16 02:00:00
13.6,9.352802,2025-08-16 03:00:00
4.45,13.057084,2025-08-16 03:00:00
23.875,13.280287,2025-08-16 03:00:00
36.325,15.520715,2025-08-16 03:00:00
12.225,9.255794,2025-08-16 04:00:00
2.55,12.294763,2025-08-16 04:00:00
35.775,12.806781,2025-08-16 04:00:00
18.3,13.769237,2025-08-16 04:00:00
0.6,12.498779,2025-08-16 05:00:00
36.375,18.589005,2025-08-16 05:00:00
12.45,11.164741,2025-08-16 05:00:00
15.55,12.913913,2025-08-16 05:00:00
0.6,12.233153,2025-08-16 06:00:00
15.175,12.779135,2025-08-16 06:00:00
37.03333333333333,16.572283,2025-08-16 06:00:00
13.675,11.597446,2025-08-16 06:00:00
15.1,12.578919,2025-08-16 07:00:00
2.5,19.163927,2025-08-16 07:00:00
0.6,12.152585,2025-08-16 07:00:00
14.25,11.400102,2025-08-16 07:00:00
12.575,11.676056,2025-08-16 08:00:00
14.55,13.384038,2025-08-16 08:00:00
0.6,12.820184,2025-08-16 08:00:00
13.1,15.122467,2025-08-16 08:00:00
14.6,12.517011,2025-08-16 09:00:00
16.925,15.675851,2025-08-16 09:00:00
12.525,11.819788,2025-08-16 09:00:00
12.5,10.716661,2025-08-16 10:00:00
23.525,17.471834,2025-08-16 10:00:00
14.45,11.898111,2025-08-16 10:00:00
46.1,15.689639,2025-08-16 11:00:00
12.3,10.906677,2025-08-16 11:00:00
14.575,11.304741,2025-08-16 11:00:00
5.65,13.217091,2025-08-16 11:00:00
41.05,14.168916,2025-08-16 12:00:00
17.875,11.903399,2025-08-16 12:00:00
12.55,10.947888,2025-08-16 12:00:00
12.3,12.393113,2025-08-16 12:00:00
35.75,12.089471,2025-08-16 13:00:00
19.475,13.772445,2025-08-16 13:00:00
11.95,12.58831,2025-08-16 13:00:00
13.375,12.26182,2025-08-16 13:00:00
12.75,12.162052,2025-08-16 14:00:00
19.65,15.162025,2025-08-16 14:00:00
37.325,12.576111,2025-08-16 14:00:00
11.7,12.65375,2025-08-16 14:00:00
10.0,12.202572,2025-08-16 15:00:00
19.700000000000003,14.407001,2025-08-16 15:00:00
13.575,12.59641,2025-08-16 15:00:00
33.15,17.192614,2025-08-16 15:00:00
10.775,12.356056,2025-08-16 16:00:00
13.65,13.34355,2025-08-16 16:00:00
41.175,18.088053,2025-08-16 16:00:00
15.825,12.202474,2025-08-16 16:00:00
13.0,14.365313,2025-08-16 17:00:00
15.7,22.925463,2025-08-16 17:00:00
39.9,16.564556,2025-08-16 17:00:00
11.325,12.7814865,2025-08-16 17:00:00
14.175,11.811982,2025-08-16 17:00:00
41.075,13.34417,2025-08-16 18:00:00
13.45,21.638805,2025-08-16 18:00:00
11.2,12.778743,2025-08-16 18:00:00
13.8,12.267592,2025-08-16 18:00:00
13.25,11.892378,2025-08-16 18:00:00
47.875,15.027819,2025-08-16 19:00:00
13.425,12.112814,2025-08-16 19:00:00
10.3,24.111282,2025-08-16 19:00:00
10.075,11.788344,2025-08-16 19:00:00
13.625,11.416506,2025-08-16 19:00:00
13.95,11.256104,2025-08-16 20:00:00
13.575,12.39497,2025-08-16 20:00:00
49.825,13.46548,2025-08-16 20:00:00
9.775,12.605335,2025-08-16 20:00:00
14.375,11.181312,2025-08-16 21:00:00
54.3,12.23444,2025-08-16 21:00:00
13.825,11.577971,2025-08-16 21:00:00
11.8,11.168346,2025-08-16 21:00:00
14.25,11.836839,2025-08-16 22:00:00
46.15,13.465551,2025-08-16 22:00:00
14.35,12.767065,2025-08-16 22:00:00
11.825,11.853422,2025-08-16 22:00:00
14.3,11.791929,2025-08-16 23:00:00
47.6,12.447985,2025-08-16 23:00:00
14.275,15.550244,2025-08-16 23:00:00
12.15,10.421305,2025-08-16 23:00:00
38.075,16.391525,2025-08-17 00:00:00
13.866666666666667,15.780396,2025-08-17 00:00:00
8.625,9.909006,2025-08-17 00:00:00
22.55,11.717015,2025-08-17 00:00:00
24.475,21.170622,2025-08-17 01:00:00
7.675,10.30656,2025-08-17 01:00:00
13.95,15.972278,2025-08-17 01:00:00
26.975,12.357099,2025-08-17 01:00:00
26.775,15.021976,2025-08-17 02:00:00
8.3,9.990657,2025-08-17 02:00:00
14.8,12.308925,2025-08-17 02:00:00
14.35,23.18045,2025-08-17 02:00:00
26.775,14.302292,2025-08-17 03:00:00
9.275,9.395452,2025-08-17 03:00:00
19.85,21.024532,2025-08-17 03:00:00
15.15,13.166295,2025-08-17 03:00:00
17.55,14.305139,2025-08-17 04:00:00
13.75,12.502722,2025-08-17 04:00:00
4.975,8.407681,2025-08-17 04:00:00
23.475,20.081823,2025-08-17 04:00:00
13.225,12.349003,2025-08-17 05:00:00
14.625,14.408381,2025-08-17 05:00:00
28.475,26.517124,2025-08-17 05:00:00
3.9,8.491326,2025-08-17 05:00:00
12.975,11.914084,2025-08-17 06:00:00
3.575,8.472965,2025-08-17 06:00:00
14.7,12.997112,2025-08-17 06:00:00
27.3,23.384209,2025-08-17 06:00:00
13.2,12.21626,2025-08-17 07:00:00
26.375,20.842861,2025-08-17 07:00:00
15.025,13.945024,2025-08-17 07:00:00
3.725,8.6567955,2025-08-17 07:00:00
29.775,19.84045,2025-08-17 08:00:00
3.825,6.7996516,2025-08-17 08:00:00
14.375,13.641249,2025-08-17 08:00:00
9.825,11.969781,2025-08-17 08:00:00
7.65,12.792247,2025-08-17 09:00:00
30.3,17.517447,2025-08-17 09:00:00
14.05,13.310603,2025-08-17 09:00:00
17.325,14.104133,2025-08-17 10:00:00
33.1,20.839405,2025-08-17 10:00:00
7.949999999999999,12.064812,2025-08-17 10:00:00
1.35,6.841317,2025-08-17 11:00:00
8.35,10.94545,2025-08-17 11:00:00
28.15,23.232996,2025-08-17 11:00:00
14.1,14.564528,2025-08-17 11:00:00
14.0,12.933956,2025-08-17 12:00:00
15.6,10.770496,2025-08-17 12:00:00
0.775,7.657904,2025-08-17 12:00:00
39.725,19.815115,2025-08-17 12:00:00
0.45,8.639538,2025-08-17 13:00:00
19.225,11.858169,2025-08-17 13:00:00
31.775,21.46845,2025-08-17 13:00:00
14.775,12.313966,2025-08-17 13:00:00
24.325,23.796877,2025-08-17 14:00:00
0.1,10.79597,2025-08-17 14:00:00
14.7,13.621669,2025-08-17 14:00:00
18.8,12.982483,2025-08-17 14:00:00
25.65,22.563427,2025-08-17 15:00:00
18.325,11.990139,2025-08-17 15:00:00
0.2,9.146236,2025-08-17 15:00:00
14.5,12.393158,2025-08-17 15:00:00
14.475,11.635227,2025-08-17 16:00:00
0.2,9.025508,2025-08-17 16:00:00
12.575,12.371207,2025-08-17 16:00:00
27.5,21.647144,2025-08-17 16:00:00
14.0,12.82715,2025-08-17 17:00:00
14.0,31.589945,2025-08-17 17:00:00
0.2,9.665512,2025-08-17 17:00:00
9.675,12.22119,2025-08-17 17:00:00
40.3,21.592737,2025-08-17 17:00:00
0.2,9.424077,2025-08-17 18:00:00
33.175,22.434725,2025-08-17 18:00:00
14.0,33.41697,2025-08-17 18:00:00
9.375,11.336184,2025-08-17 18:00:00
14.125,13.155921,2025-08-17 18:00:00
0.7,9.923757,2025-08-17 19:00:00
8.525,11.7211895,2025-08-17 19:00:00
14.575,12.991634,2025-08-17 19:00:00
32.8,22.965738,2025-08-17 19:00:00
14.0,28.75448,2025-08-17 19:00:00
14.55,11.700355,2025-08-17 20:00:00
18.0,11.66774,2025-08-17 20:00:00
0.7,9.866094,2025-08-17 20:00:00
32.2,24.121063,2025-08-17 20:00:00
22.55,12.251498,2025-08-17 21:00:00
15.3,12.269128,2025-08-17 21:00:00
0.725,10.480317,2025-08-17 21:00:00
11.2,21.213596,2025-08-17 21:00:00
34.125,22.485575,2025-08-17 21:00:00
15.525,12.80826,2025-08-17 22:00:00
14.4,21.674297,2025-08-17 22:00:00
22.05,11.585791,2025-08-17 22:00:00
36.775,19.784473,2025-08-17 22:00:00
1.9,10.688121,2025-08-17 22:00:00
1.95,10.439441,2025-08-17 23:00:00
15.075,15.825788,2025-08-17 23:00:00
21.666666666666668,12.921256,2025-08-17 23:00:00
14.4,21.525728,2025-08-17 23:00:00
25.5,21.677132,2025-08-17 23:00:00
20.125,23.944017,2025-08-18 00:00:00
14.4,20.38792,2025-08-18 00:00:00
12.775,10.7725525,2025-08-18 00:00:00
14.1,15.629489,2025-08-18 00:00:00
19.325,13.197132,2025-08-18 00:00:00
13.5,15.283461,2025-08-18 01:00:00
13.175,10.795257,2025-08-18 01:00:00
18.125,13.456573,2025-08-18 01:00:00
14.4,20.298424,2025-08-18 01:00:00
14.7,37.493732,2025-08-18 01:00:00
24.15,32.941376,2025-08-18 02:00:00
12.9,12.436186,2025-08-18 02:00:00
14.4,20.59858,2025-08-18 02:00:00
13.8,9.130743,2025-08-18 02:00:00
17.875,19.118557,2025-08-18 02:00:00
14.95,8.844299,2025-08-18 03:00:00
29.975,23.249056,2025-08-18 03:00:00
14.225,12.633526,2025-08-18 03:00:00
17.55,16.13003,2025-08-18 03:00:00
14.4,22.838112,2025-08-18 03:00:00
33.65,25.908455,2025-08-18 04:00:00
14.4,21.55792,2025-08-18 04:00:00
13.2,12.537973,2025-08-18 04:00:00
12.725,8.241765,2025-08-18 04:00:00
17.55,12.5417385,2025-08-18 04:00:00
12.65,7.7812366,2025-08-18 05:00:00
17.2,12.524121,2025-08-18 05:00:00
14.4,18.999554,2025-08-18 05:00:00
13.4,12.505273,2025-08-18 05:00:00
34.775,30.807367,2025-08-18 05:00:00
14.4,19.361702,2025-08-18 06:00:00
32.55,26.054258,2025-08-18 06:00:00
17.05,12.504406,2025-08-18 06:00:00
14.5,13.029353,2025-08-18 06:00:00
12.3,7.1070666,2025-08-18 06:00:00
11.55,7.083277,2025-08-18 07:00:00
17.125,11.617403,2025-08-18 07:00:00
31.6,23.05607,2025-08-18 07:00:00
14.4,18.97676,2025-08-18 07:00:00
14.85,13.165766,2025-08-18 07:00:00
14.675,12.493091,2025-08-18 08:00:00
12.375,7.5244756,2025-08-18 08:00:00
20.0,27.897745,2025-08-18 08:00:00
14.4,18.697483,2025-08-18 08:00:00
21.4,12.673291,2025-08-18 08:00:00
14.025,13.7647705,2025-08-18 09:00:00
11.9,7.7578382,2025-08-18 09:00:00
22.075,12.751529,2025-08-18 09:00:00
14.4,18.527685,2025-08-18 09:00:00
16.4,22.147255,2025-08-18 09:00:00
21.05,11.053289,2025-08-18 10:00:00
9.7,24.89167,2025-08-18 10:00:00
9.966666666666669,6.509828,2025-08-18 10:00:00
13.8,18.043045,2025-08-18 10:00:00
13.7,13.479431,2025-08-18 10:00:00
9.65,28.031984,2025-08-18 11:00:00
13.4,13.350269,2025-08-18 11:00:00
9.966666666666669,6.412478,2025-08-18 11:00:00
13.25,19.605232,2025-08-18 11:00:00
21.125,10.006902,2025-08-18 11:00:00
13.25,13.416228,2025-08-18 12:00:00
21.425,27.496529,2025-08-18 12:00:00
13.25,19.060406,2025-08-18 12:00:00
19.2,11.917956,2025-08-18 12:00:00
56.3,5.026668,2025-08-18 12:00:00
10.8,5.8554873,2025-08-18 13:00:00
13.25,22.724499,2025-08-18 13:00:00
36.175,30.505655,2025-08-18 13:00:00
18.675,12.145699,2025-08-18 13:00:00
12.675,12.47647,2025-08-18 13:00:00
14.05,12.640932,2025-08-18 14:00:00
6.35,6.26021,2025-08-18 14:00:00
13.25,19.224926,2025-08-18 14:00:00
34.525,28.193884,2025-08-18 14:00:00
20.075000000000003,12.558512,2025-08-18 14:00:00
20.6,13.125915,2025-08-18 15:00:00
4.85,5.866681,2025-08-18 15:00:00
14.575,13.871013,2025-08-18 15:00:00
35.175,26.987982,2025-08-18 15:00:00
13.875,14.280101,2025-08-18 16:00:00
5.525,5.8980083,2025-08-18 16:00:00
18.025,12.442681,2025-08-18 16:00:00
33.625,23.392588,2025-08-18 16:00:00
16.125,11.085529,2025-08-18 17:00:00
13.85,13.461755,2025-08-18 17:00:00
5.7,5.5269804,2025-08-18 17:00:00
33.275,21.724379,2025-08-18 17:00:00
6.3,5.9041753,2025-08-18 18:00:00
30.05,23.498375,2025-08-18 18:00:00
15.65,10.457056,2025-08-18 18:00:00
13.65,13.05988,2025-08-18 18:00:00
14.1,12.746569,2025-08-18 19:00:00
14.933333333333332,18.453274,2025-08-18 19:00:00
15.475,10.379405,2025-08-18 19:00:00
26.375,29.017326,2025-08-18 19:00:00
5.9,5.912161,2025-08-18 19:00:00
13.675,12.699573,2025-08-18 20:00:00
13.175,12.213773,2025-08-18 20:00:00
12.375,25.334524,2025-08-18 20:00:00
5.075,6.2967815,2025-08-18 20:00:00
5.4,6.4074907,2025-08-18 21:00:00
17.275,27.277637,2025-08-18 21:00:00
11.75,12.902046,2025-08-18 21:00:00
14.05,11.967761,2025-08-18 21:00:00
20.55,17.643387,2025-08-18 21:00:00
14.6,12.623131,2025-08-18 22:00:00
14.75,14.065238,2025-08-18 22:00:00
6.6,6.467921,2025-08-18 22:00:00
26.625,27.776457,2025-08-18 22:00:00
11.85,12.4736595,2025-08-18 22:00:00
33.7,29.881968,2025-08-18 23:00:00
7.75,7.1275816,2025-08-18 23:00:00
14.1,15.366218,2025-08-18 23:00:00
14.6,12.758468,2025-08-18 23:00:00
11.9,12.030486,2025-08-18 23:00:00
15.7,15.796523,2025-08-19 00:00:00
41.8,27.593214,2025-08-19 00:00:00
18.875,11.1085205,2025-08-19 00:00:00
14.375,7.9280286,2025-08-19 00:00:00
14.766666666666666,15.391234,2025-08-19 00:00:00
41.9,18.900528,2025-08-19 01:00:00
14.475,15.789346,2025-08-19 01:00:00
1.2000000000000002,14.516421,2025-08-19 01:00:00
21.975,13.565196,2025-08-19 01:00:00
14.125,8.499394,2025-08-19 01:00:00
34.55,17.037134,2025-08-19 02:00:00
21.525,13.986316,2025-08-19 02:00:00
13.7,12.730851,2025-08-19 02:00:00
14.3,10.266057,2025-08-19 02:00:00
1.2000000000000002,14.910415,2025-08-19 02:00:00
14.025,14.40556,2025-08-19 03:00:00
16.825,16.703531,2025-08-19 03:00:00
15.15,9.734617,2025-08-19 03:00:00
1.2000000000000002,17.115856,2025-08-19 03:00:00
21.525,12.421363,2025-08-19 03:00:00
14.05,10.422029,2025-08-19 04:00:00
2.4,15.605553,2025-08-19 04:00:00
11.925,10.807089,2025-08-19 04:00:00
13.85,14.11808,2025-08-19 04:00:00
15.325,23.655937,2025-08-19 04:00:00
6.925,11.462748,2025-08-19 05:00:00
13.325,13.330289,2025-08-19 05:00:00
13.175,9.888515,2025-08-19 05:00:00
17.425,26.531298,2025-08-19 05:00:00
1.3,17.474846,2025-08-19 05:00:00
18.575,27.222515,2025-08-19 06:00:00
6.875,10.754341,2025-08-19 06:00:00
14.275,13.3229065,2025-08-19 06:00:00
12.025,9.763938,2025-08-19 06:00:00
1.3,16.515772,2025-08-19 06:00:00
17.35,24.624071,2025-08-19 07:00:00
1.3,17.129719,2025-08-19 07:00:00
12.225,9.697058,2025-08-19 07:00:00
14.875,14.276517,2025-08-19 07:00:00
6.875,10.606851,2025-08-19 07:00:00
14.0,13.9497175,2025-08-19 08:00:00
11.975,10.289393,2025-08-19 08:00:00
1.3,20.544056,2025-08-19 08:00:00
24.3,11.630888,2025-08-19 08:00:00
26.35,23.069391,2025-08-19 08:00:00
13.525,14.181438,2025-08-19 09:00:00
11.625,9.447056,2025-08-19 09:00:00
32.85,11.420198,2025-08-19 09:00:00
34.025000000000006,25.008434,2025-08-19 09:00:00
34.4,20.345224,2025-08-19 10:00:00
33.125,12.794585,2025-08-19 10:00:00
13.4,13.843914,2025-08-19 10:00:00
11.25,9.296359,2025-08-19 10:00:00
32.825,11.315307,2025-08-19 11:00:00
13.05,13.439537,2025-08-19 11:00:00
10.85,9.2701645,2025-08-19 11:00:00
36.45,14.730121,2025-08-19 11:00:00
10.725,15.948416,2025-08-19 12:00:00
13.625,12.200186,2025-08-19 12:00:00
36.45,17.601583,2025-08-19 12:00:00
20.225,11.214646,2025-08-19 12:00:00
13.375,12.1972,2025-08-19 13:00:00
36.45,24.26559,2025-08-19 13:00:00
12.8,12.149046,2025-08-19 13:00:00
10.9,18.218838,2025-08-19 13:00:00
12.55,11.673036,2025-08-19 14:00:00
10.45,16.460594,2025-08-19 14:00:00
13.3,12.357339,2025-08-19 14:00:00
36.45,23.721386,2025-08-19 14:00:00
10.9,11.065837,2025-08-19 15:00:00
13.575,13.014935,2025-08-19 15:00:00
13.575,11.672031,2025-08-19 15:00:00
13.65,14.373645,2025-08-19 16:00:00
10.175,9.110171,2025-08-19 16:00:00
24.625,11.902175,2025-08-19 16:00:00
13.775,13.412093,2025-08-19 17:00:00
9.375,10.206045,2025-08-19 17:00:00
29.6,13.278679,2025-08-19 17:00:00
9.85,10.629622,2025-08-19 18:00:00
38.4,22.970833,2025-08-19 18:00:00
29.7,11.700243,2025-08-19 18:00:00
13.975,13.600677,2025-08-19 18:00:00
11.1,10.168982,2025-08-19 19:00:00
29.35,12.164556,2025-08-19 19:00:00
6.75,19.45701,2025-08-19 19:00:00
38.4,23.74124,2025-08-19 19:00:00
14.575,13.715954,2025-08-19 19:00:00
13.975,13.87475,2025-08-19 20:00:00
12.15,9.695722,2025-08-19 20:00:00
38.4,22.983889,2025-08-19 20:00:00
18.4,12.139532,2025-08-19 20:00:00
6.6,16.490732,2025-08-19 20:00:00
12.95,10.902061,2025-08-19 21:00:00
38.4,18.243574,2025-08-19 21:00:00
13.925,13.867939,2025-08-19 21:00:00
12.175,10.7314205,2025-08-19 21:00:00
6.45,16.511242,2025-08-19 21:00:00
13.85,13.80586,2025-08-19 22:00:00
11.3,11.934798,2025-08-19 22:00:00
12.475,10.969226,2025-08-19 22:00:00
5.675000000000001,18.899746,2025-08-19 22:00:00
5.65,18.280212,2025-08-19 23:00:00
12.166666666666666,11.092824,2025-08-19 23:00:00
13.35,16.166412,2025-08-19 23:00:00
12.2,11.9571495,2025-08-19 23:00:00
15.0,10.265436,2025-08-20 00:00:00
3.866666666666666,19.646156,2025-08-20 00:00:00
18.65,12.198673,2025-08-20 00:00:00
11.7,15.890988,2025-08-20 00:00:00
20.925,12.490998,2025-08-20 01:00:00
3.075,25.445986,2025-08-20 01:00:00
10.475,15.879656,2025-08-20 01:00:00
15.975,13.765083,2025-08-20 01:00:00
2.1,24.345531,2025-08-20 02:00:00
20.8,11.130471,2025-08-20 02:00:00
9.9,14.309334,2025-08-20 02:00:00
15.7,13.864624,2025-08-20 02:00:00
17.125,13.091367,2025-08-20 03:00:00
22.9,14.302724,2025-08-20 03:00:00
3.6,23.859526,2025-08-20 03:00:00
20.45,11.369837,2025-08-20 03:00:00
15.6,12.515663,2025-08-20 04:00:00
4.875,22.32714,2025-08-20 04:00:00
13.225,13.83457,2025-08-20 04:00:00
20.225,10.351339,2025-08-20 04:00:00
4.875,20.596573,2025-08-20 05:00:00
19.475,10.206769,2025-08-20 05:00:00
10.45,12.720993,2025-08-20 05:00:00
15.175,13.019211,2025-08-20 05:00:00
5.5,23.168312,2025-08-20 06:00:00
10.875,13.1942625,2025-08-20 06:00:00
15.325,12.211795,2025-08-20 06:00:00
18.925,9.45718,2025-08-20 06:00:00
15.175,12.22204,2025-08-20 07:00:00
18.65,9.832023,2025-08-20 07:00:00
11.275,12.607739,2025-08-20 07:00:00
5.5,19.10235,2025-08-20 07:00:00
15.375,11.844712,2025-08-20 08:00:00
10.4,13.537178,2025-08-20 08:00:00
5.5,18.074827,2025-08-20 08:00:00
16.35,12.537806,2025-08-20 08:00:00
11.55,14.443111,2025-08-20 09:00:00
16.025,12.881748,2025-08-20 09:00:00
13.9,11.432662,2025-08-20 09:00:00
13.9,14.526285,2025-08-20 10:00:00
10.6,13.370605,2025-08-20 10:00:00
15.575,11.849083,2025-08-20 10:00:00
14.85,11.852416,2025-08-20 11:00:00
12.45,12.645199,2025-08-20 11:00:00
14.125,14.263959,2025-08-20 11:00:00
14.625,13.15975,2025-08-20 12:00:00
13.725,14.588672,2025-08-20 12:00:00
12.15,13.358455,2025-08-20 12:00:00
14.325,11.470986,2025-08-20 13:00:00
13.525,13.306382,2025-08-20 13:00:00
11.3,12.406066,2025-08-20 13:00:00
14.25,11.476152,2025-08-20 14:00:00
5.25,13.31343,2025-08-20 14:00:00
13.375,11.67463,2025-08-20 14:00:00
13.525,11.268831,2025-08-20 15:00:00
1.4500000000000002,12.719349,2025-08-20 15:00:00
25.1,17.787525,2025-08-20 15:00:00
14.85,12.306409,2025-08-20 15:00:00
1.9250000000000005,12.768789,2025-08-20 16:00:00
15.175,14.200452,2025-08-20 16:00:00
14.975,12.664745,2025-08-20 16:00:00
10.975,10.607414,2025-08-20 16:00:00
14.725,13.68504,2025-08-20 17:00:00
5.1,11.434274,2025-08-20 17:00:00
21.2,20.767141,2025-08-20 17:00:00
9.275,12.83634,2025-08-20 17:00:00
34.1,17.873314,2025-08-20 18:00:00
10.2,12.779806,2025-08-20 18:00:00
9.525,12.930745,2025-08-20 18:00:00
14.775,13.142,2025-08-20 18:00:00
65.525,15.052801,2025-08-20 19:00:00
8.825,11.968324,2025-08-20 19:00:00
9.6,10.882889,2025-08-20 19:00:00
14.375,12.836519,2025-08-20 19:00:00
16.575,13.490215,2025-08-20 20:00:00
12.575,12.201201,2025-08-20 20:00:00
91.675,15.430796,2025-08-20 20:00:00
8.7,12.666838,2025-08-20 20:00:00
14.0,10.58702,2025-08-20 21:00:00
79.225,13.465541,2025-08-20 21:00:00
18.15,13.492126,2025-08-20 21:00:00
8.025,12.771699,2025-08-20 21:00:00
14.25,10.604397,2025-08-20 22:00:00
19.375,12.876654,2025-08-20 22:00:00
9.775,12.430556,2025-08-20 22:00:00
86.775,14.329347,2025-08-20 22:00:00
14.0,10.180898,2025-08-20 23:00:00
101.5,15.357311,2025-08-20 23:00:00
10.325,15.839403,2025-08-20 23:00:00
19.725,12.768898,2025-08-20 23:00:00
9.233333333333333,16.716583,2025-08-21 00:00:00
16.875,14.479993,2025-08-21 00:00:00
101.5,14.071943,2025-08-21 00:00:00
19.65,10.555758,2025-08-21 00:00:00
17.049999999999997,14.532008,2025-08-21 01:00:00
101.5,13.562622,2025-08-21 01:00:00
7.125,18.229097,2025-08-21 01:00:00
22.425,10.869945,2025-08-21 01:00:00
101.5,14.293792,2025-08-21 02:00:00
22.175,11.375766,2025-08-21 02:00:00
17.45,15.20114,2025-08-21 02:00:00
7.4,13.079714,2025-08-21 02:00:00
21.775,10.7209635,2025-08-21 03:00:00
17.8,15.098729,2025-08-21 03:00:00
10.175,14.211016,2025-08-21 03:00:00
7.7,14.404859,2025-08-21 04:00:00
17.925,14.328728,2025-08-21 04:00:00
21.1,9.501728,2025-08-21 04:00:00
17.75,14.128414,2025-08-21 05:00:00
7.3,13.766011,2025-08-21 05:00:00
21.1,9.626152,2025-08-21 05:00:00
20.9,11.339089,2025-08-21 06:00:00
17.375,13.257098,2025-08-21 06:00:00
9.125,13.50764,2025-08-21 06:00:00
8.7,13.780191,2025-08-21 07:00:00
17.0,13.5701275,2025-08-21 07:00:00
20.775,12.326121,2025-08-21 07:00:00
17.15,13.955859,2025-08-21 08:00:00
8.9,12.909014,2025-08-21 08:00:00
25.275,12.243591,2025-08-21 08:00:00
8.6,13.033036,2025-08-21 09:00:00
28.425,13.767382,2025-08-21 09:00:00
16.05,14.679174,2025-08-21 09:00:00
14.55,13.795376,2025-08-21 10:00:00
33.375,12.846935,2025-08-21 10:00:00
7.275,12.289045,2025-08-21 10:00:00
55.775,12.854313,2025-08-21 11:00:00
7.275,12.3801365,2025-08-21 11:00:00
13.575,14.197192,2025-08-21 11:00:00
13.05,14.006362,2025-08-21 12:00:00
6.75,12.695057,2025-08-21 12:00:00
59.2,16.990189,2025-08-21 12:00:00
11.85,14.242191,2025-08-21 13:00:00
20.9,13.880517,2025-08-21 13:00:00
6.725,12.825549,2025-08-21 13:00:00
11.0,14.537401,2025-08-21 14:00:00
8.1,10.99043,2025-08-21 14:00:00
21.6,12.497081,2025-08-21 14:00:00
11.5,14.935767,2025-08-21 15:00:00
22.975,12.586203,2025-08-21 15:00:00
8.775,10.860275,2025-08-21 15:00:00
38.85,16.216814,2025-08-21 16:00:00
16.75,14.347574,2025-08-21 16:00:00
19.525,12.604541,2025-08-21 16:00:00
8.2,9.618935,2025-08-21 16:00:00
88.3,18.613274,2025-08-21 17:00:00
16.85,14.595666,2025-08-21 17:00:00
7.65,7.57716,2025-08-21 17:00:00
18.425,12.664268,2025-08-21 17:00:00
90.25,17.122852,2025-08-21 18:00:00
7.575,9.487344,2025-08-21 18:00:00
17.85,12.225509,2025-08-21 18:00:00
17.7,14.257505,2025-08-21 18:00:00
17.55,14.403121,2025-08-21 19:00:00
7.55,9.51325,2025-08-21 19:00:00
91.9,23.3628,2025-08-21 19:00:00
17.35,10.94378,2025-08-21 19:00:00
10.275,11.823698,2025-08-21 20:00:00
18.4,13.407744,2025-08-21 20:00:00
69.05,24.747696,2025-08-21 20:00:00
7.425,11.160196,2025-08-21 20:00:00
20.175,15.061943,2025-08-21 21:00:00
7.75,11.628124,2025-08-21 21:00:00
6.5,10.319901,2025-08-21 21:00:00
23.6,21.697092,2025-08-21 21:00:00
20.375,16.147484,2025-08-21 22:00:00
7.324999999999999,8.2849865,2025-08-21 22:00:00
75.7,26.535372,2025-08-21 22:00:00
7.15,10.921483,2025-08-21 22:00:00
50.3,31.795933,2025-08-21 23:00:00
6.366666666666667,11.8248625,2025-08-21 23:00:00
8.05,8.717828,2025-08-21 23:00:00
20.85,14.445244,2025-08-21 23:00:00
67.5,45.28394,2025-08-22 00:00:00
6.966666666666666,8.26211,2025-08-22 00:00:00
4.325,11.574663,2025-08-22 00:00:00
17.65,16.653349,2025-08-22 00:00:00
6.525,7.3957167,2025-08-22 01:00:00
3.675,12.985427,2025-08-22 01:00:00
72.03333333333333,48.07374,2025-08-22 01:00:00
16.65,17.217089,2025-08-22 01:00:00
6.8,6.726118,2025-08-22 02:00:00
72.03333333333333,60.917736,2025-08-22 02:00:00
16.7,14.600434,2025-08-22 02:00:00
1.875,11.260882,2025-08-22 02:00:00
17.825,14.0940075,2025-08-22 03:00:00
0.55,10.973196,2025-08-22 03:00:00
6.449999999999999,8.960771,2025-08-22 03:00:00
6.824999999999999,9.782714,2025-08-22 04:00:00
14.375,13.772873,2025-08-22 04:00:00
4.65,9.056839,2025-08-22 04:00:00
13.875,14.648812,2025-08-22 05:00:00
4.5,8.147002,2025-08-22 05:00:00
9.6,9.815108,2025-08-22 05:00:00
9.475,10.448637,2025-08-22 06:00:00
13.375,12.858721,2025-08-22 06:00:00
4.75,7.7334256,2025-08-22 06:00:00
5.35,8.166657,2025-08-22 07:00:00
10.075,10.341414,2025-08-22 07:00:00
13.95,14.396984,2025-08-22 07:00:00
13.1,14.643383,2025-08-22 08:00:00
5.775,7.35345,2025-08-22 08:00:00
6.15,11.102091,2025-08-22 08:00:00
6.025,8.3321085,2025-08-22 09:00:00
5.175,13.416838,2025-08-22 09:00:00
13.55,15.736992,2025-08-22 09:00:00
13.525,17.108505,2025-08-22 10:00:00
5.75,15.4363165,2025-08-22 10:00:00
6.6,7.8834724,2025-08-22 10:00:00
5.9,8.204134,2025-08-22 11:00:00
6.35,12.761577,2025-08-22 11:00:00
12.575,16.21454,2025-08-22 11:00:00
12.75,15.919303,2025-08-22 12:00:00
4.45,15.83516,2025-08-22 12:00:00
2.6,7.495366,2025-08-22 12:00:00
13.2,14.561876,2025-08-22 13:00:00
2.675,14.624879,2025-08-22 13:00:00
2.6,7.411179,2025-08-22 13:00:00
12.45,13.175164,2025-08-22 14:00:00
3.1,12.044137,2025-08-22 14:00:00
2.6,7.1856833,2025-08-22 14:00:00
4.975,11.472281,2025-08-22 15:00:00
11.875,14.39409,2025-08-22 15:00:00
2.6,7.3031077,2025-08-22 15:00:00
85.325,53.918015,2025-08-22 16:00:00
2.6,7.8424935,2025-08-22 16:00:00
16.0,11.867497,2025-08-22 16:00:00
11.525,13.727342,2025-08-22 16:00:00
12.325,15.028937,2025-08-22 17:00:00
2.6,8.510942,2025-08-22 17:00:00
22.8,15.716812,2025-08-22 17:00:00
41.1,56.53551,2025-08-22 17:00:00
67.45,46.161724,2025-08-22 18:00:00
12.3,15.767728,2025-08-22 18:00:00
2.6,7.5683117,2025-08-22 18:00:00
23.95,17.689924,2025-08-22 18:00:00
12.425,15.249034,2025-08-22 19:00:00
67.45,44.825623,2025-08-22 19:00:00
25.2,13.030163,2025-08-22 19:00:00
2.6,7.1022725,2025-08-22 19:00:00
2.566666666666667,6.8971276,2025-08-22 20:00:00
10.0,12.849923,2025-08-22 20:00:00
67.45,47.494484,2025-08-22 20:00:00
11.9,15.21011,2025-08-22 20:00:00
12.425,16.896269,2025-08-22 21:00:00
67.45,54.334778,2025-08-22 21:00:00
1.975,6.4981966,2025-08-22 21:00:00
4.4,10.14678,2025-08-22 21:00:00
8.15,9.576381,2025-08-22 22:00:00
1.725,6.7512403,2025-08-22 22:00:00
13.975,17.209618,2025-08-22 22:00:00
9.0,9.233456,2025-08-22 23:00:00
14.675,18.045729,2025-08-22 23:00:00
1.525,7.3640866,2025-08-22 23:00:00
11.9,47.967834,2025-08-23 00:00:00
14.475,15.771164,2025-08-23 00:00:00
9.85,11.3412075,2025-08-23 00:00:00
2.5666666666666664,7.777692,2025-08-23 00:00:00
10.325,12.436861,2025-08-23 01:00:00
2.825,7.926706,2025-08-23 01:00:00
64.2,60.18105,2025-08-23 01:00:00
14.15,15.417322,2025-08-23 01:00:00
14.75,13.32862,2025-08-23 02:00:00
2.8,7.6253343,2025-08-23 02:00:00
8.525,9.572497,2025-08-23 02:00:00
87.2,55.9918,2025-08-23 02:00:00
2.525,8.646402,2025-08-23 03:00:00
87.2,42.984356,2025-08-23 03:00:00
16.475,15.467368,2025-08-23 03:00:00
7.975,11.207473,2025-08-23 03:00:00
2.5,8.1006565,2025-08-23 04:00:00
87.2,38.2189,2025-08-23 04:00:00
14.825,15.035334,2025-08-23 04:00:00
6.125,9.8111925,2025-08-23 04:00:00
5.025,11.704083,2025-08-23 05:00:00
2.5,8.033619,2025-08-23 05:00:00
87.2,41.639786,2025-08-23 05:00:00
13.6,13.820189,2025-08-23 05:00:00
4.45,12.428359,2025-08-23 06:00:00
2.5,7.138831,2025-08-23 06:00:00
14.075,13.182424,2025-08-23 06:00:00
5.675,12.68109,2025-08-23 07:00:00
14.425,13.539111,2025-08-23 07:00:00
2.5,6.702253,2025-08-23 07:00:00
15.8,12.616905,2025-08-23 08:00:00
14.075,13.4710865,2025-08-23 08:00:00
19.825,12.266174,2025-08-23 09:00:00
13.85,13.45651,2025-08-23 09:00:00
105.16666666666669,50.09397,2025-08-23 09:00:00
79.85,48.578632,2025-08-23 10:00:00
12.95,13.235788,2025-08-23 10:00:00
17.425,12.346744,2025-08-23 10:00:00
11.925,14.022503,2025-08-23 11:00:00
28.45,25.305561,2025-08-23 11:00:00
95.06666666666666,48.789536,2025-08-23 11:00:00
13.8,11.682979,2025-08-23 11:00:00
2.6,6.182863,2025-08-23 12:00:00
9.2,12.229058,2025-08-23 12:00:00
11.5,13.21924,2025-08-23 12:00:00
95.06666666666666,49.01418,2025-08-23 12:00:00
28.35,19.692917,2025-08-23 12:00:00
11.625,12.789871,2025-08-23 13:00:00
95.06666666666666,55.605724,2025-08-23 13:00:00
2.6666666666666665,6.022087,2025-08-23 13:00:00
8.775,10.262233,2025-08-23 13:00:00
21.65,28.518082,2025-08-23 13:00:00
20.5,19.209196,2025-08-23 14:00:00
11.375,12.957477,2025-08-23 14:00:00
12.85,54.001457,2025-08-23 14:00:00
2.7,5.91536,2025-08-23 14:00:00
8.775,11.966106,2025-08-23 14:00:00
16.35,14.442573,2025-08-23 15:00:00
13.8,44.814648,2025-08-23 15:00:00
2.75,5.3697257,2025-08-23 15:00:00
8.95,11.896216,2025-08-23 15:00:00
11.625,12.445856,2025-08-23 15:00:00
2.95,4.8910475,2025-08-23 16:00:00
13.8,64.10123,2025-08-23 16:00:00
10.55,11.998135,2025-08-23 16:00:00
20.525,14.757447,2025-08-23 16:00:00
15.35,11.446882,2025-08-23 16:00:00
13.875,83.9426,2025-08-23 17:00:00
2.975,5.2614465,2025-08-23 17:00:00
10.825,11.686107,2025-08-23 17:00:00
31.525,23.728811,2025-08-23 17:00:00
19.525,14.322576,2025-08-23 17:00:00
20.875,12.912647,2025-08-23 18:00:00
2.975,5.2167306,2025-08-23 18:00:00
13.85,75.495926,2025-08-23 18:00:00
35.1,18.8152,2025-08-23 18:00:00
11.675,13.072719,2025-08-23 18:00:00
2.9,5.1696024,2025-08-23 19:00:00
12.4,13.4256935,2025-08-23 19:00:00
13.9,65.90732,2025-08-23 19:00:00
28.5,24.098564,2025-08-23 19:00:00
22.175,13.128585,2025-08-23 19:00:00
12.175,13.727649,2025-08-23 20:00:00
13.9,70.78546,2025-08-23 20:00:00
21.925,14.447956,2025-08-23 20:00:00
7.75,10.956253,2025-08-23 20:00:00
2.9,5.1032906,2025-08-23 20:00:00
0.625,10.756431,2025-08-23 21:00:00
13.9,49.124012,2025-08-23 21:00:00
18.925,25.175005,2025-08-23 21:00:00
12.775,14.205109,2025-08-23 21:00:00
2.9,5.5578723,2025-08-23 21:00:00
13.2,15.528131,2025-08-23 22:00:00
2.95,5.157064,2025-08-23 22:00:00
21.725,18.89489,2025-08-23 22:00:00
0.95,10.736895,2025-08-23 22:00:00
24.75,25.783714,2025-08-23 23:00:00
3.125,4.806891,2025-08-23 23:00:00
0.9666666666666668,10.527269,2025-08-23 23:00:00
12.775,15.904176,2025-08-23 23:00:00
14.125,15.591465,2025-08-24 00:00:00
31.575,32.380035,2025-08-24 00:00:00
3.233333333333333,5.003594,2025-08-24 00:00:00
11.025,13.7297,2025-08-24 00:00:00
12.0,58.30844,2025-08-24 00:00:00
16.625,13.239673,2025-08-24 01:00:00
32.25,28.661486,2025-08-24 01:00:00
13.85,15.491075,2025-08-24 01:00:00
2.95,4.784397,2025-08-24 01:00:00
12.0,88.44023,2025-08-24 01:00:00
12.0,82.25732,2025-08-24 02:00:00
15.8,11.706128,2025-08-24 02:00:00
14.25,15.234638,2025-08-24 02:00:00
34.525000000000006,28.59962,2025-08-24 02:00:00
2.9,5.31702,2025-08-24 02:00:00
30.975,28.346527,2025-08-24 03:00:00
15.6,11.869159,2025-08-24 03:00:00
15.7,16.32718,2025-08-24 03:00:00
12.0,62.40863,2025-08-24 03:00:00
2.8,5.223184,2025-08-24 03:00:00
14.2,14.655423,2025-08-24 04:00:00
15.0,11.248031,2025-08-24 04:00:00
22.9,36.30455,2025-08-24 04:00:00
2.825,5.800535,2025-08-24 04:00:00
12.0,79.142105,2025-08-24 04:00:00
12.0,76.131905,2025-08-24 05:00:00
2.95,5.0490236,2025-08-24 05:00:00
21.35,41.94112,2025-08-24 05:00:00
13.125,13.897594,2025-08-24 05:00:00
15.5,11.124083,2025-08-24 05:00:00
15.325,9.696326,2025-08-24 06:00:00
3.025,6.216779,2025-08-24 06:00:00
17.85,28.404087,2025-08-24 06:00:00
13.05,13.862901,2025-08-24 06:00:00
16.775,9.714958,2025-08-24 07:00:00
3.075,6.443812,2025-08-24 07:00:00
12.25,13.391611,2025-08-24 07:00:00
21.3,28.583391,2025-08-24 07:00:00
29.475,39.02564,2025-08-24 08:00:00
13.425,13.839924,2025-08-24 08:00:00
14.35,10.51065,2025-08-24 08:00:00
31.45,42.08878,2025-08-24 09:00:00
12.0,72.05394,2025-08-24 09:00:00
12.975,13.470303,2025-08-24 09:00:00
13.75,11.842643,2025-08-24 09:00:00
13.8,13.121727,2025-08-24 10:00:00
32.05,44.697247,2025-08-24 10:00:00
12.075,74.76129,2025-08-24 10:00:00
14.85,12.1037,2025-08-24 10:00:00
12.1,69.02512,2025-08-24 11:00:00
19.05,10.833574,2025-08-24 11:00:00
13.475,13.245455,2025-08-24 11:00:00
34.225,35.68871,2025-08-24 11:00:00
13.625,12.38963,2025-08-24 12:00:00
12.025,72.178116,2025-08-24 12:00:00
11.275,11.39095,2025-08-24 12:00:00
5.0,7.3268385,2025-08-24 12:00:00
31.25,42.1449,2025-08-24 12:00:00
7.75,11.0887165,2025-08-24 13:00:00
12.025,52.715317,2025-08-24 13:00:00
24.325,44.792828,2025-08-24 13:00:00
13.75,12.24243,2025-08-24 13:00:00
2.6,5.225068,2025-08-24 13:00:00
13.275,12.696638,2025-08-24 14:00:00
6.85,10.25896,2025-08-24 14:00:00
2.6,4.569649,2025-08-24 14:00:00
12.1,64.3694,2025-08-24 14:00:00
22.6,39.52828,2025-08-24 14:00:00
2.6,4.7393413,2025-08-24 15:00:00
6.5,11.676767,2025-08-24 15:00:00
19.4,28.814024,2025-08-24 15:00:00
12.1,62.32909,2025-08-24 15:00:00
13.225,13.020937,2025-08-24 15:00:00
15.2,11.7143345,2025-08-24 16:00:00
17.4,29.450462,2025-08-24 16:00:00
12.1,50.160397,2025-08-24 16:00:00
2.6,4.743818,2025-08-24 16:00:00
12.975,12.53895,2025-08-24 16:00:00
16.75,40.144848,2025-08-24 17:00:00
12.375,11.7845,2025-08-24 17:00:00
2.6,4.067146,2025-08-24 17:00:00
19.65,14.326342,2025-08-24 17:00:00
12.1,51.106186,2025-08-24 17:00:00
2.6,5.48542,2025-08-24 18:00:00
12.1,49.970573,2025-08-24 18:00:00
12.325,12.665641,2025-08-24 18:00:00
26.275,39.758675,2025-08-24 18:00:00
18.5,14.084165,2025-08-24 18:00:00
13.375,12.555744,2025-08-24 19:00:00
27.55,42.638035,2025-08-24 19:00:00
17.1,13.523647,2025-08-24 19:00:00
2.6,7.7330403,2025-08-24 19:00:00
12.1,50.216694,2025-08-24 19:00:00
35.35,44.649593,2025-08-24 20:00:00
14.125,12.837522,2025-08-24 20:00:00
2.6,5.88218,2025-08-24 20:00:00
23.925,11.650424,2025-08-24 20:00:00
12.1,41.673332,2025-08-24 20:00:00
12.1,43.33275,2025-08-24 21:00:00
2.6,7.3147783,2025-08-24 21:00:00
13.4,13.050246,2025-08-24 21:00:00
35.575,38.751446,2025-08-24 21:00:00
26.45,11.30435,2025-08-24 21:00:00
13.375,13.838296,2025-08-24 22:00:00
24.25,10.065689,2025-08-24 22:00:00
30.45,27.197058,2025-08-24 22:00:00
2.6,7.942149,2025-08-24 22:00:00
12.1,25.592274,2025-08-24 22:00:00
25.35,31.813368,2025-08-24 23:00:00
23.633333333333336,11.574855,2025-08-24 23:00:00
13.125,14.0323515,2025-08-24 23:00:00
2.6,6.513583,2025-08-24 23:00:00
12.1,24.626757,2025-08-24 23:00:00
15.3,14.484259,2025-08-25 00:00:00
12.033333333333331,24.548723,2025-08-25 00:00:00
10.0,12.495069,2025-08-25 00:00:00
2.6,5.789828,2025-08-25 00:00:00
28.200000000000003,37.11975,2025-08-25 00:00:00
26.05,25.724997,2025-08-25 01:00:00
15.675,14.788909,2025-08-25 01:00:00
12.0,31.671148,2025-08-25 01:00:00
3.0,13.057171,2025-08-25 01:00:00
2.6,5.9548163,2025-08-25 01:00:00
31.675,30.727163,2025-08-25 02:00:00
16.2,14.144136,2025-08-25 02:00:00
0.85,12.484042,2025-08-25 02:00:00
2.6,6.097758,2025-08-25 02:00:00
12.0,28.34959,2025-08-25 02:00:00
39.175,27.720346,2025-08-25 03:00:00
0.85,12.220519,2025-08-25 03:00:00
2.6,5.7288136,2025-08-25 03:00:00
17.05,13.182423,2025-08-25 03:00:00
12.0,30.661882,2025-08-25 03:00:00
12.025,27.139015,2025-08-25 04:00:00
2.6,5.5699487,2025-08-25 04:00:00
15.825,12.881484,2025-08-25 04:00:00
12.833333333333334,11.089936,2025-08-25 04:00:00
38.975,30.212551,2025-08-25 04:00:00
12.0,27.7901,2025-08-25 05:00:00
15.225,13.213734,2025-08-25 05:00:00
39.35,28.026522,2025-08-25 05:00:00
14.1,11.00429,2025-08-25 05:00:00
2.6,6.102285,2025-08-25 05:00:00
2.6,6.2118335,2025-08-25 06:00:00
13.15,11.058377,2025-08-25 06:00:00
12.0,27.955534,2025-08-25 06:00:00
16.025,13.191921,2025-08-25 06:00:00
38.575,26.053778,2025-08-25 06:00:00
12.0,28.693705,2025-08-25 07:00:00
12.4,11.5629835,2025-08-25 07:00:00
2.6,5.8088193,2025-08-25 07:00:00
42.725,25.444738,2025-08-25 07:00:00
15.825,12.303715,2025-08-25 07:00:00
23.0,12.448949,2025-08-25 08:00:00
15.8,12.986616,2025-08-25 08:00:00
12.025,25.260534,2025-08-25 08:00:00
2.6,6.14777,2025-08-25 08:00:00
45.325,29.937899,2025-08-25 08:00:00
32.65,40.17783,2025-08-25 09:00:00
31.425,13.049905,2025-08-25 09:00:00
15.975,12.519654,2025-08-25 09:00:00
12.1,26.577639,2025-08-25 09:00:00
2.6,12.30163,2025-08-25 09:00:00
33.474999999999994,11.699225,2025-08-25 10:00:00
2.6,6.2206054,2025-08-25 10:00:00
15.525,12.995107,2025-08-25 10:00:00
27.975,37.014904,2025-08-25 10:00:00
12.1,28.384647,2025-08-25 10:00:00
12.1,22.328508,2025-08-25 11:00:00
15.675,12.825408,2025-08-25 11:00:00
35.075,12.082903,2025-08-25 11:00:00
2.6,7.2732863,2025-08-25 11:00:00
27.85,43.242817,2025-08-25 11:00:00
15.675,12.578607,2025-08-25 12:00:00
18.025,11.384203,2025-08-25 12:00:00
12.1,24.165283,2025-08-25 12:00:00
29.225,41.973667,2025-08-25 12:00:00
2.6,7.7180405,2025-08-25 12:00:00
2.6,8.150234,2025-08-25 13:00:00
12.1,22.36292,2025-08-25 13:00:00
15.25,13.125855,2025-08-25 13:00:00
27.85,38.476135,2025-08-25 13:00:00
12.225,11.721455,2025-08-25 13:00:00
2.6,9.65003,2025-08-25 14:00:00
31.675,29.083084,2025-08-25 14:00:00
8.125,11.369413,2025-08-25 14:00:00
14.625,12.758486,2025-08-25 14:00:00
8.366666666666665,21.561726,2025-08-25 14:00:00
15.25,11.449253,2025-08-25 15:00:00
8.366666666666665,19.901352,2025-08-25 15:00:00
4.075,11.545426,2025-08-25 15:00:00
2.6,10.090583,2025-08-25 15:00:00
30.5,22.454344,2025-08-25 15:00:00
31.7,19.485577,2025-08-25 16:00:00
8.899999999999999,12.30769,2025-08-25 16:00:00
2.6,6.3891864,2025-08-25 16:00:00
14.075,10.781516,2025-08-25 16:00:00
8.366666666666665,18.766603,2025-08-25 16:00:00
8.366666666666665,18.228014,2025-08-25 17:00:00
42.650000000000006,21.488884,2025-08-25 17:00:00
15.025,11.453471,2025-08-25 17:00:00
12.025,14.102256,2025-08-25 17:00:00
2.6,8.591254,2025-08-25 17:00:00
14.775,13.575958,2025-08-25 18:00:00
40.3,16.77653,2025-08-25 18:00:00
46.5,24.978783,2025-08-25 18:00:00
2.6,10.88428,2025-08-25 18:00:00
11.525,13.217814,2025-08-25 18:00:00
15.725,13.3780365,2025-08-25 19:00:00
39.3,36.579548,2025-08-25 19:00:00
11.8,13.623864,2025-08-25 19:00:00
2.6,7.795466,2025-08-25 19:00:00
2.3,17.850594,2025-08-25 19:00:00
35.275,32.409405,2025-08-25 20:00:00
2.6,6.368694,2025-08-25 20:00:00
18.0,13.299218,2025-08-25 20:00:00
2.3,17.020458,2025-08-25 20:00:00
8.0,13.023123,2025-08-25 20:00:00
34.8,35.265224,2025-08-25 21:00:00
2.6,5.902333,2025-08-25 21:00:00
8.0,12.170723,2025-08-25 21:00:00
2.3,16.688604,2025-08-25 21:00:00
20.225,12.920972,2025-08-25 21:00:00
2.3,16.703953,2025-08-25 22:00:00
2.6,5.927227,2025-08-25 22:00:00
27.575,34.414097,2025-08-25 22:00:00
8.0,15.071297,2025-08-25 22:00:00
21.05,14.601054,2025-08-25 22:00:00
21.75,14.049815,2025-08-25 23:00:00
31.075000000000003,33.846684,2025-08-25 23:00:00
8.0,15.390416,2025-08-25 23:00:00
2.6,5.8484707,2025-08-25 23:00:00
18.15,14.5978775,2025-08-26 00:00:00
20.866666666666664,17.236658,2025-08-26 00:00:00
16.333333333333332,13.627778,2025-08-26 00:00:00
24.35,34.35421,2025-08-26 00:00:00
2.6,5.7283597,2025-08-26 00:00:00
17.025000000000002,14.5006485,2025-08-26 01:00:00
26.0,34.926502,2025-08-26 01:00:00
2.6,6.1482587,2025-08-26 01:00:00
18.375,12.915562,2025-08-26 01:00:00
18.525,17.28972,2025-08-26 01:00:00
2.6,6.220968,2025-08-26 02:00:00
20.866666666666664,17.586586,2025-08-26 02:00:00
33.325,33.310814,2025-08-26 02:00:00
17.0,11.761463,2025-08-26 02:00:00
17.65,13.72896,2025-08-26 02:00:00
2.6,5.5866942,2025-08-26 03:00:00
16.0,11.848224,2025-08-26 03:00:00
18.475,11.728613,2025-08-26 03:00:00
30.45,36.208572,2025-08-26 03:00:00
16.25,17.611588,2025-08-26 03:00:00
20.75,11.778243,2025-08-26 04:00:00
2.6,5.466291,2025-08-26 04:00:00
16.3,12.350801,2025-08-26 04:00:00
16.7,20.790777,2025-08-26 04:00:00
27.125,36.977753,2025-08-26 04:00:00
18.3,20.204744,2025-08-26 05:00:00
15.975,12.615592,2025-08-26 05:00:00
24.2,13.049379,2025-08-26 05:00:00
2.6,4.4455585,2025-08-26 05:00:00
19.825,34.472706,2025-08-26 05:00:00
23.675,12.630575,2025-08-26 06:00:00
17.225,31.598024,2025-08-26 06:00:00
15.15,12.570696,2025-08-26 06:00:00
18.3,19.388422,2025-08-26 06:00:00
2.6,5.9175773,2025-08-26 06:00:00
2.6,6.6455355,2025-08-26 07:00:00
13.9,33.828365,2025-08-26 07:00:00
24.45,11.674582,2025-08-26 07:00:00
14.375,13.552368,2025-08-26 07:00:00
18.3,18.923618,2025-08-26 07:00:00
18.3,16.49731,2025-08-26 08:00:00
2.6,5.5393143,2025-08-26 08:00:00
14.15,13.592657,2025-08-26 08:00:00
12.525,11.87127,2025-08-26 08:00:00
9.05,41.997074,2025-08-26 08:00:00
72.725,5.464663,2025-08-26 09:00:00
7.1,13.545127,2025-08-26 09:00:00
12.625,52.26097,2025-08-26 09:00:00
13.8,12.602052,2025-08-26 09:00:00
14.35,13.746074,2025-08-26 10:00:00
6.2,14.392688,2025-08-26 10:00:00
93.9,3.9237926,2025-08-26 10:00:00
21.775,45.16514,2025-08-26 10:00:00
93.9,4.8344083,2025-08-26 11:00:00
19.725,52.176624,2025-08-26 11:00:00
13.45,13.768828,2025-08-26 11:00:00
8.133333333333333,17.715199,2025-08-26 11:00:00
5.825,14.590899,2025-08-26 11:00:00
5.7,17.604267,2025-08-26 12:00:00
93.9,5.8951864,2025-08-26 12:00:00
26.45,46.971333,2025-08-26 12:00:00
14.075,13.684054,2025-08-26 12:00:00
6.7,12.768659,2025-08-26 12:00:00
27.525,46.049973,2025-08-26 13:00:00
13.3,17.126333,2025-08-26 13:00:00
16.85,13.18659,2025-08-26 13:00:00
93.9,5.012338,2025-08-26 13:00:00
13.825,13.235389,2025-08-26 13:00:00
13.8,12.785741,2025-08-26 14:00:00
26.075,12.854844,2025-08-26 14:00:00
11.366666666666667,16.818413,2025-08-26 14:00:00
32.325,52.02662,2025-08-26 14:00:00
13.8,11.968472,2025-08-26 15:00:00
10.55,16.494656,2025-08-26 15:00:00
30.525,11.298651,2025-08-26 15:00:00
17.0,45.887764,2025-08-26 15:00:00
13.8,12.433729,2025-08-26 16:00:00
14.875,42.15702,2025-08-26 16:00:00
19.15,12.737645,2025-08-26 16:00:00
14.633333333333336,17.27601,2025-08-26 16:00:00
19.15,12.427706,2025-08-26 17:00:00
11.5,20.412878,2025-08-26 17:00:00
20.125,40.905552,2025-08-26 17:00:00
0.75,12.690405,2025-08-26 17:00:00
9.8,12.944839,2025-08-26 18:00:00
21.4,47.01692,2025-08-26 18:00:00
8.025,20.809755,2025-08-26 18:00:00
19.15,13.746017,2025-08-26 18:00:00
4.6,13.163902,2025-08-26 19:00:00
19.15,12.559646,2025-08-26 19:00:00
22.875,37.578064,2025-08-26 19:00:00
16.825000000000003,17.363749,2025-08-26 19:00:00
27.1,41.962788,2025-08-26 20:00:00
22.7,17.587584,2025-08-26 20:00:00
4.7,13.070531,2025-08-26 20:00:00
10.9,13.131334,2025-08-26 20:00:00
11.4,13.67164,2025-08-26 21:00:00
29.15,40.847397,2025-08-26 21:00:00
22.25,18.94132,2025-08-26 21:00:00
28.46666666666667,14.70698,2025-08-26 21:00:00
28.6,17.39583,2025-08-26 22:00:00
34.1,14.530424,2025-08-26 22:00:00
10.25,12.791225,2025-08-26 22:00:00
31.925,46.8026,2025-08-26 22:00:00
59.3,15.607357,2025-08-26 23:00:00
30.5,33.237057,2025-08-26 23:00:00
9.8,12.70425,2025-08-26 23:00:00
24.225,41.04214,2025-08-27 00:00:00
66.3,14.894899,2025-08-27 00:00:00
5.675,12.228902,2025-08-27 00:00:00
22.566666666666663,19.028883,2025-08-27 00:00:00
29.1,23.81024,2025-08-27 01:00:00
5.425,11.912527,2025-08-27 01:00:00
66.3,16.70799,2025-08-27 01:00:00
21.0,42.52927,2025-08-27 01:00:00
5.85,12.242141,2025-08-27 02:00:00
26.5,41.51673,2025-08-27 02:00:00
66.3,15.245428,2025-08-27 02:00:00
29.65,18.407518,2025-08-27 02:00:00
20.5,45.45052,2025-08-27 03:00:00
5.25,11.762725,2025-08-27 03:00:00
34.025,18.770124,2025-08-27 03:00:00
66.3,14.988583,2025-08-27 03:00:00
30.15,46.335365,2025-08-27 04:00:00
2.95,12.109988,2025-08-27 04:00:00
37.95,17.52459,2025-08-27 04:00:00
41.325,17.417515,2025-08-27 05:00:00
2.95,11.50991,2025-08-27 05:00:00
30.55,42.548218,2025-08-27 05:00:00
29.3,24.749065,2025-08-27 06:00:00
2.95,12.702164,2025-08-27 06:00:00
37.35,17.66115,2025-08-27 06:00:00
29.85,19.219515,2025-08-27 07:00:00
7.3,13.420957,2025-08-27 07:00:00
0.5,14.790208,2025-08-27 07:00:00
35.875,20.092169,2025-08-27 07:00:00
10.65,13.863887,2025-08-27 08:00:00
5.4,13.8958435,2025-08-27 08:00:00
29.6,18.089846,2025-08-27 08:00:00
38.05,21.970242,2025-08-27 08:00:00
17.775,14.532036,2025-08-27 09:00:00
34.0,19.032396,2025-08-27 09:00:00
0.8333333333333334,13.748236,2025-08-27 09:00:00
28.225,19.069494,2025-08-27 10:00:00
2.6,13.550594,2025-08-27 10:00:00
20.3,13.302878,2025-08-27 10:00:00
46.35,17.459108,2025-08-27 11:00:00
2.6,17.522243,2025-08-27 11:00:00
22.325,12.712248,2025-08-27 11:00:00
2.6,13.769182,2025-08-27 11:00:00
20.75,25.986954,2025-08-27 11:00:00
2.6,13.266176,2025-08-27 12:00:00
51.35,18.282217,2025-08-27 12:00:00
2.6,17.229195,2025-08-27 12:00:00
18.725,11.942802,2025-08-27 12:00:00
20.6,27.959612,2025-08-27 12:00:00
18.1,12.520082,2025-08-27 13:00:00
2.6,13.372604,2025-08-27 13:00:00
24.5,31.189346,2025-08-27 13:00:00
2.6,24.743826,2025-08-27 13:00:00
49.65,17.120228,2025-08-27 13:00:00
51.3,16.19352,2025-08-27 14:00:00
26.125,31.662827,2025-08-27 14:00:00
19.225,13.533023,2025-08-27 14:00:00
47.0,15.102984,2025-08-27 15:00:00
23.85,30.942251,2025-08-27 15:00:00
19.475,13.168043,2025-08-27 15:00:00
48.85,14.846565,2025-08-27 16:00:00
17.475,12.507515,2025-08-27 16:00:00
23.625,21.597157,2025-08-27 16:00:00
53.925,16.14682,2025-08-27 17:00:00
15.625,11.408603,2025-08-27 17:00:00
23.075,17.43415,2025-08-27 17:00:00
54.225,18.819454,2025-08-27 18:00:00
21.25,21.276804,2025-08-27 18:00:00
13.6,9.02828,2025-08-27 18:00:00
12.975,10.589303,2025-08-27 19:00:00
26.9,22.00754,2025-08-27 19:00:00
62.225,14.460805,2025-08-27 19:00:00
57.05,16.290173,2025-08-27 20:00:00
18.875,11.680199,2025-08-27 20:00:00
29.925,23.901287,2025-08-27 20:00:00
22.375,29.407713,2025-08-27 21:00:00
24.65,12.966277,2025-08-27 21:00:00
57.2,16.677933,2025-08-27 21:00:00
25.325,27.555508,2025-08-27 22:00:00
59.45,19.408382,2025-08-27 22:00:00
25.5,11.449689,2025-08-27 22:00:00
25.725,29.037817,2025-08-27 23:00:00
21.766666666666666,12.1127825,2025-08-27 23:00:00
63.025,17.940382,2025-08-27 23:00:00
34.7,22.791565,2025-08-28 00:00:00
29.55,27.299044,2025-08-28 00:00:00
13.35,10.8324,2025-08-28 00:00:00
35.5,26.048134,2025-08-28 01:00:00
13.35,11.438823,2025-08-28 01:00:00
25.175,26.130793,2025-08-28 01:00:00
13.35,10.551348,2025-08-28 02:00:00
37.5,21.275438,2025-08-28 02:00:00
40.825,24.16131,2025-08-28 02:00:00
13.35,9.930962,2025-08-28 03:00:00
47.15,21.875166,2025-08-28 03:00:00
32.675,24.760685,2025-08-28 03:00:00
12.066666666666668,10.609245,2025-08-28 04:00:00
33.25,22.857355,2025-08-28 04:00:00
46.975,23.467695,2025-08-28 04:00:00
49.9,25.15433,2025-08-28 05:00:00
13.95,10.571919,2025-08-28 05:00:00
36.95,20.517244,2025-08-28 05:00:00
14.125,10.479539,2025-08-28 06:00:00
33.375,22.065641,2025-08-28 06:00:00
48.25,22.636683,2025-08-28 06:00:00
14.35,12.498276,2025-08-28 07:00:00
47.125,24.741209,2025-08-28 07:00:00
24.25,23.110752,2025-08-28 07:00:00
8.0,10.079553,2025-08-28 08:00:00
53.5,26.5568,2025-08-28 08:00:00
28.05,21.331478,2025-08-28 08:00:00
30.75,24.98289,2025-08-28 09:00:00
5.725,11.711505,2025-08-28 09:00:00
57.425,23.121395,2025-08-28 09:00:00
59.05,27.21941,2025-08-28 10:00:00
30.625,23.356646,2025-08-28 10:00:00
6.975,12.27747,2025-08-28 10:00:00
9.025,12.3905945,2025-08-28 11:00:00
31.225,20.36022,2025-08-28 11:00:00
4.55,17.804516,2025-08-28 11:00:00
66.1,20.330786,2025-08-28 11:00:00
17.7,10.053064,2025-08-28 12:00:00
4.3,13.869479,2025-08-28 12:00:00
53.650000000000006,21.319553,2025-08-28 12:00:00
30.53333333333333,20.962425,2025-08-28 12:00:00
35.233333333333334,21.236992,2025-08-28 13:00:00
4.275,6.8964143,2025-08-28 13:00:00
53.650000000000006,20.597359,2025-08-28 13:00:00
21.3,10.88834,2025-08-28 13:00:00
21.15,15.329373,2025-08-28 14:00:00
3.725,6.715803,2025-08-28 14:00:00
53.650000000000006,28.087566,2025-08-28 14:00:00
37.1,22.951988,2025-08-28 14:00:00
34.550000000000004,20.832489,2025-08-28 15:00:00
53.650000000000006,25.30312,2025-08-28 15:00:00
2.775,3.5352478,2025-08-28 15:00:00
22.53333333333333,15.592295,2025-08-28 15:00:00
3.75,3.7763553,2025-08-28 16:00:00
22.53333333333333,13.176655,2025-08-28 16:00:00
37.4,20.918873,2025-08-28 16:00:00
9.0,12.8800125,2025-08-28 17:00:00
27.766666666666666,22.055258,2025-08-28 17:00:00
4.175,4.3142095,2025-08-28 17:00:00
33.5,15.837419,2025-08-28 18:00:00
27.766666666666666,21.072374,2025-08-28 18:00:00
7.65,12.181438,2025-08-28 18:00:00
3.85,4.2032533,2025-08-28 18:00:00
45.3,15.08957,2025-08-28 19:00:00
2.5,7.339581,2025-08-28 19:00:00
33.35,22.684454,2025-08-28 19:00:00
6.925,11.572805,2025-08-28 19:00:00
2.45,7.1744447,2025-08-28 20:00:00
33.35,26.0863,2025-08-28 20:00:00
14.1,13.172421,2025-08-28 20:00:00
32.8,18.364286,2025-08-28 20:00:00
33.35,27.232658,2025-08-28 21:00:00
29.775,11.863412,2025-08-28 21:00:00
2.575,6.6670294,2025-08-28 21:00:00
17.35,13.237714,2025-08-28 21:00:00
17.275,13.88478,2025-08-28 22:00:00
33.35,25.234262,2025-08-28 22:00:00
1.975,5.7644157,2025-08-28 22:00:00
31.3,19.990808,2025-08-28 22:00:00
17.166666666666668,12.466404,2025-08-28 23:00:00
31.3,29.285002,2025-08-28 23:00:00
2.35,6.386344,2025-08-28 23:00:00
15.55,11.783326,2025-08-29 00:00:00
6.3,5.157445,2025-08-29 00:00:00
8.0,32.109722,2025-08-29 00:00:00
8.0,2.8670282,2025-08-29 01:00:00
4.4,37.255863,2025-08-29 01:00:00
14.525,12.357677,2025-08-29 01:00:00
10.9,41.873947,2025-08-29 02:00:00
14.4,12.607492,2025-08-29 02:00:00
8.4,4.0837193,2025-08-29 02:00:00
14.225,13.089537,2025-08-29 03:00:00
15.7,34.005272,2025-08-29 03:00:00
6.55,3.263812,2025-08-29 03:00:00
17.55,12.17769,2025-08-29 04:00:00
29.0,43.838783,2025-08-29 04:00:00
19.1,12.236255,2025-08-29 05:00:00
24.475,48.31695,2025-08-29 05:00:00
19.075000000000003,11.671659,2025-08-29 06:00:00
32.724999999999994,47.600933,2025-08-29 06:00:00
19.25,11.498899,2025-08-29 07:00:00
33.85,44.39792,2025-08-29 07:00:00
41.425,44.24528,2025-08-29 08:00:00
17.35,13.161802,2025-08-29 08:00:00
31.6,26.314846,2025-08-29 08:00:00
50.625,38.987507,2025-08-29 09:00:00
31.6,26.258999,2025-08-29 09:00:00
16.475,11.964737,2025-08-29 09:00:00
16.45,11.739511,2025-08-29 10:00:00
58.775000000000006,44.64422,2025-08-29 10:00:00
28.7,24.646017,2025-08-29 10:00:00
6.95,7.0866847,2025-08-29 11:00:00
16.6,11.947977,2025-08-29 11:00:00
62.8,41.85997,2025-08-29 11:00:00
23.975,22.615032,2025-08-29 11:00:00
19.875,14.305703,2025-08-29 12:00:00
4.625,7.3261547,2025-08-29 12:00:00
52.03333333333334,44.684147,2025-08-29 12:00:00
23.875,26.155844,2025-08-29 12:00:00
21.5,15.337124,2025-08-29 13:00:00
4.025,5.3914585,2025-08-29 13:00:00
24.075,23.026897,2025-08-29 13:00:00
52.03333333333334,38.39229,2025-08-29 13:00:00
4.125,4.6936316,2025-08-29 14:00:00
25.675,26.026209,2025-08-29 14:00:00
21.5,13.245722,2025-08-29 14:00:00
52.03333333333334,38.949223,2025-08-29 14:00:00
4.95,3.580934,2025-08-29 15:00:00
25.875,23.54397,2025-08-29 15:00:00
52.03333333333334,42.46022,2025-08-29 15:00:00
22.65,12.290026,2025-08-29 15:00:00
15.25,12.434776,2025-08-29 16:00:00
23.2,21.379807,2025-08-29 16:00:00
5.575,3.4794493,2025-08-29 16:00:00
9.65,11.640851,2025-08-29 17:00:00
22.075,21.161488,2025-08-29 17:00:00
3.8,5.0466905,2025-08-29 17:00:00
4.475,5.2190466,2025-08-29 18:00:00
22.65,20.539337,2025-08-29 18:00:00
9.45,12.00765,2025-08-29 18:00:00
3.2,48.045994,2025-08-29 18:00:00
9.325,14.598037,2025-08-29 19:00:00
62.2,34.266144,2025-08-29 19:00:00
4.45,5.619706,2025-08-29 19:00:00
19.25,20.112123,2025-08-29 19:00:00
1.5,44.12491,2025-08-29 20:00:00
22.675,22.278635,2025-08-29 20:00:00
3.875,5.5155573,2025-08-29 20:00:00
13.7,14.106972,2025-08-29 20:00:00
1.225,38.89905,2025-08-29 21:00:00
3.825,5.4647355,2025-08-29 21:00:00
15.925,14.473407,2025-08-29 21:00:00
21.875,18.961615,2025-08-29 21:00:00
24.325,24.97265,2025-08-29 22:00:00
16.1,16.75085,2025-08-29 22:00:00
1.5,36.53395,2025-08-29 22:00:00
4.3,5.920097,2025-08-29 22:00:00
3.475,5.6583314,2025-08-29 23:00:00
1.5,43.227913,2025-08-29 23:00:00
16.533333333333335,14.490649,2025-08-29 23:00:00
21.4,13.217276,2025-08-29 23:00:00
9.766666666666667,4.965087,2025-08-30 00:00:00
14.725,13.264462,2025-08-30 00:00:00
1.3,41.660946,2025-08-30 00:00:00
4.3,9.971607,2025-08-30 00:00:00
0.975,26.422743,2025-08-30 01:00:00
13.525,13.068817,2025-08-30 01:00:00
10.025,5.9820566,2025-08-30 01:00:00
1.7,8.955255,2025-08-30 01:00:00
3.1,11.640238,2025-08-30 02:00:00
9.9,6.874879,2025-08-30 02:00:00
0.9,23.749054,2025-08-30 02:00:00
13.3,13.436747,2025-08-30 02:00:00
0.525,18.683323,2025-08-30 03:00:00
3.6,9.830198,2025-08-30 03:00:00
9.55,7.1423044,2025-08-30 03:00:00
13.225,14.005406,2025-08-30 03:00:00
0.3,28.57986,2025-08-30 04:00:00
8.175,6.5506754,2025-08-30 04:00:00
15.025,13.15259,2025-08-30 04:00:00
1.95,11.224243,2025-08-30 04:00:00
1.95,9.578358,2025-08-30 05:00:00
0.375,33.429485,2025-08-30 05:00:00
15.875,14.209153,2025-08-30 05:00:00
7.65,7.2193384,2025-08-30 05:00:00
7.7,4.9977393,2025-08-30 06:00:00
1.0499999999999998,35.41503,2025-08-30 06:00:00
2.4,9.705929,2025-08-30 06:00:00
15.75,13.846363,2025-08-30 06:00:00
15.55,13.204625,2025-08-30 07:00:00
8.55,6.067049,2025-08-30 07:00:00
1.5,30.599773,2025-08-30 07:00:00
0.8,8.375287,2025-08-30 07:00:00
9.9,6.140844,2025-08-30 08:00:00
23.025,13.461678,2025-08-30 08:00:00
0.8,8.064372,2025-08-30 08:00:00
26.05,34.73963,2025-08-30 08:00:00
1.5,38.588314,2025-08-30 08:00:00
34.75,33.796936,2025-08-30 09:00:00
9.4,5.900968,2025-08-30 09:00:00
0.8,7.3201942,2025-08-30 09:00:00
1.5,48.685658,2025-08-30 09:00:00
27.05,13.572367,2025-08-30 09:00:00
8.35,6.148032,2025-08-30 10:00:00
27.2,13.405738,2025-08-30 10:00:00
1.5,46.205975,2025-08-30 10:00:00
1.0,7.0389605,2025-08-30 10:00:00
33.150000000000006,35.031944,2025-08-30 10:00:00
6.575,6.750856,2025-08-30 11:00:00
1.0,8.227243,2025-08-30 11:00:00
32.175000000000004,28.959232,2025-08-30 11:00:00
27.05,13.147727,2025-08-30 11:00:00
1.0,10.342464,2025-08-30 12:00:00
7.375,6.592303,2025-08-30 12:00:00
22.025,13.722163,2025-08-30 12:00:00
31.375,24.835484,2025-08-30 12:00:00
19.7,12.956902,2025-08-30 13:00:00
32.725,19.398447,2025-08-30 13:00:00
7.425,6.015488,2025-08-30 13:00:00
0.4,10.270267,2025-08-30 13:00:00
7.5,32.595627,2025-08-30 14:00:00
0.1,14.933575,2025-08-30 14:00:00
7.699999999999999,4.849986,2025-08-30 14:00:00
19.325,13.422236,2025-08-30 14:00:00
39.2,23.125765,2025-08-30 14:00:00
8.733333333333333,30.997097,2025-08-30 15:00:00
40.2,25.91988,2025-08-30 15:00:00
0.8666666666666667,14.906312,2025-08-30 15:00:00
19.05,14.151247,2025-08-30 15:00:00
7.75,5.0627685,2025-08-30 15:00:00
34.8,25.340666,2025-08-30 16:00:00
0.3,15.509317,2025-08-30 16:00:00
8.55,5.5343413,2025-08-30 16:00:00
19.375,12.220279,2025-08-30 16:00:00
19.6,12.2474,2025-08-30 17:00:00
7.55,5.7602057,2025-08-30 17:00:00
0.625,13.676327,2025-08-30 17:00:00
29.875,24.893633,2025-08-30 17:00:00
0.75,13.565689,2025-08-30 18:00:00
10.45,26.9752,2025-08-30 18:00:00
27.175,27.506834,2025-08-30 18:00:00
19.35,11.448638,2025-08-30 18:00:00
7.05,5.3050013,2025-08-30 18:00:00
0.8999999999999999,13.58257,2025-08-30 19:00:00
34.575,30.710678,2025-08-30 19:00:00
6.475,5.002965,2025-08-30 19:00:00
19.525,11.620846,2025-08-30 19:00:00
9.725,38.71398,2025-08-30 19:00:00
6.525,5.110031,2025-08-30 20:00:00
0.8999999999999999,15.031324,2025-08-30 20:00:00
32.325,18.731867,2025-08-30 20:00:00
8.225,34.55255,2025-08-30 20:00:00
7.175000000000001,12.681203,2025-08-30 20:00:00
1.025,13.383099,2025-08-30 21:00:00
8.25,33.403645,2025-08-30 21:00:00
31.575,19.7213,2025-08-30 21:00:00
0.8999999999999999,16.369408,2025-08-30 21:00:00
6.95,4.224501,2025-08-30 21:00:00
9.0,27.609932,2025-08-30 22:00:00
1.275,13.876181,2025-08-30 22:00:00
6.3,4.6114798,2025-08-30 22:00:00
3.2,15.835178,2025-08-30 22:00:00
36.025,21.041885,2025-08-30 22:00:00
8.575,30.385294,2025-08-30 23:00:00
1.3666666666666665,13.572118,2025-08-30 23:00:00
5.7250000000000005,4.7532706,2025-08-30 23:00:00
32.675,18.278349,2025-08-30 23:00:00
6.0,15.301345,2025-08-30 23:00:00
4.133333333333334,16.53451,2025-08-31 00:00:00
2.566666666666667,17.396896,2025-08-31 00:00:00
15.525,13.245808,2025-08-31 00:00:00
7.633333333333333,7.639607,2025-08-31 00:00:00
29.7,22.261005,2025-08-31 00:00:00
27.125,23.600918,2025-08-31 01:00:00
7.75,7.5761585,2025-08-31 01:00:00
22.65,12.828443,2025-08-31 01:00:00
2.3,12.621708,2025-08-31 01:00:00
1.575,16.241066,2025-08-31 01:00:00
7.6,8.979511,2025-08-31 02:00:00
23.775,25.785091,2025-08-31 02:00:00
1.3,15.693908,2025-08-31 02:00:00
2.15,12.545981,2025-08-31 02:00:00
22.675,12.107106,2025-08-31 02:00:00
22.5,12.545188,2025-08-31 03:00:00
5.25,11.779504,2025-08-31 03:00:00
8.766666666666667,8.273193,2025-08-31 03:00:00
1.55,14.736827,2025-08-31 03:00:00
26.55,26.726107,2025-08-31 03:00:00
18.2,11.9572525,2025-08-31 04:00:00
8.600000000000001,6.7783866,2025-08-31 04:00:00
26.6,29.186483,2025-08-31 04:00:00
0.95,23.962004,2025-08-31 04:00:00
3.925,11.124399,2025-08-31 04:00:00
8.45,6.9967504,2025-08-31 05:00:00
2.725,10.175055,2025-08-31 05:00:00
0.475,24.331636,2025-08-31 05:00:00
27.2,41.25627,2025-08-31 05:00:00
16.475,13.020855,2025-08-31 05:00:00
8.850000000000001,6.7782173,2025-08-31 06:00:00
16.525,13.666744,2025-08-31 06:00:00
1.5,23.769764,2025-08-31 06:00:00
27.825000000000003,39.29469,2025-08-31 06:00:00
3.75,9.574815,2025-08-31 06:00:00
2.275,9.393699,2025-08-31 07:00:00
16.625,12.882544,2025-08-31 07:00:00
8.975,7.1094656,2025-08-31 07:00:00
0.6666666666666666,20.987377,2025-08-31 07:00:00
30.4,38.794697,2025-08-31 07:00:00
14.4,12.807339,2025-08-31 08:00:00
0.6666666666666666,23.395327,2025-08-31 08:00:00
32.55,32.69495,2025-08-31 08:00:00
10.225,7.1867857,2025-08-31 08:00:00
1.95,9.383956,2025-08-31 08:00:00
0.6666666666666666,22.334152,2025-08-31 09:00:00
3.0,9.595081,2025-08-31 09:00:00
13.25,14.342683,2025-08-31 09:00:00
9.55,8.084491,2025-08-31 09:00:00
30.275,30.492796,2025-08-31 09:00:00
10.275,7.3362646,2025-08-31 10:00:00
25.125,33.374866,2025-08-31 10:00:00
13.25,18.873589,2025-08-31 10:00:00
2.3,8.323167,2025-08-31 10:00:00
0.6666666666666666,23.490479,2025-08-31 10:00:00
29.2,28.993605,2025-08-31 11:00:00
13.525,16.438038,2025-08-31 11:00:00
9.45,6.8897634,2025-08-31 11:00:00
3.95,11.258474,2025-08-31 11:00:00
8.075,6.5030875,2025-08-31 12:00:00
4.625,10.846142,2025-08-31 12:00:00
30.175,29.919155,2025-08-31 12:00:00
16.0,17.245062,2025-08-31 12:00:00
8.05,6.8596125,2025-08-31 13:00:00
30.45,29.768766,2025-08-31 13:00:00
3.2,9.540528,2025-08-31 13:00:00
16.95,13.870526,2025-08-31 13:00:00
3.2,15.498413,2025-08-31 14:00:00
8.2,7.420532,2025-08-31 14:00:00
16.575,13.002894,2025-08-31 14:00:00
31.225,31.906458,2025-08-31 14:00:00
2.75,10.973111,2025-08-31 14:00:00
16.725,12.9074745,2025-08-31 15:00:00
7.525,6.6831536,2025-08-31 15:00:00
3.75,14.251267,2025-08-31 15:00:00
3.2,11.210689,2025-08-31 15:00:00
24.4,37.912724,2025-08-31 15:00:00
3.75,11.741921,2025-08-31 16:00:00
21.575,14.980097,2025-08-31 16:00:00
8.475,7.2232165,2025-08-31 16:00:00
3.2,8.497539,2025-08-31 16:00:00
19.8,33.495453,2025-08-31 16:00:00
7.45,7.26176,2025-08-31 17:00:00
24.225,15.023343,2025-08-31 17:00:00
23.425,40.78725,2025-08-31 17:00:00
3.8333333333333335,12.982731,2025-08-31 17:00:00
2.1333333333333333,13.027178,2025-08-31 18:00:00
22.55,33.53365,2025-08-31 18:00:00
24.725,14.726827,2025-08-31 18:00:00
8.1,6.709676,2025-08-31 18:00:00
8.225,6.334844,2025-08-31 19:00:00
1.9,15.553812,2025-08-31 19:00:00
19.825000000000003,31.217691,2025-08-31 19:00:00
25.65,15.122991,2025-08-31 19:00:00
22.825,26.488724,2025-08-31 20:00:00
7.975,6.7821016,2025-08-31 20:00:00
21.525,13.352452,2025-08-31 20:00:00
1.65,9.939943,2025-08-31 20:00:00
1.35,8.715085,2025-08-31 21:00:00
19.6,11.52008,2025-08-31 21:00:00
7.35,6.9348016,2025-08-31 21:00:00
23.35,28.507088,2025-08-31 21:00:00
1.6,9.804548,2025-08-31 22:00:00
19.6,12.211035,2025-08-31 22:00:00
6.8,6.925891,2025-08-31 22:00:00
22.775,27.712196,2025-08-31 22:00:00
19.96666666666667,12.698572,2025-08-31 23:00:00
6.5,11.26194,2025-08-31 23:00:00
1.15,11.135171,2025-08-31 23:00:00
6.4,6.7993283,2025-08-31 23:00:00
22.3,48.811665,2025-08-31 23:00:00
6.1,7.346383,2025-09-01 00:00:00
17.125,13.666884,2025-09-01 00:00:00
7.399999999999999,7.386179,2025-09-01 00:00:00
29.875,57.427036,2025-09-01 00:00:00
1.225,12.634144,2025-09-01 00:00:00
29.475,50.878246,2025-09-01 01:00:00
7.075,7.714572,2025-09-01 01:00:00
6.1,8.320144,2025-09-01 01:00:00
1.875,15.734864,2025-09-01 01:00:00
15.125,13.777545,2025-09-01 01:00:00
6.1,8.413559,2025-09-01 02:00:00
36.9,49.27189,2025-09-01 02:00:00
14.5,14.329771,2025-09-01 02:00:00
6.5,7.3730154,2025-09-01 02:00:00
1.4,10.150376,2025-09-01 02:00:00
31.950000000000003,50.378807,2025-09-01 03:00:00
6.1,8.860129,2025-09-01 03:00:00
2.15,11.699939,2025-09-01 03:00:00
14.1,14.276014,2025-09-01 03:00:00
7.15,7.13892,2025-09-01 03:00:00
1.975,12.111899,2025-09-01 04:00:00
17.85,14.024478,2025-09-01 04:00:00
30.525,48.633636,2025-09-01 04:00:00
6.3,6.9708056,2025-09-01 04:00:00
20.1,13.501528,2025-09-01 05:00:00
31.925,45.360565,2025-09-01 05:00:00
6.2,7.445079,2025-09-01 05:00:00
2.35,11.064691,2025-09-01 05:00:00
6.525,7.0399065,2025-09-01 06:00:00
30.725,48.957775,2025-09-01 06:00:00
2.8,12.380275,2025-09-01 06:00:00
19.825,13.285279,2025-09-01 06:00:00
31.55,46.949436,2025-09-01 07:00:00
6.325,7.1383142,2025-09-01 07:00:00
2.475,11.40865,2025-09-01 07:00:00
19.6,12.958154,2025-09-01 07:00:00
2.5,13.680886,2025-09-01 08:00:00
18.325000000000003,13.707683,2025-09-01 08:00:00
7.925,8.233782,2025-09-01 08:00:00
29.35,44.452015,2025-09-01 08:00:00
5.45,8.227255,2025-09-01 09:00:00
2.575,10.543126,2025-09-01 09:00:00
17.85,13.895762,2025-09-01 09:00:00
29.175,50.950504,2025-09-01 09:00:00
44.775000000000006,50.31054,2025-09-01 10:00:00
18.325,12.973051,2025-09-01 10:00:00
2.725,10.11722,2025-09-01 10:00:00
5.875,8.227827,2025-09-01 10:00:00
18.6,13.268008,2025-09-01 11:00:00
2.85,12.602351,2025-09-01 11:00:00
37.175,52.199165,2025-09-01 11:00:00
6.825,8.434072,2025-09-01 11:00:00
5.925,8.878048,2025-09-01 12:00:00
27.925,49.76262,2025-09-01 12:00:00
16.2,12.975582,2025-09-01 12:00:00
2.0,11.769112,2025-09-01 12:00:00
28.1,53.30224,2025-09-01 13:00:00
4.4,7.708508,2025-09-01 13:00:00
15.15,12.641178,2025-09-01 13:00:00
5.6,8.69458,2025-09-01 13:00:00
1.8,11.956912,2025-09-01 13:00:00
15.125,12.506737,2025-09-01 14:00:00
1.15,10.6350565,2025-09-01 14:00:00
5.0,7.2766395,2025-09-01 14:00:00
28.1,42.106586,2025-09-01 14:00:00
8.575,7.0288973,2025-09-01 14:00:00
28.1,42.84212,2025-09-01 15:00:00
7.3,7.564971,2025-09-01 15:00:00
15.3,12.180468,2025-09-01 15:00:00
0.975,10.47071,2025-09-01 15:00:00
6.175,8.02655,2025-09-01 15:00:00
18.8,11.435828,2025-09-01 16:00:00
1.0,9.262034,2025-09-01 16:00:00
28.1,36.40542,2025-09-01 16:00:00
7.4,8.007322,2025-09-01 16:00:00
7.3,7.2202115,2025-09-01 16:00:00
0.725,9.624643,2025-09-01 17:00:00
20.75,11.553109,2025-09-01 17:00:00
6.05,7.823787,2025-09-01 17:00:00
21.075,15.268772,2025-09-01 18:00:00
0.7000000000000001,9.7813,2025-09-01 18:00:00
7.025,7.1520643,2025-09-01 18:00:00
20.975,15.067401,2025-09-01 19:00:00
0.475,10.032904,2025-09-01 19:00:00
7.2,7.51071,2025-09-01 19:00:00
5.7,7.7533426,2025-09-01 20:00:00
19.35,15.397863,2025-09-01 20:00:00
0.7333333333333334,13.829761,2025-09-01 20:00:00
0.3,14.048574,2025-09-01 21:00:00
18.125,13.56643,2025-09-01 21:00:00
5.375,7.565261,2025-09-01 21:00:00
0.15,14.486879,2025-09-01 22:00:00
18.025,13.793943,2025-09-01 22:00:00
5.65,7.9483657,2025-09-01 22:00:00
17.96666666666667,13.612932,2025-09-01 23:00:00
0.1,13.535932,2025-09-01 23:00:00
5.975,14.396832,2025-09-01 23:00:00
5.125,7.683821,2025-09-01 23:00:00
8.299999999999999,7.7506504,2025-09-02 00:00:00
16.125,17.364819,2025-09-02 00:00:00
7.85,9.650542,2025-09-02 00:00:00
1.4333333333333331,14.966334,2025-09-02 00:00:00
9.25,9.92231,2025-09-02 01:00:00
8.325,7.911754,2025-09-02 01:00:00
2.35,9.378104,2025-09-02 01:00:00
15.125,15.116342,2025-09-02 01:00:00
1.9,10.045352,2025-09-02 02:00:00
10.2,8.027983,2025-09-02 02:00:00
15.025,13.531601,2025-09-02 02:00:00
8.9,7.8991604,2025-09-02 02:00:00
9.65,7.675512,2025-09-02 03:00:00
2.45,9.665162,2025-09-02 03:00:00
14.95,11.332253,2025-09-02 03:00:00
12.95,6.808206,2025-09-02 03:00:00
8.3,6.95796,2025-09-02 04:00:00
13.6,11.992355,2025-09-02 04:00:00
2.175,9.744746,2025-09-02 04:00:00
12.675,13.464434,2025-09-02 05:00:00
2.2,14.392285,2025-09-02 05:00:00
7.175000000000001,6.5023236,2025-09-02 05:00:00
8.025,5.8259306,2025-09-02 06:00:00
1.825,14.704298,2025-09-02 06:00:00
12.85,15.767194,2025-09-02 06:00:00
12.8,15.115828,2025-09-02 07:00:00
6.75,5.7486086,2025-09-02 07:00:00
1.625,14.678683,2025-09-02 07:00:00
1.65,14.629546,2025-09-02 08:00:00
16.35,14.850283,2025-09-02 08:00:00
8.100000000000001,11.353055,2025-09-02 08:00:00
8.1,16.008322,2025-09-02 09:00:00
1.75,9.883406,2025-09-02 09:00:00
18.3,18.975946,2025-09-02 09:00:00
18.575,18.92458,2025-09-02 10:00:00
8.125,7.750539,2025-09-02 10:00:00
1.75,8.247235,2025-09-02 10:00:00
18.625,19.672665,2025-09-02 11:00:00
8.575,10.525161,2025-09-02 11:00:00
2.075,8.870411,2025-09-02 11:00:00
2.125,8.889706,2025-09-02 12:00:00
13.675,18.909542,2025-09-02 12:00:00
7.7,7.772896,2025-09-02 12:00:00
9.05,6.9076085,2025-09-02 13:00:00
7.2,6.973321,2025-09-02 13:00:00
2.4,9.105906,2025-09-02 13:00:00
10.825,18.59236,2025-09-02 13:00:00
1.875,7.6727114,2025-09-02 14:00:00
10.85,18.699389,2025-09-02 14:00:00
6.925,7.4153843,2025-09-02 14:00:00
8.875,8.389872,2025-09-02 14:00:00
6.875,7.2627945,2025-09-02 15:00:00
1.975,9.114247,2025-09-02 15:00:00
8.925,7.8427863,2025-09-02 15:00:00
11.175,17.423058,2025-09-02 15:00:00
9.4,8.64515,2025-09-02 16:00:00
2.225,9.035728,2025-09-02 16:00:00
7.35,7.209127,2025-09-02 16:00:00
20.575,15.880998,2025-09-02 16:00:00
10.725,7.74426,2025-09-02 17:00:00
1.7999999999999998,8.534318,2025-09-02 17:00:00
25.425,15.298467,2025-09-02 17:00:00
6.05,7.212953,2025-09-02 17:00:00
26.6,14.4212675,2025-09-02 18:00:00
6.2,6.9795637,2025-09-02 18:00:00
12.55,10.100038,2025-09-02 18:00:00
1.375,8.767252,2025-09-02 18:00:00
14.3,9.871952,2025-09-02 19:00:00
3.8,7.774648,2025-09-02 19:00:00
1.8,8.318213,2025-09-02 19:00:00
27.0,15.760972,2025-09-02 19:00:00
5.1,13.050791,2025-09-02 20:00:00
1.275,9.197238,2025-09-02 20:00:00
14.3,8.352886,2025-09-02 20:00:00
25.1,12.348695,2025-09-02 20:00:00
13.875,8.556901,2025-09-02 21:00:00
5.05,7.5322194,2025-09-02 21:00:00
1.1,9.244267,2025-09-02 21:00:00
24.525,13.405526,2025-09-02 21:00:00
4.625,7.2233005,2025-09-02 22:00:00
1.225,8.420874,2025-09-02 22:00:00
14.675,8.691796,2025-09-02 22:00:00
24.0,13.102773,2025-09-02 22:00:00
23.53333333333333,12.389188,2025-09-02 23:00:00
1.25,7.9117765,2025-09-02 23:00:00
13.5,8.838202,2025-09-02 23:00:00
4.275,6.7483826,2025-09-02 23:00:00
25.95,13.727641,2025-09-03 00:00:00
2.966666666666667,7.1416273,2025-09-03 00:00:00
8.15,9.482987,2025-09-03 00:00:00
0.55,9.159475,2025-09-03 00:00:00
4.75,8.321842,2025-09-03 01:00:00
27.275,13.6595745,2025-09-03 01:00:00
9.0,9.448189,2025-09-03 01:00:00
0.275,10.081106,2025-09-03 01:00:00
9.25,10.271505,2025-09-03 02:00:00
0.3,8.6451,2025-09-03 02:00:00
26.95,11.688547,2025-09-03 02:00:00
4.75,7.5551195,2025-09-03 02:00:00
9.3,12.114942,2025-09-03 03:00:00
0.575,9.246193,2025-09-03 03:00:00
26.75,10.925223,2025-09-03 03:00:00
4.050000000000001,6.577435,2025-09-03 03:00:00
4.225,6.416699,2025-09-03 04:00:00
18.85,9.923279,2025-09-03 04:00:00
6.775,11.393745,2025-09-03 04:00:00
0.25,8.609519,2025-09-03 04:00:00
5.675,11.344145,2025-09-03 05:00:00
0.3666666666666667,8.831465,2025-09-03 05:00:00
3.75,8.552137,2025-09-03 05:00:00
14.75,10.760532,2025-09-03 05:00:00
0.55,9.489779,2025-09-03 06:00:00
4.4,6.5822196,2025-09-03 06:00:00
14.95,11.021811,2025-09-03 06:00:00
7.2,10.737204,2025-09-03 06:00:00
15.05,15.17654,2025-09-03 07:00:00
0.75,10.563623,2025-09-03 07:00:00
3.9,7.9012775,2025-09-03 07:00:00
11.025,11.860801,2025-09-03 07:00:00
16.55,13.477852,2025-09-03 08:00:00
11.3,12.5318575,2025-09-03 08:00:00
0.45,11.395981,2025-09-03 08:00:00
3.5666666666666664,7.2245955,2025-09-03 08:00:00
4.699999999999999,8.000945,2025-09-03 09:00:00
10.25,10.99781,2025-09-03 09:00:00
17.075000000000003,13.201886,2025-09-03 09:00:00
0.35,10.598682,2025-09-03 09:00:00
0.35,7.2457657,2025-09-03 10:00:00
10.25,11.1719055,2025-09-03 10:00:00
17.15,13.827375,2025-09-03 10:00:00
3.8,7.363749,2025-09-03 10:00:00
3.5666666666666664,8.272544,2025-09-03 11:00:00
6.625,6.9790077,2025-09-03 11:00:00
10.25,9.875877,2025-09-03 11:00:00
17.225,12.4752865,2025-09-03 11:00:00
15.425,11.262144,2025-09-03 12:00:00
7.725,8.2895975,2025-09-03 12:00:00
7.825,7.2935786,2025-09-03 12:00:00
5.5,11.2590685,2025-09-03 12:00:00
13.95,10.63302,2025-09-03 13:00:00
0.8,6.6579504,2025-09-03 13:00:00
5.0,10.584572,2025-09-03 13:00:00
7.95,7.8132977,2025-09-03 13:00:00
0.8,6.5122147,2025-09-03 14:00:00
3.7,10.283186,2025-09-03 14:00:00
8.25,6.839691,2025-09-03 14:00:00
13.85,10.936142,2025-09-03 14:00:00
1.7666666666666666,6.535497,2025-09-03 15:00:00
8.6,7.506377,2025-09-03 15:00:00
4.975,11.4748535,2025-09-03 15:00:00
13.95,11.115302,2025-09-03 15:00:00
6.4,10.893943,2025-09-03 16:00:00
12.5,11.405945,2025-09-03 16:00:00
7.775,7.46671,2025-09-03 16:00:00
8.225000000000001,6.662897,2025-09-03 16:00:00
7.725,7.457848,2025-09-03 17:00:00
9.9,7.494549,2025-09-03 17:00:00
6.95,11.17727,2025-09-03 17:00:00
11.55,11.70943,2025-09-03 17:00:00
8.25,8.014575,2025-09-03 18:00:00
11.35,13.728604,2025-09-03 18:00:00
6.225,12.797789,2025-09-03 18:00:00
8.025,8.382437,2025-09-03 18:00:00
7.625,7.460862,2025-09-03 19:00:00
11.375,13.724281,2025-09-03 19:00:00
7.0,13.346142,2025-09-03 19:00:00
9.975,6.658,2025-09-03 19:00:00
9.625,7.448185,2025-09-03 20:00:00
7.825,7.489101,2025-09-03 20:00:00
19.75,14.094371,2025-09-03 20:00:00
8.225,13.338573,2025-09-03 20:00:00
6.875,8.744256,2025-09-03 21:00:00
7.45,6.266745,2025-09-03 21:00:00
9.375,12.915991,2025-09-03 21:00:00
23.725,14.399343,2025-09-03 21:00:00
7.425,6.4646087,2025-09-03 22:00:00
23.6,13.721884,2025-09-03 22:00:00
7.1,9.602158,2025-09-03 22:00:00
9.375,14.016733,2025-09-03 22:00:00
7.625,6.592034,2025-09-03 23:00:00
23.5,15.395562,2025-09-03 23:00:00
6.85,7.506545,2025-09-03 23:00:00
9.375,14.002052,2025-09-03 23:00:00
7.2,6.5969543,2025-09-04 00:00:00
6.866666666666667,10.899379,2025-09-04 00:00:00
15.1,18.690714,2025-09-04 00:00:00
9.375,14.187362,2025-09-04 00:00:00
6.375,9.550831,2025-09-04 01:00:00
10.625,18.559595,2025-09-04 01:00:00
8.85,6.071775,2025-09-04 01:00:00
9.6,6.1609893,2025-09-04 02:00:00
5.5,10.274284,2025-09-04 02:00:00
10.525,19.43042,2025-09-04 02:00:00
10.375,19.438892,2025-09-04 03:00:00
75.275,13.88379,2025-09-04 03:00:00
6.725,10.344822,2025-09-04 03:00:00
9.0,6.9998837,2025-09-04 03:00:00
21.9,19.226664,2025-09-04 04:00:00
8.225000000000001,6.1707616,2025-09-04 04:00:00
75.275,12.274776,2025-09-04 04:00:00
6.9,9.866655,2025-09-04 04:00:00
75.275,12.084577,2025-09-04 05:00:00
6.9,9.743375,2025-09-04 05:00:00
27.725,15.155806,2025-09-04 05:00:00
6.35,6.0909295,2025-09-04 05:00:00
7.0,6.0534196,2025-09-04 06:00:00
7.45,10.832593,2025-09-04 06:00:00
27.7,15.1973295,2025-09-04 06:00:00
75.275,11.844501,2025-09-04 06:00:00
6.35,6.245967,2025-09-04 07:00:00
27.725,16.033373,2025-09-04 07:00:00
7.225,9.640977,2025-09-04 07:00:00
20.35,16.15932,2025-09-04 08:00:00
6.4,8.883241,2025-09-04 08:00:00
7.55,10.035876,2025-09-04 08:00:00
7.25,8.599151,2025-09-04 09:00:00
7.8,5.937336,2025-09-04 09:00:00
16.85,16.489414,2025-09-04 09:00:00
7.35,6.408066,2025-09-04 10:00:00
7.55,8.545741,2025-09-04 10:00:00
17.075,14.8722,2025-09-04 10:00:00
9.9,11.912687,2025-09-04 11:00:00
17.15,13.536961,2025-09-04 11:00:00
8.975,8.804617,2025-09-04 11:00:00
7.824999999999999,6.597417,2025-09-04 11:00:00
18.8,10.527131,2025-09-04 12:00:00
23.625,13.180067,2025-09-04 12:00:00
8.2,6.828534,2025-09-04 12:00:00
10.175,9.525968,2025-09-04 12:00:00
6.6,6.1545825,2025-09-04 13:00:00
18.8,10.568675,2025-09-04 13:00:00
9.85,8.114313,2025-09-04 13:00:00
27.0,12.565693,2025-09-04 13:00:00
76.9,9.56223,2025-09-04 14:00:00
26.875,12.334675,2025-09-04 14:00:00
6.025,5.288542,2025-09-04 14:00:00
8.5,8.815068,2025-09-04 14:00:00
6.625,4.2181115,2025-09-04 15:00:00
7.166666666666667,9.262441,2025-09-04 15:00:00
27.35,12.488962,2025-09-04 15:00:00
7.775,7.5860167,2025-09-04 15:00:00
8.65,10.574365,2025-09-04 16:00:00
21.8,12.996309,2025-09-04 16:00:00
7.8,6.933577,2025-09-04 16:00:00
6.45,5.1989326,2025-09-04 16:00:00
7.949999999999999,8.37998,2025-09-04 17:00:00
18.875,12.974093,2025-09-04 17:00:00
9.2,9.967694,2025-09-04 17:00:00
7.475,6.9453483,2025-09-04 17:00:00
7.8,6.9378347,2025-09-04 18:00:00
18.825000000000003,14.306408,2025-09-04 18:00:00
9.6,9.789347,2025-09-04 18:00:00
7.7,7.595503,2025-09-04 18:00:00
18.575,14.780154,2025-09-04 19:00:00
10.075,9.962997,2025-09-04 19:00:00
8.15,9.085496,2025-09-04 19:00:00
8.25,7.300874,2025-09-04 19:00:00
10.225,10.183617,2025-09-04 20:00:00
8.125,9.860638,2025-09-04 20:00:00
22.925,14.926882,2025-09-04 20:00:00
10.375,7.357426,2025-09-04 20:00:00
8.5,7.1772847,2025-09-04 21:00:00
8.125,8.371546,2025-09-04 21:00:00
10.8,12.014567,2025-09-04 21:00:00
25.075,15.285425,2025-09-04 21:00:00
25.025,17.99593,2025-09-04 22:00:00
7.375,6.5603843,2025-09-04 22:00:00
11.375,10.966577,2025-09-04 22:00:00
8.425,8.437385,2025-09-04 22:00:00
24.96666666666667,19.131685,2025-09-04 23:00:00
10.975,11.855921,2025-09-04 23:00:00
8.225,7.8474913,2025-09-04 23:00:00
7.275,7.097616,2025-09-04 23:00:00
20.575000000000003,18.105341,2025-09-05 00:00:00
9.533333333333331,7.1015778,2025-09-05 00:00:00
9.525,11.477633,2025-09-05 00:00:00
8.299999999999999,9.831231,2025-09-05 00:00:00
11.15,6.6964836,2025-09-05 01:00:00
18.25,16.452787,2025-09-05 01:00:00
8.5,9.268612,2025-09-05 01:00:00
18.575,15.56974,2025-09-05 02:00:00
12.55,6.721035,2025-09-05 02:00:00
8.8,8.818463,2025-09-05 02:00:00
8.3,10.830438,2025-09-05 03:00:00
13.0,24.308868,2025-09-05 03:00:00
12.9,6.577274,2025-09-05 03:00:00
18.5,15.114715,2025-09-05 03:00:00
9.525,30.466177,2025-09-05 04:00:00
17.725,14.830577,2025-09-05 04:00:00
8.025,10.730284,2025-09-05 04:00:00
11.65,6.3709345,2025-09-05 04:00:00
8.0,9.576946,2025-09-05 05:00:00
9.7,6.3560367,2025-09-05 05:00:00
8.95,28.261818,2025-09-05 05:00:00
17.875,13.996502,2025-09-05 05:00:00
7.8,9.439207,2025-09-05 06:00:00
8.55,27.363695,2025-09-05 06:00:00
17.975,17.50646,2025-09-05 06:00:00
10.325,7.1795177,2025-09-05 06:00:00
10.65,5.8177123,2025-09-05 07:00:00
8.025,10.14948,2025-09-05 07:00:00
18.45,18.5162,2025-09-05 07:00:00
18.3,17.32321,2025-09-05 08:00:00
7.925,10.112903,2025-09-05 08:00:00
11.3,6.309608,2025-09-05 08:00:00
11.35,6.4575276,2025-09-05 09:00:00
7.825,8.975617,2025-09-05 09:00:00
18.325000000000003,15.246583,2025-09-05 09:00:00
11.95,7.494902,2025-09-05 10:00:00
8.3,9.616222,2025-09-05 10:00:00
17.75,19.19697,2025-09-05 10:00:00
8.325,10.288117,2025-09-05 11:00:00
11.825,9.194872,2025-09-05 11:00:00
8.05,16.569305,2025-09-05 11:00:00
28.25,19.486513,2025-09-05 11:00:00
17.475,13.881174,2025-09-05 11:00:00
21.1,14.132916,2025-09-05 12:00:00
8.025,10.259932,2025-09-05 12:00:00
13.125,8.088424,2025-09-05 12:00:00
30.75,19.137527,2025-09-05 12:00:00
8.625,16.243694,2025-09-05 12:00:00
22.625,15.884579,2025-09-05 13:00:00
11.05,7.4128323,2025-09-05 13:00:00
34.55,21.8154,2025-09-05 13:00:00
7.65,11.085814,2025-09-05 13:00:00
8.975,19.888884,2025-09-05 13:00:00
10.975,6.5967402,2025-09-05 14:00:00
22.45,14.217339,2025-09-05 14:00:00
35.575,19.595802,2025-09-05 14:00:00
8.125,25.969072,2025-09-05 14:00:00
7.6,11.575294,2025-09-05 14:00:00
22.7,14.888847,2025-09-05 15:00:00
31.825,17.526867,2025-09-05 15:00:00
14.15,6.798313,2025-09-05 15:00:00
7.0,21.369282,2025-09-05 15:00:00
8.125,11.126342,2025-09-05 15:00:00
7.275,19.42697,2025-09-05 16:00:00
8.275,10.425766,2025-09-05 16:00:00
16.45,15.923165,2025-09-05 16:00:00
33.075,20.122824,2025-09-05 16:00:00
14.075,7.585136,2025-09-05 16:00:00
9.075,13.918705,2025-09-05 17:00:00
7.85,10.101546,2025-09-05 17:00:00
28.9,20.932154,2025-09-05 17:00:00
13.325,14.9595785,2025-09-05 17:00:00
14.075,7.9144197,2025-09-05 17:00:00
28.475,21.580193,2025-09-05 18:00:00
13.575,14.649432,2025-09-05 18:00:00
8.2,13.385221,2025-09-05 18:00:00
7.85,9.955547,2025-09-05 18:00:00
14.0,8.2671995,2025-09-05 18:00:00
8.225,16.489456,2025-09-05 19:00:00
8.7,10.2945,2025-09-05 19:00:00
30.125,22.713636,2025-09-05 19:00:00
13.55,14.1412115,2025-09-05 19:00:00
13.375,9.799298,2025-09-05 19:00:00
12.825,14.127551,2025-09-05 20:00:00
32.075,30.965206,2025-09-05 20:00:00
8.325,17.701538,2025-09-05 20:00:00
12.925,8.1681,2025-09-05 20:00:00
8.425,10.040881,2025-09-05 20:00:00
8.1,9.242189,2025-09-05 21:00:00
12.75,18.344685,2025-09-05 21:00:00
10.125,17.1338,2025-09-05 21:00:00
31.7,29.874094,2025-09-05 21:00:00
13.55,7.5687165,2025-09-05 21:00:00
11.45,17.630754,2025-09-05 22:00:00
34.225,26.404156,2025-09-05 22:00:00
7.925,9.094973,2025-09-05 22:00:00
13.65,7.470588,2025-09-05 22:00:00
12.975,19.07581,2025-09-05 22:00:00
12.0,16.950823,2025-09-05 23:00:00
12.666666666666666,18.044039,2025-09-05 23:00:00
8.5,9.530387,2025-09-05 23:00:00
34.15,24.50138,2025-09-05 23:00:00
14.125,7.0553765,2025-09-05 23:00:00
28.175,25.417677,2025-09-06 00:00:00
10.966666666666669,7.4599905,2025-09-06 00:00:00
8.4,11.014369,2025-09-06 00:00:00
16.675,17.00075,2025-09-06 00:00:00
8.875,14.756993,2025-09-06 00:00:00
7.475,13.888114,2025-09-06 01:00:00
8.925,10.612938,2025-09-06 01:00:00
9.05,8.375412,2025-09-06 01:00:00
18.825,14.53267,2025-09-06 01:00:00
21.225,24.920166,2025-09-06 01:00:00
9.2,12.234872,2025-09-06 02:00:00
20.775,25.681423,2025-09-06 02:00:00
18.5,15.350864,2025-09-06 02:00:00
6.9,17.101673,2025-09-06 02:00:00
7.25,9.514812,2025-09-06 02:00:00
9.075,12.113364,2025-09-06 03:00:00
6.725,9.969099,2025-09-06 03:00:00
18.5,15.618136,2025-09-06 03:00:00
5.725,18.987198,2025-09-06 03:00:00
21.5,34.39005,2025-09-06 03:00:00
7.699999999999999,9.595444,2025-09-06 04:00:00
5.9750000000000005,17.527184,2025-09-06 04:00:00
17.65,14.72837,2025-09-06 04:00:00
22.075,44.11683,2025-09-06 04:00:00
9.05,10.693011,2025-09-06 04:00:00
5.2,15.990871,2025-09-06 05:00:00
23.025,41.474533,2025-09-06 05:00:00
16.65,16.60685,2025-09-06 05:00:00
8.65,11.5215845,2025-09-06 05:00:00
9.375,8.950081,2025-09-06 05:00:00
5.0,13.39017,2025-09-06 06:00:00
9.85,9.062242,2025-09-06 06:00:00
16.85,15.337549,2025-09-06 06:00:00
23.05,33.206055,2025-09-06 06:00:00
8.475,11.0790415,2025-09-06 06:00:00
23.725,23.334126,2025-09-06 07:00:00
9.875,7.9304447,2025-09-06 07:00:00
8.725,10.700706,2025-09-06 07:00:00
17.05,16.443796,2025-09-06 07:00:00
4.725,11.666526,2025-09-06 07:00:00
4.1,12.057464,2025-09-06 08:00:00
20.575,14.0913,2025-09-06 08:00:00
8.55,10.513855,2025-09-06 08:00:00
9.425,10.176129,2025-09-06 08:00:00
25.125,18.742823,2025-09-06 08:00:00
5.2,11.069776,2025-09-06 09:00:00
8.725000000000001,10.46312,2025-09-06 09:00:00
26.5,23.049202,2025-09-06 09:00:00
22.525,14.914612,2025-09-06 09:00:00
6.55,10.645131,2025-09-06 09:00:00
22.6,14.11538,2025-09-06 10:00:00
25.475,19.580227,2025-09-06 10:00:00
8.875,10.29109,2025-09-06 10:00:00
4.75,11.010378,2025-09-06 10:00:00
6.075,10.112463,2025-09-06 10:00:00
9.3,9.923427,2025-09-06 11:00:00
22.7,14.061282,2025-09-06 11:00:00
23.85,21.025717,2025-09-06 11:00:00
5.1,10.694986,2025-09-06 11:00:00
5.625,10.50771,2025-09-06 11:00:00
3.95,11.962832,2025-09-06 12:00:00
6.675,10.4109745,2025-09-06 12:00:00
9.275,10.720779,2025-09-06 12:00:00
27.05,20.235537,2025-09-06 12:00:00
23.225,22.066866,2025-09-06 12:00:00
9.0,10.965016,2025-09-06 13:00:00
9.525,11.232497,2025-09-06 13:00:00
23.1,20.474405,2025-09-06 13:00:00
29.45,14.857056,2025-09-06 13:00:00
3.325,12.278588,2025-09-06 13:00:00
23.275,21.571249,2025-09-06 14:00:00
6.375,12.228219,2025-09-06 14:00:00
9.775,9.872387,2025-09-06 14:00:00
9.1,10.576518,2025-09-06 14:00:00
29.4,16.271292,2025-09-06 14:00:00
29.675,15.110856,2025-09-06 15:00:00
9.825,11.053346,2025-09-06 15:00:00
9.625,10.392579,2025-09-06 15:00:00
8.8,10.224753,2025-09-06 15:00:00
23.025,19.554375,2025-09-06 15:00:00
9.225,10.402153,2025-09-06 16:00:00
9.525,12.303669,2025-09-06 16:00:00
22.875,22.800306,2025-09-06 16:00:00
9.225,10.298943,2025-09-06 16:00:00
22.325000000000003,13.614418,2025-09-06 16:00:00
18.375,11.712695,2025-09-06 17:00:00
23.7,19.40773,2025-09-06 17:00:00
8.3,11.80282,2025-09-06 17:00:00
9.325,10.143198,2025-09-06 17:00:00
9.775,10.506204,2025-09-06 17:00:00
18.1,11.858926,2025-09-06 18:00:00
9.65,11.088802,2025-09-06 18:00:00
7.35,11.772442,2025-09-06 18:00:00
25.25,19.65103,2025-09-06 18:00:00
9.2,9.878891,2025-09-06 18:00:00
7.949999999999999,10.682902,2025-09-06 19:00:00
18.425,13.351544,2025-09-06 19:00:00
8.8,10.09799,2025-09-06 19:00:00
6.125,11.668645,2025-09-06 19:00:00
25.975,22.788822,2025-09-06 19:00:00
26.65,23.916689,2025-09-06 20:00:00
17.575,14.399924,2025-09-06 20:00:00
9.425,10.086611,2025-09-06 20:00:00
7.725,12.100901,2025-09-06 20:00:00
9.575,10.902975,2025-09-06 20:00:00
17.075,14.506762,2025-09-06 21:00:00
9.175,9.868483,2025-09-06 21:00:00
9.925,11.782514,2025-09-06 21:00:00
27.6,22.750393,2025-09-06 21:00:00
9.9,10.124124,2025-09-06 21:00:00
22.65,24.24162,2025-09-06 22:00:00
9.725,11.657528,2025-09-06 22:00:00
9.15,9.993953,2025-09-06 22:00:00
17.05,13.511573,2025-09-06 22:00:00
11.175,10.918552,2025-09-06 22:00:00
9.9,16.179066,2025-09-06 23:00:00
8.65,12.296024,2025-09-06 23:00:00
17.0,13.535012,2025-09-06 23:00:00
9.575,9.786358,2025-09-06 23:00:00
23.8,29.265392,2025-09-06 23:00:00
6.0,12.255321,2025-09-07 00:00:00
7.166666666666667,12.399225,2025-09-07 00:00:00
11.975,14.606355,2025-09-07 00:00:00
9.266666666666667,15.376601,2025-09-07 00:00:00
26.225,29.710842,2025-09-07 00:00:00
8.95,13.388926,2025-09-07 01:00:00
6.7,15.562273,2025-09-07 01:00:00
26.675,26.283714,2025-09-07 01:00:00
7.1,11.811128,2025-09-07 01:00:00
5.9,12.719185,2025-09-07 01:00:00
8.5,10.655439,2025-09-07 02:00:00
6.2,12.993452,2025-09-07 02:00:00
25.55,22.571548,2025-09-07 02:00:00
8.85,13.337447,2025-09-07 02:00:00
5.9,10.736677,2025-09-07 02:00:00
9.7,10.255939,2025-09-07 03:00:00
8.85,13.458052,2025-09-07 03:00:00
5.9,12.812218,2025-09-07 03:00:00
26.95,19.264465,2025-09-07 03:00:00
5.949999999999999,12.004245,2025-09-07 03:00:00
27.85,17.413336,2025-09-07 04:00:00
6.9,11.214369,2025-09-07 04:00:00
11.375,13.260898,2025-09-07 04:00:00
5.225,11.74619,2025-09-07 04:00:00
5.95,9.498204,2025-09-07 04:00:00
9.575,9.904369,2025-09-07 05:00:00
29.825,22.437553,2025-09-07 05:00:00
5.325,9.008879,2025-09-07 05:00:00
5.7,12.107861,2025-09-07 05:00:00
12.725,12.962319,2025-09-07 05:00:00
28.5,22.037512,2025-09-07 06:00:00
9.75,10.910493,2025-09-07 06:00:00
12.725,13.408863,2025-09-07 06:00:00
5.05,9.036242,2025-09-07 06:00:00
5.5,12.057634,2025-09-07 06:00:00
6.65,8.02407,2025-09-07 07:00:00
12.75,12.396445,2025-09-07 07:00:00
27.65,23.547155,2025-09-07 07:00:00
10.45,11.645532,2025-09-07 07:00:00
6.075,12.118571,2025-09-07 07:00:00
10.075,11.236734,2025-09-07 08:00:00
19.1,13.903177,2025-09-07 08:00:00
5.8,11.159718,2025-09-07 08:00:00
6.875,7.6805634,2025-09-07 08:00:00
31.0,24.093546,2025-09-07 08:00:00
22.225,13.898836,2025-09-07 09:00:00
7.325,9.156676,2025-09-07 09:00:00
30.075,24.638468,2025-09-07 09:00:00
5.9,10.757658,2025-09-07 09:00:00
5.725,7.156375,2025-09-07 09:00:00
3.725,6.653405,2025-09-07 10:00:00
27.15,23.869324,2025-09-07 10:00:00
6.775,9.287881,2025-09-07 10:00:00
22.425,14.508559,2025-09-07 10:00:00
6.35,11.1288,2025-09-07 10:00:00
22.525,15.958201,2025-09-07 11:00:00
6.725,9.26198,2025-09-07 11:00:00
26.8,25.379112,2025-09-07 11:00:00
3.55,6.899988,2025-09-07 11:00:00
6.175,12.042951,2025-09-07 11:00:00
28.45,22.570665,2025-09-07 12:00:00
16.075,21.509024,2025-09-07 12:00:00
6.875,11.699037,2025-09-07 12:00:00
7.975,8.710803,2025-09-07 12:00:00
3.025,6.1223774,2025-09-07 12:00:00
12.95,15.623732,2025-09-07 13:00:00
1.3,6.2207513,2025-09-07 13:00:00
7.0,11.793901,2025-09-07 13:00:00
26.675,21.780542,2025-09-07 13:00:00
8.375,10.025742,2025-09-07 13:00:00
10.375,9.157308,2025-09-07 14:00:00
1.6,7.3466544,2025-09-07 14:00:00
13.1,17.571661,2025-09-07 14:00:00
29.65,21.170902,2025-09-07 14:00:00
7.05,11.585058,2025-09-07 14:00:00
27.525,23.745205,2025-09-07 15:00:00
6.466666666666666,11.4224,2025-09-07 15:00:00
12.775,17.10977,2025-09-07 15:00:00
0.975,7.592411,2025-09-07 15:00:00
9.825,9.388771,2025-09-07 15:00:00
12.15,17.4724,2025-09-07 16:00:00
0.5,9.521325,2025-09-07 16:00:00
30.475,23.729582,2025-09-07 16:00:00
6.5,12.212393,2025-09-07 16:00:00
9.65,9.181329,2025-09-07 16:00:00
8.85,8.944685,2025-09-07 17:00:00
11.8,17.763294,2025-09-07 17:00:00
6.95,12.227781,2025-09-07 17:00:00
2.4000000000000004,9.490483,2025-09-07 17:00:00
26.525,22.879484,2025-09-07 17:00:00
8.625,7.867518,2025-09-07 18:00:00
25.25,23.58678,2025-09-07 18:00:00
6.25,11.250663,2025-09-07 18:00:00
1.85,9.27575,2025-09-07 18:00:00
11.7,15.588296,2025-09-07 18:00:00
2.95,9.334085,2025-09-07 19:00:00
11.525,15.730788,2025-09-07 19:00:00
10.6,8.018261,2025-09-07 19:00:00
6.925,11.562233,2025-09-07 19:00:00
23.325000000000003,24.796381,2025-09-07 19:00:00
9.675,7.985522,2025-09-07 20:00:00
20.25,24.925797,2025-09-07 20:00:00
18.725,17.586946,2025-09-07 20:00:00
3.825,9.719122,2025-09-07 20:00:00
6.875,11.184879,2025-09-07 20:00:00
7.725,9.430801,2025-09-07 21:00:00
22.55,26.25299,2025-09-07 21:00:00
22.55,14.927511,2025-09-07 21:00:00
10.375,8.850969,2025-09-07 21:00:00
7.175,10.647098,2025-09-07 21:00:00
29.775,26.923086,2025-09-07 22:00:00
22.975,14.03767,2025-09-07 22:00:00
6.775,10.120047,2025-09-07 22:00:00
11.0,8.72257,2025-09-07 22:00:00
12.275,10.270778,2025-09-07 22:00:00
11.375,9.280352,2025-09-07 23:00:00
23.33333333333333,13.445029,2025-09-07 23:00:00
7.0,10.933536,2025-09-07 23:00:00
13.775,10.7252,2025-09-07 23:00:00
48.75,25.948555,2025-09-07 23:00:00
21.5,13.790405,2025-09-08 00:00:00
10.766666666666666,8.924521,2025-09-08 00:00:00
34.6,24.366806,2025-09-08 00:00:00
5.966666666666666,11.658606,2025-09-08 00:00:00
12.15,10.719989,2025-09-08 00:00:00
6.15,11.692822,2025-09-08 01:00:00
36.45,19.398237,2025-09-08 01:00:00
20.1,14.658222,2025-09-08 01:00:00
11.825,9.699106,2025-09-08 01:00:00
9.175,7.742047,2025-09-08 01:00:00
19.75,13.556804,2025-09-08 02:00:00
9.2,9.848372,2025-09-08 02:00:00
38.625,18.53219,2025-09-08 02:00:00
9.5,7.0518622,2025-09-08 02:00:00
6.2,11.46056,2025-09-08 02:00:00
19.5,10.70553,2025-09-08 03:00:00
8.225,10.059002,2025-09-08 03:00:00
30.7,23.39077,2025-09-08 03:00:00
5.95,10.907541,2025-09-08 03:00:00
8.275,7.539959,2025-09-08 03:00:00
5.425,9.812322,2025-09-08 04:00:00
5.675,11.350296,2025-09-08 04:00:00
7.7,7.2008176,2025-09-08 04:00:00
19.55,11.699212,2025-09-08 04:00:00
29.375,22.996506,2025-09-08 04:00:00
19.5,14.157211,2025-09-08 05:00:00
10.1,7.401395,2025-09-08 05:00:00
31.125,25.038353,2025-09-08 05:00:00
3.75,8.969373,2025-09-08 05:00:00
5.775,11.2168255,2025-09-08 05:00:00
30.85,24.209562,2025-09-08 06:00:00
3.8,8.683196,2025-09-08 06:00:00
5.775,11.248595,2025-09-08 06:00:00
19.8,13.663708,2025-09-08 06:00:00
11.35,8.23911,2025-09-08 06:00:00
11.025,9.451875,2025-09-08 07:00:00
19.9,12.585577,2025-09-08 07:00:00
32.15,22.356215,2025-09-08 07:00:00
6.35,13.381976,2025-09-08 07:00:00
2.85,7.497086,2025-09-08 07:00:00
20.275,13.742727,2025-09-08 08:00:00
33.0,24.376959,2025-09-08 08:00:00
7.3,12.926517,2025-09-08 08:00:00
3.675,8.510838,2025-09-08 08:00:00
11.3,8.212906,2025-09-08 08:00:00
20.475,15.598143,2025-09-08 09:00:00
10.2,7.639601,2025-09-08 09:00:00
3.375,9.194908,2025-09-08 09:00:00
7.075,9.515534,2025-09-08 09:00:00
39.2,23.570993,2025-09-08 09:00:00
7.075,9.735013,2025-09-08 10:00:00
9.025,7.2816815,2025-09-08 10:00:00
20.6,15.380596,2025-09-08 10:00:00
41.725,22.32476,2025-09-08 10:00:00
2.625,7.808939,2025-09-08 10:00:00
20.8,15.65715,2025-09-08 11:00:00
2.4,7.5982065,2025-09-08 11:00:00
6.9,12.306451,2025-09-08 11:00:00
41.6,23.640606,2025-09-08 11:00:00
8.625,6.864157,2025-09-08 11:00:00
7.300000000000001,12.691071,2025-09-08 12:00:00
40.125,25.43459,2025-09-08 12:00:00
0.7333333333333334,7.8770723,2025-09-08 12:00:00
7.6,6.9831853,2025-09-08 12:00:00
21.4,14.578782,2025-09-08 12:00:00
21.875,17.031782,2025-09-08 13:00:00
7.525,11.411146,2025-09-08 13:00:00
1.2,7.637571,2025-09-08 13:00:00
40.475,23.207607,2025-09-08 13:00:00
10.533333333333331,7.905832,2025-09-08 13:00:00
11.125,8.419353,2025-09-08 14:00:00
1.45,8.027215,2025-09-08 14:00:00
7.25,13.044948,2025-09-08 14:00:00
22.05,14.880372,2025-09-08 14:00:00
39.575,24.526392,2025-09-08 14:00:00
43.625,22.253902,2025-09-08 15:00:00
11.3,9.166281,2025-09-08 15:00:00
22.1,15.317107,2025-09-08 15:00:00
7.075,12.090058,2025-09-08 15:00:00
1.2,8.451693,2025-09-08 15:00:00
7.425,12.590598,2025-09-08 16:00:00
20.65,11.62568,2025-09-08 16:00:00
8.4,8.875358,2025-09-08 16:00:00
10.95,8.585089,2025-09-08 16:00:00
43.15,20.249798,2025-09-08 16:00:00
19.475,10.2300005,2025-09-08 17:00:00
43.05,22.49112,2025-09-08 17:00:00
4.033333333333334,8.859079,2025-09-08 17:00:00
7.35,10.595735,2025-09-08 17:00:00
9.8,7.669739,2025-09-08 17:00:00
7.05,10.26872,2025-09-08 18:00:00
2.975,9.762179,2025-09-08 18:00:00
19.625,11.647183,2025-09-08 18:00:00
40.8,22.53717,2025-09-08 18:00:00
7.7,6.893741,2025-09-08 18:00:00
34.1,22.419374,2025-09-08 19:00:00
8.274999999999999,8.1300125,2025-09-08 19:00:00
19.6,12.449173,2025-09-08 19:00:00
6.875,9.923842,2025-09-08 19:00:00
2.975,8.793897,2025-09-08 19:00:00
6.75,9.259572,2025-09-08 20:00:00
2.35,8.620306,2025-09-08 20:00:00
30.96666666666667,19.2208,2025-09-08 20:00:00
8.175,8.315718,2025-09-08 20:00:00
16.825,12.245529,2025-09-08 20:00:00
3.075,9.695734,2025-09-08 21:00:00
7.3,8.906702,2025-09-08 21:00:00
15.4,13.776098,2025-09-08 21:00:00
33.175,21.624744,2025-09-08 21:00:00
10.575,8.800481,2025-09-08 21:00:00
11.95,9.044295,2025-09-08 22:00:00
15.625,13.123428,2025-09-08 22:00:00
7.925,8.607623,2025-09-08 22:00:00
4.45,11.137851,2025-09-08 22:00:00
32.8,20.648815,2025-09-08 22:00:00
15.733333333333334,13.010084,2025-09-08 23:00:00
11.075,9.505355,2025-09-08 23:00:00
3.275,15.904391,2025-09-08 23:00:00
33.825,25.268866,2025-09-08 23:00:00
7.625,9.988417,2025-09-08 23:00:00
18.85,14.354501,2025-09-09 00:00:00
29.4,25.459253,2025-09-09 00:00:00
3.075,14.874957,2025-09-09 00:00:00
6.966666666666666,11.436296,2025-09-09 00:00:00
11.066666666666668,10.263556,2025-09-09 00:00:00
20.75,13.341939,2025-09-09 01:00:00
28.65,24.583294,2025-09-09 01:00:00
3.225,12.800761,2025-09-09 01:00:00
6.75,9.4511385,2025-09-09 01:00:00
7.0,12.520364,2025-09-09 01:00:00
6.25,9.957355,2025-09-09 02:00:00
33.775,24.104977,2025-09-09 02:00:00
3.75,12.175611,2025-09-09 02:00:00
6.925,12.411764,2025-09-09 02:00:00
20.525,13.462567,2025-09-09 02:00:00
7.0,14.074969,2025-09-09 03:00:00
30.4,25.507053,2025-09-09 03:00:00
20.525,14.767498,2025-09-09 03:00:00
6.199999999999999,8.938988,2025-09-09 03:00:00
5.55,9.401243,2025-09-09 03:00:00
17.925,14.308088,2025-09-09 04:00:00
6.775,13.731006,2025-09-09 04:00:00
6.75,8.332652,2025-09-09 04:00:00
19.325,24.638237,2025-09-09 04:00:00
3.375,7.8848424,2025-09-09 04:00:00
7.225,13.550144,2025-09-09 05:00:00
21.275,23.431852,2025-09-09 05:00:00
10.075,8.744129,2025-09-09 05:00:00
1.975,8.084979,2025-09-09 05:00:00
17.15,13.408708,2025-09-09 05:00:00
17.05,13.519493,2025-09-09 06:00:00
6.725,13.764783,2025-09-09 06:00:00
21.475,25.150183,2025-09-09 06:00:00
2.7,7.2645636,2025-09-09 06:00:00
11.5,11.278021,2025-09-09 06:00:00
21.7,25.14337,2025-09-09 07:00:00
17.375,14.087261,2025-09-09 07:00:00
1.95,8.169508,2025-09-09 07:00:00
6.575,15.693373,2025-09-09 07:00:00
11.775,11.669516,2025-09-09 07:00:00
12.15,11.676633,2025-09-09 08:00:00
6.625,12.915357,2025-09-09 08:00:00
14.35,16.148405,2025-09-09 08:00:00
20.75,23.207447,2025-09-09 08:00:00
2.0,8.816649,2025-09-09 08:00:00
19.975,23.168499,2025-09-09 09:00:00
6.825,12.527459,2025-09-09 09:00:00
10.675,10.21235,2025-09-09 09:00:00
12.45,16.26639,2025-09-09 09:00:00
0.95,7.4604716,2025-09-09 09:00:00
0.8500000000000001,7.01677,2025-09-09 10:00:00
12.125,15.50331,2025-09-09 10:00:00
18.75,20.799759,2025-09-09 10:00:00
7.375,9.1516695,2025-09-09 10:00:00
6.975,12.5958805,2025-09-09 10:00:00
12.1,15.248095,2025-09-09 11:00:00
1.35,6.9579563,2025-09-09 11:00:00
7.5,8.575163,2025-09-09 11:00:00
20.325,23.144728,2025-09-09 11:00:00
8.15,11.393268,2025-09-09 11:00:00
7.65,8.067088,2025-09-09 12:00:00
18.225,22.096691,2025-09-09 12:00:00
8.3,11.73807,2025-09-09 12:00:00
0.25,6.319878,2025-09-09 12:00:00
15.65,13.120468,2025-09-09 12:00:00
17.85,15.117875,2025-09-09 13:00:00
0.8,6.68462,2025-09-09 13:00:00
19.8,21.16338,2025-09-09 13:00:00
9.65,8.488414,2025-09-09 13:00:00
8.325,12.705382,2025-09-09 13:00:00
7.95,12.320915,2025-09-09 14:00:00
2.7,7.003947,2025-09-09 14:00:00
10.125,9.014,2025-09-09 14:00:00
21.1,18.849176,2025-09-09 14:00:00
17.975,15.252688,2025-09-09 14:00:00
18.0,13.587054,2025-09-09 15:00:00
10.6,9.922029,2025-09-09 15:00:00
2.125,6.6526237,2025-09-09 15:00:00
20.433333333333334,20.603916,2025-09-09 15:00:00
7.7,12.330619,2025-09-09 15:00:00
1.875,8.298807,2025-09-09 16:00:00
11.75,12.41065,2025-09-09 16:00:00
11.225,9.861417,2025-09-09 16:00:00
7.575,12.30434,2025-09-09 16:00:00
30.525,25.22589,2025-09-09 16:00:00
9.95,9.574658,2025-09-09 17:00:00
45.25,23.191473,2025-09-09 17:00:00
8.8,12.560161,2025-09-09 17:00:00
2.1,8.365393,2025-09-09 17:00:00
7.85,13.207371,2025-09-09 17:00:00
7.975,12.412041,2025-09-09 18:00:00
1.5,10.285184,2025-09-09 18:00:00
51.4,22.916628,2025-09-09 18:00:00
7.125,8.025967,2025-09-09 18:00:00
8.850000000000001,13.518301,2025-09-09 18:00:00
1.75,8.087992,2025-09-09 19:00:00
7.8,11.522981,2025-09-09 19:00:00
8.675,14.4642,2025-09-09 19:00:00
48.775,20.386665,2025-09-09 19:00:00
6.275,8.855178,2025-09-09 19:00:00
46.625,20.471073,2025-09-09 20:00:00
7.475,10.518784,2025-09-09 20:00:00
7.525,8.049197,2025-09-09 20:00:00
16.35,11.676134,2025-09-09 20:00:00
2.975,7.8987265,2025-09-09 20:00:00
2.425,9.329088,2025-09-09 21:00:00
47.125,18.927584,2025-09-09 21:00:00
7.2,10.408197,2025-09-09 21:00:00
9.95,8.332838,2025-09-09 21:00:00
19.65,13.483088,2025-09-09 21:00:00
11.3,8.9535675,2025-09-09 22:00:00
2.15,11.604289,2025-09-09 22:00:00
46.8,29.500425,2025-09-09 22:00:00
19.5,13.971657,2025-09-09 22:00:00
7.225,11.185723,2025-09-09 22:00:00
11.1,10.092642,2025-09-09 23:00:00
7.9,10.691188,2025-09-09 23:00:00
19.433333333333334,14.561241,2025-09-09 23:00:00
45.275,35.372456,2025-09-09 23:00:00
1.975,9.407938,2025-09-09 23:00:00
33.575,33.119072,2025-09-10 00:00:00
21.925,15.03468,2025-09-10 00:00:00
12.133333333333333,10.030512,2025-09-10 00:00:00
6.875,9.447888,2025-09-10 00:00:00
7.433333333333334,11.642399,2025-09-10 00:00:00
10.55,9.6297455,2025-09-10 01:00:00
18.2,29.801043,2025-09-10 01:00:00
7.35,8.509812,2025-09-10 01:00:00
23.05,15.27512,2025-09-10 01:00:00
6.95,11.846862,2025-09-10 01:00:00
22.95,16.06657,2025-09-10 02:00:00
10.4,8.367544,2025-09-10 02:00:00
8.1,7.7620053,2025-09-10 02:00:00
26.45,30.776037,2025-09-10 02:00:00
7.45,10.948304,2025-09-10 02:00:00
22.8,16.475336,2025-09-10 03:00:00
8.5,8.061931,2025-09-10 03:00:00
10.475,7.2671733,2025-09-10 03:00:00
6.975,11.519088,2025-09-10 03:00:00
28.05,31.471899,2025-09-10 03:00:00
9.05,7.7613,2025-09-10 04:00:00
8.35,9.354685,2025-09-10 04:00:00
22.1,15.455057,2025-09-10 04:00:00
7.5,10.719271,2025-09-10 04:00:00
28.05,30.912043,2025-09-10 04:00:00
21.65,15.566885,2025-09-10 05:00:00
6.925,11.791842,2025-09-10 05:00:00
11.25,9.1348715,2025-09-10 05:00:00
28.925,26.187012,2025-09-10 05:00:00
8.55,6.4612503,2025-09-10 05:00:00
7.1,11.095941,2025-09-10 06:00:00
12.075,10.9343605,2025-09-10 06:00:00
21.725,14.136021,2025-09-10 06:00:00
30.0,21.784042,2025-09-10 06:00:00
7.225,5.8914084,2025-09-10 06:00:00
7.625,6.653007,2025-09-10 07:00:00
12.8,11.538122,2025-09-10 07:00:00
21.875,14.498346,2025-09-10 07:00:00
7.25,13.443994,2025-09-10 07:00:00
27.15,24.069431,2025-09-10 07:00:00
7.7,6.0217185,2025-09-10 08:00:00
7.25,12.681263,2025-09-10 08:00:00
17.6,14.414523,2025-09-10 08:00:00
12.3,12.646729,2025-09-10 08:00:00
31.075,24.512753,2025-09-10 08:00:00
10.075,11.014004,2025-09-10 09:00:00
7.8,11.462652,2025-09-10 09:00:00
31.725,23.299583,2025-09-10 09:00:00
15.025,14.299372,2025-09-10 09:00:00
7.425,5.893637,2025-09-10 09:00:00
15.325,13.772189,2025-09-10 10:00:00
33.775,23.812304,2025-09-10 10:00:00
9.0,9.435362,2025-09-10 10:00:00
7.95,6.0594063,2025-09-10 10:00:00
8.3,10.11073,2025-09-10 10:00:00
8.6,8.557251,2025-09-10 11:00:00
33.45,22.98926,2025-09-10 11:00:00
8.475000000000001,8.754414,2025-09-10 11:00:00
15.4,13.126412,2025-09-10 11:00:00
8.6,10.548821,2025-09-10 11:00:00
8.175,6.580478,2025-09-10 12:00:00
8.8,8.590661,2025-09-10 12:00:00
20.0,13.257055,2025-09-10 12:00:00
8.975,11.579489,2025-09-10 12:00:00
33.65,20.527102,2025-09-10 12:00:00
8.649999999999999,11.198863,2025-09-10 13:00:00
7.35,6.3433256,2025-09-10 13:00:00
11.2,9.6147,2025-09-10 13:00:00
32.175,17.938654,2025-09-10 13:00:00
20.0,14.060547,2025-09-10 13:00:00
20.0,19.398022,2025-09-10 14:00:00
31.625,19.674362,2025-09-10 14:00:00
7.1,6.451818,2025-09-10 14:00:00
8.266666666666667,10.658475,2025-09-10 14:00:00
11.15,9.346244,2025-09-10 14:00:00
11.05,9.703316,2025-09-10 15:00:00
4.6,20.156542,2025-09-10 15:00:00
6.825,6.6943707,2025-09-10 15:00:00
8.266666666666667,13.444003,2025-09-10 15:00:00
30.75,21.845657,2025-09-10 15:00:00
7.95,5.7473073,2025-09-10 16:00:00
11.55,10.459297,2025-09-10 16:00:00
3.4000000000000004,17.379328,2025-09-10 16:00:00
32.125,26.193802,2025-09-10 16:00:00
8.266666666666667,11.2652645,2025-09-10 16:00:00
30.65,29.810467,2025-09-10 17:00:00
5.325,11.786128,2025-09-10 17:00:00
8.325,5.8736277,2025-09-10 17:00:00
8.15,10.868547,2025-09-10 17:00:00
10.675,9.867854,2025-09-10 17:00:00
8.35,5.9975977,2025-09-10 18:00:00
5.6,11.285505,2025-09-10 18:00:00
32.925,40.64634,2025-09-10 18:00:00
8.425,10.652918,2025-09-10 18:00:00
8.575,8.585586,2025-09-10 18:00:00
5.625,12.588762,2025-09-10 19:00:00
8.775,8.510556,2025-09-10 19:00:00
34.75,35.4701,2025-09-10 19:00:00
9.25,7.639347,2025-09-10 19:00:00
8.35,9.669943,2025-09-10 19:00:00
9.3,8.628903,2025-09-10 20:00:00
7.95,9.422599,2025-09-10 20:00:00
13.675,12.71619,2025-09-10 20:00:00
9.45,8.232881,2025-09-10 20:00:00
35.25,28.29987,2025-09-10 20:00:00
12.2,8.84688,2025-09-10 21:00:00
11.25,9.4175825,2025-09-10 21:00:00
32.375,40.572224,2025-09-10 21:00:00
8.175,9.222971,2025-09-10 21:00:00
17.475,14.655021,2025-09-10 21:00:00
17.2,14.140337,2025-09-10 22:00:00
12.075,9.823096,2025-09-10 22:00:00
35.425000000000004,41.9598,2025-09-10 22:00:00
8.7,9.102053,2025-09-10 22:00:00
12.0,8.384623,2025-09-10 22:00:00
17.2,13.850284,2025-09-10 23:00:00
33.35,38.764427,2025-09-10 23:00:00
8.775,9.088324,2025-09-10 23:00:00
11.95,10.1655245,2025-09-10 23:00:00
10.25,8.358079,2025-09-10 23:00:00
11.8,10.640285,2025-09-11 00:00:00
10.025,16.492521,2025-09-11 00:00:00
4.725,7.9829836,2025-09-11 00:00:00
26.425,33.589455,2025-09-11 00:00:00
7.899999999999999,11.290174,2025-09-11 00:00:00
10.5,10.224431,2025-09-11 01:00:00
21.2,34.783154,2025-09-11 01:00:00
2.65,9.694239,2025-09-11 01:00:00
6.5,11.906528,2025-09-11 01:00:00
6.325,16.702324,2025-09-11 01:00:00
6.275,17.871323,2025-09-11 02:00:00
2.3,9.754656,2025-09-11 02:00:00
6.5,11.487687,2025-09-11 02:00:00
22.6,39.019688,2025-09-11 02:00:00
9.8,9.665319,2025-09-11 02:00:00
6.35,18.283947,2025-09-11 03:00:00
6.8,11.46579,2025-09-11 03:00:00
8.275,8.848741,2025-09-11 03:00:00
22.5,35.982243,2025-09-11 03:00:00
3.9,10.895682,2025-09-11 03:00:00
7.25,17.84006,2025-09-11 04:00:00
7.925,8.200849,2025-09-11 04:00:00
24.725,28.12073,2025-09-11 04:00:00
1.425,9.936225,2025-09-11 04:00:00
7.025,10.784559,2025-09-11 04:00:00
6.725,10.945733,2025-09-11 05:00:00
7.575,17.706013,2025-09-11 05:00:00
0.6333333333333333,9.350269,2025-09-11 05:00:00
25.75,26.079403,2025-09-11 05:00:00
9.4,10.153445,2025-09-11 05:00:00
25.35,26.710293,2025-09-11 06:00:00
6.625,10.593416,2025-09-11 06:00:00
11.3,11.244351,2025-09-11 06:00:00
7.825,15.82505,2025-09-11 06:00:00
0.7250000000000001,7.861408,2025-09-11 06:00:00
11.375,12.974292,2025-09-11 07:00:00
7.375,12.29922,2025-09-11 07:00:00
25.025,26.852821,2025-09-11 07:00:00
7.95,17.379164,2025-09-11 07:00:00
0.95,7.7068596,2025-09-11 07:00:00
11.925,14.280412,2025-09-11 08:00:00
6.3,16.9635,2025-09-11 08:00:00
25.35,28.486431,2025-09-11 08:00:00
0.6,8.131962,2025-09-11 08:00:00
7.0,15.116268,2025-09-11 08:00:00
5.425,16.354345,2025-09-11 09:00:00
11.325,11.689176,2025-09-11 09:00:00
0.3,7.662282,2025-09-11 09:00:00
7.2,15.075485,2025-09-11 09:00:00
25.7,25.912321,2025-09-11 09:00:00
1.0666666666666669,7.758153,2025-09-11 10:00:00
7.925,10.757354,2025-09-11 10:00:00
7.475,12.925662,2025-09-11 10:00:00
5.525,13.468557,2025-09-11 10:00:00
26.925,28.423101,2025-09-11 10:00:00
0.1,8.8299465,2025-09-11 11:00:00
5.575,13.409372,2025-09-11 11:00:00
7.95,9.043753,2025-09-11 11:00:00
25.45,25.433022,2025-09-11 11:00:00
8.5,12.988135,2025-09-11 11:00:00
25.125,24.501692,2025-09-11 12:00:00
10.55,14.196054,2025-09-11 12:00:00
8.15,14.041479,2025-09-11 12:00:00
6.9,8.918755,2025-09-11 12:00:00
0.1,8.537274,2025-09-11 12:00:00
13.475,25.995375,2025-09-11 13:00:00
0.3,7.5467553,2025-09-11 13:00:00
8.3,14.921884,2025-09-11 13:00:00
26.5,25.445671,2025-09-11 13:00:00
7.0,10.0132885,2025-09-11 13:00:00
8.075,10.980285,2025-09-11 14:00:00
7.825,15.601702,2025-09-11 14:00:00
13.3,25.748165,2025-09-11 14:00:00
26.75,27.127281,2025-09-11 14:00:00
0.3,8.752849,2025-09-11 14:00:00
8.35,11.031963,2025-09-11 15:00:00
26.175,20.82206,2025-09-11 15:00:00
7.7,15.154877,2025-09-11 15:00:00
0.3,10.006457,2025-09-11 15:00:00
13.275,18.260248,2025-09-11 15:00:00
26.2,22.883076,2025-09-11 16:00:00
8.4,10.304588,2025-09-11 16:00:00
0.3,9.117276,2025-09-11 16:00:00
7.05,13.815227,2025-09-11 16:00:00
8.95,9.837288,2025-09-11 16:00:00
9.45,10.639203,2025-09-11 17:00:00
0.6,8.92454,2025-09-11 17:00:00
7.525,12.958378,2025-09-11 17:00:00
25.6,28.98515,2025-09-11 17:00:00
6.075,9.9012375,2025-09-11 17:00:00
0.3,8.791103,2025-09-11 18:00:00
7.75,11.322079,2025-09-11 18:00:00
25.275,28.903032,2025-09-11 18:00:00
5.775,11.325706,2025-09-11 18:00:00
7.975,11.0000515,2025-09-11 18:00:00
2.375,10.607124,2025-09-11 19:00:00
9.05,10.527998,2025-09-11 19:00:00
5.775,12.867796,2025-09-11 19:00:00
7.75,9.457004,2025-09-11 19:00:00
23.0,29.23743,2025-09-11 19:00:00
19.125,32.222343,2025-09-11 20:00:00
8.875,9.337051,2025-09-11 20:00:00
4.225,11.170012,2025-09-11 20:00:00
7.825,9.141506,2025-09-11 20:00:00
8.15,13.656756,2025-09-11 20:00:00
10.925,10.179227,2025-09-11 21:00:00
7.775,8.708874,2025-09-11 21:00:00
19.85,29.504282,2025-09-11 21:00:00
9.1,15.180035,2025-09-11 21:00:00
7.0,17.02853,2025-09-11 21:00:00
9.4,18.129719,2025-09-11 22:00:00
9.5,16.065722,2025-09-11 22:00:00
7.425,8.658112,2025-09-11 22:00:00
20.975,30.909088,2025-09-11 22:00:00
11.925,11.407025,2025-09-11 22:00:00
7.225,7.29286,2025-09-11 23:00:00
9.8,12.853073,2025-09-11 23:00:00
20.75,29.399445,2025-09-11 23:00:00
10.975,15.492213,2025-09-11 23:00:00
9.8,16.95673,2025-09-11 23:00:00
8.375,11.140095,2025-09-12 00:00:00
7.2,10.743807,2025-09-12 00:00:00
4.5,14.948152,2025-09-12 00:00:00
24.5,26.262196,2025-09-12 00:00:00
13.175,15.4227085,2025-09-12 00:00:00
7.1,11.454988,2025-09-12 01:00:00
15.325,14.729339,2025-09-12 01:00:00
14.175,20.203878,2025-09-12 01:00:00
1.5,14.716336,2025-09-12 01:00:00
6.425,9.664134,2025-09-12 01:00:00
15.025,13.159258,2025-09-12 02:00:00
2.35,11.258269,2025-09-12 02:00:00
7.6,8.886303,2025-09-12 02:00:00
14.625,22.342432,2025-09-12 02:00:00
7.0,11.020777,2025-09-12 02:00:00
6.9,23.40667,2025-09-12 03:00:00
6.675,11.157702,2025-09-12 03:00:00
6.8,7.7902617,2025-09-12 03:00:00
4.05,10.466965,2025-09-12 03:00:00
14.775,14.023182,2025-09-12 03:00:00
6.775,10.823336,2025-09-12 04:00:00
1.7999999999999998,9.312283,2025-09-12 04:00:00
3.35,7.9521527,2025-09-12 04:00:00
13.075,12.588924,2025-09-12 04:00:00
6.5,23.278185,2025-09-12 04:00:00
12.1,11.93227,2025-09-12 05:00:00
1.4,10.258735,2025-09-12 05:00:00
5.6,25.931763,2025-09-12 05:00:00
7.05,10.78516,2025-09-12 05:00:00
1.8666666666666665,7.6080713,2025-09-12 05:00:00
1.8666666666666665,7.7156453,2025-09-12 06:00:00
7.025,10.096533,2025-09-12 06:00:00
1.625,11.325716,2025-09-12 06:00:00
6.725,29.565248,2025-09-12 06:00:00
12.375,11.449219,2025-09-12 06:00:00
7.05,11.9758625,2025-09-12 07:00:00
7.824999999999999,24.659025,2025-09-12 07:00:00
12.475,10.598156,2025-09-12 07:00:00
2.6,12.240689,2025-09-12 07:00:00
1.8666666666666665,7.2740154,2025-09-12 07:00:00
8.175,25.239614,2025-09-12 08:00:00
6.975,12.015442,2025-09-12 08:00:00
8.975,9.78033,2025-09-12 08:00:00
3.15,11.559636,2025-09-12 08:00:00
0.6,6.499717,2025-09-12 08:00:00
0.6,6.705861,2025-09-12 09:00:00
7.5,11.196089,2025-09-12 09:00:00
2.9,10.987059,2025-09-12 09:00:00
6.9,22.911264,2025-09-12 09:00:00
7.325,9.476577,2025-09-12 09:00:00
7.025,11.274576,2025-09-12 10:00:00
7.425,9.1790905,2025-09-12 10:00:00
2.9,6.458261,2025-09-12 10:00:00
3.25,11.3798275,2025-09-12 10:00:00
6.65,25.96879,2025-09-12 10:00:00
2.525,9.914901,2025-09-12 11:00:00
9.625,5.844844,2025-09-12 11:00:00
7.550000000000001,10.0211935,2025-09-12 11:00:00
7.475,10.9648285,2025-09-12 11:00:00
11.975,26.60487,2025-09-12 11:00:00
7.75,12.634293,2025-09-12 12:00:00
23.075,24.801334,2025-09-12 12:00:00
11.75,6.093145,2025-09-12 12:00:00
4.075,9.388099,2025-09-12 12:00:00
7.675,11.008214,2025-09-12 12:00:00
7.925,11.8796215,2025-09-12 13:00:00
7.25,10.243459,2025-09-12 13:00:00
11.7,6.976105,2025-09-12 13:00:00
23.05,21.910984,2025-09-12 13:00:00
2.7,10.027626,2025-09-12 13:00:00
11.1,8.213598,2025-09-12 14:00:00
4.175000000000001,10.040468,2025-09-12 14:00:00
7.375,11.053785,2025-09-12 14:00:00
8.325,11.163392,2025-09-12 14:00:00
23.55,26.249823,2025-09-12 14:00:00
24.425,26.88756,2025-09-12 15:00:00
4.35,9.886467,2025-09-12 15:00:00
11.525,7.5466466,2025-09-12 15:00:00
8.725,12.860221,2025-09-12 15:00:00
7.175,13.051901,2025-09-12 15:00:00
3.7,8.9693,2025-09-12 16:00:00
6.9,10.587615,2025-09-12 16:00:00
24.775,21.433271,2025-09-12 16:00:00
13.275,12.512866,2025-09-12 16:00:00
10.4,7.1602254,2025-09-12 16:00:00
25.525,21.615955,2025-09-12 17:00:00
4.025,8.986936,2025-09-12 17:00:00
15.75,10.6498575,2025-09-12 17:00:00
7.825,11.039983,2025-09-12 17:00:00
11.875,5.7759433,2025-09-12 17:00:00
12.1,7.3389745,2025-09-12 18:00:00
7.025,11.519249,2025-09-12 18:00:00
25.425,23.939959,2025-09-12 18:00:00
15.775,9.452338,2025-09-12 18:00:00
3.825,8.492464,2025-09-12 18:00:00
13.425,9.231888,2025-09-12 19:00:00
5.2,7.582078,2025-09-12 19:00:00
25.775,23.22778,2025-09-12 19:00:00
16.025,10.034846,2025-09-12 19:00:00
7.35,11.00498,2025-09-12 19:00:00
27.1,22.272789,2025-09-12 20:00:00
11.75,10.556942,2025-09-12 20:00:00
5.1,9.462943,2025-09-12 20:00:00
15.925,11.691495,2025-09-12 20:00:00
7.375,10.088014,2025-09-12 20:00:00
24.1,7.7639284,2025-09-12 21:00:00
7.725,9.139236,2025-09-12 21:00:00
5.55,9.051508,2025-09-12 21:00:00
9.65,11.942686,2025-09-12 21:00:00
27.125,16.702993,2025-09-12 21:00:00
9.6,10.646843,2025-09-12 22:00:00
7.525,8.774402,2025-09-12 22:00:00
26.55,7.8748493,2025-09-12 22:00:00
5.65,10.148277,2025-09-12 22:00:00
26.975,17.319754,2025-09-12 22:00:00
7.075,8.5273,2025-09-12 23:00:00
27.325,16.885813,2025-09-12 23:00:00
3.425,10.405549,2025-09-12 23:00:00
25.225,12.290829,2025-09-12 23:00:00
9.766666666666666,10.439373,2025-09-12 23:00:00
29.0,19.437452,2025-09-13 00:00:00
7.666666666666667,11.966977,2025-09-13 00:00:00
2.0,9.698666,2025-09-13 00:00:00
7.875,9.613165,2025-09-13 00:00:00
7.75,8.175904,2025-09-13 00:00:00
7.075,10.742612,2025-09-13 01:00:00
4.275,9.319073,2025-09-13 01:00:00
8.275,12.785058,2025-09-13 01:00:00
17.35,17.893204,2025-09-13 01:00:00
1.4333333333333331,8.630712,2025-09-13 01:00:00
6.875,15.478573,2025-09-13 02:00:00
3.3,8.327792,2025-09-13 02:00:00
2.05,6.862329,2025-09-13 02:00:00
8.225,17.890549,2025-09-13 02:00:00
8.175,12.23673,2025-09-13 02:00:00
8.475,11.894144,2025-09-13 03:00:00
1.1,6.1149993,2025-09-13 03:00:00
7.025,12.649905,2025-09-13 03:00:00
5.1000000000000005,7.3732285,2025-09-13 03:00:00
11.75,15.982409,2025-09-13 03:00:00
12.275,12.533709,2025-09-13 04:00:00
0.6,5.5617847,2025-09-13 04:00:00
25.4,16.46561,2025-09-13 04:00:00
1.325,6.228275,2025-09-13 04:00:00
9.0,12.193102,2025-09-13 04:00:00
9.0,13.785647,2025-09-13 05:00:00
0.6333333333333333,6.384061,2025-09-13 05:00:00
1.4,7.0684977,2025-09-13 05:00:00
14.95,12.380669,2025-09-13 05:00:00
26.075,16.026617,2025-09-13 05:00:00
1.75,6.926912,2025-09-13 06:00:00
15.275,11.803835,2025-09-13 06:00:00
27.325,17.485806,2025-09-13 06:00:00
9.0,12.852147,2025-09-13 06:00:00
0.5,6.5209713,2025-09-13 06:00:00
28.65,22.57554,2025-09-13 07:00:00
15.1,11.737881,2025-09-13 07:00:00
0.65,5.972771,2025-09-13 07:00:00
9.0,14.01071,2025-09-13 07:00:00
0.1,6.6285806,2025-09-13 07:00:00
8.675,11.21765,2025-09-13 08:00:00
0.4,6.657787,2025-09-13 08:00:00
0.275,6.4760075,2025-09-13 08:00:00
29.975,16.405783,2025-09-13 08:00:00
30.95,18.001755,2025-09-13 09:00:00
0.1,7.158679,2025-09-13 09:00:00
1.2,6.5501037,2025-09-13 09:00:00
4.925,10.978781,2025-09-13 09:00:00
4.9,10.927492,2025-09-13 10:00:00
30.55,16.228426,2025-09-13 10:00:00
0.1,5.5200973,2025-09-13 10:00:00
0.7999999999999999,6.05546,2025-09-13 10:00:00
0.6,6.3021955,2025-09-13 11:00:00
29.975,22.075068,2025-09-13 11:00:00
4.95,12.457379,2025-09-13 11:00:00
6.2,12.026052,2025-09-13 11:00:00
0.1,6.309206,2025-09-13 11:00:00
1.35,6.7531323,2025-09-13 12:00:00
31.075,16.920788,2025-09-13 12:00:00
14.433333333333332,15.152494,2025-09-13 12:00:00
0.1,10.445351,2025-09-13 12:00:00
7.75,13.179856,2025-09-13 12:00:00
0.7,6.5104065,2025-09-13 13:00:00
29.25,17.666065,2025-09-13 13:00:00
16.025,15.134635,2025-09-13 13:00:00
9.275,12.88332,2025-09-13 13:00:00
8.925,11.43186,2025-09-13 14:00:00
29.225,18.099468,2025-09-13 14:00:00
0.7,9.026098,2025-09-13 14:00:00
16.425,16.027576,2025-09-13 14:00:00
16.225,12.822004,2025-09-13 15:00:00
28.1,17.356815,2025-09-13 15:00:00
0.7,8.795305,2025-09-13 15:00:00
8.875,10.980509,2025-09-13 15:00:00
27.4,21.89747,2025-09-13 16:00:00
9.025,12.112306,2025-09-13 16:00:00
11.9,13.277505,2025-09-13 16:00:00
0.7,9.718321,2025-09-13 16:00:00
28.575,20.867626,2025-09-13 17:00:00
9.775,13.39152,2025-09-13 17:00:00
0.3,8.351573,2025-09-13 17:00:00
10.0,12.315734,2025-09-13 17:00:00
9.725,12.018311,2025-09-13 18:00:00
9.575,11.217346,2025-09-13 18:00:00
30.15,19.54867,2025-09-13 18:00:00
0.5,7.5578375,2025-09-13 18:00:00
9.3,12.704956,2025-09-13 19:00:00
27.375,19.987066,2025-09-13 19:00:00
0.5,9.050843,2025-09-13 19:00:00
9.925,14.751926,2025-09-13 19:00:00
29.625,14.655321,2025-09-13 20:00:00
0.6,7.9645796,2025-09-13 20:00:00
9.125,10.897671,2025-09-13 20:00:00
3.1,13.108405,2025-09-13 20:00:00
10.65,12.15359,2025-09-13 20:00:00
9.45,9.542678,2025-09-13 21:00:00
8.175,14.559083,2025-09-13 21:00:00
29.45,19.143646,2025-09-13 21:00:00
2.0,7.6482425,2025-09-13 21:00:00
10.8,12.041203,2025-09-13 21:00:00
10.875,11.325486,2025-09-13 22:00:00
10.175,18.461016,2025-09-13 22:00:00
1.875,7.6518908,2025-09-13 22:00:00
20.325,19.652191,2025-09-13 22:00:00
9.125,9.092366,2025-09-13 22:00:00
0.825,7.0846334,2025-09-13 23:00:00
9.425,9.067183,2025-09-13 23:00:00
8.4,17.113436,2025-09-13 23:00:00
9.375,19.465313,2025-09-13 23:00:00
10.8,10.604206,2025-09-13 23:00:00
7.525,16.615627,2025-09-14 00:00:00
11.2,11.137747,2025-09-14 00:00:00
15.775,23.675982,2025-09-14 00:00:00
7.666666666666667,12.630003,2025-09-14 00:00:00
2.033333333333333,5.7760468,2025-09-14 00:00:00
5.175,12.23123,2025-09-14 01:00:00
11.675,9.928557,2025-09-14 01:00:00
21.325,19.532227,2025-09-14 01:00:00
2.75,5.1064606,2025-09-14 01:00:00
7.475,13.053153,2025-09-14 01:00:00
7.1000000000000005,12.233416,2025-09-14 02:00:00
17.6,14.99576,2025-09-14 02:00:00
2.55,4.0794115,2025-09-14 02:00:00
5.7,11.345096,2025-09-14 02:00:00
11.35,10.644589,2025-09-14 02:00:00
11.4,11.005706,2025-09-14 03:00:00
7.15,11.744691,2025-09-14 03:00:00
5.55,11.741211,2025-09-14 03:00:00
16.0,15.256557,2025-09-14 03:00:00
3.475,5.00089,2025-09-14 03:00:00
1.3,9.806648,2025-09-14 04:00:00
3.425,5.05938,2025-09-14 04:00:00
7.05,10.156458,2025-09-14 04:00:00
15.625,15.000177,2025-09-14 04:00:00
6.199999999999999,11.50755,2025-09-14 04:00:00
1.1666666666666667,3.583794,2025-09-14 05:00:00
8.2,11.344533,2025-09-14 05:00:00
1.475,10.223702,2025-09-14 05:00:00
4.0,11.660093,2025-09-14 05:00:00
20.4,17.993269,2025-09-14 05:00:00
37.85,20.36001,2025-09-14 06:00:00
9.425,12.209274,2025-09-14 06:00:00
1.1,9.153602,2025-09-14 06:00:00
4.074999999999999,11.684601,2025-09-14 06:00:00
1.625,4.132037,2025-09-14 06:00:00
1.8,4.4238086,2025-09-14 07:00:00
4.025,11.43217,2025-09-14 07:00:00
40.225,19.987886,2025-09-14 07:00:00
8.65,12.62049,2025-09-14 07:00:00
0.1,10.158493,2025-09-14 07:00:00
3.1,4.6846585,2025-09-14 08:00:00
41.8,18.6479,2025-09-14 08:00:00
5.85,12.663136,2025-09-14 08:00:00
5.875,10.293338,2025-09-14 08:00:00
41.725,20.534492,2025-09-14 09:00:00
9.5,11.251051,2025-09-14 09:00:00
2.375,6.3640065,2025-09-14 09:00:00
6.625,11.438833,2025-09-14 09:00:00
6.925,11.031461,2025-09-14 10:00:00
45.65,18.718735,2025-09-14 10:00:00
9.675,10.439928,2025-09-14 10:00:00
2.05,7.2636003,2025-09-14 10:00:00
1.2,6.323267,2025-09-14 11:00:00
7.1,12.23995,2025-09-14 11:00:00
43.0,20.898146,2025-09-14 11:00:00
12.025,11.603035,2025-09-14 11:00:00
9.7,14.782108,2025-09-14 11:00:00
10.575,13.31592,2025-09-14 12:00:00
43.0,24.151445,2025-09-14 12:00:00
1.8,6.820439,2025-09-14 12:00:00
9.875,13.171152,2025-09-14 12:00:00
9.475,13.594237,2025-09-14 12:00:00
43.45,22.326689,2025-09-14 13:00:00
11.55,11.889035,2025-09-14 13:00:00
1.475,4.6914725,2025-09-14 13:00:00
9.0,12.331371,2025-09-14 13:00:00
39.875,22.517056,2025-09-14 14:00:00
0.95,6.6127825,2025-09-14 14:00:00
11.425,13.106588,2025-09-14 14:00:00
8.45,12.428085,2025-09-14 14:00:00
1.85,6.684182,2025-09-14 15:00:00
32.625,27.49068,2025-09-14 15:00:00
8.45,15.353203,2025-09-14 15:00:00
11.4,22.333246,2025-09-14 15:00:00
2.175,6.2992377,2025-09-14 16:00:00
8.35,14.252298,2025-09-14 16:00:00
28.5,29.539898,2025-09-14 16:00:00
14.475,15.860958,2025-09-14 16:00:00
2.3,5.4983664,2025-09-14 17:00:00
15.75,11.997389,2025-09-14 17:00:00
28.05,27.88954,2025-09-14 17:00:00
8.125,12.945356,2025-09-14 17:00:00
23.275,22.501677,2025-09-14 18:00:00
15.45,13.529439,2025-09-14 18:00:00
8.525,13.834678,2025-09-14 18:00:00
3.025,8.397602,2025-09-14 18:00:00
23.575,25.12241,2025-09-14 19:00:00
8.2,16.280157,2025-09-14 19:00:00
3.675,6.892724,2025-09-14 19:00:00
15.35,14.482828,2025-09-14 19:00:00
5.1,6.077263,2025-09-14 20:00:00
13.2,13.961212,2025-09-14 20:00:00
25.275,25.386732,2025-09-14 20:00:00
15.075,12.737188,2025-09-14 20:00:00
7.0,15.808314,2025-09-14 20:00:00
27.225,22.150942,2025-09-14 21:00:00
5.175,5.2269073,2025-09-14 21:00:00
22.45,16.25685,2025-09-14 21:00:00
7.75,12.703582,2025-09-14 21:00:00
12.275,13.412918,2025-09-14 21:00:00
7.525,11.260849,2025-09-14 22:00:00
4.075,6.033707,2025-09-14 22:00:00
26.15,22.788387,2025-09-14 22:00:00
12.475,12.6687765,2025-09-14 22:00:00
28.95,21.855152,2025-09-14 22:00:00
3.1,6.8235235,2025-09-14 23:00:00
28.4,22.073126,2025-09-14 23:00:00
23.975,18.070179,2025-09-14 23:00:00
12.633333333333333,12.858076,2025-09-14 23:00:00
7.175,12.16032,2025-09-14 23:00:00
3.266666666666667,5.5160475,2025-09-15 00:00:00
15.15,10.490822,2025-09-15 00:00:00
7.266666666666667,14.449252,2025-09-15 00:00:00
25.7,14.380682,2025-09-15 00:00:00
13.375,7.614442,2025-09-15 00:00:00
4.325,4.1109004,2025-09-15 01:00:00
7.0,13.936204,2025-09-15 01:00:00
11.825,6.6669707,2025-09-15 01:00:00
17.55,17.065174,2025-09-15 01:00:00
16.125,10.194174,2025-09-15 01:00:00
11.9,7.539201,2025-09-15 02:00:00
3.35,4.260266,2025-09-15 02:00:00
15.85,10.592766,2025-09-15 02:00:00
6.8,12.524695,2025-09-15 02:00:00
13.75,16.476591,2025-09-15 02:00:00
6.55,13.831494,2025-09-15 03:00:00
9.625,20.059223,2025-09-15 03:00:00
3.025,4.1166553,2025-09-15 03:00:00
11.85,7.534508,2025-09-15 03:00:00
15.725,10.043072,2025-09-15 03:00:00
23.9,10.263656,2025-09-15 04:00:00
11.0,18.682875,2025-09-15 04:00:00
8.4,7.7752767,2025-09-15 04:00:00
6.3,14.09612,2025-09-15 04:00:00
3.125,5.1620803,2025-09-15 04:00:00
7.875,7.6547594,2025-09-15 05:00:00
27.7,9.689976,2025-09-15 05:00:00
2.9,5.3014436,2025-09-15 05:00:00
6.15,13.604607,2025-09-15 05:00:00
13.45,18.793074,2025-09-15 05:00:00
13.525,23.743822,2025-09-15 06:00:00
2.225,4.702034,2025-09-15 06:00:00
27.45,9.177127,2025-09-15 06:00:00
6.5,13.580123,2025-09-15 06:00:00
5.95,7.9957757,2025-09-15 06:00:00
27.525,10.297901,2025-09-15 07:00:00
3.075,10.188188,2025-09-15 07:00:00
2.525,5.036976,2025-09-15 07:00:00
6.475,13.524745,2025-09-15 07:00:00
14.875,25.023405,2025-09-15 07:00:00
19.375,10.593035,2025-09-15 08:00:00
3.7,5.7391977,2025-09-15 08:00:00
6.45,14.197924,2025-09-15 08:00:00
1.2666666666666666,7.703372,2025-09-15 08:00:00
14.95,21.722717,2025-09-15 08:00:00
2.675,4.6856785,2025-09-15 09:00:00
15.475,11.675527,2025-09-15 09:00:00
15.7,21.35756,2025-09-15 09:00:00
1.2666666666666666,7.834349,2025-09-15 09:00:00
6.975,12.655659,2025-09-15 09:00:00
16.1,19.218435,2025-09-15 10:00:00
7.2,11.109231,2025-09-15 10:00:00
4.15,4.3920803,2025-09-15 10:00:00
15.475,10.126175,2025-09-15 10:00:00
1.2666666666666666,9.13876,2025-09-15 10:00:00
1.4666666666666668,7.8577623,2025-09-15 11:00:00
2.925,4.7523994,2025-09-15 11:00:00
15.65,10.75447,2025-09-15 11:00:00
15.725,16.596304,2025-09-15 11:00:00
7.5,11.524336,2025-09-15 11:00:00
3.85,7.3664217,2025-09-15 12:00:00
0.8,7.2792864,2025-09-15 12:00:00
15.325,25.026854,2025-09-15 12:00:00
17.5,9.98797,2025-09-15 12:00:00
5.8,11.67762,2025-09-15 12:00:00
0.65,7.718962,2025-09-15 13:00:00
4.175,12.460956,2025-09-15 13:00:00
3.475,8.835417,2025-09-15 13:00:00
18.4,10.241408,2025-09-15 13:00:00
17.725,23.416267,2025-09-15 13:00:00
18.425,12.451543,2025-09-15 14:00:00
3.125,11.59189,2025-09-15 14:00:00
4.2,12.004415,2025-09-15 14:00:00
20.65,22.634066,2025-09-15 14:00:00
0.65,7.7832623,2025-09-15 14:00:00
4.35,12.314644,2025-09-15 15:00:00
3.15,10.604512,2025-09-15 15:00:00
18.95,11.687754,2025-09-15 15:00:00
0.65,7.325428,2025-09-15 15:00:00
20.975,19.691679,2025-09-15 15:00:00
0.65,9.613658,2025-09-15 16:00:00
4.5,12.984327,2025-09-15 16:00:00
19.0,12.735407,2025-09-15 16:00:00
3.0,7.242025,2025-09-15 16:00:00
20.125,20.879354,2025-09-15 16:00:00
18.825,15.441644,2025-09-15 17:00:00
0.65,12.276718,2025-09-15 17:00:00
19.65,26.163065,2025-09-15 17:00:00
3.95,7.397581,2025-09-15 17:00:00
4.175,11.993029,2025-09-15 17:00:00
19.2,12.657916,2025-09-15 18:00:00
0.65,12.929885,2025-09-15 18:00:00
3.85,10.571646,2025-09-15 18:00:00
4.275,7.53522,2025-09-15 18:00:00
21.075,20.117682,2025-09-15 18:00:00
1.1,13.256935,2025-09-15 19:00:00
18.725,13.667484,2025-09-15 19:00:00
23.15,22.212774,2025-09-15 19:00:00
3.45,12.69539,2025-09-15 19:00:00
3.25,7.9376163,2025-09-15 19:00:00
2.5,16.417713,2025-09-15 20:00:00
16.025,11.705708,2025-09-15 20:00:00
22.925,18.798347,2025-09-15 20:00:00
3.35,5.172593,2025-09-15 20:00:00
2.35,15.744277,2025-09-15 20:00:00
14.55,12.937155,2025-09-15 21:00:00
2.4,13.733507,2025-09-15 21:00:00
22.566666666666663,20.024601,2025-09-15 21:00:00
4.0,5.983825,2025-09-15 21:00:00
3.975,25.274513,2025-09-15 21:00:00
21.875,19.588263,2025-09-15 22:00:00
14.575,12.128025,2025-09-15 22:00:00
2.125,12.4314785,2025-09-15 22:00:00
3.95,5.836186,2025-09-15 22:00:00
5.175,19.165073,2025-09-15 22:00:00
6.15,18.597897,2025-09-15 23:00:00
3.7,5.0075006,2025-09-15 23:00:00
14.2,11.444895,2025-09-15 23:00:00
1.625,10.826628,2025-09-15 23:00:00
23.775,15.553528,2025-09-15 23:00:00
4.533333333333333,5.0673313,2025-09-16 00:00:00
17.375,11.73058,2025-09-16 00:00:00
2.1666666666666665,11.599499,2025-09-16 00:00:00
22.575,15.07959,2025-09-16 00:00:00
13.175,16.44344,2025-09-16 00:00:00
16.675,18.750187,2025-09-16 01:00:00
14.625,15.868879,2025-09-16 01:00:00
6.1,5.493975,2025-09-16 01:00:00
2.925,11.367522,2025-09-16 01:00:00
18.675,12.11985,2025-09-16 01:00:00
5.9,5.123765,2025-09-16 02:00:00
15.3,14.966326,2025-09-16 02:00:00
14.05,24.098488,2025-09-16 02:00:00
2.4,11.995012,2025-09-16 02:00:00
18.725,12.84719,2025-09-16 02:00:00
18.6,11.5277815,2025-09-16 03:00:00
17.95,16.649048,2025-09-16 03:00:00
15.55,16.238592,2025-09-16 03:00:00
5.9,5.6118555,2025-09-16 03:00:00
2.75,11.772608,2025-09-16 03:00:00
2.475,10.49659,2025-09-16 04:00:00
13.15,13.861458,2025-09-16 04:00:00
11.925,11.506491,2025-09-16 04:00:00
21.45,15.718964,2025-09-16 04:00:00
5.375,4.451506,2025-09-16 04:00:00
5.05,4.329087,2025-09-16 05:00:00
1.825,12.063912,2025-09-16 05:00:00
21.175,20.1432,2025-09-16 05:00:00
8.375,11.556558,2025-09-16 05:00:00
12.925,12.982084,2025-09-16 05:00:00
12.35,8.3169565,2025-09-16 06:00:00
2.35,11.214537,2025-09-16 06:00:00
5.875,5.04469,2025-09-16 06:00:00
22.25,15.423488,2025-09-16 06:00:00
8.525,15.1636915,2025-09-16 06:00:00
8.825,14.218377,2025-09-16 07:00:00
21.925,16.762691,2025-09-16 07:00:00
1.9,11.498885,2025-09-16 07:00:00
12.75,8.817061,2025-09-16 07:00:00
6.375,6.2790136,2025-09-16 07:00:00
2.375,11.367738,2025-09-16 08:00:00
22.775,14.033345,2025-09-16 08:00:00
7.475,11.750343,2025-09-16 08:00:00
5.475,5.398375,2025-09-16 08:00:00
14.05,9.948774,2025-09-16 08:00:00
7.05,11.318311,2025-09-16 09:00:00
2.625,11.028157,2025-09-16 09:00:00
13.75,8.184793,2025-09-16 09:00:00
5.075,5.673479,2025-09-16 09:00:00
23.75,14.277914,2025-09-16 09:00:00
7.05,12.941173,2025-09-16 10:00:00
25.575,16.842766,2025-09-16 10:00:00
6.625,5.715926,2025-09-16 10:00:00
2.625,12.707488,2025-09-16 10:00:00
12.925,7.300626,2025-09-16 10:00:00
3.2,10.748661,2025-09-16 11:00:00
6.15,5.8931203,2025-09-16 11:00:00
7.05,14.468639,2025-09-16 11:00:00
23.75,31.14426,2025-09-16 11:00:00
13.625,8.481493,2025-09-16 11:00:00
22.525,14.745251,2025-09-16 12:00:00
5.3,6.6699305,2025-09-16 12:00:00
8.625,11.769635,2025-09-16 12:00:00
3.95,12.441418,2025-09-16 12:00:00
13.15,11.063419,2025-09-16 12:00:00
4.45,11.50883,2025-09-16 13:00:00
22.975,15.751231,2025-09-16 13:00:00
9.075,11.37327,2025-09-16 13:00:00
13.575,11.039229,2025-09-16 13:00:00
4.925,7.1331525,2025-09-16 13:00:00
3.675,14.438429,2025-09-16 14:00:00
9.125,12.146644,2025-09-16 14:00:00
22.675,16.243008,2025-09-16 14:00:00
13.9,14.4431925,2025-09-16 14:00:00
5.45,8.401377,2025-09-16 14:00:00
3.55,13.021851,2025-09-16 15:00:00
9.075,11.818449,2025-09-16 15:00:00
23.625,16.09517,2025-09-16 15:00:00
5.3500000000000005,7.0358505,2025-09-16 15:00:00
14.25,13.586086,2025-09-16 15:00:00
10.0,14.865034,2025-09-16 16:00:00
5.8,6.226679,2025-09-16 16:00:00
11.85,11.843497,2025-09-16 16:00:00
23.275,19.097979,2025-09-16 16:00:00
3.6,12.316124,2025-09-16 16:00:00
10.6,14.732373,2025-09-16 17:00:00
3.575,11.916214,2025-09-16 17:00:00
5.825,5.3051186,2025-09-16 17:00:00
19.775,20.290314,2025-09-16 17:00:00
10.325,12.3181305,2025-09-16 17:00:00
10.4,11.561839,2025-09-16 18:00:00
3.25,10.767979,2025-09-16 18:00:00
5.675,7.763859,2025-09-16 18:00:00
19.3,18.319658,2025-09-16 18:00:00
11.275,11.575107,2025-09-16 18:00:00
3.7,12.830784,2025-09-16 19:00:00
13.725,14.433675,2025-09-16 19:00:00
23.4,17.524965,2025-09-16 19:00:00
10.6,12.526403,2025-09-16 19:00:00
6.625,7.572125,2025-09-16 19:00:00
13.275,11.77373,2025-09-16 20:00:00
6.15,6.7987595,2025-09-16 20:00:00
15.775,10.184868,2025-09-16 20:00:00
21.225,19.682495,2025-09-16 20:00:00
3.4,11.325941,2025-09-16 20:00:00
20.175,22.031816,2025-09-16 21:00:00
7.050000000000001,6.4964542,2025-09-16 21:00:00
3.475,9.124718,2025-09-16 21:00:00
14.375,12.741643,2025-09-16 21:00:00
16.75,13.832548,2025-09-16 21:00:00
20.6,21.116848,2025-09-16 22:00:00
19.225,19.410353,2025-09-16 22:00:00
3.625,8.311659,2025-09-16 22:00:00
6.550000000000001,5.413752,2025-09-16 22:00:00
14.6,12.677592,2025-09-16 22:00:00
6.925,4.1959853,2025-09-16 23:00:00
14.8,13.236748,2025-09-16 23:00:00
17.825,15.946839,2025-09-16 23:00:00
4.175,7.9949203,2025-09-16 23:00:00
21.65,21.4512,2025-09-16 23:00:00
22.75,20.208881,2025-09-17 00:00:00
17.85,11.564085,2025-09-17 00:00:00
15.025,12.96801,2025-09-17 00:00:00
3.6666666666666665,9.933745,2025-09-17 00:00:00
3.2,3.4539208,2025-09-17 00:00:00
1.175,4.82685,2025-09-17 01:00:00
14.725,13.774866,2025-09-17 01:00:00
3.975,11.011344,2025-09-17 01:00:00
22.425,17.655134,2025-09-17 01:00:00
18.725,16.69651,2025-09-17 01:00:00
19.0,16.492561,2025-09-17 02:00:00
3.6,10.397296,2025-09-17 02:00:00
21.775,18.93143,2025-09-17 02:00:00
14.5,14.877113,2025-09-17 02:00:00
2.2,6.8535366,2025-09-17 02:00:00
3.6,10.38962,2025-09-17 03:00:00
19.625,12.195706,2025-09-17 03:00:00
2.8,5.8573365,2025-09-17 03:00:00
19.975,16.109314,2025-09-17 03:00:00
14.825,13.133299,2025-09-17 03:00:00
3.2,8.885459,2025-09-17 04:00:00
2.175,4.8255124,2025-09-17 04:00:00
18.775,12.497147,2025-09-17 04:00:00
19.0,16.182718,2025-09-17 04:00:00
17.95,12.291748,2025-09-17 04:00:00
20.975,11.82663,2025-09-17 05:00:00
15.4,9.801386,2025-09-17 05:00:00
3.35,8.988378,2025-09-17 05:00:00
21.35,17.008661,2025-09-17 05:00:00
3.825,4.8160415,2025-09-17 05:00:00
2.025,4.7897086,2025-09-17 06:00:00
20.55,17.937775,2025-09-17 06:00:00
14.05,11.076115,2025-09-17 06:00:00
3.525,9.755921,2025-09-17 06:00:00
21.15,11.277548,2025-09-17 06:00:00
1.975,5.4938984,2025-09-17 07:00:00
11.975,11.778855,2025-09-17 07:00:00
3.725,12.538544,2025-09-17 07:00:00
21.35,10.900773,2025-09-17 07:00:00
21.1,16.9808,2025-09-17 07:00:00
11.475,9.991169,2025-09-17 08:00:00
4.375,11.852621,2025-09-17 08:00:00
21.35,18.081226,2025-09-17 08:00:00
2.2,6.576682,2025-09-17 08:00:00
14.0,10.948659,2025-09-17 08:00:00
4.25,9.7768545,2025-09-17 09:00:00
1.65,6.561515,2025-09-17 09:00:00
11.55,11.487215,2025-09-17 09:00:00
10.575,13.4025345,2025-09-17 09:00:00
22.0,17.450224,2025-09-17 09:00:00
26.975,16.583769,2025-09-17 10:00:00
4.275,10.648331,2025-09-17 10:00:00
10.8,10.74762,2025-09-17 10:00:00
1.9,7.547578,2025-09-17 10:00:00
11.75,9.054024,2025-09-17 10:00:00
4.825,13.393218,2025-09-17 11:00:00
11.35,8.570753,2025-09-17 11:00:00
26.325,17.711426,2025-09-17 11:00:00
4.866666666666666,6.777002,2025-09-17 11:00:00
10.525,13.554046,2025-09-17 11:00:00
7.725,7.961554,2025-09-17 12:00:00
11.6,10.619481,2025-09-17 12:00:00
28.075,23.5611,2025-09-17 12:00:00
5.375,15.201685,2025-09-17 12:00:00
13.9,13.543798,2025-09-17 12:00:00
15.05,15.069653,2025-09-17 13:00:00
25.75,25.862223,2025-09-17 13:00:00
10.675,9.783964,2025-09-17 13:00:00
9.275,7.982131,2025-09-17 13:00:00
5.35,13.53366,2025-09-17 13:00:00
9.275,10.670203,2025-09-17 14:00:00
23.95,20.64394,2025-09-17 14:00:00
4.8,14.075928,2025-09-17 14:00:00
11.3,8.46023,2025-09-17 14:00:00
14.75,10.224497,2025-09-17 14:00:00
4.925,11.1399555,2025-09-17 15:00:00
25.375,21.185179,2025-09-17 15:00:00
9.5,6.0783906,2025-09-17 15:00:00
11.275,8.305156,2025-09-17 15:00:00
14.875,11.771773,2025-09-17 15:00:00
11.525,11.37692,2025-09-17 16:00:00
27.2,22.9079,2025-09-17 16:00:00
4.625,10.292656,2025-09-17 16:00:00
17.825,12.177781,2025-09-17 16:00:00
8.2,9.6743145,2025-09-17 16:00:00
18.875,12.034419,2025-09-17 17:00:00
43.275,21.307487,2025-09-17 17:00:00
4.525,8.778791,2025-09-17 17:00:00
12.25,9.717899,2025-09-17 17:00:00
8.575,6.794906,2025-09-17 17:00:00
9.875,6.9978075,2025-09-17 18:00:00
3.9,8.319955,2025-09-17 18:00:00
35.475,18.02189,2025-09-17 18:00:00
13.35,10.725024,2025-09-17 18:00:00
18.7,15.035779,2025-09-17 18:00:00
21.975,17.472527,2025-09-17 19:00:00
15.675,16.596716,2025-09-17 19:00:00
4.775,8.96187,2025-09-17 19:00:00
18.525,12.4446335,2025-09-17 19:00:00
11.1,6.5410724,2025-09-17 19:00:00
4.575,8.021568,2025-09-17 20:00:00
11.3,6.9715548,2025-09-17 20:00:00
18.625,14.193459,2025-09-17 20:00:00
49.075,18.875992,2025-09-17 20:00:00
15.7,12.0538225,2025-09-17 20:00:00
40.6,17.674683,2025-09-17 21:00:00
9.075,7.502559,2025-09-17 21:00:00
4.6,7.570875,2025-09-17 21:00:00
14.325,12.52432,2025-09-17 21:00:00
25.925,15.237396,2025-09-17 21:00:00
30.875,16.209867,2025-09-17 22:00:00
27.45,18.26593,2025-09-17 22:00:00
4.1,6.931205,2025-09-17 22:00:00
8.85,7.9037704,2025-09-17 22:00:00
14.125,12.6640415,2025-09-17 22:00:00
28.35,16.673906,2025-09-17 23:00:00
4.275,7.4255934,2025-09-17 23:00:00
19.675,15.80529,2025-09-17 23:00:00
9.625,7.6583643,2025-09-17 23:00:00
14.2,12.021598,2025-09-17 23:00:00
22.175,15.191082,2025-09-18 00:00:00
15.8,17.731085,2025-09-18 00:00:00
1.2,8.854151,2025-09-18 00:00:00
12.65,11.659068,2025-09-18 00:00:00
9.233333333333333,6.786288,2025-09-18 00:00:00
1.2,10.778667,2025-09-18 01:00:00
13.375,17.615746,2025-09-18 01:00:00
12.3,13.116684,2025-09-18 01:00:00
9.15,5.708245,2025-09-18 01:00:00
26.35,12.662142,2025-09-18 01:00:00
12.075,13.139823,2025-09-18 02:00:00
14.15,19.218113,2025-09-18 02:00:00
8.4,4.7799616,2025-09-18 02:00:00
1.2,10.015659,2025-09-18 02:00:00
26.2,13.841817,2025-09-18 02:00:00
1.2,10.301143,2025-09-18 03:00:00
11.9,12.275435,2025-09-18 03:00:00
6.4,4.3096414,2025-09-18 03:00:00
24.95,13.927358,2025-09-18 03:00:00
13.1,17.421677,2025-09-18 03:00:00
9.475,14.712713,2025-09-18 04:00:00
14.825,12.308538,2025-09-18 04:00:00
6.75,4.176251,2025-09-18 04:00:00
25.925,14.889885,2025-09-18 04:00:00
9.775,12.719744,2025-09-18 05:00:00
6.625,4.518238,2025-09-18 05:00:00
25.525,15.41176,2025-09-18 05:00:00
16.0,13.938292,2025-09-18 05:00:00
8.375,13.094904,2025-09-18 06:00:00
24.75,16.030247,2025-09-18 06:00:00
7.225,4.7627363,2025-09-18 06:00:00
16.125,12.117942,2025-09-18 06:00:00
16.325,11.574156,2025-09-18 07:00:00
8.649999999999999,13.930434,2025-09-18 07:00:00
7.825,4.436976,2025-09-18 07:00:00
26.9,17.18048,2025-09-18 07:00:00
13.15,11.867896,2025-09-18 08:00:00
25.7,17.094227,2025-09-18 08:00:00
8.475,4.156797,2025-09-18 08:00:00
6.975,13.300843,2025-09-18 08:00:00
24.025,16.762701,2025-09-18 09:00:00
11.175,11.6294565,2025-09-18 09:00:00
3.55,13.78968,2025-09-18 09:00:00
8.15,4.933794,2025-09-18 09:00:00
7.35,5.0661774,2025-09-18 10:00:00
2.525,13.796663,2025-09-18 10:00:00
23.925,17.116873,2025-09-18 10:00:00
11.0,11.971912,2025-09-18 10:00:00
24.775,16.977646,2025-09-18 11:00:00
11.35,12.2092085,2025-09-18 11:00:00
1.5666666666666664,9.129774,2025-09-18 11:00:00
1.0333333333333334,14.108438,2025-09-18 11:00:00
6.725,5.2521315,2025-09-18 11:00:00
2.3,10.413537,2025-09-18 12:00:00
25.3,17.44409,2025-09-18 12:00:00
15.25,12.479937,2025-09-18 12:00:00
0.3,13.065165,2025-09-18 12:00:00
6.25,6.134406,2025-09-18 12:00:00
5.7,7.1997604,2025-09-18 13:00:00
16.725,13.178284,2025-09-18 13:00:00
27.75,18.56405,2025-09-18 13:00:00
2.625,11.983009,2025-09-18 13:00:00
0.65,13.631099,2025-09-18 13:00:00
0.7,11.530498,2025-09-18 14:00:00
2.95,9.540842,2025-09-18 14:00:00
7.1,7.72138,2025-09-18 14:00:00
29.725,15.532151,2025-09-18 14:00:00
16.7,13.92264,2025-09-18 14:00:00
3.3,9.304863,2025-09-18 15:00:00
7.65,7.779178,2025-09-18 15:00:00
0.7,12.501794,2025-09-18 15:00:00
16.8,13.748793,2025-09-18 15:00:00
31.225,16.961908,2025-09-18 15:00:00
3.825,8.750534,2025-09-18 16:00:00
11.525,13.8235445,2025-09-18 16:00:00
31.025,20.321386,2025-09-18 16:00:00
7.95,8.063548,2025-09-18 16:00:00
0.7,11.87076,2025-09-18 16:00:00
3.125,8.748016,2025-09-18 17:00:00
30.8,19.625975,2025-09-18 17:00:00
0.7,13.261502,2025-09-18 17:00:00
8.875,13.418389,2025-09-18 17:00:00
8.05,7.909037,2025-09-18 17:00:00
3.075,8.98619,2025-09-18 18:00:00
34.575,19.008226,2025-09-18 18:00:00
7.25,7.997433,2025-09-18 18:00:00
8.625,13.278282,2025-09-18 18:00:00
8.575,13.248489,2025-09-18 19:00:00
0.7666666666666666,15.0245075,2025-09-18 19:00:00
2.85,8.488332,2025-09-18 19:00:00
6.574999999999999,9.315199,2025-09-18 19:00:00
35.2,20.502668,2025-09-18 19:00:00
6.9,9.958284,2025-09-18 20:00:00
2.75,8.325695,2025-09-18 20:00:00
38.775,18.489546,2025-09-18 20:00:00
14.775,12.303217,2025-09-18 20:00:00
0.975,16.091158,2025-09-18 20:00:00
2.625,15.858551,2025-09-18 21:00:00
6.4,9.827362,2025-09-18 21:00:00
2.625,8.214968,2025-09-18 21:00:00
41.3,23.17364,2025-09-18 21:00:00
18.15,13.155228,2025-09-18 21:00:00
17.95,12.661445,2025-09-18 22:00:00
2.175,7.4386153,2025-09-18 22:00:00
44.075,21.700287,2025-09-18 22:00:00
6.175,7.784803,2025-09-18 22:00:00
6.55,18.874887,2025-09-18 22:00:00
41.7,19.833303,2025-09-18 23:00:00
2.225,7.783609,2025-09-18 23:00:00
7.125,16.82334,2025-09-18 23:00:00
17.866666666666664,12.583631,2025-09-18 23:00:00
8.375,6.5851974,2025-09-18 23:00:00
11.0,6.6127067,2025-09-19 00:00:00
11.85,16.039454,2025-09-19 00:00:00
1.4,9.213425,2025-09-19 00:00:00
16.575,12.491316,2025-09-19 00:00:00
31.275,18.793598,2025-09-19 00:00:00
15.975,11.820986,2025-09-19 01:00:00
11.675,7.251279,2025-09-19 01:00:00
10.825,17.949486,2025-09-19 01:00:00
18.025,16.348894,2025-09-19 01:00:00
1.45,10.928515,2025-09-19 01:00:00
15.775,10.84221,2025-09-19 02:00:00
9.95,6.2492323,2025-09-19 02:00:00
11.55,14.953833,2025-09-19 02:00:00
1.7,10.383239,2025-09-19 02:00:00
14.75,22.36135,2025-09-19 02:00:00
8.95,6.272816,2025-09-19 03:00:00
13.175,15.487866,2025-09-19 03:00:00
15.825,10.773003,2025-09-19 03:00:00
20.575,18.969336,2025-09-19 03:00:00
1.325,10.697465,2025-09-19 03:00:00
11.25,14.303661,2025-09-19 04:00:00
8.850000000000001,5.5072293,2025-09-19 04:00:00
24.45,18.542942,2025-09-19 04:00:00
10.75,11.431989,2025-09-19 04:00:00
10.175,11.272407,2025-09-19 05:00:00
10.75,12.750809,2025-09-19 05:00:00
8.125,5.6615214,2025-09-19 05:00:00
25.075000000000003,18.5752,2025-09-19 05:00:00
9.1,5.2816186,2025-09-19 06:00:00
27.75,17.333107,2025-09-19 06:00:00
11.25,10.618777,2025-09-19 06:00:00
10.75,13.582675,2025-09-19 06:00:00
10.3,5.873809,2025-09-19 07:00:00
23.3,17.016193,2025-09-19 07:00:00
12.95,11.322323,2025-09-19 07:00:00
10.75,13.180085,2025-09-19 07:00:00
20.775,19.362392,2025-09-19 08:00:00
8.233333333333334,12.492937,2025-09-19 08:00:00
10.85,6.171732,2025-09-19 08:00:00
11.175,10.812634,2025-09-19 08:00:00
9.375,12.672833,2025-09-19 09:00:00
19.725,18.661573,2025-09-19 09:00:00
8.6,12.0014515,2025-09-19 09:00:00
10.55,7.9220223,2025-09-19 09:00:00
9.35,12.833121,2025-09-19 10:00:00
19.1,21.931383,2025-09-19 10:00:00
7.675,11.22892,2025-09-19 10:00:00
9.525,8.367158,2025-09-19 10:00:00
8.774999999999999,12.061416,2025-09-19 11:00:00
6.475,8.712592,2025-09-19 11:00:00
18.825,16.83408,2025-09-19 11:00:00
9.725,11.743477,2025-09-19 11:00:00
6.075,9.272725,2025-09-19 12:00:00
8.5,7.559743,2025-09-19 12:00:00
9.625,19.402761,2025-09-19 12:00:00
12.0,12.45993,2025-09-19 12:00:00
17.275,22.529642,2025-09-19 13:00:00
8.45,7.5919666,2025-09-19 13:00:00
3.9,8.629862,2025-09-19 13:00:00
13.25,12.430224,2025-09-19 13:00:00
5.15,9.649907,2025-09-19 14:00:00
13.4,19.03102,2025-09-19 14:00:00
8.375,7.2474504,2025-09-19 14:00:00
13.025,11.698859,2025-09-19 14:00:00
3.2,8.513839,2025-09-19 15:00:00
4.325,8.279596,2025-09-19 15:00:00
10.1,9.552714,2025-09-19 15:00:00
12.85,12.74881,2025-09-19 15:00:00
13.575,26.822298,2025-09-19 15:00:00
5.0,8.295673,2025-09-19 16:00:00
17.525,25.511972,2025-09-19 16:00:00
10.95,7.47624,2025-09-19 16:00:00
4.5,7.978048,2025-09-19 16:00:00
8.825,12.159255,2025-09-19 16:00:00
5.325,8.396639,2025-09-19 17:00:00
6.975,11.956982,2025-09-19 17:00:00
10.575,7.596469,2025-09-19 17:00:00
18.225,27.911383,2025-09-19 17:00:00
4.225,10.793622,2025-09-19 17:00:00
10.575,8.5771475,2025-09-19 18:00:00
4.025,11.913058,2025-09-19 18:00:00
6.975,11.568423,2025-09-19 18:00:00
16.125,25.257484,2025-09-19 18:00:00
9.775,7.5172744,2025-09-19 19:00:00
3.85,10.773731,2025-09-19 19:00:00
6.775,12.902923,2025-09-19 19:00:00
18.7,25.543257,2025-09-19 19:00:00
4.975,9.777327,2025-09-19 19:00:00
5.65,13.893312,2025-09-19 20:00:00
12.35,32.87598,2025-09-19 20:00:00
8.6,7.82167,2025-09-19 20:00:00
7.1,13.749346,2025-09-19 20:00:00
4.45,10.465877,2025-09-19 20:00:00
4.875,9.907226,2025-09-19 21:00:00
4.8500000000000005,13.889686,2025-09-19 21:00:00
8.3,7.853317,2025-09-19 21:00:00
8.625,17.69688,2025-09-19 21:00:00
18.5,36.40889,2025-09-19 21:00:00
5.15,9.800161,2025-09-19 22:00:00
4.8,14.431837,2025-09-19 22:00:00
9.15,18.626692,2025-09-19 22:00:00
25.175,24.303968,2025-09-19 22:00:00
8.675,8.343643,2025-09-19 22:00:00
5.75,9.573425,2025-09-19 23:00:00
10.9,17.290998,2025-09-19 23:00:00
10.25,7.4238844,2025-09-19 23:00:00
4.833333333333333,15.230412,2025-09-19 23:00:00
24.45,23.148193,2025-09-19 23:00:00
10.575,13.54289,2025-09-20 00:00:00
25.95,21.1631,2025-09-20 00:00:00
15.375,9.245048,2025-09-20 00:00:00
11.433333333333332,8.093909,2025-09-20 00:00:00
5.2,9.774653,2025-09-20 00:00:00
12.45,10.266774,2025-09-20 01:00:00
13.35,13.92188,2025-09-20 01:00:00
15.8,10.293388,2025-09-20 01:00:00
27.3,25.184738,2025-09-20 01:00:00
4.425,9.404271,2025-09-20 01:00:00
15.95,11.936974,2025-09-20 02:00:00
11.8,10.293306,2025-09-20 02:00:00
13.625,13.576026,2025-09-20 02:00:00
30.625,19.979116,2025-09-20 02:00:00
3.7,10.029669,2025-09-20 02:00:00
33.125,17.319454,2025-09-20 03:00:00
9.675,9.014375,2025-09-20 03:00:00
13.55,13.457741,2025-09-20 03:00:00
16.675,10.074228,2025-09-20 03:00:00
4.025,10.220355,2025-09-20 03:00:00
3.3,8.9203615,2025-09-20 04:00:00
8.55,7.247953,2025-09-20 04:00:00
12.9,12.875341,2025-09-20 04:00:00
13.425,9.610256,2025-09-20 04:00:00
31.950000000000003,21.11888,2025-09-20 04:00:00
8.6,7.46488,2025-09-20 05:00:00
12.7,11.801044,2025-09-20 05:00:00
3.35,9.327727,2025-09-20 05:00:00
13.35,9.749801,2025-09-20 05:00:00
32.25,23.575596,2025-09-20 05:00:00
30.475,25.416693,2025-09-20 06:00:00
13.7,10.127691,2025-09-20 06:00:00
3.375,8.801108,2025-09-20 06:00:00
12.875,11.637815,2025-09-20 06:00:00
9.675,7.710673,2025-09-20 06:00:00
16.025,10.632275,2025-09-20 07:00:00
11.0,8.541957,2025-09-20 07:00:00
12.925,11.005057,2025-09-20 07:00:00
33.2,24.990484,2025-09-20 07:00:00
4.1,8.836624,2025-09-20 07:00:00
10.775,9.091817,2025-09-20 08:00:00
35.125,21.55737,2025-09-20 08:00:00
4.275,11.574113,2025-09-20 08:00:00
9.875,11.4344225,2025-09-20 08:00:00
14.4,11.310239,2025-09-20 08:00:00
4.375,10.301145,2025-09-20 09:00:00
33.900000000000006,21.627756,2025-09-20 09:00:00
8.6,11.048798,2025-09-20 09:00:00
11.65,12.084706,2025-09-20 09:00:00
14.475,13.238992,2025-09-20 09:00:00
11.475,12.280801,2025-09-20 10:00:00
33.625,18.872984,2025-09-20 10:00:00
13.375,10.706317,2025-09-20 10:00:00
8.75,10.40031,2025-09-20 10:00:00
9.55,12.214143,2025-09-20 11:00:00
8.725,14.994691,2025-09-20 11:00:00
27.1,20.964611,2025-09-20 11:00:00
12.1,8.885002,2025-09-20 11:00:00
9.7,11.472221,2025-09-20 12:00:00
31.275,21.236544,2025-09-20 12:00:00
11.775,10.053913,2025-09-20 12:00:00
5.575,12.492921,2025-09-20 12:00:00
12.2,11.940763,2025-09-20 13:00:00
4.075,12.446903,2025-09-20 13:00:00
9.075,13.050795,2025-09-20 13:00:00
34.725,18.521074,2025-09-20 13:00:00
9.05,10.087427,2025-09-20 14:00:00
33.275,18.154955,2025-09-20 14:00:00
4.225,12.536312,2025-09-20 14:00:00
10.6,10.02227,2025-09-20 14:00:00
10.85,9.308449,2025-09-20 15:00:00
4.2,25.433392,2025-09-20 15:00:00
34.075,18.664537,2025-09-20 15:00:00
10.5,10.1731,2025-09-20 15:00:00
3.825,11.423791,2025-09-20 15:00:00
34.2,17.065285,2025-09-20 16:00:00
10.425,8.387718,2025-09-20 16:00:00
11.475,10.505136,2025-09-20 16:00:00
3.35,12.30231,2025-09-20 16:00:00
3.675,19.725931,2025-09-20 16:00:00
4.125,14.418481,2025-09-20 17:00:00
12.15,11.839621,2025-09-20 17:00:00
3.025,10.765192,2025-09-20 17:00:00
32.325,17.704395,2025-09-20 17:00:00
10.25,8.837293,2025-09-20 17:00:00
4.675,11.000866,2025-09-20 18:00:00
11.475,10.658728,2025-09-20 18:00:00
12.425,11.982705,2025-09-20 18:00:00
3.075,10.105398,2025-09-20 18:00:00
36.775,16.645563,2025-09-20 18:00:00
34.35,17.771795,2025-09-20 19:00:00
4.25,11.39998,2025-09-20 19:00:00
10.4,11.358131,2025-09-20 19:00:00
13.225,10.628016,2025-09-20 19:00:00
3.0,11.283947,2025-09-20 19:00:00
15.375,9.604402,2025-09-20 20:00:00
33.75,14.451344,2025-09-20 20:00:00
9.475,10.187339,2025-09-20 20:00:00
4.05,11.3154,2025-09-20 20:00:00
7.975,11.203407,2025-09-20 20:00:00
14.575,10.4990015,2025-09-20 21:00:00
3.15,8.69193,2025-09-20 21:00:00
9.075,8.1309595,2025-09-20 21:00:00
10.4,12.633871,2025-09-20 21:00:00
33.875,17.486704,2025-09-20 21:00:00
35.225,19.169865,2025-09-20 22:00:00
10.3,13.228915,2025-09-20 22:00:00
9.425,8.347585,2025-09-20 22:00:00
3.1,9.0861435,2025-09-20 22:00:00
17.2,11.676566,2025-09-20 22:00:00
10.9,8.909695,2025-09-20 23:00:00
10.2,13.076216,2025-09-20 23:00:00
3.225,9.7983675,2025-09-20 23:00:00
18.075,11.248357,2025-09-20 23:00:00
36.625,24.018007,2025-09-20 23:00:00
2.466666666666667,13.051582,2025-09-21 00:00:00
11.3,10.172335,2025-09-21 00:00:00
9.55,12.528396,2025-09-21 00:00:00
16.4,13.638476,2025-09-21 00:00:00
28.475,27.730013,2025-09-21 00:00:00
24.625,23.258604,2025-09-21 01:00:00
15.45,15.10599,2025-09-21 01:00:00
2.375,13.065473,2025-09-21 01:00:00
9.2,12.099259,2025-09-21 01:00:00
10.475,10.558984,2025-09-21 01:00:00
2.1,13.19562,2025-09-21 02:00:00
28.775,26.172771,2025-09-21 02:00:00
11.35,11.443785,2025-09-21 02:00:00
16.15,15.252585,2025-09-21 02:00:00
9.2,13.397906,2025-09-21 02:00:00
8.8,10.377314,2025-09-21 03:00:00
15.675,14.217051,2025-09-21 03:00:00
2.075,12.736668,2025-09-21 03:00:00
9.275,13.034387,2025-09-21 03:00:00
27.85,28.45847,2025-09-21 03:00:00
11.975,12.232199,2025-09-21 04:00:00
2.15,12.994287,2025-09-21 04:00:00
7.85,8.950935,2025-09-21 04:00:00
24.975,34.62892,2025-09-21 04:00:00
11.75,13.085108,2025-09-21 04:00:00
11.525,12.645335,2025-09-21 05:00:00
7.725,7.6790423,2025-09-21 05:00:00
1.9,16.722603,2025-09-21 05:00:00
13.025,12.083936,2025-09-21 05:00:00
22.8,28.728691,2025-09-21 05:00:00
13.3,12.146833,2025-09-21 06:00:00
2.475,16.894707,2025-09-21 06:00:00
11.925,12.713326,2025-09-21 06:00:00
8.925,8.403462,2025-09-21 06:00:00
25.15,28.945253,2025-09-21 06:00:00
13.2,12.533668,2025-09-21 07:00:00
24.975,25.895151,2025-09-21 07:00:00
13.325,11.154838,2025-09-21 07:00:00
2.5,15.659868,2025-09-21 07:00:00
10.675,9.076314,2025-09-21 07:00:00
23.55,25.502327,2025-09-21 08:00:00
12.325,13.867007,2025-09-21 08:00:00
10.425,10.148708,2025-09-21 08:00:00
2.675,15.473224,2025-09-21 08:00:00
6.425,12.17548,2025-09-21 08:00:00
11.725,13.493553,2025-09-21 09:00:00
24.45,23.02268,2025-09-21 09:00:00
2.45,13.052401,2025-09-21 09:00:00
3.125,12.577824,2025-09-21 09:00:00
10.3,10.504753,2025-09-21 09:00:00
3.4,11.395177,2025-09-21 10:00:00
9.125,12.227873,2025-09-21 10:00:00
22.825,22.32686,2025-09-21 10:00:00
9.575,13.159541,2025-09-21 10:00:00
3.1,14.676044,2025-09-21 10:00:00
9.3,12.186859,2025-09-21 11:00:00
3.75,11.826818,2025-09-21 11:00:00
22.575,22.688076,2025-09-21 11:00:00
8.2,12.703949,2025-09-21 11:00:00
3.8,14.171407,2025-09-21 11:00:00
8.3,11.689321,2025-09-21 12:00:00
21.075,23.290148,2025-09-21 12:00:00
9.3,12.080742,2025-09-21 12:00:00
5.7,13.088332,2025-09-21 12:00:00
7.425,11.37182,2025-09-21 12:00:00
7.2,10.349166,2025-09-21 13:00:00
3.9,12.692273,2025-09-21 13:00:00
20.25,26.103428,2025-09-21 13:00:00
27.8,11.272704,2025-09-21 13:00:00
10.5,12.122817,2025-09-21 13:00:00
4.7,13.174509,2025-09-21 14:00:00
10.475,11.337181,2025-09-21 14:00:00
23.925,22.083336,2025-09-21 14:00:00
3.55,11.36877,2025-09-21 14:00:00
8.7,11.354252,2025-09-21 14:00:00
3.3,11.048476,2025-09-21 15:00:00
10.7,9.883495,2025-09-21 15:00:00
14.725,27.75974,2025-09-21 15:00:00
9.5,11.815998,2025-09-21 15:00:00
4.7,10.234557,2025-09-21 15:00:00
15.45,22.860321,2025-09-21 16:00:00
1.6,11.210274,2025-09-21 16:00:00
18.4,9.867469,2025-09-21 16:00:00
4.225,10.697896,2025-09-21 16:00:00
9.725,10.303396,2025-09-21 16:00:00
3.375,11.303788,2025-09-21 17:00:00
9.95,11.629459,2025-09-21 17:00:00
15.45,27.54229,2025-09-21 17:00:00
1.6,12.785274,2025-09-21 17:00:00
22.25,10.069914,2025-09-21 17:00:00
2.7,9.877595,2025-09-21 18:00:00
13.65,29.13645,2025-09-21 18:00:00
10.025,13.776195,2025-09-21 18:00:00
22.2,11.337532,2025-09-21 18:00:00
1.5,12.338138,2025-09-21 18:00:00
14.625,24.31314,2025-09-21 19:00:00
8.95,11.498627,2025-09-21 19:00:00
21.85,10.455989,2025-09-21 19:00:00
1.5,15.37667,2025-09-21 19:00:00
3.525,12.210647,2025-09-21 19:00:00
8.225,11.003806,2025-09-21 20:00:00
16.05,11.164841,2025-09-21 20:00:00
3.075,11.471705,2025-09-21 20:00:00
12.575,25.23932,2025-09-21 20:00:00
3.4333333333333336,14.844887,2025-09-21 20:00:00
5.025,15.145951,2025-09-21 21:00:00
7.1,10.106383,2025-09-21 21:00:00
13.325,12.19374,2025-09-21 21:00:00
13.975,23.695976,2025-09-21 21:00:00
2.35,10.482069,2025-09-21 21:00:00
15.225,26.638533,2025-09-21 22:00:00
2.65,10.933819,2025-09-21 22:00:00
13.35,12.692067,2025-09-21 22:00:00
7.6,10.635812,2025-09-21 22:00:00
4.75,17.05839,2025-09-21 22:00:00
13.266666666666666,10.946698,2025-09-21 23:00:00
5.233333333333333,19.32543,2025-09-21 23:00:00
2.925,11.083287,2025-09-21 23:00:00
19.3,26.605152,2025-09-21 23:00:00
8.75,11.41666,2025-09-21 23:00:00
10.4,15.888894,2025-09-22 00:00:00
2.9,14.369207,2025-09-22 00:00:00
16.525,11.043296,2025-09-22 00:00:00
11.475,17.155504,2025-09-22 00:00:00
21.950000000000003,24.893566,2025-09-22 00:00:00
17.625,10.995262,2025-09-22 01:00:00
24.15,22.747362,2025-09-22 01:00:00
3.65,14.855644,2025-09-22 01:00:00
11.725,16.28232,2025-09-22 01:00:00
11.65,12.397908,2025-09-22 01:00:00
17.425,10.70052,2025-09-22 02:00:00
18.95,15.825038,2025-09-22 02:00:00
3.6,13.316377,2025-09-22 02:00:00
11.5,12.059947,2025-09-22 02:00:00
24.0,25.64677,2025-09-22 02:00:00
15.275,15.534631,2025-09-22 03:00:00
23.475,25.280638,2025-09-22 03:00:00
17.25,10.538567,2025-09-22 03:00:00
4.175,13.161482,2025-09-22 03:00:00
9.875,11.250802,2025-09-22 03:00:00
15.75,14.320769,2025-09-22 04:00:00
8.575,10.86938,2025-09-22 04:00:00
13.625,10.559241,2025-09-22 04:00:00
2.775,13.314261,2025-09-22 04:00:00
24.45,22.099915,2025-09-22 04:00:00
9.275,9.774399,2025-09-22 05:00:00
11.025,13.217016,2025-09-22 05:00:00
12.0,10.871392,2025-09-22 05:00:00
2.45,13.208792,2025-09-22 05:00:00
25.25,27.179216,2025-09-22 05:00:00
10.975,13.363103,2025-09-22 06:00:00
3.575,14.593697,2025-09-22 06:00:00
11.975,11.695301,2025-09-22 06:00:00
9.4,10.150489,2025-09-22 06:00:00
25.675,21.510052,2025-09-22 06:00:00
28.7,21.581505,2025-09-22 07:00:00
12.7,10.730233,2025-09-22 07:00:00
3.675,12.745495,2025-09-22 07:00:00
12.375,13.2543125,2025-09-22 07:00:00
10.15,9.923928,2025-09-22 07:00:00
12.675,13.957902,2025-09-22 08:00:00
25.775,19.33765,2025-09-22 08:00:00
4.05,13.853002,2025-09-22 08:00:00
7.075,9.930187,2025-09-22 08:00:00
11.275,10.627841,2025-09-22 08:00:00
4.3,15.555715,2025-09-22 09:00:00
23.3,21.831463,2025-09-22 09:00:00
11.1,14.141326,2025-09-22 09:00:00
4.375,8.985504,2025-09-22 09:00:00
11.2,11.418766,2025-09-22 09:00:00
4.275,8.278625,2025-09-22 10:00:00
22.75,16.505075,2025-09-22 10:00:00
10.1,12.33175,2025-09-22 10:00:00
11.1,11.826492,2025-09-22 10:00:00
4.175,12.2025795,2025-09-22 10:00:00
30.75,18.661188,2025-09-22 11:00:00
3.9,10.669693,2025-09-22 11:00:00
4.3,7.7456136,2025-09-22 11:00:00
8.175,11.196764,2025-09-22 11:00:00
9.725,10.356248,2025-09-22 11:00:00
8.175,10.130498,2025-09-22 12:00:00
9.825,9.081757,2025-09-22 12:00:00
5.9,10.708,2025-09-22 12:00:00
34.975,22.943693,2025-09-22 12:00:00
3.725,8.272621,2025-09-22 12:00:00
6.025,21.719408,2025-09-22 13:00:00
35.425,18.524937,2025-09-22 13:00:00
8.975,12.756971,2025-09-22 13:00:00
2.95,8.467184,2025-09-22 13:00:00
10.0,9.501639,2025-09-22 13:00:00
5.199999999999999,14.49427,2025-09-22 14:00:00
9.875,10.660273,2025-09-22 14:00:00
2.45,10.420735,2025-09-22 14:00:00
6.1,11.930452,2025-09-22 14:00:00
27.200000000000003,18.297565,2025-09-22 14:00:00
29.0,20.757133,2025-09-22 15:00:00
6.050000000000001,9.613398,2025-09-22 15:00:00
1.825,11.069241,2025-09-22 15:00:00
5.9750000000000005,16.661932,2025-09-22 15:00:00
10.4,11.566838,2025-09-22 15:00:00
4.225,11.347289,2025-09-22 16:00:00
5.875,9.741199,2025-09-22 16:00:00
20.775,17.55192,2025-09-22 16:00:00
11.5,10.458435,2025-09-22 16:00:00
4.3,11.58348,2025-09-22 16:00:00
11.675,11.444924,2025-09-22 17:00:00
5.125,12.448569,2025-09-22 17:00:00
5.05,10.604983,2025-09-22 17:00:00
24.825,17.552355,2025-09-22 17:00:00
6.025,10.009304,2025-09-22 17:00:00
11.975,11.893604,2025-09-22 18:00:00
24.225,21.743053,2025-09-22 18:00:00
4.775,14.167121,2025-09-22 18:00:00
5.3,10.770844,2025-09-22 18:00:00
4.65,12.116466,2025-09-22 18:00:00
4.375,13.824468,2025-09-22 19:00:00
24.175,18.25372,2025-09-22 19:00:00
4.225,12.115185,2025-09-22 19:00:00
10.2,12.46515,2025-09-22 19:00:00
10.225,10.580221,2025-09-22 19:00:00
10.75,14.948007,2025-09-22 20:00:00
4.55,12.675708,2025-09-22 20:00:00
25.75,15.974843,2025-09-22 20:00:00
18.0,12.468855,2025-09-22 20:00:00
10.2,9.187672,2025-09-22 20:00:00
18.125,11.099951,2025-09-22 21:00:00
13.925,11.925543,2025-09-22 21:00:00
5.075,10.2007885,2025-09-22 21:00:00
23.425,15.727915,2025-09-22 21:00:00
10.95,9.924277,2025-09-22 21:00:00
9.5,9.747649,2025-09-22 22:00:00
4.775,9.64184,2025-09-22 22:00:00
25.3,11.949046,2025-09-22 22:00:00
19.7,17.203505,2025-09-22 22:00:00
13.675,12.067564,2025-09-22 22:00:00
13.633333333333333,13.123215,2025-09-22 23:00:00
22.25,19.291248,2025-09-22 23:00:00
4.875,9.939234,2025-09-22 23:00:00
10.475,10.240911,2025-09-22 23:00:00
24.775,12.606941,2025-09-22 23:00:00
19.575,22.228868,2025-09-23 00:00:00
4.433333333333334,11.489689,2025-09-23 00:00:00
10.666666666666666,9.902007,2025-09-23 00:00:00
13.125,13.909815,2025-09-23 00:00:00
17.025,14.026447,2025-09-23 00:00:00
12.525,14.253965,2025-09-23 01:00:00
10.775,10.26558,2025-09-23 01:00:00
5.05,11.944245,2025-09-23 01:00:00
31.475,23.211178,2025-09-23 01:00:00
14.0,13.462343,2025-09-23 01:00:00
49.125,25.71402,2025-09-23 02:00:00
10.45,10.632819,2025-09-23 02:00:00
21.35,17.378107,2025-09-23 02:00:00
4.3,11.132232,2025-09-23 02:00:00
12.5,14.510705,2025-09-23 02:00:00
5.075,10.771781,2025-09-23 03:00:00
9.025,9.963436,2025-09-23 03:00:00
13.875,16.926365,2025-09-23 03:00:00
24.1,27.085651,2025-09-23 03:00:00
12.6,13.655149,2025-09-23 03:00:00
15.5,25.192223,2025-09-23 04:00:00
4.45,11.051086,2025-09-23 04:00:00
9.55,16.163565,2025-09-23 04:00:00
13.075,13.690246,2025-09-23 04:00:00
7.525,9.107061,2025-09-23 04:00:00
4.199999999999999,12.367169,2025-09-23 05:00:00
8.2,7.9318366,2025-09-23 05:00:00
8.15,14.20084,2025-09-23 05:00:00
13.3,12.842532,2025-09-23 05:00:00
20.575,26.177938,2025-09-23 05:00:00
14.175,28.042732,2025-09-23 06:00:00
5.65,13.678207,2025-09-23 06:00:00
8.4,8.498336,2025-09-23 06:00:00
4.975,12.265304,2025-09-23 06:00:00
13.45,12.327644,2025-09-23 06:00:00
13.925,12.240151,2025-09-23 07:00:00
10.075,9.748296,2025-09-23 07:00:00
8.325,13.053617,2025-09-23 07:00:00
4.625,12.5513,2025-09-23 07:00:00
10.5,27.790798,2025-09-23 07:00:00
14.95,12.243344,2025-09-23 08:00:00
6.075,15.5252905,2025-09-23 08:00:00
10.575,9.625717,2025-09-23 08:00:00
12.025,27.80724,2025-09-23 08:00:00
5.2,11.194882,2025-09-23 08:00:00
10.225,9.869555,2025-09-23 09:00:00
15.875,12.281184,2025-09-23 09:00:00
4.775,13.637864,2025-09-23 09:00:00
5.225,10.373644,2025-09-23 09:00:00
14.95,29.047924,2025-09-23 09:00:00
5.85,9.287852,2025-09-23 10:00:00
15.775,11.602223,2025-09-23 10:00:00
4.125,11.036654,2025-09-23 10:00:00
14.35,28.689774,2025-09-23 10:00:00
9.5,12.527716,2025-09-23 10:00:00
3.1,9.753211,2025-09-23 11:00:00
8.775,10.826381,2025-09-23 11:00:00
15.625,26.81173,2025-09-23 11:00:00
7.0,10.0073805,2025-09-23 11:00:00
16.125,10.567454,2025-09-23 11:00:00
14.625,10.66953,2025-09-23 12:00:00
14.425,23.683767,2025-09-23 12:00:00
5.2,8.575423,2025-09-23 12:00:00
6.725,10.985183,2025-09-23 12:00:00
8.3,9.668335,2025-09-23 12:00:00
13.5,10.554891,2025-09-23 13:00:00
14.225,24.228477,2025-09-23 13:00:00
7.25,9.09481,2025-09-23 13:00:00
7.075,10.025237,2025-09-23 13:00:00
2.766666666666667,10.3681135,2025-09-23 13:00:00
14.275,25.250778,2025-09-23 14:00:00
7.675,10.959476,2025-09-23 14:00:00
7.075,9.818883,2025-09-23 14:00:00
1.5333333333333332,10.594089,2025-09-23 14:00:00
13.4,10.951346,2025-09-23 14:00:00
13.65,24.84289,2025-09-23 15:00:00
1.5333333333333332,10.923701,2025-09-23 15:00:00
7.075,9.695231,2025-09-23 15:00:00
13.25,10.339857,2025-09-23 15:00:00
8.125,11.304209,2025-09-23 15:00:00
9.55,9.966038,2025-09-23 16:00:00
3.0666666666666664,11.612225,2025-09-23 16:00:00
45.875,24.09604,2025-09-23 16:00:00
13.25,10.992301,2025-09-23 16:00:00
6.675,8.843202,2025-09-23 16:00:00
6.4,9.893215,2025-09-23 17:00:00
53.2,19.352098,2025-09-23 17:00:00
9.925,11.761565,2025-09-23 17:00:00
7.975,10.083563,2025-09-23 17:00:00
12.925,11.962492,2025-09-23 17:00:00
43.6,23.102968,2025-09-23 18:00:00
9.95,9.901593,2025-09-23 18:00:00
12.775,13.426352,2025-09-23 18:00:00
6.975,9.444672,2025-09-23 18:00:00
8.9,11.528707,2025-09-23 18:00:00
39.35,24.32413,2025-09-23 19:00:00
6.225,10.895593,2025-09-23 19:00:00
12.925,14.847103,2025-09-23 19:00:00
18.4,14.765787,2025-09-23 19:00:00
9.125,9.842781,2025-09-23 19:00:00
5.975,8.457111,2025-09-23 20:00:00
42.25,14.893837,2025-09-23 20:00:00
10.7,15.572806,2025-09-23 20:00:00
42.375,28.873428,2025-09-23 20:00:00
8.175,10.530835,2025-09-23 20:00:00
8.025,10.768816,2025-09-23 21:00:00
6.375,7.5632453,2025-09-23 21:00:00
48.55,21.934202,2025-09-23 21:00:00
48.875,18.565582,2025-09-23 21:00:00
9.3,12.967096,2025-09-23 21:00:00
7.05,10.896122,2025-09-23 22:00:00
40.675,18.423452,2025-09-23 22:00:00
9.275,13.385587,2025-09-23 22:00:00
49.175,19.199928,2025-09-23 22:00:00
5.95,8.476631,2025-09-23 22:00:00
6.175,8.435307,2025-09-23 23:00:00
34.075,18.619776,2025-09-23 23:00:00
7.9,11.799246,2025-09-23 23:00:00
9.133333333333333,12.831705,2025-09-23 23:00:00
49.075,17.091797,2025-09-23 23:00:00
2.3666666666666667,8.876718,2025-09-24 00:00:00
39.7,18.452139,2025-09-24 00:00:00
13.15,18.537842,2025-09-24 00:00:00
10.6,11.7827,2025-09-24 00:00:00
12.2,12.939266,2025-09-24 00:00:00
8.5,18.081205,2025-09-24 01:00:00
0.725,9.379276,2025-09-24 01:00:00
34.875,24.147982,2025-09-24 01:00:00
10.925,12.492577,2025-09-24 01:00:00
13.7,13.583196,2025-09-24 01:00:00
13.4,12.884565,2025-09-24 02:00:00
0.1,9.344647,2025-09-24 02:00:00
12.05,17.855854,2025-09-24 02:00:00
31.9,27.613092,2025-09-24 02:00:00
11.05,11.826927,2025-09-24 02:00:00
24.025,27.384762,2025-09-24 03:00:00
5.0,16.751333,2025-09-24 03:00:00
10.725,11.168404,2025-09-24 03:00:00
13.575,12.253232,2025-09-24 03:00:00
0.1,9.679341,2025-09-24 03:00:00
3.1333333333333333,14.236447,2025-09-24 04:00:00
8.75,8.793086,2025-09-24 04:00:00
9.875,11.356873,2025-09-24 04:00:00
21.95,24.329449,2025-09-24 04:00:00
0.1,8.54659,2025-09-24 04:00:00
8.525,9.512622,2025-09-24 05:00:00
0.1,9.512681,2025-09-24 05:00:00
7.875,11.68419,2025-09-24 05:00:00
2.975,13.308085,2025-09-24 05:00:00
21.2,18.375935,2025-09-24 05:00:00
8.575,8.95369,2025-09-24 06:00:00
22.975,18.94573,2025-09-24 06:00:00
8.15,11.850158,2025-09-24 06:00:00
2.975,11.043492,2025-09-24 06:00:00
9.125,8.793994,2025-09-24 07:00:00
8.475,11.90815,2025-09-24 07:00:00
0.3,11.977294,2025-09-24 07:00:00
32.025,18.532684,2025-09-24 07:00:00
7.824999999999999,12.7955065,2025-09-24 08:00:00
0.65,9.669715,2025-09-24 08:00:00
31.175,19.447865,2025-09-24 08:00:00
10.8,10.699165,2025-09-24 08:00:00
3.35,12.6825695,2025-09-24 08:00:00
3.35,12.043571,2025-09-24 09:00:00
11.125,10.968595,2025-09-24 09:00:00
30.425,17.391836,2025-09-24 09:00:00
7.675,12.52721,2025-09-24 09:00:00
0.5,8.011858,2025-09-24 09:00:00
3.35,11.3212595,2025-09-24 10:00:00
7.975,12.157331,2025-09-24 10:00:00
10.9,12.054583,2025-09-24 10:00:00
1.1,7.8800197,2025-09-24 10:00:00
21.775,15.23545,2025-09-24 10:00:00
7.975,11.346221,2025-09-24 11:00:00
9.175,11.151033,2025-09-24 11:00:00
15.65,16.389498,2025-09-24 11:00:00
1.625,10.061348,2025-09-24 11:00:00
2.5,9.147232,2025-09-24 11:00:00
2.5,8.727775,2025-09-24 12:00:00
7.625,9.376996,2025-09-24 12:00:00
5.6,17.206518,2025-09-24 12:00:00
34.975,15.044327,2025-09-24 12:00:00
9.225,12.198886,2025-09-24 12:00:00
9.4,9.73686,2025-09-24 13:00:00
2.5,8.876626,2025-09-24 13:00:00
29.425,16.244038,2025-09-24 13:00:00
8.925,8.598515,2025-09-24 13:00:00
5.6,12.71252,2025-09-24 13:00:00
5.6,12.182433,2025-09-24 14:00:00
3.175,9.405894,2025-09-24 14:00:00
2.5,10.321216,2025-09-24 14:00:00
22.75,18.53408,2025-09-24 14:00:00
9.825,11.255741,2025-09-24 14:00:00
5.6,12.097716,2025-09-24 15:00:00
10.55,9.215522,2025-09-24 15:00:00
4.775,10.353104,2025-09-24 15:00:00
19.65,16.831911,2025-09-24 15:00:00
17.950000000000003,17.70207,2025-09-24 16:00:00
17.3,11.912185,2025-09-24 16:00:00
3.025,9.975539,2025-09-24 16:00:00
11.225,10.761834,2025-09-24 16:00:00
19.2,11.974281,2025-09-24 17:00:00
1.1,10.33391,2025-09-24 17:00:00
60.15,20.857069,2025-09-24 17:00:00
11.45,11.205104,2025-09-24 17:00:00
11.05,11.700879,2025-09-24 18:00:00
18.95,11.752818,2025-09-24 18:00:00
3.4,14.511207,2025-09-24 18:00:00
0.7,11.2983675,2025-09-24 18:00:00
60.15,26.31638,2025-09-24 18:00:00
19.05,14.706832,2025-09-24 19:00:00
60.15,21.934292,2025-09-24 19:00:00
10.8,11.186287,2025-09-24 19:00:00
2.075,15.433498,2025-09-24 19:00:00
0.75,8.549288,2025-09-24 19:00:00
12.65,21.777647,2025-09-24 20:00:00
10.575,9.341845,2025-09-24 20:00:00
60.15,21.664734,2025-09-24 20:00:00
20.4,15.674721,2025-09-24 20:00:00
0.65,9.882332,2025-09-24 20:00:00
0.6666666666666666,8.720454,2025-09-24 21:00:00
10.45,24.644201,2025-09-24 21:00:00
20.775,12.620085,2025-09-24 21:00:00
9.375,8.570122,2025-09-24 21:00:00
8.75,9.106935,2025-09-24 22:00:00
20.825,12.199451,2025-09-24 22:00:00
10.825,30.116047,2025-09-24 22:00:00
0.6666666666666666,8.934257,2025-09-24 22:00:00
9.0,9.273071,2025-09-24 23:00:00
27.9,21.004137,2025-09-24 23:00:00
11.3,28.758913,2025-09-24 23:00:00
20.566666666666663,12.269226,2025-09-24 23:00:00
0.4,9.89317,2025-09-24 23:00:00
11.033333333333331,9.701079,2025-09-25 00:00:00
0.4,9.978194,2025-09-25 00:00:00
22.475,24.888292,2025-09-25 00:00:00
14.775,22.556076,2025-09-25 00:00:00
17.4,12.409629,2025-09-25 00:00:00
0.4,11.509476,2025-09-25 01:00:00
16.475,13.057506,2025-09-25 01:00:00
12.725,24.251492,2025-09-25 01:00:00
11.875,10.243478,2025-09-25 01:00:00
14.95,15.114451,2025-09-25 01:00:00
13.25,10.579267,2025-09-25 02:00:00
16.8,12.6817665,2025-09-25 02:00:00
0.4,10.518786,2025-09-25 02:00:00
18.6,17.674047,2025-09-25 02:00:00
7.9,31.606756,2025-09-25 02:00:00
11.1,9.914079,2025-09-25 03:00:00
13.35,12.5698185,2025-09-25 03:00:00
16.25,29.532352,2025-09-25 03:00:00
16.45,11.902378,2025-09-25 03:00:00
10.05,10.345193,2025-09-25 04:00:00
19.15,11.7025175,2025-09-25 04:00:00
9.725,8.110244,2025-09-25 04:00:00
16.75,20.279469,2025-09-25 04:00:00
19.75,11.062393,2025-09-25 05:00:00
10.6,9.655715,2025-09-25 05:00:00
10.0,8.916972,2025-09-25 05:00:00
19.025,15.65888,2025-09-25 05:00:00
14.9,9.802738,2025-09-25 06:00:00
20.05,10.518921,2025-09-25 06:00:00
9.875,7.7829595,2025-09-25 06:00:00
25.625,16.879791,2025-09-25 06:00:00
15.575,9.259926,2025-09-25 07:00:00
10.025,7.6565022,2025-09-25 07:00:00
20.175,10.554276,2025-09-25 07:00:00
25.4,23.616144,2025-09-25 07:00:00
0.1,9.9934845,2025-09-25 08:00:00
27.075,26.464344,2025-09-25 08:00:00
12.65,11.539538,2025-09-25 08:00:00
15.05,10.415924,2025-09-25 08:00:00
11.975,9.142042,2025-09-25 08:00:00
24.0,24.786142,2025-09-25 09:00:00
9.4,11.858174,2025-09-25 09:00:00
0.2666666666666666,7.7663655,2025-09-25 09:00:00
12.4,11.999827,2025-09-25 09:00:00
11.875,12.277084,2025-09-25 09:00:00
19.45,24.403603,2025-09-25 10:00:00
11.3,13.106253,2025-09-25 10:00:00
0.525,8.253114,2025-09-25 10:00:00
12.375,10.942019,2025-09-25 10:00:00
6.375,16.857992,2025-09-25 10:00:00
6.824999999999999,10.837192,2025-09-25 11:00:00
0.3,11.599469,2025-09-25 11:00:00
12.525,10.838472,2025-09-25 11:00:00
14.175,19.370607,2025-09-25 11:00:00
10.775,14.001644,2025-09-25 11:00:00
11.125,11.518579,2025-09-25 12:00:00
2.033333333333333,8.2989,2025-09-25 12:00:00
3.825,9.720583,2025-09-25 12:00:00
17.400000000000002,21.249256,2025-09-25 12:00:00
10.225,10.324238,2025-09-25 12:00:00
10.0,10.976189,2025-09-25 13:00:00
13.05,22.411888,2025-09-25 13:00:00
5.55,8.4807825,2025-09-25 13:00:00
2.025,8.908821,2025-09-25 13:00:00
9.325,10.18686,2025-09-25 13:00:00
9.35,11.332007,2025-09-25 14:00:00
12.0,18.17921,2025-09-25 14:00:00
2.1,10.306952,2025-09-25 14:00:00
10.675,12.029173,2025-09-25 14:00:00
2.475,8.124917,2025-09-25 14:00:00
14.025,14.782254,2025-09-25 15:00:00
1.025,9.228551,2025-09-25 15:00:00
9.625,12.030878,2025-09-25 15:00:00
9.325,11.063568,2025-09-25 15:00:00
13.6,16.554111,2025-09-25 16:00:00
0.775,8.808516,2025-09-25 16:00:00
9.55,11.369827,2025-09-25 16:00:00
10.75,11.767771,2025-09-25 16:00:00
14.15,24.366224,2025-09-25 17:00:00
12.0,12.13319,2025-09-25 17:00:00
9.875,13.321511,2025-09-25 17:00:00
0.675,9.965548,2025-09-25 17:00:00
11.95,12.070031,2025-09-25 18:00:00
0.7749999999999999,8.038266,2025-09-25 18:00:00
7.625,16.587008,2025-09-25 18:00:00
9.625,15.533654,2025-09-25 18:00:00
22.675,34.31632,2025-09-25 18:00:00
0.85,11.417365,2025-09-25 19:00:00
24.26666666666667,29.408693,2025-09-25 19:00:00
11.725,11.732102,2025-09-25 19:00:00
9.725,15.128614,2025-09-25 19:00:00
10.3,13.183805,2025-09-25 19:00:00
20.075,18.293453,2025-09-25 20:00:00
9.65,14.902163,2025-09-25 20:00:00
10.575,12.109201,2025-09-25 20:00:00
16.925,33.001972,2025-09-25 20:00:00
0.925,9.4114,2025-09-25 20:00:00
9.525,12.075049,2025-09-25 21:00:00
27.475,18.386463,2025-09-25 21:00:00
9.275,13.15847,2025-09-25 21:00:00
1.1,7.4149275,2025-09-25 21:00:00
9.725,10.385009,2025-09-25 22:00:00
9.1,12.826037,2025-09-25 22:00:00
1.2,10.025089,2025-09-25 22:00:00
22.45,19.194798,2025-09-25 22:00:00
0.525,7.5159826,2025-09-25 23:00:00
9.2,13.145379,2025-09-25 23:00:00
7.1,26.741581,2025-09-25 23:00:00
9.4,8.710173,2025-09-25 23:00:00
23.925,16.916975,2025-09-25 23:00:00
11.4,10.143125,2025-09-26 00:00:00
3.35,14.196338,2025-09-26 00:00:00
10.8,13.85455,2025-09-26 00:00:00
0.9666666666666668,8.2307825,2025-09-26 00:00:00
15.9,33.21153,2025-09-26 00:00:00
1.65,7.4995737,2025-09-26 01:00:00
11.875,10.715456,2025-09-26 01:00:00
15.975,13.149667,2025-09-26 01:00:00
18.475,28.857252,2025-09-26 01:00:00
0.375,14.094467,2025-09-26 01:00:00
18.3,25.100311,2025-09-26 02:00:00
12.95,11.627117,2025-09-26 02:00:00
24.9,16.179375,2025-09-26 02:00:00
1.275,7.7826552,2025-09-26 02:00:00
0.45,12.88964,2025-09-26 02:00:00
19.4,21.693853,2025-09-26 03:00:00
18.15,13.882026,2025-09-26 03:00:00
0.45,12.83874,2025-09-26 03:00:00
12.95,11.500756,2025-09-26 03:00:00
9.425,10.364878,2025-09-26 04:00:00
19.75,22.60605,2025-09-26 04:00:00
19.775,11.064174,2025-09-26 04:00:00
13.425,11.656096,2025-09-26 04:00:00
8.65,10.403639,2025-09-26 05:00:00
11.7,23.828194,2025-09-26 05:00:00
20.025,13.023246,2025-09-26 05:00:00
20.125,10.497182,2025-09-26 05:00:00
2.2,10.829684,2025-09-26 06:00:00
15.05,24.009676,2025-09-26 06:00:00
20.35,12.833677,2025-09-26 06:00:00
21.325000000000003,10.8593,2025-09-26 06:00:00
9.05,10.647391,2025-09-26 06:00:00
3.25,9.11921,2025-09-26 07:00:00
20.675,12.420044,2025-09-26 07:00:00
13.85,24.00378,2025-09-26 07:00:00
21.575,12.330158,2025-09-26 07:00:00
9.1,11.047478,2025-09-26 07:00:00
15.525,22.638395,2025-09-26 08:00:00
3.625,9.469079,2025-09-26 08:00:00
10.5,13.143795,2025-09-26 08:00:00
11.025,12.576908,2025-09-26 08:00:00
19.05,14.320751,2025-09-26 08:00:00
11.45,11.78906,2025-09-26 09:00:00
5.35,11.632688,2025-09-26 09:00:00
3.45,7.840216,2025-09-26 09:00:00
13.8,12.672799,2025-09-26 09:00:00
18.0,23.706245,2025-09-26 09:00:00
5.25,11.310645,2025-09-26 10:00:00
14.325,11.511807,2025-09-26 10:00:00
11.025,11.613774,2025-09-26 10:00:00
20.55,22.025408,2025-09-26 10:00:00
3.025,9.372832,2025-09-26 10:00:00
14.575,10.74463,2025-09-26 11:00:00
20.85,15.526366,2025-09-26 11:00:00
3.5,9.469283,2025-09-26 11:00:00
5.574999999999999,11.255709,2025-09-26 11:00:00
10.775,12.320614,2025-09-26 11:00:00
2.925,10.976984,2025-09-26 12:00:00
10.25,10.522957,2025-09-26 12:00:00
6.0,11.852734,2025-09-26 12:00:00
9.525,14.382954,2025-09-26 12:00:00
20.7,18.370203,2025-09-26 12:00:00
10.9,11.877858,2025-09-26 13:00:00
20.7,18.472109,2025-09-26 13:00:00
6.125,12.351829,2025-09-26 13:00:00
9.225,11.097481,2025-09-26 13:00:00
3.425,9.099486,2025-09-26 13:00:00
6.2,11.255552,2025-09-26 14:00:00
12.325,8.557549,2025-09-26 14:00:00
3.7,9.180042,2025-09-26 14:00:00
9.5,12.6538315,2025-09-26 14:00:00
146.7,17.151237,2025-09-26 14:00:00
9.525,10.23329,2025-09-26 15:00:00
5.975,10.555238,2025-09-26 15:00:00
4.575,10.346555,2025-09-26 15:00:00
11.7,8.647571,2025-09-26 15:00:00
37.375,16.720621,2025-09-26 15:00:00
9.825,10.956993,2025-09-26 16:00:00
9.45,11.008058,2025-09-26 16:00:00
4.65,7.480427,2025-09-26 16:00:00
26.35,17.076973,2025-09-26 16:00:00
9.75,10.311457,2025-09-26 16:00:00
40.05,16.82432,2025-09-26 17:00:00
3.975,7.281998,2025-09-26 17:00:00
14.325,15.6711235,2025-09-26 17:00:00
11.8,11.690765,2025-09-26 17:00:00
10.25,11.095587,2025-09-26 17:00:00
63.975,18.229006,2025-09-26 18:00:00
11.85,12.415105,2025-09-26 18:00:00
11.2,11.833596,2025-09-26 18:00:00
21.4,14.486668,2025-09-26 18:00:00
3.2750000000000004,8.613649,2025-09-26 18:00:00
10.825,12.830511,2025-09-26 19:00:00
26.15,13.4785385,2025-09-26 19:00:00
11.525,14.802664,2025-09-26 19:00:00
3.275,8.705011,2025-09-26 19:00:00
39.825,23.007782,2025-09-26 19:00:00
3.1,8.439619,2025-09-26 20:00:00
9.375,12.953372,2025-09-26 20:00:00
30.025,17.043865,2025-09-26 20:00:00
12.35,15.2407055,2025-09-26 20:00:00
43.725,24.909407,2025-09-26 20:00:00
9.275,11.785404,2025-09-26 21:00:00
12.8,13.721314,2025-09-26 21:00:00
29.675,19.82597,2025-09-26 21:00:00
3.025,7.4450083,2025-09-26 21:00:00
44.325,20.427776,2025-09-26 21:00:00
4.0,6.238366,2025-09-26 22:00:00
44.325,15.261131,2025-09-26 22:00:00
9.325,11.490589,2025-09-26 22:00:00
28.875,22.771624,2025-09-26 22:00:00
12.9,13.29999,2025-09-26 22:00:00
12.933333333333332,12.983274,2025-09-26 23:00:00
49.775,17.4491,2025-09-26 23:00:00
9.5,15.16342,2025-09-26 23:00:00
32.6,19.03607,2025-09-26 23:00:00
4.375,7.174311,2025-09-26 23:00:00
13.466666666666669,15.938842,2025-09-27 00:00:00
46.0,18.128212,2025-09-27 00:00:00
4.033333333333333,8.325335,2025-09-27 00:00:00
24.6,17.071913,2025-09-27 00:00:00
9.0,11.631824,2025-09-27 00:00:00
6.75,11.779582,2025-09-27 01:00:00
12.35,15.712192,2025-09-27 01:00:00
15.7,16.422956,2025-09-27 01:00:00
28.925,18.310677,2025-09-27 01:00:00
3.9,8.293374,2025-09-27 01:00:00
15.8,13.698154,2025-09-27 02:00:00
14.6,18.833096,2025-09-27 02:00:00
6.8,11.472906,2025-09-27 02:00:00
16.4,17.64555,2025-09-27 02:00:00
3.275,8.487949,2025-09-27 02:00:00
6.525,10.823208,2025-09-27 03:00:00
14.875,12.154773,2025-09-27 03:00:00
4.1,17.8437,2025-09-27 03:00:00
2.725,10.210713,2025-09-27 03:00:00
19.2,16.21204,2025-09-27 03:00:00
5.5,11.48768,2025-09-27 04:00:00
2.4,9.024423,2025-09-27 04:00:00
13.5,11.242582,2025-09-27 04:00:00
5.35,15.610743,2025-09-27 04:00:00
3.033333333333333,16.175812,2025-09-27 04:00:00
13.325,15.008692,2025-09-27 05:00:00
4.75,15.7021,2025-09-27 05:00:00
2.45,8.561389,2025-09-27 05:00:00
5.225,13.5028925,2025-09-27 05:00:00
12.575,11.303806,2025-09-27 05:00:00
1.0,14.211605,2025-09-27 06:00:00
5.25,13.878422,2025-09-27 06:00:00
2.7,8.628164,2025-09-27 06:00:00
11.975,8.60311,2025-09-27 06:00:00
18.025,17.833555,2025-09-27 06:00:00
12.075,8.5173435,2025-09-27 07:00:00
1.2000000000000002,13.760767,2025-09-27 07:00:00
24.175,15.840388,2025-09-27 07:00:00
5.25,12.312268,2025-09-27 07:00:00
2.275,8.536533,2025-09-27 07:00:00
18.975,16.621807,2025-09-27 08:00:00
11.2,11.744264,2025-09-27 08:00:00
13.85,10.114203,2025-09-27 08:00:00
2.375,8.814741,2025-09-27 08:00:00
2.8,15.838288,2025-09-27 08:00:00
2.65,9.224487,2025-09-27 09:00:00
13.85,12.118613,2025-09-27 09:00:00
14.7,19.329388,2025-09-27 09:00:00
2.8,17.860891,2025-09-27 09:00:00
14.425,10.363051,2025-09-27 09:00:00
27.95,18.348297,2025-09-27 10:00:00
2.8,16.711657,2025-09-27 10:00:00
14.35,13.727916,2025-09-27 10:00:00
14.35,10.173663,2025-09-27 10:00:00
2.375,9.582259,2025-09-27 10:00:00
28.525,18.972439,2025-09-27 11:00:00
2.8,14.382734,2025-09-27 11:00:00
2.05,11.507772,2025-09-27 11:00:00
14.3,10.502272,2025-09-27 11:00:00
14.125,12.878551,2025-09-27 11:00:00
3.85,13.042202,2025-09-27 12:00:00
12.225,12.662195,2025-09-27 12:00:00
9.775,11.458557,2025-09-27 12:00:00
17.525,18.41742,2025-09-27 12:00:00
16.25,15.59868,2025-09-27 13:00:00
8.05,10.887582,2025-09-27 13:00:00
11.475,12.112286,2025-09-27 13:00:00
4.2,12.874416,2025-09-27 13:00:00
3.65,12.619418,2025-09-27 14:00:00
17.325,16.289497,2025-09-27 14:00:00
10.9,10.5839615,2025-09-27 14:00:00
8.0,9.36865,2025-09-27 14:00:00
11.55,10.529507,2025-09-27 15:00:00
10.775,12.383074,2025-09-27 15:00:00
3.425,11.560953,2025-09-27 15:00:00
7.8,10.103506,2025-09-27 15:00:00
13.45,12.23193,2025-09-27 16:00:00
5.975,15.977418,2025-09-27 16:00:00
3.725,10.762147,2025-09-27 16:00:00
12.85,12.229015,2025-09-27 16:00:00
4.1,9.30107,2025-09-27 17:00:00
12.925,12.870637,2025-09-27 17:00:00
10.425,11.480097,2025-09-27 17:00:00
16.674999999999997,11.001013,2025-09-27 17:00:00
16.975,19.25463,2025-09-27 18:00:00
16.675,12.580642,2025-09-27 18:00:00
13.6,13.425406,2025-09-27 18:00:00
3.55,11.009537,2025-09-27 18:00:00
2.6,16.000908,2025-09-27 19:00:00
16.2,18.286905,2025-09-27 19:00:00
14.425,13.65351,2025-09-27 19:00:00
3.6,8.474833,2025-09-27 19:00:00
16.625,13.007189,2025-09-27 19:00:00
5.7,19.257812,2025-09-27 20:00:00
13.325,15.127919,2025-09-27 20:00:00
4.125,9.44185,2025-09-27 20:00:00
32.925,20.280928,2025-09-27 20:00:00
8.375,14.303609,2025-09-27 20:00:00
12.5,25.340155,2025-09-27 21:00:00
3.625,11.606413,2025-09-27 21:00:00
3.75,14.109248,2025-09-27 21:00:00
13.25,11.2704525,2025-09-27 21:00:00
14.425,16.80436,2025-09-27 21:00:00
3.925,10.8846445,2025-09-27 22:00:00
12.875,13.528524,2025-09-27 22:00:00
3.975,12.496164,2025-09-27 22:00:00
19.55,17.179325,2025-09-27 22:00:00
12.225,17.892523,2025-09-27 22:00:00
3.75,9.462215,2025-09-27 23:00:00
20.275,15.168837,2025-09-27 23:00:00
3.533333333333333,12.127685,2025-09-27 23:00:00
12.225,18.187113,2025-09-27 23:00:00
13.725,21.084663,2025-09-27 23:00:00
17.35,11.948224,2025-09-28 00:00:00
17.875,22.144423,2025-09-28 00:00:00
12.533333333333331,17.197157,2025-09-28 00:00:00
25.075000000000003,18.001167,2025-09-28 00:00:00
2.966666666666667,13.77982,2025-09-28 00:00:00
28.8,21.650518,2025-09-28 01:00:00
12.675,18.387877,2025-09-28 01:00:00
19.55,21.644098,2025-09-28 01:00:00
2.775,12.851269,2025-09-28 01:00:00
24.025,9.6882715,2025-09-28 01:00:00
3.1,12.705332,2025-09-28 02:00:00
13.75,15.043752,2025-09-28 02:00:00
34.65,18.315842,2025-09-28 02:00:00
22.85,22.37133,2025-09-28 02:00:00
24.325,10.012665,2025-09-28 02:00:00
24.45,9.234982,2025-09-28 03:00:00
2.8,13.413787,2025-09-28 03:00:00
31.6,16.149668,2025-09-28 03:00:00
12.5,13.435164,2025-09-28 03:00:00
18.275,16.752842,2025-09-28 03:00:00
28.225,17.496199,2025-09-28 04:00:00
14.25,14.696803,2025-09-28 04:00:00
10.95,12.139801,2025-09-28 04:00:00
2.825,11.452062,2025-09-28 04:00:00
14.25,9.34505,2025-09-28 04:00:00
2.775,10.612651,2025-09-28 05:00:00
10.475,11.035743,2025-09-28 05:00:00
13.025,13.103469,2025-09-28 05:00:00
27.275,17.22948,2025-09-28 05:00:00
9.875,10.4098625,2025-09-28 05:00:00
9.95,10.031569,2025-09-28 06:00:00
17.65,11.548934,2025-09-28 06:00:00
33.575,16.021055,2025-09-28 06:00:00
10.7,11.199988,2025-09-28 06:00:00
2.85,9.888308,2025-09-28 06:00:00
10.35,12.69124,2025-09-28 07:00:00
10.0,9.4828205,2025-09-28 07:00:00
3.1,10.733398,2025-09-28 07:00:00
28.325,23.341663,2025-09-28 07:00:00
13.525,10.615404,2025-09-28 07:00:00
7.075,9.419592,2025-09-28 08:00:00
11.7,9.0567665,2025-09-28 08:00:00
3.35,9.494388,2025-09-28 08:00:00
11.625,12.409328,2025-09-28 08:00:00
28.425,16.81901,2025-09-28 08:00:00
2.675,9.578284,2025-09-28 09:00:00
12.225,12.725816,2025-09-28 09:00:00
5.2,10.699354,2025-09-28 09:00:00
10.45,9.833881,2025-09-28 09:00:00
29.475,18.011728,2025-09-28 09:00:00
3.35,9.200667,2025-09-28 10:00:00
12.45,12.4131565,2025-09-28 10:00:00
8.175,10.594734,2025-09-28 10:00:00
5.675,11.296172,2025-09-28 10:00:00
31.75,17.003374,2025-09-28 10:00:00
3.05,10.2224655,2025-09-28 11:00:00
5.5,9.689004,2025-09-28 11:00:00
7.9,9.624976,2025-09-28 11:00:00
19.775,17.455416,2025-09-28 11:00:00
13.2,13.157631,2025-09-28 11:00:00
11.433333333333332,12.123268,2025-09-28 12:00:00
3.35,9.738913,2025-09-28 12:00:00
12.825,11.482721,2025-09-28 12:00:00
12.425,18.666748,2025-09-28 12:00:00
3.475,10.230373,2025-09-28 13:00:00
10.675,11.653066,2025-09-28 13:00:00
16.4,9.301727,2025-09-28 13:00:00
10.766666666666666,12.727393,2025-09-28 13:00:00
16.225,9.225265,2025-09-28 14:00:00
13.133333333333333,18.62216,2025-09-28 14:00:00
3.725,10.718706,2025-09-28 14:00:00
10.325,11.289182,2025-09-28 14:00:00
3.65,10.716589,2025-09-28 15:00:00
16.475,9.886854,2025-09-28 15:00:00
9.4,11.055958,2025-09-28 15:00:00
22.0,24.457205,2025-09-28 15:00:00
7.475,11.438913,2025-09-28 16:00:00
39.2,28.64197,2025-09-28 16:00:00
3.75,9.877612,2025-09-28 16:00:00
10.85,13.129349,2025-09-28 16:00:00
40.85,26.61825,2025-09-28 17:00:00
3.625,9.796931,2025-09-28 17:00:00
11.075,11.713539,2025-09-28 17:00:00
2.7,12.1966305,2025-09-28 17:00:00
2.95,13.417082,2025-09-28 18:00:00
28.875,24.115599,2025-09-28 18:00:00
11.225,11.9229555,2025-09-28 18:00:00
4.275,9.914811,2025-09-28 18:00:00
2.975,16.14507,2025-09-28 19:00:00
3.775,13.741108,2025-09-28 19:00:00
10.475,15.878321,2025-09-28 19:00:00
47.275,19.934097,2025-09-28 19:00:00
28.2,26.569448,2025-09-28 19:00:00
9.8,13.635584,2025-09-28 20:00:00
28.2,37.92827,2025-09-28 20:00:00
1.8,14.553325,2025-09-28 20:00:00
26.225,23.153273,2025-09-28 20:00:00
4.324999999999999,12.196921,2025-09-28 20:00:00
1.275,11.565315,2025-09-28 21:00:00
31.05,23.65402,2025-09-28 21:00:00
4.2,8.60069,2025-09-28 21:00:00
9.75,11.874871,2025-09-28 21:00:00
28.2,29.391409,2025-09-28 21:00:00
47.525,21.157457,2025-09-28 22:00:00
1.2,10.369991,2025-09-28 22:00:00
28.2,34.263653,2025-09-28 22:00:00
3.75,9.294067,2025-09-28 22:00:00
9.55,11.451977,2025-09-28 22:00:00
3.9,7.5889416,2025-09-28 23:00:00
10.075,14.213347,2025-09-28 23:00:00
1.0666666666666669,9.424914,2025-09-28 23:00:00
35.225,18.962824,2025-09-28 23:00:00
11.125,19.199791,2025-09-29 00:00:00
6.933333333333334,29.964338,2025-09-29 00:00:00
2.3000000000000003,9.51851,2025-09-29 00:00:00
6.1,9.942111,2025-09-29 00:00:00
10.833333333333334,14.710401,2025-09-29 00:00:00
9.95,28.54882,2025-09-29 01:00:00
8.7,11.317573,2025-09-29 01:00:00
12.675,16.494164,2025-09-29 01:00:00
1.875,9.713428,2025-09-29 01:00:00
15.85,16.694462,2025-09-29 01:00:00
31.25,29.620245,2025-09-29 02:00:00
8.7,12.42025,2025-09-29 02:00:00
13.85,12.2879,2025-09-29 02:00:00
15.95,19.004566,2025-09-29 02:00:00
1.775,9.390787,2025-09-29 02:00:00
47.225,33.825085,2025-09-29 03:00:00
1.65,9.890303,2025-09-29 03:00:00
6.866666666666667,18.93028,2025-09-29 03:00:00
8.3,12.861623,2025-09-29 03:00:00
12.775,12.04623,2025-09-29 03:00:00
2.2333333333333334,16.878736,2025-09-29 04:00:00
17.35,10.738245,2025-09-29 04:00:00
1.65,9.670553,2025-09-29 04:00:00
12.95,12.587313,2025-09-29 04:00:00
38.45,31.980612,2025-09-29 04:00:00
12.15,11.90888,2025-09-29 05:00:00
39.9,28.55961,2025-09-29 05:00:00
21.8,10.486543,2025-09-29 05:00:00
4.6,13.1866,2025-09-29 05:00:00
2.0,9.778436,2025-09-29 05:00:00
3.775,11.878772,2025-09-29 06:00:00
1.75,9.073587,2025-09-29 06:00:00
21.45,10.121627,2025-09-29 06:00:00
12.125,11.188094,2025-09-29 06:00:00
39.05,29.017427,2025-09-29 06:00:00
11.375,11.840083,2025-09-29 07:00:00
14.925,14.444357,2025-09-29 07:00:00
21.45,10.274108,2025-09-29 07:00:00
1.45,9.699173,2025-09-29 07:00:00
43.225,27.727846,2025-09-29 07:00:00
11.7,12.066865,2025-09-29 08:00:00
8.85,13.474219,2025-09-29 08:00:00
1.825,9.052748,2025-09-29 08:00:00
43.0,24.935759,2025-09-29 08:00:00
13.025,11.322481,2025-09-29 08:00:00
8.575,11.342899,2025-09-29 09:00:00
8.85,15.668486,2025-09-29 09:00:00
11.7,11.700354,2025-09-29 09:00:00
43.900000000000006,24.770237,2025-09-29 09:00:00
1.225,8.173312,2025-09-29 09:00:00
8.975,10.370048,2025-09-29 10:00:00
12.0,12.279932,2025-09-29 10:00:00
8.35,15.500541,2025-09-29 10:00:00
2.325,8.559753,2025-09-29 10:00:00
36.275,28.30053,2025-09-29 10:00:00
2.3,8.429281,2025-09-29 11:00:00
28.175,28.067371,2025-09-29 11:00:00
12.15,12.743116,2025-09-29 11:00:00
9.35,10.828344,2025-09-29 11:00:00
3.1,15.7327795,2025-09-29 11:00:00
0.3,15.741464,2025-09-29 12:00:00
1.5,9.647847,2025-09-29 12:00:00
11.225,11.944457,2025-09-29 12:00:00
13.875,10.152707,2025-09-29 12:00:00
44.575,28.5127,2025-09-29 12:00:00
10.675,11.058906,2025-09-29 13:00:00
16.2,11.566425,2025-09-29 13:00:00
1.475,9.170334,2025-09-29 13:00:00
31.75,21.673084,2025-09-29 13:00:00
0.3,18.416906,2025-09-29 13:00:00
1.225,8.950514,2025-09-29 14:00:00
0.3,15.790338,2025-09-29 14:00:00
33.825,18.557291,2025-09-29 14:00:00
16.2,12.492193,2025-09-29 14:00:00
10.625,11.55852,2025-09-29 14:00:00
37.525,20.676525,2025-09-29 15:00:00
16.2,10.974227,2025-09-29 15:00:00
1.725,10.048584,2025-09-29 15:00:00
10.825,11.140613,2025-09-29 15:00:00
4.4,13.329779,2025-09-29 15:00:00
40.975,25.990046,2025-09-29 16:00:00
9.7,10.941361,2025-09-29 16:00:00
11.4,12.063529,2025-09-29 16:00:00
2.1,10.591946,2025-09-29 16:00:00
1.15,14.691361,2025-09-29 16:00:00
2.5,10.583813,2025-09-29 17:00:00
40.825,26.09803,2025-09-29 17:00:00
9.95,9.188985,2025-09-29 17:00:00
11.2,12.421726,2025-09-29 17:00:00
1.525,14.509028,2025-09-29 17:00:00
4.225,12.397239,2025-09-29 18:00:00
3.9,12.458884,2025-09-29 18:00:00
33.375,22.345568,2025-09-29 18:00:00
11.35,11.869078,2025-09-29 18:00:00
10.4,9.497801,2025-09-29 18:00:00
7.025,19.818687,2025-09-29 19:00:00
33.55,25.494663,2025-09-29 19:00:00
3.275,10.861629,2025-09-29 19:00:00
12.2,14.284841,2025-09-29 19:00:00
10.375,11.579144,2025-09-29 19:00:00
3.4,11.024826,2025-09-29 20:00:00
11.475,12.177158,2025-09-29 20:00:00
36.975,24.757963,2025-09-29 20:00:00
11.6,20.788977,2025-09-29 20:00:00
7.125,11.437063,2025-09-29 20:00:00
6.0,19.738607,2025-09-29 21:00:00
40.025,23.992897,2025-09-29 21:00:00
10.375,11.539761,2025-09-29 21:00:00
5.15,10.061697,2025-09-29 21:00:00
3.05,11.476865,2025-09-29 21:00:00
5.075,9.741834,2025-09-29 22:00:00
35.5,30.039595,2025-09-29 22:00:00
1.4333333333333331,21.104229,2025-09-29 22:00:00
2.625,9.353024,2025-09-29 22:00:00
9.95,11.595013,2025-09-29 22:00:00
4.966666666666667,9.741365,2025-09-29 23:00:00
2.725,9.440494,2025-09-29 23:00:00
5.6,23.459152,2025-09-29 23:00:00
10.325,14.107188,2025-09-29 23:00:00
11.833333333333334,14.539896,2025-09-30 00:00:00
17.166666666666668,22.44931,2025-09-30 00:00:00
2.3666666666666667,10.815167,2025-09-30 00:00:00
7.875,9.838505,2025-09-30 00:00:00
17.0,24.48584,2025-09-30 00:00:00
0.775,10.696283,2025-09-30 01:00:00
17.175,17.941523,2025-09-30 01:00:00
14.775,23.003414,2025-09-30 01:00:00
13.4,15.327647,2025-09-30 01:00:00
9.325,11.022145,2025-09-30 01:00:00
14.9,14.150789,2025-09-30 02:00:00
21.25,19.038452,2025-09-30 02:00:00
1.05,10.951054,2025-09-30 02:00:00
24.9,23.315868,2025-09-30 02:00:00
9.175,11.065143,2025-09-30 02:00:00
9.325,9.57253,2025-09-30 03:00:00
16.575,38.30878,2025-09-30 03:00:00
14.075,12.899651,2025-09-30 03:00:00
19.625,16.245745,2025-09-30 03:00:00
1.125,10.2744055,2025-09-30 03:00:00
19.55,12.223052,2025-09-30 04:00:00
14.375,31.235964,2025-09-30 04:00:00
13.525,13.4161,2025-09-30 04:00:00
1.2,11.248656,2025-09-30 04:00:00
9.45,8.771395,2025-09-30 04:00:00
14.25,27.78174,2025-09-30 05:00:00
12.95,12.890071,2025-09-30 05:00:00
1.125,10.303329,2025-09-30 05:00:00
9.75,10.178572,2025-09-30 05:00:00
19.85,8.749408,2025-09-30 05:00:00
12.05,12.625092,2025-09-30 06:00:00
20.325,11.955178,2025-09-30 06:00:00
11.2,42.588287,2025-09-30 06:00:00
1.125,10.470279,2025-09-30 06:00:00
9.725,12.517643,2025-09-30 06:00:00
9.75,10.984578,2025-09-30 07:00:00
13.05,12.827572,2025-09-30 07:00:00
27.675,9.558384,2025-09-30 07:00:00
1.7,29.671766,2025-09-30 07:00:00
1.6,9.402771,2025-09-30 07:00:00
9.0,10.381712,2025-09-30 08:00:00
19.7,32.264194,2025-09-30 08:00:00
1.65,9.46189,2025-09-30 08:00:00
12.7,12.981076,2025-09-30 08:00:00
35.65,11.624256,2025-09-30 08:00:00
8.95,10.424709,2025-09-30 09:00:00
12.775,13.661183,2025-09-30 09:00:00
17.4,31.533314,2025-09-30 09:00:00
26.55,14.472266,2025-09-30 09:00:00
1.575,9.690443,2025-09-30 09:00:00
25.525,11.329689,2025-09-30 10:00:00
13.15,13.650997,2025-09-30 10:00:00
2.15,9.085744,2025-09-30 10:00:00
8.75,10.755834,2025-09-30 10:00:00
15.15,37.38054,2025-09-30 10:00:00
27.066666666666663,10.444516,2025-09-30 11:00:00
8.7,9.929671,2025-09-30 11:00:00
9.875,30.315676,2025-09-30 11:00:00
2.15,8.582885,2025-09-30 11:00:00
13.85,11.891448,2025-09-30 11:00:00
2.325,8.695218,2025-09-30 12:00:00
13.225,12.158141,2025-09-30 12:00:00
9.825,11.192344,2025-09-30 12:00:00
4.225,25.418365,2025-09-30 12:00:00
26.425,10.155072,2025-09-30 12:00:00
2.425,9.2519,2025-09-30 13:00:00
13.275,12.296358,2025-09-30 13:00:00
10.025,25.297527,2025-09-30 13:00:00
10.45,11.31604,2025-09-30 13:00:00
21.85,9.698276,2025-09-30 13:00:00
2.225,9.192582,2025-09-30 14:00:00
7.775,27.762398,2025-09-30 14:00:00
10.175,14.319855,2025-09-30 14:00:00
12.6,11.312768,2025-09-30 14:00:00
22.275,10.18108,2025-09-30 14:00:00
22.25,9.766581,2025-09-30 15:00:00
12.325,13.03713,2025-09-30 15:00:00
10.5,13.854425,2025-09-30 15:00:00
2.55,11.3025,2025-09-30 15:00:00
12.775,27.097376,2025-09-30 15:00:00
2.575,11.862711,2025-09-30 16:00:00
7.575,22.864513,2025-09-30 16:00:00
9.6,13.25579,2025-09-30 16:00:00
25.35,9.2391615,2025-09-30 16:00:00
13.3,14.152342,2025-09-30 16:00:00
1.825,10.538988,2025-09-30 17:00:00
8.725,10.944583,2025-09-30 17:00:00
13.425,13.466666,2025-09-30 17:00:00
22.575,9.045271,2025-09-30 17:00:00
8.475,55.65512,2025-09-30 17:00:00
13.625,11.052341,2025-09-30 18:00:00
23.025,14.112787,2025-09-30 18:00:00
2.125,9.460312,2025-09-30 18:00:00
8.625,9.913324,2025-09-30 18:00:00
20.875,40.497013,2025-09-30 18:00:00
47.825,33.58815,2025-09-30 19:00:00
30.55,14.56254,2025-09-30 19:00:00
14.05,11.173997,2025-09-30 19:00:00
8.4,10.565731,2025-09-30 19:00:00
2.6,9.437951,2025-09-30 19:00:00
9.725,35.901985,2025-09-30 20:00:00
36.325,17.70902,2025-09-30 20:00:00
3.2,8.958396,2025-09-30 20:00:00
13.325,11.46693,2025-09-30 20:00:00
13.575,10.425238,2025-09-30 20:00:00
9.725,36.365032,2025-09-30 21:00:00
16.200000000000003,10.994477,2025-09-30 21:00:00
36.825,13.793445,2025-09-30 21:00:00
13.45,10.572341,2025-09-30 21:00:00
2.6,9.020972,2025-09-30 21:00:00
12.475,9.894206,2025-09-30 22:00:00
28.175,35.309853,2025-09-30 22:00:00
16.35,10.653997,2025-09-30 22:00:00
41.725,12.494675,2025-09-30 22:00:00
2.825,7.8476453,2025-09-30 22:00:00
2.7,8.961138,2025-09-30 23:00:00
31.6,16.693209,2025-09-30 23:00:00
16.133333333333333,10.306462,2025-09-30 23:00:00
12.35,13.067607,2025-09-30 23:00:00
0.3,26.925037,2025-09-30 23:00:00
30.73333333333333,26.948854,2025-10-01 00:00:00
1.7,9.540956,2025-10-01 00:00:00
19.8,7.533064,2025-10-01 00:00:00
15.0,13.825055,2025-10-01 00:00:00
13.4,9.656196,2025-10-01 00:00:00
1.5,8.727645,2025-10-01 01:00:00
36.325,27.067495,2025-10-01 01:00:00
16.0,15.095252,2025-10-01 01:00:00
19.8,12.576368,2025-10-01 01:00:00
12.1,10.424074,2025-10-01 01:00:00
19.8,14.908305,2025-10-01 02:00:00
11.975,10.477394,2025-10-01 02:00:00
1.825,9.019021,2025-10-01 02:00:00
17.75,29.916103,2025-10-01 02:00:00
16.549999999999997,13.772385,2025-10-01 02:00:00
2.075,9.568284,2025-10-01 03:00:00
11.375,31.998253,2025-10-01 03:00:00
19.8,13.624259,2025-10-01 03:00:00
11.75,10.442934,2025-10-01 03:00:00
16.349999999999998,12.437945,2025-10-01 03:00:00
10.425,26.350521,2025-10-01 04:00:00
15.05,11.846702,2025-10-01 04:00:00
12.7,11.000367,2025-10-01 04:00:00
1.85,9.33686,2025-10-01 04:00:00
1.1,7.9133725,2025-10-01 05:00:00
13.15,10.99226,2025-10-01 05:00:00
63.15,28.486357,2025-10-01 05:00:00
14.85,10.814528,2025-10-01 05:00:00
1.725,8.008659,2025-10-01 06:00:00
12.875,10.435688,2025-10-01 06:00:00
14.225,11.710262,2025-10-01 06:00:00
82.05,28.07377,2025-10-01 06:00:00
12.925,9.675225,2025-10-01 07:00:00
1.85,8.507833,2025-10-01 07:00:00
14.525,10.859444,2025-10-01 07:00:00
84.425,24.392694,2025-10-01 07:00:00
85.775,23.863123,2025-10-01 08:00:00
15.325,8.368084,2025-10-01 08:00:00
14.975,11.757645,2025-10-01 08:00:00
2.125,7.218489,2025-10-01 08:00:00
80.425,17.967566,2025-10-01 09:00:00
2.3,7.397719,2025-10-01 09:00:00
15.35,12.749336,2025-10-01 09:00:00
16.675,8.416927,2025-10-01 09:00:00
16.625,8.383257,2025-10-01 10:00:00
74.775,23.456684,2025-10-01 10:00:00
15.325,14.7936945,2025-10-01 10:00:00
2.85,9.31083,2025-10-01 10:00:00
63.3,22.28416,2025-10-01 11:00:00
14.9,13.224307,2025-10-01 11:00:00
16.325,8.535649,2025-10-01 11:00:00
2.675,7.490796,2025-10-01 11:00:00
64.825,22.069704,2025-10-01 12:00:00
2.8,8.456274,2025-10-01 12:00:00
15.525,18.399155,2025-10-01 12:00:00
12.975,8.692532,2025-10-01 12:00:00
14.675,13.325581,2025-10-01 12:00:00
13.7,14.398041,2025-10-01 13:00:00
10.95,8.656586,2025-10-01 13:00:00
3.825,9.1362,2025-10-01 13:00:00
15.7,19.869694,2025-10-01 13:00:00
67.125,27.21544,2025-10-01 13:00:00
10.925,9.281063,2025-10-01 14:00:00
62.975,23.596094,2025-10-01 14:00:00
13.7,12.249033,2025-10-01 14:00:00
4.525,9.633486,2025-10-01 14:00:00
16.375,15.912995,2025-10-01 14:00:00
10.9,8.514279,2025-10-01 15:00:00
13.7,11.843063,2025-10-01 15:00:00
7.725,16.418327,2025-10-01 15:00:00
3.675,9.597715,2025-10-01 15:00:00
62.725,22.06522,2025-10-01 15:00:00
7.05,8.3286705,2025-10-01 16:00:00
9.0,17.617397,2025-10-01 16:00:00
3.225,10.470785,2025-10-01 16:00:00
64.25,19.054867,2025-10-01 16:00:00
13.7,12.584245,2025-10-01 16:00:00
73.5,18.617228,2025-10-01 17:00:00
12.8,17.939968,2025-10-01 17:00:00
5.35,8.397924,2025-10-01 17:00:00
3.8,10.015682,2025-10-01 17:00:00
8.875,19.346556,2025-10-01 18:00:00
3.875,9.456388,2025-10-01 18:00:00
5.325,8.56324,2025-10-01 18:00:00
90.45,23.33985,2025-10-01 18:00:00
7.575,19.179731,2025-10-01 19:00:00
5.625,8.459667,2025-10-01 19:00:00
87.8,22.344416,2025-10-01 19:00:00
3.675,9.959966,2025-10-01 19:00:00
9.625,24.145374,2025-10-01 20:00:00
82.925,23.820518,2025-10-01 20:00:00
3.15,9.096309,2025-10-01 20:00:00
3.975,10.291327,2025-10-01 20:00:00
1.95,9.514891,2025-10-01 21:00:00
76.7,22.00793,2025-10-01 21:00:00
11.375,20.586782,2025-10-01 21:00:00
3.475,7.8587947,2025-10-01 21:00:00
13.225,22.928883,2025-10-01 22:00:00
2.075,9.917329,2025-10-01 22:00:00
4.1,6.2674537,2025-10-01 22:00:00
64.575,20.225876,2025-10-01 22:00:00
4.3,7.064653,2025-10-01 23:00:00
2.066666666666667,11.215997,2025-10-01 23:00:00
62.400000000000006,21.071785,2025-10-01 23:00:00
12.525,23.91098,2025-10-01 23:00:00
9.35,10.94353,2025-10-02 00:00:00
35.625,16.56536,2025-10-02 00:00:00
3.0666666666666664,9.109042,2025-10-02 00:00:00
15.175,19.186754,2025-10-02 00:00:00
1.925,9.192282,2025-10-02 01:00:00
23.7,18.325605,2025-10-02 01:00:00
13.075,21.01834,2025-10-02 01:00:00
12.875,9.809444,2025-10-02 01:00:00
34.25,24.526989,2025-10-02 02:00:00
15.4,20.97962,2025-10-02 02:00:00
12.625,10.344617,2025-10-02 02:00:00
2.3,8.4078865,2025-10-02 02:00:00
28.975,18.154165,2025-10-02 03:00:00
2.225,7.801441,2025-10-02 03:00:00
16.25,15.937543,2025-10-02 03:00:00
12.425,10.979643,2025-10-02 03:00:00
29.6,13.944509,2025-10-02 04:00:00
11.825,9.851698,2025-10-02 04:00:00
2.025,7.6870794,2025-10-02 04:00:00
25.95,22.133984,2025-10-02 05:00:00
2.25,9.347762,2025-10-02 05:00:00
11.475,10.427338,2025-10-02 05:00:00
11.5,10.35387,2025-10-02 06:00:00
21.725,22.768482,2025-10-02 06:00:00
2.5,6.6794195,2025-10-02 06:00:00
2.525,6.0888314,2025-10-02 07:00:00
11.65,10.398295,2025-10-02 07:00:00
21.575,23.835613,2025-10-02 07:00:00
2.775,7.9270096,2025-10-02 08:00:00
20.125,22.625605,2025-10-02 08:00:00
8.125,10.766986,2025-10-02 08:00:00
6.65,11.6539135,2025-10-02 09:00:00
29.175,24.90963,2025-10-02 09:00:00
2.45,7.582854,2025-10-02 09:00:00
3.975,10.824359,2025-10-02 10:00:00
23.425,22.474756,2025-10-02 10:00:00
14.25,14.995061,2025-10-02 10:00:00
7.75,11.626826,2025-10-02 10:00:00
7.5,11.609357,2025-10-02 11:00:00
4.75,8.218506,2025-10-02 11:00:00
17.0,26.947165,2025-10-02 11:00:00
16.0,14.47622,2025-10-02 11:00:00
3.7,12.454831,2025-10-02 12:00:00
14.25,34.804657,2025-10-02 12:00:00
15.0,14.425979,2025-10-02 12:00:00
5.574999999999999,10.404554,2025-10-02 12:00:00
11.3,13.955597,2025-10-02 12:00:00
3.7,10.028104,2025-10-02 13:00:00
12.4,13.537491,2025-10-02 13:00:00
23.575,34.172672,2025-10-02 13:00:00
13.45,14.8070135,2025-10-02 13:00:00
4.225,10.734934,2025-10-02 13:00:00
4.449999999999999,10.026502,2025-10-02 14:00:00
13.7,14.195032,2025-10-02 14:00:00
12.825,17.15704,2025-10-02 14:00:00
3.7,9.176199,2025-10-02 14:00:00
22.725,39.530205,2025-10-02 14:00:00
13.775,13.689667,2025-10-02 15:00:00
3.7,9.155119,2025-10-02 15:00:00
19.65,36.115177,2025-10-02 15:00:00
3.8,10.748929,2025-10-02 15:00:00
13.4,13.732418,2025-10-02 15:00:00
4.275,10.364584,2025-10-02 16:00:00
15.25,19.13017,2025-10-02 16:00:00
25.125,29.181513,2025-10-02 16:00:00
14.5,14.4609585,2025-10-02 16:00:00
17.0,17.723879,2025-10-02 17:00:00
35.55,26.848965,2025-10-02 17:00:00
4.15,9.8468,2025-10-02 17:00:00
43.225,27.399021,2025-10-02 18:00:00
3.95,10.1313505,2025-10-02 18:00:00
16.25,15.797656,2025-10-02 18:00:00
20.925,20.010664,2025-10-02 19:00:00
41.625,54.367245,2025-10-02 19:00:00
3.925,10.072416,2025-10-02 19:00:00
9.275,8.902776,2025-10-02 20:00:00
31.05,38.55617,2025-10-02 20:00:00
30.7,24.74436,2025-10-02 20:00:00
36.975,27.18883,2025-10-02 21:00:00
32.55,44.750347,2025-10-02 21:00:00
11.6,10.23393,2025-10-02 21:00:00
11.9,10.448949,2025-10-02 22:00:00
28.275,43.0339,2025-10-02 22:00:00
42.1,17.685328,2025-10-02 22:00:00
30.525,52.200443,2025-10-02 23:00:00
39.8,16.900246,2025-10-02 23:00:00
12.066666666666668,8.273603,2025-10-02 23:00:00
17.2,8.893465,2025-10-03 00:00:00
37.85,17.885998,2025-10-03 00:00:00
15.75,7.2591596,2025-10-03 00:00:00
23.1,51.701702,2025-10-03 00:00:00
36.0,18.604237,2025-10-03 01:00:00
56.8,8.542214,2025-10-03 01:00:00
11.275,52.494305,2025-10-03 01:00:00
17.625,8.880644,2025-10-03 01:00:00
56.8,9.218563,2025-10-03 02:00:00
17.3,9.803482,2025-10-03 02:00:00
25.700000000000003,29.314932,2025-10-03 02:00:00
38.85,18.419344,2025-10-03 02:00:00
34.4,9.549548,2025-10-03 03:00:00
17.35,9.009086,2025-10-03 03:00:00
18.8,28.908903,2025-10-03 03:00:00
35.675,15.905823,2025-10-03 03:00:00
11.0,8.627938,2025-10-03 04:00:00
34.4,8.236869,2025-10-03 04:00:00
29.65,15.612208,2025-10-03 04:00:00
17.825,24.755346,2025-10-03 04:00:00
28.05,13.783114,2025-10-03 05:00:00
15.75,47.650475,2025-10-03 05:00:00
34.4,7.5750537,2025-10-03 05:00:00
7.375,8.471986,2025-10-03 05:00:00
34.4,7.439648,2025-10-03 06:00:00
16.425,46.313004,2025-10-03 06:00:00
7.15,8.872027,2025-10-03 06:00:00
28.925,13.786442,2025-10-03 06:00:00
13.125,34.105125,2025-10-03 07:00:00
28.6,14.166428,2025-10-03 07:00:00
7.649999999999999,8.933028,2025-10-03 07:00:00
25.725,14.027483,2025-10-03 08:00:00
12.2,44.50501,2025-10-03 08:00:00
11.0,8.770686,2025-10-03 08:00:00
12.8,8.253115,2025-10-03 09:00:00
19.4,12.472526,2025-10-03 09:00:00
15.95,41.4424,2025-10-03 09:00:00
14.425,14.210006,2025-10-03 10:00:00
12.925,33.1058,2025-10-03 10:00:00
12.925,8.617788,2025-10-03 10:00:00
14.55,17.175915,2025-10-03 10:00:00
14.275,18.407848,2025-10-03 11:00:00
13.8,18.98985,2025-10-03 11:00:00
12.85,8.275392,2025-10-03 11:00:00
8.625,25.670387,2025-10-03 11:00:00
8.375,20.307283,2025-10-03 12:00:00
11.925,13.178812,2025-10-03 12:00:00
11.866666666666667,17.407295,2025-10-03 12:00:00
8.05,7.916823,2025-10-03 12:00:00
12.725,10.758745,2025-10-03 13:00:00
8.05,7.2077956,2025-10-03 13:00:00
12.75,13.107817,2025-10-03 13:00:00
12.15,24.340467,2025-10-03 13:00:00
8.05,6.5658627,2025-10-03 14:00:00
12.075,12.006417,2025-10-03 14:00:00
12.1,11.88504,2025-10-03 14:00:00
18.375,25.353407,2025-10-03 14:00:00
11.05,18.298626,2025-10-03 15:00:00
12.425,11.540025,2025-10-03 15:00:00
18.225,30.089994,2025-10-03 15:00:00
8.05,6.732856,2025-10-03 15:00:00
12.475,15.090365,2025-10-03 16:00:00
0.7666666666666666,6.2679358,2025-10-03 16:00:00
18.45,26.772144,2025-10-03 16:00:00
7.25,18.021053,2025-10-03 16:00:00
0.9,6.8275967,2025-10-03 17:00:00
17.675,31.669788,2025-10-03 17:00:00
11.325,19.601673,2025-10-03 17:00:00
13.55,19.587393,2025-10-03 17:00:00
0.775,6.445832,2025-10-03 18:00:00
19.15,41.234882,2025-10-03 18:00:00
13.95,20.589779,2025-10-03 18:00:00
15.125,14.495692,2025-10-03 18:00:00
0.925,6.6981697,2025-10-03 19:00:00
14.225,15.653552,2025-10-03 19:00:00
18.5,16.296396,2025-10-03 19:00:00
26.3,50.472355,2025-10-03 19:00:00
25.65,19.801819,2025-10-03 20:00:00
38.0,54.50959,2025-10-03 20:00:00
14.3,13.675016,2025-10-03 20:00:00
5.824999999999999,6.5943666,2025-10-03 20:00:00
26.325,48.80227,2025-10-03 21:00:00
11.675,12.555692,2025-10-03 21:00:00
8.35,8.266096,2025-10-03 21:00:00
31.25,19.13882,2025-10-03 21:00:00
11.625,11.704223,2025-10-03 22:00:00
11.35,37.485092,2025-10-03 22:00:00
9.0,8.675247,2025-10-03 22:00:00
31.425,22.784986,2025-10-03 22:00:00
11.175,11.918509,2025-10-03 23:00:00
9.4,8.769834,2025-10-03 23:00:00
30.0,22.660444,2025-10-03 23:00:00
5.300000000000001,37.57348,2025-10-03 23:00:00
11.8,13.132825,2025-10-04 00:00:00
14.6,29.249884,2025-10-04 00:00:00
14.9,10.041805,2025-10-04 00:00:00
21.0,18.209356,2025-10-04 00:00:00
18.1,9.809314,2025-10-04 01:00:00
17.425,19.393347,2025-10-04 01:00:00
23.325,17.22639,2025-10-04 01:00:00
14.025,16.024277,2025-10-04 01:00:00
16.825,22.360214,2025-10-04 02:00:00
18.15,10.405231,2025-10-04 02:00:00
23.4,22.030096,2025-10-04 02:00:00
14.4,13.926444,2025-10-04 02:00:00
15.55,15.616271,2025-10-04 03:00:00
14.525,22.294708,2025-10-04 03:00:00
23.125,21.38812,2025-10-04 03:00:00
17.525,13.476947,2025-10-04 03:00:00
27.9,21.399282,2025-10-04 04:00:00
15.1,15.411785,2025-10-04 04:00:00
15.75,22.870493,2025-10-04 04:00:00
10.925,9.530756,2025-10-04 04:00:00
35.85,33.927235,2025-10-04 05:00:00
16.450000000000003,20.70656,2025-10-04 05:00:00
12.975,17.336634,2025-10-04 05:00:00
7.725,9.154943,2025-10-04 05:00:00
12.725,20.004374,2025-10-04 06:00:00
8.024999999999999,9.775119,2025-10-04 06:00:00
12.0,14.760393,2025-10-04 06:00:00
39.925,29.115692,2025-10-04 06:00:00
8.575,9.854322,2025-10-04 07:00:00
11.525,20.270662,2025-10-04 07:00:00
11.625,15.622428,2025-10-04 07:00:00
50.0,23.915,2025-10-04 07:00:00
11.175,15.574276,2025-10-04 08:00:00
6.675000000000001,18.958223,2025-10-04 08:00:00
54.475,24.115395,2025-10-04 08:00:00
6.0,10.199652,2025-10-04 08:00:00
12.7,14.72396,2025-10-04 09:00:00
5.1,20.055122,2025-10-04 09:00:00
4.35,11.707809,2025-10-04 09:00:00
49.775000000000006,24.914618,2025-10-04 09:00:00
4.0,12.452062,2025-10-04 10:00:00
12.825,15.98429,2025-10-04 10:00:00
3.966666666666667,17.205893,2025-10-04 10:00:00
42.575,22.125181,2025-10-04 10:00:00
13.025,15.216399,2025-10-04 11:00:00
3.6,12.458528,2025-10-04 11:00:00
42.725,19.632006,2025-10-04 11:00:00
3.225,15.466099,2025-10-04 11:00:00
12.1,13.536217,2025-10-04 12:00:00
39.2,18.96933,2025-10-04 12:00:00
7.675000000000001,17.625193,2025-10-04 12:00:00
1.5333333333333332,10.3527565,2025-10-04 12:00:00
57.5,22.170576,2025-10-04 13:00:00
11.6,14.714777,2025-10-04 13:00:00
10.525,16.250164,2025-10-04 13:00:00
1.5333333333333332,11.983956,2025-10-04 13:00:00
1.4,22.427921,2025-10-04 14:00:00
0.1,9.703372,2025-10-04 14:00:00
10.7,12.969381,2025-10-04 14:00:00
6.15,15.924801,2025-10-04 14:00:00
2.1,20.96625,2025-10-04 15:00:00
7.0,14.964432,2025-10-04 15:00:00
10.675,13.011209,2025-10-04 15:00:00
0.1,10.466445,2025-10-04 15:00:00
3.0,17.272938,2025-10-04 16:00:00
6.449999999999999,11.023084,2025-10-04 16:00:00
10.675,17.716587,2025-10-04 16:00:00
4.1,13.480849,2025-10-04 16:00:00
13.325,11.885071,2025-10-04 17:00:00
7.575,15.742285,2025-10-04 17:00:00
3.0,16.911797,2025-10-04 17:00:00
9.275,10.139731,2025-10-04 17:00:00
3.0,21.782717,2025-10-04 18:00:00
10.775,13.293935,2025-10-04 18:00:00
13.4,12.252592,2025-10-04 18:00:00
9.0,9.829188,2025-10-04 18:00:00
9.025,8.73405,2025-10-04 19:00:00
15.65,13.50389,2025-10-04 19:00:00
20.125,16.984251,2025-10-04 19:00:00
3.0,15.942894,2025-10-04 19:00:00
23.1,21.36004,2025-10-04 20:00:00
14.85,14.876258,2025-10-04 20:00:00
12.8,8.976573,2025-10-04 20:00:00
14.775,9.964218,2025-10-04 21:00:00
12.45,13.25582,2025-10-04 21:00:00
34.75,29.15814,2025-10-04 21:00:00
11.725,14.493349,2025-10-04 22:00:00
27.4,29.16683,2025-10-04 22:00:00
15.7,9.7903595,2025-10-04 22:00:00
8.233333333333333,23.26699,2025-10-04 22:00:00
27.575,28.056417,2025-10-04 23:00:00
10.725,18.457567,2025-10-04 23:00:00
16.333333333333332,8.814302,2025-10-04 23:00:00
12.325,20.781319,2025-10-04 23:00:00
14.025,9.117715,2025-10-05 00:00:00
13.366666666666667,17.513779,2025-10-05 00:00:00
4.1,27.037605,2025-10-05 00:00:00
13.3,26.626583,2025-10-05 00:00:00
6.275,22.86978,2025-10-05 01:00:00
13.475,11.987194,2025-10-05 01:00:00
15.825,17.948072,2025-10-05 01:00:00
0.2,21.60031,2025-10-05 01:00:00
0.2,22.793386,2025-10-05 02:00:00
3.1500000000000004,20.899216,2025-10-05 02:00:00
13.475,12.774203,2025-10-05 02:00:00
16.775,15.048002,2025-10-05 02:00:00
17.45,14.62762,2025-10-05 03:00:00
13.425,12.6652565,2025-10-05 03:00:00
0.2,22.545656,2025-10-05 03:00:00
1.5333333333333332,17.21958,2025-10-05 03:00:00
18.5,10.882618,2025-10-05 04:00:00
3.6,16.540855,2025-10-05 04:00:00
17.025,14.270792,2025-10-05 04:00:00
11.1,21.67496,2025-10-05 04:00:00
21.425,9.270919,2025-10-05 05:00:00
81.15,25.144854,2025-10-05 05:00:00
15.325,13.989181,2025-10-05 05:00:00
1.15,16.800478,2025-10-05 05:00:00
21.375,9.231282,2025-10-05 06:00:00
14.75,15.056896,2025-10-05 06:00:00
2.65,18.273539,2025-10-05 06:00:00
70.9,25.557798,2025-10-05 06:00:00
21.375,10.002967,2025-10-05 07:00:00
5.575,16.01836,2025-10-05 07:00:00
14.275,14.11372,2025-10-05 07:00:00
74.575,24.181871,2025-10-05 07:00:00
13.85,9.363811,2025-10-05 08:00:00
14.7,13.163429,2025-10-05 08:00:00
81.075,26.045624,2025-10-05 08:00:00
5.775,14.831482,2025-10-05 08:00:00
15.25,14.195739,2025-10-05 09:00:00
68.85,24.808014,2025-10-05 09:00:00
10.125,9.006282,2025-10-05 09:00:00
6.6000000000000005,13.183648,2025-10-05 09:00:00
3.975,11.63549,2025-10-05 10:00:00
16.825,13.637919,2025-10-05 10:00:00
10.275,8.748856,2025-10-05 10:00:00
84.025,25.422785,2025-10-05 10:00:00
5.6000000000000005,10.602182,2025-10-05 11:00:00
82.125,28.481615,2025-10-05 11:00:00
16.825,14.456475,2025-10-05 11:00:00
10.55,7.3012147,2025-10-05 11:00:00
15.8,13.820169,2025-10-05 12:00:00
6.475,11.985457,2025-10-05 12:00:00
9.275,7.2506533,2025-10-05 12:00:00
86.075,26.868948,2025-10-05 12:00:00
14.2,14.850273,2025-10-05 13:00:00
8.35,12.736594,2025-10-05 13:00:00
8.4,7.847004,2025-10-05 13:00:00
76.95,24.270653,2025-10-05 13:00:00
6.525,11.015541,2025-10-05 14:00:00
8.55,7.709031,2025-10-05 14:00:00
69.525,23.063534,2025-10-05 14:00:00
13.25,11.182205,2025-10-05 14:00:00
4.4,10.471452,2025-10-05 15:00:00
8.475,7.5955,2025-10-05 15:00:00
12.925,11.460523,2025-10-05 15:00:00
71.95,27.823538,2025-10-05 15:00:00
13.075,10.762576,2025-10-05 16:00:00
4.0,12.145279,2025-10-05 16:00:00
7.575,8.398638,2025-10-05 16:00:00
72.175,33.17971,2025-10-05 16:00:00
15.566666666666668,12.218689,2025-10-05 17:00:00
7.25,8.930256,2025-10-05 17:00:00
71.625,22.969997,2025-10-05 17:00:00
14.375,10.480401,2025-10-05 17:00:00
14.1,10.049425,2025-10-05 18:00:00
15.575,12.579438,2025-10-05 18:00:00
7.2,7.3265266,2025-10-05 18:00:00
68.55,24.876188,2025-10-05 18:00:00
15.075,17.205107,2025-10-05 19:00:00
75.2,29.883118,2025-10-05 19:00:00
7.025,6.6084456,2025-10-05 19:00:00
15.6,15.087038,2025-10-05 19:00:00
15.3,15.229049,2025-10-05 20:00:00
4.7,9.176263,2025-10-05 20:00:00
14.85,23.669176,2025-10-05 20:00:00
3.65,9.698157,2025-10-05 21:00:00
15.575,14.219288,2025-10-05 21:00:00
14.05,28.248072,2025-10-05 21:00:00
3.025,11.165806,2025-10-05 22:00:00
73.6,18.868746,2025-10-05 22:00:00
12.375,27.672068,2025-10-05 22:00:00
16.075,12.178673,2025-10-05 22:00:00
15.2,31.230515,2025-10-05 23:00:00
79.05000000000001,25.655098,2025-10-05 23:00:00
2.766666666666667,11.241921,2025-10-05 23:00:00
15.65,16.698643,2025-10-05 23:00:00
20.525,22.903624,2025-10-06 00:00:00
6.225,10.706665,2025-10-06 00:00:00
14.966666666666669,18.096388,2025-10-06 00:00:00
46.4,20.584757,2025-10-06 00:00:00
14.325,16.71233,2025-10-06 01:00:00
29.05,27.834772,2025-10-06 01:00:00
8.024999999999999,13.163994,2025-10-06 01:00:00
15.025,20.040712,2025-10-06 01:00:00
14.025,13.79133,2025-10-06 02:00:00
31.125,25.317062,2025-10-06 02:00:00
7.85,10.623411,2025-10-06 02:00:00
15.75,15.859151,2025-10-06 02:00:00
27.5,24.208553,2025-10-06 03:00:00
14.125,14.204573,2025-10-06 03:00:00
7.675,8.744311,2025-10-06 03:00:00
16.525,15.135611,2025-10-06 03:00:00
10.925,25.51783,2025-10-06 04:00:00
10.925,8.773678,2025-10-06 04:00:00
14.125,12.856049,2025-10-06 04:00:00
15.6,11.652795,2025-10-06 04:00:00
12.425,11.687538,2025-10-06 05:00:00
13.1,11.058128,2025-10-06 05:00:00
13.825,13.356992,2025-10-06 05:00:00
10.925,30.267357,2025-10-06 05:00:00
11.7,11.342517,2025-10-06 06:00:00
22.066666666666663,44.866753,2025-10-06 06:00:00
12.675,13.375616,2025-10-06 06:00:00
12.75,11.918782,2025-10-06 06:00:00
13.0,11.025375,2025-10-06 07:00:00
14.2,10.316191,2025-10-06 07:00:00
12.125,13.698235,2025-10-06 07:00:00
23.566666666666663,50.862553,2025-10-06 07:00:00
9.25,37.35404,2025-10-06 08:00:00
13.5,13.635981,2025-10-06 08:00:00
15.225,9.179976,2025-10-06 08:00:00
12.5,12.607027,2025-10-06 08:00:00
6.2,33.07019,2025-10-06 09:00:00
14.175,10.295163,2025-10-06 09:00:00
13.625,8.998048,2025-10-06 09:00:00
13.975,12.075875,2025-10-06 09:00:00
7.575,31.83724,2025-10-06 10:00:00
13.5,13.620295,2025-10-06 10:00:00
14.45,10.707759,2025-10-06 10:00:00
13.05,14.452912,2025-10-06 10:00:00
14.05,14.081663,2025-10-06 11:00:00
55.525000000000006,31.782267,2025-10-06 11:00:00
12.35,14.101864,2025-10-06 11:00:00
14.8,11.312016,2025-10-06 11:00:00
13.675,13.370631,2025-10-06 12:00:00
11.6,10.585288,2025-10-06 12:00:00
12.425,13.115238,2025-10-06 12:00:00
89.1,52.614243,2025-10-06 12:00:00
13.05,9.962912,2025-10-06 13:00:00
10.325,10.854321,2025-10-06 13:00:00
11.975,12.677598,2025-10-06 13:00:00
85.25,59.960957,2025-10-06 13:00:00
11.45,10.555394,2025-10-06 14:00:00
10.45,11.323294,2025-10-06 14:00:00
10.65,11.714483,2025-10-06 14:00:00
92.2,34.89055,2025-10-06 14:00:00
10.6,12.81799,2025-10-06 15:00:00
94.65,37.05669,2025-10-06 15:00:00
9.675,9.17165,2025-10-06 15:00:00
10.675,11.108256,2025-10-06 15:00:00
10.775,10.956264,2025-10-06 16:00:00
97.9,38.92024,2025-10-06 16:00:00
17.900000000000002,10.04503,2025-10-06 16:00:00
12.075,11.265416,2025-10-06 16:00:00
84.925,37.051548,2025-10-06 17:00:00
10.8,10.679238,2025-10-06 17:00:00
21.65,9.544642,2025-10-06 17:00:00
10.725,13.424025,2025-10-06 17:00:00
12.925,10.352695,2025-10-06 18:00:00
10.15,12.205171,2025-10-06 18:00:00
84.35,27.30299,2025-10-06 18:00:00
21.875,8.86903,2025-10-06 18:00:00
13.9,16.727932,2025-10-06 19:00:00
22.2,8.992626,2025-10-06 19:00:00
87.825,21.447775,2025-10-06 19:00:00
13.25,12.139412,2025-10-06 19:00:00
10.8,14.72556,2025-10-06 19:00:00
13.0,11.880011,2025-10-06 20:00:00
10.8,13.650963,2025-10-06 20:00:00
86.35,32.223576,2025-10-06 20:00:00
18.450000000000003,15.574932,2025-10-06 20:00:00
16.55,8.997433,2025-10-06 20:00:00
18.825,18.065828,2025-10-06 21:00:00
11.625,12.675295,2025-10-06 21:00:00
14.35,9.398907,2025-10-06 21:00:00
10.8,13.276946,2025-10-06 21:00:00
85.025,25.83282,2025-10-06 21:00:00
22.55,17.08983,2025-10-06 22:00:00
84.075,29.74963,2025-10-06 22:00:00
10.8,12.527109,2025-10-06 22:00:00
10.775,12.506063,2025-10-06 22:00:00
14.575,8.313608,2025-10-06 22:00:00
22.9,19.616598,2025-10-06 23:00:00
10.8,13.122461,2025-10-06 23:00:00
9.9,12.4844885,2025-10-06 23:00:00
86.75,46.27177,2025-10-06 23:00:00
14.733333333333334,8.988244,2025-10-06 23:00:00
19.45,14.807488,2025-10-07 00:00:00
10.800000000000002,14.380121,2025-10-07 00:00:00
8.5,7.8060813,2025-10-07 00:00:00
45.25,44.582474,2025-10-07 00:00:00
11.266666666666666,14.271511,2025-10-07 00:00:00
5.55,7.821903,2025-10-07 01:00:00
18.625,14.729624,2025-10-07 01:00:00
31.075,52.289345,2025-10-07 01:00:00
13.625,16.696413,2025-10-07 01:00:00
10.8,14.636105,2025-10-07 01:00:00
35.625,48.583324,2025-10-07 02:00:00
10.8,14.383508,2025-10-07 02:00:00
15.8,12.088803,2025-10-07 02:00:00
5.175,8.756549,2025-10-07 02:00:00
17.674999999999997,12.56055,2025-10-07 02:00:00
4.875,8.188322,2025-10-07 03:00:00
35.775,40.82013,2025-10-07 03:00:00
15.775,13.091184,2025-10-07 03:00:00
10.8,14.193383,2025-10-07 03:00:00
19.2,14.133539,2025-10-07 03:00:00
26.0,34.38102,2025-10-07 04:00:00
8.975,8.786556,2025-10-07 04:00:00
19.55,19.336481,2025-10-07 04:00:00
15.975,12.905887,2025-10-07 04:00:00
10.8,13.571036,2025-10-07 04:00:00
10.8,14.5166445,2025-10-07 05:00:00
10.25,9.305539,2025-10-07 05:00:00
13.85,12.659344,2025-10-07 05:00:00
20.6,23.599417,2025-10-07 05:00:00
24.8,39.6308,2025-10-07 05:00:00
9.825,8.927839,2025-10-07 06:00:00
22.025,21.694725,2025-10-07 06:00:00
11.85,12.52265,2025-10-07 06:00:00
10.725,14.961101,2025-10-07 06:00:00
28.375,32.541584,2025-10-07 06:00:00
10.7,15.135544,2025-10-07 07:00:00
10.9,13.211064,2025-10-07 07:00:00
23.025,11.912743,2025-10-07 07:00:00
27.65,37.844646,2025-10-07 07:00:00
9.775,8.034842,2025-10-07 07:00:00
10.7,13.09836,2025-10-07 08:00:00
30.775,41.61959,2025-10-07 08:00:00
6.175,9.031151,2025-10-07 08:00:00
11.0,13.512471,2025-10-07 08:00:00
21.225,13.057115,2025-10-07 08:00:00
19.95,13.902218,2025-10-07 09:00:00
28.525,22.470722,2025-10-07 09:00:00
10.7,14.531642,2025-10-07 09:00:00
12.55,12.3652,2025-10-07 09:00:00
4.425,8.974431,2025-10-07 09:00:00
10.7,14.063737,2025-10-07 10:00:00
20.725,13.696454,2025-10-07 10:00:00
27.0,26.850567,2025-10-07 10:00:00
14.15,16.05867,2025-10-07 10:00:00
4.475,9.606822,2025-10-07 10:00:00
23.675,44.652733,2025-10-07 11:00:00
10.7,16.763224,2025-10-07 11:00:00
7.55,12.90746,2025-10-07 11:00:00
4.8,10.728869,2025-10-07 11:00:00
15.25,14.939448,2025-10-07 11:00:00
11.125,10.062635,2025-10-07 12:00:00
15.05,14.241806,2025-10-07 12:00:00
10.7,14.967501,2025-10-07 12:00:00
2.6,11.88274,2025-10-07 12:00:00
23.85,49.05941,2025-10-07 12:00:00
14.125,9.069922,2025-10-07 13:00:00
10.7,14.599561,2025-10-07 13:00:00
24.775,55.5954,2025-10-07 13:00:00
16.625,11.390053,2025-10-07 13:00:00
2.6,11.84364,2025-10-07 13:00:00
10.7,14.670766,2025-10-07 14:00:00
2.6,10.135648,2025-10-07 14:00:00
14.125,11.773795,2025-10-07 14:00:00
23.025,47.66052,2025-10-07 14:00:00
14.35,8.746653,2025-10-07 14:00:00
14.25,8.967302,2025-10-07 15:00:00
2.6,10.376605,2025-10-07 15:00:00
11.85,12.401105,2025-10-07 15:00:00
14.525,57.73708,2025-10-07 15:00:00
10.75,14.921001,2025-10-07 15:00:00
18.125,10.241441,2025-10-07 16:00:00
2.6,11.197074,2025-10-07 16:00:00
11.3,17.901405,2025-10-07 16:00:00
10.775,14.915938,2025-10-07 16:00:00
11.025,62.028416,2025-10-07 16:00:00
13.75,17.960796,2025-10-07 17:00:00
3.9,53.008625,2025-10-07 17:00:00
20.075,11.20503,2025-10-07 17:00:00
10.8,14.65588,2025-10-07 17:00:00
2.6,9.918622,2025-10-07 17:00:00
19.925,11.922028,2025-10-07 18:00:00
2.4,71.56685,2025-10-07 18:00:00
15.775,14.334383,2025-10-07 18:00:00
2.6,10.937311,2025-10-07 18:00:00
10.725,14.115702,2025-10-07 18:00:00
19.725,12.37852,2025-10-07 19:00:00
2.6,11.3059025,2025-10-07 19:00:00
10.7,12.588253,2025-10-07 19:00:00
17.85,16.91644,2025-10-07 19:00:00
4.633333333333334,66.487686,2025-10-07 19:00:00
10.425,12.844927,2025-10-07 20:00:00
16.8,21.9235,2025-10-07 20:00:00
1.9,77.84221,2025-10-07 20:00:00
2.6,12.228563,2025-10-07 20:00:00
10.7,12.91063,2025-10-07 20:00:00
4.066666666666666,65.016304,2025-10-07 21:00:00
2.6,11.355186,2025-10-07 21:00:00
6.3,10.931071,2025-10-07 21:00:00
10.7,12.345551,2025-10-07 21:00:00
27.433333333333334,20.740124,2025-10-07 21:00:00
10.7,14.273938,2025-10-07 22:00:00
24.625,22.394554,2025-10-07 22:00:00
6.425,11.392646,2025-10-07 22:00:00
4.666666666666667,78.940735,2025-10-07 22:00:00
2.6,11.644966,2025-10-07 22:00:00
2.6,14.293295,2025-10-07 23:00:00
10.7,14.236508,2025-10-07 23:00:00
19.35,21.08924,2025-10-07 23:00:00
6.566666666666666,11.395565,2025-10-07 23:00:00
5.0,67.92951,2025-10-07 23:00:00
2.6,14.800647,2025-10-08 00:00:00
10.699999999999998,15.588679,2025-10-08 00:00:00
20.95,75.053085,2025-10-08 00:00:00
13.1,20.586718,2025-10-08 00:00:00
11.025,11.071782,2025-10-08 00:00:00
14.025,17.763977,2025-10-08 01:00:00
13.05,12.317707,2025-10-08 01:00:00
24.375,33.606033,2025-10-08 01:00:00
10.7,15.616725,2025-10-08 01:00:00
2.6,14.887134,2025-10-08 01:00:00
14.825,17.577417,2025-10-08 02:00:00
2.6,14.090272,2025-10-08 02:00:00
23.9,37.76423,2025-10-08 02:00:00
13.025,10.434419,2025-10-08 02:00:00
10.7,13.704151,2025-10-08 02:00:00
13.375,10.712192,2025-10-08 03:00:00
12.525,16.997993,2025-10-08 03:00:00
23.3,42.00343,2025-10-08 03:00:00
2.6,12.740137,2025-10-08 03:00:00
10.7,13.777706,2025-10-08 03:00:00
33.1,35.379307,2025-10-08 04:00:00
2.6,14.020437,2025-10-08 04:00:00
15.4,9.95469,2025-10-08 04:00:00
15.45,16.590816,2025-10-08 04:00:00
10.7,13.582687,2025-10-08 04:00:00
14.475,16.331512,2025-10-08 05:00:00
2.6,12.349605,2025-10-08 05:00:00
16.4,13.478763,2025-10-08 05:00:00
41.075,36.177864,2025-10-08 05:00:00
10.7,13.118697,2025-10-08 05:00:00
45.375,31.980455,2025-10-08 06:00:00
14.2,15.971955,2025-10-08 06:00:00
16.674999999999997,9.9979925,2025-10-08 06:00:00
2.6,12.875511,2025-10-08 06:00:00
10.7,12.701243,2025-10-08 06:00:00
47.625,37.1622,2025-10-08 07:00:00
10.7,12.67357,2025-10-08 07:00:00
16.825,8.970915,2025-10-08 07:00:00
2.6,10.997731,2025-10-08 07:00:00
14.575,16.909468,2025-10-08 07:00:00
46.5,37.19839,2025-10-08 08:00:00
12.3,15.869586,2025-10-08 08:00:00
2.6,11.972001,2025-10-08 08:00:00
13.8,7.889647,2025-10-08 08:00:00
10.7,12.694251,2025-10-08 08:00:00
2.6,12.674008,2025-10-08 09:00:00
11.975,8.58258,2025-10-08 09:00:00
13.675,15.056164,2025-10-08 09:00:00
10.7,13.558889,2025-10-08 09:00:00
47.725,37.8843,2025-10-08 09:00:00
2.6,11.061849,2025-10-08 10:00:00
10.7,14.907875,2025-10-08 10:00:00
12.775,15.906019,2025-10-08 10:00:00
12.05,8.864663,2025-10-08 10:00:00
46.7,33.694447,2025-10-08 10:00:00
10.7,12.913459,2025-10-08 11:00:00
12.4,8.140506,2025-10-08 11:00:00
2.6,12.041045,2025-10-08 11:00:00
8.575,16.576002,2025-10-08 11:00:00
47.7,32.088882,2025-10-08 11:00:00
2.6,11.149268,2025-10-08 12:00:00
54.400000000000006,30.681498,2025-10-08 12:00:00
9.6,9.052905,2025-10-08 12:00:00
7.25,13.2924795,2025-10-08 12:00:00
10.7,15.173858,2025-10-08 12:00:00
10.7,14.526653,2025-10-08 13:00:00
26.1,14.766649,2025-10-08 13:00:00
57.65,29.567896,2025-10-08 13:00:00
2.6,7.7059484,2025-10-08 13:00:00
8.4,10.217275,2025-10-08 13:00:00
13.475,14.459386,2025-10-08 14:00:00
10.7,16.031418,2025-10-08 14:00:00
8.25,10.9434,2025-10-08 14:00:00
57.175,23.696218,2025-10-08 14:00:00
2.6,6.1935773,2025-10-08 14:00:00
2.6,7.1966634,2025-10-08 15:00:00
9.1,13.814345,2025-10-08 15:00:00
53.8,17.052076,2025-10-08 15:00:00
8.0,9.924798,2025-10-08 15:00:00
10.7,15.792643,2025-10-08 15:00:00
2.6,6.9828653,2025-10-08 16:00:00
11.875,10.280135,2025-10-08 16:00:00
8.675,13.18724,2025-10-08 16:00:00
10.7,18.63562,2025-10-08 16:00:00
45.825,17.794075,2025-10-08 16:00:00
13.525,11.0498705,2025-10-08 17:00:00
10.7,15.999837,2025-10-08 17:00:00
8.649999999999999,12.106422,2025-10-08 17:00:00
2.6,6.0772614,2025-10-08 17:00:00
47.375,14.559311,2025-10-08 17:00:00
44.475,14.755683,2025-10-08 18:00:00
2.6,5.9254956,2025-10-08 18:00:00
10.7,13.82124,2025-10-08 18:00:00
10.05,12.806069,2025-10-08 18:00:00
13.3,11.472674,2025-10-08 18:00:00
9.925,16.151167,2025-10-08 19:00:00
2.6,6.0438437,2025-10-08 19:00:00
41.225,15.10959,2025-10-08 19:00:00
10.7,14.322469,2025-10-08 19:00:00
13.525,10.931843,2025-10-08 19:00:00
10.875,19.355185,2025-10-08 20:00:00
10.7,14.143559,2025-10-08 20:00:00
41.375,14.387951,2025-10-08 20:00:00
8.975,10.638484,2025-10-08 20:00:00
2.6,6.36761,2025-10-08 20:00:00
2.6,6.743352,2025-10-08 21:00:00
41.85,13.151451,2025-10-08 21:00:00
6.675,10.889517,2025-10-08 21:00:00
10.7,14.87674,2025-10-08 21:00:00
11.175,26.497677,2025-10-08 21:00:00
10.7,16.12417,2025-10-08 22:00:00
2.6,6.396123,2025-10-08 22:00:00
12.2,23.191845,2025-10-08 22:00:00
43.625,15.057878,2025-10-08 22:00:00
6.65,10.7770405,2025-10-08 22:00:00
6.766666666666667,10.369799,2025-10-08 23:00:00
10.7,15.316985,2025-10-08 23:00:00
2.6,5.796875,2025-10-08 23:00:00
12.075,22.880262,2025-10-08 23:00:00
43.35,13.6608305,2025-10-08 23:00:00
7.2,10.173589,2025-10-09 00:00:00
2.6,5.876119,2025-10-09 00:00:00
15.025,19.381554,2025-10-09 00:00:00
10.766666666666666,15.365559,2025-10-09 00:00:00
23.375,12.845127,2025-10-09 00:00:00
15.35,19.34101,2025-10-09 01:00:00
10.8,15.513594,2025-10-09 01:00:00
2.6,5.76694,2025-10-09 01:00:00
7.0,10.229961,2025-10-09 01:00:00
16.2,17.817343,2025-10-09 01:00:00
16.95,14.046373,2025-10-09 02:00:00
7.3,9.587794,2025-10-09 02:00:00
2.6,6.2012453,2025-10-09 02:00:00
15.75,23.657257,2025-10-09 02:00:00
10.8,14.659785,2025-10-09 02:00:00
2.6,6.4482155,2025-10-09 03:00:00
15.7,22.659311,2025-10-09 03:00:00
7.075,8.253568,2025-10-09 03:00:00
10.8,20.60518,2025-10-09 03:00:00
17.15,15.596311,2025-10-09 03:00:00
8.55,7.6881638,2025-10-09 04:00:00
10.8,15.651485,2025-10-09 04:00:00
16.325000000000003,15.484421,2025-10-09 04:00:00
2.6,5.737789,2025-10-09 04:00:00
18.875,20.9671,2025-10-09 04:00:00
2.6,5.5036755,2025-10-09 05:00:00
10.8,15.688052,2025-10-09 05:00:00
13.975,25.46855,2025-10-09 05:00:00
8.975,9.031684,2025-10-09 05:00:00
14.5,15.098908,2025-10-09 05:00:00
9.05,10.394497,2025-10-09 06:00:00
10.8,16.83131,2025-10-09 06:00:00
15.975,14.860715,2025-10-09 06:00:00
11.775,23.719559,2025-10-09 06:00:00
2.6,5.863182,2025-10-09 06:00:00
18.9,24.33667,2025-10-09 07:00:00
10.8,16.687382,2025-10-09 07:00:00
16.625,15.399704,2025-10-09 07:00:00
8.95,9.687046,2025-10-09 07:00:00
2.6,6.023203,2025-10-09 07:00:00
16.5,15.0152235,2025-10-09 08:00:00
6.0,10.206826,2025-10-09 08:00:00
19.075,29.743313,2025-10-09 08:00:00
10.8,15.499043,2025-10-09 08:00:00
2.6,5.802315,2025-10-09 08:00:00
10.8,17.941223,2025-10-09 09:00:00
2.6,5.362267,2025-10-09 09:00:00
15.725,14.715331,2025-10-09 09:00:00
19.275,21.366245,2025-10-09 09:00:00
6.0,9.70344,2025-10-09 09:00:00
6.0,9.579908,2025-10-09 10:00:00
2.6,4.4301934,2025-10-09 10:00:00
10.8,15.599136,2025-10-09 10:00:00
20.0,20.895508,2025-10-09 10:00:00
14.925,13.447185,2025-10-09 10:00:00
15.25,11.990313,2025-10-09 11:00:00
2.6,5.1382394,2025-10-09 11:00:00
10.8,13.442023,2025-10-09 11:00:00
6.0,10.501262,2025-10-09 11:00:00
20.4,15.925584,2025-10-09 11:00:00
3.7,10.603498,2025-10-09 12:00:00
18.8,18.516384,2025-10-09 12:00:00
10.8,14.015053,2025-10-09 12:00:00
2.6,6.9952044,2025-10-09 12:00:00
15.375,11.218282,2025-10-09 12:00:00
10.8,15.777826,2025-10-09 13:00:00
2.6,3.8446658,2025-10-09 13:00:00
14.75,13.324423,2025-10-09 13:00:00
16.6,17.82746,2025-10-09 13:00:00
7.800000000000001,9.825658,2025-10-09 13:00:00
2.6,4.5932674,2025-10-09 14:00:00
9.525,8.615447,2025-10-09 14:00:00
29.75,11.920616,2025-10-09 14:00:00
16.55,14.521782,2025-10-09 14:00:00
10.8,15.514027,2025-10-09 14:00:00
9.575,8.995666,2025-10-09 15:00:00
17.875,12.164276,2025-10-09 15:00:00
10.8,11.515593,2025-10-09 15:00:00
2.6,4.496113,2025-10-09 15:00:00
13.65,14.050728,2025-10-09 15:00:00
13.7,18.562336,2025-10-09 16:00:00
11.575,11.613399,2025-10-09 16:00:00
2.6,4.5187454,2025-10-09 16:00:00
10.8,11.717249,2025-10-09 16:00:00
15.05,10.726798,2025-10-09 16:00:00
13.575,18.217169,2025-10-09 17:00:00
2.6,4.412155,2025-10-09 17:00:00
10.8,11.160078,2025-10-09 17:00:00
15.375,11.931026,2025-10-09 17:00:00
8.875,10.657361,2025-10-09 17:00:00
15.075,11.330525,2025-10-09 18:00:00
10.425,12.852192,2025-10-09 18:00:00
10.8,10.917322,2025-10-09 18:00:00
15.0,15.776511,2025-10-09 18:00:00
2.6,4.75429,2025-10-09 18:00:00
15.1,11.513337,2025-10-09 19:00:00
20.35,16.6768,2025-10-09 19:00:00
2.6,6.7857766,2025-10-09 19:00:00
18.6,14.853181,2025-10-09 19:00:00
10.8,12.204874,2025-10-09 19:00:00
30.2,15.716927,2025-10-09 20:00:00
2.6,6.8560395,2025-10-09 20:00:00
10.8,13.84213,2025-10-09 20:00:00
37.9,15.869404,2025-10-09 20:00:00
15.325,10.271143,2025-10-09 20:00:00
42.675,18.831882,2025-10-09 21:00:00
10.8,13.189414,2025-10-09 21:00:00
15.75,11.431598,2025-10-09 21:00:00
26.375,17.250467,2025-10-09 21:00:00
2.6,7.277805,2025-10-09 21:00:00
10.8,13.247071,2025-10-09 22:00:00
2.6,6.1931853,2025-10-09 22:00:00
27.0,16.963823,2025-10-09 22:00:00
44.75,19.635235,2025-10-09 22:00:00
15.875,10.315302,2025-10-09 22:00:00
42.15,17.510328,2025-10-09 23:00:00
10.8,13.42377,2025-10-09 23:00:00
2.6,6.578382,2025-10-09 23:00:00
31.425,19.327248,2025-10-09 23:00:00
15.733333333333334,9.860169,2025-10-09 23:00:00
10.800000000000002,14.8974905,2025-10-10 00:00:00
31.125,13.855326,2025-10-10 00:00:00
23.1,21.140951,2025-10-10 00:00:00
2.6,4.2400603,2025-10-10 00:00:00
10.2,9.427132,2025-10-10 00:00:00
10.8,15.069143,2025-10-10 01:00:00
18.75,24.161028,2025-10-10 01:00:00
6.775,9.740213,2025-10-10 01:00:00
2.6,4.3006325,2025-10-10 01:00:00
34.65,14.984352,2025-10-10 01:00:00
2.6,4.168987,2025-10-10 02:00:00
6.475,9.32457,2025-10-10 02:00:00
18.1,19.915787,2025-10-10 02:00:00
30.925,15.867104,2025-10-10 02:00:00
10.8,14.682481,2025-10-10 02:00:00
22.475,15.654934,2025-10-10 03:00:00
10.8,15.089994,2025-10-10 03:00:00
2.6,4.0551515,2025-10-10 03:00:00
6.275,9.2539835,2025-10-10 03:00:00
17.275,21.22254,2025-10-10 03:00:00
2.6,3.2181444,2025-10-10 04:00:00
17.05,20.797266,2025-10-10 04:00:00
10.8,13.381265,2025-10-10 04:00:00
7.225,8.726977,2025-10-10 04:00:00
21.5,15.60439,2025-10-10 04:00:00
7.6,9.457018,2025-10-10 05:00:00
15.775,18.656315,2025-10-10 05:00:00
10.8,13.218131,2025-10-10 05:00:00
2.6,3.8567984,2025-10-10 05:00:00
10.175,14.787805,2025-10-10 05:00:00
2.6,3.953061,2025-10-10 06:00:00
7.45,9.590055,2025-10-10 06:00:00
10.8,15.14075,2025-10-10 06:00:00
3.175,15.281283,2025-10-10 06:00:00
16.175,17.458487,2025-10-10 06:00:00
10.8,14.781615,2025-10-10 07:00:00
7.6,9.109686,2025-10-10 07:00:00
2.6,5.0814276,2025-10-10 07:00:00
0.4,15.034769,2025-10-10 07:00:00
16.85,18.39045,2025-10-10 07:00:00
10.55,8.815058,2025-10-10 08:00:00
0.4,15.919801,2025-10-10 08:00:00
10.8,13.106729,2025-10-10 08:00:00
2.6,5.0778165,2025-10-10 08:00:00
15.675,19.956177,2025-10-10 08:00:00
22.925,21.987267,2025-10-10 09:00:00
0.4,16.04559,2025-10-10 09:00:00
2.6,4.76721,2025-10-10 09:00:00
11.5,8.853818,2025-10-10 09:00:00
10.8,13.860612,2025-10-10 09:00:00
20.6,19.422451,2025-10-10 10:00:00
11.85,9.229438,2025-10-10 10:00:00
10.8,14.560536,2025-10-10 10:00:00
0.4,16.59805,2025-10-10 10:00:00
2.6,5.2904863,2025-10-10 10:00:00
2.6,4.54083,2025-10-10 11:00:00
10.8,14.406577,2025-10-10 11:00:00
18.5,19.581802,2025-10-10 11:00:00
11.875,8.978236,2025-10-10 11:00:00
15.7,8.112757,2025-10-10 12:00:00
10.8,13.942288,2025-10-10 12:00:00
15.466666666666669,4.972424,2025-10-10 12:00:00
19.675,19.29124,2025-10-10 12:00:00
16.0,5.303926,2025-10-10 13:00:00
17.125,16.408442,2025-10-10 13:00:00
10.8,13.039542,2025-10-10 13:00:00
4.875,18.649166,2025-10-10 13:00:00
17.525,8.153763,2025-10-10 13:00:00
10.8,13.439034,2025-10-10 14:00:00
17.825,7.6973143,2025-10-10 14:00:00
13.375,15.344879,2025-10-10 14:00:00
15.025,5.2414236,2025-10-10 14:00:00
5.175,16.307331,2025-10-10 14:00:00
14.675,4.9655175,2025-10-10 15:00:00
4.05,16.443752,2025-10-10 15:00:00
13.925,14.376445,2025-10-10 15:00:00
17.566666666666666,8.217466,2025-10-10 15:00:00
10.8,13.324467,2025-10-10 15:00:00
4.475,14.505981,2025-10-10 16:00:00
10.8,13.30287,2025-10-10 16:00:00
16.275,14.139668,2025-10-10 16:00:00
14.575,9.731679,2025-10-10 16:00:00
17.95,5.640663,2025-10-10 16:00:00
19.7,4.7371244,2025-10-10 17:00:00
16.55,15.012911,2025-10-10 17:00:00
10.8,14.097882,2025-10-10 17:00:00
12.95,11.067348,2025-10-10 17:00:00
4.775,11.332818,2025-10-10 17:00:00
12.925,14.761271,2025-10-10 18:00:00
19.275,5.7007685,2025-10-10 18:00:00
12.825,10.554588,2025-10-10 18:00:00
7.274999999999999,13.9598465,2025-10-10 18:00:00
10.825,14.275722,2025-10-10 18:00:00
10.85,14.04574,2025-10-10 19:00:00
12.875,10.10618,2025-10-10 19:00:00
21.85,7.287781,2025-10-10 19:00:00
14.925,16.147287,2025-10-10 19:00:00
12.425,15.738821,2025-10-10 19:00:00
10.85,14.063713,2025-10-10 20:00:00
16.425,21.78716,2025-10-10 20:00:00
26.65,23.430384,2025-10-10 20:00:00
13.225,10.111901,2025-10-10 20:00:00
21.7,7.6697702,2025-10-10 20:00:00
22.025,6.6447945,2025-10-10 21:00:00
38.225,28.257097,2025-10-10 21:00:00
10.825,12.695459,2025-10-10 21:00:00
18.4,29.30225,2025-10-10 21:00:00
13.0,10.496005,2025-10-10 21:00:00
10.85,12.847233,2025-10-10 22:00:00
20.625,5.6391797,2025-10-10 22:00:00
14.425,26.637718,2025-10-10 22:00:00
13.325,10.486286,2025-10-10 22:00:00
35.85,32.23552,2025-10-10 22:00:00
12.875,27.41449,2025-10-10 23:00:00
19.325,5.1055155,2025-10-10 23:00:00
10.8,12.779635,2025-10-10 23:00:00
33.1,31.87368,2025-10-10 23:00:00
12.766666666666666,10.645128,2025-10-10 23:00:00
17.7,11.566487,2025-10-11 00:00:00
19.2,24.892328,2025-10-11 00:00:00
10.800000000000002,15.649581,2025-10-11 00:00:00
20.9,3.6631067,2025-10-11 00:00:00
25.1,23.56146,2025-10-11 00:00:00
25.65,19.852762,2025-10-11 01:00:00
10.8,17.507795,2025-10-11 01:00:00
19.950000000000003,9.93921,2025-10-11 01:00:00
20.9,4.737538,2025-10-11 01:00:00
17.825,23.604597,2025-10-11 01:00:00
17.875,22.583609,2025-10-11 02:00:00
30.375,18.290392,2025-10-11 02:00:00
21.5,3.8795125,2025-10-11 02:00:00
10.8,17.373686,2025-10-11 02:00:00
19.450000000000003,10.390597,2025-10-11 02:00:00
21.875,3.6318078,2025-10-11 03:00:00
19.4,20.4986,2025-10-11 03:00:00
27.85,19.870998,2025-10-11 03:00:00
18.775,10.439797,2025-10-11 03:00:00
10.8,17.355429,2025-10-11 03:00:00
13.45,9.151172,2025-10-11 04:00:00
18.775,18.164202,2025-10-11 04:00:00
29.925,17.536867,2025-10-11 04:00:00
22.45,2.9062295,2025-10-11 04:00:00
10.85,18.593357,2025-10-11 04:00:00
10.875,16.048988,2025-10-11 05:00:00
10.825,10.003352,2025-10-11 05:00:00
29.2,16.793634,2025-10-11 05:00:00
22.95,2.51489,2025-10-11 05:00:00
19.975,15.581971,2025-10-11 05:00:00
28.15,17.795784,2025-10-11 06:00:00
10.8,16.117382,2025-10-11 06:00:00
22.575,2.7383308,2025-10-11 06:00:00
10.55,9.62016,2025-10-11 06:00:00
18.1,15.360823,2025-10-11 06:00:00
20.125,14.480875,2025-10-11 07:00:00
19.65,3.388146,2025-10-11 07:00:00
10.8,16.289871,2025-10-11 07:00:00
10.2,8.747936,2025-10-11 07:00:00
29.65,18.421133,2025-10-11 07:00:00
31.15,17.382763,2025-10-11 08:00:00
10.8,14.216728,2025-10-11 08:00:00
17.825,13.339726,2025-10-11 08:00:00
20.2,2.8132126,2025-10-11 08:00:00
11.825,8.279151,2025-10-11 08:00:00
18.9,15.217039,2025-10-11 09:00:00
29.975,18.060017,2025-10-11 09:00:00
13.0,8.035467,2025-10-11 09:00:00
19.775,3.2593706,2025-10-11 09:00:00
10.8,15.687211,2025-10-11 09:00:00
19.675,6.514209,2025-10-11 10:00:00
10.8,16.595495,2025-10-11 10:00:00
26.65,18.21269,2025-10-11 10:00:00
12.975,9.84095,2025-10-11 10:00:00
19.525,17.606943,2025-10-11 10:00:00
12.95,9.478985,2025-10-11 11:00:00
34.625,20.142761,2025-10-11 11:00:00
19.45,2.381269,2025-10-11 11:00:00
10.8,16.965065,2025-10-11 11:00:00
34.225,17.94356,2025-10-11 12:00:00
19.225,5.927238,2025-10-11 12:00:00
10.8,15.06516,2025-10-11 12:00:00
12.775,8.597339,2025-10-11 12:00:00
9.625,13.5005045,2025-10-11 13:00:00
10.85,14.858124,2025-10-11 13:00:00
30.625,15.70604,2025-10-11 13:00:00
12.325,7.6878386,2025-10-11 13:00:00
18.8,8.113192,2025-10-11 13:00:00
9.425,13.782332,2025-10-11 14:00:00
29.875,15.114047,2025-10-11 14:00:00
18.15,12.050751,2025-10-11 14:00:00
12.2,7.8319716,2025-10-11 14:00:00
10.8,13.867358,2025-10-11 14:00:00
16.925,10.619625,2025-10-11 15:00:00
12.075,8.761299,2025-10-11 15:00:00
10.9,13.557444,2025-10-11 15:00:00
31.2,15.333263,2025-10-11 15:00:00
9.275,9.737402,2025-10-11 15:00:00
8.575000000000001,10.329539,2025-10-11 16:00:00
10.9,13.87078,2025-10-11 16:00:00
16.25,9.881898,2025-10-11 16:00:00
31.375,14.968006,2025-10-11 16:00:00
8.025,8.8989105,2025-10-11 16:00:00
29.9,17.607286,2025-10-11 17:00:00
8.875,11.851254,2025-10-11 17:00:00
6.05,9.700466,2025-10-11 17:00:00
16.475,11.940009,2025-10-11 17:00:00
10.9,13.70183,2025-10-11 17:00:00
16.875,12.348277,2025-10-11 18:00:00
13.575,13.762114,2025-10-11 18:00:00
10.875,14.788903,2025-10-11 18:00:00
5.95,9.289804,2025-10-11 18:00:00
29.675,15.258801,2025-10-11 18:00:00
18.275,14.414401,2025-10-11 19:00:00
6.35,10.919199,2025-10-11 19:00:00
18.55,12.755698,2025-10-11 19:00:00
10.9,14.879829,2025-10-11 19:00:00
32.300000000000004,16.463785,2025-10-11 19:00:00
19.75,28.736458,2025-10-11 20:00:00
11.0,10.022613,2025-10-11 20:00:00
10.9,13.720376,2025-10-11 20:00:00
21.55,13.6515665,2025-10-11 20:00:00
33.025,16.438526,2025-10-11 20:00:00
13.675,11.356559,2025-10-11 21:00:00
19.4,31.660156,2025-10-11 21:00:00
22.775,14.590599,2025-10-11 21:00:00
10.9,13.94123,2025-10-11 21:00:00
30.575,19.384417,2025-10-11 21:00:00
10.825,15.544473,2025-10-11 22:00:00
21.475,34.246685,2025-10-11 22:00:00
13.525,11.626398,2025-10-11 22:00:00
21.2,15.9539,2025-10-11 22:00:00
29.8,20.10926,2025-10-11 22:00:00
27.325,31.302504,2025-10-11 23:00:00
19.25,14.714988,2025-10-11 23:00:00
13.166666666666666,11.564375,2025-10-11 23:00:00
10.9,15.015096,2025-10-11 23:00:00
30.1,21.111105,2025-10-11 23:00:00
10.9,16.63133,2025-10-12 00:00:00
36.0,28.30297,2025-10-12 00:00:00
29.925,21.702957,2025-10-12 00:00:00
11.85,11.923488,2025-10-12 00:00:00
20.96666666666667,14.664186,2025-10-12 00:00:00
10.9,16.507635,2025-10-12 01:00:00
10.75,11.304039,2025-10-12 01:00:00
22.25,17.375605,2025-10-12 01:00:00
30.125,21.967346,2025-10-12 01:00:00
36.45,25.755934,2025-10-12 01:00:00
21.35,14.81914,2025-10-12 02:00:00
36.35,23.796947,2025-10-12 02:00:00
10.9,15.980774,2025-10-12 02:00:00
28.075,23.71332,2025-10-12 02:00:00
10.7,12.177978,2025-10-12 02:00:00
10.9,16.440147,2025-10-12 03:00:00
22.35,15.534246,2025-10-12 03:00:00
35.5,19.737251,2025-10-12 03:00:00
28.85,23.551853,2025-10-12 03:00:00
10.575,11.457101,2025-10-12 03:00:00
10.9,15.2236805,2025-10-12 04:00:00
29.125,21.59226,2025-10-12 04:00:00
23.5,20.141994,2025-10-12 04:00:00
7.775,11.221828,2025-10-12 04:00:00
36.7,20.591549,2025-10-12 04:00:00
37.375,18.642008,2025-10-12 05:00:00
10.875,15.224797,2025-10-12 05:00:00
6.3,10.404601,2025-10-12 05:00:00
31.275,19.639303,2025-10-12 05:00:00
23.675,17.643412,2025-10-12 05:00:00
29.1,23.524143,2025-10-12 06:00:00
21.4,18.328505,2025-10-12 06:00:00
10.825,15.28913,2025-10-12 06:00:00
37.4,18.74537,2025-10-12 06:00:00
6.475,10.845488,2025-10-12 06:00:00
6.6,10.128698,2025-10-12 07:00:00
29.925,22.933313,2025-10-12 07:00:00
39.85,19.696712,2025-10-12 07:00:00
10.875,14.566977,2025-10-12 07:00:00
20.725,18.236605,2025-10-12 07:00:00
20.633333333333333,21.076818,2025-10-12 08:00:00
11.6,10.1926,2025-10-12 08:00:00
10.8,14.983621,2025-10-12 08:00:00
33.3,24.22375,2025-10-12 08:00:00
38.6,20.907545,2025-10-12 08:00:00
35.45,21.12908,2025-10-12 09:00:00
33.125,27.482897,2025-10-12 09:00:00
19.075,21.676384,2025-10-12 09:00:00
10.8,15.908323,2025-10-12 09:00:00
14.375,10.8062,2025-10-12 09:00:00
10.8,17.069881,2025-10-12 10:00:00
33.675,21.853556,2025-10-12 10:00:00
32.775,20.256172,2025-10-12 10:00:00
15.15,11.080904,2025-10-12 10:00:00
18.65,22.040014,2025-10-12 10:00:00
17.075,19.934114,2025-10-12 11:00:00
15.675,10.539254,2025-10-12 11:00:00
10.8,17.001734,2025-10-12 11:00:00
26.9,20.08286,2025-10-12 11:00:00
32.75,22.619267,2025-10-12 11:00:00
26.8,17.837397,2025-10-12 12:00:00
16.325,18.471794,2025-10-12 12:00:00
36.825,20.99263,2025-10-12 12:00:00
10.725,15.447247,2025-10-12 12:00:00
22.6,9.327077,2025-10-12 12:00:00
30.725,22.750563,2025-10-12 13:00:00
17.6,16.722263,2025-10-12 13:00:00
26.15,8.275549,2025-10-12 13:00:00
10.7,15.665492,2025-10-12 13:00:00
26.575,13.794518,2025-10-12 13:00:00
17.325,15.315003,2025-10-12 14:00:00
10.7,16.328342,2025-10-12 14:00:00
26.375,9.066909,2025-10-12 14:00:00
23.975,12.522744,2025-10-12 14:00:00
28.875,21.833912,2025-10-12 14:00:00
32.45,19.92597,2025-10-12 15:00:00
16.15,12.344893,2025-10-12 15:00:00
26.7,12.408264,2025-10-12 15:00:00
23.375,11.623223,2025-10-12 15:00:00
10.7,15.798609,2025-10-12 15:00:00
23.85,11.919868,2025-10-12 16:00:00
25.375,10.680385,2025-10-12 16:00:00
10.7,15.138517,2025-10-12 16:00:00
17.15,14.480654,2025-10-12 16:00:00
26.25,18.53005,2025-10-12 16:00:00
17.1,15.332866,2025-10-12 17:00:00
25.1,9.326242,2025-10-12 17:00:00
27.025,19.798569,2025-10-12 17:00:00
10.7,16.364788,2025-10-12 17:00:00
23.725,12.030133,2025-10-12 17:00:00
25.45,9.023134,2025-10-12 18:00:00
30.75,14.299538,2025-10-12 18:00:00
22.9,19.5612,2025-10-12 18:00:00
15.675,15.634046,2025-10-12 18:00:00
10.6,14.081945,2025-10-12 18:00:00
26.25,19.170725,2025-10-12 19:00:00
17.25,17.444496,2025-10-12 19:00:00
10.6,14.547939,2025-10-12 19:00:00
26.225,9.505488,2025-10-12 19:00:00
28.625,23.158554,2025-10-12 19:00:00
20.475,19.197035,2025-10-12 20:00:00
15.75,10.139834,2025-10-12 20:00:00
39.475,26.254986,2025-10-12 20:00:00
10.6,14.831288,2025-10-12 20:00:00
26.275,21.892067,2025-10-12 20:00:00
29.2,22.50747,2025-10-12 21:00:00
41.75,26.111689,2025-10-12 21:00:00
10.6,15.607203,2025-10-12 21:00:00
19.0,18.611584,2025-10-12 21:00:00
10.7,10.65134,2025-10-12 21:00:00
31.05,24.187067,2025-10-12 22:00:00
10.6,14.958776,2025-10-12 22:00:00
45.025,25.838251,2025-10-12 22:00:00
10.95,10.84841,2025-10-12 22:00:00
17.725,19.58198,2025-10-12 22:00:00
16.525,18.093876,2025-10-12 23:00:00
10.6,10.917037,2025-10-12 23:00:00
33.325,22.036797,2025-10-12 23:00:00
40.925,26.882202,2025-10-12 23:00:00
10.6,15.445957,2025-10-12 23:00:00
33.925,21.117167,2025-10-13 00:00:00
23.3,25.118841,2025-10-13 00:00:00
6.05,12.477127,2025-10-13 00:00:00
15.666666666666666,18.139107,2025-10-13 00:00:00
10.666666666666666,16.17565,2025-10-13 00:00:00
10.7,16.485626,2025-10-13 01:00:00
3.725,11.327307,2025-10-13 01:00:00
25.85,25.09675,2025-10-13 01:00:00
31.725,23.659813,2025-10-13 01:00:00
15.95,18.726147,2025-10-13 01:00:00
33.275,23.969835,2025-10-13 02:00:00
3.25,11.453056,2025-10-13 02:00:00
22.05,28.362686,2025-10-13 02:00:00
15.225,18.003063,2025-10-13 02:00:00
10.7,16.326849,2025-10-13 02:00:00
15.55,18.354807,2025-10-13 03:00:00
10.7,16.018707,2025-10-13 03:00:00
2.85,10.963179,2025-10-13 03:00:00
22.475,24.879854,2025-10-13 03:00:00
35.725,24.44219,2025-10-13 03:00:00
21.7,23.950907,2025-10-13 04:00:00
10.7,14.418928,2025-10-13 04:00:00
16.125,9.592014,2025-10-13 04:00:00
32.875,24.138195,2025-10-13 04:00:00
16.175,19.429277,2025-10-13 04:00:00
22.4,9.45758,2025-10-13 05:00:00
21.325,26.804642,2025-10-13 05:00:00
16.225,20.075426,2025-10-13 05:00:00
10.7,15.147126,2025-10-13 05:00:00
32.95,25.545698,2025-10-13 05:00:00
30.6,30.643661,2025-10-13 06:00:00
15.95,19.975386,2025-10-13 06:00:00
20.9,26.347721,2025-10-13 06:00:00
10.7,14.519127,2025-10-13 06:00:00
22.425,10.167654,2025-10-13 06:00:00
22.35,10.185682,2025-10-13 07:00:00
20.725,28.27024,2025-10-13 07:00:00
14.9,19.183567,2025-10-13 07:00:00
43.725,34.334743,2025-10-13 07:00:00
10.7,15.423538,2025-10-13 07:00:00
16.35,9.513737,2025-10-13 08:00:00
10.7,14.47042,2025-10-13 08:00:00
35.95,33.302963,2025-10-13 08:00:00
14.425,17.905674,2025-10-13 08:00:00
22.125,27.624926,2025-10-13 08:00:00
14.375,9.797353,2025-10-13 09:00:00
13.975,20.830872,2025-10-13 09:00:00
32.525,31.932713,2025-10-13 09:00:00
10.7,15.463037,2025-10-13 09:00:00
23.55,27.821854,2025-10-13 09:00:00
26.9,24.470207,2025-10-13 10:00:00
14.7,8.445241,2025-10-13 10:00:00
10.7,16.099932,2025-10-13 10:00:00
28.8,22.851093,2025-10-13 10:00:00
14.075,19.20902,2025-10-13 10:00:00
14.4,18.852802,2025-10-13 11:00:00
26.075,23.20221,2025-10-13 11:00:00
10.7,16.274858,2025-10-13 11:00:00
19.95,21.526583,2025-10-13 11:00:00
14.425,6.5232277,2025-10-13 11:00:00
19.95,19.190805,2025-10-13 12:00:00
20.55,23.727072,2025-10-13 12:00:00
16.025,17.264189,2025-10-13 12:00:00
10.166666666666666,16.096468,2025-10-13 12:00:00
15.4,10.63719,2025-10-13 12:00:00
16.225,9.067554,2025-10-13 13:00:00
19.95,18.015896,2025-10-13 13:00:00
10.166666666666666,15.120604,2025-10-13 13:00:00
15.8,16.646948,2025-10-13 13:00:00
15.75,19.349493,2025-10-13 13:00:00
19.7,18.701195,2025-10-13 14:00:00
15.625,19.807505,2025-10-13 14:00:00
10.166666666666666,14.51828,2025-10-13 14:00:00
16.125,9.604499,2025-10-13 14:00:00
15.275,14.35848,2025-10-13 14:00:00
21.525,20.5955,2025-10-13 15:00:00
14.525,14.840761,2025-10-13 15:00:00
11.75,18.644289,2025-10-13 15:00:00
10.166666666666666,15.847186,2025-10-13 15:00:00
16.299999999999997,12.287031,2025-10-13 15:00:00
19.775,11.370253,2025-10-13 16:00:00
26.1,20.279064,2025-10-13 16:00:00
13.125,15.754981,2025-10-13 16:00:00
11.266666666666666,15.73636,2025-10-13 16:00:00
18.65,16.202276,2025-10-13 17:00:00
11.975,14.425555,2025-10-13 17:00:00
21.05,21.28947,2025-10-13 17:00:00
21.075,10.145455,2025-10-13 17:00:00
21.275,11.036275,2025-10-13 18:00:00
13.675,14.21622,2025-10-13 18:00:00
29.05,19.134455,2025-10-13 18:00:00
17.525,16.135101,2025-10-13 18:00:00
21.075,12.294014,2025-10-13 19:00:00
21.225,22.436981,2025-10-13 19:00:00
24.875,22.913992,2025-10-13 19:00:00
16.975,16.072535,2025-10-13 19:00:00
29.675,23.85526,2025-10-13 20:00:00
29.575000000000003,25.585938,2025-10-13 20:00:00
13.725,12.14546,2025-10-13 20:00:00
17.9,18.072557,2025-10-13 20:00:00
17.6,17.84629,2025-10-13 21:00:00
25.925,24.540636,2025-10-13 21:00:00
11.325,11.738868,2025-10-13 21:00:00
26.275,32.587463,2025-10-13 21:00:00
16.125,16.389462,2025-10-13 22:00:00
12.075,12.22903,2025-10-13 22:00:00
25.925,33.56775,2025-10-13 22:00:00
32.0,25.18097,2025-10-13 22:00:00
15.125,15.047987,2025-10-13 23:00:00
24.175,35.84011,2025-10-13 23:00:00
11.766666666666666,11.0338125,2025-10-13 23:00:00
33.175,24.616623,2025-10-13 23:00:00
16.474999999999998,10.67959,2025-10-14 00:00:00
19.075,42.82324,2025-10-14 00:00:00
33.45,28.293365,2025-10-14 00:00:00
15.633333333333333,15.798302,2025-10-14 00:00:00
17.0,15.876521,2025-10-14 01:00:00
18.125,37.725124,2025-10-14 01:00:00
17.925,11.404663,2025-10-14 01:00:00
16.4,27.856747,2025-10-14 01:00:00
6.0,24.445776,2025-10-14 02:00:00
17.25,16.079443,2025-10-14 02:00:00
17.375,11.313959,2025-10-14 02:00:00
18.15,33.879745,2025-10-14 02:00:00
18.275,15.457365,2025-10-14 03:00:00
18.1,32.474422,2025-10-14 03:00:00
6.0,25.445665,2025-10-14 03:00:00
16.475,9.717204,2025-10-14 03:00:00
8.925,10.763523,2025-10-14 04:00:00
2.1,23.49481,2025-10-14 04:00:00
18.925,14.440907,2025-10-14 04:00:00
16.975,30.15462,2025-10-14 04:00:00
2.1,24.740284,2025-10-14 05:00:00
5.275,11.672953,2025-10-14 05:00:00
19.0,15.057475,2025-10-14 05:00:00
17.175,33.17778,2025-10-14 05:00:00
5.55,10.657868,2025-10-14 06:00:00
17.65,32.849655,2025-10-14 06:00:00
19.025,15.140013,2025-10-14 06:00:00
2.1,24.225248,2025-10-14 06:00:00
17.675,16.209711,2025-10-14 07:00:00
2.1,23.541292,2025-10-14 07:00:00
18.575,40.20919,2025-10-14 07:00:00
7.375,14.510217,2025-10-14 07:00:00
16.349999999999998,10.356588,2025-10-14 08:00:00
16.45,16.57691,2025-10-14 08:00:00
21.3,40.49801,2025-10-14 08:00:00
14.55,16.38444,2025-10-14 09:00:00
19.275,35.73857,2025-10-14 09:00:00
20.5,8.430222,2025-10-14 09:00:00
20.775,9.928542,2025-10-14 10:00:00
16.375,27.32147,2025-10-14 10:00:00
14.15,15.937488,2025-10-14 10:00:00
20.125,9.979337,2025-10-14 11:00:00
15.3,15.197014,2025-10-14 11:00:00
13.775,23.847656,2025-10-14 11:00:00
16.05,14.347008,2025-10-14 12:00:00
8.525,12.568767,2025-10-14 12:00:00
10.325,22.864935,2025-10-14 12:00:00
8.7,20.60071,2025-10-14 13:00:00
2.475,10.897942,2025-10-14 13:00:00
16.325,16.48833,2025-10-14 13:00:00
15.05,15.767899,2025-10-14 14:00:00
2.725,10.401102,2025-10-14 14:00:00
8.05,16.848158,2025-10-14 14:00:00
14.125,14.413994,2025-10-14 15:00:00
7.55,15.469626,2025-10-14 15:00:00
2.625,14.463336,2025-10-14 15:00:00
13.375,12.816306,2025-10-14 16:00:00
7.0,14.611441,2025-10-14 16:00:00
4.8,11.032708,2025-10-14 16:00:00
5.925,11.739109,2025-10-14 17:00:00
13.4,12.995672,2025-10-14 17:00:00
7.25,17.195196,2025-10-14 17:00:00
6.1,12.661202,2025-10-14 18:00:00
15.35,12.8945265,2025-10-14 18:00:00
9.05,20.060867,2025-10-14 18:00:00
6.8,13.896378,2025-10-14 19:00:00
13.2,22.58093,2025-10-14 19:00:00
17.200000000000003,13.074034,2025-10-14 19:00:00
19.875,27.004923,2025-10-14 20:00:00
12.625,11.286793,2025-10-14 20:00:00
17.525,14.830349,2025-10-14 20:00:00
21.95,30.219467,2025-10-14 21:00:00
16.375,11.157497,2025-10-14 21:00:00
18.6,14.030226,2025-10-14 21:00:00
16.875,12.362397,2025-10-14 22:00:00
22.6,30.988615,2025-10-14 22:00:00
17.174999999999997,12.847472,2025-10-14 22:00:00
16.599999999999998,12.056818,2025-10-14 23:00:00
14.8,12.172387,2025-10-14 23:00:00
31.6,27.52513,2025-10-14 23:00:00
22.55,26.399195,2025-10-14 23:00:00
16.96666666666667,11.475128,2025-10-15 00:00:00
35.725,27.884111,2025-10-15 00:00:00
22.1,25.148497,2025-10-15 00:00:00
7.0,12.207637,2025-10-15 00:00:00
29.575,26.382067,2025-10-15 01:00:00
17.275,11.504501,2025-10-15 01:00:00
19.975,21.553034,2025-10-15 01:00:00
2.0,12.6675415,2025-10-15 01:00:00
19.175,21.633793,2025-10-15 02:00:00
1.725,11.642549,2025-10-15 02:00:00
16.1,12.266546,2025-10-15 02:00:00
24.7,19.027178,2025-10-15 02:00:00
16.475,12.186337,2025-10-15 03:00:00
19.825,20.193836,2025-10-15 03:00:00
21.225,22.155582,2025-10-15 03:00:00
1.45,12.05487,2025-10-15 03:00:00
14.75,12.440155,2025-10-15 04:00:00
15.85,12.079368,2025-10-15 04:00:00
27.325,19.555643,2025-10-15 04:00:00
19.15,20.253355,2025-10-15 04:00:00
30.825,17.40177,2025-10-15 05:00:00
18.475,16.87723,2025-10-15 05:00:00
21.075,14.378649,2025-10-15 05:00:00
16.075000000000003,13.078772,2025-10-15 05:00:00
16.15,13.456089,2025-10-15 06:00:00
18.0,20.24631,2025-10-15 06:00:00
20.625,13.376344,2025-10-15 06:00:00
23.0,19.756908,2025-10-15 06:00:00
20.3,13.397897,2025-10-15 07:00:00
18.85,19.804514,2025-10-15 07:00:00
21.7,15.338181,2025-10-15 07:00:00
15.125,12.658524,2025-10-15 07:00:00
14.075,11.825649,2025-10-15 08:00:00
18.975,18.43958,2025-10-15 08:00:00
18.85,12.219188,2025-10-15 08:00:00
15.425,18.661966,2025-10-15 09:00:00
13.175,16.198122,2025-10-15 09:00:00
19.275,14.266614,2025-10-15 09:00:00
13.125,14.531119,2025-10-15 10:00:00
20.225,14.580868,2025-10-15 10:00:00
14.8,16.758045,2025-10-15 10:00:00
14.05,16.530792,2025-10-15 11:00:00
20.325000000000003,13.688152,2025-10-15 11:00:00
13.5,15.99106,2025-10-15 11:00:00
14.65,16.260654,2025-10-15 12:00:00
15.425,10.8355255,2025-10-15 12:00:00
15.333333333333334,16.579924,2025-10-15 12:00:00
14.675,17.656317,2025-10-15 13:00:00
13.525,18.228348,2025-10-15 13:00:00
12.775,10.131102,2025-10-15 13:00:00
14.675,12.3179455,2025-10-15 14:00:00
11.525,17.399534,2025-10-15 14:00:00
12.45,12.630041,2025-10-15 14:00:00
13.675,14.293495,2025-10-15 15:00:00
10.2,11.494184,2025-10-15 15:00:00
12.4,13.028862,2025-10-15 15:00:00
13.675,10.927118,2025-10-15 16:00:00
10.05,11.640303,2025-10-15 16:00:00
18.75,13.063683,2025-10-15 16:00:00
10.65,11.263633,2025-10-15 17:00:00
21.8,11.859464,2025-10-15 17:00:00
12.975,10.980092,2025-10-15 17:00:00
12.0,11.9754095,2025-10-15 18:00:00
21.85,11.879246,2025-10-15 18:00:00
13.825,11.100182,2025-10-15 18:00:00
14.9,12.526753,2025-10-15 19:00:00
16.55,18.879225,2025-10-15 19:00:00
21.5,11.017624,2025-10-15 19:00:00
9.25,10.174685,2025-10-15 20:00:00
24.4,20.439602,2025-10-15 20:00:00
16.75,15.276199,2025-10-15 20:00:00
28.0,22.90697,2025-10-15 21:00:00
4.0,10.286072,2025-10-15 21:00:00
17.925,12.385273,2025-10-15 21:00:00
4.175,11.365467,2025-10-15 22:00:00
16.725,12.563354,2025-10-15 22:00:00
27.525,22.240929,2025-10-15 22:00:00
4.333333333333333,10.634517,2025-10-15 23:00:00
25.275,22.627144,2025-10-15 23:00:00
14.7,15.534331,2025-10-15 23:00:00
49.15,24.49967,2025-10-15 23:00:00
20.15,18.548815,2025-10-16 00:00:00
46.55,30.016935,2025-10-16 00:00:00
9.625,10.427038,2025-10-16 00:00:00
16.066666666666666,13.731955,2025-10-16 00:00:00
18.0,15.868507,2025-10-16 01:00:00
18.6,18.556198,2025-10-16 01:00:00
39.475,23.154577,2025-10-16 01:00:00
11.375,11.990474,2025-10-16 01:00:00
18.0,14.699146,2025-10-16 02:00:00
28.8,19.941347,2025-10-16 02:00:00
17.475,19.392046,2025-10-16 02:00:00
10.65,10.817837,2025-10-16 02:00:00
15.775,17.492384,2025-10-16 03:00:00
16.5,15.424207,2025-10-16 03:00:00
10.25,10.633858,2025-10-16 03:00:00
30.625,19.574911,2025-10-16 03:00:00
16.075,15.47816,2025-10-16 04:00:00
29.975,18.72014,2025-10-16 04:00:00
14.3,9.743705,2025-10-16 04:00:00
16.125,14.806518,2025-10-16 04:00:00
15.925,12.638978,2025-10-16 05:00:00
16.825,17.613247,2025-10-16 05:00:00
40.675,22.783247,2025-10-16 05:00:00
15.275,15.650847,2025-10-16 05:00:00
14.675,17.293068,2025-10-16 06:00:00
17.2,17.1781,2025-10-16 06:00:00
41.375,20.189856,2025-10-16 06:00:00
15.275,13.893061,2025-10-16 06:00:00
14.55,15.168203,2025-10-16 07:00:00
15.325,14.112074,2025-10-16 07:00:00
32.675,19.682917,2025-10-16 07:00:00
13.05,16.987305,2025-10-16 07:00:00
6.55,12.385716,2025-10-16 08:00:00
36.35,19.784424,2025-10-16 08:00:00
14.5,16.653637,2025-10-16 08:00:00
12.075,20.112766,2025-10-16 08:00:00
38.075,20.08116,2025-10-16 09:00:00
13.65,17.69187,2025-10-16 09:00:00
2.575,14.085195,2025-10-16 09:00:00
10.15,20.930016,2025-10-16 09:00:00
9.625,20.064404,2025-10-16 10:00:00
40.375,22.675354,2025-10-16 10:00:00
3.125,15.150533,2025-10-16 10:00:00
13.4,17.47557,2025-10-16 10:00:00
13.325,17.835503,2025-10-16 11:00:00
4.4750000000000005,14.526732,2025-10-16 11:00:00
39.275000000000006,21.387676,2025-10-16 11:00:00
8.825,15.457608,2025-10-16 11:00:00
7.425,16.66274,2025-10-16 12:00:00
14.4,18.885925,2025-10-16 12:00:00
36.075,19.012342,2025-10-16 12:00:00
9.425,13.640514,2025-10-16 12:00:00
12.125,12.9836645,2025-10-16 13:00:00
6.225,16.743826,2025-10-16 13:00:00
15.0,15.417486,2025-10-16 13:00:00
40.7,14.845064,2025-10-16 13:00:00
5.25,14.391418,2025-10-16 14:00:00
39.725,16.83001,2025-10-16 14:00:00
14.6,17.009909,2025-10-16 14:00:00
12.5,12.921554,2025-10-16 14:00:00
39.925,14.797551,2025-10-16 15:00:00
13.0,11.873087,2025-10-16 15:00:00
6.05,13.335801,2025-10-16 15:00:00
13.2,16.850697,2025-10-16 15:00:00
5.725,11.938797,2025-10-16 16:00:00
13.2,15.775532,2025-10-16 16:00:00
18.425,11.777282,2025-10-16 16:00:00
42.175,12.04954,2025-10-16 16:00:00
13.2,16.865952,2025-10-16 17:00:00
6.15,12.785746,2025-10-16 17:00:00
21.475,11.568571,2025-10-16 17:00:00
46.8,16.470362,2025-10-16 17:00:00
55.275,19.514355,2025-10-16 18:00:00
21.9,11.48962,2025-10-16 18:00:00
8.25,13.737256,2025-10-16 18:00:00
11.325,15.469763,2025-10-16 18:00:00
50.85,18.918715,2025-10-16 19:00:00
9.95,17.587729,2025-10-16 19:00:00
22.05,12.016215,2025-10-16 19:00:00
10.475,16.67455,2025-10-16 19:00:00
11.375,15.3625,2025-10-16 20:00:00
46.7,21.435732,2025-10-16 20:00:00
18.3,13.044098,2025-10-16 20:00:00
10.575,22.868635,2025-10-16 20:00:00
11.95,23.616463,2025-10-16 21:00:00
16.275,10.124362,2025-10-16 21:00:00
52.025,21.8082,2025-10-16 21:00:00
14.1,17.785563,2025-10-16 21:00:00
12.85,25.071686,2025-10-16 22:00:00
46.825,24.989843,2025-10-16 22:00:00
13.75,14.983867,2025-10-16 22:00:00
16.35,9.626097,2025-10-16 22:00:00
12.55,13.555083,2025-10-16 23:00:00
49.3,23.571678,2025-10-16 23:00:00
16.333333333333332,11.530152,2025-10-16 23:00:00
14.8,23.920427,2025-10-16 23:00:00
14.3,13.680769,2025-10-17 00:00:00
15.45,10.912961,2025-10-17 00:00:00
36.075,27.953949,2025-10-17 00:00:00
19.0,23.2041,2025-10-17 00:00:00
16.9,14.970352,2025-10-17 01:00:00
40.375,31.73959,2025-10-17 01:00:00
14.625,11.557922,2025-10-17 01:00:00
19.55,18.563835,2025-10-17 01:00:00
14.975,14.13445,2025-10-17 02:00:00
45.525,26.906399,2025-10-17 02:00:00
19.075,18.548735,2025-10-17 02:00:00
14.275,11.274106,2025-10-17 02:00:00
12.7,13.860217,2025-10-17 03:00:00
17.75,17.69709,2025-10-17 03:00:00
42.225,23.838326,2025-10-17 03:00:00
13.125,10.909216,2025-10-17 03:00:00
43.9,29.024351,2025-10-17 04:00:00
12.925,13.786292,2025-10-17 04:00:00
8.15,11.936633,2025-10-17 04:00:00
16.85,17.284426,2025-10-17 04:00:00
15.575,16.45342,2025-10-17 05:00:00
5.025,14.827282,2025-10-17 05:00:00
39.400000000000006,28.030088,2025-10-17 05:00:00
12.75,13.49725,2025-10-17 05:00:00
12.775,14.982138,2025-10-17 06:00:00
5.175,18.239922,2025-10-17 06:00:00
33.325,27.715128,2025-10-17 06:00:00
15.525,16.318092,2025-10-17 06:00:00
12.975,13.997297,2025-10-17 07:00:00
16.025,18.122208,2025-10-17 07:00:00
21.575,25.157467,2025-10-17 07:00:00
6.2,17.2769,2025-10-17 07:00:00
27.65,23.569529,2025-10-17 08:00:00
15.475,15.2386055,2025-10-17 08:00:00
13.1,14.688952,2025-10-17 08:00:00
16.575,16.84413,2025-10-17 08:00:00
16.275,13.943475,2025-10-17 09:00:00
12.7,13.948344,2025-10-17 09:00:00
21.1,18.164816,2025-10-17 09:00:00
28.675,22.694899,2025-10-17 09:00:00
37.125,21.539515,2025-10-17 10:00:00
15.75,12.898804,2025-10-17 10:00:00
22.35,12.721319,2025-10-17 10:00:00
11.725,13.66315,2025-10-17 10:00:00
15.9,12.042729,2025-10-17 11:00:00
36.375,17.204376,2025-10-17 11:00:00
22.55,13.848391,2025-10-17 11:00:00
11.75,14.036787,2025-10-17 11:00:00
39.75,17.25166,2025-10-17 12:00:00
15.175,9.998016,2025-10-17 12:00:00
11.725,13.765108,2025-10-17 12:00:00
16.45,11.357961,2025-10-17 12:00:00
12.5,11.512221,2025-10-17 13:00:00
11.275,13.145342,2025-10-17 13:00:00
13.875,11.512755,2025-10-17 13:00:00
38.325,16.53147,2025-10-17 13:00:00
12.3,11.2881365,2025-10-17 14:00:00
11.475,12.205936,2025-10-17 14:00:00
37.725,17.270485,2025-10-17 14:00:00
14.075,12.064263,2025-10-17 14:00:00
14.125,12.596289,2025-10-17 15:00:00
17.400000000000002,20.083996,2025-10-17 15:00:00
12.5,7.4184737,2025-10-17 15:00:00
13.0,11.505058,2025-10-17 15:00:00
12.5,9.900548,2025-10-17 16:00:00
13.05,16.006994,2025-10-17 16:00:00
1.75,20.000595,2025-10-17 16:00:00
11.25,13.794491,2025-10-17 16:00:00
9.9,13.513886,2025-10-17 17:00:00
14.275,9.490911,2025-10-17 17:00:00
14.766666666666666,25.041927,2025-10-17 17:00:00
12.175,11.529214,2025-10-17 17:00:00
11.95,11.558109,2025-10-17 18:00:00
19.275,11.507333,2025-10-17 18:00:00
10.25,11.401318,2025-10-17 18:00:00
6.35,28.62136,2025-10-17 18:00:00
10.975,11.630464,2025-10-17 19:00:00
26.96666666666667,29.146626,2025-10-17 19:00:00
11.325,11.924144,2025-10-17 19:00:00
23.225,16.641802,2025-10-17 19:00:00
13.2,15.873194,2025-10-17 20:00:00
17.875,12.262214,2025-10-17 20:00:00
36.875,26.412216,2025-10-17 20:00:00
27.175,20.389196,2025-10-17 20:00:00
32.275,20.26677,2025-10-17 21:00:00
12.525,15.968125,2025-10-17 21:00:00
20.875,13.695713,2025-10-17 21:00:00
27.625,24.535421,2025-10-17 21:00:00
20.925,12.684897,2025-10-17 22:00:00
24.725,29.20115,2025-10-17 22:00:00
11.875,16.090328,2025-10-17 22:00:00
32.7,18.909494,2025-10-17 22:00:00
20.766666666666666,12.644664,2025-10-17 23:00:00
32.325,23.02362,2025-10-17 23:00:00
11.8,15.4789095,2025-10-17 23:00:00
40.0,30.419024,2025-10-17 23:00:00
23.825,20.061874,2025-10-18 00:00:00
22.85,12.102596,2025-10-18 00:00:00
13.5,13.881191,2025-10-18 00:00:00
31.15,32.512207,2025-10-18 00:00:00
23.55,13.222659,2025-10-18 01:00:00
14.8,15.40684,2025-10-18 01:00:00
21.4,19.958706,2025-10-18 01:00:00
31.25,33.988964,2025-10-18 01:00:00
20.975,16.378973,2025-10-18 02:00:00
14.55,16.97686,2025-10-18 02:00:00
71.075,29.130297,2025-10-18 02:00:00
22.55,14.146828,2025-10-18 02:00:00
20.8,15.279289,2025-10-18 03:00:00
13.925,14.066255,2025-10-18 03:00:00
96.175,32.197506,2025-10-18 03:00:00
22.0,13.30363,2025-10-18 03:00:00
19.025,15.924783,2025-10-18 04:00:00
90.925,32.22302,2025-10-18 04:00:00
17.275,12.464585,2025-10-18 04:00:00
14.375,15.232982,2025-10-18 04:00:00
90.85,36.50857,2025-10-18 05:00:00
14.425,12.267896,2025-10-18 05:00:00
13.975,14.588933,2025-10-18 05:00:00
17.5,13.962267,2025-10-18 05:00:00
14.35,14.907305,2025-10-18 06:00:00
16.625,15.317143,2025-10-18 06:00:00
13.95,12.497387,2025-10-18 06:00:00
87.575,28.161615,2025-10-18 06:00:00
102.325,26.325422,2025-10-18 07:00:00
13.6,12.162458,2025-10-18 07:00:00
16.85,15.474903,2025-10-18 07:00:00
14.5,15.069103,2025-10-18 07:00:00
15.6,16.461279,2025-10-18 08:00:00
13.625,13.571913,2025-10-18 08:00:00
101.25,25.433964,2025-10-18 08:00:00
15.3,10.717015,2025-10-18 08:00:00
16.825,12.674467,2025-10-18 09:00:00
11.45,14.997485,2025-10-18 09:00:00
78.275,27.359945,2025-10-18 09:00:00
14.2,16.378311,2025-10-18 09:00:00
18.2,12.419351,2025-10-18 10:00:00
29.8,15.598871,2025-10-18 10:00:00
12.95,16.038269,2025-10-18 10:00:00
70.375,28.716745,2025-10-18 10:00:00
18.8,13.83635,2025-10-18 11:00:00
63.475,23.074059,2025-10-18 11:00:00
32.2,15.501377,2025-10-18 11:00:00
9.55,14.709983,2025-10-18 11:00:00
8.225,15.966128,2025-10-18 12:00:00
14.55,13.720035,2025-10-18 12:00:00
55.875,24.836813,2025-10-18 12:00:00
30.325,13.832576,2025-10-18 12:00:00
6.375,15.584138,2025-10-18 13:00:00
12.35,14.011704,2025-10-18 13:00:00
30.825,17.096434,2025-10-18 13:00:00
53.1,19.213333,2025-10-18 13:00:00
31.125,14.957228,2025-10-18 14:00:00
6.525,15.642028,2025-10-18 14:00:00
45.725,21.809462,2025-10-18 14:00:00
12.45,12.016451,2025-10-18 14:00:00
29.35,16.690273,2025-10-18 15:00:00
11.95,13.357504,2025-10-18 15:00:00
7.975,11.914336,2025-10-18 15:00:00
50.075,16.525457,2025-10-18 15:00:00
7.375,10.102493,2025-10-18 16:00:00
44.55,13.6428175,2025-10-18 16:00:00
18.975,13.875685,2025-10-18 16:00:00
12.55,17.790272,2025-10-18 16:00:00
28.575,11.2745695,2025-10-18 16:00:00
9.225,11.136239,2025-10-18 17:00:00
33.95,12.131254,2025-10-18 17:00:00
28.5,13.551418,2025-10-18 17:00:00
22.15,13.377141,2025-10-18 17:00:00
12.6,18.0903,2025-10-18 17:00:00
12.6,18.122173,2025-10-18 18:00:00
29.6,12.6937,2025-10-18 18:00:00
28.5,16.195755,2025-10-18 18:00:00
21.275,13.366483,2025-10-18 18:00:00
12.425,14.738382,2025-10-18 18:00:00
30.6,12.2588,2025-10-18 19:00:00
12.6,14.309486,2025-10-18 19:00:00
20.5,13.477355,2025-10-18 19:00:00
32.35,18.64393,2025-10-18 19:00:00
18.225,17.591364,2025-10-18 19:00:00
36.95,21.126087,2025-10-18 20:00:00
12.6,13.656665,2025-10-18 20:00:00
15.0,13.830637,2025-10-18 20:00:00
27.825,20.395847,2025-10-18 20:00:00
47.2,12.455045,2025-10-18 20:00:00
12.3,13.526107,2025-10-18 21:00:00
12.6,15.707343,2025-10-18 21:00:00
34.975,22.686338,2025-10-18 21:00:00
31.85,27.67951,2025-10-18 21:00:00
96.9,12.011945,2025-10-18 21:00:00
12.6,11.240619,2025-10-18 22:00:00
35.975,23.909634,2025-10-18 22:00:00
13.1,12.251766,2025-10-18 22:00:00
38.0,25.106773,2025-10-18 22:00:00
15.433333333333332,16.674301,2025-10-18 22:00:00
12.6,11.16379,2025-10-18 23:00:00
32.25,24.244577,2025-10-18 23:00:00
13.333333333333334,11.713851,2025-10-18 23:00:00
13.6,14.948881,2025-10-18 23:00:00
32.025,19.877089,2025-10-18 23:00:00
25.65,23.34849,2025-10-19 00:00:00
13.766666666666666,16.831186,2025-10-19 00:00:00
32.45,26.052032,2025-10-19 00:00:00
12.6,16.827028,2025-10-19 00:00:00
16.1,14.857738,2025-10-19 00:00:00
13.75,13.44928,2025-10-19 01:00:00
12.6,17.092953,2025-10-19 01:00:00
18.175,14.140963,2025-10-19 01:00:00
34.425000000000004,29.438105,2025-10-19 01:00:00
22.05,22.868088,2025-10-19 01:00:00
13.475,12.401745,2025-10-19 02:00:00
19.0,20.047215,2025-10-19 02:00:00
12.6,17.983885,2025-10-19 02:00:00
17.4,14.704099,2025-10-19 02:00:00
34.475,37.486374,2025-10-19 02:00:00
17.125,13.544479,2025-10-19 03:00:00
26.65,32.0268,2025-10-19 03:00:00
12.6,17.380495,2025-10-19 03:00:00
17.2,17.668104,2025-10-19 03:00:00
13.075,12.450159,2025-10-19 03:00:00
12.6,18.621977,2025-10-19 04:00:00
17.0,41.47405,2025-10-19 04:00:00
17.65,15.813011,2025-10-19 04:00:00
12.9,10.871691,2025-10-19 04:00:00
13.925,13.795835,2025-10-19 04:00:00
12.6,16.701143,2025-10-19 05:00:00
17.15,16.248978,2025-10-19 05:00:00
11.725,14.470455,2025-10-19 05:00:00
20.35,45.63256,2025-10-19 05:00:00
12.225,11.871342,2025-10-19 05:00:00
12.6,16.440905,2025-10-19 06:00:00
16.55,14.954141,2025-10-19 06:00:00
12.025,12.101584,2025-10-19 06:00:00
21.525,38.935074,2025-10-19 06:00:00
11.4,12.850278,2025-10-19 06:00:00
12.6,16.590397,2025-10-19 07:00:00
15.875,17.249277,2025-10-19 07:00:00
12.35,12.822661,2025-10-19 07:00:00
26.625,33.702072,2025-10-19 07:00:00
10.675,15.988561,2025-10-19 07:00:00
17.075,13.729268,2025-10-19 08:00:00
12.6,17.137241,2025-10-19 08:00:00
14.325,16.827215,2025-10-19 08:00:00
25.55,27.70761,2025-10-19 08:00:00
9.2,14.420328,2025-10-19 08:00:00
8.625,12.213293,2025-10-19 09:00:00
24.2,22.83825,2025-10-19 09:00:00
20.675,15.99741,2025-10-19 09:00:00
12.425,17.257805,2025-10-19 09:00:00
12.6,20.309305,2025-10-19 09:00:00
12.525,18.787794,2025-10-19 10:00:00
9.275,12.766184,2025-10-19 10:00:00
23.65,14.043013,2025-10-19 10:00:00
27.25,20.054893,2025-10-19 10:00:00
9.125,14.454778,2025-10-19 10:00:00
12.5,19.921732,2025-10-19 11:00:00
11.675,18.939339,2025-10-19 11:00:00
68.875,20.966356,2025-10-19 11:00:00
9.2,14.346348,2025-10-19 11:00:00
23.95,14.175206,2025-10-19 11:00:00
23.775,13.23909,2025-10-19 12:00:00
13.175,17.330702,2025-10-19 12:00:00
9.55,16.42669,2025-10-19 12:00:00
12.5,19.90622,2025-10-19 12:00:00
38.55,24.798426,2025-10-19 12:00:00
23.925,13.628007,2025-10-19 13:00:00
12.5,25.648586,2025-10-19 13:00:00
10.5,24.040089,2025-10-19 13:00:00
4.875,17.59937,2025-10-19 13:00:00
13.75,20.519644,2025-10-19 13:00:00
3.35,15.300924,2025-10-19 14:00:00
14.15,16.38537,2025-10-19 14:00:00
21.9,12.591107,2025-10-19 14:00:00
12.275,14.144852,2025-10-19 14:00:00
12.5,20.098024,2025-10-19 14:00:00
17.425,16.649048,2025-10-19 15:00:00
3.375,7.820371,2025-10-19 15:00:00
20.55,12.842419,2025-10-19 15:00:00
12.85,15.922849,2025-10-19 15:00:00
24.5,17.976185,2025-10-19 15:00:00
3.75,7.2633476,2025-10-19 16:00:00
15.85,13.928268,2025-10-19 16:00:00
9.55,11.800974,2025-10-19 16:00:00
13.625,14.3048115,2025-10-19 16:00:00
14.95,16.521845,2025-10-19 16:00:00
12.35,11.75092,2025-10-19 17:00:00
13.35,13.0293255,2025-10-19 17:00:00
12.9,15.527997,2025-10-19 17:00:00
6.6,11.90722,2025-10-19 17:00:00
10.5,20.365686,2025-10-19 17:00:00
11.425,16.326937,2025-10-19 18:00:00
15.25,13.91951,2025-10-19 18:00:00
12.9,14.053868,2025-10-19 18:00:00
10.45,13.406147,2025-10-19 18:00:00
13.225,11.951683,2025-10-19 18:00:00
19.575,19.926487,2025-10-19 19:00:00
9.675,19.675024,2025-10-19 19:00:00
13.625,13.37096,2025-10-19 19:00:00
16.075,18.148588,2025-10-19 19:00:00
12.9,14.53485,2025-10-19 19:00:00
12.9,15.920804,2025-10-19 20:00:00
16.25,12.755399,2025-10-19 20:00:00
9.55,19.67217,2025-10-19 20:00:00
45.2,26.250797,2025-10-19 20:00:00
17.5,22.98694,2025-10-19 20:00:00
16.975,21.594992,2025-10-19 21:00:00
71.35,29.587307,2025-10-19 21:00:00
21.75,19.454762,2025-10-19 21:00:00
17.4,14.182512,2025-10-19 21:00:00
12.9,13.580598,2025-10-19 21:00:00
69.2,30.764297,2025-10-19 22:00:00
119.6,29.651009,2025-10-19 22:00:00
18.225,14.3488245,2025-10-19 22:00:00
29.4,21.968046,2025-10-19 22:00:00
12.9,14.133692,2025-10-19 22:00:00
52.725,26.327135,2025-10-19 23:00:00
79.0,30.691431,2025-10-19 23:00:00
19.03333333333333,15.171362,2025-10-19 23:00:00
119.6,24.23202,2025-10-19 23:00:00
12.9,13.597267,2025-10-19 23:00:00
51.95,29.075764,2025-10-20 00:00:00
119.6,23.905548,2025-10-20 00:00:00
12.9,20.723793,2025-10-20 00:00:00
80.175,28.47219,2025-10-20 00:00:00
11.475,15.075155,2025-10-20 00:00:00
9.85,22.187777,2025-10-20 01:00:00
40.5,26.1911,2025-10-20 01:00:00
155.66666666666666,24.624813,2025-10-20 01:00:00
64.5,20.762587,2025-10-20 01:00:00
7.95,14.546912,2025-10-20 01:00:00
49.125,20.643261,2025-10-20 02:00:00
141.825,21.725574,2025-10-20 02:00:00
19.9,31.548018,2025-10-20 02:00:00
7.7,19.846746,2025-10-20 02:00:00
10.85,14.778943,2025-10-20 02:00:00
7.7,21.347244,2025-10-20 03:00:00
131.475,18.038805,2025-10-20 03:00:00
23.0,30.32328,2025-10-20 03:00:00
10.85,14.270696,2025-10-20 03:00:00
47.025,21.76179,2025-10-20 03:00:00
35.65,19.195524,2025-10-20 04:00:00
18.725,12.983519,2025-10-20 04:00:00
164.675,14.1941395,2025-10-20 04:00:00
7.7,18.186077,2025-10-20 04:00:00
19.4,31.481064,2025-10-20 04:00:00
7.7,17.8915,2025-10-20 05:00:00
22.6,13.251696,2025-10-20 05:00:00
29.9,15.110125,2025-10-20 05:00:00
133.625,15.689192,2025-10-20 05:00:00
19.45,29.00522,2025-10-20 05:00:00
7.7,17.440655,2025-10-20 06:00:00
21.825,12.976587,2025-10-20 06:00:00
18.1,24.470938,2025-10-20 06:00:00
88.25,13.329115,2025-10-20 06:00:00
26.6,14.209676,2025-10-20 06:00:00
23.5,16.586853,2025-10-20 07:00:00
46.275,11.623248,2025-10-20 07:00:00
20.775,11.581933,2025-10-20 07:00:00
18.775,27.342577,2025-10-20 07:00:00
7.7,16.92956,2025-10-20 07:00:00
23.775,10.225171,2025-10-20 08:00:00
20.75,12.83326,2025-10-20 08:00:00
7.625,13.78703,2025-10-20 08:00:00
12.375,25.796488,2025-10-20 08:00:00
17.725,14.932917,2025-10-20 08:00:00
22.275,13.209364,2025-10-20 09:00:00
7.6,14.528997,2025-10-20 09:00:00
18.125,22.95154,2025-10-20 09:00:00
20.175,6.449521,2025-10-20 09:00:00
14.175,15.4664955,2025-10-20 09:00:00
20.675,21.775396,2025-10-20 10:00:00
7.6,15.644532,2025-10-20 10:00:00
12.2,12.543461,2025-10-20 10:00:00
22.775,11.616116,2025-10-20 10:00:00
15.9,10.344845,2025-10-20 10:00:00
8.225,9.649586,2025-10-20 11:00:00
21.275,10.699378,2025-10-20 11:00:00
15.5,21.40188,2025-10-20 11:00:00
7.6,16.413445,2025-10-20 11:00:00
14.65,9.292903,2025-10-20 11:00:00
6.55,9.473035,2025-10-20 12:00:00
7.6,18.252916,2025-10-20 12:00:00
15.4,11.926561,2025-10-20 12:00:00
18.525,24.255219,2025-10-20 12:00:00
13.975,13.140906,2025-10-20 12:00:00
5.7,10.471099,2025-10-20 13:00:00
7.6,17.392208,2025-10-20 13:00:00
12.375,11.8970585,2025-10-20 13:00:00
16.825,24.034372,2025-10-20 13:00:00
11.125,15.978047,2025-10-20 13:00:00
15.65,21.843061,2025-10-20 14:00:00
6.475,11.434836,2025-10-20 14:00:00
7.6,14.169059,2025-10-20 14:00:00
5.075,8.259663,2025-10-20 14:00:00
11.8,13.0306015,2025-10-20 14:00:00
2.2,13.332651,2025-10-20 15:00:00
15.325,13.030255,2025-10-20 15:00:00
9.85,11.668844,2025-10-20 15:00:00
3.575,8.589819,2025-10-20 15:00:00
7.6,24.20015,2025-10-20 15:00:00
2.2,13.036947,2025-10-20 16:00:00
14.525,13.111894,2025-10-20 16:00:00
15.75,11.92525,2025-10-20 16:00:00
2.9,7.9612136,2025-10-20 16:00:00
2.2,14.479608,2025-10-20 17:00:00
17.65,12.277305,2025-10-20 17:00:00
16.2,15.711654,2025-10-20 17:00:00
3.775,11.646223,2025-10-20 17:00:00
13.4,13.231641,2025-10-20 17:00:00
6.675,11.723506,2025-10-20 18:00:00
2.2,15.50518,2025-10-20 18:00:00
15.15,13.560775,2025-10-20 18:00:00
17.3,13.06977,2025-10-20 18:00:00
17.375,16.225653,2025-10-20 18:00:00
17.174999999999997,14.512713,2025-10-20 19:00:00
13.1,14.284717,2025-10-20 19:00:00
17.2,16.530638,2025-10-20 19:00:00
10.9,20.777264,2025-10-20 19:00:00
2.4,15.359117,2025-10-20 20:00:00
17.2,16.241014,2025-10-20 20:00:00
18.65,16.22276,2025-10-20 20:00:00
16.8,17.10835,2025-10-20 20:00:00
15.225,26.773617,2025-10-20 20:00:00
17.15,15.053228,2025-10-20 21:00:00
17.275,37.248844,2025-10-20 21:00:00
16.575,15.927024,2025-10-20 21:00:00
1.8,22.544907,2025-10-20 21:00:00
19.425,15.513023,2025-10-20 21:00:00
19.475,13.837102,2025-10-20 22:00:00
16.35,29.101168,2025-10-20 22:00:00
0.875,23.389717,2025-10-20 22:00:00
17.95,15.913026,2025-10-20 22:00:00
17.2,14.590443,2025-10-20 22:00:00
16.7,25.27851,2025-10-20 23:00:00
1.425,28.541468,2025-10-20 23:00:00
19.6,12.13202,2025-10-20 23:00:00
17.2,20.677023,2025-10-20 23:00:00
19.8,18.91696,2025-10-20 23:00:00
17.25,19.42874,2025-10-21 00:00:00
21.4,39.46987,2025-10-21 00:00:00
22.825000000000003,12.821467,2025-10-21 00:00:00
19.866666666666667,30.258274,2025-10-21 00:00:00
18.23333333333333,23.34448,2025-10-21 00:00:00
21.925,23.783949,2025-10-21 01:00:00
22.4,34.729427,2025-10-21 01:00:00
24.925,13.36677,2025-10-21 01:00:00
18.5,22.213184,2025-10-21 01:00:00
20.0,34.550407,2025-10-21 01:00:00
21.125,31.455982,2025-10-21 02:00:00
20.35,22.526184,2025-10-21 02:00:00
18.5,19.991741,2025-10-21 02:00:00
18.7,26.998209,2025-10-21 02:00:00
24.025,16.01029,2025-10-21 02:00:00
20.15,28.946259,2025-10-21 03:00:00
18.45,20.5974,2025-10-21 03:00:00
17.75,21.361698,2025-10-21 03:00:00
17.35,25.339598,2025-10-21 03:00:00
22.9,14.844071,2025-10-21 03:00:00
19.275,33.95066,2025-10-21 04:00:00
12.3,14.887047,2025-10-21 04:00:00
17.200000000000003,26.839968,2025-10-21 04:00:00
18.5,20.832771,2025-10-21 04:00:00
16.175,12.941276,2025-10-21 04:00:00
16.725,15.340736,2025-10-21 05:00:00
6.15,12.666805,2025-10-21 05:00:00
18.475,23.763308,2025-10-21 05:00:00
18.200000000000003,32.745903,2025-10-21 05:00:00
16.2,22.876905,2025-10-21 05:00:00
16.3,23.93551,2025-10-21 06:00:00
17.325,15.450555,2025-10-21 06:00:00
18.4,17.098738,2025-10-21 06:00:00
6.225,14.153547,2025-10-21 06:00:00
17.6,31.252644,2025-10-21 06:00:00
18.475,16.0858,2025-10-21 07:00:00
15.95,27.883696,2025-10-21 07:00:00
16.9,37.60853,2025-10-21 07:00:00
6.475,15.146688,2025-10-21 07:00:00
17.65,17.329552,2025-10-21 07:00:00
17.8,14.415136,2025-10-21 08:00:00
14.325,21.258917,2025-10-21 08:00:00
16.2,27.604246,2025-10-21 08:00:00
10.35,15.091778,2025-10-21 08:00:00
18.5,14.062788,2025-10-21 08:00:00
18.5,16.039228,2025-10-21 09:00:00
12.9,15.999889,2025-10-21 09:00:00
13.775,24.469854,2025-10-21 09:00:00
13.25,19.956497,2025-10-21 09:00:00
15.25,23.90924,2025-10-21 09:00:00
14.475,12.848716,2025-10-21 10:00:00
15.225,20.12814,2025-10-21 10:00:00
13.725,17.861246,2025-10-21 10:00:00
18.475,16.3026,2025-10-21 10:00:00
13.925,21.032438,2025-10-21 10:00:00
18.5,17.168642,2025-10-21 11:00:00
15.4,24.230312,2025-10-21 11:00:00
13.15,16.592726,2025-10-21 11:00:00
13.65,9.614911,2025-10-21 11:00:00
14.075,20.918404,2025-10-21 11:00:00
11.35,15.495863,2025-10-21 12:00:00
11.6,16.074894,2025-10-21 12:00:00
18.5,16.241467,2025-10-21 12:00:00
15.6,14.383256,2025-10-21 12:00:00
14.7,31.25615,2025-10-21 12:00:00
9.725,17.189976,2025-10-21 13:00:00
18.775,11.261563,2025-10-21 13:00:00
15.0,24.524565,2025-10-21 13:00:00
10.55,20.438889,2025-10-21 13:00:00
18.5,15.438861,2025-10-21 13:00:00
18.5,15.119849,2025-10-21 14:00:00
22.675,13.639705,2025-10-21 14:00:00
8.1,11.7937765,2025-10-21 14:00:00
10.125,14.279732,2025-10-21 14:00:00
15.225,11.827714,2025-10-21 14:00:00
6.15,12.116871,2025-10-21 15:00:00
23.075,12.549941,2025-10-21 15:00:00
15.7,12.227208,2025-10-21 15:00:00
9.3,11.7139225,2025-10-21 15:00:00
18.5,17.714657,2025-10-21 15:00:00
5.6,16.622808,2025-10-21 16:00:00
19.875,14.828241,2025-10-21 16:00:00
14.55,12.828151,2025-10-21 16:00:00
15.2,16.948902,2025-10-21 16:00:00
18.55,19.885082,2025-10-21 17:00:00
16.65,12.934284,2025-10-21 17:00:00
7.075,12.803021,2025-10-21 17:00:00
14.575,12.091581,2025-10-21 17:00:00
18.1,12.948514,2025-10-21 17:00:00
13.775,10.833361,2025-10-21 18:00:00
8.299999999999999,8.991535,2025-10-21 18:00:00
17.95,12.293154,2025-10-21 18:00:00
18.075,14.183153,2025-10-21 18:00:00
18.6,19.53517,2025-10-21 18:00:00
18.65,20.041414,2025-10-21 19:00:00
22.675,15.705862,2025-10-21 19:00:00
9.775,13.772522,2025-10-21 19:00:00
18.75,15.140065,2025-10-21 19:00:00
27.4,15.660136,2025-10-21 20:00:00
12.9,6.110938,2025-10-21 20:00:00
18.625,19.280787,2025-10-21 20:00:00
20.4,16.271744,2025-10-21 20:00:00
11.225,15.403669,2025-10-21 20:00:00
21.05,14.81391,2025-10-21 21:00:00
14.55,22.083984,2025-10-21 21:00:00
32.225,12.642712,2025-10-21 21:00:00
18.675,20.599844,2025-10-21 21:00:00
12.225,3.976665,2025-10-21 21:00:00
11.45,12.789892,2025-10-21 22:00:00
13.375,25.376764,2025-10-21 22:00:00
18.675,19.05355,2025-10-21 22:00:00
22.45,14.11384,2025-10-21 22:00:00
32.275,12.690709,2025-10-21 22:00:00
10.7,13.626919,2025-10-21 23:00:00
32.333333333333336,11.580185,2025-10-21 23:00:00
18.7,18.046482,2025-10-21 23:00:00
14.95,25.454475,2025-10-21 23:00:00
28.5,19.58711,2025-10-21 23:00:00
23.775,26.173693,2025-10-22 00:00:00
14.6,25.411633,2025-10-22 00:00:00
11.5,13.432089,2025-10-22 00:00:00
16.5,24.17956,2025-10-22 00:00:00
18.466666666666665,22.736126,2025-10-22 00:00:00
19.25,30.64031,2025-10-22 01:00:00
13.6,25.475222,2025-10-22 01:00:00
18.4,22.844574,2025-10-22 01:00:00
1.325,14.618433,2025-10-22 01:00:00
25.675,23.122744,2025-10-22 01:00:00
18.4,38.008415,2025-10-22 02:00:00
1.625,21.63047,2025-10-22 02:00:00
12.8,23.377151,2025-10-22 02:00:00
19.025,26.525969,2025-10-22 02:00:00
23.425,28.072023,2025-10-22 02:00:00
23.9,17.52133,2025-10-22 03:00:00
18.4,32.067158,2025-10-22 03:00:00
11.95,23.948397,2025-10-22 03:00:00
18.4,20.45965,2025-10-22 03:00:00
1.525,19.879622,2025-10-22 03:00:00
25.775,27.330519,2025-10-22 04:00:00
11.55,20.601814,2025-10-22 04:00:00
0.6,16.479595,2025-10-22 04:00:00
18.4,29.616571,2025-10-22 04:00:00
18.025,19.987722,2025-10-22 04:00:00
25.725,15.658431,2025-10-22 05:00:00
18.4,21.211182,2025-10-22 05:00:00
17.6,18.470201,2025-10-22 05:00:00
0.1,15.636438,2025-10-22 05:00:00
10.825,19.534887,2025-10-22 05:00:00
21.25,15.159342,2025-10-22 06:00:00
9.375,21.559843,2025-10-22 06:00:00
0.1666666666666666,12.1533375,2025-10-22 06:00:00
17.575,17.551971,2025-10-22 06:00:00
18.4,21.556719,2025-10-22 06:00:00
16.35,18.885752,2025-10-22 07:00:00
18.4,17.60854,2025-10-22 07:00:00
22.8,16.516514,2025-10-22 07:00:00
10.2,19.992544,2025-10-22 07:00:00
0.225,11.816625,2025-10-22 07:00:00
15.7,17.735058,2025-10-22 08:00:00
8.299999999999999,13.719209,2025-10-22 08:00:00
18.4,17.72163,2025-10-22 08:00:00
9.75,17.89027,2025-10-22 08:00:00
26.525,13.77656,2025-10-22 08:00:00
10.7,15.773164,2025-10-22 09:00:00
15.575,16.35894,2025-10-22 09:00:00
18.4,15.761475,2025-10-22 09:00:00
19.95,15.39583,2025-10-22 09:00:00
9.325,14.944284,2025-10-22 09:00:00
15.725,13.320018,2025-10-22 10:00:00
18.4,18.663504,2025-10-22 10:00:00
8.65,14.694684,2025-10-22 10:00:00
19.5,14.902423,2025-10-22 10:00:00
12.475,15.579806,2025-10-22 10:00:00
12.725,15.55735,2025-10-22 11:00:00
18.4,20.32217,2025-10-22 11:00:00
17.45,13.331092,2025-10-22 11:00:00
15.625,13.842114,2025-10-22 11:00:00
9.45,12.488787,2025-10-22 11:00:00
18.45,20.070673,2025-10-22 12:00:00
17.475,12.793336,2025-10-22 12:00:00
15.925,13.224615,2025-10-22 12:00:00
21.35,15.068566,2025-10-22 12:00:00
9.6,12.424584,2025-10-22 12:00:00
19.925,12.223848,2025-10-22 13:00:00
22.15,12.902984,2025-10-22 13:00:00
17.525,13.180018,2025-10-22 13:00:00
8.825,12.818571,2025-10-22 13:00:00
18.425,20.134918,2025-10-22 13:00:00
17.125,12.581055,2025-10-22 14:00:00
19.725,12.808348,2025-10-22 14:00:00
17.7,10.634626,2025-10-22 14:00:00
7.85,10.727796,2025-10-22 14:00:00
18.4,19.183432,2025-10-22 14:00:00
18.4,16.41172,2025-10-22 15:00:00
17.675,7.9460635,2025-10-22 15:00:00
18.725,12.145667,2025-10-22 15:00:00
19.35,13.765624,2025-10-22 15:00:00
6.625,10.577055,2025-10-22 15:00:00
17.55,9.562966,2025-10-22 16:00:00
5.85,9.078983,2025-10-22 16:00:00
15.95,13.7906,2025-10-22 16:00:00
18.375,18.197569,2025-10-22 16:00:00
11.35,11.947504,2025-10-22 16:00:00
18.35,18.60216,2025-10-22 17:00:00
6.775,13.609638,2025-10-22 17:00:00
16.75,12.454455,2025-10-22 17:00:00
16.625,10.1476345,2025-10-22 17:00:00
6.85,10.66468,2025-10-22 17:00:00
7.875,10.658948,2025-10-22 18:00:00
15.025,10.118551,2025-10-22 18:00:00
16.55,14.707904,2025-10-22 18:00:00
6.633333333333333,12.989672,2025-10-22 18:00:00
18.4,16.605103,2025-10-22 18:00:00
16.175,12.369816,2025-10-22 19:00:00
7.15,13.138348,2025-10-22 19:00:00
11.8,12.685289,2025-10-22 19:00:00
18.4,17.654867,2025-10-22 19:00:00
21.55,14.459611,2025-10-22 19:00:00
15.525,13.432948,2025-10-22 20:00:00
16.375,12.64207,2025-10-22 20:00:00
18.4,16.75788,2025-10-22 20:00:00
12.775,16.184084,2025-10-22 20:00:00
26.6,15.799254,2025-10-22 20:00:00
16.75,17.22434,2025-10-22 21:00:00
15.65,13.618035,2025-10-22 21:00:00
15.85,21.186794,2025-10-22 21:00:00
18.4,18.950077,2025-10-22 21:00:00
26.475,16.970491,2025-10-22 21:00:00
18.4,19.33804,2025-10-22 22:00:00
14.15,12.627596,2025-10-22 22:00:00
17.025,17.71678,2025-10-22 22:00:00
27.0,15.967944,2025-10-22 22:00:00
15.55,21.464466,2025-10-22 22:00:00
28.975,16.760365,2025-10-22 23:00:00
18.45,19.74663,2025-10-22 23:00:00
18.075,17.39563,2025-10-22 23:00:00
16.566666666666666,21.722824,2025-10-22 23:00:00
13.45,12.257262,2025-10-22 23:00:00
18.4,22.152681,2025-10-23 00:00:00
16.0,16.019423,2025-10-23 00:00:00
20.8,20.541946,2025-10-23 00:00:00
35.975,18.820156,2025-10-23 00:00:00
16.4,18.039108,2025-10-23 00:00:00
22.425,12.5790615,2025-10-23 01:00:00
17.575,17.439873,2025-10-23 01:00:00
18.4,22.332571,2025-10-23 01:00:00
26.675,19.151997,2025-10-23 01:00:00
15.3,18.771038,2025-10-23 01:00:00
27.25,17.069939,2025-10-23 02:00:00
16.175,18.697023,2025-10-23 02:00:00
14.3,17.274994,2025-10-23 02:00:00
22.175,12.724371,2025-10-23 02:00:00
18.4,21.100946,2025-10-23 02:00:00
18.4,20.805008,2025-10-23 03:00:00
13.025,14.455928,2025-10-23 03:00:00
23.35,19.71069,2025-10-23 03:00:00
22.175,13.488171,2025-10-23 03:00:00
15.55,16.314177,2025-10-23 03:00:00
17.2,11.074083,2025-10-23 04:00:00
23.45,17.86772,2025-10-23 04:00:00
14.55,14.847123,2025-10-23 04:00:00
18.4,19.10754,2025-10-23 04:00:00
12.975,13.265098,2025-10-23 04:00:00
23.275,18.084007,2025-10-23 05:00:00
14.025,13.65477,2025-10-23 05:00:00
18.4,17.866652,2025-10-23 05:00:00
12.825,13.529406,2025-10-23 05:00:00
14.2,11.094834,2025-10-23 05:00:00
13.975,13.806887,2025-10-23 06:00:00
10.725,13.7725115,2025-10-23 06:00:00
14.175,9.954197,2025-10-23 06:00:00
21.275,18.337915,2025-10-23 06:00:00
18.325,18.11667,2025-10-23 06:00:00
22.475,17.953281,2025-10-23 07:00:00
18.35,15.957515,2025-10-23 07:00:00
10.875,11.579795,2025-10-23 07:00:00
14.1,14.741832,2025-10-23 07:00:00
14.2,11.006857,2025-10-23 07:00:00
13.7,14.050805,2025-10-23 08:00:00
18.4,9.84455,2025-10-23 08:00:00
18.375,16.756124,2025-10-23 08:00:00
9.7,11.230739,2025-10-23 08:00:00
21.85,18.020018,2025-10-23 08:00:00
20.75,10.515683,2025-10-23 09:00:00
18.375,16.56924,2025-10-23 09:00:00
8.625,11.985502,2025-10-23 09:00:00
12.9,14.667053,2025-10-23 09:00:00
15.525,16.381348,2025-10-23 09:00:00
8.075,13.1892605,2025-10-23 10:00:00
16.75,15.256086,2025-10-23 10:00:00
12.825,19.027603,2025-10-23 10:00:00
13.7,14.949836,2025-10-23 10:00:00
22.025,13.244692,2025-10-23 10:00:00
16.85,12.648438,2025-10-23 11:00:00
7.45,13.242896,2025-10-23 11:00:00
13.95,16.239462,2025-10-23 11:00:00
11.275,18.714962,2025-10-23 11:00:00
23.200000000000003,12.505688,2025-10-23 11:00:00
18.775,13.35006,2025-10-23 12:00:00
7.1,11.406188,2025-10-23 12:00:00
13.625,14.763791,2025-10-23 12:00:00
11.2,19.559013,2025-10-23 12:00:00
22.375,11.648359,2025-10-23 12:00:00
15.8,12.528531,2025-10-23 13:00:00
17.875,12.837185,2025-10-23 13:00:00
8.95,20.506876,2025-10-23 13:00:00
13.475,15.693796,2025-10-23 13:00:00
5.425,12.57978,2025-10-23 13:00:00
16.150000000000002,11.535694,2025-10-23 14:00:00
16.25,13.410701,2025-10-23 14:00:00
13.125,14.204807,2025-10-23 14:00:00
4.9,8.386223,2025-10-23 14:00:00
10.65,19.741459,2025-10-23 14:00:00
4.8,6.2456717,2025-10-23 15:00:00
13.2,11.134498,2025-10-23 15:00:00
16.025,11.8676405,2025-10-23 15:00:00
17.65,12.868098,2025-10-23 15:00:00
10.65,18.888702,2025-10-23 15:00:00
12.725,11.633926,2025-10-23 16:00:00
10.65,17.146606,2025-10-23 16:00:00
11.925,14.213664,2025-10-23 16:00:00
21.2,12.408528,2025-10-23 16:00:00
4.85,9.163665,2025-10-23 16:00:00
78.8,17.276155,2025-10-23 17:00:00
5.85,10.328982,2025-10-23 17:00:00
11.025,13.021168,2025-10-23 17:00:00
16.75,16.509823,2025-10-23 17:00:00
10.725,14.527507,2025-10-23 17:00:00
78.8,18.497179,2025-10-23 18:00:00
9.125,12.332142,2025-10-23 18:00:00
11.5,15.169083,2025-10-23 18:00:00
18.175,15.068564,2025-10-23 18:00:00
11.45,13.449904,2025-10-23 18:00:00
20.5,19.182894,2025-10-23 19:00:00
12.325,13.163343,2025-10-23 19:00:00
11.35,15.268507,2025-10-23 19:00:00
11.9,14.6210165,2025-10-23 19:00:00
41.55,18.243162,2025-10-23 19:00:00
18.45,19.715698,2025-10-23 20:00:00
15.25,20.111973,2025-10-23 20:00:00
8.8,15.054544,2025-10-23 20:00:00
31.15,16.726051,2025-10-23 20:00:00
10.975,16.301243,2025-10-23 20:00:00
10.075,15.971818,2025-10-23 21:00:00
15.7,20.252083,2025-10-23 21:00:00
31.35,16.319286,2025-10-23 21:00:00
6.25,14.173452,2025-10-23 21:00:00
26.275,16.574898,2025-10-23 21:00:00
16.075,19.882338,2025-10-23 22:00:00
31.325,18.287376,2025-10-23 22:00:00
5.925,16.335901,2025-10-23 22:00:00
9.875,15.090247,2025-10-23 22:00:00
27.575000000000003,19.454018,2025-10-23 22:00:00
9.4,14.386255,2025-10-23 23:00:00
30.975,23.62996,2025-10-23 23:00:00
31.225,18.17067,2025-10-23 23:00:00
14.325,20.090456,2025-10-23 23:00:00
5.5,18.293879,2025-10-23 23:00:00
11.7,17.02581,2025-10-24 00:00:00
9.633333333333333,22.564064,2025-10-24 00:00:00
8.925,13.273618,2025-10-24 00:00:00
15.233333333333334,13.954962,2025-10-24 00:00:00
31.625,22.296846,2025-10-24 00:00:00
27.55,25.104254,2025-10-24 01:00:00
18.075,15.921126,2025-10-24 01:00:00
10.075,12.973424,2025-10-24 01:00:00
11.7,16.180614,2025-10-24 01:00:00
6.675,23.029518,2025-10-24 01:00:00
11.7,15.914897,2025-10-24 02:00:00
16.675,16.687353,2025-10-24 02:00:00
33.875,22.011312,2025-10-24 02:00:00
6.775,22.23446,2025-10-24 02:00:00
10.275,14.854165,2025-10-24 02:00:00
6.8,20.948402,2025-10-24 03:00:00
10.266666666666667,13.887669,2025-10-24 03:00:00
16.875,15.297981,2025-10-24 03:00:00
10.925,15.690062,2025-10-24 03:00:00
31.275,20.890732,2025-10-24 03:00:00
16.275,12.755857,2025-10-24 04:00:00
16.225,14.558725,2025-10-24 04:00:00
11.225,13.879583,2025-10-24 04:00:00
33.025,22.03186,2025-10-24 04:00:00
6.800000000000001,19.954536,2025-10-24 04:00:00
14.875,13.577417,2025-10-24 05:00:00
20.125,12.67737,2025-10-24 05:00:00
29.35,20.406395,2025-10-24 05:00:00
10.85,14.3948765,2025-10-24 05:00:00
6.85,20.639198,2025-10-24 05:00:00
11.225,13.851779,2025-10-24 06:00:00
20.45,13.08611,2025-10-24 06:00:00
15.4,14.976089,2025-10-24 06:00:00
6.825,18.671679,2025-10-24 06:00:00
28.85,17.75288,2025-10-24 06:00:00
15.95,12.372875,2025-10-24 07:00:00
21.3,13.283668,2025-10-24 07:00:00
12.875,13.592571,2025-10-24 07:00:00
30.2,16.81817,2025-10-24 07:00:00
6.9,17.207148,2025-10-24 07:00:00
6.875,16.211502,2025-10-24 08:00:00
13.375,12.404235,2025-10-24 08:00:00
15.475,11.702243,2025-10-24 08:00:00
24.15,17.976044,2025-10-24 08:00:00
16.8,13.038069,2025-10-24 08:00:00
11.175,11.319783,2025-10-24 09:00:00
6.875,17.782314,2025-10-24 09:00:00
14.45,13.604092,2025-10-24 09:00:00
14.35,12.370849,2025-10-24 09:00:00
20.425,13.926507,2025-10-24 09:00:00
6.825,19.393314,2025-10-24 10:00:00
15.675,12.167121,2025-10-24 10:00:00
16.65,13.061281,2025-10-24 10:00:00
8.5,12.876124,2025-10-24 10:00:00
14.55,13.040132,2025-10-24 10:00:00
15.775,15.51778,2025-10-24 11:00:00
7.825,11.009676,2025-10-24 11:00:00
16.0,12.070701,2025-10-24 11:00:00
19.925,14.602893,2025-10-24 11:00:00
6.9,20.2934,2025-10-24 11:00:00
12.725,15.133758,2025-10-24 12:00:00
7.475,10.064407,2025-10-24 12:00:00
24.65,11.842835,2025-10-24 12:00:00
14.85,11.786294,2025-10-24 12:00:00
4.1000000000000005,20.867823,2025-10-24 12:00:00
11.375,13.107359,2025-10-24 13:00:00
22.7,10.8068285,2025-10-24 13:00:00
14.625,11.001887,2025-10-24 13:00:00
4.1000000000000005,18.551088,2025-10-24 13:00:00
5.3,10.384499,2025-10-24 13:00:00
3.725,10.895906,2025-10-24 14:00:00
4.1000000000000005,19.64565,2025-10-24 14:00:00
22.075000000000003,12.273552,2025-10-24 14:00:00
14.95,11.361375,2025-10-24 14:00:00
10.65,13.468177,2025-10-24 14:00:00
10.375,13.395839,2025-10-24 15:00:00
14.85,10.993442,2025-10-24 15:00:00
21.45,16.265917,2025-10-24 15:00:00
4.1000000000000005,16.514711,2025-10-24 15:00:00
2.975,10.377677,2025-10-24 15:00:00
13.975,16.663261,2025-10-24 16:00:00
17.475,9.8089485,2025-10-24 16:00:00
9.375,12.964156,2025-10-24 16:00:00
3.825,11.999925,2025-10-24 16:00:00
4.2,11.812422,2025-10-24 17:00:00
9.45,12.798551,2025-10-24 17:00:00
13.175,11.205592,2025-10-24 17:00:00
21.0,11.318989,2025-10-24 17:00:00
16.6,20.732813,2025-10-24 18:00:00
13.3,12.291685,2025-10-24 18:00:00
7.475,12.291355,2025-10-24 18:00:00
9.475,12.148874,2025-10-24 18:00:00
22.55,14.014334,2025-10-24 18:00:00
26.55,14.345361,2025-10-24 19:00:00
5.0,19.237135,2025-10-24 19:00:00
15.35,11.89856,2025-10-24 19:00:00
9.85,11.981083,2025-10-24 19:00:00
9.875,14.341047,2025-10-24 19:00:00
5.0,14.490818,2025-10-24 20:00:00
26.8,17.1348,2025-10-24 20:00:00
9.375,11.62435,2025-10-24 20:00:00
14.275,11.289984,2025-10-24 20:00:00
11.925,19.049591,2025-10-24 20:00:00
13.725,11.091247,2025-10-24 21:00:00
5.0,9.579454,2025-10-24 21:00:00
8.55,11.674801,2025-10-24 21:00:00
13.7,20.035057,2025-10-24 21:00:00
28.375,17.952354,2025-10-24 21:00:00
26.35,20.876905,2025-10-24 22:00:00
12.55,10.811532,2025-10-24 22:00:00
14.55,21.401789,2025-10-24 22:00:00
9.3,11.589221,2025-10-24 22:00:00
7.625,17.505919,2025-10-24 22:00:00
30.7,23.896877,2025-10-24 23:00:00
5.25,16.222221,2025-10-24 23:00:00
11.225,8.1472,2025-10-24 23:00:00
9.6,12.59548,2025-10-24 23:00:00
14.775,24.886889,2025-10-24 23:00:00
7.866666666666667,19.461851,2025-10-25 00:00:00
16.1,16.495457,2025-10-25 00:00:00
15.933333333333332,11.716174,2025-10-25 00:00:00
23.675,11.854488,2025-10-25 00:00:00
34.425,21.035322,2025-10-25 00:00:00
18.5,15.148879,2025-10-25 01:00:00
15.45,16.763178,2025-10-25 01:00:00
31.275,12.321974,2025-10-25 01:00:00
33.85,21.432957,2025-10-25 01:00:00
8.175,17.107796,2025-10-25 01:00:00
38.2,23.38643,2025-10-25 02:00:00
4.075,13.237855,2025-10-25 02:00:00
31.675,12.934874,2025-10-25 02:00:00
15.225,15.943168,2025-10-25 02:00:00
18.375,15.024778,2025-10-25 02:00:00
32.35,11.882412,2025-10-25 03:00:00
9.25,13.404189,2025-10-25 03:00:00
43.95,21.117601,2025-10-25 03:00:00
14.2,14.121263,2025-10-25 03:00:00
18.05,12.940313,2025-10-25 03:00:00
51.6,20.494038,2025-10-25 04:00:00
20.775,11.399726,2025-10-25 04:00:00
10.45,13.824322,2025-10-25 04:00:00
12.85,14.637457,2025-10-25 04:00:00
17.9,12.456975,2025-10-25 04:00:00
12.725,16.006268,2025-10-25 05:00:00
6.9,11.967334,2025-10-25 05:00:00
51.0,18.974508,2025-10-25 05:00:00
15.625,11.299191,2025-10-25 05:00:00
16.85,11.878158,2025-10-25 05:00:00
4.475,10.932449,2025-10-25 06:00:00
12.775,15.067923,2025-10-25 06:00:00
15.25,11.895656,2025-10-25 06:00:00
16.675,12.615529,2025-10-25 06:00:00
47.875,15.618654,2025-10-25 06:00:00
16.075,13.702329,2025-10-25 07:00:00
15.525,12.132038,2025-10-25 07:00:00
46.85,12.429233,2025-10-25 07:00:00
3.7,11.435761,2025-10-25 07:00:00
14.975,15.799935,2025-10-25 07:00:00
40.025,13.410016,2025-10-25 08:00:00
16.95,12.926667,2025-10-25 08:00:00
0.7000000000000001,11.248201,2025-10-25 08:00:00
15.825,11.938603,2025-10-25 08:00:00
13.875,15.318724,2025-10-25 08:00:00
25.7,13.73867,2025-10-25 09:00:00
10.375,18.044483,2025-10-25 09:00:00
15.3,13.7683325,2025-10-25 09:00:00
10.975,14.696547,2025-10-25 09:00:00
17.875,14.607782,2025-10-25 09:00:00
28.85,11.17886,2025-10-25 10:00:00
11.95,11.048714,2025-10-25 10:00:00
19.3,14.721506,2025-10-25 10:00:00
8.8,19.199526,2025-10-25 10:00:00
16.375,12.977434,2025-10-25 10:00:00
19.975,15.448973,2025-10-25 11:00:00
8.0,15.80007,2025-10-25 11:00:00
11.375,13.284219,2025-10-25 11:00:00
27.125,12.849623,2025-10-25 11:00:00
16.65,14.538793,2025-10-25 11:00:00
6.8,14.278956,2025-10-25 12:00:00
12.25,14.382411,2025-10-25 12:00:00
7.35,13.849263,2025-10-25 12:00:00
28.55,11.431829,2025-10-25 12:00:00
17.375,13.831785,2025-10-25 12:00:00
5.4,15.8829,2025-10-25 13:00:00
7.15,13.52609,2025-10-25 13:00:00
6.275,13.369767,2025-10-25 13:00:00
25.9,14.507295,2025-10-25 13:00:00
16.975,13.360388,2025-10-25 13:00:00
8.25,13.5026655,2025-10-25 14:00:00
25.15,12.584998,2025-10-25 14:00:00
5.95,12.116108,2025-10-25 14:00:00
4.75,13.562934,2025-10-25 14:00:00
15.825,9.65086,2025-10-25 14:00:00
7.275,12.680352,2025-10-25 15:00:00
25.6,8.650366,2025-10-25 15:00:00
6.0,9.519543,2025-10-25 15:00:00
2.85,11.85609,2025-10-25 15:00:00
15.525,10.61651,2025-10-25 15:00:00
25.35,13.809897,2025-10-25 16:00:00
16.65,11.007834,2025-10-25 16:00:00
5.9,13.901867,2025-10-25 16:00:00
12.85,12.16815,2025-10-25 16:00:00
31.25,11.333553,2025-10-25 17:00:00
15.375,11.343155,2025-10-25 17:00:00
14.875,12.413263,2025-10-25 17:00:00
7.825,11.404123,2025-10-25 17:00:00
14.8,11.283083,2025-10-25 18:00:00
28.575,11.976087,2025-10-25 18:00:00
14.975,11.747425,2025-10-25 18:00:00
0.5,19.662651,2025-10-25 18:00:00
9.575,10.987298,2025-10-25 18:00:00
15.175,11.393146,2025-10-25 19:00:00
16.125,11.375818,2025-10-25 19:00:00
5.5,21.048313,2025-10-25 19:00:00
13.15,12.243547,2025-10-25 19:00:00
27.125,15.327547,2025-10-25 19:00:00
24.375,12.781599,2025-10-25 20:00:00
17.55,16.359272,2025-10-25 20:00:00
15.875,12.345471,2025-10-25 20:00:00
19.025,10.581974,2025-10-25 20:00:00
11.3,13.114272,2025-10-25 20:00:00
20.325,18.239845,2025-10-25 21:00:00
35.05,17.401327,2025-10-25 21:00:00
20.5,10.084276,2025-10-25 21:00:00
10.075,15.168028,2025-10-25 21:00:00
14.85,11.770653,2025-10-25 21:00:00
20.85,17.68044,2025-10-25 22:00:00
20.675,9.591246,2025-10-25 22:00:00
34.925,19.833393,2025-10-25 22:00:00
9.175,12.696204,2025-10-25 22:00:00
13.525,11.655734,2025-10-25 22:00:00
12.75,12.635053,2025-10-25 23:00:00
8.275,12.568418,2025-10-25 23:00:00
20.83333333333333,11.738604,2025-10-25 23:00:00
18.275,17.674597,2025-10-25 23:00:00
38.725,20.468754,2025-10-25 23:00:00
35.95,27.238419,2025-10-26 00:00:00
21.375,13.654489,2025-10-26 00:00:00
14.1,16.669176,2025-10-26 00:00:00
10.466666666666669,13.758384,2025-10-26 00:00:00
16.425,11.138572,2025-10-26 00:00:00
44.35,24.697887,2025-10-26 01:00:00
20.5,14.003591,2025-10-26 01:00:00
21.575000000000003,14.141703,2025-10-26 01:00:00
10.85,16.89253,2025-10-26 01:00:00
11.725,14.559873,2025-10-26 01:00:00
21.825,17.403042,2025-10-26 02:00:00
19.625,11.469539,2025-10-26 02:00:00
46.475,24.639677,2025-10-26 02:00:00
9.95,15.503245,2025-10-26 02:00:00
9.15,14.1398535,2025-10-26 02:00:00
21.575000000000003,16.83159,2025-10-26 03:00:00
48.55,24.65449,2025-10-26 03:00:00
8.85,14.461566,2025-10-26 03:00:00
18.475,11.5179,2025-10-26 03:00:00
8.25,12.740982,2025-10-26 03:00:00
6.85,11.7381115,2025-10-26 04:00:00
48.525,21.780098,2025-10-26 04:00:00
8.0,14.089277,2025-10-26 04:00:00
14.85,17.755795,2025-10-26 04:00:00
18.7,10.6028805,2025-10-26 04:00:00
11.625,14.325283,2025-10-26 05:00:00
50.275,25.276352,2025-10-26 05:00:00
18.375,10.946474,2025-10-26 05:00:00
6.35,11.497631,2025-10-26 05:00:00
7.25,14.386726,2025-10-26 05:00:00
6.975,14.159243,2025-10-26 06:00:00
4.75,10.466224,2025-10-26 06:00:00
18.75,11.378204,2025-10-26 06:00:00
12.15,13.401308,2025-10-26 06:00:00
45.05,21.404184,2025-10-26 06:00:00
5.725,9.594746,2025-10-26 07:00:00
12.5,15.847588,2025-10-26 07:00:00
8.175,13.668087,2025-10-26 07:00:00
28.5,21.382215,2025-10-26 07:00:00
18.975,11.192159,2025-10-26 07:00:00
18.55,15.722091,2025-10-26 08:00:00
5.25,10.066768,2025-10-26 08:00:00
9.1,14.225018,2025-10-26 08:00:00
28.775,12.418309,2025-10-26 08:00:00
28.975,20.208218,2025-10-26 08:00:00
8.4,14.69264,2025-10-26 09:00:00
23.375,12.4683695,2025-10-26 09:00:00
4.2,11.3191185,2025-10-26 09:00:00
42.375,13.390162,2025-10-26 09:00:00
24.275,19.552471,2025-10-26 09:00:00
7.625,12.13543,2025-10-26 10:00:00
42.45,12.644094,2025-10-26 10:00:00
27.7,15.1801405,2025-10-26 10:00:00
2.2333333333333334,12.557915,2025-10-26 10:00:00
24.825,14.9751425,2025-10-26 10:00:00
24.7,15.237732,2025-10-26 11:00:00
42.575,13.756051,2025-10-26 11:00:00
2.2333333333333334,13.729972,2025-10-26 11:00:00
30.15,15.911195,2025-10-26 11:00:00
6.525,12.158426,2025-10-26 11:00:00
2.2333333333333334,13.874585,2025-10-26 12:00:00
5.2,9.630993,2025-10-26 12:00:00
41.475,13.882288,2025-10-26 12:00:00
22.375,14.117283,2025-10-26 12:00:00
43.525000000000006,12.502321,2025-10-26 12:00:00
4.45,10.335369,2025-10-26 13:00:00
44.925,13.698233,2025-10-26 13:00:00
34.225,14.905242,2025-10-26 13:00:00
20.2,12.454755,2025-10-26 13:00:00
5.3,12.188754,2025-10-26 13:00:00
21.875,10.287073,2025-10-26 14:00:00
9.7,12.921084,2025-10-26 14:00:00
3.5,9.097935,2025-10-26 14:00:00
46.375,12.543294,2025-10-26 14:00:00
33.225,14.746369,2025-10-26 14:00:00
19.425,10.742223,2025-10-26 15:00:00
45.125,11.122415,2025-10-26 15:00:00
33.075,13.486378,2025-10-26 15:00:00
2.375,8.125582,2025-10-26 15:00:00
13.3,13.000631,2025-10-26 15:00:00
29.875,17.355799,2025-10-26 16:00:00
13.3,12.258948,2025-10-26 16:00:00
6.1,14.495422,2025-10-26 16:00:00
43.175,13.231649,2025-10-26 16:00:00
2.125,11.243148,2025-10-26 16:00:00
1.55,12.573633,2025-10-26 17:00:00
27.575,13.451344,2025-10-26 17:00:00
41.65,12.458005,2025-10-26 17:00:00
2.25,10.814133,2025-10-26 17:00:00
10.05,13.123961,2025-10-26 17:00:00
1.05,13.244149,2025-10-26 18:00:00
1.25,13.389365,2025-10-26 18:00:00
33.35,14.409861,2025-10-26 18:00:00
10.225,12.711837,2025-10-26 18:00:00
42.05,10.319589,2025-10-26 18:00:00
41.05,16.466478,2025-10-26 19:00:00
24.35,21.001524,2025-10-26 19:00:00
9.75,12.373987,2025-10-26 19:00:00
1.5,17.09362,2025-10-26 19:00:00
0.3,12.0653515,2025-10-26 19:00:00
0.85,17.480133,2025-10-26 20:00:00
40.5,17.075731,2025-10-26 20:00:00
11.55,11.815835,2025-10-26 20:00:00
3.9,10.685903,2025-10-26 20:00:00
23.85,21.846346,2025-10-26 20:00:00
12.725,12.536772,2025-10-26 21:00:00
26.55,21.766224,2025-10-26 21:00:00
0.1,19.666866,2025-10-26 21:00:00
4.6,12.878555,2025-10-26 21:00:00
39.5,18.69379,2025-10-26 21:00:00
0.1,16.461187,2025-10-26 22:00:00
2.725,12.396543,2025-10-26 22:00:00
38.675,15.71424,2025-10-26 22:00:00
13.4,13.659185,2025-10-26 22:00:00
25.9,25.097008,2025-10-26 22:00:00
38.3,14.878056,2025-10-26 23:00:00
4.8,18.971964,2025-10-26 23:00:00
13.566666666666668,15.164498,2025-10-26 23:00:00
2.875,10.887735,2025-10-26 23:00:00
22.525,28.324587,2025-10-26 23:00:00
1.6666666666666667,13.833754,2025-10-27 00:00:00
23.1,10.890258,2025-10-27 00:00:00
26.175,27.901352,2025-10-27 00:00:00
11.7,15.943969,2025-10-27 00:00:00
13.175,14.846032,2025-10-27 00:00:00
12.15,19.980692,2025-10-27 01:00:00
18.975,12.732176,2025-10-27 01:00:00
24.9,25.639534,2025-10-27 01:00:00
2.6,14.831733,2025-10-27 01:00:00
12.9,15.363191,2025-10-27 01:00:00
11.825,18.746109,2025-10-27 02:00:00
27.525,25.835232,2025-10-27 02:00:00
18.175,12.763147,2025-10-27 02:00:00
7.333333333333333,16.702078,2025-10-27 02:00:00
12.8,14.8236685,2025-10-27 02:00:00
13.425,14.69292,2025-10-27 03:00:00
11.35,20.403198,2025-10-27 03:00:00
17.55,12.862587,2025-10-27 03:00:00
7.6,13.993696,2025-10-27 03:00:00
25.975,28.807135,2025-10-27 03:00:00
17.45,11.352513,2025-10-27 04:00:00
7.0,11.918255,2025-10-27 04:00:00
15.5,15.170522,2025-10-27 04:00:00
14.075,13.026995,2025-10-27 04:00:00
28.525,31.101181,2025-10-27 04:00:00
31.700000000000003,32.485783,2025-10-27 05:00:00
6.675,10.583406,2025-10-27 05:00:00
13.875,12.447847,2025-10-27 05:00:00
17.325,14.009891,2025-10-27 05:00:00
17.4,10.281509,2025-10-27 05:00:00
29.125,29.9827,2025-10-27 06:00:00
17.575000000000003,11.679594,2025-10-27 06:00:00
6.3,10.334369,2025-10-27 06:00:00
17.65,13.522557,2025-10-27 06:00:00
14.15,11.942308,2025-10-27 06:00:00
17.075,10.895854,2025-10-27 07:00:00
6.4,9.7465105,2025-10-27 07:00:00
14.1,13.138192,2025-10-27 07:00:00
34.125,29.551722,2025-10-27 07:00:00
17.425,15.167083,2025-10-27 07:00:00
31.275,32.49136,2025-10-27 08:00:00
14.75,11.991783,2025-10-27 08:00:00
5.025,9.033538,2025-10-27 08:00:00
16.75,11.724618,2025-10-27 08:00:00
14.375,16.45403,2025-10-27 08:00:00
12.9,14.905381,2025-10-27 09:00:00
27.425,19.939001,2025-10-27 09:00:00
4.85,11.999137,2025-10-27 09:00:00
16.0,12.416934,2025-10-27 09:00:00
14.275,10.2038355,2025-10-27 09:00:00
15.875,12.048429,2025-10-27 10:00:00
23.925,19.425457,2025-10-27 10:00:00
14.1,12.41271,2025-10-27 10:00:00
14.25,17.947392,2025-10-27 10:00:00
3.6,14.71296,2025-10-27 10:00:00
16.7,9.360353,2025-10-27 11:00:00
3.625,13.387468,2025-10-27 11:00:00
14.9,19.042404,2025-10-27 11:00:00
23.5,18.52866,2025-10-27 11:00:00
13.775,10.716111,2025-10-27 11:00:00
16.675,10.105306,2025-10-27 12:00:00
24.625,17.568604,2025-10-27 12:00:00
16.6,4.979611,2025-10-27 12:00:00
13.65,14.428968,2025-10-27 12:00:00
3.475,11.712739,2025-10-27 12:00:00
12.9,14.828057,2025-10-27 13:00:00
18.375,15.192591,2025-10-27 13:00:00
2.35,13.221081,2025-10-27 13:00:00
15.675,5.315076,2025-10-27 13:00:00
16.525,11.851914,2025-10-27 13:00:00
12.966666666666669,12.925008,2025-10-27 14:00:00
16.875,10.431208,2025-10-27 14:00:00
1.55,11.58671,2025-10-27 14:00:00
23.25,17.895063,2025-10-27 14:00:00
16.2,7.5131083,2025-10-27 14:00:00
21.475,19.726166,2025-10-27 15:00:00
15.825,9.755068,2025-10-27 15:00:00
1.775,12.797669,2025-10-27 15:00:00
12.95,12.696067,2025-10-27 15:00:00
15.35,10.1979,2025-10-27 15:00:00
1.55,11.033215,2025-10-27 16:00:00
23.3,24.556736,2025-10-27 16:00:00
16.025,7.8721123,2025-10-27 16:00:00
11.2,13.131474,2025-10-27 16:00:00
15.625,10.767485,2025-10-27 16:00:00
10.35,13.34652,2025-10-27 17:00:00
22.95,23.373919,2025-10-27 17:00:00
15.6,10.4523115,2025-10-27 17:00:00
3.1,11.259104,2025-10-27 17:00:00
14.2,7.6414332,2025-10-27 17:00:00
10.1,13.474379,2025-10-27 18:00:00
21.95,20.407913,2025-10-27 18:00:00
4.125,10.750497,2025-10-27 18:00:00
13.25,10.338106,2025-10-27 18:00:00
16.375,10.76251,2025-10-27 18:00:00
22.075,22.460468,2025-10-27 19:00:00
17.400000000000002,14.093986,2025-10-27 19:00:00
13.925,17.704876,2025-10-27 19:00:00
3.9,11.226583,2025-10-27 19:00:00
9.875,13.224051,2025-10-27 19:00:00
15.475,15.090525,2025-10-27 20:00:00
13.55,18.949923,2025-10-27 20:00:00
3.55,13.011662,2025-10-27 20:00:00
22.825,20.110853,2025-10-27 20:00:00
17.825,20.378674,2025-10-27 20:00:00
2.9,13.662829,2025-10-27 21:00:00
16.95,19.816927,2025-10-27 21:00:00
12.85,16.73515,2025-10-27 21:00:00
23.775,21.619345,2025-10-27 21:00:00
18.175,14.896514,2025-10-27 21:00:00
18.175,14.82199,2025-10-27 22:00:00
15.95,18.826422,2025-10-27 22:00:00
2.375,12.526978,2025-10-27 22:00:00
29.45,25.274982,2025-10-27 22:00:00
10.05,16.888435,2025-10-27 22:00:00
1.825,15.950561,2025-10-27 23:00:00
32.5,23.75057,2025-10-27 23:00:00
10.325,17.738731,2025-10-27 23:00:00
15.825,20.002476,2025-10-27 23:00:00
18.2,14.961336,2025-10-27 23:00:00
13.575,16.208963,2025-10-28 00:00:00
15.166666666666666,19.380877,2025-10-28 00:00:00
35.9,22.123648,2025-10-28 00:00:00
3.5666666666666664,12.908035,2025-10-28 00:00:00
20.2,15.062443,2025-10-28 00:00:00
16.625,16.556265,2025-10-28 01:00:00
3.475,12.597636,2025-10-28 01:00:00
21.4,14.903322,2025-10-28 01:00:00
12.75,18.297796,2025-10-28 01:00:00
35.2,28.333513,2025-10-28 01:00:00
3.4,11.787998,2025-10-28 02:00:00
16.225,15.773054,2025-10-28 02:00:00
21.5,14.514032,2025-10-28 02:00:00
34.425,27.18031,2025-10-28 02:00:00
12.55,15.839419,2025-10-28 02:00:00
21.675,14.510903,2025-10-28 03:00:00
16.1,17.326176,2025-10-28 03:00:00
13.3,14.855923,2025-10-28 03:00:00
34.525,29.286947,2025-10-28 03:00:00
2.6,12.081042,2025-10-28 03:00:00
20.55,13.313456,2025-10-28 04:00:00
14.525,14.679187,2025-10-28 04:00:00
2.225,11.726007,2025-10-28 04:00:00
35.550000000000004,28.25752,2025-10-28 04:00:00
15.7,15.816352,2025-10-28 04:00:00
19.825,14.012428,2025-10-28 05:00:00
40.175,27.799124,2025-10-28 05:00:00
16.075,14.487064,2025-10-28 05:00:00
14.225,14.585699,2025-10-28 05:00:00
0.9,10.17046,2025-10-28 05:00:00
15.475,14.576624,2025-10-28 06:00:00
14.7,13.423179,2025-10-28 06:00:00
35.400000000000006,28.918077,2025-10-28 06:00:00
19.375,14.318754,2025-10-28 06:00:00
1.425,10.171881,2025-10-28 06:00:00
1.975,9.861538,2025-10-28 07:00:00
16.075,17.55664,2025-10-28 07:00:00
39.45,25.996271,2025-10-28 07:00:00
15.55,13.989657,2025-10-28 07:00:00
19.35,13.935698,2025-10-28 07:00:00
16.475,12.7709055,2025-10-28 08:00:00
15.925,21.32367,2025-10-28 08:00:00
33.55,25.657463,2025-10-28 08:00:00
1.425,9.837175,2025-10-28 08:00:00
17.400000000000002,16.92959,2025-10-28 08:00:00
1.45,9.383083,2025-10-28 09:00:00
16.375,17.451767,2025-10-28 09:00:00
28.875,21.544697,2025-10-28 09:00:00
15.55,13.269775,2025-10-28 09:00:00
12.925,18.314112,2025-10-28 09:00:00
1.175,8.2929,2025-10-28 10:00:00
12.325,16.377079,2025-10-28 10:00:00
26.875,21.34023,2025-10-28 10:00:00
14.45,13.510678,2025-10-28 10:00:00
17.55,18.706787,2025-10-28 10:00:00
13.4,12.049197,2025-10-28 11:00:00
1.35,8.427281,2025-10-28 11:00:00
17.675,19.317928,2025-10-28 11:00:00
12.35,15.132365,2025-10-28 11:00:00
17.775,20.330961,2025-10-28 11:00:00
19.25,18.44619,2025-10-28 12:00:00
0.8333333333333334,8.709206,2025-10-28 12:00:00
21.65,20.955372,2025-10-28 12:00:00
13.9,15.483184,2025-10-28 12:00:00
13.4,11.786413,2025-10-28 12:00:00
10.25,12.447501,2025-10-28 13:00:00
20.55,14.546898,2025-10-28 13:00:00
0.4,13.824256,2025-10-28 13:00:00
14.375,15.115521,2025-10-28 13:00:00
20.975,21.289669,2025-10-28 13:00:00
0.4,11.900429,2025-10-28 14:00:00
25.0,12.765195,2025-10-28 14:00:00
19.4,21.73361,2025-10-28 14:00:00
20.7,14.732717,2025-10-28 14:00:00
13.65,14.568633,2025-10-28 14:00:00
76.16666666666667,13.31486,2025-10-28 15:00:00
13.3,14.230789,2025-10-28 15:00:00
22.325,19.042513,2025-10-28 15:00:00
0.4,11.087,2025-10-28 15:00:00
20.375,14.633827,2025-10-28 15:00:00
0.4,11.218792,2025-10-28 16:00:00
83.475,13.967541,2025-10-28 16:00:00
13.35,16.251152,2025-10-28 16:00:00
23.85,19.818409,2025-10-28 16:00:00
16.224999999999998,13.02678,2025-10-28 16:00:00
78.26666666666667,13.335382,2025-10-28 17:00:00
14.125,12.115332,2025-10-28 17:00:00
12.4,14.906444,2025-10-28 17:00:00
2.5,10.721882,2025-10-28 17:00:00
22.9,19.697414,2025-10-28 17:00:00
22.125,15.975944,2025-10-28 18:00:00
21.425,19.885056,2025-10-28 18:00:00
4.25,10.307936,2025-10-28 18:00:00
24.4,13.656647,2025-10-28 18:00:00
14.025,11.339938,2025-10-28 18:00:00
14.7,11.245596,2025-10-28 19:00:00
3.5,11.127362,2025-10-28 19:00:00
24.475,17.138763,2025-10-28 19:00:00
32.025,14.678455,2025-10-28 19:00:00
46.425,17.743938,2025-10-28 19:00:00
26.9,17.07096,2025-10-28 20:00:00
40.475,16.213774,2025-10-28 20:00:00
45.8,17.520414,2025-10-28 20:00:00
3.175,11.14171,2025-10-28 20:00:00
17.8,11.399306,2025-10-28 20:00:00
57.16666666666666,18.380781,2025-10-28 21:00:00
2.625,11.045008,2025-10-28 21:00:00
32.35,17.291473,2025-10-28 21:00:00
46.25,16.323933,2025-10-28 21:00:00
19.15,12.329726,2025-10-28 21:00:00
44.25,15.951833,2025-10-28 22:00:00
2.3000000000000003,11.361399,2025-10-28 22:00:00
36.55,20.234116,2025-10-28 22:00:00
86.95,18.254217,2025-10-28 22:00:00
19.5,13.81972,2025-10-28 22:00:00
20.0,12.7395935,2025-10-28 23:00:00
34.300000000000004,16.448189,2025-10-28 23:00:00
44.2,13.8289995,2025-10-28 23:00:00
38.275,19.169525,2025-10-28 23:00:00
1.975,10.713585,2025-10-28 23:00:00
5.566666666666666,11.018018,2025-10-29 00:00:00
21.46666666666667,15.107432,2025-10-29 00:00:00
11.475,11.775981,2025-10-29 00:00:00
18.4,14.205095,2025-10-29 00:00:00
44.95,20.608887,2025-10-29 00:00:00
15.875,14.833902,2025-10-29 01:00:00
36.5,16.862251,2025-10-29 01:00:00
6.675,11.328755,2025-10-29 01:00:00
44.0,21.251017,2025-10-29 01:00:00
7.1,13.041655,2025-10-29 01:00:00
6.525,11.0833235,2025-10-29 02:00:00
14.675,16.033806,2025-10-29 02:00:00
6.325,12.770335,2025-10-29 02:00:00
43.275,26.15331,2025-10-29 02:00:00
59.8,15.337687,2025-10-29 02:00:00
13.65,14.249261,2025-10-29 03:00:00
5.75,10.830198,2025-10-29 03:00:00
5.225,11.620582,2025-10-29 03:00:00
22.0,13.260672,2025-10-29 03:00:00
40.075,23.479605,2025-10-29 03:00:00
12.775,14.025232,2025-10-29 04:00:00
14.15,13.385907,2025-10-29 04:00:00
5.025,9.723603,2025-10-29 04:00:00
39.375,27.711346,2025-10-29 04:00:00
10.825,11.772983,2025-10-29 04:00:00
5.35,9.76187,2025-10-29 05:00:00
13.625,13.631866,2025-10-29 05:00:00
13.575,14.291698,2025-10-29 05:00:00
42.825,30.146856,2025-10-29 05:00:00
13.225,12.982551,2025-10-29 05:00:00
43.225,27.624737,2025-10-29 06:00:00
5.275,9.3108835,2025-10-29 06:00:00
12.675,13.2830715,2025-10-29 06:00:00
14.325,13.398812,2025-10-29 06:00:00
14.25,14.13335,2025-10-29 06:00:00
13.425,14.897311,2025-10-29 07:00:00
12.925,13.120619,2025-10-29 07:00:00
13.475,13.550591,2025-10-29 07:00:00
41.275,30.735012,2025-10-29 07:00:00
4.25,9.80695,2025-10-29 07:00:00
3.9,9.016391,2025-10-29 08:00:00
14.325,14.988744,2025-10-29 08:00:00
19.0,13.175086,2025-10-29 08:00:00
43.95,28.767183,2025-10-29 08:00:00
14.6,12.497093,2025-10-29 08:00:00
3.225,8.663006,2025-10-29 09:00:00
22.325,13.344691,2025-10-29 09:00:00
44.8,25.173082,2025-10-29 09:00:00
10.25,13.596592,2025-10-29 09:00:00
11.8,15.163863,2025-10-29 09:00:00
9.3,14.378403,2025-10-29 10:00:00
10.575,13.639501,2025-10-29 10:00:00
22.75,12.575983,2025-10-29 10:00:00
3.1,9.782948,2025-10-29 10:00:00
40.55,20.052979,2025-10-29 10:00:00
36.85,13.710943,2025-10-29 11:00:00
23.525,14.141835,2025-10-29 11:00:00
37.825,17.424913,2025-10-29 11:00:00
1.325,7.7578864,2025-10-29 11:00:00
7.875,13.959003,2025-10-29 11:00:00
0.9,10.784273,2025-10-29 12:00:00
6.925,14.023704,2025-10-29 12:00:00
137.9,13.779747,2025-10-29 12:00:00
31.95,18.261919,2025-10-29 12:00:00
18.633333333333336,13.921085,2025-10-29 12:00:00
16.05,13.029827,2025-10-29 13:00:00
2.0,8.451634,2025-10-29 13:00:00
137.9,13.892274,2025-10-29 13:00:00
8.475,13.028999,2025-10-29 13:00:00
27.575,14.481201,2025-10-29 13:00:00
16.1,12.307942,2025-10-29 14:00:00
30.375,15.682442,2025-10-29 14:00:00
8.35,13.320467,2025-10-29 14:00:00
4.025,8.260737,2025-10-29 14:00:00
137.9,14.1943,2025-10-29 14:00:00
8.175,12.921099,2025-10-29 15:00:00
16.175,13.341707,2025-10-29 15:00:00
137.9,12.987367,2025-10-29 15:00:00
6.550000000000001,8.6080475,2025-10-29 15:00:00
36.775,13.778714,2025-10-29 15:00:00
39.925,16.322237,2025-10-29 16:00:00
6.550000000000001,8.605429,2025-10-29 16:00:00
16.724999999999998,14.291646,2025-10-29 16:00:00
7.0,13.492617,2025-10-29 16:00:00
5.375,13.580976,2025-10-29 17:00:00
17.1,13.276243,2025-10-29 17:00:00
2.8000000000000003,8.476284,2025-10-29 17:00:00
35.1,16.828249,2025-10-29 17:00:00
16.7,14.791708,2025-10-29 18:00:00
37.8,14.71102,2025-10-29 18:00:00
6.9,13.764953,2025-10-29 18:00:00
10.125,8.529232,2025-10-29 18:00:00
6.775,13.451193,2025-10-29 19:00:00
12.05,9.691661,2025-10-29 19:00:00
16.3,14.196482,2025-10-29 19:00:00
37.6,15.486297,2025-10-29 19:00:00
13.15,9.14665,2025-10-29 20:00:00
16.55,13.104311,2025-10-29 20:00:00
6.275,17.438366,2025-10-29 20:00:00
38.05,16.482237,2025-10-29 20:00:00
38.3,21.301512,2025-10-29 21:00:00
4.675,18.811104,2025-10-29 21:00:00
16.9,13.268908,2025-10-29 21:00:00
10.6,9.048808,2025-10-29 21:00:00
3.5,21.023905,2025-10-29 22:00:00
11.55,9.851848,2025-10-29 22:00:00
17.05,13.945424,2025-10-29 22:00:00
39.7,27.371424,2025-10-29 22:00:00
2.725,18.68965,2025-10-29 23:00:00
10.825,9.383845,2025-10-29 23:00:00
40.7,29.525171,2025-10-29 23:00:00
17.233333333333334,13.724514,2025-10-29 23:00:00
7.175000000000001,11.743625,2025-10-30 00:00:00
13.7,12.654697,2025-10-30 00:00:00
15.5,18.447365,2025-10-30 00:00:00
42.775,33.23692,2025-10-30 00:00:00
11.7,13.610055,2025-10-30 01:00:00
18.75,16.340511,2025-10-30 01:00:00
9.225,11.859062,2025-10-30 01:00:00
41.575,31.594822,2025-10-30 01:00:00
11.675,14.647942,2025-10-30 02:00:00
38.45,32.27845,2025-10-30 02:00:00
8.9,11.95499,2025-10-30 02:00:00
19.1,14.924993,2025-10-30 02:00:00
17.925,13.026256,2025-10-30 03:00:00
11.4,13.658902,2025-10-30 03:00:00
37.725,31.646517,2025-10-30 03:00:00
7.975,10.838182,2025-10-30 03:00:00
15.075,14.727267,2025-10-30 04:00:00
17.225,14.636083,2025-10-30 04:00:00
7.225,9.665304,2025-10-30 04:00:00
38.525,32.052895,2025-10-30 04:00:00
16.525,12.005593,2025-10-30 05:00:00
6.7,8.122071,2025-10-30 05:00:00
38.525,34.56108,2025-10-30 05:00:00
16.625,13.604958,2025-10-30 05:00:00
39.525,47.681168,2025-10-30 06:00:00
16.2,14.679466,2025-10-30 06:00:00
16.725,16.999994,2025-10-30 06:00:00
6.575,7.957481,2025-10-30 06:00:00
6.6,7.71269,2025-10-30 07:00:00
16.8,11.433744,2025-10-30 07:00:00
42.425,58.762356,2025-10-30 07:00:00
17.125,14.540992,2025-10-30 07:00:00
39.575,47.424484,2025-10-30 08:00:00
15.85,12.182562,2025-10-30 08:00:00
23.225,13.73572,2025-10-30 08:00:00
6.275,7.8081903,2025-10-30 08:00:00
40.5,26.238699,2025-10-30 09:00:00
15.025,10.493767,2025-10-30 09:00:00
6.625,9.233624,2025-10-30 09:00:00
26.275,11.699676,2025-10-30 09:00:00
26.5,10.210832,2025-10-30 10:00:00
45.0,24.930939,2025-10-30 10:00:00
15.125,9.620089,2025-10-30 10:00:00
6.35,11.699143,2025-10-30 10:00:00
44.725,21.723042,2025-10-30 11:00:00
14.475,9.8187,2025-10-30 11:00:00
1.6,15.452625,2025-10-30 11:00:00
4.574999999999999,9.757756,2025-10-30 11:00:00
27.0,12.346851,2025-10-30 11:00:00
2.4,8.967342,2025-10-30 12:00:00
13.066666666666668,14.047615,2025-10-30 12:00:00
46.9,19.72624,2025-10-30 12:00:00
6.8,29.195637,2025-10-30 12:00:00
13.35,9.718512,2025-10-30 12:00:00
11.525,13.695205,2025-10-30 13:00:00
11.575,9.69341,2025-10-30 13:00:00
4.766666666666667,10.157622,2025-10-30 13:00:00
18.775,33.06339,2025-10-30 13:00:00
51.575,16.537748,2025-10-30 13:00:00
4.35,10.48514,2025-10-30 14:00:00
12.15,36.861496,2025-10-30 14:00:00
48.2,15.307934,2025-10-30 14:00:00
10.225,9.064058,2025-10-30 14:00:00
11.6,15.040018,2025-10-30 14:00:00
25.025,16.322016,2025-10-30 15:00:00
12.1,36.377796,2025-10-30 15:00:00
2.425,10.526741,2025-10-30 15:00:00
10.0,9.590855,2025-10-30 15:00:00
11.833333333333334,13.040114,2025-10-30 15:00:00
10.05,9.244403,2025-10-30 16:00:00
26.950000000000003,22.222378,2025-10-30 16:00:00
1.9,10.5448,2025-10-30 16:00:00
12.7,11.074535,2025-10-30 16:00:00
4.333333333333333,10.664828,2025-10-30 17:00:00
11.95,13.105309,2025-10-30 17:00:00
10.2,11.940262,2025-10-30 17:00:00
32.275,20.018185,2025-10-30 17:00:00
12.0,13.920981,2025-10-30 18:00:00
12.125,12.256511,2025-10-30 18:00:00
31.825,20.883236,2025-10-30 18:00:00
1.9666666666666668,10.317823,2025-10-30 18:00:00
18.6,24.662159,2025-10-30 19:00:00
12.325,13.297979,2025-10-30 19:00:00
1.4,10.504383,2025-10-30 19:00:00
12.125,13.365571,2025-10-30 19:00:00
34.7,27.730295,2025-10-30 20:00:00
1.85,12.679277,2025-10-30 20:00:00
18.566666666666663,14.419392,2025-10-30 20:00:00
13.3,12.330023,2025-10-30 20:00:00
23.55,15.396499,2025-10-30 21:00:00
11.525,13.099515,2025-10-30 21:00:00
41.625,26.641968,2025-10-30 21:00:00
1.85,12.612083,2025-10-30 21:00:00
55.175,39.08142,2025-10-30 22:00:00
1.3,18.307411,2025-10-30 22:00:00
10.7,12.127855,2025-10-30 22:00:00
23.2,15.468601,2025-10-30 22:00:00
55.0,40.491276,2025-10-30 23:00:00
10.125,9.79654,2025-10-30 23:00:00
23.03333333333333,14.597752,2025-10-30 23:00:00
0.9,19.662151,2025-10-30 23:00:00
65.39999999999999,42.237305,2025-10-31 00:00:00
0.9,18.163725,2025-10-31 00:00:00
15.6,11.734383,2025-10-31 00:00:00
21.025,15.152245,2025-10-31 00:00:00
17.275,11.577231,2025-10-31 01:00:00
60.45,48.25836,2025-10-31 01:00:00
0.9,13.230011,2025-10-31 01:00:00
19.025,14.753056,2025-10-31 01:00:00
56.3,43.478966,2025-10-31 02:00:00
0.9,15.2049055,2025-10-31 02:00:00
14.85,14.409223,2025-10-31 02:00:00
18.6,16.163752,2025-10-31 02:00:00
2.1,13.597413,2025-10-31 03:00:00
58.65,41.47118,2025-10-31 03:00:00
14.375,12.573487,2025-10-31 03:00:00
18.9,16.367292,2025-10-31 03:00:00
54.475,38.4786,2025-10-31 04:00:00
14.4,10.947014,2025-10-31 04:00:00
2.1,12.012014,2025-10-31 04:00:00
12.8,14.1148615,2025-10-31 04:00:00
2.1,11.588836,2025-10-31 05:00:00
60.85,41.02623,2025-10-31 05:00:00
14.4,11.603034,2025-10-31 05:00:00
10.0,14.018161,2025-10-31 05:00:00
13.925,10.373577,2025-10-31 06:00:00
58.825,39.21399,2025-10-31 06:00:00
2.1,10.682188,2025-10-31 06:00:00
9.575,15.441909,2025-10-31 06:00:00
14.025,11.999814,2025-10-31 07:00:00
9.133333333333333,14.550714,2025-10-31 07:00:00
62.275000000000006,39.257713,2025-10-31 07:00:00
6.766666666666667,16.660734,2025-10-31 08:00:00
64.575,35.4735,2025-10-31 08:00:00
18.775,12.651613,2025-10-31 08:00:00
14.15,9.923323,2025-10-31 08:00:00
28.075,12.666135,2025-10-31 09:00:00
6.433333333333334,19.688545,2025-10-31 09:00:00
68.85000000000001,33.746567,2025-10-31 09:00:00
12.0,7.0503592,2025-10-31 09:00:00
27.4,12.850869,2025-10-31 10:00:00
15.35,8.410068,2025-10-31 10:00:00
8.05,20.07892,2025-10-31 10:00:00
75.975,33.406178,2025-10-31 10:00:00
27.25,12.357565,2025-10-31 11:00:00
72.2,27.722775,2025-10-31 11:00:00
8.125,19.271343,2025-10-31 11:00:00
16.075,9.557754,2025-10-31 11:00:00
13.1,20.752739,2025-10-31 11:00:00
20.95,17.225529,2025-10-31 12:00:00
21.9,26.535408,2025-10-31 12:00:00
26.2,12.942159,2025-10-31 12:00:00
14.4,6.283546,2025-10-31 12:00:00
21.700000000000003,14.607602,2025-10-31 12:00:00
21.53333333333333,12.836263,2025-10-31 13:00:00
18.425,28.326756,2025-10-31 13:00:00
37.8,20.407967,2025-10-31 13:00:00
27.1,12.5164385,2025-10-31 13:00:00
16.775,6.290896,2025-10-31 13:00:00
15.375,6.745426,2025-10-31 14:00:00
26.525,11.538022,2025-10-31 14:00:00
59.1,15.925073,2025-10-31 14:00:00
21.7,13.658429,2025-10-31 14:00:00
10.775,27.178669,2025-10-31 14:00:00
21.625,11.646829,2025-10-31 15:00:00
71.9,15.190084,2025-10-31 15:00:00
13.425,25.716402,2025-10-31 15:00:00
26.525,14.429233,2025-10-31 15:00:00
17.225,8.24047,2025-10-31 15:00:00
10.175,24.186092,2025-10-31 16:00:00
70.325,9.987074,2025-10-31 16:00:00
15.05,7.906429,2025-10-31 16:00:00
13.0,12.687851,2025-10-31 16:00:00
25.45,10.740488,2025-10-31 16:00:00
25.475,10.667091,2025-10-31 17:00:00
7.366666666666667,23.033476,2025-10-31 17:00:00
62.825,10.532837,2025-10-31 17:00:00
11.45,7.8837285,2025-10-31 17:00:00
12.6,12.715751,2025-10-31 17:00:00
12.9,8.531713,2025-10-31 18:00:00
25.133333333333336,12.999103,2025-10-31 18:00:00
12.7,12.400888,2025-10-31 18:00:00
44.85,12.164076,2025-10-31 18:00:00
10.2,28.11387,2025-10-31 18:00:00
32.95,16.823132,2025-10-31 19:00:00
10.825,8.901123,2025-10-31 19:00:00
26.425,13.029942,2025-10-31 19:00:00
12.35,13.995415,2025-10-31 19:00:00
13.5,24.868134,2025-10-31 19:00:00
10.475,9.357411,2025-10-31 20:00:00
9.4,14.173266,2025-10-31 20:00:00
27.4,19.292492,2025-10-31 20:00:00
26.5,13.985955,2025-10-31 20:00:00
30.3,22.675592,2025-10-31 20:00:00
11.525,11.7176075,2025-10-31 21:00:00
23.425,21.363821,2025-10-31 21:00:00
41.5,30.703892,2025-10-31 21:00:00
24.975,12.932408,2025-10-31 21:00:00
7.55,14.490169,2025-10-31 21:00:00
7.1,16.42957,2025-10-31 22:00:00
15.975,21.29514,2025-10-31 22:00:00
7.075,12.345091,2025-10-31 22:00:00
46.525,29.263214,2025-10-31 22:00:00
23.6,10.747822,2025-10-31 22:00:00
42.175,34.10924,2025-10-31 23:00:00
22.875,16.452602,2025-10-31 23:00:00
8.625,12.39291,2025-10-31 23:00:00
7.033333333333334,20.331509,2025-10-31 23:00:00
14.35,20.719479,2025-10-31 23:00:00
28.35,32.03183,2025-11-01 00:00:00
11.0,14.259577,2025-11-01 00:00:00
14.45,16.31542,2025-11-01 00:00:00
21.3,17.821753,2025-11-01 00:00:00
14.775,16.055582,2025-11-01 00:00:00
13.5,15.140165,2025-11-01 01:00:00
18.025,16.427347,2025-11-01 01:00:00
19.025,16.650713,2025-11-01 01:00:00
15.1,30.423828,2025-11-01 01:00:00
8.225,12.2010355,2025-11-01 01:00:00
17.7,15.840053,2025-11-01 02:00:00
18.15,17.661835,2025-11-01 02:00:00
4.25,34.01894,2025-11-01 02:00:00
12.6,15.879584,2025-11-01 02:00:00
6.449999999999999,13.70236,2025-11-01 02:00:00
17.55,17.004107,2025-11-01 03:00:00
17.35,16.486233,2025-11-01 03:00:00
8.525,12.860102,2025-11-01 03:00:00
12.925,14.58311,2025-11-01 03:00:00
15.6,27.352468,2025-11-01 03:00:00
7.9,24.924423,2025-11-01 04:00:00
12.325,13.890798,2025-11-01 04:00:00
17.15,13.423409,2025-11-01 04:00:00
6.2,11.211869,2025-11-01 04:00:00
16.875,14.945315,2025-11-01 04:00:00
20.725,30.68337,2025-11-01 05:00:00
15.85,13.391212,2025-11-01 05:00:00
12.25,14.77954,2025-11-01 05:00:00
17.375,12.993808,2025-11-01 05:00:00
6.45,9.331852,2025-11-01 05:00:00
11.65,15.821028,2025-11-01 06:00:00
7.825,9.845432,2025-11-01 06:00:00
16.975,12.250223,2025-11-01 06:00:00
32.575,32.966457,2025-11-01 06:00:00
14.925,13.368378,2025-11-01 06:00:00
41.2,30.778645,2025-11-01 07:00:00
16.875,12.544751,2025-11-01 07:00:00
15.875,13.552112,2025-11-01 07:00:00
10.875,14.741733,2025-11-01 07:00:00
11.575,12.780668,2025-11-01 08:00:00
17.549999999999997,14.476706,2025-11-01 08:00:00
34.175,30.809942,2025-11-01 08:00:00
15.8,14.194536,2025-11-01 08:00:00
10.35,14.374345,2025-11-01 08:00:00
10.525,14.84434,2025-11-01 09:00:00
10.725,13.757815,2025-11-01 09:00:00
33.6,31.99375,2025-11-01 09:00:00
18.675,18.598299,2025-11-01 09:00:00
13.875,14.764159,2025-11-01 09:00:00
12.9,15.719661,2025-11-01 10:00:00
11.3,14.609999,2025-11-01 10:00:00
30.45,32.092266,2025-11-01 10:00:00
19.75,17.32205,2025-11-01 10:00:00
8.825,14.085768,2025-11-01 10:00:00
13.1,15.605192,2025-11-01 11:00:00
12.675,20.65643,2025-11-01 11:00:00
20.95,14.669409,2025-11-01 11:00:00
10.75,15.510993,2025-11-01 11:00:00
11.25,33.933426,2025-11-01 11:00:00
12.675,33.98778,2025-11-01 12:00:00
23.975,14.812644,2025-11-01 12:00:00
10.2,19.514393,2025-11-01 12:00:00
15.55,16.41854,2025-11-01 12:00:00
14.375,17.594498,2025-11-01 12:00:00
10.975,14.717172,2025-11-01 13:00:00
9.2,19.17074,2025-11-01 13:00:00
15.15,28.809517,2025-11-01 13:00:00
23.7,13.451023,2025-11-01 13:00:00
17.525,10.964051,2025-11-01 13:00:00
8.75,17.96379,2025-11-01 14:00:00
22.95,14.387102,2025-11-01 14:00:00
15.15,15.477406,2025-11-01 14:00:00
13.175,12.742426,2025-11-01 14:00:00
7.800000000000001,20.229017,2025-11-01 14:00:00
9.95,15.734082,2025-11-01 15:00:00
22.375,12.4659195,2025-11-01 15:00:00
8.274999999999999,17.647247,2025-11-01 15:00:00
13.05,15.095346,2025-11-01 15:00:00
14.75,11.166112,2025-11-01 15:00:00
11.525,15.662149,2025-11-01 16:00:00
11.775,12.953216,2025-11-01 16:00:00
26.225,9.405077,2025-11-01 16:00:00
8.0,13.642854,2025-11-01 16:00:00
19.65,9.959714,2025-11-01 16:00:00
17.75,10.582584,2025-11-01 17:00:00
17.775,10.366763,2025-11-01 17:00:00
7.949999999999999,16.532753,2025-11-01 17:00:00
9.475,12.656388,2025-11-01 17:00:00
20.85,12.38504,2025-11-01 17:00:00
8.55,20.607706,2025-11-01 18:00:00
17.525,24.25916,2025-11-01 18:00:00
7.85,12.555299,2025-11-01 18:00:00
60.05,11.510348,2025-11-01 18:00:00
17.925,11.789061,2025-11-01 18:00:00
59.825,13.403188,2025-11-01 19:00:00
17.9,12.944817,2025-11-01 19:00:00
9.275,28.655663,2025-11-01 19:00:00
11.7,15.590477,2025-11-01 19:00:00
8.325,14.197847,2025-11-01 19:00:00
9.9,24.910227,2025-11-01 20:00:00
13.7,12.376505,2025-11-01 20:00:00
19.375,21.63012,2025-11-01 20:00:00
6.35,14.009319,2025-11-01 20:00:00
59.225,15.994082,2025-11-01 20:00:00
10.175,17.787678,2025-11-01 21:00:00
5.325,30.249464,2025-11-01 21:00:00
4.825,16.052553,2025-11-01 21:00:00
11.425,13.613241,2025-11-01 21:00:00
57.45,15.118642,2025-11-01 21:00:00
11.075,18.4429,2025-11-01 22:00:00
11.325,12.906657,2025-11-01 22:00:00
5.7,16.589748,2025-11-01 22:00:00
2.825,29.434746,2025-11-01 22:00:00
56.825,13.633121,2025-11-01 22:00:00
12.6,17.27096,2025-11-01 23:00:00
11.3,13.53613,2025-11-01 23:00:00
56.55,13.066777,2025-11-01 23:00:00
3.85,31.186258,2025-11-01 23:00:00
7.925,13.563917,2025-11-01 23:00:00
16.575000000000003,13.089564,2025-11-02 00:00:00
7.65,14.323646,2025-11-02 00:00:00
25.4,17.575802,2025-11-02 00:00:00
15.225,16.219206,2025-11-02 00:00:00
2.8000000000000003,33.202507,2025-11-02 00:00:00
19.375,12.849552,2025-11-02 01:00:00
19.2,15.595994,2025-11-02 01:00:00
7.875,13.947323,2025-11-02 01:00:00
15.25,16.37225,2025-11-02 01:00:00
11.0,32.112183,2025-11-02 01:00:00
15.325,14.649792,2025-11-02 02:00:00
19.225,14.133372,2025-11-02 02:00:00
28.5,14.22511,2025-11-02 02:00:00
8.675,13.354886,2025-11-02 02:00:00
16.5,13.887347,2025-11-02 02:00:00
3.825,13.165526,2025-11-02 03:00:00
15.925,12.917602,2025-11-02 03:00:00
15.65,13.396288,2025-11-02 03:00:00
15.275,14.169805,2025-11-02 03:00:00
18.525,12.686128,2025-11-02 03:00:00
6.2,13.057922,2025-11-02 04:00:00
14.775,13.1599655,2025-11-02 04:00:00
9.725,15.176506,2025-11-02 04:00:00
9.0,12.59764,2025-11-02 04:00:00
15.225,12.534347,2025-11-02 04:00:00
11.9,12.883363,2025-11-02 05:00:00
15.375,13.347465,2025-11-02 05:00:00
0.1,13.889778,2025-11-02 05:00:00
14.675,12.698162,2025-11-02 05:00:00
15.35,21.920616,2025-11-02 05:00:00
16.775000000000002,20.95239,2025-11-02 06:00:00
0.4,12.4731245,2025-11-02 06:00:00
12.1,12.062816,2025-11-02 06:00:00
14.05,12.284706,2025-11-02 06:00:00
14.35,13.210423,2025-11-02 06:00:00
14.125,11.471624,2025-11-02 07:00:00
13.9,13.845934,2025-11-02 07:00:00
11.425,11.030114,2025-11-02 07:00:00
4.6,12.522964,2025-11-02 07:00:00
5.35,32.945652,2025-11-02 07:00:00
7.05,35.15884,2025-11-02 08:00:00
13.575,13.549482,2025-11-02 08:00:00
17.925,12.931811,2025-11-02 08:00:00
10.425,12.898179,2025-11-02 08:00:00
15.025,18.621363,2025-11-02 08:00:00
12.2,12.986238,2025-11-02 09:00:00
14.125,19.306877,2025-11-02 09:00:00
14.0,12.558027,2025-11-02 09:00:00
6.125,30.220474,2025-11-02 09:00:00
24.75,14.044684,2025-11-02 09:00:00
14.725,13.040825,2025-11-02 10:00:00
12.775,16.91252,2025-11-02 10:00:00
11.275,16.313879,2025-11-02 10:00:00
4.95,26.588833,2025-11-02 10:00:00
25.725,16.016802,2025-11-02 10:00:00
14.6,12.504911,2025-11-02 11:00:00
24.875,20.618248,2025-11-02 11:00:00
14.075,18.019543,2025-11-02 11:00:00
12.825,17.770273,2025-11-02 11:00:00
26.3,16.356428,2025-11-02 11:00:00
16.175,17.258696,2025-11-02 12:00:00
24.95,18.111488,2025-11-02 12:00:00
25.85,10.72759,2025-11-02 12:00:00
13.9,14.622728,2025-11-02 12:00:00
13.25,16.300713,2025-11-02 12:00:00
25.025,15.703621,2025-11-02 13:00:00
14.525,17.159868,2025-11-02 13:00:00
14.0,14.957963,2025-11-02 13:00:00
11.85,8.751488,2025-11-02 13:00:00
14.05,17.63031,2025-11-02 13:00:00
11.75,10.558409,2025-11-02 14:00:00
12.875,11.563111,2025-11-02 14:00:00
13.55,14.061949,2025-11-02 14:00:00
24.85,18.8639,2025-11-02 14:00:00
13.325,18.578539,2025-11-02 14:00:00
10.233333333333334,12.663197,2025-11-02 15:00:00
12.225,16.060501,2025-11-02 15:00:00
12.0,9.991388,2025-11-02 15:00:00
12.575,11.9990635,2025-11-02 15:00:00
24.375,16.789831,2025-11-02 15:00:00
13.275,12.496904,2025-11-02 16:00:00
15.225,12.767929,2025-11-02 16:00:00
11.0,14.781176,2025-11-02 16:00:00
26.95,15.734433,2025-11-02 16:00:00
10.233333333333334,12.4564905,2025-11-02 16:00:00
9.6,14.966945,2025-11-02 17:00:00
28.3,13.827034,2025-11-02 17:00:00
13.95,12.22846,2025-11-02 17:00:00
10.233333333333334,14.237911,2025-11-02 17:00:00
6.025,10.995015,2025-11-02 17:00:00
11.375,12.535532,2025-11-02 18:00:00
17.9,13.135172,2025-11-02 18:00:00
9.75,18.39693,2025-11-02 18:00:00
13.95,15.665048,2025-11-02 18:00:00
28.975,14.20922,2025-11-02 18:00:00
5.55,11.050401,2025-11-02 19:00:00
29.325,13.335514,2025-11-02 19:00:00
20.125,12.618559,2025-11-02 19:00:00
5.8,13.673481,2025-11-02 19:00:00
11.55,26.82986,2025-11-02 19:00:00
11.675,26.918224,2025-11-02 20:00:00
9.0,14.408162,2025-11-02 20:00:00
12.3,13.415189,2025-11-02 20:00:00
19.05,11.849609,2025-11-02 20:00:00
20.65,13.521263,2025-11-02 20:00:00
8.225,17.369892,2025-11-02 21:00:00
16.575,12.670682,2025-11-02 21:00:00
16.3,12.72957,2025-11-02 21:00:00
25.275,15.210825,2025-11-02 21:00:00
11.625,25.281427,2025-11-02 21:00:00
17.075,12.524488,2025-11-02 22:00:00
18.725,17.712208,2025-11-02 22:00:00
9.625,23.83864,2025-11-02 22:00:00
15.6,11.657614,2025-11-02 22:00:00
5.800000000000001,17.27716,2025-11-02 22:00:00
17.333333333333332,11.437258,2025-11-02 23:00:00
8.825,25.084494,2025-11-02 23:00:00
18.325,11.613365,2025-11-02 23:00:00
27.575,16.114458,2025-11-02 23:00:00
14.1,17.590446,2025-11-02 23:00:00
29.75,15.020363,2025-11-03 00:00:00
15.375,15.438266,2025-11-03 00:00:00
20.725,13.201473,2025-11-03 00:00:00
15.85,16.121645,2025-11-03 00:00:00
18.7,23.603558,2025-11-03 00:00:00
16.400000000000002,13.832707,2025-11-03 01:00:00
32.275,14.136284,2025-11-03 01:00:00
23.175,16.463003,2025-11-03 01:00:00
20.05,19.099909,2025-11-03 01:00:00
8.25,14.806516,2025-11-03 01:00:00
23.55,16.81563,2025-11-03 02:00:00
3.3,13.999092,2025-11-03 02:00:00
12.6,13.063322,2025-11-03 02:00:00
17.5,15.094622,2025-11-03 02:00:00
40.2,14.301474,2025-11-03 02:00:00
15.55,13.132332,2025-11-03 03:00:00
23.35,15.838475,2025-11-03 03:00:00
3.3,13.169394,2025-11-03 03:00:00
43.45,18.530188,2025-11-03 03:00:00
11.5,13.501357,2025-11-03 03:00:00
45.175,11.981406,2025-11-03 04:00:00
9.425,14.0846195,2025-11-03 04:00:00
14.6,13.231402,2025-11-03 04:00:00
3.3,12.347907,2025-11-03 04:00:00
21.075,12.23086,2025-11-03 04:00:00
9.575,12.443674,2025-11-03 05:00:00
14.625,13.601513,2025-11-03 05:00:00
19.95,10.764499,2025-11-03 05:00:00
44.525000000000006,15.162196,2025-11-03 05:00:00
3.3,13.355011,2025-11-03 05:00:00
7.833333333333333,15.2473955,2025-11-03 06:00:00
40.125,13.377589,2025-11-03 06:00:00
19.675,8.662907,2025-11-03 06:00:00
14.65,12.598819,2025-11-03 06:00:00
1.8,15.124701,2025-11-03 07:00:00
42.0,14.859764,2025-11-03 07:00:00
17.425,13.149126,2025-11-03 07:00:00
5.25,16.268538,2025-11-03 07:00:00
19.375,9.53159,2025-11-03 07:00:00
20.325,12.5510025,2025-11-03 08:00:00
24.2,12.0646,2025-11-03 08:00:00
39.025,20.088535,2025-11-03 08:00:00
6.4750000000000005,15.204414,2025-11-03 08:00:00
21.6,12.504582,2025-11-03 08:00:00
13.9,14.353831,2025-11-03 09:00:00
27.9,15.936583,2025-11-03 09:00:00
24.8,20.7787,2025-11-03 09:00:00
7.65,15.677588,2025-11-03 09:00:00
14.85,14.234674,2025-11-03 09:00:00
22.7,15.817585,2025-11-03 10:00:00
14.35,14.472013,2025-11-03 10:00:00
4.825,14.437924,2025-11-03 10:00:00
6.8,13.911335,2025-11-03 10:00:00
28.975,20.668537,2025-11-03 10:00:00
22.425,13.260641,2025-11-03 11:00:00
6.933333333333333,17.913532,2025-11-03 11:00:00
11.800000000000002,15.123308,2025-11-03 11:00:00
14.325,15.007353,2025-11-03 11:00:00
28.5,21.431383,2025-11-03 11:00:00
14.2,16.04178,2025-11-03 12:00:00
6.933333333333333,19.202438,2025-11-03 12:00:00
18.025,21.193518,2025-11-03 12:00:00
10.975,16.87748,2025-11-03 12:00:00
12.95,15.914882,2025-11-03 12:00:00
12.325,21.820024,2025-11-03 13:00:00
11.325,16.096733,2025-11-03 13:00:00
6.933333333333333,18.802513,2025-11-03 13:00:00
12.95,15.590129,2025-11-03 13:00:00
17.85,16.049324,2025-11-03 13:00:00
25.3,18.692862,2025-11-03 14:00:00
11.75,13.469418,2025-11-03 14:00:00
17.075,10.983615,2025-11-03 14:00:00
11.225,21.794428,2025-11-03 14:00:00
12.95,13.704225,2025-11-03 14:00:00
10.025,13.1303005,2025-11-03 15:00:00
11.3,19.52173,2025-11-03 15:00:00
12.95,13.50756,2025-11-03 15:00:00
34.05,18.207808,2025-11-03 15:00:00
18.525,10.892369,2025-11-03 15:00:00
21.6,16.266445,2025-11-03 16:00:00
12.2,16.778816,2025-11-03 16:00:00
9.325,13.01002,2025-11-03 16:00:00
20.075000000000003,12.337204,2025-11-03 16:00:00
17.599999999999998,14.616347,2025-11-03 17:00:00
8.975,12.399889,2025-11-03 17:00:00
12.55,16.759201,2025-11-03 17:00:00
24.575,12.3802595,2025-11-03 17:00:00
20.425,17.661139,2025-11-03 18:00:00
9.65,12.583645,2025-11-03 18:00:00
12.45,18.31455,2025-11-03 18:00:00
28.825000000000003,11.811497,2025-11-03 18:00:00
12.65,16.492409,2025-11-03 19:00:00
29.8,11.210001,2025-11-03 19:00:00
18.975,18.509163,2025-11-03 19:00:00
8.675,13.3741665,2025-11-03 19:00:00
13.5,14.929017,2025-11-03 20:00:00
19.375,19.416952,2025-11-03 20:00:00
28.375,15.386596,2025-11-03 20:00:00
7.949999999999999,15.779079,2025-11-03 20:00:00
13.425,14.526795,2025-11-03 21:00:00
32.7,12.837159,2025-11-03 21:00:00
16.8,16.610212,2025-11-03 21:00:00
7.125,12.582704,2025-11-03 21:00:00
41.35,12.189497,2025-11-03 22:00:00
4.925,13.92277,2025-11-03 22:00:00
13.3,12.816232,2025-11-03 22:00:00
17.45,15.725819,2025-11-03 22:00:00
3.9,13.197747,2025-11-03 23:00:00
15.125,16.063091,2025-11-03 23:00:00
43.0,13.65227,2025-11-03 23:00:00
13.533333333333331,12.655607,2025-11-03 23:00:00
12.25,19.266861,2025-11-04 00:00:00
5.55,14.072033,2025-11-04 00:00:00
41.075,13.961116,2025-11-04 00:00:00
16.400000000000002,13.157219,2025-11-04 00:00:00
15.875,14.006105,2025-11-04 00:00:00
17.025,11.523685,2025-11-04 01:00:00
8.825,16.49726,2025-11-04 01:00:00
42.625,16.263794,2025-11-04 01:00:00
18.95,14.579453,2025-11-04 01:00:00
14.125,20.845232,2025-11-04 01:00:00
11.7,17.321295,2025-11-04 02:00:00
17.925,12.536758,2025-11-04 02:00:00
35.925,19.301617,2025-11-04 02:00:00
17.225,15.607654,2025-11-04 02:00:00
7.775,11.026314,2025-11-04 02:00:00
16.575,14.047408,2025-11-04 03:00:00
17.2,10.95544,2025-11-04 03:00:00
37.8,16.464178,2025-11-04 03:00:00
11.825,15.928663,2025-11-04 03:00:00
6.775,10.163588,2025-11-04 03:00:00
9.575,13.278037,2025-11-04 04:00:00
15.3,10.413182,2025-11-04 04:00:00
15.475,9.906791,2025-11-04 04:00:00
5.75,9.494212,2025-11-04 04:00:00
34.4,18.101025,2025-11-04 04:00:00
13.525,9.181898,2025-11-04 05:00:00
32.325,22.31436,2025-11-04 05:00:00
14.7,9.397629,2025-11-04 05:00:00
2.725,9.515157,2025-11-04 05:00:00
8.525,10.555279,2025-11-04 05:00:00
14.85,10.681688,2025-11-04 06:00:00
7.5,10.048895,2025-11-04 06:00:00
25.4,19.888378,2025-11-04 06:00:00
13.275,9.332745,2025-11-04 06:00:00
2.5250000000000004,10.344173,2025-11-04 07:00:00
7.125,9.309127,2025-11-04 07:00:00
13.15,11.204999,2025-11-04 07:00:00
24.775,17.070173,2025-11-04 07:00:00
14.425,9.693523,2025-11-04 07:00:00
17.35,10.442826,2025-11-04 08:00:00
7.05,9.172289,2025-11-04 08:00:00
13.9,9.717039,2025-11-04 08:00:00
34.775,16.853277,2025-11-04 08:00:00
2.75,13.259264,2025-11-04 08:00:00
13.05,11.606423,2025-11-04 09:00:00
3.675,10.482517,2025-11-04 09:00:00
31.8,15.1272335,2025-11-04 09:00:00
19.625,14.7794075,2025-11-04 09:00:00
1.0,11.921757,2025-11-04 09:00:00
11.45,10.197676,2025-11-04 10:00:00
1.0,12.992662,2025-11-04 10:00:00
2.9000000000000004,11.046954,2025-11-04 10:00:00
19.825,17.139278,2025-11-04 10:00:00
25.5,12.848705,2025-11-04 10:00:00
1.0,10.797133,2025-11-04 11:00:00
20.35,17.53808,2025-11-04 11:00:00
26.05,10.423547,2025-11-04 11:00:00
10.55,11.612203,2025-11-04 11:00:00
19.125,15.494857,2025-11-04 11:00:00
28.625,13.075324,2025-11-04 12:00:00
20.375,14.896792,2025-11-04 12:00:00
10.5,12.716752,2025-11-04 12:00:00
25.35,15.379849,2025-11-04 12:00:00
10.1,13.73362,2025-11-04 12:00:00
12.85,11.5292,2025-11-04 13:00:00
21.2,10.199134,2025-11-04 13:00:00
10.35,13.024355,2025-11-04 13:00:00
27.45,10.769902,2025-11-04 13:00:00
30.5,9.998787,2025-11-04 13:00:00
11.15,12.6923685,2025-11-04 14:00:00
29.5,13.622724,2025-11-04 14:00:00
20.525,12.274572,2025-11-04 14:00:00
26.85,12.0442705,2025-11-04 14:00:00
10.75,6.8148165,2025-11-04 14:00:00
54.0,9.731971,2025-11-04 15:00:00
28.575,14.9225855,2025-11-04 15:00:00
17.924999999999997,10.57563,2025-11-04 15:00:00
26.125,13.20537,2025-11-04 15:00:00
9.55,11.756013,2025-11-04 15:00:00
27.725,9.500861,2025-11-04 16:00:00
15.3,12.637164,2025-11-04 16:00:00
14.75,10.294689,2025-11-04 16:00:00
26.975,13.592938,2025-11-04 16:00:00
24.65,15.964356,2025-11-04 17:00:00
31.175,7.92568,2025-11-04 17:00:00
10.05,14.098766,2025-11-04 17:00:00
13.6,8.146685,2025-11-04 17:00:00
9.55,14.156996,2025-11-04 18:00:00
11.825,8.757813,2025-11-04 18:00:00
25.75,14.297695,2025-11-04 18:00:00
34.325,11.827461,2025-11-04 18:00:00
9.65,11.864414,2025-11-04 19:00:00
24.95,15.99393,2025-11-04 19:00:00
11.375,9.46625,2025-11-04 19:00:00
39.1,12.8142185,2025-11-04 19:00:00
22.3,16.61108,2025-11-04 20:00:00
39.075,11.469308,2025-11-04 20:00:00
9.9,9.448123,2025-11-04 20:00:00
18.225,12.77016,2025-11-04 20:00:00
23.425,16.23862,2025-11-04 21:00:00
10.65,10.017664,2025-11-04 21:00:00
33.325,20.086292,2025-11-04 21:00:00
23.0,13.489262,2025-11-04 21:00:00
12.375,8.890296,2025-11-04 22:00:00
32.475,17.219053,2025-11-04 22:00:00
22.525,15.0098715,2025-11-04 22:00:00
22.075,13.363941,2025-11-04 22:00:00
12.525,8.193462,2025-11-04 23:00:00
31.25,26.584341,2025-11-04 23:00:00
23.625,16.96812,2025-11-04 23:00:00
23.03333333333333,13.301404,2025-11-04 23:00:00
22.7,12.225644,2025-11-05 00:00:00
27.85,13.42081,2025-11-05 00:00:00
37.125,14.335607,2025-11-05 00:00:00
22.075,28.826008,2025-11-05 00:00:00
20.875,17.364502,2025-11-05 00:00:00
22.725,17.112774,2025-11-05 01:00:00
30.225,12.583009,2025-11-05 01:00:00
31.725,14.76274,2025-11-05 01:00:00
21.675,15.630574,2025-11-05 01:00:00
17.85,32.094215,2025-11-05 01:00:00
29.575,12.8326645,2025-11-05 02:00:00
28.025,12.445625,2025-11-05 02:00:00
17.625,17.487564,2025-11-05 02:00:00
17.05,15.476004,2025-11-05 02:00:00
21.525,30.858097,2025-11-05 02:00:00
29.1,13.64476,2025-11-05 03:00:00
13.275,12.225939,2025-11-05 03:00:00
17.125,31.917522,2025-11-05 03:00:00
28.025,9.56888,2025-11-05 03:00:00
18.825,15.811263,2025-11-05 03:00:00
16.775,31.038395,2025-11-05 04:00:00
21.725,12.89383,2025-11-05 04:00:00
25.9,9.40191,2025-11-05 04:00:00
11.6,11.414861,2025-11-05 04:00:00
18.25,14.114068,2025-11-05 04:00:00
19.35,30.054468,2025-11-05 05:00:00
17.925,12.099946,2025-11-05 05:00:00
28.6,10.981481,2025-11-05 05:00:00
9.825,11.9857645,2025-11-05 05:00:00
17.65,13.40114,2025-11-05 05:00:00
17.525,12.576787,2025-11-05 06:00:00
33.575,10.445169,2025-11-05 06:00:00
14.7,12.453299,2025-11-05 06:00:00
10.65,11.796868,2025-11-05 06:00:00
22.475,23.419523,2025-11-05 06:00:00
37.825,9.914688,2025-11-05 07:00:00
25.450000000000003,23.096806,2025-11-05 07:00:00
9.5,12.605497,2025-11-05 07:00:00
11.4,11.310588,2025-11-05 07:00:00
17.625,12.886648,2025-11-05 07:00:00
39.2,11.839579,2025-11-05 08:00:00
17.75,14.883744,2025-11-05 08:00:00
20.775,20.74528,2025-11-05 08:00:00
12.7,10.891496,2025-11-05 08:00:00
10.0,19.092602,2025-11-05 08:00:00
8.5,14.09008,2025-11-05 09:00:00
36.65,11.438213,2025-11-05 09:00:00
20.175,18.720463,2025-11-05 09:00:00
18.0,17.151567,2025-11-05 09:00:00
15.725,9.989056,2025-11-05 09:00:00
31.15,10.229328,2025-11-05 10:00:00
34.325,17.204876,2025-11-05 10:00:00
17.275,18.446812,2025-11-05 10:00:00
12.875,10.582364,2025-11-05 10:00:00
8.725,15.147779,2025-11-05 10:00:00
8.375,13.488352,2025-11-05 11:00:00
21.6,13.058316,2025-11-05 11:00:00
16.9,18.64347,2025-11-05 11:00:00
34.125,15.378674,2025-11-05 11:00:00
11.15,13.797407,2025-11-05 11:00:00
17.674999999999997,17.076239,2025-11-05 12:00:00
27.975,14.942712,2025-11-05 12:00:00
11.95,12.447051,2025-11-05 12:00:00
17.1,9.568081,2025-11-05 12:00:00
8.575000000000001,13.667238,2025-11-05 12:00:00
5.766666666666667,11.593089,2025-11-05 13:00:00
14.0,9.952495,2025-11-05 13:00:00
17.5,17.708368,2025-11-05 13:00:00
28.2,15.598979,2025-11-05 13:00:00
19.3,13.500166,2025-11-05 13:00:00
2.6,10.190141,2025-11-05 14:00:00
20.0,18.847107,2025-11-05 14:00:00
31.15,16.498436,2025-11-05 14:00:00
12.375,8.357304,2025-11-05 14:00:00
16.875,18.231117,2025-11-05 14:00:00
14.525,10.886874,2025-11-05 15:00:00
10.225,9.900847,2025-11-05 15:00:00
19.175,18.942888,2025-11-05 15:00:00
37.175,14.531935,2025-11-05 15:00:00
16.775,18.793224,2025-11-05 15:00:00
9.9,8.475987,2025-11-05 16:00:00
37.625,15.21606,2025-11-05 16:00:00
15.025,14.3341675,2025-11-05 16:00:00
21.525,13.872783,2025-11-05 16:00:00
17.575,14.258225,2025-11-05 16:00:00
10.275,8.877727,2025-11-05 17:00:00
39.8,21.457355,2025-11-05 17:00:00
17.724999999999998,14.942846,2025-11-05 17:00:00
16.7,15.049297,2025-11-05 17:00:00
13.675,13.783088,2025-11-05 17:00:00
17.25,13.416177,2025-11-05 18:00:00
16.775,11.8370695,2025-11-05 18:00:00
45.725,23.303623,2025-11-05 18:00:00
11.175,11.981716,2025-11-05 18:00:00
10.075,8.69958,2025-11-05 18:00:00
17.35,11.955937,2025-11-05 19:00:00
52.45,27.869253,2025-11-05 19:00:00
16.125,14.837235,2025-11-05 19:00:00
19.25,15.137116,2025-11-05 19:00:00
9.65,12.723831,2025-11-05 19:00:00
19.525,15.230545,2025-11-05 20:00:00
18.65,15.749588,2025-11-05 20:00:00
20.125,16.48743,2025-11-05 20:00:00
8.825,12.9421,2025-11-05 20:00:00
41.25,28.393644,2025-11-05 20:00:00
31.725,28.241615,2025-11-05 21:00:00
18.55,15.445335,2025-11-05 21:00:00
6.025,14.204503,2025-11-05 21:00:00
20.85,17.124819,2025-11-05 21:00:00
21.575,19.648722,2025-11-05 21:00:00
20.75,22.394659,2025-11-05 22:00:00
25.3,32.604282,2025-11-05 22:00:00
5.375,12.713183,2025-11-05 22:00:00
20.575,19.589985,2025-11-05 22:00:00
20.85,16.365664,2025-11-05 22:00:00
30.975,28.091442,2025-11-05 23:00:00
18.2,19.697498,2025-11-05 23:00:00
21.8,15.860078,2025-11-05 23:00:00
19.55,23.454355,2025-11-05 23:00:00
5.975,13.256737,2025-11-05 23:00:00
20.975,16.94447,2025-11-06 00:00:00
16.333333333333332,19.23542,2025-11-06 00:00:00
22.1,21.87863,2025-11-06 00:00:00
33.974999999999994,26.62148,2025-11-06 00:00:00
21.1,23.023806,2025-11-06 00:00:00
26.9,19.717865,2025-11-06 01:00:00
32.225,23.27162,2025-11-06 01:00:00
18.225,20.377083,2025-11-06 01:00:00
16.575,17.96778,2025-11-06 01:00:00
20.0,17.28582,2025-11-06 01:00:00
15.225,17.620989,2025-11-06 02:00:00
19.6,20.757593,2025-11-06 02:00:00
32.8,20.92772,2025-11-06 02:00:00
27.775,21.31067,2025-11-06 02:00:00
20.15,20.883009,2025-11-06 02:00:00
18.525,19.859577,2025-11-06 03:00:00
26.525,23.996016,2025-11-06 03:00:00
34.45,19.170599,2025-11-06 03:00:00
13.25,14.40916,2025-11-06 03:00:00
19.55,20.725483,2025-11-06 03:00:00
12.175,13.561487,2025-11-06 04:00:00
28.425,20.942627,2025-11-06 04:00:00
21.15,20.454512,2025-11-06 04:00:00
17.55,17.795517,2025-11-06 04:00:00
30.825000000000003,18.306149,2025-11-06 04:00:00
30.775,19.245098,2025-11-06 05:00:00
18.875,19.627026,2025-11-06 05:00:00
29.55,18.081457,2025-11-06 05:00:00
17.125,16.862165,2025-11-06 05:00:00
11.55,11.789922,2025-11-06 05:00:00
15.475,13.461021,2025-11-06 06:00:00
31.475,16.743324,2025-11-06 06:00:00
10.775,12.303164,2025-11-06 06:00:00
17.7,16.518883,2025-11-06 06:00:00
28.0,25.70558,2025-11-06 06:00:00
10.3,11.481296,2025-11-06 07:00:00
29.1,18.22531,2025-11-06 07:00:00
15.3,15.433815,2025-11-06 07:00:00
25.05,23.010128,2025-11-06 07:00:00
14.725,14.008711,2025-11-06 07:00:00
10.85,11.549281,2025-11-06 08:00:00
24.775,26.7485,2025-11-06 08:00:00
18.925,15.508527,2025-11-06 08:00:00
32.225,23.05071,2025-11-06 08:00:00
14.475,17.411873,2025-11-06 08:00:00
24.05,28.207996,2025-11-06 09:00:00
22.675,18.298132,2025-11-06 09:00:00
10.875,11.238792,2025-11-06 09:00:00
13.55,16.336353,2025-11-06 09:00:00
33.7,20.520964,2025-11-06 09:00:00
13.75,16.791925,2025-11-06 10:00:00
23.7,24.572887,2025-11-06 10:00:00
11.125,13.195169,2025-11-06 10:00:00
22.725,19.116455,2025-11-06 10:00:00
33.025,19.71437,2025-11-06 10:00:00
33.2,17.97179,2025-11-06 11:00:00
14.275,20.913689,2025-11-06 11:00:00
20.35,22.30101,2025-11-06 11:00:00
12.375,13.597726,2025-11-06 11:00:00
22.2,18.742977,2025-11-06 11:00:00
11.2,22.003365,2025-11-06 12:00:00
17.4,18.73307,2025-11-06 12:00:00
22.95,17.450573,2025-11-06 12:00:00
13.3,13.1095295,2025-11-06 12:00:00
34.8,17.639019,2025-11-06 12:00:00
7.966666666666666,26.871836,2025-11-06 13:00:00
22.700000000000003,18.032305,2025-11-06 13:00:00
15.175,11.9280815,2025-11-06 13:00:00
35.1,17.79968,2025-11-06 13:00:00
10.9,12.916217,2025-11-06 13:00:00
9.05,10.273147,2025-11-06 14:00:00
21.825,17.304756,2025-11-06 14:00:00
14.275,10.982289,2025-11-06 14:00:00
42.35,17.504787,2025-11-06 14:00:00
4.825,18.335266,2025-11-06 14:00:00
8.1,13.774442,2025-11-06 15:00:00
21.825,23.592613,2025-11-06 15:00:00
38.175,18.535091,2025-11-06 15:00:00
12.75,12.352639,2025-11-06 15:00:00
1.975,19.429703,2025-11-06 15:00:00
12.525,9.708669,2025-11-06 16:00:00
14.6,13.748317,2025-11-06 16:00:00
40.675,22.506794,2025-11-06 16:00:00
5.475,19.409037,2025-11-06 16:00:00
5.775,12.816005,2025-11-06 16:00:00
14.4,14.028389,2025-11-06 17:00:00
13.475,9.418788,2025-11-06 17:00:00
40.75,25.351753,2025-11-06 17:00:00
4.825,18.391232,2025-11-06 17:00:00
3.625,14.071219,2025-11-06 17:00:00
16.475,11.19602,2025-11-06 18:00:00
15.025,13.382033,2025-11-06 18:00:00
8.275,18.31505,2025-11-06 18:00:00
40.4,25.949854,2025-11-06 18:00:00
2.0,12.531182,2025-11-06 18:00:00
7.6,16.606009,2025-11-06 19:00:00
21.825,12.977304,2025-11-06 19:00:00
0.95,12.431929,2025-11-06 19:00:00
15.125,13.325191,2025-11-06 19:00:00
39.725,33.781044,2025-11-06 19:00:00
0.575,11.321621,2025-11-06 20:00:00
25.15,17.054405,2025-11-06 20:00:00
4.875,17.349838,2025-11-06 20:00:00
15.4,14.833151,2025-11-06 20:00:00
43.65,32.953598,2025-11-06 20:00:00
0.575,10.507919,2025-11-06 21:00:00
3.266666666666667,16.728168,2025-11-06 21:00:00
41.875,28.446913,2025-11-06 21:00:00
14.775,17.78883,2025-11-06 21:00:00
27.1,18.938488,2025-11-06 21:00:00
14.275,15.894775,2025-11-06 22:00:00
43.425,24.824854,2025-11-06 22:00:00
1.25,17.57833,2025-11-06 22:00:00
0.575,10.620677,2025-11-06 22:00:00
28.675,20.910547,2025-11-06 22:00:00
0.9,20.3902,2025-11-06 23:00:00
40.8,21.86528,2025-11-06 23:00:00
14.433333333333332,16.097282,2025-11-06 23:00:00
0.575,11.890548,2025-11-06 23:00:00
26.125,21.883747,2025-11-06 23:00:00
1.6,23.471008,2025-11-07 00:00:00
10.466666666666669,12.408484,2025-11-07 00:00:00
44.3,21.336914,2025-11-07 00:00:00
12.175,17.85233,2025-11-07 00:00:00
21.7,22.078451,2025-11-07 00:00:00
11.475,15.182551,2025-11-07 01:00:00
21.95,23.53068,2025-11-07 01:00:00
42.825,24.998068,2025-11-07 01:00:00
11.475,17.137882,2025-11-07 01:00:00
3.25,23.131834,2025-11-07 01:00:00
11.825,19.37448,2025-11-07 02:00:00
40.1,27.536057,2025-11-07 02:00:00
2.9,22.38619,2025-11-07 02:00:00
14.525,26.494482,2025-11-07 02:00:00
10.925,15.307534,2025-11-07 02:00:00
5.3,21.14541,2025-11-07 03:00:00
12.525,18.953648,2025-11-07 03:00:00
10.0,11.7542,2025-11-07 03:00:00
38.025,28.714014,2025-11-07 03:00:00
15.875,26.078238,2025-11-07 03:00:00
34.825,28.623016,2025-11-07 04:00:00
10.275,15.837345,2025-11-07 04:00:00
2.266666666666667,20.46349,2025-11-07 04:00:00
19.1,24.62885,2025-11-07 04:00:00
9.125,11.080327,2025-11-07 04:00:00
8.924999999999999,16.832394,2025-11-07 05:00:00
3.333333333333333,20.70494,2025-11-07 05:00:00
19.525,26.569626,2025-11-07 05:00:00
7.675,9.90237,2025-11-07 05:00:00
35.675,26.322721,2025-11-07 05:00:00
8.225,15.058169,2025-11-07 06:00:00
7.475,10.257805,2025-11-07 06:00:00
0.9,19.088482,2025-11-07 06:00:00
18.425,28.35114,2025-11-07 06:00:00
33.175,25.241894,2025-11-07 06:00:00
0.9,18.953648,2025-11-07 07:00:00
29.525,27.181105,2025-11-07 07:00:00
6.225,10.142348,2025-11-07 07:00:00
7.525,14.0616665,2025-11-07 07:00:00
19.825000000000003,26.02648,2025-11-07 07:00:00
6.175,11.072755,2025-11-07 08:00:00
31.05,25.042854,2025-11-07 08:00:00
5.25,14.934644,2025-11-07 08:00:00
21.3,27.224058,2025-11-07 08:00:00
0.9,18.605284,2025-11-07 08:00:00
6.575,12.119014,2025-11-07 09:00:00
31.0,23.976934,2025-11-07 09:00:00
5.95,18.767912,2025-11-07 09:00:00
27.1,26.3273,2025-11-07 09:00:00
0.4499999999999999,19.3519,2025-11-07 09:00:00
42.275,30.245123,2025-11-07 10:00:00
7.725,17.99637,2025-11-07 10:00:00
2.05,20.106852,2025-11-07 10:00:00
9.625,12.5790825,2025-11-07 10:00:00
32.8,23.174248,2025-11-07 10:00:00
27.066666666666663,21.16264,2025-11-07 11:00:00
32.575,17.907858,2025-11-07 11:00:00
12.925,11.85914,2025-11-07 11:00:00
6.025,19.95137,2025-11-07 11:00:00
41.85,28.069433,2025-11-07 11:00:00
18.575,11.618336,2025-11-07 12:00:00
22.425,20.719467,2025-11-07 12:00:00
43.55,24.495207,2025-11-07 12:00:00
29.375,15.725368,2025-11-07 12:00:00
10.2,19.116402,2025-11-07 12:00:00
14.425,10.915234,2025-11-07 13:00:00
12.375,15.95018,2025-11-07 13:00:00
44.275,23.182734,2025-11-07 13:00:00
23.275,22.617311,2025-11-07 13:00:00
31.85,14.011324,2025-11-07 13:00:00
12.525,16.13003,2025-11-07 14:00:00
41.475,24.029154,2025-11-07 14:00:00
24.025,19.49679,2025-11-07 14:00:00
32.925,14.986795,2025-11-07 14:00:00
8.575,12.422621,2025-11-07 14:00:00
29.45,14.1532955,2025-11-07 15:00:00
7.125,11.254395,2025-11-07 15:00:00
12.2,14.600776,2025-11-07 15:00:00
27.2,15.70871,2025-11-07 15:00:00
41.875,26.335957,2025-11-07 15:00:00
42.675,26.473696,2025-11-07 16:00:00
29.45,12.5022135,2025-11-07 16:00:00
5.35,12.558723,2025-11-07 16:00:00
15.175,13.315012,2025-11-07 16:00:00
31.325000000000003,15.280676,2025-11-07 16:00:00
30.15,13.374044,2025-11-07 17:00:00
43.650000000000006,28.981972,2025-11-07 17:00:00
26.875,12.576234,2025-11-07 17:00:00
8.4,10.550353,2025-11-07 17:00:00
16.225,15.128551,2025-11-07 17:00:00
43.75,30.99263,2025-11-07 18:00:00
19.5,10.567698,2025-11-07 18:00:00
23.875,15.635452,2025-11-07 18:00:00
16.025,13.280103,2025-11-07 18:00:00
33.3,11.204465,2025-11-07 18:00:00
20.475,10.6102295,2025-11-07 19:00:00
35.85,16.051615,2025-11-07 19:00:00
40.05,29.686333,2025-11-07 19:00:00
16.625,15.548394,2025-11-07 19:00:00
43.425,15.491339,2025-11-07 19:00:00
42.0,33.14889,2025-11-07 20:00:00
47.425,17.410154,2025-11-07 20:00:00
10.875,14.24832,2025-11-07 20:00:00
31.875,16.098734,2025-11-07 20:00:00
19.475,10.28929,2025-11-07 20:00:00
17.625,9.65949,2025-11-07 21:00:00
41.9,33.05434,2025-11-07 21:00:00
8.2,14.187316,2025-11-07 21:00:00
32.175,14.03367,2025-11-07 21:00:00
51.55,17.474562,2025-11-07 21:00:00
51.475,18.084784,2025-11-07 22:00:00
41.125,26.986692,2025-11-07 22:00:00
8.55,13.734803,2025-11-07 22:00:00
37.6,14.019814,2025-11-07 22:00:00
16.775,8.424194,2025-11-07 22:00:00
41.025000000000006,25.944777,2025-11-07 23:00:00
8.166666666666666,13.42095,2025-11-07 23:00:00
34.275,14.19243,2025-11-07 23:00:00
15.375,8.970908,2025-11-07 23:00:00
37.975,21.097963,2025-11-07 23:00:00
40.1,28.796385,2025-11-08 00:00:00
10.825,11.04771,2025-11-08 00:00:00
40.475,17.777916,2025-11-08 00:00:00
19.775,20.462967,2025-11-08 00:00:00
15.7,8.709706,2025-11-08 00:00:00
12.525,10.898764,2025-11-08 01:00:00
23.275,24.834589,2025-11-08 01:00:00
16.125,10.787473,2025-11-08 01:00:00
41.025,29.846302,2025-11-08 01:00:00
43.375,16.752281,2025-11-08 01:00:00
15.5,10.45244,2025-11-08 02:00:00
11.35,12.019,2025-11-08 02:00:00
35.0,15.458185,2025-11-08 02:00:00
44.9,27.89584,2025-11-08 02:00:00
24.025,20.439024,2025-11-08 02:00:00
43.75,27.98871,2025-11-08 03:00:00
10.225,11.895656,2025-11-08 03:00:00
29.15,16.6771,2025-11-08 03:00:00
14.0,8.321414,2025-11-08 03:00:00
25.95,18.828487,2025-11-08 03:00:00
26.825,19.549047,2025-11-08 04:00:00
42.575,27.749195,2025-11-08 04:00:00
26.425,14.821942,2025-11-08 04:00:00
13.6,11.704416,2025-11-08 04:00:00
11.775,8.033953,2025-11-08 04:00:00
10.425,6.6144357,2025-11-08 05:00:00
14.7,11.680267,2025-11-08 05:00:00
41.05,29.690825,2025-11-08 05:00:00
25.8,19.770636,2025-11-08 05:00:00
28.575,15.613176,2025-11-08 05:00:00
37.975,29.7658,2025-11-08 06:00:00
10.85,6.5851083,2025-11-08 06:00:00
25.225,12.636701,2025-11-08 06:00:00
14.925,11.564991,2025-11-08 06:00:00
23.475,22.865788,2025-11-08 06:00:00
9.725,7.8240404,2025-11-08 07:00:00
20.9,23.38556,2025-11-08 07:00:00
23.3,13.261862,2025-11-08 07:00:00
15.35,11.63539,2025-11-08 07:00:00
37.175,26.988222,2025-11-08 07:00:00
10.1,7.4831147,2025-11-08 08:00:00
13.975,12.361803,2025-11-08 08:00:00
36.3,25.80464,2025-11-08 08:00:00
23.225,20.714977,2025-11-08 08:00:00
24.3,12.346919,2025-11-08 08:00:00
11.3,6.312463,2025-11-08 09:00:00
10.133333333333333,12.910269,2025-11-08 09:00:00
22.5,22.201925,2025-11-08 09:00:00
46.9,28.214748,2025-11-08 09:00:00
12.75,17.3381,2025-11-08 09:00:00
11.75,9.679452,2025-11-08 10:00:00
14.725,12.371746,2025-11-08 10:00:00
20.3,26.525173,2025-11-08 10:00:00
14.175,13.741858,2025-11-08 10:00:00
48.925,27.430191,2025-11-08 10:00:00
16.475,17.896273,2025-11-08 11:00:00
13.775,14.176203,2025-11-08 11:00:00
12.3,10.989381,2025-11-08 11:00:00
17.85,24.672758,2025-11-08 11:00:00
43.75,26.958933,2025-11-08 11:00:00
12.45,18.502995,2025-11-08 12:00:00
14.025,13.770006,2025-11-08 12:00:00
15.75,26.867464,2025-11-08 12:00:00
13.725,13.632558,2025-11-08 12:00:00
44.875,21.999311,2025-11-08 12:00:00
9.075,21.74355,2025-11-08 13:00:00
15.35,18.6588,2025-11-08 13:00:00
43.95,22.184566,2025-11-08 13:00:00
13.55,11.5109215,2025-11-08 13:00:00
11.975,12.1767645,2025-11-08 13:00:00
10.825,10.934157,2025-11-08 14:00:00
12.6,13.601636,2025-11-08 14:00:00
13.275,19.1442,2025-11-08 14:00:00
45.125,22.372631,2025-11-08 14:00:00
6.85,15.043204,2025-11-08 14:00:00
5.166666666666667,14.831544,2025-11-08 15:00:00
10.0,9.187052,2025-11-08 15:00:00
42.95,20.80783,2025-11-08 15:00:00
11.525,20.412521,2025-11-08 15:00:00
12.275,14.662718,2025-11-08 15:00:00
43.425,22.371693,2025-11-08 16:00:00
11.35,20.569246,2025-11-08 16:00:00
8.925,7.549708,2025-11-08 16:00:00
4.55,13.330143,2025-11-08 16:00:00
13.225,11.595445,2025-11-08 16:00:00
7.15,7.043305,2025-11-08 17:00:00
43.15,26.914408,2025-11-08 17:00:00
8.350000000000001,14.802039,2025-11-08 17:00:00
13.75,19.10257,2025-11-08 17:00:00
13.733333333333334,14.773683,2025-11-08 17:00:00
13.675,23.331873,2025-11-08 18:00:00
5.25,12.180232,2025-11-08 18:00:00
44.85,22.918797,2025-11-08 18:00:00
5.975,10.333691,2025-11-08 18:00:00
14.225,13.860925,2025-11-08 18:00:00
16.325,28.367813,2025-11-08 19:00:00
14.525,12.888562,2025-11-08 19:00:00
5.266666666666667,17.23214,2025-11-08 19:00:00
46.825,21.884573,2025-11-08 19:00:00
5.7,10.055918,2025-11-08 19:00:00
4.875,11.812976,2025-11-08 20:00:00
46.375,27.650034,2025-11-08 20:00:00
4.825,14.889978,2025-11-08 20:00:00
18.075,37.00871,2025-11-08 20:00:00
16.8,14.529623,2025-11-08 20:00:00
17.45,18.788597,2025-11-08 21:00:00
0.95,11.989296,2025-11-08 21:00:00
4.45,12.525472,2025-11-08 21:00:00
17.525,42.518894,2025-11-08 21:00:00
47.9,30.739134,2025-11-08 21:00:00
1.8,12.262149,2025-11-08 22:00:00
3.3,12.8275175,2025-11-08 22:00:00
18.175,43.18384,2025-11-08 22:00:00
48.075,30.222908,2025-11-08 22:00:00
16.85,17.3089,2025-11-08 22:00:00
18.3,20.16663,2025-11-08 23:00:00
1.5666666666666669,12.579529,2025-11-08 23:00:00
48.35,30.240475,2025-11-08 23:00:00
18.625,39.319786,2025-11-08 23:00:00
2.15,13.701662,2025-11-08 23:00:00
11.0,12.932492,2025-11-09 00:00:00
21.25,35.775135,2025-11-09 00:00:00
21.375,28.061127,2025-11-09 00:00:00
14.233333333333334,14.13373,2025-11-09 00:00:00
48.925,31.229172,2025-11-09 00:00:00
45.925,28.237373,2025-11-09 01:00:00
15.275,12.948386,2025-11-09 01:00:00
27.275,29.011051,2025-11-09 01:00:00
16.6,12.470553,2025-11-09 01:00:00
22.15,31.078632,2025-11-09 01:00:00
21.950000000000003,28.688705,2025-11-09 02:00:00
14.85,12.048912,2025-11-09 02:00:00
24.75,26.89115,2025-11-09 02:00:00
45.0,29.476006,2025-11-09 02:00:00
16.275,13.486192,2025-11-09 02:00:00
14.666666666666666,14.647946,2025-11-09 03:00:00
25.275,28.00948,2025-11-09 03:00:00
18.575,27.217987,2025-11-09 03:00:00
44.3,29.270674,2025-11-09 03:00:00
14.4,10.746766,2025-11-09 03:00:00
11.9,10.329969,2025-11-09 04:00:00
18.625,22.276247,2025-11-09 04:00:00
49.0,30.107714,2025-11-09 04:00:00
26.6,30.90379,2025-11-09 04:00:00
14.325,13.260616,2025-11-09 04:00:00
13.85,12.616513,2025-11-09 05:00:00
10.825,10.324906,2025-11-09 05:00:00
45.575,30.0872,2025-11-09 05:00:00
28.1,30.424208,2025-11-09 05:00:00
14.975,22.11137,2025-11-09 05:00:00
13.45,12.190559,2025-11-09 06:00:00
15.875,20.154222,2025-11-09 06:00:00
37.975,29.25962,2025-11-09 06:00:00
27.675,31.279985,2025-11-09 06:00:00
10.8,11.476911,2025-11-09 06:00:00
15.425,22.642702,2025-11-09 07:00:00
13.375,11.630497,2025-11-09 07:00:00
28.6,28.45402,2025-11-09 07:00:00
41.25,29.367212,2025-11-09 07:00:00
10.25,11.840209,2025-11-09 07:00:00
39.475,27.80304,2025-11-09 08:00:00
8.5,11.458007,2025-11-09 08:00:00
13.475,11.208363,2025-11-09 08:00:00
27.8,29.175392,2025-11-09 08:00:00
15.575,24.47297,2025-11-09 08:00:00
19.4,25.157427,2025-11-09 09:00:00
49.275,30.19474,2025-11-09 09:00:00
8.65,12.109657,2025-11-09 09:00:00
28.125,26.524025,2025-11-09 09:00:00
14.85,11.147318,2025-11-09 09:00:00
15.9,12.37736,2025-11-09 10:00:00
29.225,27.566687,2025-11-09 10:00:00
17.7,20.57278,2025-11-09 10:00:00
10.025,11.983691,2025-11-09 10:00:00
46.7,34.393387,2025-11-09 10:00:00
48.875,32.669186,2025-11-09 11:00:00
27.225,21.440496,2025-11-09 11:00:00
10.825,12.952015,2025-11-09 11:00:00
15.8,13.290536,2025-11-09 11:00:00
20.9,24.188774,2025-11-09 11:00:00
17.5,16.343882,2025-11-09 12:00:00
26.2,18.663889,2025-11-09 12:00:00
50.1,32.104626,2025-11-09 12:00:00
19.225,14.013444,2025-11-09 12:00:00
17.85,24.317986,2025-11-09 12:00:00
23.475,14.306978,2025-11-09 13:00:00
25.2,16.427202,2025-11-09 13:00:00
49.9,30.710226,2025-11-09 13:00:00
18.25,11.985601,2025-11-09 13:00:00
16.225,21.044765,2025-11-09 13:00:00
16.8,11.90981,2025-11-09 14:00:00
49.325,30.283281,2025-11-09 14:00:00
24.35,16.546032,2025-11-09 14:00:00
18.725,18.53294,2025-11-09 14:00:00
22.975,12.746809,2025-11-09 14:00:00
48.575,29.610493,2025-11-09 15:00:00
18.1,17.08716,2025-11-09 15:00:00
22.9,12.381534,2025-11-09 15:00:00
17.174999999999997,11.428406,2025-11-09 15:00:00
24.375,15.778314,2025-11-09 15:00:00
25.475,15.943616,2025-11-09 16:00:00
22.4,12.448798,2025-11-09 16:00:00
48.2,28.804424,2025-11-09 16:00:00
19.175,16.329815,2025-11-09 16:00:00
13.35,9.919248,2025-11-09 16:00:00
27.2,18.97645,2025-11-09 17:00:00
16.875,16.527859,2025-11-09 17:00:00
10.625,8.751471,2025-11-09 17:00:00
47.1,30.202679,2025-11-09 17:00:00
2.2,13.134191,2025-11-09 17:00:00
0.9,12.690356,2025-11-09 18:00:00
49.75,27.206697,2025-11-09 18:00:00
11.425,11.724485,2025-11-09 18:00:00
30.175,18.077864,2025-11-09 18:00:00
15.575,15.061248,2025-11-09 18:00:00
10.2,12.735573,2025-11-09 19:00:00
52.375,31.930056,2025-11-09 19:00:00
1.2,13.410516,2025-11-09 19:00:00
35.975,21.421913,2025-11-09 19:00:00
12.3,17.92068,2025-11-09 19:00:00
51.2,29.566236,2025-11-09 20:00:00
11.575,19.345896,2025-11-09 20:00:00
1.2,12.003927,2025-11-09 20:00:00
9.75,12.156825,2025-11-09 20:00:00
41.2,22.2962,2025-11-09 20:00:00
9.125,9.475901,2025-11-09 21:00:00
50.375,31.951014,2025-11-09 21:00:00
12.575,21.115934,2025-11-09 21:00:00
20.9,10.5177145,2025-11-09 21:00:00
41.2,21.21531,2025-11-09 21:00:00
6.575,9.692048,2025-11-09 22:00:00
50.625,30.963682,2025-11-09 22:00:00
41.325,27.36328,2025-11-09 22:00:00
21.5,10.545439,2025-11-09 22:00:00
11.025,24.74414,2025-11-09 22:00:00
21.6,10.15668,2025-11-09 23:00:00
53.075,30.441551,2025-11-09 23:00:00
12.575,22.890936,2025-11-09 23:00:00
33.5,24.938387,2025-11-09 23:00:00
25.25,10.213468,2025-11-09 23:00:00
11.525,25.151155,2025-11-10 00:00:00
20.0,22.794016,2025-11-10 00:00:00
51.3,29.32117,2025-11-10 00:00:00
17.666666666666668,12.065205,2025-11-10 00:00:00
16.45,9.474196,2025-11-10 00:00:00
15.65,13.384381,2025-11-10 01:00:00
10.9,30.911165,2025-11-10 01:00:00
52.525,29.601011,2025-11-10 01:00:00
21.8,23.26298,2025-11-10 01:00:00
13.775,10.810629,2025-11-10 01:00:00
13.525,11.751636,2025-11-10 02:00:00
11.55,15.938871,2025-11-10 02:00:00
22.85,25.28704,2025-11-10 02:00:00
53.075,28.22587,2025-11-10 02:00:00
12.325,29.365173,2025-11-10 02:00:00
10.375,29.352032,2025-11-10 03:00:00
13.425,11.885305,2025-11-10 03:00:00
25.125,27.800724,2025-11-10 03:00:00
8.375,12.738334,2025-11-10 03:00:00
52.05,30.44773,2025-11-10 03:00:00
7.675000000000001,12.292461,2025-11-10 04:00:00
19.225,28.58289,2025-11-10 04:00:00
49.575,32.222027,2025-11-10 04:00:00
6.15,11.7046795,2025-11-10 04:00:00
10.95,23.286785,2025-11-10 04:00:00
16.575,28.951685,2025-11-10 05:00:00
2.075,11.258017,2025-11-10 05:00:00
10.7,23.559893,2025-11-10 05:00:00
6.3,11.782188,2025-11-10 05:00:00
52.45,30.765373,2025-11-10 05:00:00
49.3,30.456478,2025-11-10 06:00:00
4.4,12.286185,2025-11-10 06:00:00
14.3,26.777977,2025-11-10 06:00:00
10.475,21.106369,2025-11-10 06:00:00
2.05,12.062142,2025-11-10 06:00:00
2.225,11.978056,2025-11-10 07:00:00
10.625,23.170721,2025-11-10 07:00:00
49.25,29.283136,2025-11-10 07:00:00
5.1,12.856477,2025-11-10 07:00:00
14.3,25.361784,2025-11-10 07:00:00
10.325,11.583088,2025-11-10 08:00:00
14.3,29.14937,2025-11-10 08:00:00
5.275,12.663941,2025-11-10 08:00:00
9.9,22.572742,2025-11-10 08:00:00
52.875,22.87831,2025-11-10 08:00:00
46.125,31.109245,2025-11-10 09:00:00
3.55,11.782719,2025-11-10 09:00:00
10.275,23.434134,2025-11-10 09:00:00
14.875,10.361162,2025-11-10 09:00:00
14.3,25.702885,2025-11-10 09:00:00
4.375,11.775956,2025-11-10 10:00:00
47.5,31.953278,2025-11-10 10:00:00
15.975,10.932585,2025-11-10 10:00:00
12.7,20.197048,2025-11-10 10:00:00
43.175,29.653322,2025-11-10 11:00:00
4.275,12.594824,2025-11-10 11:00:00
16.325000000000003,12.279862,2025-11-10 11:00:00
16.45,23.480255,2025-11-10 11:00:00
2.65,13.599315,2025-11-10 12:00:00
15.7,20.31186,2025-11-10 12:00:00
13.3,14.878926,2025-11-10 12:00:00
44.35,29.36939,2025-11-10 12:00:00
49.15,26.799576,2025-11-10 13:00:00
11.475,14.654499,2025-11-10 13:00:00
1.3,13.633186,2025-11-10 13:00:00
18.6,22.056807,2025-11-10 13:00:00
18.433333333333334,18.8059,2025-11-10 14:00:00
11.325,16.863585,2025-11-10 14:00:00
1.975,10.5348425,2025-11-10 14:00:00
46.925,26.096664,2025-11-10 14:00:00
11.025,14.907843,2025-11-10 15:00:00
20.075,15.8504925,2025-11-10 15:00:00
46.125,25.660812,2025-11-10 15:00:00
2.65,12.074427,2025-11-10 15:00:00
25.425,17.696215,2025-11-10 16:00:00
20.675,13.436461,2025-11-10 16:00:00
43.425,28.765022,2025-11-10 16:00:00
10.95,13.672707,2025-11-10 16:00:00
1.175,11.049537,2025-11-10 16:00:00
1.175,10.73527,2025-11-10 17:00:00
41.7,27.6614,2025-11-10 17:00:00
24.675,12.331167,2025-11-10 17:00:00
29.875,15.953321,2025-11-10 17:00:00
21.05,16.056828,2025-11-10 17:00:00
8.9,10.641992,2025-11-10 18:00:00
45.275,28.67366,2025-11-10 18:00:00
23.7,17.502012,2025-11-10 18:00:00
24.6,12.202509,2025-11-10 18:00:00
28.25,17.479416,2025-11-10 18:00:00
22.45,9.709336,2025-11-10 19:00:00
29.925,22.731947,2025-11-10 19:00:00
47.7,31.053282,2025-11-10 19:00:00
26.425,14.845477,2025-11-10 19:00:00
24.75,10.9174185,2025-11-10 19:00:00
13.0,12.699198,2025-11-10 20:00:00
27.225,17.204632,2025-11-10 20:00:00
49.15,32.924026,2025-11-10 20:00:00
36.425,26.99942,2025-11-10 20:00:00
21.55,10.2620125,2025-11-10 20:00:00
37.975,30.976942,2025-11-10 21:00:00
17.25,8.662463,2025-11-10 21:00:00
30.9,15.962682,2025-11-10 21:00:00
7.25,15.702221,2025-11-10 21:00:00
50.675,29.187376,2025-11-10 21:00:00
16.025,8.375877,2025-11-10 22:00:00
37.175,16.438814,2025-11-10 22:00:00
48.875,31.599516,2025-11-10 22:00:00
39.55,30.564194,2025-11-10 22:00:00
7.65,16.634985,2025-11-10 22:00:00
8.366666666666667,18.981094,2025-11-10 23:00:00
49.6,33.65925,2025-11-10 23:00:00
38.225,19.794096,2025-11-10 23:00:00
16.8,11.560147,2025-11-10 23:00:00
43.025,31.642124,2025-11-10 23:00:00
49.15,31.923475,2025-11-11 00:00:00
34.725,19.351398,2025-11-11 00:00:00
47.375,27.97145,2025-11-11 00:00:00
17.675,16.235167,2025-11-11 00:00:00
25.03333333333333,16.109869,2025-11-11 00:00:00
52.45,24.912233,2025-11-11 01:00:00
26.4,16.16675,2025-11-11 01:00:00
50.075,29.16866,2025-11-11 01:00:00
21.7,13.353463,2025-11-11 01:00:00
32.425,19.63343,2025-11-11 01:00:00
54.45,22.287878,2025-11-11 02:00:00
27.7,19.740618,2025-11-11 02:00:00
51.25,28.015919,2025-11-11 02:00:00
20.975,12.880852,2025-11-11 02:00:00
19.45,12.559692,2025-11-11 02:00:00
20.2,13.133304,2025-11-11 03:00:00
51.45,27.211256,2025-11-11 03:00:00
27.025,16.512651,2025-11-11 03:00:00
16.25,9.839529,2025-11-11 03:00:00
59.5,23.064028,2025-11-11 03:00:00
60.1,23.759506,2025-11-11 04:00:00
14.225,7.786353,2025-11-11 04:00:00
27.15,16.623846,2025-11-11 04:00:00
51.25,27.36952,2025-11-11 04:00:00
15.875,11.378128,2025-11-11 04:00:00
13.575,11.338631,2025-11-11 05:00:00
55.575,25.786247,2025-11-11 05:00:00
58.575,20.629126,2025-11-11 05:00:00
12.425,9.452032,2025-11-11 05:00:00
27.375,13.298408,2025-11-11 05:00:00
13.375,11.432844,2025-11-11 06:00:00
10.05,8.426166,2025-11-11 06:00:00
53.325,23.080078,2025-11-11 06:00:00
26.95,12.952342,2025-11-11 06:00:00
56.025,17.781113,2025-11-11 06:00:00
13.65,11.678391,2025-11-11 07:00:00
27.275,13.707014,2025-11-11 07:00:00
52.675,25.643063,2025-11-11 07:00:00
52.925,16.535868,2025-11-11 07:00:00
11.65,9.0499935,2025-11-11 07:00:00
55.73333333333333,17.455914,2025-11-11 08:00:00
12.6,7.203944,2025-11-11 08:00:00
49.875,23.573307,2025-11-11 08:00:00
11.3,11.262522,2025-11-11 08:00:00
27.85,13.9960375,2025-11-11 08:00:00
10.875,12.794758,2025-11-11 09:00:00
58.73333333333333,16.830175,2025-11-11 09:00:00
12.275,8.374812,2025-11-11 09:00:00
48.3,22.528736,2025-11-11 09:00:00
30.4,18.016254,2025-11-11 09:00:00
32.85,16.30474,2025-11-11 10:00:00
14.525,8.618221,2025-11-11 10:00:00
50.8,23.059055,2025-11-11 10:00:00
12.75,12.672429,2025-11-11 10:00:00
16.75,12.755853,2025-11-11 11:00:00
13.675,13.922837,2025-11-11 11:00:00
33.025,19.735792,2025-11-11 11:00:00
48.325,24.131477,2025-11-11 11:00:00
20.05,14.801479,2025-11-11 12:00:00
47.375,26.637964,2025-11-11 12:00:00
34.625,20.040903,2025-11-11 12:00:00
18.3,9.556765,2025-11-11 12:00:00
24.4,14.59886,2025-11-11 13:00:00
38.625,17.326376,2025-11-11 13:00:00
48.65,23.789318,2025-11-11 13:00:00
19.425,7.4419727,2025-11-11 13:00:00
15.35,7.4196305,2025-11-11 14:00:00
49.45,25.203417,2025-11-11 14:00:00
35.175,20.132591,2025-11-11 14:00:00
23.125,11.410105,2025-11-11 14:00:00
37.9,19.523514,2025-11-11 15:00:00
52.0,23.294128,2025-11-11 15:00:00
22.7,14.608232,2025-11-11 15:00:00
11.25,6.8215084,2025-11-11 15:00:00
19.175,11.941353,2025-11-11 16:00:00
28.3,20.397614,2025-11-11 16:00:00
30.625,17.083742,2025-11-11 16:00:00
10.0,6.5971074,2025-11-11 16:00:00
55.875,22.958042,2025-11-11 16:00:00
13.975,11.005305,2025-11-11 17:00:00
27.775,18.303114,2025-11-11 17:00:00
11.0,7.01711,2025-11-11 17:00:00
48.775,20.966908,2025-11-11 17:00:00
20.0,20.888184,2025-11-11 17:00:00
9.375,8.123954,2025-11-11 18:00:00
13.15,12.645644,2025-11-11 18:00:00
29.975,14.875985,2025-11-11 18:00:00
50.96666666666666,23.43998,2025-11-11 18:00:00
31.65,23.44743,2025-11-11 18:00:00
51.5,23.812464,2025-11-11 19:00:00
7.775,10.665294,2025-11-11 19:00:00
28.175,14.473856,2025-11-11 19:00:00
13.225,13.504362,2025-11-11 19:00:00
50.725,25.729626,2025-11-11 19:00:00
7.05,12.131673,2025-11-11 20:00:00
33.225,11.981055,2025-11-11 20:00:00
12.65,12.660333,2025-11-11 20:00:00
52.575,26.80588,2025-11-11 20:00:00
103.53333333333336,24.944342,2025-11-11 20:00:00
6.375,17.802572,2025-11-11 21:00:00
12.575,13.443297,2025-11-11 21:00:00
54.65,24.474035,2025-11-11 21:00:00
108.15,28.521381,2025-11-11 21:00:00
31.05,16.183718,2025-11-11 21:00:00
31.0,16.587542,2025-11-11 22:00:00
56.6,23.980188,2025-11-11 22:00:00
12.375,14.182083,2025-11-11 22:00:00
105.775,30.392351,2025-11-11 22:00:00
4.85,15.35322,2025-11-11 22:00:00
29.575,19.259102,2025-11-11 23:00:00
2.95,10.653639,2025-11-11 23:00:00
12.4,14.256402,2025-11-11 23:00:00
54.875,28.719147,2025-11-11 23:00:00
83.325,36.885143,2025-11-11 23:00:00
17.833333333333332,14.847259,2025-11-12 00:00:00
41.6,30.359753,2025-11-12 00:00:00
15.45,14.11902,2025-11-12 00:00:00
28.5,23.703648,2025-11-12 00:00:00
55.875,31.665358,2025-11-12 00:00:00
40.1,36.502674,2025-11-12 01:00:00
16.6,13.540215,2025-11-12 01:00:00
26.125,26.177929,2025-11-12 01:00:00
18.775,15.471572,2025-11-12 01:00:00
53.6,29.675535,2025-11-12 01:00:00
38.55,36.461803,2025-11-12 02:00:00
16.700000000000003,15.05815,2025-11-12 02:00:00
16.05,14.065485,2025-11-12 02:00:00
25.925,22.729618,2025-11-12 02:00:00
49.95,29.429138,2025-11-12 02:00:00
52.35,29.022715,2025-11-12 03:00:00
15.525,12.345576,2025-11-12 03:00:00
34.125,41.36205,2025-11-12 03:00:00
28.4,22.43657,2025-11-12 03:00:00
14.55,13.182972,2025-11-12 03:00:00
31.7,39.289013,2025-11-12 04:00:00
15.775,11.418221,2025-11-12 04:00:00
56.125,24.88539,2025-11-12 04:00:00
13.4,7.7074122,2025-11-12 04:00:00
26.45,18.470991,2025-11-12 04:00:00
12.05,8.600457,2025-11-12 05:00:00
15.55,12.855245,2025-11-12 05:00:00
48.525,27.110346,2025-11-12 05:00:00
26.375,34.27588,2025-11-12 05:00:00
28.450000000000003,16.75515,2025-11-12 05:00:00
23.5,36.47565,2025-11-12 06:00:00
25.9,20.125538,2025-11-12 06:00:00
15.425,11.766097,2025-11-12 06:00:00
12.35,8.515769,2025-11-12 06:00:00
41.175,25.453136,2025-11-12 06:00:00
12.75,9.948497,2025-11-12 07:00:00
15.425,12.413623,2025-11-12 07:00:00
45.225,27.094395,2025-11-12 07:00:00
28.675,20.295452,2025-11-12 07:00:00
26.0,37.963818,2025-11-12 07:00:00
42.475,27.499578,2025-11-12 08:00:00
31.525,37.57939,2025-11-12 08:00:00
5.825,12.329987,2025-11-12 08:00:00
13.975,11.344753,2025-11-12 08:00:00
30.175,21.22985,2025-11-12 08:00:00
49.125,25.49848,2025-11-12 09:00:00
13.175,13.133756,2025-11-12 09:00:00
31.725,21.585571,2025-11-12 09:00:00
36.525,39.18194,2025-11-12 09:00:00
1.825,13.954075,2025-11-12 09:00:00
14.375,11.622801,2025-11-12 10:00:00
36.525,43.53575,2025-11-12 10:00:00
3.875,13.218795,2025-11-12 10:00:00
35.875,22.809092,2025-11-12 10:00:00
53.075,25.3312,2025-11-12 10:00:00
30.275,24.028042,2025-11-12 11:00:00
15.85,13.098569,2025-11-12 11:00:00
32.0,43.402397,2025-11-12 11:00:00
5.0,15.871416,2025-11-12 11:00:00
49.025,27.810675,2025-11-12 11:00:00
36.26666666666667,37.92054,2025-11-12 12:00:00
13.625,16.333597,2025-11-12 12:00:00
19.4,14.008164,2025-11-12 12:00:00
48.975,25.001068,2025-11-12 12:00:00
35.975,23.990961,2025-11-12 12:00:00
36.26666666666667,34.927753,2025-11-12 13:00:00
33.075,23.797625,2025-11-12 13:00:00
20.325,9.451906,2025-11-12 13:00:00
18.825000000000003,15.5412035,2025-11-12 13:00:00
49.2,24.47292,2025-11-12 13:00:00
30.1,22.093437,2025-11-12 14:00:00
18.5,17.217056,2025-11-12 14:00:00
36.075,32.638683,2025-11-12 14:00:00
24.35,9.211716,2025-11-12 14:00:00
32.0,23.954996,2025-11-12 14:00:00
38.3,28.597624,2025-11-12 15:00:00
51.525,24.362358,2025-11-12 15:00:00
27.725,22.298405,2025-11-12 15:00:00
17.025,16.267862,2025-11-12 15:00:00
29.1,11.84332,2025-11-12 15:00:00
18.45,6.8647733,2025-11-12 16:00:00
9.3,16.311043,2025-11-12 16:00:00
34.975,23.844288,2025-11-12 16:00:00
23.0,21.618473,2025-11-12 16:00:00
36.4,24.944807,2025-11-12 16:00:00
5.075,14.50809,2025-11-12 17:00:00
11.675,11.71052,2025-11-12 17:00:00
15.3,26.179943,2025-11-12 17:00:00
24.1,28.573517,2025-11-12 17:00:00
35.075,26.086435,2025-11-12 17:00:00
45.95,28.53901,2025-11-12 18:00:00
33.9,25.476274,2025-11-12 18:00:00
8.425,11.425888,2025-11-12 18:00:00
16.475,22.658955,2025-11-12 18:00:00
4.275,13.331172,2025-11-12 18:00:00
16.875,24.219246,2025-11-12 19:00:00
8.65,14.291142,2025-11-12 19:00:00
4.0,14.138381,2025-11-12 19:00:00
38.325,33.416702,2025-11-12 19:00:00
56.825,31.033875,2025-11-12 19:00:00
14.775,23.65184,2025-11-12 20:00:00
53.75,36.62102,2025-11-12 20:00:00
48.75,59.71305,2025-11-12 20:00:00
5.0,12.346448,2025-11-12 20:00:00
5.45,13.478385,2025-11-12 20:00:00
47.9,72.050674,2025-11-12 21:00:00
5.65,16.066334,2025-11-12 21:00:00
45.6,35.238037,2025-11-12 21:00:00
4.6,10.273047,2025-11-12 21:00:00
12.025,28.172688,2025-11-12 21:00:00
48.55,35.203377,2025-11-12 22:00:00
2.975,10.840822,2025-11-12 22:00:00
11.8,23.579212,2025-11-12 22:00:00
43.95,71.49943,2025-11-12 22:00:00
5.8,16.281584,2025-11-12 22:00:00
55.65,26.544058,2025-11-12 23:00:00
1.225,7.2323794,2025-11-12 23:00:00
6.1000000000000005,14.77145,2025-11-12 23:00:00
44.175,56.783463,2025-11-12 23:00:00
8.425,22.429108,2025-11-12 23:00:00
21.366666666666664,18.129314,2025-11-13 00:00:00
45.7,59.729565,2025-11-13 00:00:00
5.775,28.882294,2025-11-13 00:00:00
7.15,13.318266,2025-11-13 00:00:00
45.075,25.46554,2025-11-13 00:00:00
38.375,24.515482,2025-11-13 01:00:00
22.425,21.405207,2025-11-13 01:00:00
7.425,29.568361,2025-11-13 01:00:00
42.825,52.757973,2025-11-13 01:00:00
8.025,15.756208,2025-11-13 01:00:00
7.2,15.350588,2025-11-13 02:00:00
20.95,16.351728,2025-11-13 02:00:00
39.9,43.666046,2025-11-13 02:00:00
9.575,30.749195,2025-11-13 02:00:00
34.125,25.318666,2025-11-13 02:00:00
38.575,44.32956,2025-11-13 03:00:00
11.1,31.154865,2025-11-13 03:00:00
19.025,11.265902,2025-11-13 03:00:00
34.2,25.6176,2025-11-13 03:00:00
7.175,14.85052,2025-11-13 03:00:00
10.75,12.768717,2025-11-13 04:00:00
18.875,10.468827,2025-11-13 04:00:00
35.8,25.345335,2025-11-13 04:00:00
41.1,41.43122,2025-11-13 04:00:00
10.675,29.349503,2025-11-13 04:00:00
34.675,23.802776,2025-11-13 05:00:00
16.675,10.41946,2025-11-13 05:00:00
5.15,28.56618,2025-11-13 05:00:00
12.725,12.5204525,2025-11-13 05:00:00
40.075,44.55448,2025-11-13 05:00:00
39.15,42.94774,2025-11-13 06:00:00
12.475,12.028693,2025-11-13 06:00:00
7.199999999999999,30.102985,2025-11-13 06:00:00
15.875,10.662143,2025-11-13 06:00:00
35.85,25.394684,2025-11-13 06:00:00
15.9,11.326836,2025-11-13 07:00:00
6.400000000000001,28.002245,2025-11-13 07:00:00
33.775,26.33398,2025-11-13 07:00:00
38.1,40.32342,2025-11-13 07:00:00
12.375,12.082292,2025-11-13 07:00:00
12.425,12.748428,2025-11-13 08:00:00
9.933333333333332,26.942183,2025-11-13 08:00:00
38.05,24.095161,2025-11-13 08:00:00
15.9,10.970717,2025-11-13 08:00:00
40.325,37.39058,2025-11-13 08:00:00
39.9,40.28139,2025-11-13 09:00:00
15.9,11.280663,2025-11-13 09:00:00
38.9,24.711195,2025-11-13 09:00:00
10.05,27.557615,2025-11-13 09:00:00
13.15,11.065758,2025-11-13 09:00:00
39.825,41.82726,2025-11-13 10:00:00
44.65,27.079733,2025-11-13 10:00:00
13.45,29.71133,2025-11-13 10:00:00
21.15,12.728086,2025-11-13 10:00:00
13.925,11.364961,2025-11-13 10:00:00
18.25,13.769516,2025-11-13 11:00:00
45.55,25.300844,2025-11-13 11:00:00
36.375,34.885544,2025-11-13 11:00:00
20.725,12.928105,2025-11-13 11:00:00
14.175,30.325596,2025-11-13 11:00:00
46.35,25.059147,2025-11-13 12:00:00
23.225,13.917147,2025-11-13 12:00:00
20.55,14.973528,2025-11-13 12:00:00
14.625,28.985071,2025-11-13 12:00:00
35.325,31.360428,2025-11-13 12:00:00
24.175,15.667188,2025-11-13 13:00:00
13.7,27.067059,2025-11-13 13:00:00
36.55,29.72306,2025-11-13 13:00:00
45.85,22.864138,2025-11-13 13:00:00
19.1,15.826869,2025-11-13 13:00:00
25.933333333333334,12.484939,2025-11-13 14:00:00
40.36666666666667,21.385656,2025-11-13 14:00:00
18.0,15.598646,2025-11-13 14:00:00
36.65,31.169842,2025-11-13 14:00:00
16.175,22.850992,2025-11-13 14:00:00
11.325,22.009727,2025-11-13 15:00:00
17.35,13.2273035,2025-11-13 15:00:00
40.36666666666667,26.810871,2025-11-13 15:00:00
35.0,31.2392,2025-11-13 15:00:00
25.475,12.561945,2025-11-13 15:00:00
22.275,11.571735,2025-11-13 16:00:00
35.65,30.858591,2025-11-13 16:00:00
14.175,22.252743,2025-11-13 16:00:00
20.05,14.039844,2025-11-13 16:00:00
40.36666666666667,30.216478,2025-11-13 16:00:00
15.35,10.320663,2025-11-13 17:00:00
14.2,18.99043,2025-11-13 17:00:00
33.3,28.8971,2025-11-13 17:00:00
20.7,11.455307,2025-11-13 17:00:00
40.36666666666667,28.284147,2025-11-13 17:00:00
46.16666666666666,29.60649,2025-11-13 18:00:00
9.45,16.621307,2025-11-13 18:00:00
35.525,34.000248,2025-11-13 18:00:00
20.05,11.314068,2025-11-13 18:00:00
13.1,10.932656,2025-11-13 18:00:00
32.225,30.766985,2025-11-13 19:00:00
11.225,11.248297,2025-11-13 19:00:00
20.325,12.101169,2025-11-13 19:00:00
11.05,17.375694,2025-11-13 19:00:00
43.325,41.669697,2025-11-13 19:00:00
20.525,35.607525,2025-11-13 20:00:00
10.45,10.740899,2025-11-13 20:00:00
49.3,47.231503,2025-11-13 20:00:00
27.425,11.6347685,2025-11-13 20:00:00
10.85,21.021126,2025-11-13 20:00:00
52.375,53.79088,2025-11-13 21:00:00
8.5,23.523575,2025-11-13 21:00:00
30.875,11.717842,2025-11-13 21:00:00
9.375,10.254871,2025-11-13 21:00:00
32.625,37.3963,2025-11-13 21:00:00
9.125,21.076097,2025-11-13 22:00:00
68.3,54.62876,2025-11-13 22:00:00
9.0,10.333296,2025-11-13 22:00:00
31.15,12.476557,2025-11-13 22:00:00
41.0,30.953728,2025-11-13 22:00:00
31.433333333333334,12.272052,2025-11-13 23:00:00
39.7,32.030502,2025-11-13 23:00:00
8.4,8.288954,2025-11-13 23:00:00
54.75,49.434143,2025-11-13 23:00:00
6.2,23.357716,2025-11-13 23:00:00
19.766666666666666,14.610938,2025-11-14 00:00:00
27.3,10.671789,2025-11-14 00:00:00
9.7,20.148008,2025-11-14 00:00:00
60.400000000000006,48.110733,2025-11-14 00:00:00
33.75,29.099482,2025-11-14 00:00:00
10.7,20.370895,2025-11-14 01:00:00
28.325,31.366476,2025-11-14 01:00:00
21.725,16.526825,2025-11-14 01:00:00
24.875,13.376502,2025-11-14 01:00:00
63.1,48.10693,2025-11-14 01:00:00
21.6,18.78821,2025-11-14 02:00:00
6.975,22.164566,2025-11-14 02:00:00
24.3,31.779684,2025-11-14 02:00:00
60.55,46.30472,2025-11-14 02:00:00
24.225,12.132338,2025-11-14 02:00:00
24.225,10.350022,2025-11-14 03:00:00
18.675,15.167428,2025-11-14 03:00:00
24.75,34.73307,2025-11-14 03:00:00
53.35,39.490303,2025-11-14 03:00:00
3.925,20.242208,2025-11-14 03:00:00
24.125,35.115913,2025-11-14 04:00:00
5.075,20.619015,2025-11-14 04:00:00
16.025,9.802357,2025-11-14 04:00:00
55.625,38.415504,2025-11-14 04:00:00
16.525,12.846327,2025-11-14 04:00:00
28.325,33.6615,2025-11-14 05:00:00
11.9,10.088956,2025-11-14 05:00:00
6.975,16.911642,2025-11-14 05:00:00
53.8,33.843758,2025-11-14 05:00:00
15.875,12.026702,2025-11-14 05:00:00
8.35,17.423374,2025-11-14 06:00:00
15.425,12.76756,2025-11-14 06:00:00
11.55,11.256097,2025-11-14 06:00:00
51.8,33.589066,2025-11-14 06:00:00
27.65,32.716656,2025-11-14 06:00:00
50.775,38.946156,2025-11-14 07:00:00
11.7,10.738993,2025-11-14 07:00:00
6.025,17.691189,2025-11-14 07:00:00
33.55,30.160734,2025-11-14 07:00:00
14.875,13.493385,2025-11-14 07:00:00
16.925,14.162153,2025-11-14 08:00:00
8.0,17.250244,2025-11-14 08:00:00
27.5,32.671062,2025-11-14 08:00:00
52.05,39.830666,2025-11-14 08:00:00
15.9,10.145858,2025-11-14 08:00:00
10.85,17.278082,2025-11-14 09:00:00
18.85,10.721785,2025-11-14 09:00:00
52.475,39.945454,2025-11-14 09:00:00
17.6,15.089787,2025-11-14 09:00:00
25.75,35.546604,2025-11-14 09:00:00
51.375,41.49896,2025-11-14 10:00:00
23.1,34.78334,2025-11-14 10:00:00
9.4,21.299637,2025-11-14 10:00:00
20.05,11.464876,2025-11-14 10:00:00
18.85,15.867998,2025-11-14 10:00:00
30.05,35.435516,2025-11-14 11:00:00
18.7,16.894276,2025-11-14 11:00:00
50.6,42.03463,2025-11-14 11:00:00
21.025,14.89781,2025-11-14 11:00:00
8.850000000000001,24.620756,2025-11-14 11:00:00
24.175,23.86396,2025-11-14 12:00:00
19.525,16.157108,2025-11-14 12:00:00
44.475,37.198143,2025-11-14 12:00:00
20.95,19.13398,2025-11-14 12:00:00
46.75,39.460606,2025-11-14 12:00:00
47.125,35.983803,2025-11-14 13:00:00
25.575,19.967325,2025-11-14 13:00:00
18.2,15.194581,2025-11-14 13:00:00
25.4,16.78711,2025-11-14 13:00:00
38.575,38.57103,2025-11-14 13:00:00
17.625,15.279377,2025-11-14 14:00:00
24.525,20.157608,2025-11-14 14:00:00
37.1,36.13327,2025-11-14 14:00:00
47.45,25.90552,2025-11-14 14:00:00
24.9,15.644316,2025-11-14 14:00:00
24.1,19.204138,2025-11-14 15:00:00
23.1,15.521065,2025-11-14 15:00:00
38.7,34.439487,2025-11-14 15:00:00
16.75,14.993571,2025-11-14 15:00:00
44.8,29.723202,2025-11-14 15:00:00
37.55,32.913612,2025-11-14 16:00:00
44.425,29.400494,2025-11-14 16:00:00
20.675,10.921446,2025-11-14 16:00:00
25.575,18.58119,2025-11-14 16:00:00
22.95,13.723793,2025-11-14 16:00:00
16.7,10.080961,2025-11-14 17:00:00
24.65,17.260195,2025-11-14 17:00:00
46.325,28.322626,2025-11-14 17:00:00
36.650000000000006,32.800167,2025-11-14 17:00:00
26.675,13.724069,2025-11-14 17:00:00
31.6,15.963184,2025-11-14 18:00:00
36.925,37.594707,2025-11-14 18:00:00
15.1,12.020258,2025-11-14 18:00:00
47.075,32.921173,2025-11-14 18:00:00
26.775,12.87486,2025-11-14 18:00:00
14.7,12.473536,2025-11-14 19:00:00
27.45,12.5055065,2025-11-14 19:00:00
55.55,37.193504,2025-11-14 19:00:00
40.1,41.831738,2025-11-14 19:00:00
31.8,15.917093,2025-11-14 19:00:00
19.475,15.07244,2025-11-14 20:00:00
105.125,48.548523,2025-11-14 20:00:00
30.4,15.160982,2025-11-14 20:00:00
14.725,12.9440365,2025-11-14 20:00:00
51.95,35.59939,2025-11-14 20:00:00
15.1,16.866468,2025-11-14 21:00:00
91.075,50.044098,2025-11-14 21:00:00
28.7,15.963624,2025-11-14 21:00:00
13.725,12.865677,2025-11-14 21:00:00
49.275,29.909357,2025-11-14 21:00:00
15.5,19.394617,2025-11-14 22:00:00
27.55,17.755388,2025-11-14 22:00:00
10.35,11.52293,2025-11-14 22:00:00
91.625,55.361732,2025-11-14 22:00:00
50.775000000000006,32.78545,2025-11-14 22:00:00
53.175,34.4762,2025-11-14 23:00:00
69.1,53.51582,2025-11-14 23:00:00
28.85,15.709083,2025-11-14 23:00:00
8.425,11.12105,2025-11-14 23:00:00
15.466666666666669,19.86115,2025-11-14 23:00:00
31.7,16.154013,2025-11-15 00:00:00
33.65,49.874287,2025-11-15 00:00:00
20.6,16.03251,2025-11-15 00:00:00
17.0,21.026695,2025-11-15 00:00:00
44.75,31.885841,2025-11-15 00:00:00
23.025,18.155098,2025-11-15 01:00:00
42.725,28.664333,2025-11-15 01:00:00
17.6,19.016684,2025-11-15 01:00:00
32.625,14.973986,2025-11-15 01:00:00
34.2,50.665077,2025-11-15 01:00:00
41.875,26.476803,2025-11-15 02:00:00
34.35,47.60492,2025-11-15 02:00:00
29.225,14.371608,2025-11-15 02:00:00
22.55,17.847496,2025-11-15 02:00:00
17.25,19.533422,2025-11-15 02:00:00
33.900000000000006,13.881426,2025-11-15 03:00:00
21.45,16.401926,2025-11-15 03:00:00
32.7,47.55853,2025-11-15 03:00:00
17.1,17.16603,2025-11-15 03:00:00
51.7,25.645878,2025-11-15 03:00:00
16.525,15.363873,2025-11-15 04:00:00
41.975,26.295933,2025-11-15 04:00:00
20.9,15.744302,2025-11-15 04:00:00
31.5,12.157932,2025-11-15 04:00:00
32.3,48.136745,2025-11-15 04:00:00
15.6,12.415171,2025-11-15 05:00:00
32.3,46.28371,2025-11-15 05:00:00
36.2,12.33872,2025-11-15 05:00:00
43.05,24.958736,2025-11-15 05:00:00
19.775,11.882225,2025-11-15 05:00:00
32.3,46.320175,2025-11-15 06:00:00
44.1,25.264452,2025-11-15 06:00:00
15.725,12.431363,2025-11-15 06:00:00
19.6,12.635501,2025-11-15 06:00:00
34.875,13.368835,2025-11-15 06:00:00
32.3,44.204365,2025-11-15 07:00:00
19.425,12.848351,2025-11-15 07:00:00
34.800000000000004,13.007853,2025-11-15 07:00:00
45.9,27.0564,2025-11-15 07:00:00
16.9,13.252935,2025-11-15 07:00:00
32.8,12.858874,2025-11-15 08:00:00
47.75,30.256935,2025-11-15 08:00:00
19.3,13.116274,2025-11-15 08:00:00
19.675,12.088845,2025-11-15 08:00:00
26.6,42.983124,2025-11-15 08:00:00
20.475,14.250506,2025-11-15 09:00:00
26.875,42.984077,2025-11-15 09:00:00
21.175,15.774919,2025-11-15 09:00:00
36.45,24.616335,2025-11-15 09:00:00
34.775,14.297344,2025-11-15 09:00:00
22.275,18.834251,2025-11-15 10:00:00
38.5,27.4095,2025-11-15 10:00:00
44.675,15.42853,2025-11-15 10:00:00
23.15,16.401558,2025-11-15 10:00:00
26.675,49.273926,2025-11-15 10:00:00
25.55,20.088255,2025-11-15 11:00:00
41.225,18.1356,2025-11-15 11:00:00
24.95,16.812315,2025-11-15 11:00:00
26.875,41.8439,2025-11-15 11:00:00
41.9,25.784399,2025-11-15 11:00:00
20.966666666666665,19.561274,2025-11-15 12:00:00
22.275,18.629368,2025-11-15 12:00:00
45.55,26.935959,2025-11-15 12:00:00
25.85,41.79393,2025-11-15 12:00:00
24.825,17.374067,2025-11-15 12:00:00
44.85,32.556633,2025-11-15 13:00:00
15.75,21.133875,2025-11-15 13:00:00
24.525,16.45483,2025-11-15 13:00:00
19.2,18.287466,2025-11-15 13:00:00
24.2,42.970757,2025-11-15 13:00:00
107.65,36.15535,2025-11-15 14:00:00
17.05,20.575527,2025-11-15 14:00:00
46.275,30.705746,2025-11-15 14:00:00
23.35,12.449425,2025-11-15 14:00:00
18.525,15.888068,2025-11-15 14:00:00
18.925,14.762846,2025-11-15 15:00:00
17.9,19.045137,2025-11-15 15:00:00
43.6,26.782701,2025-11-15 15:00:00
167.97500000000002,31.392334,2025-11-15 15:00:00
22.200000000000003,11.948314,2025-11-15 15:00:00
15.65,16.71593,2025-11-15 16:00:00
20.0,13.511473,2025-11-15 16:00:00
21.725,10.596428,2025-11-15 16:00:00
44.3,30.319397,2025-11-15 16:00:00
167.55,33.39645,2025-11-15 16:00:00
168.27499999999998,35.265465,2025-11-15 17:00:00
19.95,7.7633276,2025-11-15 17:00:00
19.9,14.041525,2025-11-15 17:00:00
16.5,13.855402,2025-11-15 17:00:00
44.325,31.971558,2025-11-15 17:00:00
18.75,12.425022,2025-11-15 18:00:00
169.25,36.808712,2025-11-15 18:00:00
20.1,14.480507,2025-11-15 18:00:00
44.05,32.304638,2025-11-15 18:00:00
14.55,14.740116,2025-11-15 18:00:00
12.825,13.522229,2025-11-15 19:00:00
49.85,30.89637,2025-11-15 19:00:00
18.175,13.71857,2025-11-15 19:00:00
19.975,13.2020035,2025-11-15 19:00:00
171.225,40.707012,2025-11-15 19:00:00
172.725,52.212013,2025-11-15 20:00:00
54.5,27.836582,2025-11-15 20:00:00
19.575,17.802155,2025-11-15 20:00:00
11.4,14.099262,2025-11-15 20:00:00
16.35,12.262163,2025-11-15 20:00:00
18.675,14.352903,2025-11-15 21:00:00
11.875,13.655419,2025-11-15 21:00:00
51.95,33.809628,2025-11-15 21:00:00
174.375,56.14626,2025-11-15 21:00:00
14.6,11.574198,2025-11-15 21:00:00
177.275,58.55147,2025-11-15 22:00:00
18.875,11.0665865,2025-11-15 22:00:00
10.75,17.807491,2025-11-15 22:00:00
48.325,31.480547,2025-11-15 22:00:00
13.175,12.285973,2025-11-15 22:00:00
10.45,19.748167,2025-11-15 23:00:00
18.83333333333333,13.524084,2025-11-15 23:00:00
119.075,53.625046,2025-11-15 23:00:00
45.45,28.978924,2025-11-15 23:00:00
12.65,11.226695,2025-11-15 23:00:00
20.35,16.374224,2025-11-16 00:00:00
14.175,24.798132,2025-11-16 00:00:00
33.075,61.21965,2025-11-16 00:00:00
44.575,26.548016,2025-11-16 00:00:00
18.025,15.041742,2025-11-16 00:00:00
49.725,26.28418,2025-11-16 01:00:00
11.875,26.307539,2025-11-16 01:00:00
21.45,14.607637,2025-11-16 01:00:00
32.45,49.91942,2025-11-16 01:00:00
21.025,18.168612,2025-11-16 01:00:00
11.175,27.06777,2025-11-16 02:00:00
42.775,25.32749,2025-11-16 02:00:00
21.65,14.590064,2025-11-16 02:00:00
20.25,19.28964,2025-11-16 02:00:00
32.25,43.772568,2025-11-16 02:00:00
19.075,16.343996,2025-11-16 03:00:00
22.375,14.659441,2025-11-16 03:00:00
10.2,24.304321,2025-11-16 03:00:00
30.925,44.586063,2025-11-16 03:00:00
36.875,28.503029,2025-11-16 03:00:00
17.5,14.364714,2025-11-16 04:00:00
9.8,24.281298,2025-11-16 04:00:00
15.75,12.633035,2025-11-16 04:00:00
42.725,29.745039,2025-11-16 04:00:00
30.625,40.20161,2025-11-16 04:00:00
43.775,26.54891,2025-11-16 05:00:00
12.7,23.964495,2025-11-16 05:00:00
16.775,12.647593,2025-11-16 05:00:00
11.85,11.652623,2025-11-16 05:00:00
30.025,41.7031,2025-11-16 05:00:00
16.375,13.265413,2025-11-16 06:00:00
11.575,12.689064,2025-11-16 06:00:00
50.7,27.214823,2025-11-16 06:00:00
29.75,39.213783,2025-11-16 06:00:00
9.75,23.582415,2025-11-16 06:00:00
11.225,12.546555,2025-11-16 07:00:00
29.4,38.25632,2025-11-16 07:00:00
40.85,26.911383,2025-11-16 07:00:00
16.25,13.393071,2025-11-16 07:00:00
7.275,24.594936,2025-11-16 07:00:00
12.325,24.529745,2025-11-16 08:00:00
25.95,13.303106,2025-11-16 08:00:00
42.75,27.17224,2025-11-16 08:00:00
29.575,37.745926,2025-11-16 08:00:00
18.9,13.620614,2025-11-16 08:00:00
38.05,28.224777,2025-11-16 09:00:00
23.425,16.067898,2025-11-16 09:00:00
11.325,23.55368,2025-11-16 09:00:00
30.125,39.552567,2025-11-16 09:00:00
60.75,14.183509,2025-11-16 09:00:00
19.066666666666663,25.520016,2025-11-16 10:00:00
30.3,35.35339,2025-11-16 10:00:00
24.9,13.96365,2025-11-16 10:00:00
60.05,16.451925,2025-11-16 10:00:00
48.15,25.170708,2025-11-16 10:00:00
25.525,17.732912,2025-11-16 11:00:00
61.35,20.832495,2025-11-16 11:00:00
29.566666666666663,36.533825,2025-11-16 11:00:00
20.05,29.370453,2025-11-16 11:00:00
49.4,22.979181,2025-11-16 11:00:00
17.8,31.285776,2025-11-16 12:00:00
48.525,32.561928,2025-11-16 12:00:00
18.75,30.99328,2025-11-16 12:00:00
26.7,16.915585,2025-11-16 12:00:00
61.225,17.73971,2025-11-16 12:00:00
60.075,18.159388,2025-11-16 13:00:00
12.325,28.149046,2025-11-16 13:00:00
27.35,17.586605,2025-11-16 13:00:00
51.925,24.398472,2025-11-16 13:00:00
16.375,23.097176,2025-11-16 13:00:00
10.375,30.501476,2025-11-16 14:00:00
26.8,15.914215,2025-11-16 14:00:00
61.975,17.42191,2025-11-16 14:00:00
50.7,26.977541,2025-11-16 14:00:00
14.075,19.050423,2025-11-16 14:00:00
10.45,37.295868,2025-11-16 15:00:00
14.125,20.9942,2025-11-16 15:00:00
48.775,26.363525,2025-11-16 15:00:00
60.3,15.142106,2025-11-16 15:00:00
26.7,14.7276125,2025-11-16 15:00:00
9.15,34.942524,2025-11-16 16:00:00
45.85,31.21693,2025-11-16 16:00:00
12.725,19.376392,2025-11-16 16:00:00
25.825,14.726619,2025-11-16 16:00:00
59.875,12.478768,2025-11-16 16:00:00
56.65,12.186316,2025-11-16 17:00:00
44.3,27.535603,2025-11-16 17:00:00
9.025,34.21619,2025-11-16 17:00:00
25.8,15.95509,2025-11-16 17:00:00
16.1,18.810656,2025-11-16 17:00:00
15.625,39.619255,2025-11-16 18:00:00
25.925,16.732622,2025-11-16 18:00:00
55.375,14.265129,2025-11-16 18:00:00
48.85,30.302885,2025-11-16 18:00:00
18.05,19.360786,2025-11-16 18:00:00
26.625,16.503557,2025-11-16 19:00:00
24.575,18.57135,2025-11-16 19:00:00
56.25,15.131447,2025-11-16 19:00:00
53.6,28.02993,2025-11-16 19:00:00
35.275,49.348087,2025-11-16 19:00:00
35.275,57.441788,2025-11-16 20:00:00
54.275000000000006,34.646996,2025-11-16 20:00:00
25.3,14.934952,2025-11-16 20:00:00
54.825,15.097296,2025-11-16 20:00:00
33.175,17.524397,2025-11-16 20:00:00
53.925,14.833945,2025-11-16 21:00:00
35.275,51.922115,2025-11-16 21:00:00
54.925,31.575668,2025-11-16 21:00:00
40.125,15.814375,2025-11-16 21:00:00
25.725,15.264667,2025-11-16 21:00:00
12.9,55.003365,2025-11-16 22:00:00
25.725,13.924499,2025-11-16 22:00:00
57.125,28.070814,2025-11-16 22:00:00
51.3,15.8684,2025-11-16 22:00:00
39.900000000000006,17.834723,2025-11-16 22:00:00
62.95,28.487366,2025-11-16 23:00:00
49.875,13.555327,2025-11-16 23:00:00
13.7,54.129337,2025-11-16 23:00:00
45.375,20.952028,2025-11-16 23:00:00
26.6,13.349309,2025-11-16 23:00:00
56.425,24.596268,2025-11-17 00:00:00
22.025,13.1244335,2025-11-17 00:00:00
99.4,52.064167,2025-11-17 00:00:00
28.03333333333333,19.204252,2025-11-17 00:00:00
48.2,23.106215,2025-11-17 00:00:00
55.95,27.92426,2025-11-17 01:00:00
20.35,14.166353,2025-11-17 01:00:00
99.4,47.763817,2025-11-17 01:00:00
24.55,17.46654,2025-11-17 01:00:00
47.5,24.318325,2025-11-17 01:00:00
99.4,44.035625,2025-11-17 02:00:00
22.4,17.57538,2025-11-17 02:00:00
47.9,24.997196,2025-11-17 02:00:00
19.175,13.97133,2025-11-17 02:00:00
50.5,30.468596,2025-11-17 02:00:00
99.4,43.361843,2025-11-17 03:00:00
19.8,14.272338,2025-11-17 03:00:00
21.375,17.488808,2025-11-17 03:00:00
46.075,32.455906,2025-11-17 03:00:00
48.4,22.886728,2025-11-17 03:00:00
26.45,12.934466,2025-11-17 04:00:00
48.85,20.758072,2025-11-17 04:00:00
44.525,31.923315,2025-11-17 04:00:00
19.35,16.56052,2025-11-17 04:00:00
18.775,15.615219,2025-11-17 05:00:00
45.25,29.4369,2025-11-17 05:00:00
42.7,20.620409,2025-11-17 05:00:00
29.875,11.602912,2025-11-17 05:00:00
17.975,15.115281,2025-11-17 06:00:00
29.075,11.2519245,2025-11-17 06:00:00
40.275,20.999828,2025-11-17 06:00:00
40.8,26.587511,2025-11-17 06:00:00
42.15,27.648333,2025-11-17 07:00:00
37.85,18.64783,2025-11-17 07:00:00
28.375,11.624074,2025-11-17 07:00:00
17.6,15.121683,2025-11-17 07:00:00
18.425,15.830925,2025-11-17 08:00:00
19.625,14.770585,2025-11-17 08:00:00
40.025,26.501976,2025-11-17 08:00:00
42.25,20.117405,2025-11-17 08:00:00
28.3,35.47481,2025-11-17 08:00:00
16.275,15.6651,2025-11-17 09:00:00
46.375,18.017721,2025-11-17 09:00:00
28.3,31.804058,2025-11-17 09:00:00
40.15,26.557692,2025-11-17 09:00:00
18.575,22.015749,2025-11-17 09:00:00
45.75,26.396742,2025-11-17 10:00:00
19.200000000000003,21.923618,2025-11-17 10:00:00
28.3,27.821335,2025-11-17 10:00:00
49.975,18.831488,2025-11-17 10:00:00
17.575,18.24084,2025-11-17 10:00:00
43.825,29.002815,2025-11-17 11:00:00
26.0,27.241894,2025-11-17 11:00:00
18.875,20.586535,2025-11-17 11:00:00
46.825,21.765669,2025-11-17 11:00:00
20.275,23.583344,2025-11-17 11:00:00
21.225,23.653378,2025-11-17 12:00:00
42.825,29.684034,2025-11-17 12:00:00
43.125,19.776506,2025-11-17 12:00:00
14.325,26.492065,2025-11-17 12:00:00
23.85,18.550877,2025-11-17 12:00:00
26.025,16.806372,2025-11-17 13:00:00
11.95,22.605064,2025-11-17 13:00:00
38.7,19.500692,2025-11-17 13:00:00
39.075,27.110626,2025-11-17 13:00:00
21.225,24.099138,2025-11-17 13:00:00
12.525,22.108713,2025-11-17 14:00:00
30.675,18.43962,2025-11-17 14:00:00
38.375,24.809954,2025-11-17 14:00:00
25.3,17.884462,2025-11-17 14:00:00
20.8,21.993853,2025-11-17 14:00:00
20.075,24.515305,2025-11-17 15:00:00
11.0,20.707024,2025-11-17 15:00:00
25.525,15.960156,2025-11-17 15:00:00
41.1,32.023655,2025-11-17 15:00:00
29.6,18.867752,2025-11-17 15:00:00
17.85,24.52581,2025-11-17 16:00:00
9.575,17.108006,2025-11-17 16:00:00
32.375,17.454147,2025-11-17 16:00:00
18.575,14.486888,2025-11-17 16:00:00
39.225,25.58147,2025-11-17 16:00:00
36.775,24.491749,2025-11-17 17:00:00
10.0,20.518103,2025-11-17 17:00:00
15.75,26.858683,2025-11-17 17:00:00
15.025,13.176247,2025-11-17 17:00:00
31.35,16.866549,2025-11-17 17:00:00
30.9,16.023617,2025-11-17 18:00:00
16.725,29.620182,2025-11-17 18:00:00
41.875,26.937271,2025-11-17 18:00:00
13.4,24.327381,2025-11-17 18:00:00
15.2,11.506451,2025-11-17 18:00:00
17.325,24.46889,2025-11-17 19:00:00
14.95,11.51668,2025-11-17 19:00:00
35.35,14.87146,2025-11-17 19:00:00
35.7,23.643724,2025-11-17 19:00:00
18.3,28.47227,2025-11-17 19:00:00
20.475,40.407856,2025-11-17 20:00:00
42.75,12.389898,2025-11-17 20:00:00
40.825,26.087057,2025-11-17 20:00:00
18.65,13.6494875,2025-11-17 20:00:00
15.825,22.851318,2025-11-17 20:00:00
55.8,11.452042,2025-11-17 21:00:00
14.425,26.719887,2025-11-17 21:00:00
20.6,13.979015,2025-11-17 21:00:00
38.875,26.207651,2025-11-17 21:00:00
19.525,40.223633,2025-11-17 21:00:00
21.075,15.350991,2025-11-17 22:00:00
63.425,14.858533,2025-11-17 22:00:00
38.175,19.74819,2025-11-17 22:00:00
19.6,32.62781,2025-11-17 22:00:00
12.975,27.323414,2025-11-17 22:00:00
60.775,17.09084,2025-11-17 23:00:00
18.75,20.79586,2025-11-17 23:00:00
43.75,19.745543,2025-11-17 23:00:00
20.7,12.521991,2025-11-17 23:00:00
11.325,30.003452,2025-11-17 23:00:00
18.666666666666668,25.545786,2025-11-18 00:00:00
19.525,14.432412,2025-11-18 00:00:00
62.025,26.435137,2025-11-18 00:00:00
18.675,32.038376,2025-11-18 00:00:00
49.825,19.496136,2025-11-18 00:00:00
19.1,12.858997,2025-11-18 01:00:00
21.325,29.978247,2025-11-18 01:00:00
18.6,44.1832,2025-11-18 01:00:00
57.8,27.760849,2025-11-18 01:00:00
45.55,24.35472,2025-11-18 01:00:00
18.8,50.0319,2025-11-18 02:00:00
53.8,26.286095,2025-11-18 02:00:00
44.35,18.117224,2025-11-18 02:00:00
19.075,10.54675,2025-11-18 02:00:00
18.3,21.044046,2025-11-18 02:00:00
18.925,10.715609,2025-11-18 03:00:00
16.65,52.872936,2025-11-18 03:00:00
38.15,21.610355,2025-11-18 03:00:00
18.025,19.351318,2025-11-18 03:00:00
54.3,26.583416,2025-11-18 03:00:00
15.9,13.613758,2025-11-18 04:00:00
52.375,24.30173,2025-11-18 04:00:00
36.3,22.640245,2025-11-18 04:00:00
17.1,14.95058,2025-11-18 04:00:00
14.35,13.666242,2025-11-18 05:00:00
59.275,25.330366,2025-11-18 05:00:00
36.525,23.59337,2025-11-18 05:00:00
17.1,12.555753,2025-11-18 05:00:00
34.5,23.53874,2025-11-18 06:00:00
14.325,17.623413,2025-11-18 06:00:00
16.8,13.341789,2025-11-18 06:00:00
62.825,23.033941,2025-11-18 06:00:00
66.525,24.555428,2025-11-18 07:00:00
39.8,23.2854,2025-11-18 07:00:00
14.05,18.429707,2025-11-18 07:00:00
17.35,13.240498,2025-11-18 07:00:00
15.925,36.31692,2025-11-18 08:00:00
18.5,16.174952,2025-11-18 08:00:00
15.2,15.7896,2025-11-18 08:00:00
67.475,24.880226,2025-11-18 08:00:00
38.125,24.87847,2025-11-18 08:00:00
18.675,41.187084,2025-11-18 09:00:00
66.55,25.428164,2025-11-18 09:00:00
48.075,23.185934,2025-11-18 09:00:00
19.5,15.509773,2025-11-18 09:00:00
16.075000000000003,12.819823,2025-11-18 09:00:00
20.85,18.049978,2025-11-18 10:00:00
62.775,29.726414,2025-11-18 10:00:00
19.0,30.59292,2025-11-18 10:00:00
45.925,26.895168,2025-11-18 10:00:00
17.675,13.172101,2025-11-18 10:00:00
16.675,30.066784,2025-11-18 11:00:00
45.8,22.853376,2025-11-18 11:00:00
18.9,14.508943,2025-11-18 11:00:00
63.52499999999999,30.923737,2025-11-18 11:00:00
22.85,18.191723,2025-11-18 11:00:00
56.875,28.97532,2025-11-18 12:00:00
18.9,19.324171,2025-11-18 12:00:00
17.475,20.329678,2025-11-18 12:00:00
44.025,24.446526,2025-11-18 12:00:00
22.075,16.56182,2025-11-18 12:00:00
14.5,18.687971,2025-11-18 13:00:00
45.875,23.660362,2025-11-18 13:00:00
22.7,13.774762,2025-11-18 13:00:00
15.625,13.160634,2025-11-18 13:00:00
56.900000000000006,26.497356,2025-11-18 13:00:00
42.85,23.732115,2025-11-18 14:00:00
22.425,13.02523,2025-11-18 14:00:00
12.3,16.673353,2025-11-18 14:00:00
11.2,17.792923,2025-11-18 14:00:00
60.775,25.61537,2025-11-18 14:00:00
56.45,22.171791,2025-11-18 15:00:00
19.85,11.930569,2025-11-18 15:00:00
12.325,16.460756,2025-11-18 15:00:00
35.55,20.984781,2025-11-18 15:00:00
9.075,14.0739975,2025-11-18 15:00:00
9.025,12.065462,2025-11-18 16:00:00
45.925,25.886187,2025-11-18 16:00:00
17.75,13.239667,2025-11-18 16:00:00
55.35,22.100016,2025-11-18 16:00:00
15.5,16.581692,2025-11-18 16:00:00
9.95,12.243678,2025-11-18 17:00:00
46.85,25.133577,2025-11-18 17:00:00
15.25,13.775433,2025-11-18 17:00:00
54.05,19.093996,2025-11-18 17:00:00
15.75,15.382635,2025-11-18 17:00:00
17.6,14.161453,2025-11-18 18:00:00
13.375,15.068598,2025-11-18 18:00:00
59.275000000000006,18.50546,2025-11-18 18:00:00
38.95,27.952309,2025-11-18 18:00:00
15.175,10.582149,2025-11-18 18:00:00
50.875,30.32431,2025-11-18 19:00:00
16.125,9.640148,2025-11-18 19:00:00
63.775,20.411808,2025-11-18 19:00:00
17.8,16.585443,2025-11-18 19:00:00
19.85,22.566284,2025-11-18 19:00:00
23.2,25.212267,2025-11-18 20:00:00
68.0,25.845533,2025-11-18 20:00:00
14.65,9.116093,2025-11-18 20:00:00
56.45,31.931602,2025-11-18 20:00:00
16.925,14.719321,2025-11-18 20:00:00
60.25,31.833511,2025-11-18 21:00:00
77.4,31.984663,2025-11-18 21:00:00
17.225,15.644861,2025-11-18 21:00:00
30.025,28.987871,2025-11-18 21:00:00
14.625,15.590162,2025-11-18 21:00:00
14.2,12.919434,2025-11-18 22:00:00
84.425,34.6115,2025-11-18 22:00:00
57.075,27.211473,2025-11-18 22:00:00
15.35,15.269112,2025-11-18 22:00:00
30.95,18.964207,2025-11-18 22:00:00
91.925,37.819145,2025-11-18 23:00:00
14.366666666666667,13.509519,2025-11-18 23:00:00
12.975,13.75239,2025-11-18 23:00:00
53.5,27.697422,2025-11-18 23:00:00
27.8,20.392656,2025-11-18 23:00:00
27.85,25.658762,2025-11-19 00:00:00
20.566666666666663,17.143381,2025-11-19 00:00:00
47.1,27.40944,2025-11-19 00:00:00
19.125,12.783394,2025-11-19 00:00:00
85.925,41.815132,2025-11-19 00:00:00
79.325,41.87589,2025-11-19 01:00:00
26.3,24.966923,2025-11-19 01:00:00
24.875,14.989386,2025-11-19 01:00:00
22.325,11.4556465,2025-11-19 01:00:00
47.475,31.323174,2025-11-19 01:00:00
23.6,16.080917,2025-11-19 02:00:00
72.775,42.101925,2025-11-19 02:00:00
21.9,13.463754,2025-11-19 02:00:00
24.35,21.025097,2025-11-19 02:00:00
58.8,32.356,2025-11-19 02:00:00
21.2,21.88562,2025-11-19 03:00:00
21.575,13.889389,2025-11-19 03:00:00
23.55,15.505533,2025-11-19 03:00:00
71.275,40.998783,2025-11-19 03:00:00
50.975,30.521997,2025-11-19 03:00:00
20.275,14.910135,2025-11-19 04:00:00
18.775,12.502898,2025-11-19 04:00:00
50.35,27.586708,2025-11-19 04:00:00
20.725,14.872151,2025-11-19 04:00:00
70.3,37.858128,2025-11-19 04:00:00
20.45,15.212846,2025-11-19 05:00:00
20.275,14.250517,2025-11-19 05:00:00
50.8,29.855768,2025-11-19 05:00:00
69.925,40.67806,2025-11-19 05:00:00
18.325,12.202245,2025-11-19 05:00:00
51.2,31.54699,2025-11-19 06:00:00
19.9,14.297533,2025-11-19 06:00:00
19.975,14.47762,2025-11-19 06:00:00
71.3,38.567036,2025-11-19 06:00:00
17.825,12.748594,2025-11-19 06:00:00
20.275,13.073664,2025-11-19 07:00:00
43.675,34.9374,2025-11-19 07:00:00
19.6,16.620338,2025-11-19 07:00:00
18.9,15.708968,2025-11-19 07:00:00
69.825,34.568237,2025-11-19 07:00:00
21.4,18.984646,2025-11-19 08:00:00
40.225,32.356712,2025-11-19 08:00:00
15.9,12.596578,2025-11-19 08:00:00
39.95,14.739993,2025-11-19 08:00:00
69.025,34.128075,2025-11-19 08:00:00
20.175,20.741222,2025-11-19 09:00:00
70.8,38.070282,2025-11-19 09:00:00
45.35,29.370249,2025-11-19 09:00:00
13.925,11.771302,2025-11-19 09:00:00
58.2,13.27816,2025-11-19 09:00:00
14.05,12.776094,2025-11-19 10:00:00
41.15,25.494837,2025-11-19 10:00:00
16.825,16.867798,2025-11-19 10:00:00
69.55,40.165993,2025-11-19 10:00:00
58.3,13.813557,2025-11-19 10:00:00
14.1,18.82714,2025-11-19 11:00:00
42.075,27.990866,2025-11-19 11:00:00
57.825,14.120242,2025-11-19 11:00:00
67.4,39.913933,2025-11-19 11:00:00
15.025,16.8639,2025-11-19 11:00:00
14.45,17.227102,2025-11-19 12:00:00
58.35,14.196174,2025-11-19 12:00:00
66.55,38.697475,2025-11-19 12:00:00
11.65,12.978122,2025-11-19 12:00:00
42.175,25.667976,2025-11-19 12:00:00
58.25,15.696484,2025-11-19 13:00:00
13.975,18.564913,2025-11-19 13:00:00
7.7,12.906297,2025-11-19 13:00:00
65.075,33.399555,2025-11-19 13:00:00
36.925,25.235243,2025-11-19 13:00:00
13.925,15.792501,2025-11-19 14:00:00
6.425,12.139629,2025-11-19 14:00:00
35.075,19.091187,2025-11-19 14:00:00
56.425,12.586887,2025-11-19 14:00:00
66.225,29.35059,2025-11-19 14:00:00
64.325,26.38747,2025-11-19 15:00:00
43.4,24.666487,2025-11-19 15:00:00
55.15,11.475115,2025-11-19 15:00:00
5.5,11.149555,2025-11-19 15:00:00
13.35,16.28588,2025-11-19 15:00:00
46.7,24.866201,2025-11-19 16:00:00
5.275,10.739235,2025-11-19 16:00:00
59.025,31.01683,2025-11-19 16:00:00
17.65,15.303944,2025-11-19 16:00:00
56.825,9.046139,2025-11-19 16:00:00
56.45,9.568834,2025-11-19 17:00:00
19.925,12.078488,2025-11-19 17:00:00
5.9,10.43484,2025-11-19 17:00:00
63.3,29.159245,2025-11-19 17:00:00
51.0,19.810383,2025-11-19 17:00:00
20.05,12.243802,2025-11-19 18:00:00
65.925,33.06743,2025-11-19 18:00:00
48.775,28.05997,2025-11-19 18:00:00
56.95,10.383,2025-11-19 18:00:00
9.625,12.977079,2025-11-19 18:00:00
58.625,10.900274,2025-11-19 19:00:00
43.925,22.125395,2025-11-19 19:00:00
18.125,19.00419,2025-11-19 19:00:00
69.05,27.139555,2025-11-19 19:00:00
20.6,11.796751,2025-11-19 19:00:00
71.475,32.374725,2025-11-19 20:00:00
22.325,12.16661,2025-11-19 20:00:00
57.85,11.103524,2025-11-19 20:00:00
25.0,20.394257,2025-11-19 20:00:00
47.075,25.32789,2025-11-19 20:00:00
74.525,40.035145,2025-11-19 21:00:00
48.6,25.54351,2025-11-19 21:00:00
23.25,13.621005,2025-11-19 21:00:00
30.025,20.375788,2025-11-19 21:00:00
56.6,9.945526,2025-11-19 21:00:00
53.375,12.555345,2025-11-19 22:00:00
51.975,28.307312,2025-11-19 22:00:00
23.25,14.593602,2025-11-19 22:00:00
30.175,20.514032,2025-11-19 22:00:00
73.4,43.02429,2025-11-19 22:00:00
27.25,22.081738,2025-11-19 23:00:00
23.83333333333333,14.091174,2025-11-19 23:00:00
52.1,13.411167,2025-11-19 23:00:00
72.875,50.64558,2025-11-19 23:00:00
59.4,26.971346,2025-11-19 23:00:00
58.8,30.260712,2025-11-20 00:00:00
21.225,12.87782,2025-11-20 00:00:00
73.05,47.56064,2025-11-20 00:00:00
23.933333333333334,16.117094,2025-11-20 00:00:00
25.55,20.87319,2025-11-20 00:00:00
23.05,20.590288,2025-11-20 01:00:00
76.575,57.876003,2025-11-20 01:00:00
20.375,13.060497,2025-11-20 01:00:00
21.1,16.20136,2025-11-20 01:00:00
57.65,28.925245,2025-11-20 01:00:00
74.7,53.790928,2025-11-20 02:00:00
21.95,20.446138,2025-11-20 02:00:00
57.625,26.948835,2025-11-20 02:00:00
20.05,16.02392,2025-11-20 02:00:00
20.175,12.540878,2025-11-20 02:00:00
19.975,13.462828,2025-11-20 03:00:00
21.075,15.60899,2025-11-20 03:00:00
77.375,51.07189,2025-11-20 03:00:00
57.025,25.44757,2025-11-20 03:00:00
17.700000000000003,18.879871,2025-11-20 03:00:00
16.075,13.868552,2025-11-20 04:00:00
77.05,45.144108,2025-11-20 04:00:00
19.5,13.829929,2025-11-20 04:00:00
53.25,24.138689,2025-11-20 04:00:00
19.7,11.733767,2025-11-20 04:00:00
18.2,11.959251,2025-11-20 05:00:00
15.45,13.849634,2025-11-20 05:00:00
75.65,46.603867,2025-11-20 05:00:00
53.5,24.997099,2025-11-20 05:00:00
20.0,12.275522,2025-11-20 05:00:00
20.075,12.735954,2025-11-20 06:00:00
56.9,23.15503,2025-11-20 06:00:00
15.375,14.560249,2025-11-20 06:00:00
75.6,47.177334,2025-11-20 06:00:00
17.325,11.73941,2025-11-20 06:00:00
20.85,13.620975,2025-11-20 07:00:00
18.175,10.927466,2025-11-20 07:00:00
71.45,48.33758,2025-11-20 07:00:00
54.75,23.425613,2025-11-20 07:00:00
19.7,15.040797,2025-11-20 07:00:00
19.1,14.649789,2025-11-20 08:00:00
72.525,45.50749,2025-11-20 08:00:00
17.8,12.630366,2025-11-20 08:00:00
21.85,13.153514,2025-11-20 08:00:00
57.6,16.689137,2025-11-20 08:00:00
44.775000000000006,17.896353,2025-11-20 09:00:00
18.3,18.999681,2025-11-20 09:00:00
15.45,12.342176,2025-11-20 09:00:00
16.975,14.73631,2025-11-20 09:00:00
70.5,43.856117,2025-11-20 09:00:00
43.525,26.197079,2025-11-20 10:00:00
12.525,13.796792,2025-11-20 10:00:00
69.325,42.648422,2025-11-20 10:00:00
14.625,12.006247,2025-11-20 10:00:00
15.1,19.810068,2025-11-20 10:00:00
13.975,20.033772,2025-11-20 11:00:00
9.65,14.439985,2025-11-20 11:00:00
14.4,14.129361,2025-11-20 11:00:00
48.95,24.533861,2025-11-20 11:00:00
69.85,38.406326,2025-11-20 11:00:00
12.9,21.265684,2025-11-20 12:00:00
8.325,13.495921,2025-11-20 12:00:00
13.8,14.650631,2025-11-20 12:00:00
47.2,22.966122,2025-11-20 12:00:00
69.45,36.296364,2025-11-20 12:00:00
6.225,11.779607,2025-11-20 13:00:00
51.15,28.455532,2025-11-20 13:00:00
13.75,13.559678,2025-11-20 13:00:00
68.925,35.405792,2025-11-20 13:00:00
13.4,23.117846,2025-11-20 13:00:00
5.65,10.159447,2025-11-20 14:00:00
48.225,27.18196,2025-11-20 14:00:00
13.4,23.616825,2025-11-20 14:00:00
68.1,31.94277,2025-11-20 14:00:00
13.95,12.451239,2025-11-20 14:00:00
4.65,10.993626,2025-11-20 15:00:00
13.775,13.085309,2025-11-20 15:00:00
41.15,27.310797,2025-11-20 15:00:00
68.0,42.517445,2025-11-20 15:00:00
13.4,19.602863,2025-11-20 15:00:00
3.65,11.811766,2025-11-20 16:00:00
14.575,12.768395,2025-11-20 16:00:00
67.375,41.78954,2025-11-20 16:00:00
45.35,25.615288,2025-11-20 16:00:00
2.6,18.632109,2025-11-20 16:00:00
4.375,10.455007,2025-11-20 17:00:00
67.075,38.04124,2025-11-20 17:00:00
45.825,22.457756,2025-11-20 17:00:00
15.75,13.127548,2025-11-20 17:00:00
11.866666666666667,19.429575,2025-11-20 17:00:00
74.5,37.19648,2025-11-20 18:00:00
16.575,12.787602,2025-11-20 18:00:00
13.325,21.787565,2025-11-20 18:00:00
9.7,13.370344,2025-11-20 18:00:00
46.3,22.305092,2025-11-20 18:00:00
17.55,22.431784,2025-11-20 19:00:00
4.2,18.159685,2025-11-20 19:00:00
49.3,27.583685,2025-11-20 19:00:00
17.0,12.979643,2025-11-20 19:00:00
81.0,35.119484,2025-11-20 19:00:00
85.125,39.635273,2025-11-20 20:00:00
4.2,19.170649,2025-11-20 20:00:00
50.325,30.558807,2025-11-20 20:00:00
18.6,11.318208,2025-11-20 20:00:00
23.275,19.970766,2025-11-20 20:00:00
19.475,13.074949,2025-11-20 21:00:00
23.725,28.134365,2025-11-20 21:00:00
54.075,29.67396,2025-11-20 21:00:00
4.2,23.793852,2025-11-20 21:00:00
84.575,38.861176,2025-11-20 21:00:00
84.65,41.619896,2025-11-20 22:00:00
48.35,27.567186,2025-11-20 22:00:00
20.325,14.227702,2025-11-20 22:00:00
4.2,22.145313,2025-11-20 22:00:00
22.75,27.637102,2025-11-20 22:00:00
20.666666666666668,16.301622,2025-11-20 23:00:00
92.325,40.830112,2025-11-20 23:00:00
54.6,25.17139,2025-11-20 23:00:00
20.45,26.944124,2025-11-20 23:00:00
53.325,22.993328,2025-11-21 00:00:00
23.025,14.924117,2025-11-21 00:00:00
16.933333333333334,24.682343,2025-11-21 00:00:00
19.675,27.523453,2025-11-21 00:00:00
95.0,43.50528,2025-11-21 00:00:00
19.425,27.197472,2025-11-21 01:00:00
58.5,23.24587,2025-11-21 01:00:00
23.225,14.626907,2025-11-21 01:00:00
94.875,47.824184,2025-11-21 01:00:00
18.35,25.394037,2025-11-21 01:00:00
55.575,27.11746,2025-11-21 02:00:00
86.475,46.899284,2025-11-21 02:00:00
16.15,18.039959,2025-11-21 02:00:00
17.65,22.673876,2025-11-21 02:00:00
23.1,14.016684,2025-11-21 02:00:00
14.425,17.250242,2025-11-21 03:00:00
22.3,11.952673,2025-11-21 03:00:00
51.8,25.894032,2025-11-21 03:00:00
18.1,18.661638,2025-11-21 03:00:00
86.25,46.445843,2025-11-21 03:00:00
14.025,16.197313,2025-11-21 04:00:00
55.4,23.242268,2025-11-21 04:00:00
16.35,14.641314,2025-11-21 04:00:00
88.85,44.638245,2025-11-21 04:00:00
20.75,12.886494,2025-11-21 04:00:00
54.125,23.810654,2025-11-21 05:00:00
20.525,12.218975,2025-11-21 05:00:00
14.275,15.868018,2025-11-21 05:00:00
13.9,16.727972,2025-11-21 05:00:00
88.975,43.894634,2025-11-21 05:00:00
20.025,12.072341,2025-11-21 06:00:00
10.725,13.3433895,2025-11-21 06:00:00
54.4,22.620579,2025-11-21 06:00:00
12.6,15.283001,2025-11-21 06:00:00
93.525,38.62635,2025-11-21 06:00:00
56.05,22.903334,2025-11-21 07:00:00
13.9,17.07626,2025-11-21 07:00:00
19.125,11.797143,2025-11-21 07:00:00
7.3,16.993227,2025-11-21 07:00:00
87.925,41.269226,2025-11-21 07:00:00
52.725,20.994448,2025-11-21 08:00:00
86.45,42.93884,2025-11-21 08:00:00
4.725,15.188028,2025-11-21 08:00:00
13.45,18.531433,2025-11-21 08:00:00
17.925,12.452583,2025-11-21 08:00:00
2.225,15.426351,2025-11-21 09:00:00
14.2,17.269115,2025-11-21 09:00:00
84.675,44.406223,2025-11-21 09:00:00
17.2,10.745697,2025-11-21 09:00:00
50.925,23.150347,2025-11-21 09:00:00
1.15,16.33443,2025-11-21 10:00:00
47.875,23.566002,2025-11-21 10:00:00
17.525,12.890058,2025-11-21 10:00:00
86.225,40.605515,2025-11-21 10:00:00
11.975,14.810777,2025-11-21 10:00:00
85.8,36.869038,2025-11-21 11:00:00
9.725,15.107463,2025-11-21 11:00:00
1.875,17.676489,2025-11-21 11:00:00
48.05,26.117748,2025-11-21 11:00:00
17.65,14.928115,2025-11-21 11:00:00
48.275,27.733345,2025-11-21 12:00:00
17.125,13.785033,2025-11-21 12:00:00
7.525,13.651013,2025-11-21 12:00:00
1.35,18.888254,2025-11-21 12:00:00
82.7,37.895462,2025-11-21 12:00:00
6.5,12.239356,2025-11-21 13:00:00
82.4,36.918526,2025-11-21 13:00:00
1.15,16.384733,2025-11-21 13:00:00
17.425,14.609045,2025-11-21 13:00:00
49.3,26.077393,2025-11-21 13:00:00
46.45,22.494032,2025-11-21 14:00:00
4.475,11.392557,2025-11-21 14:00:00
17.200000000000003,13.574677,2025-11-21 14:00:00
79.975,37.38587,2025-11-21 14:00:00
6.2,10.242789,2025-11-21 14:00:00
46.3,23.781857,2025-11-21 15:00:00
80.9,31.617336,2025-11-21 15:00:00
6.0,8.999891,2025-11-21 15:00:00
2.7,11.870179,2025-11-21 15:00:00
16.725,12.31352,2025-11-21 15:00:00
22.975,11.396859,2025-11-21 16:00:00
86.6,30.941032,2025-11-21 16:00:00
2.7,9.821914,2025-11-21 16:00:00
45.95,28.071486,2025-11-21 16:00:00
4.425,18.213806,2025-11-21 16:00:00
2.7,12.926928,2025-11-21 17:00:00
52.2,27.838728,2025-11-21 17:00:00
85.15,32.679863,2025-11-21 17:00:00
25.875,11.860666,2025-11-21 17:00:00
3.475,10.766706,2025-11-21 17:00:00
6.9,12.302549,2025-11-21 18:00:00
54.075,26.400084,2025-11-21 18:00:00
88.35,31.921076,2025-11-21 18:00:00
26.225,11.406508,2025-11-21 18:00:00
2.7,15.792773,2025-11-21 18:00:00
14.225,16.993633,2025-11-21 19:00:00
26.65,12.591034,2025-11-21 19:00:00
0.7,17.764652,2025-11-21 19:00:00
55.825,20.550934,2025-11-21 19:00:00
96.975,29.746458,2025-11-21 19:00:00
15.65,20.982069,2025-11-21 20:00:00
58.725,23.679789,2025-11-21 20:00:00
103.125,33.808838,2025-11-21 20:00:00
19.55,12.175695,2025-11-21 20:00:00
0.7,12.039452,2025-11-21 20:00:00
106.35,36.977028,2025-11-21 21:00:00
56.2,21.004698,2025-11-21 21:00:00
22.33333333333333,13.112959,2025-11-21 21:00:00
15.125,20.820446,2025-11-21 21:00:00
16.75,12.647538,2025-11-21 21:00:00
111.025,38.7957,2025-11-21 22:00:00
17.725,12.929632,2025-11-21 22:00:00
16.675,24.838928,2025-11-21 22:00:00
25.6,11.285026,2025-11-21 22:00:00
58.65,25.386683,2025-11-21 22:00:00
18.133333333333336,14.8721075,2025-11-21 23:00:00
18.15,23.308794,2025-11-21 23:00:00
116.475,39.87936,2025-11-21 23:00:00
60.7,23.091396,2025-11-21 23:00:00
17.325,20.10389,2025-11-22 00:00:00
61.975,21.422922,2025-11-22 00:00:00
18.9,12.125483,2025-11-22 00:00:00
119.3,45.854916,2025-11-22 00:00:00
22.4,13.264457,2025-11-22 00:00:00
23.475,16.418587,2025-11-22 01:00:00
18.975,13.076564,2025-11-22 01:00:00
111.425,52.369347,2025-11-22 01:00:00
17.025,16.473085,2025-11-22 01:00:00
55.725,21.87451,2025-11-22 01:00:00
18.275,13.334585,2025-11-22 02:00:00
22.15,16.906416,2025-11-22 02:00:00
103.1,57.558647,2025-11-22 02:00:00
55.35,23.045956,2025-11-22 02:00:00
17.1,17.60957,2025-11-22 02:00:00
100.975,57.072308,2025-11-22 03:00:00
14.475,13.713561,2025-11-22 03:00:00
52.775,21.758024,2025-11-22 03:00:00
20.825,14.57548,2025-11-22 03:00:00
17.675,14.291971,2025-11-22 03:00:00
12.8,13.920323,2025-11-22 04:00:00
101.375,51.334625,2025-11-22 04:00:00
13.925,14.236359,2025-11-22 04:00:00
19.85,12.197187,2025-11-22 04:00:00
53.425,22.286503,2025-11-22 04:00:00
10.1,13.938421,2025-11-22 05:00:00
14.35,12.740901,2025-11-22 05:00:00
100.4,53.075897,2025-11-22 05:00:00
17.375,14.05711,2025-11-22 05:00:00
49.725,21.605179,2025-11-22 05:00:00
9.825,12.44072,2025-11-22 06:00:00
16.425,13.548281,2025-11-22 06:00:00
49.85,19.891684,2025-11-22 06:00:00
98.225,48.712677,2025-11-22 06:00:00
13.925,13.715944,2025-11-22 06:00:00
51.025,22.549778,2025-11-22 07:00:00
14.3,12.254031,2025-11-22 07:00:00
9.925,12.868559,2025-11-22 07:00:00
15.3,17.059704,2025-11-22 07:00:00
97.4,46.951077,2025-11-22 07:00:00
12.725,11.936926,2025-11-22 08:00:00
98.95,48.423485,2025-11-22 08:00:00
51.5,23.65039,2025-11-22 08:00:00
16.05,14.857388,2025-11-22 08:00:00
14.925,14.025031,2025-11-22 08:00:00
16.475,15.516245,2025-11-22 09:00:00
9.85,10.712161,2025-11-22 09:00:00
49.75,21.787308,2025-11-22 09:00:00
16.95,12.848249,2025-11-22 09:00:00
104.75,51.949375,2025-11-22 09:00:00
46.075,24.243202,2025-11-22 10:00:00
104.4,47.003174,2025-11-22 10:00:00
10.35,8.478336,2025-11-22 10:00:00
17.25,13.716905,2025-11-22 10:00:00
15.1,15.03151,2025-11-22 10:00:00
49.3,28.310844,2025-11-22 11:00:00
10.5,9.403515,2025-11-22 11:00:00
105.4,46.680416,2025-11-22 11:00:00
18.125,13.310253,2025-11-22 11:00:00
12.6,14.47676,2025-11-22 11:00:00
10.85,14.853931,2025-11-22 12:00:00
47.25,28.495512,2025-11-22 12:00:00
104.55,46.55135,2025-11-22 12:00:00
16.775,14.250201,2025-11-22 12:00:00
11.35,7.960771,2025-11-22 12:00:00
8.275,12.279108,2025-11-22 13:00:00
51.025,27.446465,2025-11-22 13:00:00
13.9,9.199082,2025-11-22 13:00:00
16.4,15.082561,2025-11-22 13:00:00
102.35,38.88064,2025-11-22 13:00:00
15.975,14.162152,2025-11-22 14:00:00
14.7,5.781943,2025-11-22 14:00:00
51.6,23.566698,2025-11-22 14:00:00
4.825,8.820453,2025-11-22 14:00:00
95.525,39.138355,2025-11-22 14:00:00
11.05,6.274639,2025-11-22 15:00:00
5.025,9.176364,2025-11-22 15:00:00
60.650000000000006,22.265697,2025-11-22 15:00:00
97.375,38.066456,2025-11-22 15:00:00
15.225,12.270414,2025-11-22 15:00:00
100.575,37.90228,2025-11-22 16:00:00
59.25,25.610403,2025-11-22 16:00:00
8.325,4.599724,2025-11-22 16:00:00
17.5,11.294653,2025-11-22 16:00:00
4.75,10.109606,2025-11-22 16:00:00
53.475,25.889444,2025-11-22 17:00:00
100.85,40.136307,2025-11-22 17:00:00
19.225,11.951576,2025-11-22 17:00:00
6.625,6.782922,2025-11-22 17:00:00
5.0,10.420132,2025-11-22 17:00:00
6.15,12.2444935,2025-11-22 18:00:00
19.25,12.258747,2025-11-22 18:00:00
50.175,28.256268,2025-11-22 18:00:00
102.025,34.127724,2025-11-22 18:00:00
7.425,6.655469,2025-11-22 18:00:00
104.525,33.55365,2025-11-22 19:00:00
10.975,17.597551,2025-11-22 19:00:00
19.525,12.531557,2025-11-22 19:00:00
7.725,7.5004144,2025-11-22 19:00:00
50.5,21.658,2025-11-22 19:00:00
15.875,12.589272,2025-11-22 20:00:00
56.65,26.135044,2025-11-22 20:00:00
12.425,20.423359,2025-11-22 20:00:00
6.35,6.5968986,2025-11-22 20:00:00
109.775,33.218136,2025-11-22 20:00:00
113.075,42.644993,2025-11-22 21:00:00
14.2,9.368738,2025-11-22 21:00:00
4.8,9.1360235,2025-11-22 21:00:00
12.7,20.27984,2025-11-22 21:00:00
55.150000000000006,30.915382,2025-11-22 21:00:00
109.075,42.42794,2025-11-22 22:00:00
3.975,10.916455,2025-11-22 22:00:00
14.675,9.828233,2025-11-22 22:00:00
65.125,26.696001,2025-11-22 22:00:00
12.65,24.176476,2025-11-22 22:00:00
13.575,23.530035,2025-11-22 23:00:00
63.525000000000006,28.096638,2025-11-22 23:00:00
14.6,10.594903,2025-11-22 23:00:00
0.75,17.059298,2025-11-22 23:00:00
113.05,53.9976,2025-11-22 23:00:00
18.266666666666666,15.425768,2025-11-23 00:00:00
19.775,12.650145,2025-11-23 00:00:00
110.55,52.913055,2025-11-23 00:00:00
11.775,22.126278,2025-11-23 00:00:00
62.525,31.490623,2025-11-23 00:00:00
22.2,12.517662,2025-11-23 01:00:00
12.3,21.466303,2025-11-23 01:00:00
20.3,16.888449,2025-11-23 01:00:00
63.85,29.65399,2025-11-23 01:00:00
109.5,58.535866,2025-11-23 01:00:00
109.05,63.905697,2025-11-23 02:00:00
21.925,10.652316,2025-11-23 02:00:00
11.65,16.051682,2025-11-23 02:00:00
18.200000000000003,13.239032,2025-11-23 02:00:00
60.725,30.476538,2025-11-23 02:00:00
19.275,13.960525,2025-11-23 03:00:00
107.1,54.02519,2025-11-23 03:00:00
56.425,32.78931,2025-11-23 03:00:00
21.9,12.520596,2025-11-23 03:00:00
9.075,13.282306,2025-11-23 03:00:00
52.325,27.937113,2025-11-23 04:00:00
18.775,15.633403,2025-11-23 04:00:00
105.775,54.62596,2025-11-23 04:00:00
8.6,13.295599,2025-11-23 04:00:00
15.35,11.998886,2025-11-23 04:00:00
103.225,54.068268,2025-11-23 05:00:00
17.85,13.112603,2025-11-23 05:00:00
50.55,30.957039,2025-11-23 05:00:00
11.8,11.238632,2025-11-23 05:00:00
8.55,16.076551,2025-11-23 05:00:00
48.375,28.444893,2025-11-23 06:00:00
105.7,50.560036,2025-11-23 06:00:00
11.2,12.13749,2025-11-23 06:00:00
18.25,10.657965,2025-11-23 06:00:00
7.725,14.986733,2025-11-23 06:00:00
10.55,11.791852,2025-11-23 07:00:00
50.25,28.063616,2025-11-23 07:00:00
109.425,52.605198,2025-11-23 07:00:00
8.15,15.594668,2025-11-23 07:00:00
14.75,9.403714,2025-11-23 07:00:00
112.95,51.92913,2025-11-23 08:00:00
8.924999999999999,14.022948,2025-11-23 08:00:00
13.025,12.319489,2025-11-23 08:00:00
50.0,26.087404,2025-11-23 08:00:00
15.5,10.020969,2025-11-23 08:00:00
8.6,29.494797,2025-11-23 09:00:00
19.166666666666668,50.93959,2025-11-23 09:00:00
14.45,12.837917,2025-11-23 09:00:00
8.75,14.086744,2025-11-23 09:00:00
12.85,9.571289,2025-11-23 09:00:00
15.625,13.873549,2025-11-23 10:00:00
9.475,13.38631,2025-11-23 10:00:00
5.3,51.829964,2025-11-23 10:00:00
12.0,9.998742,2025-11-23 10:00:00
8.475,25.08072,2025-11-23 10:00:00
9.05,12.758592,2025-11-23 11:00:00
8.966666666666667,25.214655,2025-11-23 11:00:00
13.025,10.676707,2025-11-23 11:00:00
16.7,15.484986,2025-11-23 11:00:00
2.9,50.120308,2025-11-23 11:00:00
21.25,24.54851,2025-11-23 12:00:00
15.5,14.52029,2025-11-23 12:00:00
13.6,8.301944,2025-11-23 12:00:00
7.175,14.02329,2025-11-23 12:00:00
2.9,42.25254,2025-11-23 12:00:00
2.9,44.97042,2025-11-23 13:00:00
5.675000000000001,12.076384,2025-11-23 13:00:00
15.175,23.408548,2025-11-23 13:00:00
15.275,8.571699,2025-11-23 13:00:00
15.625,15.294411,2025-11-23 13:00:00
4.0,9.12448,2025-11-23 14:00:00
16.15,10.342196,2025-11-23 14:00:00
15.35,24.920527,2025-11-23 14:00:00
3.6,47.866035,2025-11-23 14:00:00
15.45,14.1321945,2025-11-23 14:00:00
3.7,40.551376,2025-11-23 15:00:00
15.066666666666668,9.479919,2025-11-23 15:00:00
2.5,9.241616,2025-11-23 15:00:00
15.2,10.90666,2025-11-23 15:00:00
12.05,24.356161,2025-11-23 15:00:00
10.4,20.532972,2025-11-23 16:00:00
4.6,44.337387,2025-11-23 16:00:00
13.925,9.172507,2025-11-23 16:00:00
17.6,13.063153,2025-11-23 16:00:00
1.825,9.693715,2025-11-23 16:00:00
1.375,9.915412,2025-11-23 17:00:00
9.1,21.128817,2025-11-23 17:00:00
18.15,14.197098,2025-11-23 17:00:00
12.725,6.6167746,2025-11-23 17:00:00
5.175,46.781815,2025-11-23 17:00:00
27.575000000000003,20.605474,2025-11-23 18:00:00
18.425,14.886777,2025-11-23 18:00:00
11.95,7.2536187,2025-11-23 18:00:00
2.725,12.132051,2025-11-23 18:00:00
8.7,43.99911,2025-11-23 18:00:00
5.625,13.666533,2025-11-23 19:00:00
11.35,9.725498,2025-11-23 19:00:00
32.6,23.691643,2025-11-23 19:00:00
18.975,13.401584,2025-11-23 19:00:00
11.55,35.977005,2025-11-23 19:00:00
26.8,26.400684,2025-11-23 20:00:00
15.75,38.85542,2025-11-23 20:00:00
17.4,10.775875,2025-11-23 20:00:00
12.15,6.854345,2025-11-23 20:00:00
8.3,15.483791,2025-11-23 20:00:00
11.85,12.715128,2025-11-23 21:00:00
29.075,25.367699,2025-11-23 21:00:00
17.625,11.527176,2025-11-23 21:00:00
9.575,17.119322,2025-11-23 21:00:00
18.4,41.780495,2025-11-23 21:00:00
9.025,17.440706,2025-11-23 22:00:00
22.1,50.645836,2025-11-23 22:00:00
27.875,26.009272,2025-11-23 22:00:00
17.75,12.330086,2025-11-23 22:00:00
9.175,17.123945,2025-11-23 22:00:00
27.55,26.237894,2025-11-23 23:00:00
5.1,16.792929,2025-11-23 23:00:00
10.05,18.710806,2025-11-23 23:00:00
17.733333333333334,12.708153,2025-11-23 23:00:00
25.15,49.381866,2025-11-23 23:00:00
9.15,15.22418,2025-11-24 00:00:00
15.125,12.081359,2025-11-24 00:00:00
28.625,32.59712,2025-11-24 00:00:00
16.866666666666667,20.439186,2025-11-24 00:00:00
25.0,54.55371,2025-11-24 00:00:00
8.2,16.161362,2025-11-24 01:00:00
20.425,23.442974,2025-11-24 01:00:00
28.0,28.904343,2025-11-24 01:00:00
13.9,12.54739,2025-11-24 01:00:00
21.95,53.92116,2025-11-24 01:00:00
8.45,17.530548,2025-11-24 02:00:00
24.3,27.104282,2025-11-24 02:00:00
15.75,55.006058,2025-11-24 02:00:00
13.475,12.004743,2025-11-24 02:00:00
19.8,20.456055,2025-11-24 02:00:00
7.7,14.897014,2025-11-24 03:00:00
13.2,11.630362,2025-11-24 03:00:00
19.1,18.182932,2025-11-24 03:00:00
13.625,52.948418,2025-11-24 03:00:00
20.275,28.344475,2025-11-24 03:00:00
19.3,15.217413,2025-11-24 04:00:00
21.8,29.622282,2025-11-24 04:00:00
6.575,12.624107,2025-11-24 04:00:00
11.475,50.304005,2025-11-24 04:00:00
15.225,11.72733,2025-11-24 04:00:00
18.725,14.661556,2025-11-24 05:00:00
10.05,52.911636,2025-11-24 05:00:00
16.0,11.248355,2025-11-24 05:00:00
6.125,12.879648,2025-11-24 05:00:00
22.275,28.272575,2025-11-24 05:00:00
14.325,44.477287,2025-11-24 06:00:00
18.575,25.303028,2025-11-24 06:00:00
18.425,13.394866,2025-11-24 06:00:00
5.525,11.470856,2025-11-24 06:00:00
15.1,10.793112,2025-11-24 06:00:00
14.625,11.469155,2025-11-24 07:00:00
4.1,12.120627,2025-11-24 07:00:00
32.9,28.101597,2025-11-24 07:00:00
14.575,11.509061,2025-11-24 07:00:00
16.25,46.98375,2025-11-24 07:00:00
4.225,12.21057,2025-11-24 08:00:00
33.3,25.113544,2025-11-24 08:00:00
17.65,11.4300375,2025-11-24 08:00:00
16.525,49.25473,2025-11-24 08:00:00
14.65,10.107252,2025-11-24 08:00:00
14.85,10.960169,2025-11-24 09:00:00
32.975,23.491663,2025-11-24 09:00:00
4.675,13.387568,2025-11-24 09:00:00
19.625,12.002732,2025-11-24 09:00:00
17.25,50.9411,2025-11-24 09:00:00
34.05,23.629507,2025-11-24 10:00:00
17.4,39.315926,2025-11-24 10:00:00
4.4,11.328353,2025-11-24 10:00:00
20.375,12.87042,2025-11-24 10:00:00
14.55,12.81407,2025-11-24 10:00:00
15.4,11.831561,2025-11-24 11:00:00
13.125,27.425224,2025-11-24 11:00:00
3.375,11.792637,2025-11-24 11:00:00
30.9,21.974232,2025-11-24 11:00:00
22.3,17.137598,2025-11-24 11:00:00
16.4,12.221866,2025-11-24 12:00:00
2.45,9.442983,2025-11-24 12:00:00
13.25,28.094156,2025-11-24 12:00:00
25.225,16.00274,2025-11-24 12:00:00
80.125,17.52146,2025-11-24 12:00:00
29.1,17.057833,2025-11-24 13:00:00
2.675,10.9127035,2025-11-24 13:00:00
26.975,14.936051,2025-11-24 13:00:00
14.2,29.684399,2025-11-24 13:00:00
17.174999999999997,10.322106,2025-11-24 13:00:00
102.575,17.213207,2025-11-24 14:00:00
13.125,39.270927,2025-11-24 14:00:00
25.525,14.087246,2025-11-24 14:00:00
1.8,8.754634,2025-11-24 14:00:00
19.2,8.545005,2025-11-24 14:00:00
98.225,13.15664,2025-11-24 15:00:00
25.450000000000003,14.351573,2025-11-24 15:00:00
15.925,39.362877,2025-11-24 15:00:00
0.2,9.349708,2025-11-24 15:00:00
18.025,8.5267935,2025-11-24 15:00:00
14.1,36.464943,2025-11-24 16:00:00
15.2,9.500092,2025-11-24 16:00:00
0.2,10.195046,2025-11-24 16:00:00
23.025,14.671835,2025-11-24 16:00:00
77.275,11.7789955,2025-11-24 16:00:00
10.7,25.470234,2025-11-24 17:00:00
12.25,8.578727,2025-11-24 17:00:00
74.975,12.133184,2025-11-24 17:00:00
22.075,14.023512,2025-11-24 17:00:00
0.2,9.966651,2025-11-24 17:00:00
22.825000000000003,14.651951,2025-11-24 18:00:00
61.25,12.741779,2025-11-24 18:00:00
0.2,11.166875,2025-11-24 18:00:00
20.2,22.307068,2025-11-24 18:00:00
11.875,9.89473,2025-11-24 18:00:00
12.325,9.386912,2025-11-24 19:00:00
40.95,20.851152,2025-11-24 19:00:00
0.35,15.5429535,2025-11-24 19:00:00
23.25,12.876337,2025-11-24 19:00:00
23.8,14.5415325,2025-11-24 19:00:00
0.85,17.064812,2025-11-24 20:00:00
43.45,27.731695,2025-11-24 20:00:00
19.175,12.046848,2025-11-24 20:00:00
28.225,14.865018,2025-11-24 20:00:00
10.975,11.353851,2025-11-24 20:00:00
0.8,19.857035,2025-11-24 21:00:00
46.15,25.084139,2025-11-24 21:00:00
17.175,11.808229,2025-11-24 21:00:00
9.8,11.771366,2025-11-24 21:00:00
30.075,18.322739,2025-11-24 21:00:00
9.6,12.363186,2025-11-24 22:00:00
29.375,22.435905,2025-11-24 22:00:00
48.425,26.311003,2025-11-24 22:00:00
17.174999999999997,11.575111,2025-11-24 22:00:00
1.5,21.774792,2025-11-24 22:00:00
7.25,10.818149,2025-11-24 23:00:00
28.5,27.356953,2025-11-24 23:00:00
1.625,19.791702,2025-11-24 23:00:00
16.866666666666667,11.03637,2025-11-24 23:00:00
49.175,26.522951,2025-11-24 23:00:00
0.6,15.827646,2025-11-25 00:00:00
21.725,11.672934,2025-11-25 00:00:00
15.666666666666666,15.887233,2025-11-25 00:00:00
25.325,30.24021,2025-11-25 00:00:00
47.325,29.518158,2025-11-25 00:00:00
17.925,18.3633,2025-11-25 01:00:00
23.05,30.65343,2025-11-25 01:00:00
49.425,25.907387,2025-11-25 01:00:00
24.175,11.838756,2025-11-25 01:00:00
0.775,15.722286,2025-11-25 01:00:00
24.275,12.225002,2025-11-25 02:00:00
13.0,21.166206,2025-11-25 02:00:00
17.65,16.98033,2025-11-25 02:00:00
1.0,14.5296335,2025-11-25 02:00:00
45.55,25.756777,2025-11-25 02:00:00
0.3666666666666667,12.44099,2025-11-25 03:00:00
23.925,11.961254,2025-11-25 03:00:00
46.2,24.777515,2025-11-25 03:00:00
11.925,17.440521,2025-11-25 03:00:00
17.775,14.72317,2025-11-25 03:00:00
18.275,14.261091,2025-11-25 04:00:00
10.85,15.409946,2025-11-25 04:00:00
0.3666666666666667,13.232423,2025-11-25 04:00:00
45.35,19.182281,2025-11-25 04:00:00
19.85,11.276598,2025-11-25 04:00:00
0.1,12.980934,2025-11-25 05:00:00
18.1,14.071927,2025-11-25 05:00:00
43.9,17.428015,2025-11-25 05:00:00
10.975,19.793755,2025-11-25 05:00:00
17.475,11.995107,2025-11-25 05:00:00
41.35,18.014585,2025-11-25 06:00:00
10.925,19.801355,2025-11-25 06:00:00
0.1,12.02255,2025-11-25 06:00:00
16.725,12.12699,2025-11-25 06:00:00
17.224999999999998,15.551747,2025-11-25 06:00:00
38.575,26.59746,2025-11-25 07:00:00
0.1,12.207558,2025-11-25 07:00:00
15.45,13.039505,2025-11-25 07:00:00
10.1,17.899683,2025-11-25 07:00:00
16.625,12.288333,2025-11-25 07:00:00
8.566666666666668,20.67051,2025-11-25 08:00:00
1.75,13.771917,2025-11-25 08:00:00
42.45,28.50579,2025-11-25 08:00:00
23.275,9.770249,2025-11-25 08:00:00
16.675,11.18692,2025-11-25 08:00:00
26.775,12.485459,2025-11-25 09:00:00
8.566666666666668,16.079292,2025-11-25 09:00:00
43.625,17.617867,2025-11-25 09:00:00
16.05,10.644753,2025-11-25 09:00:00
4.65,13.136946,2025-11-25 09:00:00
27.875,15.444986,2025-11-25 10:00:00
8.566666666666668,16.397097,2025-11-25 10:00:00
5.0,13.414121,2025-11-25 10:00:00
38.075,17.99055,2025-11-25 10:00:00
18.4,11.323906,2025-11-25 10:00:00
41.3,17.460821,2025-11-25 11:00:00
7.95,16.562122,2025-11-25 11:00:00
4.175,13.767843,2025-11-25 11:00:00
28.8,18.610718,2025-11-25 11:00:00
20.225,12.601673,2025-11-25 11:00:00
3.725,13.346853,2025-11-25 12:00:00
8.075,19.194967,2025-11-25 12:00:00
38.1,17.738314,2025-11-25 12:00:00
23.95,11.309986,2025-11-25 12:00:00
17.8,16.124968,2025-11-25 12:00:00
25.3,13.733841,2025-11-25 13:00:00
12.95,17.033207,2025-11-25 13:00:00
3.075,12.825969,2025-11-25 13:00:00
5.475,17.197317,2025-11-25 13:00:00
39.95,20.488277,2025-11-25 13:00:00
3.225,17.312237,2025-11-25 14:00:00
12.025,17.098682,2025-11-25 14:00:00
2.7,10.803124,2025-11-25 14:00:00
23.3,11.232911,2025-11-25 14:00:00
41.9,20.520454,2025-11-25 14:00:00
11.825,17.18018,2025-11-25 15:00:00
42.375,28.868023,2025-11-25 15:00:00
1.825,11.325072,2025-11-25 15:00:00
22.9,12.211374,2025-11-25 15:00:00
4.775,17.508055,2025-11-25 15:00:00
18.2,13.391537,2025-11-25 16:00:00
1.1,11.886921,2025-11-25 16:00:00
46.6,30.310997,2025-11-25 16:00:00
0.8,15.5816145,2025-11-25 16:00:00
21.125,9.718821,2025-11-25 16:00:00
21.175,12.722592,2025-11-25 17:00:00
0.7000000000000001,11.971927,2025-11-25 17:00:00
45.025,22.46748,2025-11-25 17:00:00
2.9,14.693832,2025-11-25 17:00:00
16.55,9.914554,2025-11-25 17:00:00
0.875,13.375254,2025-11-25 18:00:00
41.825,19.861692,2025-11-25 18:00:00
3.866666666666666,17.285591,2025-11-25 18:00:00
18.15,10.346478,2025-11-25 18:00:00
21.425,14.041327,2025-11-25 18:00:00
17.15,10.397425,2025-11-25 19:00:00
4.95,14.866736,2025-11-25 19:00:00
22.05,14.816962,2025-11-25 19:00:00
5.9,16.185863,2025-11-25 19:00:00
46.575,21.898893,2025-11-25 19:00:00
16.8,10.357083,2025-11-25 20:00:00
18.55,14.292985,2025-11-25 20:00:00
8.6,17.336569,2025-11-25 20:00:00
50.425,23.765257,2025-11-25 20:00:00
9.5,15.784903,2025-11-25 20:00:00
17.75,11.441408,2025-11-25 21:00:00
52.475,20.960207,2025-11-25 21:00:00
15.55,17.935774,2025-11-25 21:00:00
17.425,12.66092,2025-11-25 21:00:00
13.7,15.544033,2025-11-25 21:00:00
15.475,12.242634,2025-11-25 22:00:00
54.2,27.77047,2025-11-25 22:00:00
14.05,20.454607,2025-11-25 22:00:00
15.325,20.186373,2025-11-25 22:00:00
17.575,13.113918,2025-11-25 22:00:00
21.375,23.964918,2025-11-25 23:00:00
12.15,19.625296,2025-11-25 23:00:00
57.625,26.928036,2025-11-25 23:00:00
17.233333333333334,12.969618,2025-11-25 23:00:00
13.7,10.609015,2025-11-25 23:00:00
60.0,24.818726,2025-11-26 00:00:00
25.6,26.888103,2025-11-26 00:00:00
10.4,16.231472,2025-11-26 00:00:00
21.433333333333334,12.334091,2025-11-26 00:00:00
18.475,14.056826,2025-11-26 00:00:00
25.925,22.704563,2025-11-26 01:00:00
23.95,14.89647,2025-11-26 01:00:00
9.275,12.795216,2025-11-26 01:00:00
56.175,25.594315,2025-11-26 01:00:00
18.825,12.830718,2025-11-26 01:00:00
30.05,14.682957,2025-11-26 02:00:00
55.0,24.55834,2025-11-26 02:00:00
8.55,11.180697,2025-11-26 02:00:00
21.775,19.890377,2025-11-26 02:00:00
19.05,14.04357,2025-11-26 02:00:00
22.475,16.107244,2025-11-26 03:00:00
40.35,14.330037,2025-11-26 03:00:00
6.0,10.447072,2025-11-26 03:00:00
53.95,25.638947,2025-11-26 03:00:00
19.75,14.671708,2025-11-26 03:00:00
17.525,14.417435,2025-11-26 04:00:00
37.325,12.772939,2025-11-26 04:00:00
5.725,11.102787,2025-11-26 04:00:00
21.75,13.674229,2025-11-26 04:00:00
51.925,22.471928,2025-11-26 04:00:00
55.4,21.952635,2025-11-26 05:00:00
22.5,13.594833,2025-11-26 05:00:00
16.275,15.237676,2025-11-26 05:00:00
36.95,13.576267,2025-11-26 05:00:00
6.3,10.437186,2025-11-26 05:00:00
22.925,13.239538,2025-11-26 06:00:00
52.775,20.001492,2025-11-26 06:00:00
36.575,14.466695,2025-11-26 06:00:00
18.15,14.114946,2025-11-26 06:00:00
6.025,10.235266,2025-11-26 06:00:00
36.1,10.766861,2025-11-26 07:00:00
7.0,7.736826,2025-11-26 07:00:00
22.15,11.585687,2025-11-26 07:00:00
56.575,22.460613,2025-11-26 07:00:00
19.45,17.37997,2025-11-26 07:00:00
37.025,10.325098,2025-11-26 08:00:00
10.05,8.385088,2025-11-26 08:00:00
19.7,13.753015,2025-11-26 08:00:00
93.3,23.267544,2025-11-26 08:00:00
23.925,12.339599,2025-11-26 08:00:00
83.625,21.004519,2025-11-26 09:00:00
12.35,10.617842,2025-11-26 09:00:00
35.15,10.211385,2025-11-26 09:00:00
15.75,13.20226,2025-11-26 09:00:00
24.825,14.585715,2025-11-26 09:00:00
35.2,11.27177,2025-11-26 10:00:00
28.375,17.333055,2025-11-26 10:00:00
67.675,17.911335,2025-11-26 10:00:00
8.350000000000001,11.158256,2025-11-26 10:00:00
12.775,9.21382,2025-11-26 10:00:00
39.35,13.002577,2025-11-26 11:00:00
10.85,13.020196,2025-11-26 11:00:00
10.775,10.348773,2025-11-26 11:00:00
27.725,18.808521,2025-11-26 11:00:00
62.975,22.758238,2025-11-26 11:00:00
43.4,14.387113,2025-11-26 12:00:00
58.175,31.267576,2025-11-26 12:00:00
22.0,18.159737,2025-11-26 12:00:00
6.824999999999999,14.269483,2025-11-26 12:00:00
10.8,11.229442,2025-11-26 12:00:00
43.9,14.48011,2025-11-26 13:00:00
19.575,16.38475,2025-11-26 13:00:00
8.975,11.985316,2025-11-26 13:00:00
58.725,19.798412,2025-11-26 13:00:00
6.949999999999999,12.761489,2025-11-26 13:00:00
2.85,13.662739,2025-11-26 14:00:00
42.775,11.812753,2025-11-26 14:00:00
8.15,12.222335,2025-11-26 14:00:00
57.925,26.98612,2025-11-26 14:00:00
18.7,15.702049,2025-11-26 14:00:00
2.966666666666667,12.251882,2025-11-26 15:00:00
54.225,24.071674,2025-11-26 15:00:00
42.85,11.3334875,2025-11-26 15:00:00
7.533333333333334,12.233754,2025-11-26 15:00:00
16.875,15.2123,2025-11-26 15:00:00
38.175,9.238969,2025-11-26 16:00:00
5.45,12.065128,2025-11-26 16:00:00
15.875,14.7758,2025-11-26 16:00:00
53.025,28.816437,2025-11-26 16:00:00
2.0666666666666664,11.203204,2025-11-26 16:00:00
15.475,13.974936,2025-11-26 17:00:00
0.8,12.579128,2025-11-26 17:00:00
49.225,26.963726,2025-11-26 17:00:00
34.925,9.483674,2025-11-26 17:00:00
3.75,12.611378,2025-11-26 17:00:00
3.5,15.000278,2025-11-26 18:00:00
16.1,15.302186,2025-11-26 18:00:00
36.5,12.545669,2025-11-26 18:00:00
51.85,21.994577,2025-11-26 18:00:00
4.45,13.437174,2025-11-26 18:00:00
7.85,14.21852,2025-11-26 19:00:00
16.575,15.380575,2025-11-26 19:00:00
5.074999999999999,14.478445,2025-11-26 19:00:00
36.8,10.035433,2025-11-26 19:00:00
53.575,28.850122,2025-11-26 19:00:00
56.275,26.53883,2025-11-26 20:00:00
13.975,16.82613,2025-11-26 20:00:00
14.975,12.714724,2025-11-26 20:00:00
37.05,11.788526,2025-11-26 20:00:00
13.95,13.498331,2025-11-26 20:00:00
14.85,10.03719,2025-11-26 21:00:00
62.3,28.350275,2025-11-26 21:00:00
37.15,10.717656,2025-11-26 21:00:00
15.9,16.037134,2025-11-26 21:00:00
15.675,17.78216,2025-11-26 21:00:00
14.825,12.728442,2025-11-26 22:00:00
62.3,23.275928,2025-11-26 22:00:00
22.525,16.527029,2025-11-26 22:00:00
36.85,10.654309,2025-11-26 22:00:00
16.075,14.821369,2025-11-26 22:00:00
14.675,12.637148,2025-11-26 23:00:00
62.3,27.287228,2025-11-26 23:00:00
34.175,12.770688,2025-11-26 23:00:00
15.366666666666667,13.183322,2025-11-26 23:00:00
20.35,20.540415,2025-11-26 23:00:00
23.166666666666668,13.23144,2025-11-27 00:00:00
12.85,11.050411,2025-11-27 00:00:00
18.025,13.013281,2025-11-27 00:00:00
9.8,26.144537,2025-11-27 00:00:00
19.825,24.17079,2025-11-27 00:00:00
8.6,26.604952,2025-11-27 01:00:00
18.925,14.9108095,2025-11-27 01:00:00
20.4,15.634928,2025-11-27 01:00:00
17.85,25.705881,2025-11-27 01:00:00
13.0,13.016197,2025-11-27 01:00:00
7.45,21.927086,2025-11-27 02:00:00
13.025,24.217289,2025-11-27 02:00:00
13.15,10.474574,2025-11-27 02:00:00
19.5,16.830816,2025-11-27 02:00:00
19.15,13.023818,2025-11-27 02:00:00
10.95,9.297878,2025-11-27 03:00:00
7.5,23.548937,2025-11-27 03:00:00
12.6,23.312317,2025-11-27 03:00:00
18.725,11.800372,2025-11-27 03:00:00
20.5,20.55485,2025-11-27 03:00:00
14.275,11.4759245,2025-11-27 04:00:00
10.275,8.664079,2025-11-27 04:00:00
20.700000000000003,20.839588,2025-11-27 04:00:00
12.625,21.234552,2025-11-27 04:00:00
106.2,23.356606,2025-11-27 04:00:00
12.0,16.750933,2025-11-27 05:00:00
19.2,20.374807,2025-11-27 05:00:00
12.4,12.460663,2025-11-27 05:00:00
116.15,24.148914,2025-11-27 05:00:00
10.975,10.114891,2025-11-27 05:00:00
12.7,14.01358,2025-11-27 06:00:00
12.2,15.508017,2025-11-27 06:00:00
18.025,18.68177,2025-11-27 06:00:00
10.325,11.718433,2025-11-27 06:00:00
117.55,21.7335,2025-11-27 06:00:00
11.3,10.905744,2025-11-27 07:00:00
12.55,14.838113,2025-11-27 07:00:00
18.55,18.86818,2025-11-27 07:00:00
13.225,16.322638,2025-11-27 07:00:00
115.975,19.312355,2025-11-27 07:00:00
7.725,14.619151,2025-11-27 08:00:00
97.175,21.64158,2025-11-27 08:00:00
13.725,11.008479,2025-11-27 08:00:00
16.85,17.13934,2025-11-27 08:00:00
13.9,15.807724,2025-11-27 08:00:00
88.525,23.109352,2025-11-27 09:00:00
13.325,6.9401045,2025-11-27 09:00:00
14.825,17.07083,2025-11-27 09:00:00
4.525,19.115532,2025-11-27 09:00:00
10.8,19.286545,2025-11-27 09:00:00
10.3,15.681202,2025-11-27 10:00:00
58.05,23.268461,2025-11-27 10:00:00
6.275,21.333565,2025-11-27 10:00:00
13.35,10.302528,2025-11-27 10:00:00
16.275,17.097944,2025-11-27 10:00:00
6.8,15.947289,2025-11-27 11:00:00
13.45,11.329305,2025-11-27 11:00:00
17.15,18.720964,2025-11-27 11:00:00
7.575,23.22291,2025-11-27 11:00:00
35.9,22.377874,2025-11-27 11:00:00
19.9,19.962778,2025-11-27 12:00:00
3.225,19.908705,2025-11-27 12:00:00
8.15,11.257344,2025-11-27 12:00:00
18.5,22.747822,2025-11-27 12:00:00
20.35,16.011927,2025-11-27 12:00:00
1.8666666666666665,18.404575,2025-11-27 13:00:00
26.875,14.260296,2025-11-27 13:00:00
29.75,20.906145,2025-11-27 13:00:00
19.675,21.30128,2025-11-27 13:00:00
5.775,11.068316,2025-11-27 13:00:00
43.7,19.17361,2025-11-27 14:00:00
4.05,11.455588,2025-11-27 14:00:00
19.75,17.838152,2025-11-27 14:00:00
24.866666666666664,18.063385,2025-11-27 14:00:00
0.95,18.684193,2025-11-27 14:00:00
19.25,19.241924,2025-11-27 15:00:00
24.6,12.817698,2025-11-27 15:00:00
2.45,17.531319,2025-11-27 15:00:00
50.975,17.708143,2025-11-27 15:00:00
1.7,7.8013377,2025-11-27 15:00:00
0.725,9.886132,2025-11-27 16:00:00
64.625,18.253534,2025-11-27 16:00:00
0.8,13.482656,2025-11-27 16:00:00
26.25,14.711751,2025-11-27 16:00:00
16.325,20.825905,2025-11-27 16:00:00
0.7,8.585604,2025-11-27 17:00:00
0.8,14.108051,2025-11-27 17:00:00
27.425,13.44507,2025-11-27 17:00:00
14.5,21.31824,2025-11-27 17:00:00
47.9,20.532707,2025-11-27 17:00:00
28.225,14.420757,2025-11-27 18:00:00
1.6,15.346422,2025-11-27 18:00:00
57.375,25.167595,2025-11-27 18:00:00
0.8,9.697215,2025-11-27 18:00:00
14.825,17.603779,2025-11-27 18:00:00
15.525,17.095919,2025-11-27 19:00:00
29.025,12.304042,2025-11-27 19:00:00
58.675,22.883955,2025-11-27 19:00:00
2.8,13.45588,2025-11-27 19:00:00
1.85,11.5437765,2025-11-27 19:00:00
4.75,14.088208,2025-11-27 20:00:00
23.125,11.632812,2025-11-27 20:00:00
66.60000000000001,23.867586,2025-11-27 20:00:00
17.55,20.213669,2025-11-27 20:00:00
5.125,12.587222,2025-11-27 20:00:00
6.0,15.909133,2025-11-27 21:00:00
69.9,30.375769,2025-11-27 21:00:00
20.45,13.414079,2025-11-27 21:00:00
15.975,19.142305,2025-11-27 21:00:00
8.025,17.65183,2025-11-27 21:00:00
13.6,17.488638,2025-11-27 22:00:00
13.025,18.984997,2025-11-27 22:00:00
20.5,12.891238,2025-11-27 22:00:00
68.925,23.680202,2025-11-27 22:00:00
5.4,17.512291,2025-11-27 22:00:00
68.95,27.481495,2025-11-27 23:00:00
20.1,13.456256,2025-11-27 23:00:00
12.2,21.15631,2025-11-27 23:00:00
15.65,22.313091,2025-11-27 23:00:00
3.925,19.034597,2025-11-27 23:00:00
16.099999999999998,27.73398,2025-11-28 00:00:00
71.775,29.727448,2025-11-28 00:00:00
3.425,16.724262,2025-11-28 00:00:00
24.95,14.53885,2025-11-28 00:00:00
13.775,27.295128,2025-11-28 00:00:00
9.8,25.477299,2025-11-28 01:00:00
2.525,14.280821,2025-11-28 01:00:00
19.125,26.244604,2025-11-28 01:00:00
27.125,12.958425,2025-11-28 01:00:00
72.3,28.811964,2025-11-28 01:00:00
76.95,19.281282,2025-11-28 02:00:00
2.5,13.422281,2025-11-28 02:00:00
26.775,15.021484,2025-11-28 02:00:00
18.2,23.9641,2025-11-28 02:00:00
3.7,22.719152,2025-11-28 02:00:00
2.275,22.57419,2025-11-28 03:00:00
1.175,12.847405,2025-11-28 03:00:00
26.35,14.052585,2025-11-28 03:00:00
77.47500000000001,17.65349,2025-11-28 03:00:00
19.325,20.659115,2025-11-28 03:00:00
0.875,12.521138,2025-11-28 04:00:00
79.825,30.50134,2025-11-28 04:00:00
18.7,16.909855,2025-11-28 04:00:00
19.65,13.041176,2025-11-28 04:00:00
1.1,19.891695,2025-11-28 04:00:00
16.425,13.457567,2025-11-28 05:00:00
19.325,17.774996,2025-11-28 05:00:00
0.325,12.340087,2025-11-28 05:00:00
80.2,31.285007,2025-11-28 05:00:00
1.3,21.269505,2025-11-28 05:00:00
1.15,12.528069,2025-11-28 06:00:00
16.5,12.452377,2025-11-28 06:00:00
18.65,17.847145,2025-11-28 06:00:00
4.7,20.47923,2025-11-28 06:00:00
84.925,29.472431,2025-11-28 06:00:00
79.725,31.893297,2025-11-28 07:00:00
3.2,19.993338,2025-11-28 07:00:00
18.475,17.816778,2025-11-28 07:00:00
1.125,12.618802,2025-11-28 07:00:00
16.225,13.07306,2025-11-28 07:00:00
20.225,13.34505,2025-11-28 08:00:00
19.525,17.154762,2025-11-28 08:00:00
1.1,13.544073,2025-11-28 08:00:00
81.2,32.30301,2025-11-28 08:00:00
2.6,17.808506,2025-11-28 08:00:00
19.25,14.338343,2025-11-28 09:00:00
79.45,29.498133,2025-11-28 09:00:00
3.875,12.633167,2025-11-28 09:00:00
6.733333333333333,15.05084,2025-11-28 09:00:00
22.825000000000003,13.697766,2025-11-28 09:00:00
23.475,14.715295,2025-11-28 10:00:00
74.25,34.90768,2025-11-28 10:00:00
3.875,15.117069,2025-11-28 10:00:00
21.05,16.248138,2025-11-28 10:00:00
4.9,15.335877,2025-11-28 10:00:00
23.775,15.769558,2025-11-28 11:00:00
53.75,41.172665,2025-11-28 11:00:00
2.45,13.27682,2025-11-28 11:00:00
22.675,16.261454,2025-11-28 11:00:00
3.4,16.504997,2025-11-28 11:00:00
0.55,12.637582,2025-11-28 12:00:00
22.675,15.674026,2025-11-28 12:00:00
84.8,30.186949,2025-11-28 12:00:00
18.4,18.263653,2025-11-28 12:00:00
2.575,18.793684,2025-11-28 12:00:00
8.575,10.817656,2025-11-28 13:00:00
18.4,16.041386,2025-11-28 13:00:00
75.925,28.485691,2025-11-28 13:00:00
2.575,13.535323,2025-11-28 13:00:00
47.5,16.72079,2025-11-28 13:00:00
10.025,9.363377,2025-11-28 14:00:00
70.875,26.358698,2025-11-28 14:00:00
13.6,15.775473,2025-11-28 14:00:00
50.0,17.311125,2025-11-28 14:00:00
2.575,13.701584,2025-11-28 14:00:00
75.3,20.714193,2025-11-28 15:00:00
12.625,14.699871,2025-11-28 15:00:00
8.0,9.022151,2025-11-28 15:00:00
48.475,16.016165,2025-11-28 15:00:00
2.575,13.187306,2025-11-28 15:00:00
46.475,13.674281,2025-11-28 16:00:00
72.55,29.35093,2025-11-28 16:00:00
7.775,7.742045,2025-11-28 16:00:00
15.175,14.001948,2025-11-28 16:00:00
8.45,8.954803,2025-11-28 17:00:00
57.175,20.058853,2025-11-28 17:00:00
3.325,12.02316,2025-11-28 17:00:00
16.05,11.201153,2025-11-28 17:00:00
45.975,14.227117,2025-11-28 17:00:00
4.2,13.942386,2025-11-28 18:00:00
31.8,27.348698,2025-11-28 18:00:00
47.425,16.782307,2025-11-28 18:00:00
16.725,13.343036,2025-11-28 18:00:00
9.6,10.9728,2025-11-28 18:00:00
5.300000000000001,13.486947,2025-11-28 19:00:00
46.625,14.841151,2025-11-28 19:00:00
17.15,13.966301,2025-11-28 19:00:00
37.05,27.576166,2025-11-28 19:00:00
11.65,11.248906,2025-11-28 19:00:00
10.125,13.52129,2025-11-28 20:00:00
16.225,14.28646,2025-11-28 20:00:00
37.05,29.274796,2025-11-28 20:00:00
47.075,15.609074,2025-11-28 20:00:00
14.225,13.096453,2025-11-28 20:00:00
8.75,12.224682,2025-11-28 21:00:00
37.05,30.666456,2025-11-28 21:00:00
15.625,14.742791,2025-11-28 21:00:00
15.85,14.410491,2025-11-28 21:00:00
46.8,15.440246,2025-11-28 21:00:00
15.975,12.256826,2025-11-28 22:00:00
15.925,16.645601,2025-11-28 22:00:00
46.35,15.88471,2025-11-28 22:00:00
37.05,25.053953,2025-11-28 22:00:00
13.6,16.417006,2025-11-28 22:00:00
16.125,16.96739,2025-11-28 23:00:00
15.933333333333332,14.479247,2025-11-28 23:00:00
17.575,18.920662,2025-11-28 23:00:00
45.225,17.293444,2025-11-28 23:00:00
16.325000000000003,15.6840725,2025-11-29 00:00:00
13.675,15.524672,2025-11-29 00:00:00
25.8,13.679119,2025-11-29 00:00:00
17.125,20.640318,2025-11-29 00:00:00
14.35,17.89389,2025-11-29 01:00:00
20.225,14.004955,2025-11-29 01:00:00
15.4,14.756003,2025-11-29 01:00:00
12.375,16.663815,2025-11-29 01:00:00
12.2,17.875196,2025-11-29 02:00:00
19.4,14.280974,2025-11-29 02:00:00
1.4,11.662064,2025-11-29 02:00:00
14.05,13.075031,2025-11-29 02:00:00
12.025,16.78941,2025-11-29 03:00:00
1.4,12.231289,2025-11-29 03:00:00
20.25,14.567205,2025-11-29 03:00:00
12.475,12.53812,2025-11-29 03:00:00
18.025,14.427639,2025-11-29 04:00:00
1.4,10.233442,2025-11-29 04:00:00
11.4,12.520683,2025-11-29 04:00:00
10.225,13.537443,2025-11-29 04:00:00
17.400000000000002,13.909258,2025-11-29 05:00:00
11.125,12.84326,2025-11-29 05:00:00
9.65,12.56546,2025-11-29 05:00:00
1.4,11.137449,2025-11-29 05:00:00
18.525,13.014245,2025-11-29 06:00:00
9.3,11.203741,2025-11-29 06:00:00
10.25,12.978846,2025-11-29 06:00:00
9.475,14.03528,2025-11-29 07:00:00
9.175,13.042775,2025-11-29 07:00:00
18.15,13.380571,2025-11-29 07:00:00
11.5,13.641683,2025-11-29 08:00:00
16.8,11.501492,2025-11-29 08:00:00
2.8,13.988009,2025-11-29 08:00:00
8.725,14.1881275,2025-11-29 08:00:00
16.975,10.43992,2025-11-29 09:00:00
9.0,13.318345,2025-11-29 09:00:00
46.56666666666666,39.96075,2025-11-29 09:00:00
1.2666666666666666,11.563237,2025-11-29 09:00:00
12.65,14.753993,2025-11-29 09:00:00
13.075,16.319223,2025-11-29 10:00:00
5.9,10.894424,2025-11-29 10:00:00
51.1,39.902996,2025-11-29 10:00:00
8.9,16.674355,2025-11-29 10:00:00
18.375,10.951108,2025-11-29 10:00:00
9.325,19.22704,2025-11-29 11:00:00
70.6,32.414852,2025-11-29 11:00:00
13.85,17.000727,2025-11-29 11:00:00
20.325,12.7623205,2025-11-29 11:00:00
13.4,11.914265,2025-11-29 11:00:00
16.475,17.547337,2025-11-29 12:00:00
10.25,19.569923,2025-11-29 12:00:00
12.525,8.929076,2025-11-29 12:00:00
22.725,13.967293,2025-11-29 12:00:00
44.1,25.36134,2025-11-29 12:00:00
99.1,28.676647,2025-11-29 13:00:00
8.325,19.762373,2025-11-29 13:00:00
17.125,15.289391,2025-11-29 13:00:00
11.875,11.749102,2025-11-29 13:00:00
24.5,16.270731,2025-11-29 13:00:00
22.55,15.522059,2025-11-29 14:00:00
36.9,44.43506,2025-11-29 14:00:00
6.8,18.284758,2025-11-29 14:00:00
10.625,9.496619,2025-11-29 14:00:00
16.35,13.161645,2025-11-29 14:00:00
11.35,9.017301,2025-11-29 15:00:00
36.9,35.900246,2025-11-29 15:00:00
16.325000000000003,13.717755,2025-11-29 15:00:00
22.35,19.81668,2025-11-29 15:00:00
5.55,16.65946,2025-11-29 15:00:00
4.925,17.27665,2025-11-29 16:00:00
22.975,14.987899,2025-11-29 16:00:00
19.175,14.942071,2025-11-29 16:00:00
36.9,34.828533,2025-11-29 16:00:00
4.45,16.034206,2025-11-29 17:00:00
19.625,13.894853,2025-11-29 17:00:00
20.125,17.990633,2025-11-29 17:00:00
36.9,31.217978,2025-11-29 17:00:00
7.85,9.184539,2025-11-29 17:00:00
5.175,17.455162,2025-11-29 18:00:00
18.075,19.883558,2025-11-29 18:00:00
7.875,9.255353,2025-11-29 18:00:00
19.525,15.708645,2025-11-29 18:00:00
18.325,20.264753,2025-11-29 19:00:00
8.575,13.594982,2025-11-29 19:00:00
19.825,16.71338,2025-11-29 19:00:00
7.35,22.311182,2025-11-29 19:00:00
8.5,21.601597,2025-11-29 20:00:00
6.199999999999999,12.371405,2025-11-29 20:00:00
22.125,15.3817,2025-11-29 20:00:00
17.9,21.621862,2025-11-29 20:00:00
17.0,28.864502,2025-11-29 21:00:00
22.725,14.682045,2025-11-29 21:00:00
5.5,14.557687,2025-11-29 21:00:00
8.375,21.602745,2025-11-29 21:00:00
10.475,20.049038,2025-11-29 22:00:00
15.5,29.537893,2025-11-29 22:00:00
22.425,14.068437,2025-11-29 22:00:00
6.3,15.117876,2025-11-29 22:00:00
4.15,16.155054,2025-11-29 23:00:00
11.0,16.958559,2025-11-29 23:00:00
14.05,28.986654,2025-11-29 23:00:00
22.83333333333333,14.400504,2025-11-29 23:00:00
4.433333333333334,18.682285,2025-11-30 00:00:00
18.53333333333333,29.023474,2025-11-30 00:00:00
10.266666666666666,13.18097,2025-11-30 00:00:00
21.15,13.619176,2025-11-30 00:00:00
21.4,13.516621,2025-11-30 01:00:00
4.3,17.066128,2025-11-30 01:00:00
9.875,13.295134,2025-11-30 01:00:00
19.55,19.923391,2025-11-30 01:00:00
20.45,13.362679,2025-11-30 02:00:00
19.75,20.314291,2025-11-30 02:00:00
4.3,15.324374,2025-11-30 02:00:00
9.95,13.177002,2025-11-30 02:00:00
20.125,16.388214,2025-11-30 03:00:00
4.3,13.313908,2025-11-30 03:00:00
7.575,12.806617,2025-11-30 03:00:00
19.775,13.416516,2025-11-30 03:00:00
18.4,15.333337,2025-11-30 04:00:00
8.05,11.52269,2025-11-30 04:00:00
21.85,12.081288,2025-11-30 04:00:00
1.6,11.5238,2025-11-30 04:00:00
1.6,13.560165,2025-11-30 05:00:00
7.425,12.464891,2025-11-30 05:00:00
22.475,11.773194,2025-11-30 05:00:00
19.3,17.579994,2025-11-30 05:00:00
22.125,12.097345,2025-11-30 06:00:00
7.625,12.231335,2025-11-30 06:00:00
18.65,15.536619,2025-11-30 06:00:00
6.699999999999999,14.068659,2025-11-30 07:00:00
21.775,12.448865,2025-11-30 07:00:00
20.2,14.986987,2025-11-30 07:00:00
22.225,14.328456,2025-11-30 08:00:00
16.1,14.68905,2025-11-30 08:00:00
4.35,11.707293,2025-11-30 08:00:00
9.225,11.923559,2025-11-30 08:00:00
3.425,13.337182,2025-11-30 09:00:00
22.025,13.357621,2025-11-30 09:00:00
10.35,12.543869,2025-11-30 09:00:00
13.225,16.004335,2025-11-30 09:00:00
146.275,33.57517,2025-11-30 09:00:00
8.625,13.460865,2025-11-30 10:00:00
24.15,13.315815,2025-11-30 10:00:00
14.15,17.442316,2025-11-30 10:00:00
126.85,34.257744,2025-11-30 10:00:00
10.35,13.366015,2025-11-30 10:00:00
52.775,34.170208,2025-11-30 11:00:00
14.975,16.479288,2025-11-30 11:00:00
25.766666666666666,16.822018,2025-11-30 11:00:00
8.375,12.742434,2025-11-30 11:00:00
7.1,13.559247,2025-11-30 11:00:00
12.333333333333334,34.265957,2025-11-30 12:00:00
9.9,12.186393,2025-11-30 12:00:00
14.975,17.296814,2025-11-30 12:00:00
5.625,15.683465,2025-11-30 12:00:00
26.8,18.459732,2025-11-30 12:00:00
26.8,23.136475,2025-11-30 13:00:00
4.05,35.772198,2025-11-30 13:00:00
9.15,14.207506,2025-11-30 13:00:00
8.475,14.325702,2025-11-30 13:00:00
188.9,17.486006,2025-11-30 13:00:00
8.625,13.924397,2025-11-30 14:00:00
7.125,11.351831,2025-11-30 14:00:00
188.9,16.288755,2025-11-30 14:00:00
2.6,20.220472,2025-11-30 14:00:00
6.525,34.997673,2025-11-30 14:00:00
8.15,13.715548,2025-11-30 15:00:00
5.775,11.050927,2025-11-30 15:00:00
27.025,19.863035,2025-11-30 15:00:00
60.400000000000006,29.251064,2025-11-30 15:00:00
23.475,15.421825,2025-11-30 15:00:00
105.73333333333332,28.422626,2025-11-30 16:00:00
23.475,16.863712,2025-11-30 16:00:00
17.975,15.603253,2025-11-30 16:00:00
6.5,14.854474,2025-11-30 16:00:00
4.0,10.669619,2025-11-30 16:00:00
168.4,31.711685,2025-11-30 17:00:00
3.0,10.764735,2025-11-30 17:00:00
5.35,14.000987,2025-11-30 17:00:00
14.0,15.407011,2025-11-30 17:00:00
21.925,17.48243,2025-11-30 17:00:00
4.1,11.559618,2025-11-30 18:00:00
13.825,15.978815,2025-11-30 18:00:00
3.5,12.270145,2025-11-30 18:00:00
22.65,13.930949,2025-11-30 18:00:00
4.075,13.035953,2025-11-30 19:00:00
24.775,15.43255,2025-11-30 19:00:00
14.575,15.819152,2025-11-30 19:00:00
7.375,11.377918,2025-11-30 19:00:00
9.95,15.651156,2025-11-30 20:00:00
15.55,16.343641,2025-11-30 20:00:00
24.425,17.175407,2025-11-30 20:00:00
4.525,12.134276,2025-11-30 20:00:00
23.075,19.009413,2025-11-30 21:00:00
5.75,11.571913,2025-11-30 21:00:00
16.05,16.973423,2025-11-30 21:00:00
13.15,17.514025,2025-11-30 21:00:00
21.125,16.804571,2025-11-30 22:00:00
13.35,15.676136,2025-11-30 22:00:00
2.6333333333333333,11.744582,2025-11-30 22:00:00
16.475,16.65844,2025-11-30 22:00:00
14.875,16.83103,2025-11-30 23:00:00
21.25,15.313443,2025-11-30 23:00:00
16.533333333333335,16.969677,2025-11-30 23:00:00
1.9,11.786078,2025-11-30 23:00:00
16.325000000000003,15.451141,2025-12-01 00:00:00
14.55,16.09286,2025-12-01 00:00:00
24.4,15.696801,2025-12-01 00:00:00
2.066666666666667,16.652794,2025-12-01 00:00:00
125.66666666666669,23.451387,2025-12-01 01:00:00
15.975,14.805963,2025-12-01 01:00:00
13.5,15.1034155,2025-12-01 01:00:00
3.4,14.325875,2025-12-01 01:00:00
23.95,15.635339,2025-12-01 01:00:00
194.45,26.814705,2025-12-01 02:00:00
0.2,13.749222,2025-12-01 02:00:00
22.65,16.07499,2025-12-01 02:00:00
14.2,13.049139,2025-12-01 02:00:00
15.675,13.289945,2025-12-01 02:00:00
15.025,13.307828,2025-12-01 03:00:00
30.375,14.593906,2025-12-01 03:00:00
11.575,10.885807,2025-12-01 03:00:00
0.15,14.375692,2025-12-01 03:00:00
148.2,30.96202,2025-12-01 03:00:00
11.475,9.920781,2025-12-01 04:00:00
11.675,13.528638,2025-12-01 04:00:00
0.9,13.724062,2025-12-01 04:00:00
28.8,13.528576,2025-12-01 04:00:00
115.0,30.699474,2025-12-01 04:00:00
9.375,13.711471,2025-12-01 05:00:00
12.175,12.852567,2025-12-01 05:00:00
26.4,13.147995,2025-12-01 05:00:00
178.65,33.55745,2025-12-01 05:00:00
1.4666666666666668,13.480799,2025-12-01 05:00:00
27.65,15.139915,2025-12-01 06:00:00
1.7999999999999998,14.860085,2025-12-01 06:00:00
146.9,30.845932,2025-12-01 06:00:00
12.6,11.508818,2025-12-01 06:00:00
10.275,15.3362255,2025-12-01 06:00:00
13.85,9.456337,2025-12-01 07:00:00
10.75,16.104574,2025-12-01 07:00:00
143.29999999999998,26.695322,2025-12-01 07:00:00
28.4,16.318506,2025-12-01 07:00:00
3.5,12.2608595,2025-12-01 07:00:00
163.33333333333334,40.12567,2025-12-01 08:00:00
15.625,13.665329,2025-12-01 08:00:00
2.35,10.725939,2025-12-01 08:00:00
31.0,11.621359,2025-12-01 08:00:00
14.325,10.820618,2025-12-01 08:00:00
18.2,11.496526,2025-12-01 09:00:00
103.575,31.180878,2025-12-01 09:00:00
32.5,13.126851,2025-12-01 09:00:00
7.875,10.302842,2025-12-01 09:00:00
16.35,11.741174,2025-12-01 09:00:00
14.6,13.556006,2025-12-01 10:00:00
22.975,35.52202,2025-12-01 10:00:00
19.7,12.264713,2025-12-01 10:00:00
12.425,15.672625,2025-12-01 10:00:00
35.475,12.904798,2025-12-01 10:00:00
12.225,14.48039,2025-12-01 11:00:00
76.725,33.966354,2025-12-01 11:00:00
14.025,14.082555,2025-12-01 11:00:00
20.85,14.16281,2025-12-01 11:00:00
39.3,14.50912,2025-12-01 11:00:00
178.0,28.217262,2025-12-01 12:00:00
14.0,11.870393,2025-12-01 12:00:00
39.275,15.204233,2025-12-01 12:00:00
23.35,16.106573,2025-12-01 12:00:00
10.85,15.037302,2025-12-01 12:00:00
9.15,14.174375,2025-12-01 13:00:00
37.225,14.987196,2025-12-01 13:00:00
8.875,11.274688,2025-12-01 13:00:00
178.0,24.340944,2025-12-01 13:00:00
23.3,24.992987,2025-12-01 13:00:00
178.0,16.473627,2025-12-01 14:00:00
13.65,12.695521,2025-12-01 14:00:00
24.075,26.261473,2025-12-01 14:00:00
34.8,12.714192,2025-12-01 14:00:00
4.875,11.717117,2025-12-01 14:00:00
24.25,28.177393,2025-12-01 15:00:00
6.1,12.168793,2025-12-01 15:00:00
178.0,28.314487,2025-12-01 15:00:00
9.425,13.559869,2025-12-01 15:00:00
34.599999999999994,13.898675,2025-12-01 15:00:00
13.025,24.709284,2025-12-01 16:00:00
5.95,10.503014,2025-12-01 16:00:00
34.925,11.640223,2025-12-01 16:00:00
7.025,14.52228,2025-12-01 16:00:00
7.075,11.579535,2025-12-01 17:00:00
2.533333333333333,14.730864,2025-12-01 17:00:00
3.95,9.630768,2025-12-01 17:00:00
29.475,14.79348,2025-12-01 17:00:00
1.8,12.3847475,2025-12-01 18:00:00
4.3,10.86033,2025-12-01 18:00:00
29.2,11.747418,2025-12-01 18:00:00
7.3,12.435769,2025-12-01 18:00:00
28.5,11.659853,2025-12-01 19:00:00
7.6,12.948254,2025-12-01 19:00:00
5.625,12.225087,2025-12-01 19:00:00
4.225,12.324552,2025-12-01 19:00:00
15.8,15.598552,2025-12-01 20:00:00
8.825,13.602751,2025-12-01 20:00:00
30.475,11.615746,2025-12-01 20:00:00
3.45,11.240848,2025-12-01 20:00:00
1.725,11.108202,2025-12-01 21:00:00
30.2,11.124819,2025-12-01 21:00:00
19.6,14.895245,2025-12-01 21:00:00
11.375,10.4137945,2025-12-01 21:00:00
27.125,11.905905,2025-12-01 22:00:00
14.425,13.571415,2025-12-01 22:00:00
20.25,14.235613,2025-12-01 22:00:00
2.375,10.740015,2025-12-01 22:00:00
16.2,14.315448,2025-12-01 23:00:00
2.0,11.620829,2025-12-01 23:00:00
26.633333333333336,11.138566,2025-12-01 23:00:00
20.933333333333334,15.960595,2025-12-01 23:00:00
0.6,13.205467,2025-12-02 00:00:00
14.825,13.443785,2025-12-02 00:00:00
37.35,32.69727,2025-12-02 00:00:00
21.65,10.951361,2025-12-02 00:00:00
26.166666666666668,14.1484995,2025-12-02 00:00:00
22.85,27.269089,2025-12-02 01:00:00
1.0,12.070787,2025-12-02 01:00:00
14.275,13.20585,2025-12-02 01:00:00
21.45,11.836242,2025-12-02 01:00:00
26.4,13.47951,2025-12-02 01:00:00
21.625,11.900929,2025-12-02 02:00:00
12.85,11.419922,2025-12-02 02:00:00
42.775,31.723179,2025-12-02 02:00:00
1.0,11.484081,2025-12-02 02:00:00
23.9,13.867634,2025-12-02 02:00:00
59.325,30.781511,2025-12-02 03:00:00
25.675,13.781355,2025-12-02 03:00:00
21.175,8.609131,2025-12-02 03:00:00
1.0,12.795215,2025-12-02 03:00:00
6.75,10.986838,2025-12-02 03:00:00
7.075,12.222343,2025-12-02 04:00:00
24.475,15.132173,2025-12-02 04:00:00
1.0,10.163658,2025-12-02 04:00:00
72.925,33.000736,2025-12-02 04:00:00
20.475,9.792862,2025-12-02 04:00:00
25.5,15.542479,2025-12-02 05:00:00
65.375,34.402153,2025-12-02 05:00:00
7.550000000000001,11.273402,2025-12-02 05:00:00
20.75,10.074853,2025-12-02 05:00:00
20.9,10.178577,2025-12-02 06:00:00
6.775,12.294915,2025-12-02 06:00:00
24.8,13.402621,2025-12-02 06:00:00
65.45,32.9341,2025-12-02 06:00:00
26.433333333333334,13.936563,2025-12-02 07:00:00
7.3,11.949401,2025-12-02 07:00:00
20.7,10.719045,2025-12-02 07:00:00
74.1,31.00407,2025-12-02 07:00:00
27.75,15.76247,2025-12-02 08:00:00
21.675,9.294547,2025-12-02 08:00:00
69.4,31.490173,2025-12-02 08:00:00
0.7,11.284958,2025-12-02 08:00:00
8.3,12.338951,2025-12-02 08:00:00
73.325,26.446033,2025-12-02 09:00:00
2.2,10.11399,2025-12-02 09:00:00
10.525,13.728046,2025-12-02 09:00:00
26.475,15.5788355,2025-12-02 09:00:00
22.075,9.946676,2025-12-02 09:00:00
23.5,12.253421,2025-12-02 10:00:00
11.775,16.389345,2025-12-02 10:00:00
27.766666666666666,18.622404,2025-12-02 10:00:00
4.3,10.694698,2025-12-02 10:00:00
67.2,34.198437,2025-12-02 10:00:00
24.1,13.758462,2025-12-02 11:00:00
10.675,16.714844,2025-12-02 11:00:00
39.15,29.975979,2025-12-02 11:00:00
32.8,17.592255,2025-12-02 11:00:00
3.3,13.6782,2025-12-02 11:00:00
3.3,14.1650305,2025-12-02 12:00:00
7.95,13.308864,2025-12-02 12:00:00
32.6,19.19944,2025-12-02 12:00:00
29.5,27.993309,2025-12-02 12:00:00
21.775,14.749852,2025-12-02 12:00:00
20.25,16.141459,2025-12-02 13:00:00
43.15,23.346079,2025-12-02 13:00:00
9.3,14.007519,2025-12-02 13:00:00
31.425,18.896748,2025-12-02 13:00:00
5.975,12.814195,2025-12-02 13:00:00
29.8,17.85631,2025-12-02 14:00:00
45.35,22.118343,2025-12-02 14:00:00
8.625,14.354405,2025-12-02 14:00:00
19.475,17.45923,2025-12-02 14:00:00
2.45,11.328312,2025-12-02 14:00:00
25.225,21.391317,2025-12-02 15:00:00
18.925,13.3302765,2025-12-02 15:00:00
43.1,32.203304,2025-12-02 15:00:00
8.5,14.375909,2025-12-02 15:00:00
2.3,9.912786,2025-12-02 15:00:00
21.2,11.716718,2025-12-02 16:00:00
8.9,13.298651,2025-12-02 16:00:00
1.6,9.949445,2025-12-02 16:00:00
23.15,19.417927,2025-12-02 16:00:00
6.35,10.7802,2025-12-02 17:00:00
23.925,16.06867,2025-12-02 17:00:00
1.65,12.004571,2025-12-02 17:00:00
22.675,12.572526,2025-12-02 17:00:00
8.625,11.370351,2025-12-02 18:00:00
23.275,10.675194,2025-12-02 18:00:00
24.85,15.001604,2025-12-02 18:00:00
2.725,10.375702,2025-12-02 18:00:00
23.5,10.274541,2025-12-02 19:00:00
26.275,15.387365,2025-12-02 19:00:00
8.875,13.228661,2025-12-02 19:00:00
4.75,13.117502,2025-12-02 19:00:00
10.425,14.190702,2025-12-02 20:00:00
9.25,15.666397,2025-12-02 20:00:00
20.725,12.268335,2025-12-02 20:00:00
25.75,23.057983,2025-12-02 20:00:00
14.85,15.310757,2025-12-02 21:00:00
19.95,14.479314,2025-12-02 21:00:00
25.3,22.846321,2025-12-02 21:00:00
10.35,15.235604,2025-12-02 21:00:00
24.45,20.638966,2025-12-02 22:00:00
19.475,14.881169,2025-12-02 22:00:00
10.525,17.99168,2025-12-02 22:00:00
8.55,13.671592,2025-12-02 22:00:00
19.433333333333334,15.185983,2025-12-02 23:00:00
21.35,20.767586,2025-12-02 23:00:00
10.05,21.613356,2025-12-02 23:00:00
6.175,12.974181,2025-12-02 23:00:00
6.925,12.006313,2025-12-03 00:00:00
20.366666666666667,23.865463,2025-12-03 00:00:00
20.9,33.315315,2025-12-03 00:00:00
9.425,18.998718,2025-12-03 00:00:00
13.6,13.974851,2025-12-03 00:00:00
23.3,34.399986,2025-12-03 01:00:00
6.0,10.758863,2025-12-03 01:00:00
8.8,18.232151,2025-12-03 01:00:00
19.3,23.287273,2025-12-03 01:00:00
9.625,13.022368,2025-12-03 01:00:00
6.800000000000001,17.095324,2025-12-03 02:00:00
17.950000000000003,24.954704,2025-12-03 02:00:00
28.075,35.963436,2025-12-03 02:00:00
6.0,11.127211,2025-12-03 02:00:00
9.1,14.814764,2025-12-03 02:00:00
18.4,24.445927,2025-12-03 03:00:00
29.3,32.917362,2025-12-03 03:00:00
4.025,11.970682,2025-12-03 03:00:00
9.525,14.936536,2025-12-03 03:00:00
6.0,11.53793,2025-12-03 03:00:00
30.325,27.226297,2025-12-03 04:00:00
20.275,13.830889,2025-12-03 04:00:00
4.0,10.104068,2025-12-03 04:00:00
17.75,21.70723,2025-12-03 04:00:00
0.95,9.206693,2025-12-03 04:00:00
25.05,14.948025,2025-12-03 05:00:00
18.375,22.10429,2025-12-03 05:00:00
3.825,11.191605,2025-12-03 05:00:00
31.65,22.303478,2025-12-03 05:00:00
33.05,21.883781,2025-12-03 06:00:00
3.125,9.905047,2025-12-03 06:00:00
24.225,14.581655,2025-12-03 06:00:00
18.6,22.610329,2025-12-03 06:00:00
3.55,11.759666,2025-12-03 07:00:00
33.4,26.384392,2025-12-03 07:00:00
25.025,15.044744,2025-12-03 07:00:00
19.175,22.360502,2025-12-03 07:00:00
20.25,23.067265,2025-12-03 08:00:00
32.95,26.742949,2025-12-03 08:00:00
10.975,14.490384,2025-12-03 08:00:00
3.075,9.884001,2025-12-03 08:00:00
3.025,9.91243,2025-12-03 08:00:00
3.625,12.1888,2025-12-03 09:00:00
32.425,26.99825,2025-12-03 09:00:00
4.325,14.629641,2025-12-03 09:00:00
3.5,13.870942,2025-12-03 09:00:00
18.775,22.776287,2025-12-03 09:00:00
4.225,12.25059,2025-12-03 10:00:00
19.675,25.41248,2025-12-03 10:00:00
4.625,15.768818,2025-12-03 10:00:00
31.45,21.029774,2025-12-03 10:00:00
5.3,10.640448,2025-12-03 10:00:00
4.7,17.45688,2025-12-03 11:00:00
5.975,13.940604,2025-12-03 11:00:00
4.975,13.0636635,2025-12-03 11:00:00
31.5,30.49189,2025-12-03 11:00:00
21.0,24.201784,2025-12-03 11:00:00
3.425,12.491046,2025-12-03 12:00:00
11.65,18.299206,2025-12-03 12:00:00
22.725,23.519835,2025-12-03 12:00:00
8.75,12.845669,2025-12-03 12:00:00
31.75,32.587643,2025-12-03 12:00:00
15.475,14.488821,2025-12-03 13:00:00
2.65,10.0785,2025-12-03 13:00:00
25.575,26.46429,2025-12-03 13:00:00
9.55,14.019582,2025-12-03 13:00:00
29.325,32.56369,2025-12-03 13:00:00
29.4,30.963577,2025-12-03 14:00:00
28.95,22.476791,2025-12-03 14:00:00
15.9,15.091727,2025-12-03 14:00:00
4.125,9.241951,2025-12-03 14:00:00
6.375,12.556932,2025-12-03 14:00:00
5.275,13.5189085,2025-12-03 15:00:00
30.85,30.585682,2025-12-03 15:00:00
27.266666666666666,23.00362,2025-12-03 15:00:00
2.425,11.636872,2025-12-03 15:00:00
15.225,15.525407,2025-12-03 15:00:00
1.1,13.17072,2025-12-03 16:00:00
16.3,13.344262,2025-12-03 16:00:00
5.15,11.51314,2025-12-03 16:00:00
32.5,31.559223,2025-12-03 16:00:00
26.4,20.780952,2025-12-03 16:00:00
1.1,13.706641,2025-12-03 17:00:00
22.525,18.034824,2025-12-03 17:00:00
32.325,27.439629,2025-12-03 17:00:00
16.175,14.515937,2025-12-03 17:00:00
5.6,10.563506,2025-12-03 17:00:00
1.3,11.919849,2025-12-03 18:00:00
4.575,11.731122,2025-12-03 18:00:00
31.2,28.262234,2025-12-03 18:00:00
16.325,14.2684355,2025-12-03 18:00:00
21.925,20.025187,2025-12-03 18:00:00
16.725,13.970198,2025-12-03 19:00:00
2.9250000000000003,11.603226,2025-12-03 19:00:00
4.325,11.841681,2025-12-03 19:00:00
22.325,19.64898,2025-12-03 19:00:00
31.7,23.459381,2025-12-03 19:00:00
3.8,11.752445,2025-12-03 20:00:00
21.85,19.708721,2025-12-03 20:00:00
5.15,12.279221,2025-12-03 20:00:00
15.65,11.88275,2025-12-03 20:00:00
32.275,24.090818,2025-12-03 20:00:00
5.35,14.311007,2025-12-03 21:00:00
22.475,20.583523,2025-12-03 21:00:00
3.625,13.691667,2025-12-03 21:00:00
15.375,13.516688,2025-12-03 21:00:00
32.025,19.18409,2025-12-03 21:00:00
33.575,20.889883,2025-12-03 22:00:00
15.375,13.613856,2025-12-03 22:00:00
1.8333333333333333,13.161272,2025-12-03 22:00:00
22.75,22.605217,2025-12-03 22:00:00
5.45,15.69577,2025-12-03 22:00:00
21.675,19.912891,2025-12-03 23:00:00
15.433333333333332,13.322372,2025-12-03 23:00:00
2.1,12.75934,2025-12-03 23:00:00
4.675,16.796583,2025-12-03 23:00:00
35.275,18.348454,2025-12-03 23:00:00
3.0,14.751224,2025-12-04 00:00:00
33.425,18.661907,2025-12-04 00:00:00
20.45,12.828134,2025-12-04 00:00:00
21.933333333333334,19.707548,2025-12-04 00:00:00
4.1,11.832444,2025-12-04 00:00:00
1.5666666666666669,12.561386,2025-12-04 01:00:00
20.5,17.718775,2025-12-04 01:00:00
33.125,16.004871,2025-12-04 01:00:00
4.433333333333334,12.034234,2025-12-04 01:00:00
23.625,13.422176,2025-12-04 01:00:00
32.95,27.750357,2025-12-04 02:00:00
23.425,12.57924,2025-12-04 02:00:00
19.7,16.403757,2025-12-04 02:00:00
4.433333333333334,11.119753,2025-12-04 02:00:00
2.0,10.54491,2025-12-04 02:00:00
34.125,28.82622,2025-12-04 03:00:00
22.775,12.388277,2025-12-04 03:00:00
4.433333333333334,10.924474,2025-12-04 03:00:00
0.65,10.890535,2025-12-04 03:00:00
19.8,16.27512,2025-12-04 03:00:00
34.0,28.131807,2025-12-04 04:00:00
19.125,15.332059,2025-12-04 04:00:00
19.2,12.819232,2025-12-04 04:00:00
4.433333333333334,9.813859,2025-12-04 04:00:00
1.0750000000000002,10.416241,2025-12-04 04:00:00
34.85,31.787292,2025-12-04 05:00:00
19.7,15.178376,2025-12-04 05:00:00
17.1,16.206419,2025-12-04 05:00:00
0.4666666666666666,10.537649,2025-12-04 05:00:00
3.525,10.390775,2025-12-04 06:00:00
17.15,20.497927,2025-12-04 06:00:00
0.3666666666666667,10.53651,2025-12-04 06:00:00
34.45,29.592382,2025-12-04 06:00:00
19.725,13.638283,2025-12-04 06:00:00
16.95,19.202795,2025-12-04 07:00:00
3.075,10.325043,2025-12-04 07:00:00
0.3666666666666667,10.155647,2025-12-04 07:00:00
33.725,32.585102,2025-12-04 07:00:00
21.625,15.185601,2025-12-04 07:00:00
18.075000000000003,15.30267,2025-12-04 08:00:00
34.4,29.858696,2025-12-04 08:00:00
0.7999999999999999,9.23601,2025-12-04 08:00:00
22.4,13.963474,2025-12-04 08:00:00
4.8,10.184596,2025-12-04 08:00:00
6.675,10.677919,2025-12-04 09:00:00
0.5,9.467339,2025-12-04 09:00:00
18.8,14.515877,2025-12-04 09:00:00
21.5,13.879627,2025-12-04 09:00:00
34.875,32.32933,2025-12-04 09:00:00
2.15,9.768291,2025-12-04 10:00:00
21.875,12.900975,2025-12-04 10:00:00
19.025,14.390084,2025-12-04 10:00:00
6.425,10.839481,2025-12-04 10:00:00
34.375,30.55492,2025-12-04 10:00:00
33.85,28.267475,2025-12-04 11:00:00
3.4000000000000004,11.153884,2025-12-04 11:00:00
6.45,11.977596,2025-12-04 11:00:00
24.0,13.040596,2025-12-04 11:00:00
19.2,15.615622,2025-12-04 11:00:00
25.35,13.44865,2025-12-04 12:00:00
17.15,16.102928,2025-12-04 12:00:00
32.425,25.154282,2025-12-04 12:00:00
6.85,12.761693,2025-12-04 12:00:00
3.675,13.12432,2025-12-04 12:00:00
4.525,13.340506,2025-12-04 13:00:00
17.025,17.25872,2025-12-04 13:00:00
8.325,13.775784,2025-12-04 13:00:00
31.05,27.671124,2025-12-04 13:00:00
26.275,17.102068,2025-12-04 13:00:00
7.575,14.518565,2025-12-04 14:00:00
27.85,13.748411,2025-12-04 14:00:00
30.575,27.143457,2025-12-04 14:00:00
3.5333333333333337,12.320111,2025-12-04 14:00:00
17.975,17.703327,2025-12-04 14:00:00
3.5333333333333337,13.947172,2025-12-04 15:00:00
31.15,25.802917,2025-12-04 15:00:00
17.9,16.39616,2025-12-04 15:00:00
15.7,13.226755,2025-12-04 15:00:00
28.075,15.182246,2025-12-04 15:00:00
3.5333333333333337,14.331983,2025-12-04 16:00:00
26.375,14.602354,2025-12-04 16:00:00
19.875,13.695633,2025-12-04 16:00:00
27.775,24.734116,2025-12-04 16:00:00
19.35,16.032108,2025-12-04 16:00:00
3.5333333333333337,12.771072,2025-12-04 17:00:00
21.2,11.871816,2025-12-04 17:00:00
37.075,24.184393,2025-12-04 17:00:00
19.95,16.72796,2025-12-04 17:00:00
22.325,13.355351,2025-12-04 17:00:00
20.475,12.530684,2025-12-04 18:00:00
39.225,21.94159,2025-12-04 18:00:00
5.0,13.6595955,2025-12-04 18:00:00
22.325,16.037611,2025-12-04 18:00:00
20.575,15.455683,2025-12-04 18:00:00
21.1,16.76426,2025-12-04 19:00:00
22.95,15.573066,2025-12-04 19:00:00
42.325,22.432354,2025-12-04 19:00:00
5.55,13.525928,2025-12-04 19:00:00
21.225,13.725736,2025-12-04 19:00:00
46.275,19.995096,2025-12-04 20:00:00
24.775,15.141089,2025-12-04 20:00:00
13.6,16.51971,2025-12-04 20:00:00
8.0,17.001123,2025-12-04 20:00:00
23.025,12.82434,2025-12-04 20:00:00
42.175,22.10517,2025-12-04 21:00:00
8.4,16.269764,2025-12-04 21:00:00
18.75,13.193508,2025-12-04 21:00:00
23.0,14.893074,2025-12-04 21:00:00
9.675,16.00205,2025-12-04 21:00:00
9.6,18.155167,2025-12-04 22:00:00
40.425,21.368662,2025-12-04 22:00:00
18.075,13.088215,2025-12-04 22:00:00
23.775,18.675268,2025-12-04 22:00:00
9.225,15.928787,2025-12-04 22:00:00
22.375,16.297155,2025-12-04 23:00:00
40.4,21.930115,2025-12-04 23:00:00
19.425,13.157848,2025-12-04 23:00:00
9.35,18.837324,2025-12-04 23:00:00
8.866666666666667,15.57765,2025-12-04 23:00:00
40.35,21.700226,2025-12-05 00:00:00
9.35,12.382211,2025-12-05 00:00:00
9.65,15.824631,2025-12-05 00:00:00
18.8,14.493141,2025-12-05 00:00:00
22.23333333333333,16.229025,2025-12-05 00:00:00
40.075,22.053267,2025-12-05 01:00:00
9.95,12.09294,2025-12-05 01:00:00
8.55,13.281932,2025-12-05 01:00:00
14.2,13.2079,2025-12-05 01:00:00
21.1,13.375529,2025-12-05 01:00:00
40.75,24.431637,2025-12-05 02:00:00
12.375,13.123898,2025-12-05 02:00:00
7.699999999999999,13.286737,2025-12-05 02:00:00
9.625,13.94134,2025-12-05 02:00:00
20.55,14.4525385,2025-12-05 02:00:00
8.975,16.437805,2025-12-05 03:00:00
7.575,10.979187,2025-12-05 03:00:00
20.55,14.224799,2025-12-05 03:00:00
40.7,25.4752,2025-12-05 03:00:00
11.225,12.520539,2025-12-05 03:00:00
40.65,26.319693,2025-12-05 04:00:00
4.7,10.768618,2025-12-05 04:00:00
5.65,16.46993,2025-12-05 04:00:00
8.475,11.158222,2025-12-05 04:00:00
20.2,12.071805,2025-12-05 04:00:00
21.325,13.807542,2025-12-05 05:00:00
5.65,16.478003,2025-12-05 05:00:00
4.5,10.723084,2025-12-05 05:00:00
40.3,29.867657,2025-12-05 05:00:00
13.4,9.745916,2025-12-05 06:00:00
38.5,30.823042,2025-12-05 06:00:00
21.525,12.926292,2025-12-05 06:00:00
3.875,11.514366,2025-12-05 06:00:00
5.65,13.863353,2025-12-05 06:00:00
15.55,9.862744,2025-12-05 07:00:00
4.15,9.5736065,2025-12-05 07:00:00
22.175,13.150871,2025-12-05 07:00:00
39.65,31.425348,2025-12-05 07:00:00
5.65,13.986695,2025-12-05 07:00:00
16.400000000000002,11.268986,2025-12-05 08:00:00
39.6,28.70604,2025-12-05 08:00:00
19.85,9.794746,2025-12-05 08:00:00
4.925,9.929699,2025-12-05 08:00:00
24.125,13.075744,2025-12-05 08:00:00
21.225,14.118229,2025-12-05 09:00:00
18.65,12.808271,2025-12-05 09:00:00
43.3,27.921722,2025-12-05 09:00:00
6.2,9.625255,2025-12-05 09:00:00
17.9,9.081909,2025-12-05 09:00:00
22.45,14.780432,2025-12-05 10:00:00
17.575,11.2742405,2025-12-05 10:00:00
44.475,27.204557,2025-12-05 10:00:00
18.925,13.945762,2025-12-05 10:00:00
7.7,9.533804,2025-12-05 10:00:00
19.075,12.539861,2025-12-05 11:00:00
42.875,27.629316,2025-12-05 11:00:00
6.275,10.396221,2025-12-05 11:00:00
18.55,15.312356,2025-12-05 11:00:00
24.425,15.18684,2025-12-05 11:00:00
44.625,29.217583,2025-12-05 12:00:00
25.9,15.31891,2025-12-05 12:00:00
19.525,15.375136,2025-12-05 12:00:00
19.2,13.454843,2025-12-05 12:00:00
7.55,12.209021,2025-12-05 12:00:00
43.6,23.818771,2025-12-05 13:00:00
20.125,15.483036,2025-12-05 13:00:00
6.275,12.824622,2025-12-05 13:00:00
26.375,14.90334,2025-12-05 13:00:00
17.0,13.1414175,2025-12-05 13:00:00
45.125,22.14253,2025-12-05 14:00:00
20.225,15.555138,2025-12-05 14:00:00
25.35,14.72939,2025-12-05 14:00:00
3.575,12.707834,2025-12-05 14:00:00
16.325000000000003,13.513408,2025-12-05 14:00:00
28.275,16.577765,2025-12-05 15:00:00
6.466666666666666,20.503006,2025-12-05 15:00:00
19.875,16.353512,2025-12-05 15:00:00
3.9,12.732602,2025-12-05 15:00:00
15.975,16.099339,2025-12-05 15:00:00
28.275,16.417019,2025-12-05 16:00:00
6.8,24.621164,2025-12-05 16:00:00
4.65,14.647075,2025-12-05 16:00:00
19.0,15.2294655,2025-12-05 16:00:00
18.675,16.3773,2025-12-05 16:00:00
5.525,14.469068,2025-12-05 17:00:00
20.05,16.702982,2025-12-05 17:00:00
25.65,12.631437,2025-12-05 17:00:00
8.75,24.370153,2025-12-05 17:00:00
18.75,14.968555,2025-12-05 17:00:00
4.175,15.090948,2025-12-05 18:00:00
25.65,14.894563,2025-12-05 18:00:00
29.5,24.817823,2025-12-05 18:00:00
18.7,14.94329,2025-12-05 18:00:00
18.675,14.923164,2025-12-05 18:00:00
20.175,17.175926,2025-12-05 19:00:00
23.775,13.982861,2025-12-05 19:00:00
49.825,29.066319,2025-12-05 19:00:00
4.45,12.934852,2025-12-05 19:00:00
18.375,14.818034,2025-12-05 19:00:00
5.5,14.413931,2025-12-05 20:00:00
16.075,14.075213,2025-12-05 20:00:00
20.6,16.945509,2025-12-05 20:00:00
24.575,14.690906,2025-12-05 20:00:00
52.25,28.948185,2025-12-05 20:00:00
24.45,15.904097,2025-12-05 21:00:00
54.3,28.817142,2025-12-05 21:00:00
14.575,14.028956,2025-12-05 21:00:00
7.25,14.998592,2025-12-05 21:00:00
20.325,18.663815,2025-12-05 21:00:00
14.35,12.66281,2025-12-05 22:00:00
24.3,18.535305,2025-12-05 22:00:00
16.675,18.546587,2025-12-05 22:00:00
50.675,30.057585,2025-12-05 22:00:00
7.3,16.704025,2025-12-05 22:00:00
23.75,17.196474,2025-12-05 23:00:00
6.45,13.482247,2025-12-05 23:00:00
49.325,24.613209,2025-12-05 23:00:00
17.075,18.8122,2025-12-05 23:00:00
13.9,11.393804,2025-12-05 23:00:00
48.75,23.227781,2025-12-06 00:00:00
14.425,12.859477,2025-12-06 00:00:00
20.066666666666663,16.36208,2025-12-06 00:00:00
16.1,19.008434,2025-12-06 00:00:00
5.625,15.552341,2025-12-06 00:00:00
4.3,13.409074,2025-12-06 01:00:00
14.475,12.774843,2025-12-06 01:00:00
16.05,17.49143,2025-12-06 01:00:00
49.275,23.203287,2025-12-06 01:00:00
18.75,14.817854,2025-12-06 01:00:00
50.25,22.765406,2025-12-06 02:00:00
17.75,14.2839,2025-12-06 02:00:00
4.6,12.739503,2025-12-06 02:00:00
14.775,11.2935705,2025-12-06 02:00:00
9.45,17.052904,2025-12-06 02:00:00
17.325,14.289451,2025-12-06 03:00:00
50.125,21.710394,2025-12-06 03:00:00
4.7,12.782115,2025-12-06 03:00:00
14.8,12.029921,2025-12-06 03:00:00
8.525,15.423002,2025-12-06 03:00:00
8.575,14.1447315,2025-12-06 04:00:00
9.9,10.7421875,2025-12-06 04:00:00
3.65,12.557963,2025-12-06 04:00:00
49.425,22.39834,2025-12-06 04:00:00
17.525,13.161481,2025-12-06 04:00:00
50.375,22.485085,2025-12-06 05:00:00
7.925,9.879574,2025-12-06 05:00:00
18.125,12.8377495,2025-12-06 05:00:00
4.275,12.4714,2025-12-06 05:00:00
7.75,12.379433,2025-12-06 05:00:00
3.425,13.891681,2025-12-06 06:00:00
8.075,10.432197,2025-12-06 06:00:00
12.35,13.324067,2025-12-06 06:00:00
48.675,26.993118,2025-12-06 06:00:00
18.775,13.381479,2025-12-06 06:00:00
8.15,13.0808115,2025-12-06 07:00:00
2.375,12.925274,2025-12-06 07:00:00
50.85,26.138233,2025-12-06 07:00:00
17.875,13.081772,2025-12-06 07:00:00
13.55,16.103796,2025-12-06 07:00:00
50.6,24.728907,2025-12-06 08:00:00
18.675,16.108232,2025-12-06 08:00:00
2.475,13.991808,2025-12-06 08:00:00
13.85,14.232626,2025-12-06 08:00:00
8.475,12.212444,2025-12-06 08:00:00
3.85,14.689833,2025-12-06 09:00:00
20.15,14.073444,2025-12-06 09:00:00
48.325,24.743074,2025-12-06 09:00:00
9.0,14.790608,2025-12-06 09:00:00
14.35,14.964965,2025-12-06 09:00:00
49.7,24.271935,2025-12-06 10:00:00
19.3,15.092354,2025-12-06 10:00:00
9.075,16.55288,2025-12-06 10:00:00
13.225,17.952703,2025-12-06 10:00:00
4.175,17.88351,2025-12-06 10:00:00
16.35,17.545704,2025-12-06 11:00:00
9.225,16.787106,2025-12-06 11:00:00
21.05,14.933924,2025-12-06 11:00:00
4.325,19.257494,2025-12-06 11:00:00
51.575,24.358942,2025-12-06 11:00:00
4.625,20.063856,2025-12-06 12:00:00
22.975,15.6983,2025-12-06 12:00:00
50.25,25.889887,2025-12-06 12:00:00
19.1,17.026144,2025-12-06 12:00:00
3.65,15.177668,2025-12-06 12:00:00
1.025,14.380232,2025-12-06 13:00:00
19.45,16.953056,2025-12-06 13:00:00
24.3,19.17169,2025-12-06 13:00:00
3.775,21.01516,2025-12-06 13:00:00
50.975,24.312054,2025-12-06 13:00:00
52.975,27.91119,2025-12-06 14:00:00
1.15,16.094961,2025-12-06 14:00:00
19.45,17.68094,2025-12-06 14:00:00
27.175,16.729479,2025-12-06 14:00:00
2.95,18.204866,2025-12-06 14:00:00
2.775,18.368694,2025-12-06 15:00:00
2.0,12.861388,2025-12-06 15:00:00
18.35,17.17397,2025-12-06 15:00:00
52.35,21.715347,2025-12-06 15:00:00
28.65,18.229036,2025-12-06 15:00:00
16.575,13.519367,2025-12-06 16:00:00
0.75,19.149498,2025-12-06 16:00:00
23.825,16.634321,2025-12-06 16:00:00
50.2,16.16126,2025-12-06 16:00:00
15.725,17.681185,2025-12-06 16:00:00
20.325,13.626472,2025-12-06 17:00:00
0.75,18.364294,2025-12-06 17:00:00
23.85,12.985351,2025-12-06 17:00:00
45.75,11.557359,2025-12-06 17:00:00
13.6,16.964296,2025-12-06 17:00:00
12.375,16.791857,2025-12-06 18:00:00
19.35,14.116618,2025-12-06 18:00:00
42.775,13.616366,2025-12-06 18:00:00
24.325,13.530148,2025-12-06 18:00:00
0.4,19.781643,2025-12-06 18:00:00
20.35,16.151001,2025-12-06 19:00:00
13.4,17.087772,2025-12-06 19:00:00
0.8500000000000001,21.403975,2025-12-06 19:00:00
23.925,14.717671,2025-12-06 19:00:00
44.075,25.694946,2025-12-06 19:00:00
2.6,21.890226,2025-12-06 20:00:00
15.15,17.945595,2025-12-06 20:00:00
40.425,30.501202,2025-12-06 20:00:00
19.675,16.597034,2025-12-06 20:00:00
18.975,12.337622,2025-12-06 20:00:00
40.75,30.59754,2025-12-06 21:00:00
13.85,16.751623,2025-12-06 21:00:00
19.375,20.80314,2025-12-06 21:00:00
16.349999999999998,12.126206,2025-12-06 21:00:00
1.775,21.009314,2025-12-06 21:00:00
19.3,22.058804,2025-12-06 22:00:00
42.825,27.797792,2025-12-06 22:00:00
15.825,11.667846,2025-12-06 22:00:00
2.575,17.70388,2025-12-06 22:00:00
12.9,16.503723,2025-12-06 22:00:00
40.2,24.55184,2025-12-06 23:00:00
20.125,17.984146,2025-12-06 23:00:00
13.05,17.117533,2025-12-06 23:00:00
1.3,16.912994,2025-12-06 23:00:00
15.733333333333334,11.931908,2025-12-06 23:00:00
21.4,19.939352,2025-12-07 00:00:00
19.925,12.977273,2025-12-07 00:00:00
12.6,19.019253,2025-12-07 00:00:00
0.95,13.819152,2025-12-07 00:00:00
41.675,27.469955,2025-12-07 00:00:00
0.95,13.260696,2025-12-07 01:00:00
10.375,18.170654,2025-12-07 01:00:00
19.675,18.540794,2025-12-07 01:00:00
39.95,24.89618,2025-12-07 01:00:00
22.25,14.561671,2025-12-07 01:00:00
5.275,17.621887,2025-12-07 02:00:00
38.175,24.63793,2025-12-07 02:00:00
0.95,13.071998,2025-12-07 02:00:00
18.8,17.964115,2025-12-07 02:00:00
22.325000000000003,14.483684,2025-12-07 02:00:00
19.05,16.016586,2025-12-07 03:00:00
22.15,14.240978,2025-12-07 03:00:00
38.525,30.695976,2025-12-07 03:00:00
4.95,15.134035,2025-12-07 03:00:00
2.2,14.594247,2025-12-07 03:00:00
2.825,14.257914,2025-12-07 04:00:00
39.325,30.797865,2025-12-07 04:00:00
6.725,12.659554,2025-12-07 04:00:00
18.875,15.7913885,2025-12-07 04:00:00
12.9,12.695599,2025-12-07 04:00:00
19.05,17.530212,2025-12-07 05:00:00
8.35,12.300343,2025-12-07 05:00:00
2.675,15.098565,2025-12-07 05:00:00
37.375,33.80052,2025-12-07 05:00:00
10.9,12.814151,2025-12-07 05:00:00
8.425,11.028812,2025-12-07 06:00:00
1.675,13.687174,2025-12-07 06:00:00
37.125,33.1174,2025-12-07 06:00:00
21.1,19.383099,2025-12-07 06:00:00
13.05,13.012237,2025-12-07 06:00:00
8.425,11.7712555,2025-12-07 07:00:00
37.15,31.484718,2025-12-07 07:00:00
1.9,13.286938,2025-12-07 07:00:00
23.125,18.770775,2025-12-07 07:00:00
13.8,12.991841,2025-12-07 07:00:00
22.425,17.096601,2025-12-07 08:00:00
38.2,34.227257,2025-12-07 08:00:00
12.15,18.956394,2025-12-07 08:00:00
11.8,10.891551,2025-12-07 08:00:00
2.275,14.370861,2025-12-07 08:00:00
21.55,17.712423,2025-12-07 09:00:00
14.2,18.021505,2025-12-07 09:00:00
4.275,14.4255905,2025-12-07 09:00:00
13.45,12.32459,2025-12-07 09:00:00
39.15,31.708712,2025-12-07 09:00:00
17.525,18.856731,2025-12-07 10:00:00
13.225,13.797466,2025-12-07 10:00:00
38.625,39.20011,2025-12-07 10:00:00
3.225,17.405354,2025-12-07 10:00:00
22.7,18.367025,2025-12-07 10:00:00
26.975,19.372509,2025-12-07 11:00:00
4.875,19.244843,2025-12-07 11:00:00
37.15,32.642,2025-12-07 11:00:00
13.7,15.360724,2025-12-07 11:00:00
21.025,20.062216,2025-12-07 11:00:00
21.525,20.909607,2025-12-07 12:00:00
39.925,35.227043,2025-12-07 12:00:00
4.225,21.384321,2025-12-07 12:00:00
15.725,15.277943,2025-12-07 12:00:00
28.5,19.750511,2025-12-07 12:00:00
19.55,18.947746,2025-12-07 13:00:00
38.05,35.212776,2025-12-07 13:00:00
3.05,17.497625,2025-12-07 13:00:00
17.15,14.196703,2025-12-07 13:00:00
29.35,21.849747,2025-12-07 13:00:00
27.25,19.646078,2025-12-07 14:00:00
17.175,14.252755,2025-12-07 14:00:00
14.825,18.005562,2025-12-07 14:00:00
1.9,17.555737,2025-12-07 14:00:00
35.05,35.626484,2025-12-07 14:00:00
23.525,21.42257,2025-12-07 15:00:00
15.075,18.07851,2025-12-07 15:00:00
17.0,13.728607,2025-12-07 15:00:00
0.3,19.73522,2025-12-07 15:00:00
34.8,30.75003,2025-12-07 15:00:00
17.875,16.148859,2025-12-07 16:00:00
22.925,19.521873,2025-12-07 16:00:00
3.6,18.064728,2025-12-07 16:00:00
35.775,30.817345,2025-12-07 16:00:00
11.6,18.333729,2025-12-07 16:00:00
34.85,32.178574,2025-12-07 17:00:00
2.625,18.136168,2025-12-07 17:00:00
18.55,15.961177,2025-12-07 17:00:00
20.5,18.550472,2025-12-07 17:00:00
14.025,17.83797,2025-12-07 17:00:00
22.6,17.752867,2025-12-07 18:00:00
27.15,27.422504,2025-12-07 18:00:00
18.75,16.787617,2025-12-07 18:00:00
3.35,18.95805,2025-12-07 18:00:00
12.2,17.004017,2025-12-07 18:00:00
22.65,17.353107,2025-12-07 19:00:00
13.975,16.540983,2025-12-07 19:00:00
4.075,18.697578,2025-12-07 19:00:00
18.6,17.077057,2025-12-07 19:00:00
30.425,23.32382,2025-12-07 19:00:00
9.325,15.152889,2025-12-07 20:00:00
21.8,16.901585,2025-12-07 20:00:00
6.4,18.846361,2025-12-07 20:00:00
13.075,16.691862,2025-12-07 20:00:00
34.675000000000004,26.75628,2025-12-07 20:00:00
7.175,24.556978,2025-12-07 21:00:00
33.375,31.382141,2025-12-07 21:00:00
4.8,15.432836,2025-12-07 21:00:00
20.9,17.112505,2025-12-07 21:00:00
12.55,18.345991,2025-12-07 21:00:00
6.7,23.227615,2025-12-07 22:00:00
35.15,31.492722,2025-12-07 22:00:00
19.825,19.042578,2025-12-07 22:00:00
4.525,14.1966505,2025-12-07 22:00:00
11.575,15.423558,2025-12-07 22:00:00
36.4,28.484053,2025-12-07 23:00:00
4.033333333333333,15.751335,2025-12-07 23:00:00
9.05,15.524022,2025-12-07 23:00:00
5.6,21.723372,2025-12-07 23:00:00
20.45,18.568317,2025-12-07 23:00:00
9.275,13.865409,2025-12-08 00:00:00
21.766666666666666,16.496613,2025-12-08 00:00:00
4.575,17.792501,2025-12-08 00:00:00
34.825,26.768576,2025-12-08 00:00:00
10.075,17.01261,2025-12-08 00:00:00
22.05,15.637899,2025-12-08 01:00:00
12.0,14.632038,2025-12-08 01:00:00
3.9,15.740987,2025-12-08 01:00:00
7.875,16.951075,2025-12-08 01:00:00
35.05,29.241098,2025-12-08 01:00:00
35.45,27.970743,2025-12-08 02:00:00
3.0,16.445608,2025-12-08 02:00:00
12.025,15.686503,2025-12-08 02:00:00
20.9,14.693533,2025-12-08 02:00:00
1.65,14.302446,2025-12-08 02:00:00
22.475,15.188857,2025-12-08 03:00:00
3.325,17.194075,2025-12-08 03:00:00
32.3,27.647581,2025-12-08 03:00:00
12.075,17.391047,2025-12-08 03:00:00
1.325,13.48219,2025-12-08 03:00:00
27.575,28.248922,2025-12-08 04:00:00
2.85,13.635796,2025-12-08 04:00:00
3.775,15.092401,2025-12-08 04:00:00
10.25,14.396745,2025-12-08 04:00:00
22.65,15.141955,2025-12-08 04:00:00
5.375,14.946213,2025-12-08 05:00:00
25.85,26.02227,2025-12-08 05:00:00
9.2,13.61946,2025-12-08 05:00:00
3.55,17.025017,2025-12-08 05:00:00
22.0,17.663387,2025-12-08 05:00:00
2.525,15.670257,2025-12-08 06:00:00
22.05,17.148085,2025-12-08 06:00:00
25.025,25.825697,2025-12-08 06:00:00
4.25,14.803127,2025-12-08 06:00:00
9.475,12.783474,2025-12-08 06:00:00
4.675,15.548074,2025-12-08 07:00:00
3.05,17.269423,2025-12-08 07:00:00
9.425,11.140449,2025-12-08 07:00:00
23.05,18.24336,2025-12-08 07:00:00
26.75,30.459723,2025-12-08 07:00:00
6.975,12.757493,2025-12-08 08:00:00
24.25,17.408281,2025-12-08 08:00:00
26.775,30.35765,2025-12-08 08:00:00
2.875,17.558308,2025-12-08 08:00:00
6.625,13.708386,2025-12-08 08:00:00
28.4,31.540342,2025-12-08 09:00:00
24.575000000000003,16.592209,2025-12-08 09:00:00
3.9,15.946351,2025-12-08 09:00:00
6.050000000000001,13.09541,2025-12-08 09:00:00
8.925,15.618578,2025-12-08 09:00:00
25.825,15.859908,2025-12-08 10:00:00
6.325,13.776643,2025-12-08 10:00:00
4.875,14.550741,2025-12-08 10:00:00
9.45,18.692154,2025-12-08 10:00:00
29.825,30.027515,2025-12-08 10:00:00
30.75,16.640814,2025-12-08 11:00:00
5.95,14.104539,2025-12-08 11:00:00
14.1,19.584707,2025-12-08 11:00:00
28.625,32.458965,2025-12-08 11:00:00
6.925,17.000525,2025-12-08 11:00:00
15.875,21.641127,2025-12-08 12:00:00
6.7,16.933243,2025-12-08 12:00:00
11.8,15.77712,2025-12-08 12:00:00
29.575,29.764507,2025-12-08 12:00:00
38.95,14.980444,2025-12-08 12:00:00
36.8,15.5749235,2025-12-08 13:00:00
15.625,20.5164,2025-12-08 13:00:00
13.9,16.119217,2025-12-08 13:00:00
8.15,14.774284,2025-12-08 13:00:00
33.400000000000006,29.647268,2025-12-08 13:00:00
32.95,16.42139,2025-12-08 14:00:00
4.975,14.17626,2025-12-08 14:00:00
34.875,29.00655,2025-12-08 14:00:00
14.05,16.03938,2025-12-08 14:00:00
14.425,19.5351,2025-12-08 14:00:00
31.5,28.431261,2025-12-08 15:00:00
13.725,15.850901,2025-12-08 15:00:00
10.55,18.152334,2025-12-08 15:00:00
28.825,17.58552,2025-12-08 15:00:00
3.4000000000000004,15.373503,2025-12-08 15:00:00
12.55,16.235172,2025-12-08 16:00:00
11.9,15.773721,2025-12-08 16:00:00
27.225,15.048401,2025-12-08 16:00:00
1.2,15.526454,2025-12-08 16:00:00
30.7,31.898447,2025-12-08 16:00:00
0.85,12.537414,2025-12-08 17:00:00
27.925,13.963288,2025-12-08 17:00:00
10.925,16.709375,2025-12-08 17:00:00
29.75,33.096157,2025-12-08 17:00:00
9.025,17.60926,2025-12-08 17:00:00
8.55,16.938515,2025-12-08 18:00:00
0.875,14.710523,2025-12-08 18:00:00
28.075,13.950093,2025-12-08 18:00:00
27.725,28.410858,2025-12-08 18:00:00
10.85,18.101347,2025-12-08 18:00:00
10.175,17.103916,2025-12-08 19:00:00
2.475,16.746006,2025-12-08 19:00:00
11.4,16.900398,2025-12-08 19:00:00
29.95,24.732489,2025-12-08 19:00:00
27.2,12.522983,2025-12-08 19:00:00
8.35,15.542434,2025-12-08 20:00:00
25.9,14.2246275,2025-12-08 20:00:00
28.675,30.330214,2025-12-08 20:00:00
3.175,18.44201,2025-12-08 20:00:00
8.75,15.682926,2025-12-08 20:00:00
8.65,15.299928,2025-12-08 21:00:00
27.175,27.974607,2025-12-08 21:00:00
25.225,16.19906,2025-12-08 21:00:00
7.425,14.094099,2025-12-08 21:00:00
4.425,19.450228,2025-12-08 21:00:00
4.0,20.19011,2025-12-08 22:00:00
7.325,14.117359,2025-12-08 22:00:00
7.4,15.663268,2025-12-08 22:00:00
26.025,16.581264,2025-12-08 22:00:00
28.375,28.712606,2025-12-08 22:00:00
26.6,15.098034,2025-12-08 23:00:00
6.85,14.919146,2025-12-08 23:00:00
26.3,35.30354,2025-12-08 23:00:00
3.725,20.880156,2025-12-08 23:00:00
7.233333333333333,12.554122,2025-12-08 23:00:00
6.775,13.80603,2025-12-09 00:00:00
16.65,14.809612,2025-12-09 00:00:00
2.525,15.021892,2025-12-09 00:00:00
22.366666666666664,15.069642,2025-12-09 00:00:00
25.15,33.76611,2025-12-09 00:00:00
1.425,16.01549,2025-12-09 01:00:00
26.575,34.592,2025-12-09 01:00:00
7.175,14.300109,2025-12-09 01:00:00
20.625,14.41239,2025-12-09 01:00:00
20.15,15.858021,2025-12-09 01:00:00
18.65,15.341955,2025-12-09 02:00:00
20.3,15.230339,2025-12-09 02:00:00
26.025,32.133068,2025-12-09 02:00:00
1.5,15.851281,2025-12-09 02:00:00
1.2999999999999998,12.684258,2025-12-09 02:00:00
1.2666666666666666,11.969032,2025-12-09 03:00:00
20.9,14.672251,2025-12-09 03:00:00
25.225,33.8147,2025-12-09 03:00:00
17.7,17.021877,2025-12-09 03:00:00
1.125,15.455294,2025-12-09 03:00:00
3.5250000000000004,12.668968,2025-12-09 04:00:00
19.6,11.802521,2025-12-09 04:00:00
24.1,25.881039,2025-12-09 04:00:00
1.175,14.349053,2025-12-09 04:00:00
17.85,16.64791,2025-12-09 04:00:00
24.275,25.93506,2025-12-09 05:00:00
18.925,11.67499,2025-12-09 05:00:00
2.45,15.397211,2025-12-09 05:00:00
4.65,11.625745,2025-12-09 05:00:00
18.5,19.079535,2025-12-09 05:00:00
24.6,26.02156,2025-12-09 06:00:00
2.85,15.595395,2025-12-09 06:00:00
8.725,11.083274,2025-12-09 06:00:00
19.675,16.305326,2025-12-09 06:00:00
18.8,11.425192,2025-12-09 06:00:00
7.6,13.173444,2025-12-09 07:00:00
2.35,15.177878,2025-12-09 07:00:00
23.675,26.270302,2025-12-09 07:00:00
20.425,15.419885,2025-12-09 07:00:00
18.325,11.784796,2025-12-09 07:00:00
12.875,9.984156,2025-12-09 08:00:00
2.3,15.318526,2025-12-09 08:00:00
8.875,12.454779,2025-12-09 08:00:00
21.3,17.793163,2025-12-09 08:00:00
23.7,23.969362,2025-12-09 08:00:00
22.175,17.31246,2025-12-09 09:00:00
3.05,16.561895,2025-12-09 09:00:00
9.75,13.659517,2025-12-09 09:00:00
10.175,10.91612,2025-12-09 09:00:00
24.45,28.274036,2025-12-09 09:00:00
10.9,15.540295,2025-12-09 10:00:00
24.925,24.873585,2025-12-09 10:00:00
2.675,16.873732,2025-12-09 10:00:00
20.95,19.543703,2025-12-09 10:00:00
10.725,10.732724,2025-12-09 10:00:00
2.4,17.292662,2025-12-09 11:00:00
24.575,23.067484,2025-12-09 11:00:00
11.0,12.722495,2025-12-09 11:00:00
22.375,20.246126,2025-12-09 11:00:00
11.3,18.229881,2025-12-09 11:00:00
22.8,12.862049,2025-12-09 12:00:00
24.025,20.826466,2025-12-09 12:00:00
12.2,19.806755,2025-12-09 12:00:00
2.6,16.607304,2025-12-09 12:00:00
23.4,25.112556,2025-12-09 12:00:00
1.525,15.557377,2025-12-09 13:00:00
23.575,22.9039,2025-12-09 13:00:00
28.975,14.077751,2025-12-09 13:00:00
7.875,18.666988,2025-12-09 13:00:00
21.4,24.489155,2025-12-09 13:00:00
23.6,25.395966,2025-12-09 14:00:00
29.025,14.963441,2025-12-09 14:00:00
23.45,23.096506,2025-12-09 14:00:00
1.925,14.750329,2025-12-09 14:00:00
9.575,18.053339,2025-12-09 14:00:00
24.175,21.283592,2025-12-09 15:00:00
20.6,26.225273,2025-12-09 15:00:00
1.775,15.43255,2025-12-09 15:00:00
29.125,14.547062,2025-12-09 15:00:00
7.45,18.494661,2025-12-09 15:00:00
21.5,20.30386,2025-12-09 16:00:00
17.95,26.286987,2025-12-09 16:00:00
14.125,14.590286,2025-12-09 16:00:00
0.7000000000000001,15.492579,2025-12-09 16:00:00
9.975,18.116138,2025-12-09 16:00:00
20.325,15.250092,2025-12-09 17:00:00
9.1,15.647644,2025-12-09 17:00:00
23.975,25.576662,2025-12-09 17:00:00
0.9,15.479824,2025-12-09 17:00:00
7.25,14.452678,2025-12-09 17:00:00
0.4,16.120132,2025-12-09 18:00:00
23.2,18.833172,2025-12-09 18:00:00
26.25,22.48617,2025-12-09 18:00:00
7.8,14.786236,2025-12-09 18:00:00
6.975,14.356069,2025-12-09 18:00:00
1.825,16.774427,2025-12-09 19:00:00
8.05,12.935386,2025-12-09 19:00:00
8.4,12.849039,2025-12-09 19:00:00
24.125,19.785667,2025-12-09 19:00:00
18.675,23.3337,2025-12-09 19:00:00
25.775,20.324005,2025-12-09 20:00:00
18.0,22.31732,2025-12-09 20:00:00
5.325,20.642332,2025-12-09 20:00:00
11.175,12.256733,2025-12-09 20:00:00
12.325,12.94199,2025-12-09 20:00:00
25.3,19.92252,2025-12-09 21:00:00
18.7,23.686893,2025-12-09 21:00:00
15.25,12.520646,2025-12-09 21:00:00
10.85,20.923218,2025-12-09 21:00:00
11.525,11.807802,2025-12-09 21:00:00
14.0,13.311348,2025-12-09 22:00:00
19.7,24.387863,2025-12-09 22:00:00
14.625,19.541115,2025-12-09 22:00:00
24.75,19.04505,2025-12-09 22:00:00
15.85,12.681523,2025-12-09 22:00:00
15.3,11.088413,2025-12-09 23:00:00
14.975,12.952942,2025-12-09 23:00:00
18.975,23.71642,2025-12-09 23:00:00
24.6,19.13477,2025-12-09 23:00:00
16.125,19.009577,2025-12-09 23:00:00
19.0,25.005539,2025-12-10 00:00:00
21.166666666666668,18.617764,2025-12-10 00:00:00
14.675,16.228863,2025-12-10 00:00:00
10.0,12.437517,2025-12-10 00:00:00
13.875,10.372207,2025-12-10 00:00:00
12.425,16.181297,2025-12-10 01:00:00
12.55,11.444899,2025-12-10 01:00:00
18.625,23.886131,2025-12-10 01:00:00
7.25,12.164669,2025-12-10 01:00:00
19.625,19.11785,2025-12-10 01:00:00
0.8333333333333334,11.687797,2025-12-10 02:00:00
20.025,23.948616,2025-12-10 02:00:00
11.45,14.008571,2025-12-10 02:00:00
11.75,16.012518,2025-12-10 02:00:00
17.65,18.049732,2025-12-10 02:00:00
17.1,18.775953,2025-12-10 03:00:00
10.1,15.267709,2025-12-10 03:00:00
18.825,23.835232,2025-12-10 03:00:00
2.0,11.067124,2025-12-10 03:00:00
10.4,14.140521,2025-12-10 03:00:00
17.025,21.756546,2025-12-10 04:00:00
7.7,13.18805,2025-12-10 04:00:00
17.175,19.074354,2025-12-10 04:00:00
2.2,10.948253,2025-12-10 04:00:00
12.45,12.876236,2025-12-10 04:00:00
16.85,20.049793,2025-12-10 05:00:00
6.725,14.353556,2025-12-10 05:00:00
16.375,20.840185,2025-12-10 05:00:00
13.425,12.951454,2025-12-10 05:00:00
2.2,12.315291,2025-12-10 05:00:00
18.775,20.284504,2025-12-10 06:00:00
7.050000000000001,15.976401,2025-12-10 06:00:00
16.425,19.239437,2025-12-10 06:00:00
13.525,13.127221,2025-12-10 06:00:00
6.45,11.025433,2025-12-10 06:00:00
15.55,23.962263,2025-12-10 07:00:00
6.775,14.866735,2025-12-10 07:00:00
5.375,9.781334,2025-12-10 07:00:00
20.6,18.036095,2025-12-10 07:00:00
13.425,13.288283,2025-12-10 07:00:00
17.075,12.975987,2025-12-10 08:00:00
20.475,18.507442,2025-12-10 08:00:00
4.675,10.069065,2025-12-10 08:00:00
5.45,12.170308,2025-12-10 08:00:00
14.675,23.418453,2025-12-10 08:00:00
7.325,9.683849,2025-12-10 09:00:00
6.725,13.234071,2025-12-10 09:00:00
20.65,19.610281,2025-12-10 09:00:00
14.125,23.199081,2025-12-10 09:00:00
19.0,13.233877,2025-12-10 09:00:00
18.775,12.929857,2025-12-10 10:00:00
7.75,11.816773,2025-12-10 10:00:00
19.85,19.475943,2025-12-10 10:00:00
7.95,14.293499,2025-12-10 10:00:00
15.925,20.536192,2025-12-10 10:00:00
18.075,21.76735,2025-12-10 11:00:00
9.225,14.310002,2025-12-10 11:00:00
19.5,22.185287,2025-12-10 11:00:00
19.125,13.7029085,2025-12-10 11:00:00
7.4,14.87738,2025-12-10 11:00:00
18.3,21.594995,2025-12-10 12:00:00
21.05,23.57939,2025-12-10 12:00:00
8.975000000000001,14.03235,2025-12-10 12:00:00
17.175,17.512457,2025-12-10 12:00:00
8.4,14.231496,2025-12-10 12:00:00
21.9,23.9198,2025-12-10 13:00:00
6.125,13.269064,2025-12-10 13:00:00
16.225,22.346584,2025-12-10 13:00:00
8.475,13.595115,2025-12-10 13:00:00
16.7,16.366724,2025-12-10 13:00:00
6.45,14.5735235,2025-12-10 14:00:00
13.7,22.743464,2025-12-10 14:00:00
22.575,20.145477,2025-12-10 14:00:00
12.75,17.574135,2025-12-10 14:00:00
10.075,13.061132,2025-12-10 14:00:00
16.8,22.60486,2025-12-10 15:00:00
5.25,16.280151,2025-12-10 15:00:00
13.15,16.357174,2025-12-10 15:00:00
24.35,20.448318,2025-12-10 15:00:00
8.125,13.017468,2025-12-10 15:00:00
16.925,17.557884,2025-12-10 16:00:00
13.1,13.842898,2025-12-10 16:00:00
6.949999999999999,12.3613,2025-12-10 16:00:00
4.775,16.54228,2025-12-10 16:00:00
22.925,19.988798,2025-12-10 16:00:00
3.725,14.27392,2025-12-10 17:00:00
13.125,12.967269,2025-12-10 17:00:00
18.75,19.721258,2025-12-10 17:00:00
16.55,19.940699,2025-12-10 17:00:00
6.5,12.564448,2025-12-10 17:00:00
3.875,15.223433,2025-12-10 18:00:00
22.475,20.541471,2025-12-10 18:00:00
4.375,11.007186,2025-12-10 18:00:00
14.3,10.604214,2025-12-10 18:00:00
16.15,18.859058,2025-12-10 18:00:00
6.074999999999999,11.883077,2025-12-10 19:00:00
5.675,14.451891,2025-12-10 19:00:00
14.725,11.95581,2025-12-10 19:00:00
27.725,18.873333,2025-12-10 19:00:00
14.775,21.49512,2025-12-10 19:00:00
27.875,19.657982,2025-12-10 20:00:00
16.65,11.9550085,2025-12-10 20:00:00
8.05,11.11231,2025-12-10 20:00:00
16.025,16.988737,2025-12-10 20:00:00
8.325,19.999096,2025-12-10 20:00:00
12.65,18.73187,2025-12-10 21:00:00
26.5,22.879507,2025-12-10 21:00:00
9.975,12.032901,2025-12-10 21:00:00
17.8,12.648391,2025-12-10 21:00:00
17.775,19.504543,2025-12-10 21:00:00
25.0,20.701326,2025-12-10 22:00:00
19.125,18.113092,2025-12-10 22:00:00
10.45,13.444999,2025-12-10 22:00:00
17.9,12.324008,2025-12-10 22:00:00
14.85,23.263464,2025-12-10 22:00:00
14.925,20.285965,2025-12-10 23:00:00
18.0,12.557852,2025-12-10 23:00:00
12.175,15.115097,2025-12-10 23:00:00
23.425,20.004696,2025-12-10 23:00:00
25.175,24.62031,2025-12-10 23:00:00
23.675,11.79421,2025-12-11 00:00:00
23.075,18.376093,2025-12-11 00:00:00
13.95,15.106045,2025-12-11 00:00:00
27.933333333333334,18.386839,2025-12-11 00:00:00
13.05,15.755519,2025-12-11 00:00:00
10.4,15.469469,2025-12-11 01:00:00
26.775,11.731124,2025-12-11 01:00:00
27.325,16.130169,2025-12-11 01:00:00
19.5,16.896103,2025-12-11 01:00:00
11.95,14.119736,2025-12-11 01:00:00
4.65,12.476818,2025-12-11 02:00:00
18.325,15.947373,2025-12-11 02:00:00
25.1,15.876325,2025-12-11 02:00:00
26.425,11.661406,2025-12-11 02:00:00
10.85,15.610978,2025-12-11 02:00:00
24.925,13.42511,2025-12-11 03:00:00
11.1,13.292992,2025-12-11 03:00:00
18.15,12.249491,2025-12-11 03:00:00
4.5,12.441083,2025-12-11 03:00:00
26.35,11.558369,2025-12-11 03:00:00
23.9,13.499534,2025-12-11 04:00:00
20.275,12.421504,2025-12-11 04:00:00
1.35,10.611661,2025-12-11 04:00:00
9.625,10.367771,2025-12-11 04:00:00
24.2,10.717095,2025-12-11 04:00:00
22.75,13.4415455,2025-12-11 05:00:00
9.25,12.442794,2025-12-11 05:00:00
22.775,11.261646,2025-12-11 05:00:00
23.55,15.107201,2025-12-11 05:00:00
1.7,12.928241,2025-12-11 05:00:00
23.55,15.803367,2025-12-11 06:00:00
21.5,12.87523,2025-12-11 06:00:00
8.5,12.2557955,2025-12-11 06:00:00
22.45,14.896375,2025-12-11 06:00:00
4.225,12.125084,2025-12-11 06:00:00
21.95,17.476171,2025-12-11 07:00:00
8.8,11.950685,2025-12-11 07:00:00
20.725,12.239118,2025-12-11 07:00:00
4.85,11.792955,2025-12-11 07:00:00
25.175,15.447151,2025-12-11 07:00:00
25.675,16.773365,2025-12-11 08:00:00
17.275,16.745026,2025-12-11 08:00:00
8.0,11.881351,2025-12-11 08:00:00
17.425,11.739591,2025-12-11 08:00:00
6.425,10.773454,2025-12-11 08:00:00
8.375,10.568363,2025-12-11 09:00:00
23.15,15.285455,2025-12-11 09:00:00
5.825,11.035866,2025-12-11 09:00:00
14.425,16.659786,2025-12-11 09:00:00
15.175,11.6763315,2025-12-11 09:00:00
14.725,16.896986,2025-12-11 10:00:00
6.175,12.422601,2025-12-11 10:00:00
24.53333333333333,17.563282,2025-12-11 10:00:00
15.05,13.587053,2025-12-11 10:00:00
7.775,9.351069,2025-12-11 10:00:00
9.25,12.729216,2025-12-11 11:00:00
26.3,18.494793,2025-12-11 11:00:00
8.0,10.4228735,2025-12-11 11:00:00
15.125,13.751609,2025-12-11 11:00:00
12.1,16.5335,2025-12-11 11:00:00
8.45,11.539918,2025-12-11 12:00:00
16.375,14.186813,2025-12-11 12:00:00
26.725,18.194448,2025-12-11 12:00:00
13.9,16.775675,2025-12-11 12:00:00
9.975,11.883489,2025-12-11 12:00:00
21.725,15.684962,2025-12-11 13:00:00
28.25,16.829214,2025-12-11 13:00:00
18.475,15.30288,2025-12-11 13:00:00
13.0,12.697751,2025-12-11 13:00:00
7.875,11.134038,2025-12-11 13:00:00
18.05,15.645298,2025-12-11 14:00:00
28.5,16.054604,2025-12-11 14:00:00
22.725,14.629699,2025-12-11 14:00:00
6.1,10.632899,2025-12-11 14:00:00
9.75,12.64068,2025-12-11 14:00:00
17.5,14.298478,2025-12-11 15:00:00
12.625,13.055399,2025-12-11 15:00:00
4.225,10.452649,2025-12-11 15:00:00
25.15,14.948615,2025-12-11 15:00:00
28.875,17.514774,2025-12-11 15:00:00
27.625,13.748368,2025-12-11 16:00:00
8.325,12.380076,2025-12-11 16:00:00
10.3,11.784657,2025-12-11 16:00:00
3.85,10.020061,2025-12-11 16:00:00
25.1,14.710806,2025-12-11 16:00:00
3.025,8.875006,2025-12-11 17:00:00
7.175,10.504827,2025-12-11 17:00:00
6.85,11.66339,2025-12-11 17:00:00
27.075,13.244231,2025-12-11 17:00:00
22.275,13.59649,2025-12-11 17:00:00
7.425000000000001,10.884058,2025-12-11 18:00:00
19.8,15.223802,2025-12-11 18:00:00
8.35,10.497091,2025-12-11 18:00:00
3.525,10.734749,2025-12-11 18:00:00
28.35,16.057095,2025-12-11 18:00:00
21.025,15.278665,2025-12-11 19:00:00
29.375,15.699547,2025-12-11 19:00:00
6.1,13.377801,2025-12-11 19:00:00
9.325,10.705607,2025-12-11 19:00:00
9.075,10.941604,2025-12-11 19:00:00
7.775,13.813671,2025-12-11 20:00:00
9.85,11.496919,2025-12-11 20:00:00
13.175,11.942778,2025-12-11 20:00:00
17.3,15.313941,2025-12-11 20:00:00
30.525,20.32747,2025-12-11 20:00:00
15.1,12.763146,2025-12-11 21:00:00
31.45,20.9647,2025-12-11 21:00:00
18.075,16.012457,2025-12-11 21:00:00
10.875,14.220012,2025-12-11 21:00:00
11.325,12.722714,2025-12-11 21:00:00
15.25,18.3049,2025-12-11 22:00:00
13.3,14.361428,2025-12-11 22:00:00
30.925,20.34648,2025-12-11 22:00:00
13.375,14.34018,2025-12-11 22:00:00
15.8,13.456331,2025-12-11 22:00:00
16.133333333333333,11.732878,2025-12-11 23:00:00
14.85,17.13453,2025-12-11 23:00:00
14.725,14.480064,2025-12-11 23:00:00
30.25,23.168419,2025-12-11 23:00:00
10.5,13.496424,2025-12-11 23:00:00
17.6,11.404294,2025-12-12 00:00:00
14.85,15.410567,2025-12-12 00:00:00
10.925,18.700756,2025-12-12 00:00:00
26.566666666666663,19.761372,2025-12-12 00:00:00
7.25,18.456575,2025-12-12 00:00:00
24.625,19.20879,2025-12-12 01:00:00
14.625,14.104688,2025-12-12 01:00:00
8.375,18.041946,2025-12-12 01:00:00
18.55,14.080718,2025-12-12 01:00:00
9.05,16.869455,2025-12-12 01:00:00
1.9666666666666668,15.246586,2025-12-12 02:00:00
13.475,16.002909,2025-12-12 02:00:00
18.15,17.010235,2025-12-12 02:00:00
14.3,12.969788,2025-12-12 02:00:00
23.25,19.228905,2025-12-12 02:00:00
17.975,16.063951,2025-12-12 03:00:00
2.5,15.522835,2025-12-12 03:00:00
11.425,14.644045,2025-12-12 03:00:00
23.0,18.533577,2025-12-12 03:00:00
13.325,12.915306,2025-12-12 03:00:00
18.6,15.9974165,2025-12-12 04:00:00
13.075,12.736003,2025-12-12 04:00:00
14.5,11.753741,2025-12-12 04:00:00
1.95,12.5660305,2025-12-12 04:00:00
23.45,17.021168,2025-12-12 04:00:00
13.925,11.200499,2025-12-12 05:00:00
18.975,16.748148,2025-12-12 05:00:00
1.833333333333333,11.084676,2025-12-12 05:00:00
11.725,12.889049,2025-12-12 05:00:00
23.125,15.824134,2025-12-12 05:00:00
11.35,16.356247,2025-12-12 06:00:00
4.633333333333334,11.805155,2025-12-12 06:00:00
11.275,10.659409,2025-12-12 06:00:00
18.9,17.051046,2025-12-12 06:00:00
22.6,16.022348,2025-12-12 06:00:00
6.025,10.729765,2025-12-12 07:00:00
16.075,13.273263,2025-12-12 07:00:00
19.85,16.301344,2025-12-12 07:00:00
22.675,16.210928,2025-12-12 07:00:00
11.125,11.743443,2025-12-12 07:00:00
12.225,11.874042,2025-12-12 08:00:00
12.725,14.168423,2025-12-12 08:00:00
4.225,10.787472,2025-12-12 08:00:00
25.35,16.11803,2025-12-12 08:00:00
17.875,8.627839,2025-12-12 08:00:00
23.85,16.477936,2025-12-12 09:00:00
2.6,11.784921,2025-12-12 09:00:00
7.949999999999999,15.033404,2025-12-12 09:00:00
12.725,11.558454,2025-12-12 09:00:00
14.6,10.191257,2025-12-12 09:00:00
6.225,13.0628805,2025-12-12 10:00:00
11.025,10.577278,2025-12-12 10:00:00
5.35,11.337918,2025-12-12 10:00:00
23.05,14.889556,2025-12-12 10:00:00
13.2,8.325464,2025-12-12 10:00:00
21.325000000000003,15.979038,2025-12-12 11:00:00
10.325,10.487438,2025-12-12 11:00:00
3.05,12.775271,2025-12-12 11:00:00
5.75,14.147566,2025-12-12 11:00:00
9.75,12.581827,2025-12-12 11:00:00
10.825,11.597871,2025-12-12 12:00:00
2.85,12.414259,2025-12-12 12:00:00
7.9,16.224957,2025-12-12 12:00:00
22.65,17.49571,2025-12-12 12:00:00
8.775,11.569815,2025-12-12 12:00:00
7.375,11.668391,2025-12-12 13:00:00
10.875,10.687968,2025-12-12 13:00:00
11.7,14.441755,2025-12-12 13:00:00
23.5,17.959063,2025-12-12 13:00:00
8.825,16.724796,2025-12-12 13:00:00
9.7,10.790045,2025-12-12 14:00:00
28.475,19.089615,2025-12-12 14:00:00
9.3,15.244343,2025-12-12 14:00:00
7.7,10.847505,2025-12-12 14:00:00
9.525,15.642203,2025-12-12 14:00:00
4.2,16.208073,2025-12-12 15:00:00
5.475,10.128981,2025-12-12 15:00:00
6.7250000000000005,13.876833,2025-12-12 15:00:00
25.4,18.324327,2025-12-12 15:00:00
9.575,16.379932,2025-12-12 15:00:00
8.9,14.652875,2025-12-12 16:00:00
4.425,9.946058,2025-12-12 16:00:00
25.375,16.845652,2025-12-12 16:00:00
13.225,15.120992,2025-12-12 16:00:00
3.0500000000000003,14.637229,2025-12-12 16:00:00
3.0500000000000003,12.304148,2025-12-12 17:00:00
15.275,11.50852,2025-12-12 17:00:00
2.75,9.872873,2025-12-12 17:00:00
15.725,14.27537,2025-12-12 17:00:00
22.85,14.40132,2025-12-12 17:00:00
0.2,12.553967,2025-12-12 18:00:00
16.65,11.543347,2025-12-12 18:00:00
4.433333333333334,10.875661,2025-12-12 18:00:00
20.975,17.83776,2025-12-12 18:00:00
16.0,10.23944,2025-12-12 18:00:00
16.8,10.326806,2025-12-12 19:00:00
19.9,24.0004,2025-12-12 19:00:00
8.675,14.968535,2025-12-12 19:00:00
14.9,10.650094,2025-12-12 19:00:00
0.2,12.120609,2025-12-12 19:00:00
13.5,15.102877,2025-12-12 20:00:00
15.325,13.977072,2025-12-12 20:00:00
18.05,26.609865,2025-12-12 20:00:00
3.3,13.184232,2025-12-12 20:00:00
15.75,11.857286,2025-12-12 20:00:00
15.625,13.559053,2025-12-12 21:00:00
19.375,20.65351,2025-12-12 21:00:00
13.375,15.582766,2025-12-12 21:00:00
21.975,17.200964,2025-12-12 21:00:00
1.7,13.503483,2025-12-12 21:00:00
16.1,14.216797,2025-12-12 22:00:00
17.3,12.718422,2025-12-12 22:00:00
4.6,16.22975,2025-12-12 22:00:00
27.175,15.786453,2025-12-12 22:00:00
18.1,21.496468,2025-12-12 22:00:00
27.625,20.253212,2025-12-12 23:00:00
1.95,17.90954,2025-12-12 23:00:00
16.233333333333334,11.951565,2025-12-12 23:00:00
18.65,23.042574,2025-12-12 23:00:00
16.549999999999997,14.665612,2025-12-12 23:00:00
30.075,11.835425,2025-12-13 00:00:00
15.7,12.257352,2025-12-13 00:00:00
19.6,9.940388,2025-12-13 00:00:00
3.0,18.064394,2025-12-13 00:00:00
22.4,23.382166,2025-12-13 00:00:00
3.0,16.83134,2025-12-13 01:00:00
28.325,12.761688,2025-12-13 01:00:00
21.975,24.705036,2025-12-13 01:00:00
16.6,13.743287,2025-12-13 01:00:00
21.725,11.926774,2025-12-13 01:00:00
24.200000000000003,12.74182,2025-12-13 02:00:00
12.175,11.943073,2025-12-13 02:00:00
21.25,21.91169,2025-12-13 02:00:00
21.625,13.8782015,2025-12-13 02:00:00
3.0,14.407243,2025-12-13 02:00:00
21.325,12.437451,2025-12-13 03:00:00
15.725,13.179761,2025-12-13 03:00:00
3.0,13.1510725,2025-12-13 03:00:00
8.575,11.8982725,2025-12-13 03:00:00
21.9,20.078697,2025-12-13 03:00:00
19.975,17.971022,2025-12-13 04:00:00
12.875,10.912036,2025-12-13 04:00:00
11.95,11.099098,2025-12-13 04:00:00
20.475,9.19641,2025-12-13 04:00:00
20.6,8.845731,2025-12-13 05:00:00
17.9,16.191856,2025-12-13 05:00:00
12.375,10.900471,2025-12-13 05:00:00
13.15,11.995718,2025-12-13 05:00:00
13.525,11.300078,2025-12-13 06:00:00
21.425,11.813217,2025-12-13 06:00:00
3.8,12.248335,2025-12-13 06:00:00
11.5,11.620401,2025-12-13 06:00:00
17.575,15.488467,2025-12-13 06:00:00
4.966666666666667,13.291747,2025-12-13 07:00:00
18.4,17.056515,2025-12-13 07:00:00
13.05,13.79552,2025-12-13 07:00:00
21.075,10.32644,2025-12-13 07:00:00
10.375,14.402531,2025-12-13 07:00:00
21.975,16.143099,2025-12-13 08:00:00
7.225,10.264439,2025-12-13 08:00:00
13.35,11.649131,2025-12-13 08:00:00
3.625,11.174251,2025-12-13 08:00:00
15.675,12.200545,2025-12-13 08:00:00
0.3333333333333333,11.68495,2025-12-13 09:00:00
13.85,12.664314,2025-12-13 09:00:00
6.366666666666667,9.18941,2025-12-13 09:00:00
12.75,9.248988,2025-12-13 09:00:00
23.275,11.566936,2025-12-13 09:00:00
21.275,18.578047,2025-12-13 10:00:00
0.3333333333333333,11.71631,2025-12-13 10:00:00
8.775,10.958029,2025-12-13 10:00:00
6.4,9.975691,2025-12-13 10:00:00
13.3,11.507976,2025-12-13 10:00:00
21.8,15.673815,2025-12-13 11:00:00
7.7,11.20649,2025-12-13 11:00:00
11.175,11.385633,2025-12-13 11:00:00
0.3333333333333333,13.097627,2025-12-13 11:00:00
11.05,12.64176,2025-12-13 11:00:00
10.525,12.639767,2025-12-13 12:00:00
19.633333333333333,16.8992,2025-12-13 12:00:00
9.125,11.89985,2025-12-13 12:00:00
9.3,12.166324,2025-12-13 12:00:00
21.05,16.226303,2025-12-13 12:00:00
11.85,14.757657,2025-12-13 13:00:00
22.05,18.769627,2025-12-13 13:00:00
10.75,13.131495,2025-12-13 13:00:00
6.525,11.494549,2025-12-13 13:00:00
21.075,15.433108,2025-12-13 13:00:00
12.375,13.544199,2025-12-13 14:00:00
20.8,17.427748,2025-12-13 14:00:00
2.4,12.004671,2025-12-13 14:00:00
22.175,17.64382,2025-12-13 14:00:00
11.475,14.1369,2025-12-13 14:00:00
22.35,14.078518,2025-12-13 15:00:00
9.925,13.191062,2025-12-13 15:00:00
1.5,9.737899,2025-12-13 15:00:00
20.125,16.201527,2025-12-13 15:00:00
13.35,16.315542,2025-12-13 15:00:00
20.275,13.284614,2025-12-13 16:00:00
11.125,10.587716,2025-12-13 16:00:00
7.4,14.309738,2025-12-13 16:00:00
1.7999999999999998,12.405508,2025-12-13 16:00:00
9.175,10.44057,2025-12-13 16:00:00
5.95,8.886579,2025-12-13 17:00:00
10.575,11.183708,2025-12-13 17:00:00
1.6,8.698798,2025-12-13 17:00:00
8.8,11.440719,2025-12-13 17:00:00
21.925,12.801671,2025-12-13 17:00:00
9.575,11.941476,2025-12-13 18:00:00
9.7,11.655581,2025-12-13 18:00:00
2.9333333333333336,9.121264,2025-12-13 18:00:00
24.775,17.26954,2025-12-13 18:00:00
6.825,11.342898,2025-12-13 18:00:00
5.2,12.716049,2025-12-13 19:00:00
9.225,13.510885,2025-12-13 19:00:00
8.125,12.022677,2025-12-13 19:00:00
26.375,11.475498,2025-12-13 19:00:00
7.825,11.816491,2025-12-13 19:00:00
11.875,11.7022705,2025-12-13 20:00:00
15.45,12.984599,2025-12-13 20:00:00
7.275,12.099096,2025-12-13 20:00:00
25.675,14.211398,2025-12-13 20:00:00
12.3,10.812028,2025-12-13 20:00:00
19.8,17.994055,2025-12-13 21:00:00
8.825,13.076599,2025-12-13 21:00:00
21.35,15.61716,2025-12-13 21:00:00
14.55,11.054035,2025-12-13 21:00:00
1.1,13.167162,2025-12-13 21:00:00
10.125,12.981463,2025-12-13 22:00:00
2.1,12.101564,2025-12-13 22:00:00
20.55,18.395973,2025-12-13 22:00:00
22.7,17.755512,2025-12-13 22:00:00
14.05,8.496546,2025-12-13 22:00:00
3.55,11.74711,2025-12-13 23:00:00
9.675,13.681404,2025-12-13 23:00:00
14.266666666666666,9.258711,2025-12-13 23:00:00
21.55,22.200933,2025-12-13 23:00:00
19.4,19.138403,2025-12-13 23:00:00
5.275,11.350767,2025-12-14 00:00:00
13.625,13.504426,2025-12-14 00:00:00
20.666666666666668,16.85298,2025-12-14 00:00:00
1.0333333333333332,11.033567,2025-12-14 00:00:00
20.15,21.002539,2025-12-14 00:00:00
17.05,17.678398,2025-12-14 01:00:00
9.375,12.715782,2025-12-14 01:00:00
0.7250000000000001,11.5364485,2025-12-14 01:00:00
3.125,11.181671,2025-12-14 01:00:00
21.825000000000003,16.727077,2025-12-14 01:00:00
21.3,16.223146,2025-12-14 02:00:00
1.05,13.2152195,2025-12-14 02:00:00
15.1,17.09304,2025-12-14 02:00:00
3.025,12.5171385,2025-12-14 02:00:00
3.1666666666666665,11.42375,2025-12-14 02:00:00
3.1,10.665594,2025-12-14 03:00:00
2.35,13.876081,2025-12-14 03:00:00
22.15,16.883276,2025-12-14 03:00:00
10.475,13.934896,2025-12-14 03:00:00
1.05,10.866922,2025-12-14 03:00:00
1.7,12.440299,2025-12-14 04:00:00
10.325,11.634846,2025-12-14 04:00:00
20.075,12.698505,2025-12-14 04:00:00
6.9,14.330556,2025-12-14 04:00:00
5.1,13.121866,2025-12-14 05:00:00
1.7,11.745645,2025-12-14 05:00:00
16.7,13.285851,2025-12-14 05:00:00
15.0,11.7229185,2025-12-14 05:00:00
14.975,9.810746,2025-12-14 06:00:00
16.575,10.924787,2025-12-14 06:00:00
8.65,11.357604,2025-12-14 06:00:00
1.85,12.685361,2025-12-14 06:00:00
1.7,14.026503,2025-12-14 06:00:00
1.2,12.899137,2025-12-14 07:00:00
16.775,11.097576,2025-12-14 07:00:00
11.525,11.236126,2025-12-14 07:00:00
14.55,10.445403,2025-12-14 07:00:00
1.7,15.730147,2025-12-14 07:00:00
18.4,14.873112,2025-12-14 08:00:00
5.7250000000000005,13.853973,2025-12-14 08:00:00
11.05,9.818395,2025-12-14 08:00:00
8.925,10.061492,2025-12-14 08:00:00
4.25,11.204085,2025-12-14 09:00:00
11.35,6.539631,2025-12-14 09:00:00
9.45,10.244862,2025-12-14 09:00:00
20.5,11.962559,2025-12-14 09:00:00
13.675,9.33199,2025-12-14 10:00:00
20.5,13.181897,2025-12-14 10:00:00
4.225,10.275163,2025-12-14 10:00:00
103.5,14.417603,2025-12-14 10:00:00
9.675,12.575902,2025-12-14 10:00:00
15.15,9.898024,2025-12-14 11:00:00
21.1,12.720206,2025-12-14 11:00:00
12.725,12.356899,2025-12-14 11:00:00
17.166666666666668,12.927125,2025-12-14 11:00:00
3.675,12.991294,2025-12-14 11:00:00
12.975,10.314573,2025-12-14 12:00:00
4.575,12.112137,2025-12-14 12:00:00
26.65,18.96908,2025-12-14 12:00:00
20.675,12.800432,2025-12-14 12:00:00
9.25,12.009807,2025-12-14 12:00:00
9.65,13.042965,2025-12-14 13:00:00
7.25,13.170296,2025-12-14 13:00:00
28.15,14.665939,2025-12-14 13:00:00
13.525,12.772456,2025-12-14 13:00:00
19.1,14.800093,2025-12-14 13:00:00
12.9,12.14409,2025-12-14 14:00:00
18.15,13.25621,2025-12-14 14:00:00
2.7,15.9809265,2025-12-14 14:00:00
17.975,17.946377,2025-12-14 14:00:00
11.275,14.0686,2025-12-14 14:00:00
12.55,14.58363,2025-12-14 15:00:00
12.125,14.141335,2025-12-14 15:00:00
18.15,13.207062,2025-12-14 15:00:00
9.775,13.940214,2025-12-14 15:00:00
8.0,12.361828,2025-12-14 15:00:00
18.325,14.368385,2025-12-14 16:00:00
13.975,13.379262,2025-12-14 16:00:00
10.95,11.362052,2025-12-14 16:00:00
15.7,14.334818,2025-12-14 16:00:00
11.575,15.429472,2025-12-14 16:00:00
17.075,12.628824,2025-12-14 17:00:00
19.15,14.93031,2025-12-14 17:00:00
8.1,15.454065,2025-12-14 17:00:00
12.85,12.798673,2025-12-14 17:00:00
11.7,14.2703285,2025-12-14 17:00:00
11.2,14.109472,2025-12-14 18:00:00
13.35,12.521483,2025-12-14 18:00:00
22.175,14.597563,2025-12-14 18:00:00
9.7,12.099623,2025-12-14 18:00:00
17.700000000000003,9.753728,2025-12-14 18:00:00
17.775,10.089253,2025-12-14 19:00:00
11.775,17.34666,2025-12-14 19:00:00
22.775,13.457392,2025-12-14 19:00:00
11.375,14.736043,2025-12-14 19:00:00
20.1,13.147955,2025-12-14 19:00:00
16.25,11.370776,2025-12-14 20:00:00
21.75,13.071076,2025-12-14 20:00:00
15.85,14.168021,2025-12-14 20:00:00
6.8500000000000005,14.769832,2025-12-14 20:00:00
22.7,15.850022,2025-12-14 20:00:00
6.425,16.931097,2025-12-14 21:00:00
23.7,23.918375,2025-12-14 21:00:00
16.05,11.616883,2025-12-14 21:00:00
13.3,12.589772,2025-12-14 21:00:00
20.2,12.146029,2025-12-14 21:00:00
23.7,27.121992,2025-12-14 22:00:00
15.8,14.602629,2025-12-14 22:00:00
11.975,14.418486,2025-12-14 22:00:00
18.35,10.09937,2025-12-14 22:00:00
6.0,20.51564,2025-12-14 22:00:00
15.733333333333334,13.195232,2025-12-14 23:00:00
18.15,6.974926,2025-12-14 23:00:00
21.425,23.914871,2025-12-14 23:00:00
3.4,17.059368,2025-12-14 23:00:00
10.75,13.04086,2025-12-14 23:00:00
19.975,24.372051,2025-12-15 00:00:00
10.15,16.437006,2025-12-15 00:00:00
18.025,12.719799,2025-12-15 00:00:00
2.6,9.986176,2025-12-15 00:00:00
19.23333333333333,13.0058565,2025-12-15 00:00:00
20.85,21.77457,2025-12-15 01:00:00
4.066666666666666,11.781102,2025-12-15 01:00:00
19.3,13.581192,2025-12-15 01:00:00
9.625,17.41119,2025-12-15 01:00:00
19.65,14.563181,2025-12-15 01:00:00
18.85,13.400627,2025-12-15 02:00:00
4.066666666666666,9.176033,2025-12-15 02:00:00
18.450000000000003,18.335835,2025-12-15 02:00:00
19.65,16.606073,2025-12-15 02:00:00
2.4,14.247319,2025-12-15 02:00:00
17.325,16.403412,2025-12-15 03:00:00
20.225,16.734663,2025-12-15 03:00:00
18.825,12.99782,2025-12-15 03:00:00
3.375,14.091781,2025-12-15 03:00:00
4.066666666666666,7.602875,2025-12-15 03:00:00
9.45,21.166964,2025-12-15 04:00:00
1.5666666666666669,12.384764,2025-12-15 04:00:00
4.066666666666666,8.917832,2025-12-15 04:00:00
19.3,14.705935,2025-12-15 04:00:00
15.8,12.29041,2025-12-15 04:00:00
3.633333333333333,15.332996,2025-12-15 05:00:00
15.4,11.832422,2025-12-15 05:00:00
4.925000000000001,12.615276,2025-12-15 05:00:00
18.575,13.8209505,2025-12-15 05:00:00
15.425,12.3301935,2025-12-15 06:00:00
4.925,13.907721,2025-12-15 06:00:00
20.025,12.59742,2025-12-15 06:00:00
7.225,12.408262,2025-12-15 06:00:00
20.175,13.037363,2025-12-15 07:00:00
7.05,13.366132,2025-12-15 07:00:00
15.05,10.811671,2025-12-15 07:00:00
4.8,12.364465,2025-12-15 07:00:00
10.725,9.267832,2025-12-15 08:00:00
21.425,14.272689,2025-12-15 08:00:00
11.225,12.85401,2025-12-15 08:00:00
7.45,15.864802,2025-12-15 08:00:00
11.925,10.75894,2025-12-15 09:00:00
21.575,14.80081,2025-12-15 09:00:00
7.6,12.401409,2025-12-15 09:00:00
13.875,7.465159,2025-12-15 09:00:00
15.725,8.345527,2025-12-15 10:00:00
10.575,15.458734,2025-12-15 10:00:00
14.05,10.33461,2025-12-15 10:00:00
15.8,17.386595,2025-12-15 10:00:00
22.475,14.981016,2025-12-15 10:00:00
25.325,12.7787895,2025-12-15 11:00:00
15.45,9.677263,2025-12-15 11:00:00
28.025,24.023632,2025-12-15 11:00:00
10.9,15.909892,2025-12-15 11:00:00
14.075,11.057206,2025-12-15 11:00:00
11.325,14.509361,2025-12-15 12:00:00
30.975,24.637371,2025-12-15 12:00:00
26.15,14.158292,2025-12-15 12:00:00
11.525,19.017658,2025-12-15 12:00:00
15.75,13.256741,2025-12-15 12:00:00
16.0,14.840904,2025-12-15 13:00:00
12.175,17.017859,2025-12-15 13:00:00
9.3,14.496586,2025-12-15 13:00:00
25.375,13.214886,2025-12-15 13:00:00
28.2,9.354111,2025-12-15 13:00:00
26.8,14.371176,2025-12-15 14:00:00
16.8,15.1591215,2025-12-15 14:00:00
12.1,15.132461,2025-12-15 14:00:00
26.775,15.412788,2025-12-15 14:00:00
9.475,14.671098,2025-12-15 14:00:00
9.225,14.333315,2025-12-15 15:00:00
15.5,12.979392,2025-12-15 15:00:00
7.35,16.434534,2025-12-15 15:00:00
35.2,14.364683,2025-12-15 15:00:00
27.950000000000003,11.453941,2025-12-15 15:00:00
7.875,15.402112,2025-12-15 16:00:00
20.575,11.545534,2025-12-15 16:00:00
14.35,12.706334,2025-12-15 16:00:00
38.1,13.312689,2025-12-15 16:00:00
29.375,6.9205775,2025-12-15 16:00:00
25.825,14.721606,2025-12-15 17:00:00
19.625,11.094592,2025-12-15 17:00:00
17.0,11.458441,2025-12-15 17:00:00
27.225,4.258056,2025-12-15 17:00:00
5.875,15.287941,2025-12-15 17:00:00
23.575,4.739586,2025-12-15 18:00:00
25.5,15.134285,2025-12-15 18:00:00
16.85,10.726691,2025-12-15 18:00:00
17.275,14.24075,2025-12-15 18:00:00
5.25,15.889955,2025-12-15 18:00:00
22.675,8.789686,2025-12-15 19:00:00
4.95,15.236488,2025-12-15 19:00:00
17.0,13.558874,2025-12-15 19:00:00
25.425,18.02935,2025-12-15 19:00:00
16.575,18.915676,2025-12-15 19:00:00
24.375,19.097816,2025-12-15 20:00:00
22.5,10.645307,2025-12-15 20:00:00
2.25,13.735251,2025-12-15 20:00:00
17.125,13.107796,2025-12-15 20:00:00
16.1,19.125872,2025-12-15 20:00:00
17.275,12.316123,2025-12-15 21:00:00
2.833333333333333,15.838847,2025-12-15 21:00:00
17.0,20.841917,2025-12-15 21:00:00
24.75,14.920162,2025-12-15 21:00:00
21.35,10.828025,2025-12-15 21:00:00
17.175,12.809612,2025-12-15 22:00:00
20.3,11.585549,2025-12-15 22:00:00
2.125,17.407108,2025-12-15 22:00:00
23.8,19.234348,2025-12-15 22:00:00
16.75,23.778585,2025-12-15 22:00:00
15.625,20.915009,2025-12-15 23:00:00
23.625,13.992141,2025-12-15 23:00:00
4.6,17.827696,2025-12-15 23:00:00
22.075,13.002673,2025-12-15 23:00:00
16.566666666666666,14.151788,2025-12-15 23:00:00
20.85,10.754176,2025-12-16 00:00:00
14.65,13.209747,2025-12-16 00:00:00
1.866666666666667,18.331053,2025-12-16 00:00:00
21.2,19.93653,2025-12-16 00:00:00
14.9,19.345839,2025-12-16 00:00:00
14.1,16.532202,2025-12-16 01:00:00
2.325,17.66666,2025-12-16 01:00:00
13.075,12.93177,2025-12-16 01:00:00
15.95,9.756203,2025-12-16 01:00:00
20.325,19.080366,2025-12-16 01:00:00
12.625,9.74833,2025-12-16 02:00:00
19.9,20.08836,2025-12-16 02:00:00
12.9,12.488684,2025-12-16 02:00:00
13.75,15.791592,2025-12-16 02:00:00
3.1,14.784971,2025-12-16 02:00:00
12.975,11.714061,2025-12-16 03:00:00
13.775,17.03826,2025-12-16 03:00:00
2.566666666666667,14.981578,2025-12-16 03:00:00
19.425,19.150661,2025-12-16 03:00:00
11.725,8.277734,2025-12-16 03:00:00
11.1,8.545528,2025-12-16 04:00:00
7.575,11.415109,2025-12-16 04:00:00
1.5333333333333332,12.52301,2025-12-16 04:00:00
19.875,17.715916,2025-12-16 04:00:00
13.85,17.106955,2025-12-16 04:00:00
3.0666666666666664,13.218665,2025-12-16 05:00:00
19.25,16.947325,2025-12-16 05:00:00
4.95,11.897263,2025-12-16 05:00:00
13.85,14.214629,2025-12-16 05:00:00
13.325,15.186968,2025-12-16 06:00:00
3.35,13.054961,2025-12-16 06:00:00
4.8,12.577232,2025-12-16 06:00:00
19.325,17.619812,2025-12-16 06:00:00
5.1,11.042965,2025-12-16 07:00:00
1.25,13.738559,2025-12-16 07:00:00
20.75,18.202898,2025-12-16 07:00:00
15.575,15.877159,2025-12-16 07:00:00
98.3,16.0734,2025-12-16 08:00:00
0.6666666666666666,12.426562,2025-12-16 08:00:00
28.25,12.109665,2025-12-16 08:00:00
21.0,19.766947,2025-12-16 08:00:00
12.425,11.543844,2025-12-16 08:00:00
16.425,13.181723,2025-12-16 09:00:00
0.6000000000000001,10.659627,2025-12-16 09:00:00
31.275,9.640399,2025-12-16 09:00:00
20.0,22.248867,2025-12-16 09:00:00
100.6,15.592549,2025-12-16 09:00:00
16.866666666666667,15.22776,2025-12-16 10:00:00
100.35,16.180216,2025-12-16 10:00:00
34.525000000000006,21.324554,2025-12-16 10:00:00
19.9,21.7126,2025-12-16 10:00:00
0.6000000000000001,12.192466,2025-12-16 10:00:00
102.8,17.04354,2025-12-16 11:00:00
16.6,14.471501,2025-12-16 11:00:00
30.8,16.191652,2025-12-16 11:00:00
3.033333333333333,13.700983,2025-12-16 11:00:00
20.8,21.889431,2025-12-16 11:00:00
103.95,18.27873,2025-12-16 12:00:00
38.65,21.30555,2025-12-16 12:00:00
1.0,16.414612,2025-12-16 12:00:00
21.625,23.085804,2025-12-16 12:00:00
11.575,15.29286,2025-12-16 12:00:00
9.65,13.475007,2025-12-16 13:00:00
2.2,17.08563,2025-12-16 13:00:00
23.175,22.561827,2025-12-16 13:00:00
36.3,25.631681,2025-12-16 13:00:00
102.6,18.811262,2025-12-16 13:00:00
3.966666666666667,16.244352,2025-12-16 14:00:00
9.925,12.924305,2025-12-16 14:00:00
35.9,16.82882,2025-12-16 14:00:00
102.55,18.696442,2025-12-16 14:00:00
26.2,20.071493,2025-12-16 14:00:00
30.225,17.612423,2025-12-16 15:00:00
10.25,11.972174,2025-12-16 15:00:00
35.93333333333334,14.485912,2025-12-16 15:00:00
5.525,14.397582,2025-12-16 15:00:00
102.125,17.859507,2025-12-16 15:00:00
11.125,13.199386,2025-12-16 16:00:00
32.35,20.189386,2025-12-16 16:00:00
104.775,17.507164,2025-12-16 16:00:00
27.475,18.792019,2025-12-16 16:00:00
5.4,12.60899,2025-12-16 16:00:00
1.3,11.693122,2025-12-16 17:00:00
48.2,20.118544,2025-12-16 17:00:00
23.275,18.55678,2025-12-16 17:00:00
12.05,13.1779585,2025-12-16 17:00:00
86.825,16.812115,2025-12-16 17:00:00
22.2,20.87054,2025-12-16 18:00:00
47.35,14.757084,2025-12-16 18:00:00
71.375,19.562613,2025-12-16 18:00:00
12.7,15.963325,2025-12-16 18:00:00
0.2,11.370257,2025-12-16 18:00:00
1.1,12.561057,2025-12-16 19:00:00
24.0,21.711374,2025-12-16 19:00:00
44.025,16.041525,2025-12-16 19:00:00
13.775,15.467164,2025-12-16 19:00:00
72.5,24.695518,2025-12-16 19:00:00
74.275,24.95348,2025-12-16 20:00:00
14.8,15.206289,2025-12-16 20:00:00
23.4,20.536606,2025-12-16 20:00:00
43.275,16.833544,2025-12-16 20:00:00
2.375,14.49272,2025-12-16 20:00:00
77.5,23.1991,2025-12-16 21:00:00
15.225,14.848333,2025-12-16 21:00:00
4.3,11.069099,2025-12-16 21:00:00
24.2,20.741726,2025-12-16 21:00:00
37.975,20.703016,2025-12-16 21:00:00
3.975,11.1694975,2025-12-16 22:00:00
10.25,19.694942,2025-12-16 22:00:00
14.525,14.797213,2025-12-16 22:00:00
80.5,22.64886,2025-12-16 22:00:00
24.2,22.97732,2025-12-16 22:00:00
22.875,22.873438,2025-12-16 23:00:00
57.625,24.307686,2025-12-16 23:00:00
3.5,12.005424,2025-12-16 23:00:00
14.0,14.524917,2025-12-16 23:00:00
16.4,19.067453,2025-12-16 23:00:00
20.433333333333334,20.786001,2025-12-17 00:00:00
16.6,15.148725,2025-12-17 00:00:00
17.375,18.842043,2025-12-17 00:00:00
0.8,20.631727,2025-12-17 00:00:00
3.3,13.779922,2025-12-17 00:00:00
15.025,18.129278,2025-12-17 01:00:00
4.025,13.797792,2025-12-17 01:00:00
0.8,20.059582,2025-12-17 01:00:00
19.675,21.383245,2025-12-17 01:00:00
18.0,14.613168,2025-12-17 01:00:00
18.45,13.865154,2025-12-17 02:00:00
14.9,17.797136,2025-12-17 02:00:00
0.8,15.34886,2025-12-17 02:00:00
7.0,11.499684,2025-12-17 02:00:00
19.45,17.074415,2025-12-17 02:00:00
19.325,14.8719845,2025-12-17 03:00:00
19.75,18.428528,2025-12-17 03:00:00
14.1,14.991421,2025-12-17 03:00:00
4.85,11.464672,2025-12-17 03:00:00
16.475,12.912772,2025-12-17 03:00:00
12.575,12.679213,2025-12-17 04:00:00
16.925,12.036425,2025-12-17 04:00:00
4.775,10.442535,2025-12-17 04:00:00
12.95,14.905754,2025-12-17 04:00:00
19.2,17.685694,2025-12-17 04:00:00
13.05,15.531143,2025-12-17 05:00:00
20.075,18.100887,2025-12-17 05:00:00
5.7,11.583091,2025-12-17 05:00:00
10.35,11.793315,2025-12-17 05:00:00
14.625,10.81134,2025-12-17 05:00:00
14.1,11.186353,2025-12-17 06:00:00
10.0,13.095937,2025-12-17 06:00:00
12.925,15.427474,2025-12-17 06:00:00
20.175,17.101397,2025-12-17 06:00:00
3.8,12.710695,2025-12-17 06:00:00
13.975,16.74705,2025-12-17 07:00:00
11.5,12.709163,2025-12-17 07:00:00
19.975,18.190573,2025-12-17 07:00:00
13.575,11.770585,2025-12-17 07:00:00
4.625,12.457714,2025-12-17 07:00:00
7.85,11.829364,2025-12-17 08:00:00
9.45,13.926812,2025-12-17 08:00:00
19.1,20.146017,2025-12-17 08:00:00
15.9,26.748804,2025-12-17 08:00:00
3.433333333333333,13.835697,2025-12-17 08:00:00
14.5,28.256775,2025-12-17 09:00:00
5.85,17.465908,2025-12-17 09:00:00
1.7999999999999998,12.70178,2025-12-17 09:00:00
4.65,14.546487,2025-12-17 09:00:00
19.025,21.213573,2025-12-17 09:00:00
18.825,21.549124,2025-12-17 10:00:00
4.5,15.567131,2025-12-17 10:00:00
5.85,20.91553,2025-12-17 10:00:00
1.7999999999999998,13.533521,2025-12-17 10:00:00
13.975,33.883648,2025-12-17 10:00:00
14.125,37.854034,2025-12-17 11:00:00
5.85,23.362226,2025-12-17 11:00:00
19.625,21.592093,2025-12-17 11:00:00
4.875,16.577213,2025-12-17 11:00:00
3.6,12.656398,2025-12-17 11:00:00
16.0,39.7717,2025-12-17 12:00:00
5.85,25.029621,2025-12-17 12:00:00
12.1,16.050957,2025-12-17 12:00:00
3.225,13.367058,2025-12-17 12:00:00
19.85,21.262358,2025-12-17 12:00:00
19.675,23.924522,2025-12-17 13:00:00
19.125,40.163364,2025-12-17 13:00:00
15.2,15.303707,2025-12-17 13:00:00
23.775,23.103607,2025-12-17 13:00:00
1.3,12.4539,2025-12-17 13:00:00
15.825,23.82222,2025-12-17 14:00:00
19.525,22.281305,2025-12-17 14:00:00
16.975,41.176403,2025-12-17 14:00:00
1.0,11.0552225,2025-12-17 14:00:00
14.833333333333334,15.093365,2025-12-17 14:00:00
15.05,14.732,2025-12-17 15:00:00
3.225,11.589762,2025-12-17 15:00:00
14.2,37.871693,2025-12-17 15:00:00
19.225,21.793768,2025-12-17 15:00:00
41.25,24.659254,2025-12-17 15:00:00
1.4,12.764271,2025-12-17 16:00:00
45.5,24.501146,2025-12-17 16:00:00
20.45,14.386232,2025-12-17 16:00:00
12.45,38.124855,2025-12-17 16:00:00
19.825,24.755527,2025-12-17 16:00:00
2.45,19.311749,2025-12-17 17:00:00
43.475,25.487589,2025-12-17 17:00:00
12.425,36.72997,2025-12-17 17:00:00
19.875,20.976696,2025-12-17 17:00:00
23.15,14.211014,2025-12-17 17:00:00
2.3,21.153297,2025-12-17 18:00:00
37.3,27.766455,2025-12-17 18:00:00
23.15,13.990698,2025-12-17 18:00:00
11.975,38.21968,2025-12-17 18:00:00
20.3,26.363556,2025-12-17 18:00:00
14.275,45.947357,2025-12-17 19:00:00
0.75,10.915425,2025-12-17 19:00:00
23.9,14.145304,2025-12-17 19:00:00
21.575,23.013601,2025-12-17 19:00:00
29.25,28.025366,2025-12-17 19:00:00
1.65,10.926931,2025-12-17 20:00:00
18.425,14.0812235,2025-12-17 20:00:00
20.8,33.60752,2025-12-17 20:00:00
22.433333333333334,23.744787,2025-12-17 20:00:00
16.525,47.207268,2025-12-17 20:00:00
1.65,11.50651,2025-12-17 21:00:00
15.975,16.289093,2025-12-17 21:00:00
23.175,24.965382,2025-12-17 21:00:00
21.3,55.682037,2025-12-17 21:00:00
19.05,32.80317,2025-12-17 21:00:00
23.2,24.186268,2025-12-17 22:00:00
14.425,24.303085,2025-12-17 22:00:00
25.4,59.25479,2025-12-17 22:00:00
16.75,15.302034,2025-12-17 22:00:00
3.275,12.540455,2025-12-17 22:00:00
0.9,13.26821,2025-12-17 23:00:00
23.125,23.625988,2025-12-17 23:00:00
22.675,53.380054,2025-12-17 23:00:00
37.075,22.830923,2025-12-17 23:00:00
17.03333333333333,15.537802,2025-12-17 23:00:00
14.675,14.358597,2025-12-18 00:00:00
16.675,41.657646,2025-12-18 00:00:00
21.03333333333333,20.057293,2025-12-18 00:00:00
36.225,22.914454,2025-12-18 00:00:00
0.4,14.0767,2025-12-18 00:00:00
0.4,12.62973,2025-12-18 01:00:00
13.0,15.1114,2025-12-18 01:00:00
15.825,24.905628,2025-12-18 01:00:00
13.7,14.538668,2025-12-18 01:00:00
20.200000000000003,18.815756,2025-12-18 01:00:00
0.4,13.238412,2025-12-18 02:00:00
12.7,14.080303,2025-12-18 02:00:00
15.8,15.2546425,2025-12-18 02:00:00
8.05,13.538135,2025-12-18 02:00:00
19.05,19.470957,2025-12-18 02:00:00
9.875,17.781736,2025-12-18 03:00:00
12.45,14.329132,2025-12-18 03:00:00
17.7,18.449728,2025-12-18 03:00:00
2.4000000000000004,12.762968,2025-12-18 03:00:00
7.35,13.628763,2025-12-18 03:00:00
2.7,12.076336,2025-12-18 04:00:00
7.175,14.8588,2025-12-18 04:00:00
17.825,18.059025,2025-12-18 04:00:00
7.35,17.779795,2025-12-18 04:00:00
8.95,12.155629,2025-12-18 04:00:00
17.4,19.56957,2025-12-18 05:00:00
7.35,12.799536,2025-12-18 05:00:00
7.025,12.651426,2025-12-18 05:00:00
2.7,10.319225,2025-12-18 05:00:00
5.3,17.241884,2025-12-18 05:00:00
16.775,18.058382,2025-12-18 06:00:00
2.55,19.900711,2025-12-18 06:00:00
7.35,11.61436,2025-12-18 06:00:00
6.725,11.772045,2025-12-18 06:00:00
2.0,10.21916,2025-12-18 06:00:00
2.225,15.608288,2025-12-18 07:00:00
6.65,12.895179,2025-12-18 07:00:00
16.825,20.11278,2025-12-18 07:00:00
2.0,9.073966,2025-12-18 07:00:00
2.0,11.119213,2025-12-18 08:00:00
3.15,20.292109,2025-12-18 08:00:00
17.325,18.992939,2025-12-18 08:00:00
13.2,13.415494,2025-12-18 08:00:00
17.65,18.397108,2025-12-18 09:00:00
16.575,17.911562,2025-12-18 09:00:00
2.0,12.069642,2025-12-18 09:00:00
2.55,22.714668,2025-12-18 09:00:00
16.775,12.379505,2025-12-18 09:00:00
2.0,21.773474,2025-12-18 10:00:00
20.125,16.770973,2025-12-18 10:00:00
17.1,12.720017,2025-12-18 10:00:00
17.4,16.991964,2025-12-18 10:00:00
17.675,17.572275,2025-12-18 11:00:00
1.35,20.75828,2025-12-18 11:00:00
19.825,17.317635,2025-12-18 11:00:00
17.325,12.724535,2025-12-18 11:00:00
6.449999999999999,10.074941,2025-12-18 11:00:00
25.75,20.255774,2025-12-18 12:00:00
13.825,14.649616,2025-12-18 12:00:00
16.575,16.957455,2025-12-18 12:00:00
2.2,16.949448,2025-12-18 12:00:00
11.375,10.855847,2025-12-18 12:00:00
17.5,16.742458,2025-12-18 13:00:00
9.775,10.312566,2025-12-18 13:00:00
19.4,19.683521,2025-12-18 13:00:00
2.075,19.396395,2025-12-18 13:00:00
12.35,14.156662,2025-12-18 13:00:00
11.825,14.396693,2025-12-18 14:00:00
2.85,19.888063,2025-12-18 14:00:00
3.6,22.436308,2025-12-18 14:00:00
18.075,16.66349,2025-12-18 14:00:00
10.05,10.899494,2025-12-18 14:00:00
2.5,25.253677,2025-12-18 15:00:00
19.1,17.16974,2025-12-18 15:00:00
12.325,11.820862,2025-12-18 15:00:00
11.875,12.929953,2025-12-18 15:00:00
2.7,16.534117,2025-12-18 15:00:00
19.45,17.560755,2025-12-18 16:00:00
19.575,13.373772,2025-12-18 16:00:00
1.1333333333333333,15.240961,2025-12-18 16:00:00
2.575,23.08913,2025-12-18 16:00:00
12.45,16.52919,2025-12-18 16:00:00
23.525,13.270133,2025-12-18 17:00:00
18.55,14.671868,2025-12-18 17:00:00
11.3,13.44594,2025-12-18 17:00:00
13.025,15.166401,2025-12-18 17:00:00
5.025,28.294565,2025-12-18 17:00:00
6.9,27.398794,2025-12-18 18:00:00
17.2,16.920225,2025-12-18 18:00:00
18.85,17.330252,2025-12-18 18:00:00
23.95,14.898173,2025-12-18 18:00:00
8.7,13.182001,2025-12-18 18:00:00
19.925,22.020475,2025-12-18 19:00:00
9.85,11.534773,2025-12-18 19:00:00
31.700000000000003,29.58645,2025-12-18 19:00:00
24.7,16.93705,2025-12-18 19:00:00
20.7,18.68938,2025-12-18 19:00:00
20.05,14.636591,2025-12-18 20:00:00
15.675,27.140438,2025-12-18 20:00:00
10.675,13.101636,2025-12-18 20:00:00
23.8,21.948673,2025-12-18 20:00:00
22.15,20.190027,2025-12-18 20:00:00
10.875,14.815149,2025-12-18 21:00:00
24.15,21.798822,2025-12-18 21:00:00
18.2,14.341646,2025-12-18 21:00:00
28.825,24.674591,2025-12-18 21:00:00
5.2,23.012869,2025-12-18 21:00:00
22.675,23.389187,2025-12-18 22:00:00
32.65,28.736511,2025-12-18 22:00:00
18.375,13.891356,2025-12-18 22:00:00
5.2,18.474869,2025-12-18 22:00:00
13.075,15.957869,2025-12-18 22:00:00
22.0,21.677963,2025-12-18 23:00:00
32.0,31.336945,2025-12-18 23:00:00
13.1,14.95432,2025-12-18 23:00:00
29.5,22.195433,2025-12-18 23:00:00
18.466666666666665,14.819505,2025-12-18 23:00:00
16.5,26.50316,2025-12-19 00:00:00
20.575,19.083948,2025-12-19 00:00:00
23.73333333333333,23.204872,2025-12-19 00:00:00
11.675,15.491805,2025-12-19 00:00:00
8.3,14.920539,2025-12-19 00:00:00
23.45,20.663633,2025-12-19 01:00:00
17.975,19.77287,2025-12-19 01:00:00
12.775,18.278387,2025-12-19 01:00:00
2.425,16.099339,2025-12-19 01:00:00
110.625,23.965506,2025-12-19 01:00:00
2.3,15.563635,2025-12-19 02:00:00
127.9,22.028194,2025-12-19 02:00:00
16.75,15.662316,2025-12-19 02:00:00
18.05,19.901567,2025-12-19 02:00:00
22.9,20.703568,2025-12-19 02:00:00
14.45,16.403652,2025-12-19 03:00:00
2.425,15.277388,2025-12-19 03:00:00
126.7,15.520099,2025-12-19 03:00:00
24.925,20.695412,2025-12-19 03:00:00
17.5,13.925708,2025-12-19 03:00:00
12.525,15.9924345,2025-12-19 04:00:00
14.475,13.482852,2025-12-19 04:00:00
124.75,14.836166,2025-12-19 04:00:00
24.275,20.041777,2025-12-19 04:00:00
18.6,13.748753,2025-12-19 04:00:00
26.15,13.493176,2025-12-19 05:00:00
11.075,14.275164,2025-12-19 05:00:00
129.425,15.988959,2025-12-19 05:00:00
15.025,14.993266,2025-12-19 05:00:00
25.7,20.360003,2025-12-19 05:00:00
25.225,12.642613,2025-12-19 06:00:00
26.366666666666664,20.88092,2025-12-19 06:00:00
128.075,15.476953,2025-12-19 06:00:00
12.65,11.884529,2025-12-19 06:00:00
11.6,14.236372,2025-12-19 06:00:00
25.15,10.986949,2025-12-19 07:00:00
13.7,11.502611,2025-12-19 07:00:00
26.725,18.729273,2025-12-19 07:00:00
12.6,13.186149,2025-12-19 07:00:00
13.65,12.8267355,2025-12-19 08:00:00
11.775,12.556965,2025-12-19 08:00:00
17.325,10.673452,2025-12-19 08:00:00
24.775,18.533035,2025-12-19 08:00:00
23.625,20.431517,2025-12-19 09:00:00
13.8,12.73325,2025-12-19 09:00:00
12.75,13.31812,2025-12-19 09:00:00
10.05,8.44533,2025-12-19 09:00:00
131.05,15.783719,2025-12-19 09:00:00
156.2,17.039255,2025-12-19 10:00:00
23.125,19.360704,2025-12-19 10:00:00
8.475,6.731359,2025-12-19 10:00:00
13.6,12.241998,2025-12-19 10:00:00
14.05,12.747441,2025-12-19 11:00:00
7.4,10.527755,2025-12-19 11:00:00
15.575,9.841966,2025-12-19 11:00:00
22.225,19.931204,2025-12-19 11:00:00
175.275,11.345128,2025-12-19 11:00:00
53.775,17.346836,2025-12-19 12:00:00
19.275,20.753492,2025-12-19 12:00:00
6.9,9.850029,2025-12-19 12:00:00
14.05,14.977992,2025-12-19 12:00:00
14.625,14.164715,2025-12-19 12:00:00
21.95,14.556099,2025-12-19 13:00:00
14.05,16.345594,2025-12-19 13:00:00
4.55,12.303796,2025-12-19 13:00:00
17.15,21.492374,2025-12-19 13:00:00
35.650000000000006,18.098965,2025-12-19 13:00:00
18.2,20.610966,2025-12-19 14:00:00
28.825,13.9767685,2025-12-19 14:00:00
50.475,14.976953,2025-12-19 14:00:00
4.05,12.161479,2025-12-19 14:00:00
14.05,17.480213,2025-12-19 14:00:00
5.766666666666667,15.192106,2025-12-19 15:00:00
24.1,12.84735,2025-12-19 15:00:00
17.1,20.746367,2025-12-19 15:00:00
40.6,18.995108,2025-12-19 15:00:00
5.7,10.656867,2025-12-19 15:00:00
19.325,18.727835,2025-12-19 16:00:00
22.9,13.186604,2025-12-19 16:00:00
14.2,16.37712,2025-12-19 16:00:00
13.075,10.842555,2025-12-19 16:00:00
45.55,18.46151,2025-12-19 16:00:00
24.425,16.828394,2025-12-19 17:00:00
24.275,14.3117695,2025-12-19 17:00:00
53.725,18.727278,2025-12-19 17:00:00
13.675,11.37896,2025-12-19 17:00:00
18.825,16.127516,2025-12-19 17:00:00
24.925,17.384832,2025-12-19 18:00:00
15.2,14.933782,2025-12-19 18:00:00
22.55,15.189106,2025-12-19 18:00:00
18.775,20.106041,2025-12-19 18:00:00
53.15,19.437044,2025-12-19 18:00:00
18.725,22.69756,2025-12-19 19:00:00
22.6,12.532072,2025-12-19 19:00:00
25.866666666666664,19.591434,2025-12-19 19:00:00
15.3,16.441536,2025-12-19 19:00:00
48.525,21.654362,2025-12-19 19:00:00
25.75,20.23214,2025-12-19 20:00:00
34.55,19.234133,2025-12-19 20:00:00
24.375,12.001718,2025-12-19 20:00:00
22.575,15.9397745,2025-12-19 20:00:00
15.925,20.607265,2025-12-19 20:00:00
15.65,20.68736,2025-12-19 21:00:00
31.7,21.641191,2025-12-19 21:00:00
25.975,14.289625,2025-12-19 21:00:00
26.325,20.980011,2025-12-19 21:00:00
24.275,17.605124,2025-12-19 21:00:00
25.45,20.88269,2025-12-19 22:00:00
26.375,14.840971,2025-12-19 22:00:00
16.825,26.288113,2025-12-19 22:00:00
39.675,16.768906,2025-12-19 22:00:00
25.1,16.93718,2025-12-19 22:00:00
25.0,18.969421,2025-12-19 23:00:00
28.475,18.448214,2025-12-19 23:00:00
25.066666666666663,18.221144,2025-12-19 23:00:00
17.6,26.640097,2025-12-19 23:00:00
22.633333333333336,21.080872,2025-12-19 23:00:00
27.35,23.619328,2025-12-20 00:00:00
24.025,22.176083,2025-12-20 00:00:00
19.225,16.400757,2025-12-20 00:00:00
22.73333333333333,23.343428,2025-12-20 00:00:00
20.825,15.065414,2025-12-20 00:00:00
24.0,21.720728,2025-12-20 01:00:00
30.175,30.279978,2025-12-20 01:00:00
18.075,20.832798,2025-12-20 01:00:00
18.325,14.486343,2025-12-20 01:00:00
25.275,16.976313,2025-12-20 01:00:00
25.6,15.62506,2025-12-20 02:00:00
25.4,20.415644,2025-12-20 02:00:00
17.85,13.186222,2025-12-20 02:00:00
10.675,32.135445,2025-12-20 02:00:00
19.75,18.733994,2025-12-20 02:00:00
25.95,20.457466,2025-12-20 03:00:00
19.05,18.503824,2025-12-20 03:00:00
1.7000000000000002,39.22861,2025-12-20 03:00:00
24.1,16.202076,2025-12-20 03:00:00
17.3,12.925366,2025-12-20 03:00:00
21.875,16.727818,2025-12-20 04:00:00
17.775,11.335492,2025-12-20 04:00:00
24.025,14.3607645,2025-12-20 04:00:00
24.5,19.553179,2025-12-20 04:00:00
26.3,36.159386,2025-12-20 04:00:00
34.3,33.366043,2025-12-20 05:00:00
24.625,19.378288,2025-12-20 05:00:00
22.700000000000003,12.827543,2025-12-20 05:00:00
17.125,17.77449,2025-12-20 05:00:00
20.875,16.65291,2025-12-20 05:00:00
23.6,11.829131,2025-12-20 06:00:00
24.125,20.24797,2025-12-20 06:00:00
14.8,32.546074,2025-12-20 06:00:00
17.2,20.714336,2025-12-20 06:00:00
18.025,14.830415,2025-12-20 06:00:00
17.475,16.268927,2025-12-20 07:00:00
24.7,19.579924,2025-12-20 07:00:00
21.425,13.145789,2025-12-20 07:00:00
14.8,27.259241,2025-12-20 07:00:00
17.45,18.307411,2025-12-20 07:00:00
24.775,17.790014,2025-12-20 08:00:00
21.3,14.685226,2025-12-20 08:00:00
21.15,12.446036,2025-12-20 08:00:00
14.8,30.465906,2025-12-20 08:00:00
18.475,12.816673,2025-12-20 08:00:00
20.35,13.195076,2025-12-20 09:00:00
25.7,18.19561,2025-12-20 09:00:00
20.75,12.572994,2025-12-20 09:00:00
23.075,10.456883,2025-12-20 09:00:00
14.8,25.786455,2025-12-20 09:00:00
23.25,10.978719,2025-12-20 10:00:00
24.0,16.805498,2025-12-20 10:00:00
21.625,12.600985,2025-12-20 10:00:00
20.325,11.690408,2025-12-20 10:00:00
15.4,23.231426,2025-12-20 10:00:00
23.6,14.058591,2025-12-20 11:00:00
21.125,14.468409,2025-12-20 11:00:00
24.475,15.899133,2025-12-20 11:00:00
21.625,11.87492,2025-12-20 11:00:00
20.275,23.606041,2025-12-20 11:00:00
26.225,14.986367,2025-12-20 12:00:00
21.775,12.88118,2025-12-20 12:00:00
20.3,15.798766,2025-12-20 12:00:00
22.075,24.402636,2025-12-20 12:00:00
25.5,14.733241,2025-12-20 12:00:00
28.35,21.454584,2025-12-20 13:00:00
20.875,20.006468,2025-12-20 13:00:00
22.35,11.713277,2025-12-20 13:00:00
26.5,16.21608,2025-12-20 13:00:00
27.4,14.595342,2025-12-20 13:00:00
21.4,11.207286,2025-12-20 14:00:00
20.675,16.147242,2025-12-20 14:00:00
38.1,15.650432,2025-12-20 14:00:00
25.525,16.116695,2025-12-20 14:00:00
27.725,13.4875965,2025-12-20 14:00:00
21.775,11.599802,2025-12-20 15:00:00
18.3,18.789661,2025-12-20 15:00:00
26.65,16.638699,2025-12-20 15:00:00
32.375,19.06253,2025-12-20 15:00:00
27.7,13.273932,2025-12-20 15:00:00
11.375,17.523352,2025-12-20 16:00:00
18.975,19.438974,2025-12-20 16:00:00
22.0,10.175843,2025-12-20 16:00:00
26.025,14.449258,2025-12-20 16:00:00
33.725,14.479621,2025-12-20 16:00:00
37.425,14.803091,2025-12-20 17:00:00
22.35,12.742232,2025-12-20 17:00:00
17.15,20.87978,2025-12-20 17:00:00
17.9,14.141845,2025-12-20 17:00:00
26.125,14.496266,2025-12-20 17:00:00
18.375,17.184584,2025-12-20 18:00:00
23.75,12.957934,2025-12-20 18:00:00
26.4,17.095284,2025-12-20 18:00:00
4.35,20.309652,2025-12-20 18:00:00
37.625,16.014599,2025-12-20 18:00:00
37.825,15.277583,2025-12-20 19:00:00
22.35,15.438435,2025-12-20 19:00:00
25.225,18.505127,2025-12-20 19:00:00
17.349999999999998,18.249916,2025-12-20 19:00:00
4.35,22.619379,2025-12-20 19:00:00
23.4,15.994982,2025-12-20 20:00:00
31.95,14.968097,2025-12-20 20:00:00
4.35,24.838396,2025-12-20 20:00:00
19.525,19.846825,2025-12-20 20:00:00
26.775,19.895525,2025-12-20 20:00:00
26.575,21.145428,2025-12-20 21:00:00
2.25,22.787739,2025-12-20 21:00:00
16.35,23.757498,2025-12-20 21:00:00
28.725,13.965451,2025-12-20 21:00:00
24.4,17.698727,2025-12-20 21:00:00
3.966666666666667,23.700268,2025-12-20 22:00:00
26.066666666666663,21.901436,2025-12-20 22:00:00
23.3,20.261515,2025-12-20 22:00:00
28.625,14.823908,2025-12-20 22:00:00
19.35,19.739508,2025-12-20 22:00:00
0.2,25.06947,2025-12-20 23:00:00
26.266666666666666,23.664478,2025-12-20 23:00:00
21.35,20.61043,2025-12-20 23:00:00
16.775,20.09371,2025-12-20 23:00:00
28.633333333333336,15.298425,2025-12-20 23:00:00
24.275,16.255327,2025-12-21 00:00:00
18.025,20.775225,2025-12-21 00:00:00
22.766666666666666,24.141409,2025-12-21 00:00:00
1.65,25.066685,2025-12-21 00:00:00
20.0,23.443508,2025-12-21 00:00:00
21.375,22.38142,2025-12-21 01:00:00
8.05,27.089876,2025-12-21 01:00:00
21.05,14.876952,2025-12-21 01:00:00
17.125,24.216711,2025-12-21 01:00:00
16.525,17.887497,2025-12-21 01:00:00
18.55,24.977392,2025-12-21 02:00:00
20.9,23.65663,2025-12-21 02:00:00
8.05,27.253147,2025-12-21 02:00:00
19.3,19.014257,2025-12-21 02:00:00
21.15,15.011322,2025-12-21 02:00:00
8.05,24.166233,2025-12-21 03:00:00
21.275,13.747865,2025-12-21 03:00:00
19.325,24.259922,2025-12-21 03:00:00
17.15,19.69324,2025-12-21 03:00:00
20.775,22.2597,2025-12-21 03:00:00
8.05,21.07524,2025-12-21 04:00:00
23.8,14.237623,2025-12-21 04:00:00
16.575,23.167356,2025-12-21 04:00:00
17.175,21.485033,2025-12-21 04:00:00
21.4,22.972218,2025-12-21 04:00:00
24.55,17.012316,2025-12-21 05:00:00
17.525,20.514982,2025-12-21 05:00:00
15.25,20.48938,2025-12-21 05:00:00
21.6,21.484003,2025-12-21 05:00:00
15.0,23.018682,2025-12-21 06:00:00
20.7,22.09771,2025-12-21 06:00:00
24.175,14.504875,2025-12-21 06:00:00
17.025,20.42626,2025-12-21 06:00:00
24.0,14.527931,2025-12-21 07:00:00
21.25,22.198378,2025-12-21 07:00:00
13.55,18.920172,2025-12-21 07:00:00
0.7333333333333334,20.073658,2025-12-21 07:00:00
16.174999999999997,21.019854,2025-12-21 07:00:00
15.725,19.798412,2025-12-21 08:00:00
15.625,19.02688,2025-12-21 08:00:00
1.4,15.471684,2025-12-21 08:00:00
28.925,15.327818,2025-12-21 08:00:00
21.05,20.468662,2025-12-21 08:00:00
21.0,19.14893,2025-12-21 09:00:00
4.533333333333333,19.260122,2025-12-21 09:00:00
17.7,20.025997,2025-12-21 09:00:00
15.45,19.694042,2025-12-21 09:00:00
31.2,16.241758,2025-12-21 09:00:00
15.6,20.425398,2025-12-21 10:00:00
21.5,18.67417,2025-12-21 10:00:00
31.1,17.674955,2025-12-21 10:00:00
17.725,19.352308,2025-12-21 10:00:00
0.8,23.089777,2025-12-21 10:00:00
14.8,20.969734,2025-12-21 11:00:00
31.425,18.823662,2025-12-21 11:00:00
21.425,20.29697,2025-12-21 11:00:00
3.4,24.785625,2025-12-21 11:00:00
17.275,21.4643,2025-12-21 11:00:00
7.599999999999999,22.779284,2025-12-21 12:00:00
16.15,22.514568,2025-12-21 12:00:00
17.4,18.558125,2025-12-21 12:00:00
21.975,19.105124,2025-12-21 12:00:00
29.15,18.275951,2025-12-21 12:00:00
17.775,22.128414,2025-12-21 13:00:00
33.625,24.437426,2025-12-21 13:00:00
21.8,19.59135,2025-12-21 13:00:00
17.475,22.518051,2025-12-21 13:00:00
28.025,18.662586,2025-12-21 13:00:00
40.175,24.99444,2025-12-21 14:00:00
28.075,20.46908,2025-12-21 14:00:00
16.7,21.072016,2025-12-21 14:00:00
22.75,23.81621,2025-12-21 14:00:00
19.25,20.579239,2025-12-21 14:00:00
11.3,20.10415,2025-12-21 15:00:00
36.7,24.805641,2025-12-21 15:00:00
17.225,21.612587,2025-12-21 15:00:00
22.85,27.99751,2025-12-21 15:00:00
28.075,21.371605,2025-12-21 15:00:00
11.975,19.804722,2025-12-21 16:00:00
33.85,20.745287,2025-12-21 16:00:00
17.275,19.632235,2025-12-21 16:00:00
33.625,25.493269,2025-12-21 16:00:00
22.9,27.329197,2025-12-21 16:00:00
23.8,33.035816,2025-12-21 17:00:00
11.975,20.206419,2025-12-21 17:00:00
35.675,18.175568,2025-12-21 17:00:00
18.375,19.453411,2025-12-21 17:00:00
37.175,21.144133,2025-12-21 17:00:00
37.3,24.288452,2025-12-21 18:00:00
18.625,18.996443,2025-12-21 18:00:00
4.25,20.213158,2025-12-21 18:00:00
39.9,14.449286,2025-12-21 18:00:00
25.73333333333333,24.3404,2025-12-21 18:00:00
22.4,20.77147,2025-12-21 19:00:00
9.8,19.131124,2025-12-21 19:00:00
28.35,22.478539,2025-12-21 19:00:00
33.65,16.911266,2025-12-21 19:00:00
37.1,25.258612,2025-12-21 19:00:00
28.8,24.388762,2025-12-21 20:00:00
31.450000000000003,18.80842,2025-12-21 20:00:00
23.4,26.266502,2025-12-21 20:00:00
7.199999999999999,20.730759,2025-12-21 20:00:00
27.7,22.548866,2025-12-21 20:00:00
33.9,17.42161,2025-12-21 21:00:00
28.4,22.853765,2025-12-21 21:00:00
10.4,19.237173,2025-12-21 21:00:00
13.525,26.77204,2025-12-21 21:00:00
33.825,21.83527,2025-12-21 21:00:00
25.45,21.934042,2025-12-21 22:00:00
13.475,26.125818,2025-12-21 22:00:00
33.849999999999994,23.860523,2025-12-21 22:00:00
28.1,24.974173,2025-12-21 22:00:00
8.975,21.401003,2025-12-21 22:00:00
7.925000000000001,23.056149,2025-12-21 23:00:00
30.875,23.066442,2025-12-21 23:00:00
26.950000000000003,19.43498,2025-12-21 23:00:00
13.8,26.366337,2025-12-21 23:00:00
26.75,23.993652,2025-12-21 23:00:00
9.375,25.369726,2025-12-22 00:00:00
24.65,18.793892,2025-12-22 00:00:00
23.666666666666668,26.927374,2025-12-22 00:00:00
24.05,21.078714,2025-12-22 00:00:00
24.925,24.272018,2025-12-22 00:00:00
22.2,24.094734,2025-12-22 01:00:00
24.775,19.82469,2025-12-22 01:00:00
7.85,24.566677,2025-12-22 01:00:00
22.025,25.101046,2025-12-22 01:00:00
28.575,21.01805,2025-12-22 01:00:00
7.875,30.492266,2025-12-22 02:00:00
28.225,20.618095,2025-12-22 02:00:00
23.25,23.23263,2025-12-22 02:00:00
27.175,13.669742,2025-12-22 02:00:00
20.55,22.802229,2025-12-22 02:00:00
28.125,19.86318,2025-12-22 03:00:00
20.125,21.038458,2025-12-22 03:00:00
9.5,23.831808,2025-12-22 03:00:00
20.625,22.82614,2025-12-22 03:00:00
31.775,14.749314,2025-12-22 03:00:00
16.625,19.487597,2025-12-22 04:00:00
6.775,24.301878,2025-12-22 04:00:00
18.85,21.718264,2025-12-22 04:00:00
34.3,17.518194,2025-12-22 04:00:00
21.325,19.697931,2025-12-22 04:00:00
20.425,22.46145,2025-12-22 05:00:00
19.275,21.840025,2025-12-22 05:00:00
9.825,19.093554,2025-12-22 05:00:00
6.45,26.43662,2025-12-22 05:00:00
10.1,22.980282,2025-12-22 06:00:00
19.325,21.03103,2025-12-22 06:00:00
8.95,20.771072,2025-12-22 06:00:00
18.9,21.138153,2025-12-22 06:00:00
10.375,18.20103,2025-12-22 07:00:00
17.475,21.30009,2025-12-22 07:00:00
36.0,12.313884,2025-12-22 07:00:00
19.4,20.09169,2025-12-22 07:00:00
8.95,19.11358,2025-12-22 07:00:00
30.425,13.542945,2025-12-22 08:00:00
14.55,20.747229,2025-12-22 08:00:00
22.45,18.677048,2025-12-22 08:00:00
19.5,16.300741,2025-12-22 08:00:00
8.025,22.447884,2025-12-22 08:00:00
7.6,18.05921,2025-12-22 09:00:00
28.975,20.23671,2025-12-22 09:00:00
19.55,18.943779,2025-12-22 09:00:00
29.05,14.198831,2025-12-22 09:00:00
13.85,23.570341,2025-12-22 09:00:00
13.5,22.245426,2025-12-22 10:00:00
30.4,12.616016,2025-12-22 10:00:00
29.200000000000003,20.726748,2025-12-22 10:00:00
6.725,18.710484,2025-12-22 10:00:00
20.4,18.25001,2025-12-22 10:00:00
29.625,22.201847,2025-12-22 11:00:00
19.225,17.95832,2025-12-22 11:00:00
29.625,16.603558,2025-12-22 11:00:00
7.875,17.543678,2025-12-22 11:00:00
12.325,27.497656,2025-12-22 11:00:00
19.7,19.419226,2025-12-22 12:00:00
10.675,18.276363,2025-12-22 12:00:00
29.95,15.107707,2025-12-22 12:00:00
30.65,23.928936,2025-12-22 12:00:00
12.775,19.857847,2025-12-22 12:00:00
12.5,22.158987,2025-12-22 13:00:00
9.85,21.059572,2025-12-22 13:00:00
31.625,29.136066,2025-12-22 13:00:00
18.9,26.589613,2025-12-22 13:00:00
36.025,20.472677,2025-12-22 13:00:00
37.65,32.86201,2025-12-22 14:00:00
31.6,28.826372,2025-12-22 14:00:00
10.55,21.218569,2025-12-22 14:00:00
19.6,34.2272,2025-12-22 14:00:00
11.1,21.881685,2025-12-22 14:00:00
37.475,26.746788,2025-12-22 15:00:00
11.275,23.386543,2025-12-22 15:00:00
5.166666666666667,22.770157,2025-12-22 15:00:00
20.325,21.095652,2025-12-22 15:00:00
31.225,26.36986,2025-12-22 15:00:00
37.125,17.235672,2025-12-22 16:00:00
8.7,19.932026,2025-12-22 16:00:00
29.5,29.453972,2025-12-22 16:00:00
4.775,20.25441,2025-12-22 16:00:00
20.75,22.853745,2025-12-22 16:00:00
20.775,24.045109,2025-12-22 17:00:00
5.575,19.553026,2025-12-22 17:00:00
28.475,29.209734,2025-12-22 17:00:00
38.25,14.132412,2025-12-22 17:00:00
7.725,20.11673,2025-12-22 17:00:00
20.625,22.557108,2025-12-22 18:00:00
3.725,19.252386,2025-12-22 18:00:00
7.875,22.797201,2025-12-22 18:00:00
34.4,15.330551,2025-12-22 18:00:00
28.4,32.31694,2025-12-22 18:00:00
28.625,34.269836,2025-12-22 19:00:00
8.3,24.23005,2025-12-22 19:00:00
34.1,21.573906,2025-12-22 19:00:00
8.35,21.229393,2025-12-22 19:00:00
21.375,25.886417,2025-12-22 19:00:00
7.75,24.708393,2025-12-22 20:00:00
31.6,31.141068,2025-12-22 20:00:00
33.025,24.083096,2025-12-22 20:00:00
21.25,28.196962,2025-12-22 20:00:00
6.5,20.00841,2025-12-22 20:00:00
31.15,25.635033,2025-12-22 21:00:00
8.1,30.006372,2025-12-22 21:00:00
20.0,28.668901,2025-12-22 21:00:00
32.675,22.625025,2025-12-22 21:00:00
7.6,20.77517,2025-12-22 21:00:00
19.35,28.657127,2025-12-22 22:00:00
5.8,19.537287,2025-12-22 22:00:00
32.675,16.541304,2025-12-22 22:00:00
7.45,30.716545,2025-12-22 22:00:00
32.275,24.341291,2025-12-22 22:00:00
32.675,16.526613,2025-12-22 23:00:00
10.3,30.05171,2025-12-22 23:00:00
39.525,22.394022,2025-12-22 23:00:00
17.9,30.142803,2025-12-22 23:00:00
9.2,18.743156,2025-12-22 23:00:00
33.25,24.19474,2025-12-23 00:00:00
32.675,18.45314,2025-12-23 00:00:00
16.25,25.55217,2025-12-23 00:00:00
6.35,20.205769,2025-12-23 00:00:00
22.0,25.8795,2025-12-23 00:00:00
23.475,22.783482,2025-12-23 01:00:00
25.45,20.195774,2025-12-23 01:00:00
15.75,23.009212,2025-12-23 01:00:00
8.175,19.805914,2025-12-23 01:00:00
16.85,22.294752,2025-12-23 02:00:00
4.025,23.343264,2025-12-23 02:00:00
25.775,20.573769,2025-12-23 02:00:00
23.4,21.25034,2025-12-23 02:00:00
16.275,23.14794,2025-12-23 03:00:00
24.85,21.597488,2025-12-23 03:00:00
5.575,19.997852,2025-12-23 03:00:00
24.1,20.942516,2025-12-23 03:00:00
24.325000000000003,20.611578,2025-12-23 04:00:00
5.625,16.638756,2025-12-23 04:00:00
15.175,21.588255,2025-12-23 04:00:00
19.425,23.462376,2025-12-23 04:00:00
22.96666666666667,19.644125,2025-12-23 05:00:00
4.725,16.952827,2025-12-23 05:00:00
19.475,25.433943,2025-12-23 05:00:00
15.6,22.08856,2025-12-23 05:00:00
6.075,16.799345,2025-12-23 06:00:00
23.5,18.527948,2025-12-23 06:00:00
17.975,27.322302,2025-12-23 06:00:00
15.775,22.116814,2025-12-23 06:00:00
13.925,22.573893,2025-12-23 07:00:00
6.9,13.906073,2025-12-23 07:00:00
24.175,17.35973,2025-12-23 07:00:00
16.75,26.397257,2025-12-23 07:00:00
24.15,18.362064,2025-12-23 08:00:00
17.425,27.141272,2025-12-23 08:00:00
4.35,14.147454,2025-12-23 08:00:00
13.225,20.346218,2025-12-23 08:00:00
24.075,19.00278,2025-12-23 09:00:00
5.25,14.110767,2025-12-23 09:00:00
22.85,25.250301,2025-12-23 09:00:00
13.325,19.573011,2025-12-23 09:00:00
18.6,18.600279,2025-12-23 09:00:00
27.575,24.5385,2025-12-23 10:00:00
5.675,14.8224,2025-12-23 10:00:00
24.73333333333333,18.609531,2025-12-23 10:00:00
19.2,23.52232,2025-12-23 10:00:00
15.2,17.915918,2025-12-23 10:00:00
6.824999999999999,12.519124,2025-12-23 11:00:00
27.175,26.790438,2025-12-23 11:00:00
24.55,20.0606,2025-12-23 11:00:00
19.675,23.011015,2025-12-23 11:00:00
15.175,18.065687,2025-12-23 11:00:00
25.3,27.026678,2025-12-23 12:00:00
17.275,18.719751,2025-12-23 12:00:00
25.6,22.352083,2025-12-23 12:00:00
28.675,23.8034,2025-12-23 12:00:00
7.425,13.50097,2025-12-23 12:00:00
15.05,18.315224,2025-12-23 13:00:00
25.425,31.52809,2025-12-23 13:00:00
33.15,24.226807,2025-12-23 13:00:00
24.46666666666667,21.574978,2025-12-23 13:00:00
8.625,17.48887,2025-12-23 13:00:00
8.55,18.137032,2025-12-23 14:00:00
25.633333333333336,18.419481,2025-12-23 14:00:00
13.25,17.556211,2025-12-23 14:00:00
22.375,34.958443,2025-12-23 14:00:00
32.825,24.613045,2025-12-23 14:00:00
4.125,13.645305,2025-12-23 15:00:00
27.125,17.809032,2025-12-23 15:00:00
22.05,33.021732,2025-12-23 15:00:00
32.6,23.00362,2025-12-23 15:00:00
15.375,16.78712,2025-12-23 15:00:00
32.6,25.537783,2025-12-23 16:00:00
14.75,13.549716,2025-12-23 16:00:00
5.65,13.563723,2025-12-23 16:00:00
22.625,31.50106,2025-12-23 16:00:00
24.925,14.714632,2025-12-23 16:00:00
12.55,14.144751,2025-12-23 17:00:00
14.8,26.819763,2025-12-23 17:00:00
0.9333333333333332,11.152527,2025-12-23 17:00:00
24.75,15.130866,2025-12-23 17:00:00
22.5,32.415226,2025-12-23 17:00:00
25.125,17.937235,2025-12-23 18:00:00
13.25,13.451576,2025-12-23 18:00:00
2.3,13.943524,2025-12-23 18:00:00
22.0,34.674873,2025-12-23 18:00:00
14.8,23.404327,2025-12-23 18:00:00
25.5,33.96422,2025-12-23 19:00:00
0.5333333333333333,14.680781,2025-12-23 19:00:00
14.65,24.397255,2025-12-23 19:00:00
26.8,20.377337,2025-12-23 19:00:00
14.65,16.588657,2025-12-23 19:00:00
29.425,32.627502,2025-12-23 20:00:00
23.225,21.398718,2025-12-23 20:00:00
26.15,20.432436,2025-12-23 20:00:00
5.0,15.076149,2025-12-23 20:00:00
17.3,17.006863,2025-12-23 20:00:00
21.55,16.938978,2025-12-23 21:00:00
32.275,35.528847,2025-12-23 21:00:00
26.075,20.026165,2025-12-23 21:00:00
28.1,19.735315,2025-12-23 21:00:00
2.75,18.097742,2025-12-23 21:00:00
23.275,16.90316,2025-12-23 22:00:00
25.025,19.882103,2025-12-23 22:00:00
4.225,14.6581545,2025-12-23 22:00:00
28.175,22.329363,2025-12-23 22:00:00
32.0,30.244415,2025-12-23 22:00:00
31.575000000000003,30.002413,2025-12-23 23:00:00
27.6,21.69677,2025-12-23 23:00:00
22.775,19.824291,2025-12-23 23:00:00
22.700000000000003,17.728228,2025-12-23 23:00:00
3.75,15.116622,2025-12-23 23:00:00
24.65,27.42677,2025-12-24 00:00:00
28.075,32.8363,2025-12-24 00:00:00
3.4333333333333336,14.297326,2025-12-24 00:00:00
22.633333333333336,20.941874,2025-12-24 00:00:00
20.575,17.570072,2025-12-24 00:00:00
28.35,31.09442,2025-12-24 01:00:00
19.875,17.743376,2025-12-24 01:00:00
22.7,21.871065,2025-12-24 01:00:00
2.175,13.980879,2025-12-24 01:00:00
18.05,18.623077,2025-12-24 02:00:00
1.4249999999999998,13.702367,2025-12-24 02:00:00
28.125,27.365366,2025-12-24 02:00:00
21.950000000000003,21.637747,2025-12-24 02:00:00
1.975,13.004398,2025-12-24 03:00:00
26.8,33.159344,2025-12-24 03:00:00
16.6,15.253103,2025-12-24 03:00:00
22.6,19.751398,2025-12-24 03:00:00
28.225,31.236507,2025-12-24 04:00:00
23.825,20.941523,2025-12-24 04:00:00
15.275,15.060433,2025-12-24 04:00:00
3.525,11.968378,2025-12-24 04:00:00
29.2,27.636223,2025-12-24 05:00:00
21.35,20.718822,2025-12-24 05:00:00
2.0,13.471836,2025-12-24 05:00:00
14.325,15.597551,2025-12-24 05:00:00
0.55,12.299521,2025-12-24 06:00:00
29.25,25.112839,2025-12-24 06:00:00
21.025,20.227652,2025-12-24 06:00:00
13.875,16.176964,2025-12-24 06:00:00
13.85,14.328987,2025-12-24 07:00:00
1.85,12.5182905,2025-12-24 07:00:00
32.55,22.322899,2025-12-24 07:00:00
21.45,18.353502,2025-12-24 07:00:00
32.275,19.336756,2025-12-24 08:00:00
13.2,14.20464,2025-12-24 08:00:00
0.2,11.903605,2025-12-24 08:00:00
22.4,18.539762,2025-12-24 08:00:00
24.125,22.312939,2025-12-24 09:00:00
32.15,23.849041,2025-12-24 09:00:00
27.3,18.175219,2025-12-24 09:00:00
14.7,13.58806,2025-12-24 09:00:00
1.3,10.896606,2025-12-24 09:00:00
14.875,12.736123,2025-12-24 10:00:00
2.0,9.98592,2025-12-24 10:00:00
22.675,21.209936,2025-12-24 10:00:00
28.0,20.97662,2025-12-24 10:00:00
26.225,27.340557,2025-12-24 10:00:00
5.1,11.427885,2025-12-24 11:00:00
22.325,21.638567,2025-12-24 11:00:00
29.075,28.005304,2025-12-24 11:00:00
29.6,18.664612,2025-12-24 11:00:00
15.125,13.481223,2025-12-24 11:00:00
26.375,22.030775,2025-12-24 12:00:00
15.85,13.700498,2025-12-24 12:00:00
31.075,25.06253,2025-12-24 12:00:00
5.925,10.910256,2025-12-24 12:00:00
27.325000000000003,24.191738,2025-12-24 12:00:00
28.05,21.380444,2025-12-24 13:00:00
32.05,25.288511,2025-12-24 13:00:00
20.15,13.6750345,2025-12-24 13:00:00
9.875,10.894224,2025-12-24 13:00:00
29.15,28.525534,2025-12-24 13:00:00
28.225,31.03447,2025-12-24 14:00:00
18.3,12.673274,2025-12-24 14:00:00
28.05,21.151018,2025-12-24 14:00:00
33.675,24.741499,2025-12-24 14:00:00
6.225,10.401633,2025-12-24 14:00:00
27.175,20.155798,2025-12-24 15:00:00
35.0,26.233526,2025-12-24 15:00:00
16.075,12.750341,2025-12-24 15:00:00
0.9333333333333332,10.330796,2025-12-24 15:00:00
26.0,27.365738,2025-12-24 15:00:00
0.75,11.124705,2025-12-24 16:00:00
12.925,12.1337805,2025-12-24 16:00:00
24.525,23.030313,2025-12-24 16:00:00
25.325,18.119917,2025-12-24 16:00:00
36.5,24.778614,2025-12-24 16:00:00
24.83333333333333,18.084229,2025-12-24 17:00:00
11.375,12.223541,2025-12-24 17:00:00
35.55,23.310585,2025-12-24 17:00:00
0.75,11.324775,2025-12-24 17:00:00
23.275,22.301182,2025-12-24 17:00:00
0.75,10.789588,2025-12-24 18:00:00
12.325,12.489641,2025-12-24 18:00:00
23.625,20.31953,2025-12-24 18:00:00
27.6,18.659782,2025-12-24 18:00:00
34.075,22.140423,2025-12-24 18:00:00
1.2,10.372713,2025-12-24 19:00:00
17.3,15.39439,2025-12-24 19:00:00
33.325,24.693594,2025-12-24 19:00:00
27.625,20.1515,2025-12-24 19:00:00
24.35,12.259372,2025-12-24 19:00:00
25.0,17.155762,2025-12-24 20:00:00
28.525,20.986631,2025-12-24 20:00:00
22.8,18.110952,2025-12-24 20:00:00
28.325,26.83568,2025-12-24 20:00:00
1.725,12.625138,2025-12-24 20:00:00
26.225,20.19064,2025-12-24 21:00:00
30.175,30.274902,2025-12-24 21:00:00
25.6,24.384995,2025-12-24 21:00:00
2.0333333333333337,12.664142,2025-12-24 21:00:00
27.875,19.898546,2025-12-24 21:00:00
4.5,13.612369,2025-12-24 22:00:00
30.275,29.390858,2025-12-24 22:00:00
30.875,21.18933,2025-12-24 22:00:00
25.85,25.817287,2025-12-24 22:00:00
26.125,22.934937,2025-12-24 22:00:00
30.6,20.095188,2025-12-24 23:00:00
25.53333333333333,26.86015,2025-12-24 23:00:00
24.35,20.707308,2025-12-24 23:00:00
32.525000000000006,28.776833,2025-12-24 23:00:00
2.575,13.3475,2025-12-24 23:00:00
3.733333333333333,15.85487,2025-12-25 00:00:00
22.1,27.882906,2025-12-25 00:00:00
22.8,23.090677,2025-12-25 00:00:00
26.25,19.42564,2025-12-25 00:00:00
30.9,33.606903,2025-12-25 00:00:00
32.45,24.57126,2025-12-25 01:00:00
23.3,24.212788,2025-12-25 01:00:00
25.75,17.409168,2025-12-25 01:00:00
19.85,20.342375,2025-12-25 01:00:00
1.9,15.404574,2025-12-25 01:00:00
32.65,27.333498,2025-12-25 02:00:00
25.5,16.8854,2025-12-25 02:00:00
20.1,20.423372,2025-12-25 02:00:00
2.8,14.35323,2025-12-25 02:00:00
23.9,24.23363,2025-12-25 02:00:00
0.45,14.866003,2025-12-25 03:00:00
20.175,17.7182,2025-12-25 03:00:00
25.075,24.767103,2025-12-25 03:00:00
22.25,16.731375,2025-12-25 03:00:00
32.3,22.977646,2025-12-25 03:00:00
31.675,23.521223,2025-12-25 04:00:00
21.15,16.144403,2025-12-25 04:00:00
19.1,18.432623,2025-12-25 04:00:00
23.35,25.515696,2025-12-25 04:00:00
1.575,13.688908,2025-12-25 04:00:00
22.875,25.575102,2025-12-25 05:00:00
31.25,24.426811,2025-12-25 05:00:00
18.675,20.271217,2025-12-25 05:00:00
1.5666666666666669,13.126409,2025-12-25 05:00:00
21.325,15.579231,2025-12-25 05:00:00
19.275,16.275696,2025-12-25 06:00:00
2.1,14.258385,2025-12-25 06:00:00
18.25,19.584808,2025-12-25 06:00:00
26.425,25.338057,2025-12-25 06:00:00
24.35,23.135778,2025-12-25 06:00:00
23.675,21.265244,2025-12-25 07:00:00
17.525,21.73769,2025-12-25 07:00:00
27.35,25.717072,2025-12-25 07:00:00
2.1,14.843646,2025-12-25 07:00:00
17.9,17.062351,2025-12-25 07:00:00
23.4,23.478218,2025-12-25 08:00:00
15.575,15.305475,2025-12-25 08:00:00
26.1,26.78584,2025-12-25 08:00:00
17.05,20.800423,2025-12-25 08:00:00
3.8,10.285186,2025-12-25 08:00:00
24.25,28.033056,2025-12-25 09:00:00
16.825,20.739367,2025-12-25 09:00:00
2.0,11.305428,2025-12-25 09:00:00
14.1,16.39363,2025-12-25 09:00:00
22.775,24.88998,2025-12-25 09:00:00
22.925,24.770445,2025-12-25 10:00:00
24.575,29.877031,2025-12-25 10:00:00
14.275,17.372326,2025-12-25 10:00:00
2.333333333333333,12.308051,2025-12-25 10:00:00
17.6,21.398884,2025-12-25 10:00:00
14.925,17.119331,2025-12-25 11:00:00
22.475,25.408531,2025-12-25 11:00:00
18.6,21.724981,2025-12-25 11:00:00
29.2,30.002748,2025-12-25 11:00:00
3.15,12.556953,2025-12-25 11:00:00
30.65,30.278944,2025-12-25 12:00:00
1.825,12.842162,2025-12-25 12:00:00
21.6,24.760916,2025-12-25 12:00:00
23.6,23.806566,2025-12-25 12:00:00
13.5,14.103095,2025-12-25 12:00:00
3.35,13.29325,2025-12-25 13:00:00
27.725,30.087511,2025-12-25 13:00:00
23.275,25.119532,2025-12-25 13:00:00
11.55,15.96443,2025-12-25 13:00:00
23.525,23.12757,2025-12-25 13:00:00
5.35,12.742142,2025-12-25 14:00:00
22.1,22.54369,2025-12-25 14:00:00
10.05,16.969074,2025-12-25 14:00:00
26.625,31.721315,2025-12-25 14:00:00
23.775,24.258448,2025-12-25 14:00:00
11.0,16.927507,2025-12-25 15:00:00
1.5,12.205342,2025-12-25 15:00:00
22.9,22.361448,2025-12-25 15:00:00
23.225,22.536993,2025-12-25 15:00:00
28.3,28.36065,2025-12-25 15:00:00
22.75,24.15,2025-12-25 16:00:00
1.8333333333333333,13.296098,2025-12-25 16:00:00
24.075000000000003,32.05384,2025-12-25 16:00:00
22.875,24.019093,2025-12-25 16:00:00
9.925,16.940485,2025-12-25 16:00:00
22.4,19.81141,2025-12-25 17:00:00
22.125,29.146673,2025-12-25 17:00:00
8.1,15.820674,2025-12-25 17:00:00
2.4,11.750213,2025-12-25 17:00:00
22.525,17.919678,2025-12-25 17:00:00
2.4,12.107706,2025-12-25 18:00:00
24.125,24.26918,2025-12-25 18:00:00
21.05,31.583317,2025-12-25 18:00:00
22.925,18.91511,2025-12-25 18:00:00
7.725,16.096758,2025-12-25 18:00:00
5.375,11.790578,2025-12-25 19:00:00
10.4,18.806488,2025-12-25 19:00:00
23.125,17.960764,2025-12-25 19:00:00
21.65,31.784954,2025-12-25 19:00:00
25.85,22.570261,2025-12-25 19:00:00
29.450000000000003,20.904066,2025-12-25 20:00:00
15.45,18.391844,2025-12-25 20:00:00
27.066666666666663,21.979826,2025-12-25 20:00:00
22.075,32.429302,2025-12-25 20:00:00
3.225,13.700981,2025-12-25 20:00:00
3.275,11.829166,2025-12-25 21:00:00
19.225,22.068089,2025-12-25 21:00:00
32.625,24.736216,2025-12-25 21:00:00
27.7,23.181469,2025-12-25 21:00:00
28.425,32.734623,2025-12-25 21:00:00
26.53333333333333,22.165163,2025-12-25 22:00:00
21.375,25.117582,2025-12-25 22:00:00
29.275,32.011486,2025-12-25 22:00:00
33.125,24.97788,2025-12-25 22:00:00
3.625,11.172615,2025-12-25 22:00:00
27.95,35.713516,2025-12-25 23:00:00
34.233333333333334,25.195082,2025-12-25 23:00:00
24.575,26.192194,2025-12-25 23:00:00
25.266666666666666,21.65025,2025-12-25 23:00:00
2.95,10.873556,2025-12-25 23:00:00
25.425,26.190155,2025-12-26 00:00:00
24.9,21.861914,2025-12-26 00:00:00
3.7,14.529318,2025-12-26 00:00:00
27.7,28.076647,2025-12-26 00:00:00
28.05,24.626596,2025-12-26 00:00:00
24.925,17.72031,2025-12-26 01:00:00
25.925,20.043915,2025-12-26 01:00:00
24.625,25.246477,2025-12-26 01:00:00
26.675,30.268211,2025-12-26 01:00:00
2.25,14.400963,2025-12-26 01:00:00
24.925,17.283766,2025-12-26 02:00:00
25.55,21.664953,2025-12-26 02:00:00
25.8,23.847042,2025-12-26 02:00:00
22.275,31.438808,2025-12-26 02:00:00
0.4,15.929315,2025-12-26 02:00:00
24.25,26.55791,2025-12-26 03:00:00
25.725,22.729723,2025-12-26 03:00:00
23.5,23.433382,2025-12-26 03:00:00
25.25,15.683997,2025-12-26 03:00:00
2.45,13.18119,2025-12-26 03:00:00
0.5,14.213413,2025-12-26 04:00:00
25.0,23.089567,2025-12-26 04:00:00
23.425,27.380348,2025-12-26 04:00:00
20.975,20.14231,2025-12-26 04:00:00
19.45,17.26999,2025-12-26 04:00:00
25.975,29.329859,2025-12-26 05:00:00
23.7,18.340004,2025-12-26 05:00:00
0.5,13.010091,2025-12-26 05:00:00
20.475,18.536825,2025-12-26 05:00:00
15.975,16.05923,2025-12-26 05:00:00
2.85,14.095822,2025-12-26 06:00:00
27.925,27.570265,2025-12-26 06:00:00
20.8,20.505009,2025-12-26 06:00:00
15.8,16.48616,2025-12-26 06:00:00
22.525,18.657768,2025-12-26 06:00:00
2.35,12.886334,2025-12-26 07:00:00
19.375,19.378332,2025-12-26 07:00:00
30.55,30.164217,2025-12-26 07:00:00
15.8,16.428852,2025-12-26 07:00:00
22.15,17.591272,2025-12-26 07:00:00
17.125,18.394274,2025-12-26 08:00:00
21.65,21.76316,2025-12-26 08:00:00
3.9,12.214054,2025-12-26 08:00:00
23.225,16.97463,2025-12-26 08:00:00
32.05,30.386395,2025-12-26 08:00:00
30.05,27.294247,2025-12-26 09:00:00
23.55,24.125605,2025-12-26 09:00:00
27.15,16.942947,2025-12-26 09:00:00
15.55,18.594929,2025-12-26 09:00:00
6.65,8.153167,2025-12-26 09:00:00
14.65,19.565525,2025-12-26 10:00:00
23.925,20.4547,2025-12-26 10:00:00
6.525,9.414894,2025-12-26 10:00:00
27.1,17.492027,2025-12-26 10:00:00
31.25,24.151213,2025-12-26 10:00:00
23.775,21.837801,2025-12-26 11:00:00
27.35,18.064081,2025-12-26 11:00:00
30.950000000000003,24.80867,2025-12-26 11:00:00
13.55,18.26777,2025-12-26 11:00:00
3.1666666666666665,11.1912565,2025-12-26 11:00:00
3.75,12.421805,2025-12-26 12:00:00
14.425,16.761543,2025-12-26 12:00:00
28.35,28.279114,2025-12-26 12:00:00
23.925,18.494715,2025-12-26 12:00:00
23.6,20.26451,2025-12-26 12:00:00
26.525,19.921242,2025-12-26 13:00:00
21.866666666666664,15.734777,2025-12-26 13:00:00
4.266666666666667,13.115789,2025-12-26 13:00:00
14.35,15.509184,2025-12-26 13:00:00
27.5,27.959364,2025-12-26 13:00:00
21.866666666666664,19.966951,2025-12-26 14:00:00
2.3666666666666667,11.914324,2025-12-26 14:00:00
26.7,30.1456,2025-12-26 14:00:00
11.8,14.359684,2025-12-26 14:00:00
27.55,20.28766,2025-12-26 14:00:00
11.675,12.874377,2025-12-26 15:00:00
26.475,30.662712,2025-12-26 15:00:00
27.225,19.54623,2025-12-26 15:00:00
14.766666666666666,17.669939,2025-12-26 15:00:00
0.3,11.170848,2025-12-26 15:00:00
26.425,27.070045,2025-12-26 16:00:00
26.0,19.56933,2025-12-26 16:00:00
10.866666666666664,12.270749,2025-12-26 16:00:00
18.7,17.025126,2025-12-26 16:00:00
4.7,10.968946,2025-12-26 16:00:00
6.1,13.153581,2025-12-26 17:00:00
30.8,28.710915,2025-12-26 17:00:00
20.5,16.60493,2025-12-26 17:00:00
25.175,18.49744,2025-12-26 17:00:00
1.3666666666666665,10.505377,2025-12-26 17:00:00
26.0,23.219837,2025-12-26 18:00:00
4.575,10.773405,2025-12-26 18:00:00
20.075,11.69722,2025-12-26 18:00:00
31.35,25.164846,2025-12-26 18:00:00
20.325,16.908897,2025-12-26 18:00:00
31.675,23.593243,2025-12-26 19:00:00
25.975,14.656337,2025-12-26 19:00:00
10.625,10.033988,2025-12-26 19:00:00
20.45,17.76561,2025-12-26 19:00:00
28.75,22.926428,2025-12-26 19:00:00
31.375,22.71597,2025-12-26 20:00:00
8.625,10.238236,2025-12-26 20:00:00
30.2,21.008442,2025-12-26 20:00:00
14.4,20.497786,2025-12-26 20:00:00
35.7,18.908175,2025-12-26 20:00:00
31.775,24.992908,2025-12-26 21:00:00
38.925,19.569302,2025-12-26 21:00:00
11.85,22.636066,2025-12-26 21:00:00
8.65,12.047494,2025-12-26 21:00:00
33.95,25.33133,2025-12-26 21:00:00
12.125,26.176615,2025-12-26 22:00:00
47.325,19.992655,2025-12-26 22:00:00
29.975,26.02613,2025-12-26 22:00:00
33.425,25.55247,2025-12-26 22:00:00
8.0,11.789988,2025-12-26 22:00:00
10.95,13.313002,2025-12-26 23:00:00
30.95,29.26178,2025-12-26 23:00:00
38.85,23.322554,2025-12-26 23:00:00
12.2,25.520908,2025-12-26 23:00:00
28.366666666666664,27.728935,2025-12-26 23:00:00
14.6,22.370773,2025-12-27 00:00:00
9.15,12.446581,2025-12-27 00:00:00
31.275,30.916445,2025-12-27 00:00:00
33.05,24.565165,2025-12-27 00:00:00
23.066666666666663,29.271435,2025-12-27 00:00:00
20.875,26.936817,2025-12-27 01:00:00
31.275,26.36141,2025-12-27 01:00:00
26.75,29.484179,2025-12-27 01:00:00
8.85,13.082305,2025-12-27 01:00:00
15.725,19.163095,2025-12-27 01:00:00
27.95,28.608835,2025-12-27 02:00:00
15.4,18.638874,2025-12-27 02:00:00
21.6,26.712193,2025-12-27 02:00:00
6.775,13.464887,2025-12-27 02:00:00
27.0,29.486727,2025-12-27 02:00:00
6.0,12.205836,2025-12-27 03:00:00
30.65,25.012669,2025-12-27 03:00:00
17.725,24.049946,2025-12-27 03:00:00
16.075,17.777021,2025-12-27 03:00:00
22.7,27.475561,2025-12-27 03:00:00
25.375,17.051252,2025-12-27 04:00:00
6.8,10.800878,2025-12-27 04:00:00
19.075,19.978813,2025-12-27 04:00:00
21.5,24.251223,2025-12-27 04:00:00
31.525,26.622349,2025-12-27 04:00:00
28.775,16.102713,2025-12-27 05:00:00
13.475,19.892265,2025-12-27 05:00:00
21.225,22.425777,2025-12-27 05:00:00
3.55,10.715515,2025-12-27 05:00:00
30.875,27.476793,2025-12-27 05:00:00
19.725,21.142244,2025-12-27 06:00:00
5.0,10.967957,2025-12-27 06:00:00
27.95,15.259398,2025-12-27 06:00:00
14.65,18.61054,2025-12-27 06:00:00
29.825,26.817486,2025-12-27 06:00:00
28.375,28.971136,2025-12-27 07:00:00
27.6,15.263354,2025-12-27 07:00:00
13.225,18.42735,2025-12-27 07:00:00
6.75,10.755122,2025-12-27 07:00:00
19.4,18.832167,2025-12-27 07:00:00
19.65,21.390318,2025-12-27 08:00:00
18.725,16.191927,2025-12-27 08:00:00
14.925,18.526772,2025-12-27 08:00:00
21.725,28.176092,2025-12-27 08:00:00
5.2,10.495673,2025-12-27 08:00:00
18.425,22.272182,2025-12-27 09:00:00
11.175,18.077888,2025-12-27 09:00:00
20.4,27.99311,2025-12-27 09:00:00
6.175000000000001,11.507894,2025-12-27 09:00:00
14.875,17.197025,2025-12-27 09:00:00
11.325,17.481384,2025-12-27 10:00:00
6.5,11.346788,2025-12-27 10:00:00
20.95,25.608616,2025-12-27 10:00:00
20.725,20.417217,2025-12-27 10:00:00
14.8,16.583416,2025-12-27 10:00:00
9.25,9.968367,2025-12-27 11:00:00
21.85,27.741623,2025-12-27 11:00:00
19.8,20.310633,2025-12-27 11:00:00
9.725,17.768465,2025-12-27 11:00:00
15.225,17.679348,2025-12-27 11:00:00
19.1,19.890764,2025-12-27 12:00:00
21.725,28.902546,2025-12-27 12:00:00
17.875,18.750437,2025-12-27 12:00:00
13.425,18.302828,2025-12-27 12:00:00
7.6,10.319138,2025-12-27 12:00:00
19.3,20.829845,2025-12-27 13:00:00
6.875,9.757129,2025-12-27 13:00:00
13.5,18.061789,2025-12-27 13:00:00
21.5,20.505287,2025-12-27 13:00:00
27.325,27.070747,2025-12-27 13:00:00
6.7,17.356075,2025-12-27 14:00:00
21.775,19.643345,2025-12-27 14:00:00
5.975,11.290059,2025-12-27 14:00:00
28.325,27.030668,2025-12-27 14:00:00
19.325,21.808678,2025-12-27 14:00:00
19.15,17.909004,2025-12-27 15:00:00
3.4,11.130425,2025-12-27 15:00:00
21.375,19.867931,2025-12-27 15:00:00
6.325,15.575176,2025-12-27 15:00:00
25.9,30.842478,2025-12-27 15:00:00
4.075,10.759486,2025-12-27 16:00:00
4.7,14.446095,2025-12-27 16:00:00
24.325,27.36972,2025-12-27 16:00:00
21.225,17.477839,2025-12-27 16:00:00
12.925,16.199165,2025-12-27 16:00:00
9.825,14.84984,2025-12-27 17:00:00
21.45,16.512676,2025-12-27 17:00:00
2.033333333333333,9.617939,2025-12-27 17:00:00
5.3,11.098339,2025-12-27 17:00:00
23.85,26.491903,2025-12-27 17:00:00
2.433333333333333,12.120783,2025-12-27 18:00:00
3.975,16.39534,2025-12-27 18:00:00
10.8,16.745884,2025-12-27 18:00:00
19.25,26.756207,2025-12-27 18:00:00
24.6,23.140373,2025-12-27 18:00:00
11.4,14.770561,2025-12-27 19:00:00
19.65,25.636854,2025-12-27 19:00:00
10.8,20.432081,2025-12-27 19:00:00
22.9,24.655289,2025-12-27 19:00:00
4.275,10.464064,2025-12-27 19:00:00
20.825000000000003,25.110044,2025-12-27 20:00:00
20.125,27.508484,2025-12-27 20:00:00
22.125,17.909452,2025-12-27 20:00:00
4.1,10.065708,2025-12-27 20:00:00
12.85,23.971392,2025-12-27 20:00:00
19.9,28.60848,2025-12-27 21:00:00
27.7,14.661263,2025-12-27 21:00:00
4.4750000000000005,10.658224,2025-12-27 21:00:00
17.725,22.910349,2025-12-27 21:00:00
22.275,26.612846,2025-12-27 21:00:00
23.025,28.444576,2025-12-27 22:00:00
23.775,29.628391,2025-12-27 22:00:00
3.25,8.781173,2025-12-27 22:00:00
19.675,26.200272,2025-12-27 22:00:00
27.825,15.407601,2025-12-27 22:00:00
21.9,28.53185,2025-12-27 23:00:00
27.73333333333333,16.186844,2025-12-27 23:00:00
28.075,27.968866,2025-12-27 23:00:00
5.4,10.285346,2025-12-27 23:00:00
20.0,29.894037,2025-12-27 23:00:00
27.15,32.951534,2025-12-28 00:00:00
8.549999999999999,14.35052,2025-12-28 00:00:00
21.7,30.457798,2025-12-28 00:00:00
24.975,34.229717,2025-12-28 00:00:00
22.25,16.191923,2025-12-28 00:00:00
18.9,15.049677,2025-12-28 01:00:00
23.55,31.945908,2025-12-28 01:00:00
20.6,28.443909,2025-12-28 01:00:00
24.975,36.523903,2025-12-28 01:00:00
8.425,16.084198,2025-12-28 01:00:00
9.825,12.230073,2025-12-28 02:00:00
20.95,26.511667,2025-12-28 02:00:00
22.95,34.272205,2025-12-28 02:00:00
22.725,29.392944,2025-12-28 02:00:00
18.525,17.489496,2025-12-28 02:00:00
17.95,14.007022,2025-12-28 03:00:00
9.875,11.388451,2025-12-28 03:00:00
15.4,30.966843,2025-12-28 03:00:00
22.375,32.43757,2025-12-28 03:00:00
21.825,26.139278,2025-12-28 03:00:00
18.075,32.09996,2025-12-28 04:00:00
10.825,12.430319,2025-12-28 04:00:00
12.325,23.918854,2025-12-28 04:00:00
8.25,11.510452,2025-12-28 04:00:00
20.325,29.876905,2025-12-28 04:00:00
10.225,20.242584,2025-12-28 05:00:00
17.975,32.103176,2025-12-28 05:00:00
17.175,22.176619,2025-12-28 05:00:00
7.025,17.598055,2025-12-28 05:00:00
9.375,12.237663,2025-12-28 05:00:00
7.324999999999999,18.516724,2025-12-28 06:00:00
9.15,12.607083,2025-12-28 06:00:00
11.15,20.759691,2025-12-28 06:00:00
6.9,19.428123,2025-12-28 06:00:00
17.65,30.500841,2025-12-28 06:00:00
6.95,18.701403,2025-12-28 07:00:00
8.825,22.354084,2025-12-28 07:00:00
7.324999999999999,9.799842,2025-12-28 07:00:00
5.75,16.040598,2025-12-28 07:00:00
18.325000000000003,32.909496,2025-12-28 07:00:00
8.225,16.91224,2025-12-28 08:00:00
8.025,10.628807,2025-12-28 08:00:00
18.725,31.316238,2025-12-28 08:00:00
7.375,18.989115,2025-12-28 08:00:00
8.75,21.108133,2025-12-28 08:00:00
7.7,18.459805,2025-12-28 09:00:00
20.95,29.774185,2025-12-28 09:00:00
6.9,17.799387,2025-12-28 09:00:00
8.775,17.455032,2025-12-28 09:00:00
6.3,11.478708,2025-12-28 09:00:00
6.675000000000001,14.107845,2025-12-28 10:00:00
6.8,17.849367,2025-12-28 10:00:00
20.175,27.391611,2025-12-28 10:00:00
7.75,16.620377,2025-12-28 10:00:00
8.8,11.046546,2025-12-28 10:00:00
6.95,12.21847,2025-12-28 11:00:00
8.9,19.417118,2025-12-28 11:00:00
6.525,11.46811,2025-12-28 11:00:00
7.825,17.73121,2025-12-28 11:00:00
20.1,25.374437,2025-12-28 11:00:00
5.325,10.434157,2025-12-28 12:00:00
7.175000000000001,12.545907,2025-12-28 12:00:00
8.850000000000001,20.050179,2025-12-28 12:00:00
20.475,26.017836,2025-12-28 12:00:00
14.9,19.685625,2025-12-28 12:00:00
5.025,14.733977,2025-12-28 13:00:00
6.55,11.513773,2025-12-28 13:00:00
19.65,25.53389,2025-12-28 13:00:00
18.200000000000003,19.845608,2025-12-28 13:00:00
8.825,21.348917,2025-12-28 13:00:00
6.225,14.8442545,2025-12-28 14:00:00
14.2,28.809025,2025-12-28 14:00:00
7.275,20.396458,2025-12-28 14:00:00
18.525,19.652225,2025-12-28 14:00:00
8.1,11.0231905,2025-12-28 14:00:00
14.5,28.223047,2025-12-28 15:00:00
6.475,18.46366,2025-12-28 15:00:00
18.6,18.09801,2025-12-28 15:00:00
6.3500000000000005,10.585499,2025-12-28 15:00:00
5.65,11.397797,2025-12-28 15:00:00
4.175,10.774743,2025-12-28 16:00:00
16.6,17.124308,2025-12-28 16:00:00
3.925,11.215303,2025-12-28 16:00:00
6.625,16.1852,2025-12-28 16:00:00
14.725,26.113125,2025-12-28 16:00:00
4.65,11.420905,2025-12-28 17:00:00
6.1,11.002407,2025-12-28 17:00:00
6.800000000000001,15.246883,2025-12-28 17:00:00
13.975,27.72824,2025-12-28 17:00:00
16.0,15.603705,2025-12-28 17:00:00
16.775,27.54646,2025-12-28 18:00:00
0.8,13.524769,2025-12-28 18:00:00
16.25,11.122385,2025-12-28 18:00:00
3.0250000000000004,13.712692,2025-12-28 18:00:00
7.825,20.834106,2025-12-28 18:00:00
6.0,13.711411,2025-12-28 19:00:00
16.5,14.127343,2025-12-28 19:00:00
20.9,22.809546,2025-12-28 19:00:00
4.1000000000000005,10.845882,2025-12-28 19:00:00
8.525,20.411406,2025-12-28 19:00:00
9.35,21.01079,2025-12-28 20:00:00
21.475,20.887281,2025-12-28 20:00:00
5.675,13.901915,2025-12-28 20:00:00
4.85,10.999017,2025-12-28 20:00:00
12.775,16.241777,2025-12-28 20:00:00
3.033333333333333,12.227091,2025-12-28 21:00:00
9.725,23.33786,2025-12-28 21:00:00
11.35,17.155592,2025-12-28 21:00:00
21.225,22.044073,2025-12-28 21:00:00
6.075,16.664421,2025-12-28 21:00:00
5.725,17.581957,2025-12-28 22:00:00
3.4,11.244345,2025-12-28 22:00:00
10.95,18.841417,2025-12-28 22:00:00
20.7,24.877302,2025-12-28 22:00:00
10.225,20.105824,2025-12-28 22:00:00
4.525,11.201089,2025-12-28 23:00:00
14.975,21.63065,2025-12-28 23:00:00
10.5,17.689676,2025-12-28 23:00:00
21.65,26.43909,2025-12-28 23:00:00
8.875,22.876583,2025-12-28 23:00:00
21.95,28.952997,2025-12-29 00:00:00
17.333333333333332,24.207197,2025-12-29 00:00:00
5.9,16.879145,2025-12-29 00:00:00
23.6,21.88845,2025-12-29 00:00:00
9.65,20.841879,2025-12-29 00:00:00
8.65,18.204819,2025-12-29 01:00:00
24.2,26.472586,2025-12-29 01:00:00
5.25,14.690956,2025-12-29 01:00:00
20.950000000000003,20.359858,2025-12-29 01:00:00
24.825,25.922457,2025-12-29 01:00:00
25.275,20.02506,2025-12-29 02:00:00
22.15,26.932653,2025-12-29 02:00:00
27.15,20.83574,2025-12-29 02:00:00
8.05,14.619883,2025-12-29 02:00:00
3.4,14.968981,2025-12-29 02:00:00
8.075,16.043858,2025-12-29 03:00:00
36.025,20.359053,2025-12-29 03:00:00
3.633333333333333,13.390699,2025-12-29 03:00:00
23.825,20.518402,2025-12-29 03:00:00
25.425,21.145134,2025-12-29 03:00:00
21.525,19.173468,2025-12-29 04:00:00
34.05,18.720514,2025-12-29 04:00:00
17.075,15.363932,2025-12-29 04:00:00
2.75,14.175092,2025-12-29 04:00:00
25.275,20.96832,2025-12-29 04:00:00
24.525,9.607982,2025-12-29 05:00:00
2.85,11.839564,2025-12-29 05:00:00
27.8,20.55327,2025-12-29 05:00:00
21.45,15.491325,2025-12-29 05:00:00
35.275,17.518366,2025-12-29 05:00:00
21.075,15.201572,2025-12-29 06:00:00
29.1,10.958358,2025-12-29 06:00:00
3.375,11.721947,2025-12-29 06:00:00
26.700000000000003,18.520224,2025-12-29 06:00:00
35.875,16.858076,2025-12-29 06:00:00
26.625,22.282188,2025-12-29 07:00:00
27.575,12.954936,2025-12-29 07:00:00
21.375,14.968169,2025-12-29 07:00:00
2.8,11.44865,2025-12-29 07:00:00
34.875,14.3797455,2025-12-29 07:00:00
16.05,11.846968,2025-12-29 08:00:00
27.625,19.17633,2025-12-29 08:00:00
2.533333333333333,11.427921,2025-12-29 08:00:00
31.35,12.607312,2025-12-29 08:00:00
35.75,12.757728,2025-12-29 08:00:00
29.225,12.212851,2025-12-29 09:00:00
13.0,11.613728,2025-12-29 09:00:00
0.1,11.277919,2025-12-29 09:00:00
35.35,12.6122675,2025-12-29 09:00:00
26.75,19.166527,2025-12-29 09:00:00
2.425,10.64921,2025-12-29 10:00:00
23.475,19.47971,2025-12-29 10:00:00
12.825,11.106182,2025-12-29 10:00:00
29.05,9.694752,2025-12-29 10:00:00
35.325,17.900806,2025-12-29 10:00:00
37.9,13.253815,2025-12-29 11:00:00
13.025,12.765905,2025-12-29 11:00:00
27.775,10.510289,2025-12-29 11:00:00
1.0666666666666669,10.907634,2025-12-29 11:00:00
24.875,19.622412,2025-12-29 11:00:00
25.125,19.243917,2025-12-29 12:00:00
38.475,13.399025,2025-12-29 12:00:00
27.325,9.817455,2025-12-29 12:00:00
17.175,13.90004,2025-12-29 12:00:00
2.3,13.140891,2025-12-29 12:00:00
27.625,8.990785,2025-12-29 13:00:00
2.85,11.525102,2025-12-29 13:00:00
37.525,14.206527,2025-12-29 13:00:00
24.375,18.00165,2025-12-29 13:00:00
20.125,16.917028,2025-12-29 13:00:00
20.55,17.93521,2025-12-29 14:00:00
3.7,13.805921,2025-12-29 14:00:00
25.8,9.585635,2025-12-29 14:00:00
37.125,14.04555,2025-12-29 14:00:00
27.3,18.810005,2025-12-29 14:00:00
35.65,13.039168,2025-12-29 15:00:00
20.275,21.29991,2025-12-29 15:00:00
26.9,9.156238,2025-12-29 15:00:00
27.3,19.94033,2025-12-29 15:00:00
3.7,13.538186,2025-12-29 15:00:00
36.2,11.27891,2025-12-29 16:00:00
24.25,9.53461,2025-12-29 16:00:00
3.7,12.860566,2025-12-29 16:00:00
11.866666666666667,18.10103,2025-12-29 16:00:00
26.200000000000003,11.911591,2025-12-29 16:00:00
36.15,11.875536,2025-12-29 17:00:00
3.7,12.130741,2025-12-29 17:00:00
22.950000000000003,11.292818,2025-12-29 17:00:00
22.575,10.723466,2025-12-29 17:00:00
16.2,19.912191,2025-12-29 17:00:00
22.125,12.288817,2025-12-29 18:00:00
11.125,18.512733,2025-12-29 18:00:00
22.775,11.652392,2025-12-29 18:00:00
37.875,12.762209,2025-12-29 18:00:00
22.5,12.786055,2025-12-29 19:00:00
38.95,14.194998,2025-12-29 19:00:00
0.8,11.528548,2025-12-29 19:00:00
17.175,20.42257,2025-12-29 19:00:00
27.775,14.204497,2025-12-29 19:00:00
10.7,12.044342,2025-12-29 20:00:00
35.4,14.564462,2025-12-29 20:00:00
20.7,18.734291,2025-12-29 20:00:00
0.45,11.017877,2025-12-29 20:00:00
39.925,11.611824,2025-12-29 20:00:00
44.2,15.679035,2025-12-29 21:00:00
19.425,20.679476,2025-12-29 21:00:00
4.625,13.329906,2025-12-29 21:00:00
0.4,10.998858,2025-12-29 21:00:00
42.325,13.073897,2025-12-29 21:00:00
1.3666666666666665,12.229424,2025-12-29 22:00:00
49.6,17.0248,2025-12-29 22:00:00
4.825,14.883708,2025-12-29 22:00:00
40.725,13.908808,2025-12-29 22:00:00
19.325,20.989721,2025-12-29 22:00:00
5.2,16.131077,2025-12-29 23:00:00
40.3,14.7986965,2025-12-29 23:00:00
22.65,22.71011,2025-12-29 23:00:00
41.8,21.92915,2025-12-29 23:00:00
14.425,14.173225,2025-12-29 23:00:00
5.1,12.039387,2025-12-30 00:00:00
23.200000000000003,22.131315,2025-12-30 00:00:00
20.075,15.438095,2025-12-30 00:00:00
28.625,20.814445,2025-12-30 00:00:00
27.066666666666663,14.437437,2025-12-30 00:00:00
16.7,13.3554,2025-12-30 01:00:00
23.675,21.68577,2025-12-30 01:00:00
5.3,10.998875,2025-12-30 01:00:00
22.9,20.768509,2025-12-30 01:00:00
29.625,24.53303,2025-12-30 01:00:00
20.65,18.953373,2025-12-30 02:00:00
15.75,16.114202,2025-12-30 02:00:00
26.200000000000003,28.942503,2025-12-30 02:00:00
5.6,11.209232,2025-12-30 02:00:00
25.025,23.31035,2025-12-30 02:00:00
20.05,23.973446,2025-12-30 03:00:00
16.375,16.54392,2025-12-30 03:00:00
24.45,24.770529,2025-12-30 03:00:00
5.125,13.048855,2025-12-30 03:00:00
20.4,20.444555,2025-12-30 03:00:00
19.1,19.380367,2025-12-30 04:00:00
22.025,23.313665,2025-12-30 04:00:00
13.825,11.196472,2025-12-30 04:00:00
20.7,24.089018,2025-12-30 04:00:00
16.35,15.051616,2025-12-30 04:00:00
21.825,22.834959,2025-12-30 05:00:00
22.15,24.35127,2025-12-30 05:00:00
17.575,14.310312,2025-12-30 05:00:00
16.9,19.294151,2025-12-30 05:00:00
16.924999999999997,11.450596,2025-12-30 05:00:00
17.225,14.2961,2025-12-30 06:00:00
13.625,21.20508,2025-12-30 06:00:00
21.05,20.00827,2025-12-30 06:00:00
23.4,24.616892,2025-12-30 06:00:00
15.85,9.104185,2025-12-30 06:00:00
20.475,26.760763,2025-12-30 07:00:00
18.4,24.625788,2025-12-30 07:00:00
17.025,13.709964,2025-12-30 07:00:00
16.475,11.527713,2025-12-30 07:00:00
10.775,25.767996,2025-12-30 07:00:00
12.225,13.360391,2025-12-30 08:00:00
19.575,26.106934,2025-12-30 08:00:00
7.95,24.437876,2025-12-30 08:00:00
18.75,24.848957,2025-12-30 08:00:00
14.675,12.403574,2025-12-30 08:00:00
20.3,25.794401,2025-12-30 09:00:00
7.25,28.187462,2025-12-30 09:00:00
15.7,14.687596,2025-12-30 09:00:00
9.75,13.130342,2025-12-30 09:00:00
19.700000000000003,23.041983,2025-12-30 09:00:00
19.85,23.655012,2025-12-30 10:00:00
9.725,14.942486,2025-12-30 10:00:00
19.15,24.78695,2025-12-30 10:00:00
5.1,23.37996,2025-12-30 10:00:00
17.15,12.785573,2025-12-30 10:00:00
18.95,22.507723,2025-12-30 11:00:00
14.175,13.209895,2025-12-30 11:00:00
3.25,21.878883,2025-12-30 11:00:00
19.775,26.317513,2025-12-30 11:00:00
9.625,15.106701,2025-12-30 11:00:00
18.625,21.000105,2025-12-30 12:00:00
17.125,12.912993,2025-12-30 12:00:00
2.5,22.309975,2025-12-30 12:00:00
8.925,15.682125,2025-12-30 12:00:00
21.225,25.150063,2025-12-30 12:00:00
21.0,27.334866,2025-12-30 13:00:00
8.225,17.998,2025-12-30 13:00:00
14.225,10.548703,2025-12-30 13:00:00
21.875,23.897804,2025-12-30 13:00:00
1.35,24.067598,2025-12-30 13:00:00
14.275,12.410308,2025-12-30 14:00:00
19.975,21.654028,2025-12-30 14:00:00
8.425,18.764317,2025-12-30 14:00:00
20.375,26.405989,2025-12-30 14:00:00
1.35,26.634739,2025-12-30 14:00:00
20.125,22.145414,2025-12-30 15:00:00
8.2,17.55452,2025-12-30 15:00:00
2.8,28.726086,2025-12-30 15:00:00
18.975,22.359106,2025-12-30 15:00:00
11.15,12.348944,2025-12-30 15:00:00
13.75,15.951853,2025-12-30 16:00:00
19.375,25.40471,2025-12-30 16:00:00
10.925,9.796347,2025-12-30 16:00:00
13.6,16.994751,2025-12-30 16:00:00
2.3,24.463158,2025-12-30 16:00:00
3.05,22.610065,2025-12-30 17:00:00
18.85,24.544083,2025-12-30 17:00:00
16.45,16.110674,2025-12-30 17:00:00
9.175,10.704049,2025-12-30 17:00:00
17.425,18.75323,2025-12-30 17:00:00
25.525,14.107886,2025-12-30 18:00:00
16.275,17.255106,2025-12-30 18:00:00
19.675,26.979897,2025-12-30 18:00:00
3.05,22.52228,2025-12-30 18:00:00
1.3,26.91087,2025-12-30 19:00:00
17.3,28.25835,2025-12-30 19:00:00
23.8,17.261484,2025-12-30 19:00:00
16.475,19.675695,2025-12-30 19:00:00
12.8,11.520489,2025-12-30 19:00:00
16.5,17.89156,2025-12-30 20:00:00
1.3,32.89769,2025-12-30 20:00:00
17.55,26.938343,2025-12-30 20:00:00
13.7,16.301498,2025-12-30 20:00:00
23.325,17.687483,2025-12-30 20:00:00
1.3,30.530901,2025-12-30 21:00:00
23.15,20.22213,2025-12-30 21:00:00
16.233333333333334,16.215557,2025-12-30 21:00:00
13.675,12.631826,2025-12-30 21:00:00
19.15,23.514566,2025-12-30 21:00:00
13.4,12.624081,2025-12-30 22:00:00
0.4,30.105446,2025-12-30 22:00:00
16.5,17.388136,2025-12-30 22:00:00
27.675,20.119947,2025-12-30 22:00:00
19.825,23.704733,2025-12-30 22:00:00
16.633333333333336,13.217519,2025-12-30 23:00:00
20.1,24.16078,2025-12-30 23:00:00
29.75,20.677479,2025-12-30 23:00:00
15.675,14.819718,2025-12-30 23:00:00
24.3,28.092836,2025-12-30 23:00:00
