actual,predicted,timestamp
80.0,71.86268,2025-07-02 06:00:00
65.75,67.2721,2025-07-02 06:00:00
63.0,110.592674,2025-07-02 06:00:00
66.0,88.09515,2025-07-02 06:00:00
73.0,120.99745,2025-07-02 06:00:00
78.0,129.2165,2025-07-02 07:00:00
72.25,70.533295,2025-07-02 07:00:00
78.0,99.96878,2025-07-02 07:00:00
80.0,83.342964,2025-07-02 07:00:00
57.0,101.35742,2025-07-02 07:00:00
111.0,129.69,2025-07-02 08:00:00
77.25,67.32321,2025-07-02 08:00:00
77.0,112.35477,2025-07-02 08:00:00
83.0,76.78666,2025-07-02 08:00:00
57.0,96.71982,2025-07-02 08:00:00
138.0,126.826355,2025-07-02 09:00:00
94.0,101.77574,2025-07-02 09:00:00
84.75,66.38639,2025-07-02 09:00:00
74.0,98.38927,2025-07-02 09:00:00
74.0,78.96971,2025-07-02 09:00:00
83.0,81.81859,2025-07-02 10:00:00
73.0,121.96617,2025-07-02 10:00:00
140.0,123.74061,2025-07-02 10:00:00
79.25,69.55434,2025-07-02 10:00:00
79.0,135.89725,2025-07-02 10:00:00
83.0,88.08417,2025-07-02 11:00:00
108.0,117.672516,2025-07-02 11:00:00
100.0,121.15257,2025-07-02 11:00:00
86.0,108.27334,2025-07-02 11:00:00
75.0,70.748955,2025-07-02 11:00:00
94.0,117.05311,2025-07-02 12:00:00
70.0,69.90823,2025-07-02 12:00:00
77.25,69.304146,2025-07-02 12:00:00
85.0,125.9509,2025-07-02 12:00:00
75.0,90.47105,2025-07-02 12:00:00
64.0,60.69058,2025-07-02 13:00:00
66.0,80.331436,2025-07-02 13:00:00
72.0,96.5423,2025-07-02 13:00:00
70.0,110.697075,2025-07-02 13:00:00
70.0,104.90073,2025-07-02 13:00:00
91.0,85.0894,2025-07-02 14:00:00
49.25,56.83613,2025-07-02 14:00:00
53.0,90.919136,2025-07-02 14:00:00
85.0,68.28419,2025-07-02 14:00:00
69.0,86.18133,2025-07-02 14:00:00
40.0,83.21704,2025-07-02 15:00:00
114.0,71.45226,2025-07-02 15:00:00
38.0,86.86325,2025-07-02 15:00:00
53.25,57.298943,2025-07-02 15:00:00
78.0,84.19963,2025-07-02 15:00:00
40.0,88.74272,2025-07-02 16:00:00
73.0,66.41724,2025-07-02 16:00:00
40.0,78.74123,2025-07-02 16:00:00
53.5,53.489746,2025-07-02 16:00:00
81.0,84.20799,2025-07-02 16:00:00
70.0,99.86109,2025-07-02 17:00:00
46.0,87.28217,2025-07-02 17:00:00
52.0,64.90623,2025-07-02 17:00:00
64.0,57.431717,2025-07-02 17:00:00
46.5,46.640625,2025-07-02 17:00:00
42.5,52.850906,2025-07-02 18:00:00
38.0,112.466576,2025-07-02 18:00:00
55.0,57.647987,2025-07-02 18:00:00
55.0,76.4862,2025-07-02 18:00:00
84.0,85.915215,2025-07-02 18:00:00
46.0,76.321754,2025-07-02 19:00:00
55.0,61.246086,2025-07-02 19:00:00
53.0,73.540276,2025-07-02 19:00:00
47.5,54.949318,2025-07-02 19:00:00
94.0,104.218796,2025-07-02 19:00:00
91.0,78.96815,2025-07-02 20:00:00
105.0,117.91543,2025-07-02 20:00:00
77.0,67.343094,2025-07-02 20:00:00
64.5,61.384445,2025-07-02 20:00:00
70.0,109.44957,2025-07-02 20:00:00
85.0,60.92417,2025-07-02 21:00:00
100.0,109.96026,2025-07-02 21:00:00
80.0,71.77314,2025-07-02 21:00:00
67.0,85.07953,2025-07-02 21:00:00
73.0,66.719864,2025-07-02 21:00:00
83.0,88.6863,2025-07-02 22:00:00
70.0,69.57838,2025-07-02 22:00:00
81.25,63.972713,2025-07-02 22:00:00
117.0,105.7032,2025-07-02 22:00:00
92.0,63.270607,2025-07-02 22:00:00
110.0,99.95911,2025-07-02 23:00:00
76.75,62.642353,2025-07-02 23:00:00
123.0,67.19571,2025-07-02 23:00:00
74.0,76.64443,2025-07-02 23:00:00
79.0,110.171295,2025-07-02 23:00:00
102.0,101.05117,2025-07-03 00:00:00
91.0,77.273865,2025-07-03 00:00:00
80.0,89.19989,2025-07-03 00:00:00
73.0,78.562996,2025-07-03 00:00:00
63.5,65.89562,2025-07-03 00:00:00
96.0,91.10907,2025-07-03 01:00:00
62.0,93.47066,2025-07-03 01:00:00
68.0,76.56154,2025-07-03 01:00:00
59.25,62.61777,2025-07-03 01:00:00
67.0,74.37042,2025-07-03 01:00:00
55.5,64.59881,2025-07-03 02:00:00
64.0,77.40445,2025-07-03 02:00:00
67.0,74.201035,2025-07-03 02:00:00
94.0,105.37934,2025-07-03 02:00:00
62.0,102.56217,2025-07-03 02:00:00
58.0,96.18971,2025-07-03 03:00:00
67.0,76.445,2025-07-03 03:00:00
51.0,83.18674,2025-07-03 03:00:00
114.0,93.55115,2025-07-03 03:00:00
53.75,64.58215,2025-07-03 03:00:00
54.25,61.227016,2025-07-03 04:00:00
73.0,86.86027,2025-07-03 04:00:00
58.0,78.31507,2025-07-03 04:00:00
51.0,76.782295,2025-07-03 04:00:00
86.0,88.1412,2025-07-03 04:00:00
60.5,58.935997,2025-07-03 05:00:00
67.0,101.439514,2025-07-03 05:00:00
55.0,82.77951,2025-07-03 05:00:00
67.0,88.15598,2025-07-03 05:00:00
79.0,74.57211,2025-07-03 05:00:00
79.0,94.11375,2025-07-03 06:00:00
64.25,59.585094,2025-07-03 06:00:00
57.0,86.42099,2025-07-03 06:00:00
77.0,95.36826,2025-07-03 06:00:00
66.0,76.71769,2025-07-03 06:00:00
84.0,95.378395,2025-07-03 07:00:00
75.0,57.629787,2025-07-03 07:00:00
56.0,86.31717,2025-07-03 07:00:00
113.0,90.04926,2025-07-03 07:00:00
67.0,88.72149,2025-07-03 07:00:00
89.0,95.08223,2025-07-03 08:00:00
66.0,99.00932,2025-07-03 08:00:00
99.0,110.462776,2025-07-03 08:00:00
82.5,62.4786,2025-07-03 08:00:00
96.0,96.36718,2025-07-03 08:00:00
100.0,98.88049,2025-07-03 09:00:00
88.5,62.218815,2025-07-03 09:00:00
128.0,112.83118,2025-07-03 09:00:00
97.0,109.706505,2025-07-03 09:00:00
88.0,93.1014,2025-07-03 09:00:00
73.0,101.61146,2025-07-03 10:00:00
103.0,123.729385,2025-07-03 10:00:00
119.0,124.22141,2025-07-03 10:00:00
99.75,73.85882,2025-07-03 10:00:00
81.0,99.212105,2025-07-03 10:00:00
132.0,114.09338,2025-07-03 11:00:00
73.0,103.96663,2025-07-03 11:00:00
99.0,124.12703,2025-07-03 11:00:00
63.0,76.29894,2025-07-03 11:00:00
74.0,102.48909,2025-07-03 11:00:00
116.0,105.34037,2025-07-03 12:00:00
95.0,101.393974,2025-07-03 12:00:00
48.5,73.25371,2025-07-03 12:00:00
86.0,127.19986,2025-07-03 12:00:00
73.0,86.61769,2025-07-03 12:00:00
85.0,93.29472,2025-07-03 13:00:00
92.0,102.727036,2025-07-03 13:00:00
73.0,84.34902,2025-07-03 13:00:00
85.0,68.472496,2025-07-03 13:00:00
83.0,93.86485,2025-07-03 13:00:00
134.0,77.5761,2025-07-03 14:00:00
67.0,81.325134,2025-07-03 14:00:00
73.0,103.69835,2025-07-03 14:00:00
85.0,91.56587,2025-07-03 14:00:00
76.25,64.878876,2025-07-03 14:00:00
107.0,88.10663,2025-07-03 15:00:00
63.0,83.8856,2025-07-03 15:00:00
75.75,65.399376,2025-07-03 15:00:00
138.0,79.89536,2025-07-03 15:00:00
50.0,106.828156,2025-07-03 15:00:00
41.0,123.80981,2025-07-03 16:00:00
79.0,70.81321,2025-07-03 16:00:00
54.0,63.881004,2025-07-03 16:00:00
56.0,75.05429,2025-07-03 16:00:00
80.0,87.02727,2025-07-03 16:00:00
40.0,102.17176,2025-07-03 17:00:00
48.25,59.401394,2025-07-03 17:00:00
48.0,65.54503,2025-07-03 17:00:00
63.0,78.31921,2025-07-03 17:00:00
46.0,67.51253,2025-07-03 17:00:00
31.0,123.902664,2025-07-03 18:00:00
48.0,64.994865,2025-07-03 18:00:00
46.0,72.6146,2025-07-03 18:00:00
56.0,58.22754,2025-07-03 18:00:00
58.0,83.1695,2025-07-03 18:00:00
59.0,72.39205,2025-07-03 19:00:00
96.0,97.93444,2025-07-03 19:00:00
56.25,68.27856,2025-07-03 19:00:00
48.0,72.32635,2025-07-03 19:00:00
44.0,126.15537,2025-07-03 19:00:00
118.0,105.802605,2025-07-03 20:00:00
69.0,80.20323,2025-07-03 20:00:00
58.0,104.670006,2025-07-03 20:00:00
75.0,71.38687,2025-07-03 20:00:00
105.0,75.39543,2025-07-03 20:00:00
61.0,88.05941,2025-07-03 21:00:00
98.25,72.755035,2025-07-03 21:00:00
56.0,129.02672,2025-07-03 21:00:00
75.0,83.899574,2025-07-03 21:00:00
161.0,105.70315,2025-07-03 21:00:00
129.0,104.75269,2025-07-03 22:00:00
87.5,75.20914,2025-07-03 22:00:00
83.0,77.16385,2025-07-03 22:00:00
91.0,106.43505,2025-07-03 22:00:00
58.0,78.46851,2025-07-03 22:00:00
97.0,100.819405,2025-07-03 23:00:00
90.0,97.77429,2025-07-03 23:00:00
102.0,68.98708,2025-07-03 23:00:00
64.0,73.095055,2025-07-03 23:00:00
128.0,75.37109,2025-07-03 23:00:00
64.0,85.98188,2025-07-04 00:00:00
132.0,105.31833,2025-07-04 00:00:00
74.0,90.154495,2025-07-04 00:00:00
91.0,73.20929,2025-07-04 00:00:00
135.0,64.74018,2025-07-04 00:00:00
96.0,110.64552,2025-07-04 01:00:00
131.0,73.290276,2025-07-04 01:00:00
102.0,96.064705,2025-07-04 01:00:00
63.0,72.424126,2025-07-04 01:00:00
86.0,73.87691,2025-07-04 01:00:00
78.0,91.30893,2025-07-04 02:00:00
51.0,94.875854,2025-07-04 02:00:00
68.0,87.041115,2025-07-04 02:00:00
69.0,71.99203,2025-07-04 02:00:00
72.25,68.91493,2025-07-04 02:00:00
74.0,75.0653,2025-07-04 03:00:00
68.0,79.295906,2025-07-04 03:00:00
110.0,91.906845,2025-07-04 03:00:00
40.0,105.937294,2025-07-04 03:00:00
66.25,70.338326,2025-07-04 03:00:00
44.0,92.74853,2025-07-04 04:00:00
53.75,66.760254,2025-07-04 04:00:00
68.0,78.49991,2025-07-04 04:00:00
48.0,94.35519,2025-07-04 04:00:00
74.0,73.56545,2025-07-04 04:00:00
38.0,141.73396,2025-07-04 05:00:00
61.0,81.76989,2025-07-04 05:00:00
55.0,97.44724,2025-07-04 05:00:00
73.0,89.56514,2025-07-04 05:00:00
78.75,70.59211,2025-07-04 05:00:00
95.0,85.631,2025-07-04 06:00:00
67.0,91.07091,2025-07-04 06:00:00
59.0,88.96047,2025-07-04 06:00:00
57.0,119.617905,2025-07-04 06:00:00
111.0,69.99785,2025-07-04 06:00:00
95.0,98.549805,2025-07-04 07:00:00
84.0,88.32256,2025-07-04 07:00:00
103.25,70.264824,2025-07-04 07:00:00
96.0,118.3933,2025-07-04 07:00:00
135.0,87.733955,2025-07-04 07:00:00
78.0,116.95318,2025-07-04 08:00:00
90.0,107.399574,2025-07-04 08:00:00
99.0,82.85836,2025-07-04 08:00:00
112.5,74.418465,2025-07-04 08:00:00
97.0,108.86336,2025-07-04 08:00:00
118.0,132.35223,2025-07-04 09:00:00
117.0,126.64228,2025-07-04 09:00:00
106.75,84.900375,2025-07-04 09:00:00
107.0,84.74168,2025-07-04 09:00:00
114.0,98.002,2025-07-04 09:00:00
92.0,91.146034,2025-07-04 10:00:00
114.75,82.97505,2025-07-04 10:00:00
117.0,126.3581,2025-07-04 10:00:00
106.0,102.40103,2025-07-04 10:00:00
117.0,132.60754,2025-07-04 10:00:00
124.0,127.54113,2025-07-04 11:00:00
100.0,104.541405,2025-07-04 11:00:00
120.0,82.38889,2025-07-04 11:00:00
145.0,125.583084,2025-07-04 11:00:00
92.0,103.244354,2025-07-04 11:00:00
121.25,87.83531,2025-07-04 12:00:00
146.0,121.54538,2025-07-04 12:00:00
89.0,90.39977,2025-07-04 12:00:00
113.0,112.25508,2025-07-04 12:00:00
128.0,114.34111,2025-07-04 12:00:00
131.0,87.16874,2025-07-04 13:00:00
89.0,94.15959,2025-07-04 13:00:00
140.0,140.73949,2025-07-04 13:00:00
84.0,117.288795,2025-07-04 13:00:00
136.0,102.52132,2025-07-04 13:00:00
95.0,137.92834,2025-07-04 14:00:00
81.0,85.350235,2025-07-04 14:00:00
116.0,86.59886,2025-07-04 14:00:00
122.0,80.08606,2025-07-04 14:00:00
106.0,97.01255,2025-07-04 14:00:00
127.0,102.793976,2025-07-04 15:00:00
64.0,105.090385,2025-07-04 15:00:00
110.0,92.01906,2025-07-04 15:00:00
102.25,74.64681,2025-07-04 15:00:00
77.0,154.05702,2025-07-04 15:00:00
72.0,83.890686,2025-07-04 16:00:00
59.0,91.89493,2025-07-04 16:00:00
92.0,149.69914,2025-07-04 16:00:00
100.75,73.15257,2025-07-04 16:00:00
81.0,94.32307,2025-07-04 16:00:00
64.0,69.79486,2025-07-04 17:00:00
67.0,124.01169,2025-07-04 17:00:00
66.0,84.2959,2025-07-04 17:00:00
96.25,69.67161,2025-07-04 17:00:00
100.0,86.41781,2025-07-04 17:00:00
70.0,133.00603,2025-07-04 18:00:00
67.0,86.00593,2025-07-04 18:00:00
97.0,81.32245,2025-07-04 18:00:00
78.0,82.68045,2025-07-04 18:00:00
64.0,77.11976,2025-07-04 18:00:00
95.0,100.18621,2025-07-04 19:00:00
64.0,94.54668,2025-07-04 19:00:00
81.0,85.8602,2025-07-04 19:00:00
90.75,78.83753,2025-07-04 19:00:00
58.0,112.886604,2025-07-04 19:00:00
52.0,87.681946,2025-07-04 20:00:00
73.5,89.33581,2025-07-04 20:00:00
69.0,112.58142,2025-07-04 20:00:00
64.0,87.823746,2025-07-04 20:00:00
130.0,116.84035,2025-07-04 20:00:00
59.0,91.03534,2025-07-04 21:00:00
74.0,126.47073,2025-07-04 21:00:00
99.25,87.476364,2025-07-04 21:00:00
135.0,121.04378,2025-07-04 21:00:00
132.0,116.3245,2025-07-04 22:00:00
74.0,81.70825,2025-07-04 22:00:00
92.0,82.60303,2025-07-04 22:00:00
103.0,108.17026,2025-07-04 22:00:00
67.5,75.34936,2025-07-04 23:00:00
190.0,81.64686,2025-07-04 23:00:00
64.0,77.851585,2025-07-04 23:00:00
103.0,108.84247,2025-07-04 23:00:00
94.0,115.47588,2025-07-04 23:00:00
143.0,121.43441,2025-07-05 00:00:00
96.0,81.09078,2025-07-05 00:00:00
51.5,89.52944,2025-07-05 00:00:00
86.0,100.34076,2025-07-05 00:00:00
97.0,75.37993,2025-07-05 00:00:00
175.0,108.54693,2025-07-05 01:00:00
90.0,76.022194,2025-07-05 01:00:00
61.0,79.23004,2025-07-05 01:00:00
44.0,108.54896,2025-07-05 01:00:00
70.75,87.4639,2025-07-05 01:00:00
75.0,93.31551,2025-07-05 02:00:00
74.0,88.64938,2025-07-05 02:00:00
151.0,100.25455,2025-07-05 02:00:00
82.75,76.977135,2025-07-05 02:00:00
68.0,71.15363,2025-07-05 02:00:00
123.0,110.76101,2025-07-05 03:00:00
80.0,85.170654,2025-07-05 03:00:00
107.0,125.18124,2025-07-05 03:00:00
86.25,82.85721,2025-07-05 03:00:00
68.0,89.120346,2025-07-05 03:00:00
92.0,80.73436,2025-07-05 04:00:00
79.0,84.88946,2025-07-05 04:00:00
73.0,101.851074,2025-07-05 04:00:00
66.0,76.785446,2025-07-05 04:00:00
106.0,96.99027,2025-07-05 04:00:00
117.0,98.0549,2025-07-05 05:00:00
127.0,103.42971,2025-07-05 05:00:00
64.0,90.628876,2025-07-05 05:00:00
89.0,84.33339,2025-07-05 05:00:00
69.0,86.729004,2025-07-05 05:00:00
62.0,88.36087,2025-07-05 06:00:00
110.0,96.09566,2025-07-05 06:00:00
195.0,125.796555,2025-07-05 06:00:00
95.25,97.89338,2025-07-05 06:00:00
67.0,118.64555,2025-07-05 06:00:00
102.5,91.22131,2025-07-05 07:00:00
127.0,96.46979,2025-07-05 07:00:00
99.0,104.0405,2025-07-05 07:00:00
61.0,116.135,2025-07-05 07:00:00
72.0,88.09721,2025-07-05 07:00:00
92.0,104.10988,2025-07-05 08:00:00
108.0,125.43154,2025-07-05 08:00:00
120.0,94.15993,2025-07-05 08:00:00
99.0,146.96706,2025-07-05 08:00:00
108.0,128.49223,2025-07-05 08:00:00
95.0,138.98215,2025-07-05 09:00:00
160.0,109.97028,2025-07-05 09:00:00
104.75,101.0312,2025-07-05 09:00:00
121.0,147.03629,2025-07-05 09:00:00
81.0,138.14828,2025-07-05 10:00:00
86.5,97.15066,2025-07-05 10:00:00
63.0,127.45577,2025-07-05 10:00:00
99.0,104.038475,2025-07-05 10:00:00
116.0,104.946144,2025-07-05 11:00:00
78.0,107.86144,2025-07-05 11:00:00
86.0,140.21642,2025-07-05 11:00:00
55.0,168.65036,2025-07-05 11:00:00
70.33333333333333,92.776505,2025-07-05 11:00:00
96.0,165.69983,2025-07-05 12:00:00
76.25,99.28387,2025-07-05 12:00:00
116.0,96.626724,2025-07-05 12:00:00
53.0,107.36445,2025-07-05 12:00:00
45.0,123.124886,2025-07-05 12:00:00
116.0,88.16394,2025-07-05 13:00:00
69.0,100.07368,2025-07-05 13:00:00
86.0,163.91553,2025-07-05 13:00:00
83.25,90.75251,2025-07-05 13:00:00
42.0,122.765114,2025-07-05 13:00:00
58.0,102.13455,2025-07-05 14:00:00
36.0,102.84235,2025-07-05 14:00:00
85.75,93.15436,2025-07-05 14:00:00
68.0,104.33063,2025-07-05 14:00:00
57.0,71.863976,2025-07-05 15:00:00
102.0,104.94108,2025-07-05 15:00:00
74.0,107.74467,2025-07-05 15:00:00
30.0,96.482735,2025-07-05 15:00:00
80.25,82.67162,2025-07-05 15:00:00
47.0,102.1131,2025-07-05 16:00:00
40.0,84.453865,2025-07-05 16:00:00
59.0,110.29851,2025-07-05 16:00:00
72.0,76.45693,2025-07-05 16:00:00
56.0,78.61944,2025-07-05 16:00:00
61.0,125.663315,2025-07-05 17:00:00
35.0,72.390945,2025-07-05 17:00:00
72.0,73.9934,2025-07-05 17:00:00
47.0,61.26786,2025-07-05 17:00:00
42.0,80.1118,2025-07-05 17:00:00
72.0,70.454414,2025-07-05 18:00:00
125.0,105.28546,2025-07-05 18:00:00
47.0,79.75152,2025-07-05 18:00:00
39.0,85.75451,2025-07-05 18:00:00
33.0,77.75558,2025-07-05 18:00:00
44.0,91.828064,2025-07-05 19:00:00
58.0,113.88558,2025-07-05 19:00:00
33.0,77.36559,2025-07-05 19:00:00
72.0,72.80176,2025-07-05 19:00:00
47.0,68.73348,2025-07-05 19:00:00
45.0,70.576775,2025-07-05 20:00:00
34.0,106.09073,2025-07-05 20:00:00
72.0,91.58214,2025-07-05 20:00:00
42.0,89.35677,2025-07-05 20:00:00
96.0,86.902534,2025-07-05 21:00:00
72.0,108.03933,2025-07-05 21:00:00
45.0,113.3698,2025-07-05 21:00:00
59.0,78.61991,2025-07-05 21:00:00
158.0,127.26023,2025-07-05 22:00:00
61.0,67.726776,2025-07-05 22:00:00
75.0,104.64156,2025-07-05 22:00:00
52.0,88.869736,2025-07-05 22:00:00
72.0,89.24912,2025-07-05 23:00:00
64.0,107.19789,2025-07-05 23:00:00
112.0,74.45355,2025-07-05 23:00:00
78.0,86.21107,2025-07-05 23:00:00
68.0,78.92573,2025-07-06 00:00:00
112.0,71.23733,2025-07-06 00:00:00
78.0,104.334656,2025-07-06 00:00:00
80.0,98.33351,2025-07-06 00:00:00
67.0,71.965034,2025-07-06 01:00:00
95.0,108.048454,2025-07-06 01:00:00
52.0,75.793564,2025-07-06 01:00:00
110.0,87.2005,2025-07-06 01:00:00
193.0,83.13878,2025-07-06 02:00:00
53.0,81.77685,2025-07-06 02:00:00
80.0,98.86223,2025-07-06 02:00:00
95.0,87.02232,2025-07-06 03:00:00
135.0,100.081276,2025-07-06 03:00:00
61.0,77.916954,2025-07-06 03:00:00
52.0,69.36945,2025-07-06 03:00:00
70.0,66.35722,2025-07-06 04:00:00
85.0,75.54285,2025-07-06 04:00:00
175.0,80.188065,2025-07-06 04:00:00
172.0,109.909225,2025-07-06 04:00:00
105.0,82.90985,2025-07-06 05:00:00
164.0,106.9269,2025-07-06 05:00:00
163.0,96.215744,2025-07-06 05:00:00
100.0,82.64647,2025-07-06 05:00:00
144.0,94.78429,2025-07-06 06:00:00
134.0,107.40842,2025-07-06 06:00:00
121.0,85.05044,2025-07-06 06:00:00
167.0,89.72464,2025-07-06 06:00:00
97.0,96.47781,2025-07-06 07:00:00
162.0,132.55211,2025-07-06 07:00:00
157.0,90.68443,2025-07-06 07:00:00
141.0,104.56527,2025-07-06 07:00:00
180.0,108.40778,2025-07-06 08:00:00
183.0,118.0106,2025-07-06 08:00:00
139.0,93.788506,2025-07-06 08:00:00
103.0,102.44152,2025-07-06 08:00:00
177.0,86.90716,2025-07-06 09:00:00
113.0,99.31228,2025-07-06 09:00:00
208.0,94.52551,2025-07-06 09:00:00
196.0,115.362724,2025-07-06 09:00:00
160.0,85.37876,2025-07-06 10:00:00
138.0,95.55958,2025-07-06 10:00:00
262.0,86.4373,2025-07-06 10:00:00
195.0,172.85036,2025-07-06 10:00:00
171.0,111.638145,2025-07-06 11:00:00
233.0,166.66795,2025-07-06 11:00:00
160.0,87.48905,2025-07-06 11:00:00
215.0,88.34174,2025-07-06 11:00:00
164.0,102.83099,2025-07-06 12:00:00
171.0,158.35341,2025-07-06 12:00:00
190.0,92.809074,2025-07-06 12:00:00
160.0,84.93164,2025-07-06 12:00:00
160.0,95.43038,2025-07-06 13:00:00
101.0,97.150215,2025-07-06 13:00:00
145.0,157.73886,2025-07-06 13:00:00
78.0,96.1446,2025-07-06 13:00:00
33.0,82.69231,2025-07-06 14:00:00
17.0,78.01163,2025-07-06 14:00:00
101.0,80.90344,2025-07-06 14:00:00
70.0,128.24248,2025-07-06 14:00:00
62.0,73.52772,2025-07-06 15:00:00
101.0,74.50497,2025-07-06 15:00:00
17.0,78.11579,2025-07-06 15:00:00
25.0,104.57598,2025-07-06 15:00:00
6.0,101.54563,2025-07-06 16:00:00
34.0,109.41487,2025-07-06 16:00:00
6.0,74.618904,2025-07-06 16:00:00
5.0,80.11253,2025-07-06 16:00:00
27.0,123.63212,2025-07-06 17:00:00
6.0,91.36391,2025-07-06 17:00:00
1.0,76.67886,2025-07-06 17:00:00
3.0,95.11097,2025-07-06 17:00:00
1.0,88.16667,2025-07-06 18:00:00
19.0,117.386185,2025-07-06 18:00:00
3.0,99.82153,2025-07-06 18:00:00
19.0,96.326096,2025-07-06 18:00:00
24.0,115.77247,2025-07-06 19:00:00
1.0,88.15024,2025-07-06 19:00:00
12.0,90.56639,2025-07-06 19:00:00
12.0,96.66389,2025-07-06 19:00:00
22.0,98.679855,2025-07-06 20:00:00
13.0,123.92454,2025-07-06 20:00:00
7.0,98.63969,2025-07-06 20:00:00
17.0,126.313255,2025-07-06 20:00:00
14.0,128.95555,2025-07-06 21:00:00
16.0,113.09263,2025-07-06 21:00:00
7.0,105.28524,2025-07-06 21:00:00
40.0,93.94899,2025-07-06 21:00:00
38.0,179.05476,2025-07-06 22:00:00
7.0,115.01093,2025-07-06 22:00:00
24.0,94.75078,2025-07-06 22:00:00
40.0,85.55082,2025-07-06 22:00:00
33.0,130.90555,2025-07-06 23:00:00
86.0,92.59618,2025-07-06 23:00:00
27.0,82.388275,2025-07-06 23:00:00
25.0,99.04057,2025-07-06 23:00:00
33.0,104.202866,2025-07-07 00:00:00
24.0,95.29462,2025-07-07 00:00:00
69.0,158.38551,2025-07-07 00:00:00
90.0,116.28157,2025-07-07 00:00:00
61.0,137.25551,2025-07-07 01:00:00
30.0,88.36154,2025-07-07 01:00:00
30.0,88.362,2025-07-07 01:00:00
41.0,98.1283,2025-07-07 01:00:00
59.0,97.87062,2025-07-07 02:00:00
74.0,150.80612,2025-07-07 02:00:00
30.0,89.08214,2025-07-07 02:00:00
29.0,84.09329,2025-07-07 02:00:00
101.0,100.679726,2025-07-07 03:00:00
69.0,141.89899,2025-07-07 03:00:00
25.0,89.18023,2025-07-07 03:00:00
29.0,90.52704,2025-07-07 03:00:00
24.0,86.67066,2025-07-07 04:00:00
59.0,114.588425,2025-07-07 04:00:00
33.0,78.41606,2025-07-07 04:00:00
117.0,149.69208,2025-07-07 04:00:00
42.0,94.73358,2025-07-07 05:00:00
133.0,138.30373,2025-07-07 05:00:00
45.0,89.17598,2025-07-07 05:00:00
95.0,106.70283,2025-07-07 05:00:00
69.0,105.615746,2025-07-07 06:00:00
84.0,101.01373,2025-07-07 06:00:00
52.0,108.29264,2025-07-07 06:00:00
119.0,147.80396,2025-07-07 06:00:00
59.0,101.73235,2025-07-07 07:00:00
96.0,159.68668,2025-07-07 07:00:00
130.0,111.50684,2025-07-07 07:00:00
117.0,96.1553,2025-07-07 07:00:00
72.0,101.34346,2025-07-07 08:00:00
84.0,83.81903,2025-07-07 08:00:00
94.0,141.69287,2025-07-07 08:00:00
152.0,111.000244,2025-07-07 08:00:00
78.0,98.592804,2025-07-07 09:00:00
18.0,38.886837,2025-07-07 09:00:00
73.0,89.58924,2025-07-07 09:00:00
141.0,181.09924,2025-07-07 09:00:00
141.0,122.76676,2025-07-07 09:00:00
63.0,105.39501,2025-07-07 10:00:00
152.0,129.5922,2025-07-07 10:00:00
221.0,181.3755,2025-07-07 10:00:00
48.75,54.41233,2025-07-07 10:00:00
68.0,119.950905,2025-07-07 10:00:00
254.0,198.68774,2025-07-07 11:00:00
51.66666666666666,65.52912,2025-07-07 11:00:00
66.0,107.309616,2025-07-07 11:00:00
218.0,117.25101,2025-07-07 11:00:00
63.0,112.06278,2025-07-07 11:00:00
95.0,113.175224,2025-07-07 12:00:00
143.0,171.64914,2025-07-07 12:00:00
69.0,65.85243,2025-07-07 12:00:00
56.0,108.20679,2025-07-07 12:00:00
255.0,109.78963,2025-07-07 12:00:00
194.0,87.073814,2025-07-07 13:00:00
133.0,159.21501,2025-07-07 13:00:00
74.0,93.287094,2025-07-07 13:00:00
67.25,64.01496,2025-07-07 13:00:00
127.0,108.076515,2025-07-07 13:00:00
67.25,59.818863,2025-07-07 14:00:00
127.0,123.822754,2025-07-07 14:00:00
149.0,93.53979,2025-07-07 14:00:00
179.0,130.79681,2025-07-07 14:00:00
61.0,96.58382,2025-07-07 14:00:00
122.0,90.877945,2025-07-07 15:00:00
156.0,114.48648,2025-07-07 15:00:00
78.0,102.92196,2025-07-07 15:00:00
205.0,129.04622,2025-07-07 15:00:00
65.0,54.80551,2025-07-07 15:00:00
95.0,81.13919,2025-07-07 16:00:00
171.0,141.80719,2025-07-07 16:00:00
102.0,87.96298,2025-07-07 16:00:00
64.0,54.521545,2025-07-07 16:00:00
116.0,72.761,2025-07-07 16:00:00
207.0,126.3591,2025-07-07 17:00:00
101.0,72.88835,2025-07-07 17:00:00
80.0,93.517365,2025-07-07 17:00:00
81.0,81.17233,2025-07-07 17:00:00
64.5,43.70627,2025-07-07 17:00:00
77.0,75.09731,2025-07-07 18:00:00
80.0,86.95826,2025-07-07 18:00:00
155.0,73.30799,2025-07-07 18:00:00
215.0,127.876274,2025-07-07 18:00:00
78.0,81.15166,2025-07-07 19:00:00
388.0,101.8384,2025-07-07 19:00:00
150.0,135.10475,2025-07-07 19:00:00
80.0,94.48945,2025-07-07 19:00:00
141.0,134.07324,2025-07-07 20:00:00
273.0,113.14127,2025-07-07 20:00:00
89.0,90.5104,2025-07-07 20:00:00
102.0,99.95034,2025-07-07 20:00:00
138.0,128.62811,2025-07-07 21:00:00
233.0,106.54347,2025-07-07 21:00:00
96.0,89.56402,2025-07-07 21:00:00
102.0,98.694725,2025-07-07 21:00:00
57.0,56.747303,2025-07-07 21:00:00
92.0,130.87906,2025-07-07 22:00:00
56.75,63.055332,2025-07-07 22:00:00
102.0,74.52499,2025-07-07 22:00:00
162.0,104.4877,2025-07-07 22:00:00
86.0,78.2442,2025-07-07 22:00:00
81.0,78.84803,2025-07-07 23:00:00
143.0,78.98057,2025-07-07 23:00:00
128.0,127.198814,2025-07-07 23:00:00
57.0,63.84564,2025-07-07 23:00:00
153.0,141.02356,2025-07-07 23:00:00
125.0,109.58148,2025-07-08 00:00:00
57.0,66.017624,2025-07-08 00:00:00
77.0,73.56617,2025-07-08 00:00:00
110.0,80.83762,2025-07-08 00:00:00
101.0,136.20564,2025-07-08 00:00:00
116.0,83.12652,2025-07-08 01:00:00
121.0,113.1031,2025-07-08 01:00:00
79.0,78.6907,2025-07-08 01:00:00
130.0,131.67374,2025-07-08 01:00:00
57.0,60.95326,2025-07-08 01:00:00
92.0,77.246445,2025-07-08 02:00:00
144.0,118.558945,2025-07-08 02:00:00
63.0,78.14563,2025-07-08 02:00:00
57.0,60.73132,2025-07-08 02:00:00
116.0,130.49005,2025-07-08 02:00:00
81.0,103.7952,2025-07-08 03:00:00
62.0,83.89852,2025-07-08 03:00:00
129.0,133.06732,2025-07-08 03:00:00
103.0,115.35663,2025-07-08 03:00:00
134.0,163.77193,2025-07-08 04:00:00
94.0,105.93647,2025-07-08 04:00:00
79.0,83.37403,2025-07-08 04:00:00
40.0,96.10684,2025-07-08 04:00:00
56.0,99.86637,2025-07-08 05:00:00
153.0,170.43248,2025-07-08 05:00:00
99.0,118.39981,2025-07-08 05:00:00
17.333333333333332,56.83673,2025-07-08 05:00:00
81.0,87.13989,2025-07-08 05:00:00
80.0,128.65817,2025-07-08 06:00:00
74.0,108.634445,2025-07-08 06:00:00
144.0,177.94559,2025-07-08 06:00:00
53.0,60.46449,2025-07-08 06:00:00
94.0,85.992256,2025-07-08 06:00:00
86.0,118.091774,2025-07-08 07:00:00
72.0,104.00754,2025-07-08 07:00:00
111.0,142.06036,2025-07-08 07:00:00
61.5,53.13652,2025-07-08 07:00:00
141.0,125.31374,2025-07-08 07:00:00
65.5,51.801678,2025-07-08 08:00:00
75.0,96.210014,2025-07-08 08:00:00
158.0,139.10414,2025-07-08 08:00:00
144.0,126.903015,2025-07-08 08:00:00
94.0,114.98887,2025-07-08 08:00:00
83.0,96.52128,2025-07-08 09:00:00
73.25,58.56673,2025-07-08 09:00:00
100.0,108.27352,2025-07-08 09:00:00
162.0,174.82945,2025-07-08 09:00:00
161.0,156.65477,2025-07-08 09:00:00
86.0,111.687126,2025-07-08 10:00:00
166.0,196.85965,2025-07-08 10:00:00
84.0,62.50062,2025-07-08 10:00:00
97.0,101.14515,2025-07-08 10:00:00
160.0,190.17505,2025-07-08 10:00:00
90.0,56.351097,2025-07-08 11:00:00
134.0,217.33658,2025-07-08 11:00:00
85.0,99.04431,2025-07-08 11:00:00
204.0,178.9923,2025-07-08 11:00:00
84.0,104.62303,2025-07-08 11:00:00
177.0,183.57446,2025-07-08 12:00:00
64.25,64.09626,2025-07-08 12:00:00
99.0,96.14822,2025-07-08 12:00:00
99.0,104.64532,2025-07-08 12:00:00
139.0,166.79771,2025-07-08 12:00:00
14.0,141.08614,2025-07-08 13:00:00
77.0,129.52515,2025-07-08 13:00:00
29.0,100.05158,2025-07-08 13:00:00
14.75,69.92081,2025-07-08 13:00:00
130.0,169.07945,2025-07-08 13:00:00
7.25,68.88047,2025-07-08 14:00:00
7.0,149.04324,2025-07-08 14:00:00
11.0,91.26477,2025-07-08 14:00:00
17.0,124.76226,2025-07-08 14:00:00
33.0,195.87776,2025-07-08 14:00:00
20.0,180.17793,2025-07-08 15:00:00
57.0,125.6255,2025-07-08 15:00:00
12.0,128.30446,2025-07-08 15:00:00
13.0,86.544785,2025-07-08 15:00:00
7.0,86.15017,2025-07-08 16:00:00
33.0,165.71185,2025-07-08 16:00:00
9.0,117.31259,2025-07-08 16:00:00
18.0,85.4931,2025-07-08 16:00:00
16.0,103.75423,2025-07-08 17:00:00
34.0,161.60318,2025-07-08 17:00:00
19.25,57.14362,2025-07-08 17:00:00
19.0,74.97301,2025-07-08 17:00:00
18.0,66.048546,2025-07-08 17:00:00
18.0,91.40901,2025-07-08 18:00:00
66.0,202.20703,2025-07-08 18:00:00
23.0,79.96973,2025-07-08 18:00:00
31.0,137.75882,2025-07-08 18:00:00
21.25,77.38086,2025-07-08 18:00:00
34.75,71.865036,2025-07-08 19:00:00
45.0,86.77141,2025-07-08 19:00:00
35.0,84.77455,2025-07-08 19:00:00
59.0,187.65492,2025-07-08 19:00:00
84.0,180.13116,2025-07-08 19:00:00
63.0,110.052414,2025-07-08 20:00:00
45.75,77.34387,2025-07-08 20:00:00
94.0,187.83609,2025-07-08 20:00:00
70.0,151.61389,2025-07-08 20:00:00
48.0,98.119804,2025-07-08 20:00:00
46.0,73.44243,2025-07-08 21:00:00
77.0,111.39979,2025-07-08 21:00:00
119.0,160.83095,2025-07-08 21:00:00
40.0,97.44486,2025-07-08 21:00:00
138.0,167.30219,2025-07-08 21:00:00
47.25,82.39424,2025-07-08 22:00:00
48.0,94.60849,2025-07-08 22:00:00
117.0,131.72781,2025-07-08 22:00:00
77.0,100.148705,2025-07-08 22:00:00
91.0,145.48389,2025-07-08 22:00:00
77.0,92.336205,2025-07-08 23:00:00
113.0,129.6929,2025-07-08 23:00:00
177.0,109.00171,2025-07-08 23:00:00
152.0,145.74362,2025-07-08 23:00:00
46.25,75.95614,2025-07-08 23:00:00
75.0,83.029274,2025-07-09 00:00:00
56.0,67.247955,2025-07-09 00:00:00
119.0,96.37242,2025-07-09 00:00:00
160.0,135.84714,2025-07-09 00:00:00
84.0,123.44562,2025-07-09 00:00:00
46.5,67.57531,2025-07-09 01:00:00
149.0,151.1569,2025-07-09 01:00:00
96.0,116.033264,2025-07-09 01:00:00
62.0,81.41653,2025-07-09 01:00:00
94.0,90.84753,2025-07-09 01:00:00
91.0,97.86883,2025-07-09 02:00:00
141.0,117.34111,2025-07-09 02:00:00
47.0,78.34685,2025-07-09 02:00:00
45.25,60.437916,2025-07-09 02:00:00
66.0,83.78365,2025-07-09 02:00:00
48.0,61.502956,2025-07-09 03:00:00
46.0,85.030334,2025-07-09 03:00:00
105.0,92.86656,2025-07-09 03:00:00
166.0,116.413956,2025-07-09 03:00:00
55.0,85.188675,2025-07-09 03:00:00
49.25,53.987164,2025-07-09 04:00:00
61.0,66.44019,2025-07-09 04:00:00
123.0,111.718155,2025-07-09 04:00:00
51.0,67.95718,2025-07-09 04:00:00
80.0,74.71052,2025-07-09 04:00:00
44.5,50.48597,2025-07-09 05:00:00
95.0,73.94347,2025-07-09 05:00:00
164.0,99.751976,2025-07-09 05:00:00
77.0,69.06032,2025-07-09 05:00:00
64.0,85.40353,2025-07-09 05:00:00
100.0,76.55498,2025-07-09 06:00:00
133.0,67.68922,2025-07-09 06:00:00
70.0,51.801872,2025-07-09 06:00:00
94.0,69.867615,2025-07-09 06:00:00
164.0,122.019936,2025-07-09 06:00:00
101.0,78.01031,2025-07-09 07:00:00
96.0,132.15924,2025-07-09 07:00:00
32.25,54.6753,2025-07-09 07:00:00
133.0,122.27222,2025-07-09 07:00:00
175.0,92.56053,2025-07-09 07:00:00
42.0,88.61771,2025-07-09 08:00:00
20.75,55.004566,2025-07-09 08:00:00
73.0,115.101105,2025-07-09 08:00:00
56.0,81.311935,2025-07-09 08:00:00
8.0,128.78354,2025-07-09 08:00:00
8.0,140.29292,2025-07-09 09:00:00
15.5,60.564205,2025-07-09 09:00:00
9.0,129.08261,2025-07-09 09:00:00
56.0,85.7071,2025-07-09 09:00:00
6.0,89.23251,2025-07-09 09:00:00
11.0,67.54129,2025-07-09 10:00:00
56.0,89.23783,2025-07-09 10:00:00
6.0,166.72505,2025-07-09 10:00:00
3.0,92.09271,2025-07-09 10:00:00
8.0,154.80148,2025-07-09 10:00:00
12.666666666666666,60.203335,2025-07-09 11:00:00
8.0,137.66852,2025-07-09 11:00:00
56.0,96.03248,2025-07-09 11:00:00
7.0,142.31435,2025-07-09 11:00:00
2.0,89.10109,2025-07-09 11:00:00
5.0,98.06185,2025-07-09 12:00:00
15.0,59.669373,2025-07-09 12:00:00
11.0,165.15317,2025-07-09 12:00:00
8.0,134.2655,2025-07-09 12:00:00
8.0,104.723495,2025-07-09 13:00:00
7.0,146.30603,2025-07-09 13:00:00
14.0,53.08936,2025-07-09 13:00:00
6.0,86.23848,2025-07-09 13:00:00
6.0,76.70505,2025-07-09 14:00:00
8.0,75.6184,2025-07-09 14:00:00
7.0,102.95464,2025-07-09 14:00:00
12.0,50.989918,2025-07-09 14:00:00
6.0,70.15595,2025-07-09 15:00:00
7.0,105.90763,2025-07-09 15:00:00
13.75,49.904102,2025-07-09 15:00:00
102.0,72.9019,2025-07-09 15:00:00
17.0,47.072937,2025-07-09 16:00:00
7.0,86.980194,2025-07-09 16:00:00
20.0,69.90838,2025-07-09 16:00:00
12.0,64.56123,2025-07-09 16:00:00
6.0,65.89536,2025-07-09 16:00:00
23.0,67.22432,2025-07-09 17:00:00
8.5,42.70514,2025-07-09 17:00:00
6.0,54.54773,2025-07-09 17:00:00
27.0,116.42699,2025-07-09 17:00:00
8.0,61.85333,2025-07-09 17:00:00
9.0,94.1481,2025-07-09 18:00:00
13.0,89.13553,2025-07-09 18:00:00
6.0,96.336975,2025-07-09 18:00:00
47.0,109.98415,2025-07-09 18:00:00
21.25,50.46178,2025-07-09 18:00:00
17.0,93.79238,2025-07-09 19:00:00
38.0,47.42174,2025-07-09 19:00:00
9.0,91.44014,2025-07-09 19:00:00
6.0,89.50356,2025-07-09 19:00:00
41.0,97.25987,2025-07-09 19:00:00
13.0,77.91168,2025-07-09 20:00:00
40.0,93.30516,2025-07-09 20:00:00
17.0,87.0898,2025-07-09 20:00:00
6.0,77.28999,2025-07-09 20:00:00
26.25,56.419647,2025-07-09 20:00:00
18.0,87.52227,2025-07-09 21:00:00
22.0,93.941376,2025-07-09 21:00:00
34.0,109.07541,2025-07-09 21:00:00
36.66666666666666,60.19787,2025-07-09 21:00:00
18.0,85.61405,2025-07-09 22:00:00
41.0,115.693054,2025-07-09 22:00:00
48.0,89.6331,2025-07-09 22:00:00
22.0,83.112686,2025-07-09 22:00:00
36.66666666666666,49.210724,2025-07-09 22:00:00
48.0,89.845825,2025-07-09 23:00:00
28.0,119.5791,2025-07-09 23:00:00
36.66666666666666,45.836357,2025-07-09 23:00:00
27.0,84.22784,2025-07-09 23:00:00
22.0,86.12572,2025-07-09 23:00:00
36.66666666666666,43.62239,2025-07-10 00:00:00
52.0,115.883415,2025-07-10 00:00:00
23.0,88.8075,2025-07-10 00:00:00
27.0,83.653915,2025-07-10 00:00:00
20.0,80.73102,2025-07-10 01:00:00
62.0,112.28416,2025-07-10 01:00:00
27.0,82.25849,2025-07-10 01:00:00
27.0,81.57598,2025-07-10 02:00:00
33.0,73.707214,2025-07-10 02:00:00
45.0,112.62866,2025-07-10 02:00:00
16.0,87.117485,2025-07-10 03:00:00
39.0,129.15948,2025-07-10 03:00:00
16.0,78.77894,2025-07-10 03:00:00
27.0,65.869804,2025-07-10 04:00:00
41.0,116.152306,2025-07-10 04:00:00
16.0,82.23131,2025-07-10 04:00:00
67.0,76.61879,2025-07-10 04:00:00
77.0,71.345276,2025-07-10 05:00:00
41.0,83.82992,2025-07-10 05:00:00
34.0,87.85892,2025-07-10 05:00:00
69.0,116.17491,2025-07-10 05:00:00
31.0,90.47547,2025-07-10 06:00:00
48.0,93.926865,2025-07-10 06:00:00
64.0,84.003716,2025-07-10 06:00:00
57.0,141.54474,2025-07-10 06:00:00
61.0,100.25969,2025-07-10 07:00:00
102.0,90.201996,2025-07-10 07:00:00
33.0,95.25243,2025-07-10 07:00:00
83.0,116.5677,2025-07-10 07:00:00
74.0,99.7058,2025-07-10 08:00:00
122.0,95.77277,2025-07-10 08:00:00
113.0,131.08412,2025-07-10 08:00:00
35.0,78.44017,2025-07-10 08:00:00
97.0,88.48592,2025-07-10 09:00:00
47.0,79.84443,2025-07-10 09:00:00
158.0,147.7654,2025-07-10 09:00:00
130.0,138.53618,2025-07-10 10:00:00
46.0,86.79935,2025-07-10 10:00:00
75.0,96.92092,2025-07-10 10:00:00
77.0,91.310265,2025-07-10 10:00:00
179.0,141.99135,2025-07-10 11:00:00
146.0,110.82541,2025-07-10 11:00:00
75.0,81.38129,2025-07-10 11:00:00
46.0,88.0016,2025-07-10 11:00:00
103.0,109.10068,2025-07-10 12:00:00
44.0,72.87869,2025-07-10 12:00:00
136.0,130.50961,2025-07-10 12:00:00
75.0,76.84667,2025-07-10 12:00:00
75.0,113.860825,2025-07-10 13:00:00
75.0,73.38642,2025-07-10 13:00:00
129.0,106.07778,2025-07-10 13:00:00
66.0,74.069695,2025-07-10 13:00:00
39.0,63.687042,2025-07-10 14:00:00
172.0,115.96036,2025-07-10 14:00:00
62.0,71.91913,2025-07-10 14:00:00
130.0,83.61649,2025-07-10 15:00:00
57.0,61.852036,2025-07-10 15:00:00
41.0,92.03871,2025-07-10 15:00:00
146.0,79.9695,2025-07-10 15:00:00
55.0,74.50109,2025-07-10 16:00:00
53.0,58.990486,2025-07-10 16:00:00
53.0,73.93581,2025-07-10 16:00:00
118.0,92.24542,2025-07-10 16:00:00
52.0,58.425293,2025-07-10 17:00:00
97.0,95.07643,2025-07-10 17:00:00
48.0,79.951164,2025-07-10 17:00:00
42.0,70.080765,2025-07-10 17:00:00
42.0,64.78962,2025-07-10 18:00:00
51.0,57.815483,2025-07-10 18:00:00
150.0,112.61217,2025-07-10 18:00:00
67.0,78.89565,2025-07-10 18:00:00
123.0,110.08988,2025-07-10 19:00:00
52.0,56.5943,2025-07-10 19:00:00
107.0,95.5625,2025-07-10 19:00:00
42.0,73.41682,2025-07-10 19:00:00
153.0,116.42925,2025-07-10 20:00:00
95.0,79.64955,2025-07-10 20:00:00
117.0,84.538445,2025-07-10 20:00:00
67.0,61.065178,2025-07-10 20:00:00
70.0,60.2716,2025-07-10 21:00:00
95.0,74.24084,2025-07-10 21:00:00
141.0,82.25469,2025-07-10 21:00:00
129.0,111.987434,2025-07-10 21:00:00
134.0,112.99467,2025-07-10 22:00:00
177.0,81.91526,2025-07-10 22:00:00
56.0,63.042465,2025-07-10 22:00:00
95.0,75.01918,2025-07-10 22:00:00
113.0,69.57704,2025-07-10 23:00:00
92.0,127.26434,2025-07-10 23:00:00
67.0,63.106544,2025-07-10 23:00:00
119.0,91.57253,2025-07-10 23:00:00
38.0,75.159515,2025-07-11 00:00:00
45.0,63.164024,2025-07-11 00:00:00
72.0,90.77117,2025-07-11 00:00:00
66.0,104.247826,2025-07-11 00:00:00
29.0,62.120872,2025-07-11 01:00:00
66.0,106.44704,2025-07-11 01:00:00
27.0,92.23744,2025-07-11 01:00:00
30.0,73.54685,2025-07-11 01:00:00
31.0,124.96593,2025-07-11 02:00:00
36.0,69.65949,2025-07-11 02:00:00
41.0,88.27488,2025-07-11 02:00:00
36.0,83.54722,2025-07-11 03:00:00
48.0,69.41733,2025-07-11 03:00:00
47.0,96.66455,2025-07-11 03:00:00
29.0,73.04244,2025-07-11 03:00:00
79.0,117.9319,2025-07-11 04:00:00
59.0,69.12285,2025-07-11 04:00:00
59.0,87.73709,2025-07-11 04:00:00
61.0,60.372158,2025-07-11 04:00:00
85.0,99.47301,2025-07-11 05:00:00
73.0,108.842766,2025-07-11 05:00:00
50.0,86.48913,2025-07-11 05:00:00
64.0,61.409958,2025-07-11 05:00:00
81.0,66.05883,2025-07-11 06:00:00
63.0,98.971344,2025-07-11 06:00:00
96.0,120.2043,2025-07-11 06:00:00
85.0,90.8734,2025-07-11 06:00:00
85.0,79.98058,2025-07-11 07:00:00
72.0,115.23582,2025-07-11 07:00:00
119.0,112.440475,2025-07-11 07:00:00
116.0,70.96024,2025-07-11 07:00:00
73.0,136.63136,2025-07-11 08:00:00
132.0,107.0952,2025-07-11 08:00:00
108.0,170.75037,2025-07-11 08:00:00
110.0,90.80246,2025-07-11 08:00:00
125.0,103.74627,2025-07-11 09:00:00
85.0,134.57434,2025-07-11 09:00:00
108.0,155.32893,2025-07-11 09:00:00
116.0,106.18684,2025-07-11 09:00:00
135.0,155.02214,2025-07-11 10:00:00
125.0,82.39342,2025-07-11 10:00:00
125.0,90.732994,2025-07-11 10:00:00
80.0,138.61235,2025-07-11 10:00:00
78.0,125.671776,2025-07-11 11:00:00
133.0,83.89177,2025-07-11 11:00:00
91.0,83.31263,2025-07-11 11:00:00
179.0,143.54605,2025-07-11 11:00:00
81.0,120.7971,2025-07-11 12:00:00
66.0,78.594826,2025-07-11 12:00:00
158.0,68.74416,2025-07-11 12:00:00
189.0,146.77943,2025-07-11 12:00:00
75.0,107.2885,2025-07-11 13:00:00
177.0,147.68996,2025-07-11 13:00:00
57.0,82.898384,2025-07-11 13:00:00
177.0,70.006805,2025-07-11 13:00:00
36.0,70.4425,2025-07-11 14:00:00
156.0,163.0432,2025-07-11 14:00:00
95.0,69.05179,2025-07-11 14:00:00
66.0,106.67063,2025-07-11 14:00:00
112.0,78.44855,2025-07-11 15:00:00
169.0,150.05338,2025-07-11 15:00:00
52.0,68.29401,2025-07-11 15:00:00
61.0,92.483086,2025-07-11 15:00:00
164.0,138.20612,2025-07-11 16:00:00
70.0,86.78623,2025-07-11 16:00:00
61.0,68.65294,2025-07-11 16:00:00
51.0,74.93455,2025-07-11 16:00:00
40.0,63.27513,2025-07-11 17:00:00
84.0,72.56831,2025-07-11 17:00:00
62.0,81.169136,2025-07-11 17:00:00
125.0,141.50029,2025-07-11 17:00:00
74.0,77.12279,2025-07-11 18:00:00
271.0,187.932,2025-07-11 18:00:00
19.0,75.86652,2025-07-11 18:00:00
95.0,85.85546,2025-07-11 18:00:00
77.0,93.28151,2025-07-11 19:00:00
75.0,86.158066,2025-07-11 19:00:00
92.0,172.32965,2025-07-11 19:00:00
90.0,70.80964,2025-07-11 19:00:00
89.0,142.71494,2025-07-11 20:00:00
102.0,101.06307,2025-07-11 20:00:00
91.0,105.14481,2025-07-11 20:00:00
106.0,85.72336,2025-07-11 20:00:00
84.0,99.87907,2025-07-11 21:00:00
108.0,138.22235,2025-07-11 21:00:00
135.0,104.34253,2025-07-11 21:00:00
116.0,95.60853,2025-07-11 21:00:00
138.0,105.609764,2025-07-11 22:00:00
117.0,97.49266,2025-07-11 22:00:00
81.0,99.20924,2025-07-11 22:00:00
114.0,149.79553,2025-07-11 22:00:00
118.0,99.5559,2025-07-11 23:00:00
106.0,93.54112,2025-07-11 23:00:00
174.0,94.13728,2025-07-11 23:00:00
140.0,103.83763,2025-07-11 23:00:00
125.0,150.63548,2025-07-12 00:00:00
113.0,88.148155,2025-07-12 00:00:00
90.0,82.861496,2025-07-12 00:00:00
106.0,83.98153,2025-07-12 00:00:00
138.0,119.815926,2025-07-12 01:00:00
78.0,79.90038,2025-07-12 01:00:00
128.0,82.50985,2025-07-12 01:00:00
106.0,86.01383,2025-07-12 01:00:00
100.0,86.93334,2025-07-12 02:00:00
97.0,126.137665,2025-07-12 02:00:00
97.0,76.96982,2025-07-12 02:00:00
69.0,74.08544,2025-07-12 02:00:00
92.0,82.97928,2025-07-12 03:00:00
74.0,80.92707,2025-07-12 03:00:00
85.0,87.6229,2025-07-12 03:00:00
111.0,116.66949,2025-07-12 03:00:00
136.0,120.34803,2025-07-12 04:00:00
79.0,79.08989,2025-07-12 04:00:00
42.0,84.81322,2025-07-12 04:00:00
97.0,84.57777,2025-07-12 04:00:00
55.0,99.044266,2025-07-12 05:00:00
110.0,84.37038,2025-07-12 05:00:00
92.0,128.48886,2025-07-12 05:00:00
85.0,83.48152,2025-07-12 05:00:00
77.0,102.66561,2025-07-12 06:00:00
88.0,89.68435,2025-07-12 06:00:00
62.25,76.360466,2025-07-12 06:00:00
81.0,119.29263,2025-07-12 06:00:00
72.0,115.171776,2025-07-12 07:00:00
67.0,101.954254,2025-07-12 07:00:00
144.0,144.14224,2025-07-12 07:00:00
45.5,97.022224,2025-07-12 07:00:00
77.0,123.5597,2025-07-12 08:00:00
54.0,99.928,2025-07-12 08:00:00
73.0,114.48646,2025-07-12 08:00:00
124.0,136.23894,2025-07-12 08:00:00
89.0,151.03683,2025-07-12 09:00:00
40.0,123.339134,2025-07-12 09:00:00
90.0,109.56435,2025-07-12 09:00:00
53.5,114.561005,2025-07-12 09:00:00
39.25,108.97796,2025-07-12 10:00:00
86.0,111.79437,2025-07-12 10:00:00
72.0,162.51404,2025-07-12 10:00:00
61.0,118.927536,2025-07-12 10:00:00
106.0,201.29219,2025-07-12 11:00:00
102.0,106.18522,2025-07-12 11:00:00
55.0,111.727234,2025-07-12 11:00:00
27.5,128.11935,2025-07-12 11:00:00
78.0,112.85449,2025-07-12 12:00:00
67.0,97.26307,2025-07-12 12:00:00
90.0,229.76964,2025-07-12 12:00:00
92.0,105.24983,2025-07-12 12:00:00
78.0,106.47933,2025-07-12 13:00:00
113.0,103.919304,2025-07-12 13:00:00
87.66666666666667,100.16951,2025-07-12 13:00:00
122.0,209.34207,2025-07-12 13:00:00
95.0,91.82069,2025-07-12 14:00:00
96.33333333333331,85.07068,2025-07-12 14:00:00
77.0,94.20938,2025-07-12 14:00:00
116.0,163.16187,2025-07-12 14:00:00
75.0,112.39293,2025-07-12 15:00:00
110.33333333333331,94.5716,2025-07-12 15:00:00
116.0,168.70895,2025-07-12 15:00:00
63.0,93.603,2025-07-12 15:00:00
89.0,108.05733,2025-07-12 16:00:00
96.0,95.83952,2025-07-12 16:00:00
66.0,83.02712,2025-07-12 16:00:00
255.0,156.4979,2025-07-12 16:00:00
80.0,73.67811,2025-07-12 17:00:00
72.0,103.96333,2025-07-12 17:00:00
58.0,86.91342,2025-07-12 17:00:00
186.0,125.16146,2025-07-12 17:00:00
85.0,82.210846,2025-07-12 18:00:00
79.66666666666667,65.13048,2025-07-12 18:00:00
99.0,104.75361,2025-07-12 18:00:00
81.0,138.83588,2025-07-12 18:00:00
112.0,83.39138,2025-07-12 19:00:00
80.0,125.434975,2025-07-12 19:00:00
90.0,88.03683,2025-07-12 19:00:00
115.0,70.60611,2025-07-12 19:00:00
125.0,82.28107,2025-07-12 20:00:00
148.66666666666666,86.62861,2025-07-12 20:00:00
63.0,100.744705,2025-07-12 20:00:00
103.0,117.037575,2025-07-12 20:00:00
73.0,95.88965,2025-07-12 21:00:00
117.0,125.86034,2025-07-12 21:00:00
127.66666666666669,98.36239,2025-07-12 21:00:00
90.0,110.99722,2025-07-12 21:00:00
57.0,95.391975,2025-07-12 22:00:00
96.33333333333331,93.12713,2025-07-12 22:00:00
77.0,136.0021,2025-07-12 22:00:00
103.0,109.92015,2025-07-12 22:00:00
88.0,123.17782,2025-07-12 23:00:00
88.0,105.96357,2025-07-12 23:00:00
47.0,105.01764,2025-07-12 23:00:00
123.33333333333331,83.96488,2025-07-12 23:00:00
38.0,102.26866,2025-07-13 00:00:00
85.66666666666667,78.55036,2025-07-13 00:00:00
67.0,113.298225,2025-07-13 00:00:00
36.0,97.46236,2025-07-13 00:00:00
85.0,122.2606,2025-07-13 01:00:00
61.0,100.561844,2025-07-13 01:00:00
50.66666666666666,78.98675,2025-07-13 01:00:00
27.0,108.214935,2025-07-13 01:00:00
107.0,102.242195,2025-07-13 02:00:00
56.333333333333336,75.59999,2025-07-13 02:00:00
83.0,91.37421,2025-07-13 02:00:00
51.0,84.84413,2025-07-13 02:00:00
97.0,114.50188,2025-07-13 03:00:00
72.0,87.92962,2025-07-13 03:00:00
61.0,78.11626,2025-07-13 03:00:00
91.0,83.45554,2025-07-13 03:00:00
110.0,77.582184,2025-07-13 04:00:00
74.0,132.19852,2025-07-13 04:00:00
102.0,99.19715,2025-07-13 04:00:00
125.0,86.769966,2025-07-13 04:00:00
79.0,89.84563,2025-07-13 05:00:00
61.0,110.65494,2025-07-13 05:00:00
86.0,77.65361,2025-07-13 05:00:00
116.0,106.15056,2025-07-13 05:00:00
86.0,95.87881,2025-07-13 06:00:00
80.66666666666667,78.018234,2025-07-13 06:00:00
99.0,100.54091,2025-07-13 06:00:00
74.0,109.49052,2025-07-13 06:00:00
106.0,110.73335,2025-07-13 07:00:00
106.0,105.476654,2025-07-13 07:00:00
111.33333333333331,105.55709,2025-07-13 07:00:00
132.0,137.28181,2025-07-13 07:00:00
62.0,103.51777,2025-07-13 08:00:00
65.0,100.901505,2025-07-13 08:00:00
31.0,129.22458,2025-07-13 08:00:00
61.0,121.63219,2025-07-13 08:00:00
35.0,101.661835,2025-07-13 09:00:00
14.0,104.911,2025-07-13 09:00:00
61.0,107.413284,2025-07-13 09:00:00
41.0,125.42327,2025-07-13 09:00:00
20.0,113.83661,2025-07-13 10:00:00
35.0,109.88049,2025-07-13 10:00:00
40.0,128.33862,2025-07-13 10:00:00
44.0,95.48486,2025-07-13 10:00:00
35.0,96.99305,2025-07-13 11:00:00
77.0,91.18313,2025-07-13 11:00:00
46.0,146.99039,2025-07-13 11:00:00
23.0,112.672134,2025-07-13 11:00:00
68.0,129.52937,2025-07-13 12:00:00
33.0,98.06094,2025-07-13 12:00:00
84.0,95.3169,2025-07-13 12:00:00
35.0,88.15214,2025-07-13 12:00:00
50.0,130.93436,2025-07-13 13:00:00
57.0,93.92808,2025-07-13 13:00:00
84.0,86.65045,2025-07-13 13:00:00
64.0,79.33611,2025-07-13 13:00:00
70.0,107.00138,2025-07-13 14:00:00
59.0,88.14728,2025-07-13 14:00:00
57.0,141.3019,2025-07-13 14:00:00
76.0,77.32798,2025-07-13 14:00:00
25.0,139.66878,2025-07-13 15:00:00
39.0,82.74342,2025-07-13 15:00:00
132.5,72.25287,2025-07-13 15:00:00
57.0,86.258514,2025-07-13 15:00:00
28.0,111.460976,2025-07-13 16:00:00
40.0,98.25611,2025-07-13 16:00:00
63.0,79.579834,2025-07-13 16:00:00
22.0,119.7507,2025-07-13 16:00:00
36.0,92.5855,2025-07-13 17:00:00
30.0,127.56994,2025-07-13 17:00:00
34.0,75.03072,2025-07-13 17:00:00
41.0,99.31921,2025-07-13 17:00:00
50.0,81.16035,2025-07-13 18:00:00
34.0,79.46318,2025-07-13 18:00:00
34.0,95.19383,2025-07-13 18:00:00
34.0,98.57686,2025-07-13 18:00:00
66.0,91.43026,2025-07-13 19:00:00
41.0,112.929634,2025-07-13 19:00:00
51.0,106.34277,2025-07-13 19:00:00
34.0,93.902596,2025-07-13 19:00:00
59.0,105.15642,2025-07-13 20:00:00
46.0,121.90373,2025-07-13 20:00:00
34.0,90.5116,2025-07-13 20:00:00
73.0,90.45805,2025-07-13 20:00:00
55.0,140.29424,2025-07-13 21:00:00
73.0,98.296486,2025-07-13 21:00:00
41.0,105.21551,2025-07-13 21:00:00
38.0,103.358925,2025-07-13 22:00:00
42.0,91.78024,2025-07-13 22:00:00
66.0,81.75506,2025-07-13 22:00:00
45.0,99.680016,2025-07-13 22:00:00
46.0,91.83153,2025-07-13 23:00:00
122.25,80.29929,2025-07-13 23:00:00
61.0,96.52242,2025-07-13 23:00:00
33.0,82.48658,2025-07-13 23:00:00
63.0,98.66088,2025-07-14 00:00:00
40.0,86.374985,2025-07-14 00:00:00
68.25,78.432625,2025-07-14 00:00:00
50.0,111.104416,2025-07-14 00:00:00
47.0,85.53773,2025-07-14 01:00:00
56.0,95.00919,2025-07-14 01:00:00
57.0,91.224144,2025-07-14 01:00:00
59.0,95.6333,2025-07-14 01:00:00
45.75,84.91141,2025-07-14 02:00:00
57.0,88.58952,2025-07-14 02:00:00
58.0,96.08246,2025-07-14 02:00:00
56.0,103.93542,2025-07-14 02:00:00
57.0,88.456795,2025-07-14 03:00:00
57.0,120.70105,2025-07-14 03:00:00
78.0,88.24627,2025-07-14 03:00:00
45.0,84.20715,2025-07-14 03:00:00
41.0,82.70412,2025-07-14 04:00:00
51.0,86.574745,2025-07-14 04:00:00
53.0,81.32663,2025-07-14 04:00:00
95.0,88.18451,2025-07-14 04:00:00
46.0,71.09437,2025-07-14 05:00:00
48.0,83.186295,2025-07-14 05:00:00
69.0,91.67471,2025-07-14 05:00:00
61.0,85.23084,2025-07-14 05:00:00
66.0,74.51004,2025-07-14 06:00:00
52.0,93.43093,2025-07-14 06:00:00
75.0,104.40342,2025-07-14 06:00:00
63.0,87.7874,2025-07-14 06:00:00
20.0,93.54694,2025-07-14 07:00:00
58.0,113.872116,2025-07-14 07:00:00
35.0,73.162575,2025-07-14 07:00:00
41.0,130.9024,2025-07-14 07:00:00
20.0,117.59804,2025-07-14 08:00:00
7.0,118.87293,2025-07-14 08:00:00
35.0,77.33517,2025-07-14 08:00:00
20.0,100.51734,2025-07-14 08:00:00
20.0,113.9246,2025-07-14 09:00:00
20.0,97.24446,2025-07-14 09:00:00
20.0,112.745125,2025-07-14 09:00:00
28.0,108.16601,2025-07-14 10:00:00
35.0,87.042404,2025-07-14 10:00:00
22.0,99.77344,2025-07-14 10:00:00
17.0,120.56328,2025-07-14 10:00:00
25.0,92.040146,2025-07-14 11:00:00
20.0,100.94077,2025-07-14 11:00:00
31.0,105.89165,2025-07-14 11:00:00
35.0,93.633575,2025-07-14 11:00:00
25.0,83.473785,2025-07-14 12:00:00
16.0,84.81145,2025-07-14 12:00:00
24.0,104.937386,2025-07-14 12:00:00
19.0,89.619125,2025-07-14 13:00:00
24.0,88.122604,2025-07-14 13:00:00
19.0,103.6936,2025-07-14 13:00:00
39.0,82.1465,2025-07-14 14:00:00
29.0,84.68903,2025-07-14 14:00:00
22.0,77.7298,2025-07-14 14:00:00
19.0,95.12373,2025-07-14 14:00:00
112.0,85.367836,2025-07-14 15:00:00
19.0,69.432175,2025-07-14 15:00:00
19.0,81.6975,2025-07-14 15:00:00
17.0,101.74195,2025-07-14 15:00:00
29.0,72.81527,2025-07-14 16:00:00
20.0,61.42325,2025-07-14 16:00:00
14.0,99.33642,2025-07-14 16:00:00
20.0,59.657173,2025-07-14 16:00:00
20.0,49.781723,2025-07-14 17:00:00
22.0,83.54384,2025-07-14 17:00:00
18.0,46.90744,2025-07-14 17:00:00
29.0,84.036865,2025-07-14 17:00:00
29.0,75.5689,2025-07-14 18:00:00
27.0,73.49451,2025-07-14 18:00:00
20.0,50.27137,2025-07-14 18:00:00
27.0,47.95211,2025-07-14 18:00:00
20.0,46.763252,2025-07-14 19:00:00
30.0,58.704727,2025-07-14 19:00:00
30.0,73.74103,2025-07-14 19:00:00
39.0,75.0775,2025-07-14 19:00:00
28.0,63.810066,2025-07-14 20:00:00
44.0,61.098736,2025-07-14 20:00:00
55.0,86.88026,2025-07-14 20:00:00
34.0,95.48238,2025-07-14 21:00:00
33.0,67.86295,2025-07-14 21:00:00
39.0,62.790024,2025-07-14 21:00:00
46.0,79.55783,2025-07-14 21:00:00
40.0,69.22296,2025-07-14 22:00:00
52.0,66.28504,2025-07-14 22:00:00
44.0,95.19029,2025-07-14 22:00:00
51.0,85.99833,2025-07-14 22:00:00
130.0,69.12055,2025-07-14 23:00:00
41.0,92.74723,2025-07-14 23:00:00
67.0,63.694633,2025-07-14 23:00:00
42.0,64.34504,2025-07-14 23:00:00
52.0,54.478493,2025-07-15 00:00:00
42.0,84.95735,2025-07-15 00:00:00
72.0,68.15323,2025-07-15 00:00:00
42.0,75.51334,2025-07-15 01:00:00
66.0,58.065353,2025-07-15 01:00:00
70.0,74.83033,2025-07-15 01:00:00
31.0,66.1786,2025-07-15 02:00:00
27.0,80.607544,2025-07-15 02:00:00
51.0,85.81327,2025-07-15 02:00:00
63.0,54.38124,2025-07-15 02:00:00
68.0,67.09164,2025-07-15 03:00:00
31.0,73.01609,2025-07-15 03:00:00
39.0,78.5344,2025-07-15 03:00:00
108.0,52.40686,2025-07-15 03:00:00
9.0,73.64024,2025-07-15 04:00:00
63.0,65.66595,2025-07-15 04:00:00
68.0,52.980274,2025-07-15 04:00:00
42.0,71.36673,2025-07-15 04:00:00
28.0,86.00637,2025-07-15 05:00:00
22.0,68.61887,2025-07-15 05:00:00
57.0,71.23224,2025-07-15 05:00:00
57.0,63.517414,2025-07-15 05:00:00
64.0,64.51207,2025-07-15 06:00:00
34.0,74.26174,2025-07-15 06:00:00
66.0,75.55154,2025-07-15 06:00:00
34.0,107.41505,2025-07-15 06:00:00
36.0,87.618645,2025-07-15 07:00:00
40.0,102.277245,2025-07-15 07:00:00
89.0,77.72069,2025-07-15 07:00:00
61.0,64.13969,2025-07-15 07:00:00
67.0,95.02131,2025-07-15 08:00:00
46.0,109.023506,2025-07-15 08:00:00
50.0,105.13104,2025-07-15 08:00:00
69.0,73.8998,2025-07-15 09:00:00
63.0,99.02395,2025-07-15 09:00:00
64.0,72.682526,2025-07-15 09:00:00
61.0,75.77716,2025-07-15 09:00:00
73.0,97.416534,2025-07-15 10:00:00
83.0,87.1038,2025-07-15 10:00:00
64.0,108.48922,2025-07-15 10:00:00
61.0,84.93085,2025-07-15 10:00:00
51.0,94.87742,2025-07-15 11:00:00
61.0,85.54645,2025-07-15 11:00:00
67.0,92.51875,2025-07-15 11:00:00
69.0,89.54387,2025-07-15 11:00:00
41.0,93.19388,2025-07-15 12:00:00
47.0,81.503624,2025-07-15 12:00:00
69.0,85.06029,2025-07-15 12:00:00
58.0,76.40836,2025-07-15 12:00:00
63.0,84.678825,2025-07-15 13:00:00
66.0,84.43821,2025-07-15 13:00:00
53.0,80.69404,2025-07-15 13:00:00
51.0,79.78553,2025-07-15 13:00:00
57.0,84.79184,2025-07-15 14:00:00
38.0,77.239365,2025-07-15 14:00:00
69.0,82.365105,2025-07-15 14:00:00
68.0,61.635635,2025-07-15 14:00:00
41.0,75.907715,2025-07-15 15:00:00
66.0,74.26445,2025-07-15 15:00:00
141.0,86.062325,2025-07-15 15:00:00
53.0,76.280846,2025-07-15 15:00:00
35.0,60.10632,2025-07-15 16:00:00
56.0,88.73633,2025-07-15 16:00:00
38.0,66.24267,2025-07-15 16:00:00
46.0,70.81221,2025-07-15 16:00:00
29.0,58.479897,2025-07-15 17:00:00
56.0,94.41333,2025-07-15 17:00:00
19.0,63.701195,2025-07-15 17:00:00
29.0,60.7734,2025-07-15 17:00:00
29.0,63.80259,2025-07-15 18:00:00
36.0,63.498413,2025-07-15 18:00:00
58.0,66.47596,2025-07-15 18:00:00
36.0,55.154846,2025-07-15 18:00:00
29.0,61.716763,2025-07-15 19:00:00
57.0,82.34357,2025-07-15 19:00:00
80.0,70.8395,2025-07-15 19:00:00
50.0,52.92305,2025-07-15 19:00:00
89.0,83.68226,2025-07-15 20:00:00
95.0,70.68116,2025-07-15 20:00:00
72.0,93.045,2025-07-15 20:00:00
72.0,54.540474,2025-07-15 20:00:00
74.0,70.49377,2025-07-15 21:00:00
85.0,85.52127,2025-07-15 21:00:00
95.0,72.37996,2025-07-15 21:00:00
77.0,85.48018,2025-07-15 21:00:00
112.0,77.694305,2025-07-15 22:00:00
124.0,74.57629,2025-07-15 22:00:00
103.0,91.31698,2025-07-15 22:00:00
75.0,72.87392,2025-07-15 22:00:00
63.0,64.435486,2025-07-15 23:00:00
127.0,74.633385,2025-07-15 23:00:00
112.0,72.332016,2025-07-15 23:00:00
100.0,93.794586,2025-07-15 23:00:00
122.0,61.26342,2025-07-16 00:00:00
129.0,58.143906,2025-07-16 00:00:00
67.0,51.495705,2025-07-16 00:00:00
96.0,81.79581,2025-07-16 00:00:00
55.0,57.96617,2025-07-16 01:00:00
89.0,94.35077,2025-07-16 01:00:00
89.0,59.141376,2025-07-16 01:00:00
101.0,64.521324,2025-07-16 01:00:00
81.0,67.54344,2025-07-16 02:00:00
102.0,72.42299,2025-07-16 02:00:00
17.0,59.27798,2025-07-16 02:00:00
46.0,52.400436,2025-07-16 02:00:00
90.0,67.839645,2025-07-16 03:00:00
31.0,54.02859,2025-07-16 03:00:00
17.0,86.39831,2025-07-16 03:00:00
78.0,69.646164,2025-07-16 03:00:00
96.0,61.11423,2025-07-16 04:00:00
46.0,59.539387,2025-07-16 04:00:00
45.0,54.28778,2025-07-16 04:00:00
92.0,66.148926,2025-07-16 04:00:00
83.0,59.82148,2025-07-16 05:00:00
122.0,74.202576,2025-07-16 05:00:00
101.0,78.5821,2025-07-16 05:00:00
48.0,73.854126,2025-07-16 05:00:00
58.0,63.430443,2025-07-16 06:00:00
69.0,88.09862,2025-07-16 06:00:00
59.0,87.96683,2025-07-16 06:00:00
116.0,75.62284,2025-07-16 06:00:00
63.0,79.376205,2025-07-16 07:00:00
55.0,63.595936,2025-07-16 07:00:00
102.0,106.510376,2025-07-16 07:00:00
48.0,89.33251,2025-07-16 07:00:00
67.0,101.03873,2025-07-16 08:00:00
77.0,81.51413,2025-07-16 08:00:00
70.0,104.92173,2025-07-16 08:00:00
74.0,109.56114,2025-07-16 08:00:00
85.0,93.56717,2025-07-16 09:00:00
90.0,100.65236,2025-07-16 09:00:00
96.0,108.91215,2025-07-16 09:00:00
62.0,92.37025,2025-07-16 09:00:00
84.0,83.37613,2025-07-16 10:00:00
88.0,129.58789,2025-07-16 10:00:00
121.0,95.26963,2025-07-16 10:00:00
70.0,92.45318,2025-07-16 10:00:00
70.0,96.75406,2025-07-16 11:00:00
78.0,86.4921,2025-07-16 11:00:00
114.0,105.61295,2025-07-16 11:00:00
111.0,113.9525,2025-07-16 11:00:00
121.0,103.35041,2025-07-16 12:00:00
95.0,94.894035,2025-07-16 12:00:00
74.0,86.33878,2025-07-16 12:00:00
86.0,91.95848,2025-07-16 12:00:00
103.0,85.276924,2025-07-16 13:00:00
65.25,34.842384,2025-07-16 13:00:00
99.0,80.93395,2025-07-16 13:00:00
70.0,62.68033,2025-07-16 13:00:00
97.0,82.993126,2025-07-16 13:00:00
102.0,82.9635,2025-07-16 14:00:00
59.0,66.30955,2025-07-16 14:00:00
96.0,72.290726,2025-07-16 14:00:00
60.25,40.19655,2025-07-16 14:00:00
59.0,74.147766,2025-07-16 14:00:00
53.5,58.241493,2025-07-16 15:00:00
101.0,78.22813,2025-07-16 15:00:00
136.0,89.04323,2025-07-16 15:00:00
62.0,63.17459,2025-07-16 15:00:00
53.0,83.621864,2025-07-16 15:00:00
83.0,70.481865,2025-07-16 16:00:00
68.0,71.70741,2025-07-16 16:00:00
39.5,40.771133,2025-07-16 16:00:00
63.0,69.89753,2025-07-16 16:00:00
62.0,54.65679,2025-07-16 16:00:00
61.0,79.903725,2025-07-16 17:00:00
34.0,50.89637,2025-07-16 17:00:00
63.0,56.05764,2025-07-16 17:00:00
14.0,87.08108,2025-07-16 17:00:00
23.75,43.445576,2025-07-16 17:00:00
8.0,49.891045,2025-07-16 18:00:00
63.0,57.903507,2025-07-16 18:00:00
28.0,104.79335,2025-07-16 18:00:00
25.0,85.824524,2025-07-16 18:00:00
28.5,54.17938,2025-07-16 18:00:00
29.0,101.411095,2025-07-16 19:00:00
30.75,53.59957,2025-07-16 19:00:00
63.0,63.80883,2025-07-16 19:00:00
30.0,58.54351,2025-07-16 19:00:00
38.0,83.7714,2025-07-16 19:00:00
83.0,57.589497,2025-07-16 20:00:00
31.25,55.64312,2025-07-16 20:00:00
53.0,104.392426,2025-07-16 20:00:00
34.0,73.007614,2025-07-16 20:00:00
64.0,88.33192,2025-07-16 20:00:00
92.0,92.15962,2025-07-16 21:00:00
44.0,74.46195,2025-07-16 21:00:00
35.0,54.806084,2025-07-16 21:00:00
74.0,102.14777,2025-07-16 21:00:00
33.0,55.38392,2025-07-16 21:00:00
99.0,108.6739,2025-07-16 22:00:00
43.25,57.75697,2025-07-16 22:00:00
72.0,73.84804,2025-07-16 22:00:00
35.0,67.92967,2025-07-16 22:00:00
68.0,100.01682,2025-07-16 22:00:00
114.0,77.92657,2025-07-16 23:00:00
75.0,99.924774,2025-07-16 23:00:00
53.0,62.31211,2025-07-16 23:00:00
53.5,55.4475,2025-07-16 23:00:00
92.0,91.93201,2025-07-16 23:00:00
66.0,88.87515,2025-07-17 00:00:00
59.0,68.08833,2025-07-17 00:00:00
92.0,106.89083,2025-07-17 00:00:00
61.0,85.47431,2025-07-17 00:00:00
45.5,61.425533,2025-07-17 00:00:00
55.0,74.77174,2025-07-17 01:00:00
46.25,53.039444,2025-07-17 01:00:00
57.0,85.723564,2025-07-17 01:00:00
85.0,95.09247,2025-07-17 01:00:00
42.0,68.73968,2025-07-17 01:00:00
49.75,54.62128,2025-07-17 02:00:00
40.0,65.21044,2025-07-17 02:00:00
68.0,90.79584,2025-07-17 02:00:00
34.0,73.74539,2025-07-17 02:00:00
102.0,89.75973,2025-07-17 02:00:00
34.0,83.24936,2025-07-17 03:00:00
121.0,89.76395,2025-07-17 03:00:00
75.0,83.81172,2025-07-17 03:00:00
53.5,54.25146,2025-07-17 03:00:00
57.0,66.2257,2025-07-17 03:00:00
51.0,51.55228,2025-07-17 04:00:00
80.0,86.23153,2025-07-17 04:00:00
62.0,63.50664,2025-07-17 04:00:00
66.0,87.654335,2025-07-17 04:00:00
55.0,74.57886,2025-07-17 04:00:00
45.0,52.37417,2025-07-17 05:00:00
86.0,100.71909,2025-07-17 05:00:00
72.0,77.18616,2025-07-17 05:00:00
52.0,75.770546,2025-07-17 05:00:00
88.0,101.718185,2025-07-17 05:00:00
46.25,54.173534,2025-07-17 06:00:00
88.0,99.41467,2025-07-17 06:00:00
77.0,77.71651,2025-07-17 06:00:00
67.0,83.549126,2025-07-17 06:00:00
63.0,116.87994,2025-07-17 06:00:00
112.0,77.72311,2025-07-17 07:00:00
92.0,77.38384,2025-07-17 07:00:00
118.0,116.01534,2025-07-17 07:00:00
125.0,95.797386,2025-07-17 07:00:00
47.25,54.629795,2025-07-17 07:00:00
86.0,97.95042,2025-07-17 08:00:00
56.0,51.026897,2025-07-17 08:00:00
81.0,90.99671,2025-07-17 08:00:00
122.0,119.305046,2025-07-17 08:00:00
138.0,107.796425,2025-07-17 08:00:00
151.0,105.75935,2025-07-17 09:00:00
114.0,91.368965,2025-07-17 09:00:00
40.75,54.86068,2025-07-17 09:00:00
86.0,96.30496,2025-07-17 09:00:00
128.0,127.21809,2025-07-17 09:00:00
48.0,130.24205,2025-07-17 10:00:00
114.0,100.68596,2025-07-17 10:00:00
53.0,121.16844,2025-07-17 10:00:00
20.5,55.700375,2025-07-17 10:00:00
56.0,98.139885,2025-07-17 10:00:00
53.0,135.51085,2025-07-17 11:00:00
5.0,96.77159,2025-07-17 11:00:00
16.5,55.650394,2025-07-17 11:00:00
16.0,126.73581,2025-07-17 11:00:00
114.0,105.453964,2025-07-17 11:00:00
25.0,91.57667,2025-07-17 12:00:00
23.25,55.905266,2025-07-17 12:00:00
19.0,125.32461,2025-07-17 12:00:00
25.0,119.870224,2025-07-17 12:00:00
7.0,85.10216,2025-07-17 12:00:00
128.0,118.01468,2025-07-17 13:00:00
8.0,81.96298,2025-07-17 13:00:00
34.75,52.149395,2025-07-17 13:00:00
36.0,90.52,2025-07-17 13:00:00
17.0,95.21634,2025-07-17 13:00:00
46.0,80.64535,2025-07-17 14:00:00
35.0,67.74059,2025-07-17 14:00:00
19.0,95.17343,2025-07-17 14:00:00
44.25,55.021046,2025-07-17 14:00:00
23.0,105.74466,2025-07-17 14:00:00
20.0,72.7745,2025-07-17 15:00:00
27.0,108.90151,2025-07-17 15:00:00
27.25,57.079464,2025-07-17 15:00:00
141.0,87.80187,2025-07-17 15:00:00
40.0,96.63209,2025-07-17 15:00:00
33.0,80.68688,2025-07-17 16:00:00
28.0,86.90784,2025-07-17 16:00:00
27.0,68.19805,2025-07-17 16:00:00
30.75,48.263573,2025-07-17 16:00:00
42.0,118.27103,2025-07-17 16:00:00
38.0,102.19344,2025-07-17 17:00:00
41.0,65.23617,2025-07-17 17:00:00
31.0,74.051544,2025-07-17 17:00:00
36.0,66.86653,2025-07-17 17:00:00
30.25,42.476654,2025-07-17 17:00:00
30.75,53.081448,2025-07-17 18:00:00
56.0,65.1364,2025-07-17 18:00:00
59.0,110.30317,2025-07-17 18:00:00
36.0,71.63835,2025-07-17 18:00:00
47.0,88.12599,2025-07-17 18:00:00
32.0,52.982887,2025-07-17 19:00:00
63.0,91.91383,2025-07-17 19:00:00
46.0,112.53613,2025-07-17 19:00:00
45.0,109.523895,2025-07-17 19:00:00
36.0,72.84417,2025-07-17 19:00:00
55.0,102.88101,2025-07-17 20:00:00
69.0,76.91626,2025-07-17 20:00:00
38.5,47.564335,2025-07-17 20:00:00
45.0,109.67064,2025-07-17 20:00:00
57.0,76.53099,2025-07-17 20:00:00
48.0,119.546486,2025-07-17 21:00:00
37.75,48.273197,2025-07-17 21:00:00
74.0,81.71592,2025-07-17 21:00:00
69.0,91.34645,2025-07-17 21:00:00
48.0,112.71289,2025-07-17 21:00:00
50.0,112.79769,2025-07-17 22:00:00
63.0,110.855515,2025-07-17 22:00:00
64.0,77.71974,2025-07-17 22:00:00
73.0,94.93303,2025-07-17 22:00:00
42.75,52.148064,2025-07-17 22:00:00
73.0,103.94123,2025-07-17 23:00:00
67.0,89.86043,2025-07-17 23:00:00
74.0,96.90301,2025-07-17 23:00:00
46.25,59.26647,2025-07-17 23:00:00
101.0,101.67627,2025-07-17 23:00:00
74.0,108.95882,2025-07-18 00:00:00
83.0,91.395805,2025-07-18 00:00:00
108.0,83.02519,2025-07-18 00:00:00
53.75,58.5677,2025-07-18 00:00:00
86.0,96.83555,2025-07-18 00:00:00
73.0,125.25736,2025-07-18 01:00:00
83.0,77.18967,2025-07-18 01:00:00
55.66666666666666,50.266422,2025-07-18 01:00:00
92.0,86.84697,2025-07-18 01:00:00
78.0,82.17894,2025-07-18 01:00:00
70.0,75.79863,2025-07-18 02:00:00
106.0,84.80407,2025-07-18 02:00:00
49.5,40.16973,2025-07-18 02:00:00
70.0,82.60686,2025-07-18 02:00:00
97.0,95.597855,2025-07-18 02:00:00
50.25,36.08178,2025-07-18 03:00:00
91.0,101.39264,2025-07-18 03:00:00
39.0,65.941,2025-07-18 03:00:00
88.0,80.84147,2025-07-18 03:00:00
96.0,67.630554,2025-07-18 03:00:00
50.0,62.957336,2025-07-18 04:00:00
68.0,71.59888,2025-07-18 04:00:00
56.0,102.022255,2025-07-18 04:00:00
39.0,34.888954,2025-07-18 04:00:00
51.0,76.44178,2025-07-18 04:00:00
42.0,96.13076,2025-07-18 05:00:00
43.25,35.69941,2025-07-18 05:00:00
68.0,73.8681,2025-07-18 05:00:00
56.0,112.75442,2025-07-18 05:00:00
50.0,68.7649,2025-07-18 05:00:00
48.0,95.4512,2025-07-18 06:00:00
68.0,75.37785,2025-07-18 06:00:00
50.0,94.70582,2025-07-18 06:00:00
56.0,105.261215,2025-07-18 06:00:00
37.0,34.32458,2025-07-18 06:00:00
41.0,99.15435,2025-07-18 07:00:00
35.0,91.10642,2025-07-18 07:00:00
108.0,84.74796,2025-07-18 07:00:00
55.0,122.22036,2025-07-18 07:00:00
42.75,37.553696,2025-07-18 07:00:00
51.25,39.213226,2025-07-18 08:00:00
45.0,87.98087,2025-07-18 08:00:00
59.0,121.58126,2025-07-18 08:00:00
52.0,81.3236,2025-07-18 08:00:00
50.0,105.998695,2025-07-18 08:00:00
75.0,91.703636,2025-07-18 09:00:00
48.0,103.38209,2025-07-18 09:00:00
47.5,43.037247,2025-07-18 09:00:00
44.0,116.275894,2025-07-18 09:00:00
46.0,87.50629,2025-07-18 09:00:00
42.0,90.0114,2025-07-18 10:00:00
85.0,100.421776,2025-07-18 10:00:00
41.75,48.52014,2025-07-18 10:00:00
55.0,110.007675,2025-07-18 10:00:00
53.0,99.2638,2025-07-18 10:00:00
79.0,93.88681,2025-07-18 11:00:00
45.0,102.53349,2025-07-18 11:00:00
44.333333333333336,51.466038,2025-07-18 11:00:00
48.0,113.85451,2025-07-18 11:00:00
42.0,96.60758,2025-07-18 11:00:00
41.0,96.56772,2025-07-18 12:00:00
47.0,110.231514,2025-07-18 12:00:00
49.25,46.356712,2025-07-18 12:00:00
74.0,86.21953,2025-07-18 12:00:00
46.0,82.59978,2025-07-18 12:00:00
38.0,96.05205,2025-07-18 13:00:00
30.5,42.031384,2025-07-18 13:00:00
57.0,68.430115,2025-07-18 13:00:00
48.0,87.320816,2025-07-18 13:00:00
52.0,116.94296,2025-07-18 13:00:00
42.0,112.09412,2025-07-18 14:00:00
39.0,68.41851,2025-07-18 14:00:00
23.5,40.156082,2025-07-18 14:00:00
33.0,88.91579,2025-07-18 14:00:00
48.0,82.40035,2025-07-18 14:00:00
22.0,60.818596,2025-07-18 15:00:00
28.0,124.10341,2025-07-18 15:00:00
29.75,43.86096,2025-07-18 15:00:00
107.0,83.307205,2025-07-18 15:00:00
27.0,91.32622,2025-07-18 15:00:00
28.0,60.553722,2025-07-18 16:00:00
19.0,87.32276,2025-07-18 16:00:00
27.0,72.37074,2025-07-18 16:00:00
31.5,33.52531,2025-07-18 16:00:00
30.0,107.80344,2025-07-18 16:00:00
31.0,100.01919,2025-07-18 17:00:00
26.0,30.146297,2025-07-18 17:00:00
24.0,61.61934,2025-07-18 17:00:00
30.0,74.8144,2025-07-18 17:00:00
25.0,61.0489,2025-07-18 17:00:00
22.0,64.83998,2025-07-18 18:00:00
24.0,62.448437,2025-07-18 18:00:00
33.0,108.29282,2025-07-18 18:00:00
29.0,81.01627,2025-07-18 18:00:00
28.5,24.195639,2025-07-18 18:00:00
47.0,79.9588,2025-07-18 19:00:00
33.0,86.21472,2025-07-18 19:00:00
27.75,30.921083,2025-07-18 19:00:00
5.0,71.25885,2025-07-18 19:00:00
30.0,64.157196,2025-07-18 19:00:00
31.25,32.88115,2025-07-18 20:00:00
44.0,68.572296,2025-07-18 20:00:00
31.0,59.68599,2025-07-18 20:00:00
45.0,72.25971,2025-07-18 20:00:00
38.0,88.97896,2025-07-18 20:00:00
29.75,37.079292,2025-07-18 21:00:00
51.0,69.250435,2025-07-18 21:00:00
44.0,87.03956,2025-07-18 21:00:00
35.0,59.718872,2025-07-18 21:00:00
46.0,69.03264,2025-07-18 21:00:00
61.0,69.54995,2025-07-18 22:00:00
56.0,71.359886,2025-07-18 22:00:00
35.0,69.35586,2025-07-18 22:00:00
50.0,95.47111,2025-07-18 22:00:00
29.5,41.032734,2025-07-18 22:00:00
27.5,44.188366,2025-07-18 23:00:00
130.0,70.51969,2025-07-18 23:00:00
45.0,97.27177,2025-07-18 23:00:00
45.0,82.67594,2025-07-18 23:00:00
68.0,65.22985,2025-07-18 23:00:00
77.0,64.91659,2025-07-19 00:00:00
46.0,75.45102,2025-07-19 00:00:00
34.75,41.134052,2025-07-19 00:00:00
46.0,98.16922,2025-07-19 00:00:00
39.0,69.09718,2025-07-19 00:00:00
39.0,65.60237,2025-07-19 01:00:00
41.0,72.04376,2025-07-19 01:00:00
39.0,37.724014,2025-07-19 01:00:00
46.0,63.14965,2025-07-19 01:00:00
63.0,65.43632,2025-07-19 01:00:00
46.0,79.66266,2025-07-19 02:00:00
39.0,63.342773,2025-07-19 02:00:00
79.0,67.714714,2025-07-19 02:00:00
35.0,75.52281,2025-07-19 02:00:00
22.5,34.630753,2025-07-19 02:00:00
64.0,67.22486,2025-07-19 03:00:00
46.0,61.186382,2025-07-19 03:00:00
10.5,32.87709,2025-07-19 03:00:00
46.0,75.759605,2025-07-19 03:00:00
39.0,71.28985,2025-07-19 03:00:00
46.0,79.9951,2025-07-19 04:00:00
18.0,61.859486,2025-07-19 04:00:00
21.5,31.996412,2025-07-19 04:00:00
58.0,67.397675,2025-07-19 04:00:00
38.0,74.44264,2025-07-19 04:00:00
38.0,63.506115,2025-07-19 05:00:00
34.0,77.29654,2025-07-19 05:00:00
37.5,30.001379,2025-07-19 05:00:00
31.0,98.00747,2025-07-19 05:00:00
68.0,85.75542,2025-07-19 05:00:00
66.0,99.07334,2025-07-19 06:00:00
64.0,67.815834,2025-07-19 06:00:00
38.0,81.035576,2025-07-19 06:00:00
33.0,99.73508,2025-07-19 06:00:00
16.0,34.126896,2025-07-19 06:00:00
85.0,68.79432,2025-07-19 07:00:00
51.0,105.49857,2025-07-19 07:00:00
69.0,83.10438,2025-07-19 07:00:00
33.333333333333336,31.456736,2025-07-19 07:00:00
41.0,102.380325,2025-07-19 07:00:00
125.0,117.70411,2025-07-19 08:00:00
70.0,93.9231,2025-07-19 08:00:00
40.0,35.74039,2025-07-19 08:00:00
72.0,74.941536,2025-07-19 08:00:00
61.0,99.83693,2025-07-19 08:00:00
80.0,73.359726,2025-07-19 09:00:00
111.0,110.54748,2025-07-19 09:00:00
53.0,32.251545,2025-07-19 09:00:00
85.0,82.73213,2025-07-19 09:00:00
81.0,104.98836,2025-07-19 09:00:00
79.0,98.007805,2025-07-19 10:00:00
86.0,74.1967,2025-07-19 10:00:00
89.0,110.634476,2025-07-19 10:00:00
86.0,94.49688,2025-07-19 10:00:00
60.5,34.467915,2025-07-19 10:00:00
101.0,74.58777,2025-07-19 11:00:00
77.0,85.65421,2025-07-19 11:00:00
69.66666666666667,34.44404,2025-07-19 11:00:00
90.0,102.04641,2025-07-19 11:00:00
52.0,81.284424,2025-07-19 11:00:00
76.5,32.62442,2025-07-19 12:00:00
84.0,69.641426,2025-07-19 12:00:00
134.0,75.359314,2025-07-19 12:00:00
113.0,56.937977,2025-07-19 12:00:00
91.0,99.18502,2025-07-19 12:00:00
70.5,33.629562,2025-07-19 13:00:00
160.0,75.25663,2025-07-19 13:00:00
90.0,77.20662,2025-07-19 13:00:00
92.0,92.17422,2025-07-19 13:00:00
67.0,63.25465,2025-07-19 13:00:00
59.5,30.321947,2025-07-19 14:00:00
103.0,72.05833,2025-07-19 14:00:00
70.0,75.95029,2025-07-19 14:00:00
73.0,61.566223,2025-07-19 14:00:00
102.0,69.523964,2025-07-19 14:00:00
95.0,67.03944,2025-07-19 15:00:00
128.0,74.11508,2025-07-19 15:00:00
63.0,74.73643,2025-07-19 15:00:00
36.0,48.928482,2025-07-19 15:00:00
44.25,24.754524,2025-07-19 15:00:00
61.0,63.665672,2025-07-19 16:00:00
23.0,39.388412,2025-07-19 16:00:00
78.0,52.499187,2025-07-19 16:00:00
48.0,66.088425,2025-07-19 16:00:00
38.0,22.827211,2025-07-19 16:00:00
28.0,45.59713,2025-07-19 17:00:00
42.0,56.180573,2025-07-19 17:00:00
68.0,63.498405,2025-07-19 17:00:00
88.0,63.681828,2025-07-19 17:00:00
37.0,34.481766,2025-07-19 17:00:00
45.5,37.69776,2025-07-19 18:00:00
29.0,69.47156,2025-07-19 18:00:00
20.0,57.394295,2025-07-19 18:00:00
72.0,66.22275,2025-07-19 18:00:00
127.0,77.622826,2025-07-19 18:00:00
121.0,69.83076,2025-07-19 19:00:00
101.0,88.15807,2025-07-19 19:00:00
40.75,47.18029,2025-07-19 19:00:00
34.0,64.547104,2025-07-19 19:00:00
35.0,52.594048,2025-07-19 19:00:00
140.0,87.74178,2025-07-19 20:00:00
102.0,97.89693,2025-07-19 20:00:00
37.5,43.752983,2025-07-19 20:00:00
59.0,69.00711,2025-07-19 20:00:00
35.0,51.982086,2025-07-19 20:00:00
35.0,73.282074,2025-07-19 21:00:00
92.0,89.05629,2025-07-19 21:00:00
42.25,44.089584,2025-07-19 21:00:00
75.0,71.999565,2025-07-19 21:00:00
92.0,99.86746,2025-07-19 21:00:00
46.0,71.687645,2025-07-19 22:00:00
95.0,95.31932,2025-07-19 22:00:00
136.0,83.93694,2025-07-19 22:00:00
84.0,73.9022,2025-07-19 22:00:00
36.5,47.696564,2025-07-19 22:00:00
121.0,66.84533,2025-07-19 23:00:00
73.0,86.30947,2025-07-19 23:00:00
91.0,82.90445,2025-07-19 23:00:00
72.0,65.76153,2025-07-19 23:00:00
38.75,49.461136,2025-07-19 23:00:00
107.0,88.52078,2025-07-20 00:00:00
50.0,63.474926,2025-07-20 00:00:00
45.0,56.555183,2025-07-20 00:00:00
89.0,83.139565,2025-07-20 00:00:00
95.0,94.20974,2025-07-20 00:00:00
56.0,66.93252,2025-07-20 01:00:00
69.0,95.20689,2025-07-20 01:00:00
113.0,95.27304,2025-07-20 01:00:00
43.5,51.137188,2025-07-20 01:00:00
129.0,83.025215,2025-07-20 01:00:00
84.0,59.87929,2025-07-20 02:00:00
35.25,50.863064,2025-07-20 02:00:00
44.0,87.04261,2025-07-20 02:00:00
110.0,94.302124,2025-07-20 02:00:00
125.0,78.79479,2025-07-20 02:00:00
34.0,49.935486,2025-07-20 03:00:00
107.0,77.4755,2025-07-20 03:00:00
53.0,70.66615,2025-07-20 03:00:00
92.0,103.9041,2025-07-20 03:00:00
13.0,89.62514,2025-07-20 03:00:00
33.75,53.653824,2025-07-20 04:00:00
97.0,84.86753,2025-07-20 04:00:00
106.0,100.06678,2025-07-20 04:00:00
44.0,87.67864,2025-07-20 04:00:00
48.0,75.06428,2025-07-20 04:00:00
50.0,98.69037,2025-07-20 05:00:00
107.0,109.05236,2025-07-20 05:00:00
133.0,78.113205,2025-07-20 05:00:00
30.5,54.43134,2025-07-20 05:00:00
52.0,83.119774,2025-07-20 05:00:00
27.75,46.78143,2025-07-20 06:00:00
96.0,85.298004,2025-07-20 06:00:00
84.0,119.67979,2025-07-20 06:00:00
51.0,92.34657,2025-07-20 06:00:00
63.0,85.17637,2025-07-20 06:00:00
127.0,98.44427,2025-07-20 07:00:00
50.0,83.3419,2025-07-20 07:00:00
80.0,78.04859,2025-07-20 07:00:00
100.0,120.37844,2025-07-20 07:00:00
32.75,44.856194,2025-07-20 07:00:00
63.0,79.23223,2025-07-20 08:00:00
175.0,101.33576,2025-07-20 08:00:00
43.5,45.271847,2025-07-20 08:00:00
89.0,78.45339,2025-07-20 08:00:00
121.0,121.293205,2025-07-20 08:00:00
153.0,104.92582,2025-07-20 09:00:00
108.0,142.04346,2025-07-20 09:00:00
79.0,87.17776,2025-07-20 09:00:00
96.0,79.96629,2025-07-20 09:00:00
47.75,49.163784,2025-07-20 09:00:00
80.0,85.76948,2025-07-20 10:00:00
146.0,92.309814,2025-07-20 10:00:00
134.0,130.31865,2025-07-20 10:00:00
46.75,52.664604,2025-07-20 10:00:00
88.0,82.42735,2025-07-20 10:00:00
73.0,93.76514,2025-07-20 11:00:00
140.0,94.804436,2025-07-20 11:00:00
36.0,92.01446,2025-07-20 11:00:00
143.0,157.93585,2025-07-20 11:00:00
51.0,53.10898,2025-07-20 11:00:00
78.0,93.475525,2025-07-20 12:00:00
102.0,92.38881,2025-07-20 12:00:00
53.5,52.150894,2025-07-20 12:00:00
74.0,93.8018,2025-07-20 12:00:00
101.0,169.96066,2025-07-20 12:00:00
78.0,90.80231,2025-07-20 13:00:00
110.0,99.77002,2025-07-20 13:00:00
72.0,106.912994,2025-07-20 13:00:00
51.75,47.77422,2025-07-20 13:00:00
79.0,91.79208,2025-07-20 13:00:00
88.0,90.58044,2025-07-20 14:00:00
91.0,85.773415,2025-07-20 14:00:00
63.0,72.79848,2025-07-20 14:00:00
49.0,43.674477,2025-07-20 14:00:00
97.0,127.39029,2025-07-20 14:00:00
125.0,85.73308,2025-07-20 15:00:00
83.0,85.51003,2025-07-20 15:00:00
51.0,74.9952,2025-07-20 15:00:00
49.75,40.132996,2025-07-20 15:00:00
78.0,112.23226,2025-07-20 15:00:00
79.0,85.84495,2025-07-20 16:00:00
94.0,109.285866,2025-07-20 16:00:00
75.0,79.764046,2025-07-20 16:00:00
46.25,40.659035,2025-07-20 16:00:00
59.0,64.16692,2025-07-20 16:00:00
47.0,34.868366,2025-07-20 17:00:00
95.0,99.20124,2025-07-20 17:00:00
63.0,70.261215,2025-07-20 17:00:00
84.0,89.994156,2025-07-20 17:00:00
55.0,67.713776,2025-07-20 17:00:00
85.0,140.10358,2025-07-20 18:00:00
40.0,68.441284,2025-07-20 18:00:00
58.0,67.145035,2025-07-20 18:00:00
52.333333333333336,31.880266,2025-07-20 18:00:00
91.0,84.13964,2025-07-20 18:00:00
95.0,142.92166,2025-07-20 19:00:00
121.0,118.312515,2025-07-20 19:00:00
63.0,87.462845,2025-07-20 19:00:00
52.333333333333336,37.51241,2025-07-20 19:00:00
57.0,70.29544,2025-07-20 19:00:00
52.333333333333336,46.615658,2025-07-20 20:00:00
161.0,134.75366,2025-07-20 20:00:00
102.0,96.13291,2025-07-20 20:00:00
55.0,68.77217,2025-07-20 20:00:00
132.0,145.81444,2025-07-20 20:00:00
168.0,118.628815,2025-07-20 21:00:00
52.333333333333336,47.87808,2025-07-20 21:00:00
68.0,79.53392,2025-07-20 21:00:00
96.0,97.9033,2025-07-20 21:00:00
361.0,121.12266,2025-07-20 21:00:00
129.0,169.40187,2025-07-20 22:00:00
208.0,121.08601,2025-07-20 22:00:00
118.0,96.74539,2025-07-20 22:00:00
66.0,83.9116,2025-07-20 22:00:00
194.0,96.48003,2025-07-20 23:00:00
174.0,107.479294,2025-07-20 23:00:00
184.0,114.48239,2025-07-20 23:00:00
67.0,76.33339,2025-07-20 23:00:00
118.0,80.88474,2025-07-21 00:00:00
86.0,74.73215,2025-07-21 00:00:00
175.0,111.603775,2025-07-21 00:00:00
179.0,113.85082,2025-07-21 00:00:00
105.0,83.34691,2025-07-21 01:00:00
177.0,124.86701,2025-07-21 01:00:00
129.0,66.33142,2025-07-21 01:00:00
149.0,124.182045,2025-07-21 01:00:00
134.0,79.86802,2025-07-21 02:00:00
178.0,124.854034,2025-07-21 02:00:00
163.0,123.02472,2025-07-21 02:00:00
156.0,86.55232,2025-07-21 02:00:00
155.0,113.2706,2025-07-21 03:00:00
193.0,114.58214,2025-07-21 03:00:00
92.0,66.2238,2025-07-21 03:00:00
92.0,86.36047,2025-07-21 03:00:00
119.0,111.81917,2025-07-21 04:00:00
125.0,134.18678,2025-07-21 04:00:00
80.0,75.66961,2025-07-21 04:00:00
117.0,89.413826,2025-07-21 04:00:00
140.0,127.572716,2025-07-21 05:00:00
99.0,87.20822,2025-07-21 05:00:00
47.0,82.06451,2025-07-21 05:00:00
166.0,124.46943,2025-07-21 05:00:00
68.0,86.77133,2025-07-21 06:00:00
47.0,94.45833,2025-07-21 06:00:00
84.0,111.94752,2025-07-21 06:00:00
46.0,113.81118,2025-07-21 06:00:00
62.0,148.60362,2025-07-21 07:00:00
31.0,99.06938,2025-07-21 07:00:00
19.0,129.91664,2025-07-21 07:00:00
100.0,84.256805,2025-07-21 07:00:00
59.0,151.77635,2025-07-21 08:00:00
48.0,88.18598,2025-07-21 08:00:00
73.0,96.80822,2025-07-21 08:00:00
92.0,157.47018,2025-07-21 08:00:00
16.0,47.537785,2025-07-21 09:00:00
111.0,141.54655,2025-07-21 09:00:00
72.0,89.504616,2025-07-21 09:00:00
100.0,143.5853,2025-07-21 09:00:00
80.0,88.52121,2025-07-21 09:00:00
77.0,97.76923,2025-07-21 10:00:00
77.0,98.1403,2025-07-21 10:00:00
117.0,160.79893,2025-07-21 10:00:00
113.0,146.04219,2025-07-21 10:00:00
111.0,161.586,2025-07-21 11:00:00
143.0,162.90356,2025-07-21 11:00:00
138.0,96.43241,2025-07-21 11:00:00
135.0,109.41556,2025-07-21 11:00:00
191.0,164.41818,2025-07-21 12:00:00
97.0,103.222176,2025-07-21 12:00:00
134.0,140.99168,2025-07-21 12:00:00
135.0,94.27421,2025-07-21 12:00:00
140.0,166.35341,2025-07-21 13:00:00
138.0,114.115486,2025-07-21 13:00:00
75.0,111.77412,2025-07-21 13:00:00
136.0,97.1448,2025-07-21 13:00:00
84.0,102.11219,2025-07-21 14:00:00
152.0,95.940475,2025-07-21 14:00:00
150.0,97.85447,2025-07-21 14:00:00
119.0,154.9016,2025-07-21 14:00:00
217.0,112.36218,2025-07-21 15:00:00
107.0,107.33776,2025-07-21 15:00:00
163.0,145.11209,2025-07-21 15:00:00
97.0,111.772385,2025-07-21 15:00:00
90.0,105.61754,2025-07-21 16:00:00
107.0,102.37156,2025-07-21 16:00:00
167.0,115.485016,2025-07-21 16:00:00
89.0,107.98667,2025-07-21 16:00:00
81.0,107.9872,2025-07-21 17:00:00
99.0,98.7196,2025-07-21 17:00:00
83.0,81.756584,2025-07-21 17:00:00
144.0,118.55579,2025-07-21 17:00:00
97.0,101.123886,2025-07-21 18:00:00
135.0,94.70584,2025-07-21 18:00:00
69.0,80.2714,2025-07-21 18:00:00
83.0,105.38871,2025-07-21 18:00:00
178.0,113.289215,2025-07-21 19:00:00
130.0,121.7822,2025-07-21 19:00:00
89.0,83.635,2025-07-21 19:00:00
83.0,88.00068,2025-07-21 19:00:00
210.0,141.31787,2025-07-21 20:00:00
111.0,154.81433,2025-07-21 20:00:00
89.0,95.34339,2025-07-21 20:00:00
114.0,105.43946,2025-07-21 20:00:00
123.0,103.53916,2025-07-21 21:00:00
260.0,167.38994,2025-07-21 21:00:00
89.0,162.90916,2025-07-21 21:00:00
92.0,102.64793,2025-07-21 21:00:00
60.25,57.91346,2025-07-21 21:00:00
44.5,65.56976,2025-07-21 22:00:00
106.0,113.1184,2025-07-21 22:00:00
171.0,144.83684,2025-07-21 22:00:00
88.0,98.87291,2025-07-21 22:00:00
105.0,164.76202,2025-07-21 22:00:00
80.0,106.12767,2025-07-21 23:00:00
66.0,117.00485,2025-07-21 23:00:00
66.0,151.02275,2025-07-21 23:00:00
143.0,138.10056,2025-07-21 23:00:00
19.0,70.941,2025-07-21 23:00:00
25.0,71.970985,2025-07-22 00:00:00
52.0,143.78148,2025-07-22 00:00:00
40.0,115.62955,2025-07-22 00:00:00
25.0,100.999596,2025-07-22 00:00:00
28.0,165.83418,2025-07-22 00:00:00
33.0,113.777145,2025-07-22 01:00:00
42.0,157.5618,2025-07-22 01:00:00
33.25,67.25306,2025-07-22 01:00:00
13.0,109.51065,2025-07-22 01:00:00
39.0,133.7364,2025-07-22 01:00:00
24.0,111.41771,2025-07-22 02:00:00
19.0,132.75027,2025-07-22 02:00:00
32.75,67.57669,2025-07-22 02:00:00
13.0,122.99125,2025-07-22 02:00:00
74.0,164.86516,2025-07-22 02:00:00
41.0,75.7041,2025-07-22 03:00:00
13.0,102.34099,2025-07-22 03:00:00
85.0,150.34067,2025-07-22 03:00:00
25.0,130.2343,2025-07-22 03:00:00
42.0,94.20782,2025-07-22 03:00:00
55.0,88.78445,2025-07-22 04:00:00
47.25,69.44352,2025-07-22 04:00:00
45.0,121.14206,2025-07-22 04:00:00
47.0,105.57963,2025-07-22 04:00:00
63.0,138.29245,2025-07-22 04:00:00
48.5,68.11256,2025-07-22 05:00:00
47.0,101.20734,2025-07-22 05:00:00
66.0,100.31696,2025-07-22 05:00:00
81.0,136.91019,2025-07-22 05:00:00
78.0,134.62099,2025-07-22 05:00:00
116.0,120.41387,2025-07-22 06:00:00
106.0,137.11758,2025-07-22 06:00:00
66.0,97.30294,2025-07-22 06:00:00
66.5,72.09627,2025-07-22 06:00:00
75.0,94.48182,2025-07-22 06:00:00
124.0,132.03888,2025-07-22 07:00:00
77.0,110.17985,2025-07-22 07:00:00
132.0,142.25334,2025-07-22 07:00:00
119.0,107.70312,2025-07-22 07:00:00
77.25,69.711784,2025-07-22 07:00:00
79.75,72.151695,2025-07-22 08:00:00
191.0,137.52899,2025-07-22 08:00:00
103.0,135.19984,2025-07-22 08:00:00
91.0,109.25644,2025-07-22 08:00:00
164.0,135.22992,2025-07-22 08:00:00
97.0,115.34756,2025-07-22 09:00:00
96.0,107.275894,2025-07-22 09:00:00
65.5,73.98626,2025-07-22 09:00:00
149.0,159.09915,2025-07-22 09:00:00
128.0,125.00156,2025-07-22 09:00:00
100.0,141.41077,2025-07-22 10:00:00
77.0,125.60691,2025-07-22 10:00:00
58.75,78.570854,2025-07-22 10:00:00
80.0,145.97238,2025-07-22 10:00:00
40.0,114.62843,2025-07-22 10:00:00
36.0,130.15782,2025-07-22 11:00:00
59.0,142.83272,2025-07-22 11:00:00
31.0,74.904686,2025-07-22 11:00:00
96.0,139.50095,2025-07-22 11:00:00
25.0,126.20124,2025-07-22 11:00:00
29.0,118.65959,2025-07-22 12:00:00
35.0,185.33318,2025-07-22 12:00:00
48.0,134.48613,2025-07-22 12:00:00
15.0,78.36232,2025-07-22 12:00:00
48.0,163.97856,2025-07-22 12:00:00
33.0,142.66756,2025-07-22 13:00:00
27.0,116.42164,2025-07-22 13:00:00
51.0,178.02739,2025-07-22 13:00:00
14.75,77.784676,2025-07-22 13:00:00
59.0,122.12311,2025-07-22 13:00:00
61.0,102.31054,2025-07-22 14:00:00
38.0,139.847,2025-07-22 14:00:00
40.0,134.10045,2025-07-22 14:00:00
17.0,80.54996,2025-07-22 14:00:00
25.0,87.78055,2025-07-22 14:00:00
44.0,133.97217,2025-07-22 15:00:00
18.0,71.6128,2025-07-22 15:00:00
135.0,123.4115,2025-07-22 15:00:00
25.0,94.84468,2025-07-22 15:00:00
47.0,115.30596,2025-07-22 15:00:00
25.5,64.5931,2025-07-22 16:00:00
66.0,130.0805,2025-07-22 16:00:00
61.0,93.94904,2025-07-22 16:00:00
22.0,88.44553,2025-07-22 16:00:00
39.0,109.40805,2025-07-22 16:00:00
62.0,146.24977,2025-07-22 17:00:00
34.0,78.295265,2025-07-22 17:00:00
34.0,101.38078,2025-07-22 17:00:00
23.0,83.42851,2025-07-22 17:00:00
32.5,61.43529,2025-07-22 17:00:00
51.0,112.48455,2025-07-22 18:00:00
32.75,72.13026,2025-07-22 18:00:00
31.0,81.434944,2025-07-22 18:00:00
38.0,77.84191,2025-07-22 18:00:00
107.0,139.54665,2025-07-22 18:00:00
42.5,69.49867,2025-07-22 19:00:00
38.0,95.38788,2025-07-22 19:00:00
123.0,171.74583,2025-07-22 19:00:00
94.0,148.6892,2025-07-22 19:00:00
44.0,88.15283,2025-07-22 19:00:00
94.0,114.34357,2025-07-22 20:00:00
42.75,76.25997,2025-07-22 20:00:00
113.0,170.773,2025-07-22 20:00:00
58.0,90.900764,2025-07-22 20:00:00
114.0,135.84488,2025-07-22 20:00:00
21.5,77.15394,2025-07-22 21:00:00
28.0,105.3095,2025-07-22 21:00:00
35.0,207.76836,2025-07-22 21:00:00
58.0,102.27827,2025-07-22 21:00:00
45.0,115.96714,2025-07-22 21:00:00
22.0,118.7187,2025-07-22 22:00:00
58.0,105.822754,2025-07-22 22:00:00
20.0,71.614914,2025-07-22 22:00:00
29.0,144.37044,2025-07-22 22:00:00
55.0,110.702896,2025-07-22 22:00:00
27.0,129.72736,2025-07-22 23:00:00
35.0,139.07532,2025-07-22 23:00:00
25.0,71.145325,2025-07-22 23:00:00
27.0,100.36242,2025-07-22 23:00:00
130.0,90.562614,2025-07-22 23:00:00
30.75,67.86189,2025-07-23 00:00:00
42.0,95.37118,2025-07-23 00:00:00
34.0,86.248245,2025-07-23 00:00:00
23.0,85.387886,2025-07-23 00:00:00
42.0,100.06673,2025-07-23 00:00:00
57.0,93.78283,2025-07-23 01:00:00
38.0,75.21276,2025-07-23 01:00:00
41.25,64.44683,2025-07-23 01:00:00
42.0,95.612206,2025-07-23 01:00:00
48.0,77.744415,2025-07-23 01:00:00
33.0,93.46646,2025-07-23 02:00:00
59.25,59.02477,2025-07-23 02:00:00
47.0,89.52786,2025-07-23 02:00:00
73.0,96.17506,2025-07-23 02:00:00
72.0,78.80969,2025-07-23 02:00:00
58.0,74.13883,2025-07-23 03:00:00
107.0,90.586426,2025-07-23 03:00:00
52.0,94.607254,2025-07-23 03:00:00
56.0,69.28926,2025-07-23 03:00:00
86.5,53.20375,2025-07-23 03:00:00
78.0,75.74013,2025-07-23 04:00:00
77.25,47.60959,2025-07-23 04:00:00
50.0,77.081795,2025-07-23 04:00:00
100.0,85.31265,2025-07-23 04:00:00
58.0,110.28596,2025-07-23 04:00:00
83.25,45.961117,2025-07-23 05:00:00
106.0,86.4598,2025-07-23 05:00:00
73.0,82.429825,2025-07-23 05:00:00
79.0,106.16715,2025-07-23 05:00:00
95.0,93.69833,2025-07-23 05:00:00
55.0,77.29801,2025-07-23 06:00:00
96.0,78.74647,2025-07-23 06:00:00
105.0,106.644035,2025-07-23 06:00:00
91.5,47.5283,2025-07-23 06:00:00
119.0,126.78812,2025-07-23 06:00:00
47.0,79.88433,2025-07-23 07:00:00
92.0,83.178566,2025-07-23 07:00:00
136.0,127.8594,2025-07-23 07:00:00
90.0,112.74768,2025-07-23 07:00:00
88.0,47.327587,2025-07-23 07:00:00
95.0,92.369934,2025-07-23 08:00:00
66.75,47.00097,2025-07-23 08:00:00
111.0,127.981544,2025-07-23 08:00:00
55.0,84.583244,2025-07-23 08:00:00
153.0,145.71832,2025-07-23 08:00:00
40.5,38.50467,2025-07-23 09:00:00
97.0,85.160225,2025-07-23 09:00:00
183.0,114.55928,2025-07-23 09:00:00
141.0,115.18068,2025-07-23 09:00:00
101.0,100.4623,2025-07-23 09:00:00
42.75,42.320374,2025-07-23 10:00:00
111.0,149.4636,2025-07-23 10:00:00
100.0,81.21849,2025-07-23 10:00:00
81.0,83.54147,2025-07-23 10:00:00
184.0,107.24838,2025-07-23 10:00:00
179.0,106.25573,2025-07-23 11:00:00
67.0,91.29498,2025-07-23 11:00:00
103.0,140.76956,2025-07-23 11:00:00
84.0,94.40705,2025-07-23 11:00:00
52.333333333333336,56.664177,2025-07-23 11:00:00
61.75,49.892845,2025-07-23 12:00:00
185.0,103.25193,2025-07-23 12:00:00
111.0,87.54984,2025-07-23 12:00:00
149.0,139.76208,2025-07-23 12:00:00
80.0,87.4825,2025-07-23 12:00:00
57.5,50.622444,2025-07-23 13:00:00
207.0,107.32189,2025-07-23 13:00:00
125.0,155.25,2025-07-23 13:00:00
138.0,94.24071,2025-07-23 13:00:00
78.0,99.12638,2025-07-23 13:00:00
81.0,92.84177,2025-07-23 14:00:00
111.0,89.043106,2025-07-23 14:00:00
54.75,68.637535,2025-07-23 14:00:00
149.0,92.55285,2025-07-23 14:00:00
138.0,81.8553,2025-07-23 14:00:00
105.0,89.57331,2025-07-23 15:00:00
42.0,95.889275,2025-07-23 15:00:00
141.0,107.52682,2025-07-23 15:00:00
25.0,92.80894,2025-07-23 15:00:00
35.5,69.750114,2025-07-23 15:00:00
19.0,80.62054,2025-07-23 16:00:00
17.75,55.93021,2025-07-23 16:00:00
29.0,82.268555,2025-07-23 16:00:00
13.0,63.817097,2025-07-23 16:00:00
16.0,78.63335,2025-07-23 16:00:00
20.0,64.83009,2025-07-23 17:00:00
13.0,73.46149,2025-07-23 17:00:00
19.0,63.61921,2025-07-23 17:00:00
18.25,51.767395,2025-07-23 17:00:00
44.0,102.95701,2025-07-23 17:00:00
85.0,101.709915,2025-07-23 18:00:00
14.0,63.08618,2025-07-23 18:00:00
20.0,56.27625,2025-07-23 18:00:00
21.25,45.358955,2025-07-23 18:00:00
33.0,76.47998,2025-07-23 18:00:00
122.0,75.76917,2025-07-23 19:00:00
33.0,46.74467,2025-07-23 19:00:00
105.0,122.99732,2025-07-23 19:00:00
47.0,67.22482,2025-07-23 19:00:00
29.0,69.17029,2025-07-23 19:00:00
91.0,90.56324,2025-07-23 20:00:00
45.25,40.60718,2025-07-23 20:00:00
138.0,95.48438,2025-07-23 20:00:00
70.0,58.66281,2025-07-23 20:00:00
79.0,84.97727,2025-07-23 20:00:00
166.0,104.10248,2025-07-23 21:00:00
81.0,78.04441,2025-07-23 21:00:00
49.0,59.18323,2025-07-23 21:00:00
102.0,77.42565,2025-07-23 21:00:00
94.0,89.05922,2025-07-23 21:00:00
125.0,108.550026,2025-07-23 22:00:00
57.5,53.027367,2025-07-23 22:00:00
89.0,92.1307,2025-07-23 22:00:00
101.0,92.56628,2025-07-23 22:00:00
124.0,77.844,2025-07-23 22:00:00
114.0,91.06043,2025-07-23 23:00:00
139.0,96.02313,2025-07-23 23:00:00
62.5,56.835842,2025-07-23 23:00:00
178.0,76.715485,2025-07-23 23:00:00
96.0,91.72119,2025-07-23 23:00:00
199.0,149.00868,2025-07-24 00:00:00
96.0,78.93211,2025-07-24 00:00:00
63.25,73.43419,2025-07-24 00:00:00
155.0,114.45011,2025-07-24 00:00:00
146.0,92.47937,2025-07-24 00:00:00
65.25,77.082306,2025-07-24 01:00:00
134.0,95.48035,2025-07-24 01:00:00
96.0,89.44616,2025-07-24 01:00:00
221.0,116.19647,2025-07-24 01:00:00
149.0,120.73297,2025-07-24 01:00:00
164.0,115.91499,2025-07-24 02:00:00
123.0,92.27724,2025-07-24 02:00:00
119.0,147.88716,2025-07-24 02:00:00
80.0,82.76964,2025-07-24 02:00:00
69.25,70.27827,2025-07-24 02:00:00
111.0,97.944176,2025-07-24 03:00:00
91.0,86.43991,2025-07-24 03:00:00
153.0,104.90309,2025-07-24 03:00:00
83.0,122.322136,2025-07-24 03:00:00
64.25,67.721306,2025-07-24 03:00:00
91.0,86.49607,2025-07-24 04:00:00
153.0,79.92491,2025-07-24 04:00:00
128.0,130.75966,2025-07-24 04:00:00
65.5,67.452,2025-07-24 04:00:00
125.0,81.468285,2025-07-24 04:00:00
128.0,117.52689,2025-07-24 05:00:00
127.0,78.81017,2025-07-24 05:00:00
103.0,93.11817,2025-07-24 05:00:00
149.0,86.781456,2025-07-24 05:00:00
70.0,62.244614,2025-07-24 05:00:00
102.0,86.15821,2025-07-24 06:00:00
146.0,85.99989,2025-07-24 06:00:00
160.0,101.07032,2025-07-24 06:00:00
127.0,116.321884,2025-07-24 06:00:00
78.5,53.696365,2025-07-24 06:00:00
182.0,112.55068,2025-07-24 07:00:00
123.0,129.73161,2025-07-24 07:00:00
119.0,92.33094,2025-07-24 07:00:00
80.75,59.015553,2025-07-24 07:00:00
151.0,95.191025,2025-07-24 07:00:00
226.0,144.32187,2025-07-24 08:00:00
82.25,61.43745,2025-07-24 08:00:00
166.0,95.139694,2025-07-24 08:00:00
133.0,95.02345,2025-07-24 08:00:00
183.0,136.4654,2025-07-24 08:00:00
149.0,113.34024,2025-07-24 09:00:00
161.0,105.930855,2025-07-24 09:00:00
95.0,63.315758,2025-07-24 09:00:00
221.0,178.77174,2025-07-24 09:00:00
238.0,164.20352,2025-07-24 09:00:00
151.0,123.67078,2025-07-24 10:00:00
217.0,159.69905,2025-07-24 10:00:00
100.0,72.696915,2025-07-24 10:00:00
254.0,142.67873,2025-07-24 10:00:00
185.0,110.373726,2025-07-24 10:00:00
161.0,115.14378,2025-07-24 11:00:00
92.33333333333331,71.24565,2025-07-24 11:00:00
179.0,103.3288,2025-07-24 11:00:00
233.0,140.8637,2025-07-24 11:00:00
263.0,155.05656,2025-07-24 11:00:00
150.0,109.65775,2025-07-24 12:00:00
368.0,160.01897,2025-07-24 12:00:00
102.25,68.34196,2025-07-24 12:00:00
171.0,115.12783,2025-07-24 12:00:00
273.0,137.01953,2025-07-24 12:00:00
93.0,61.377106,2025-07-24 13:00:00
146.0,103.31499,2025-07-24 13:00:00
174.0,138.10594,2025-07-24 13:00:00
146.0,119.29959,2025-07-24 13:00:00
257.0,121.165474,2025-07-24 13:00:00
239.0,114.29729,2025-07-24 14:00:00
167.0,131.24178,2025-07-24 14:00:00
87.5,66.43618,2025-07-24 14:00:00
117.0,92.01287,2025-07-24 14:00:00
152.0,102.88422,2025-07-24 14:00:00
101.0,85.57768,2025-07-24 15:00:00
156.0,91.70506,2025-07-24 15:00:00
89.0,49.608868,2025-07-24 15:00:00
167.0,95.49939,2025-07-24 15:00:00
173.0,136.76353,2025-07-24 15:00:00
138.0,72.85076,2025-07-24 16:00:00
134.0,84.23822,2025-07-24 16:00:00
79.0,46.97762,2025-07-24 16:00:00
158.0,90.061226,2025-07-24 16:00:00
108.0,75.14238,2025-07-24 16:00:00
129.0,82.86932,2025-07-24 17:00:00
125.0,78.760506,2025-07-24 17:00:00
153.0,102.3235,2025-07-24 17:00:00
133.0,62.382904,2025-07-24 17:00:00
82.0,42.37947,2025-07-24 17:00:00
134.0,80.092766,2025-07-24 18:00:00
194.0,122.68368,2025-07-24 18:00:00
107.5,50.96515,2025-07-24 18:00:00
118.0,77.59265,2025-07-24 18:00:00
108.0,96.55214,2025-07-24 18:00:00
136.0,79.5453,2025-07-24 19:00:00
83.0,91.47781,2025-07-24 19:00:00
106.0,43.673317,2025-07-24 19:00:00
128.0,129.65147,2025-07-24 19:00:00
200.0,110.24456,2025-07-24 19:00:00
147.0,143.13158,2025-07-24 20:00:00
87.0,51.649567,2025-07-24 20:00:00
227.0,142.45508,2025-07-24 20:00:00
130.0,85.92406,2025-07-24 20:00:00
86.0,101.13317,2025-07-24 20:00:00
114.0,78.288574,2025-07-24 21:00:00
227.0,158.47926,2025-07-24 21:00:00
83.25,64.71314,2025-07-24 21:00:00
194.0,125.083954,2025-07-24 21:00:00
124.0,111.03013,2025-07-24 21:00:00
179.0,118.323784,2025-07-24 22:00:00
152.0,129.2273,2025-07-24 22:00:00
173.0,173.24355,2025-07-24 22:00:00
79.25,64.35268,2025-07-24 22:00:00
113.0,97.67102,2025-07-24 22:00:00
72.0,66.981705,2025-07-24 23:00:00
111.0,104.976585,2025-07-24 23:00:00
169.0,139.71829,2025-07-24 23:00:00
133.0,147.63603,2025-07-24 23:00:00
158.0,168.55385,2025-07-24 23:00:00
96.0,97.79074,2025-07-25 00:00:00
72.25,76.55784,2025-07-25 00:00:00
196.0,131.36298,2025-07-25 00:00:00
152.0,221.97708,2025-07-25 00:00:00
133.0,153.16739,2025-07-25 00:00:00
173.0,179.95047,2025-07-25 01:00:00
196.0,118.98289,2025-07-25 01:00:00
169.0,142.94078,2025-07-25 01:00:00
61.5,62.678753,2025-07-25 01:00:00
85.0,90.28253,2025-07-25 01:00:00
83.0,92.5454,2025-07-25 02:00:00
158.0,147.38193,2025-07-25 02:00:00
147.0,117.85418,2025-07-25 02:00:00
149.0,178.15733,2025-07-25 02:00:00
66.0,63.569134,2025-07-25 02:00:00
218.0,171.3875,2025-07-25 03:00:00
64.25,60.99282,2025-07-25 03:00:00
116.25,104.96706,2025-07-25 03:00:00
86.0,89.81087,2025-07-25 03:00:00
160.0,148.16316,2025-07-25 03:00:00
321.0,193.21414,2025-07-25 04:00:00
105.25,117.99991,2025-07-25 04:00:00
62.75,65.973045,2025-07-25 04:00:00
86.0,97.190926,2025-07-25 04:00:00
133.0,149.0821,2025-07-25 04:00:00
114.0,134.70345,2025-07-25 05:00:00
61.5,68.6931,2025-07-25 05:00:00
96.75,114.30696,2025-07-25 05:00:00
84.0,115.71787,2025-07-25 05:00:00
321.0,202.39827,2025-07-25 05:00:00
60.5,68.0713,2025-07-25 06:00:00
79.0,104.289055,2025-07-25 06:00:00
104.5,116.771866,2025-07-25 06:00:00
114.0,134.95627,2025-07-25 06:00:00
321.0,156.55188,2025-07-25 06:00:00
59.75,74.67659,2025-07-25 07:00:00
114.0,127.66234,2025-07-25 07:00:00
78.0,120.16045,2025-07-25 07:00:00
321.0,183.9929,2025-07-25 07:00:00
129.0,162.07233,2025-07-25 07:00:00
53.25,76.358734,2025-07-25 08:00:00
92.75,130.68147,2025-07-25 08:00:00
34.0,129.98747,2025-07-25 08:00:00
138.0,165.3232,2025-07-25 08:00:00
30.0,138.40962,2025-07-25 09:00:00
69.25,146.3848,2025-07-25 09:00:00
55.25,84.2456,2025-07-25 09:00:00
96.0,197.40334,2025-07-25 09:00:00
53.0,151.87665,2025-07-25 10:00:00
218.0,214.64183,2025-07-25 10:00:00
70.0,175.69916,2025-07-25 10:00:00
64.25,81.43929,2025-07-25 10:00:00
63.0,146.28438,2025-07-25 11:00:00
232.0,215.07674,2025-07-25 11:00:00
77.25,172.19101,2025-07-25 11:00:00
73.66666666666667,77.02468,2025-07-25 11:00:00
91.0,82.01622,2025-07-25 12:00:00
112.0,218.98073,2025-07-25 12:00:00
188.0,133.92328,2025-07-25 12:00:00
148.75,184.4245,2025-07-25 12:00:00
24.0,162.48112,2025-07-25 13:00:00
171.0,133.61128,2025-07-25 13:00:00
148.75,169.49431,2025-07-25 13:00:00
64.25,82.36994,2025-07-25 13:00:00
31.0,74.370026,2025-07-25 14:00:00
148.75,153.20552,2025-07-25 14:00:00
25.0,159.44258,2025-07-25 14:00:00
46.0,132.81502,2025-07-25 14:00:00
61.0,157.0113,2025-07-25 15:00:00
28.0,139.49184,2025-07-25 15:00:00
25.75,64.48139,2025-07-25 15:00:00
46.0,106.20502,2025-07-25 15:00:00
27.5,63.429432,2025-07-25 16:00:00
16.0,103.44038,2025-07-25 16:00:00
41.0,134.1,2025-07-25 16:00:00
33.0,142.39767,2025-07-25 16:00:00
31.0,122.452324,2025-07-25 17:00:00
27.0,98.49211,2025-07-25 17:00:00
30.0,111.69776,2025-07-25 17:00:00
35.75,67.481316,2025-07-25 17:00:00
56.25,67.53637,2025-07-25 18:00:00
41.0,107.167046,2025-07-25 18:00:00
38.0,116.45632,2025-07-25 18:00:00
33.0,103.41781,2025-07-25 18:00:00
47.0,127.10198,2025-07-25 19:00:00
38.0,106.74921,2025-07-25 19:00:00
53.0,95.67634,2025-07-25 19:00:00
55.5,66.5365,2025-07-25 19:00:00
61.0,132.59529,2025-07-25 20:00:00
47.5,70.89688,2025-07-25 20:00:00
63.0,105.551834,2025-07-25 20:00:00
31.0,110.43791,2025-07-25 20:00:00
57.0,116.138435,2025-07-25 21:00:00
72.0,133.75133,2025-07-25 21:00:00
31.0,99.105774,2025-07-25 21:00:00
62.0,72.88746,2025-07-25 21:00:00
64.0,109.6259,2025-07-25 22:00:00
44.0,107.109085,2025-07-25 22:00:00
84.0,151.96068,2025-07-25 22:00:00
70.0,70.906136,2025-07-25 22:00:00
68.25,70.50105,2025-07-25 23:00:00
103.0,104.07626,2025-07-25 23:00:00
89.0,126.15703,2025-07-25 23:00:00
42.0,89.59546,2025-07-25 23:00:00
78.0,115.919334,2025-07-26 00:00:00
125.0,134.15474,2025-07-26 00:00:00
39.0,85.2406,2025-07-26 00:00:00
79.75,74.591064,2025-07-26 00:00:00
33.0,73.50876,2025-07-26 01:00:00
141.0,118.59019,2025-07-26 01:00:00
61.5,70.36079,2025-07-26 01:00:00
90.0,111.96912,2025-07-26 01:00:00
85.0,116.63038,2025-07-26 02:00:00
96.0,109.217255,2025-07-26 02:00:00
45.0,83.20933,2025-07-26 02:00:00
43.5,63.676018,2025-07-26 02:00:00
85.0,100.53918,2025-07-26 03:00:00
57.0,87.974556,2025-07-26 03:00:00
96.0,106.47119,2025-07-26 03:00:00
33.75,66.48699,2025-07-26 03:00:00
35.75,67.898186,2025-07-26 04:00:00
91.0,99.464165,2025-07-26 04:00:00
121.0,99.04682,2025-07-26 04:00:00
51.0,89.50138,2025-07-26 04:00:00
160.0,113.23826,2025-07-26 05:00:00
48.0,96.514984,2025-07-26 05:00:00
46.5,72.667885,2025-07-26 05:00:00
44.0,89.46001,2025-07-26 05:00:00
50.0,99.22067,2025-07-26 06:00:00
127.0,120.09102,2025-07-26 06:00:00
53.5,62.956802,2025-07-26 06:00:00
55.0,96.86414,2025-07-26 06:00:00
153.0,110.389534,2025-07-26 07:00:00
79.0,108.9532,2025-07-26 07:00:00
49.5,54.191883,2025-07-26 07:00:00
50.0,94.57228,2025-07-26 07:00:00
56.0,103.99847,2025-07-26 08:00:00
48.75,61.71264,2025-07-26 08:00:00
178.0,116.726395,2025-07-26 08:00:00
88.0,98.98609,2025-07-26 08:00:00
53.5,64.258026,2025-07-26 09:00:00
92.0,102.42096,2025-07-26 09:00:00
70.0,89.935486,2025-07-26 09:00:00
193.0,133.54291,2025-07-26 09:00:00
119.0,136.9287,2025-07-26 10:00:00
103.0,100.44542,2025-07-26 10:00:00
101.0,105.39952,2025-07-26 10:00:00
55.75,65.40214,2025-07-26 10:00:00
88.0,88.766304,2025-07-26 11:00:00
86.0,97.89385,2025-07-26 11:00:00
119.0,118.01993,2025-07-26 11:00:00
53.333333333333336,56.22534,2025-07-26 11:00:00
117.0,113.97443,2025-07-26 12:00:00
89.0,99.78424,2025-07-26 12:00:00
83.0,108.39509,2025-07-26 12:00:00
60.5,60.158726,2025-07-26 12:00:00
129.0,88.88237,2025-07-26 13:00:00
62.5,48.657486,2025-07-26 13:00:00
103.0,95.800674,2025-07-26 13:00:00
80.0,99.830925,2025-07-26 13:00:00
100.0,81.77424,2025-07-26 14:00:00
111.0,80.933334,2025-07-26 14:00:00
81.0,68.82905,2025-07-26 14:00:00
59.0,49.551495,2025-07-26 14:00:00
64.5,49.02704,2025-07-26 15:00:00
75.0,66.375496,2025-07-26 15:00:00
97.0,66.26328,2025-07-26 15:00:00
72.0,76.8074,2025-07-26 15:00:00
72.0,88.1601,2025-07-26 16:00:00
121.0,63.365112,2025-07-26 16:00:00
86.25,46.367245,2025-07-26 16:00:00
79.0,60.225105,2025-07-26 16:00:00
83.75,47.808147,2025-07-26 17:00:00
79.0,83.32784,2025-07-26 17:00:00
89.0,70.942,2025-07-26 17:00:00
107.0,68.80792,2025-07-26 17:00:00
45.75,46.280426,2025-07-26 18:00:00
85.0,90.73268,2025-07-26 18:00:00
68.0,70.95159,2025-07-26 18:00:00
90.0,71.03472,2025-07-26 18:00:00
48.0,73.851906,2025-07-26 19:00:00
68.0,70.552345,2025-07-26 19:00:00
42.5,39.327923,2025-07-26 19:00:00
95.0,113.00722,2025-07-26 19:00:00
96.0,116.08697,2025-07-26 20:00:00
29.0,95.82012,2025-07-26 20:00:00
36.0,63.531883,2025-07-26 20:00:00
35.25,43.83614,2025-07-26 20:00:00
85.0,119.15986,2025-07-26 21:00:00
30.0,55.47348,2025-07-26 21:00:00
39.0,67.68767,2025-07-26 21:00:00
51.0,102.090164,2025-07-26 21:00:00
39.0,80.65689,2025-07-26 22:00:00
59.0,103.812386,2025-07-26 22:00:00
86.0,115.168076,2025-07-26 22:00:00
28.75,54.921288,2025-07-26 22:00:00
103.0,94.91406,2025-07-26 23:00:00
31.75,61.40453,2025-07-26 23:00:00
81.0,106.869804,2025-07-26 23:00:00
44.0,64.694786,2025-07-26 23:00:00
36.25,60.701324,2025-07-27 00:00:00
89.0,109.9465,2025-07-27 00:00:00
31.0,79.05374,2025-07-27 00:00:00
63.0,89.59822,2025-07-27 00:00:00
34.0,74.563385,2025-07-27 01:00:00
90.0,104.55946,2025-07-27 01:00:00
57.0,103.68809,2025-07-27 01:00:00
40.75,54.407322,2025-07-27 01:00:00
38.75,49.15173,2025-07-27 02:00:00
85.0,96.12369,2025-07-27 02:00:00
55.0,97.158806,2025-07-27 02:00:00
39.0,61.273468,2025-07-27 02:00:00
92.0,93.3199,2025-07-27 03:00:00
38.5,51.39879,2025-07-27 03:00:00
50.0,66.09682,2025-07-27 03:00:00
46.0,92.67116,2025-07-27 03:00:00
56.0,92.73325,2025-07-27 04:00:00
35.25,64.63448,2025-07-27 04:00:00
53.0,86.10519,2025-07-27 04:00:00
84.0,109.4965,2025-07-27 04:00:00
38.75,59.74257,2025-07-27 05:00:00
64.0,92.94731,2025-07-27 05:00:00
67.0,97.58181,2025-07-27 05:00:00
83.0,110.62762,2025-07-27 05:00:00
73.0,96.48265,2025-07-27 06:00:00
95.0,169.50743,2025-07-27 06:00:00
68.0,101.05733,2025-07-27 06:00:00
84.0,121.75672,2025-07-27 06:00:00
44.5,61.30031,2025-07-27 06:00:00
111.0,135.43173,2025-07-27 07:00:00
81.0,106.747314,2025-07-27 07:00:00
88.0,97.59248,2025-07-27 07:00:00
47.5,60.20228,2025-07-27 07:00:00
92.0,184.48795,2025-07-27 07:00:00
46.5,57.60258,2025-07-27 08:00:00
86.0,98.66891,2025-07-27 08:00:00
80.0,111.86883,2025-07-27 08:00:00
140.0,120.67514,2025-07-27 08:00:00
118.0,107.99352,2025-07-27 09:00:00
49.5,49.04773,2025-07-27 09:00:00
88.0,90.851585,2025-07-27 09:00:00
70.0,109.29444,2025-07-27 09:00:00
55.0,113.67237,2025-07-27 10:00:00
105.0,108.13042,2025-07-27 10:00:00
50.5,50.494804,2025-07-27 10:00:00
56.0,90.84082,2025-07-27 10:00:00
96.0,114.76219,2025-07-27 11:00:00
45.333333333333336,45.042168,2025-07-27 11:00:00
83.0,110.68046,2025-07-27 11:00:00
42.0,97.670364,2025-07-27 11:00:00
79.0,112.07439,2025-07-27 12:00:00
48.0,97.534676,2025-07-27 12:00:00
39.75,43.965813,2025-07-27 12:00:00
51.0,94.319046,2025-07-27 12:00:00
34.0,47.063183,2025-07-27 13:00:00
46.0,92.49418,2025-07-27 13:00:00
61.0,99.551315,2025-07-27 13:00:00
67.0,104.481285,2025-07-27 13:00:00
36.0,51.45031,2025-07-27 14:00:00
58.0,91.251205,2025-07-27 14:00:00
79.0,92.47323,2025-07-27 14:00:00
50.0,89.97627,2025-07-27 14:00:00
34.0,89.66524,2025-07-27 15:00:00
43.0,47.05672,2025-07-27 15:00:00
53.0,87.48334,2025-07-27 15:00:00
72.0,84.10317,2025-07-27 15:00:00
47.0,79.25803,2025-07-27 16:00:00
42.25,48.185143,2025-07-27 16:00:00
36.0,97.57613,2025-07-27 16:00:00
46.0,80.82995,2025-07-27 16:00:00
50.0,55.840744,2025-07-27 17:00:00
57.0,68.821915,2025-07-27 17:00:00
43.75,40.884453,2025-07-27 17:00:00
27.0,104.61967,2025-07-27 17:00:00
54.0,47.693005,2025-07-27 18:00:00
72.0,190.36516,2025-07-27 18:00:00
50.0,61.68872,2025-07-27 18:00:00
74.0,68.70758,2025-07-27 18:00:00
41.0,90.504555,2025-07-27 18:00:00
48.0,94.12201,2025-07-27 19:00:00
84.0,193.42865,2025-07-27 19:00:00
39.0,75.68837,2025-07-27 19:00:00
57.5,44.34928,2025-07-27 19:00:00
105.0,85.71353,2025-07-27 19:00:00
151.0,110.2649,2025-07-27 20:00:00
100.0,145.53714,2025-07-27 20:00:00
67.0,82.66428,2025-07-27 20:00:00
57.25,55.856625,2025-07-27 20:00:00
75.0,94.07104,2025-07-27 20:00:00
56.0,57.100754,2025-07-27 21:00:00
58.0,98.703094,2025-07-27 21:00:00
124.0,139.46506,2025-07-27 21:00:00
251.0,100.99783,2025-07-27 21:00:00
85.0,96.44365,2025-07-27 21:00:00
58.0,52.819733,2025-07-27 22:00:00
129.0,87.01855,2025-07-27 22:00:00
255.0,99.61879,2025-07-27 22:00:00
63.0,82.53025,2025-07-27 22:00:00
113.0,135.75223,2025-07-27 22:00:00
61.0,78.23901,2025-07-27 23:00:00
128.0,89.461914,2025-07-27 23:00:00
52.0,51.364666,2025-07-27 23:00:00
194.0,103.55115,2025-07-27 23:00:00
196.0,116.847595,2025-07-27 23:00:00
54.0,55.662506,2025-07-28 00:00:00
211.0,120.81597,2025-07-28 00:00:00
78.0,79.56311,2025-07-28 00:00:00
146.0,86.74497,2025-07-28 00:00:00
200.0,83.76148,2025-07-28 00:00:00
117.0,93.45419,2025-07-28 01:00:00
91.0,78.59303,2025-07-28 01:00:00
60.75,47.91579,2025-07-28 01:00:00
94.0,78.176605,2025-07-28 01:00:00
124.0,130.81668,2025-07-28 01:00:00
141.0,84.2325,2025-07-28 02:00:00
91.0,52.48165,2025-07-28 02:00:00
84.0,76.21182,2025-07-28 02:00:00
150.0,103.052666,2025-07-28 02:00:00
83.0,75.41154,2025-07-28 02:00:00
175.0,97.43134,2025-07-28 03:00:00
174.0,81.07096,2025-07-28 03:00:00
124.0,73.635345,2025-07-28 03:00:00
90.0,72.289406,2025-07-28 03:00:00
98.75,52.468094,2025-07-28 03:00:00
138.0,99.20304,2025-07-28 04:00:00
113.0,79.687195,2025-07-28 04:00:00
83.75,47.057434,2025-07-28 04:00:00
117.0,74.626015,2025-07-28 04:00:00
92.0,84.89197,2025-07-28 04:00:00
61.0,91.829704,2025-07-28 05:00:00
72.0,76.87771,2025-07-28 05:00:00
72.0,77.56797,2025-07-28 05:00:00
63.25,48.521,2025-07-28 05:00:00
183.0,105.30885,2025-07-28 05:00:00
61.0,87.49029,2025-07-28 06:00:00
72.0,76.063705,2025-07-28 06:00:00
169.0,105.23821,2025-07-28 06:00:00
73.25,53.25125,2025-07-28 06:00:00
96.0,74.81585,2025-07-28 06:00:00
85.0,49.619873,2025-07-28 07:00:00
91.0,75.96393,2025-07-28 07:00:00
111.0,70.864876,2025-07-28 07:00:00
108.0,89.110466,2025-07-28 07:00:00
102.0,91.22333,2025-07-28 07:00:00
96.25,52.528725,2025-07-28 08:00:00
113.0,83.66309,2025-07-28 08:00:00
95.0,93.74173,2025-07-28 08:00:00
101.0,84.05363,2025-07-28 08:00:00
110.0,108.87743,2025-07-28 08:00:00
133.0,88.21483,2025-07-28 09:00:00
67.25,52.441513,2025-07-28 09:00:00
97.0,92.41756,2025-07-28 09:00:00
129.0,115.6273,2025-07-28 09:00:00
123.0,128.19206,2025-07-28 09:00:00
101.0,127.945625,2025-07-28 10:00:00
64.0,94.477325,2025-07-28 10:00:00
112.0,139.48929,2025-07-28 10:00:00
59.25,53.637287,2025-07-28 10:00:00
92.0,108.554115,2025-07-28 10:00:00
64.0,91.70146,2025-07-28 11:00:00
80.0,142.18343,2025-07-28 11:00:00
59.0,125.00108,2025-07-28 11:00:00
44.5,55.885815,2025-07-28 11:00:00
42.0,99.599266,2025-07-28 11:00:00
61.0,138.36694,2025-07-28 12:00:00
53.0,99.19309,2025-07-28 12:00:00
64.0,98.69192,2025-07-28 12:00:00
74.0,123.89979,2025-07-28 12:00:00
46.0,58.259613,2025-07-28 12:00:00
47.0,99.49374,2025-07-28 13:00:00
64.0,79.90134,2025-07-28 13:00:00
53.25,58.51511,2025-07-28 13:00:00
66.0,135.5768,2025-07-28 13:00:00
63.0,113.98334,2025-07-28 13:00:00
49.0,69.887054,2025-07-28 14:00:00
78.0,82.393074,2025-07-28 14:00:00
68.0,106.264435,2025-07-28 14:00:00
51.0,112.3537,2025-07-28 14:00:00
57.0,125.474365,2025-07-28 14:00:00
51.5,62.668633,2025-07-28 15:00:00
46.0,90.97821,2025-07-28 15:00:00
57.0,102.10834,2025-07-28 15:00:00
84.0,79.23438,2025-07-28 15:00:00
48.0,99.64786,2025-07-28 15:00:00
24.0,93.0637,2025-07-28 16:00:00
46.0,71.82799,2025-07-28 16:00:00
57.0,120.87548,2025-07-28 16:00:00
70.0,86.5247,2025-07-28 16:00:00
50.0,82.756744,2025-07-28 16:00:00
72.0,86.477356,2025-07-28 17:00:00
42.0,67.38568,2025-07-28 17:00:00
61.0,127.00424,2025-07-28 17:00:00
50.0,68.583244,2025-07-28 17:00:00
35.0,114.27417,2025-07-28 17:00:00
50.0,101.92404,2025-07-28 18:00:00
47.0,68.859024,2025-07-28 18:00:00
68.0,99.84164,2025-07-28 18:00:00
47.0,133.9197,2025-07-28 18:00:00
50.0,82.11117,2025-07-28 18:00:00
50.0,94.74856,2025-07-28 19:00:00
123.0,111.18088,2025-07-28 19:00:00
68.0,113.90517,2025-07-28 19:00:00
53.0,87.19281,2025-07-28 19:00:00
46.75,70.421486,2025-07-28 19:00:00
47.0,104.2709,2025-07-28 20:00:00
70.0,118.816124,2025-07-28 20:00:00
63.75,72.18513,2025-07-28 20:00:00
119.0,142.7365,2025-07-28 20:00:00
41.0,154.36166,2025-07-28 21:00:00
62.0,71.0843,2025-07-28 21:00:00
47.0,102.27784,2025-07-28 21:00:00
68.0,102.36632,2025-07-28 21:00:00
79.0,135.88628,2025-07-28 21:00:00
45.0,94.07797,2025-07-28 22:00:00
38.0,62.124176,2025-07-28 22:00:00
41.0,139.14073,2025-07-28 22:00:00
85.0,142.51482,2025-07-28 22:00:00
33.0,101.92325,2025-07-28 22:00:00
24.0,79.947784,2025-07-28 23:00:00
52.0,111.348495,2025-07-28 23:00:00
64.0,130.37376,2025-07-28 23:00:00
78.0,94.689415,2025-07-28 23:00:00
14.0,59.90041,2025-07-28 23:00:00
35.0,113.65614,2025-07-29 00:00:00
22.0,63.697258,2025-07-29 00:00:00
24.0,97.07385,2025-07-29 00:00:00
24.0,88.3916,2025-07-29 00:00:00
30.0,154.57338,2025-07-29 00:00:00
9.0,81.99125,2025-07-29 01:00:00
35.25,66.65383,2025-07-29 01:00:00
22.0,100.99195,2025-07-29 01:00:00
34.0,143.7952,2025-07-29 01:00:00
25.0,108.69582,2025-07-29 01:00:00
40.0,121.59428,2025-07-29 02:00:00
39.0,98.83126,2025-07-29 02:00:00
9.0,82.40142,2025-07-29 02:00:00
25.0,113.751236,2025-07-29 02:00:00
37.5,62.804386,2025-07-29 02:00:00
38.0,135.57599,2025-07-29 03:00:00
34.75,62.007797,2025-07-29 03:00:00
9.0,80.79344,2025-07-29 03:00:00
38.0,117.68665,2025-07-29 03:00:00
74.0,100.85386,2025-07-29 03:00:00
9.0,88.66211,2025-07-29 04:00:00
78.0,95.6908,2025-07-29 04:00:00
41.25,52.98362,2025-07-29 04:00:00
44.0,110.70786,2025-07-29 04:00:00
45.0,97.44671,2025-07-29 04:00:00
55.0,118.95013,2025-07-29 05:00:00
51.0,103.861084,2025-07-29 05:00:00
40.25,59.167633,2025-07-29 05:00:00
36.0,79.10227,2025-07-29 05:00:00
78.0,109.542725,2025-07-29 05:00:00
52.25,65.73079,2025-07-29 06:00:00
66.0,135.94235,2025-07-29 06:00:00
107.0,102.62632,2025-07-29 06:00:00
108.0,86.04693,2025-07-29 06:00:00
46.0,109.24597,2025-07-29 06:00:00
74.25,62.91191,2025-07-29 07:00:00
85.0,87.431335,2025-07-29 07:00:00
78.0,126.09966,2025-07-29 07:00:00
58.0,131.06354,2025-07-29 07:00:00
101.0,108.94648,2025-07-29 07:00:00
91.0,128.17091,2025-07-29 08:00:00
107.0,104.594955,2025-07-29 08:00:00
61.0,121.34935,2025-07-29 08:00:00
61.75,71.93771,2025-07-29 08:00:00
107.0,125.63136,2025-07-29 09:00:00
58.0,96.74467,2025-07-29 09:00:00
60.75,68.30384,2025-07-29 09:00:00
125.0,109.36008,2025-07-29 09:00:00
88.0,138.7326,2025-07-29 09:00:00
117.0,110.52398,2025-07-29 10:00:00
75.0,117.33924,2025-07-29 10:00:00
52.0,72.81074,2025-07-29 10:00:00
57.75,65.84222,2025-07-29 10:00:00
92.0,127.034195,2025-07-29 10:00:00
68.0,138.30154,2025-07-29 11:00:00
52.0,88.89264,2025-07-29 11:00:00
49.0,56.121105,2025-07-29 11:00:00
73.0,150.70876,2025-07-29 11:00:00
90.0,106.23344,2025-07-29 11:00:00
32.0,60.148903,2025-07-29 12:00:00
61.0,112.58572,2025-07-29 12:00:00
51.0,76.43304,2025-07-29 12:00:00
80.0,118.25689,2025-07-29 12:00:00
97.0,90.96727,2025-07-29 12:00:00
51.0,100.002106,2025-07-29 13:00:00
27.0,69.441925,2025-07-29 13:00:00
77.0,90.84467,2025-07-29 13:00:00
51.0,76.33162,2025-07-29 13:00:00
75.0,116.21681,2025-07-29 13:00:00
51.0,77.76843,2025-07-29 14:00:00
27.75,66.92128,2025-07-29 14:00:00
41.0,82.61743,2025-07-29 14:00:00
42.0,83.91827,2025-07-29 14:00:00
29.0,118.750824,2025-07-29 14:00:00
141.0,72.74427,2025-07-29 15:00:00
48.0,82.79529,2025-07-29 15:00:00
41.0,84.46254,2025-07-29 15:00:00
24.0,47.21559,2025-07-29 15:00:00
51.0,90.90803,2025-07-29 15:00:00
53.0,71.783356,2025-07-29 16:00:00
47.0,83.120255,2025-07-29 16:00:00
141.0,57.875412,2025-07-29 16:00:00
31.0,39.017532,2025-07-29 16:00:00
31.0,79.10756,2025-07-29 16:00:00
39.0,82.01141,2025-07-29 17:00:00
141.0,57.77709,2025-07-29 17:00:00
40.0,79.75689,2025-07-29 17:00:00
46.0,78.62977,2025-07-29 17:00:00
34.0,41.397137,2025-07-29 17:00:00
45.0,91.19645,2025-07-29 18:00:00
41.0,75.36873,2025-07-29 18:00:00
37.75,43.31724,2025-07-29 18:00:00
55.0,71.670235,2025-07-29 18:00:00
141.0,60.255684,2025-07-29 18:00:00
69.0,73.351105,2025-07-29 19:00:00
40.5,53.882587,2025-07-29 19:00:00
72.0,91.99263,2025-07-29 19:00:00
72.0,82.70985,2025-07-29 19:00:00
96.0,82.7956,2025-07-29 20:00:00
88.0,91.201614,2025-07-29 20:00:00
49.0,51.466602,2025-07-29 20:00:00
67.0,77.62788,2025-07-29 20:00:00
55.0,52.72528,2025-07-29 21:00:00
89.0,96.15935,2025-07-29 21:00:00
64.0,95.14085,2025-07-29 21:00:00
85.0,92.34176,2025-07-29 21:00:00
66.0,84.693,2025-07-29 22:00:00
50.75,49.13658,2025-07-29 22:00:00
85.0,87.32267,2025-07-29 22:00:00
69.0,88.55231,2025-07-29 22:00:00
44.0,51.12223,2025-07-29 23:00:00
96.0,81.18954,2025-07-29 23:00:00
69.0,93.447174,2025-07-29 23:00:00
78.0,86.212746,2025-07-29 23:00:00
86.0,77.4837,2025-07-30 00:00:00
67.0,77.29086,2025-07-30 00:00:00
89.0,73.72445,2025-07-30 00:00:00
42.25,48.612854,2025-07-30 00:00:00
47.75,49.781483,2025-07-30 01:00:00
78.0,67.498795,2025-07-30 01:00:00
83.0,75.33581,2025-07-30 01:00:00
184.0,75.40113,2025-07-30 01:00:00
112.0,70.16135,2025-07-30 02:00:00
79.0,84.94225,2025-07-30 02:00:00
44.5,46.952953,2025-07-30 02:00:00
73.0,68.15175,2025-07-30 02:00:00
40.75,40.79459,2025-07-30 03:00:00
89.0,68.18899,2025-07-30 03:00:00
70.0,67.46799,2025-07-30 03:00:00
73.0,64.32204,2025-07-30 03:00:00
77.0,72.655785,2025-07-30 04:00:00
40.0,36.357,2025-07-30 04:00:00
42.0,61.1749,2025-07-30 04:00:00
70.0,73.30299,2025-07-30 04:00:00
66.0,78.24754,2025-07-30 05:00:00
73.0,70.65693,2025-07-30 05:00:00
91.0,81.00054,2025-07-30 05:00:00
39.5,35.82784,2025-07-30 05:00:00
47.5,37.14024,2025-07-30 06:00:00
91.0,77.32642,2025-07-30 06:00:00
91.0,82.10023,2025-07-30 06:00:00
25.0,77.75676,2025-07-30 06:00:00
51.0,39.053215,2025-07-30 07:00:00
91.0,86.682724,2025-07-30 07:00:00
91.0,79.89172,2025-07-30 07:00:00
24.0,81.81596,2025-07-30 07:00:00
69.0,84.93002,2025-07-30 08:00:00
41.0,88.9632,2025-07-30 08:00:00
38.0,80.4936,2025-07-30 08:00:00
41.5,45.550888,2025-07-30 08:00:00
41.0,76.42561,2025-07-30 09:00:00
75.0,114.25822,2025-07-30 09:00:00
40.25,45.49985,2025-07-30 09:00:00
41.0,78.80783,2025-07-30 09:00:00
39.0,94.67665,2025-07-30 10:00:00
73.0,124.94453,2025-07-30 10:00:00
33.0,101.79032,2025-07-30 10:00:00
55.0,50.361904,2025-07-30 10:00:00
34.0,119.4822,2025-07-30 11:00:00
55.0,101.368195,2025-07-30 11:00:00
42.66666666666666,42.00398,2025-07-30 11:00:00
36.0,78.93172,2025-07-30 11:00:00
20.25,38.88305,2025-07-30 12:00:00
14.0,83.67372,2025-07-30 12:00:00
36.0,105.48242,2025-07-30 12:00:00
56.0,74.12658,2025-07-30 12:00:00
36.0,83.75293,2025-07-30 13:00:00
27.0,82.62655,2025-07-30 13:00:00
17.5,39.085163,2025-07-30 13:00:00
22.0,86.20923,2025-07-30 13:00:00
22.0,70.857086,2025-07-30 14:00:00
38.0,70.15058,2025-07-30 14:00:00
36.0,64.20841,2025-07-30 14:00:00
17.25,37.865856,2025-07-30 14:00:00
22.0,79.15797,2025-07-30 15:00:00
36.0,69.51879,2025-07-30 15:00:00
16.0,40.89607,2025-07-30 15:00:00
38.0,70.25421,2025-07-30 15:00:00
9.0,57.24465,2025-07-30 16:00:00
22.666666666666668,35.790695,2025-07-30 16:00:00
24.0,82.40444,2025-07-30 16:00:00
16.0,77.804245,2025-07-30 16:00:00
27.0,70.22366,2025-07-30 17:00:00
38.0,64.93554,2025-07-30 17:00:00
21.75,31.614544,2025-07-30 17:00:00
18.0,68.160774,2025-07-30 17:00:00
33.0,59.37674,2025-07-30 18:00:00
20.0,65.49882,2025-07-30 18:00:00
17.0,28.342234,2025-07-30 18:00:00
19.0,72.73435,2025-07-30 18:00:00
25.0,65.34368,2025-07-30 19:00:00
14.0,68.833435,2025-07-30 19:00:00
24.0,30.028286,2025-07-30 19:00:00
22.0,80.936264,2025-07-30 19:00:00
25.0,75.30964,2025-07-30 20:00:00
29.0,70.71926,2025-07-30 20:00:00
30.33333333333333,34.344833,2025-07-30 20:00:00
22.0,81.62746,2025-07-30 20:00:00
36.0,75.093315,2025-07-30 21:00:00
22.0,71.328255,2025-07-30 21:00:00
51.0,70.329926,2025-07-30 21:00:00
30.33333333333333,33.850452,2025-07-30 21:00:00
56.333333333333336,34.600197,2025-07-30 22:00:00
22.0,90.426445,2025-07-30 22:00:00
41.0,74.41207,2025-07-30 22:00:00
68.0,59.518097,2025-07-30 22:00:00
58.0,74.48293,2025-07-30 23:00:00
76.75,30.042433,2025-07-30 23:00:00
149.0,61.31375,2025-07-30 23:00:00
50.0,84.95425,2025-07-30 23:00:00
45.0,67.27111,2025-07-30 23:00:00
50.0,77.27006,2025-07-31 00:00:00
149.0,70.00949,2025-07-31 00:00:00
45.0,84.01026,2025-07-31 00:00:00
75.0,94.44747,2025-07-31 00:00:00
81.75,42.458004,2025-07-31 00:00:00
66.5,42.29962,2025-07-31 01:00:00
75.0,104.20155,2025-07-31 01:00:00
63.0,71.34891,2025-07-31 01:00:00
24.0,77.29125,2025-07-31 01:00:00
62.0,73.07215,2025-07-31 01:00:00
23.5,37.850906,2025-07-31 02:00:00
63.0,66.39885,2025-07-31 02:00:00
84.0,84.25758,2025-07-31 02:00:00
17.0,76.802925,2025-07-31 02:00:00
7.0,72.90758,2025-07-31 02:00:00
17.0,71.13597,2025-07-31 03:00:00
84.0,83.61967,2025-07-31 03:00:00
18.5,36.527203,2025-07-31 03:00:00
63.0,66.51586,2025-07-31 03:00:00
16.0,69.61454,2025-07-31 03:00:00
8.0,73.03845,2025-07-31 04:00:00
64.0,80.1005,2025-07-31 04:00:00
13.0,64.99921,2025-07-31 04:00:00
17.0,31.411633,2025-07-31 04:00:00
63.0,68.00012,2025-07-31 04:00:00
17.0,31.26084,2025-07-31 05:00:00
61.0,109.89377,2025-07-31 05:00:00
11.0,73.28817,2025-07-31 05:00:00
8.0,68.86218,2025-07-31 05:00:00
8.0,77.733475,2025-07-31 06:00:00
17.0,34.8438,2025-07-31 06:00:00
17.0,85.8279,2025-07-31 06:00:00
66.0,115.3025,2025-07-31 06:00:00
35.0,71.96685,2025-07-31 06:00:00
25.75,34.777767,2025-07-31 07:00:00
17.0,86.36647,2025-07-31 07:00:00
112.0,111.71312,2025-07-31 07:00:00
23.0,79.2692,2025-07-31 07:00:00
25.75,39.00191,2025-07-31 08:00:00
13.0,97.95755,2025-07-31 08:00:00
132.0,104.21193,2025-07-31 08:00:00
25.0,96.41302,2025-07-31 08:00:00
31.0,97.93473,2025-07-31 09:00:00
24.0,109.280464,2025-07-31 09:00:00
123.0,108.71603,2025-07-31 09:00:00
33.75,39.54493,2025-07-31 09:00:00
43.75,59.431057,2025-07-31 10:00:00
84.0,141.0696,2025-07-31 10:00:00
28.0,108.03006,2025-07-31 10:00:00
27.0,105.53181,2025-07-31 10:00:00
44.0,92.492325,2025-07-31 11:00:00
39.333333333333336,71.72935,2025-07-31 11:00:00
20.0,112.6245,2025-07-31 11:00:00
48.0,113.67313,2025-07-31 11:00:00
70.0,147.32924,2025-07-31 11:00:00
31.0,107.18349,2025-07-31 12:00:00
75.0,95.604294,2025-07-31 12:00:00
45.0,77.35508,2025-07-31 12:00:00
33.0,87.77226,2025-07-31 12:00:00
40.0,61.84564,2025-07-31 12:00:00
51.0,109.1184,2025-07-31 13:00:00
51.25,59.06338,2025-07-31 13:00:00
48.0,110.59682,2025-07-31 13:00:00
56.0,88.48867,2025-07-31 13:00:00
30.0,82.65105,2025-07-31 13:00:00
66.0,85.866066,2025-07-31 14:00:00
47.0,58.216225,2025-07-31 14:00:00
57.5,55.701073,2025-07-31 14:00:00
48.0,128.54068,2025-07-31 14:00:00
51.0,76.29589,2025-07-31 14:00:00
107.0,83.83932,2025-07-31 15:00:00
48.25,51.45731,2025-07-31 15:00:00
58.0,127.946434,2025-07-31 15:00:00
36.0,81.17444,2025-07-31 15:00:00
47.0,56.340813,2025-07-31 15:00:00
9.0,73.12299,2025-07-31 16:00:00
36.0,63.1016,2025-07-31 16:00:00
110.0,104.131935,2025-07-31 16:00:00
18.25,53.581276,2025-07-31 16:00:00
47.0,54.408997,2025-07-31 16:00:00
42.0,96.65058,2025-07-31 17:00:00
6.0,62.564827,2025-07-31 17:00:00
6.0,47.802765,2025-07-31 17:00:00
12.25,45.271744,2025-07-31 17:00:00
6.0,46.107468,2025-07-31 18:00:00
11.0,69.65589,2025-07-31 18:00:00
91.0,85.55119,2025-07-31 18:00:00
3.0,65.86379,2025-07-31 18:00:00
11.5,51.101723,2025-07-31 18:00:00
70.0,116.79128,2025-07-31 19:00:00
25.0,58.701122,2025-07-31 19:00:00
2.0,52.031406,2025-07-31 19:00:00
11.0,71.4691,2025-07-31 19:00:00
16.75,46.946083,2025-07-31 19:00:00
22.5,46.521408,2025-07-31 20:00:00
24.0,60.182934,2025-07-31 20:00:00
11.0,76.906425,2025-07-31 20:00:00
79.0,95.13148,2025-07-31 20:00:00
64.0,57.034492,2025-07-31 20:00:00
99.0,53.948814,2025-07-31 21:00:00
40.25,50.050346,2025-07-31 21:00:00
63.0,99.115486,2025-07-31 21:00:00
62.0,57.280235,2025-07-31 21:00:00
90.0,78.08892,2025-07-31 21:00:00
106.0,75.45133,2025-07-31 22:00:00
89.0,114.397804,2025-07-31 22:00:00
52.5,55.101532,2025-07-31 22:00:00
102.0,57.200607,2025-07-31 22:00:00
81.0,52.537506,2025-07-31 22:00:00
56.5,46.512505,2025-07-31 23:00:00
59.0,105.38681,2025-07-31 23:00:00
75.0,60.976097,2025-07-31 23:00:00
128.0,54.694733,2025-07-31 23:00:00
162.0,75.47423,2025-07-31 23:00:00
81.0,85.88044,2025-08-01 00:00:00
45.0,118.445274,2025-08-01 00:00:00
122.0,56.758934,2025-08-01 00:00:00
50.25,44.327274,2025-08-01 00:00:00
69.0,52.573135,2025-08-01 00:00:00
97.0,91.03281,2025-08-01 01:00:00
80.0,58.917347,2025-08-01 01:00:00
45.0,45.742496,2025-08-01 01:00:00
110.0,56.855347,2025-08-01 01:00:00
63.0,71.12958,2025-08-01 01:00:00
96.0,108.110176,2025-08-01 02:00:00
80.0,55.856266,2025-08-01 02:00:00
39.25,39.97881,2025-08-01 02:00:00
64.0,59.66042,2025-08-01 02:00:00
56.0,71.81525,2025-08-01 02:00:00
38.5,41.086475,2025-08-01 03:00:00
96.0,110.67304,2025-08-01 03:00:00
58.0,55.07831,2025-08-01 03:00:00
38.0,78.284096,2025-08-01 03:00:00
127.0,58.41313,2025-08-01 03:00:00
38.0,69.35929,2025-08-01 04:00:00
146.0,140.62538,2025-08-01 04:00:00
38.5,44.95894,2025-08-01 04:00:00
73.0,53.09368,2025-08-01 04:00:00
51.0,49.203293,2025-08-01 04:00:00
69.0,50.654156,2025-08-01 05:00:00
46.0,65.727585,2025-08-01 05:00:00
51.0,75.720894,2025-08-01 05:00:00
108.0,127.82824,2025-08-01 05:00:00
30.75,46.150227,2025-08-01 05:00:00
39.25,42.81655,2025-08-01 06:00:00
94.0,112.65638,2025-08-01 06:00:00
80.0,69.05185,2025-08-01 06:00:00
63.0,55.274727,2025-08-01 06:00:00
69.0,56.45382,2025-08-01 06:00:00
80.0,130.15785,2025-08-01 07:00:00
55.0,59.749973,2025-08-01 07:00:00
67.0,66.7119,2025-08-01 07:00:00
116.0,73.535194,2025-08-01 07:00:00
41.5,46.290802,2025-08-01 07:00:00
91.0,118.17591,2025-08-01 08:00:00
64.0,90.84182,2025-08-01 08:00:00
39.25,47.574924,2025-08-01 08:00:00
73.0,70.02212,2025-08-01 08:00:00
58.0,77.05459,2025-08-01 08:00:00
72.0,109.127235,2025-08-01 09:00:00
53.0,77.21838,2025-08-01 09:00:00
45.0,155.22992,2025-08-01 09:00:00
90.0,76.131546,2025-08-01 09:00:00
30.5,55.25074,2025-08-01 09:00:00
89.0,81.75807,2025-08-01 10:00:00
35.0,128.75464,2025-08-01 10:00:00
33.25,74.035805,2025-08-01 10:00:00
83.0,97.32629,2025-08-01 10:00:00
78.0,94.0272,2025-08-01 10:00:00
22.0,84.29165,2025-08-01 11:00:00
75.0,83.74692,2025-08-01 11:00:00
38.0,66.65667,2025-08-01 11:00:00
80.0,128.53316,2025-08-01 11:00:00
84.0,101.46092,2025-08-01 11:00:00
88.0,66.70692,2025-08-01 12:00:00
105.0,91.34581,2025-08-01 12:00:00
34.25,50.670803,2025-08-01 12:00:00
99.0,129.4981,2025-08-01 12:00:00
56.0,78.18804,2025-08-01 12:00:00
33.75,50.350952,2025-08-01 13:00:00
80.0,78.66817,2025-08-01 13:00:00
88.0,77.161934,2025-08-01 13:00:00
70.0,69.51558,2025-08-01 13:00:00
101.0,103.57328,2025-08-01 13:00:00
48.0,69.7499,2025-08-01 14:00:00
80.0,71.061516,2025-08-01 14:00:00
129.0,72.33976,2025-08-01 14:00:00
163.0,109.540596,2025-08-01 14:00:00
33.75,49.671703,2025-08-01 14:00:00
47.0,60.12642,2025-08-01 15:00:00
133.0,65.26062,2025-08-01 15:00:00
22.75,43.491188,2025-08-01 15:00:00
111.0,117.46256,2025-08-01 15:00:00
75.0,76.17269,2025-08-01 15:00:00
52.0,50.82605,2025-08-01 16:00:00
67.0,54.2509,2025-08-01 16:00:00
28.0,39.239,2025-08-01 16:00:00
68.0,67.15329,2025-08-01 16:00:00
121.0,107.2997,2025-08-01 16:00:00
58.0,57.90145,2025-08-01 17:00:00
111.0,56.491848,2025-08-01 17:00:00
130.0,103.35119,2025-08-01 17:00:00
56.0,44.910057,2025-08-01 17:00:00
30.25,31.14928,2025-08-01 17:00:00
89.0,71.31293,2025-08-01 18:00:00
78.0,58.19057,2025-08-01 18:00:00
55.0,68.63758,2025-08-01 18:00:00
111.0,92.794945,2025-08-01 18:00:00
41.0,43.32286,2025-08-01 18:00:00
96.0,88.41947,2025-08-01 19:00:00
52.5,39.053017,2025-08-01 19:00:00
223.0,81.487366,2025-08-01 19:00:00
64.0,75.732925,2025-08-01 19:00:00
41.0,69.19439,2025-08-01 19:00:00
204.0,106.21151,2025-08-01 20:00:00
105.0,66.467674,2025-08-01 20:00:00
50.75,48.269775,2025-08-01 20:00:00
89.0,69.21481,2025-08-01 20:00:00
84.0,93.70921,2025-08-01 20:00:00
169.0,85.820984,2025-08-01 21:00:00
45.75,46.363876,2025-08-01 21:00:00
86.0,110.16826,2025-08-01 21:00:00
105.0,69.14186,2025-08-01 21:00:00
108.0,63.46845,2025-08-01 21:00:00
124.0,71.34316,2025-08-01 22:00:00
51.5,39.7444,2025-08-01 22:00:00
99.0,69.17989,2025-08-01 22:00:00
112.0,84.485565,2025-08-01 22:00:00
158.0,82.73653,2025-08-01 22:00:00
112.0,87.14524,2025-08-01 23:00:00
183.0,73.64032,2025-08-01 23:00:00
102.0,63.780235,2025-08-01 23:00:00
53.25,41.67804,2025-08-01 23:00:00
160.0,84.82616,2025-08-01 23:00:00
182.0,92.37234,2025-08-02 00:00:00
134.0,96.06756,2025-08-02 00:00:00
103.0,65.00931,2025-08-02 00:00:00
49.5,38.13559,2025-08-02 00:00:00
88.0,72.5799,2025-08-02 00:00:00
78.0,66.77315,2025-08-02 01:00:00
96.0,90.41418,2025-08-02 01:00:00
83.0,67.85215,2025-08-02 01:00:00
160.0,108.08392,2025-08-02 01:00:00
46.5,35.362473,2025-08-02 01:00:00
72.0,65.08442,2025-08-02 02:00:00
89.0,67.31853,2025-08-02 02:00:00
41.5,33.568634,2025-08-02 02:00:00
114.0,89.141716,2025-08-02 02:00:00
136.0,141.87408,2025-08-02 02:00:00
117.0,133.80925,2025-08-02 03:00:00
62.0,67.06241,2025-08-02 03:00:00
45.5,33.817677,2025-08-02 03:00:00
96.0,73.1785,2025-08-02 03:00:00
119.0,83.971825,2025-08-02 03:00:00
119.0,106.65065,2025-08-02 04:00:00
46.75,33.35536,2025-08-02 04:00:00
110.0,72.75555,2025-08-02 04:00:00
117.0,89.66795,2025-08-02 04:00:00
91.0,72.760956,2025-08-02 04:00:00
99.0,71.30962,2025-08-02 05:00:00
45.75,31.755205,2025-08-02 05:00:00
106.0,81.390785,2025-08-02 05:00:00
95.0,103.11632,2025-08-02 05:00:00
107.0,105.2142,2025-08-02 05:00:00
68.0,108.22759,2025-08-02 06:00:00
101.0,83.075226,2025-08-02 06:00:00
121.0,71.45117,2025-08-02 06:00:00
48.5,34.224728,2025-08-02 06:00:00
138.0,111.200714,2025-08-02 06:00:00
125.0,113.511795,2025-08-02 07:00:00
133.0,122.099976,2025-08-02 07:00:00
41.25,34.283,2025-08-02 07:00:00
78.0,81.75366,2025-08-02 07:00:00
150.0,84.23143,2025-08-02 07:00:00
77.0,96.45265,2025-08-02 08:00:00
41.75,41.4915,2025-08-02 08:00:00
79.0,111.61052,2025-08-02 08:00:00
46.0,117.98525,2025-08-02 08:00:00
57.0,72.26936,2025-08-02 08:00:00
41.75,46.32612,2025-08-02 09:00:00
62.0,87.39075,2025-08-02 09:00:00
39.0,130.26424,2025-08-02 09:00:00
121.0,131.07188,2025-08-02 09:00:00
72.0,103.30152,2025-08-02 09:00:00
25.0,126.41052,2025-08-02 10:00:00
42.0,100.605705,2025-08-02 10:00:00
36.25,45.697582,2025-08-02 10:00:00
59.0,111.589035,2025-08-02 10:00:00
185.0,113.638374,2025-08-02 10:00:00
130.0,112.46278,2025-08-02 11:00:00
39.0,122.30087,2025-08-02 11:00:00
42.0,92.53313,2025-08-02 11:00:00
32.666666666666664,50.631653,2025-08-02 11:00:00
40.0,105.81294,2025-08-02 11:00:00
36.25,46.930477,2025-08-02 12:00:00
46.0,90.3327,2025-08-02 12:00:00
34.0,124.5824,2025-08-02 12:00:00
114.0,115.06615,2025-08-02 12:00:00
45.0,93.292786,2025-08-02 12:00:00
53.0,93.616455,2025-08-02 13:00:00
27.0,49.648685,2025-08-02 13:00:00
31.0,104.096695,2025-08-02 13:00:00
91.0,134.05763,2025-08-02 13:00:00
57.0,99.75957,2025-08-02 13:00:00
19.5,46.290585,2025-08-02 14:00:00
57.0,79.53248,2025-08-02 14:00:00
18.0,119.002075,2025-08-02 14:00:00
47.0,83.055664,2025-08-02 14:00:00
39.0,133.64442,2025-08-02 14:00:00
39.0,119.967354,2025-08-02 15:00:00
15.666666666666666,42.84653,2025-08-02 15:00:00
97.0,89.946365,2025-08-02 15:00:00
13.0,86.16697,2025-08-02 15:00:00
13.0,94.49272,2025-08-02 15:00:00
11.0,74.44214,2025-08-02 16:00:00
16.25,36.9186,2025-08-02 16:00:00
39.0,108.8881,2025-08-02 16:00:00
18.0,75.46189,2025-08-02 16:00:00
25.0,90.3231,2025-08-02 16:00:00
29.0,71.98515,2025-08-02 17:00:00
14.0,65.28736,2025-08-02 17:00:00
23.25,37.375237,2025-08-02 17:00:00
35.0,95.879715,2025-08-02 17:00:00
39.0,95.14299,2025-08-02 17:00:00
35.0,106.52984,2025-08-02 18:00:00
24.0,39.87916,2025-08-02 18:00:00
40.0,75.6458,2025-08-02 18:00:00
38.0,86.50485,2025-08-02 18:00:00
34.0,71.736145,2025-08-02 18:00:00
40.0,78.50026,2025-08-02 19:00:00
52.0,90.26744,2025-08-02 19:00:00
53.0,123.94216,2025-08-02 19:00:00
30.0,37.382763,2025-08-02 19:00:00
40.0,71.1679,2025-08-02 19:00:00
117.0,85.09011,2025-08-02 20:00:00
66.0,97.85426,2025-08-02 20:00:00
61.0,67.23692,2025-08-02 20:00:00
74.0,77.57483,2025-08-02 20:00:00
38.25,37.06199,2025-08-02 20:00:00
92.0,106.798805,2025-08-02 21:00:00
99.0,115.31217,2025-08-02 21:00:00
121.0,82.05618,2025-08-02 21:00:00
46.0,39.764973,2025-08-02 21:00:00
89.0,77.50952,2025-08-02 21:00:00
110.0,106.415535,2025-08-02 22:00:00
96.0,101.02938,2025-08-02 22:00:00
102.0,79.391014,2025-08-02 22:00:00
51.5,42.709103,2025-08-02 22:00:00
122.0,75.82011,2025-08-02 22:00:00
186.0,78.034424,2025-08-02 23:00:00
107.0,97.84343,2025-08-02 23:00:00
121.0,120.37433,2025-08-02 23:00:00
53.5,43.08197,2025-08-02 23:00:00
102.0,73.576744,2025-08-02 23:00:00
122.0,75.701675,2025-08-03 00:00:00
106.0,81.56193,2025-08-03 00:00:00
121.0,116.70662,2025-08-03 00:00:00
60.5,41.569416,2025-08-03 00:00:00
123.0,99.32663,2025-08-03 00:00:00
59.75,34.629726,2025-08-03 01:00:00
80.0,95.498116,2025-08-03 01:00:00
121.0,68.98284,2025-08-03 01:00:00
153.0,82.073875,2025-08-03 01:00:00
111.0,67.055145,2025-08-03 01:00:00
73.0,110.48579,2025-08-03 02:00:00
122.0,63.131058,2025-08-03 02:00:00
124.0,65.2096,2025-08-03 02:00:00
172.0,85.08465,2025-08-03 02:00:00
61.5,30.463667,2025-08-03 02:00:00
177.0,85.17279,2025-08-03 03:00:00
68.0,32.03125,2025-08-03 03:00:00
134.0,70.278244,2025-08-03 03:00:00
101.0,68.80875,2025-08-03 03:00:00
96.0,107.30303,2025-08-03 03:00:00
67.25,28.302496,2025-08-03 04:00:00
160.0,68.544556,2025-08-03 04:00:00
141.0,80.80814,2025-08-03 04:00:00
172.0,84.30966,2025-08-03 04:00:00
155.0,65.401634,2025-08-03 04:00:00
188.0,90.85159,2025-08-03 05:00:00
166.0,65.45274,2025-08-03 05:00:00
177.0,78.440636,2025-08-03 05:00:00
67.75,28.841322,2025-08-03 05:00:00
163.0,72.40821,2025-08-03 05:00:00
230.0,82.42912,2025-08-03 06:00:00
166.0,92.961044,2025-08-03 06:00:00
141.0,71.428406,2025-08-03 06:00:00
178.0,67.65023,2025-08-03 06:00:00
66.5,26.189285,2025-08-03 06:00:00
63.0,31.60181,2025-08-03 07:00:00
145.0,86.033195,2025-08-03 07:00:00
217.0,102.34834,2025-08-03 07:00:00
204.0,110.91194,2025-08-03 07:00:00
206.0,74.87464,2025-08-03 07:00:00
213.0,105.673805,2025-08-03 08:00:00
61.25,38.312992,2025-08-03 08:00:00
150.0,91.08044,2025-08-03 08:00:00
162.0,81.7532,2025-08-03 08:00:00
213.0,110.646835,2025-08-03 08:00:00
194.0,130.72331,2025-08-03 09:00:00
61.25,39.87431,2025-08-03 09:00:00
200.0,114.876564,2025-08-03 09:00:00
158.0,115.6625,2025-08-03 09:00:00
182.0,103.92832,2025-08-03 09:00:00
193.0,144.57893,2025-08-03 10:00:00
177.0,122.038574,2025-08-03 10:00:00
139.0,109.54349,2025-08-03 10:00:00
195.0,123.91686,2025-08-03 10:00:00
64.5,47.753307,2025-08-03 10:00:00
197.0,113.03618,2025-08-03 11:00:00
66.66666666666667,52.69328,2025-08-03 11:00:00
196.0,162.15617,2025-08-03 11:00:00
149.0,121.06608,2025-08-03 11:00:00
122.0,105.854515,2025-08-03 11:00:00
67.75,51.754246,2025-08-03 12:00:00
190.0,111.309784,2025-08-03 12:00:00
139.0,106.13665,2025-08-03 12:00:00
156.0,101.17675,2025-08-03 12:00:00
144.0,132.11499,2025-08-03 12:00:00
157.0,121.41809,2025-08-03 13:00:00
66.0,51.587658,2025-08-03 13:00:00
180.0,90.07333,2025-08-03 13:00:00
135.0,112.24021,2025-08-03 13:00:00
135.0,114.449486,2025-08-03 13:00:00
111.0,88.27202,2025-08-03 14:00:00
167.0,85.16768,2025-08-03 14:00:00
59.75,47.43672,2025-08-03 14:00:00
124.0,113.08779,2025-08-03 14:00:00
138.0,102.941574,2025-08-03 14:00:00
55.5,52.066116,2025-08-03 15:00:00
95.0,90.77599,2025-08-03 15:00:00
210.0,86.576294,2025-08-03 15:00:00
134.0,100.242836,2025-08-03 15:00:00
116.0,110.140236,2025-08-03 15:00:00
105.0,67.21242,2025-08-03 16:00:00
53.0,37.568336,2025-08-03 16:00:00
86.0,80.75886,2025-08-03 16:00:00
92.0,104.51471,2025-08-03 16:00:00
171.0,92.02525,2025-08-03 16:00:00
79.0,108.00199,2025-08-03 17:00:00
128.0,99.34738,2025-08-03 17:00:00
50.0,40.27986,2025-08-03 17:00:00
75.0,67.36097,2025-08-03 17:00:00
78.0,78.56775,2025-08-03 17:00:00
92.0,81.494835,2025-08-03 18:00:00
129.0,93.55911,2025-08-03 18:00:00
49.25,35.931694,2025-08-03 18:00:00
77.0,82.04655,2025-08-03 18:00:00
91.0,109.68902,2025-08-03 18:00:00
67.0,97.19821,2025-08-03 19:00:00
35.0,97.16229,2025-08-03 19:00:00
108.0,101.305084,2025-08-03 19:00:00
194.0,114.531105,2025-08-03 19:00:00
49.25,45.92557,2025-08-03 19:00:00
202.0,127.33215,2025-08-03 20:00:00
51.0,49.58526,2025-08-03 20:00:00
90.0,101.57991,2025-08-03 20:00:00
99.0,109.979515,2025-08-03 20:00:00
91.0,116.427605,2025-08-03 20:00:00
50.0,113.120674,2025-08-03 21:00:00
52.25,50.34431,2025-08-03 21:00:00
261.0,125.217064,2025-08-03 21:00:00
122.0,102.19463,2025-08-03 21:00:00
122.0,101.178314,2025-08-03 21:00:00
58.0,59.88826,2025-08-03 22:00:00
127.0,109.73182,2025-08-03 22:00:00
249.0,133.12125,2025-08-03 22:00:00
103.0,118.30364,2025-08-03 22:00:00
57.0,144.23465,2025-08-03 22:00:00
97.0,124.50005,2025-08-03 23:00:00
152.0,120.47121,2025-08-03 23:00:00
122.0,107.053635,2025-08-03 23:00:00
201.0,100.05756,2025-08-03 23:00:00
54.25,61.368202,2025-08-03 23:00:00
175.0,135.05717,2025-08-04 00:00:00
58.0,58.224766,2025-08-04 00:00:00
143.0,146.74252,2025-08-04 00:00:00
118.0,110.12034,2025-08-04 00:00:00
110.0,104.2679,2025-08-04 00:00:00
151.0,128.25975,2025-08-04 01:00:00
122.0,121.932976,2025-08-04 01:00:00
112.0,103.19213,2025-08-04 01:00:00
65.5,50.21497,2025-08-04 01:00:00
121.0,116.827385,2025-08-04 01:00:00
201.0,104.59644,2025-08-04 02:00:00
105.0,95.34487,2025-08-04 02:00:00
107.0,99.89697,2025-08-04 02:00:00
64.25,51.84513,2025-08-04 02:00:00
138.0,126.315636,2025-08-04 02:00:00
164.0,110.34334,2025-08-04 03:00:00
81.0,99.20978,2025-08-04 03:00:00
68.0,60.480423,2025-08-04 03:00:00
106.0,127.59882,2025-08-04 03:00:00
174.0,129.90056,2025-08-04 03:00:00
114.0,126.14044,2025-08-04 04:00:00
158.0,121.95122,2025-08-04 04:00:00
147.0,137.81996,2025-08-04 04:00:00
69.5,61.81445,2025-08-04 04:00:00
112.0,109.67465,2025-08-04 04:00:00
174.0,120.34888,2025-08-04 05:00:00
151.0,148.09235,2025-08-04 05:00:00
130.0,123.31319,2025-08-04 05:00:00
73.5,60.58331,2025-08-04 05:00:00
140.0,116.097206,2025-08-04 05:00:00
178.0,136.76776,2025-08-04 06:00:00
127.0,115.81147,2025-08-04 06:00:00
64.5,53.241623,2025-08-04 06:00:00
133.0,166.9805,2025-08-04 06:00:00
132.0,109.66416,2025-08-04 06:00:00
107.0,166.16014,2025-08-04 07:00:00
112.0,104.73328,2025-08-04 07:00:00
70.5,55.45655,2025-08-04 07:00:00
116.0,115.69353,2025-08-04 07:00:00
174.0,177.41638,2025-08-04 07:00:00
80.0,131.49402,2025-08-04 08:00:00
65.0,58.638706,2025-08-04 08:00:00
127.0,196.9573,2025-08-04 08:00:00
125.0,116.81886,2025-08-04 08:00:00
138.0,211.16873,2025-08-04 08:00:00
41.25,61.453854,2025-08-04 09:00:00
94.0,192.2064,2025-08-04 09:00:00
80.0,131.0194,2025-08-04 09:00:00
141.0,175.25768,2025-08-04 09:00:00
69.0,130.0003,2025-08-04 09:00:00
69.0,129.3864,2025-08-04 10:00:00
43.25,61.26493,2025-08-04 10:00:00
59.0,195.04791,2025-08-04 10:00:00
141.0,199.94405,2025-08-04 10:00:00
61.0,134.57066,2025-08-04 10:00:00
146.0,184.43031,2025-08-04 11:00:00
77.0,141.2698,2025-08-04 11:00:00
46.0,71.57589,2025-08-04 11:00:00
100.0,133.83719,2025-08-04 11:00:00
59.0,182.85449,2025-08-04 11:00:00
49.25,68.46646,2025-08-04 12:00:00
182.0,168.97531,2025-08-04 12:00:00
74.0,134.50845,2025-08-04 12:00:00
72.0,170.07225,2025-08-04 12:00:00
92.0,134.27554,2025-08-04 12:00:00
95.0,130.11888,2025-08-04 13:00:00
86.0,102.534546,2025-08-04 13:00:00
130.0,123.07407,2025-08-04 13:00:00
153.0,143.7166,2025-08-04 13:00:00
53.75,66.80375,2025-08-04 13:00:00
108.0,160.41785,2025-08-04 14:00:00
96.0,122.91966,2025-08-04 14:00:00
85.0,134.58229,2025-08-04 14:00:00
72.0,100.45679,2025-08-04 14:00:00
44.75,66.94943,2025-08-04 14:00:00
57.0,134.0002,2025-08-04 15:00:00
92.0,134.29285,2025-08-04 15:00:00
68.0,139.25546,2025-08-04 15:00:00
67.0,95.957565,2025-08-04 15:00:00
37.75,67.6729,2025-08-04 15:00:00
37.25,60.92079,2025-08-04 16:00:00
91.0,156.1758,2025-08-04 16:00:00
68.0,119.89882,2025-08-04 16:00:00
44.0,109.615776,2025-08-04 16:00:00
63.0,86.16919,2025-08-04 16:00:00
67.0,115.05511,2025-08-04 17:00:00
67.0,83.51497,2025-08-04 17:00:00
72.0,86.23298,2025-08-04 17:00:00
38.5,55.632313,2025-08-04 17:00:00
53.0,125.20797,2025-08-04 17:00:00
89.0,87.08664,2025-08-04 18:00:00
67.0,136.90704,2025-08-04 18:00:00
35.25,58.5468,2025-08-04 18:00:00
68.0,96.107216,2025-08-04 18:00:00
69.0,121.15643,2025-08-04 18:00:00
101.0,147.72026,2025-08-04 19:00:00
38.0,64.00731,2025-08-04 19:00:00
85.0,124.13442,2025-08-04 19:00:00
173.0,83.80995,2025-08-04 19:00:00
79.0,86.59106,2025-08-04 19:00:00
37.75,61.176167,2025-08-04 20:00:00
84.0,89.0174,2025-08-04 20:00:00
138.0,155.60825,2025-08-04 20:00:00
97.0,99.823906,2025-08-04 20:00:00
102.0,112.5677,2025-08-04 20:00:00
85.0,108.338356,2025-08-04 21:00:00
122.0,116.28176,2025-08-04 21:00:00
158.0,194.1438,2025-08-04 21:00:00
42.75,65.45271,2025-08-04 21:00:00
132.0,144.0054,2025-08-04 21:00:00
186.0,122.77015,2025-08-04 22:00:00
94.0,120.07109,2025-08-04 22:00:00
134.0,154.22772,2025-08-04 22:00:00
49.0,65.52004,2025-08-04 22:00:00
67.0,107.138435,2025-08-04 22:00:00
151.0,112.44843,2025-08-04 23:00:00
151.0,142.26823,2025-08-04 23:00:00
49.5,60.992996,2025-08-04 23:00:00
67.0,104.0182,2025-08-04 23:00:00
90.0,113.75973,2025-08-04 23:00:00
86.0,95.449585,2025-08-05 00:00:00
156.0,136.67383,2025-08-05 00:00:00
103.0,105.07481,2025-08-05 00:00:00
158.0,146.83694,2025-08-05 00:00:00
47.25,59.848618,2025-08-05 00:00:00
45.25,62.314396,2025-08-05 01:00:00
90.0,105.35418,2025-08-05 01:00:00
130.0,142.89716,2025-08-05 01:00:00
145.0,117.957245,2025-08-05 01:00:00
95.0,86.57109,2025-08-05 01:00:00
111.0,85.437454,2025-08-05 02:00:00
49.25,63.749706,2025-08-05 02:00:00
125.0,112.36665,2025-08-05 02:00:00
110.0,126.83425,2025-08-05 02:00:00
95.0,85.83239,2025-08-05 02:00:00
96.0,86.681206,2025-08-05 03:00:00
152.0,71.06117,2025-08-05 03:00:00
53.5,63.375156,2025-08-05 03:00:00
85.0,114.3063,2025-08-05 03:00:00
138.0,117.33181,2025-08-05 03:00:00
52.0,59.397255,2025-08-05 04:00:00
72.0,142.25273,2025-08-05 04:00:00
97.0,97.706276,2025-08-05 04:00:00
157.0,104.997955,2025-08-05 04:00:00
108.0,77.00441,2025-08-05 04:00:00
161.0,117.59112,2025-08-05 05:00:00
107.0,144.02397,2025-08-05 05:00:00
101.0,92.868805,2025-08-05 05:00:00
100.0,120.70343,2025-08-05 05:00:00
48.5,51.642303,2025-08-05 05:00:00
105.0,96.06688,2025-08-05 06:00:00
95.0,110.456215,2025-08-05 06:00:00
150.0,114.702446,2025-08-05 06:00:00
46.75,46.321198,2025-08-05 06:00:00
147.0,132.58083,2025-08-05 06:00:00
207.0,136.85045,2025-08-05 07:00:00
45.25,45.7879,2025-08-05 07:00:00
145.0,107.756546,2025-08-05 07:00:00
97.0,104.21518,2025-08-05 07:00:00
78.0,94.4659,2025-08-05 07:00:00
117.0,114.05199,2025-08-05 08:00:00
196.0,152.19815,2025-08-05 08:00:00
35.75,48.13758,2025-08-05 08:00:00
158.0,114.82302,2025-08-05 08:00:00
36.0,77.01227,2025-08-05 08:00:00
41.75,52.995163,2025-08-05 09:00:00
153.0,151.79884,2025-08-05 09:00:00
81.0,116.93501,2025-08-05 09:00:00
129.0,148.07126,2025-08-05 09:00:00
46.0,94.20308,2025-08-05 09:00:00
136.0,179.74649,2025-08-05 10:00:00
43.0,57.510376,2025-08-05 10:00:00
97.0,86.39379,2025-08-05 10:00:00
132.0,109.34528,2025-08-05 10:00:00
84.0,109.11114,2025-08-05 10:00:00
108.0,85.88332,2025-08-05 11:00:00
157.0,110.46332,2025-08-05 11:00:00
147.0,145.77933,2025-08-05 11:00:00
86.0,108.88139,2025-08-05 11:00:00
39.0,48.64444,2025-08-05 11:00:00
129.0,88.076675,2025-08-05 12:00:00
44.5,54.374004,2025-08-05 12:00:00
59.0,105.79265,2025-08-05 12:00:00
79.0,112.17477,2025-08-05 12:00:00
127.0,144.5473,2025-08-05 12:00:00
45.0,108.00016,2025-08-05 13:00:00
46.0,92.49828,2025-08-05 13:00:00
44.25,46.570984,2025-08-05 13:00:00
84.0,110.72443,2025-08-05 13:00:00
95.0,75.27541,2025-08-05 13:00:00
61.0,101.05123,2025-08-05 14:00:00
89.0,88.9351,2025-08-05 14:00:00
59.0,76.34904,2025-08-05 14:00:00
47.0,44.03411,2025-08-05 14:00:00
57.0,85.4222,2025-08-05 14:00:00
40.0,83.13085,2025-08-05 15:00:00
89.0,91.48531,2025-08-05 15:00:00
63.0,90.43868,2025-08-05 15:00:00
42.75,42.600834,2025-08-05 15:00:00
95.0,84.46563,2025-08-05 15:00:00
40.0,74.07775,2025-08-05 16:00:00
90.0,89.21193,2025-08-05 16:00:00
103.0,87.40507,2025-08-05 16:00:00
75.0,90.48561,2025-08-05 16:00:00
39.75,42.049854,2025-08-05 16:00:00
108.0,92.98788,2025-08-05 17:00:00
91.0,90.91728,2025-08-05 17:00:00
69.0,80.99725,2025-08-05 17:00:00
43.0,41.092003,2025-08-05 17:00:00
70.0,69.32113,2025-08-05 17:00:00
96.0,78.915276,2025-08-05 18:00:00
168.0,102.17611,2025-08-05 18:00:00
62.0,89.59041,2025-08-05 18:00:00
43.5,36.331566,2025-08-05 18:00:00
89.0,93.802605,2025-08-05 18:00:00
160.0,86.38418,2025-08-05 19:00:00
41.5,34.37557,2025-08-05 19:00:00
125.0,100.4373,2025-08-05 19:00:00
141.0,115.775444,2025-08-05 19:00:00
63.0,85.61498,2025-08-05 19:00:00
89.0,79.822586,2025-08-05 20:00:00
79.0,98.68249,2025-08-05 20:00:00
40.66666666666666,39.23409,2025-08-05 20:00:00
153.0,127.31997,2025-08-05 20:00:00
173.0,119.74518,2025-08-05 20:00:00
218.0,127.69816,2025-08-05 21:00:00
111.0,108.0137,2025-08-05 21:00:00
90.0,83.61138,2025-08-05 21:00:00
40.75,39.994194,2025-08-05 21:00:00
124.0,129.67534,2025-08-05 21:00:00
81.0,105.64944,2025-08-05 22:00:00
95.0,89.43,2025-08-05 22:00:00
110.0,129.13515,2025-08-05 22:00:00
130.0,122.68438,2025-08-05 22:00:00
42.25,39.22452,2025-08-05 22:00:00
77.0,125.98186,2025-08-05 23:00:00
52.333333333333336,38.63913,2025-08-05 23:00:00
103.0,100.35597,2025-08-05 23:00:00
53.0,81.24497,2025-08-05 23:00:00
133.0,122.36956,2025-08-05 23:00:00
52.333333333333336,37.452538,2025-08-06 00:00:00
105.0,84.04137,2025-08-06 00:00:00
69.0,129.84467,2025-08-06 00:00:00
155.0,99.96996,2025-08-06 00:00:00
103.0,90.708565,2025-08-06 00:00:00
149.0,94.439026,2025-08-06 01:00:00
134.0,79.30593,2025-08-06 01:00:00
106.0,92.44593,2025-08-06 01:00:00
107.0,102.42204,2025-08-06 01:00:00
52.333333333333336,33.478226,2025-08-06 01:00:00
112.0,87.568886,2025-08-06 02:00:00
141.0,106.90528,2025-08-06 02:00:00
163.0,82.3311,2025-08-06 02:00:00
52.333333333333336,33.834656,2025-08-06 02:00:00
167.0,93.26595,2025-08-06 02:00:00
150.0,98.349815,2025-08-06 03:00:00
122.0,75.913414,2025-08-06 03:00:00
164.0,77.83427,2025-08-06 03:00:00
177.0,85.815865,2025-08-06 03:00:00
37.0,31.39974,2025-08-06 04:00:00
144.0,77.59882,2025-08-06 04:00:00
129.0,74.983505,2025-08-06 04:00:00
269.0,119.90693,2025-08-06 04:00:00
174.0,99.92863,2025-08-06 04:00:00
155.0,119.67061,2025-08-06 05:00:00
119.0,77.750725,2025-08-06 05:00:00
99.5,32.68255,2025-08-06 05:00:00
218.0,125.40529,2025-08-06 05:00:00
130.0,77.34582,2025-08-06 05:00:00
200.0,117.94351,2025-08-06 06:00:00
145.0,116.57209,2025-08-06 06:00:00
128.0,85.318306,2025-08-06 06:00:00
136.0,77.51828,2025-08-06 06:00:00
102.75,33.053974,2025-08-06 06:00:00
205.0,115.535446,2025-08-06 07:00:00
134.0,74.98605,2025-08-06 07:00:00
106.5,33.492344,2025-08-06 07:00:00
70.0,90.71965,2025-08-06 07:00:00
190.0,100.79423,2025-08-06 07:00:00
123.0,94.653305,2025-08-06 08:00:00
107.0,36.60394,2025-08-06 08:00:00
184.0,144.20865,2025-08-06 08:00:00
133.0,87.13876,2025-08-06 08:00:00
191.0,121.33196,2025-08-06 08:00:00
151.0,99.08764,2025-08-06 09:00:00
153.0,149.72183,2025-08-06 09:00:00
107.0,40.93527,2025-08-06 09:00:00
130.0,172.894,2025-08-06 09:00:00
129.0,95.270584,2025-08-06 09:00:00
110.5,44.36707,2025-08-06 10:00:00
121.0,162.47336,2025-08-06 10:00:00
138.0,95.03588,2025-08-06 10:00:00
191.0,107.13197,2025-08-06 10:00:00
173.0,140.93684,2025-08-06 10:00:00
182.0,185.81407,2025-08-06 11:00:00
131.0,47.71254,2025-08-06 11:00:00
166.0,151.70049,2025-08-06 11:00:00
179.0,101.27801,2025-08-06 11:00:00
174.0,118.943634,2025-08-06 11:00:00
282.0,146.27332,2025-08-06 12:00:00
129.25,48.0429,2025-08-06 12:00:00
167.0,94.075615,2025-08-06 12:00:00
139.0,106.23576,2025-08-06 12:00:00
111.0,116.60356,2025-08-06 12:00:00
228.0,128.6543,2025-08-06 13:00:00
156.0,99.24151,2025-08-06 13:00:00
97.0,105.30371,2025-08-06 13:00:00
90.75,47.65842,2025-08-06 13:00:00
150.0,79.77881,2025-08-06 13:00:00
199.0,116.23294,2025-08-06 14:00:00
75.0,103.37463,2025-08-06 14:00:00
119.0,90.963455,2025-08-06 14:00:00
97.0,84.00808,2025-08-06 14:00:00
69.75,47.425964,2025-08-06 14:00:00
73.0,81.81441,2025-08-06 15:00:00
66.0,92.93249,2025-08-06 15:00:00
79.0,100.64008,2025-08-06 15:00:00
136.0,130.55905,2025-08-06 15:00:00
72.0,68.51583,2025-08-06 16:00:00
68.0,90.96676,2025-08-06 16:00:00
61.0,38.10579,2025-08-06 16:00:00
75.0,82.58056,2025-08-06 16:00:00
156.0,103.88254,2025-08-06 16:00:00
118.0,85.74705,2025-08-06 17:00:00
67.0,62.238216,2025-08-06 17:00:00
62.0,79.849815,2025-08-06 17:00:00
57.75,37.47229,2025-08-06 17:00:00
67.0,64.38766,2025-08-06 17:00:00
85.0,69.17107,2025-08-06 18:00:00
60.0,49.019707,2025-08-06 18:00:00
68.0,77.239784,2025-08-06 18:00:00
83.0,83.210915,2025-08-06 18:00:00
171.0,104.521965,2025-08-06 18:00:00
157.0,94.56847,2025-08-06 19:00:00
145.0,124.4266,2025-08-06 19:00:00
95.0,74.461044,2025-08-06 19:00:00
118.0,111.15103,2025-08-06 19:00:00
63.0,55.806793,2025-08-06 19:00:00
205.0,122.86283,2025-08-06 20:00:00
73.75,71.293396,2025-08-06 20:00:00
111.0,77.23525,2025-08-06 20:00:00
88.0,78.48697,2025-08-06 20:00:00
121.0,133.0888,2025-08-06 20:00:00
90.0,96.262436,2025-08-06 21:00:00
140.0,93.74479,2025-08-06 21:00:00
82.5,70.39744,2025-08-06 21:00:00
240.0,137.26344,2025-08-06 21:00:00
226.0,129.62756,2025-08-06 21:00:00
241.0,132.11491,2025-08-06 22:00:00
86.0,65.95858,2025-08-06 22:00:00
117.0,102.65163,2025-08-06 22:00:00
90.0,100.714874,2025-08-06 22:00:00
124.0,124.03755,2025-08-06 22:00:00
254.0,127.8679,2025-08-06 23:00:00
63.0,87.92042,2025-08-06 23:00:00
111.0,96.982666,2025-08-06 23:00:00
129.0,120.57199,2025-08-06 23:00:00
86.5,70.244286,2025-08-06 23:00:00
119.0,107.0277,2025-08-07 00:00:00
305.0,155.13959,2025-08-07 00:00:00
88.0,80.48604,2025-08-07 00:00:00
110.0,96.5517,2025-08-07 00:00:00
107.0,124.69298,2025-08-07 00:00:00
106.0,102.69958,2025-08-07 01:00:00
123.0,116.63974,2025-08-07 01:00:00
136.0,112.87115,2025-08-07 01:00:00
300.0,132.70174,2025-08-07 01:00:00
89.5,76.35291,2025-08-07 01:00:00
119.0,113.2403,2025-08-07 02:00:00
105.0,102.10654,2025-08-07 02:00:00
257.0,135.26735,2025-08-07 02:00:00
90.75,68.967606,2025-08-07 02:00:00
133.0,103.65432,2025-08-07 02:00:00
123.0,99.20651,2025-08-07 03:00:00
85.5,66.08978,2025-08-07 03:00:00
124.0,101.816376,2025-08-07 03:00:00
245.0,143.71948,2025-08-07 03:00:00
116.0,115.1571,2025-08-07 03:00:00
277.0,192.56967,2025-08-07 04:00:00
124.0,122.656845,2025-08-07 04:00:00
128.0,99.88891,2025-08-07 04:00:00
100.0,106.54408,2025-08-07 04:00:00
94.5,65.79306,2025-08-07 04:00:00
116.0,100.05062,2025-08-07 05:00:00
100.0,67.608055,2025-08-07 05:00:00
133.0,106.766556,2025-08-07 05:00:00
138.0,121.68824,2025-08-07 05:00:00
222.0,162.00877,2025-08-07 05:00:00
96.75,61.188004,2025-08-07 06:00:00
102.0,107.90331,2025-08-07 06:00:00
140.0,128.58365,2025-08-07 06:00:00
271.0,147.7378,2025-08-07 06:00:00
122.0,110.381996,2025-08-07 06:00:00
89.0,96.84261,2025-08-07 07:00:00
287.0,173.50098,2025-08-07 07:00:00
128.0,113.345535,2025-08-07 07:00:00
147.0,162.60468,2025-08-07 07:00:00
91.0,68.41754,2025-08-07 07:00:00
95.0,74.85102,2025-08-07 08:00:00
123.0,109.731285,2025-08-07 08:00:00
266.0,200.34827,2025-08-07 08:00:00
132.0,110.32426,2025-08-07 08:00:00
158.0,152.4352,2025-08-07 08:00:00
368.0,194.92973,2025-08-07 09:00:00
133.0,137.89824,2025-08-07 09:00:00
104.5,84.47561,2025-08-07 09:00:00
151.0,126.081566,2025-08-07 09:00:00
155.0,161.14534,2025-08-07 09:00:00
101.5,92.85187,2025-08-07 10:00:00
143.0,131.66142,2025-08-07 10:00:00
417.0,192.93167,2025-08-07 10:00:00
141.0,121.66729,2025-08-07 10:00:00
167.0,177.85564,2025-08-07 10:00:00
97.0,89.228485,2025-08-07 11:00:00
119.0,120.98627,2025-08-07 11:00:00
134.0,122.91727,2025-08-07 11:00:00
144.0,169.30576,2025-08-07 11:00:00
503.0,232.67284,2025-08-07 11:00:00
150.0,123.440384,2025-08-07 12:00:00
113.0,116.50669,2025-08-07 12:00:00
133.0,146.87021,2025-08-07 12:00:00
459.0,256.62927,2025-08-07 12:00:00
89.0,94.45394,2025-08-07 12:00:00
85.75,86.416756,2025-08-07 13:00:00
428.0,222.00034,2025-08-07 13:00:00
117.0,125.68356,2025-08-07 13:00:00
108.0,116.96364,2025-08-07 13:00:00
168.0,103.37956,2025-08-07 13:00:00
75.25,82.647026,2025-08-07 14:00:00
84.0,104.40765,2025-08-07 14:00:00
132.0,88.54897,2025-08-07 14:00:00
263.0,231.99527,2025-08-07 14:00:00
92.0,119.86661,2025-08-07 14:00:00
80.0,104.98805,2025-08-07 15:00:00
74.5,70.72343,2025-08-07 15:00:00
68.0,78.89795,2025-08-07 15:00:00
151.0,169.8211,2025-08-07 15:00:00
96.0,72.72705,2025-08-07 15:00:00
88.0,87.20589,2025-08-07 16:00:00
70.0,69.931694,2025-08-07 16:00:00
66.75,60.04847,2025-08-07 16:00:00
81.0,76.90533,2025-08-07 16:00:00
157.0,188.59357,2025-08-07 16:00:00
60.75,64.30311,2025-08-07 17:00:00
84.0,79.4698,2025-08-07 17:00:00
73.0,94.420784,2025-08-07 17:00:00
81.0,84.867455,2025-08-07 17:00:00
110.0,182.49315,2025-08-07 17:00:00
84.0,81.67226,2025-08-07 18:00:00
173.0,216.69199,2025-08-07 18:00:00
89.0,73.255844,2025-08-07 18:00:00
68.0,89.92311,2025-08-07 18:00:00
60.75,63.565376,2025-08-07 18:00:00
69.25,68.2047,2025-08-07 19:00:00
140.0,113.270386,2025-08-07 19:00:00
271.0,206.96404,2025-08-07 19:00:00
79.0,94.2375,2025-08-07 19:00:00
122.0,89.1806,2025-08-07 19:00:00
179.0,123.99561,2025-08-07 20:00:00
77.5,73.3456,2025-08-07 20:00:00
88.0,100.62873,2025-08-07 20:00:00
376.0,229.82675,2025-08-07 20:00:00
143.0,92.29285,2025-08-07 20:00:00
135.0,93.743126,2025-08-07 21:00:00
251.0,268.48096,2025-08-07 21:00:00
110.0,123.41483,2025-08-07 21:00:00
83.5,80.88872,2025-08-07 21:00:00
200.0,146.86427,2025-08-07 21:00:00
144.0,114.83474,2025-08-07 22:00:00
78.0,89.28998,2025-08-07 22:00:00
113.0,118.89094,2025-08-07 22:00:00
82.0,80.24476,2025-08-07 22:00:00
421.0,276.2787,2025-08-07 22:00:00
129.0,93.31083,2025-08-07 23:00:00
283.0,259.88947,2025-08-07 23:00:00
91.25,78.51114,2025-08-07 23:00:00
123.0,123.98943,2025-08-07 23:00:00
134.0,97.881325,2025-08-07 23:00:00
97.5,72.265045,2025-08-08 00:00:00
130.0,118.76059,2025-08-08 00:00:00
293.0,217.71332,2025-08-08 00:00:00
122.0,107.302345,2025-08-08 00:00:00
167.0,108.98753,2025-08-08 00:00:00
128.0,92.77807,2025-08-08 01:00:00
238.0,223.03357,2025-08-08 01:00:00
97.75,70.893265,2025-08-08 01:00:00
173.0,102.66574,2025-08-08 01:00:00
151.0,124.98966,2025-08-08 01:00:00
153.0,111.5136,2025-08-08 02:00:00
164.0,98.835884,2025-08-08 02:00:00
103.5,66.62661,2025-08-08 02:00:00
122.0,87.3403,2025-08-08 02:00:00
224.0,214.90057,2025-08-08 02:00:00
190.0,196.87158,2025-08-08 03:00:00
105.75,63.454716,2025-08-08 03:00:00
147.0,97.21508,2025-08-08 03:00:00
146.0,93.37291,2025-08-08 03:00:00
166.0,113.68546,2025-08-08 03:00:00
256.0,193.21413,2025-08-08 04:00:00
106.5,61.79539,2025-08-08 04:00:00
132.0,97.8116,2025-08-08 04:00:00
145.0,110.03327,2025-08-08 04:00:00
141.0,88.68021,2025-08-08 04:00:00
150.0,123.09347,2025-08-08 05:00:00
145.0,93.88559,2025-08-08 05:00:00
108.5,64.39948,2025-08-08 05:00:00
138.0,97.8381,2025-08-08 05:00:00
467.0,171.43413,2025-08-08 05:00:00
114.0,60.813446,2025-08-08 06:00:00
145.0,105.4991,2025-08-08 06:00:00
151.0,131.70444,2025-08-08 06:00:00
478.0,179.71075,2025-08-08 06:00:00
135.0,89.5987,2025-08-08 06:00:00
172.0,126.38228,2025-08-08 07:00:00
141.0,111.223526,2025-08-08 07:00:00
128.0,84.91499,2025-08-08 07:00:00
517.0,216.00343,2025-08-08 07:00:00
123.75,64.07828,2025-08-08 07:00:00
126.5,67.421684,2025-08-08 08:00:00
183.0,132.96472,2025-08-08 08:00:00
310.0,238.88338,2025-08-08 08:00:00
166.0,107.60934,2025-08-08 08:00:00
144.0,112.44497,2025-08-08 08:00:00
152.0,117.33737,2025-08-08 09:00:00
321.0,256.54904,2025-08-08 09:00:00
132.0,83.25491,2025-08-08 09:00:00
162.0,152.09895,2025-08-08 09:00:00
180.0,118.04193,2025-08-08 09:00:00
121.0,155.40257,2025-08-08 10:00:00
135.0,118.08922,2025-08-08 10:00:00
167.0,117.84769,2025-08-08 10:00:00
210.0,225.12697,2025-08-08 10:00:00
117.5,88.045265,2025-08-08 10:00:00
117.0,135.87381,2025-08-08 11:00:00
88.33333333333333,89.179924,2025-08-08 11:00:00
229.0,200.24565,2025-08-08 11:00:00
112.0,118.091255,2025-08-08 11:00:00
125.0,115.42723,2025-08-08 11:00:00
116.0,184.93634,2025-08-08 12:00:00
61.0,123.79769,2025-08-08 12:00:00
34.0,83.84281,2025-08-08 12:00:00
95.0,123.12685,2025-08-08 12:00:00
116.0,131.73293,2025-08-08 12:00:00
29.0,117.8941,2025-08-08 13:00:00
25.5,86.27863,2025-08-08 13:00:00
95.0,120.15649,2025-08-08 13:00:00
31.0,132.40999,2025-08-08 13:00:00
122.0,240.97997,2025-08-08 13:00:00
33.0,110.157936,2025-08-08 14:00:00
84.0,252.77829,2025-08-08 14:00:00
28.25,85.16351,2025-08-08 14:00:00
29.0,97.60004,2025-08-08 14:00:00
77.0,102.31245,2025-08-08 14:00:00
29.0,99.986404,2025-08-08 15:00:00
227.0,208.79163,2025-08-08 15:00:00
77.0,95.276634,2025-08-08 15:00:00
30.5,90.62696,2025-08-08 15:00:00
35.0,111.08544,2025-08-08 15:00:00
362.0,192.25629,2025-08-08 16:00:00
77.0,83.52682,2025-08-08 16:00:00
37.75,83.833466,2025-08-08 16:00:00
46.0,111.00666,2025-08-08 16:00:00
34.0,91.055305,2025-08-08 16:00:00
53.0,98.18822,2025-08-08 17:00:00
64.0,83.74288,2025-08-08 17:00:00
215.0,173.01863,2025-08-08 17:00:00
38.0,78.10073,2025-08-08 17:00:00
48.0,78.24509,2025-08-08 17:00:00
53.0,87.66449,2025-08-08 18:00:00
85.0,85.032036,2025-08-08 18:00:00
218.0,227.03886,2025-08-08 18:00:00
83.0,100.597336,2025-08-08 18:00:00
51.75,75.94049,2025-08-08 18:00:00
90.0,130.9728,2025-08-08 19:00:00
58.0,213.08984,2025-08-08 19:00:00
133.0,93.82267,2025-08-08 19:00:00
17.25,80.89859,2025-08-08 19:00:00
51.0,86.73917,2025-08-08 19:00:00
27.0,139.8756,2025-08-08 20:00:00
25.0,200.1235,2025-08-08 20:00:00
133.0,110.89469,2025-08-08 20:00:00
13.0,93.58986,2025-08-08 20:00:00
27.0,94.00882,2025-08-08 20:00:00
13.0,103.35476,2025-08-08 21:00:00
17.0,105.83375,2025-08-08 21:00:00
33.0,109.46716,2025-08-08 21:00:00
34.0,142.0583,2025-08-08 21:00:00
25.0,245.43379,2025-08-08 21:00:00
33.0,107.54036,2025-08-08 22:00:00
25.0,109.67064,2025-08-08 22:00:00
13.0,99.77695,2025-08-08 22:00:00
25.0,198.3978,2025-08-08 22:00:00
29.0,136.34962,2025-08-08 22:00:00
27.0,101.81636,2025-08-08 23:00:00
33.0,104.03103,2025-08-08 23:00:00
13.0,104.45364,2025-08-08 23:00:00
22.0,194.65445,2025-08-08 23:00:00
41.0,131.96796,2025-08-08 23:00:00
24.0,102.04592,2025-08-09 00:00:00
51.0,128.57762,2025-08-09 00:00:00
33.0,109.464294,2025-08-09 00:00:00
24.0,192.53183,2025-08-09 00:00:00
35.0,105.682236,2025-08-09 01:00:00
46.0,167.21196,2025-08-09 01:00:00
47.0,125.62294,2025-08-09 01:00:00
24.0,100.65256,2025-08-09 02:00:00
50.0,98.64162,2025-08-09 02:00:00
50.0,108.99073,2025-08-09 02:00:00
108.0,177.95636,2025-08-09 02:00:00
33.0,101.87946,2025-08-09 03:00:00
122.0,99.325874,2025-08-09 03:00:00
55.0,198.71011,2025-08-09 03:00:00
45.0,111.88844,2025-08-09 03:00:00
35.0,102.86947,2025-08-09 04:00:00
39.0,98.88101,2025-08-09 04:00:00
35.0,110.34819,2025-08-09 04:00:00
45.0,214.49619,2025-08-09 04:00:00
45.0,136.05261,2025-08-09 05:00:00
46.0,105.993774,2025-08-09 05:00:00
31.0,96.447655,2025-08-09 05:00:00
47.0,111.45433,2025-08-09 05:00:00
44.0,162.14604,2025-08-09 06:00:00
31.0,113.078255,2025-08-09 06:00:00
50.0,130.93082,2025-08-09 06:00:00
46.0,118.196526,2025-08-09 06:00:00
44.0,161.57747,2025-08-09 07:00:00
31.0,118.140274,2025-08-09 07:00:00
56.0,139.32173,2025-08-09 07:00:00
35.0,116.74273,2025-08-09 07:00:00
44.0,113.76524,2025-08-09 08:00:00
52.0,132.1889,2025-08-09 08:00:00
34.0,115.51335,2025-08-09 08:00:00
31.0,144.39807,2025-08-09 08:00:00
47.0,160.69777,2025-08-09 09:00:00
75.0,131.54912,2025-08-09 09:00:00
59.0,135.66818,2025-08-09 09:00:00
42.0,133.71747,2025-08-09 09:00:00
80.0,121.270905,2025-08-09 10:00:00
66.0,133.05992,2025-08-09 10:00:00
56.0,149.02301,2025-08-09 10:00:00
68.0,160.60883,2025-08-09 10:00:00
70.0,139.5153,2025-08-09 11:00:00
59.0,175.33377,2025-08-09 11:00:00
89.0,164.38197,2025-08-09 11:00:00
150.0,140.84984,2025-08-09 11:00:00
158.0,159.6389,2025-08-09 12:00:00
64.0,152.47836,2025-08-09 12:00:00
67.0,110.29728,2025-08-09 12:00:00
66.0,114.67859,2025-08-09 12:00:00
119.0,118.24936,2025-08-09 13:00:00
66.0,112.176346,2025-08-09 13:00:00
83.0,102.84971,2025-08-09 13:00:00
73.0,98.23698,2025-08-09 14:00:00
28.0,85.78865,2025-08-09 14:00:00
122.0,150.01393,2025-08-09 14:00:00
66.0,101.27785,2025-08-09 14:00:00
102.0,169.63063,2025-08-09 15:00:00
50.0,97.042946,2025-08-09 15:00:00
69.0,97.751465,2025-08-09 15:00:00
63.0,98.80324,2025-08-09 15:00:00
59.0,82.169014,2025-08-09 16:00:00
86.0,86.20694,2025-08-09 16:00:00
57.0,85.56543,2025-08-09 16:00:00
77.0,120.36763,2025-08-09 16:00:00
77.0,158.17807,2025-08-09 17:00:00
69.0,72.7732,2025-08-09 17:00:00
68.0,69.19843,2025-08-09 17:00:00
72.0,78.817986,2025-08-09 17:00:00
81.0,80.56497,2025-08-09 18:00:00
77.0,73.438,2025-08-09 18:00:00
80.0,81.787964,2025-08-09 18:00:00
40.0,156.9389,2025-08-09 18:00:00
101.0,99.266556,2025-08-09 19:00:00
156.0,88.04283,2025-08-09 19:00:00
73.0,119.600876,2025-08-09 19:00:00
86.0,72.266846,2025-08-09 19:00:00
100.0,123.24733,2025-08-09 20:00:00
91.0,89.67497,2025-08-09 20:00:00
92.0,82.18782,2025-08-09 20:00:00
97.0,76.897736,2025-08-09 20:00:00
100.0,93.01098,2025-08-09 21:00:00
101.0,81.760345,2025-08-09 21:00:00
110.0,85.4215,2025-08-09 21:00:00
108.0,145.62561,2025-08-09 21:00:00
114.0,98.12405,2025-08-09 22:00:00
185.0,139.65825,2025-08-09 22:00:00
66.0,87.15989,2025-08-09 22:00:00
97.0,84.733536,2025-08-09 22:00:00
91.0,83.478264,2025-08-09 23:00:00
62.0,107.79526,2025-08-09 23:00:00
153.0,136.25774,2025-08-09 23:00:00
90.0,97.46094,2025-08-09 23:00:00
74.0,81.404366,2025-08-10 00:00:00
86.0,92.13377,2025-08-10 00:00:00
134.0,147.66824,2025-08-10 00:00:00
81.0,79.10598,2025-08-10 00:00:00
121.0,128.04523,2025-08-10 01:00:00
86.0,78.09438,2025-08-10 01:00:00
95.0,99.56515,2025-08-10 01:00:00
90.0,84.09621,2025-08-10 01:00:00
105.0,140.62607,2025-08-10 02:00:00
96.0,84.85135,2025-08-10 02:00:00
84.0,72.74976,2025-08-10 02:00:00
100.0,80.489075,2025-08-10 02:00:00
111.0,79.655045,2025-08-10 03:00:00
99.0,69.607925,2025-08-10 03:00:00
72.0,136.04202,2025-08-10 03:00:00
147.0,84.74881,2025-08-10 03:00:00
92.0,66.49981,2025-08-10 04:00:00
103.0,68.742455,2025-08-10 04:00:00
105.0,82.49884,2025-08-10 04:00:00
111.0,114.11166,2025-08-10 04:00:00
102.0,88.12645,2025-08-10 05:00:00
116.0,87.18696,2025-08-10 05:00:00
114.0,77.42258,2025-08-10 05:00:00
122.0,114.732346,2025-08-10 05:00:00
121.0,87.191734,2025-08-10 06:00:00
118.0,112.15781,2025-08-10 06:00:00
96.0,94.66657,2025-08-10 06:00:00
155.0,114.57052,2025-08-10 06:00:00
139.0,124.8914,2025-08-10 07:00:00
114.0,111.56599,2025-08-10 07:00:00
70.0,96.93966,2025-08-10 07:00:00
160.0,122.3978,2025-08-10 07:00:00
244.0,127.9511,2025-08-10 08:00:00
139.0,98.971535,2025-08-10 08:00:00
125.0,98.00146,2025-08-10 08:00:00
171.0,107.00864,2025-08-10 08:00:00
144.0,109.14065,2025-08-10 09:00:00
216.0,104.119255,2025-08-10 09:00:00
285.0,137.38147,2025-08-10 09:00:00
150.0,101.39284,2025-08-10 09:00:00
179.0,108.79388,2025-08-10 10:00:00
183.0,109.77606,2025-08-10 10:00:00
140.0,100.9196,2025-08-10 10:00:00
279.0,159.70982,2025-08-10 10:00:00
172.0,103.76228,2025-08-10 11:00:00
263.0,152.45903,2025-08-10 11:00:00
226.0,122.41402,2025-08-10 11:00:00
153.0,112.18385,2025-08-10 11:00:00
182.0,97.731865,2025-08-10 12:00:00
144.0,111.20237,2025-08-10 12:00:00
149.0,90.51827,2025-08-10 12:00:00
206.0,161.02948,2025-08-10 12:00:00
100.0,155.50717,2025-08-10 13:00:00
106.0,89.459236,2025-08-10 13:00:00
106.0,84.55078,2025-08-10 13:00:00
103.0,107.183495,2025-08-10 13:00:00
122.0,127.83609,2025-08-10 14:00:00
83.0,104.10429,2025-08-10 14:00:00
70.0,85.606964,2025-08-10 14:00:00
107.0,84.498146,2025-08-10 14:00:00
79.0,91.20507,2025-08-10 15:00:00
70.0,87.666245,2025-08-10 15:00:00
112.0,113.783714,2025-08-10 15:00:00
51.0,82.706665,2025-08-10 15:00:00
48.0,78.837776,2025-08-10 16:00:00
68.0,82.07766,2025-08-10 16:00:00
132.0,97.154236,2025-08-10 16:00:00
83.0,74.28459,2025-08-10 16:00:00
111.0,95.93454,2025-08-10 17:00:00
96.0,74.601364,2025-08-10 17:00:00
84.0,74.45655,2025-08-10 17:00:00
73.0,76.998055,2025-08-10 17:00:00
189.0,114.80516,2025-08-10 18:00:00
100.0,73.61843,2025-08-10 18:00:00
92.0,91.087715,2025-08-10 18:00:00
69.0,89.45732,2025-08-10 18:00:00
161.0,112.71742,2025-08-10 19:00:00
182.0,116.82239,2025-08-10 19:00:00
90.0,91.7226,2025-08-10 19:00:00
185.0,99.44097,2025-08-10 19:00:00
105.0,104.28672,2025-08-10 20:00:00
190.0,123.489105,2025-08-10 20:00:00
157.0,139.65314,2025-08-10 20:00:00
90.0,97.91317,2025-08-10 20:00:00
135.0,140.39584,2025-08-10 21:00:00
144.0,161.81659,2025-08-10 21:00:00
114.0,120.9565,2025-08-10 21:00:00
89.0,104.92288,2025-08-10 21:00:00
139.0,137.1989,2025-08-10 22:00:00
97.0,103.764595,2025-08-10 22:00:00
124.0,130.65004,2025-08-10 22:00:00
135.0,177.0234,2025-08-10 22:00:00
117.0,124.14272,2025-08-10 23:00:00
128.0,139.87215,2025-08-10 23:00:00
63.0,110.755936,2025-08-10 23:00:00
66.0,168.891,2025-08-10 23:00:00
121.0,100.026985,2025-08-11 00:00:00
145.0,118.02477,2025-08-11 00:00:00
105.0,148.85664,2025-08-11 00:00:00
125.0,103.61941,2025-08-11 00:00:00
113.0,96.53426,2025-08-11 01:00:00
105.0,97.73674,2025-08-11 01:00:00
136.0,137.38058,2025-08-11 01:00:00
162.0,109.57431,2025-08-11 01:00:00
122.0,94.93652,2025-08-11 02:00:00
158.0,97.77977,2025-08-11 02:00:00
152.0,141.4682,2025-08-11 02:00:00
116.0,93.13715,2025-08-11 02:00:00
191.0,124.6419,2025-08-11 03:00:00
160.0,100.8787,2025-08-11 03:00:00
117.0,95.46036,2025-08-11 03:00:00
155.0,98.79639,2025-08-11 03:00:00
133.0,89.37342,2025-08-11 04:00:00
265.0,152.05005,2025-08-11 04:00:00
107.0,96.51168,2025-08-11 04:00:00
108.0,91.937195,2025-08-11 04:00:00
263.0,150.20761,2025-08-11 05:00:00
103.0,104.64719,2025-08-11 05:00:00
125.0,94.93545,2025-08-11 05:00:00
129.0,95.22107,2025-08-11 05:00:00
254.0,132.83395,2025-08-11 06:00:00
123.0,79.049385,2025-08-11 06:00:00
96.0,108.06976,2025-08-11 06:00:00
132.0,115.22472,2025-08-11 06:00:00
96.0,112.519966,2025-08-11 07:00:00
121.0,96.85923,2025-08-11 07:00:00
232.0,137.70555,2025-08-11 07:00:00
240.0,137.13547,2025-08-11 07:00:00
150.0,121.252,2025-08-11 08:00:00
96.0,115.992096,2025-08-11 08:00:00
205.0,220.90147,2025-08-11 08:00:00
268.0,154.7857,2025-08-11 08:00:00
96.0,125.77204,2025-08-11 09:00:00
168.0,242.19092,2025-08-11 09:00:00
189.0,122.974525,2025-08-11 09:00:00
219.0,185.41147,2025-08-11 09:00:00
190.0,122.296616,2025-08-11 10:00:00
211.0,162.73099,2025-08-11 10:00:00
133.0,201.11304,2025-08-11 10:00:00
197.0,131.36865,2025-08-11 10:00:00
153.0,126.494934,2025-08-11 11:00:00
174.0,184.90587,2025-08-11 11:00:00
204.0,129.56126,2025-08-11 11:00:00
143.0,212.27356,2025-08-11 11:00:00
135.75,107.08197,2025-08-11 12:00:00
114.0,156.8741,2025-08-11 12:00:00
163.0,174.90736,2025-08-11 12:00:00
156.0,117.06027,2025-08-11 12:00:00
122.0,103.547585,2025-08-11 13:00:00
91.0,98.2826,2025-08-11 13:00:00
172.0,137.59042,2025-08-11 13:00:00
96.0,137.09106,2025-08-11 13:00:00
85.0,89.04758,2025-08-11 14:00:00
97.0,91.90992,2025-08-11 14:00:00
237.0,145.29622,2025-08-11 14:00:00
92.0,120.101715,2025-08-11 14:00:00
89.0,127.58882,2025-08-11 15:00:00
63.0,87.11843,2025-08-11 15:00:00
234.0,140.6731,2025-08-11 15:00:00
57.0,87.13757,2025-08-11 15:00:00
39.0,122.825195,2025-08-11 16:00:00
67.0,149.10431,2025-08-11 16:00:00
57.0,83.64496,2025-08-11 16:00:00
29.0,90.7885,2025-08-11 16:00:00
20.0,84.12117,2025-08-11 17:00:00
39.0,132.53354,2025-08-11 17:00:00
28.0,110.34971,2025-08-11 17:00:00
57.0,85.58944,2025-08-11 17:00:00
38.0,81.00351,2025-08-11 18:00:00
27.0,111.99122,2025-08-11 18:00:00
39.0,186.2983,2025-08-11 18:00:00
20.0,92.43825,2025-08-11 18:00:00
33.0,139.2397,2025-08-11 19:00:00
39.0,178.1163,2025-08-11 19:00:00
18.0,96.646034,2025-08-11 19:00:00
147.0,96.08837,2025-08-11 19:00:00
41.0,164.82835,2025-08-11 20:00:00
39.0,163.81944,2025-08-11 20:00:00
30.0,106.56108,2025-08-11 20:00:00
93.5,101.738945,2025-08-11 20:00:00
38.0,139.78285,2025-08-11 21:00:00
20.0,165.10103,2025-08-11 21:00:00
46.0,105.54101,2025-08-11 21:00:00
45.0,112.8434,2025-08-11 21:00:00
46.0,124.21008,2025-08-11 22:00:00
50.0,94.39663,2025-08-11 22:00:00
53.0,153.33301,2025-08-11 22:00:00
39.0,136.92422,2025-08-11 22:00:00
45.0,115.215195,2025-08-11 23:00:00
7.0,99.113495,2025-08-11 23:00:00
67.0,128.09995,2025-08-11 23:00:00
52.0,135.7168,2025-08-11 23:00:00
72.0,106.222244,2025-08-12 00:00:00
136.0,147.78372,2025-08-12 00:00:00
81.0,122.33636,2025-08-12 00:00:00
66.0,108.30812,2025-08-12 00:00:00
95.0,100.586174,2025-08-12 01:00:00
83.0,99.038216,2025-08-12 01:00:00
128.0,162.9249,2025-08-12 01:00:00
114.0,116.47183,2025-08-12 01:00:00
121.5,91.34634,2025-08-12 02:00:00
89.0,101.52074,2025-08-12 02:00:00
128.0,181.27374,2025-08-12 02:00:00
158.0,115.84143,2025-08-12 02:00:00
128.5,96.64664,2025-08-12 03:00:00
117.0,181.96867,2025-08-12 03:00:00
160.0,118.02903,2025-08-12 03:00:00
100.0,101.990746,2025-08-12 03:00:00
108.0,174.03326,2025-08-12 04:00:00
135.0,115.83757,2025-08-12 04:00:00
101.0,95.30134,2025-08-12 04:00:00
107.5,92.55124,2025-08-12 04:00:00
63.0,192.48059,2025-08-12 05:00:00
107.5,101.31675,2025-08-12 05:00:00
156.0,116.47117,2025-08-12 05:00:00
99.0,96.90268,2025-08-12 05:00:00
68.0,155.4939,2025-08-12 06:00:00
195.0,117.4342,2025-08-12 06:00:00
114.0,95.33502,2025-08-12 06:00:00
103.5,106.65718,2025-08-12 06:00:00
110.0,104.22042,2025-08-12 07:00:00
134.0,138.91531,2025-08-12 07:00:00
106.0,153.34767,2025-08-12 07:00:00
123.0,107.14519,2025-08-12 07:00:00
146.0,141.97714,2025-08-12 08:00:00
119.0,113.50528,2025-08-12 08:00:00
215.0,123.88716,2025-08-12 08:00:00
128.0,101.81272,2025-08-12 08:00:00
146.5,104.77531,2025-08-12 09:00:00
132.0,108.84413,2025-08-12 09:00:00
240.0,109.30382,2025-08-12 09:00:00
173.0,178.27638,2025-08-12 09:00:00
291.0,155.43506,2025-08-12 10:00:00
129.0,133.0091,2025-08-12 10:00:00
235.0,132.05081,2025-08-12 10:00:00
195.5,116.95435,2025-08-12 10:00:00
133.0,122.39696,2025-08-12 11:00:00
304.0,168.81133,2025-08-12 11:00:00
223.0,138.56483,2025-08-12 11:00:00
195.5,129.73763,2025-08-12 11:00:00
158.0,120.33443,2025-08-12 12:00:00
204.0,163.07838,2025-08-12 12:00:00
298.0,120.293076,2025-08-12 12:00:00
124.0,136.49173,2025-08-12 12:00:00
254.0,100.78706,2025-08-12 13:00:00
183.0,140.02759,2025-08-12 13:00:00
158.0,94.56357,2025-08-12 13:00:00
146.0,127.53627,2025-08-12 13:00:00
105.0,96.76035,2025-08-12 14:00:00
102.0,90.22836,2025-08-12 14:00:00
195.0,100.24931,2025-08-12 14:00:00
158.0,154.63129,2025-08-12 14:00:00
113.0,95.12681,2025-08-12 15:00:00
174.0,95.65361,2025-08-12 15:00:00
92.0,94.46096,2025-08-12 15:00:00
116.0,141.6789,2025-08-12 15:00:00
139.0,90.40385,2025-08-12 16:00:00
208.0,88.93282,2025-08-12 16:00:00
95.0,85.13998,2025-08-12 16:00:00
99.0,83.2976,2025-08-12 16:00:00
168.0,78.34297,2025-08-12 17:00:00
100.0,75.69898,2025-08-12 17:00:00
119.0,70.06555,2025-08-12 17:00:00
191.0,77.73067,2025-08-12 17:00:00
135.0,74.905235,2025-08-12 18:00:00
182.0,85.54395,2025-08-12 18:00:00
172.0,87.04298,2025-08-12 18:00:00
132.0,80.58205,2025-08-12 18:00:00
255.0,96.63213,2025-08-12 19:00:00
184.0,100.18479,2025-08-12 19:00:00
135.0,92.80945,2025-08-12 19:00:00
226.0,98.10463,2025-08-12 19:00:00
316.0,106.300575,2025-08-12 20:00:00
117.0,96.20526,2025-08-12 20:00:00
216.0,118.317986,2025-08-12 20:00:00
112.0,101.61991,2025-08-12 20:00:00
116.0,105.56969,2025-08-12 21:00:00
89.0,104.95006,2025-08-12 21:00:00
230.0,120.42363,2025-08-12 21:00:00
230.0,134.21078,2025-08-12 21:00:00
95.0,99.82132,2025-08-12 22:00:00
163.0,124.3517,2025-08-12 22:00:00
151.0,116.744995,2025-08-12 22:00:00
100.0,106.455414,2025-08-12 22:00:00
96.0,110.11493,2025-08-12 23:00:00
64.0,99.12862,2025-08-12 23:00:00
135.0,114.46728,2025-08-12 23:00:00
118.0,113.28792,2025-08-12 23:00:00
133.0,104.04402,2025-08-13 00:00:00
92.0,92.99867,2025-08-13 00:00:00
143.0,103.652374,2025-08-13 00:00:00
101.0,91.6681,2025-08-13 00:00:00
94.0,95.32151,2025-08-13 01:00:00
141.0,96.44312,2025-08-13 01:00:00
56.0,113.970184,2025-08-13 01:00:00
101.0,97.313965,2025-08-13 01:00:00
99.0,91.06994,2025-08-13 02:00:00
133.0,110.90554,2025-08-13 02:00:00
155.0,99.91881,2025-08-13 02:00:00
112.0,114.43984,2025-08-13 02:00:00
141.0,125.12638,2025-08-13 03:00:00
125.0,97.34572,2025-08-13 03:00:00
110.0,91.016335,2025-08-13 03:00:00
133.0,101.15604,2025-08-13 03:00:00
111.0,89.347916,2025-08-13 04:00:00
122.0,116.55229,2025-08-13 04:00:00
195.0,117.82154,2025-08-13 04:00:00
100.0,85.542496,2025-08-13 04:00:00
188.0,115.42128,2025-08-13 05:00:00
156.0,135.95905,2025-08-13 05:00:00
106.0,89.23691,2025-08-13 05:00:00
103.0,86.983696,2025-08-13 05:00:00
84.0,87.09873,2025-08-13 06:00:00
183.0,142.44649,2025-08-13 06:00:00
237.0,121.32364,2025-08-13 06:00:00
108.0,94.59496,2025-08-13 06:00:00
195.0,117.49585,2025-08-13 07:00:00
110.0,92.173454,2025-08-13 07:00:00
124.0,83.212944,2025-08-13 07:00:00
162.0,130.1341,2025-08-13 07:00:00
114.0,93.339874,2025-08-13 08:00:00
274.0,179.53624,2025-08-13 08:00:00
235.0,160.60732,2025-08-13 08:00:00
133.0,90.74876,2025-08-13 08:00:00
138.0,105.02592,2025-08-13 09:00:00
235.0,161.29819,2025-08-13 09:00:00
162.0,103.489746,2025-08-13 09:00:00
357.0,212.5846,2025-08-13 09:00:00
279.0,210.44856,2025-08-13 10:00:00
310.0,225.852,2025-08-13 10:00:00
161.0,108.73306,2025-08-13 10:00:00
138.0,101.5231,2025-08-13 10:00:00
162.0,101.88389,2025-08-13 11:00:00
294.0,205.65755,2025-08-13 11:00:00
151.0,100.61186,2025-08-13 11:00:00
333.0,200.52809,2025-08-13 11:00:00
149.0,98.83303,2025-08-13 12:00:00
211.0,180.734,2025-08-13 12:00:00
163.0,95.301704,2025-08-13 12:00:00
210.0,224.60956,2025-08-13 12:00:00
152.0,165.35938,2025-08-13 13:00:00
121.0,97.24977,2025-08-13 13:00:00
196.0,191.6542,2025-08-13 13:00:00
162.0,92.160194,2025-08-13 13:00:00
57.0,88.116455,2025-08-13 14:00:00
111.0,151.13246,2025-08-13 14:00:00
130.0,164.13235,2025-08-13 14:00:00
111.0,81.19136,2025-08-13 14:00:00
58.0,92.01747,2025-08-13 15:00:00
79.0,77.360634,2025-08-13 15:00:00
91.0,152.3021,2025-08-13 15:00:00
85.0,146.57826,2025-08-13 15:00:00
86.0,77.86925,2025-08-13 16:00:00
163.0,153.67224,2025-08-13 16:00:00
59.0,150.05731,2025-08-13 16:00:00
51.0,70.22448,2025-08-13 16:00:00
103.0,168.46587,2025-08-13 17:00:00
34.0,69.42358,2025-08-13 17:00:00
27.0,72.0622,2025-08-13 17:00:00
33.0,119.291565,2025-08-13 17:00:00
11.0,76.271286,2025-08-13 18:00:00
22.0,126.97808,2025-08-13 18:00:00
27.0,69.35326,2025-08-13 18:00:00
57.0,183.63623,2025-08-13 18:00:00
16.0,107.54748,2025-08-13 19:00:00
23.0,125.591415,2025-08-13 19:00:00
33.0,216.7644,2025-08-13 19:00:00
6.0,73.8789,2025-08-13 19:00:00
17.5,41.966103,2025-08-13 20:00:00
7.0,78.31268,2025-08-13 20:00:00
12.0,89.13479,2025-08-13 20:00:00
22.0,213.69778,2025-08-13 20:00:00
27.0,172.14836,2025-08-13 20:00:00
12.0,86.58479,2025-08-13 21:00:00
14.5,70.51885,2025-08-13 21:00:00
7.0,82.75974,2025-08-13 21:00:00
22.0,192.35692,2025-08-13 21:00:00
25.0,185.78778,2025-08-13 21:00:00
25.0,163.84395,2025-08-13 22:00:00
14.5,64.79191,2025-08-13 22:00:00
7.0,95.04169,2025-08-13 22:00:00
22.0,181.616,2025-08-13 22:00:00
12.0,79.63742,2025-08-13 22:00:00
12.0,78.264,2025-08-13 23:00:00
22.0,138.43134,2025-08-13 23:00:00
16.0,80.67562,2025-08-13 23:00:00
14.5,71.22639,2025-08-13 23:00:00
9.0,156.03627,2025-08-13 23:00:00
24.0,154.23183,2025-08-14 00:00:00
14.5,84.71052,2025-08-14 00:00:00
27.0,98.259026,2025-08-14 00:00:00
11.0,141.95253,2025-08-14 00:00:00
1.0,85.96871,2025-08-14 01:00:00
9.0,138.63956,2025-08-14 01:00:00
17.0,87.899345,2025-08-14 01:00:00
41.0,156.20511,2025-08-14 01:00:00
17.0,92.19624,2025-08-14 02:00:00
14.0,72.94007,2025-08-14 02:00:00
11.0,123.35051,2025-08-14 02:00:00
125.0,149.65833,2025-08-14 02:00:00
1.0,87.86295,2025-08-14 02:00:00
17.0,85.39294,2025-08-14 03:00:00
1.0,80.97462,2025-08-14 03:00:00
11.0,60.4147,2025-08-14 03:00:00
11.0,117.18536,2025-08-14 03:00:00
64.0,145.59705,2025-08-14 03:00:00
17.0,76.37196,2025-08-14 04:00:00
11.0,111.84905,2025-08-14 04:00:00
1.0,85.04017,2025-08-14 04:00:00
31.0,63.8627,2025-08-14 04:00:00
47.0,163.02101,2025-08-14 04:00:00
48.0,170.26941,2025-08-14 05:00:00
38.5,63.82769,2025-08-14 05:00:00
23.0,120.933556,2025-08-14 05:00:00
17.0,80.029144,2025-08-14 05:00:00
25.0,116.45133,2025-08-14 06:00:00
57.0,81.78819,2025-08-14 06:00:00
67.0,63.747295,2025-08-14 06:00:00
67.0,149.1227,2025-08-14 06:00:00
41.0,128.82112,2025-08-14 07:00:00
73.0,78.453995,2025-08-14 07:00:00
13.0,154.66978,2025-08-14 07:00:00
64.75,62.31969,2025-08-14 07:00:00
75.75,71.741295,2025-08-14 08:00:00
68.0,152.00504,2025-08-14 08:00:00
88.0,98.16374,2025-08-14 08:00:00
48.0,110.74628,2025-08-14 08:00:00
70.0,83.000534,2025-08-14 09:00:00
86.75,58.613472,2025-08-14 09:00:00
103.0,84.21864,2025-08-14 09:00:00
124.0,131.9073,2025-08-14 09:00:00
73.0,85.65328,2025-08-14 10:00:00
118.0,92.27642,2025-08-14 10:00:00
86.5,48.340984,2025-08-14 10:00:00
95.0,118.16385,2025-08-14 10:00:00
67.66666666666667,49.477634,2025-08-14 11:00:00
95.0,68.846695,2025-08-14 11:00:00
92.0,96.30866,2025-08-14 11:00:00
77.0,118.22492,2025-08-14 11:00:00
144.0,166.03319,2025-08-14 12:00:00
59.25,53.986553,2025-08-14 12:00:00
85.0,96.13735,2025-08-14 12:00:00
78.0,70.97418,2025-08-14 13:00:00
77.0,83.15508,2025-08-14 13:00:00
99.0,142.21562,2025-08-14 13:00:00
38.75,47.538136,2025-08-14 14:00:00
62.0,80.82686,2025-08-14 14:00:00
55.0,70.51296,2025-08-14 14:00:00
94.0,144.59023,2025-08-14 14:00:00
85.0,142.22511,2025-08-14 15:00:00
48.0,73.09256,2025-08-14 15:00:00
53.0,60.8793,2025-08-14 15:00:00
35.5,43.695225,2025-08-14 15:00:00
46.0,76.4418,2025-08-14 16:00:00
48.0,53.329193,2025-08-14 16:00:00
97.0,106.305626,2025-08-14 16:00:00
43.75,44.803726,2025-08-14 16:00:00
8.0,100.631386,2025-08-14 17:00:00
48.0,48.193493,2025-08-14 17:00:00
59.0,64.114006,2025-08-14 17:00:00
52.0,42.691486,2025-08-14 17:00:00
8.0,116.45404,2025-08-14 18:00:00
57.0,66.26003,2025-08-14 18:00:00
51.0,62.444508,2025-08-14 18:00:00
51.75,51.916122,2025-08-14 18:00:00
89.0,138.20651,2025-08-14 19:00:00
59.0,58.356907,2025-08-14 19:00:00
97.0,86.39978,2025-08-14 19:00:00
66.75,50.089066,2025-08-14 19:00:00
71.5,59.624958,2025-08-14 20:00:00
97.0,144.21745,2025-08-14 20:00:00
80.0,74.91993,2025-08-14 20:00:00
88.0,97.99286,2025-08-14 20:00:00
121.0,134.30724,2025-08-14 21:00:00
90.0,101.59181,2025-08-14 21:00:00
90.0,74.306656,2025-08-14 21:00:00
68.5,58.088913,2025-08-14 21:00:00
73.25,61.520817,2025-08-14 22:00:00
92.0,91.78694,2025-08-14 22:00:00
175.0,141.18332,2025-08-14 22:00:00
90.0,68.051346,2025-08-14 22:00:00
119.0,137.29156,2025-08-14 23:00:00
96.0,81.173744,2025-08-14 23:00:00
88.0,63.243317,2025-08-14 23:00:00
38.75,48.69859,2025-08-14 23:00:00
45.0,73.42314,2025-08-15 00:00:00
23.25,50.071636,2025-08-15 00:00:00
75.0,88.166016,2025-08-15 00:00:00
81.0,140.11388,2025-08-15 00:00:00
61.0,148.35376,2025-08-15 01:00:00
63.0,79.618904,2025-08-15 01:00:00
38.0,62.097374,2025-08-15 01:00:00
33.75,51.408028,2025-08-15 01:00:00
38.0,59.412437,2025-08-15 02:00:00
99.0,73.51042,2025-08-15 02:00:00
37.75,53.646458,2025-08-15 02:00:00
52.0,155.13028,2025-08-15 02:00:00
39.0,51.487648,2025-08-15 03:00:00
52.0,136.2526,2025-08-15 03:00:00
68.0,73.70195,2025-08-15 03:00:00
38.0,59.17006,2025-08-15 03:00:00
52.0,110.533104,2025-08-15 04:00:00
44.0,60.585392,2025-08-15 04:00:00
69.0,70.49507,2025-08-15 04:00:00
56.5,48.541454,2025-08-15 04:00:00
52.0,116.77121,2025-08-15 05:00:00
72.5,47.86582,2025-08-15 05:00:00
83.0,69.89543,2025-08-15 05:00:00
36.0,63.687954,2025-08-15 05:00:00
69.0,96.79939,2025-08-15 06:00:00
103.0,77.45519,2025-08-15 06:00:00
53.0,57.986805,2025-08-15 06:00:00
69.25,47.680897,2025-08-15 06:00:00
122.0,131.79483,2025-08-15 07:00:00
89.0,59.768467,2025-08-15 07:00:00
66.33333333333333,53.32506,2025-08-15 07:00:00
117.0,90.53271,2025-08-15 07:00:00
107.0,72.022446,2025-08-15 08:00:00
130.0,85.53525,2025-08-15 08:00:00
63.25,55.029594,2025-08-15 08:00:00
151.0,114.22282,2025-08-15 08:00:00
143.0,131.36362,2025-08-15 09:00:00
114.0,81.446785,2025-08-15 09:00:00
74.25,59.974,2025-08-15 09:00:00
152.0,124.016464,2025-08-15 09:00:00
129.0,91.09663,2025-08-15 10:00:00
172.0,102.11383,2025-08-15 10:00:00
73.75,59.963467,2025-08-15 10:00:00
117.0,114.731705,2025-08-15 10:00:00
132.0,141.55939,2025-08-15 11:00:00
158.0,89.74241,2025-08-15 11:00:00
79.33333333333333,57.45587,2025-08-15 11:00:00
123.0,88.954414,2025-08-15 11:00:00
125.0,90.75588,2025-08-15 12:00:00
116.0,167.54655,2025-08-15 12:00:00
80.75,63.171673,2025-08-15 12:00:00
125.0,85.56257,2025-08-15 12:00:00
97.0,91.45468,2025-08-15 13:00:00
74.25,63.217976,2025-08-15 13:00:00
39.0,113.35414,2025-08-15 13:00:00
118.0,82.90476,2025-08-15 13:00:00
99.0,98.78027,2025-08-15 14:00:00
112.0,84.940895,2025-08-15 14:00:00
92.0,82.66854,2025-08-15 14:00:00
74.75,60.438145,2025-08-15 14:00:00
65.25,55.114243,2025-08-15 15:00:00
85.0,78.183174,2025-08-15 15:00:00
106.0,79.31831,2025-08-15 15:00:00
113.0,90.55396,2025-08-15 15:00:00
102.0,78.95656,2025-08-15 16:00:00
74.0,74.9719,2025-08-15 16:00:00
59.5,53.937897,2025-08-15 16:00:00
121.0,89.68594,2025-08-15 16:00:00
99.0,74.563965,2025-08-15 17:00:00
57.0,67.50666,2025-08-15 17:00:00
121.0,88.61028,2025-08-15 17:00:00
72.0,65.3078,2025-08-15 17:00:00
155.0,91.568405,2025-08-15 18:00:00
64.0,65.69061,2025-08-15 18:00:00
105.0,76.327805,2025-08-15 18:00:00
55.25,56.52253,2025-08-15 18:00:00
67.0,57.221413,2025-08-15 19:00:00
73.0,75.78241,2025-08-15 19:00:00
129.0,97.22433,2025-08-15 19:00:00
143.0,95.60734,2025-08-15 19:00:00
128.0,92.99507,2025-08-15 20:00:00
72.0,78.28055,2025-08-15 20:00:00
67.0,59.692486,2025-08-15 20:00:00
102.0,96.445984,2025-08-15 20:00:00
63.0,55.794437,2025-08-15 21:00:00
77.0,78.75297,2025-08-15 21:00:00
90.0,100.78983,2025-08-15 21:00:00
128.0,97.55969,2025-08-15 21:00:00
182.0,95.0829,2025-08-15 22:00:00
63.0,56.34796,2025-08-15 22:00:00
68.0,82.43611,2025-08-15 22:00:00
81.0,111.96661,2025-08-15 22:00:00
153.0,100.90209,2025-08-15 23:00:00
63.0,54.891,2025-08-15 23:00:00
81.0,115.6755,2025-08-15 23:00:00
66.0,84.22403,2025-08-15 23:00:00
39.0,114.04433,2025-08-16 00:00:00
63.0,60.498055,2025-08-16 00:00:00
127.0,108.61363,2025-08-16 00:00:00
67.0,86.55222,2025-08-16 00:00:00
195.0,99.24994,2025-08-16 01:00:00
56.0,51.1901,2025-08-16 01:00:00
73.0,74.292496,2025-08-16 01:00:00
64.0,100.029755,2025-08-16 01:00:00
62.0,76.66437,2025-08-16 02:00:00
79.0,84.64898,2025-08-16 02:00:00
203.25,49.32874,2025-08-16 02:00:00
145.0,92.411766,2025-08-16 02:00:00
116.5,49.26355,2025-08-16 03:00:00
64.0,73.51225,2025-08-16 03:00:00
121.0,97.59535,2025-08-16 03:00:00
85.0,89.634605,2025-08-16 03:00:00
55.0,87.18729,2025-08-16 04:00:00
68.0,73.66433,2025-08-16 04:00:00
162.0,110.565796,2025-08-16 04:00:00
61.25,55.543427,2025-08-16 04:00:00
97.0,110.84844,2025-08-16 05:00:00
90.0,76.88954,2025-08-16 05:00:00
101.0,89.710625,2025-08-16 05:00:00
53.75,61.271027,2025-08-16 05:00:00
51.0,74.00765,2025-08-16 06:00:00
47.75,60.61608,2025-08-16 06:00:00
67.0,97.95911,2025-08-16 06:00:00
119.0,97.795685,2025-08-16 06:00:00
70.0,108.57423,2025-08-16 07:00:00
64.25,61.96851,2025-08-16 07:00:00
102.0,116.15762,2025-08-16 07:00:00
57.0,75.42933,2025-08-16 07:00:00
106.0,80.688354,2025-08-16 08:00:00
85.0,132.85565,2025-08-16 08:00:00
76.5,66.5588,2025-08-16 08:00:00
88.0,110.20374,2025-08-16 08:00:00
116.0,83.6637,2025-08-16 09:00:00
59.0,111.96451,2025-08-16 09:00:00
116.0,114.02802,2025-08-16 09:00:00
76.0,61.553005,2025-08-16 09:00:00
88.0,83.85366,2025-08-16 10:00:00
114.0,128.20248,2025-08-16 10:00:00
91.0,149.8645,2025-08-16 10:00:00
73.25,65.55264,2025-08-16 10:00:00
146.0,130.64471,2025-08-16 11:00:00
108.0,111.58112,2025-08-16 11:00:00
71.66666666666667,68.22329,2025-08-16 11:00:00
86.0,81.02237,2025-08-16 11:00:00
92.0,101.838936,2025-08-16 12:00:00
78.0,78.58812,2025-08-16 12:00:00
127.0,104.17831,2025-08-16 12:00:00
79.0,67.009865,2025-08-16 12:00:00
81.0,67.493225,2025-08-16 13:00:00
90.0,104.99952,2025-08-16 13:00:00
75.75,62.37065,2025-08-16 13:00:00
130.0,90.926704,2025-08-16 13:00:00
102.0,93.021545,2025-08-16 14:00:00
64.25,69.306816,2025-08-16 14:00:00
163.0,95.63178,2025-08-16 14:00:00
85.0,67.40412,2025-08-16 14:00:00
95.0,61.08472,2025-08-16 15:00:00
92.0,92.59456,2025-08-16 15:00:00
105.0,111.37133,2025-08-16 15:00:00
54.0,72.23863,2025-08-16 15:00:00
97.0,58.55137,2025-08-16 16:00:00
86.0,81.13187,2025-08-16 16:00:00
85.0,93.67302,2025-08-16 16:00:00
62.5,68.70982,2025-08-16 16:00:00
85.0,100.335625,2025-08-16 17:00:00
63.5,55.511066,2025-08-16 17:00:00
72.0,59.86673,2025-08-16 17:00:00
66.0,79.25117,2025-08-16 17:00:00
77.0,97.723274,2025-08-16 18:00:00
74.0,60.30071,2025-08-16 18:00:00
59.0,60.068535,2025-08-16 18:00:00
47.0,89.51621,2025-08-16 18:00:00
52.0,61.088425,2025-08-16 19:00:00
67.0,80.44777,2025-08-16 19:00:00
55.25,62.52895,2025-08-16 19:00:00
20.0,93.89081,2025-08-16 19:00:00
52.0,67.7245,2025-08-16 20:00:00
79.0,84.23639,2025-08-16 20:00:00
61.0,83.758026,2025-08-16 20:00:00
56.0,65.49403,2025-08-16 20:00:00
67.0,89.924675,2025-08-16 21:00:00
52.0,68.65619,2025-08-16 21:00:00
55.75,64.038666,2025-08-16 21:00:00
83.0,89.40438,2025-08-16 21:00:00
91.0,89.045006,2025-08-16 22:00:00
69.0,64.74147,2025-08-16 22:00:00
53.25,59.95333,2025-08-16 22:00:00
95.0,88.545586,2025-08-16 22:00:00
66.5,59.85051,2025-08-16 23:00:00
113.0,86.36003,2025-08-16 23:00:00
102.0,86.6341,2025-08-16 23:00:00
77.0,62.168114,2025-08-16 23:00:00
151.0,93.85633,2025-08-17 00:00:00
50.75,65.3089,2025-08-17 00:00:00
53.0,72.285904,2025-08-17 00:00:00
107.0,96.199875,2025-08-17 00:00:00
48.0,63.442112,2025-08-17 01:00:00
95.0,92.78895,2025-08-17 01:00:00
116.0,106.10123,2025-08-17 01:00:00
85.0,72.90247,2025-08-17 01:00:00
49.0,66.018036,2025-08-17 02:00:00
90.0,70.2731,2025-08-17 02:00:00
99.0,86.20402,2025-08-17 02:00:00
85.0,113.707214,2025-08-17 02:00:00
29.25,65.45272,2025-08-17 03:00:00
72.0,64.216156,2025-08-17 03:00:00
58.0,94.50551,2025-08-17 03:00:00
118.0,75.880486,2025-08-17 03:00:00
28.5,63.55192,2025-08-17 04:00:00
67.0,77.22167,2025-08-17 04:00:00
62.0,65.26259,2025-08-17 04:00:00
44.0,95.98014,2025-08-17 04:00:00
40.0,66.34282,2025-08-17 05:00:00
57.0,115.36091,2025-08-17 05:00:00
51.0,93.32906,2025-08-17 05:00:00
48.75,65.303185,2025-08-17 05:00:00
83.0,91.71917,2025-08-17 06:00:00
78.0,91.38335,2025-08-17 06:00:00
66.0,74.94971,2025-08-17 06:00:00
52.25,61.6667,2025-08-17 06:00:00
92.0,91.09254,2025-08-17 07:00:00
88.0,79.770035,2025-08-17 07:00:00
52.5,61.741524,2025-08-17 07:00:00
80.0,95.34786,2025-08-17 07:00:00
110.0,96.19782,2025-08-17 08:00:00
75.0,84.28371,2025-08-17 08:00:00
134.0,102.58718,2025-08-17 08:00:00
68.25,61.59211,2025-08-17 08:00:00
88.0,100.72028,2025-08-17 09:00:00
74.5,75.2122,2025-08-17 09:00:00
110.0,110.54825,2025-08-17 09:00:00
169.0,114.62592,2025-08-17 09:00:00
80.25,68.42146,2025-08-17 10:00:00
99.0,109.81978,2025-08-17 10:00:00
89.0,74.47464,2025-08-17 10:00:00
153.0,108.76487,2025-08-17 10:00:00
116.0,111.78349,2025-08-17 11:00:00
101.0,125.2636,2025-08-17 11:00:00
98.33333333333331,76.44417,2025-08-17 11:00:00
88.0,76.01165,2025-08-17 11:00:00
101.0,65.46383,2025-08-17 12:00:00
103.0,119.20613,2025-08-17 12:00:00
111.0,97.37562,2025-08-17 12:00:00
72.5,62.40848,2025-08-17 12:00:00
113.0,119.4807,2025-08-17 13:00:00
100.0,90.21091,2025-08-17 13:00:00
99.0,73.30414,2025-08-17 13:00:00
54.5,66.18928,2025-08-17 13:00:00
80.0,70.285,2025-08-17 14:00:00
89.0,84.232796,2025-08-17 14:00:00
191.0,127.939705,2025-08-17 14:00:00
44.75,57.660282,2025-08-17 14:00:00
33.75,53.276234,2025-08-17 15:00:00
74.0,79.4576,2025-08-17 15:00:00
67.0,64.68643,2025-08-17 15:00:00
92.0,107.60413,2025-08-17 15:00:00
96.0,84.12643,2025-08-17 16:00:00
38.75,51.53013,2025-08-17 16:00:00
58.0,67.29456,2025-08-17 16:00:00
59.0,77.17625,2025-08-17 16:00:00
35.5,46.865772,2025-08-17 17:00:00
86.0,86.1905,2025-08-17 17:00:00
55.0,61.206413,2025-08-17 17:00:00
57.0,54.250465,2025-08-17 17:00:00
39.0,66.45452,2025-08-17 18:00:00
61.0,79.75241,2025-08-17 18:00:00
36.5,49.76038,2025-08-17 18:00:00
29.0,66.61203,2025-08-17 18:00:00
110.0,72.85195,2025-08-17 19:00:00
61.0,82.49472,2025-08-17 19:00:00
40.0,77.88278,2025-08-17 19:00:00
36.75,54.306507,2025-08-17 19:00:00
39.0,68.81148,2025-08-17 19:00:00
62.0,89.31165,2025-08-17 20:00:00
64.0,67.65909,2025-08-17 20:00:00
66.0,76.46706,2025-08-17 20:00:00
67.0,96.74802,2025-08-17 20:00:00
125.0,83.433945,2025-08-17 20:00:00
140.0,83.098915,2025-08-17 21:00:00
64.0,89.583145,2025-08-17 21:00:00
83.0,108.461945,2025-08-17 21:00:00
77.0,105.2528,2025-08-17 21:00:00
76.0,67.54516,2025-08-17 21:00:00
95.0,127.26947,2025-08-17 22:00:00
107.0,109.32987,2025-08-17 22:00:00
85.0,90.54039,2025-08-17 22:00:00
71.5,65.17189,2025-08-17 22:00:00
150.0,104.677086,2025-08-17 22:00:00
64.25,69.385254,2025-08-17 23:00:00
117.0,95.69947,2025-08-17 23:00:00
100.0,81.66283,2025-08-17 23:00:00
124.0,105.783585,2025-08-17 23:00:00
78.0,124.30688,2025-08-17 23:00:00
207.0,109.97715,2025-08-18 00:00:00
117.0,101.95423,2025-08-18 00:00:00
96.0,77.92889,2025-08-18 00:00:00
61.5,69.079475,2025-08-18 00:00:00
91.0,106.28508,2025-08-18 00:00:00
112.0,101.73876,2025-08-18 01:00:00
94.0,74.920044,2025-08-18 01:00:00
53.75,57.31356,2025-08-18 01:00:00
117.0,93.25028,2025-08-18 01:00:00
112.0,110.78743,2025-08-18 01:00:00
103.0,93.81411,2025-08-18 02:00:00
116.0,90.521065,2025-08-18 02:00:00
117.0,92.12773,2025-08-18 02:00:00
74.0,71.39678,2025-08-18 02:00:00
47.75,54.836254,2025-08-18 02:00:00
58.0,71.82307,2025-08-18 03:00:00
81.0,87.21759,2025-08-18 03:00:00
153.0,99.01824,2025-08-18 03:00:00
45.5,54.538265,2025-08-18 03:00:00
80.0,97.874725,2025-08-18 04:00:00
100.0,83.99089,2025-08-18 04:00:00
61.0,71.04366,2025-08-18 04:00:00
37.5,57.137756,2025-08-18 04:00:00
42.0,66.32965,2025-08-18 05:00:00
35.25,54.2027,2025-08-18 05:00:00
118.0,86.75554,2025-08-18 05:00:00
80.0,98.62606,2025-08-18 05:00:00
56.0,70.67471,2025-08-18 06:00:00
103.0,88.765465,2025-08-18 06:00:00
46.25,45.35561,2025-08-18 06:00:00
56.0,98.918045,2025-08-18 06:00:00
106.0,87.69278,2025-08-18 06:00:00
61.0,72.99953,2025-08-18 07:00:00
60.25,46.025845,2025-08-18 07:00:00
95.0,110.6851,2025-08-18 07:00:00
108.0,90.80785,2025-08-18 07:00:00
134.0,94.33141,2025-08-18 07:00:00
81.0,74.605354,2025-08-18 08:00:00
144.0,124.56906,2025-08-18 08:00:00
196.0,115.39363,2025-08-18 08:00:00
79.75,50.05404,2025-08-18 08:00:00
127.0,100.67587,2025-08-18 08:00:00
191.0,111.505325,2025-08-18 09:00:00
108.0,74.61318,2025-08-18 09:00:00
76.5,56.92975,2025-08-18 09:00:00
222.0,128.78592,2025-08-18 09:00:00
136.0,123.798256,2025-08-18 09:00:00
69.25,68.723366,2025-08-18 10:00:00
261.0,138.3456,2025-08-18 10:00:00
101.0,89.16048,2025-08-18 10:00:00
190.0,127.211525,2025-08-18 10:00:00
259.0,127.544106,2025-08-18 10:00:00
162.0,121.2878,2025-08-18 11:00:00
147.0,114.845085,2025-08-18 11:00:00
103.0,91.45145,2025-08-18 11:00:00
152.0,129.38405,2025-08-18 11:00:00
60.0,68.870605,2025-08-18 11:00:00
117.0,115.10833,2025-08-18 12:00:00
135.0,145.22012,2025-08-18 12:00:00
146.0,146.02956,2025-08-18 12:00:00
80.0,89.45693,2025-08-18 12:00:00
51.5,64.75301,2025-08-18 12:00:00
68.0,85.293495,2025-08-18 13:00:00
200.0,129.4445,2025-08-18 13:00:00
150.0,157.64069,2025-08-18 13:00:00
47.75,58.47063,2025-08-18 13:00:00
96.0,110.791664,2025-08-18 13:00:00
78.0,94.62997,2025-08-18 14:00:00
195.0,106.382805,2025-08-18 14:00:00
70.0,75.10003,2025-08-18 14:00:00
44.5,55.102512,2025-08-18 14:00:00
113.0,171.1091,2025-08-18 14:00:00
46.5,51.222168,2025-08-18 15:00:00
84.0,73.15003,2025-08-18 15:00:00
78.0,89.86343,2025-08-18 15:00:00
113.0,114.28426,2025-08-18 15:00:00
47.75,48.80973,2025-08-18 16:00:00
95.0,103.6103,2025-08-18 16:00:00
108.0,86.655876,2025-08-18 16:00:00
86.0,67.69273,2025-08-18 16:00:00
114.0,97.62239,2025-08-18 17:00:00
57.0,67.50307,2025-08-18 17:00:00
51.0,42.090515,2025-08-18 17:00:00
61.0,77.372734,2025-08-18 17:00:00
56.5,44.529427,2025-08-18 18:00:00
69.0,85.71468,2025-08-18 18:00:00
51.0,77.51603,2025-08-18 18:00:00
151.0,93.693726,2025-08-18 18:00:00
100.0,79.922806,2025-08-18 18:00:00
64.0,63.250896,2025-08-18 19:00:00
55.25,51.929173,2025-08-18 19:00:00
111.0,91.61461,2025-08-18 19:00:00
90.0,96.55916,2025-08-18 19:00:00
156.0,94.77467,2025-08-18 19:00:00
149.0,133.05339,2025-08-18 20:00:00
158.0,111.7461,2025-08-18 20:00:00
50.0,67.66594,2025-08-18 20:00:00
204.0,99.68264,2025-08-18 20:00:00
77.0,74.93919,2025-08-18 20:00:00
124.0,125.84722,2025-08-18 21:00:00
67.0,93.391075,2025-08-18 21:00:00
90.0,144.84544,2025-08-18 21:00:00
158.0,117.646454,2025-08-18 21:00:00
52.25,63.582584,2025-08-18 21:00:00
140.0,127.76676,2025-08-18 22:00:00
69.0,131.10216,2025-08-18 22:00:00
52.0,88.63029,2025-08-18 22:00:00
94.0,128.84863,2025-08-18 22:00:00
48.25,64.59887,2025-08-18 22:00:00
135.0,114.615036,2025-08-18 23:00:00
34.75,59.573338,2025-08-18 23:00:00
69.0,133.02324,2025-08-18 23:00:00
53.0,91.151596,2025-08-18 23:00:00
89.0,117.68466,2025-08-18 23:00:00
44.0,116.643524,2025-08-19 00:00:00
66.0,181.07617,2025-08-19 00:00:00
32.75,44.836617,2025-08-19 00:00:00
57.0,79.23974,2025-08-19 00:00:00
106.0,105.644775,2025-08-19 00:00:00
118.0,100.079285,2025-08-19 01:00:00
57.0,77.4377,2025-08-19 01:00:00
66.0,128.85722,2025-08-19 01:00:00
53.0,116.75521,2025-08-19 01:00:00
38.0,47.244785,2025-08-19 01:00:00
134.0,97.999695,2025-08-19 02:00:00
68.0,72.33585,2025-08-19 02:00:00
81.0,112.81784,2025-08-19 02:00:00
20.5,45.387016,2025-08-19 02:00:00
75.0,95.30919,2025-08-19 02:00:00
57.0,122.08608,2025-08-19 03:00:00
20.5,44.25204,2025-08-19 03:00:00
45.0,107.25744,2025-08-19 03:00:00
68.0,75.06547,2025-08-19 03:00:00
19.0,123.0388,2025-08-19 03:00:00
51.0,45.589325,2025-08-19 04:00:00
102.0,108.2398,2025-08-19 04:00:00
59.0,75.81581,2025-08-19 04:00:00
45.0,120.952805,2025-08-19 04:00:00
27.0,93.37234,2025-08-19 04:00:00
130.0,116.74828,2025-08-19 05:00:00
108.0,133.34636,2025-08-19 05:00:00
72.0,68.991776,2025-08-19 05:00:00
64.5,54.654457,2025-08-19 05:00:00
48.0,103.67702,2025-08-19 05:00:00
190.0,129.68411,2025-08-19 06:00:00
53.75,55.825703,2025-08-19 06:00:00
89.0,104.187096,2025-08-19 06:00:00
113.0,74.35799,2025-08-19 06:00:00
99.0,122.314835,2025-08-19 06:00:00
116.0,132.49484,2025-08-19 07:00:00
111.0,131.05388,2025-08-19 07:00:00
77.0,122.32451,2025-08-19 07:00:00
41.25,57.442562,2025-08-19 07:00:00
123.0,78.75026,2025-08-19 07:00:00
69.0,142.4842,2025-08-19 08:00:00
72.0,88.226006,2025-08-19 08:00:00
111.0,145.47263,2025-08-19 08:00:00
42.5,65.0016,2025-08-19 08:00:00
78.0,164.69998,2025-08-19 08:00:00
111.0,150.02606,2025-08-19 09:00:00
79.0,150.89838,2025-08-19 09:00:00
101.0,177.24713,2025-08-19 09:00:00
72.0,78.757034,2025-08-19 09:00:00
47.0,58.68469,2025-08-19 09:00:00
122.0,171.41185,2025-08-19 10:00:00
53.75,55.548485,2025-08-19 10:00:00
84.0,148.0565,2025-08-19 10:00:00
111.0,121.322556,2025-08-19 10:00:00
95.0,73.73188,2025-08-19 10:00:00
64.33333333333333,47.446033,2025-08-19 11:00:00
88.0,125.27948,2025-08-19 11:00:00
100.0,67.94099,2025-08-19 11:00:00
122.0,149.38263,2025-08-19 11:00:00
89.0,72.372574,2025-08-19 12:00:00
97.0,121.019226,2025-08-19 12:00:00
101.0,122.28047,2025-08-19 12:00:00
67.5,49.614323,2025-08-19 12:00:00
57.5,40.787296,2025-08-19 13:00:00
91.0,101.81392,2025-08-19 13:00:00
79.0,67.553024,2025-08-19 13:00:00
188.0,105.36692,2025-08-19 13:00:00
68.0,90.062164,2025-08-19 14:00:00
50.0,64.80374,2025-08-19 14:00:00
50.0,43.53803,2025-08-19 14:00:00
121.0,102.849266,2025-08-19 14:00:00
67.0,66.4045,2025-08-19 15:00:00
112.0,115.97222,2025-08-19 15:00:00
37.75,46.04718,2025-08-19 15:00:00
75.0,83.552536,2025-08-19 15:00:00
59.0,85.86577,2025-08-19 16:00:00
57.0,59.727238,2025-08-19 16:00:00
177.0,109.853615,2025-08-19 16:00:00
32.0,48.404385,2025-08-19 16:00:00
58.0,73.76458,2025-08-19 17:00:00
29.75,51.086796,2025-08-19 17:00:00
51.0,54.813595,2025-08-19 17:00:00
85.0,113.93924,2025-08-19 17:00:00
48.0,81.387924,2025-08-19 18:00:00
33.0,49.65838,2025-08-19 18:00:00
58.0,105.67061,2025-08-19 18:00:00
41.0,59.501686,2025-08-19 18:00:00
70.0,90.30681,2025-08-19 19:00:00
61.0,107.18495,2025-08-19 19:00:00
30.0,72.01485,2025-08-19 19:00:00
36.75,48.751602,2025-08-19 19:00:00
40.5,50.853333,2025-08-19 20:00:00
73.0,124.49576,2025-08-19 20:00:00
48.0,78.7632,2025-08-19 20:00:00
84.0,112.97009,2025-08-19 20:00:00
44.0,79.43224,2025-08-19 21:00:00
73.0,120.99999,2025-08-19 21:00:00
96.0,111.46981,2025-08-19 21:00:00
42.5,47.29565,2025-08-19 21:00:00
46.75,43.97017,2025-08-19 22:00:00
61.0,100.518745,2025-08-19 22:00:00
48.0,86.0404,2025-08-19 22:00:00
72.0,109.016235,2025-08-19 22:00:00
40.0,83.14511,2025-08-19 23:00:00
73.0,111.14414,2025-08-19 23:00:00
35.25,40.45828,2025-08-19 23:00:00
102.0,100.50975,2025-08-19 23:00:00
88.0,82.310555,2025-08-20 00:00:00
36.0,44.676624,2025-08-20 00:00:00
48.0,80.84911,2025-08-20 00:00:00
75.0,112.976006,2025-08-20 00:00:00
32.75,42.579327,2025-08-20 01:00:00
84.0,91.746994,2025-08-20 01:00:00
96.0,87.39679,2025-08-20 01:00:00
42.0,69.74537,2025-08-20 01:00:00
32.25,39.2154,2025-08-20 02:00:00
122.0,86.84654,2025-08-20 02:00:00
207.0,101.69149,2025-08-20 02:00:00
55.0,71.69021,2025-08-20 02:00:00
45.0,68.1752,2025-08-20 03:00:00
129.0,121.61847,2025-08-20 03:00:00
125.0,80.38054,2025-08-20 03:00:00
26.75,40.663094,2025-08-20 03:00:00
28.5,39.50656,2025-08-20 04:00:00
81.0,80.322655,2025-08-20 04:00:00
97.0,108.09465,2025-08-20 04:00:00
41.0,62.334003,2025-08-20 04:00:00
39.0,65.14227,2025-08-20 05:00:00
78.0,86.37755,2025-08-20 05:00:00
86.0,111.39365,2025-08-20 05:00:00
32.75,41.610107,2025-08-20 05:00:00
50.0,59.962414,2025-08-20 06:00:00
96.0,97.29566,2025-08-20 06:00:00
31.75,33.00481,2025-08-20 06:00:00
94.0,82.35576,2025-08-20 06:00:00
111.0,80.83688,2025-08-20 07:00:00
96.0,87.123535,2025-08-20 07:00:00
46.0,71.85257,2025-08-20 07:00:00
40.25,30.896896,2025-08-20 07:00:00
41.75,32.135387,2025-08-20 08:00:00
36.0,97.52306,2025-08-20 08:00:00
103.0,82.81514,2025-08-20 08:00:00
67.0,68.35017,2025-08-20 08:00:00
48.5,36.01049,2025-08-20 09:00:00
78.0,120.399864,2025-08-20 09:00:00
114.0,94.432655,2025-08-20 09:00:00
77.0,67.97694,2025-08-20 09:00:00
88.0,117.15352,2025-08-20 10:00:00
48.5,36.785275,2025-08-20 10:00:00
83.0,92.4325,2025-08-20 10:00:00
78.0,72.47812,2025-08-20 10:00:00
42.0,64.82358,2025-08-20 11:00:00
88.0,98.42888,2025-08-20 11:00:00
80.0,93.85625,2025-08-20 11:00:00
43.0,41.163982,2025-08-20 11:00:00
53.0,58.147194,2025-08-20 12:00:00
196.0,76.867256,2025-08-20 12:00:00
68.0,74.74844,2025-08-20 12:00:00
41.0,36.513317,2025-08-20 12:00:00
58.0,66.143616,2025-08-20 13:00:00
41.0,57.446815,2025-08-20 13:00:00
40.0,35.040432,2025-08-20 13:00:00
114.0,109.29999,2025-08-20 13:00:00
45.0,55.215736,2025-08-20 14:00:00
78.0,100.24164,2025-08-20 14:00:00
46.0,73.11868,2025-08-20 14:00:00
41.0,28.212547,2025-08-20 14:00:00
42.0,64.78975,2025-08-20 15:00:00
44.0,43.78379,2025-08-20 15:00:00
51.0,94.845116,2025-08-20 15:00:00
38.5,22.506487,2025-08-20 15:00:00
69.0,87.069405,2025-08-20 16:00:00
42.0,41.540924,2025-08-20 16:00:00
47.0,52.390846,2025-08-20 16:00:00
34.5,23.195175,2025-08-20 16:00:00
32.25,14.330791,2025-08-20 17:00:00
72.0,58.380108,2025-08-20 17:00:00
53.0,54.727467,2025-08-20 17:00:00
66.0,35.142998,2025-08-20 17:00:00
69.0,63.365616,2025-08-20 17:00:00
103.0,72.758316,2025-08-20 18:00:00
55.0,80.520966,2025-08-20 18:00:00
67.0,54.08558,2025-08-20 18:00:00
44.75,18.115938,2025-08-20 18:00:00
50.0,34.982445,2025-08-20 18:00:00
46.0,45.894035,2025-08-20 19:00:00
90.0,76.59136,2025-08-20 19:00:00
132.0,69.28859,2025-08-20 19:00:00
46.25,24.366137,2025-08-20 19:00:00
110.0,77.069984,2025-08-20 19:00:00
136.0,65.92811,2025-08-20 20:00:00
129.0,71.25963,2025-08-20 20:00:00
122.0,87.291916,2025-08-20 20:00:00
51.5,29.083382,2025-08-20 20:00:00
56.0,47.310127,2025-08-20 20:00:00
132.0,88.808716,2025-08-20 21:00:00
121.0,75.03969,2025-08-20 21:00:00
55.0,61.225784,2025-08-20 21:00:00
117.0,84.643005,2025-08-20 21:00:00
54.75,32.932606,2025-08-20 21:00:00
207.0,88.34841,2025-08-20 22:00:00
46.75,34.75674,2025-08-20 22:00:00
53.0,63.390213,2025-08-20 22:00:00
112.0,77.741974,2025-08-20 22:00:00
106.0,86.3965,2025-08-20 22:00:00
150.0,88.309296,2025-08-20 23:00:00
77.0,59.290726,2025-08-20 23:00:00
134.0,76.3416,2025-08-20 23:00:00
102.0,83.58095,2025-08-20 23:00:00
34.25,30.27688,2025-08-20 23:00:00
79.0,97.79336,2025-08-21 00:00:00
29.5,37.131554,2025-08-21 00:00:00
67.0,67.344894,2025-08-21 00:00:00
114.0,125.348305,2025-08-21 00:00:00
110.0,81.00938,2025-08-21 00:00:00
31.0,34.729153,2025-08-21 01:00:00
119.0,79.318184,2025-08-21 01:00:00
81.0,106.22225,2025-08-21 01:00:00
68.0,80.117004,2025-08-21 01:00:00
56.0,59.71385,2025-08-21 01:00:00
39.0,31.893349,2025-08-21 02:00:00
58.0,56.647076,2025-08-21 02:00:00
96.0,83.86314,2025-08-21 02:00:00
79.0,97.09515,2025-08-21 02:00:00
64.0,89.197525,2025-08-21 02:00:00
78.0,93.79255,2025-08-21 03:00:00
138.0,82.714066,2025-08-21 03:00:00
78.0,52.2076,2025-08-21 03:00:00
79.0,83.97507,2025-08-21 03:00:00
42.75,33.169437,2025-08-21 03:00:00
58.0,43.29707,2025-08-21 04:00:00
30.0,93.9724,2025-08-21 04:00:00
30.5,29.71648,2025-08-21 04:00:00
96.0,74.63077,2025-08-21 04:00:00
64.0,82.018234,2025-08-21 04:00:00
88.0,91.83253,2025-08-21 05:00:00
70.0,80.02246,2025-08-21 05:00:00
33.0,48.16194,2025-08-21 05:00:00
68.0,88.00937,2025-08-21 05:00:00
33.75,36.87733,2025-08-21 05:00:00
38.0,34.578236,2025-08-21 06:00:00
64.0,96.72469,2025-08-21 06:00:00
47.0,48.79193,2025-08-21 06:00:00
129.0,86.17259,2025-08-21 06:00:00
128.0,87.73263,2025-08-21 06:00:00
50.0,49.96117,2025-08-21 07:00:00
144.0,92.03514,2025-08-21 07:00:00
106.0,97.19529,2025-08-21 07:00:00
46.75,37.5357,2025-08-21 07:00:00
70.0,94.79605,2025-08-21 07:00:00
59.75,35.710163,2025-08-21 08:00:00
50.0,48.538666,2025-08-21 08:00:00
218.0,96.80213,2025-08-21 08:00:00
135.0,97.48082,2025-08-21 08:00:00
45.0,105.17983,2025-08-21 08:00:00
125.0,50.90096,2025-08-21 09:00:00
218.0,109.70087,2025-08-21 09:00:00
151.0,101.447205,2025-08-21 09:00:00
61.0,37.632427,2025-08-21 09:00:00
66.0,101.61672,2025-08-21 09:00:00
230.0,137.48691,2025-08-21 10:00:00
86.0,89.743416,2025-08-21 10:00:00
150.0,106.71372,2025-08-21 10:00:00
63.25,41.452152,2025-08-21 10:00:00
103.0,57.950024,2025-08-21 10:00:00
96.0,58.64522,2025-08-21 11:00:00
144.0,162.33102,2025-08-21 11:00:00
174.0,107.131516,2025-08-21 11:00:00
65.66666666666667,39.22029,2025-08-21 11:00:00
91.0,91.847725,2025-08-21 11:00:00
91.0,89.26807,2025-08-21 12:00:00
151.0,124.67365,2025-08-21 12:00:00
94.0,58.402695,2025-08-21 12:00:00
114.0,106.88561,2025-08-21 12:00:00
69.0,30.668274,2025-08-21 12:00:00
113.0,99.36777,2025-08-21 13:00:00
88.0,55.301975,2025-08-21 13:00:00
91.0,83.84849,2025-08-21 13:00:00
9.0,127.9516,2025-08-21 13:00:00
56.75,36.5733,2025-08-21 13:00:00
112.0,49.508545,2025-08-21 14:00:00
91.0,73.10455,2025-08-21 14:00:00
151.0,87.63463,2025-08-21 14:00:00
103.0,74.73462,2025-08-21 14:00:00
53.75,33.867306,2025-08-21 14:00:00
199.0,94.75452,2025-08-21 15:00:00
80.0,61.14379,2025-08-21 15:00:00
99.0,78.57047,2025-08-21 15:00:00
51.25,31.430258,2025-08-21 15:00:00
47.5,26.842648,2025-08-21 16:00:00
190.0,71.548996,2025-08-21 16:00:00
125.0,79.124725,2025-08-21 16:00:00
69.0,54.867428,2025-08-21 16:00:00
107.0,78.33519,2025-08-21 17:00:00
68.0,55.847733,2025-08-21 17:00:00
48.75,29.754795,2025-08-21 17:00:00
202.0,78.00962,2025-08-21 17:00:00
95.0,78.598206,2025-08-21 18:00:00
65.75,36.703922,2025-08-21 18:00:00
78.0,56.48136,2025-08-21 18:00:00
348.0,103.90879,2025-08-21 18:00:00
318.0,102.65626,2025-08-21 19:00:00
105.0,66.165146,2025-08-21 19:00:00
177.0,108.43215,2025-08-21 19:00:00
111.5,39.486156,2025-08-21 19:00:00
155.0,73.98794,2025-08-21 20:00:00
161.0,110.96001,2025-08-21 20:00:00
132.25,45.86974,2025-08-21 20:00:00
240.0,137.26407,2025-08-21 20:00:00
194.0,141.08153,2025-08-21 21:00:00
105.25,50.51797,2025-08-21 21:00:00
190.0,80.79078,2025-08-21 21:00:00
160.0,112.39888,2025-08-21 21:00:00
132.0,74.17167,2025-08-21 22:00:00
160.0,110.582245,2025-08-21 22:00:00
97.0,150.84297,2025-08-21 22:00:00
60.25,48.61395,2025-08-21 22:00:00
97.0,126.032814,2025-08-21 23:00:00
57.5,47.588505,2025-08-21 23:00:00
145.0,123.36295,2025-08-21 23:00:00
144.0,76.84486,2025-08-21 23:00:00
129.0,116.32012,2025-08-22 00:00:00
160.0,109.98066,2025-08-22 00:00:00
41.5,50.12618,2025-08-22 00:00:00
139.0,78.96855,2025-08-22 00:00:00
35.75,42.243393,2025-08-22 01:00:00
84.0,72.63853,2025-08-22 01:00:00
118.0,113.7513,2025-08-22 01:00:00
179.0,96.51582,2025-08-22 01:00:00
179.0,98.64593,2025-08-22 02:00:00
95.0,73.94515,2025-08-22 02:00:00
30.75,39.736042,2025-08-22 02:00:00
58.0,106.73368,2025-08-22 02:00:00
51.0,73.74962,2025-08-22 02:00:00
52.0,62.95632,2025-08-22 03:00:00
47.5,43.46028,2025-08-22 03:00:00
100.0,110.86345,2025-08-22 03:00:00
143.0,98.771194,2025-08-22 03:00:00
55.0,62.862278,2025-08-22 04:00:00
95.0,84.694954,2025-08-22 04:00:00
60.75,42.958256,2025-08-22 04:00:00
322.0,98.78847,2025-08-22 04:00:00
58.25,43.074406,2025-08-22 05:00:00
265.0,109.97755,2025-08-22 05:00:00
72.0,67.50162,2025-08-22 05:00:00
96.0,85.100945,2025-08-22 05:00:00
103.0,99.34776,2025-08-22 06:00:00
70.0,50.44118,2025-08-22 06:00:00
75.0,67.77437,2025-08-22 06:00:00
175.0,138.58125,2025-08-22 06:00:00
79.0,79.23911,2025-08-22 07:00:00
83.5,66.16098,2025-08-22 07:00:00
202.0,219.96675,2025-08-22 07:00:00
130.0,102.83353,2025-08-22 07:00:00
157.0,108.72432,2025-08-22 08:00:00
79.5,77.412445,2025-08-22 08:00:00
89.0,96.77707,2025-08-22 08:00:00
230.0,193.99612,2025-08-22 08:00:00
100.0,99.06001,2025-08-22 09:00:00
149.0,118.429695,2025-08-22 09:00:00
84.5,75.76507,2025-08-22 09:00:00
91.0,190.94736,2025-08-22 09:00:00
127.0,94.988594,2025-08-22 10:00:00
88.0,195.55728,2025-08-22 10:00:00
91.5,71.51719,2025-08-22 10:00:00
171.0,115.97195,2025-08-22 10:00:00
129.0,98.98676,2025-08-22 11:00:00
178.0,120.53969,2025-08-22 11:00:00
91.0,70.32186,2025-08-22 11:00:00
143.0,168.98297,2025-08-22 11:00:00
151.0,175.00742,2025-08-22 12:00:00
113.0,89.96733,2025-08-22 12:00:00
174.0,113.53173,2025-08-22 12:00:00
78.75,67.41597,2025-08-22 12:00:00
83.0,86.50937,2025-08-22 13:00:00
71.0,66.454636,2025-08-22 13:00:00
132.0,99.901825,2025-08-22 13:00:00
99.0,239.68642,2025-08-22 13:00:00
97.0,96.99995,2025-08-22 14:00:00
121.0,86.12061,2025-08-22 14:00:00
58.75,64.50762,2025-08-22 14:00:00
194.0,183.79907,2025-08-22 14:00:00
102.0,113.666824,2025-08-22 14:00:00
90.0,85.76552,2025-08-22 15:00:00
111.0,200.61649,2025-08-22 15:00:00
86.0,105.86418,2025-08-22 15:00:00
57.5,63.88368,2025-08-22 15:00:00
92.0,88.37777,2025-08-22 15:00:00
55.5,60.80881,2025-08-22 16:00:00
57.0,69.54431,2025-08-22 16:00:00
75.0,83.56188,2025-08-22 16:00:00
81.0,225.68657,2025-08-22 16:00:00
90.0,107.88156,2025-08-22 16:00:00
69.0,195.46474,2025-08-22 17:00:00
74.0,99.86472,2025-08-22 17:00:00
41.0,69.8877,2025-08-22 17:00:00
62.0,91.91125,2025-08-22 17:00:00
50.0,57.6038,2025-08-22 17:00:00
55.0,91.11931,2025-08-22 18:00:00
80.0,215.45393,2025-08-22 18:00:00
34.0,59.840534,2025-08-22 18:00:00
50.0,85.979866,2025-08-22 18:00:00
48.5,65.041374,2025-08-22 18:00:00
51.0,71.49312,2025-08-22 19:00:00
1.0,77.33624,2025-08-22 19:00:00
151.0,120.60885,2025-08-22 19:00:00
54.25,68.22564,2025-08-22 19:00:00
80.0,200.4658,2025-08-22 19:00:00
56.0,72.4065,2025-08-22 20:00:00
74.0,76.19962,2025-08-22 20:00:00
42.0,93.34204,2025-08-22 20:00:00
34.0,168.9213,2025-08-22 20:00:00
121.0,125.94589,2025-08-22 20:00:00
61.0,97.09325,2025-08-22 21:00:00
124.0,94.771614,2025-08-22 21:00:00
152.0,127.13416,2025-08-22 21:00:00
53.5,70.23998,2025-08-22 21:00:00
95.0,174.5989,2025-08-22 21:00:00
118.0,133.07509,2025-08-22 22:00:00
43.75,67.40651,2025-08-22 22:00:00
138.0,113.826675,2025-08-22 22:00:00
86.0,88.16603,2025-08-22 22:00:00
112.0,84.141304,2025-08-22 22:00:00
90.0,87.57483,2025-08-22 23:00:00
141.0,109.48322,2025-08-22 23:00:00
89.0,88.16164,2025-08-22 23:00:00
124.0,111.545044,2025-08-22 23:00:00
41.0,68.87995,2025-08-22 23:00:00
100.0,80.6084,2025-08-23 00:00:00
200.0,138.28581,2025-08-23 00:00:00
75.0,93.84017,2025-08-23 00:00:00
41.75,65.98145,2025-08-23 00:00:00
141.0,118.97685,2025-08-23 00:00:00
141.0,108.24063,2025-08-23 01:00:00
41.5,60.156815,2025-08-23 01:00:00
88.0,77.23878,2025-08-23 01:00:00
111.0,77.42748,2025-08-23 01:00:00
200.0,140.95723,2025-08-23 01:00:00
129.0,126.58735,2025-08-23 02:00:00
94.0,81.87012,2025-08-23 02:00:00
63.0,77.72156,2025-08-23 02:00:00
40.75,56.281925,2025-08-23 02:00:00
108.0,108.19212,2025-08-23 02:00:00
39.5,59.076324,2025-08-23 03:00:00
66.0,78.51037,2025-08-23 03:00:00
135.0,134.50613,2025-08-23 03:00:00
97.0,97.50063,2025-08-23 03:00:00
72.0,93.77042,2025-08-23 03:00:00
101.0,150.96504,2025-08-23 04:00:00
42.0,72.00092,2025-08-23 04:00:00
35.75,60.44199,2025-08-23 04:00:00
57.0,94.077995,2025-08-23 04:00:00
41.0,81.24325,2025-08-23 04:00:00
41.0,91.669586,2025-08-23 05:00:00
28.0,95.93837,2025-08-23 05:00:00
24.75,62.23435,2025-08-23 05:00:00
101.0,97.3897,2025-08-23 05:00:00
35.0,73.72587,2025-08-23 05:00:00
41.0,104.33523,2025-08-23 06:00:00
96.0,110.39172,2025-08-23 06:00:00
40.0,90.75438,2025-08-23 06:00:00
27.0,75.95342,2025-08-23 06:00:00
13.75,62.63078,2025-08-23 06:00:00
12.25,65.802315,2025-08-23 07:00:00
77.0,110.51726,2025-08-23 07:00:00
41.0,125.15587,2025-08-23 07:00:00
24.0,104.91742,2025-08-23 07:00:00
35.0,79.21161,2025-08-23 07:00:00
18.5,57.586327,2025-08-23 08:00:00
101.0,107.89454,2025-08-23 08:00:00
35.0,73.36438,2025-08-23 08:00:00
22.0,107.95168,2025-08-23 08:00:00
35.0,68.47452,2025-08-23 09:00:00
33.0,98.65846,2025-08-23 09:00:00
34.0,117.95374,2025-08-23 09:00:00
29.5,61.832645,2025-08-23 09:00:00
54.5,66.48028,2025-08-23 10:00:00
34.0,168.17726,2025-08-23 10:00:00
35.0,106.94135,2025-08-23 10:00:00
48.0,82.7614,2025-08-23 10:00:00
103.33333333333331,60.522923,2025-08-23 11:00:00
61.0,121.16081,2025-08-23 11:00:00
31.0,106.3463,2025-08-23 11:00:00
48.0,83.215775,2025-08-23 11:00:00
30.0,125.19746,2025-08-23 12:00:00
56.0,82.53792,2025-08-23 12:00:00
69.75,54.96051,2025-08-23 12:00:00
20.0,102.93628,2025-08-23 12:00:00
44.0,45.994797,2025-08-23 13:00:00
68.0,100.766335,2025-08-23 13:00:00
40.0,91.65995,2025-08-23 13:00:00
64.0,69.10867,2025-08-23 13:00:00
72.0,78.65098,2025-08-23 14:00:00
69.75,52.53593,2025-08-23 14:00:00
25.0,70.343544,2025-08-23 14:00:00
39.0,138.94012,2025-08-23 14:00:00
25.0,67.33237,2025-08-23 15:00:00
65.25,39.131332,2025-08-23 15:00:00
35.0,85.635605,2025-08-23 15:00:00
39.0,112.77606,2025-08-23 15:00:00
39.0,82.180565,2025-08-23 16:00:00
46.5,47.555855,2025-08-23 16:00:00
90.0,58.245506,2025-08-23 16:00:00
29.0,72.45584,2025-08-23 16:00:00
83.0,84.824265,2025-08-23 17:00:00
58.0,61.83905,2025-08-23 17:00:00
41.75,47.771515,2025-08-23 17:00:00
29.0,74.37652,2025-08-23 17:00:00
83.0,88.262115,2025-08-23 18:00:00
40.0,69.14498,2025-08-23 18:00:00
29.0,75.29625,2025-08-23 18:00:00
49.25,48.00168,2025-08-23 18:00:00
52.0,45.693306,2025-08-23 19:00:00
105.0,82.42712,2025-08-23 19:00:00
29.0,81.4342,2025-08-23 19:00:00
80.0,59.27852,2025-08-23 19:00:00
54.0,47.54113,2025-08-23 20:00:00
171.0,73.90078,2025-08-23 20:00:00
55.0,58.945576,2025-08-23 20:00:00
48.0,49.53837,2025-08-23 21:00:00
103.0,82.20811,2025-08-23 21:00:00
66.0,57.4485,2025-08-23 21:00:00
48.0,58.19213,2025-08-23 22:00:00
78.0,95.555214,2025-08-23 22:00:00
36.5,54.38485,2025-08-23 22:00:00
58.0,86.984726,2025-08-23 23:00:00
35.75,51.73732,2025-08-23 23:00:00
27.0,50.051926,2025-08-23 23:00:00
40.0,56.737404,2025-08-24 00:00:00
74.0,98.31009,2025-08-24 00:00:00
29.0,80.94904,2025-08-24 00:00:00
31.0,55.08375,2025-08-24 00:00:00
30.5,55.759434,2025-08-24 01:00:00
74.0,129.04428,2025-08-24 01:00:00
36.0,57.28078,2025-08-24 01:00:00
29.0,80.44501,2025-08-24 01:00:00
27.25,59.564888,2025-08-24 02:00:00
40.0,54.07838,2025-08-24 02:00:00
27.0,117.14957,2025-08-24 02:00:00
41.0,84.21282,2025-08-24 02:00:00
25.0,57.09045,2025-08-24 03:00:00
61.0,97.72187,2025-08-24 03:00:00
22.0,55.561115,2025-08-24 03:00:00
42.0,86.89048,2025-08-24 03:00:00
30.0,56.821125,2025-08-24 04:00:00
29.75,46.85466,2025-08-24 04:00:00
75.0,91.53955,2025-08-24 04:00:00
42.0,82.889725,2025-08-24 04:00:00
30.25,45.31875,2025-08-24 05:00:00
38.0,56.981598,2025-08-24 05:00:00
42.0,80.240295,2025-08-24 05:00:00
52.0,89.95802,2025-08-24 05:00:00
59.0,62.476917,2025-08-24 06:00:00
39.75,45.66218,2025-08-24 06:00:00
42.0,88.727135,2025-08-24 06:00:00
160.0,97.592705,2025-08-24 06:00:00
38.25,47.921272,2025-08-24 07:00:00
46.0,62.561836,2025-08-24 07:00:00
110.0,105.69906,2025-08-24 07:00:00
40.75,42.674614,2025-08-24 08:00:00
41.0,60.120647,2025-08-24 08:00:00
84.0,90.785545,2025-08-24 08:00:00
38.0,65.932755,2025-08-24 09:00:00
34.0,46.568714,2025-08-24 09:00:00
88.0,84.409744,2025-08-24 09:00:00
36.0,48.37379,2025-08-24 10:00:00
51.0,61.10721,2025-08-24 10:00:00
77.0,85.67945,2025-08-24 10:00:00
68.0,65.05888,2025-08-24 11:00:00
77.0,76.45551,2025-08-24 11:00:00
42.66666666666666,47.603977,2025-08-24 11:00:00
51.0,61.3601,2025-08-24 12:00:00
43.25,51.74819,2025-08-24 12:00:00
25.0,85.04636,2025-08-24 12:00:00
88.0,103.52515,2025-08-24 13:00:00
50.0,56.519833,2025-08-24 13:00:00
48.0,51.847588,2025-08-24 13:00:00
37.5,50.972153,2025-08-24 13:00:00
40.0,63.373344,2025-08-24 14:00:00
46.0,43.795036,2025-08-24 14:00:00
63.0,46.12487,2025-08-24 14:00:00
26.5,41.283676,2025-08-24 14:00:00
63.0,72.222626,2025-08-24 15:00:00
63.0,43.691273,2025-08-24 15:00:00
18.5,41.84134,2025-08-24 15:00:00
36.0,58.215557,2025-08-24 15:00:00
38.0,41.948544,2025-08-24 16:00:00
20.0,43.141,2025-08-24 16:00:00
96.0,73.07176,2025-08-24 16:00:00
27.0,59.968445,2025-08-24 16:00:00
44.0,38.263992,2025-08-24 16:00:00
38.0,40.69756,2025-08-24 17:00:00
22.75,28.018333,2025-08-24 17:00:00
22.0,47.367264,2025-08-24 17:00:00
30.0,26.752716,2025-08-24 17:00:00
70.0,59.85385,2025-08-24 17:00:00
27.5,31.707764,2025-08-24 18:00:00
40.0,33.124092,2025-08-24 18:00:00
53.0,91.36839,2025-08-24 18:00:00
25.0,49.519333,2025-08-24 18:00:00
38.0,37.56509,2025-08-24 18:00:00
33.0,52.410492,2025-08-24 19:00:00
26.25,30.564367,2025-08-24 19:00:00
40.0,36.0692,2025-08-24 19:00:00
44.0,77.562195,2025-08-24 19:00:00
28.75,44.757614,2025-08-24 20:00:00
31.0,74.178734,2025-08-24 20:00:00
42.0,90.114784,2025-08-24 20:00:00
47.0,51.121475,2025-08-24 20:00:00
42.0,88.83275,2025-08-24 21:00:00
39.25,45.325462,2025-08-24 21:00:00
47.0,52.028374,2025-08-24 21:00:00
31.0,75.13816,2025-08-24 21:00:00
58.0,53.15714,2025-08-24 22:00:00
39.5,45.668064,2025-08-24 22:00:00
23.0,67.98621,2025-08-24 22:00:00
46.0,49.984184,2025-08-24 22:00:00
62.0,77.65813,2025-08-24 23:00:00
36.5,30.60826,2025-08-24 23:00:00
53.0,53.043755,2025-08-24 23:00:00
72.0,44.94933,2025-08-24 23:00:00
53.0,49.59593,2025-08-25 00:00:00
67.0,56.685093,2025-08-25 00:00:00
42.0,37.454784,2025-08-25 00:00:00
77.0,91.32565,2025-08-25 00:00:00
68.0,83.017944,2025-08-25 01:00:00
53.0,48.553356,2025-08-25 01:00:00
53.0,57.408783,2025-08-25 01:00:00
39.25,36.305965,2025-08-25 01:00:00
35.0,69.504715,2025-08-25 01:00:00
52.0,72.66622,2025-08-25 02:00:00
161.0,74.64605,2025-08-25 02:00:00
53.0,48.874847,2025-08-25 02:00:00
40.25,27.935936,2025-08-25 02:00:00
36.0,51.227306,2025-08-25 02:00:00
45.0,55.353065,2025-08-25 03:00:00
43.75,26.33193,2025-08-25 03:00:00
53.0,47.178825,2025-08-25 03:00:00
66.0,65.23653,2025-08-25 03:00:00
106.0,81.58506,2025-08-25 03:00:00
45.25,28.8686,2025-08-25 04:00:00
66.0,44.465088,2025-08-25 04:00:00
78.0,107.49999,2025-08-25 04:00:00
106.0,60.484585,2025-08-25 04:00:00
51.0,54.650986,2025-08-25 04:00:00
42.0,24.654846,2025-08-25 05:00:00
70.0,81.641846,2025-08-25 05:00:00
38.0,69.76998,2025-08-25 05:00:00
36.0,47.04319,2025-08-25 05:00:00
105.0,57.274532,2025-08-25 05:00:00
28.0,52.81571,2025-08-25 06:00:00
108.0,60.13813,2025-08-25 06:00:00
63.0,98.00034,2025-08-25 06:00:00
41.0,52.04408,2025-08-25 06:00:00
38.75,27.431942,2025-08-25 06:00:00
63.0,97.3817,2025-08-25 07:00:00
51.0,47.533985,2025-08-25 07:00:00
39.0,59.402805,2025-08-25 07:00:00
33.75,35.956802,2025-08-25 07:00:00
102.0,68.31855,2025-08-25 07:00:00
42.0,38.629055,2025-08-25 08:00:00
40.0,48.970932,2025-08-25 08:00:00
114.0,70.287605,2025-08-25 08:00:00
63.0,77.96466,2025-08-25 08:00:00
58.0,82.349,2025-08-25 09:00:00
63.75,45.03091,2025-08-25 09:00:00
55.0,50.613598,2025-08-25 09:00:00
83.0,74.91926,2025-08-25 09:00:00
50.0,75.10648,2025-08-25 09:00:00
51.5,47.77655,2025-08-25 10:00:00
36.0,78.42371,2025-08-25 10:00:00
31.0,53.501904,2025-08-25 10:00:00
75.0,90.37041,2025-08-25 10:00:00
83.0,89.063835,2025-08-25 10:00:00
42.0,56.588966,2025-08-25 11:00:00
72.0,75.193184,2025-08-25 11:00:00
33.333333333333336,34.75586,2025-08-25 11:00:00
42.0,88.193855,2025-08-25 11:00:00
63.0,102.641754,2025-08-25 11:00:00
42.0,54.47549,2025-08-25 12:00:00
31.75,33.544647,2025-08-25 12:00:00
63.0,76.31231,2025-08-25 12:00:00
146.0,111.00082,2025-08-25 12:00:00
35.0,85.8096,2025-08-25 12:00:00
35.0,52.910748,2025-08-25 13:00:00
52.0,71.56405,2025-08-25 13:00:00
79.0,81.77313,2025-08-25 13:00:00
22.0,31.710281,2025-08-25 13:00:00
42.0,54.26369,2025-08-25 13:00:00
19.0,52.907818,2025-08-25 14:00:00
27.0,77.42571,2025-08-25 14:00:00
16.0,30.96057,2025-08-25 14:00:00
42.0,53.513775,2025-08-25 14:00:00
52.0,71.86032,2025-08-25 14:00:00
18.25,29.789394,2025-08-25 15:00:00
30.0,112.09241,2025-08-25 15:00:00
11.0,45.579456,2025-08-25 15:00:00
52.0,59.943375,2025-08-25 15:00:00
24.0,97.85402,2025-08-25 16:00:00
21.0,30.374256,2025-08-25 16:00:00
9.0,39.18738,2025-08-25 16:00:00
31.0,40.978344,2025-08-25 16:00:00
52.0,66.627525,2025-08-25 16:00:00
24.0,75.52101,2025-08-25 17:00:00
31.0,39.856705,2025-08-25 17:00:00
18.0,31.545553,2025-08-25 17:00:00
21.25,29.114592,2025-08-25 17:00:00
36.0,31.818794,2025-08-25 18:00:00
24.0,94.953606,2025-08-25 18:00:00
17.0,34.406574,2025-08-25 18:00:00
23.5,24.07146,2025-08-25 18:00:00
36.0,36.90188,2025-08-25 19:00:00
28.0,92.165886,2025-08-25 19:00:00
24.75,19.65218,2025-08-25 19:00:00
24.0,29.784065,2025-08-25 19:00:00
39.0,80.29363,2025-08-25 20:00:00
24.0,44.580544,2025-08-25 20:00:00
30.0,43.002213,2025-08-25 20:00:00
24.75,25.876862,2025-08-25 20:00:00
47.0,87.61343,2025-08-25 21:00:00
17.0,51.455368,2025-08-25 21:00:00
30.0,52.517338,2025-08-25 21:00:00
24.0,34.372696,2025-08-25 21:00:00
25.0,51.742546,2025-08-25 22:00:00
155.0,94.403465,2025-08-25 22:00:00
27.5,36.1584,2025-08-25 22:00:00
30.0,49.63562,2025-08-25 22:00:00
39.0,46.669502,2025-08-25 23:00:00
88.0,88.79742,2025-08-25 23:00:00
41.0,33.441555,2025-08-25 23:00:00
28.0,49.314087,2025-08-25 23:00:00
23.0,45.055847,2025-08-26 00:00:00
41.0,31.641901,2025-08-26 00:00:00
66.0,87.602066,2025-08-26 00:00:00
34.0,51.57269,2025-08-26 00:00:00
23.0,44.05494,2025-08-26 01:00:00
66.0,82.107994,2025-08-26 01:00:00
41.0,30.817696,2025-08-26 01:00:00
55.0,75.58996,2025-08-26 01:00:00
29.0,45.564816,2025-08-26 01:00:00
41.0,40.91721,2025-08-26 02:00:00
58.0,74.42807,2025-08-26 02:00:00
69.0,100.15098,2025-08-26 02:00:00
20.5,31.042917,2025-08-26 02:00:00
38.0,42.00966,2025-08-26 02:00:00
62.0,81.741165,2025-08-26 03:00:00
69.0,115.83632,2025-08-26 03:00:00
39.0,27.313864,2025-08-26 03:00:00
28.0,41.079075,2025-08-26 03:00:00
50.0,81.58248,2025-08-26 04:00:00
27.0,45.09223,2025-08-26 04:00:00
38.0,102.46112,2025-08-26 04:00:00
31.0,26.696386,2025-08-26 04:00:00
6.0,46.730824,2025-08-26 04:00:00
7.0,48.964542,2025-08-26 05:00:00
52.0,101.36872,2025-08-26 05:00:00
9.0,42.330566,2025-08-26 05:00:00
17.25,25.905764,2025-08-26 05:00:00
9.0,41.268257,2025-08-26 06:00:00
18.5,26.515392,2025-08-26 06:00:00
48.0,91.59504,2025-08-26 06:00:00
13.0,45.287674,2025-08-26 06:00:00
25.25,29.053286,2025-08-26 07:00:00
17.0,62.468536,2025-08-26 07:00:00
18.0,42.728947,2025-08-26 07:00:00
63.0,124.05997,2025-08-26 07:00:00
18.0,41.439297,2025-08-26 08:00:00
39.75,25.990082,2025-08-26 08:00:00
166.0,124.33838,2025-08-26 08:00:00
35.0,80.14939,2025-08-26 08:00:00
42.0,55.2182,2025-08-26 09:00:00
63.0,48.40359,2025-08-26 09:00:00
123.0,175.57306,2025-08-26 09:00:00
55.0,31.894072,2025-08-26 09:00:00
102.0,147.64996,2025-08-26 10:00:00
45.0,79.65535,2025-08-26 10:00:00
91.0,49.011436,2025-08-26 10:00:00
57.25,34.1468,2025-08-26 10:00:00
56.66666666666666,41.568253,2025-08-26 11:00:00
78.0,50.52745,2025-08-26 11:00:00
91.0,182.41689,2025-08-26 11:00:00
56.0,71.398125,2025-08-26 11:00:00
61.0,67.236244,2025-08-26 12:00:00
100.0,143.38231,2025-08-26 12:00:00
78.0,41.739975,2025-08-26 12:00:00
62.5,35.35984,2025-08-26 12:00:00
100.0,128.06926,2025-08-26 13:00:00
106.0,96.53532,2025-08-26 13:00:00
53.0,46.488083,2025-08-26 13:00:00
57.0,69.08495,2025-08-26 13:00:00
72.75,36.521614,2025-08-26 13:00:00
51.0,42.964325,2025-08-26 14:00:00
69.0,33.55832,2025-08-26 14:00:00
101.0,78.74698,2025-08-26 14:00:00
31.0,95.692764,2025-08-26 14:00:00
44.0,44.039066,2025-08-26 14:00:00
38.0,41.911392,2025-08-26 15:00:00
103.0,78.65631,2025-08-26 15:00:00
63.75,40.00701,2025-08-26 15:00:00
29.0,40.369526,2025-08-26 15:00:00
81.0,103.08332,2025-08-26 15:00:00
73.0,35.333916,2025-08-26 16:00:00
41.0,42.17415,2025-08-26 16:00:00
88.0,103.710014,2025-08-26 16:00:00
49.75,32.123924,2025-08-26 16:00:00
112.0,76.95247,2025-08-26 16:00:00
51.0,27.707096,2025-08-26 17:00:00
108.0,77.09383,2025-08-26 17:00:00
94.0,92.810814,2025-08-26 17:00:00
73.0,29.497139,2025-08-26 17:00:00
47.0,42.40497,2025-08-26 17:00:00
52.0,51.21759,2025-08-26 18:00:00
75.0,36.989586,2025-08-26 18:00:00
189.0,94.570175,2025-08-26 18:00:00
91.0,94.099884,2025-08-26 18:00:00
47.25,30.819529,2025-08-26 18:00:00
59.0,39.66784,2025-08-26 19:00:00
49.0,25.931795,2025-08-26 19:00:00
83.0,52.095688,2025-08-26 19:00:00
123.0,78.31057,2025-08-26 19:00:00
74.0,78.883766,2025-08-26 19:00:00
85.0,108.82358,2025-08-26 20:00:00
80.0,56.721848,2025-08-26 20:00:00
84.0,76.786644,2025-08-26 20:00:00
84.0,46.839554,2025-08-26 20:00:00
57.0,33.70749,2025-08-26 20:00:00
81.0,60.463646,2025-08-26 21:00:00
70.0,66.68154,2025-08-26 21:00:00
99.0,85.657,2025-08-26 21:00:00
72.0,130.45232,2025-08-26 21:00:00
61.25,42.707054,2025-08-26 21:00:00
71.25,43.029495,2025-08-26 22:00:00
75.0,123.00718,2025-08-26 22:00:00
89.0,61.217506,2025-08-26 22:00:00
107.0,95.64244,2025-08-26 22:00:00
47.0,67.81758,2025-08-26 22:00:00
48.25,42.8393,2025-08-26 23:00:00
53.0,65.21641,2025-08-26 23:00:00
39.0,68.60856,2025-08-26 23:00:00
70.0,102.26627,2025-08-26 23:00:00
75.0,126.338776,2025-08-26 23:00:00
22.0,96.623,2025-08-27 00:00:00
13.0,46.835644,2025-08-27 00:00:00
16.0,70.65243,2025-08-27 00:00:00
40.0,100.63126,2025-08-27 00:00:00
28.0,69.39294,2025-08-27 00:00:00
27.0,110.944336,2025-08-27 01:00:00
35.0,63.42064,2025-08-27 01:00:00
17.5,41.67649,2025-08-27 01:00:00
17.0,79.24895,2025-08-27 01:00:00
18.0,56.314476,2025-08-27 01:00:00
31.0,109.12738,2025-08-27 02:00:00
21.0,64.72821,2025-08-27 02:00:00
27.0,117.33106,2025-08-27 02:00:00
25.0,42.302937,2025-08-27 02:00:00
18.0,59.81218,2025-08-27 02:00:00
19.0,59.085316,2025-08-27 03:00:00
19.666666666666668,60.53837,2025-08-27 03:00:00
33.0,105.32994,2025-08-27 03:00:00
37.0,36.585735,2025-08-27 03:00:00
75.0,103.94126,2025-08-27 03:00:00
56.0,74.901215,2025-08-27 04:00:00
38.0,60.155293,2025-08-27 04:00:00
60.333333333333336,66.04443,2025-08-27 04:00:00
36.75,36.74045,2025-08-27 04:00:00
162.0,109.70702,2025-08-27 04:00:00
76.33333333333333,61.179832,2025-08-27 05:00:00
117.0,126.0503,2025-08-27 05:00:00
35.0,37.650085,2025-08-27 05:00:00
81.0,71.09627,2025-08-27 05:00:00
48.0,65.1753,2025-08-27 05:00:00
89.0,80.59895,2025-08-27 06:00:00
39.5,39.238247,2025-08-27 06:00:00
110.0,115.80693,2025-08-27 06:00:00
66.66666666666667,59.78605,2025-08-27 06:00:00
51.0,75.016815,2025-08-27 06:00:00
56.25,41.65219,2025-08-27 07:00:00
95.0,73.762245,2025-08-27 07:00:00
84.0,83.231865,2025-08-27 07:00:00
135.0,129.4776,2025-08-27 07:00:00
53.0,57.6801,2025-08-27 07:00:00
99.0,82.96199,2025-08-27 08:00:00
128.0,76.528305,2025-08-27 08:00:00
98.66666666666669,64.42201,2025-08-27 08:00:00
59.0,37.889484,2025-08-27 08:00:00
162.0,117.99565,2025-08-27 08:00:00
151.0,66.79207,2025-08-27 09:00:00
74.0,134.30954,2025-08-27 09:00:00
76.75,42.472897,2025-08-27 09:00:00
158.0,106.07695,2025-08-27 09:00:00
134.0,89.83089,2025-08-27 09:00:00
173.0,107.720856,2025-08-27 10:00:00
191.0,129.68015,2025-08-27 10:00:00
208.0,86.2762,2025-08-27 10:00:00
85.0,58.609604,2025-08-27 10:00:00
191.0,104.29677,2025-08-27 10:00:00
199.0,95.36379,2025-08-27 11:00:00
133.0,104.465965,2025-08-27 11:00:00
127.0,80.20236,2025-08-27 11:00:00
87.33333333333333,51.828716,2025-08-27 11:00:00
239.0,123.80315,2025-08-27 11:00:00
90.0,69.09786,2025-08-27 12:00:00
213.0,101.82873,2025-08-27 12:00:00
112.0,89.24886,2025-08-27 12:00:00
78.25,50.89517,2025-08-27 12:00:00
245.0,127.810936,2025-08-27 12:00:00
85.0,51.714523,2025-08-27 13:00:00
74.0,65.88265,2025-08-27 13:00:00
149.0,102.68517,2025-08-27 13:00:00
197.0,103.59598,2025-08-27 13:00:00
97.0,90.264336,2025-08-27 13:00:00
143.0,84.025375,2025-08-27 14:00:00
241.0,106.9368,2025-08-27 14:00:00
101.0,83.02233,2025-08-27 14:00:00
92.0,63.460182,2025-08-27 14:00:00
83.0,50.63674,2025-08-27 14:00:00
138.0,90.09555,2025-08-27 15:00:00
87.75,54.888725,2025-08-27 15:00:00
103.0,53.723183,2025-08-27 15:00:00
243.0,126.43415,2025-08-27 15:00:00
111.0,78.333786,2025-08-27 15:00:00
92.0,56.923058,2025-08-27 16:00:00
112.0,81.725464,2025-08-27 16:00:00
102.0,58.36465,2025-08-27 16:00:00
83.0,38.313606,2025-08-27 16:00:00
217.0,118.52646,2025-08-27 16:00:00
228.0,70.79549,2025-08-27 17:00:00
83.25,33.73011,2025-08-27 17:00:00
112.0,45.295895,2025-08-27 17:00:00
91.0,50.00438,2025-08-27 17:00:00
194.0,79.94076,2025-08-27 17:00:00
193.0,91.418335,2025-08-27 18:00:00
94.75,45.131607,2025-08-27 18:00:00
145.0,59.4099,2025-08-27 18:00:00
128.0,56.847427,2025-08-27 18:00:00
224.0,84.324356,2025-08-27 18:00:00
135.0,55.306965,2025-08-27 19:00:00
44.0,86.747154,2025-08-27 19:00:00
316.0,78.909645,2025-08-27 19:00:00
141.0,64.1263,2025-08-27 19:00:00
115.0,48.792,2025-08-27 19:00:00
196.0,71.93399,2025-08-27 20:00:00
268.0,90.42679,2025-08-27 20:00:00
133.75,52.774746,2025-08-27 20:00:00
200.0,74.90683,2025-08-27 20:00:00
121.0,104.79781,2025-08-27 20:00:00
125.0,97.09989,2025-08-27 21:00:00
186.0,98.140366,2025-08-27 21:00:00
147.0,82.0152,2025-08-27 21:00:00
160.0,87.925545,2025-08-27 21:00:00
113.25,58.670246,2025-08-27 21:00:00
147.0,94.43629,2025-08-27 22:00:00
149.0,111.12558,2025-08-27 22:00:00
155.0,99.08197,2025-08-27 22:00:00
122.0,97.10274,2025-08-27 22:00:00
98.0,49.43533,2025-08-27 22:00:00
158.0,82.4311,2025-08-27 23:00:00
150.0,61.46285,2025-08-27 23:00:00
94.25,52.521793,2025-08-27 23:00:00
136.0,128.18806,2025-08-27 23:00:00
139.0,86.59774,2025-08-27 23:00:00
211.0,148.17981,2025-08-28 00:00:00
106.0,100.23418,2025-08-28 00:00:00
79.0,56.18362,2025-08-28 00:00:00
102.0,77.07238,2025-08-28 00:00:00
130.0,93.288414,2025-08-28 00:00:00
157.0,93.34025,2025-08-28 01:00:00
164.0,87.31535,2025-08-28 01:00:00
132.0,61.87503,2025-08-28 01:00:00
149.0,93.53567,2025-08-28 01:00:00
64.5,58.627396,2025-08-28 01:00:00
112.0,77.3066,2025-08-28 02:00:00
95.0,64.78441,2025-08-28 02:00:00
105.0,128.89157,2025-08-28 02:00:00
183.0,86.82361,2025-08-28 02:00:00
59.25,54.990845,2025-08-28 02:00:00
74.0,68.50852,2025-08-28 03:00:00
81.0,86.97489,2025-08-28 03:00:00
210.0,92.760345,2025-08-28 03:00:00
106.0,94.04384,2025-08-28 03:00:00
55.75,51.73705,2025-08-28 03:00:00
132.0,92.11249,2025-08-28 04:00:00
62.0,49.25745,2025-08-28 04:00:00
97.0,120.961,2025-08-28 04:00:00
57.0,68.56564,2025-08-28 04:00:00
73.0,85.89711,2025-08-28 04:00:00
119.0,87.69797,2025-08-28 05:00:00
85.0,62.4824,2025-08-28 05:00:00
143.0,114.412865,2025-08-28 05:00:00
63.5,49.61586,2025-08-28 05:00:00
23.0,110.702774,2025-08-28 05:00:00
111.0,131.62471,2025-08-28 06:00:00
75.0,83.63062,2025-08-28 06:00:00
70.0,71.485825,2025-08-28 06:00:00
77.0,125.57043,2025-08-28 06:00:00
68.5,46.642307,2025-08-28 06:00:00
67.0,59.444263,2025-08-28 07:00:00
90.0,89.71065,2025-08-28 07:00:00
80.0,75.258446,2025-08-28 07:00:00
106.0,131.30623,2025-08-28 07:00:00
128.0,143.12762,2025-08-28 07:00:00
143.0,171.85739,2025-08-28 08:00:00
108.0,102.98909,2025-08-28 08:00:00
76.0,77.49303,2025-08-28 08:00:00
155.0,132.93379,2025-08-28 08:00:00
117.0,79.52026,2025-08-28 08:00:00
110.0,89.23871,2025-08-28 09:00:00
117.0,121.29755,2025-08-28 09:00:00
189.0,137.58302,2025-08-28 09:00:00
80.0,70.82945,2025-08-28 09:00:00
156.0,153.80438,2025-08-28 09:00:00
71.75,76.85956,2025-08-28 10:00:00
241.0,179.30307,2025-08-28 10:00:00
110.0,103.343414,2025-08-28 10:00:00
134.0,146.17911,2025-08-28 10:00:00
127.0,154.67715,2025-08-28 10:00:00
121.0,126.8515,2025-08-28 11:00:00
134.0,133.6345,2025-08-28 11:00:00
77.66666666666667,76.65912,2025-08-28 11:00:00
118.0,98.6668,2025-08-28 11:00:00
168.0,171.80458,2025-08-28 11:00:00
144.0,198.74872,2025-08-28 12:00:00
143.0,136.37679,2025-08-28 12:00:00
100.0,99.74305,2025-08-28 12:00:00
81.75,71.16782,2025-08-28 12:00:00
116.0,75.103775,2025-08-28 12:00:00
106.0,87.73405,2025-08-28 13:00:00
111.0,126.53561,2025-08-28 13:00:00
74.25,69.225075,2025-08-28 13:00:00
119.0,208.64137,2025-08-28 13:00:00
117.0,69.56318,2025-08-28 13:00:00
58.5,64.11604,2025-08-28 14:00:00
113.0,66.70402,2025-08-28 14:00:00
90.0,91.17284,2025-08-28 14:00:00
101.0,117.95362,2025-08-28 14:00:00
80.0,160.66147,2025-08-28 14:00:00
2.0,159.8288,2025-08-28 15:00:00
86.0,110.58776,2025-08-28 15:00:00
86.0,63.3685,2025-08-28 15:00:00
74.0,82.74926,2025-08-28 15:00:00
63.0,59.129173,2025-08-28 15:00:00
108.0,147.04773,2025-08-28 16:00:00
95.0,93.9165,2025-08-28 16:00:00
92.0,62.021152,2025-08-28 16:00:00
77.0,87.97469,2025-08-28 16:00:00
74.75,54.8925,2025-08-28 16:00:00
90.0,77.9511,2025-08-28 17:00:00
134.0,96.70346,2025-08-28 17:00:00
83.0,123.684265,2025-08-28 17:00:00
65.0,57.033016,2025-08-28 17:00:00
136.0,64.701385,2025-08-28 17:00:00
123.0,86.80752,2025-08-28 18:00:00
61.25,51.64087,2025-08-28 18:00:00
136.0,62.60472,2025-08-28 18:00:00
106.0,116.96353,2025-08-28 18:00:00
114.0,104.59569,2025-08-28 18:00:00
63.5,60.904022,2025-08-28 19:00:00
145.0,98.86198,2025-08-28 19:00:00
179.0,102.74006,2025-08-28 19:00:00
136.0,61.09465,2025-08-28 19:00:00
91.0,128.43094,2025-08-28 19:00:00
118.0,129.80765,2025-08-28 20:00:00
63.0,63.672245,2025-08-28 20:00:00
112.0,65.148796,2025-08-28 20:00:00
208.0,117.83441,2025-08-28 20:00:00
179.0,107.067635,2025-08-28 20:00:00
149.0,112.6017,2025-08-28 21:00:00
48.25,71.41716,2025-08-28 21:00:00
121.0,140.83694,2025-08-28 21:00:00
110.0,115.20068,2025-08-28 21:00:00
95.0,92.23448,2025-08-28 21:00:00
73.0,113.48495,2025-08-28 22:00:00
135.0,116.88957,2025-08-28 22:00:00
84.0,135.84103,2025-08-28 22:00:00
50.0,101.46632,2025-08-28 22:00:00
27.25,61.96176,2025-08-28 22:00:00
50.0,85.889336,2025-08-28 23:00:00
56.0,97.689156,2025-08-28 23:00:00
125.0,103.24409,2025-08-28 23:00:00
27.25,62.163414,2025-08-28 23:00:00
33.0,79.12703,2025-08-28 23:00:00
51.0,139.57751,2025-08-29 00:00:00
30.0,108.252594,2025-08-29 00:00:00
65.25,68.568756,2025-08-29 00:00:00
41.0,110.48883,2025-08-29 00:00:00
33.0,86.39219,2025-08-29 00:00:00
72.0,97.3245,2025-08-29 01:00:00
33.0,82.559814,2025-08-29 01:00:00
108.0,99.9432,2025-08-29 01:00:00
75.25,67.32634,2025-08-29 01:00:00
2.0,102.41699,2025-08-29 01:00:00
177.0,98.474556,2025-08-29 02:00:00
57.25,59.78855,2025-08-29 02:00:00
55.0,102.36063,2025-08-29 02:00:00
117.0,85.45146,2025-08-29 02:00:00
128.0,71.961006,2025-08-29 02:00:00
53.0,104.95495,2025-08-29 03:00:00
55.0,90.45876,2025-08-29 03:00:00
29.0,64.10306,2025-08-29 03:00:00
88.0,93.45558,2025-08-29 03:00:00
116.0,103.90449,2025-08-29 03:00:00
29.0,65.27147,2025-08-29 04:00:00
40.0,90.59281,2025-08-29 04:00:00
53.0,78.76491,2025-08-29 04:00:00
53.0,86.40579,2025-08-29 04:00:00
74.0,87.163506,2025-08-29 04:00:00
119.0,136.36781,2025-08-29 05:00:00
53.0,87.20172,2025-08-29 05:00:00
69.0,98.8624,2025-08-29 05:00:00
52.5,65.05125,2025-08-29 05:00:00
50.0,71.426796,2025-08-29 05:00:00
119.0,139.05582,2025-08-29 06:00:00
94.0,78.24497,2025-08-29 06:00:00
57.0,77.91895,2025-08-29 06:00:00
58.0,62.144497,2025-08-29 06:00:00
69.0,90.98471,2025-08-29 06:00:00
80.0,80.724205,2025-08-29 07:00:00
50.25,61.932274,2025-08-29 07:00:00
111.0,102.79217,2025-08-29 07:00:00
150.0,88.63601,2025-08-29 07:00:00
117.0,138.51558,2025-08-29 07:00:00
110.0,126.58766,2025-08-29 08:00:00
68.0,91.83286,2025-08-29 08:00:00
51.75,57.283176,2025-08-29 08:00:00
127.0,96.54935,2025-08-29 08:00:00
117.0,141.13307,2025-08-29 08:00:00
64.0,104.24603,2025-08-29 09:00:00
54.25,59.82027,2025-08-29 09:00:00
89.0,119.08873,2025-08-29 09:00:00
146.0,93.40697,2025-08-29 09:00:00
117.0,159.84566,2025-08-29 09:00:00
117.0,163.61241,2025-08-29 10:00:00
51.0,81.85797,2025-08-29 10:00:00
117.0,110.13283,2025-08-29 10:00:00
94.0,118.33068,2025-08-29 10:00:00
68.0,115.59187,2025-08-29 10:00:00
50.0,76.4639,2025-08-29 11:00:00
80.0,114.37938,2025-08-29 11:00:00
63.0,106.71523,2025-08-29 11:00:00
135.0,97.0082,2025-08-29 11:00:00
128.0,91.7092,2025-08-29 12:00:00
59.0,93.597725,2025-08-29 12:00:00
58.0,97.2921,2025-08-29 12:00:00
44.5,78.159225,2025-08-29 12:00:00
67.0,99.0193,2025-08-29 13:00:00
124.0,104.21736,2025-08-29 13:00:00
38.5,77.50351,2025-08-29 13:00:00
56.0,97.4535,2025-08-29 13:00:00
27.25,64.18578,2025-08-29 14:00:00
61.0,109.98025,2025-08-29 14:00:00
63.0,91.634735,2025-08-29 14:00:00
81.0,81.68304,2025-08-29 14:00:00
62.0,84.32563,2025-08-29 15:00:00
53.0,81.090706,2025-08-29 15:00:00
70.0,72.66464,2025-08-29 15:00:00
26.75,60.70569,2025-08-29 15:00:00
56.0,76.89327,2025-08-29 16:00:00
53.0,75.94315,2025-08-29 16:00:00
59.0,77.222305,2025-08-29 16:00:00
26.25,52.67225,2025-08-29 16:00:00
70.0,67.738716,2025-08-29 17:00:00
41.0,77.64329,2025-08-29 17:00:00
59.0,72.91351,2025-08-29 17:00:00
23.25,54.82991,2025-08-29 17:00:00
63.0,78.261795,2025-08-29 18:00:00
29.0,54.765537,2025-08-29 18:00:00
69.0,82.33437,2025-08-29 18:00:00
67.0,74.74845,2025-08-29 18:00:00
29.0,53.75301,2025-08-29 19:00:00
102.0,86.9894,2025-08-29 19:00:00
114.0,104.53752,2025-08-29 19:00:00
77.0,79.83424,2025-08-29 19:00:00
81.0,81.67557,2025-08-29 20:00:00
33.75,57.84655,2025-08-29 20:00:00
74.0,85.128235,2025-08-29 20:00:00
185.0,98.69323,2025-08-29 20:00:00
51.0,76.04162,2025-08-29 21:00:00
139.0,95.45283,2025-08-29 21:00:00
47.5,54.14893,2025-08-29 21:00:00
78.0,94.740036,2025-08-29 21:00:00
45.5,55.608852,2025-08-29 22:00:00
77.0,119.435165,2025-08-29 22:00:00
146.0,98.79377,2025-08-29 22:00:00
83.0,92.48403,2025-08-29 22:00:00
57.0,74.63798,2025-08-29 22:00:00
46.0,51.2371,2025-08-29 23:00:00
77.0,70.79899,2025-08-29 23:00:00
69.0,116.72035,2025-08-29 23:00:00
150.0,101.42809,2025-08-29 23:00:00
83.0,102.13923,2025-08-30 00:00:00
78.0,73.11568,2025-08-30 00:00:00
158.0,100.59364,2025-08-30 00:00:00
48.75,46.775806,2025-08-30 00:00:00
81.0,91.69949,2025-08-30 01:00:00
49.75,44.78995,2025-08-30 01:00:00
111.0,87.31845,2025-08-30 01:00:00
111.0,66.97685,2025-08-30 01:00:00
53.0,70.39527,2025-08-30 02:00:00
133.0,100.69964,2025-08-30 02:00:00
89.0,99.95375,2025-08-30 02:00:00
71.75,46.964603,2025-08-30 02:00:00
124.0,93.16908,2025-08-30 03:00:00
75.0,66.85271,2025-08-30 03:00:00
80.75,46.657566,2025-08-30 03:00:00
169.0,92.58056,2025-08-30 03:00:00
101.0,90.97432,2025-08-30 04:00:00
130.0,80.00818,2025-08-30 04:00:00
40.5,43.980347,2025-08-30 04:00:00
67.0,64.58722,2025-08-30 04:00:00
95.0,87.59759,2025-08-30 05:00:00
35.0,62.39977,2025-08-30 05:00:00
74.0,89.27784,2025-08-30 05:00:00
39.5,39.35587,2025-08-30 05:00:00
45.75,36.791664,2025-08-30 06:00:00
67.0,67.58706,2025-08-30 06:00:00
117.0,97.85237,2025-08-30 06:00:00
79.0,102.4495,2025-08-30 06:00:00
50.25,35.518593,2025-08-30 07:00:00
86.0,107.64743,2025-08-30 07:00:00
69.0,66.86855,2025-08-30 07:00:00
135.0,102.45613,2025-08-30 07:00:00
99.0,94.90517,2025-08-30 08:00:00
59.5,37.46362,2025-08-30 08:00:00
133.0,110.83521,2025-08-30 08:00:00
67.0,78.298805,2025-08-30 08:00:00
67.25,44.467052,2025-08-30 09:00:00
125.0,104.53702,2025-08-30 09:00:00
90.0,69.58679,2025-08-30 09:00:00
157.0,114.49008,2025-08-30 09:00:00
133.0,145.73048,2025-08-30 10:00:00
136.0,115.85518,2025-08-30 10:00:00
83.0,85.29992,2025-08-30 10:00:00
174.0,131.10573,2025-08-30 10:00:00
73.0,43.438446,2025-08-30 10:00:00
147.0,108.31259,2025-08-30 11:00:00
74.0,49.39685,2025-08-30 11:00:00
147.0,130.70036,2025-08-30 11:00:00
100.0,86.22476,2025-08-30 11:00:00
136.0,125.94311,2025-08-30 11:00:00
157.0,112.537506,2025-08-30 12:00:00
74.75,50.13703,2025-08-30 12:00:00
213.0,127.37685,2025-08-30 12:00:00
81.0,78.92734,2025-08-30 12:00:00
101.0,117.94261,2025-08-30 12:00:00
71.0,45.083748,2025-08-30 13:00:00
152.0,106.047134,2025-08-30 13:00:00
80.0,102.565956,2025-08-30 13:00:00
75.0,84.79352,2025-08-30 13:00:00
140.0,125.01709,2025-08-30 13:00:00
112.0,84.11665,2025-08-30 14:00:00
69.0,72.9543,2025-08-30 14:00:00
73.0,89.46631,2025-08-30 14:00:00
60.75,47.546947,2025-08-30 14:00:00
90.0,158.76892,2025-08-30 14:00:00
89.0,130.9617,2025-08-30 15:00:00
94.0,84.31072,2025-08-30 15:00:00
53.0,86.870125,2025-08-30 15:00:00
56.75,58.350864,2025-08-30 15:00:00
73.0,75.69371,2025-08-30 15:00:00
22.0,104.41068,2025-08-30 16:00:00
55.0,63.97878,2025-08-30 16:00:00
74.0,77.620026,2025-08-30 16:00:00
51.0,82.24001,2025-08-30 16:00:00
66.5,50.626102,2025-08-30 16:00:00
62.0,55.541626,2025-08-30 17:00:00
22.0,69.99682,2025-08-30 17:00:00
100.0,74.74116,2025-08-30 17:00:00
57.0,44.542526,2025-08-30 17:00:00
61.0,76.35642,2025-08-30 17:00:00
57.0,100.604935,2025-08-30 18:00:00
48.5,50.593246,2025-08-30 18:00:00
59.0,94.803,2025-08-30 18:00:00
94.0,90.904366,2025-08-30 18:00:00
62.0,67.024635,2025-08-30 18:00:00
85.0,99.07607,2025-08-30 19:00:00
40.75,49.497032,2025-08-30 19:00:00
84.0,99.571754,2025-08-30 19:00:00
47.0,64.27288,2025-08-30 19:00:00
88.0,110.106316,2025-08-30 19:00:00
14.0,71.445274,2025-08-30 20:00:00
83.0,127.488304,2025-08-30 20:00:00
85.0,93.91541,2025-08-30 20:00:00
22.25,53.921967,2025-08-30 20:00:00
100.0,121.91515,2025-08-30 20:00:00
201.0,124.01433,2025-08-30 21:00:00
20.0,72.90748,2025-08-30 21:00:00
24.0,47.264717,2025-08-30 21:00:00
85.0,108.07693,2025-08-30 21:00:00
67.0,137.8083,2025-08-30 21:00:00
33.0,69.705666,2025-08-30 22:00:00
149.0,140.12946,2025-08-30 22:00:00
146.0,115.78899,2025-08-30 22:00:00
85.0,103.79991,2025-08-30 22:00:00
31.0,47.66466,2025-08-30 22:00:00
40.75,49.908382,2025-08-30 23:00:00
110.0,102.75896,2025-08-30 23:00:00
88.0,127.871414,2025-08-30 23:00:00
31.0,73.749954,2025-08-30 23:00:00
47.0,73.01805,2025-08-31 00:00:00
123.0,102.20706,2025-08-31 00:00:00
59.0,169.81412,2025-08-31 00:00:00
35.25,52.29874,2025-08-31 00:00:00
62.0,147.11194,2025-08-31 01:00:00
112.0,92.23019,2025-08-31 01:00:00
32.0,48.878834,2025-08-31 01:00:00
66.0,74.12421,2025-08-31 01:00:00
150.0,97.54815,2025-08-31 02:00:00
16.0,131.44052,2025-08-31 02:00:00
30.25,48.429737,2025-08-31 02:00:00
51.0,60.44975,2025-08-31 02:00:00
40.25,44.928997,2025-08-31 03:00:00
59.0,62.576267,2025-08-31 03:00:00
124.0,82.29029,2025-08-31 03:00:00
136.0,93.80751,2025-08-31 03:00:00
16.0,105.65799,2025-08-31 03:00:00
54.0,41.9225,2025-08-31 04:00:00
92.0,84.80183,2025-08-31 04:00:00
66.0,125.4738,2025-08-31 04:00:00
53.0,63.079754,2025-08-31 04:00:00
136.0,82.555084,2025-08-31 04:00:00
105.0,81.27919,2025-08-31 05:00:00
74.0,61.98921,2025-08-31 05:00:00
107.0,89.001434,2025-08-31 05:00:00
81.0,116.20505,2025-08-31 05:00:00
50.25,46.320923,2025-08-31 05:00:00
123.0,85.556656,2025-08-31 06:00:00
42.0,47.094654,2025-08-31 06:00:00
79.0,116.870445,2025-08-31 06:00:00
97.0,82.75968,2025-08-31 06:00:00
85.0,64.15702,2025-08-31 06:00:00
67.0,67.56201,2025-08-31 07:00:00
36.75,52.02213,2025-08-31 07:00:00
151.0,90.553055,2025-08-31 07:00:00
119.0,92.99001,2025-08-31 07:00:00
100.0,121.70249,2025-08-31 07:00:00
42.0,54.540283,2025-08-31 08:00:00
95.0,91.53884,2025-08-31 08:00:00
155.0,144.12308,2025-08-31 08:00:00
121.0,97.48233,2025-08-31 08:00:00
61.0,71.98588,2025-08-31 08:00:00
70.0,98.38479,2025-08-31 09:00:00
58.0,90.43369,2025-08-31 09:00:00
44.25,56.55208,2025-08-31 09:00:00
92.0,116.87968,2025-08-31 09:00:00
101.0,145.56035,2025-08-31 09:00:00
55.0,129.05553,2025-08-31 10:00:00
83.0,142.26062,2025-08-31 10:00:00
41.25,54.995754,2025-08-31 10:00:00
44.0,79.73151,2025-08-31 10:00:00
88.0,95.18906,2025-08-31 10:00:00
68.0,143.64116,2025-08-31 11:00:00
36.66666666666666,52.864082,2025-08-31 11:00:00
45.0,123.46337,2025-08-31 11:00:00
52.0,78.264336,2025-08-31 11:00:00
19.0,152.63557,2025-08-31 12:00:00
30.0,55.077797,2025-08-31 12:00:00
45.0,102.906715,2025-08-31 12:00:00
55.0,70.215645,2025-08-31 12:00:00
33.0,70.479744,2025-08-31 13:00:00
30.0,54.36943,2025-08-31 13:00:00
19.0,131.43501,2025-08-31 13:00:00
36.0,79.45515,2025-08-31 13:00:00
25.5,51.47744,2025-08-31 14:00:00
56.0,71.959625,2025-08-31 14:00:00
24.0,86.47205,2025-08-31 14:00:00
19.0,89.84313,2025-08-31 14:00:00
23.0,38.070396,2025-08-31 15:00:00
27.0,76.05007,2025-08-31 15:00:00
13.0,67.67511,2025-08-31 15:00:00
24.0,58.1849,2025-08-31 15:00:00
42.0,82.89552,2025-08-31 15:00:00
11.0,73.75828,2025-08-31 16:00:00
21.75,39.76168,2025-08-31 16:00:00
23.0,74.51432,2025-08-31 16:00:00
24.0,55.01317,2025-08-31 16:00:00
40.0,69.688934,2025-08-31 16:00:00
69.0,81.03941,2025-08-31 17:00:00
22.75,39.535896,2025-08-31 17:00:00
22.0,73.02825,2025-08-31 17:00:00
20.0,76.808395,2025-08-31 17:00:00
14.0,56.520424,2025-08-31 17:00:00
114.0,110.6999,2025-08-31 18:00:00
25.25,40.585335,2025-08-31 18:00:00
29.0,77.176476,2025-08-31 18:00:00
28.0,72.35451,2025-08-31 18:00:00
31.0,54.80546,2025-08-31 18:00:00
78.0,87.66372,2025-08-31 19:00:00
31.0,86.74372,2025-08-31 19:00:00
80.0,90.47994,2025-08-31 19:00:00
23.5,38.77391,2025-08-31 19:00:00
16.0,46.70759,2025-08-31 19:00:00
35.0,55.809315,2025-08-31 20:00:00
59.0,83.08342,2025-08-31 20:00:00
106.0,85.63892,2025-08-31 20:00:00
25.75,42.417923,2025-08-31 20:00:00
31.0,92.72873,2025-08-31 20:00:00
31.0,84.91157,2025-08-31 21:00:00
21.75,44.779022,2025-08-31 21:00:00
99.0,92.93823,2025-08-31 21:00:00
38.0,81.414856,2025-08-31 21:00:00
35.0,59.413742,2025-08-31 21:00:00
31.0,91.78507,2025-08-31 22:00:00
17.0,61.25205,2025-08-31 22:00:00
21.0,39.810818,2025-08-31 22:00:00
23.0,89.31636,2025-08-31 22:00:00
38.0,88.55682,2025-08-31 22:00:00
25.5,37.544342,2025-08-31 23:00:00
17.0,58.852566,2025-08-31 23:00:00
72.0,77.64094,2025-08-31 23:00:00
38.0,79.55883,2025-08-31 23:00:00
18.0,83.327736,2025-08-31 23:00:00
39.0,52.616737,2025-09-01 00:00:00
31.75,33.637512,2025-09-01 00:00:00
14.0,83.14751,2025-09-01 00:00:00
36.0,102.08496,2025-09-01 00:00:00
68.0,77.3564,2025-09-01 00:00:00
166.0,97.23188,2025-09-01 01:00:00
69.0,75.482544,2025-09-01 01:00:00
33.666666666666664,30.961012,2025-09-01 01:00:00
57.0,80.37199,2025-09-01 01:00:00
55.0,52.05019,2025-09-01 01:00:00
34.0,50.202507,2025-09-01 02:00:00
96.0,92.319756,2025-09-01 02:00:00
28.5,25.217522,2025-09-01 02:00:00
106.0,75.00199,2025-09-01 02:00:00
83.0,78.9955,2025-09-01 02:00:00
42.0,65.73053,2025-09-01 03:00:00
86.0,101.94155,2025-09-01 03:00:00
44.0,85.48055,2025-09-01 03:00:00
29.0,72.248955,2025-09-01 03:00:00
27.25,22.976116,2025-09-01 03:00:00
42.0,69.2764,2025-09-01 04:00:00
47.0,84.78309,2025-09-01 04:00:00
12.25,24.473623,2025-09-01 04:00:00
24.0,103.24795,2025-09-01 04:00:00
24.0,64.07686,2025-09-01 04:00:00
18.0,73.71573,2025-09-01 05:00:00
11.5,35.673763,2025-09-01 05:00:00
18.0,87.69082,2025-09-01 05:00:00
11.0,75.34096,2025-09-01 05:00:00
14.0,73.40951,2025-09-01 05:00:00
6.0,85.03448,2025-09-01 06:00:00
27.0,92.47057,2025-09-01 06:00:00
18.0,77.40635,2025-09-01 06:00:00
13.0,42.77915,2025-09-01 06:00:00
18.0,67.225296,2025-09-01 06:00:00
22.0,84.55825,2025-09-01 07:00:00
7.0,96.771736,2025-09-01 07:00:00
18.0,62.191254,2025-09-01 07:00:00
23.0,85.15809,2025-09-01 07:00:00
11.25,28.961302,2025-09-01 07:00:00
12.0,93.38027,2025-09-01 08:00:00
9.5,31.157452,2025-09-01 08:00:00
7.0,91.284294,2025-09-01 08:00:00
18.0,57.02159,2025-09-01 08:00:00
16.0,85.10101,2025-09-01 08:00:00
7.0,91.658516,2025-09-01 09:00:00
20.0,92.47808,2025-09-01 09:00:00
12.25,29.771935,2025-09-01 09:00:00
16.0,92.02807,2025-09-01 09:00:00
16.0,97.89047,2025-09-01 10:00:00
13.5,28.357,2025-09-01 10:00:00
20.0,109.986755,2025-09-01 10:00:00
12.0,101.80939,2025-09-01 10:00:00
15.0,32.55967,2025-09-01 11:00:00
20.0,123.086975,2025-09-01 11:00:00
18.0,94.070564,2025-09-01 11:00:00
8.0,88.87014,2025-09-01 11:00:00
13.0,89.19306,2025-09-01 12:00:00
18.0,118.93448,2025-09-01 12:00:00
17.5,31.708042,2025-09-01 12:00:00
22.0,59.681023,2025-09-01 12:00:00
20.0,135.33588,2025-09-01 12:00:00
20.0,134.45113,2025-09-01 13:00:00
22.0,56.227837,2025-09-01 13:00:00
17.25,28.23306,2025-09-01 13:00:00
9.0,77.74988,2025-09-01 13:00:00
27.0,131.06964,2025-09-01 13:00:00
16.25,24.956757,2025-09-01 14:00:00
3.0,82.52126,2025-09-01 14:00:00
6.0,68.84036,2025-09-01 14:00:00
20.0,91.965485,2025-09-01 14:00:00
24.0,55.944046,2025-09-01 14:00:00
23.0,88.47964,2025-09-01 15:00:00
22.0,64.08275,2025-09-01 15:00:00
14.5,23.764486,2025-09-01 15:00:00
5.0,64.509445,2025-09-01 15:00:00
3.0,84.796455,2025-09-01 15:00:00
14.25,17.474785,2025-09-01 16:00:00
9.0,72.64185,2025-09-01 16:00:00
22.0,82.52922,2025-09-01 16:00:00
8.0,57.11681,2025-09-01 16:00:00
17.0,46.223606,2025-09-01 16:00:00
11.0,64.15023,2025-09-01 17:00:00
17.0,31.616976,2025-09-01 17:00:00
13.5,12.451881,2025-09-01 17:00:00
13.0,46.206448,2025-09-01 17:00:00
22.0,63.311592,2025-09-01 17:00:00
17.0,34.04306,2025-09-01 18:00:00
25.0,91.2313,2025-09-01 18:00:00
17.5,12.167314,2025-09-01 18:00:00
11.0,49.416206,2025-09-01 18:00:00
11.0,36.913887,2025-09-01 18:00:00
19.0,46.5988,2025-09-01 19:00:00
25.0,84.08108,2025-09-01 19:00:00
11.0,56.43019,2025-09-01 19:00:00
17.0,35.115295,2025-09-01 19:00:00
23.75,11.559973,2025-09-01 19:00:00
24.0,91.11529,2025-09-01 20:00:00
11.0,70.735916,2025-09-01 20:00:00
27.75,18.057987,2025-09-01 20:00:00
20.0,56.053734,2025-09-01 20:00:00
18.0,57.137215,2025-09-01 21:00:00
32.75,21.407835,2025-09-01 21:00:00
19.0,75.15697,2025-09-01 21:00:00
33.0,61.135517,2025-09-01 21:00:00
47.0,71.018936,2025-09-01 22:00:00
42.0,54.19038,2025-09-01 22:00:00
34.0,20.733145,2025-09-01 22:00:00
29.0,56.512733,2025-09-01 22:00:00
52.0,68.6917,2025-09-01 23:00:00
31.5,17.46219,2025-09-01 23:00:00
56.0,66.2039,2025-09-01 23:00:00
38.0,54.38015,2025-09-01 23:00:00
33.0,61.27677,2025-09-02 00:00:00
40.0,43.93185,2025-09-02 00:00:00
28.75,21.288721,2025-09-02 00:00:00
62.0,60.854362,2025-09-02 00:00:00
57.0,71.04568,2025-09-02 00:00:00
47.0,45.05807,2025-09-02 01:00:00
28.0,62.914337,2025-09-02 01:00:00
30.0,69.97538,2025-09-02 01:00:00
91.0,86.29326,2025-09-02 01:00:00
27.75,23.176086,2025-09-02 01:00:00
11.0,61.929646,2025-09-02 02:00:00
91.0,81.58522,2025-09-02 02:00:00
34.5,24.011902,2025-09-02 02:00:00
33.0,63.16997,2025-09-02 02:00:00
27.0,44.754868,2025-09-02 02:00:00
27.75,25.289734,2025-09-02 03:00:00
27.0,50.749653,2025-09-02 03:00:00
91.0,81.081505,2025-09-02 03:00:00
13.0,65.8391,2025-09-02 03:00:00
33.0,63.86466,2025-09-02 03:00:00
23.0,59.792686,2025-09-02 04:00:00
17.75,24.299845,2025-09-02 04:00:00
91.0,69.80166,2025-09-02 04:00:00
18.0,39.218956,2025-09-02 04:00:00
19.0,60.993603,2025-09-02 04:00:00
22.0,63.703777,2025-09-02 05:00:00
29.0,41.607838,2025-09-02 05:00:00
14.0,72.23585,2025-09-02 05:00:00
19.0,86.63262,2025-09-02 05:00:00
16.0,23.87182,2025-09-02 05:00:00
14.0,89.088356,2025-09-02 06:00:00
14.0,102.513,2025-09-02 06:00:00
14.0,73.59217,2025-09-02 06:00:00
12.0,23.310781,2025-09-02 06:00:00
50.0,46.1659,2025-09-02 06:00:00
14.75,26.762894,2025-09-02 07:00:00
33.0,45.618156,2025-09-02 07:00:00
14.0,155.76776,2025-09-02 07:00:00
23.0,77.78053,2025-09-02 07:00:00
17.0,76.65592,2025-09-02 07:00:00
14.0,99.219444,2025-09-02 08:00:00
24.0,110.9246,2025-09-02 08:00:00
18.0,98.23161,2025-09-02 08:00:00
12.5,27.861595,2025-09-02 08:00:00
14.0,103.47357,2025-09-02 09:00:00
8.75,24.6827,2025-09-02 09:00:00
18.0,114.770874,2025-09-02 09:00:00
16.0,104.25901,2025-09-02 09:00:00
12.0,75.1932,2025-09-02 10:00:00
9.0,87.48055,2025-09-02 10:00:00
28.0,115.167786,2025-09-02 10:00:00
12.0,28.479528,2025-09-02 10:00:00
33.0,45.74547,2025-09-02 10:00:00
13.0,87.39968,2025-09-02 11:00:00
40.0,112.171234,2025-09-02 11:00:00
17.666666666666668,29.429531,2025-09-02 11:00:00
14.0,78.709915,2025-09-02 11:00:00
134.0,100.48637,2025-09-02 12:00:00
29.0,40.8508,2025-09-02 12:00:00
27.0,69.95142,2025-09-02 12:00:00
24.5,24.11676,2025-09-02 12:00:00
14.0,55.050457,2025-09-02 12:00:00
29.0,49.1017,2025-09-02 13:00:00
34.0,45.32754,2025-09-02 13:00:00
35.0,64.81499,2025-09-02 13:00:00
77.0,76.96317,2025-09-02 13:00:00
28.75,19.955181,2025-09-02 13:00:00
41.0,60.53796,2025-09-02 14:00:00
55.0,83.90205,2025-09-02 14:00:00
29.75,21.39049,2025-09-02 14:00:00
33.0,37.500492,2025-09-02 14:00:00
51.0,36.88873,2025-09-02 14:00:00
45.0,54.214703,2025-09-02 15:00:00
36.0,37.409172,2025-09-02 15:00:00
51.0,37.509567,2025-09-02 15:00:00
48.0,69.23017,2025-09-02 15:00:00
31.5,17.483677,2025-09-02 15:00:00
51.0,30.840193,2025-09-02 16:00:00
29.0,60.608826,2025-09-02 16:00:00
42.0,46.92209,2025-09-02 16:00:00
36.0,27.74287,2025-09-02 16:00:00
26.25,13.246264,2025-09-02 16:00:00
35.0,22.682888,2025-09-02 17:00:00
16.75,9.138155,2025-09-02 17:00:00
29.0,73.81958,2025-09-02 17:00:00
51.0,21.327997,2025-09-02 17:00:00
33.0,39.946075,2025-09-02 17:00:00
20.0,10.814179,2025-09-02 18:00:00
14.0,90.865524,2025-09-02 18:00:00
22.0,30.604,2025-09-02 18:00:00
20.0,39.76957,2025-09-02 18:00:00
23.0,22.564363,2025-09-02 19:00:00
24.0,35.871895,2025-09-02 19:00:00
38.0,78.513054,2025-09-02 19:00:00
28.5,15.340727,2025-09-02 19:00:00
23.0,45.89866,2025-09-02 19:00:00
25.0,45.523308,2025-09-02 20:00:00
31.0,62.708252,2025-09-02 20:00:00
51.0,90.69795,2025-09-02 20:00:00
30.0,37.81679,2025-09-02 20:00:00
36.5,19.38359,2025-09-02 20:00:00
31.75,22.94823,2025-09-02 21:00:00
47.0,40.966846,2025-09-02 21:00:00
70.0,57.521088,2025-09-02 21:00:00
29.0,46.93759,2025-09-02 21:00:00
70.0,84.443535,2025-09-02 21:00:00
55.0,45.39142,2025-09-02 22:00:00
68.0,72.53348,2025-09-02 22:00:00
168.0,62.562294,2025-09-02 22:00:00
45.0,45.022316,2025-09-02 22:00:00
35.25,23.604866,2025-09-02 22:00:00
80.0,66.616486,2025-09-02 23:00:00
37.25,23.319386,2025-09-02 23:00:00
92.0,42.91629,2025-09-02 23:00:00
112.0,88.42331,2025-09-02 23:00:00
80.0,64.71737,2025-09-03 00:00:00
46.0,48.08177,2025-09-03 00:00:00
123.0,43.90729,2025-09-03 00:00:00
44.5,24.139082,2025-09-03 00:00:00
95.0,81.474594,2025-09-03 00:00:00
42.75,26.59432,2025-09-03 01:00:00
108.0,59.818398,2025-09-03 01:00:00
133.0,41.896584,2025-09-03 01:00:00
53.0,41.356117,2025-09-03 01:00:00
90.0,100.8477,2025-09-03 01:00:00
38.0,51.801987,2025-09-03 02:00:00
97.0,68.34803,2025-09-03 02:00:00
58.0,89.17275,2025-09-03 02:00:00
29.5,28.023458,2025-09-03 02:00:00
70.0,50.631252,2025-09-03 02:00:00
92.0,45.142166,2025-09-03 03:00:00
58.0,80.6039,2025-09-03 03:00:00
4.25,27.896759,2025-09-03 03:00:00
79.0,67.23062,2025-09-03 03:00:00
25.0,55.934536,2025-09-03 03:00:00
11.0,44.73427,2025-09-03 04:00:00
9.0,24.373747,2025-09-03 04:00:00
34.0,45.65398,2025-09-03 04:00:00
3.0,60.978176,2025-09-03 04:00:00
58.0,87.745186,2025-09-03 04:00:00
50.0,85.17555,2025-09-03 05:00:00
24.0,49.010548,2025-09-03 05:00:00
29.0,75.8883,2025-09-03 05:00:00
18.0,44.52272,2025-09-03 05:00:00
20.0,22.768242,2025-09-03 05:00:00
29.25,25.533815,2025-09-03 06:00:00
40.0,73.96715,2025-09-03 06:00:00
12.0,45.180656,2025-09-03 06:00:00
31.0,110.33307,2025-09-03 06:00:00
84.0,132.51215,2025-09-03 07:00:00
19.0,31.249712,2025-09-03 07:00:00
45.0,120.22194,2025-09-03 07:00:00
12.0,68.34538,2025-09-03 07:00:00
41.0,47.163723,2025-09-03 07:00:00
39.0,105.455696,2025-09-03 08:00:00
31.0,114.48681,2025-09-03 08:00:00
24.25,61.213783,2025-09-03 08:00:00
134.0,117.51975,2025-09-03 08:00:00
40.0,85.76437,2025-09-03 08:00:00
38.0,92.271126,2025-09-03 09:00:00
33.5,57.49717,2025-09-03 09:00:00
40.0,84.69663,2025-09-03 09:00:00
89.0,132.4606,2025-09-03 09:00:00
48.0,81.92604,2025-09-03 09:00:00
70.0,149.39563,2025-09-03 10:00:00
51.0,79.75658,2025-09-03 10:00:00
35.0,86.367195,2025-09-03 10:00:00
42.0,64.36795,2025-09-03 10:00:00
33.0,107.51032,2025-09-03 10:00:00
67.0,91.53467,2025-09-03 11:00:00
31.0,92.35276,2025-09-03 11:00:00
51.0,94.78971,2025-09-03 11:00:00
62.0,193.86183,2025-09-03 11:00:00
38.333333333333336,86.532005,2025-09-03 11:00:00
49.5,26.21204,2025-09-03 12:00:00
23.0,81.31243,2025-09-03 12:00:00
31.0,117.981514,2025-09-03 12:00:00
83.0,76.9248,2025-09-03 12:00:00
33.0,53.521305,2025-09-03 12:00:00
40.75,20.291237,2025-09-03 13:00:00
46.0,51.614304,2025-09-03 13:00:00
31.0,104.99003,2025-09-03 13:00:00
40.0,41.088085,2025-09-03 13:00:00
51.0,85.89392,2025-09-03 13:00:00
73.0,37.48181,2025-09-03 14:00:00
51.0,45.542965,2025-09-03 14:00:00
23.0,21.388487,2025-09-03 14:00:00
57.0,78.484856,2025-09-03 14:00:00
92.0,118.05709,2025-09-03 14:00:00
31.0,50.637074,2025-09-03 15:00:00
85.0,92.797844,2025-09-03 15:00:00
44.0,72.189964,2025-09-03 15:00:00
44.0,32.84861,2025-09-03 15:00:00
16.75,29.781294,2025-09-03 15:00:00
20.25,28.119867,2025-09-03 16:00:00
35.0,30.58599,2025-09-03 16:00:00
56.0,64.60514,2025-09-03 16:00:00
84.0,91.07088,2025-09-03 16:00:00
41.0,34.903633,2025-09-03 16:00:00
70.0,90.93972,2025-09-03 17:00:00
55.0,65.22789,2025-09-03 17:00:00
44.0,30.602745,2025-09-03 17:00:00
39.0,18.241068,2025-09-03 17:00:00
25.25,22.482412,2025-09-03 17:00:00
41.0,30.405893,2025-09-03 18:00:00
63.0,56.139397,2025-09-03 18:00:00
51.0,25.603233,2025-09-03 18:00:00
39.75,23.092136,2025-09-03 18:00:00
141.0,96.95273,2025-09-03 18:00:00
69.0,31.26582,2025-09-03 19:00:00
117.0,104.482445,2025-09-03 19:00:00
27.0,52.332916,2025-09-03 19:00:00
50.0,55.932022,2025-09-03 19:00:00
45.25,13.769841,2025-09-03 19:00:00
61.0,67.38384,2025-09-03 20:00:00
48.0,66.1525,2025-09-03 20:00:00
45.5,17.733236,2025-09-03 20:00:00
69.0,41.88946,2025-09-03 20:00:00
127.0,130.69006,2025-09-03 20:00:00
79.0,35.620285,2025-09-03 21:00:00
58.25,23.91256,2025-09-03 21:00:00
88.0,107.977295,2025-09-03 21:00:00
44.0,55.598278,2025-09-03 21:00:00
112.0,73.6525,2025-09-03 21:00:00
46.0,116.04216,2025-09-03 22:00:00
88.0,35.988533,2025-09-03 22:00:00
127.0,69.088844,2025-09-03 22:00:00
51.0,62.76217,2025-09-03 22:00:00
49.75,23.997272,2025-09-03 22:00:00
52.0,63.31019,2025-09-03 23:00:00
36.25,26.450853,2025-09-03 23:00:00
62.0,95.20069,2025-09-03 23:00:00
46.0,132.00774,2025-09-03 23:00:00
57.0,47.005737,2025-09-03 23:00:00
124.0,69.81252,2025-09-04 00:00:00
66.0,100.91446,2025-09-04 00:00:00
48.0,50.89193,2025-09-04 00:00:00
29.75,35.551216,2025-09-04 00:00:00
24.0,136.83475,2025-09-04 00:00:00
55.0,136.18982,2025-09-04 01:00:00
66.0,91.0102,2025-09-04 01:00:00
30.5,31.42298,2025-09-04 01:00:00
124.0,72.42761,2025-09-04 01:00:00
50.0,49.883873,2025-09-04 01:00:00
75.0,66.604385,2025-09-04 02:00:00
59.0,83.34414,2025-09-04 02:00:00
33.0,56.32571,2025-09-04 02:00:00
30.25,29.823458,2025-09-04 02:00:00
72.0,141.30244,2025-09-04 02:00:00
37.5,29.893951,2025-09-04 03:00:00
75.0,124.83738,2025-09-04 03:00:00
48.0,49.749428,2025-09-04 03:00:00
95.0,83.92567,2025-09-04 03:00:00
64.0,63.57267,2025-09-04 03:00:00
23.0,62.36194,2025-09-04 04:00:00
153.0,131.9115,2025-09-04 04:00:00
37.25,31.520603,2025-09-04 04:00:00
105.0,86.514824,2025-09-04 04:00:00
57.0,49.107185,2025-09-04 04:00:00
73.0,56.44789,2025-09-04 05:00:00
91.0,136.03593,2025-09-04 05:00:00
90.0,105.264114,2025-09-04 05:00:00
35.5,31.589798,2025-09-04 05:00:00
72.0,77.136314,2025-09-04 05:00:00
50.0,80.901375,2025-09-04 06:00:00
31.0,49.10736,2025-09-04 06:00:00
29.5,25.9849,2025-09-04 06:00:00
96.0,135.33867,2025-09-04 06:00:00
96.0,96.23933,2025-09-04 06:00:00
45.0,115.45381,2025-09-04 07:00:00
61.0,155.25954,2025-09-04 07:00:00
25.0,39.525494,2025-09-04 07:00:00
39.0,91.13342,2025-09-04 07:00:00
31.0,66.04663,2025-09-04 07:00:00
81.0,107.33029,2025-09-04 08:00:00
61.0,118.819695,2025-09-04 08:00:00
30.0,149.37463,2025-09-04 08:00:00
34.25,42.24154,2025-09-04 08:00:00
31.0,74.549324,2025-09-04 08:00:00
36.0,50.499176,2025-09-04 09:00:00
45.0,79.08231,2025-09-04 09:00:00
88.0,140.70384,2025-09-04 09:00:00
57.0,85.10984,2025-09-04 09:00:00
30.0,154.34425,2025-09-04 09:00:00
34.75,45.56528,2025-09-04 10:00:00
123.0,111.48347,2025-09-04 10:00:00
75.0,91.90957,2025-09-04 10:00:00
48.0,157.48051,2025-09-04 10:00:00
62.0,80.40295,2025-09-04 10:00:00
61.0,75.365776,2025-09-04 11:00:00
41.5,43.948,2025-09-04 11:00:00
128.0,112.816536,2025-09-04 11:00:00
123.0,149.59618,2025-09-04 11:00:00
83.0,95.0623,2025-09-04 11:00:00
51.25,56.82994,2025-09-04 12:00:00
59.0,68.30742,2025-09-04 12:00:00
96.0,148.64902,2025-09-04 12:00:00
75.0,109.249504,2025-09-04 12:00:00
146.0,126.23881,2025-09-04 12:00:00
55.0,105.23921,2025-09-04 13:00:00
85.0,76.67332,2025-09-04 13:00:00
80.0,163.08305,2025-09-04 13:00:00
136.0,127.48293,2025-09-04 13:00:00
60.5,50.188206,2025-09-04 13:00:00
118.0,101.969986,2025-09-04 14:00:00
63.0,86.690735,2025-09-04 14:00:00
177.0,131.98964,2025-09-04 14:00:00
41.5,47.066807,2025-09-04 14:00:00
75.0,66.23883,2025-09-04 14:00:00
66.0,64.993774,2025-09-04 15:00:00
36.0,39.33101,2025-09-04 15:00:00
117.0,86.80225,2025-09-04 15:00:00
70.0,73.16817,2025-09-04 15:00:00
116.0,108.235306,2025-09-04 15:00:00
88.0,115.28703,2025-09-04 16:00:00
26.5,31.674925,2025-09-04 16:00:00
48.0,48.784443,2025-09-04 16:00:00
58.0,63.104057,2025-09-04 16:00:00
111.0,97.15428,2025-09-04 16:00:00
38.0,73.75109,2025-09-04 17:00:00
18.0,46.694828,2025-09-04 17:00:00
19.0,32.162006,2025-09-04 17:00:00
66.0,78.59612,2025-09-04 17:00:00
57.0,104.25874,2025-09-04 17:00:00
30.0,52.511013,2025-09-04 18:00:00
18.0,28.872007,2025-09-04 18:00:00
57.0,85.90199,2025-09-04 18:00:00
22.0,138.23979,2025-09-04 18:00:00
27.0,56.26145,2025-09-04 18:00:00
25.0,33.520393,2025-09-04 19:00:00
41.0,59.569275,2025-09-04 19:00:00
22.0,125.78016,2025-09-04 19:00:00
84.0,83.41791,2025-09-04 19:00:00
27.0,67.64171,2025-09-04 19:00:00
42.0,66.32656,2025-09-04 20:00:00
103.0,98.2527,2025-09-04 20:00:00
38.0,76.356064,2025-09-04 20:00:00
70.0,119.57285,2025-09-04 20:00:00
32.0,37.41443,2025-09-04 20:00:00
44.0,71.14595,2025-09-04 21:00:00
63.0,128.93285,2025-09-04 21:00:00
97.0,100.989365,2025-09-04 21:00:00
40.0,69.42086,2025-09-04 21:00:00
34.5,37.876236,2025-09-04 21:00:00
32.75,35.823975,2025-09-04 22:00:00
47.0,75.750824,2025-09-04 22:00:00
53.0,73.56986,2025-09-04 22:00:00
114.0,108.71676,2025-09-04 22:00:00
61.0,134.50255,2025-09-04 22:00:00
36.5,38.011894,2025-09-04 23:00:00
74.0,144.21782,2025-09-04 23:00:00
40.0,63.54914,2025-09-04 23:00:00
113.0,106.96708,2025-09-04 23:00:00
57.0,76.87759,2025-09-04 23:00:00
162.0,142.47557,2025-09-05 00:00:00
74.0,80.02593,2025-09-05 00:00:00
35.75,37.322834,2025-09-05 00:00:00
124.0,103.24351,2025-09-05 00:00:00
73.0,64.54324,2025-09-05 00:00:00
89.0,69.230316,2025-09-05 01:00:00
100.0,80.252594,2025-09-05 01:00:00
162.0,122.76263,2025-09-05 01:00:00
35.0,40.828087,2025-09-05 01:00:00
124.0,96.21023,2025-09-05 01:00:00
68.0,96.06384,2025-09-05 02:00:00
53.0,73.506676,2025-09-05 02:00:00
48.0,59.672226,2025-09-05 02:00:00
80.0,152.02078,2025-09-05 02:00:00
38.0,33.132534,2025-09-05 02:00:00
37.5,32.849537,2025-09-05 03:00:00
61.0,74.377365,2025-09-05 03:00:00
101.0,92.80705,2025-09-05 03:00:00
85.0,151.05336,2025-09-05 03:00:00
45.0,58.439228,2025-09-05 03:00:00
42.0,137.74718,2025-09-05 04:00:00
47.0,73.48769,2025-09-05 04:00:00
94.0,98.42948,2025-09-05 04:00:00
25.25,32.027187,2025-09-05 04:00:00
47.0,62.3756,2025-09-05 04:00:00
84.0,92.71912,2025-09-05 05:00:00
36.0,75.36698,2025-09-05 05:00:00
33.0,65.64951,2025-09-05 05:00:00
42.0,148.56544,2025-09-05 05:00:00
29.25,40.442257,2025-09-05 05:00:00
50.0,111.14254,2025-09-05 06:00:00
30.5,38.60916,2025-09-05 06:00:00
44.0,70.731674,2025-09-05 06:00:00
116.0,84.35696,2025-09-05 06:00:00
17.0,70.21438,2025-09-05 06:00:00
36.25,30.90034,2025-09-05 07:00:00
35.0,60.96042,2025-09-05 07:00:00
68.0,124.75733,2025-09-05 07:00:00
156.0,89.20781,2025-09-05 07:00:00
52.0,119.63097,2025-09-05 07:00:00
84.0,128.20354,2025-09-05 08:00:00
178.0,122.96968,2025-09-05 08:00:00
95.0,133.2563,2025-09-05 08:00:00
41.5,29.537336,2025-09-05 08:00:00
80.75,78.47346,2025-09-05 08:00:00
64.0,82.75852,2025-09-05 09:00:00
136.0,135.23677,2025-09-05 09:00:00
106.0,99.43837,2025-09-05 09:00:00
160.0,109.695816,2025-09-05 09:00:00
44.5,32.50094,2025-09-05 09:00:00
229.0,158.04944,2025-09-05 10:00:00
92.0,102.165146,2025-09-05 10:00:00
53.0,81.730576,2025-09-05 10:00:00
213.0,126.80828,2025-09-05 10:00:00
49.5,42.48699,2025-09-05 10:00:00
162.0,155.48535,2025-09-05 11:00:00
56.333333333333336,33.26444,2025-09-05 11:00:00
62.0,77.13525,2025-09-05 11:00:00
197.0,114.89639,2025-09-05 11:00:00
74.0,95.58362,2025-09-05 11:00:00
144.0,173.48451,2025-09-05 12:00:00
67.0,65.002235,2025-09-05 12:00:00
149.0,108.859436,2025-09-05 12:00:00
47.75,29.681177,2025-09-05 12:00:00
57.0,93.05847,2025-09-05 12:00:00
102.0,171.75346,2025-09-05 13:00:00
155.0,102.07749,2025-09-05 13:00:00
40.5,33.592743,2025-09-05 13:00:00
79.0,72.37909,2025-09-05 13:00:00
63.0,69.67171,2025-09-05 13:00:00
51.0,64.46841,2025-09-05 14:00:00
28.0,126.664566,2025-09-05 14:00:00
125.0,97.66688,2025-09-05 14:00:00
59.0,61.575752,2025-09-05 14:00:00
34.25,31.48963,2025-09-05 14:00:00
32.25,24.499714,2025-09-05 15:00:00
28.0,104.0982,2025-09-05 15:00:00
50.0,61.61143,2025-09-05 15:00:00
55.0,56.148827,2025-09-05 15:00:00
127.0,93.454056,2025-09-05 15:00:00
45.0,47.549477,2025-09-05 16:00:00
112.0,79.918594,2025-09-05 16:00:00
45.0,49.582653,2025-09-05 16:00:00
56.0,89.23703,2025-09-05 16:00:00
34.25,20.058895,2025-09-05 16:00:00
59.0,34.124786,2025-09-05 17:00:00
113.0,73.33476,2025-09-05 17:00:00
57.0,94.38485,2025-09-05 17:00:00
32.75,26.937277,2025-09-05 17:00:00
50.0,46.73082,2025-09-05 17:00:00
67.0,104.46891,2025-09-05 18:00:00
34.0,26.429695,2025-09-05 18:00:00
53.0,43.078827,2025-09-05 18:00:00
48.0,43.006775,2025-09-05 18:00:00
100.0,87.27245,2025-09-05 18:00:00
59.0,48.289932,2025-09-05 19:00:00
135.0,121.51574,2025-09-05 19:00:00
155.0,123.37841,2025-09-05 19:00:00
46.0,28.70652,2025-09-05 19:00:00
73.0,63.775818,2025-09-05 19:00:00
52.5,31.49843,2025-09-05 20:00:00
188.0,111.096176,2025-09-05 20:00:00
149.0,126.59544,2025-09-05 20:00:00
90.0,73.2784,2025-09-05 20:00:00
77.0,53.42831,2025-09-05 20:00:00
111.0,123.73893,2025-09-05 21:00:00
51.5,28.867065,2025-09-05 21:00:00
73.0,48.276783,2025-09-05 21:00:00
112.0,117.1914,2025-09-05 21:00:00
95.0,76.655334,2025-09-05 21:00:00
78.0,49.830444,2025-09-05 22:00:00
110.0,115.6417,2025-09-05 22:00:00
46.25,33.08291,2025-09-05 22:00:00
99.0,74.41589,2025-09-05 22:00:00
102.0,132.24582,2025-09-05 22:00:00
68.0,52.210434,2025-09-05 23:00:00
48.75,34.26853,2025-09-05 23:00:00
101.0,113.96215,2025-09-05 23:00:00
88.0,125.245674,2025-09-05 23:00:00
121.0,73.56639,2025-09-05 23:00:00
122.0,76.40005,2025-09-06 00:00:00
88.0,193.2255,2025-09-06 00:00:00
94.0,106.614334,2025-09-06 00:00:00
72.0,61.709755,2025-09-06 00:00:00
43.5,39.73625,2025-09-06 00:00:00
118.0,53.33489,2025-09-06 01:00:00
64.0,109.42382,2025-09-06 01:00:00
133.0,77.6048,2025-09-06 01:00:00
35.0,32.59141,2025-09-06 01:00:00
88.0,143.62422,2025-09-06 01:00:00
106.0,97.22815,2025-09-06 02:00:00
34.0,155.94794,2025-09-06 02:00:00
32.75,31.555103,2025-09-06 02:00:00
113.0,73.81994,2025-09-06 02:00:00
53.0,55.5365,2025-09-06 02:00:00
105.0,98.48888,2025-09-06 03:00:00
112.0,69.55226,2025-09-06 03:00:00
39.5,29.573128,2025-09-06 03:00:00
48.0,49.28918,2025-09-06 03:00:00
47.0,137.46417,2025-09-06 03:00:00
81.0,64.88871,2025-09-06 04:00:00
40.0,48.639294,2025-09-06 04:00:00
125.0,91.981995,2025-09-06 04:00:00
72.0,116.153336,2025-09-06 04:00:00
39.0,32.484486,2025-09-06 04:00:00
39.0,54.068108,2025-09-06 05:00:00
114.0,122.93939,2025-09-06 05:00:00
36.0,33.44248,2025-09-06 05:00:00
86.0,95.93659,2025-09-06 05:00:00
96.0,86.36719,2025-09-06 05:00:00
81.0,97.04724,2025-09-06 06:00:00
178.0,133.15489,2025-09-06 06:00:00
37.5,33.7939,2025-09-06 06:00:00
123.0,70.58055,2025-09-06 06:00:00
61.0,52.24107,2025-09-06 06:00:00
156.0,127.72892,2025-09-06 07:00:00
147.0,98.57162,2025-09-06 07:00:00
113.0,124.30124,2025-09-06 07:00:00
42.25,41.49742,2025-09-06 07:00:00
61.0,63.05938,2025-09-06 07:00:00
74.0,77.80513,2025-09-06 08:00:00
38.5,37.833153,2025-09-06 08:00:00
218.0,147.35466,2025-09-06 08:00:00
144.0,149.36583,2025-09-06 08:00:00
193.0,102.09647,2025-09-06 08:00:00
92.0,82.35582,2025-09-06 09:00:00
164.0,147.89915,2025-09-06 09:00:00
113.0,180.44275,2025-09-06 09:00:00
46.25,37.615242,2025-09-06 09:00:00
132.0,112.399414,2025-09-06 09:00:00
59.5,39.302654,2025-09-06 10:00:00
108.0,172.22826,2025-09-06 10:00:00
88.0,83.31316,2025-09-06 10:00:00
118.0,111.66743,2025-09-06 10:00:00
156.0,140.03465,2025-09-06 10:00:00
207.0,143.37268,2025-09-06 11:00:00
55.333333333333336,53.692863,2025-09-06 11:00:00
108.0,170.12971,2025-09-06 11:00:00
97.0,77.10154,2025-09-06 11:00:00
150.0,115.00392,2025-09-06 11:00:00
69.0,74.56206,2025-09-06 12:00:00
121.0,108.95336,2025-09-06 12:00:00
43.5,43.453423,2025-09-06 12:00:00
79.0,150.15501,2025-09-06 12:00:00
197.0,123.49263,2025-09-06 12:00:00
86.0,103.23678,2025-09-06 13:00:00
144.0,108.06621,2025-09-06 13:00:00
92.0,146.28362,2025-09-06 13:00:00
39.5,41.641445,2025-09-06 13:00:00
74.0,77.54551,2025-09-06 13:00:00
69.0,118.75699,2025-09-06 14:00:00
53.0,69.580826,2025-09-06 14:00:00
42.0,36.927307,2025-09-06 14:00:00
64.0,93.27856,2025-09-06 14:00:00
169.0,102.04326,2025-09-06 14:00:00
45.0,40.67263,2025-09-06 15:00:00
75.0,81.28071,2025-09-06 15:00:00
125.0,95.41028,2025-09-06 15:00:00
69.0,62.633934,2025-09-06 15:00:00
102.0,94.363945,2025-09-06 15:00:00
53.0,76.455215,2025-09-06 16:00:00
86.0,97.0813,2025-09-06 16:00:00
44.0,51.944206,2025-09-06 16:00:00
46.0,40.11828,2025-09-06 16:00:00
171.0,91.476326,2025-09-06 16:00:00
49.25,34.51111,2025-09-06 17:00:00
106.0,90.529274,2025-09-06 17:00:00
57.0,73.54236,2025-09-06 17:00:00
78.0,90.93963,2025-09-06 17:00:00
44.0,49.092243,2025-09-06 17:00:00
49.25,37.06733,2025-09-06 18:00:00
38.0,59.83866,2025-09-06 18:00:00
72.0,83.6533,2025-09-06 18:00:00
80.0,162.86317,2025-09-06 18:00:00
102.0,95.066605,2025-09-06 18:00:00
66.0,127.366066,2025-09-06 19:00:00
50.0,53.846436,2025-09-06 19:00:00
42.5,34.369545,2025-09-06 19:00:00
97.0,108.12018,2025-09-06 19:00:00
123.0,99.73698,2025-09-06 19:00:00
62.0,127.86784,2025-09-06 20:00:00
57.0,61.79242,2025-09-06 20:00:00
116.0,103.16612,2025-09-06 20:00:00
80.0,125.85957,2025-09-06 20:00:00
51.5,35.633636,2025-09-06 20:00:00
125.0,115.93005,2025-09-06 21:00:00
62.0,144.18286,2025-09-06 21:00:00
55.5,38.426323,2025-09-06 21:00:00
92.0,114.77942,2025-09-06 21:00:00
58.0,81.74163,2025-09-06 21:00:00
72.0,144.94653,2025-09-06 22:00:00
61.0,118.20578,2025-09-06 22:00:00
42.0,40.066273,2025-09-06 22:00:00
74.0,74.84635,2025-09-06 22:00:00
119.0,115.466774,2025-09-06 22:00:00
135.0,108.81129,2025-09-06 23:00:00
68.0,74.554924,2025-09-06 23:00:00
38.75,36.27389,2025-09-06 23:00:00
68.0,111.52639,2025-09-06 23:00:00
83.0,135.5066,2025-09-06 23:00:00
62.0,72.969765,2025-09-07 00:00:00
66.0,93.236374,2025-09-07 00:00:00
169.0,101.16105,2025-09-07 00:00:00
90.0,120.51098,2025-09-07 00:00:00
38.5,37.30154,2025-09-07 00:00:00
34.75,35.030373,2025-09-07 01:00:00
132.0,97.43352,2025-09-07 01:00:00
78.0,130.74678,2025-09-07 01:00:00
55.0,70.92055,2025-09-07 01:00:00
59.0,93.525894,2025-09-07 01:00:00
161.0,146.35654,2025-09-07 02:00:00
44.0,66.755684,2025-09-07 02:00:00
56.0,91.33637,2025-09-07 02:00:00
32.5,35.037422,2025-09-07 02:00:00
125.0,91.699265,2025-09-07 02:00:00
61.0,75.3084,2025-09-07 03:00:00
27.5,38.774727,2025-09-07 03:00:00
106.0,103.94243,2025-09-07 03:00:00
84.0,154.7605,2025-09-07 03:00:00
111.0,96.35944,2025-09-07 03:00:00
70.0,158.78023,2025-09-07 04:00:00
107.0,94.33855,2025-09-07 04:00:00
114.0,113.175285,2025-09-07 04:00:00
30.0,38.401688,2025-09-07 04:00:00
62.0,68.73246,2025-09-07 04:00:00
132.0,117.23091,2025-09-07 05:00:00
66.0,172.65608,2025-09-07 05:00:00
58.0,70.523796,2025-09-07 05:00:00
97.0,94.461044,2025-09-07 05:00:00
33.25,40.708282,2025-09-07 05:00:00
53.0,132.83717,2025-09-07 06:00:00
121.0,97.746826,2025-09-07 06:00:00
36.5,38.301476,2025-09-07 06:00:00
63.0,66.0039,2025-09-07 06:00:00
91.0,87.06992,2025-09-07 06:00:00
52.0,70.23466,2025-09-07 07:00:00
38.0,39.6305,2025-09-07 07:00:00
53.0,113.85252,2025-09-07 07:00:00
156.0,99.98512,2025-09-07 07:00:00
88.0,104.57967,2025-09-07 07:00:00
182.0,116.65947,2025-09-07 08:00:00
34.25,37.651276,2025-09-07 08:00:00
72.0,143.14378,2025-09-07 08:00:00
47.0,71.87424,2025-09-07 08:00:00
64.0,129.2357,2025-09-07 08:00:00
37.25,40.53579,2025-09-07 09:00:00
184.0,119.84227,2025-09-07 09:00:00
91.0,138.06416,2025-09-07 09:00:00
79.0,129.68509,2025-09-07 09:00:00
61.0,78.89909,2025-09-07 09:00:00
121.0,137.04433,2025-09-07 10:00:00
47.0,47.42188,2025-09-07 10:00:00
157.0,127.889404,2025-09-07 10:00:00
146.0,144.87411,2025-09-07 10:00:00
83.0,82.09793,2025-09-07 10:00:00
47.0,45.963074,2025-09-07 11:00:00
153.0,125.66613,2025-09-07 11:00:00
146.0,154.18771,2025-09-07 11:00:00
89.0,83.267685,2025-09-07 11:00:00
91.0,138.23505,2025-09-07 11:00:00
52.0,46.2359,2025-09-07 12:00:00
103.0,124.06324,2025-09-07 12:00:00
277.0,147.0127,2025-09-07 12:00:00
64.0,71.26126,2025-09-07 12:00:00
118.0,122.943954,2025-09-07 12:00:00
53.5,46.368324,2025-09-07 13:00:00
61.0,68.996185,2025-09-07 13:00:00
90.0,114.195984,2025-09-07 13:00:00
123.0,145.82619,2025-09-07 13:00:00
85.0,99.11282,2025-09-07 13:00:00
77.0,92.24148,2025-09-07 14:00:00
80.0,68.9528,2025-09-07 14:00:00
69.0,109.582756,2025-09-07 14:00:00
45.5,47.734535,2025-09-07 14:00:00
100.0,117.565994,2025-09-07 14:00:00
67.0,85.08143,2025-09-07 15:00:00
97.0,102.55427,2025-09-07 15:00:00
35.5,33.105278,2025-09-07 15:00:00
79.0,69.24489,2025-09-07 15:00:00
75.0,90.85084,2025-09-07 15:00:00
42.5,36.036636,2025-09-07 16:00:00
58.0,65.473885,2025-09-07 16:00:00
63.0,94.122826,2025-09-07 16:00:00
68.0,91.32251,2025-09-07 16:00:00
67.0,81.11865,2025-09-07 16:00:00
75.0,91.27888,2025-09-07 17:00:00
47.75,37.37069,2025-09-07 17:00:00
58.0,87.87915,2025-09-07 17:00:00
44.0,57.411858,2025-09-07 17:00:00
63.0,85.40359,2025-09-07 17:00:00
83.0,82.47043,2025-09-07 18:00:00
72.0,94.6119,2025-09-07 18:00:00
59.0,86.88204,2025-09-07 18:00:00
41.0,59.138397,2025-09-07 18:00:00
51.75,34.162537,2025-09-07 18:00:00
61.0,58.287277,2025-09-07 19:00:00
48.75,41.07718,2025-09-07 19:00:00
147.0,112.34427,2025-09-07 19:00:00
81.0,92.56421,2025-09-07 19:00:00
85.0,109.86343,2025-09-07 19:00:00
84.0,115.45258,2025-09-07 20:00:00
54.0,41.637985,2025-09-07 20:00:00
212.0,127.39443,2025-09-07 20:00:00
62.0,104.33414,2025-09-07 20:00:00
92.0,77.42184,2025-09-07 20:00:00
77.0,76.11712,2025-09-07 21:00:00
113.0,121.00022,2025-09-07 21:00:00
61.75,45.914726,2025-09-07 21:00:00
294.0,140.34767,2025-09-07 21:00:00
72.0,128.33408,2025-09-07 21:00:00
200.0,121.07632,2025-09-07 22:00:00
55.25,44.71402,2025-09-07 22:00:00
94.0,82.60329,2025-09-07 22:00:00
72.0,133.70155,2025-09-07 22:00:00
393.0,140.8559,2025-09-07 22:00:00
318.0,136.06787,2025-09-07 23:00:00
4.0,50.79489,2025-09-07 23:00:00
67.0,116.5491,2025-09-07 23:00:00
59.0,82.857475,2025-09-07 23:00:00
110.0,115.819496,2025-09-07 23:00:00
45.0,113.3352,2025-09-08 00:00:00
96.0,154.38408,2025-09-08 00:00:00
38.0,80.81155,2025-09-08 00:00:00
42.0,49.988415,2025-09-08 00:00:00
298.0,128.78352,2025-09-08 00:00:00
20.0,82.854904,2025-09-08 01:00:00
283.0,120.92553,2025-09-08 01:00:00
74.0,135.74109,2025-09-08 01:00:00
45.0,105.77076,2025-09-08 01:00:00
56.75,47.768463,2025-09-08 01:00:00
207.0,119.126755,2025-09-08 02:00:00
84.0,130.2596,2025-09-08 02:00:00
39.0,103.40899,2025-09-08 02:00:00
47.5,44.836273,2025-09-08 02:00:00
35.0,76.89894,2025-09-08 02:00:00
39.0,106.046646,2025-09-08 03:00:00
216.0,108.10616,2025-09-08 03:00:00
84.0,119.25792,2025-09-08 03:00:00
13.0,76.19612,2025-09-08 03:00:00
31.75,41.540615,2025-09-08 03:00:00
17.0,79.776764,2025-09-08 04:00:00
33.0,102.46052,2025-09-08 04:00:00
161.0,111.90416,2025-09-08 04:00:00
24.0,44.60959,2025-09-08 04:00:00
169.0,112.29548,2025-09-08 04:00:00
139.0,141.79578,2025-09-08 05:00:00
26.75,46.263638,2025-09-08 05:00:00
173.0,140.23827,2025-09-08 05:00:00
19.0,77.1182,2025-09-08 05:00:00
52.0,87.290436,2025-09-08 05:00:00
68.0,87.386375,2025-09-08 06:00:00
31.0,45.531178,2025-09-08 06:00:00
123.0,136.09644,2025-09-08 06:00:00
20.0,78.35906,2025-09-08 06:00:00
226.0,124.67009,2025-09-08 06:00:00
324.0,147.36795,2025-09-08 07:00:00
33.0,44.558666,2025-09-08 07:00:00
128.0,144.39748,2025-09-08 07:00:00
45.0,81.233986,2025-09-08 07:00:00
72.0,91.166176,2025-09-08 07:00:00
56.0,43.879772,2025-09-08 08:00:00
167.0,149.87389,2025-09-08 08:00:00
117.0,101.5049,2025-09-08 08:00:00
55.0,83.48857,2025-09-08 08:00:00
268.0,169.49475,2025-09-08 08:00:00
73.0,46.699234,2025-09-08 09:00:00
85.0,97.3369,2025-09-08 09:00:00
294.0,182.6407,2025-09-08 09:00:00
249.0,165.58073,2025-09-08 09:00:00
201.0,105.53207,2025-09-08 09:00:00
244.0,118.652405,2025-09-08 10:00:00
235.0,175.40828,2025-09-08 10:00:00
78.0,51.926765,2025-09-08 10:00:00
335.0,248.41963,2025-09-08 10:00:00
92.0,98.33087,2025-09-08 10:00:00
321.0,121.77369,2025-09-08 11:00:00
80.66666666666667,55.053402,2025-09-08 11:00:00
95.0,103.29603,2025-09-08 11:00:00
323.0,258.96707,2025-09-08 11:00:00
538.0,189.09026,2025-09-08 11:00:00
344.0,109.62914,2025-09-08 12:00:00
412.0,266.80573,2025-09-08 12:00:00
92.0,86.89164,2025-09-08 12:00:00
273.0,166.7197,2025-09-08 12:00:00
78.25,56.672714,2025-09-08 12:00:00
73.75,56.371597,2025-09-08 13:00:00
103.0,77.71697,2025-09-08 13:00:00
216.0,109.59303,2025-09-08 13:00:00
385.0,192.49088,2025-09-08 13:00:00
257.0,189.96236,2025-09-08 13:00:00
125.0,164.49905,2025-09-08 14:00:00
116.0,86.23456,2025-09-08 14:00:00
158.0,98.55403,2025-09-08 14:00:00
71.5,56.70069,2025-09-08 14:00:00
235.0,165.05464,2025-09-08 14:00:00
197.0,164.18103,2025-09-08 15:00:00
90.0,153.30988,2025-09-08 15:00:00
52.25,55.94549,2025-09-08 15:00:00
124.0,94.29652,2025-09-08 15:00:00
72.0,71.38406,2025-09-08 15:00:00
84.0,88.262695,2025-09-08 16:00:00
36.0,46.898285,2025-09-08 16:00:00
88.0,70.86194,2025-09-08 16:00:00
61.0,149.84106,2025-09-08 16:00:00
188.0,147.45383,2025-09-08 16:00:00
29.25,41.57106,2025-09-08 17:00:00
134.0,130.3692,2025-09-08 17:00:00
56.0,56.799862,2025-09-08 17:00:00
84.0,82.759605,2025-09-08 17:00:00
70.0,163.11746,2025-09-08 17:00:00
77.0,93.94529,2025-09-08 18:00:00
59.0,61.712532,2025-09-08 18:00:00
30.25,47.159233,2025-09-08 18:00:00
112.0,172.0387,2025-09-08 18:00:00
58.0,165.70279,2025-09-08 18:00:00
69.0,76.758026,2025-09-08 19:00:00
88.0,100.35028,2025-09-08 19:00:00
36.25,46.75811,2025-09-08 19:00:00
150.0,214.44366,2025-09-08 19:00:00
162.0,178.82661,2025-09-08 19:00:00
166.0,124.50312,2025-09-08 20:00:00
57.0,97.33109,2025-09-08 20:00:00
138.0,183.6023,2025-09-08 20:00:00
196.0,255.07233,2025-09-08 20:00:00
52.5,54.753326,2025-09-08 20:00:00
160.0,131.35158,2025-09-08 21:00:00
58.75,62.426105,2025-09-08 21:00:00
111.0,104.37695,2025-09-08 21:00:00
196.0,280.316,2025-09-08 21:00:00
141.0,216.77107,2025-09-08 21:00:00
116.0,195.61287,2025-09-08 22:00:00
108.0,95.01161,2025-09-08 22:00:00
171.0,304.3942,2025-09-08 22:00:00
51.75,59.81049,2025-09-08 22:00:00
130.0,159.77487,2025-09-08 22:00:00
69.0,178.9168,2025-09-08 23:00:00
112.0,158.2424,2025-09-08 23:00:00
194.0,269.21838,2025-09-08 23:00:00
45.75,59.6516,2025-09-08 23:00:00
90.0,85.620895,2025-09-08 23:00:00
43.0,60.457676,2025-09-09 00:00:00
73.0,189.1761,2025-09-09 00:00:00
114.0,97.52194,2025-09-09 00:00:00
90.0,170.55125,2025-09-09 00:00:00
183.0,216.6548,2025-09-09 00:00:00
101.0,184.3851,2025-09-09 01:00:00
73.0,84.38293,2025-09-09 01:00:00
38.0,58.450287,2025-09-09 01:00:00
84.0,145.71893,2025-09-09 01:00:00
193.0,240.15135,2025-09-09 01:00:00
134.0,205.99693,2025-09-09 02:00:00
102.0,180.41594,2025-09-09 02:00:00
78.0,98.751465,2025-09-09 02:00:00
78.0,152.42886,2025-09-09 02:00:00
33.5,55.631832,2025-09-09 02:00:00
79.0,141.28981,2025-09-09 03:00:00
83.0,194.38234,2025-09-09 03:00:00
32.75,57.294544,2025-09-09 03:00:00
52.0,92.36337,2025-09-09 03:00:00
130.0,205.84543,2025-09-09 03:00:00
33.0,59.938717,2025-09-09 04:00:00
66.0,119.467316,2025-09-09 04:00:00
144.0,176.76889,2025-09-09 04:00:00
96.0,219.10005,2025-09-09 04:00:00
29.0,98.48715,2025-09-09 04:00:00
81.0,208.62788,2025-09-09 05:00:00
111.0,191.40163,2025-09-09 05:00:00
58.0,137.26395,2025-09-09 05:00:00
33.75,58.028587,2025-09-09 05:00:00
96.0,91.2873,2025-09-09 05:00:00
129.0,216.54843,2025-09-09 06:00:00
70.66666666666667,86.15444,2025-09-09 06:00:00
94.0,193.53491,2025-09-09 06:00:00
84.0,137.26706,2025-09-09 06:00:00
36.5,53.785484,2025-09-09 06:00:00
78.0,162.22612,2025-09-09 07:00:00
199.0,241.01761,2025-09-09 07:00:00
34.25,71.46899,2025-09-09 07:00:00
105.0,189.91273,2025-09-09 07:00:00
59.0,90.68078,2025-09-09 07:00:00
190.0,281.52585,2025-09-09 08:00:00
88.0,208.79973,2025-09-09 08:00:00
40.25,69.438835,2025-09-09 08:00:00
133.0,197.6491,2025-09-09 08:00:00
64.33333333333333,108.95125,2025-09-09 08:00:00
86.0,233.64926,2025-09-09 09:00:00
119.0,282.34473,2025-09-09 09:00:00
100.0,230.10252,2025-09-09 09:00:00
68.33333333333333,110.2643,2025-09-09 09:00:00
43.25,67.071945,2025-09-09 09:00:00
88.0,241.8607,2025-09-09 10:00:00
153.0,239.77295,2025-09-09 10:00:00
88.0,193.99678,2025-09-09 10:00:00
41.75,63.11853,2025-09-09 10:00:00
75.66666666666667,98.71594,2025-09-09 10:00:00
45.66666666666666,62.49167,2025-09-09 11:00:00
71.0,108.10371,2025-09-09 11:00:00
102.0,185.44109,2025-09-09 11:00:00
84.0,190.50856,2025-09-09 11:00:00
102.0,240.44893,2025-09-09 11:00:00
74.0,244.90784,2025-09-09 12:00:00
96.0,181.80887,2025-09-09 12:00:00
56.5,103.206375,2025-09-09 12:00:00
47.5,61.003445,2025-09-09 12:00:00
124.0,266.4487,2025-09-09 12:00:00
55.0,240.18877,2025-09-09 13:00:00
72.0,228.3936,2025-09-09 13:00:00
52.333333333333336,118.87787,2025-09-09 13:00:00
37.0,64.00414,2025-09-09 13:00:00
74.0,211.09558,2025-09-09 13:00:00
46.0,194.97803,2025-09-09 14:00:00
31.75,55.84949,2025-09-09 14:00:00
52.0,150.79205,2025-09-09 14:00:00
63.0,175.87712,2025-09-09 14:00:00
48.0,116.23787,2025-09-09 14:00:00
30.5,52.242317,2025-09-09 15:00:00
52.0,153.7031,2025-09-09 15:00:00
48.66666666666666,84.46038,2025-09-09 15:00:00
64.0,192.98433,2025-09-09 15:00:00
69.0,144.15834,2025-09-09 15:00:00
29.0,39.512787,2025-09-09 16:00:00
42.0,64.48279,2025-09-09 16:00:00
58.0,167.88126,2025-09-09 16:00:00
46.0,139.45728,2025-09-09 16:00:00
69.0,112.16512,2025-09-09 16:00:00
46.0,132.60298,2025-09-09 17:00:00
59.0,158.69437,2025-09-09 17:00:00
29.25,46.375187,2025-09-09 17:00:00
38.0,75.80887,2025-09-09 17:00:00
58.0,99.94811,2025-09-09 17:00:00
58.0,115.062096,2025-09-09 18:00:00
55.0,137.00603,2025-09-09 18:00:00
38.0,88.68631,2025-09-09 18:00:00
33.0,41.548817,2025-09-09 18:00:00
55.0,151.30484,2025-09-09 18:00:00
36.0,74.98534,2025-09-09 19:00:00
84.0,124.24044,2025-09-09 19:00:00
38.75,41.881485,2025-09-09 19:00:00
64.0,143.14749,2025-09-09 19:00:00
95.0,184.55714,2025-09-09 19:00:00
89.0,183.37753,2025-09-09 20:00:00
116.0,147.9671,2025-09-09 20:00:00
140.0,176.75372,2025-09-09 20:00:00
41.0,54.075027,2025-09-09 20:00:00
51.0,101.231476,2025-09-09 20:00:00
67.66666666666667,121.18429,2025-09-09 21:00:00
83.0,162.64099,2025-09-09 21:00:00
121.0,148.03435,2025-09-09 21:00:00
151.0,161.64075,2025-09-09 21:00:00
43.75,58.832596,2025-09-09 21:00:00
139.0,185.66193,2025-09-09 22:00:00
77.33333333333333,105.485565,2025-09-09 22:00:00
96.0,138.66045,2025-09-09 22:00:00
83.0,148.42583,2025-09-09 22:00:00
45.0,51.353252,2025-09-09 22:00:00
100.0,126.49669,2025-09-09 23:00:00
41.5,51.621387,2025-09-09 23:00:00
91.0,141.7392,2025-09-09 23:00:00
113.33333333333331,102.66352,2025-09-09 23:00:00
151.0,151.6426,2025-09-09 23:00:00
90.0,137.16016,2025-09-10 00:00:00
41.75,49.910965,2025-09-10 00:00:00
193.0,140.54086,2025-09-10 00:00:00
108.0,115.735916,2025-09-10 00:00:00
140.0,109.66658,2025-09-10 00:00:00
167.0,132.17459,2025-09-10 01:00:00
111.0,135.18123,2025-09-10 01:00:00
141.66666666666666,88.01845,2025-09-10 01:00:00
42.0,41.254665,2025-09-10 01:00:00
92.0,112.218094,2025-09-10 01:00:00
41.75,37.594376,2025-09-10 02:00:00
106.0,78.77664,2025-09-10 02:00:00
168.0,131.61125,2025-09-10 02:00:00
85.0,113.53674,2025-09-10 02:00:00
123.0,114.72709,2025-09-10 02:00:00
38.5,31.936163,2025-09-10 03:00:00
161.0,129.54393,2025-09-10 03:00:00
81.66666666666667,80.24887,2025-09-10 03:00:00
96.0,103.60287,2025-09-10 03:00:00
121.0,112.48037,2025-09-10 03:00:00
96.66666666666669,67.78506,2025-09-10 04:00:00
168.0,124.909706,2025-09-10 04:00:00
114.0,104.39988,2025-09-10 04:00:00
39.5,30.359583,2025-09-10 04:00:00
102.0,100.47766,2025-09-10 04:00:00
37.0,28.091301,2025-09-10 05:00:00
97.0,102.1186,2025-09-10 05:00:00
123.0,124.06769,2025-09-10 05:00:00
110.0,114.70181,2025-09-10 05:00:00
120.0,66.05823,2025-09-10 05:00:00
92.0,121.86216,2025-09-10 06:00:00
35.25,26.550531,2025-09-10 06:00:00
102.0,97.265274,2025-09-10 06:00:00
92.0,114.98212,2025-09-10 06:00:00
103.66666666666669,76.68832,2025-09-10 06:00:00
78.66666666666667,79.34416,2025-09-10 07:00:00
138.0,164.76773,2025-09-10 07:00:00
35.25,30.864138,2025-09-10 07:00:00
90.0,125.93704,2025-09-10 07:00:00
95.0,132.07944,2025-09-10 07:00:00
80.0,85.11113,2025-09-10 08:00:00
110.0,132.67181,2025-09-10 08:00:00
97.0,176.55373,2025-09-10 08:00:00
39.25,32.60315,2025-09-10 08:00:00
116.0,185.47148,2025-09-10 08:00:00
119.0,166.0598,2025-09-10 09:00:00
124.0,138.61034,2025-09-10 09:00:00
97.0,162.48285,2025-09-10 09:00:00
37.0,34.693733,2025-09-10 09:00:00
88.0,98.02317,2025-09-10 09:00:00
101.0,131.81755,2025-09-10 10:00:00
84.0,111.750595,2025-09-10 10:00:00
92.0,200.1759,2025-09-10 10:00:00
90.0,126.77111,2025-09-10 10:00:00
35.25,37.388428,2025-09-10 10:00:00
82.33333333333333,128.79901,2025-09-10 11:00:00
92.0,141.70271,2025-09-10 11:00:00
103.0,165.59196,2025-09-10 11:00:00
36.0,32.33289,2025-09-10 11:00:00
100.0,125.40568,2025-09-10 11:00:00
73.25,133.22789,2025-09-10 12:00:00
96.0,153.66739,2025-09-10 12:00:00
40.25,32.663826,2025-09-10 12:00:00
90.0,119.33271,2025-09-10 12:00:00
121.0,136.77975,2025-09-10 12:00:00
102.0,104.73723,2025-09-10 13:00:00
68.66666666666667,130.56189,2025-09-10 13:00:00
74.0,150.37482,2025-09-10 13:00:00
92.0,104.31495,2025-09-10 13:00:00
37.75,33.865406,2025-09-10 13:00:00
94.0,129.02841,2025-09-10 14:00:00
63.0,127.41212,2025-09-10 14:00:00
33.5,36.103622,2025-09-10 14:00:00
102.0,102.09901,2025-09-10 14:00:00
66.66666666666667,106.42016,2025-09-10 14:00:00
72.0,118.1389,2025-09-10 15:00:00
27.0,35.05753,2025-09-10 15:00:00
71.33333333333333,93.80989,2025-09-10 15:00:00
77.0,99.757576,2025-09-10 15:00:00
103.0,106.30705,2025-09-10 15:00:00
62.66666666666666,87.58883,2025-09-10 16:00:00
70.0,106.87388,2025-09-10 16:00:00
70.0,87.3213,2025-09-10 16:00:00
26.5,26.00828,2025-09-10 16:00:00
101.0,97.784,2025-09-10 16:00:00
95.0,94.422356,2025-09-10 17:00:00
27.5,20.69269,2025-09-10 17:00:00
69.0,73.627716,2025-09-10 17:00:00
64.0,77.970604,2025-09-10 17:00:00
72.0,93.115524,2025-09-10 17:00:00
26.75,21.590239,2025-09-10 18:00:00
62.0,92.751465,2025-09-10 18:00:00
71.66666666666667,75.72012,2025-09-10 18:00:00
94.0,85.27017,2025-09-10 18:00:00
68.0,72.73048,2025-09-10 18:00:00
31.25,22.64592,2025-09-10 19:00:00
119.0,98.13924,2025-09-10 19:00:00
116.0,111.75571,2025-09-10 19:00:00
75.33333333333333,78.23819,2025-09-10 19:00:00
75.0,73.65621,2025-09-10 19:00:00
84.66666666666667,92.66783,2025-09-10 20:00:00
149.0,122.68592,2025-09-10 20:00:00
106.0,87.00879,2025-09-10 20:00:00
157.0,110.97349,2025-09-10 20:00:00
38.5,23.533762,2025-09-10 20:00:00
175.0,132.27765,2025-09-10 21:00:00
95.33333333333331,101.142555,2025-09-10 21:00:00
125.0,119.36822,2025-09-10 21:00:00
153.0,103.24427,2025-09-10 21:00:00
47.0,30.535378,2025-09-10 21:00:00
128.0,105.19419,2025-09-10 22:00:00
140.0,123.704414,2025-09-10 22:00:00
114.33333333333331,99.82169,2025-09-10 22:00:00
141.0,125.32358,2025-09-10 22:00:00
51.5,30.674019,2025-09-10 22:00:00
119.33333333333331,94.67886,2025-09-10 23:00:00
163.0,136.30154,2025-09-10 23:00:00
47.25,29.273758,2025-09-10 23:00:00
132.0,100.210434,2025-09-10 23:00:00
124.0,106.43786,2025-09-10 23:00:00
118.0,108.55022,2025-09-11 00:00:00
45.25,39.177013,2025-09-11 00:00:00
122.66666666666669,79.33603,2025-09-11 00:00:00
153.0,110.809364,2025-09-11 00:00:00
150.0,123.326546,2025-09-11 00:00:00
116.0,97.23404,2025-09-11 01:00:00
42.75,34.73498,2025-09-11 01:00:00
167.0,116.2509,2025-09-11 01:00:00
179.0,126.72041,2025-09-11 01:00:00
129.66666666666666,88.31019,2025-09-11 01:00:00
132.0,120.32103,2025-09-11 02:00:00
118.0,115.024605,2025-09-11 02:00:00
95.0,92.52006,2025-09-11 02:00:00
114.66666666666669,79.758026,2025-09-11 02:00:00
42.25,30.405561,2025-09-11 02:00:00
96.0,68.72121,2025-09-11 03:00:00
113.0,111.198326,2025-09-11 03:00:00
124.0,113.516106,2025-09-11 03:00:00
95.0,91.22208,2025-09-11 03:00:00
40.0,31.063797,2025-09-11 03:00:00
95.0,94.59113,2025-09-11 04:00:00
83.0,79.27032,2025-09-11 04:00:00
144.0,118.45014,2025-09-11 04:00:00
112.0,115.63803,2025-09-11 04:00:00
40.0,23.727182,2025-09-11 04:00:00
145.0,119.05364,2025-09-11 05:00:00
110.0,108.206726,2025-09-11 05:00:00
87.0,86.63105,2025-09-11 05:00:00
40.0,24.364172,2025-09-11 05:00:00
95.0,99.860275,2025-09-11 05:00:00
123.0,74.1465,2025-09-11 06:00:00
49.0,28.403345,2025-09-11 06:00:00
149.0,107.19751,2025-09-11 06:00:00
158.0,101.90617,2025-09-11 06:00:00
129.0,115.87483,2025-09-11 06:00:00
119.66666666666669,70.66001,2025-09-11 07:00:00
82.33333333333333,30.398336,2025-09-11 07:00:00
118.0,120.33239,2025-09-11 07:00:00
114.0,102.612274,2025-09-11 07:00:00
156.0,129.27562,2025-09-11 07:00:00
125.0,116.89788,2025-09-11 08:00:00
104.66666666666669,86.67096,2025-09-11 08:00:00
168.0,161.67862,2025-09-11 08:00:00
40.333333333333336,38.3304,2025-09-11 08:00:00
158.0,139.05435,2025-09-11 08:00:00
169.0,199.22258,2025-09-11 09:00:00
121.0,137.93796,2025-09-11 09:00:00
102.0,103.158,2025-09-11 09:00:00
232.0,166.74658,2025-09-11 09:00:00
43.0,37.341312,2025-09-11 09:00:00
227.0,191.43045,2025-09-11 10:00:00
85.0,42.230053,2025-09-11 10:00:00
135.0,145.05792,2025-09-11 10:00:00
172.0,168.73848,2025-09-11 10:00:00
111.33333333333331,113.96857,2025-09-11 10:00:00
151.0,144.7851,2025-09-11 11:00:00
147.0,164.1419,2025-09-11 11:00:00
161.0,164.58032,2025-09-11 11:00:00
184.0,37.93946,2025-09-11 11:00:00
106.0,114.079506,2025-09-11 11:00:00
96.5,106.47181,2025-09-11 12:00:00
164.0,161.57251,2025-09-11 12:00:00
140.0,160.78198,2025-09-11 12:00:00
99.0,43.893475,2025-09-11 12:00:00
133.0,166.03937,2025-09-11 12:00:00
103.0,155.53891,2025-09-11 13:00:00
237.0,199.67885,2025-09-11 13:00:00
113.0,139.03833,2025-09-11 13:00:00
107.66666666666669,102.1273,2025-09-11 13:00:00
99.0,70.91348,2025-09-11 13:00:00
104.0,90.06183,2025-09-11 14:00:00
184.0,155.1013,2025-09-11 14:00:00
44.0,67.2748,2025-09-11 14:00:00
102.0,124.83605,2025-09-11 14:00:00
84.0,130.35663,2025-09-11 14:00:00
28.0,67.11151,2025-09-11 15:00:00
95.66666666666669,86.97983,2025-09-11 15:00:00
101.0,124.98883,2025-09-11 15:00:00
201.0,149.03352,2025-09-11 15:00:00
77.0,119.43807,2025-09-11 15:00:00
92.0,99.94086,2025-09-11 16:00:00
77.33333333333333,84.23339,2025-09-11 16:00:00
81.0,106.7813,2025-09-11 16:00:00
191.0,127.02222,2025-09-11 16:00:00
28.0,57.329453,2025-09-11 16:00:00
47.66666666666666,42.649128,2025-09-11 17:00:00
133.0,132.86563,2025-09-11 17:00:00
68.0,94.69309,2025-09-11 17:00:00
62.333333333333336,73.115685,2025-09-11 17:00:00
59.0,106.79386,2025-09-11 17:00:00
74.0,111.75928,2025-09-11 18:00:00
47.66666666666666,24.771715,2025-09-11 18:00:00
121.0,161.36734,2025-09-11 18:00:00
68.0,105.29601,2025-09-11 18:00:00
58.333333333333336,84.674675,2025-09-11 18:00:00
149.0,172.85136,2025-09-11 19:00:00
73.0,102.3521,2025-09-11 19:00:00
47.66666666666666,47.291885,2025-09-11 19:00:00
118.0,124.94748,2025-09-11 19:00:00
66.0,94.80852,2025-09-11 19:00:00
47.66666666666666,48.882046,2025-09-11 20:00:00
100.0,130.85341,2025-09-11 20:00:00
76.0,108.19265,2025-09-11 20:00:00
147.0,150.40598,2025-09-11 20:00:00
171.0,175.9261,2025-09-11 20:00:00
87.0,130.41255,2025-09-11 21:00:00
166.0,195.70525,2025-09-11 21:00:00
123.0,143.6252,2025-09-11 21:00:00
151.0,194.23096,2025-09-11 21:00:00
184.0,156.04929,2025-09-11 22:00:00
217.0,190.14267,2025-09-11 22:00:00
103.0,154.3204,2025-09-11 22:00:00
94.33333333333331,139.16832,2025-09-11 22:00:00
144.0,170.32169,2025-09-11 23:00:00
169.0,147.25058,2025-09-11 23:00:00
96.66666666666669,127.28873,2025-09-11 23:00:00
110.0,140.89948,2025-09-11 23:00:00
110.0,156.32442,2025-09-12 00:00:00
130.0,147.77238,2025-09-12 00:00:00
91.0,122.1822,2025-09-12 00:00:00
97.0,131.34337,2025-09-12 00:00:00
111.33333333333331,111.19741,2025-09-12 01:00:00
119.0,140.51294,2025-09-12 01:00:00
177.0,149.12675,2025-09-12 01:00:00
14.333333333333334,83.87709,2025-09-12 01:00:00
94.0,119.59782,2025-09-12 01:00:00
100.0,114.50426,2025-09-12 02:00:00
166.0,132.12602,2025-09-12 02:00:00
105.0,107.07383,2025-09-12 02:00:00
108.0,127.5835,2025-09-12 02:00:00
38.0,76.84964,2025-09-12 02:00:00
43.5,60.464245,2025-09-12 03:00:00
100.0,116.98066,2025-09-12 03:00:00
94.66666666666669,91.33572,2025-09-12 03:00:00
108.0,112.7352,2025-09-12 03:00:00
113.0,149.15288,2025-09-12 03:00:00
45.0,61.817383,2025-09-12 04:00:00
92.0,86.53041,2025-09-12 04:00:00
166.0,148.2015,2025-09-12 04:00:00
110.0,105.82266,2025-09-12 04:00:00
90.0,119.40734,2025-09-12 04:00:00
89.66666666666667,92.009766,2025-09-12 05:00:00
94.0,111.03476,2025-09-12 05:00:00
207.0,142.83658,2025-09-12 05:00:00
119.0,134.43848,2025-09-12 05:00:00
41.25,62.395676,2025-09-12 05:00:00
196.0,155.50525,2025-09-12 06:00:00
113.0,133.65338,2025-09-12 06:00:00
43.0,65.573204,2025-09-12 06:00:00
87.0,114.16332,2025-09-12 06:00:00
102.0,118.52466,2025-09-12 06:00:00
93.33333333333331,108.811424,2025-09-12 07:00:00
150.0,145.06154,2025-09-12 07:00:00
42.75,59.207905,2025-09-12 07:00:00
199.0,189.65965,2025-09-12 07:00:00
143.0,131.23308,2025-09-12 07:00:00
110.33333333333331,106.47038,2025-09-12 08:00:00
207.0,195.02393,2025-09-12 08:00:00
139.0,144.29826,2025-09-12 08:00:00
50.0,63.69935,2025-09-12 08:00:00
208.0,179.6822,2025-09-12 08:00:00
172.0,224.20473,2025-09-12 09:00:00
119.66666666666669,120.30352,2025-09-12 09:00:00
141.0,163.5318,2025-09-12 09:00:00
305.0,232.20819,2025-09-12 09:00:00
128.0,157.06255,2025-09-12 10:00:00
137.66666666666666,121.58923,2025-09-12 10:00:00
235.0,211.57964,2025-09-12 10:00:00
295.0,227.09808,2025-09-12 10:00:00
384.0,217.68518,2025-09-12 11:00:00
113.0,188.04526,2025-09-12 11:00:00
141.33333333333334,127.12586,2025-09-12 11:00:00
218.0,211.47612,2025-09-12 11:00:00
168.0,173.42923,2025-09-12 12:00:00
138.25,119.878456,2025-09-12 12:00:00
108.0,182.67435,2025-09-12 12:00:00
504.0,219.56302,2025-09-12 12:00:00
194.0,153.61314,2025-09-12 13:00:00
381.0,246.89876,2025-09-12 13:00:00
132.66666666666666,130.05467,2025-09-12 13:00:00
119.0,184.91856,2025-09-12 13:00:00
51.5,86.597626,2025-09-12 13:00:00
334.0,230.19977,2025-09-12 14:00:00
47.75,84.16453,2025-09-12 14:00:00
139.0,141.67265,2025-09-12 14:00:00
134.0,103.12549,2025-09-12 14:00:00
127.0,148.74304,2025-09-12 14:00:00
127.0,144.40067,2025-09-12 15:00:00
38.5,83.915306,2025-09-12 15:00:00
132.0,84.79359,2025-09-12 15:00:00
117.0,119.83186,2025-09-12 15:00:00
301.0,225.09691,2025-09-12 15:00:00
313.0,210.10214,2025-09-12 16:00:00
97.33333333333331,79.27009,2025-09-12 16:00:00
36.75,74.62676,2025-09-12 16:00:00
94.0,102.47831,2025-09-12 16:00:00
147.0,94.32486,2025-09-12 16:00:00
86.33333333333333,70.37707,2025-09-12 17:00:00
70.0,87.95681,2025-09-12 17:00:00
36.25,66.46788,2025-09-12 17:00:00
92.0,100.89001,2025-09-12 17:00:00
266.0,195.11783,2025-09-12 17:00:00
68.0,109.39958,2025-09-12 18:00:00
28.5,64.529236,2025-09-12 18:00:00
59.0,101.58297,2025-09-12 18:00:00
227.0,210.8719,2025-09-12 18:00:00
79.66666666666667,76.66866,2025-09-12 18:00:00
77.0,147.92612,2025-09-12 19:00:00
31.75,62.643948,2025-09-12 19:00:00
261.0,224.1914,2025-09-12 19:00:00
107.0,145.53465,2025-09-12 19:00:00
61.66666666666666,85.18363,2025-09-12 19:00:00
99.0,163.88277,2025-09-12 20:00:00
63.0,119.93351,2025-09-12 20:00:00
113.0,173.43501,2025-09-12 20:00:00
41.25,69.473175,2025-09-12 20:00:00
189.0,229.1096,2025-09-12 20:00:00
263.0,242.34396,2025-09-12 21:00:00
47.333333333333336,72.29638,2025-09-12 21:00:00
144.0,198.80371,2025-09-12 21:00:00
103.0,162.5942,2025-09-12 21:00:00
83.0,120.867805,2025-09-12 21:00:00
172.0,257.29105,2025-09-12 22:00:00
130.0,197.95987,2025-09-12 22:00:00
87.66666666666667,123.705,2025-09-12 22:00:00
88.0,151.83023,2025-09-12 22:00:00
47.333333333333336,71.05774,2025-09-12 22:00:00
47.333333333333336,55.549744,2025-09-12 23:00:00
102.0,122.53644,2025-09-12 23:00:00
161.0,166.52126,2025-09-12 23:00:00
122.0,237.54817,2025-09-12 23:00:00
100.0,153.37682,2025-09-12 23:00:00
241.0,199.94759,2025-09-13 00:00:00
79.0,134.36739,2025-09-13 00:00:00
127.0,143.61024,2025-09-13 00:00:00
47.333333333333336,58.702774,2025-09-13 00:00:00
92.66666666666669,115.35407,2025-09-13 00:00:00
185.0,214.50359,2025-09-13 01:00:00
124.0,128.67172,2025-09-13 01:00:00
88.66666666666667,117.253334,2025-09-13 01:00:00
17.5,53.549534,2025-09-13 01:00:00
68.0,126.84717,2025-09-13 01:00:00
63.0,125.99977,2025-09-13 02:00:00
210.0,216.81345,2025-09-13 02:00:00
74.0,127.27617,2025-09-13 02:00:00
91.0,119.40363,2025-09-13 02:00:00
39.0,52.74471,2025-09-13 02:00:00
157.0,231.73157,2025-09-13 03:00:00
76.33333333333333,117.15395,2025-09-13 03:00:00
135.0,50.13723,2025-09-13 03:00:00
74.0,121.998116,2025-09-13 03:00:00
67.0,126.745255,2025-09-13 03:00:00
77.0,124.23272,2025-09-13 04:00:00
92.0,118.55202,2025-09-13 04:00:00
153.0,244.44353,2025-09-13 04:00:00
55.0,119.895775,2025-09-13 04:00:00
63.5,47.711365,2025-09-13 04:00:00
195.0,232.20108,2025-09-13 05:00:00
41.5,52.038456,2025-09-13 05:00:00
116.0,134.55295,2025-09-13 05:00:00
51.333333333333336,120.93767,2025-09-13 05:00:00
73.0,141.1489,2025-09-13 05:00:00
118.0,133.47485,2025-09-13 06:00:00
68.0,126.472275,2025-09-13 06:00:00
189.0,258.65567,2025-09-13 06:00:00
38.25,42.659683,2025-09-13 06:00:00
60.333333333333336,106.10272,2025-09-13 06:00:00
185.0,193.10678,2025-09-13 07:00:00
86.0,179.16934,2025-09-13 07:00:00
70.66666666666667,112.36761,2025-09-13 07:00:00
42.5,45.891865,2025-09-13 07:00:00
206.0,320.64075,2025-09-13 07:00:00
256.0,333.14294,2025-09-13 08:00:00
134.0,247.78726,2025-09-13 08:00:00
98.0,147.20627,2025-09-13 08:00:00
55.25,52.09176,2025-09-13 08:00:00
81.0,182.56404,2025-09-13 08:00:00
136.0,217.9593,2025-09-13 09:00:00
52.25,52.328564,2025-09-13 09:00:00
150.5,157.27689,2025-09-13 09:00:00
158.0,377.3322,2025-09-13 09:00:00
86.0,197.67809,2025-09-13 09:00:00
91.0,168.38231,2025-09-13 10:00:00
180.66666666666663,145.97098,2025-09-13 10:00:00
245.0,242.11311,2025-09-13 10:00:00
188.0,399.6378,2025-09-13 10:00:00
49.75,74.628586,2025-09-13 10:00:00
177.66666666666666,156.39854,2025-09-13 11:00:00
99.0,152.71698,2025-09-13 11:00:00
60.333333333333336,76.46766,2025-09-13 11:00:00
215.0,393.2008,2025-09-13 11:00:00
196.0,224.88799,2025-09-13 11:00:00
99.0,143.58838,2025-09-13 12:00:00
133.75,157.38045,2025-09-13 12:00:00
72.5,72.93284,2025-09-13 12:00:00
482.0,412.5817,2025-09-13 12:00:00
237.0,207.00885,2025-09-13 12:00:00
74.0,69.458595,2025-09-13 13:00:00
58.0,154.31335,2025-09-13 13:00:00
574.0,335.4906,2025-09-13 13:00:00
153.0,193.88252,2025-09-13 13:00:00
101.66666666666669,142.52823,2025-09-13 13:00:00
76.75,72.35033,2025-09-13 14:00:00
163.0,160.1643,2025-09-13 14:00:00
110.0,145.3348,2025-09-13 14:00:00
137.33333333333334,116.24612,2025-09-13 14:00:00
284.0,273.7809,2025-09-13 14:00:00
141.0,127.87649,2025-09-13 15:00:00
155.0,137.07153,2025-09-13 15:00:00
256.0,236.41176,2025-09-13 15:00:00
75.5,76.76687,2025-09-13 15:00:00
124.66666666666669,108.357925,2025-09-13 15:00:00
157.0,105.520454,2025-09-13 16:00:00
317.0,250.6915,2025-09-13 16:00:00
79.0,90.87073,2025-09-13 16:00:00
162.0,129.37056,2025-09-13 16:00:00
87.0,111.30573,2025-09-13 16:00:00
153.0,109.73007,2025-09-13 17:00:00
157.0,105.2152,2025-09-13 17:00:00
64.5,82.91876,2025-09-13 17:00:00
69.66666666666667,80.819664,2025-09-13 17:00:00
300.0,267.8102,2025-09-13 17:00:00
56.25,85.42905,2025-09-13 18:00:00
64.66666666666667,107.75423,2025-09-13 18:00:00
383.0,288.45596,2025-09-13 18:00:00
201.0,132.92249,2025-09-13 18:00:00
157.0,111.13813,2025-09-13 18:00:00
64.5,81.91396,2025-09-13 19:00:00
217.0,135.91579,2025-09-13 19:00:00
98.66666666666669,109.40118,2025-09-13 19:00:00
472.0,297.8761,2025-09-13 19:00:00
157.0,124.09481,2025-09-13 19:00:00
160.66666666666666,145.04861,2025-09-13 20:00:00
75.5,80.910324,2025-09-13 20:00:00
184.0,160.85568,2025-09-13 20:00:00
394.0,298.22235,2025-09-13 20:00:00
74.75,59.946823,2025-09-13 21:00:00
150.0,180.56708,2025-09-13 21:00:00
410.0,285.38055,2025-09-13 21:00:00
168.33333333333334,148.02455,2025-09-13 21:00:00
252.0,262.61594,2025-09-13 22:00:00
131.66666666666666,148.61308,2025-09-13 22:00:00
149.0,186.97171,2025-09-13 22:00:00
49.25,59.195522,2025-09-13 22:00:00
38.25,49.99992,2025-09-13 23:00:00
260.0,208.45401,2025-09-13 23:00:00
109.0,127.61817,2025-09-13 23:00:00
112.0,174.08612,2025-09-13 23:00:00
127.0,150.08762,2025-09-14 00:00:00
100.0,102.47793,2025-09-14 00:00:00
95.66666666666669,102.50663,2025-09-14 00:00:00
204.0,260.17844,2025-09-14 00:00:00
40.75,57.473827,2025-09-14 00:00:00
132.0,97.11559,2025-09-14 01:00:00
102.0,116.31501,2025-09-14 01:00:00
218.0,226.63588,2025-09-14 01:00:00
42.0,54.59427,2025-09-14 01:00:00
82.33333333333333,98.727615,2025-09-14 01:00:00
38.0,59.06756,2025-09-14 02:00:00
86.66666666666667,111.37057,2025-09-14 02:00:00
160.0,224.24077,2025-09-14 02:00:00
97.0,114.899315,2025-09-14 02:00:00
106.0,109.68712,2025-09-14 02:00:00
101.0,117.30552,2025-09-14 03:00:00
221.0,199.16293,2025-09-14 03:00:00
84.33333333333333,102.84414,2025-09-14 03:00:00
83.0,125.80155,2025-09-14 03:00:00
35.5,92.73767,2025-09-14 03:00:00
38.75,70.011215,2025-09-14 04:00:00
169.0,214.84439,2025-09-14 04:00:00
85.0,105.62313,2025-09-14 04:00:00
128.0,117.0314,2025-09-14 04:00:00
78.33333333333333,105.4275,2025-09-14 04:00:00
223.0,246.57202,2025-09-14 05:00:00
41.25,66.28459,2025-09-14 05:00:00
67.0,100.98292,2025-09-14 05:00:00
95.0,120.05803,2025-09-14 05:00:00
103.0,121.59515,2025-09-14 05:00:00
41.5,59.18285,2025-09-14 06:00:00
174.0,124.773705,2025-09-14 06:00:00
72.0,93.98046,2025-09-14 06:00:00
88.0,113.42281,2025-09-14 06:00:00
237.0,231.47612,2025-09-14 06:00:00
81.0,104.67268,2025-09-14 07:00:00
101.0,127.69814,2025-09-14 07:00:00
276.0,275.49182,2025-09-14 07:00:00
47.25,65.13278,2025-09-14 07:00:00
215.0,220.01973,2025-09-14 07:00:00
153.0,187.54065,2025-09-14 08:00:00
307.0,361.66364,2025-09-14 08:00:00
55.0,63.8573,2025-09-14 08:00:00
128.33333333333334,142.85168,2025-09-14 08:00:00
60.25,77.254395,2025-09-14 09:00:00
393.0,325.87335,2025-09-14 09:00:00
181.66666666666663,164.61711,2025-09-14 09:00:00
272.0,214.5914,2025-09-14 09:00:00
193.0,173.82864,2025-09-14 10:00:00
261.0,270.34024,2025-09-14 10:00:00
69.75,89.016266,2025-09-14 10:00:00
528.0,371.97403,2025-09-14 10:00:00
153.0,168.39223,2025-09-14 11:00:00
532.0,347.0632,2025-09-14 11:00:00
67.0,82.365906,2025-09-14 11:00:00
267.0,220.25461,2025-09-14 11:00:00
61.0,79.56573,2025-09-14 12:00:00
199.0,248.23404,2025-09-14 12:00:00
118.0,160.36604,2025-09-14 12:00:00
122.75,155.45555,2025-09-14 12:00:00
377.0,276.10892,2025-09-14 12:00:00
168.0,198.77892,2025-09-14 13:00:00
124.33333333333331,142.78871,2025-09-14 13:00:00
105.0,133.41304,2025-09-14 13:00:00
68.75,87.98332,2025-09-14 13:00:00
410.0,301.26297,2025-09-14 13:00:00
163.66666666666666,141.28026,2025-09-14 14:00:00
70.25,81.94517,2025-09-14 14:00:00
112.0,184.43903,2025-09-14 14:00:00
269.0,295.2608,2025-09-14 14:00:00
125.0,140.26675,2025-09-14 14:00:00
144.0,166.87965,2025-09-14 15:00:00
385.0,295.97073,2025-09-14 15:00:00
121.0,137.36813,2025-09-14 15:00:00
176.66666666666666,133.59094,2025-09-14 15:00:00
62.75,77.23783,2025-09-14 15:00:00
113.0,130.27446,2025-09-14 16:00:00
161.0,196.3523,2025-09-14 16:00:00
140.66666666666666,109.90642,2025-09-14 16:00:00
338.0,285.86185,2025-09-14 16:00:00
57.75,92.225655,2025-09-14 16:00:00
122.0,89.27992,2025-09-14 17:00:00
128.0,178.4766,2025-09-14 17:00:00
62.25,86.36176,2025-09-14 17:00:00
323.0,316.9806,2025-09-14 17:00:00
118.0,113.34682,2025-09-14 17:00:00
103.66666666666669,93.84394,2025-09-14 18:00:00
490.0,303.32092,2025-09-14 18:00:00
123.0,190.9765,2025-09-14 18:00:00
116.0,131.98651,2025-09-14 18:00:00
59.5,75.41822,2025-09-14 18:00:00
200.0,210.39314,2025-09-14 19:00:00
52.0,69.09485,2025-09-14 19:00:00
112.0,125.97073,2025-09-14 19:00:00
415.0,300.81277,2025-09-14 19:00:00
90.33333333333331,110.81611,2025-09-14 19:00:00
206.0,230.84697,2025-09-14 20:00:00
90.66666666666669,155.26491,2025-09-14 20:00:00
145.0,167.33508,2025-09-14 20:00:00
50.75,74.60949,2025-09-14 20:00:00
320.0,397.77744,2025-09-14 20:00:00
94.0,155.74835,2025-09-14 21:00:00
133.0,153.8324,2025-09-14 21:00:00
53.0,74.172066,2025-09-14 21:00:00
136.0,215.3188,2025-09-14 21:00:00
372.0,350.01526,2025-09-14 21:00:00
252.0,364.90533,2025-09-14 22:00:00
57.0,67.75889,2025-09-14 22:00:00
103.66666666666669,138.85501,2025-09-14 22:00:00
205.0,200.97284,2025-09-14 22:00:00
112.0,145.10439,2025-09-14 22:00:00
116.66666666666669,138.15721,2025-09-14 23:00:00
49.0,63.75976,2025-09-14 23:00:00
102.0,132.09782,2025-09-14 23:00:00
254.0,346.21323,2025-09-14 23:00:00
123.0,170.22229,2025-09-14 23:00:00
185.0,304.1299,2025-09-15 00:00:00
100.0,114.320404,2025-09-15 00:00:00
127.0,126.83306,2025-09-15 00:00:00
105.0,160.28864,2025-09-15 00:00:00
51.5,69.52156,2025-09-15 00:00:00
263.0,293.47375,2025-09-15 01:00:00
52.25,70.2521,2025-09-15 01:00:00
104.0,117.0039,2025-09-15 01:00:00
94.0,151.51183,2025-09-15 01:00:00
84.0,123.25864,2025-09-15 01:00:00
89.0,110.864105,2025-09-15 02:00:00
39.5,73.25425,2025-09-15 02:00:00
212.0,276.66614,2025-09-15 02:00:00
74.33333333333333,113.61169,2025-09-15 02:00:00
99.0,138.21826,2025-09-15 02:00:00
64.0,116.31371,2025-09-15 03:00:00
34.0,70.5804,2025-09-15 03:00:00
111.0,140.14723,2025-09-15 03:00:00
259.0,283.6616,2025-09-15 03:00:00
86.0,116.34737,2025-09-15 03:00:00
38.75,72.94743,2025-09-15 04:00:00
224.0,308.63776,2025-09-15 04:00:00
55.0,129.40338,2025-09-15 04:00:00
89.0,117.271324,2025-09-15 04:00:00
99.0,137.94037,2025-09-15 04:00:00
59.66666666666666,110.709625,2025-09-15 05:00:00
44.0,73.2524,2025-09-15 05:00:00
195.0,281.94095,2025-09-15 05:00:00
111.0,144.73997,2025-09-15 05:00:00
85.0,125.3974,2025-09-15 05:00:00
210.0,298.3432,2025-09-15 06:00:00
152.0,167.06277,2025-09-15 06:00:00
46.5,68.25169,2025-09-15 06:00:00
96.0,133.79553,2025-09-15 06:00:00
84.66666666666667,103.400314,2025-09-15 06:00:00
47.5,69.63876,2025-09-15 07:00:00
106.33333333333331,110.09067,2025-09-15 07:00:00
193.0,216.10767,2025-09-15 07:00:00
96.0,144.99336,2025-09-15 07:00:00
246.0,380.38867,2025-09-15 07:00:00
46.0,83.521774,2025-09-15 08:00:00
210.0,224.21968,2025-09-15 08:00:00
205.0,168.47249,2025-09-15 08:00:00
131.33333333333334,134.36794,2025-09-15 08:00:00
230.0,458.5045,2025-09-15 08:00:00
295.0,353.94846,2025-09-15 09:00:00
61.5,86.3,2025-09-15 09:00:00
574.0,494.38165,2025-09-15 09:00:00
161.66666666666666,183.59615,2025-09-15 09:00:00
139.0,181.98315,2025-09-15 09:00:00
591.0,503.5989,2025-09-15 10:00:00
136.0,184.27452,2025-09-15 10:00:00
315.0,281.40646,2025-09-15 10:00:00
71.0,83.66922,2025-09-15 10:00:00
184.66666666666663,193.2242,2025-09-15 10:00:00
167.66666666666666,161.10927,2025-09-15 11:00:00
300.0,326.20218,2025-09-15 11:00:00
76.0,105.01516,2025-09-15 11:00:00
961.0,478.38113,2025-09-15 11:00:00
113.0,195.38634,2025-09-15 11:00:00
294.0,226.87317,2025-09-15 12:00:00
132.0,154.18831,2025-09-15 12:00:00
508.0,459.03366,2025-09-15 12:00:00
73.0,92.90985,2025-09-15 12:00:00
174.0,173.411,2025-09-15 12:00:00
118.66666666666669,150.60614,2025-09-15 13:00:00
156.0,166.58705,2025-09-15 13:00:00
200.0,221.9408,2025-09-15 13:00:00
68.5,101.92919,2025-09-15 13:00:00
432.0,478.94733,2025-09-15 13:00:00
68.0,99.608795,2025-09-15 14:00:00
151.0,186.57301,2025-09-15 14:00:00
129.0,178.32408,2025-09-15 14:00:00
395.0,399.15265,2025-09-15 14:00:00
107.33333333333331,137.89711,2025-09-15 14:00:00
130.0,174.13925,2025-09-15 15:00:00
149.0,191.82849,2025-09-15 15:00:00
68.75,102.21111,2025-09-15 15:00:00
112.33333333333331,125.52709,2025-09-15 15:00:00
431.0,392.90558,2025-09-15 15:00:00
112.33333333333331,120.781425,2025-09-15 16:00:00
132.0,160.89882,2025-09-15 16:00:00
67.0,96.044136,2025-09-15 16:00:00
101.0,165.29927,2025-09-15 16:00:00
459.0,347.65085,2025-09-15 16:00:00
56.25,94.2649,2025-09-15 17:00:00
100.0,112.25586,2025-09-15 17:00:00
122.0,163.80403,2025-09-15 17:00:00
99.0,141.84871,2025-09-15 17:00:00
366.0,321.46118,2025-09-15 17:00:00
42.25,97.95896,2025-09-15 18:00:00
85.66666666666667,105.99504,2025-09-15 18:00:00
112.0,116.27443,2025-09-15 18:00:00
79.0,184.00273,2025-09-15 18:00:00
223.0,291.57962,2025-09-15 18:00:00
106.0,115.60717,2025-09-15 19:00:00
138.0,209.1494,2025-09-15 19:00:00
205.0,388.74213,2025-09-15 19:00:00
42.25,89.09583,2025-09-15 19:00:00
115.5,108.03237,2025-09-15 19:00:00
493.0,357.68057,2025-09-15 20:00:00
139.0,246.9648,2025-09-15 20:00:00
86.0,142.42934,2025-09-15 20:00:00
43.25,103.66576,2025-09-15 20:00:00
107.0,206.40793,2025-09-15 20:00:00
280.0,395.117,2025-09-15 21:00:00
117.0,169.90219,2025-09-15 21:00:00
43.0,97.5045,2025-09-15 21:00:00
85.0,130.0309,2025-09-15 21:00:00
260.0,255.47571,2025-09-15 21:00:00
208.0,341.66595,2025-09-15 22:00:00
53.75,69.95292,2025-09-15 22:00:00
139.0,156.65834,2025-09-15 22:00:00
210.0,265.1797,2025-09-15 22:00:00
85.0,120.504196,2025-09-15 22:00:00
116.0,116.53628,2025-09-15 23:00:00
122.0,186.94743,2025-09-15 23:00:00
59.75,67.86901,2025-09-15 23:00:00
123.0,154.2144,2025-09-15 23:00:00
217.0,305.09665,2025-09-15 23:00:00
143.0,166.00159,2025-09-16 00:00:00
63.75,65.98631,2025-09-16 00:00:00
127.0,154.98569,2025-09-16 00:00:00
173.0,302.0477,2025-09-16 00:00:00
143.0,106.31307,2025-09-16 00:00:00
205.0,303.04614,2025-09-16 01:00:00
122.0,97.98078,2025-09-16 01:00:00
135.0,143.09293,2025-09-16 01:00:00
124.0,114.99755,2025-09-16 01:00:00
64.5,62.81846,2025-09-16 01:00:00
125.0,140.94785,2025-09-16 02:00:00
95.0,84.63514,2025-09-16 02:00:00
161.0,258.23782,2025-09-16 02:00:00
110.0,111.56698,2025-09-16 02:00:00
64.0,55.67766,2025-09-16 02:00:00
57.75,56.30708,2025-09-16 03:00:00
271.0,295.3143,2025-09-16 03:00:00
97.0,92.3879,2025-09-16 03:00:00
134.0,133.09569,2025-09-16 03:00:00
99.0,114.482445,2025-09-16 03:00:00
88.0,109.99386,2025-09-16 04:00:00
94.0,95.488205,2025-09-16 04:00:00
50.0,61.435467,2025-09-16 04:00:00
219.0,258.99387,2025-09-16 04:00:00
116.0,125.93983,2025-09-16 04:00:00
130.0,316.09677,2025-09-16 05:00:00
125.0,131.51405,2025-09-16 05:00:00
86.0,91.576675,2025-09-16 05:00:00
84.0,115.84839,2025-09-16 05:00:00
48.75,60.50343,2025-09-16 05:00:00
85.0,91.16868,2025-09-16 06:00:00
100.0,110.3536,2025-09-16 06:00:00
157.0,152.44904,2025-09-16 06:00:00
180.0,276.8215,2025-09-16 06:00:00
48.5,57.83717,2025-09-16 06:00:00
53.75,58.06982,2025-09-16 07:00:00
167.0,281.5445,2025-09-16 07:00:00
111.0,123.21898,2025-09-16 07:00:00
121.0,97.30069,2025-09-16 07:00:00
147.0,184.08081,2025-09-16 07:00:00
132.0,165.21516,2025-09-16 08:00:00
184.0,356.21014,2025-09-16 08:00:00
64.0,54.30172,2025-09-16 08:00:00
175.0,200.92232,2025-09-16 08:00:00
133.0,121.56149,2025-09-16 08:00:00
153.0,141.64987,2025-09-16 09:00:00
75.25,78.22507,2025-09-16 09:00:00
161.0,325.85974,2025-09-16 09:00:00
173.0,322.8378,2025-09-16 09:00:00
168.0,155.47469,2025-09-16 09:00:00
94.25,106.023964,2025-09-16 10:00:00
153.0,332.49377,2025-09-16 10:00:00
135.0,296.83542,2025-09-16 10:00:00
164.0,169.45401,2025-09-16 10:00:00
183.0,154.7058,2025-09-16 10:00:00
127.0,354.64453,2025-09-16 11:00:00
127.0,153.39163,2025-09-16 11:00:00
185.0,297.3745,2025-09-16 11:00:00
174.0,180.7059,2025-09-16 11:00:00
76.0,110.45536,2025-09-16 11:00:00
151.0,169.09026,2025-09-16 12:00:00
64.0,95.5933,2025-09-16 12:00:00
94.0,153.78209,2025-09-16 12:00:00
96.0,361.95776,2025-09-16 12:00:00
144.0,293.5368,2025-09-16 12:00:00
70.0,78.353836,2025-09-16 13:00:00
91.0,154.1461,2025-09-16 13:00:00
121.0,163.9527,2025-09-16 13:00:00
122.0,333.45953,2025-09-16 13:00:00
118.0,220.16498,2025-09-16 13:00:00
116.0,164.48405,2025-09-16 14:00:00
61.75,85.25835,2025-09-16 14:00:00
101.0,287.83292,2025-09-16 14:00:00
94.0,141.67831,2025-09-16 14:00:00
141.0,194.96658,2025-09-16 14:00:00
101.0,161.64017,2025-09-16 15:00:00
51.75,81.49433,2025-09-16 15:00:00
106.0,335.15475,2025-09-16 15:00:00
90.0,182.5836,2025-09-16 15:00:00
74.0,139.51808,2025-09-16 15:00:00
52.0,81.5566,2025-09-16 16:00:00
78.0,171.14143,2025-09-16 16:00:00
69.0,123.81532,2025-09-16 16:00:00
150.0,262.79587,2025-09-16 16:00:00
90.0,156.87508,2025-09-16 16:00:00
89.0,116.82651,2025-09-16 17:00:00
90.0,133.05426,2025-09-16 17:00:00
99.0,182.5787,2025-09-16 17:00:00
185.0,285.85684,2025-09-16 17:00:00
53.75,87.74307,2025-09-16 17:00:00
53.5,81.28261,2025-09-16 18:00:00
116.0,154.08481,2025-09-16 18:00:00
99.0,190.40993,2025-09-16 18:00:00
208.0,322.50235,2025-09-16 18:00:00
62.0,82.32548,2025-09-16 18:00:00
133.0,157.3407,2025-09-16 19:00:00
129.0,115.19037,2025-09-16 19:00:00
164.0,336.3717,2025-09-16 19:00:00
54.5,63.651527,2025-09-16 19:00:00
117.0,193.9765,2025-09-16 19:00:00
59.0,61.67633,2025-09-16 20:00:00
223.0,199.88847,2025-09-16 20:00:00
118.0,124.35498,2025-09-16 20:00:00
141.0,263.93192,2025-09-16 20:00:00
157.0,187.96101,2025-09-16 20:00:00
178.0,276.01846,2025-09-16 21:00:00
177.0,238.28868,2025-09-16 21:00:00
171.0,177.62729,2025-09-16 21:00:00
75.25,70.560104,2025-09-16 21:00:00
127.0,133.0321,2025-09-16 21:00:00
230.0,243.59343,2025-09-16 22:00:00
136.0,137.6804,2025-09-16 22:00:00
180.0,162.88799,2025-09-16 22:00:00
432.0,179.09438,2025-09-16 22:00:00
75.25,81.65254,2025-09-16 22:00:00
213.0,134.44368,2025-09-16 23:00:00
21.5,76.555595,2025-09-16 23:00:00
145.0,135.94823,2025-09-16 23:00:00
167.0,153.87442,2025-09-16 23:00:00
234.0,199.30617,2025-09-16 23:00:00
208.0,162.40813,2025-09-17 00:00:00
164.0,94.6018,2025-09-17 00:00:00
21.5,51.690533,2025-09-17 00:00:00
146.0,123.88221,2025-09-17 00:00:00
184.0,136.47736,2025-09-17 00:00:00
160.0,127.100815,2025-09-17 01:00:00
21.5,48.663773,2025-09-17 01:00:00
118.0,124.60295,2025-09-17 01:00:00
155.0,186.84853,2025-09-17 01:00:00
238.0,101.96585,2025-09-17 01:00:00
134.0,95.38634,2025-09-17 02:00:00
117.0,104.86032,2025-09-17 02:00:00
218.0,145.85898,2025-09-17 02:00:00
21.5,53.998196,2025-09-17 02:00:00
122.0,120.706795,2025-09-17 02:00:00
112.0,103.21386,2025-09-17 03:00:00
133.0,82.94809,2025-09-17 03:00:00
136.0,102.49277,2025-09-17 03:00:00
158.0,168.38446,2025-09-17 03:00:00
118.0,97.51162,2025-09-17 04:00:00
881.0,108.47128,2025-09-17 04:00:00
25.666666666666668,45.07876,2025-09-17 04:00:00
150.0,173.51448,2025-09-17 04:00:00
107.0,77.13296,2025-09-17 04:00:00
121.66666666666669,37.38853,2025-09-17 05:00:00
53.0,69.65568,2025-09-17 05:00:00
118.0,96.04212,2025-09-17 05:00:00
86.0,157.53383,2025-09-17 05:00:00
223.0,104.393555,2025-09-17 05:00:00
50.0,82.6483,2025-09-17 06:00:00
74.0,206.37717,2025-09-17 06:00:00
103.0,120.27334,2025-09-17 06:00:00
121.66666666666669,41.997974,2025-09-17 06:00:00
105.0,118.945435,2025-09-17 06:00:00
135.0,157.57867,2025-09-17 07:00:00
40.0,97.032036,2025-09-17 07:00:00
95.0,135.27826,2025-09-17 07:00:00
26.0,48.703712,2025-09-17 07:00:00
114.0,167.51265,2025-09-17 07:00:00
62.0,112.35818,2025-09-17 08:00:00
140.0,150.99036,2025-09-17 08:00:00
26.0,43.25562,2025-09-17 08:00:00
163.0,149.39082,2025-09-17 08:00:00
103.0,185.06894,2025-09-17 08:00:00
138.0,157.94098,2025-09-17 09:00:00
152.0,178.33246,2025-09-17 09:00:00
97.0,112.19679,2025-09-17 09:00:00
35.666666666666664,51.206913,2025-09-17 09:00:00
128.0,227.60832,2025-09-17 09:00:00
152.0,196.93636,2025-09-17 10:00:00
116.0,204.12497,2025-09-17 10:00:00
105.0,63.152657,2025-09-17 10:00:00
128.0,117.39164,2025-09-17 10:00:00
169.0,178.36288,2025-09-17 10:00:00
138.0,168.77681,2025-09-17 11:00:00
114.0,114.428856,2025-09-17 11:00:00
183.0,233.84932,2025-09-17 11:00:00
194.0,202.63965,2025-09-17 11:00:00
112.33333333333331,78.00542,2025-09-17 11:00:00
163.0,170.43108,2025-09-17 12:00:00
122.0,134.75462,2025-09-17 12:00:00
168.0,206.78618,2025-09-17 12:00:00
119.5,74.80396,2025-09-17 12:00:00
147.0,186.67885,2025-09-17 12:00:00
104.25,72.77347,2025-09-17 13:00:00
156.0,187.00746,2025-09-17 13:00:00
136.0,107.76997,2025-09-17 13:00:00
130.0,131.77274,2025-09-17 13:00:00
144.0,131.07556,2025-09-17 13:00:00
102.0,113.27592,2025-09-17 14:00:00
135.0,122.9407,2025-09-17 14:00:00
129.0,181.17773,2025-09-17 14:00:00
105.0,67.8502,2025-09-17 14:00:00
128.0,89.59037,2025-09-17 14:00:00
107.0,106.8795,2025-09-17 15:00:00
108.0,162.25005,2025-09-17 15:00:00
101.0,102.75572,2025-09-17 15:00:00
116.0,89.834755,2025-09-17 15:00:00
119.0,79.68409,2025-09-17 16:00:00
118.0,172.11467,2025-09-17 16:00:00
130.0,135.28474,2025-09-17 16:00:00
89.25,57.736202,2025-09-17 16:00:00
106.0,164.89171,2025-09-17 16:00:00
97.5,88.36547,2025-09-17 17:00:00
91.0,157.20535,2025-09-17 17:00:00
134.0,124.57363,2025-09-17 17:00:00
94.0,105.36542,2025-09-17 17:00:00
118.0,179.9979,2025-09-17 17:00:00
144.0,122.169426,2025-09-17 18:00:00
85.25,77.259895,2025-09-17 18:00:00
110.0,213.58601,2025-09-17 18:00:00
88.0,74.56125,2025-09-17 18:00:00
77.0,218.45755,2025-09-17 18:00:00
41.0,179.95035,2025-09-17 19:00:00
74.0,106.65779,2025-09-17 19:00:00
136.0,132.60437,2025-09-17 19:00:00
55.25,74.07273,2025-09-17 19:00:00
122.0,176.71338,2025-09-17 19:00:00
58.0,189.6556,2025-09-17 20:00:00
48.0,131.32832,2025-09-17 20:00:00
56.0,68.33083,2025-09-17 20:00:00
141.0,210.23212,2025-09-17 20:00:00
102.0,165.67921,2025-09-17 20:00:00
102.0,161.05145,2025-09-17 21:00:00
62.75,62.182796,2025-09-17 21:00:00
56.0,187.44695,2025-09-17 21:00:00
199.0,176.2779,2025-09-17 21:00:00
63.0,144.14185,2025-09-17 21:00:00
92.0,139.4186,2025-09-17 22:00:00
156.0,170.74255,2025-09-17 22:00:00
60.5,66.35527,2025-09-17 22:00:00
58.0,166.4189,2025-09-17 22:00:00
56.0,139.83752,2025-09-17 22:00:00
61.0,125.19281,2025-09-17 23:00:00
108.0,133.33289,2025-09-17 23:00:00
73.0,62.256763,2025-09-17 23:00:00
143.0,161.23898,2025-09-17 23:00:00
103.0,174.25815,2025-09-17 23:00:00
138.0,170.55354,2025-09-18 00:00:00
99.0,119.013916,2025-09-18 00:00:00
139.0,123.30152,2025-09-18 00:00:00
98.25,86.8576,2025-09-18 00:00:00
143.0,156.28021,2025-09-18 00:00:00
114.0,158.47173,2025-09-18 01:00:00
78.0,146.1885,2025-09-18 01:00:00
101.0,125.9585,2025-09-18 01:00:00
146.0,118.30103,2025-09-18 01:00:00
103.0,73.74468,2025-09-18 01:00:00
123.0,105.13597,2025-09-18 02:00:00
127.0,163.51068,2025-09-18 02:00:00
55.0,100.44926,2025-09-18 02:00:00
27.33333333333333,77.98961,2025-09-18 02:00:00
46.0,121.397095,2025-09-18 02:00:00
61.0,101.48233,2025-09-18 03:00:00
224.0,177.9016,2025-09-18 03:00:00
73.75,78.67696,2025-09-18 03:00:00
123.0,105.88841,2025-09-18 03:00:00
52.0,133.10516,2025-09-18 03:00:00
47.0,169.94987,2025-09-18 04:00:00
207.0,161.68185,2025-09-18 04:00:00
80.0,72.99855,2025-09-18 04:00:00
86.0,110.00313,2025-09-18 04:00:00
59.0,94.91466,2025-09-18 04:00:00
81.0,121.01174,2025-09-18 05:00:00
85.75,81.8153,2025-09-18 05:00:00
273.0,175.55977,2025-09-18 05:00:00
85.0,98.48903,2025-09-18 05:00:00
103.0,110.476,2025-09-18 05:00:00
130.0,121.41778,2025-09-18 06:00:00
90.0,85.139984,2025-09-18 06:00:00
92.0,104.27172,2025-09-18 06:00:00
127.0,116.53022,2025-09-18 06:00:00
322.0,164.63232,2025-09-18 06:00:00
145.0,140.35431,2025-09-18 07:00:00
361.0,174.3064,2025-09-18 07:00:00
102.0,122.42884,2025-09-18 07:00:00
277.0,149.87079,2025-09-18 07:00:00
100.25,80.01095,2025-09-18 07:00:00
381.0,168.5796,2025-09-18 08:00:00
337.0,162.0656,2025-09-18 08:00:00
138.0,126.28413,2025-09-18 08:00:00
157.0,150.31648,2025-09-18 08:00:00
108.25,71.674225,2025-09-18 08:00:00
164.0,154.47552,2025-09-18 09:00:00
357.0,190.06085,2025-09-18 09:00:00
160.0,120.161064,2025-09-18 09:00:00
132.0,77.59578,2025-09-18 09:00:00
191.0,187.71448,2025-09-18 09:00:00
161.0,192.62984,2025-09-18 10:00:00
138.75,88.54038,2025-09-18 10:00:00
218.0,137.25035,2025-09-18 10:00:00
237.0,180.2839,2025-09-18 10:00:00
195.0,186.9908,2025-09-18 10:00:00
216.0,200.8609,2025-09-18 11:00:00
163.0,141.8497,2025-09-18 11:00:00
171.0,193.1648,2025-09-18 11:00:00
125.33333333333331,86.4907,2025-09-18 11:00:00
171.0,198.30913,2025-09-18 11:00:00
121.0,134.79901,2025-09-18 12:00:00
197.0,164.15521,2025-09-18 12:00:00
123.0,90.72237,2025-09-18 12:00:00
243.0,218.00215,2025-09-18 12:00:00
157.0,188.17058,2025-09-18 12:00:00
216.0,181.1879,2025-09-18 13:00:00
132.5,87.9258,2025-09-18 13:00:00
206.0,185.26231,2025-09-18 13:00:00
189.0,150.28232,2025-09-18 13:00:00
119.0,116.75503,2025-09-18 13:00:00
295.0,157.38356,2025-09-18 14:00:00
119.5,76.777985,2025-09-18 14:00:00
188.0,133.26163,2025-09-18 14:00:00
147.0,103.923874,2025-09-18 14:00:00
221.0,103.86498,2025-09-18 14:00:00
157.0,126.44441,2025-09-18 15:00:00
129.0,99.76069,2025-09-18 15:00:00
177.0,125.76707,2025-09-18 15:00:00
290.0,176.14075,2025-09-18 15:00:00
126.0,80.100494,2025-09-18 15:00:00
164.0,109.38966,2025-09-18 16:00:00
119.0,85.973305,2025-09-18 16:00:00
316.0,170.60077,2025-09-18 16:00:00
152.0,109.506935,2025-09-18 16:00:00
132.0,93.219246,2025-09-18 16:00:00
138.0,113.753296,2025-09-18 17:00:00
113.5,81.445656,2025-09-18 17:00:00
144.0,89.794685,2025-09-18 17:00:00
243.0,204.42511,2025-09-18 17:00:00
156.0,112.86161,2025-09-18 17:00:00
111.75,79.71629,2025-09-18 18:00:00
103.0,108.7449,2025-09-18 18:00:00
230.0,251.68636,2025-09-18 18:00:00
216.0,128.42548,2025-09-18 18:00:00
141.0,150.69676,2025-09-18 18:00:00
283.0,263.22742,2025-09-18 19:00:00
167.0,152.47302,2025-09-18 19:00:00
186.0,119.0319,2025-09-18 19:00:00
106.0,100.73794,2025-09-18 19:00:00
113.75,91.89918,2025-09-18 19:00:00
151.25,98.95527,2025-09-18 20:00:00
173.0,111.77084,2025-09-18 20:00:00
332.0,279.37097,2025-09-18 20:00:00
177.0,136.71529,2025-09-18 20:00:00
196.0,213.70058,2025-09-18 20:00:00
144.0,110.58702,2025-09-18 21:00:00
254.0,268.82944,2025-09-18 21:00:00
149.0,160.99733,2025-09-18 21:00:00
284.0,236.425,2025-09-18 21:00:00
108.0,117.10976,2025-09-18 21:00:00
184.0,186.92601,2025-09-18 22:00:00
102.0,114.69263,2025-09-18 22:00:00
149.0,159.29884,2025-09-18 22:00:00
106.25,111.30835,2025-09-18 22:00:00
223.0,247.05414,2025-09-18 22:00:00
143.0,146.69234,2025-09-18 23:00:00
112.0,113.86332,2025-09-18 23:00:00
174.0,214.39215,2025-09-18 23:00:00
263.0,172.56291,2025-09-18 23:00:00
98.0,103.40742,2025-09-18 23:00:00
138.0,145.90419,2025-09-19 00:00:00
112.0,100.2673,2025-09-19 00:00:00
124.0,141.835,2025-09-19 00:00:00
93.75,102.08981,2025-09-19 00:00:00
163.0,211.49303,2025-09-19 00:00:00
128.0,143.62079,2025-09-19 01:00:00
207.0,204.62286,2025-09-19 01:00:00
123.0,97.841675,2025-09-19 01:00:00
175.0,135.37798,2025-09-19 01:00:00
85.5,92.77161,2025-09-19 01:00:00
128.0,126.04842,2025-09-19 02:00:00
182.0,198.92085,2025-09-19 02:00:00
188.0,132.08694,2025-09-19 02:00:00
92.0,93.89782,2025-09-19 02:00:00
107.0,101.86044,2025-09-19 02:00:00
111.0,92.03942,2025-09-19 03:00:00
89.0,94.88201,2025-09-19 03:00:00
151.0,134.97594,2025-09-19 03:00:00
116.0,128.91464,2025-09-19 03:00:00
177.0,216.76385,2025-09-19 03:00:00
99.0,84.62432,2025-09-19 04:00:00
133.0,127.18222,2025-09-19 04:00:00
114.0,119.48595,2025-09-19 04:00:00
167.0,213.9297,2025-09-19 04:00:00
86.0,101.82407,2025-09-19 04:00:00
96.0,104.6602,2025-09-19 05:00:00
102.0,126.59385,2025-09-19 05:00:00
89.75,102.329185,2025-09-19 05:00:00
151.0,243.83156,2025-09-19 05:00:00
114.0,118.39576,2025-09-19 05:00:00
125.0,142.73131,2025-09-19 06:00:00
151.0,242.37749,2025-09-19 06:00:00
99.0,104.57586,2025-09-19 06:00:00
128.0,131.87268,2025-09-19 06:00:00
86.25,96.33807,2025-09-19 06:00:00
221.0,351.04617,2025-09-19 07:00:00
125.0,117.240425,2025-09-19 07:00:00
93.5,98.20987,2025-09-19 07:00:00
124.0,149.16528,2025-09-19 07:00:00
125.0,227.5799,2025-09-19 07:00:00
244.0,384.57053,2025-09-19 08:00:00
174.0,189.52194,2025-09-19 08:00:00
143.25,146.77063,2025-09-19 08:00:00
125.0,314.0487,2025-09-19 08:00:00
128.0,157.62148,2025-09-19 08:00:00
148.25,135.46684,2025-09-19 09:00:00
244.0,332.36526,2025-09-19 09:00:00
188.0,151.77292,2025-09-19 09:00:00
223.0,181.40482,2025-09-19 09:00:00
164.0,313.50247,2025-09-19 09:00:00
210.0,236.81848,2025-09-19 10:00:00
212.0,136.44382,2025-09-19 10:00:00
179.0,213.86876,2025-09-19 10:00:00
140.25,125.03137,2025-09-19 10:00:00
250.0,348.5591,2025-09-19 10:00:00
307.0,380.54547,2025-09-19 11:00:00
167.0,142.63063,2025-09-19 11:00:00
133.0,145.09654,2025-09-19 11:00:00
182.0,247.29485,2025-09-19 11:00:00
146.0,201.75685,2025-09-19 11:00:00
123.75,139.97122,2025-09-19 12:00:00
133.0,184.49043,2025-09-19 12:00:00
373.0,396.75253,2025-09-19 12:00:00
128.0,138.7855,2025-09-19 12:00:00
239.0,209.04247,2025-09-19 12:00:00
175.0,122.35192,2025-09-19 13:00:00
132.0,202.7094,2025-09-19 13:00:00
136.5,134.23492,2025-09-19 13:00:00
268.0,208.06122,2025-09-19 13:00:00
385.0,285.2579,2025-09-19 13:00:00
240.0,300.89786,2025-09-19 14:00:00
125.25,132.08095,2025-09-19 14:00:00
174.0,232.2193,2025-09-19 14:00:00
119.0,105.06429,2025-09-19 14:00:00
158.0,178.84644,2025-09-19 14:00:00
234.0,311.38916,2025-09-19 15:00:00
117.75,110.49032,2025-09-19 15:00:00
166.0,166.7914,2025-09-19 15:00:00
171.0,184.44608,2025-09-19 15:00:00
112.0,101.95976,2025-09-19 15:00:00
113.75,109.440926,2025-09-19 16:00:00
243.0,169.45448,2025-09-19 16:00:00
157.0,167.19849,2025-09-19 16:00:00
232.0,303.9612,2025-09-19 16:00:00
134.0,103.48044,2025-09-19 16:00:00
201.0,278.5421,2025-09-19 17:00:00
177.0,134.37059,2025-09-19 17:00:00
171.0,149.43614,2025-09-19 17:00:00
117.0,100.31856,2025-09-19 17:00:00
127.0,103.00269,2025-09-19 17:00:00
252.0,297.5182,2025-09-19 18:00:00
120.75,98.49517,2025-09-19 18:00:00
122.0,88.876045,2025-09-19 18:00:00
178.0,169.69316,2025-09-19 18:00:00
169.0,136.80646,2025-09-19 18:00:00
211.0,158.26888,2025-09-19 19:00:00
178.0,170.69554,2025-09-19 19:00:00
188.0,103.30211,2025-09-19 19:00:00
121.25,109.49531,2025-09-19 19:00:00
255.0,366.228,2025-09-19 19:00:00
178.0,189.48431,2025-09-19 20:00:00
152.0,123.57234,2025-09-19 20:00:00
202.0,187.15425,2025-09-19 20:00:00
282.0,361.95395,2025-09-19 20:00:00
122.75,140.88278,2025-09-19 20:00:00
118.0,157.04788,2025-09-19 21:00:00
266.0,318.97836,2025-09-19 21:00:00
215.0,250.72298,2025-09-19 21:00:00
178.0,214.0229,2025-09-19 21:00:00
111.0,139.59938,2025-09-19 21:00:00
121.5,142.08401,2025-09-19 22:00:00
136.0,157.41008,2025-09-19 22:00:00
229.0,339.12537,2025-09-19 22:00:00
171.0,203.25981,2025-09-19 22:00:00
123.5,128.71437,2025-09-19 23:00:00
221.0,279.925,2025-09-19 23:00:00
215.0,246.62749,2025-09-19 23:00:00
132.0,122.05756,2025-09-19 23:00:00
166.0,169.6272,2025-09-20 00:00:00
152.0,134.58408,2025-09-20 00:00:00
92.0,122.065674,2025-09-20 00:00:00
250.0,280.1343,2025-09-20 00:00:00
96.0,117.8511,2025-09-20 01:00:00
156.0,173.54018,2025-09-20 01:00:00
172.0,263.15292,2025-09-20 01:00:00
157.0,129.75157,2025-09-20 01:00:00
116.0,117.79923,2025-09-20 02:00:00
160.0,160.03827,2025-09-20 02:00:00
88.0,110.396835,2025-09-20 02:00:00
183.0,243.94763,2025-09-20 02:00:00
191.0,246.17542,2025-09-20 03:00:00
135.0,153.90195,2025-09-20 03:00:00
90.0,110.809364,2025-09-20 03:00:00
105.0,113.02626,2025-09-20 03:00:00
107.0,113.125145,2025-09-20 04:00:00
94.25,114.61575,2025-09-20 04:00:00
157.0,220.34764,2025-09-20 04:00:00
163.0,152.4481,2025-09-20 04:00:00
182.0,146.17636,2025-09-20 04:00:00
106.0,120.38973,2025-09-20 05:00:00
132.0,266.46884,2025-09-20 05:00:00
168.0,152.20311,2025-09-20 05:00:00
85.25,115.37041,2025-09-20 05:00:00
132.0,142.8933,2025-09-20 05:00:00
117.0,166.29735,2025-09-20 06:00:00
86.5,113.767914,2025-09-20 06:00:00
139.0,161.75897,2025-09-20 06:00:00
108.0,275.41037,2025-09-20 06:00:00
106.0,127.48017,2025-09-20 06:00:00
169.0,324.80673,2025-09-20 07:00:00
93.25,121.475266,2025-09-20 07:00:00
129.0,147.95293,2025-09-20 07:00:00
132.0,178.12904,2025-09-20 07:00:00
118.0,145.36385,2025-09-20 07:00:00
99.0,146.84155,2025-09-20 08:00:00
138.0,208.2512,2025-09-20 08:00:00
121.0,161.52158,2025-09-20 08:00:00
153.0,190.52718,2025-09-20 08:00:00
193.0,343.3052,2025-09-20 08:00:00
139.0,244.52878,2025-09-20 09:00:00
252.0,338.44742,2025-09-20 09:00:00
161.0,189.35997,2025-09-20 09:00:00
188.0,231.78275,2025-09-20 09:00:00
104.75,139.09222,2025-09-20 09:00:00
179.0,250.64192,2025-09-20 10:00:00
326.0,390.76968,2025-09-20 10:00:00
143.0,202.16843,2025-09-20 10:00:00
101.5,141.02173,2025-09-20 10:00:00
98.0,135.5004,2025-09-20 11:00:00
505.0,392.5255,2025-09-20 11:00:00
141.0,179.82245,2025-09-20 11:00:00
166.0,239.27832,2025-09-20 11:00:00
106.5,130.33815,2025-09-20 12:00:00
243.0,243.12337,2025-09-20 12:00:00
453.0,406.88318,2025-09-20 12:00:00
118.0,146.90115,2025-09-20 12:00:00
218.0,310.35513,2025-09-20 13:00:00
183.0,261.07697,2025-09-20 13:00:00
122.0,167.37354,2025-09-20 13:00:00
112.0,133.84792,2025-09-20 13:00:00
232.0,301.4124,2025-09-20 14:00:00
135.0,186.71346,2025-09-20 14:00:00
134.0,137.65984,2025-09-20 14:00:00
110.75,127.39559,2025-09-20 14:00:00
100.0,125.5418,2025-09-20 15:00:00
215.0,261.8991,2025-09-20 15:00:00
95.0,197.56898,2025-09-20 15:00:00
95.75,123.692566,2025-09-20 15:00:00
80.5,123.16585,2025-09-20 16:00:00
94.0,149.41531,2025-09-20 16:00:00
90.0,245.27692,2025-09-20 16:00:00
150.0,299.50238,2025-09-20 16:00:00
130.0,224.39185,2025-09-20 16:00:00
124.0,198.72655,2025-09-20 17:00:00
95.0,208.9005,2025-09-20 17:00:00
78.75,116.727844,2025-09-20 17:00:00
228.0,302.91483,2025-09-20 17:00:00
116.0,133.90497,2025-09-20 17:00:00
107.0,202.53305,2025-09-20 18:00:00
129.0,217.66898,2025-09-20 18:00:00
91.0,141.4468,2025-09-20 18:00:00
79.5,112.52237,2025-09-20 18:00:00
306.0,287.36655,2025-09-20 18:00:00
326.0,318.54556,2025-09-20 19:00:00
144.0,198.15904,2025-09-20 19:00:00
183.0,218.41643,2025-09-20 19:00:00
100.0,156.70224,2025-09-20 19:00:00
87.25,130.15898,2025-09-20 19:00:00
146.0,168.42067,2025-09-20 20:00:00
368.0,334.85187,2025-09-20 20:00:00
152.0,207.3394,2025-09-20 20:00:00
178.0,195.99841,2025-09-20 20:00:00
105.5,130.58049,2025-09-20 20:00:00
123.0,161.89368,2025-09-20 21:00:00
189.0,199.72084,2025-09-20 21:00:00
146.0,242.71695,2025-09-20 21:00:00
121.25,123.098076,2025-09-20 21:00:00
454.0,309.1818,2025-09-20 21:00:00
318.0,307.6648,2025-09-20 22:00:00
132.75,128.20576,2025-09-20 22:00:00
153.0,215.56653,2025-09-20 22:00:00
183.0,188.15714,2025-09-20 22:00:00
139.0,161.38733,2025-09-20 22:00:00
153.0,210.79034,2025-09-20 23:00:00
126.0,128.73582,2025-09-20 23:00:00
166.0,190.96977,2025-09-20 23:00:00
151.0,149.3641,2025-09-20 23:00:00
239.0,268.49933,2025-09-20 23:00:00
178.0,162.60037,2025-09-21 00:00:00
173.0,156.35413,2025-09-21 00:00:00
123.0,113.34527,2025-09-21 00:00:00
147.0,138.3519,2025-09-21 00:00:00
252.0,269.8121,2025-09-21 00:00:00
260.0,225.73741,2025-09-21 01:00:00
151.0,121.98799,2025-09-21 01:00:00
172.0,156.01607,2025-09-21 01:00:00
127.75,100.56916,2025-09-21 01:00:00
191.0,151.398,2025-09-21 01:00:00
160.0,161.57886,2025-09-21 02:00:00
107.0,248.5824,2025-09-21 02:00:00
179.0,147.63763,2025-09-21 02:00:00
151.0,113.312164,2025-09-21 02:00:00
114.0,100.00418,2025-09-21 02:00:00
155.0,132.77037,2025-09-21 03:00:00
139.0,107.77213,2025-09-21 03:00:00
143.0,155.26636,2025-09-21 03:00:00
105.25,96.0941,2025-09-21 03:00:00
211.0,237.85046,2025-09-21 03:00:00
103.5,99.4475,2025-09-21 04:00:00
143.0,143.49396,2025-09-21 04:00:00
125.0,143.22868,2025-09-21 04:00:00
206.0,227.80106,2025-09-21 04:00:00
128.0,109.3592,2025-09-21 04:00:00
125.0,112.532486,2025-09-21 05:00:00
152.0,144.13101,2025-09-21 05:00:00
155.0,155.90639,2025-09-21 05:00:00
106.75,102.9592,2025-09-21 05:00:00
252.0,210.52501,2025-09-21 05:00:00
105.25,108.55423,2025-09-21 06:00:00
151.0,152.01645,2025-09-21 06:00:00
125.0,117.52184,2025-09-21 06:00:00
201.0,146.91597,2025-09-21 06:00:00
338.0,236.74037,2025-09-21 06:00:00
161.0,133.83138,2025-09-21 07:00:00
345.0,276.97296,2025-09-21 07:00:00
107.25,105.51312,2025-09-21 07:00:00
158.0,167.9158,2025-09-21 07:00:00
197.0,174.0063,2025-09-21 07:00:00
298.0,321.17642,2025-09-21 08:00:00
164.0,146.17155,2025-09-21 08:00:00
153.0,181.89252,2025-09-21 08:00:00
161.0,181.42531,2025-09-21 08:00:00
111.25,108.96033,2025-09-21 08:00:00
168.0,167.68127,2025-09-21 09:00:00
251.0,333.42297,2025-09-21 09:00:00
151.0,204.75871,2025-09-21 09:00:00
118.25,126.38259,2025-09-21 09:00:00
164.0,218.16315,2025-09-21 09:00:00
117.75,128.13104,2025-09-21 10:00:00
169.0,163.50983,2025-09-21 10:00:00
279.0,365.24802,2025-09-21 10:00:00
219.0,234.9404,2025-09-21 10:00:00
146.0,205.60199,2025-09-21 10:00:00
158.0,176.94046,2025-09-21 11:00:00
115.66666666666669,129.58379,2025-09-21 11:00:00
280.0,351.87698,2025-09-21 11:00:00
185.0,233.08078,2025-09-21 11:00:00
138.0,216.78656,2025-09-21 11:00:00
102.75,124.74784,2025-09-21 12:00:00
255.0,385.08768,2025-09-21 12:00:00
124.0,139.12767,2025-09-21 12:00:00
135.0,219.18979,2025-09-21 12:00:00
183.0,235.31851,2025-09-21 12:00:00
207.0,201.90448,2025-09-21 13:00:00
153.0,229.20049,2025-09-21 13:00:00
438.0,379.3532,2025-09-21 13:00:00
133.0,132.7798,2025-09-21 13:00:00
102.5,120.24971,2025-09-21 13:00:00
129.0,133.83969,2025-09-21 14:00:00
112.5,117.21395,2025-09-21 14:00:00
443.0,317.31717,2025-09-21 14:00:00
150.0,205.71379,2025-09-21 14:00:00
174.0,182.07234,2025-09-21 14:00:00
108.0,120.373245,2025-09-21 15:00:00
109.25,105.161224,2025-09-21 15:00:00
346.0,283.51074,2025-09-21 15:00:00
146.0,175.50032,2025-09-21 15:00:00
146.0,197.82143,2025-09-21 15:00:00
412.0,264.94833,2025-09-21 16:00:00
136.0,106.54774,2025-09-21 16:00:00
98.5,96.548225,2025-09-21 16:00:00
150.0,172.42863,2025-09-21 16:00:00
117.0,163.24341,2025-09-21 16:00:00
127.0,182.91069,2025-09-21 17:00:00
123.0,155.73535,2025-09-21 17:00:00
356.0,271.39215,2025-09-21 17:00:00
134.0,113.03921,2025-09-21 17:00:00
98.75,100.853966,2025-09-21 17:00:00
151.0,163.6911,2025-09-21 18:00:00
487.0,327.38983,2025-09-21 18:00:00
141.0,166.63887,2025-09-21 18:00:00
95.75,103.93585,2025-09-21 18:00:00
89.0,115.749985,2025-09-21 18:00:00
423.0,346.68546,2025-09-21 19:00:00
222.0,206.32352,2025-09-21 19:00:00
99.25,115.72581,2025-09-21 19:00:00
127.0,128.0136,2025-09-21 19:00:00
190.0,177.10797,2025-09-21 19:00:00
272.0,207.34909,2025-09-21 20:00:00
127.5,132.98264,2025-09-21 20:00:00
215.0,211.469,2025-09-21 20:00:00
477.0,351.70883,2025-09-21 20:00:00
150.0,173.66992,2025-09-21 20:00:00
169.0,175.99768,2025-09-21 21:00:00
365.0,208.35153,2025-09-21 21:00:00
140.0,157.2626,2025-09-21 21:00:00
492.0,341.31607,2025-09-21 21:00:00
248.0,221.72289,2025-09-21 21:00:00
227.0,357.21893,2025-09-21 22:00:00
191.0,213.32178,2025-09-21 22:00:00
131.25,134.98866,2025-09-21 22:00:00
206.0,212.9279,2025-09-21 22:00:00
208.0,178.02579,2025-09-21 22:00:00
114.25,128.93692,2025-09-21 23:00:00
184.0,163.3788,2025-09-21 23:00:00
169.0,191.07526,2025-09-21 23:00:00
309.0,311.787,2025-09-21 23:00:00
146.0,192.0735,2025-09-21 23:00:00
140.0,171.06891,2025-09-22 00:00:00
156.0,167.53207,2025-09-22 00:00:00
96.0,127.127754,2025-09-22 00:00:00
196.0,158.82965,2025-09-22 00:00:00
229.0,269.15158,2025-09-22 00:00:00
86.0,125.32563,2025-09-22 01:00:00
248.0,297.39035,2025-09-22 01:00:00
123.0,159.13715,2025-09-22 01:00:00
196.0,151.79417,2025-09-22 01:00:00
139.0,174.97948,2025-09-22 01:00:00
84.0,120.35775,2025-09-22 02:00:00
196.0,135.96191,2025-09-22 02:00:00
119.0,158.3402,2025-09-22 02:00:00
127.0,156.79102,2025-09-22 02:00:00
364.0,254.82019,2025-09-22 02:00:00
196.0,133.15657,2025-09-22 03:00:00
317.0,261.05157,2025-09-22 03:00:00
92.0,115.93539,2025-09-22 03:00:00
122.0,148.39293,2025-09-22 03:00:00
157.0,153.7242,2025-09-22 03:00:00
164.0,135.98618,2025-09-22 04:00:00
134.0,143.91014,2025-09-22 04:00:00
100.0,115.81458,2025-09-22 04:00:00
129.0,147.05244,2025-09-22 04:00:00
295.0,277.61856,2025-09-22 04:00:00
240.0,309.82156,2025-09-22 05:00:00
140.0,161.096,2025-09-22 05:00:00
116.0,119.07623,2025-09-22 05:00:00
103.0,129.8111,2025-09-22 05:00:00
145.0,157.39264,2025-09-22 05:00:00
240.0,350.82333,2025-09-22 06:00:00
173.0,172.7993,2025-09-22 06:00:00
96.0,136.83472,2025-09-22 06:00:00
123.0,153.83095,2025-09-22 06:00:00
100.75,120.76792,2025-09-22 06:00:00
180.0,187.10246,2025-09-22 07:00:00
111.0,162.18166,2025-09-22 07:00:00
117.0,182.19511,2025-09-22 07:00:00
93.0,130.60847,2025-09-22 07:00:00
240.0,387.20682,2025-09-22 07:00:00
156.0,202.55963,2025-09-22 08:00:00
105.0,146.3653,2025-09-22 08:00:00
139.0,165.1404,2025-09-22 08:00:00
178.0,426.33444,2025-09-22 08:00:00
130.0,201.93178,2025-09-22 08:00:00
143.0,239.83032,2025-09-22 09:00:00
106.5,154.10146,2025-09-22 09:00:00
146.0,186.60356,2025-09-22 09:00:00
269.0,412.25385,2025-09-22 09:00:00
132.0,221.15262,2025-09-22 09:00:00
135.0,251.90747,2025-09-22 10:00:00
149.0,274.20163,2025-09-22 10:00:00
136.0,199.23369,2025-09-22 10:00:00
101.5,149.35599,2025-09-22 10:00:00
285.0,441.5373,2025-09-22 10:00:00
150.0,245.78621,2025-09-22 11:00:00
133.0,202.19429,2025-09-22 11:00:00
99.66666666666669,146.04906,2025-09-22 11:00:00
134.0,242.31924,2025-09-22 11:00:00
250.0,463.0903,2025-09-22 11:00:00
83.25,139.63892,2025-09-22 12:00:00
331.0,393.0919,2025-09-22 12:00:00
113.0,197.8725,2025-09-22 12:00:00
141.0,221.03064,2025-09-22 12:00:00
123.0,248.2763,2025-09-22 12:00:00
124.0,219.42345,2025-09-22 13:00:00
76.25,128.45988,2025-09-22 13:00:00
118.0,237.73462,2025-09-22 13:00:00
301.0,462.23898,2025-09-22 13:00:00
90.0,212.84433,2025-09-22 13:00:00
327.0,477.36932,2025-09-22 14:00:00
100.0,235.35622,2025-09-22 14:00:00
105.0,218.09052,2025-09-22 14:00:00
124.0,197.19896,2025-09-22 14:00:00
76.0,130.89629,2025-09-22 14:00:00
122.0,187.16788,2025-09-22 15:00:00
85.0,190.80185,2025-09-22 15:00:00
75.25,130.44804,2025-09-22 15:00:00
99.0,221.97298,2025-09-22 15:00:00
320.0,434.32324,2025-09-22 15:00:00
138.0,186.29861,2025-09-22 16:00:00
85.0,169.4875,2025-09-22 16:00:00
501.0,419.31076,2025-09-22 16:00:00
78.5,119.24408,2025-09-22 16:00:00
140.0,184.16588,2025-09-22 16:00:00
85.0,160.70699,2025-09-22 17:00:00
351.0,405.1327,2025-09-22 17:00:00
122.0,199.11406,2025-09-22 17:00:00
86.5,110.49617,2025-09-22 17:00:00
107.0,188.89326,2025-09-22 17:00:00
146.0,196.10442,2025-09-22 18:00:00
85.0,153.72995,2025-09-22 18:00:00
90.5,116.72631,2025-09-22 18:00:00
101.0,196.68767,2025-09-22 18:00:00
287.0,374.80618,2025-09-22 18:00:00
157.0,226.63795,2025-09-22 19:00:00
163.0,201.31738,2025-09-22 19:00:00
477.0,409.5374,2025-09-22 19:00:00
101.0,126.20798,2025-09-22 19:00:00
180.0,285.97906,2025-09-22 20:00:00
472.0,393.23294,2025-09-22 20:00:00
174.0,238.8207,2025-09-22 20:00:00
125.5,143.54286,2025-09-22 20:00:00
158.0,291.87274,2025-09-22 21:00:00
583.0,436.7375,2025-09-22 21:00:00
197.0,233.43169,2025-09-22 21:00:00
134.75,157.33134,2025-09-22 21:00:00
117.5,134.10687,2025-09-22 22:00:00
298.0,332.65265,2025-09-22 22:00:00
161.0,203.66043,2025-09-22 22:00:00
153.0,222.66357,2025-09-22 22:00:00
117.0,207.53993,2025-09-22 23:00:00
141.0,191.44992,2025-09-22 23:00:00
371.0,324.9434,2025-09-22 23:00:00
103.75,131.55534,2025-09-22 23:00:00
143.0,177.54642,2025-09-23 00:00:00
94.5,104.897736,2025-09-23 00:00:00
149.0,169.93153,2025-09-23 00:00:00
132.0,173.2592,2025-09-23 00:00:00
381.0,267.5021,2025-09-23 00:00:00
158.0,169.41095,2025-09-23 01:00:00
342.0,288.5782,2025-09-23 01:00:00
140.0,159.52527,2025-09-23 01:00:00
140.0,164.29128,2025-09-23 01:00:00
92.5,105.7312,2025-09-23 01:00:00
304.0,344.3207,2025-09-23 02:00:00
124.0,158.74442,2025-09-23 02:00:00
107.0,161.93712,2025-09-23 02:00:00
119.0,155.76076,2025-09-23 02:00:00
81.75,102.073105,2025-09-23 02:00:00
78.5,105.08238,2025-09-23 03:00:00
265.0,310.4754,2025-09-23 03:00:00
112.0,151.03093,2025-09-23 03:00:00
149.0,159.77982,2025-09-23 03:00:00
117.0,153.2512,2025-09-23 03:00:00
127.0,154.76776,2025-09-23 04:00:00
130.0,149.11864,2025-09-23 04:00:00
74.0,111.02057,2025-09-23 04:00:00
59.0,299.71002,2025-09-23 04:00:00
101.0,164.83618,2025-09-23 04:00:00
235.0,307.80545,2025-09-23 05:00:00
71.75,119.37496,2025-09-23 05:00:00
83.0,131.2886,2025-09-23 05:00:00
110.0,162.16383,2025-09-23 05:00:00
96.0,160.42726,2025-09-23 05:00:00
92.0,143.96999,2025-09-23 06:00:00
77.0,98.82212,2025-09-23 06:00:00
72.0,117.28003,2025-09-23 06:00:00
240.0,290.05594,2025-09-23 06:00:00
108.0,174.03871,2025-09-23 06:00:00
86.75,101.34584,2025-09-23 07:00:00
240.0,325.2175,2025-09-23 07:00:00
122.0,166.63602,2025-09-23 07:00:00
122.0,188.6647,2025-09-23 07:00:00
113.0,189.03215,2025-09-23 08:00:00
373.0,369.77597,2025-09-23 08:00:00
109.5,131.8441,2025-09-23 08:00:00
183.0,199.99692,2025-09-23 08:00:00
244.0,203.63489,2025-09-23 09:00:00
122.25,135.78107,2025-09-23 09:00:00
311.0,431.18448,2025-09-23 09:00:00
140.0,193.66217,2025-09-23 09:00:00
147.0,206.30777,2025-09-23 10:00:00
108.75,127.988304,2025-09-23 10:00:00
230.0,447.6175,2025-09-23 10:00:00
207.0,212.80325,2025-09-23 10:00:00
124.0,188.20996,2025-09-23 11:00:00
96.0,116.23182,2025-09-23 11:00:00
222.0,205.97481,2025-09-23 11:00:00
282.0,382.2572,2025-09-23 11:00:00
224.0,191.72209,2025-09-23 12:00:00
91.25,118.835396,2025-09-23 12:00:00
451.0,384.85226,2025-09-23 12:00:00
152.0,117.62871,2025-09-23 12:00:00
143.0,188.62776,2025-09-23 12:00:00
163.0,186.86298,2025-09-23 13:00:00
505.0,350.57034,2025-09-23 13:00:00
92.0,136.02164,2025-09-23 13:00:00
127.0,196.6247,2025-09-23 13:00:00
89.75,110.465515,2025-09-23 13:00:00
96.5,105.6447,2025-09-23 14:00:00
147.0,141.40842,2025-09-23 14:00:00
156.0,400.56384,2025-09-23 14:00:00
136.0,182.23418,2025-09-23 14:00:00
161.0,179.1566,2025-09-23 14:00:00
100.0,180.99777,2025-09-23 15:00:00
93.25,93.98606,2025-09-23 15:00:00
134.0,173.93558,2025-09-23 15:00:00
122.0,131.03882,2025-09-23 15:00:00
348.0,395.1303,2025-09-23 15:00:00
118.0,194.53117,2025-09-23 16:00:00
83.75,91.68482,2025-09-23 16:00:00
365.0,375.28986,2025-09-23 16:00:00
83.0,147.83093,2025-09-23 16:00:00
102.0,158.71368,2025-09-23 16:00:00
83.25,79.69987,2025-09-23 17:00:00
119.0,116.535614,2025-09-23 17:00:00
113.0,137.53653,2025-09-23 17:00:00
370.0,382.5318,2025-09-23 17:00:00
127.0,154.1571,2025-09-23 17:00:00
125.0,115.75491,2025-09-23 18:00:00
139.0,152.252,2025-09-23 18:00:00
94.25,102.41659,2025-09-23 18:00:00
107.0,140.5765,2025-09-23 18:00:00
486.0,341.81656,2025-09-23 18:00:00
161.0,166.08537,2025-09-23 19:00:00
83.0,124.42137,2025-09-23 19:00:00
98.0,114.79714,2025-09-23 19:00:00
166.0,177.60721,2025-09-23 19:00:00
494.0,337.77698,2025-09-23 19:00:00
138.0,204.89417,2025-09-23 20:00:00
368.0,375.15204,2025-09-23 20:00:00
116.25,138.34271,2025-09-23 20:00:00
140.0,180.81248,2025-09-23 20:00:00
200.0,198.09912,2025-09-23 20:00:00
106.75,144.90253,2025-09-23 21:00:00
134.0,178.54286,2025-09-23 21:00:00
268.0,325.4482,2025-09-23 21:00:00
161.0,218.36188,2025-09-23 21:00:00
158.0,234.49933,2025-09-23 21:00:00
133.0,193.72148,2025-09-23 22:00:00
337.0,398.76382,2025-09-23 22:00:00
96.0,140.26218,2025-09-23 22:00:00
94.0,170.19617,2025-09-23 22:00:00
123.0,221.76564,2025-09-23 22:00:00
307.0,380.713,2025-09-23 23:00:00
89.5,122.85123,2025-09-23 23:00:00
123.0,200.83273,2025-09-23 23:00:00
150.0,167.26352,2025-09-23 23:00:00
138.0,176.46585,2025-09-23 23:00:00
90.5,101.907776,2025-09-24 00:00:00
138.0,163.8609,2025-09-24 00:00:00
161.0,144.15501,2025-09-24 00:00:00
211.0,326.13995,2025-09-24 00:00:00
138.0,156.71237,2025-09-24 00:00:00
76.75,95.71362,2025-09-24 01:00:00
153.0,150.57707,2025-09-24 01:00:00
273.0,354.79034,2025-09-24 01:00:00
138.0,138.20544,2025-09-24 01:00:00
200.0,121.81942,2025-09-24 01:00:00
103.0,129.25592,2025-09-24 02:00:00
228.0,313.54584,2025-09-24 02:00:00
89.0,110.758385,2025-09-24 02:00:00
138.0,159.79367,2025-09-24 02:00:00
68.75,90.019356,2025-09-24 02:00:00
68.75,88.133354,2025-09-24 03:00:00
89.0,102.750626,2025-09-24 03:00:00
239.0,336.53256,2025-09-24 03:00:00
110.0,127.280464,2025-09-24 03:00:00
153.0,120.58534,2025-09-24 04:00:00
296.0,255.10947,2025-09-24 04:00:00
64.75,87.04951,2025-09-24 04:00:00
95.0,121.55683,2025-09-24 04:00:00
86.0,108.63336,2025-09-24 04:00:00
353.0,315.5895,2025-09-24 05:00:00
86.0,104.70573,2025-09-24 05:00:00
70.75,85.63418,2025-09-24 05:00:00
91.0,119.38182,2025-09-24 05:00:00
110.0,120.26429,2025-09-24 05:00:00
79.75,71.9433,2025-09-24 06:00:00
110.0,105.979065,2025-09-24 06:00:00
97.0,87.95954,2025-09-24 06:00:00
139.0,115.81166,2025-09-24 06:00:00
260.0,334.70776,2025-09-24 06:00:00
257.0,369.17117,2025-09-24 07:00:00
112.0,119.900475,2025-09-24 07:00:00
129.0,88.03106,2025-09-24 07:00:00
83.75,74.770485,2025-09-24 07:00:00
200.0,170.9348,2025-09-24 07:00:00
202.0,110.9534,2025-09-24 08:00:00
173.0,176.81104,2025-09-24 08:00:00
193.0,459.3593,2025-09-24 08:00:00
138.0,159.16759,2025-09-24 08:00:00
107.0,103.13236,2025-09-24 08:00:00
132.0,183.29703,2025-09-24 09:00:00
127.0,92.56847,2025-09-24 09:00:00
150.0,418.19934,2025-09-24 09:00:00
217.0,243.68193,2025-09-24 09:00:00
293.0,122.49687,2025-09-24 09:00:00
84.0,362.0296,2025-09-24 10:00:00
124.0,185.48361,2025-09-24 10:00:00
262.0,203.42473,2025-09-24 10:00:00
114.75,91.95041,2025-09-24 10:00:00
249.0,115.54633,2025-09-24 10:00:00
127.0,164.49234,2025-09-24 11:00:00
193.0,115.87113,2025-09-24 11:00:00
162.0,205.18185,2025-09-24 11:00:00
99.66666666666669,98.83266,2025-09-24 11:00:00
338.0,446.75153,2025-09-24 11:00:00
190.0,201.28362,2025-09-24 12:00:00
720.0,416.51538,2025-09-24 12:00:00
89.75,81.27507,2025-09-24 12:00:00
139.0,154.78038,2025-09-24 12:00:00
145.0,113.09129,2025-09-24 12:00:00
90.5,82.172264,2025-09-24 13:00:00
128.0,163.16853,2025-09-24 13:00:00
373.0,315.20392,2025-09-24 13:00:00
110.0,116.551865,2025-09-24 13:00:00
179.0,172.79654,2025-09-24 13:00:00
310.0,319.16507,2025-09-24 14:00:00
132.0,103.99258,2025-09-24 14:00:00
124.0,167.39325,2025-09-24 14:00:00
122.25,87.342064,2025-09-24 14:00:00
144.0,164.5651,2025-09-24 14:00:00
97.0,102.96383,2025-09-24 15:00:00
418.0,403.39716,2025-09-24 15:00:00
114.0,144.95857,2025-09-24 15:00:00
109.0,79.74015,2025-09-24 15:00:00
436.0,401.61096,2025-09-24 16:00:00
108.25,81.35813,2025-09-24 16:00:00
90.0,157.03525,2025-09-24 16:00:00
75.0,104.31673,2025-09-24 16:00:00
99.0,143.27542,2025-09-24 16:00:00
102.0,95.14163,2025-09-24 17:00:00
89.5,69.77703,2025-09-24 17:00:00
431.0,357.82132,2025-09-24 17:00:00
100.0,141.41464,2025-09-24 17:00:00
100.0,144.02876,2025-09-24 17:00:00
123.0,154.35826,2025-09-24 18:00:00
90.0,84.9983,2025-09-24 18:00:00
118.0,96.678696,2025-09-24 18:00:00
135.0,133.46883,2025-09-24 18:00:00
454.0,303.7771,2025-09-24 18:00:00
171.0,151.34065,2025-09-24 19:00:00
102.0,151.06013,2025-09-24 19:00:00
105.0,108.053734,2025-09-24 19:00:00
279.0,363.11285,2025-09-24 19:00:00
166.0,189.63849,2025-09-24 19:00:00
117.75,125.079445,2025-09-24 20:00:00
166.0,192.6419,2025-09-24 20:00:00
132.0,173.20224,2025-09-24 20:00:00
146.0,156.66428,2025-09-24 20:00:00
284.0,377.69803,2025-09-24 20:00:00
160.0,199.51222,2025-09-24 21:00:00
522.0,326.4084,2025-09-24 21:00:00
87.25,118.68228,2025-09-24 21:00:00
118.0,168.52135,2025-09-24 21:00:00
116.0,152.23964,2025-09-24 21:00:00
97.0,144.87709,2025-09-24 22:00:00
105.0,140.32596,2025-09-24 22:00:00
106.0,182.44652,2025-09-24 22:00:00
80.5,92.656746,2025-09-24 22:00:00
182.0,321.01688,2025-09-24 22:00:00
130.0,142.0021,2025-09-24 23:00:00
76.75,91.796,2025-09-24 23:00:00
224.0,312.91626,2025-09-24 23:00:00
143.0,135.52592,2025-09-24 23:00:00
114.0,166.78926,2025-09-24 23:00:00
113.0,158.59035,2025-09-25 00:00:00
71.5,105.897385,2025-09-25 00:00:00
110.0,159.94283,2025-09-25 00:00:00
237.0,296.42438,2025-09-25 00:00:00
111.0,159.32185,2025-09-25 00:00:00
161.0,138.21786,2025-09-25 01:00:00
127.0,153.89444,2025-09-25 01:00:00
260.0,327.408,2025-09-25 01:00:00
71.25,100.23729,2025-09-25 01:00:00
107.0,143.04742,2025-09-25 01:00:00
193.0,287.32742,2025-09-25 02:00:00
88.0,111.21474,2025-09-25 02:00:00
107.0,129.43764,2025-09-25 02:00:00
77.0,139.8007,2025-09-25 02:00:00
64.75,104.126015,2025-09-25 02:00:00
67.0,94.75374,2025-09-25 03:00:00
79.0,141.86208,2025-09-25 03:00:00
138.0,267.4631,2025-09-25 03:00:00
74.0,106.821655,2025-09-25 03:00:00
122.0,131.98323,2025-09-25 03:00:00
96.0,135.75185,2025-09-25 04:00:00
138.0,300.3605,2025-09-25 04:00:00
74.0,96.40893,2025-09-25 04:00:00
90.0,106.12815,2025-09-25 04:00:00
79.0,129.44861,2025-09-25 04:00:00
182.0,305.42377,2025-09-25 05:00:00
100.0,139.83937,2025-09-25 05:00:00
94.0,131.72394,2025-09-25 05:00:00
80.0,104.54458,2025-09-25 05:00:00
84.75,101.64342,2025-09-25 05:00:00
122.0,153.39944,2025-09-25 06:00:00
121.0,338.56744,2025-09-25 06:00:00
92.0,124.256,2025-09-25 06:00:00
94.0,109.01229,2025-09-25 06:00:00
88.25,100.09955,2025-09-25 06:00:00
124.0,127.663506,2025-09-25 07:00:00
91.5,108.035095,2025-09-25 07:00:00
219.0,351.10684,2025-09-25 07:00:00
147.0,128.882,2025-09-25 07:00:00
163.0,164.73837,2025-09-25 07:00:00
147.0,177.39032,2025-09-25 08:00:00
329.0,311.89798,2025-09-25 08:00:00
173.0,166.62024,2025-09-25 08:00:00
99.75,131.65216,2025-09-25 08:00:00
217.0,215.9422,2025-09-25 08:00:00
364.0,392.6139,2025-09-25 09:00:00
163.0,226.71375,2025-09-25 09:00:00
202.0,231.28162,2025-09-25 09:00:00
109.0,120.19795,2025-09-25 09:00:00
146.0,173.65858,2025-09-25 09:00:00
183.0,410.68634,2025-09-25 10:00:00
151.0,261.53983,2025-09-25 10:00:00
157.0,179.52661,2025-09-25 10:00:00
114.75,119.2822,2025-09-25 10:00:00
174.0,180.25298,2025-09-25 10:00:00
102.0,193.49931,2025-09-25 11:00:00
106.0,116.872574,2025-09-25 11:00:00
163.0,163.24573,2025-09-25 11:00:00
278.0,454.18613,2025-09-25 11:00:00
138.0,193.02992,2025-09-25 11:00:00
110.0,198.85426,2025-09-25 12:00:00
114.0,175.66805,2025-09-25 12:00:00
135.0,143.84401,2025-09-25 12:00:00
177.0,389.70227,2025-09-25 12:00:00
100.75,108.91146,2025-09-25 12:00:00
177.0,419.6657,2025-09-25 13:00:00
99.0,133.73552,2025-09-25 13:00:00
136.0,188.94458,2025-09-25 13:00:00
100.75,93.49915,2025-09-25 13:00:00
105.0,178.87662,2025-09-25 13:00:00
100.0,101.59402,2025-09-25 14:00:00
153.0,359.92108,2025-09-25 14:00:00
99.0,176.49243,2025-09-25 14:00:00
133.0,184.86002,2025-09-25 14:00:00
85.0,127.15854,2025-09-25 14:00:00
107.0,178.58655,2025-09-25 15:00:00
100.75,97.62986,2025-09-25 15:00:00
58.0,325.43262,2025-09-25 15:00:00
86.0,153.49223,2025-09-25 15:00:00
69.0,129.53339,2025-09-25 15:00:00
123.0,156.00046,2025-09-25 16:00:00
67.0,131.65242,2025-09-25 16:00:00
31.0,316.2335,2025-09-25 16:00:00
99.0,162.8986,2025-09-25 16:00:00
103.0,95.62462,2025-09-25 16:00:00
139.0,336.8558,2025-09-25 17:00:00
85.0,126.03724,2025-09-25 17:00:00
113.0,159.45967,2025-09-25 17:00:00
95.5,88.60667,2025-09-25 17:00:00
114.0,142.30943,2025-09-25 17:00:00
88.0,130.93648,2025-09-25 18:00:00
95.0,106.63413,2025-09-25 18:00:00
246.0,360.93835,2025-09-25 18:00:00
147.0,155.59904,2025-09-25 18:00:00
108.0,178.36122,2025-09-25 18:00:00
161.0,178.69214,2025-09-25 19:00:00
243.0,338.247,2025-09-25 19:00:00
118.0,199.93446,2025-09-25 19:00:00
118.25,124.56532,2025-09-25 19:00:00
92.0,155.64198,2025-09-25 19:00:00
164.0,187.78862,2025-09-25 20:00:00
129.25,134.58699,2025-09-25 20:00:00
149.0,221.75078,2025-09-25 20:00:00
324.0,397.9052,2025-09-25 20:00:00
156.0,221.36609,2025-09-25 20:00:00
162.0,160.54755,2025-09-25 21:00:00
126.5,140.42433,2025-09-25 21:00:00
173.0,198.29904,2025-09-25 21:00:00
344.0,350.4009,2025-09-25 21:00:00
190.0,219.9259,2025-09-25 21:00:00
193.0,175.741,2025-09-25 22:00:00
219.0,319.90192,2025-09-25 22:00:00
150.0,169.93924,2025-09-25 22:00:00
149.0,163.11427,2025-09-25 22:00:00
109.75,118.43778,2025-09-25 22:00:00
146.0,168.07016,2025-09-25 23:00:00
102.5,114.16792,2025-09-25 23:00:00
197.0,330.48526,2025-09-25 23:00:00
151.0,162.07527,2025-09-25 23:00:00
128.0,147.05734,2025-09-25 23:00:00
133.0,132.89626,2025-09-26 00:00:00
108.0,105.35815,2025-09-26 00:00:00
140.0,139.43468,2025-09-26 00:00:00
186.0,263.951,2025-09-26 00:00:00
124.0,162.52832,2025-09-26 00:00:00
124.0,149.4347,2025-09-26 01:00:00
146.0,127.31862,2025-09-26 01:00:00
129.0,133.42825,2025-09-26 01:00:00
128.0,263.58542,2025-09-26 01:00:00
90.25,99.08079,2025-09-26 01:00:00
77.0,239.8545,2025-09-26 02:00:00
99.0,122.106,2025-09-26 02:00:00
87.25,97.7939,2025-09-26 02:00:00
110.0,129.01286,2025-09-26 02:00:00
113.0,112.20229,2025-09-26 02:00:00
96.0,121.64217,2025-09-26 03:00:00
152.0,204.33083,2025-09-26 03:00:00
101.0,107.04848,2025-09-26 03:00:00
88.5,93.98169,2025-09-26 03:00:00
99.0,118.187416,2025-09-26 03:00:00
113.0,123.722855,2025-09-26 04:00:00
134.0,184.75703,2025-09-26 04:00:00
92.75,100.45865,2025-09-26 04:00:00
90.0,103.25611,2025-09-26 04:00:00
108.0,120.6684,2025-09-26 04:00:00
106.0,143.47708,2025-09-26 05:00:00
149.0,210.516,2025-09-26 05:00:00
87.75,96.589905,2025-09-26 05:00:00
103.0,131.98213,2025-09-26 05:00:00
108.0,104.35453,2025-09-26 05:00:00
102.0,142.41518,2025-09-26 06:00:00
112.0,133.35867,2025-09-26 06:00:00
106.0,110.23849,2025-09-26 06:00:00
195.0,198.53262,2025-09-26 06:00:00
92.5,95.58936,2025-09-26 06:00:00
114.0,136.33015,2025-09-26 07:00:00
134.0,153.14273,2025-09-26 07:00:00
267.0,238.55371,2025-09-26 07:00:00
104.75,111.35445,2025-09-26 07:00:00
134.0,140.0342,2025-09-26 07:00:00
185.0,223.82497,2025-09-26 08:00:00
184.0,161.55185,2025-09-26 08:00:00
120.5,125.111786,2025-09-26 08:00:00
151.0,163.20573,2025-09-26 08:00:00
229.0,316.7482,2025-09-26 08:00:00
208.0,348.82816,2025-09-26 09:00:00
197.0,169.36421,2025-09-26 09:00:00
129.0,199.44337,2025-09-26 09:00:00
112.25,131.31384,2025-09-26 09:00:00
197.0,232.8698,2025-09-26 09:00:00
147.0,227.75867,2025-09-26 10:00:00
174.0,290.90753,2025-09-26 10:00:00
193.0,185.09718,2025-09-26 10:00:00
153.0,179.28114,2025-09-26 10:00:00
114.25,129.97556,2025-09-26 10:00:00
240.0,186.86684,2025-09-26 11:00:00
113.0,128.18855,2025-09-26 11:00:00
157.0,199.86928,2025-09-26 11:00:00
134.0,350.93988,2025-09-26 11:00:00
162.0,185.26108,2025-09-26 11:00:00
118.0,291.32806,2025-09-26 12:00:00
180.0,180.14197,2025-09-26 12:00:00
120.75,128.7106,2025-09-26 12:00:00
134.0,145.69247,2025-09-26 12:00:00
138.0,224.12535,2025-09-26 12:00:00
151.0,169.81491,2025-09-26 13:00:00
129.0,175.99553,2025-09-26 13:00:00
112.75,119.07431,2025-09-26 13:00:00
212.0,267.0972,2025-09-26 13:00:00
124.0,140.47728,2025-09-26 13:00:00
233.0,239.33836,2025-09-26 14:00:00
134.0,171.09024,2025-09-26 14:00:00
140.0,162.74323,2025-09-26 14:00:00
129.0,130.31941,2025-09-26 14:00:00
117.5,118.88049,2025-09-26 14:00:00
218.0,252.06691,2025-09-26 15:00:00
92.0,136.00102,2025-09-26 15:00:00
130.0,179.4343,2025-09-26 15:00:00
104.5,99.2348,2025-09-26 15:00:00
134.0,162.2518,2025-09-26 15:00:00
115.75,108.26926,2025-09-26 16:00:00
212.0,220.69548,2025-09-26 16:00:00
139.0,178.91847,2025-09-26 16:00:00
119.0,133.35693,2025-09-26 16:00:00
125.0,158.35915,2025-09-26 16:00:00
147.0,135.57689,2025-09-26 17:00:00
119.5,92.06164,2025-09-26 17:00:00
147.0,112.240265,2025-09-26 17:00:00
135.0,168.07208,2025-09-26 17:00:00
228.0,227.09639,2025-09-26 17:00:00
147.0,164.36104,2025-09-26 18:00:00
127.0,114.965485,2025-09-26 18:00:00
155.0,144.93146,2025-09-26 18:00:00
124.0,108.788376,2025-09-26 18:00:00
251.0,321.06287,2025-09-26 18:00:00
296.0,357.87848,2025-09-26 19:00:00
188.0,176.86005,2025-09-26 19:00:00
134.25,138.98654,2025-09-26 19:00:00
140.0,139.88336,2025-09-26 19:00:00
146.0,169.49825,2025-09-26 19:00:00
238.0,347.7674,2025-09-26 20:00:00
141.75,160.99533,2025-09-26 20:00:00
189.0,203.49654,2025-09-26 20:00:00
249.0,210.79373,2025-09-26 20:00:00
213.0,202.34325,2025-09-26 20:00:00
396.0,351.30505,2025-09-26 21:00:00
226.0,213.36623,2025-09-26 21:00:00
175.0,212.25415,2025-09-26 21:00:00
178.75,149.9637,2025-09-26 21:00:00
345.0,226.9543,2025-09-26 21:00:00
183.75,136.23386,2025-09-26 22:00:00
183.0,167.89833,2025-09-26 22:00:00
245.0,244.01671,2025-09-26 22:00:00
125.0,282.60184,2025-09-26 22:00:00
232.0,199.45016,2025-09-26 22:00:00
197.0,166.11668,2025-09-26 23:00:00
211.0,176.34125,2025-09-26 23:00:00
193.0,243.37694,2025-09-26 23:00:00
161.75,128.55536,2025-09-26 23:00:00
206.0,188.92744,2025-09-26 23:00:00
167.0,141.06183,2025-09-27 00:00:00
182.0,147.0749,2025-09-27 00:00:00
161.75,118.33213,2025-09-27 00:00:00
184.0,156.40504,2025-09-27 00:00:00
252.0,200.67455,2025-09-27 00:00:00
191.0,158.71942,2025-09-27 01:00:00
217.0,218.52325,2025-09-27 01:00:00
196.0,135.60513,2025-09-27 01:00:00
194.0,130.57881,2025-09-27 01:00:00
171.75,115.07014,2025-09-27 01:00:00
210.0,137.88611,2025-09-27 02:00:00
262.0,212.61693,2025-09-27 02:00:00
194.0,124.54871,2025-09-27 02:00:00
202.0,120.72344,2025-09-27 02:00:00
167.25,114.66239,2025-09-27 02:00:00
344.0,204.06476,2025-09-27 03:00:00
219.0,142.43661,2025-09-27 03:00:00
195.0,115.921,2025-09-27 03:00:00
213.0,128.49002,2025-09-27 03:00:00
169.5,110.71618,2025-09-27 03:00:00
246.0,206.86374,2025-09-27 04:00:00
163.0,120.44624,2025-09-27 04:00:00
184.0,120.76322,2025-09-27 04:00:00
206.5,108.55233,2025-09-27 04:00:00
219.0,127.68643,2025-09-27 04:00:00
230.0,123.4955,2025-09-27 05:00:00
157.75,108.95881,2025-09-27 05:00:00
234.0,128.82376,2025-09-27 05:00:00
151.0,120.21281,2025-09-27 05:00:00
232.0,213.77466,2025-09-27 05:00:00
226.0,212.28616,2025-09-27 06:00:00
283.0,140.24194,2025-09-27 06:00:00
228.0,139.39755,2025-09-27 06:00:00
188.0,125.27118,2025-09-27 06:00:00
165.25,114.48356,2025-09-27 06:00:00
169.0,122.203415,2025-09-27 07:00:00
222.0,152.46088,2025-09-27 07:00:00
272.0,140.20654,2025-09-27 07:00:00
206.0,157.58292,2025-09-27 07:00:00
151.0,321.7984,2025-09-27 07:00:00
239.0,185.54295,2025-09-27 08:00:00
221.0,214.43849,2025-09-27 08:00:00
222.0,214.54659,2025-09-27 08:00:00
205.0,297.2904,2025-09-27 08:00:00
172.75,139.9032,2025-09-27 08:00:00
183.75,163.01398,2025-09-27 09:00:00
250.0,177.10648,2025-09-27 09:00:00
382.0,304.39664,2025-09-27 09:00:00
234.0,222.46538,2025-09-27 09:00:00
249.0,209.82277,2025-09-27 09:00:00
302.0,231.64781,2025-09-27 10:00:00
206.75,163.14908,2025-09-27 10:00:00
260.0,225.04292,2025-09-27 10:00:00
364.0,305.91156,2025-09-27 10:00:00
238.0,180.9519,2025-09-27 10:00:00
209.0,153.63042,2025-09-27 11:00:00
271.0,272.50388,2025-09-27 11:00:00
230.0,188.80432,2025-09-27 11:00:00
300.0,347.2856,2025-09-27 11:00:00
278.0,217.27284,2025-09-27 11:00:00
403.0,286.35983,2025-09-27 12:00:00
245.0,233.79814,2025-09-27 12:00:00
199.0,139.27458,2025-09-27 12:00:00
324.0,222.41226,2025-09-27 12:00:00
217.0,175.21532,2025-09-27 12:00:00
343.0,197.28647,2025-09-27 13:00:00
195.0,159.64847,2025-09-27 13:00:00
119.0,146.13124,2025-09-27 13:00:00
377.0,313.3654,2025-09-27 13:00:00
255.0,192.44499,2025-09-27 13:00:00
66.0,141.71063,2025-09-27 14:00:00
100.0,165.39018,2025-09-27 14:00:00
186.0,176.8031,2025-09-27 14:00:00
276.0,197.97632,2025-09-27 14:00:00
136.0,370.90466,2025-09-27 14:00:00
125.0,186.41165,2025-09-27 15:00:00
92.0,330.773,2025-09-27 15:00:00
79.0,158.76009,2025-09-27 15:00:00
111.0,197.82094,2025-09-27 15:00:00
65.75,135.50665,2025-09-27 15:00:00
94.0,178.96938,2025-09-27 16:00:00
83.0,233.84627,2025-09-27 16:00:00
91.0,225.69566,2025-09-27 16:00:00
106.0,335.67184,2025-09-27 16:00:00
65.25,153.43842,2025-09-27 16:00:00
66.0,155.37956,2025-09-27 17:00:00
59.0,165.45242,2025-09-27 17:00:00
77.0,226.37364,2025-09-27 17:00:00
69.0,222.67186,2025-09-27 17:00:00
12.0,395.71686,2025-09-27 17:00:00
78.0,243.58226,2025-09-27 18:00:00
72.0,238.84381,2025-09-27 18:00:00
65.5,162.58365,2025-09-27 18:00:00
44.0,158.11862,2025-09-27 18:00:00
12.0,384.53928,2025-09-27 18:00:00
58.0,207.52975,2025-09-27 19:00:00
53.0,362.99225,2025-09-27 19:00:00
97.0,214.14436,2025-09-27 19:00:00
89.0,236.45172,2025-09-27 19:00:00
59.25,170.06963,2025-09-27 19:00:00
69.0,220.4051,2025-09-27 20:00:00
85.0,256.22214,2025-09-27 20:00:00
86.0,353.23798,2025-09-27 20:00:00
58.25,162.49052,2025-09-27 20:00:00
101.0,279.46936,2025-09-27 20:00:00
58.0,223.67868,2025-09-27 21:00:00
85.0,231.07271,2025-09-27 21:00:00
63.5,159.15244,2025-09-27 21:00:00
146.0,276.34912,2025-09-27 21:00:00
96.0,374.02228,2025-09-27 21:00:00
107.0,264.42636,2025-09-27 22:00:00
62.0,171.76062,2025-09-27 22:00:00
61.0,211.80939,2025-09-27 22:00:00
116.0,303.61313,2025-09-27 22:00:00
86.0,248.58182,2025-09-27 22:00:00
100.0,243.48048,2025-09-27 23:00:00
205.0,309.92682,2025-09-27 23:00:00
61.75,151.78938,2025-09-27 23:00:00
118.0,208.96628,2025-09-27 23:00:00
79.0,202.57762,2025-09-27 23:00:00
57.5,142.13805,2025-09-28 00:00:00
77.0,176.16417,2025-09-28 00:00:00
127.0,171.41512,2025-09-28 00:00:00
105.0,200.76729,2025-09-28 00:00:00
139.0,285.66415,2025-09-28 00:00:00
114.0,230.51936,2025-09-28 01:00:00
125.0,180.53671,2025-09-28 01:00:00
75.0,165.46538,2025-09-28 01:00:00
119.0,192.17625,2025-09-28 01:00:00
53.0,129.55159,2025-09-28 01:00:00
89.0,191.72542,2025-09-28 02:00:00
113.0,168.73949,2025-09-28 02:00:00
47.25,134.55724,2025-09-28 02:00:00
62.0,166.0963,2025-09-28 02:00:00
89.0,292.5124,2025-09-28 02:00:00
47.25,106.540955,2025-09-28 03:00:00
79.0,171.6659,2025-09-28 03:00:00
12.0,200.7613,2025-09-28 03:00:00
85.0,175.3257,2025-09-28 03:00:00
56.0,141.74548,2025-09-28 03:00:00
12.0,192.56853,2025-09-28 04:00:00
55.0,134.98518,2025-09-28 04:00:00
83.0,159.28188,2025-09-28 04:00:00
94.0,146.31845,2025-09-28 04:00:00
52.75,109.36358,2025-09-28 04:00:00
86.0,144.23178,2025-09-28 05:00:00
106.0,163.62103,2025-09-28 05:00:00
68.0,125.16621,2025-09-28 05:00:00
72.0,193.99326,2025-09-28 05:00:00
57.0,105.59093,2025-09-28 05:00:00
113.0,151.69254,2025-09-28 06:00:00
83.0,163.76834,2025-09-28 06:00:00
72.0,222.88112,2025-09-28 06:00:00
74.0,123.55419,2025-09-28 06:00:00
67.0,114.0085,2025-09-28 06:00:00
118.0,180.05602,2025-09-28 07:00:00
97.0,148.60979,2025-09-28 07:00:00
78.75,121.44702,2025-09-28 07:00:00
172.0,158.14294,2025-09-28 07:00:00
106.0,173.58427,2025-09-28 07:00:00
135.0,157.3869,2025-09-28 08:00:00
172.0,203.17256,2025-09-28 08:00:00
86.75,131.72295,2025-09-28 08:00:00
118.0,187.47797,2025-09-28 08:00:00
212.0,180.75682,2025-09-28 08:00:00
108.0,199.81648,2025-09-28 09:00:00
228.0,186.98062,2025-09-28 09:00:00
96.25,121.415344,2025-09-28 09:00:00
160.0,129.59264,2025-09-28 09:00:00
262.0,174.89941,2025-09-28 09:00:00
178.0,212.11809,2025-09-28 10:00:00
104.5,123.1745,2025-09-28 10:00:00
119.0,196.6011,2025-09-28 10:00:00
239.0,194.4807,2025-09-28 10:00:00
157.0,158.77164,2025-09-28 10:00:00
128.0,197.6329,2025-09-28 11:00:00
97.33333333333331,120.381256,2025-09-28 11:00:00
147.0,161.38133,2025-09-28 11:00:00
149.0,210.61253,2025-09-28 11:00:00
207.0,200.01949,2025-09-28 11:00:00
100.25,117.269806,2025-09-28 12:00:00
108.0,238.83807,2025-09-28 12:00:00
114.0,184.4504,2025-09-28 12:00:00
141.0,141.93822,2025-09-28 12:00:00
179.0,180.24507,2025-09-28 12:00:00
129.0,162.91832,2025-09-28 13:00:00
128.0,165.35422,2025-09-28 13:00:00
103.25,108.2602,2025-09-28 13:00:00
40.0,234.67744,2025-09-28 13:00:00
121.0,138.79213,2025-09-28 13:00:00
117.0,108.91578,2025-09-28 14:00:00
97.25,102.24553,2025-09-28 14:00:00
111.0,160.8451,2025-09-28 14:00:00
40.0,196.77158,2025-09-28 14:00:00
100.0,156.63222,2025-09-28 14:00:00
97.0,140.18526,2025-09-28 15:00:00
93.5,93.14919,2025-09-28 15:00:00
107.0,148.0872,2025-09-28 15:00:00
86.0,176.88918,2025-09-28 15:00:00
100.0,85.64375,2025-09-28 15:00:00
86.0,188.80312,2025-09-28 16:00:00
80.0,95.04766,2025-09-28 16:00:00
78.0,92.62606,2025-09-28 16:00:00
97.0,138.07951,2025-09-28 16:00:00
100.0,129.51877,2025-09-28 16:00:00
96.0,136.17,2025-09-28 17:00:00
80.25,76.864334,2025-09-28 17:00:00
88.0,164.43987,2025-09-28 17:00:00
59.0,86.82883,2025-09-28 17:00:00
94.0,132.82358,2025-09-28 17:00:00
80.25,79.379135,2025-09-28 18:00:00
151.0,177.28694,2025-09-28 18:00:00
107.0,131.82835,2025-09-28 18:00:00
118.0,136.95302,2025-09-28 18:00:00
92.0,87.394936,2025-09-28 18:00:00
95.0,90.21305,2025-09-28 19:00:00
129.0,131.96333,2025-09-28 19:00:00
196.0,169.09698,2025-09-28 19:00:00
110.0,85.6906,2025-09-28 19:00:00
210.0,183.81982,2025-09-28 19:00:00
208.0,176.38019,2025-09-28 20:00:00
101.5,98.24206,2025-09-28 20:00:00
85.0,115.71585,2025-09-28 20:00:00
129.0,134.63188,2025-09-28 20:00:00
146.0,169.07812,2025-09-28 20:00:00
87.25,97.80714,2025-09-28 21:00:00
124.0,112.7535,2025-09-28 21:00:00
107.0,143.05626,2025-09-28 21:00:00
233.0,183.14296,2025-09-28 21:00:00
149.0,189.96619,2025-09-28 21:00:00
81.0,110.19962,2025-09-28 22:00:00
81.75,93.10967,2025-09-28 22:00:00
132.0,156.04489,2025-09-28 22:00:00
91.0,127.61271,2025-09-28 22:00:00
132.0,152.4368,2025-09-28 22:00:00
96.0,114.16299,2025-09-28 23:00:00
33.0,154.81917,2025-09-28 23:00:00
108.0,135.5468,2025-09-28 23:00:00
64.25,82.32538,2025-09-28 23:00:00
85.0,78.47127,2025-09-28 23:00:00
121.0,137.12105,2025-09-29 00:00:00
62.25,88.70365,2025-09-29 00:00:00
99.0,100.59002,2025-09-29 00:00:00
9.0,120.62959,2025-09-29 00:00:00
66.0,104.4822,2025-09-29 00:00:00
134.0,98.584496,2025-09-29 01:00:00
95.0,130.59982,2025-09-29 01:00:00
65.0,86.1832,2025-09-29 01:00:00
107.0,126.35649,2025-09-29 01:00:00
78.0,110.83561,2025-09-29 01:00:00
66.5,85.67805,2025-09-29 02:00:00
81.0,120.04171,2025-09-29 02:00:00
116.0,114.26824,2025-09-29 02:00:00
80.0,94.03157,2025-09-29 02:00:00
77.0,99.03485,2025-09-29 02:00:00
107.0,141.12094,2025-09-29 03:00:00
89.0,115.52404,2025-09-29 03:00:00
106.0,97.962074,2025-09-29 03:00:00
71.75,81.53454,2025-09-29 03:00:00
94.0,112.46301,2025-09-29 03:00:00
144.0,98.87124,2025-09-29 04:00:00
67.25,86.54714,2025-09-29 04:00:00
100.0,115.41869,2025-09-29 04:00:00
132.0,151.00565,2025-09-29 04:00:00
84.0,112.88928,2025-09-29 04:00:00
125.0,129.13068,2025-09-29 05:00:00
204.0,151.07971,2025-09-29 05:00:00
71.75,81.814285,2025-09-29 05:00:00
88.0,106.237686,2025-09-29 05:00:00
89.0,116.247795,2025-09-29 05:00:00
119.0,105.87113,2025-09-29 06:00:00
96.0,126.79801,2025-09-29 06:00:00
140.0,128.56206,2025-09-29 06:00:00
144.0,170.51299,2025-09-29 06:00:00
83.25,80.1698,2025-09-29 06:00:00
185.0,147.28409,2025-09-29 07:00:00
211.0,111.0418,2025-09-29 07:00:00
97.5,80.59452,2025-09-29 07:00:00
103.0,132.22871,2025-09-29 07:00:00
157.0,187.10257,2025-09-29 07:00:00
141.0,144.13167,2025-09-29 08:00:00
218.0,178.59258,2025-09-29 08:00:00
228.0,126.50662,2025-09-29 08:00:00
155.0,220.01079,2025-09-29 08:00:00
112.25,85.7419,2025-09-29 08:00:00
110.75,84.272316,2025-09-29 09:00:00
155.0,131.81088,2025-09-29 09:00:00
230.0,235.40686,2025-09-29 09:00:00
122.0,264.30124,2025-09-29 09:00:00
155.0,164.96838,2025-09-29 09:00:00
109.25,90.640015,2025-09-29 10:00:00
265.0,226.10109,2025-09-29 10:00:00
135.0,173.38554,2025-09-29 10:00:00
188.0,130.02205,2025-09-29 10:00:00
72.0,221.15797,2025-09-29 10:00:00
144.0,184.673,2025-09-29 11:00:00
168.0,217.10757,2025-09-29 11:00:00
222.0,198.98581,2025-09-29 11:00:00
101.33333333333331,90.67394,2025-09-29 11:00:00
169.0,129.93207,2025-09-29 11:00:00
147.0,111.57613,2025-09-29 12:00:00
191.0,160.41225,2025-09-29 12:00:00
193.0,179.08435,2025-09-29 12:00:00
114.75,97.5054,2025-09-29 12:00:00
177.0,220.3985,2025-09-29 12:00:00
175.0,169.5725,2025-09-29 13:00:00
113.75,97.991875,2025-09-29 13:00:00
163.0,126.3111,2025-09-29 13:00:00
226.0,195.72316,2025-09-29 13:00:00
215.0,126.21497,2025-09-29 13:00:00
166.0,116.12777,2025-09-29 14:00:00
215.0,129.07901,2025-09-29 14:00:00
274.0,169.41843,2025-09-29 14:00:00
114.25,89.80304,2025-09-29 14:00:00
155.0,151.42108,2025-09-29 14:00:00
240.0,176.70247,2025-09-29 15:00:00
135.5,87.37715,2025-09-29 15:00:00
69.0,120.533966,2025-09-29 15:00:00
135.0,151.97772,2025-09-29 15:00:00
215.0,112.53796,2025-09-29 15:00:00
72.0,97.764534,2025-09-29 16:00:00
121.0,115.86978,2025-09-29 16:00:00
132.0,154.99168,2025-09-29 16:00:00
126.5,89.054184,2025-09-29 16:00:00
215.0,166.24805,2025-09-29 16:00:00
107.0,113.866684,2025-09-29 17:00:00
315.0,147.16103,2025-09-29 17:00:00
116.5,91.59826,2025-09-29 17:00:00
167.0,142.25081,2025-09-29 17:00:00
85.0,98.54377,2025-09-29 17:00:00
89.0,113.57469,2025-09-29 18:00:00
136.0,138.79216,2025-09-29 18:00:00
377.0,187.0438,2025-09-29 18:00:00
212.0,177.65668,2025-09-29 18:00:00
105.75,97.934296,2025-09-29 18:00:00
147.0,128.2328,2025-09-29 19:00:00
259.0,206.27466,2025-09-29 19:00:00
135.0,132.54732,2025-09-29 19:00:00
277.0,194.85767,2025-09-29 19:00:00
101.75,91.38603,2025-09-29 19:00:00
147.0,157.83923,2025-09-29 20:00:00
189.0,210.19005,2025-09-29 20:00:00
175.0,211.47363,2025-09-29 20:00:00
162.0,142.13217,2025-09-29 20:00:00
115.5,104.42304,2025-09-29 20:00:00
128.0,131.79948,2025-09-29 21:00:00
130.0,183.95915,2025-09-29 21:00:00
320.0,237.70041,2025-09-29 21:00:00
113.25,96.97403,2025-09-29 21:00:00
110.0,143.8956,2025-09-29 21:00:00
79.0,127.79909,2025-09-29 22:00:00
93.5,96.50415,2025-09-29 22:00:00
130.0,181.98679,2025-09-29 22:00:00
160.0,201.30592,2025-09-29 22:00:00
95.0,158.6054,2025-09-29 22:00:00
126.0,92.999374,2025-09-29 23:00:00
241.0,195.6241,2025-09-29 23:00:00
110.0,137.00897,2025-09-29 23:00:00
164.0,123.44504,2025-09-29 23:00:00
146.0,154.5139,2025-09-29 23:00:00
146.0,171.73465,2025-09-30 00:00:00
44.25,93.40635,2025-09-30 00:00:00
97.0,143.76358,2025-09-30 00:00:00
240.0,115.83456,2025-09-30 00:00:00
276.0,144.13754,2025-09-30 00:00:00
240.0,135.41003,2025-09-30 01:00:00
27.0,138.98506,2025-09-30 01:00:00
14.0,98.04403,2025-09-30 01:00:00
145.0,174.00224,2025-09-30 01:00:00
31.0,120.62737,2025-09-30 01:00:00
51.0,198.99492,2025-09-30 02:00:00
24.0,123.54906,2025-09-30 02:00:00
19.25,102.01929,2025-09-30 02:00:00
18.0,147.50995,2025-09-30 02:00:00
45.0,116.92194,2025-09-30 02:00:00
24.0,121.39777,2025-09-30 03:00:00
67.0,118.744194,2025-09-30 03:00:00
27.0,108.62806,2025-09-30 03:00:00
51.0,172.24432,2025-09-30 03:00:00
29.5,114.54159,2025-09-30 03:00:00
41.5,100.11181,2025-09-30 04:00:00
68.0,115.936844,2025-09-30 04:00:00
29.0,124.00191,2025-09-30 04:00:00
56.0,180.11745,2025-09-30 04:00:00
37.0,114.002556,2025-09-30 04:00:00
69.0,112.85631,2025-09-30 05:00:00
63.0,92.63801,2025-09-30 05:00:00
28.0,104.23046,2025-09-30 05:00:00
41.0,124.682625,2025-09-30 05:00:00
11.0,220.26753,2025-09-30 05:00:00
63.0,132.5186,2025-09-30 06:00:00
8.0,248.22441,2025-09-30 06:00:00
65.75,108.781235,2025-09-30 06:00:00
56.0,144.57869,2025-09-30 06:00:00
57.0,114.27668,2025-09-30 06:00:00
83.0,246.01369,2025-09-30 07:00:00
96.0,122.53076,2025-09-30 07:00:00
17.0,129.1352,2025-09-30 07:00:00
82.5,113.271355,2025-09-30 07:00:00
61.0,186.13828,2025-09-30 07:00:00
102.0,237.03104,2025-09-30 08:00:00
91.0,126.46954,2025-09-30 08:00:00
75.0,149.79987,2025-09-30 08:00:00
99.25,126.03928,2025-09-30 08:00:00
83.0,268.52798,2025-09-30 08:00:00
116.0,144.38737,2025-09-30 09:00:00
108.0,128.07289,2025-09-30 09:00:00
111.0,211.07375,2025-09-30 09:00:00
96.0,238.55133,2025-09-30 09:00:00
103.75,117.21805,2025-09-30 09:00:00
75.0,140.23422,2025-09-30 10:00:00
74.0,247.64339,2025-09-30 10:00:00
77.0,140.95898,2025-09-30 10:00:00
65.25,118.6948,2025-09-30 10:00:00
112.0,183.03183,2025-09-30 10:00:00
108.0,149.76959,2025-09-30 11:00:00
84.0,238.71774,2025-09-30 11:00:00
40.66666666666666,114.20691,2025-09-30 11:00:00
48.0,112.582375,2025-09-30 11:00:00
58.0,237.80412,2025-09-30 11:00:00
62.0,124.52697,2025-09-30 12:00:00
66.0,193.7072,2025-09-30 12:00:00
40.75,100.002396,2025-09-30 12:00:00
63.0,216.38281,2025-09-30 12:00:00
53.0,133.13565,2025-09-30 12:00:00
40.0,121.45346,2025-09-30 13:00:00
51.0,176.9136,2025-09-30 13:00:00
58.0,202.41432,2025-09-30 13:00:00
39.0,92.04492,2025-09-30 13:00:00
14.0,191.93082,2025-09-30 13:00:00
48.0,116.802864,2025-09-30 14:00:00
48.0,226.07043,2025-09-30 14:00:00
48.25,95.5705,2025-09-30 14:00:00
84.0,135.40326,2025-09-30 14:00:00
19.0,165.24294,2025-09-30 14:00:00
6.0,149.4531,2025-09-30 15:00:00
46.0,140.88826,2025-09-30 15:00:00
51.5,91.453384,2025-09-30 15:00:00
24.0,98.24178,2025-09-30 15:00:00
34.0,180.88254,2025-09-30 15:00:00
50.0,117.29755,2025-09-30 16:00:00
80.0,212.57686,2025-09-30 16:00:00
52.0,92.57182,2025-09-30 16:00:00
8.0,111.30443,2025-09-30 16:00:00
64.0,130.81825,2025-09-30 16:00:00
112.0,100.27796,2025-09-30 17:00:00
58.5,108.545364,2025-09-30 17:00:00
61.0,152.24258,2025-09-30 17:00:00
36.0,123.35438,2025-09-30 17:00:00
106.0,195.07002,2025-09-30 17:00:00
69.0,175.185,2025-09-30 18:00:00
75.0,111.659904,2025-09-30 18:00:00
107.0,116.42439,2025-09-30 18:00:00
165.75,97.979004,2025-09-30 18:00:00
91.0,159.3696,2025-09-30 18:00:00
110.0,172.26022,2025-09-30 19:00:00
81.0,99.20645,2025-09-30 19:00:00
73.0,167.13965,2025-09-30 19:00:00
138.0,90.690544,2025-09-30 19:00:00
124.0,125.44874,2025-09-30 19:00:00
95.0,120.48729,2025-09-30 20:00:00
144.0,107.36279,2025-09-30 20:00:00
121.0,116.674095,2025-09-30 20:00:00
92.0,140.23268,2025-09-30 20:00:00
124.5,95.68767,2025-09-30 20:00:00
114.0,134.1473,2025-09-30 21:00:00
122.25,103.08149,2025-09-30 21:00:00
175.0,109.43268,2025-09-30 21:00:00
127.0,189.06934,2025-09-30 21:00:00
118.0,120.066635,2025-09-30 21:00:00
129.0,135.63362,2025-09-30 22:00:00
132.0,147.79486,2025-09-30 22:00:00
80.0,98.20584,2025-09-30 22:00:00
61.0,100.21324,2025-09-30 22:00:00
121.0,121.23218,2025-09-30 22:00:00
103.0,115.75878,2025-09-30 23:00:00
46.0,120.54436,2025-09-30 23:00:00
66.0,99.66419,2025-09-30 23:00:00
158.0,119.55615,2025-09-30 23:00:00
121.0,181.398,2025-09-30 23:00:00
118.0,153.66652,2025-10-01 00:00:00
116.0,109.35349,2025-10-01 00:00:00
105.0,111.03805,2025-10-01 00:00:00
149.0,153.65068,2025-10-01 00:00:00
75.75,97.61157,2025-10-01 00:00:00
90.0,85.905945,2025-10-01 01:00:00
84.0,147.39174,2025-10-01 01:00:00
118.0,95.57068,2025-10-01 01:00:00
123.75,121.50275,2025-10-01 01:00:00
93.75,84.79727,2025-10-01 01:00:00
128.5,73.54075,2025-10-01 02:00:00
99.25,86.20146,2025-10-01 02:00:00
116.0,88.90995,2025-10-01 02:00:00
89.0,121.11553,2025-10-01 02:00:00
125.0,103.91064,2025-10-01 02:00:00
113.0,88.81251,2025-10-01 03:00:00
90.0,93.17573,2025-10-01 03:00:00
111.5,66.3926,2025-10-01 03:00:00
105.5,72.92437,2025-10-01 03:00:00
130.0,100.39463,2025-10-01 03:00:00
94.0,68.52116,2025-10-01 04:00:00
135.0,115.69633,2025-10-01 04:00:00
136.0,94.89581,2025-10-01 04:00:00
105.25,78.22312,2025-10-01 04:00:00
129.0,79.59332,2025-10-01 04:00:00
134.0,108.09638,2025-10-01 05:00:00
110.75,68.31839,2025-10-01 05:00:00
87.0,78.519226,2025-10-01 05:00:00
168.0,147.07332,2025-10-01 05:00:00
171.0,121.153046,2025-10-01 05:00:00
96.5,83.46801,2025-10-01 06:00:00
153.0,113.13969,2025-10-01 06:00:00
103.25,82.24479,2025-10-01 06:00:00
256.0,106.58566,2025-10-01 06:00:00
269.0,134.51697,2025-10-01 06:00:00
107.75,89.37049,2025-10-01 07:00:00
180.0,115.42459,2025-10-01 07:00:00
95.5,88.56812,2025-10-01 07:00:00
208.0,106.70899,2025-10-01 07:00:00
429.0,111.09486,2025-10-01 07:00:00
343.0,139.49707,2025-10-01 08:00:00
113.5,91.13625,2025-10-01 08:00:00
278.0,138.8707,2025-10-01 08:00:00
127.75,105.576996,2025-10-01 08:00:00
183.0,116.57341,2025-10-01 08:00:00
276.0,147.35924,2025-10-01 09:00:00
168.25,98.56288,2025-10-01 09:00:00
207.0,116.12321,2025-10-01 09:00:00
417.0,135.56519,2025-10-01 09:00:00
159.25,92.17191,2025-10-01 09:00:00
196.0,85.89245,2025-10-01 10:00:00
182.75,91.939705,2025-10-01 10:00:00
291.0,156.73515,2025-10-01 10:00:00
298.0,133.11333,2025-10-01 10:00:00
185.0,101.59924,2025-10-01 10:00:00
213.0,156.58688,2025-10-01 11:00:00
233.0,152.25978,2025-10-01 11:00:00
156.66666666666666,89.89319,2025-10-01 11:00:00
188.0,109.78238,2025-10-01 11:00:00
249.25,97.68255,2025-10-01 11:00:00
260.0,150.31065,2025-10-01 12:00:00
140.0,114.79059,2025-10-01 12:00:00
265.0,82.69865,2025-10-01 12:00:00
97.25,95.558464,2025-10-01 12:00:00
194.0,113.8491,2025-10-01 12:00:00
169.0,101.64015,2025-10-01 13:00:00
88.0,86.62552,2025-10-01 13:00:00
136.0,125.56455,2025-10-01 13:00:00
265.0,90.62595,2025-10-01 13:00:00
144.0,142.41736,2025-10-01 13:00:00
65.25,86.17941,2025-10-01 14:00:00
130.0,108.617035,2025-10-01 14:00:00
146.0,102.07651,2025-10-01 14:00:00
122.0,106.193474,2025-10-01 14:00:00
265.0,107.36494,2025-10-01 14:00:00
62.5,57.286987,2025-10-01 15:00:00
110.0,86.29203,2025-10-01 15:00:00
265.0,84.65448,2025-10-01 15:00:00
91.0,88.96816,2025-10-01 15:00:00
97.0,86.136246,2025-10-01 15:00:00
70.5,80.39546,2025-10-01 16:00:00
80.0,93.32605,2025-10-01 16:00:00
123.0,112.8748,2025-10-01 16:00:00
156.0,84.31885,2025-10-01 16:00:00
111.0,126.57668,2025-10-01 17:00:00
125.0,85.41223,2025-10-01 17:00:00
79.0,79.95234,2025-10-01 17:00:00
96.0,87.85371,2025-10-01 17:00:00
107.0,92.39712,2025-10-01 18:00:00
69.0,82.48308,2025-10-01 18:00:00
103.0,130.43094,2025-10-01 18:00:00
279.0,105.77686,2025-10-01 18:00:00
179.0,113.122734,2025-10-01 19:00:00
90.75,89.3934,2025-10-01 19:00:00
149.0,164.34012,2025-10-01 19:00:00
117.0,118.41657,2025-10-01 19:00:00
139.0,164.32605,2025-10-01 20:00:00
107.0,98.84146,2025-10-01 20:00:00
267.0,132.78853,2025-10-01 20:00:00
155.0,141.39622,2025-10-01 20:00:00
121.0,111.760086,2025-10-01 21:00:00
160.0,138.66191,2025-10-01 21:00:00
238.0,184.63896,2025-10-01 21:00:00
139.0,145.93971,2025-10-01 21:00:00
121.75,137.50114,2025-10-01 22:00:00
97.0,135.48022,2025-10-01 22:00:00
164.0,203.01006,2025-10-01 22:00:00
177.0,146.5886,2025-10-01 22:00:00
119.0,131.4075,2025-10-01 23:00:00
189.0,159.7503,2025-10-01 23:00:00
128.0,131.71431,2025-10-01 23:00:00
138.0,168.449,2025-10-01 23:00:00
132.5,116.61904,2025-10-02 00:00:00
217.0,143.89275,2025-10-02 00:00:00
160.0,192.3811,2025-10-02 00:00:00
139.0,140.04817,2025-10-02 00:00:00
77.0,131.55893,2025-10-02 00:00:00
175.0,125.457115,2025-10-02 01:00:00
161.0,189.70789,2025-10-02 01:00:00
195.0,130.49788,2025-10-02 01:00:00
123.0,130.05827,2025-10-02 01:00:00
127.25,114.00507,2025-10-02 01:00:00
163.0,212.80699,2025-10-02 02:00:00
124.0,119.28064,2025-10-02 02:00:00
195.0,126.76057,2025-10-02 02:00:00
115.0,107.660866,2025-10-02 02:00:00
141.0,107.24067,2025-10-02 02:00:00
130.0,198.7206,2025-10-02 03:00:00
146.0,111.23242,2025-10-02 03:00:00
100.0,116.66439,2025-10-02 03:00:00
92.25,104.82102,2025-10-02 03:00:00
195.0,122.93279,2025-10-02 03:00:00
195.0,125.98968,2025-10-02 04:00:00
102.0,196.22719,2025-10-02 04:00:00
93.5,112.92093,2025-10-02 04:00:00
72.0,118.626526,2025-10-02 04:00:00
125.0,189.86305,2025-10-02 05:00:00
62.0,121.66493,2025-10-02 05:00:00
105.5,120.446815,2025-10-02 05:00:00
51.0,117.022545,2025-10-02 06:00:00
112.0,210.0513,2025-10-02 06:00:00
77.0,135.51521,2025-10-02 06:00:00
35.0,150.80763,2025-10-02 07:00:00
57.25,119.08157,2025-10-02 07:00:00
75.0,316.23492,2025-10-02 07:00:00
28.0,186.65302,2025-10-02 08:00:00
88.0,211.95477,2025-10-02 08:00:00
66.25,136.04468,2025-10-02 08:00:00
117.5,143.21938,2025-10-02 09:00:00
147.0,237.56586,2025-10-02 09:00:00
92.0,171.52055,2025-10-02 09:00:00
158.0,162.3814,2025-10-02 10:00:00
141.0,256.87408,2025-10-02 10:00:00
120.75,145.59267,2025-10-02 10:00:00
90.33333333333331,143.02202,2025-10-02 11:00:00
153.0,179.87032,2025-10-02 11:00:00
80.0,230.39537,2025-10-02 11:00:00
144.0,161.0972,2025-10-02 12:00:00
77.0,199.99655,2025-10-02 12:00:00
74.75,137.30392,2025-10-02 12:00:00
81.0,159.04828,2025-10-02 12:00:00
85.0,203.96785,2025-10-02 13:00:00
51.0,127.64265,2025-10-02 13:00:00
72.0,234.58707,2025-10-02 13:00:00
69.25,122.48834,2025-10-02 13:00:00
69.75,123.54904,2025-10-02 14:00:00
59.0,118.717926,2025-10-02 14:00:00
81.0,185.58519,2025-10-02 14:00:00
145.0,215.41331,2025-10-02 14:00:00
69.0,167.21301,2025-10-02 15:00:00
74.0,200.05644,2025-10-02 15:00:00
62.5,120.524025,2025-10-02 15:00:00
59.0,159.402,2025-10-02 15:00:00
63.5,133.85881,2025-10-02 16:00:00
70.0,143.77957,2025-10-02 16:00:00
86.0,178.12279,2025-10-02 16:00:00
92.0,188.77165,2025-10-02 16:00:00
53.0,121.48474,2025-10-02 17:00:00
107.0,170.49382,2025-10-02 17:00:00
81.0,170.38403,2025-10-02 17:00:00
62.75,129.15501,2025-10-02 17:00:00
102.0,161.0479,2025-10-02 18:00:00
53.75,129.01288,2025-10-02 18:00:00
57.0,109.30083,2025-10-02 18:00:00
114.0,161.81244,2025-10-02 18:00:00
116.0,161.25352,2025-10-02 19:00:00
57.0,138.63216,2025-10-02 19:00:00
79.0,162.44614,2025-10-02 19:00:00
65.25,130.35861,2025-10-02 19:00:00
59.0,129.58896,2025-10-02 20:00:00
75.0,156.22247,2025-10-02 20:00:00
68.0,142.588,2025-10-02 20:00:00
83.0,165.1904,2025-10-02 20:00:00
68.0,123.3052,2025-10-02 21:00:00
73.0,185.50323,2025-10-02 21:00:00
60.5,135.21404,2025-10-02 21:00:00
110.0,152.22908,2025-10-02 21:00:00
63.5,126.96397,2025-10-02 22:00:00
81.0,146.24013,2025-10-02 22:00:00
84.0,145.03728,2025-10-02 22:00:00
55.0,122.9823,2025-10-02 22:00:00
86.0,161.21681,2025-10-02 23:00:00
53.0,126.4324,2025-10-02 23:00:00
119.0,141.71222,2025-10-02 23:00:00
65.25,123.35954,2025-10-02 23:00:00
100.0,132.14914,2025-10-03 00:00:00
74.0,132.94066,2025-10-03 00:00:00
66.75,148.02574,2025-10-03 00:00:00
77.0,167.6628,2025-10-03 00:00:00
70.0,128.96996,2025-10-03 01:00:00
85.0,118.62161,2025-10-03 01:00:00
72.0,165.5348,2025-10-03 01:00:00
73.75,136.53462,2025-10-03 01:00:00
121.0,117.590355,2025-10-03 02:00:00
73.75,135.18925,2025-10-03 02:00:00
68.0,180.06905,2025-10-03 02:00:00
64.0,123.39676,2025-10-03 02:00:00
112.0,128.47435,2025-10-03 03:00:00
75.5,118.498245,2025-10-03 03:00:00
79.0,140.35658,2025-10-03 03:00:00
63.0,106.3718,2025-10-03 03:00:00
62.5,120.930786,2025-10-03 04:00:00
97.0,115.74877,2025-10-03 04:00:00
90.0,112.220955,2025-10-03 04:00:00
69.0,139.85968,2025-10-03 04:00:00
96.0,108.92038,2025-10-03 05:00:00
51.0,144.67957,2025-10-03 05:00:00
97.0,124.0926,2025-10-03 05:00:00
49.75,121.73531,2025-10-03 05:00:00
80.0,129.82138,2025-10-03 06:00:00
67.0,151.36234,2025-10-03 06:00:00
57.75,121.632805,2025-10-03 06:00:00
103.0,100.21318,2025-10-03 06:00:00
112.0,147.88905,2025-10-03 07:00:00
97.0,141.24164,2025-10-03 07:00:00
86.0,99.43405,2025-10-03 07:00:00
74.5,125.63136,2025-10-03 07:00:00
124.0,106.66605,2025-10-03 08:00:00
169.0,172.8465,2025-10-03 08:00:00
210.0,156.144,2025-10-03 08:00:00
103.5,120.913246,2025-10-03 08:00:00
243.0,151.90154,2025-10-03 09:00:00
107.75,133.92346,2025-10-03 09:00:00
145.0,102.919304,2025-10-03 09:00:00
246.0,144.62685,2025-10-03 09:00:00
278.0,166.0377,2025-10-03 10:00:00
168.0,95.349625,2025-10-03 10:00:00
422.0,181.30453,2025-10-03 10:00:00
112.0,129.7663,2025-10-03 10:00:00
230.0,160.41685,2025-10-03 10:00:00
212.0,165.8168,2025-10-03 11:00:00
153.0,106.56301,2025-10-03 11:00:00
385.0,176.97495,2025-10-03 11:00:00
136.33333333333334,124.70756,2025-10-03 11:00:00
447.0,160.65628,2025-10-03 11:00:00
354.0,156.46783,2025-10-03 12:00:00
142.25,115.48692,2025-10-03 12:00:00
156.0,111.14659,2025-10-03 12:00:00
283.0,155.38075,2025-10-03 12:00:00
392.0,146.14438,2025-10-03 12:00:00
273.0,132.37268,2025-10-03 13:00:00
147.0,109.72888,2025-10-03 13:00:00
235.0,144.79431,2025-10-03 13:00:00
279.0,155.19002,2025-10-03 13:00:00
148.75,111.27929,2025-10-03 13:00:00
180.0,159.53566,2025-10-03 14:00:00
249.0,174.4436,2025-10-03 14:00:00
180.0,153.02216,2025-10-03 14:00:00
136.0,100.765884,2025-10-03 14:00:00
139.0,100.33231,2025-10-03 14:00:00
123.25,101.2954,2025-10-03 15:00:00
161.0,153.83217,2025-10-03 15:00:00
114.0,104.58591,2025-10-03 15:00:00
182.0,158.69429,2025-10-03 15:00:00
213.0,164.41763,2025-10-03 15:00:00
133.0,90.63065,2025-10-03 16:00:00
186.0,100.85176,2025-10-03 16:00:00
166.0,148.63986,2025-10-03 16:00:00
163.0,153.77832,2025-10-03 16:00:00
108.0,103.17444,2025-10-03 16:00:00
205.0,181.49689,2025-10-03 17:00:00
121.0,91.160194,2025-10-03 17:00:00
371.0,97.72792,2025-10-03 17:00:00
168.0,148.5996,2025-10-03 17:00:00
143.25,84.371124,2025-10-03 17:00:00
180.0,162.43169,2025-10-03 18:00:00
299.0,203.82896,2025-10-03 18:00:00
122.0,101.24557,2025-10-03 18:00:00
104.5,95.60313,2025-10-03 18:00:00
340.0,117.84092,2025-10-03 18:00:00
104.0,98.23433,2025-10-03 19:00:00
416.0,248.08205,2025-10-03 19:00:00
136.0,98.99224,2025-10-03 19:00:00
219.0,126.738014,2025-10-03 19:00:00
211.0,171.82384,2025-10-03 19:00:00
235.0,209.29985,2025-10-03 20:00:00
157.0,113.410484,2025-10-03 20:00:00
191.0,163.87424,2025-10-03 20:00:00
404.0,234.5207,2025-10-03 20:00:00
171.0,122.546135,2025-10-03 20:00:00
196.0,117.431526,2025-10-03 21:00:00
226.0,132.89621,2025-10-03 21:00:00
262.0,214.89624,2025-10-03 21:00:00
370.0,293.14233,2025-10-03 21:00:00
207.0,112.15983,2025-10-03 21:00:00
130.5,118.988396,2025-10-03 22:00:00
107.0,136.1816,2025-10-03 22:00:00
158.0,192.0526,2025-10-03 22:00:00
239.0,200.23973,2025-10-03 22:00:00
207.0,166.98785,2025-10-03 22:00:00
207.0,205.23395,2025-10-03 23:00:00
127.0,240.87119,2025-10-03 23:00:00
106.0,129.56999,2025-10-03 23:00:00
78.75,120.40021,2025-10-03 23:00:00
114.0,206.92232,2025-10-03 23:00:00
78.25,123.454506,2025-10-04 00:00:00
117.0,164.95511,2025-10-04 00:00:00
112.0,139.79558,2025-10-04 00:00:00
106.0,158.38829,2025-10-04 00:00:00
114.0,249.03291,2025-10-04 00:00:00
136.0,155.94958,2025-10-04 01:00:00
117.0,200.49548,2025-10-04 01:00:00
102.0,155.65123,2025-10-04 01:00:00
80.0,116.04569,2025-10-04 01:00:00
94.0,139.70378,2025-10-04 01:00:00
102.0,128.5703,2025-10-04 02:00:00
103.0,114.23864,2025-10-04 02:00:00
82.75,107.73381,2025-10-04 02:00:00
111.0,219.95686,2025-10-04 02:00:00
152.0,152.48802,2025-10-04 02:00:00
80.25,114.02009,2025-10-04 03:00:00
125.0,203.48355,2025-10-04 03:00:00
143.0,187.33974,2025-10-04 03:00:00
97.0,134.04552,2025-10-04 03:00:00
90.0,109.94882,2025-10-04 03:00:00
83.0,124.302376,2025-10-04 04:00:00
74.75,126.066574,2025-10-04 04:00:00
167.0,144.607,2025-10-04 04:00:00
113.0,149.94754,2025-10-04 04:00:00
133.0,209.66698,2025-10-04 04:00:00
79.25,116.25292,2025-10-04 05:00:00
199.0,144.02136,2025-10-04 05:00:00
92.0,115.453865,2025-10-04 05:00:00
146.0,208.31052,2025-10-04 05:00:00
130.0,126.89519,2025-10-04 05:00:00
166.0,233.97424,2025-10-04 06:00:00
164.0,158.79005,2025-10-04 06:00:00
161.0,136.30838,2025-10-04 06:00:00
119.0,128.42209,2025-10-04 06:00:00
95.25,123.00755,2025-10-04 06:00:00
169.0,141.14816,2025-10-04 07:00:00
112.75,138.7109,2025-10-04 07:00:00
189.0,284.93793,2025-10-04 07:00:00
211.0,288.91467,2025-10-04 07:00:00
152.0,127.28652,2025-10-04 07:00:00
304.0,336.30035,2025-10-04 08:00:00
246.0,201.40462,2025-10-04 08:00:00
128.5,146.56104,2025-10-04 08:00:00
172.0,157.28618,2025-10-04 08:00:00
371.0,361.6178,2025-10-04 08:00:00
229.0,291.61926,2025-10-04 09:00:00
152.5,167.97623,2025-10-04 09:00:00
288.0,369.43994,2025-10-04 09:00:00
206.0,189.61348,2025-10-04 09:00:00
323.0,372.85074,2025-10-04 09:00:00
218.0,283.4103,2025-10-04 10:00:00
141.0,171.99391,2025-10-04 10:00:00
268.0,384.8969,2025-10-04 10:00:00
216.0,218.64497,2025-10-04 10:00:00
224.0,354.90747,2025-10-04 10:00:00
205.0,200.48381,2025-10-04 11:00:00
215.0,254.81935,2025-10-04 11:00:00
235.0,377.82428,2025-10-04 11:00:00
125.33333333333331,165.14243,2025-10-04 11:00:00
306.0,381.6395,2025-10-04 11:00:00
216.0,242.44424,2025-10-04 12:00:00
276.0,311.04794,2025-10-04 12:00:00
190.0,195.02138,2025-10-04 12:00:00
124.0,169.31836,2025-10-04 12:00:00
232.0,300.28494,2025-10-04 12:00:00
357.0,253.8152,2025-10-04 13:00:00
175.0,217.25504,2025-10-04 13:00:00
266.0,311.04813,2025-10-04 13:00:00
141.75,160.91275,2025-10-04 13:00:00
161.0,173.28941,2025-10-04 13:00:00
189.0,189.3021,2025-10-04 14:00:00
139.5,163.77019,2025-10-04 14:00:00
167.0,190.91159,2025-10-04 14:00:00
150.25,147.18721,2025-10-04 14:00:00
267.0,226.42796,2025-10-04 14:00:00
173.0,187.18842,2025-10-04 15:00:00
126.0,139.61484,2025-10-04 15:00:00
148.5,129.46738,2025-10-04 15:00:00
248.0,245.31708,2025-10-04 15:00:00
197.0,197.18384,2025-10-04 15:00:00
208.0,213.22768,2025-10-04 16:00:00
123.0,138.74211,2025-10-04 16:00:00
162.0,195.57414,2025-10-04 16:00:00
227.0,199.8934,2025-10-04 16:00:00
147.75,130.87256,2025-10-04 16:00:00
126.25,127.39095,2025-10-04 17:00:00
244.0,273.02893,2025-10-04 17:00:00
163.25,127.85789,2025-10-04 17:00:00
156.0,228.57707,2025-10-04 17:00:00
182.0,189.41676,2025-10-04 17:00:00
121.75,130.91574,2025-10-04 18:00:00
160.0,259.48206,2025-10-04 18:00:00
183.0,204.3917,2025-10-04 18:00:00
224.0,334.50266,2025-10-04 18:00:00
173.5,138.54936,2025-10-04 18:00:00
165.25,139.45589,2025-10-04 19:00:00
113.75,144.68181,2025-10-04 19:00:00
145.0,213.65323,2025-10-04 19:00:00
207.0,299.57816,2025-10-04 19:00:00
177.0,328.80817,2025-10-04 19:00:00
93.0,156.12755,2025-10-04 20:00:00
294.0,322.48727,2025-10-04 20:00:00
125.25,169.96028,2025-10-04 20:00:00
141.0,270.75253,2025-10-04 20:00:00
145.0,333.2671,2025-10-04 20:00:00
71.0,162.82332,2025-10-04 21:00:00
152.0,323.60168,2025-10-04 21:00:00
119.0,291.91785,2025-10-04 21:00:00
179.0,318.17804,2025-10-04 21:00:00
99.5,192.29594,2025-10-04 21:00:00
108.0,283.04062,2025-10-04 22:00:00
141.0,289.71707,2025-10-04 22:00:00
97.0,225.50856,2025-10-04 22:00:00
60.5,156.19402,2025-10-04 22:00:00
71.0,152.93602,2025-10-04 22:00:00
77.0,147.0639,2025-10-04 23:00:00
69.75,157.27118,2025-10-04 23:00:00
124.0,247.28583,2025-10-04 23:00:00
118.0,271.92883,2025-10-04 23:00:00
83.0,175.39102,2025-10-04 23:00:00
111.25,131.32721,2025-10-05 00:00:00
111.0,163.11516,2025-10-05 00:00:00
206.0,230.35143,2025-10-05 00:00:00
90.75,152.82864,2025-10-05 00:00:00
144.0,160.44394,2025-10-05 00:00:00
142.75,124.584366,2025-10-05 01:00:00
196.0,122.06934,2025-10-05 01:00:00
106.75,121.07721,2025-10-05 01:00:00
151.0,155.24098,2025-10-05 01:00:00
188.0,211.93117,2025-10-05 01:00:00
177.0,119.0056,2025-10-05 02:00:00
161.0,115.32405,2025-10-05 02:00:00
265.0,223.38652,2025-10-05 02:00:00
180.0,154.78897,2025-10-05 02:00:00
105.0,118.48603,2025-10-05 02:00:00
134.0,152.97804,2025-10-05 03:00:00
110.25,110.65674,2025-10-05 03:00:00
178.0,116.36367,2025-10-05 03:00:00
232.0,214.94907,2025-10-05 03:00:00
116.25,115.6987,2025-10-05 03:00:00
113.0,111.84963,2025-10-05 04:00:00
239.0,204.40094,2025-10-05 04:00:00
139.0,151.0229,2025-10-05 04:00:00
138.0,171.2646,2025-10-05 04:00:00
102.5,115.93073,2025-10-05 04:00:00
172.0,188.37947,2025-10-05 05:00:00
96.25,127.01414,2025-10-05 05:00:00
117.0,130.86679,2025-10-05 05:00:00
217.0,197.98643,2025-10-05 05:00:00
100.5,98.67468,2025-10-05 05:00:00
235.0,200.53906,2025-10-05 06:00:00
122.0,141.84851,2025-10-05 06:00:00
107.5,127.99581,2025-10-05 06:00:00
182.0,169.76259,2025-10-05 06:00:00
87.25,99.93909,2025-10-05 06:00:00
328.0,257.38568,2025-10-05 07:00:00
400.0,259.72873,2025-10-05 07:00:00
133.0,169.80186,2025-10-05 07:00:00
183.0,171.67163,2025-10-05 07:00:00
97.0,119.12782,2025-10-05 07:00:00
198.5,189.29996,2025-10-05 08:00:00
498.0,346.17593,2025-10-05 08:00:00
591.0,289.8057,2025-10-05 08:00:00
108.5,144.25435,2025-10-05 08:00:00
237.0,212.56216,2025-10-05 08:00:00
381.0,341.44073,2025-10-05 09:00:00
119.75,152.62248,2025-10-05 09:00:00
250.0,232.43338,2025-10-05 09:00:00
354.0,303.45428,2025-10-05 09:00:00
197.75,185.45343,2025-10-05 09:00:00
224.0,171.23549,2025-10-05 10:00:00
438.0,258.26566,2025-10-05 10:00:00
128.75,144.7252,2025-10-05 10:00:00
287.0,183.38895,2025-10-05 10:00:00
622.0,302.51205,2025-10-05 10:00:00
283.0,203.48784,2025-10-05 11:00:00
204.25,162.38213,2025-10-05 11:00:00
465.0,288.18787,2025-10-05 11:00:00
251.0,245.20528,2025-10-05 11:00:00
135.66666666666666,153.946,2025-10-05 11:00:00
365.0,295.0653,2025-10-05 12:00:00
93.75,168.24489,2025-10-05 12:00:00
172.0,235.4913,2025-10-05 12:00:00
208.0,194.06291,2025-10-05 12:00:00
206.0,168.7508,2025-10-05 12:00:00
36.75,151.38666,2025-10-05 13:00:00
216.0,294.1929,2025-10-05 13:00:00
123.0,197.46362,2025-10-05 13:00:00
99.0,181.23732,2025-10-05 13:00:00
69.0,249.167,2025-10-05 13:00:00
31.0,197.42969,2025-10-05 14:00:00
62.0,365.6763,2025-10-05 14:00:00
21.0,138.09695,2025-10-05 14:00:00
20.0,210.41502,2025-10-05 14:00:00
28.25,184.74257,2025-10-05 14:00:00
52.0,300.5939,2025-10-05 15:00:00
25.0,202.14691,2025-10-05 15:00:00
19.0,149.63312,2025-10-05 15:00:00
28.0,200.08943,2025-10-05 15:00:00
20.75,187.98958,2025-10-05 15:00:00
27.0,214.14249,2025-10-05 16:00:00
61.0,296.72232,2025-10-05 16:00:00
18.25,125.73388,2025-10-05 16:00:00
26.5,168.78442,2025-10-05 16:00:00
28.0,178.33531,2025-10-05 16:00:00
22.0,170.63863,2025-10-05 17:00:00
72.0,301.35037,2025-10-05 17:00:00
19.0,179.71172,2025-10-05 17:00:00
37.75,144.47035,2025-10-05 17:00:00
28.25,118.437546,2025-10-05 17:00:00
73.0,339.88055,2025-10-05 18:00:00
64.0,160.8272,2025-10-05 18:00:00
53.75,140.0804,2025-10-05 18:00:00
31.0,184.65935,2025-10-05 18:00:00
41.75,164.00722,2025-10-05 18:00:00
124.0,345.0985,2025-10-05 19:00:00
54.0,128.07695,2025-10-05 19:00:00
30.0,224.74617,2025-10-05 19:00:00
59.0,193.64192,2025-10-05 19:00:00
54.0,168.33604,2025-10-05 19:00:00
59.75,137.46744,2025-10-05 20:00:00
38.0,229.69974,2025-10-05 20:00:00
79.0,203.5494,2025-10-05 20:00:00
102.0,429.02725,2025-10-05 20:00:00
49.0,170.71985,2025-10-05 20:00:00
77.75,142.94536,2025-10-05 21:00:00
48.0,203.09865,2025-10-05 21:00:00
49.75,161.41788,2025-10-05 21:00:00
69.0,178.92386,2025-10-05 21:00:00
99.0,347.10547,2025-10-05 21:00:00
86.0,192.39261,2025-10-05 22:00:00
99.0,198.8052,2025-10-05 22:00:00
71.25,176.1715,2025-10-05 22:00:00
129.0,336.06186,2025-10-05 22:00:00
88.0,153.95538,2025-10-05 22:00:00
105.0,189.22162,2025-10-05 23:00:00
83.25,161.62576,2025-10-05 23:00:00
178.0,164.98221,2025-10-05 23:00:00
82.0,140.62889,2025-10-05 23:00:00
164.0,287.3938,2025-10-05 23:00:00
164.0,228.87941,2025-10-06 00:00:00
102.0,127.23446,2025-10-06 00:00:00
123.0,130.96156,2025-10-06 00:00:00
82.0,168.6605,2025-10-06 00:00:00
152.0,130.89816,2025-10-06 00:00:00
81.25,152.72458,2025-10-06 01:00:00
123.0,145.85178,2025-10-06 01:00:00
123.0,253.2844,2025-10-06 01:00:00
151.0,147.70781,2025-10-06 01:00:00
119.0,171.23155,2025-10-06 01:00:00
44.0,139.2387,2025-10-06 02:00:00
118.0,254.64348,2025-10-06 02:00:00
50.0,171.65654,2025-10-06 02:00:00
52.25,100.99663,2025-10-06 02:00:00
81.0,119.61903,2025-10-06 02:00:00
64.0,218.43161,2025-10-06 03:00:00
69.0,160.64102,2025-10-06 03:00:00
42.0,122.4636,2025-10-06 03:00:00
51.5,101.01125,2025-10-06 03:00:00
45.0,128.47507,2025-10-06 03:00:00
57.0,169.2474,2025-10-06 04:00:00
48.0,134.21785,2025-10-06 04:00:00
53.5,102.72949,2025-10-06 04:00:00
45.0,122.58252,2025-10-06 04:00:00
52.0,114.81686,2025-10-06 04:00:00
48.25,92.46368,2025-10-06 05:00:00
64.0,208.51698,2025-10-06 05:00:00
72.0,134.83568,2025-10-06 05:00:00
92.0,115.92953,2025-10-06 05:00:00
52.0,155.06784,2025-10-06 05:00:00
81.0,114.47862,2025-10-06 06:00:00
36.0,185.66096,2025-10-06 06:00:00
46.5,92.83278,2025-10-06 06:00:00
62.0,211.35191,2025-10-06 06:00:00
56.0,130.62022,2025-10-06 06:00:00
50.5,94.23465,2025-10-06 07:00:00
67.0,269.18982,2025-10-06 07:00:00
69.0,123.245995,2025-10-06 07:00:00
129.0,148.27753,2025-10-06 07:00:00
55.0,265.5688,2025-10-06 07:00:00
121.0,160.87057,2025-10-06 08:00:00
90.0,320.28683,2025-10-06 08:00:00
54.0,98.31615,2025-10-06 08:00:00
81.0,124.88941,2025-10-06 08:00:00
64.0,379.28494,2025-10-06 08:00:00
64.0,221.51352,2025-10-06 09:00:00
88.0,124.34805,2025-10-06 09:00:00
111.0,159.0782,2025-10-06 09:00:00
72.0,263.84103,2025-10-06 09:00:00
51.75,112.014336,2025-10-06 09:00:00
88.0,333.552,2025-10-06 10:00:00
72.0,146.7903,2025-10-06 10:00:00
150.0,181.61987,2025-10-06 10:00:00
65.75,112.70572,2025-10-06 10:00:00
62.0,334.8339,2025-10-06 10:00:00
56.0,185.94835,2025-10-06 11:00:00
66.0,159.65703,2025-10-06 11:00:00
97.0,310.8559,2025-10-06 11:00:00
72.0,113.23099,2025-10-06 11:00:00
110.0,191.87022,2025-10-06 11:00:00
66.0,159.51027,2025-10-06 12:00:00
65.75,113.81244,2025-10-06 12:00:00
48.0,176.57083,2025-10-06 12:00:00
102.0,123.19478,2025-10-06 12:00:00
95.0,200.87245,2025-10-06 12:00:00
75.0,134.39343,2025-10-06 13:00:00
41.0,134.59471,2025-10-06 13:00:00
58.0,205.80647,2025-10-06 13:00:00
72.25,102.555855,2025-10-06 13:00:00
58.0,140.69044,2025-10-06 13:00:00
38.0,141.35815,2025-10-06 14:00:00
55.25,89.82569,2025-10-06 14:00:00
36.0,117.43502,2025-10-06 14:00:00
48.0,168.40912,2025-10-06 14:00:00
55.0,141.07625,2025-10-06 14:00:00
38.0,135.45055,2025-10-06 15:00:00
78.0,137.13406,2025-10-06 15:00:00
36.0,112.15989,2025-10-06 15:00:00
40.0,92.54293,2025-10-06 15:00:00
41.0,133.95346,2025-10-06 15:00:00
36.0,88.493935,2025-10-06 16:00:00
44.0,101.35743,2025-10-06 16:00:00
46.0,85.88913,2025-10-06 16:00:00
66.0,120.95126,2025-10-06 16:00:00
31.0,105.5423,2025-10-06 16:00:00
27.0,86.076584,2025-10-06 17:00:00
22.0,113.32729,2025-10-06 17:00:00
45.0,124.534775,2025-10-06 17:00:00
44.0,98.94796,2025-10-06 17:00:00
32.5,72.81912,2025-10-06 17:00:00
25.0,98.74589,2025-10-06 18:00:00
7.0,100.82058,2025-10-06 18:00:00
29.0,87.993126,2025-10-06 18:00:00
22.0,97.654274,2025-10-06 18:00:00
23.5,74.01576,2025-10-06 18:00:00
16.0,82.41008,2025-10-06 19:00:00
32.0,73.451935,2025-10-06 19:00:00
24.0,100.323524,2025-10-06 19:00:00
7.0,94.54485,2025-10-06 19:00:00
18.0,114.07948,2025-10-06 19:00:00
16.0,96.92103,2025-10-06 20:00:00
33.0,138.34167,2025-10-06 20:00:00
37.75,85.9091,2025-10-06 20:00:00
22.0,115.80021,2025-10-06 20:00:00
23.0,113.00016,2025-10-06 20:00:00
22.0,104.0935,2025-10-06 21:00:00
42.75,82.77536,2025-10-06 21:00:00
36.0,133.28091,2025-10-06 21:00:00
16.0,96.54053,2025-10-06 21:00:00
23.0,110.26,2025-10-06 21:00:00
14.0,86.4839,2025-10-06 22:00:00
25.0,145.12239,2025-10-06 22:00:00
30.0,98.89969,2025-10-06 22:00:00
35.0,117.91716,2025-10-06 22:00:00
50.75,88.73733,2025-10-06 22:00:00
14.0,92.94927,2025-10-06 23:00:00
47.0,105.24475,2025-10-06 23:00:00
45.0,110.66336,2025-10-06 23:00:00
52.0,148.66254,2025-10-06 23:00:00
51.0,85.87626,2025-10-06 23:00:00
68.0,112.70086,2025-10-07 00:00:00
50.0,158.48804,2025-10-07 00:00:00
48.0,104.65454,2025-10-07 00:00:00
43.0,95.80769,2025-10-07 00:00:00
31.0,112.7288,2025-10-07 00:00:00
106.0,102.91588,2025-10-07 01:00:00
46.0,144.19777,2025-10-07 01:00:00
42.0,100.51196,2025-10-07 01:00:00
51.25,93.917145,2025-10-07 01:00:00
51.0,87.47917,2025-10-07 01:00:00
50.0,79.4096,2025-10-07 02:00:00
123.0,89.46238,2025-10-07 02:00:00
59.75,83.79154,2025-10-07 02:00:00
58.0,108.128746,2025-10-07 02:00:00
48.0,154.12875,2025-10-07 02:00:00
81.0,78.94035,2025-10-07 03:00:00
52.0,104.151115,2025-10-07 03:00:00
155.0,95.01586,2025-10-07 03:00:00
49.25,83.681725,2025-10-07 03:00:00
86.0,134.83748,2025-10-07 03:00:00
90.0,102.37622,2025-10-07 04:00:00
139.0,92.56655,2025-10-07 04:00:00
45.0,95.00491,2025-10-07 04:00:00
40.0,79.819786,2025-10-07 04:00:00
67.0,139.87178,2025-10-07 04:00:00
38.0,94.05776,2025-10-07 05:00:00
35.0,108.27635,2025-10-07 05:00:00
114.0,137.89305,2025-10-07 05:00:00
33.0,107.47119,2025-10-07 05:00:00
22.0,77.481735,2025-10-07 05:00:00
11.25,80.46901,2025-10-07 06:00:00
16.0,89.1637,2025-10-07 06:00:00
19.0,120.8427,2025-10-07 06:00:00
40.0,108.26527,2025-10-07 06:00:00
36.0,128.03308,2025-10-07 06:00:00
31.0,114.90221,2025-10-07 07:00:00
17.0,136.51947,2025-10-07 07:00:00
18.0,105.35491,2025-10-07 07:00:00
48.0,133.59,2025-10-07 07:00:00
16.5,76.58007,2025-10-07 07:00:00
51.0,127.59311,2025-10-07 08:00:00
39.0,139.8288,2025-10-07 08:00:00
27.75,73.70091,2025-10-07 08:00:00
29.0,140.10442,2025-10-07 08:00:00
22.0,110.32759,2025-10-07 08:00:00
29.0,143.94252,2025-10-07 09:00:00
69.0,118.366714,2025-10-07 09:00:00
44.75,74.94321,2025-10-07 09:00:00
22.0,126.46487,2025-10-07 09:00:00
64.0,146.04195,2025-10-07 09:00:00
61.0,132.87735,2025-10-07 10:00:00
40.0,129.97447,2025-10-07 10:00:00
89.0,79.5554,2025-10-07 10:00:00
79.0,149.52666,2025-10-07 10:00:00
52.0,140.3565,2025-10-07 10:00:00
97.66666666666669,80.281044,2025-10-07 11:00:00
66.0,141.10031,2025-10-07 11:00:00
68.0,130.56894,2025-10-07 11:00:00
190.0,191.39606,2025-10-07 11:00:00
73.0,131.74565,2025-10-07 11:00:00
59.25,81.742355,2025-10-07 12:00:00
60.0,100.14204,2025-10-07 12:00:00
68.0,128.9237,2025-10-07 12:00:00
77.0,179.75104,2025-10-07 12:00:00
97.0,107.34772,2025-10-07 12:00:00
46.5,80.05403,2025-10-07 13:00:00
77.0,105.82228,2025-10-07 13:00:00
40.0,127.535446,2025-10-07 13:00:00
53.0,93.40764,2025-10-07 13:00:00
66.0,122.74909,2025-10-07 13:00:00
44.0,103.24257,2025-10-07 14:00:00
62.0,104.01117,2025-10-07 14:00:00
47.0,86.45135,2025-10-07 14:00:00
42.0,111.10918,2025-10-07 14:00:00
39.5,76.1327,2025-10-07 14:00:00
47.0,69.57975,2025-10-07 15:00:00
53.0,92.79667,2025-10-07 15:00:00
47.0,83.67457,2025-10-07 15:00:00
61.0,121.30142,2025-10-07 15:00:00
51.0,85.37791,2025-10-07 15:00:00
48.25,66.370995,2025-10-07 16:00:00
62.0,91.47657,2025-10-07 16:00:00
79.0,122.369576,2025-10-07 16:00:00
60.0,85.452385,2025-10-07 16:00:00
62.0,86.07191,2025-10-07 16:00:00
70.0,73.24001,2025-10-07 17:00:00
100.0,119.723434,2025-10-07 17:00:00
58.0,57.1067,2025-10-07 17:00:00
83.0,84.381516,2025-10-07 17:00:00
66.0,85.176704,2025-10-07 17:00:00
60.75,90.44484,2025-10-07 18:00:00
125.0,123.37493,2025-10-07 18:00:00
76.0,80.87153,2025-10-07 18:00:00
86.0,81.54068,2025-10-07 18:00:00
73.0,71.943535,2025-10-07 18:00:00
61.25,80.09754,2025-10-07 19:00:00
74.0,75.83325,2025-10-07 19:00:00
88.0,79.02593,2025-10-07 19:00:00
83.0,61.116264,2025-10-07 19:00:00
132.0,112.83038,2025-10-07 19:00:00
67.25,82.23883,2025-10-07 20:00:00
87.0,79.89713,2025-10-07 20:00:00
86.0,109.15951,2025-10-07 20:00:00
62.0,93.49234,2025-10-07 20:00:00
174.0,117.07904,2025-10-07 20:00:00
133.0,114.658226,2025-10-07 21:00:00
72.0,104.07967,2025-10-07 21:00:00
66.75,86.062416,2025-10-07 21:00:00
86.0,108.533714,2025-10-07 21:00:00
75.0,86.640594,2025-10-07 21:00:00
75.0,95.5265,2025-10-07 22:00:00
85.0,107.88401,2025-10-07 22:00:00
67.5,104.93927,2025-10-07 22:00:00
72.0,99.18344,2025-10-07 22:00:00
100.0,131.66167,2025-10-07 22:00:00
92.0,108.84814,2025-10-07 23:00:00
92.0,112.37252,2025-10-07 23:00:00
86.0,113.01707,2025-10-07 23:00:00
77.0,101.226944,2025-10-07 23:00:00
112.0,147.49373,2025-10-07 23:00:00
92.0,111.593994,2025-10-08 00:00:00
97.0,118.35425,2025-10-08 00:00:00
102.0,123.992455,2025-10-08 00:00:00
75.5,102.14849,2025-10-08 00:00:00
87.0,88.38237,2025-10-08 00:00:00
101.0,84.606926,2025-10-08 01:00:00
73.25,88.36842,2025-10-08 01:00:00
121.0,133.05273,2025-10-08 01:00:00
90.0,109.223335,2025-10-08 01:00:00
111.0,95.15585,2025-10-08 01:00:00
128.0,108.029495,2025-10-08 02:00:00
94.0,92.11783,2025-10-08 02:00:00
135.0,130.71086,2025-10-08 02:00:00
73.0,105.505615,2025-10-08 02:00:00
70.5,92.53684,2025-10-08 02:00:00
60.25,90.54434,2025-10-08 03:00:00
68.0,90.57705,2025-10-08 03:00:00
147.0,120.629395,2025-10-08 03:00:00
147.0,106.145744,2025-10-08 03:00:00
79.0,101.32576,2025-10-08 03:00:00
202.0,133.15953,2025-10-08 04:00:00
132.0,108.23828,2025-10-08 04:00:00
59.75,87.49161,2025-10-08 04:00:00
58.0,81.66381,2025-10-08 04:00:00
86.0,96.11721,2025-10-08 04:00:00
76.0,147.06694,2025-10-08 05:00:00
144.0,142.50511,2025-10-08 05:00:00
60.75,76.01515,2025-10-08 05:00:00
149.0,173.71574,2025-10-08 05:00:00
107.0,156.06046,2025-10-08 05:00:00
84.0,155.3887,2025-10-08 06:00:00
64.5,77.892204,2025-10-08 06:00:00
184.0,166.25633,2025-10-08 06:00:00
103.0,158.31207,2025-10-08 06:00:00
193.0,116.63747,2025-10-08 06:00:00
125.0,139.065,2025-10-08 07:00:00
117.0,131.36778,2025-10-08 07:00:00
67.5,74.278885,2025-10-08 07:00:00
178.0,152.08357,2025-10-08 07:00:00
101.0,98.96135,2025-10-08 07:00:00
174.0,145.26196,2025-10-08 08:00:00
132.0,109.02848,2025-10-08 08:00:00
190.0,121.78282,2025-10-08 08:00:00
90.25,77.531715,2025-10-08 08:00:00
168.0,130.82597,2025-10-08 08:00:00
215.0,142.3222,2025-10-08 09:00:00
102.25,66.80248,2025-10-08 09:00:00
132.0,102.10146,2025-10-08 09:00:00
174.0,123.45991,2025-10-08 09:00:00
174.0,146.42963,2025-10-08 09:00:00
164.0,147.59598,2025-10-08 10:00:00
111.0,130.82138,2025-10-08 10:00:00
99.0,100.329926,2025-10-08 10:00:00
86.0,73.405495,2025-10-08 10:00:00
108.0,137.97484,2025-10-08 10:00:00
141.0,138.92932,2025-10-08 11:00:00
75.66666666666667,76.87086,2025-10-08 11:00:00
150.0,134.18321,2025-10-08 11:00:00
65.0,78.02528,2025-10-08 11:00:00
89.0,154.4895,2025-10-08 11:00:00
125.0,127.450455,2025-10-08 12:00:00
130.0,145.1949,2025-10-08 12:00:00
70.0,90.29416,2025-10-08 12:00:00
76.0,85.55228,2025-10-08 12:00:00
144.0,133.04185,2025-10-08 12:00:00
132.0,129.58418,2025-10-08 13:00:00
77.0,81.195625,2025-10-08 13:00:00
130.0,147.1813,2025-10-08 13:00:00
114.0,98.43837,2025-10-08 13:00:00
64.25,86.65746,2025-10-08 13:00:00
97.0,78.627495,2025-10-08 14:00:00
54.5,72.90522,2025-10-08 14:00:00
81.0,53.884087,2025-10-08 14:00:00
107.0,90.26681,2025-10-08 14:00:00
77.0,135.03107,2025-10-08 14:00:00
105.0,94.341644,2025-10-08 15:00:00
87.0,69.27648,2025-10-08 15:00:00
84.0,129.00638,2025-10-08 15:00:00
48.5,80.67657,2025-10-08 15:00:00
58.0,93.76013,2025-10-08 15:00:00
103.0,82.880974,2025-10-08 16:00:00
53.5,63.479107,2025-10-08 16:00:00
68.0,68.466965,2025-10-08 16:00:00
101.0,89.24883,2025-10-08 16:00:00
81.0,158.15927,2025-10-08 16:00:00
65.5,87.48539,2025-10-08 17:00:00
103.0,88.07262,2025-10-08 17:00:00
76.0,76.50927,2025-10-08 17:00:00
103.0,73.10684,2025-10-08 17:00:00
152.0,134.52766,2025-10-08 17:00:00
125.0,148.91841,2025-10-08 18:00:00
97.0,107.665726,2025-10-08 18:00:00
116.0,85.8594,2025-10-08 18:00:00
88.0,70.66616,2025-10-08 18:00:00
72.25,86.188835,2025-10-08 18:00:00
87.0,76.93231,2025-10-08 19:00:00
175.0,118.533516,2025-10-08 19:00:00
135.0,144.73181,2025-10-08 19:00:00
217.0,99.16732,2025-10-08 19:00:00
94.5,86.66759,2025-10-08 19:00:00
166.0,116.4538,2025-10-08 20:00:00
123.0,171.10327,2025-10-08 20:00:00
101.0,97.39778,2025-10-08 20:00:00
212.0,158.24663,2025-10-08 20:00:00
107.0,98.8029,2025-10-08 20:00:00
200.0,173.04962,2025-10-08 21:00:00
134.0,172.25543,2025-10-08 21:00:00
100.25,97.16733,2025-10-08 21:00:00
141.0,141.50452,2025-10-08 21:00:00
122.0,110.57241,2025-10-08 21:00:00
85.75,84.528275,2025-10-08 22:00:00
147.0,155.72333,2025-10-08 22:00:00
110.0,103.810326,2025-10-08 22:00:00
149.0,150.98077,2025-10-08 22:00:00
129.0,135.02184,2025-10-08 22:00:00
122.0,140.96419,2025-10-08 23:00:00
101.0,95.97659,2025-10-08 23:00:00
90.5,101.45461,2025-10-08 23:00:00
119.0,127.534065,2025-10-08 23:00:00
156.0,135.45076,2025-10-08 23:00:00
114.0,167.9452,2025-10-09 00:00:00
95.0,134.99675,2025-10-09 00:00:00
111.0,107.50826,2025-10-09 00:00:00
133.0,130.05754,2025-10-09 00:00:00
74.25,111.76424,2025-10-09 00:00:00
105.0,164.74316,2025-10-09 01:00:00
102.0,133.3023,2025-10-09 01:00:00
146.0,141.19524,2025-10-09 01:00:00
68.75,106.9161,2025-10-09 01:00:00
119.0,118.73754,2025-10-09 01:00:00
118.0,128.4186,2025-10-09 02:00:00
74.0,114.92256,2025-10-09 02:00:00
112.0,160.31897,2025-10-09 02:00:00
92.0,119.62877,2025-10-09 02:00:00
72.5,111.09744,2025-10-09 02:00:00
127.0,138.01816,2025-10-09 03:00:00
111.0,152.76942,2025-10-09 03:00:00
67.25,102.83833,2025-10-09 03:00:00
108.0,118.58011,2025-10-09 03:00:00
53.0,107.567566,2025-10-09 03:00:00
72.0,103.1041,2025-10-09 04:00:00
106.0,122.45604,2025-10-09 04:00:00
111.0,147.31294,2025-10-09 04:00:00
164.0,139.06445,2025-10-09 04:00:00
69.75,98.78559,2025-10-09 04:00:00
127.0,155.8584,2025-10-09 05:00:00
112.0,140.51318,2025-10-09 05:00:00
121.0,167.23172,2025-10-09 05:00:00
75.5,103.453445,2025-10-09 05:00:00
84.25,108.44601,2025-10-09 05:00:00
92.25,112.96483,2025-10-09 06:00:00
77.75,96.0281,2025-10-09 06:00:00
113.0,119.82391,2025-10-09 06:00:00
138.0,163.76309,2025-10-09 06:00:00
166.0,132.09546,2025-10-09 06:00:00
127.0,155.9508,2025-10-09 07:00:00
157.0,121.17289,2025-10-09 07:00:00
107.5,107.90165,2025-10-09 07:00:00
95.75,91.75351,2025-10-09 07:00:00
226.0,136.50868,2025-10-09 07:00:00
152.0,158.04381,2025-10-09 08:00:00
139.75,117.82428,2025-10-09 08:00:00
233.0,145.01427,2025-10-09 08:00:00
249.0,187.06308,2025-10-09 08:00:00
141.25,92.997406,2025-10-09 08:00:00
295.0,139.83214,2025-10-09 09:00:00
294.0,187.11343,2025-10-09 09:00:00
187.25,118.655815,2025-10-09 09:00:00
229.0,168.43773,2025-10-09 09:00:00
178.25,93.107864,2025-10-09 09:00:00
170.25,91.3501,2025-10-09 10:00:00
231.5,111.29224,2025-10-09 10:00:00
299.0,190.80872,2025-10-09 10:00:00
295.0,134.67516,2025-10-09 10:00:00
268.0,177.53949,2025-10-09 10:00:00
153.0,94.51949,2025-10-09 11:00:00
266.0,180.09369,2025-10-09 11:00:00
252.0,136.23386,2025-10-09 11:00:00
276.0,163.72903,2025-10-09 11:00:00
247.25,107.86607,2025-10-09 11:00:00
245.0,159.78722,2025-10-09 12:00:00
236.25,118.74921,2025-10-09 12:00:00
249.0,143.56993,2025-10-09 12:00:00
147.5,95.2801,2025-10-09 12:00:00
271.0,188.76758,2025-10-09 12:00:00
237.0,132.88615,2025-10-09 13:00:00
223.0,163.26291,2025-10-09 13:00:00
220.75,124.812355,2025-10-09 13:00:00
305.0,214.42229,2025-10-09 13:00:00
131.25,104.551865,2025-10-09 13:00:00
194.0,179.14815,2025-10-09 14:00:00
111.0,100.00287,2025-10-09 14:00:00
194.0,138.22745,2025-10-09 14:00:00
211.75,124.5829,2025-10-09 14:00:00
222.0,210.02469,2025-10-09 14:00:00
103.25,99.369644,2025-10-09 15:00:00
189.0,203.0107,2025-10-09 15:00:00
158.0,141.00938,2025-10-09 15:00:00
201.0,161.00299,2025-10-09 15:00:00
193.5,114.78585,2025-10-09 15:00:00
230.0,188.12631,2025-10-09 16:00:00
155.75,128.54726,2025-10-09 16:00:00
153.0,154.08795,2025-10-09 16:00:00
185.0,135.9914,2025-10-09 16:00:00
108.0,99.30938,2025-10-09 16:00:00
240.0,195.57175,2025-10-09 17:00:00
205.0,160.23825,2025-10-09 17:00:00
224.0,137.78622,2025-10-09 17:00:00
137.25,91.49614,2025-10-09 17:00:00
133.75,122.32992,2025-10-09 17:00:00
210.0,209.84032,2025-10-09 18:00:00
202.0,169.27559,2025-10-09 18:00:00
246.0,147.11618,2025-10-09 18:00:00
140.5,123.14213,2025-10-09 18:00:00
156.75,93.01932,2025-10-09 18:00:00
169.0,109.69776,2025-10-09 19:00:00
158.25,137.94228,2025-10-09 19:00:00
274.0,204.57002,2025-10-09 19:00:00
235.0,185.15358,2025-10-09 19:00:00
224.0,189.9054,2025-10-09 19:00:00
271.0,216.49976,2025-10-09 20:00:00
300.0,237.94948,2025-10-09 20:00:00
164.75,128.51639,2025-10-09 20:00:00
229.0,191.2272,2025-10-09 20:00:00
182.5,150.58293,2025-10-09 20:00:00
201.0,166.8106,2025-10-09 21:00:00
232.0,193.95981,2025-10-09 21:00:00
149.25,140.00189,2025-10-09 21:00:00
266.0,228.61491,2025-10-09 21:00:00
324.0,220.26347,2025-10-09 21:00:00
204.0,180.36687,2025-10-09 22:00:00
215.0,216.49731,2025-10-09 22:00:00
196.75,175.80305,2025-10-09 22:00:00
207.0,209.58629,2025-10-09 22:00:00
145.0,132.07286,2025-10-09 22:00:00
198.5,164.02847,2025-10-09 23:00:00
206.0,185.32262,2025-10-09 23:00:00
226.0,208.58197,2025-10-09 23:00:00
191.0,191.6548,2025-10-09 23:00:00
173.0,141.62766,2025-10-09 23:00:00
216.0,142.59853,2025-10-10 00:00:00
199.0,136.63504,2025-10-10 00:00:00
173.0,134.302,2025-10-10 00:00:00
229.0,150.30312,2025-10-10 00:00:00
197.0,173.67477,2025-10-10 00:00:00
178.0,121.50905,2025-10-10 01:00:00
226.0,168.18509,2025-10-10 01:00:00
38.0,126.24291,2025-10-10 01:00:00
210.0,135.44388,2025-10-10 01:00:00
204.0,138.89238,2025-10-10 01:00:00
205.0,128.07845,2025-10-10 02:00:00
103.25,113.18306,2025-10-10 02:00:00
189.0,122.21407,2025-10-10 02:00:00
177.0,123.62974,2025-10-10 02:00:00
244.0,164.32404,2025-10-10 02:00:00
186.0,126.25962,2025-10-10 03:00:00
167.0,127.09258,2025-10-10 03:00:00
216.0,141.8545,2025-10-10 03:00:00
103.5,112.469734,2025-10-10 03:00:00
195.0,175.4305,2025-10-10 03:00:00
227.0,190.43225,2025-10-10 04:00:00
177.0,153.88539,2025-10-10 04:00:00
100.33333333333331,120.82045,2025-10-10 04:00:00
171.0,133.62227,2025-10-10 04:00:00
180.0,133.92911,2025-10-10 04:00:00
100.33333333333331,120.54988,2025-10-10 05:00:00
244.0,186.0798,2025-10-10 05:00:00
183.0,137.1425,2025-10-10 05:00:00
171.0,146.48943,2025-10-10 05:00:00
175.0,127.17447,2025-10-10 05:00:00
219.0,179.05746,2025-10-10 06:00:00
164.0,125.31473,2025-10-10 06:00:00
36.333333333333336,127.65585,2025-10-10 06:00:00
184.0,183.57959,2025-10-10 06:00:00
193.0,122.560905,2025-10-10 06:00:00
262.0,216.0428,2025-10-10 07:00:00
196.0,170.64986,2025-10-10 07:00:00
109.5,137.49039,2025-10-10 07:00:00
205.0,252.54709,2025-10-10 07:00:00
180.0,152.26378,2025-10-10 07:00:00
125.0,159.09976,2025-10-10 08:00:00
230.0,180.22977,2025-10-10 08:00:00
240.0,238.23788,2025-10-10 08:00:00
376.0,243.93387,2025-10-10 08:00:00
326.0,278.1781,2025-10-10 08:00:00
388.0,276.9794,2025-10-10 09:00:00
342.0,206.68375,2025-10-10 09:00:00
400.0,332.23828,2025-10-10 09:00:00
139.25,164.60834,2025-10-10 09:00:00
260.0,288.84702,2025-10-10 09:00:00
469.0,357.48685,2025-10-10 10:00:00
149.5,167.14848,2025-10-10 10:00:00
287.0,265.18677,2025-10-10 10:00:00
282.0,234.35658,2025-10-10 10:00:00
305.0,326.5179,2025-10-10 10:00:00
268.0,217.58678,2025-10-10 11:00:00
362.0,295.43353,2025-10-10 11:00:00
317.0,243.53813,2025-10-10 11:00:00
492.0,322.91287,2025-10-10 11:00:00
138.66666666666666,151.6322,2025-10-10 11:00:00
147.25,165.3685,2025-10-10 12:00:00
246.0,207.8355,2025-10-10 12:00:00
517.0,292.69724,2025-10-10 12:00:00
321.0,258.20367,2025-10-10 12:00:00
311.0,244.81714,2025-10-10 12:00:00
285.0,258.5672,2025-10-10 13:00:00
367.0,319.60275,2025-10-10 13:00:00
324.0,229.63872,2025-10-10 13:00:00
297.0,200.64978,2025-10-10 13:00:00
150.25,150.55753,2025-10-10 13:00:00
247.0,203.17639,2025-10-10 14:00:00
272.0,195.9244,2025-10-10 14:00:00
146.0,161.0226,2025-10-10 14:00:00
278.0,217.40834,2025-10-10 14:00:00
313.0,291.40964,2025-10-10 14:00:00
349.0,218.42868,2025-10-10 15:00:00
221.0,191.7267,2025-10-10 15:00:00
345.0,268.27466,2025-10-10 15:00:00
142.75,164.81517,2025-10-10 15:00:00
254.0,188.4304,2025-10-10 15:00:00
252.0,195.10976,2025-10-10 16:00:00
253.0,177.46074,2025-10-10 16:00:00
256.0,210.5408,2025-10-10 16:00:00
321.0,293.4761,2025-10-10 16:00:00
133.0,153.2241,2025-10-10 16:00:00
249.0,217.78877,2025-10-10 17:00:00
321.0,285.97797,2025-10-10 17:00:00
204.0,202.30556,2025-10-10 17:00:00
123.25,156.19092,2025-10-10 17:00:00
272.0,175.93872,2025-10-10 17:00:00
287.0,314.028,2025-10-10 18:00:00
244.0,222.3276,2025-10-10 18:00:00
112.75,155.30632,2025-10-10 18:00:00
226.0,206.3354,2025-10-10 18:00:00
247.0,170.74037,2025-10-10 18:00:00
217.0,226.94716,2025-10-10 19:00:00
112.25,165.02254,2025-10-10 19:00:00
304.0,272.82428,2025-10-10 19:00:00
287.0,332.2829,2025-10-10 19:00:00
217.0,235.91621,2025-10-10 19:00:00
202.0,263.7034,2025-10-10 20:00:00
322.0,370.39108,2025-10-10 20:00:00
221.0,259.066,2025-10-10 20:00:00
122.75,167.45801,2025-10-10 20:00:00
293.0,376.87238,2025-10-10 20:00:00
316.0,362.12186,2025-10-10 21:00:00
220.0,293.7884,2025-10-10 21:00:00
221.0,258.39117,2025-10-10 21:00:00
324.0,343.50262,2025-10-10 21:00:00
137.25,184.29129,2025-10-10 21:00:00
117.5,149.49986,2025-10-10 22:00:00
199.0,232.9217,2025-10-10 22:00:00
263.0,271.26755,2025-10-10 22:00:00
227.0,307.7323,2025-10-10 22:00:00
241.0,216.88763,2025-10-10 22:00:00
202.0,275.26804,2025-10-10 23:00:00
222.0,282.8435,2025-10-10 23:00:00
228.0,245.75691,2025-10-10 23:00:00
76.0,230.63014,2025-10-10 23:00:00
101.0,181.65382,2025-10-10 23:00:00
190.0,206.50479,2025-10-11 00:00:00
128.0,225.82262,2025-10-11 00:00:00
97.5,170.70735,2025-10-11 00:00:00
190.0,232.46008,2025-10-11 00:00:00
227.0,251.42358,2025-10-11 00:00:00
217.0,241.2055,2025-10-11 01:00:00
183.0,177.46187,2025-10-11 01:00:00
103.5,117.632774,2025-10-11 01:00:00
183.0,221.83269,2025-10-11 01:00:00
141.0,197.32599,2025-10-11 01:00:00
219.0,257.18716,2025-10-11 02:00:00
182.0,201.31625,2025-10-11 02:00:00
130.0,182.45819,2025-10-11 02:00:00
157.0,184.5092,2025-10-11 02:00:00
85.75,124.37471,2025-10-11 02:00:00
157.0,221.06657,2025-10-11 03:00:00
122.0,183.40454,2025-10-11 03:00:00
211.0,243.58885,2025-10-11 03:00:00
81.66666666666667,123.552765,2025-10-11 03:00:00
151.0,175.3396,2025-10-11 03:00:00
235.0,265.84747,2025-10-11 04:00:00
83.25,120.66483,2025-10-11 04:00:00
117.0,185.53107,2025-10-11 04:00:00
158.0,165.93361,2025-10-11 04:00:00
178.0,191.84409,2025-10-11 04:00:00
151.0,163.75198,2025-10-11 05:00:00
79.0,117.84294,2025-10-11 05:00:00
302.0,283.2051,2025-10-11 05:00:00
201.0,205.43552,2025-10-11 05:00:00
117.0,193.50293,2025-10-11 05:00:00
299.0,288.85968,2025-10-11 06:00:00
174.0,184.03905,2025-10-11 06:00:00
204.0,242.34122,2025-10-11 06:00:00
122.0,186.34514,2025-10-11 06:00:00
83.0,127.96706,2025-10-11 06:00:00
145.0,230.99704,2025-10-11 07:00:00
256.0,345.06622,2025-10-11 07:00:00
195.0,206.382,2025-10-11 07:00:00
94.5,138.89561,2025-10-11 07:00:00
477.0,370.05573,2025-10-11 07:00:00
193.0,288.7242,2025-10-11 08:00:00
266.0,269.83755,2025-10-11 08:00:00
600.0,430.19894,2025-10-11 08:00:00
318.0,413.42322,2025-10-11 08:00:00
109.5,150.7616,2025-10-11 08:00:00
226.0,326.65732,2025-10-11 09:00:00
679.0,507.0018,2025-10-11 09:00:00
116.0,164.87952,2025-10-11 09:00:00
283.0,479.1235,2025-10-11 09:00:00
320.0,298.30643,2025-10-11 09:00:00
271.0,356.7807,2025-10-11 10:00:00
597.0,470.97153,2025-10-11 10:00:00
295.0,289.35275,2025-10-11 10:00:00
215.0,311.08664,2025-10-11 10:00:00
132.0,168.36404,2025-10-11 10:00:00
198.0,273.04565,2025-10-11 11:00:00
137.0,155.59499,2025-10-11 11:00:00
460.0,470.2697,2025-10-11 11:00:00
245.0,383.279,2025-10-11 11:00:00
257.0,314.87735,2025-10-11 11:00:00
99.75,155.5103,2025-10-11 12:00:00
188.0,294.65634,2025-10-11 12:00:00
199.0,211.76823,2025-10-11 12:00:00
346.0,467.28085,2025-10-11 12:00:00
226.0,329.49966,2025-10-11 12:00:00
94.5,159.4319,2025-10-11 13:00:00
216.0,414.49353,2025-10-11 13:00:00
501.0,304.02396,2025-10-11 13:00:00
184.0,262.97754,2025-10-11 13:00:00
167.0,222.84221,2025-10-11 13:00:00
97.75,152.05492,2025-10-11 14:00:00
200.0,294.96732,2025-10-11 14:00:00
161.0,256.49808,2025-10-11 14:00:00
156.0,205.4238,2025-10-11 14:00:00
233.0,386.80093,2025-10-11 14:00:00
172.0,241.39716,2025-10-11 15:00:00
100.5,148.90471,2025-10-11 15:00:00
147.0,234.55136,2025-10-11 15:00:00
194.0,383.3437,2025-10-11 15:00:00
136.0,174.85063,2025-10-11 15:00:00
142.0,185.72165,2025-10-11 16:00:00
164.0,223.45111,2025-10-11 16:00:00
184.0,227.92696,2025-10-11 16:00:00
201.0,365.7064,2025-10-11 16:00:00
97.25,144.25453,2025-10-11 16:00:00
207.0,408.62146,2025-10-11 17:00:00
149.0,210.6526,2025-10-11 17:00:00
93.75,141.20015,2025-10-11 17:00:00
177.0,223.62218,2025-10-11 17:00:00
167.0,197.27142,2025-10-11 17:00:00
207.0,223.58836,2025-10-11 18:00:00
156.0,166.2138,2025-10-11 18:00:00
206.0,218.30656,2025-10-11 18:00:00
101.25,138.54727,2025-10-11 18:00:00
355.0,402.41116,2025-10-11 18:00:00
158.0,173.13892,2025-10-11 19:00:00
407.0,394.5843,2025-10-11 19:00:00
108.5,137.3539,2025-10-11 19:00:00
182.0,220.57996,2025-10-11 19:00:00
233.0,278.118,2025-10-11 19:00:00
183.0,202.81358,2025-10-11 20:00:00
122.25,136.73418,2025-10-11 20:00:00
201.0,240.65128,2025-10-11 20:00:00
246.0,280.14066,2025-10-11 20:00:00
370.0,387.84695,2025-10-11 20:00:00
123.25,144.25266,2025-10-11 21:00:00
215.0,285.1308,2025-10-11 21:00:00
194.0,229.42616,2025-10-11 21:00:00
219.0,254.92955,2025-10-11 21:00:00
334.0,408.79407,2025-10-11 21:00:00
239.0,245.80249,2025-10-11 22:00:00
220.0,217.47672,2025-10-11 22:00:00
125.75,140.02313,2025-10-11 22:00:00
239.0,257.50644,2025-10-11 22:00:00
321.0,319.20642,2025-10-11 22:00:00
312.0,305.2076,2025-10-11 23:00:00
235.0,167.06287,2025-10-11 23:00:00
252.0,215.7454,2025-10-11 23:00:00
250.0,228.2894,2025-10-11 23:00:00
124.25,112.808754,2025-10-11 23:00:00
197.0,176.70964,2025-10-12 00:00:00
216.0,136.60933,2025-10-12 00:00:00
382.0,222.48222,2025-10-12 00:00:00
97.5,104.85396,2025-10-12 00:00:00
215.0,188.06728,2025-10-12 00:00:00
81.5,102.66158,2025-10-12 01:00:00
191.0,176.22852,2025-10-12 01:00:00
182.0,164.72299,2025-10-12 01:00:00
187.0,141.32814,2025-10-12 01:00:00
306.0,231.1532,2025-10-12 01:00:00
180.0,178.14133,2025-10-12 02:00:00
159.0,142.29607,2025-10-12 02:00:00
156.0,154.00043,2025-10-12 02:00:00
265.0,240.3317,2025-10-12 02:00:00
73.75,101.83708,2025-10-12 02:00:00
143.0,133.93498,2025-10-12 03:00:00
162.0,178.90433,2025-10-12 03:00:00
138.0,130.51773,2025-10-12 03:00:00
64.0,103.18251,2025-10-12 03:00:00
233.0,230.93613,2025-10-12 03:00:00
144.0,155.49217,2025-10-12 04:00:00
232.0,247.30327,2025-10-12 04:00:00
156.0,190.59583,2025-10-12 04:00:00
63.0,112.060036,2025-10-12 04:00:00
125.0,137.1707,2025-10-12 04:00:00
104.0,116.333694,2025-10-12 05:00:00
128.0,137.97151,2025-10-12 05:00:00
167.0,183.08904,2025-10-12 05:00:00
69.25,96.60247,2025-10-12 05:00:00
259.0,272.4243,2025-10-12 05:00:00
480.0,305.04272,2025-10-12 06:00:00
179.0,208.4759,2025-10-12 06:00:00
171.0,154.16788,2025-10-12 06:00:00
138.0,124.12411,2025-10-12 06:00:00
80.5,109.47302,2025-10-12 06:00:00
248.0,300.1737,2025-10-12 07:00:00
204.0,190.95587,2025-10-12 07:00:00
194.0,164.49754,2025-10-12 07:00:00
445.0,477.5167,2025-10-12 07:00:00
90.75,115.00266,2025-10-12 07:00:00
322.0,359.64487,2025-10-12 08:00:00
111.0,147.49522,2025-10-12 08:00:00
237.0,282.51505,2025-10-12 08:00:00
592.0,486.86185,2025-10-12 08:00:00
215.0,220.30408,2025-10-12 08:00:00
798.0,539.1201,2025-10-12 09:00:00
379.0,369.72836,2025-10-12 09:00:00
237.0,237.19177,2025-10-12 09:00:00
130.0,156.54622,2025-10-12 09:00:00
277.0,292.40698,2025-10-12 09:00:00
388.0,332.04907,2025-10-12 10:00:00
151.75,169.92049,2025-10-12 10:00:00
298.0,270.59573,2025-10-12 10:00:00
849.0,483.0813,2025-10-12 10:00:00
217.0,249.78766,2025-10-12 10:00:00
533.0,468.8741,2025-10-12 11:00:00
222.0,243.72382,2025-10-12 11:00:00
251.0,285.91873,2025-10-12 11:00:00
150.66666666666666,161.83035,2025-10-12 11:00:00
317.0,324.2971,2025-10-12 11:00:00
220.0,236.93465,2025-10-12 12:00:00
348.0,310.67105,2025-10-12 12:00:00
423.0,456.66617,2025-10-12 12:00:00
224.0,244.079,2025-10-12 12:00:00
114.25,161.75085,2025-10-12 12:00:00
260.0,379.91992,2025-10-12 13:00:00
115.25,160.44182,2025-10-12 13:00:00
345.0,378.07202,2025-10-12 13:00:00
198.0,222.23941,2025-10-12 13:00:00
211.0,244.23494,2025-10-12 13:00:00
266.0,238.61205,2025-10-12 14:00:00
169.0,212.97722,2025-10-12 14:00:00
114.5,155.5707,2025-10-12 14:00:00
183.0,200.27336,2025-10-12 14:00:00
240.0,364.66412,2025-10-12 14:00:00
190.0,337.47308,2025-10-12 15:00:00
189.0,230.68695,2025-10-12 15:00:00
120.75,147.24422,2025-10-12 15:00:00
158.0,189.78352,2025-10-12 15:00:00
147.0,194.2403,2025-10-12 15:00:00
132.0,186.02328,2025-10-12 16:00:00
147.5,146.69672,2025-10-12 16:00:00
152.0,194.84142,2025-10-12 16:00:00
179.0,224.8873,2025-10-12 16:00:00
309.0,366.7147,2025-10-12 16:00:00
116.0,145.09544,2025-10-12 17:00:00
670.0,373.76898,2025-10-12 17:00:00
200.0,214.252,2025-10-12 17:00:00
165.0,169.38503,2025-10-12 17:00:00
149.0,183.75337,2025-10-12 17:00:00
276.0,209.5633,2025-10-12 18:00:00
221.0,237.13684,2025-10-12 18:00:00
565.0,470.13757,2025-10-12 18:00:00
184.0,186.2956,2025-10-12 18:00:00
113.75,147.6552,2025-10-12 18:00:00
200.0,216.38268,2025-10-12 19:00:00
136.75,151.30559,2025-10-12 19:00:00
241.0,221.40419,2025-10-12 19:00:00
218.0,278.42706,2025-10-12 19:00:00
570.0,464.8104,2025-10-12 19:00:00
272.0,286.7999,2025-10-12 20:00:00
173.75,152.38852,2025-10-12 20:00:00
246.0,227.91081,2025-10-12 20:00:00
269.0,241.22243,2025-10-12 20:00:00
786.0,443.58392,2025-10-12 20:00:00
528.0,415.50928,2025-10-12 21:00:00
238.0,251.60715,2025-10-12 21:00:00
318.0,253.95613,2025-10-12 21:00:00
448.0,304.21567,2025-10-12 21:00:00
183.0,153.34998,2025-10-12 21:00:00
356.0,297.8671,2025-10-12 22:00:00
154.75,156.70761,2025-10-12 22:00:00
246.0,261.93423,2025-10-12 22:00:00
238.0,270.5599,2025-10-12 22:00:00
444.0,417.18442,2025-10-12 22:00:00
128.5,139.75276,2025-10-12 23:00:00
250.0,333.97345,2025-10-12 23:00:00
233.0,276.58014,2025-10-12 23:00:00
226.0,262.14648,2025-10-12 23:00:00
235.0,250.93419,2025-10-12 23:00:00
197.0,180.01497,2025-10-13 00:00:00
298.0,323.72482,2025-10-13 00:00:00
238.0,210.76305,2025-10-13 00:00:00
230.0,171.30876,2025-10-13 00:00:00
102.0,105.57611,2025-10-13 00:00:00
243.0,184.38622,2025-10-13 01:00:00
178.0,159.6221,2025-10-13 01:00:00
371.0,319.47195,2025-10-13 01:00:00
87.75,96.25259,2025-10-13 01:00:00
171.0,163.60858,2025-10-13 01:00:00
182.0,179.59389,2025-10-13 02:00:00
158.0,154.05853,2025-10-13 02:00:00
263.0,311.20862,2025-10-13 02:00:00
156.0,136.97964,2025-10-13 02:00:00
81.5,93.63627,2025-10-13 02:00:00
145.0,132.09904,2025-10-13 03:00:00
218.0,287.9503,2025-10-13 03:00:00
84.75,93.33921,2025-10-13 03:00:00
141.0,136.37636,2025-10-13 03:00:00
189.0,164.24738,2025-10-13 03:00:00
179.0,188.63081,2025-10-13 04:00:00
154.0,122.4855,2025-10-13 04:00:00
90.5,101.5413,2025-10-13 04:00:00
136.0,137.36713,2025-10-13 04:00:00
182.0,299.2854,2025-10-13 04:00:00
157.0,134.01865,2025-10-13 05:00:00
139.0,138.97772,2025-10-13 05:00:00
182.0,372.9365,2025-10-13 05:00:00
89.0,91.087776,2025-10-13 05:00:00
184.0,187.7151,2025-10-13 05:00:00
111.25,95.15384,2025-10-13 06:00:00
190.0,150.71788,2025-10-13 06:00:00
224.0,482.97232,2025-10-13 06:00:00
222.0,219.64252,2025-10-13 06:00:00
170.0,161.26035,2025-10-13 06:00:00
221.0,197.88919,2025-10-13 07:00:00
211.0,224.8421,2025-10-13 07:00:00
289.0,333.1834,2025-10-13 07:00:00
489.0,521.1295,2025-10-13 07:00:00
133.75,112.31892,2025-10-13 07:00:00
610.0,599.32794,2025-10-13 08:00:00
627.0,373.85956,2025-10-13 08:00:00
219.0,290.9006,2025-10-13 08:00:00
277.0,242.57343,2025-10-13 08:00:00
153.75,144.3898,2025-10-13 08:00:00
306.0,284.1703,2025-10-13 09:00:00
669.0,597.73236,2025-10-13 09:00:00
731.0,413.95987,2025-10-13 09:00:00
166.5,144.86848,2025-10-13 09:00:00
242.0,269.1913,2025-10-13 09:00:00
539.0,388.9729,2025-10-13 10:00:00
238.0,254.54787,2025-10-13 10:00:00
298.0,277.40915,2025-10-13 10:00:00
172.25,149.12097,2025-10-13 10:00:00
676.0,662.3378,2025-10-13 10:00:00
226.0,251.30481,2025-10-13 11:00:00
183.66666666666663,152.21336,2025-10-13 11:00:00
677.0,657.5463,2025-10-13 11:00:00
355.0,339.45038,2025-10-13 11:00:00
416.0,256.945,2025-10-13 11:00:00
188.75,163.37622,2025-10-13 12:00:00
378.0,250.53276,2025-10-13 12:00:00
346.0,342.49167,2025-10-13 12:00:00
718.0,590.9302,2025-10-13 12:00:00
203.0,233.97813,2025-10-13 12:00:00
178.75,166.9982,2025-10-13 13:00:00
181.0,228.37434,2025-10-13 13:00:00
405.0,268.1752,2025-10-13 13:00:00
326.0,338.92966,2025-10-13 13:00:00
657.0,475.02045,2025-10-13 13:00:00
171.0,220.39409,2025-10-13 14:00:00
542.0,471.83527,2025-10-13 14:00:00
254.0,325.9376,2025-10-13 14:00:00
169.25,184.1003,2025-10-13 14:00:00
266.0,223.412,2025-10-13 14:00:00
532.0,369.23355,2025-10-13 15:00:00
233.0,256.7176,2025-10-13 15:00:00
188.0,198.26219,2025-10-13 15:00:00
193.0,223.01627,2025-10-13 15:00:00
151.75,184.96463,2025-10-13 15:00:00
180.0,203.86884,2025-10-13 16:00:00
180.0,195.3306,2025-10-13 16:00:00
230.0,228.66725,2025-10-13 16:00:00
440.0,405.78622,2025-10-13 16:00:00
122.25,183.11436,2025-10-13 16:00:00
155.0,200.24542,2025-10-13 17:00:00
235.0,227.32954,2025-10-13 17:00:00
437.0,504.80304,2025-10-13 17:00:00
113.75,172.2268,2025-10-13 17:00:00
172.0,195.5124,2025-10-13 17:00:00
246.0,264.00684,2025-10-13 18:00:00
186.0,272.39096,2025-10-13 18:00:00
146.5,178.28802,2025-10-13 18:00:00
389.0,561.55963,2025-10-13 18:00:00
138.0,221.34927,2025-10-13 18:00:00
161.5,172.19101,2025-10-13 19:00:00
190.0,259.16312,2025-10-13 19:00:00
181.0,241.38036,2025-10-13 19:00:00
416.0,612.21716,2025-10-13 19:00:00
355.0,275.98157,2025-10-13 19:00:00
998.0,577.75024,2025-10-13 20:00:00
268.0,276.63885,2025-10-13 20:00:00
237.0,322.859,2025-10-13 20:00:00
154.0,176.15375,2025-10-13 20:00:00
260.0,330.8055,2025-10-13 20:00:00
523.0,398.02682,2025-10-13 21:00:00
593.0,510.1284,2025-10-13 21:00:00
171.0,175.23799,2025-10-13 21:00:00
311.0,283.24884,2025-10-13 21:00:00
287.0,305.46246,2025-10-13 21:00:00
244.0,316.88504,2025-10-13 22:00:00
150.25,168.08443,2025-10-13 22:00:00
260.0,261.61862,2025-10-13 22:00:00
372.0,265.46075,2025-10-13 22:00:00
316.0,444.73962,2025-10-13 22:00:00
269.0,247.55219,2025-10-13 23:00:00
266.0,247.42297,2025-10-13 23:00:00
208.0,225.74031,2025-10-13 23:00:00
98.25,149.02908,2025-10-13 23:00:00
305.0,370.2902,2025-10-13 23:00:00
84.5,136.12363,2025-10-14 00:00:00
194.0,180.4223,2025-10-14 00:00:00
167.0,215.72124,2025-10-14 00:00:00
156.0,323.88882,2025-10-14 00:00:00
156.0,221.74033,2025-10-14 00:00:00
162.0,206.98323,2025-10-14 01:00:00
193.0,168.46404,2025-10-14 01:00:00
156.0,198.63525,2025-10-14 01:00:00
86.0,120.31005,2025-10-14 01:00:00
179.0,350.7625,2025-10-14 01:00:00
64.0,342.39102,2025-10-14 02:00:00
93.0,112.179756,2025-10-14 02:00:00
162.0,179.63007,2025-10-14 02:00:00
143.0,156.44688,2025-10-14 02:00:00
156.0,176.7156,2025-10-14 02:00:00
182.0,193.82018,2025-10-14 03:00:00
142.0,147.19221,2025-10-14 03:00:00
156.0,300.82788,2025-10-14 03:00:00
87.75,114.889114,2025-10-14 03:00:00
156.0,168.24884,2025-10-14 03:00:00
88.5,109.05993,2025-10-14 04:00:00
179.0,271.96832,2025-10-14 04:00:00
153.0,150.9923,2025-10-14 04:00:00
191.0,172.68622,2025-10-14 04:00:00
179.0,270.42648,2025-10-14 05:00:00
91.0,102.48737,2025-10-14 05:00:00
210.0,180.9296,2025-10-14 05:00:00
150.0,150.16655,2025-10-14 05:00:00
204.0,187.85037,2025-10-14 06:00:00
109.75,110.7707,2025-10-14 06:00:00
277.0,258.56903,2025-10-14 06:00:00
289.0,341.64557,2025-10-14 06:00:00
527.0,399.06006,2025-10-14 07:00:00
555.0,530.0778,2025-10-14 07:00:00
231.0,254.00813,2025-10-14 07:00:00
128.5,132.8422,2025-10-14 07:00:00
133.75,171.41562,2025-10-14 08:00:00
320.0,310.20804,2025-10-14 08:00:00
616.0,629.529,2025-10-14 08:00:00
527.0,565.47253,2025-10-14 08:00:00
527.0,622.85315,2025-10-14 09:00:00
319.0,296.0193,2025-10-14 09:00:00
177.25,182.83336,2025-10-14 09:00:00
603.0,597.292,2025-10-14 09:00:00
751.0,527.9691,2025-10-14 10:00:00
279.0,284.0531,2025-10-14 10:00:00
204.0,183.57118,2025-10-14 10:00:00
534.0,581.17346,2025-10-14 10:00:00
248.0,282.05515,2025-10-14 11:00:00
871.0,599.927,2025-10-14 11:00:00
738.0,380.94733,2025-10-14 11:00:00
194.3333333333333,173.92719,2025-10-14 11:00:00
215.0,269.24786,2025-10-14 12:00:00
176.75,185.88274,2025-10-14 12:00:00
482.0,331.14127,2025-10-14 12:00:00
991.0,672.2761,2025-10-14 12:00:00
315.0,297.95428,2025-10-14 13:00:00
177.75,204.25435,2025-10-14 13:00:00
991.0,630.88,2025-10-14 13:00:00
189.0,264.8999,2025-10-14 13:00:00
161.0,239.84714,2025-10-14 14:00:00
195.75,199.51526,2025-10-14 14:00:00
542.0,545.54486,2025-10-14 14:00:00
333.0,276.57977,2025-10-14 14:00:00
181.25,203.72337,2025-10-14 15:00:00
443.0,527.529,2025-10-14 15:00:00
142.0,246.95712,2025-10-14 15:00:00
301.0,271.49054,2025-10-14 15:00:00
137.0,238.50983,2025-10-14 16:00:00
169.25,193.81416,2025-10-14 16:00:00
765.0,498.36035,2025-10-14 16:00:00
296.0,283.11075,2025-10-14 16:00:00
331.0,266.8054,2025-10-14 17:00:00
137.0,246.82771,2025-10-14 17:00:00
669.0,479.8467,2025-10-14 17:00:00
152.0,202.73796,2025-10-14 17:00:00
597.0,468.4741,2025-10-14 18:00:00
139.5,197.2687,2025-10-14 18:00:00
384.0,289.15527,2025-10-14 18:00:00
137.0,235.15083,2025-10-14 18:00:00
172.75,182.7247,2025-10-14 19:00:00
572.0,359.65533,2025-10-14 19:00:00
610.0,486.0624,2025-10-14 19:00:00
137.0,256.0136,2025-10-14 19:00:00
611.0,365.64673,2025-10-14 20:00:00
231.5,177.1668,2025-10-14 20:00:00
137.0,322.50867,2025-10-14 20:00:00
284.0,589.28,2025-10-14 20:00:00
277.5,209.58493,2025-10-14 21:00:00
230.0,519.4018,2025-10-14 21:00:00
682.0,439.3804,2025-10-14 21:00:00
583.0,424.08957,2025-10-14 22:00:00
339.0,343.54617,2025-10-14 22:00:00
279.0,189.86292,2025-10-14 22:00:00
129.0,255.4267,2025-10-14 23:00:00
148.25,150.94281,2025-10-14 23:00:00
370.0,336.72318,2025-10-14 23:00:00
298.0,424.1006,2025-10-14 23:00:00
75.25,130.19849,2025-10-15 00:00:00
90.0,206.62563,2025-10-15 00:00:00
201.0,380.13776,2025-10-15 00:00:00
254.0,244.49246,2025-10-15 00:00:00
98.5,122.23598,2025-10-15 01:00:00
72.0,204.60207,2025-10-15 01:00:00
155.0,183.46213,2025-10-15 01:00:00
295.0,344.90494,2025-10-15 01:00:00
172.0,186.3131,2025-10-15 02:00:00
300.0,334.24118,2025-10-15 02:00:00
77.0,165.52843,2025-10-15 02:00:00
95.5,117.77211,2025-10-15 02:00:00
265.0,310.14322,2025-10-15 03:00:00
93.25,127.12674,2025-10-15 03:00:00
169.0,176.34785,2025-10-15 03:00:00
80.0,174.78821,2025-10-15 03:00:00
167.0,168.81967,2025-10-15 04:00:00
199.0,333.72528,2025-10-15 04:00:00
87.0,158.1242,2025-10-15 04:00:00
85.25,117.362976,2025-10-15 04:00:00
310.0,346.02155,2025-10-15 05:00:00
75.0,114.94219,2025-10-15 05:00:00
167.0,241.57504,2025-10-15 05:00:00
88.5,156.73233,2025-10-15 05:00:00
315.0,422.68863,2025-10-15 06:00:00
102.25,121.698265,2025-10-15 06:00:00
517.0,342.35886,2025-10-15 06:00:00
93.0,222.41109,2025-10-15 06:00:00
131.0,154.08585,2025-10-15 07:00:00
127.0,250.35739,2025-10-15 07:00:00
421.0,547.3906,2025-10-15 07:00:00
517.0,635.5322,2025-10-15 07:00:00
913.0,628.14233,2025-10-15 08:00:00
204.0,317.52277,2025-10-15 08:00:00
348.0,535.2648,2025-10-15 08:00:00
170.25,175.21729,2025-10-15 08:00:00
886.0,625.3,2025-10-15 09:00:00
225.25,193.44327,2025-10-15 09:00:00
543.0,580.9213,2025-10-15 09:00:00
746.0,583.0802,2025-10-15 10:00:00
749.0,619.31415,2025-10-15 10:00:00
230.5,213.13638,2025-10-15 10:00:00
571.0,541.51025,2025-10-15 11:00:00
207.0,204.67728,2025-10-15 11:00:00
881.0,623.1321,2025-10-15 11:00:00
242.0,249.37227,2025-10-15 11:00:00
208.25,259.93668,2025-10-15 12:00:00
881.0,647.44995,2025-10-15 12:00:00
797.0,483.08762,2025-10-15 12:00:00
180.5,189.59778,2025-10-15 12:00:00
511.0,434.7494,2025-10-15 13:00:00
185.75,237.02509,2025-10-15 13:00:00
174.25,177.97633,2025-10-15 13:00:00
881.0,607.6956,2025-10-15 13:00:00
164.0,247.84969,2025-10-15 14:00:00
648.0,519.4677,2025-10-15 14:00:00
182.25,200.51067,2025-10-15 14:00:00
322.0,379.6037,2025-10-15 14:00:00
542.0,515.12164,2025-10-15 15:00:00
477.0,337.59378,2025-10-15 15:00:00
161.0,239.52635,2025-10-15 15:00:00
188.5,218.31534,2025-10-15 15:00:00
260.0,338.52744,2025-10-15 16:00:00
172.5,216.55676,2025-10-15 16:00:00
411.0,541.9827,2025-10-15 16:00:00
182.0,209.6883,2025-10-15 16:00:00
182.0,189.46568,2025-10-15 17:00:00
259.0,337.8423,2025-10-15 17:00:00
522.0,522.358,2025-10-15 17:00:00
166.75,214.59288,2025-10-15 17:00:00
159.5,218.3174,2025-10-15 18:00:00
532.0,534.03723,2025-10-15 18:00:00
342.0,380.40234,2025-10-15 18:00:00
202.0,197.53235,2025-10-15 18:00:00
737.0,504.2799,2025-10-15 19:00:00
223.75,203.36371,2025-10-15 19:00:00
586.0,654.4956,2025-10-15 19:00:00
162.5,240.1505,2025-10-15 19:00:00
181.75,268.93927,2025-10-15 20:00:00
265.75,211.28638,2025-10-15 20:00:00
691.0,454.4028,2025-10-15 20:00:00
519.0,571.7325,2025-10-15 20:00:00
239.75,272.5691,2025-10-15 21:00:00
213.75,297.88852,2025-10-15 21:00:00
939.0,466.8694,2025-10-15 21:00:00
393.0,563.0434,2025-10-15 21:00:00
560.0,607.3165,2025-10-15 22:00:00
211.25,274.88675,2025-10-15 22:00:00
320.0,416.7781,2025-10-15 22:00:00
200.75,252.5698,2025-10-15 22:00:00
158.5,181.4324,2025-10-15 23:00:00
178.5,192.93668,2025-10-15 23:00:00
326.0,359.52927,2025-10-15 23:00:00
621.0,393.29755,2025-10-15 23:00:00
262.0,289.78076,2025-10-16 00:00:00
110.75,147.35219,2025-10-16 00:00:00
250.0,345.56146,2025-10-16 00:00:00
144.0,145.3682,2025-10-16 00:00:00
251.0,351.62802,2025-10-16 01:00:00
100.75,138.42073,2025-10-16 01:00:00
211.0,203.8701,2025-10-16 01:00:00
116.0,134.6295,2025-10-16 01:00:00
175.0,196.9918,2025-10-16 02:00:00
153.0,356.45047,2025-10-16 02:00:00
113.0,125.60857,2025-10-16 02:00:00
109.0,110.7816,2025-10-16 02:00:00
116.0,335.7074,2025-10-16 03:00:00
104.5,113.66814,2025-10-16 03:00:00
104.25,124.79419,2025-10-16 03:00:00
241.0,197.1854,2025-10-16 03:00:00
97.25,122.69751,2025-10-16 04:00:00
218.0,182.19157,2025-10-16 04:00:00
213.0,301.22348,2025-10-16 04:00:00
107.0,112.19086,2025-10-16 04:00:00
241.0,352.6135,2025-10-16 05:00:00
100.5,122.98722,2025-10-16 05:00:00
185.0,237.70801,2025-10-16 05:00:00
105.0,111.39022,2025-10-16 05:00:00
123.75,154.98737,2025-10-16 06:00:00
267.0,448.18347,2025-10-16 06:00:00
342.0,358.7168,2025-10-16 06:00:00
125.25,123.83293,2025-10-16 06:00:00
652.0,641.68494,2025-10-16 07:00:00
153.5,166.03929,2025-10-16 07:00:00
404.0,491.94504,2025-10-16 07:00:00
148.25,180.43225,2025-10-16 07:00:00
167.0,176.43237,2025-10-16 08:00:00
493.0,502.19888,2025-10-16 08:00:00
815.0,695.5197,2025-10-16 08:00:00
282.25,268.66934,2025-10-16 08:00:00
331.75,275.8277,2025-10-16 09:00:00
583.0,596.3733,2025-10-16 09:00:00
190.75,211.47208,2025-10-16 09:00:00
902.0,666.61725,2025-10-16 09:00:00
582.0,630.8462,2025-10-16 10:00:00
208.75,212.2343,2025-10-16 10:00:00
615.0,610.1686,2025-10-16 10:00:00
337.0,267.9676,2025-10-16 10:00:00
641.0,631.8714,2025-10-16 11:00:00
286.25,252.93137,2025-10-16 11:00:00
545.0,566.564,2025-10-16 11:00:00
199.66666666666663,204.64508,2025-10-16 11:00:00
245.0,230.66298,2025-10-16 12:00:00
560.0,537.45264,2025-10-16 12:00:00
567.0,635.0352,2025-10-16 12:00:00
196.25,198.00185,2025-10-16 12:00:00
191.75,187.75958,2025-10-16 13:00:00
372.0,477.12988,2025-10-16 13:00:00
530.0,636.96674,2025-10-16 13:00:00
241.5,208.73251,2025-10-16 13:00:00
190.5,192.06506,2025-10-16 14:00:00
324.0,371.93314,2025-10-16 14:00:00
531.0,625.0354,2025-10-16 14:00:00
219.0,217.0182,2025-10-16 14:00:00
362.0,462.7221,2025-10-16 15:00:00
206.5,210.00911,2025-10-16 15:00:00
193.0,192.4066,2025-10-16 15:00:00
492.0,562.2254,2025-10-16 15:00:00
195.5,192.3044,2025-10-16 16:00:00
522.0,507.53885,2025-10-16 16:00:00
213.25,189.98763,2025-10-16 16:00:00
339.0,356.81873,2025-10-16 16:00:00
198.5,195.19827,2025-10-16 17:00:00
443.0,527.7303,2025-10-16 17:00:00
282.0,374.53677,2025-10-16 17:00:00
265.5,199.64288,2025-10-16 17:00:00
504.0,565.63794,2025-10-16 18:00:00
193.5,191.7843,2025-10-16 18:00:00
268.5,208.68881,2025-10-16 18:00:00
276.0,387.70166,2025-10-16 18:00:00
274.0,541.10986,2025-10-16 19:00:00
459.0,628.16595,2025-10-16 19:00:00
179.5,199.35092,2025-10-16 19:00:00
262.5,226.39594,2025-10-16 19:00:00
174.25,212.24435,2025-10-16 20:00:00
245.5,298.1852,2025-10-16 20:00:00
282.0,503.10144,2025-10-16 20:00:00
588.0,653.6166,2025-10-16 20:00:00
214.5,305.2409,2025-10-16 21:00:00
212.75,239.88611,2025-10-16 21:00:00
983.0,612.1769,2025-10-16 21:00:00
392.0,491.81232,2025-10-16 21:00:00
277.0,549.331,2025-10-16 22:00:00
267.0,403.73306,2025-10-16 22:00:00
224.75,224.72304,2025-10-16 22:00:00
175.25,292.3195,2025-10-16 22:00:00
208.5,182.92381,2025-10-16 23:00:00
177.0,246.93707,2025-10-16 23:00:00
274.0,382.88873,2025-10-16 23:00:00
361.0,477.32602,2025-10-16 23:00:00
181.0,181.20787,2025-10-17 00:00:00
335.0,314.27292,2025-10-17 00:00:00
172.25,158.17622,2025-10-17 00:00:00
279.0,343.637,2025-10-17 00:00:00
155.0,150.45287,2025-10-17 01:00:00
127.25,131.9508,2025-10-17 01:00:00
339.0,290.1012,2025-10-17 01:00:00
246.0,231.39886,2025-10-17 01:00:00
232.0,212.90904,2025-10-17 02:00:00
266.0,243.87605,2025-10-17 02:00:00
146.0,137.69446,2025-10-17 02:00:00
137.75,133.49815,2025-10-17 02:00:00
223.0,223.75542,2025-10-17 03:00:00
144.0,135.4512,2025-10-17 03:00:00
357.0,230.37788,2025-10-17 03:00:00
137.5,133.42818,2025-10-17 03:00:00
194.0,233.97955,2025-10-17 04:00:00
460.0,255.1094,2025-10-17 04:00:00
146.75,119.963715,2025-10-17 04:00:00
148.0,141.57568,2025-10-17 04:00:00
188.0,233.03015,2025-10-17 05:00:00
263.0,294.7972,2025-10-17 05:00:00
153.0,147.7646,2025-10-17 05:00:00
150.5,115.75896,2025-10-17 05:00:00
166.0,184.0736,2025-10-17 06:00:00
404.0,362.65182,2025-10-17 06:00:00
160.0,115.13804,2025-10-17 06:00:00
196.0,406.3787,2025-10-17 06:00:00
299.0,608.0306,2025-10-17 07:00:00
207.0,221.1458,2025-10-17 07:00:00
514.0,437.15326,2025-10-17 07:00:00
199.5,140.4361,2025-10-17 07:00:00
440.0,602.0481,2025-10-17 08:00:00
541.0,558.0706,2025-10-17 08:00:00
227.0,185.26811,2025-10-17 08:00:00
175.0,333.23334,2025-10-17 08:00:00
183.0,309.95538,2025-10-17 09:00:00
483.0,659.4019,2025-10-17 09:00:00
451.0,631.18414,2025-10-17 09:00:00
246.75,195.06526,2025-10-17 09:00:00
510.0,623.19025,2025-10-17 10:00:00
207.0,287.97638,2025-10-17 10:00:00
252.0,208.0617,2025-10-17 10:00:00
622.0,550.1824,2025-10-17 10:00:00
735.0,526.81464,2025-10-17 11:00:00
245.66666666666663,210.02016,2025-10-17 11:00:00
565.0,595.32416,2025-10-17 11:00:00
215.0,279.0938,2025-10-17 11:00:00
642.0,605.89056,2025-10-17 12:00:00
220.0,245.1835,2025-10-17 12:00:00
490.0,468.0257,2025-10-17 12:00:00
252.0,218.1953,2025-10-17 12:00:00
208.0,250.45413,2025-10-17 13:00:00
359.0,363.78482,2025-10-17 13:00:00
233.5,226.07721,2025-10-17 13:00:00
690.0,609.4164,2025-10-17 13:00:00
362.0,375.87366,2025-10-17 14:00:00
197.0,235.76076,2025-10-17 14:00:00
826.0,512.07104,2025-10-17 14:00:00
227.25,226.11151,2025-10-17 14:00:00
348.0,381.40228,2025-10-17 15:00:00
239.75,229.89304,2025-10-17 15:00:00
617.0,510.40482,2025-10-17 15:00:00
192.0,223.9977,2025-10-17 15:00:00
552.0,547.2359,2025-10-17 16:00:00
204.5,232.39168,2025-10-17 16:00:00
218.0,250.6949,2025-10-17 16:00:00
328.0,363.17453,2025-10-17 16:00:00
346.0,302.798,2025-10-17 17:00:00
174.25,219.24623,2025-10-17 17:00:00
225.0,245.67416,2025-10-17 17:00:00
477.0,504.90005,2025-10-17 17:00:00
411.0,346.37277,2025-10-17 18:00:00
208.0,280.15695,2025-10-17 18:00:00
178.0,239.46184,2025-10-17 18:00:00
328.0,558.7791,2025-10-17 18:00:00
273.0,338.48718,2025-10-17 19:00:00
222.0,300.22086,2025-10-17 19:00:00
182.25,227.32047,2025-10-17 19:00:00
393.0,578.6346,2025-10-17 19:00:00
437.0,588.6311,2025-10-17 20:00:00
270.0,279.05078,2025-10-17 20:00:00
356.0,366.41138,2025-10-17 20:00:00
199.25,226.53738,2025-10-17 20:00:00
249.0,279.42966,2025-10-17 21:00:00
702.0,399.32944,2025-10-17 21:00:00
843.0,553.8605,2025-10-17 21:00:00
244.25,261.25632,2025-10-17 21:00:00
252.5,250.9558,2025-10-17 22:00:00
488.0,405.64764,2025-10-17 22:00:00
360.0,333.4517,2025-10-17 22:00:00
270.0,228.44868,2025-10-17 22:00:00
367.0,319.3421,2025-10-17 23:00:00
486.0,433.79434,2025-10-17 23:00:00
221.0,227.52708,2025-10-17 23:00:00
276.0,231.20012,2025-10-17 23:00:00
394.0,395.06897,2025-10-18 00:00:00
299.0,285.8521,2025-10-18 00:00:00
245.0,212.70355,2025-10-18 00:00:00
178.25,203.49751,2025-10-18 00:00:00
269.0,236.72453,2025-10-18 01:00:00
203.0,187.5032,2025-10-18 01:00:00
312.0,334.73425,2025-10-18 01:00:00
132.25,172.1357,2025-10-18 01:00:00
313.0,240.62321,2025-10-18 02:00:00
144.25,157.88058,2025-10-18 02:00:00
107.5,160.81493,2025-10-18 02:00:00
334.0,342.78732,2025-10-18 02:00:00
204.25,157.6621,2025-10-18 03:00:00
273.0,225.2293,2025-10-18 03:00:00
353.0,350.77557,2025-10-18 03:00:00
121.5,155.33768,2025-10-18 03:00:00
206.5,162.82866,2025-10-18 04:00:00
284.0,352.0819,2025-10-18 04:00:00
130.25,153.88316,2025-10-18 04:00:00
289.0,204.77293,2025-10-18 04:00:00
567.0,334.7066,2025-10-18 05:00:00
128.75,161.98907,2025-10-18 05:00:00
213.0,221.87459,2025-10-18 05:00:00
229.5,168.5931,2025-10-18 05:00:00
791.0,405.05295,2025-10-18 06:00:00
286.0,200.45778,2025-10-18 06:00:00
168.25,188.25757,2025-10-18 06:00:00
470.0,293.38373,2025-10-18 06:00:00
226.25,213.93503,2025-10-18 07:00:00
737.0,477.793,2025-10-18 07:00:00
576.0,439.9758,2025-10-18 07:00:00
340.25,254.65263,2025-10-18 07:00:00
343.25,284.55984,2025-10-18 08:00:00
766.0,610.68567,2025-10-18 08:00:00
782.0,509.0603,2025-10-18 08:00:00
208.75,256.54974,2025-10-18 08:00:00
216.5,298.43704,2025-10-18 09:00:00
766.0,644.1513,2025-10-18 09:00:00
840.0,604.54956,2025-10-18 09:00:00
340.0,293.44626,2025-10-18 09:00:00
240.75,311.84247,2025-10-18 10:00:00
754.0,577.621,2025-10-18 10:00:00
898.0,635.2575,2025-10-18 10:00:00
340.0,299.27167,2025-10-18 10:00:00
237.66666666666663,291.02673,2025-10-18 11:00:00
481.0,637.78265,2025-10-18 11:00:00
563.0,573.9065,2025-10-18 11:00:00
340.0,316.8039,2025-10-18 11:00:00
311.0,331.10983,2025-10-18 12:00:00
600.0,542.4522,2025-10-18 12:00:00
500.0,583.65314,2025-10-18 12:00:00
226.25,298.924,2025-10-18 12:00:00
757.0,575.98676,2025-10-18 13:00:00
432.0,438.9884,2025-10-18 13:00:00
222.75,266.27875,2025-10-18 13:00:00
311.0,271.8366,2025-10-18 13:00:00
742.0,574.41565,2025-10-18 14:00:00
207.5,254.1537,2025-10-18 14:00:00
343.0,377.32693,2025-10-18 14:00:00
242.0,256.10263,2025-10-18 14:00:00
298.0,377.81403,2025-10-18 15:00:00
200.5,245.47667,2025-10-18 15:00:00
227.0,238.76234,2025-10-18 15:00:00
812.0,576.61237,2025-10-18 15:00:00
812.0,530.0786,2025-10-18 16:00:00
201.0,245.42575,2025-10-18 16:00:00
364.0,311.11,2025-10-18 16:00:00
272.0,339.56693,2025-10-18 16:00:00
209.0,267.66583,2025-10-18 16:00:00
887.0,533.8283,2025-10-18 17:00:00
365.0,283.40744,2025-10-18 17:00:00
204.25,223.8016,2025-10-18 17:00:00
197.0,271.96484,2025-10-18 17:00:00
316.0,358.37393,2025-10-18 17:00:00
637.0,464.13312,2025-10-18 18:00:00
206.5,241.9461,2025-10-18 18:00:00
217.0,274.4553,2025-10-18 18:00:00
343.0,393.58234,2025-10-18 18:00:00
331.0,258.85095,2025-10-18 18:00:00
244.0,330.9339,2025-10-18 19:00:00
594.0,533.34436,2025-10-18 19:00:00
200.75,248.62834,2025-10-18 19:00:00
309.0,288.10605,2025-10-18 19:00:00
464.0,362.83304,2025-10-18 19:00:00
253.0,363.7556,2025-10-18 20:00:00
519.0,424.9347,2025-10-18 20:00:00
225.25,247.28734,2025-10-18 20:00:00
257.0,328.81656,2025-10-18 20:00:00
972.0,590.98285,2025-10-18 20:00:00
417.0,585.3267,2025-10-18 21:00:00
577.0,616.0677,2025-10-18 21:00:00
277.0,328.68777,2025-10-18 21:00:00
302.0,348.01758,2025-10-18 21:00:00
287.25,269.87674,2025-10-18 21:00:00
366.0,277.05453,2025-10-18 22:00:00
870.0,552.4591,2025-10-18 22:00:00
273.0,415.50336,2025-10-18 22:00:00
265.0,355.60623,2025-10-18 22:00:00
295.0,349.25168,2025-10-18 22:00:00
271.0,347.25848,2025-10-18 23:00:00
313.0,386.15173,2025-10-18 23:00:00
387.5,238.30894,2025-10-18 23:00:00
333.0,542.83563,2025-10-18 23:00:00
285.0,311.7907,2025-10-18 23:00:00
265.0,435.93936,2025-10-19 00:00:00
234.0,287.93878,2025-10-19 00:00:00
319.75,170.99016,2025-10-19 00:00:00
269.0,300.85684,2025-10-19 00:00:00
227.0,281.87878,2025-10-19 00:00:00
178.0,222.4116,2025-10-19 01:00:00
361.0,331.9466,2025-10-19 01:00:00
227.0,245.6591,2025-10-19 01:00:00
235.0,277.38852,2025-10-19 01:00:00
182.25,155.1483,2025-10-19 01:00:00
183.5,137.56642,2025-10-19 02:00:00
349.0,308.41708,2025-10-19 02:00:00
259.0,242.87297,2025-10-19 02:00:00
246.0,256.65887,2025-10-19 02:00:00
170.0,171.39384,2025-10-19 02:00:00
173.5,139.42014,2025-10-19 03:00:00
273.0,337.5589,2025-10-19 03:00:00
240.0,250.64734,2025-10-19 03:00:00
232.0,195.15248,2025-10-19 03:00:00
284.0,231.91177,2025-10-19 03:00:00
426.0,348.0094,2025-10-19 04:00:00
265.0,182.39156,2025-10-19 04:00:00
244.0,218.29114,2025-10-19 04:00:00
256.0,234.05171,2025-10-19 04:00:00
159.0,146.29147,2025-10-19 04:00:00
226.0,217.37013,2025-10-19 05:00:00
260.0,187.29286,2025-10-19 05:00:00
156.25,155.08543,2025-10-19 05:00:00
500.0,474.46188,2025-10-19 05:00:00
392.0,260.55997,2025-10-19 05:00:00
256.0,225.69101,2025-10-19 06:00:00
341.0,280.68942,2025-10-19 06:00:00
208.0,179.01163,2025-10-19 06:00:00
885.0,473.6128,2025-10-19 06:00:00
500.0,513.0193,2025-10-19 06:00:00
885.0,728.7559,2025-10-19 07:00:00
311.0,286.06207,2025-10-19 07:00:00
355.0,374.4354,2025-10-19 07:00:00
223.5,229.19975,2025-10-19 07:00:00
500.0,534.7744,2025-10-19 07:00:00
355.0,413.25183,2025-10-19 08:00:00
376.0,307.1942,2025-10-19 08:00:00
885.0,698.3816,2025-10-19 08:00:00
500.0,604.479,2025-10-19 08:00:00
232.0,232.25156,2025-10-19 08:00:00
439.0,351.82516,2025-10-19 09:00:00
355.0,399.90338,2025-10-19 09:00:00
299.5,242.54135,2025-10-19 09:00:00
873.0,576.4909,2025-10-19 09:00:00
885.0,706.1259,2025-10-19 09:00:00
355.0,398.09515,2025-10-19 10:00:00
687.0,586.5263,2025-10-19 10:00:00
333.5,279.807,2025-10-19 10:00:00
840.0,630.9595,2025-10-19 10:00:00
526.0,371.50998,2025-10-19 10:00:00
326.6666666666667,292.98196,2025-10-19 11:00:00
931.0,542.7937,2025-10-19 11:00:00
781.0,558.5358,2025-10-19 11:00:00
526.0,351.07294,2025-10-19 11:00:00
931.0,511.26617,2025-10-19 12:00:00
526.0,342.19724,2025-10-19 12:00:00
764.0,515.25616,2025-10-19 12:00:00
326.0,310.88287,2025-10-19 12:00:00
610.0,428.5397,2025-10-19 13:00:00
931.0,599.9384,2025-10-19 13:00:00
526.0,363.65845,2025-10-19 13:00:00
300.75,302.73633,2025-10-19 13:00:00
931.0,570.2732,2025-10-19 14:00:00
287.75,262.3898,2025-10-19 14:00:00
521.0,366.44897,2025-10-19 14:00:00
515.0,360.72464,2025-10-19 15:00:00
280.0,234.13847,2025-10-19 15:00:00
280.0,312.04337,2025-10-19 15:00:00
874.0,594.5101,2025-10-19 15:00:00
666.0,530.94366,2025-10-19 16:00:00
477.0,344.7803,2025-10-19 16:00:00
293.5,237.25493,2025-10-19 16:00:00
304.0,237.98088,2025-10-19 16:00:00
580.0,602.1251,2025-10-19 17:00:00
286.0,267.94327,2025-10-19 17:00:00
314.0,262.21286,2025-10-19 17:00:00
381.0,347.5545,2025-10-19 17:00:00
370.0,379.03442,2025-10-19 18:00:00
625.0,330.83438,2025-10-19 18:00:00
332.0,275.97662,2025-10-19 18:00:00
486.0,592.8769,2025-10-19 18:00:00
313.0,297.15103,2025-10-19 18:00:00
478.0,324.36438,2025-10-19 19:00:00
708.0,582.89166,2025-10-19 19:00:00
332.5,272.1076,2025-10-19 19:00:00
365.0,518.96936,2025-10-19 19:00:00
324.0,335.08786,2025-10-19 19:00:00
338.75,297.95462,2025-10-19 20:00:00
357.0,358.5359,2025-10-19 20:00:00
414.0,519.0339,2025-10-19 20:00:00
330.0,352.15573,2025-10-19 20:00:00
814.0,617.0787,2025-10-19 20:00:00
385.0,356.6824,2025-10-19 21:00:00
310.0,438.70447,2025-10-19 21:00:00
240.0,511.80875,2025-10-19 21:00:00
329.75,331.98785,2025-10-19 21:00:00
814.0,611.5778,2025-10-19 21:00:00
383.0,558.7735,2025-10-19 22:00:00
429.0,376.928,2025-10-19 22:00:00
346.5,357.7009,2025-10-19 22:00:00
320.0,413.50018,2025-10-19 22:00:00
304.0,433.8008,2025-10-19 22:00:00
306.0,354.94083,2025-10-19 23:00:00
289.0,406.22354,2025-10-19 23:00:00
444.0,455.99185,2025-10-19 23:00:00
272.0,322.44836,2025-10-19 23:00:00
194.5,259.23096,2025-10-20 00:00:00
244.0,282.60712,2025-10-20 00:00:00
278.0,361.73038,2025-10-20 00:00:00
266.0,483.84085,2025-10-20 00:00:00
182.25,178.71976,2025-10-20 01:00:00
298.0,258.9581,2025-10-20 01:00:00
371.0,368.97833,2025-10-20 01:00:00
348.0,307.41428,2025-10-20 01:00:00
262.0,244.00832,2025-10-20 02:00:00
153.5,168.14636,2025-10-20 02:00:00
299.0,373.19998,2025-10-20 02:00:00
223.0,276.77722,2025-10-20 03:00:00
217.0,366.24527,2025-10-20 03:00:00
133.0,172.84525,2025-10-20 03:00:00
220.0,284.56958,2025-10-20 03:00:00
193.0,420.51105,2025-10-20 04:00:00
310.0,287.13974,2025-10-20 04:00:00
127.5,142.84428,2025-10-20 04:00:00
247.0,281.18576,2025-10-20 04:00:00
261.0,511.78885,2025-10-20 05:00:00
344.0,436.54208,2025-10-20 05:00:00
143.25,160.49147,2025-10-20 05:00:00
249.0,307.0851,2025-10-20 05:00:00
299.0,390.70267,2025-10-20 06:00:00
945.0,647.3878,2025-10-20 06:00:00
169.25,201.56686,2025-10-20 06:00:00
196.0,520.37317,2025-10-20 06:00:00
197.0,300.72626,2025-10-20 06:00:00
250.0,335.67096,2025-10-20 07:00:00
354.0,541.3125,2025-10-20 07:00:00
945.0,745.1756,2025-10-20 07:00:00
401.0,431.30673,2025-10-20 07:00:00
225.0,225.98712,2025-10-20 07:00:00
401.0,415.35406,2025-10-20 08:00:00
422.0,595.7294,2025-10-20 08:00:00
447.0,360.71848,2025-10-20 08:00:00
328.5,246.8252,2025-10-20 08:00:00
616.0,736.1271,2025-10-20 08:00:00
514.0,742.86914,2025-10-20 09:00:00
396.25,284.79486,2025-10-20 09:00:00
733.0,450.10773,2025-10-20 09:00:00
616.0,657.5188,2025-10-20 09:00:00
995.0,367.2681,2025-10-20 09:00:00
917.0,489.62292,2025-10-20 10:00:00
995.0,394.9423,2025-10-20 10:00:00
763.0,637.15656,2025-10-20 10:00:00
616.0,599.6518,2025-10-20 10:00:00
586.25,299.4074,2025-10-20 10:00:00
616.0,540.624,2025-10-20 11:00:00
917.0,462.04385,2025-10-20 11:00:00
746.3333333333334,323.68835,2025-10-20 11:00:00
995.0,408.81766,2025-10-20 11:00:00
763.0,627.1448,2025-10-20 11:00:00
995.0,360.84607,2025-10-20 12:00:00
917.0,474.01215,2025-10-20 12:00:00
746.3333333333334,333.57285,2025-10-20 12:00:00
763.0,615.87177,2025-10-20 12:00:00
917.0,491.73273,2025-10-20 13:00:00
746.3333333333334,307.22537,2025-10-20 13:00:00
763.0,682.8537,2025-10-20 13:00:00
746.3333333333334,257.45413,2025-10-20 14:00:00
715.0,300.72528,2025-10-20 17:00:00
592.0,538.43604,2025-10-20 17:00:00
564.0,586.3446,2025-10-20 18:00:00
721.0,392.0526,2025-10-20 18:00:00
469.0,643.6725,2025-10-20 19:00:00
757.0,427.3067,2025-10-20 19:00:00
997.0,445.4981,2025-10-20 19:00:00
846.3333333333334,283.93274,2025-10-20 19:00:00
799.0,446.50327,2025-10-20 20:00:00
604.5,311.43756,2025-10-20 20:00:00
465.0,622.87823,2025-10-20 20:00:00
599.0,413.70517,2025-10-20 20:00:00
957.0,483.13513,2025-10-20 20:00:00
760.0,461.33325,2025-10-20 21:00:00
352.5,315.29474,2025-10-20 21:00:00
478.0,442.12985,2025-10-20 21:00:00
586.0,428.22073,2025-10-20 21:00:00
392.0,618.52716,2025-10-20 21:00:00
233.5,322.853,2025-10-20 22:00:00
351.0,478.5801,2025-10-20 22:00:00
306.0,475.41208,2025-10-20 22:00:00
291.0,474.89996,2025-10-20 22:00:00
366.0,457.50183,2025-10-20 22:00:00
322.0,551.8394,2025-10-20 23:00:00
408.0,446.11584,2025-10-20 23:00:00
293.0,401.8593,2025-10-20 23:00:00
201.75,299.61514,2025-10-20 23:00:00
300.0,390.27112,2025-10-20 23:00:00
208.0,422.08737,2025-10-21 00:00:00
148.0,276.0831,2025-10-21 00:00:00
208.0,406.75955,2025-10-21 00:00:00
232.0,446.9017,2025-10-21 00:00:00
208.0,357.66568,2025-10-21 01:00:00
148.0,267.2585,2025-10-21 01:00:00
184.0,429.4336,2025-10-21 01:00:00
148.0,240.99405,2025-10-21 02:00:00
186.0,355.47787,2025-10-21 05:00:00
208.0,266.046,2025-10-21 05:00:00
262.0,344.71136,2025-10-21 06:00:00
208.0,337.6644,2025-10-21 06:00:00
273.0,371.52197,2025-10-21 07:00:00
390.0,616.23157,2025-10-21 07:00:00
353.0,424.4067,2025-10-21 07:00:00
175.0,257.84836,2025-10-21 07:00:00
227.0,319.49448,2025-10-21 08:00:00
585.0,564.4475,2025-10-21 08:00:00
426.0,481.6068,2025-10-21 08:00:00
643.0,642.3287,2025-10-21 08:00:00
432.0,513.1152,2025-10-21 08:00:00
500.0,495.0698,2025-10-21 09:00:00
310.0,376.99368,2025-10-21 09:00:00
622.0,564.3629,2025-10-21 09:00:00
508.0,575.5208,2025-10-21 09:00:00
426.0,559.4972,2025-10-21 09:00:00
626.0,562.1244,2025-10-21 10:00:00
544.0,571.85724,2025-10-21 10:00:00
281.5,433.46106,2025-10-21 10:00:00
561.0,470.6582,2025-10-21 10:00:00
426.0,574.90063,2025-10-21 10:00:00
426.0,527.03735,2025-10-21 11:00:00
714.0,455.62662,2025-10-21 11:00:00
476.0,500.56848,2025-10-21 11:00:00
730.0,547.4662,2025-10-21 11:00:00
301.0,425.57007,2025-10-21 11:00:00
421.0,429.8784,2025-10-21 12:00:00
323.25,324.5948,2025-10-21 12:00:00
714.0,353.7619,2025-10-21 12:00:00
685.0,474.30365,2025-10-21 12:00:00
465.0,556.1276,2025-10-21 12:00:00
356.5,281.57312,2025-10-21 13:00:00
421.0,467.26862,2025-10-21 13:00:00
891.0,520.9914,2025-10-21 13:00:00
714.0,381.95523,2025-10-21 13:00:00
450.0,479.93634,2025-10-21 13:00:00
597.0,462.48688,2025-10-21 14:00:00
891.0,406.6657,2025-10-21 14:00:00
353.0,364.86282,2025-10-21 14:00:00
356.25,249.16606,2025-10-21 14:00:00
425.0,464.35034,2025-10-21 14:00:00
313.5,146.46329,2025-10-21 15:00:00
364.0,418.09067,2025-10-21 15:00:00
596.0,333.87897,2025-10-21 15:00:00
553.0,387.18158,2025-10-21 15:00:00
325.0,283.3553,2025-10-21 15:00:00
442.0,393.28766,2025-10-21 16:00:00
325.0,316.5166,2025-10-21 16:00:00
448.0,299.88477,2025-10-21 16:00:00
279.0,184.68973,2025-10-21 16:00:00
403.0,469.04538,2025-10-21 17:00:00
329.0,289.19305,2025-10-21 17:00:00
277.0,401.6447,2025-10-21 17:00:00
261.25,224.90675,2025-10-21 17:00:00
353.0,435.4269,2025-10-21 17:00:00
280.0,374.5445,2025-10-21 18:00:00
338.0,333.9753,2025-10-21 18:00:00
569.0,471.6255,2025-10-21 18:00:00
254.25,197.8076,2025-10-21 18:00:00
290.0,430.61133,2025-10-21 18:00:00
497.0,506.8429,2025-10-21 19:00:00
294.0,507.12305,2025-10-21 19:00:00
281.75,279.43958,2025-10-21 19:00:00
428.0,501.685,2025-10-21 19:00:00
381.0,339.78683,2025-10-21 19:00:00
304.0,395.8697,2025-10-21 20:00:00
585.0,515.1124,2025-10-21 20:00:00
347.0,444.4676,2025-10-21 20:00:00
291.0,514.7105,2025-10-21 20:00:00
332.0,269.81445,2025-10-21 20:00:00
298.0,486.5719,2025-10-21 21:00:00
370.0,423.63364,2025-10-21 21:00:00
343.25,277.77475,2025-10-21 21:00:00
368.0,452.89185,2025-10-21 21:00:00
497.0,474.0236,2025-10-21 21:00:00
566.0,422.26047,2025-10-21 22:00:00
417.0,396.51556,2025-10-21 22:00:00
387.25,189.2093,2025-10-21 22:00:00
385.0,381.76813,2025-10-21 22:00:00
381.0,371.34244,2025-10-21 22:00:00
543.0,371.75208,2025-10-21 23:00:00
395.0,337.07098,2025-10-21 23:00:00
396.0,364.41382,2025-10-21 23:00:00
421.0,331.49368,2025-10-21 23:00:00
373.25,187.04704,2025-10-21 23:00:00
297.0,193.16565,2025-10-22 00:00:00
407.0,294.49777,2025-10-22 00:00:00
392.0,323.5675,2025-10-22 00:00:00
357.0,303.3968,2025-10-22 00:00:00
453.0,360.72348,2025-10-22 00:00:00
240.0,176.98044,2025-10-22 01:00:00
309.0,291.72043,2025-10-22 01:00:00
421.0,355.6759,2025-10-22 01:00:00
313.0,257.3223,2025-10-22 01:00:00
337.0,264.2822,2025-10-22 01:00:00
233.0,280.6362,2025-10-22 02:00:00
187.25,164.8646,2025-10-22 02:00:00
263.0,187.69122,2025-10-22 02:00:00
283.0,240.36133,2025-10-22 02:00:00
362.0,375.25684,2025-10-22 02:00:00
140.75,148.51144,2025-10-22 03:00:00
249.0,199.15327,2025-10-22 03:00:00
210.0,188.84856,2025-10-22 03:00:00
194.0,244.10175,2025-10-22 03:00:00
365.0,343.91095,2025-10-22 03:00:00
175.0,278.42264,2025-10-22 04:00:00
221.0,212.87315,2025-10-22 04:00:00
128.25,130.22438,2025-10-22 04:00:00
178.0,199.31084,2025-10-22 04:00:00
356.0,295.67804,2025-10-22 04:00:00
133.5,141.55995,2025-10-22 05:00:00
235.0,274.1974,2025-10-22 05:00:00
198.0,184.91075,2025-10-22 05:00:00
665.0,300.0118,2025-10-22 05:00:00
178.0,240.40042,2025-10-22 05:00:00
212.0,378.7999,2025-10-22 06:00:00
148.25,178.23218,2025-10-22 06:00:00
183.0,254.05046,2025-10-22 06:00:00
225.0,256.86255,2025-10-22 06:00:00
670.0,380.73074,2025-10-22 06:00:00
258.0,316.96985,2025-10-22 07:00:00
611.0,450.99136,2025-10-22 07:00:00
161.75,203.9095,2025-10-22 07:00:00
245.0,465.40097,2025-10-22 07:00:00
229.0,247.39417,2025-10-22 07:00:00
279.0,378.1498,2025-10-22 08:00:00
508.0,622.7573,2025-10-22 08:00:00
318.0,332.95996,2025-10-22 08:00:00
169.25,245.77184,2025-10-22 08:00:00
273.0,588.6227,2025-10-22 08:00:00
174.25,254.39165,2025-10-22 09:00:00
320.0,522.0075,2025-10-22 09:00:00
357.0,397.90927,2025-10-22 09:00:00
471.0,613.0388,2025-10-22 09:00:00
351.0,387.42224,2025-10-22 09:00:00
393.0,545.8113,2025-10-22 10:00:00
429.0,444.4521,2025-10-22 10:00:00
200.75,295.39996,2025-10-22 10:00:00
614.0,553.60254,2025-10-22 10:00:00
322.0,361.09616,2025-10-22 10:00:00
208.0,280.8127,2025-10-22 11:00:00
403.0,446.27472,2025-10-22 11:00:00
809.0,545.51196,2025-10-22 11:00:00
422.0,462.4604,2025-10-22 11:00:00
311.0,355.13464,2025-10-22 11:00:00
214.0,275.92877,2025-10-22 12:00:00
331.0,401.0515,2025-10-22 12:00:00
311.0,435.94415,2025-10-22 12:00:00
321.0,354.09918,2025-10-22 12:00:00
649.0,534.9106,2025-10-22 12:00:00
191.75,299.141,2025-10-22 13:00:00
541.0,500.36075,2025-10-22 13:00:00
254.0,432.82098,2025-10-22 13:00:00
280.0,346.31723,2025-10-22 13:00:00
315.0,403.42422,2025-10-22 13:00:00
592.0,495.4303,2025-10-22 14:00:00
189.25,287.64917,2025-10-22 14:00:00
267.0,392.34662,2025-10-22 14:00:00
263.0,421.59473,2025-10-22 14:00:00
232.0,299.67224,2025-10-22 14:00:00
224.0,347.90387,2025-10-22 15:00:00
183.0,387.73077,2025-10-22 15:00:00
195.0,237.27777,2025-10-22 15:00:00
581.0,523.4125,2025-10-22 15:00:00
214.0,305.74313,2025-10-22 15:00:00
221.0,359.63983,2025-10-22 16:00:00
586.0,415.58813,2025-10-22 16:00:00
210.0,322.845,2025-10-22 16:00:00
256.0,326.24658,2025-10-22 16:00:00
185.75,214.17899,2025-10-22 16:00:00
251.0,325.06686,2025-10-22 17:00:00
196.75,203.31453,2025-10-22 17:00:00
494.0,480.79214,2025-10-22 17:00:00
219.0,284.11462,2025-10-22 17:00:00
203.0,289.368,2025-10-22 17:00:00
188.0,334.2346,2025-10-22 18:00:00
484.0,617.4831,2025-10-22 18:00:00
199.0,301.19675,2025-10-22 18:00:00
250.0,324.06302,2025-10-22 18:00:00
199.75,220.25334,2025-10-22 18:00:00
196.0,403.7848,2025-10-22 19:00:00
214.75,258.67703,2025-10-22 19:00:00
192.0,359.3128,2025-10-22 19:00:00
240.0,317.21286,2025-10-22 19:00:00
547.0,582.3164,2025-10-22 19:00:00
192.0,354.77496,2025-10-22 20:00:00
208.0,355.95932,2025-10-22 20:00:00
266.0,348.53546,2025-10-22 20:00:00
230.0,222.15813,2025-10-22 20:00:00
538.0,591.6663,2025-10-22 20:00:00
355.0,378.41132,2025-10-22 21:00:00
284.0,334.6235,2025-10-22 21:00:00
225.0,229.48639,2025-10-22 21:00:00
334.0,365.5136,2025-10-22 21:00:00
423.0,516.31244,2025-10-22 21:00:00
339.0,374.46527,2025-10-22 22:00:00
242.0,355.6635,2025-10-22 22:00:00
310.0,396.843,2025-10-22 22:00:00
222.25,208.94661,2025-10-22 22:00:00
354.0,585.9566,2025-10-22 22:00:00
310.0,595.6266,2025-10-22 23:00:00
261.0,368.84192,2025-10-22 23:00:00
274.0,367.49393,2025-10-22 23:00:00
212.5,201.8229,2025-10-22 23:00:00
311.0,393.90326,2025-10-22 23:00:00
313.0,324.7603,2025-10-23 00:00:00
195.75,217.37524,2025-10-23 00:00:00
265.0,317.52966,2025-10-23 00:00:00
271.0,331.87448,2025-10-23 00:00:00
323.0,484.48972,2025-10-23 00:00:00
173.25,196.81938,2025-10-23 01:00:00
261.0,293.47217,2025-10-23 01:00:00
238.0,282.3198,2025-10-23 01:00:00
464.0,425.97028,2025-10-23 01:00:00
268.0,292.80273,2025-10-23 01:00:00
195.0,229.17514,2025-10-23 02:00:00
178.25,163.33784,2025-10-23 02:00:00
252.0,265.48495,2025-10-23 02:00:00
206.0,271.48178,2025-10-23 02:00:00
437.0,397.8766,2025-10-23 02:00:00
186.0,225.58029,2025-10-23 03:00:00
157.75,154.93526,2025-10-23 03:00:00
136.0,201.99933,2025-10-23 03:00:00
186.0,233.33066,2025-10-23 03:00:00
304.0,372.83554,2025-10-23 03:00:00
139.0,189.34685,2025-10-23 04:00:00
178.0,206.92471,2025-10-23 04:00:00
156.0,200.6803,2025-10-23 04:00:00
410.0,357.02304,2025-10-23 04:00:00
104.0,144.63214,2025-10-23 04:00:00
379.0,512.282,2025-10-23 05:00:00
163.0,249.78775,2025-10-23 05:00:00
145.0,181.01958,2025-10-23 05:00:00
158.0,227.38615,2025-10-23 05:00:00
101.5,135.7716,2025-10-23 05:00:00
158.0,240.022,2025-10-23 06:00:00
210.0,258.09192,2025-10-23 06:00:00
122.0,142.5096,2025-10-23 06:00:00
505.0,566.59827,2025-10-23 06:00:00
177.0,195.00209,2025-10-23 06:00:00
160.75,174.59601,2025-10-23 07:00:00
246.0,257.125,2025-10-23 07:00:00
354.0,620.1932,2025-10-23 07:00:00
158.0,288.7529,2025-10-23 07:00:00
322.0,305.26227,2025-10-23 07:00:00
503.0,631.008,2025-10-23 08:00:00
158.0,327.29916,2025-10-23 08:00:00
290.0,357.31772,2025-10-23 08:00:00
182.75,212.79356,2025-10-23 08:00:00
512.0,423.6629,2025-10-23 08:00:00
638.0,663.6216,2025-10-23 09:00:00
596.0,409.72778,2025-10-23 09:00:00
322.0,366.76352,2025-10-23 09:00:00
210.5,222.23262,2025-10-23 09:00:00
223.75,225.14949,2025-10-23 10:00:00
509.0,439.09363,2025-10-23 10:00:00
356.0,373.11844,2025-10-23 10:00:00
736.0,658.29364,2025-10-23 10:00:00
232.66666666666663,233.05316,2025-10-23 11:00:00
332.0,418.28168,2025-10-23 11:00:00
613.0,485.92703,2025-10-23 11:00:00
892.0,663.8212,2025-10-23 11:00:00
892.0,667.5625,2025-10-23 12:00:00
342.0,396.82803,2025-10-23 12:00:00
458.0,414.28604,2025-10-23 12:00:00
212.25,260.69525,2025-10-23 12:00:00
317.0,389.55933,2025-10-23 13:00:00
195.0,232.85219,2025-10-23 13:00:00
892.0,612.7819,2025-10-23 13:00:00
356.0,412.6417,2025-10-23 13:00:00
393.0,391.57196,2025-10-23 14:00:00
254.0,342.4337,2025-10-23 14:00:00
334.0,367.00568,2025-10-23 14:00:00
980.0,634.2973,2025-10-23 14:00:00
189.75,230.51672,2025-10-23 14:00:00
576.0,606.00574,2025-10-23 15:00:00
310.0,355.29858,2025-10-23 15:00:00
192.75,240.07266,2025-10-23 15:00:00
252.0,337.30643,2025-10-23 15:00:00
278.0,290.23227,2025-10-23 15:00:00
241.0,307.66968,2025-10-23 16:00:00
653.0,608.7713,2025-10-23 16:00:00
244.0,294.04956,2025-10-23 16:00:00
290.0,335.2901,2025-10-23 16:00:00
187.25,226.33664,2025-10-23 16:00:00
257.0,267.4435,2025-10-23 17:00:00
641.0,545.05817,2025-10-23 17:00:00
166.5,190.59892,2025-10-23 17:00:00
248.0,310.2156,2025-10-23 17:00:00
268.0,264.34705,2025-10-23 17:00:00
153.25,206.42737,2025-10-23 18:00:00
450.0,599.79565,2025-10-23 18:00:00
267.0,267.05087,2025-10-23 18:00:00
259.0,257.71524,2025-10-23 18:00:00
234.0,313.2027,2025-10-23 18:00:00
239.0,273.13617,2025-10-23 19:00:00
190.0,312.10382,2025-10-23 19:00:00
372.0,293.82965,2025-10-23 19:00:00
523.0,614.91406,2025-10-23 19:00:00
168.0,234.17111,2025-10-23 19:00:00
396.0,349.8744,2025-10-23 20:00:00
199.0,357.94104,2025-10-23 20:00:00
173.5,264.6487,2025-10-23 20:00:00
249.0,287.0,2025-10-23 20:00:00
537.0,604.62634,2025-10-23 20:00:00
165.25,273.7417,2025-10-23 21:00:00
440.0,592.03503,2025-10-23 21:00:00
226.0,364.30862,2025-10-23 21:00:00
345.0,386.05014,2025-10-23 21:00:00
730.0,508.2722,2025-10-23 22:00:00
294.0,374.11548,2025-10-23 22:00:00
189.75,262.25217,2025-10-23 22:00:00
265.0,337.12872,2025-10-23 22:00:00
175.25,256.49814,2025-10-23 23:00:00
202.0,346.535,2025-10-23 23:00:00
509.0,467.68994,2025-10-23 23:00:00
273.0,318.7052,2025-10-23 23:00:00
241.0,283.86356,2025-10-24 00:00:00
176.5,168.95139,2025-10-24 00:00:00
202.0,317.28253,2025-10-24 00:00:00
409.0,429.31052,2025-10-24 00:00:00
139.5,164.93362,2025-10-24 01:00:00
205.0,243.5386,2025-10-24 01:00:00
223.0,272.27206,2025-10-24 01:00:00
365.0,413.1383,2025-10-24 01:00:00
158.0,204.16815,2025-10-24 02:00:00
184.0,208.17603,2025-10-24 02:00:00
313.0,384.765,2025-10-24 02:00:00
152.0,217.85149,2025-10-24 02:00:00
98.0,168.40465,2025-10-24 02:00:00
152.0,179.89442,2025-10-24 03:00:00
179.0,188.11295,2025-10-24 03:00:00
149.0,208.64133,2025-10-24 03:00:00
155.0,339.1489,2025-10-24 03:00:00
103.75,153.24278,2025-10-24 03:00:00
97.0,134.80696,2025-10-24 04:00:00
164.0,184.7394,2025-10-24 04:00:00
153.0,217.38553,2025-10-24 04:00:00
193.0,333.394,2025-10-24 04:00:00
152.0,171.01123,2025-10-24 04:00:00
138.0,201.84383,2025-10-24 05:00:00
100.0,130.91849,2025-10-24 05:00:00
162.0,175.60634,2025-10-24 05:00:00
169.0,223.3981,2025-10-24 05:00:00
370.0,369.6454,2025-10-24 05:00:00
258.0,267.21194,2025-10-24 06:00:00
130.0,139.71901,2025-10-24 06:00:00
284.0,262.57608,2025-10-24 06:00:00
151.0,187.80954,2025-10-24 06:00:00
489.0,445.864,2025-10-24 06:00:00
510.0,425.391,2025-10-24 07:00:00
156.0,168.10281,2025-10-24 07:00:00
422.0,504.65033,2025-10-24 07:00:00
276.0,263.38303,2025-10-24 07:00:00
256.0,235.89197,2025-10-24 07:00:00
320.0,302.09653,2025-10-24 08:00:00
609.0,566.6686,2025-10-24 08:00:00
558.0,626.20654,2025-10-24 08:00:00
182.0,202.51791,2025-10-24 08:00:00
356.0,340.2364,2025-10-24 08:00:00
473.0,355.28278,2025-10-24 09:00:00
286.0,335.76846,2025-10-24 09:00:00
159.5,222.04182,2025-10-24 09:00:00
523.0,583.6019,2025-10-24 09:00:00
967.0,719.2258,2025-10-24 09:00:00
482.0,364.32367,2025-10-24 10:00:00
140.75,226.4354,2025-10-24 10:00:00
836.0,787.18915,2025-10-24 10:00:00
277.0,392.599,2025-10-24 10:00:00
461.0,531.1106,2025-10-24 10:00:00
144.0,235.69179,2025-10-24 11:00:00
434.0,507.77158,2025-10-24 11:00:00
242.0,391.62842,2025-10-24 11:00:00
954.0,821.1166,2025-10-24 11:00:00
431.0,399.22107,2025-10-24 11:00:00
153.0,236.27322,2025-10-24 12:00:00
233.0,414.4697,2025-10-24 12:00:00
875.0,795.268,2025-10-24 12:00:00
442.0,446.27386,2025-10-24 12:00:00
440.0,414.09576,2025-10-24 12:00:00
161.0,237.05829,2025-10-24 13:00:00
696.0,770.00256,2025-10-24 13:00:00
473.0,397.91116,2025-10-24 13:00:00
312.0,405.74643,2025-10-24 13:00:00
222.0,367.37656,2025-10-24 13:00:00
184.0,315.0639,2025-10-24 14:00:00
398.0,357.83267,2025-10-24 14:00:00
918.0,728.04376,2025-10-24 14:00:00
289.0,364.82993,2025-10-24 14:00:00
166.75,221.4891,2025-10-24 14:00:00
396.0,333.493,2025-10-24 15:00:00
184.0,292.42926,2025-10-24 15:00:00
614.0,696.1387,2025-10-24 15:00:00
312.0,391.8485,2025-10-24 15:00:00
166.33333333333334,251.03015,2025-10-24 15:00:00
316.0,313.63824,2025-10-24 16:00:00
370.0,339.19797,2025-10-24 16:00:00
777.0,679.816,2025-10-24 16:00:00
162.75,225.70178,2025-10-24 16:00:00
184.0,297.18585,2025-10-24 16:00:00
240.0,273.2141,2025-10-24 17:00:00
184.0,323.40878,2025-10-24 17:00:00
146.5,203.20587,2025-10-24 17:00:00
283.0,312.05557,2025-10-24 17:00:00
605.0,614.1015,2025-10-24 17:00:00
224.0,270.2282,2025-10-24 18:00:00
306.0,359.57816,2025-10-24 18:00:00
142.5,213.71675,2025-10-24 18:00:00
545.0,613.2268,2025-10-24 18:00:00
189.75,219.91963,2025-10-24 19:00:00
241.0,299.73282,2025-10-24 19:00:00
603.0,591.8991,2025-10-24 19:00:00
598.0,399.56058,2025-10-24 19:00:00
305.0,318.3242,2025-10-24 20:00:00
654.0,581.8275,2025-10-24 20:00:00
274.75,223.3307,2025-10-24 20:00:00
846.0,358.1991,2025-10-24 20:00:00
482.0,338.83493,2025-10-24 21:00:00
343.0,369.8288,2025-10-24 21:00:00
300.5,211.75293,2025-10-24 21:00:00
859.0,550.10864,2025-10-24 21:00:00
668.0,595.1711,2025-10-24 22:00:00
263.0,353.1159,2025-10-24 22:00:00
332.5,196.44562,2025-10-24 22:00:00
365.0,318.36475,2025-10-24 22:00:00
736.0,491.45016,2025-10-24 23:00:00
400.0,296.25873,2025-10-24 23:00:00
322.25,174.30782,2025-10-24 23:00:00
367.0,269.18005,2025-10-24 23:00:00
423.0,288.31882,2025-10-25 00:00:00
210.0,248.47989,2025-10-25 00:00:00
181.75,176.87515,2025-10-25 00:00:00
291.0,414.63663,2025-10-25 00:00:00
352.0,260.99887,2025-10-25 01:00:00
199.0,240.54819,2025-10-25 01:00:00
175.25,170.4015,2025-10-25 01:00:00
221.0,360.3423,2025-10-25 01:00:00
381.0,223.13394,2025-10-25 01:00:00
274.0,359.29587,2025-10-25 02:00:00
328.0,187.23291,2025-10-25 02:00:00
146.75,156.06825,2025-10-25 02:00:00
242.0,207.91214,2025-10-25 02:00:00
201.0,212.84297,2025-10-25 02:00:00
161.5,147.87749,2025-10-25 03:00:00
328.0,180.85269,2025-10-25 03:00:00
205.0,214.11597,2025-10-25 03:00:00
320.0,342.20712,2025-10-25 03:00:00
123.0,203.33777,2025-10-25 03:00:00
494.0,351.18893,2025-10-25 04:00:00
165.25,145.89449,2025-10-25 04:00:00
328.0,206.35289,2025-10-25 04:00:00
159.0,219.7221,2025-10-25 04:00:00
167.0,201.16014,2025-10-25 04:00:00
216.0,224.40799,2025-10-25 05:00:00
213.0,208.88802,2025-10-25 05:00:00
487.0,222.29323,2025-10-25 05:00:00
170.0,148.69626,2025-10-25 05:00:00
426.0,407.6145,2025-10-25 05:00:00
213.0,237.1124,2025-10-25 06:00:00
179.5,167.31245,2025-10-25 06:00:00
437.0,493.21106,2025-10-25 06:00:00
471.0,499.46033,2025-10-25 06:00:00
193.0,207.40154,2025-10-25 07:00:00
437.0,673.5834,2025-10-25 07:00:00
366.0,321.14474,2025-10-25 07:00:00
512.0,532.2177,2025-10-25 07:00:00
779.0,693.2265,2025-10-25 08:00:00
184.25,203.15605,2025-10-25 08:00:00
406.0,379.4862,2025-10-25 08:00:00
407.0,752.354,2025-10-25 08:00:00
207.5,228.24142,2025-10-25 09:00:00
497.0,490.81067,2025-10-25 09:00:00
367.0,620.92285,2025-10-25 09:00:00
880.0,775.51196,2025-10-25 09:00:00
456.0,574.55286,2025-10-25 10:00:00
231.75,265.54556,2025-10-25 10:00:00
588.0,709.41705,2025-10-25 10:00:00
500.0,484.1312,2025-10-25 10:00:00
854.0,747.0258,2025-10-25 11:00:00
475.0,553.44025,2025-10-25 11:00:00
484.0,495.2864,2025-10-25 11:00:00
244.0,278.41028,2025-10-25 11:00:00
231.25,271.9158,2025-10-25 12:00:00
473.0,530.5934,2025-10-25 12:00:00
810.0,727.3048,2025-10-25 12:00:00
328.0,536.6173,2025-10-25 12:00:00
863.0,738.13275,2025-10-25 13:00:00
310.0,427.09433,2025-10-25 13:00:00
225.75,256.62585,2025-10-25 13:00:00
221.0,336.48672,2025-10-25 13:00:00
473.0,511.4193,2025-10-25 13:00:00
280.0,388.89716,2025-10-25 14:00:00
227.0,315.46375,2025-10-25 14:00:00
365.0,436.21365,2025-10-25 14:00:00
226.5,259.48178,2025-10-25 14:00:00
766.0,715.3278,2025-10-25 14:00:00
356.0,427.3176,2025-10-25 15:00:00
267.0,394.89066,2025-10-25 15:00:00
657.0,664.8911,2025-10-25 15:00:00
230.0,292.9785,2025-10-25 15:00:00
234.0,260.1615,2025-10-25 15:00:00
237.25,275.43878,2025-10-25 16:00:00
213.0,310.37805,2025-10-25 16:00:00
705.0,682.98395,2025-10-25 16:00:00
257.0,361.36655,2025-10-25 16:00:00
343.0,438.61618,2025-10-25 16:00:00
593.0,673.6709,2025-10-25 17:00:00
226.75,259.23364,2025-10-25 17:00:00
293.0,352.15018,2025-10-25 17:00:00
250.0,395.60358,2025-10-25 17:00:00
214.0,313.89252,2025-10-25 17:00:00
526.0,646.3918,2025-10-25 18:00:00
228.0,244.16151,2025-10-25 18:00:00
221.0,355.27798,2025-10-25 18:00:00
265.0,392.88474,2025-10-25 18:00:00
251.0,355.28888,2025-10-25 18:00:00
237.0,259.91013,2025-10-25 19:00:00
293.0,560.31995,2025-10-25 19:00:00
251.0,379.55084,2025-10-25 19:00:00
260.0,358.41492,2025-10-25 19:00:00
525.0,627.25916,2025-10-25 19:00:00
682.0,549.51416,2025-10-25 20:00:00
313.0,350.01978,2025-10-25 20:00:00
278.0,377.15543,2025-10-25 20:00:00
318.0,529.2754,2025-10-25 20:00:00
275.0,276.51865,2025-10-25 20:00:00
191.0,411.7646,2025-10-25 21:00:00
483.0,626.8082,2025-10-25 21:00:00
239.0,276.19836,2025-10-25 21:00:00
254.0,408.9952,2025-10-25 21:00:00
331.0,452.99106,2025-10-25 21:00:00
165.0,274.3339,2025-10-25 22:00:00
550.0,515.2422,2025-10-25 22:00:00
181.0,345.91864,2025-10-25 22:00:00
193.0,378.39526,2025-10-25 22:00:00
267.0,413.40036,2025-10-25 22:00:00
250.0,349.38858,2025-10-25 23:00:00
223.0,380.03452,2025-10-25 23:00:00
148.5,251.18065,2025-10-25 23:00:00
193.0,342.56317,2025-10-25 23:00:00
416.0,559.49396,2025-10-25 23:00:00
227.0,346.45667,2025-10-26 00:00:00
265.0,278.22754,2025-10-26 00:00:00
209.0,277.25708,2025-10-26 00:00:00
127.5,174.54655,2025-10-26 00:00:00
370.0,357.95395,2025-10-26 00:00:00
339.0,353.28802,2025-10-26 01:00:00
188.0,221.69441,2025-10-26 01:00:00
87.0,163.7182,2025-10-26 01:00:00
163.0,278.29913,2025-10-26 01:00:00
138.0,307.982,2025-10-26 01:00:00
89.0,161.06856,2025-10-26 02:00:00
197.0,215.92595,2025-10-26 02:00:00
130.0,307.9185,2025-10-26 02:00:00
197.0,318.19363,2025-10-26 02:00:00
138.0,209.85182,2025-10-26 02:00:00
145.0,157.82138,2025-10-26 03:00:00
207.0,315.56522,2025-10-26 03:00:00
137.0,162.03763,2025-10-26 03:00:00
168.0,205.70946,2025-10-26 03:00:00
179.0,301.83844,2025-10-26 03:00:00
202.0,208.14345,2025-10-26 04:00:00
143.75,161.25085,2025-10-26 04:00:00
158.0,363.60687,2025-10-26 04:00:00
215.0,292.59808,2025-10-26 04:00:00
138.0,176.57959,2025-10-26 04:00:00
140.5,165.86032,2025-10-26 05:00:00
153.0,373.5695,2025-10-26 05:00:00
433.0,427.37006,2025-10-26 05:00:00
173.0,248.83862,2025-10-26 05:00:00
167.0,208.61258,2025-10-26 05:00:00
275.0,302.11972,2025-10-26 06:00:00
226.0,260.7396,2025-10-26 06:00:00
1000.0,433.2804,2025-10-26 06:00:00
138.75,176.95845,2025-10-26 06:00:00
506.0,394.24362,2025-10-26 06:00:00
335.0,378.28088,2025-10-26 07:00:00
165.0,205.33223,2025-10-26 07:00:00
331.0,375.7334,2025-10-26 07:00:00
593.0,474.93365,2025-10-26 07:00:00
1000.0,533.79144,2025-10-26 07:00:00
191.75,237.95071,2025-10-26 08:00:00
415.0,389.0382,2025-10-26 08:00:00
1000.0,579.5182,2025-10-26 08:00:00
465.0,406.1467,2025-10-26 08:00:00
585.0,609.81104,2025-10-26 08:00:00
347.0,364.6451,2025-10-26 09:00:00
198.5,250.57549,2025-10-26 09:00:00
449.0,463.50607,2025-10-26 09:00:00
702.0,512.4572,2025-10-26 09:00:00
762.0,685.6277,2025-10-26 09:00:00
578.0,419.29272,2025-10-26 10:00:00
407.0,343.43872,2025-10-26 10:00:00
206.25,270.6202,2025-10-26 10:00:00
473.0,423.4616,2025-10-26 10:00:00
814.0,641.0497,2025-10-26 10:00:00
216.3333333333333,240.5389,2025-10-26 11:00:00
462.0,430.62363,2025-10-26 11:00:00
444.0,446.79666,2025-10-26 11:00:00
696.0,648.48175,2025-10-26 11:00:00
341.0,311.68295,2025-10-26 11:00:00
458.0,425.2868,2025-10-26 12:00:00
279.0,274.68765,2025-10-26 12:00:00
390.0,338.98837,2025-10-26 12:00:00
757.0,623.63135,2025-10-26 12:00:00
203.75,234.21857,2025-10-26 12:00:00
237.0,293.28003,2025-10-26 13:00:00
290.0,305.9079,2025-10-26 13:00:00
708.0,619.3723,2025-10-26 13:00:00
198.5,220.16862,2025-10-26 13:00:00
355.0,395.75623,2025-10-26 13:00:00
187.25,203.65034,2025-10-26 14:00:00
686.0,586.4514,2025-10-26 14:00:00
335.0,344.25253,2025-10-26 14:00:00
249.0,285.48944,2025-10-26 14:00:00
209.0,286.9432,2025-10-26 14:00:00
799.0,594.3679,2025-10-26 15:00:00
188.0,252.84528,2025-10-26 15:00:00
196.5,191.5642,2025-10-26 15:00:00
193.0,257.27832,2025-10-26 15:00:00
269.0,353.31277,2025-10-26 15:00:00
660.0,499.09775,2025-10-26 16:00:00
208.75,210.86436,2025-10-26 16:00:00
235.0,347.45523,2025-10-26 16:00:00
173.0,288.4079,2025-10-26 16:00:00
178.0,255.21338,2025-10-26 16:00:00
487.0,518.593,2025-10-26 17:00:00
169.0,316.773,2025-10-26 17:00:00
249.0,351.9001,2025-10-26 17:00:00
203.0,241.77286,2025-10-26 17:00:00
173.0,283.3004,2025-10-26 17:00:00
521.0,591.45123,2025-10-26 18:00:00
196.5,234.75124,2025-10-26 18:00:00
163.0,284.90414,2025-10-26 18:00:00
306.0,339.7119,2025-10-26 18:00:00
204.0,350.29187,2025-10-26 18:00:00
393.0,371.7939,2025-10-26 19:00:00
406.0,620.7557,2025-10-26 19:00:00
267.75,246.60994,2025-10-26 19:00:00
177.0,350.43124,2025-10-26 19:00:00
313.0,374.97815,2025-10-26 19:00:00
300.0,384.7712,2025-10-26 20:00:00
465.0,401.0004,2025-10-26 20:00:00
356.25,278.13104,2025-10-26 20:00:00
484.0,379.12936,2025-10-26 20:00:00
438.0,652.6285,2025-10-26 20:00:00
280.25,236.96277,2025-10-26 21:00:00
497.0,514.38666,2025-10-26 21:00:00
505.0,320.97275,2025-10-26 21:00:00
431.0,360.22455,2025-10-26 21:00:00
370.0,305.30362,2025-10-26 21:00:00
495.0,311.0543,2025-10-26 22:00:00
387.0,328.04092,2025-10-26 22:00:00
472.0,358.10883,2025-10-26 22:00:00
235.75,215.01898,2025-10-26 22:00:00
460.0,551.75684,2025-10-26 22:00:00
422.0,287.4267,2025-10-26 23:00:00
353.0,293.0914,2025-10-26 23:00:00
199.75,201.12634,2025-10-26 23:00:00
351.0,429.14743,2025-10-26 23:00:00
327.0,328.33118,2025-10-26 23:00:00
265.0,319.58557,2025-10-27 00:00:00
279.0,298.94934,2025-10-27 00:00:00
263.0,398.33282,2025-10-27 00:00:00
442.0,269.01263,2025-10-27 00:00:00
204.0,159.72061,2025-10-27 00:00:00
204.0,140.02876,2025-10-27 01:00:00
276.0,235.85062,2025-10-27 01:00:00
380.0,220.44876,2025-10-27 01:00:00
267.0,219.98845,2025-10-27 01:00:00
337.0,363.84222,2025-10-27 01:00:00
185.75,129.8375,2025-10-27 02:00:00
324.0,312.96127,2025-10-27 02:00:00
287.0,216.86491,2025-10-27 02:00:00
238.0,219.77144,2025-10-27 02:00:00
279.0,195.78883,2025-10-27 02:00:00
233.0,171.00494,2025-10-27 03:00:00
191.25,146.7229,2025-10-27 03:00:00
315.0,332.107,2025-10-27 03:00:00
278.0,220.3349,2025-10-27 03:00:00
250.0,185.63348,2025-10-27 03:00:00
385.0,222.0035,2025-10-27 04:00:00
288.0,233.2689,2025-10-27 04:00:00
182.5,143.12946,2025-10-27 04:00:00
226.0,185.58327,2025-10-27 04:00:00
295.0,335.10413,2025-10-27 04:00:00
288.0,227.16504,2025-10-27 05:00:00
266.0,248.60687,2025-10-27 05:00:00
246.0,218.43144,2025-10-27 05:00:00
425.0,362.5091,2025-10-27 05:00:00
161.25,140.6052,2025-10-27 05:00:00
272.0,428.43457,2025-10-27 06:00:00
440.0,559.9464,2025-10-27 06:00:00
265.0,257.72134,2025-10-27 06:00:00
200.5,151.76094,2025-10-27 06:00:00
263.0,261.84,2025-10-27 06:00:00
399.0,674.20154,2025-10-27 07:00:00
278.0,334.9041,2025-10-27 07:00:00
277.0,311.41098,2025-10-27 07:00:00
191.0,190.06454,2025-10-27 07:00:00
328.0,535.903,2025-10-27 07:00:00
290.0,583.5901,2025-10-27 08:00:00
248.0,467.41443,2025-10-27 08:00:00
249.0,399.55234,2025-10-27 08:00:00
335.0,644.44385,2025-10-27 08:00:00
185.0,225.51126,2025-10-27 08:00:00
180.25,222.84006,2025-10-27 09:00:00
287.0,618.1756,2025-10-27 09:00:00
213.0,370.94162,2025-10-27 09:00:00
331.0,642.92914,2025-10-27 09:00:00
226.0,425.6628,2025-10-27 09:00:00
268.0,546.8386,2025-10-27 10:00:00
409.0,605.88434,2025-10-27 10:00:00
206.0,366.77747,2025-10-27 10:00:00
182.0,223.33939,2025-10-27 10:00:00
211.0,422.53555,2025-10-27 10:00:00
203.0,359.9786,2025-10-27 11:00:00
268.0,619.6878,2025-10-27 11:00:00
192.66666666666663,239.36386,2025-10-27 11:00:00
204.0,416.9233,2025-10-27 11:00:00
215.0,472.38385,2025-10-27 11:00:00
172.0,366.88055,2025-10-27 12:00:00
219.0,615.4285,2025-10-27 12:00:00
171.0,405.051,2025-10-27 12:00:00
189.5,237.54434,2025-10-27 12:00:00
197.0,362.51483,2025-10-27 12:00:00
199.25,228.95796,2025-10-27 13:00:00
188.0,633.4149,2025-10-27 13:00:00
189.0,366.287,2025-10-27 13:00:00
166.0,370.954,2025-10-27 13:00:00
160.0,359.2435,2025-10-27 13:00:00
179.0,214.6438,2025-10-27 14:00:00
158.0,290.1214,2025-10-27 14:00:00
172.0,355.5199,2025-10-27 14:00:00
291.0,494.21436,2025-10-27 14:00:00
183.0,308.1519,2025-10-27 14:00:00
210.0,438.53778,2025-10-27 15:00:00
183.0,240.39825,2025-10-27 15:00:00
161.5,199.81314,2025-10-27 15:00:00
187.0,258.60986,2025-10-27 15:00:00
189.0,300.97995,2025-10-27 15:00:00
271.0,300.06436,2025-10-27 16:00:00
219.0,470.17017,2025-10-27 16:00:00
189.0,241.3898,2025-10-27 16:00:00
164.0,200.94456,2025-10-27 16:00:00
193.0,238.40263,2025-10-27 16:00:00
193.5,201.21259,2025-10-27 17:00:00
252.0,435.00735,2025-10-27 17:00:00
189.0,229.6414,2025-10-27 17:00:00
257.0,218.02866,2025-10-27 17:00:00
256.0,264.39465,2025-10-27 17:00:00
210.5,210.5156,2025-10-27 18:00:00
274.0,379.87915,2025-10-27 18:00:00
265.0,293.32788,2025-10-27 18:00:00
360.0,232.91135,2025-10-27 18:00:00
195.0,205.73932,2025-10-27 18:00:00
291.0,381.11584,2025-10-27 19:00:00
255.0,206.23834,2025-10-27 19:00:00
227.75,214.99184,2025-10-27 19:00:00
249.0,299.86853,2025-10-27 19:00:00
265.0,291.29263,2025-10-27 19:00:00
241.5,237.42784,2025-10-27 20:00:00
301.0,363.95917,2025-10-27 20:00:00
332.0,336.53964,2025-10-27 20:00:00
318.0,374.8156,2025-10-27 20:00:00
270.0,285.17123,2025-10-27 20:00:00
287.0,298.8217,2025-10-27 21:00:00
406.0,309.828,2025-10-27 21:00:00
366.0,369.2259,2025-10-27 21:00:00
248.25,209.22688,2025-10-27 21:00:00
335.0,350.2064,2025-10-27 21:00:00
295.0,191.49582,2025-10-27 22:00:00
298.0,344.26596,2025-10-27 22:00:00
354.0,282.45563,2025-10-27 22:00:00
339.0,392.3573,2025-10-27 22:00:00
344.0,362.87463,2025-10-27 22:00:00
280.0,269.82266,2025-10-27 23:00:00
271.0,335.62885,2025-10-27 23:00:00
282.0,319.25824,2025-10-27 23:00:00
233.25,178.20183,2025-10-27 23:00:00
269.0,262.19354,2025-10-27 23:00:00
313.0,275.1988,2025-10-28 00:00:00
207.0,306.8889,2025-10-28 00:00:00
197.0,317.91885,2025-10-28 00:00:00
199.0,261.22784,2025-10-28 00:00:00
175.25,174.78413,2025-10-28 00:00:00
207.0,254.93828,2025-10-28 01:00:00
164.0,168.44173,2025-10-28 01:00:00
157.0,234.4227,2025-10-28 01:00:00
264.0,243.24503,2025-10-28 01:00:00
204.0,290.95627,2025-10-28 01:00:00
190.0,215.13792,2025-10-28 02:00:00
251.0,250.81744,2025-10-28 02:00:00
171.5,154.24944,2025-10-28 02:00:00
271.0,301.69113,2025-10-28 02:00:00
241.0,239.08084,2025-10-28 02:00:00
200.0,216.71135,2025-10-28 03:00:00
183.25,156.12512,2025-10-28 03:00:00
245.0,240.72879,2025-10-28 03:00:00
206.0,242.92572,2025-10-28 03:00:00
199.0,293.58646,2025-10-28 03:00:00
189.0,152.34746,2025-10-28 04:00:00
181.0,213.15112,2025-10-28 04:00:00
217.0,254.53732,2025-10-28 04:00:00
221.0,278.45346,2025-10-28 04:00:00
255.0,284.60837,2025-10-28 04:00:00
197.25,179.53996,2025-10-28 05:00:00
265.0,289.85214,2025-10-28 05:00:00
287.0,316.56842,2025-10-28 05:00:00
205.0,256.15076,2025-10-28 05:00:00
252.0,301.84335,2025-10-28 05:00:00
295.0,422.0144,2025-10-28 06:00:00
269.0,265.54474,2025-10-28 06:00:00
261.0,332.2517,2025-10-28 06:00:00
180.5,168.75032,2025-10-28 06:00:00
260.0,316.2774,2025-10-28 06:00:00
283.0,331.34448,2025-10-28 07:00:00
305.0,457.61432,2025-10-28 07:00:00
293.0,420.85892,2025-10-28 07:00:00
357.0,299.04437,2025-10-28 07:00:00
175.5,217.39214,2025-10-28 07:00:00
298.0,313.19165,2025-10-28 08:00:00
279.0,431.98862,2025-10-28 08:00:00
287.0,486.63785,2025-10-28 08:00:00
293.0,294.71057,2025-10-28 08:00:00
191.0,245.40685,2025-10-28 08:00:00
302.0,300.5784,2025-10-28 09:00:00
185.25,252.76074,2025-10-28 09:00:00
304.0,449.09634,2025-10-28 09:00:00
258.0,296.68164,2025-10-28 09:00:00
287.0,425.85605,2025-10-28 09:00:00
235.0,343.8441,2025-10-28 10:00:00
251.0,372.8257,2025-10-28 10:00:00
228.0,445.7671,2025-10-28 10:00:00
238.0,311.89923,2025-10-28 10:00:00
171.5,271.90082,2025-10-28 10:00:00
187.0,308.6038,2025-10-28 11:00:00
201.0,355.04126,2025-10-28 11:00:00
160.0,253.23729,2025-10-28 11:00:00
201.0,356.65927,2025-10-28 11:00:00
405.0,437.7432,2025-10-28 11:00:00
144.0,257.62933,2025-10-28 12:00:00
197.0,291.1677,2025-10-28 12:00:00
376.0,408.91074,2025-10-28 12:00:00
234.0,324.0198,2025-10-28 12:00:00
156.0,297.68063,2025-10-28 12:00:00
131.0,293.55548,2025-10-28 13:00:00
125.75,224.34924,2025-10-28 13:00:00
265.0,297.51324,2025-10-28 13:00:00
300.0,400.762,2025-10-28 13:00:00
197.0,282.76508,2025-10-28 13:00:00
185.0,242.83455,2025-10-28 14:00:00
117.0,254.45998,2025-10-28 14:00:00
263.0,392.58633,2025-10-28 14:00:00
116.0,215.4639,2025-10-28 14:00:00
178.0,277.71964,2025-10-28 14:00:00
243.0,249.7372,2025-10-28 15:00:00
112.0,221.20535,2025-10-28 15:00:00
234.0,322.0914,2025-10-28 15:00:00
177.0,263.91562,2025-10-28 15:00:00
125.0,260.3594,2025-10-28 15:00:00
151.0,265.03735,2025-10-28 16:00:00
177.0,319.1147,2025-10-28 16:00:00
256.0,279.24356,2025-10-28 16:00:00
131.0,253.43825,2025-10-28 16:00:00
122.25,209.93529,2025-10-28 16:00:00
178.0,236.29549,2025-10-28 17:00:00
179.0,279.57858,2025-10-28 17:00:00
140.25,203.28357,2025-10-28 17:00:00
211.0,257.16702,2025-10-28 17:00:00
245.0,309.1726,2025-10-28 17:00:00
184.0,299.1155,2025-10-28 18:00:00
279.0,323.1981,2025-10-28 18:00:00
293.0,290.24808,2025-10-28 18:00:00
200.0,239.84604,2025-10-28 18:00:00
168.75,202.72237,2025-10-28 18:00:00
563.0,330.06726,2025-10-28 19:00:00
203.75,190.55243,2025-10-28 19:00:00
339.0,260.3685,2025-10-28 19:00:00
238.0,293.19684,2025-10-28 19:00:00
200.0,261.5053,2025-10-28 19:00:00
487.0,331.4511,2025-10-28 20:00:00
285.0,285.93155,2025-10-28 20:00:00
412.0,300.32526,2025-10-28 20:00:00
238.0,289.07355,2025-10-28 20:00:00
201.75,192.32942,2025-10-28 20:00:00
314.0,274.2858,2025-10-28 21:00:00
252.0,325.36456,2025-10-28 21:00:00
448.0,334.4468,2025-10-28 21:00:00
396.0,309.21747,2025-10-28 21:00:00
203.25,196.14905,2025-10-28 21:00:00
345.0,302.99,2025-10-28 22:00:00
273.0,292.16748,2025-10-28 22:00:00
427.0,346.9793,2025-10-28 22:00:00
338.0,272.7766,2025-10-28 22:00:00
187.25,195.79877,2025-10-28 22:00:00
187.25,180.73402,2025-10-28 23:00:00
260.0,257.65845,2025-10-28 23:00:00
310.0,281.74506,2025-10-28 23:00:00
265.0,325.80914,2025-10-28 23:00:00
237.0,281.5575,2025-10-28 23:00:00
260.0,233.25133,2025-10-29 00:00:00
249.0,244.24162,2025-10-29 00:00:00
84.0,163.73546,2025-10-29 00:00:00
252.0,222.33585,2025-10-29 00:00:00
271.0,293.69492,2025-10-29 00:00:00
256.0,226.26683,2025-10-29 01:00:00
248.0,219.32018,2025-10-29 01:00:00
276.0,268.71014,2025-10-29 01:00:00
265.0,219.91953,2025-10-29 01:00:00
199.5,158.737,2025-10-29 01:00:00
235.0,211.95222,2025-10-29 02:00:00
238.0,273.79068,2025-10-29 02:00:00
216.25,145.93471,2025-10-29 02:00:00
301.0,309.8278,2025-10-29 02:00:00
298.0,189.34293,2025-10-29 02:00:00
228.25,143.16881,2025-10-29 03:00:00
280.0,225.2111,2025-10-29 03:00:00
285.0,190.84816,2025-10-29 03:00:00
302.0,272.22983,2025-10-29 03:00:00
280.0,177.01778,2025-10-29 03:00:00
312.0,228.3069,2025-10-29 04:00:00
342.0,179.50584,2025-10-29 04:00:00
305.0,216.21094,2025-10-29 04:00:00
349.0,259.55765,2025-10-29 04:00:00
245.25,132.27672,2025-10-29 04:00:00
316.0,243.51302,2025-10-29 05:00:00
338.0,277.35892,2025-10-29 05:00:00
360.0,352.43423,2025-10-29 05:00:00
254.5,132.35115,2025-10-29 05:00:00
352.0,242.67664,2025-10-29 05:00:00
361.0,391.70435,2025-10-29 06:00:00
283.0,277.9656,2025-10-29 06:00:00
278.25,161.20659,2025-10-29 06:00:00
438.0,343.1358,2025-10-29 06:00:00
401.0,302.45013,2025-10-29 06:00:00
434.0,436.86642,2025-10-29 07:00:00
332.0,305.4869,2025-10-29 07:00:00
281.5,187.19048,2025-10-29 07:00:00
416.0,338.24954,2025-10-29 07:00:00
495.0,405.09164,2025-10-29 07:00:00
488.0,469.7243,2025-10-29 08:00:00
287.0,201.24806,2025-10-29 08:00:00
495.0,421.13754,2025-10-29 08:00:00
392.0,336.9653,2025-10-29 08:00:00
469.0,355.14423,2025-10-29 08:00:00
293.5,208.34468,2025-10-29 09:00:00
423.0,376.0229,2025-10-29 09:00:00
443.0,439.59836,2025-10-29 09:00:00
421.0,346.98987,2025-10-29 09:00:00
498.0,517.81744,2025-10-29 09:00:00
576.0,460.98584,2025-10-29 10:00:00
437.0,325.98392,2025-10-29 10:00:00
291.75,178.09389,2025-10-29 10:00:00
414.0,356.15015,2025-10-29 10:00:00
455.0,389.72873,2025-10-29 10:00:00
352.0,342.82175,2025-10-29 11:00:00
288.0,206.43744,2025-10-29 11:00:00
548.0,473.39856,2025-10-29 11:00:00
421.0,297.03656,2025-10-29 11:00:00
426.0,360.15964,2025-10-29 11:00:00
347.0,327.46735,2025-10-29 12:00:00
444.0,321.373,2025-10-29 12:00:00
425.0,349.30084,2025-10-29 12:00:00
310.75,205.13261,2025-10-29 12:00:00
583.0,466.76215,2025-10-29 12:00:00
305.25,217.62541,2025-10-29 13:00:00
401.0,338.33997,2025-10-29 13:00:00
322.0,253.29689,2025-10-29 13:00:00
400.0,355.70508,2025-10-29 13:00:00
660.0,493.94693,2025-10-29 13:00:00
323.75,221.46489,2025-10-29 14:00:00
688.0,414.0855,2025-10-29 14:00:00
423.0,277.52353,2025-10-29 14:00:00
428.0,304.56586,2025-10-29 14:00:00
307.0,267.40372,2025-10-29 14:00:00
366.0,268.75183,2025-10-29 15:00:00
326.5,212.87674,2025-10-29 15:00:00
316.0,277.1961,2025-10-29 15:00:00
360.0,324.3711,2025-10-29 15:00:00
729.0,379.87402,2025-10-29 15:00:00
527.0,352.8122,2025-10-29 16:00:00
394.0,310.45465,2025-10-29 16:00:00
303.0,276.12473,2025-10-29 16:00:00
333.25,212.90204,2025-10-29 16:00:00
367.0,261.90338,2025-10-29 16:00:00
361.0,266.85126,2025-10-29 17:00:00
340.0,238.6226,2025-10-29 17:00:00
477.0,310.32944,2025-10-29 17:00:00
410.0,347.36356,2025-10-29 17:00:00
314.0,288.70413,2025-10-29 17:00:00
325.0,291.1779,2025-10-29 18:00:00
367.5,249.80984,2025-10-29 18:00:00
415.0,388.27692,2025-10-29 18:00:00
361.0,270.50467,2025-10-29 18:00:00
464.0,334.20627,2025-10-29 18:00:00
360.0,325.6827,2025-10-29 19:00:00
451.0,304.32523,2025-10-29 19:00:00
455.0,342.81738,2025-10-29 19:00:00
394.0,265.40567,2025-10-29 19:00:00
510.0,516.5151,2025-10-29 19:00:00
458.0,363.4085,2025-10-29 20:00:00
393.0,259.6493,2025-10-29 20:00:00
461.0,360.4786,2025-10-29 20:00:00
440.0,340.557,2025-10-29 20:00:00
548.0,445.1701,2025-10-29 20:00:00
498.0,421.36423,2025-10-29 21:00:00
523.0,361.63272,2025-10-29 21:00:00
391.25,258.27713,2025-10-29 21:00:00
544.0,368.27463,2025-10-29 21:00:00
506.0,363.912,2025-10-29 21:00:00
495.0,340.02817,2025-10-29 22:00:00
583.0,349.64203,2025-10-29 22:00:00
294.0,244.58412,2025-10-29 22:00:00
498.0,351.649,2025-10-29 22:00:00
760.0,415.20526,2025-10-29 22:00:00
409.0,316.7173,2025-10-29 23:00:00
494.0,321.8452,2025-10-29 23:00:00
384.0,371.06512,2025-10-29 23:00:00
434.0,322.18466,2025-10-29 23:00:00
251.25,236.58244,2025-10-29 23:00:00
288.0,290.42175,2025-10-30 00:00:00
160.0,180.651,2025-10-30 00:00:00
250.0,266.37433,2025-10-30 00:00:00
246.0,265.66367,2025-10-30 00:00:00
254.0,354.56226,2025-10-30 00:00:00
165.5,175.52643,2025-10-30 01:00:00
265.0,265.74908,2025-10-30 01:00:00
314.0,239.30287,2025-10-30 01:00:00
260.0,270.15756,2025-10-30 01:00:00
221.0,346.3798,2025-10-30 01:00:00
164.0,263.4722,2025-10-30 02:00:00
276.0,336.71286,2025-10-30 02:00:00
183.0,204.29706,2025-10-30 02:00:00
244.0,243.29816,2025-10-30 02:00:00
269.0,240.8451,2025-10-30 02:00:00
282.0,258.78848,2025-10-30 03:00:00
227.0,263.05835,2025-10-30 03:00:00
191.5,202.60777,2025-10-30 03:00:00
263.0,322.56094,2025-10-30 03:00:00
227.0,285.93826,2025-10-30 03:00:00
168.5,193.47505,2025-10-30 04:00:00
202.0,277.18707,2025-10-30 04:00:00
306.0,258.53076,2025-10-30 04:00:00
254.0,299.4058,2025-10-30 04:00:00
239.0,258.69394,2025-10-30 04:00:00
219.0,269.94498,2025-10-30 05:00:00
298.0,303.63782,2025-10-30 05:00:00
238.0,272.92426,2025-10-30 05:00:00
238.0,286.0293,2025-10-30 05:00:00
158.75,217.10669,2025-10-30 05:00:00
251.0,368.9859,2025-10-30 06:00:00
217.0,325.09186,2025-10-30 06:00:00
294.0,498.76132,2025-10-30 06:00:00
162.75,215.61995,2025-10-30 06:00:00
224.0,295.4944,2025-10-30 06:00:00
228.0,369.38245,2025-10-30 07:00:00
256.0,541.4604,2025-10-30 07:00:00
227.0,499.0699,2025-10-30 07:00:00
182.0,410.73776,2025-10-30 07:00:00
150.25,278.06174,2025-10-30 07:00:00
208.0,483.18735,2025-10-30 08:00:00
211.0,581.4184,2025-10-30 08:00:00
133.0,284.62042,2025-10-30 08:00:00
232.0,376.33017,2025-10-30 08:00:00
175.0,474.45087,2025-10-30 08:00:00
194.0,580.10065,2025-10-30 09:00:00
162.0,575.3692,2025-10-30 09:00:00
193.0,489.4324,2025-10-30 09:00:00
133.0,304.7713,2025-10-30 09:00:00
171.0,540.5201,2025-10-30 09:00:00
208.0,616.72705,2025-10-30 10:00:00
173.0,398.9657,2025-10-30 10:00:00
138.25,287.25287,2025-10-30 10:00:00
162.0,457.44107,2025-10-30 10:00:00
132.0,455.6262,2025-10-30 10:00:00
196.0,548.4854,2025-10-30 11:00:00
117.0,432.5988,2025-10-30 11:00:00
148.0,371.1838,2025-10-30 11:00:00
135.0,444.20227,2025-10-30 11:00:00
147.0,259.34137,2025-10-30 11:00:00
133.0,416.89102,2025-10-30 12:00:00
131.25,276.44516,2025-10-30 12:00:00
147.0,279.76013,2025-10-30 12:00:00
175.0,568.9636,2025-10-30 12:00:00
162.0,433.28192,2025-10-30 12:00:00
116.5,266.4757,2025-10-30 13:00:00
139.0,376.32663,2025-10-30 13:00:00
152.0,350.73456,2025-10-30 13:00:00
194.0,330.8934,2025-10-30 13:00:00
130.0,536.02856,2025-10-30 13:00:00
180.0,352.7698,2025-10-30 14:00:00
118.0,518.0092,2025-10-30 14:00:00
166.0,365.6075,2025-10-30 14:00:00
120.25,254.53198,2025-10-30 14:00:00
132.0,386.19955,2025-10-30 14:00:00
138.0,495.95892,2025-10-30 15:00:00
154.0,382.2856,2025-10-30 15:00:00
144.0,342.44717,2025-10-30 15:00:00
136.0,366.77383,2025-10-30 15:00:00
112.75,234.38368,2025-10-30 15:00:00
113.0,266.98514,2025-10-30 16:00:00
129.0,416.62387,2025-10-30 16:00:00
130.0,335.64746,2025-10-30 16:00:00
111.25,216.74158,2025-10-30 16:00:00
132.0,339.47516,2025-10-30 16:00:00
125.0,380.01468,2025-10-30 17:00:00
105.75,161.66273,2025-10-30 17:00:00
113.0,334.5846,2025-10-30 17:00:00
99.0,302.24756,2025-10-30 17:00:00
119.0,224.60448,2025-10-30 17:00:00
100.25,186.38644,2025-10-30 18:00:00
121.0,192.07991,2025-10-30 18:00:00
105.0,367.99155,2025-10-30 18:00:00
111.0,361.53894,2025-10-30 18:00:00
87.0,286.2921,2025-10-30 18:00:00
114.0,349.96408,2025-10-30 19:00:00
99.0,286.7253,2025-10-30 19:00:00
132.0,330.71777,2025-10-30 19:00:00
95.5,191.56865,2025-10-30 19:00:00
135.0,338.06876,2025-10-30 19:00:00
103.5,196.41869,2025-10-30 20:00:00
164.0,387.2385,2025-10-30 20:00:00
122.0,354.10767,2025-10-30 20:00:00
124.0,322.2966,2025-10-30 20:00:00
127.0,321.564,2025-10-30 20:00:00
161.0,387.78885,2025-10-30 21:00:00
124.25,191.74977,2025-10-30 21:00:00
161.0,337.60352,2025-10-30 21:00:00
158.0,325.96478,2025-10-30 21:00:00
313.0,358.4275,2025-10-30 21:00:00
151.0,378.09845,2025-10-30 22:00:00
225.0,338.0461,2025-10-30 22:00:00
142.75,183.74706,2025-10-30 22:00:00
178.0,351.30096,2025-10-30 22:00:00
153.0,291.37857,2025-10-30 22:00:00
157.0,310.63995,2025-10-30 23:00:00
148.66666666666666,167.33691,2025-10-30 23:00:00
155.0,295.951,2025-10-30 23:00:00
235.0,268.56592,2025-10-30 23:00:00
320.0,283.48322,2025-10-30 23:00:00
206.0,271.56274,2025-10-31 00:00:00
158.0,243.79402,2025-10-31 00:00:00
138.0,238.66353,2025-10-31 00:00:00
157.33333333333334,158.6789,2025-10-31 00:00:00
269.0,191.59348,2025-10-31 00:00:00
153.0,238.72691,2025-10-31 01:00:00
157.0,217.32175,2025-10-31 01:00:00
241.0,247.72685,2025-10-31 01:00:00
160.75,158.22533,2025-10-31 01:00:00
158.0,226.5243,2025-10-31 01:00:00
145.0,231.46677,2025-10-31 02:00:00
146.0,203.97916,2025-10-31 02:00:00
155.66666666666666,147.29704,2025-10-31 02:00:00
165.0,183.5442,2025-10-31 02:00:00
195.0,249.4564,2025-10-31 02:00:00
157.0,183.03743,2025-10-31 03:00:00
279.0,244.07703,2025-10-31 03:00:00
137.66666666666666,138.1049,2025-10-31 03:00:00
119.0,180.33865,2025-10-31 03:00:00
261.0,214.62766,2025-10-31 03:00:00
343.0,216.63512,2025-10-31 04:00:00
171.0,199.50774,2025-10-31 04:00:00
147.0,162.62447,2025-10-31 04:00:00
134.0,157.05174,2025-10-31 04:00:00
119.0,199.83865,2025-10-31 04:00:00
147.0,209.49864,2025-10-31 05:00:00
131.0,202.48761,2025-10-31 05:00:00
139.75,150.38766,2025-10-31 05:00:00
140.0,242.80592,2025-10-31 05:00:00
278.0,210.27608,2025-10-31 05:00:00
278.0,282.00693,2025-10-31 06:00:00
332.0,254.26172,2025-10-31 06:00:00
193.0,231.64064,2025-10-31 06:00:00
150.0,213.68617,2025-10-31 06:00:00
162.75,146.09735,2025-10-31 06:00:00
193.0,231.57004,2025-10-31 07:00:00
284.0,335.3865,2025-10-31 07:00:00
246.0,268.5247,2025-10-31 07:00:00
168.25,149.51514,2025-10-31 07:00:00
299.0,277.83554,2025-10-31 07:00:00
279.0,251.4328,2025-10-31 08:00:00
176.25,150.88156,2025-10-31 08:00:00
346.0,299.02515,2025-10-31 08:00:00
265.0,234.31038,2025-10-31 08:00:00
299.0,283.5756,2025-10-31 08:00:00
351.0,250.17105,2025-10-31 09:00:00
336.0,230.01851,2025-10-31 09:00:00
189.66666666666663,143.31944,2025-10-31 09:00:00
273.0,311.4711,2025-10-31 09:00:00
334.0,239.36806,2025-10-31 09:00:00
197.0,156.85156,2025-10-31 10:00:00
340.0,280.24136,2025-10-31 10:00:00
426.0,215.98795,2025-10-31 10:00:00
372.0,219.8196,2025-10-31 10:00:00
299.0,271.891,2025-10-31 10:00:00
383.0,230.19348,2025-10-31 11:00:00
368.0,286.96317,2025-10-31 11:00:00
263.0,285.46173,2025-10-31 11:00:00
327.0,225.30298,2025-10-31 11:00:00
196.3333333333333,149.71191,2025-10-31 11:00:00
238.0,267.55835,2025-10-31 12:00:00
309.0,294.5413,2025-10-31 12:00:00
423.0,226.50685,2025-10-31 12:00:00
304.0,194.27242,2025-10-31 12:00:00
174.25,180.0939,2025-10-31 12:00:00
178.0,167.41441,2025-10-31 13:00:00
278.0,289.95068,2025-10-31 13:00:00
255.0,217.11844,2025-10-31 13:00:00
305.0,204.07848,2025-10-31 13:00:00
253.0,280.5761,2025-10-31 13:00:00
255.0,220.59473,2025-10-31 14:00:00
243.0,220.75722,2025-10-31 14:00:00
249.0,250.71228,2025-10-31 14:00:00
161.75,152.66382,2025-10-31 14:00:00
271.0,281.69308,2025-10-31 14:00:00
136.5,175.31137,2025-10-31 15:00:00
259.0,215.69969,2025-10-31 15:00:00
227.0,290.72467,2025-10-31 15:00:00
211.0,208.09134,2025-10-31 15:00:00
200.0,214.98212,2025-10-31 15:00:00
201.0,306.42496,2025-10-31 16:00:00
213.0,202.50365,2025-10-31 16:00:00
180.0,200.44975,2025-10-31 16:00:00
129.75,157.6849,2025-10-31 16:00:00
180.0,190.55577,2025-10-31 16:00:00
162.0,196.18497,2025-10-31 17:00:00
213.0,270.0499,2025-10-31 17:00:00
194.0,195.02748,2025-10-31 17:00:00
130.25,171.2453,2025-10-31 17:00:00
190.0,200.10635,2025-10-31 17:00:00
200.0,188.72144,2025-10-31 18:00:00
155.0,195.0149,2025-10-31 18:00:00
132.75,172.89178,2025-10-31 18:00:00
195.0,186.60759,2025-10-31 18:00:00
222.0,293.56915,2025-10-31 18:00:00
209.0,183.55734,2025-10-31 19:00:00
259.0,191.86343,2025-10-31 19:00:00
178.0,188.33636,2025-10-31 19:00:00
140.75,167.5387,2025-10-31 19:00:00
233.0,282.09137,2025-10-31 19:00:00
436.0,198.13268,2025-10-31 20:00:00
210.66666666666663,166.57979,2025-10-31 20:00:00
257.0,210.12239,2025-10-31 20:00:00
230.0,235.17638,2025-10-31 20:00:00
296.0,281.50162,2025-10-31 20:00:00
407.0,206.6464,2025-10-31 21:00:00
340.0,237.38538,2025-10-31 21:00:00
392.0,323.901,2025-10-31 21:00:00
321.0,242.19919,2025-10-31 21:00:00
297.5,173.82396,2025-10-31 21:00:00
385.6666666666667,182.03638,2025-10-31 22:00:00
453.0,261.62555,2025-10-31 22:00:00
515.0,207.06863,2025-10-31 22:00:00
624.0,287.16147,2025-10-31 22:00:00
426.0,225.86688,2025-10-31 22:00:00
511.0,333.72742,2025-10-31 23:00:00
539.0,222.31447,2025-10-31 23:00:00
533.0,228.62045,2025-10-31 23:00:00
388.5,165.08437,2025-10-31 23:00:00
481.0,257.40347,2025-10-31 23:00:00
387.0,290.8297,2025-11-01 00:00:00
440.0,229.15067,2025-11-01 00:00:00
322.0,181.56625,2025-11-01 00:00:00
451.0,207.99818,2025-11-01 00:00:00
440.0,239.02078,2025-11-01 00:00:00
387.0,203.46298,2025-11-01 01:00:00
355.0,192.72409,2025-11-01 01:00:00
269.5,163.71619,2025-11-01 01:00:00
412.0,216.8831,2025-11-01 01:00:00
333.0,251.54582,2025-11-01 01:00:00
236.0,152.72635,2025-11-01 02:00:00
409.0,190.30519,2025-11-01 02:00:00
251.0,251.91039,2025-11-01 02:00:00
415.0,193.97844,2025-11-01 02:00:00
403.0,190.0331,2025-11-01 02:00:00
431.0,264.0403,2025-11-01 03:00:00
405.0,202.31609,2025-11-01 03:00:00
224.25,141.20969,2025-11-01 03:00:00
355.0,307.6184,2025-11-01 03:00:00
413.0,176.34038,2025-11-01 03:00:00
166.33333333333334,135.12689,2025-11-01 04:00:00
443.0,217.04501,2025-11-01 04:00:00
302.0,335.66727,2025-11-01 04:00:00
403.0,173.6744,2025-11-01 04:00:00
368.0,200.98209,2025-11-01 04:00:00
175.0,145.82097,2025-11-01 05:00:00
407.0,193.70966,2025-11-01 05:00:00
495.0,260.77142,2025-11-01 05:00:00
263.0,339.46973,2025-11-01 05:00:00
435.0,218.37036,2025-11-01 05:00:00
473.0,244.845,2025-11-01 06:00:00
527.0,201.44478,2025-11-01 06:00:00
226.5,153.09703,2025-11-01 06:00:00
340.0,351.6287,2025-11-01 06:00:00
587.0,419.30157,2025-11-01 06:00:00
504.0,280.31427,2025-11-01 07:00:00
603.0,277.90375,2025-11-01 07:00:00
514.0,443.01953,2025-11-01 07:00:00
249.75,170.30818,2025-11-01 07:00:00
569.0,573.14465,2025-11-01 07:00:00
827.0,452.16678,2025-11-01 08:00:00
571.0,602.1869,2025-11-01 08:00:00
596.0,380.15237,2025-11-01 08:00:00
244.5,211.93002,2025-11-01 08:00:00
467.0,362.53125,2025-11-01 08:00:00
532.0,575.07605,2025-11-01 09:00:00
207.75,247.74387,2025-11-01 09:00:00
438.0,438.65097,2025-11-01 09:00:00
552.0,438.76196,2025-11-01 09:00:00
753.0,503.74365,2025-11-01 09:00:00
672.0,557.3064,2025-11-01 10:00:00
180.0,282.6668,2025-11-01 10:00:00
456.0,421.41757,2025-11-01 10:00:00
457.0,422.69925,2025-11-01 10:00:00
517.0,525.83527,2025-11-01 10:00:00
580.0,617.0369,2025-11-01 11:00:00
413.0,481.67496,2025-11-01 11:00:00
158.0,297.82108,2025-11-01 11:00:00
394.0,500.18585,2025-11-01 11:00:00
367.0,476.63245,2025-11-01 11:00:00
323.0,537.6062,2025-11-01 12:00:00
423.0,545.8937,2025-11-01 12:00:00
180.0,322.17764,2025-11-01 12:00:00
321.0,486.61035,2025-11-01 12:00:00
585.0,659.9354,2025-11-01 12:00:00
291.0,538.926,2025-11-01 13:00:00
176.25,317.74872,2025-11-01 13:00:00
388.0,501.51172,2025-11-01 13:00:00
288.0,488.50262,2025-11-01 13:00:00
277.0,609.04565,2025-11-01 13:00:00
266.0,492.64545,2025-11-01 14:00:00
333.0,484.81992,2025-11-01 14:00:00
138.5,335.31158,2025-11-01 14:00:00
327.0,416.74582,2025-11-01 14:00:00
289.0,421.98322,2025-11-01 14:00:00
416.0,471.6082,2025-11-01 15:00:00
332.0,388.75552,2025-11-01 15:00:00
277.0,475.28586,2025-11-01 15:00:00
156.5,334.68823,2025-11-01 15:00:00
283.0,448.39706,2025-11-01 15:00:00
209.75,312.12808,2025-11-01 16:00:00
270.0,407.60388,2025-11-01 16:00:00
306.0,408.4144,2025-11-01 16:00:00
405.0,413.53094,2025-11-01 16:00:00
335.0,370.96222,2025-11-01 16:00:00
342.0,301.22968,2025-11-01 17:00:00
526.0,390.515,2025-11-01 17:00:00
298.0,320.42987,2025-11-01 17:00:00
345.0,336.5225,2025-11-01 17:00:00
235.25,249.5324,2025-11-01 17:00:00
237.25,259.56882,2025-11-01 18:00:00
345.0,335.63205,2025-11-01 18:00:00
637.0,403.10367,2025-11-01 18:00:00
394.0,340.14493,2025-11-01 18:00:00
322.0,321.75983,2025-11-01 18:00:00
407.0,380.06516,2025-11-01 19:00:00
538.0,421.36417,2025-11-01 19:00:00
322.0,359.3169,2025-11-01 19:00:00
346.0,344.64417,2025-11-01 19:00:00
215.25,255.85571,2025-11-01 19:00:00
337.0,381.96982,2025-11-01 20:00:00
412.0,397.7101,2025-11-01 20:00:00
498.0,482.75806,2025-11-01 20:00:00
185.0,277.65506,2025-11-01 20:00:00
371.0,393.215,2025-11-01 20:00:00
440.0,430.93637,2025-11-01 21:00:00
195.25,313.0174,2025-11-01 21:00:00
365.0,425.23688,2025-11-01 21:00:00
455.0,517.9363,2025-11-01 21:00:00
411.0,413.0658,2025-11-01 21:00:00
372.0,496.06094,2025-11-01 22:00:00
472.0,563.9881,2025-11-01 22:00:00
447.0,456.05664,2025-11-01 22:00:00
239.25,316.97458,2025-11-01 22:00:00
409.0,412.36978,2025-11-01 22:00:00
416.0,401.0845,2025-11-01 23:00:00
216.25,270.64075,2025-11-01 23:00:00
392.0,454.5711,2025-11-01 23:00:00
306.0,478.64413,2025-11-01 23:00:00
427.0,370.77356,2025-11-01 23:00:00
159.75,227.78827,2025-11-02 00:00:00
392.0,350.5392,2025-11-02 00:00:00
346.0,374.5958,2025-11-02 00:00:00
385.0,329.59726,2025-11-02 00:00:00
376.0,441.66272,2025-11-02 00:00:00
333.0,361.06332,2025-11-02 01:00:00
314.0,285.89804,2025-11-02 01:00:00
262.0,290.4106,2025-11-02 01:00:00
55.25,207.25323,2025-11-02 01:00:00
284.0,302.01352,2025-11-02 01:00:00
262.0,301.5338,2025-11-02 02:00:00
234.0,287.54315,2025-11-02 02:00:00
10.5,189.83075,2025-11-02 02:00:00
251.0,294.749,2025-11-02 02:00:00
206.0,281.40256,2025-11-02 02:00:00
10.5,178.8664,2025-11-02 03:00:00
194.0,282.42474,2025-11-02 03:00:00
195.0,295.60757,2025-11-02 03:00:00
205.0,273.99612,2025-11-02 03:00:00
240.0,283.13815,2025-11-02 03:00:00
205.0,297.36716,2025-11-02 04:00:00
206.0,292.70154,2025-11-02 04:00:00
345.0,249.23497,2025-11-02 04:00:00
178.0,291.3847,2025-11-02 04:00:00
10.5,166.91309,2025-11-02 04:00:00
269.0,306.67303,2025-11-02 05:00:00
202.0,337.33005,2025-11-02 05:00:00
19.0,193.85129,2025-11-02 05:00:00
233.0,313.74353,2025-11-02 05:00:00
216.0,514.47327,2025-11-02 05:00:00
280.0,592.7933,2025-11-02 06:00:00
235.0,474.04318,2025-11-02 06:00:00
254.0,399.7716,2025-11-02 06:00:00
68.0,210.27519,2025-11-02 06:00:00
338.0,392.707,2025-11-02 06:00:00
364.0,561.9488,2025-11-02 07:00:00
119.0,242.23213,2025-11-02 07:00:00
370.0,702.66583,2025-11-02 07:00:00
280.0,505.78558,2025-11-02 07:00:00
289.0,483.20776,2025-11-02 07:00:00
405.0,675.5453,2025-11-02 08:00:00
379.0,528.5269,2025-11-02 08:00:00
120.75,250.14706,2025-11-02 08:00:00
276.0,567.6636,2025-11-02 08:00:00
384.0,660.1668,2025-11-02 08:00:00
255.0,707.17523,2025-11-02 09:00:00
116.75,249.76659,2025-11-02 09:00:00
309.0,555.95605,2025-11-02 09:00:00
431.0,534.19574,2025-11-02 09:00:00
333.0,647.5251,2025-11-02 09:00:00
108.25,268.23895,2025-11-02 10:00:00
357.0,704.6756,2025-11-02 10:00:00
394.0,526.67456,2025-11-02 10:00:00
331.0,581.69214,2025-11-02 10:00:00
319.0,529.1114,2025-11-02 10:00:00
72.66666666666667,270.26483,2025-11-02 11:00:00
311.0,507.22025,2025-11-02 11:00:00
353.0,454.7406,2025-11-02 11:00:00
280.0,458.69122,2025-11-02 11:00:00
477.0,697.90753,2025-11-02 11:00:00
301.0,434.4791,2025-11-02 12:00:00
266.0,430.69806,2025-11-02 12:00:00
415.0,598.0654,2025-11-02 12:00:00
50.0,286.9506,2025-11-02 12:00:00
305.0,523.94403,2025-11-02 12:00:00
343.0,545.1404,2025-11-02 13:00:00
263.0,389.7643,2025-11-02 13:00:00
269.0,434.06216,2025-11-02 13:00:00
45.75,242.39764,2025-11-02 13:00:00
260.0,476.2464,2025-11-02 13:00:00
103.0,226.23717,2025-11-02 14:00:00
318.0,427.28088,2025-11-02 14:00:00
232.0,414.45517,2025-11-02 14:00:00
222.0,395.66376,2025-11-02 14:00:00
494.0,460.9281,2025-11-02 14:00:00
75.5,218.69102,2025-11-02 15:00:00
235.0,394.47662,2025-11-02 15:00:00
536.0,545.9986,2025-11-02 15:00:00
239.0,414.2813,2025-11-02 15:00:00
334.0,415.39917,2025-11-02 15:00:00
431.0,484.24136,2025-11-02 16:00:00
244.0,389.48245,2025-11-02 16:00:00
244.0,403.04245,2025-11-02 16:00:00
16.25,218.04039,2025-11-02 16:00:00
257.0,423.46973,2025-11-02 16:00:00
317.0,493.64487,2025-11-02 17:00:00
16.25,215.30562,2025-11-02 17:00:00
218.0,389.0444,2025-11-02 17:00:00
243.0,417.3057,2025-11-02 17:00:00
221.0,410.73917,2025-11-02 17:00:00
222.0,405.18677,2025-11-02 18:00:00
16.25,210.10043,2025-11-02 18:00:00
249.0,400.24298,2025-11-02 18:00:00
300.0,514.6532,2025-11-02 18:00:00
215.0,392.4713,2025-11-02 18:00:00
161.0,490.57675,2025-11-02 19:00:00
16.25,209.94478,2025-11-02 19:00:00
249.0,372.92596,2025-11-02 19:00:00
225.0,381.21786,2025-11-02 19:00:00
251.0,382.78357,2025-11-02 19:00:00
311.0,384.865,2025-11-02 20:00:00
271.0,373.54337,2025-11-02 20:00:00
299.0,504.2283,2025-11-02 20:00:00
277.0,402.11,2025-11-02 20:00:00
398.0,497.09552,2025-11-02 21:00:00
316.0,391.78625,2025-11-02 21:00:00
296.0,405.7064,2025-11-02 21:00:00
264.0,387.22968,2025-11-02 21:00:00
294.0,412.16586,2025-11-02 22:00:00
294.0,374.33594,2025-11-02 22:00:00
555.0,471.1677,2025-11-02 22:00:00
276.0,370.50595,2025-11-02 22:00:00
279.0,353.3431,2025-11-02 23:00:00
488.0,391.70633,2025-11-02 23:00:00
361.0,372.12665,2025-11-02 23:00:00
230.0,359.6544,2025-11-02 23:00:00
402.3333333333333,207.43776,2025-11-02 23:00:00
399.0,315.51807,2025-11-03 00:00:00
226.0,350.0645,2025-11-03 00:00:00
505.25,132.95697,2025-11-03 00:00:00
429.0,342.52542,2025-11-03 00:00:00
636.0,412.43695,2025-11-03 00:00:00
210.0,320.7627,2025-11-03 01:00:00
470.25,119.39033,2025-11-03 01:00:00
307.0,292.81775,2025-11-03 01:00:00
454.0,296.05347,2025-11-03 01:00:00
593.0,396.1279,2025-11-03 01:00:00
161.0,289.9997,2025-11-03 02:00:00
417.0,371.76135,2025-11-03 02:00:00
198.0,242.82886,2025-11-03 02:00:00
365.5,122.2169,2025-11-03 02:00:00
374.0,261.74872,2025-11-03 02:00:00
389.0,324.7264,2025-11-03 03:00:00
189.0,242.5435,2025-11-03 03:00:00
265.0,264.41153,2025-11-03 03:00:00
195.0,243.2773,2025-11-03 03:00:00
253.5,106.50981,2025-11-03 03:00:00
195.0,247.59732,2025-11-03 04:00:00
189.0,239.63998,2025-11-03 04:00:00
179.5,122.19757,2025-11-03 04:00:00
265.0,259.85806,2025-11-03 04:00:00
355.0,368.95233,2025-11-03 04:00:00
265.0,267.67975,2025-11-03 05:00:00
230.0,272.03198,2025-11-03 05:00:00
195.75,112.78867,2025-11-03 05:00:00
218.0,390.45572,2025-11-03 05:00:00
210.0,234.84169,2025-11-03 05:00:00
359.0,457.16522,2025-11-03 06:00:00
265.0,307.99475,2025-11-03 06:00:00
337.0,447.0465,2025-11-03 06:00:00
266.0,253.26588,2025-11-03 06:00:00
274.75,125.49118,2025-11-03 06:00:00
445.0,314.40265,2025-11-03 07:00:00
370.0,478.71887,2025-11-03 07:00:00
489.0,509.99478,2025-11-03 07:00:00
307.0,336.73248,2025-11-03 07:00:00
302.5,128.69312,2025-11-03 07:00:00
373.0,395.89398,2025-11-03 08:00:00
558.0,536.14044,2025-11-03 08:00:00
470.0,507.52878,2025-11-03 08:00:00
360.0,353.31897,2025-11-03 08:00:00
492.0,490.2923,2025-11-03 09:00:00
471.0,427.61038,2025-11-03 09:00:00
332.0,394.14917,2025-11-03 09:00:00
719.0,454.42172,2025-11-03 09:00:00
520.0,444.59195,2025-11-03 10:00:00
487.0,427.52692,2025-11-03 10:00:00
654.0,534.27576,2025-11-03 10:00:00
409.0,401.28827,2025-11-03 10:00:00
740.0,580.85547,2025-11-03 11:00:00
501.0,381.075,2025-11-03 11:00:00
344.0,371.1197,2025-11-03 11:00:00
519.0,403.50162,2025-11-03 11:00:00
331.3333333333333,191.57674,2025-11-03 11:00:00
500.0,411.7816,2025-11-03 12:00:00
466.0,365.02396,2025-11-03 12:00:00
296.5,161.30925,2025-11-03 12:00:00
671.0,517.9901,2025-11-03 12:00:00
274.0,353.25092,2025-11-03 12:00:00
609.0,575.7248,2025-11-03 13:00:00
239.0,361.1706,2025-11-03 13:00:00
444.0,382.23206,2025-11-03 13:00:00
406.0,368.31137,2025-11-03 13:00:00
306.25,228.75784,2025-11-03 13:00:00
307.25,270.08374,2025-11-03 14:00:00
208.0,388.2585,2025-11-03 14:00:00
328.0,369.86047,2025-11-03 14:00:00
354.0,442.49985,2025-11-03 14:00:00
600.0,597.1705,2025-11-03 14:00:00
585.0,584.0849,2025-11-03 15:00:00
293.0,437.77402,2025-11-03 15:00:00
301.0,269.07565,2025-11-03 15:00:00
229.0,322.76376,2025-11-03 15:00:00
183.0,338.3734,2025-11-03 15:00:00
183.0,302.6852,2025-11-03 16:00:00
508.0,555.2715,2025-11-03 16:00:00
170.0,312.0639,2025-11-03 16:00:00
302.0,237.68085,2025-11-03 16:00:00
269.0,340.365,2025-11-03 16:00:00
501.0,468.2339,2025-11-03 17:00:00
171.0,308.6699,2025-11-03 17:00:00
288.0,308.54242,2025-11-03 17:00:00
175.0,295.3343,2025-11-03 17:00:00
332.25,210.9399,2025-11-03 17:00:00
314.25,201.86453,2025-11-03 18:00:00
434.0,453.4934,2025-11-03 18:00:00
164.0,298.40182,2025-11-03 18:00:00
254.0,288.38397,2025-11-03 18:00:00
222.0,288.04218,2025-11-03 18:00:00
473.0,385.7907,2025-11-03 19:00:00
338.0,210.24786,2025-11-03 19:00:00
212.0,308.1789,2025-11-03 19:00:00
203.0,311.4457,2025-11-03 19:00:00
359.0,321.2206,2025-11-03 19:00:00
435.75,285.3036,2025-11-03 20:00:00
385.0,344.91013,2025-11-03 20:00:00
337.0,344.2926,2025-11-03 20:00:00
620.0,457.30963,2025-11-03 20:00:00
359.0,380.20026,2025-11-03 20:00:00
555.0,363.90536,2025-11-03 21:00:00
455.0,359.9926,2025-11-03 21:00:00
722.0,499.6302,2025-11-03 21:00:00
395.0,305.92426,2025-11-03 21:00:00
364.0,342.61377,2025-11-03 21:00:00
363.75,336.4817,2025-11-03 22:00:00
318.0,343.84564,2025-11-03 22:00:00
353.0,530.5772,2025-11-03 22:00:00
314.0,347.99658,2025-11-03 22:00:00
338.0,360.90057,2025-11-03 22:00:00
302.0,296.1364,2025-11-03 23:00:00
227.0,364.90524,2025-11-03 23:00:00
197.0,464.32986,2025-11-03 23:00:00
221.0,326.42206,2025-11-03 23:00:00
262.25,307.38467,2025-11-03 23:00:00
202.0,303.0323,2025-11-04 00:00:00
302.5,289.2538,2025-11-04 00:00:00
203.0,311.02,2025-11-04 00:00:00
227.0,335.9998,2025-11-04 00:00:00
240.0,496.30048,2025-11-04 00:00:00
191.5,244.73178,2025-11-04 01:00:00
217.0,279.18747,2025-11-04 01:00:00
227.0,318.50424,2025-11-04 01:00:00
306.0,480.22775,2025-11-04 01:00:00
290.0,269.00143,2025-11-04 01:00:00
195.0,224.71765,2025-11-04 02:00:00
145.75,218.96822,2025-11-04 02:00:00
227.0,288.31717,2025-11-04 02:00:00
283.0,234.79239,2025-11-04 02:00:00
261.0,346.11942,2025-11-04 02:00:00
235.0,309.7772,2025-11-04 03:00:00
77.0,227.67326,2025-11-04 03:00:00
252.0,341.6413,2025-11-04 03:00:00
137.5,202.27582,2025-11-04 03:00:00
238.0,244.31178,2025-11-04 03:00:00
186.0,352.02524,2025-11-04 04:00:00
104.0,227.31221,2025-11-04 04:00:00
235.0,311.20908,2025-11-04 04:00:00
122.75,178.49506,2025-11-04 04:00:00
186.0,255.71892,2025-11-04 04:00:00
130.0,240.82138,2025-11-04 05:00:00
183.0,347.74103,2025-11-04 05:00:00
235.0,299.7877,2025-11-04 05:00:00
185.0,307.9474,2025-11-04 05:00:00
136.5,196.08336,2025-11-04 05:00:00
167.0,269.31076,2025-11-04 06:00:00
200.0,372.28992,2025-11-04 06:00:00
157.0,324.31555,2025-11-04 06:00:00
300.0,264.5335,2025-11-04 06:00:00
162.0,399.9105,2025-11-04 06:00:00
153.0,511.5876,2025-11-04 07:00:00
273.0,431.2202,2025-11-04 07:00:00
188.5,289.21475,2025-11-04 07:00:00
160.0,347.62076,2025-11-04 07:00:00
210.0,353.66626,2025-11-04 07:00:00
241.0,333.74515,2025-11-04 08:00:00
279.0,477.63165,2025-11-04 08:00:00
244.0,308.4282,2025-11-04 08:00:00
189.0,378.61563,2025-11-04 08:00:00
233.0,494.77902,2025-11-04 08:00:00
315.0,397.20895,2025-11-04 09:00:00
283.5,302.455,2025-11-04 09:00:00
252.0,712.6185,2025-11-04 09:00:00
245.0,458.97174,2025-11-04 09:00:00
190.0,548.0295,2025-11-04 09:00:00
269.0,667.0903,2025-11-04 10:00:00
248.75,298.05988,2025-11-04 10:00:00
183.0,525.2292,2025-11-04 10:00:00
297.0,418.09552,2025-11-04 10:00:00
213.0,478.7436,2025-11-04 10:00:00
338.0,624.40704,2025-11-04 11:00:00
202.0,445.44818,2025-11-04 11:00:00
186.0,407.85876,2025-11-04 11:00:00
250.3333333333333,323.45126,2025-11-04 11:00:00
205.0,400.13583,2025-11-04 11:00:00
250.25,335.29587,2025-11-04 12:00:00
186.0,447.76865,2025-11-04 12:00:00
97.0,366.1126,2025-11-04 12:00:00
237.0,430.70233,2025-11-04 12:00:00
279.0,602.0681,2025-11-04 12:00:00
212.0,466.244,2025-11-04 13:00:00
247.0,327.92142,2025-11-04 13:00:00
155.0,397.84018,2025-11-04 13:00:00
285.0,554.9469,2025-11-04 13:00:00
125.0,326.68094,2025-11-04 13:00:00
150.0,367.16666,2025-11-04 14:00:00
253.5,314.16345,2025-11-04 14:00:00
299.0,449.42212,2025-11-04 14:00:00
152.0,269.2912,2025-11-04 14:00:00
153.0,364.795,2025-11-04 14:00:00
136.0,233.51648,2025-11-04 15:00:00
242.5,270.2331,2025-11-04 15:00:00
298.0,432.64868,2025-11-04 15:00:00
128.0,313.78336,2025-11-04 15:00:00
162.0,282.30838,2025-11-04 15:00:00
125.0,233.6859,2025-11-04 16:00:00
118.0,330.97668,2025-11-04 16:00:00
282.0,455.29932,2025-11-04 16:00:00
214.5,287.1182,2025-11-04 16:00:00
110.0,265.60132,2025-11-04 16:00:00
242.0,265.27512,2025-11-04 17:00:00
113.0,243.85532,2025-11-04 17:00:00
114.0,314.0902,2025-11-04 17:00:00
263.0,376.66122,2025-11-04 17:00:00
160.0,225.24197,2025-11-04 17:00:00
262.25,244.34386,2025-11-04 18:00:00
164.0,290.8454,2025-11-04 18:00:00
163.0,215.01482,2025-11-04 18:00:00
195.0,307.56433,2025-11-04 18:00:00
263.0,392.70734,2025-11-04 18:00:00
184.0,283.4568,2025-11-04 19:00:00
198.0,255.60742,2025-11-04 19:00:00
185.0,334.1564,2025-11-04 19:00:00
284.0,414.45667,2025-11-04 19:00:00
249.0,233.43443,2025-11-04 19:00:00
202.0,324.12152,2025-11-04 20:00:00
362.0,375.59958,2025-11-04 20:00:00
239.5,292.9914,2025-11-04 20:00:00
217.0,318.2263,2025-11-04 20:00:00
230.0,324.98883,2025-11-04 20:00:00
158.0,332.8003,2025-11-04 21:00:00
274.0,364.16473,2025-11-04 21:00:00
221.0,384.9854,2025-11-04 21:00:00
186.5,320.12344,2025-11-04 21:00:00
198.0,373.74854,2025-11-04 21:00:00
184.0,287.54236,2025-11-04 22:00:00
139.5,286.90634,2025-11-04 22:00:00
158.0,279.8909,2025-11-04 22:00:00
144.0,360.8223,2025-11-04 22:00:00
158.0,305.4431,2025-11-04 22:00:00
158.0,246.61816,2025-11-04 23:00:00
150.5,272.6952,2025-11-04 23:00:00
221.0,321.58246,2025-11-04 23:00:00
138.0,258.10544,2025-11-04 23:00:00
161.0,255.14542,2025-11-04 23:00:00
169.0,258.46802,2025-11-05 00:00:00
140.0,248.13338,2025-11-05 00:00:00
155.0,224.89679,2025-11-05 00:00:00
170.0,245.9769,2025-11-05 00:00:00
180.0,276.64594,2025-11-05 00:00:00
146.0,220.56425,2025-11-05 01:00:00
136.0,257.62717,2025-11-05 01:00:00
153.0,300.18607,2025-11-05 01:00:00
152.0,214.17351,2025-11-05 01:00:00
130.5,196.86969,2025-11-05 01:00:00
133.0,305.37326,2025-11-05 02:00:00
169.0,262.57114,2025-11-05 02:00:00
116.0,183.89902,2025-11-05 02:00:00
161.0,201.33003,2025-11-05 02:00:00
141.0,222.5018,2025-11-05 02:00:00
107.75,183.73946,2025-11-05 03:00:00
168.0,211.50424,2025-11-05 03:00:00
150.0,286.86526,2025-11-05 03:00:00
210.0,167.11987,2025-11-05 03:00:00
129.0,227.99446,2025-11-05 03:00:00
145.0,284.3586,2025-11-05 04:00:00
134.0,230.14952,2025-11-05 04:00:00
152.0,186.70409,2025-11-05 04:00:00
102.0,174.75603,2025-11-05 04:00:00
150.0,199.46866,2025-11-05 04:00:00
152.0,236.49811,2025-11-05 05:00:00
140.0,281.5881,2025-11-05 05:00:00
117.0,184.68692,2025-11-05 05:00:00
128.0,187.80426,2025-11-05 05:00:00
127.0,203.3928,2025-11-05 05:00:00
180.0,291.9676,2025-11-05 06:00:00
186.0,280.51633,2025-11-05 06:00:00
160.0,246.10669,2025-11-05 06:00:00
147.0,214.14296,2025-11-05 06:00:00
162.0,193.6242,2025-11-05 06:00:00
227.0,265.29004,2025-11-05 07:00:00
182.5,227.54771,2025-11-05 07:00:00
185.0,197.22607,2025-11-05 07:00:00
228.0,334.2571,2025-11-05 07:00:00
204.0,399.19376,2025-11-05 07:00:00
268.0,377.67194,2025-11-05 08:00:00
228.0,251.35635,2025-11-05 08:00:00
232.0,411.72345,2025-11-05 08:00:00
234.0,287.7939,2025-11-05 08:00:00
252.0,306.33713,2025-11-05 08:00:00
304.25,325.67755,2025-11-05 09:00:00
277.0,418.9587,2025-11-05 09:00:00
291.0,245.89665,2025-11-05 09:00:00
277.0,327.86902,2025-11-05 09:00:00
289.0,375.66714,2025-11-05 09:00:00
368.0,329.1442,2025-11-05 10:00:00
364.0,279.46176,2025-11-05 10:00:00
298.0,460.3031,2025-11-05 10:00:00
318.0,338.6681,2025-11-05 10:00:00
319.75,258.2452,2025-11-05 10:00:00
337.0,286.1089,2025-11-05 11:00:00
352.6666666666667,231.27055,2025-11-05 11:00:00
311.0,405.76318,2025-11-05 11:00:00
385.0,262.0088,2025-11-05 11:00:00
383.0,290.35242,2025-11-05 11:00:00
476.0,250.03444,2025-11-05 12:00:00
373.0,381.11777,2025-11-05 12:00:00
431.0,215.61687,2025-11-05 12:00:00
495.0,260.0531,2025-11-05 12:00:00
458.0,256.82272,2025-11-05 12:00:00
392.0,381.8077,2025-11-05 13:00:00
392.0,264.01926,2025-11-05 13:00:00
381.0,227.21674,2025-11-05 13:00:00
359.0,268.5204,2025-11-05 13:00:00
366.0,252.55046,2025-11-05 13:00:00
293.0,305.75427,2025-11-05 14:00:00
305.75,242.1006,2025-11-05 14:00:00
296.0,222.84021,2025-11-05 14:00:00
368.0,232.3912,2025-11-05 14:00:00
374.0,271.32816,2025-11-05 14:00:00
269.25,240.4007,2025-11-05 15:00:00
306.0,265.40103,2025-11-05 15:00:00
302.0,241.64294,2025-11-05 15:00:00
285.0,206.57628,2025-11-05 15:00:00
346.0,220.97733,2025-11-05 15:00:00
267.0,220.0182,2025-11-05 16:00:00
300.0,215.16739,2025-11-05 16:00:00
267.0,263.618,2025-11-05 16:00:00
444.0,191.64108,2025-11-05 16:00:00
307.0,207.33875,2025-11-05 16:00:00
493.0,186.96938,2025-11-05 17:00:00
365.0,211.47638,2025-11-05 17:00:00
290.0,216.5994,2025-11-05 17:00:00
273.0,285.90253,2025-11-05 17:00:00
358.0,196.41576,2025-11-05 17:00:00
548.0,198.36143,2025-11-05 18:00:00
446.0,208.49094,2025-11-05 18:00:00
305.0,305.70038,2025-11-05 18:00:00
348.25,250.37831,2025-11-05 18:00:00
422.0,229.4081,2025-11-05 18:00:00
598.0,242.30716,2025-11-05 19:00:00
508.0,232.14983,2025-11-05 19:00:00
525.0,216.80345,2025-11-05 19:00:00
365.0,293.7176,2025-11-05 19:00:00
465.0,220.32338,2025-11-05 19:00:00
467.0,328.15488,2025-11-05 20:00:00
765.0,291.22855,2025-11-05 20:00:00
598.0,275.473,2025-11-05 20:00:00
604.0,247.07509,2025-11-05 20:00:00
564.75,283.23962,2025-11-05 20:00:00
597.0,254.06847,2025-11-05 21:00:00
528.0,271.12268,2025-11-05 21:00:00
696.0,325.49026,2025-11-05 21:00:00
542.0,263.4339,2025-11-05 21:00:00
438.0,315.05978,2025-11-05 21:00:00
572.0,254.01265,2025-11-05 22:00:00
353.0,271.64563,2025-11-05 22:00:00
527.0,285.18628,2025-11-05 22:00:00
388.0,277.91574,2025-11-05 22:00:00
329.25,229.5227,2025-11-05 22:00:00
329.0,233.42847,2025-11-05 23:00:00
380.0,251.9956,2025-11-05 23:00:00
188.0,251.44682,2025-11-05 23:00:00
306.0,260.1313,2025-11-05 23:00:00
240.0,303.82733,2025-11-05 23:00:00
210.0,249.39273,2025-11-06 00:00:00
223.0,240.56055,2025-11-06 00:00:00
358.0,212.48788,2025-11-06 00:00:00
167.25,231.09181,2025-11-06 00:00:00
248.0,162.28693,2025-11-06 00:00:00
158.5,198.0912,2025-11-06 01:00:00
197.0,168.33821,2025-11-06 01:00:00
199.0,184.47346,2025-11-06 01:00:00
182.0,213.6367,2025-11-06 01:00:00
293.0,176.2087,2025-11-06 01:00:00
188.0,187.96512,2025-11-06 02:00:00
172.0,169.64786,2025-11-06 02:00:00
178.0,216.70755,2025-11-06 02:00:00
151.0,179.96242,2025-11-06 02:00:00
172.0,193.7237,2025-11-06 02:00:00
141.75,194.17229,2025-11-06 03:00:00
196.0,195.11267,2025-11-06 03:00:00
171.0,236.6952,2025-11-06 03:00:00
167.0,214.25546,2025-11-06 03:00:00
160.0,184.10155,2025-11-06 03:00:00
211.0,248.24788,2025-11-06 04:00:00
126.25,193.9312,2025-11-06 04:00:00
150.0,186.89134,2025-11-06 04:00:00
141.0,189.1134,2025-11-06 04:00:00
197.0,191.88144,2025-11-06 04:00:00
135.25,182.92987,2025-11-06 05:00:00
213.0,201.53731,2025-11-06 05:00:00
189.0,162.69664,2025-11-06 05:00:00
263.0,229.91983,2025-11-06 05:00:00
176.0,177.9371,2025-11-06 05:00:00
197.0,191.56854,2025-11-06 06:00:00
177.0,164.61891,2025-11-06 06:00:00
193.0,282.85202,2025-11-06 06:00:00
276.0,259.2339,2025-11-06 06:00:00
161.5,200.96564,2025-11-06 06:00:00
201.5,247.62466,2025-11-06 07:00:00
242.0,235.41872,2025-11-06 07:00:00
221.0,203.02437,2025-11-06 07:00:00
284.0,283.4196,2025-11-06 07:00:00
261.0,324.88895,2025-11-06 07:00:00
246.0,377.88358,2025-11-06 08:00:00
219.75,347.3549,2025-11-06 08:00:00
267.0,297.21765,2025-11-06 08:00:00
312.0,410.8506,2025-11-06 08:00:00
313.0,323.13733,2025-11-06 08:00:00
282.0,450.80008,2025-11-06 09:00:00
276.0,399.1675,2025-11-06 09:00:00
342.0,432.1295,2025-11-06 09:00:00
249.25,356.52475,2025-11-06 09:00:00
309.0,406.96106,2025-11-06 09:00:00
294.0,479.4927,2025-11-06 10:00:00
315.0,363.91263,2025-11-06 10:00:00
282.0,391.91406,2025-11-06 10:00:00
258.0,398.22333,2025-11-06 10:00:00
359.0,374.56842,2025-11-06 10:00:00
325.6666666666667,401.19415,2025-11-06 11:00:00
221.0,429.36734,2025-11-06 11:00:00
215.0,381.88434,2025-11-06 11:00:00
304.0,372.12686,2025-11-06 11:00:00
521.0,477.0004,2025-11-06 11:00:00
249.0,488.75912,2025-11-06 12:00:00
485.25,399.9585,2025-11-06 12:00:00
621.0,517.88617,2025-11-06 12:00:00
355.0,433.24612,2025-11-06 12:00:00
282.0,416.31345,2025-11-06 12:00:00
517.0,458.58627,2025-11-06 13:00:00
359.0,395.246,2025-11-06 13:00:00
513.75,406.6128,2025-11-06 13:00:00
427.0,383.44315,2025-11-06 13:00:00
352.0,356.9476,2025-11-06 13:00:00
498.0,395.36847,2025-11-06 14:00:00
393.0,342.85245,2025-11-06 14:00:00
466.0,386.7666,2025-11-06 14:00:00
263.0,376.22723,2025-11-06 14:00:00
504.5,377.48642,2025-11-06 14:00:00
489.0,361.40027,2025-11-06 15:00:00
374.0,337.32776,2025-11-06 15:00:00
538.0,391.76715,2025-11-06 15:00:00
552.75,332.72778,2025-11-06 15:00:00
293.0,369.20334,2025-11-06 15:00:00
413.0,359.4743,2025-11-06 16:00:00
593.25,312.12927,2025-11-06 16:00:00
559.0,354.42944,2025-11-06 16:00:00
626.0,360.0513,2025-11-06 16:00:00
324.0,403.0793,2025-11-06 16:00:00
594.75,290.48087,2025-11-06 17:00:00
560.0,342.2206,2025-11-06 17:00:00
340.0,368.481,2025-11-06 17:00:00
609.0,376.32336,2025-11-06 17:00:00
418.0,361.26175,2025-11-06 17:00:00
393.0,394.7674,2025-11-06 18:00:00
524.25,306.51904,2025-11-06 18:00:00
509.0,372.42792,2025-11-06 18:00:00
576.0,381.67725,2025-11-06 18:00:00
376.0,401.93,2025-11-06 18:00:00
497.25,374.64267,2025-11-06 19:00:00
493.0,447.0922,2025-11-06 19:00:00
363.0,411.66177,2025-11-06 19:00:00
421.0,387.331,2025-11-06 19:00:00
384.0,387.0423,2025-11-06 19:00:00
521.0,460.3142,2025-11-06 20:00:00
461.25,335.64523,2025-11-06 20:00:00
421.0,438.15717,2025-11-06 20:00:00
639.0,417.80157,2025-11-06 20:00:00
437.0,387.12888,2025-11-06 20:00:00
373.0,423.39877,2025-11-06 21:00:00
418.0,378.71793,2025-11-06 21:00:00
549.0,428.2064,2025-11-06 21:00:00
404.75,350.8035,2025-11-06 21:00:00
368.0,403.27774,2025-11-06 21:00:00
338.75,326.9062,2025-11-06 22:00:00
390.0,351.38925,2025-11-06 22:00:00
466.0,365.3468,2025-11-06 22:00:00
385.0,388.1314,2025-11-06 22:00:00
373.0,404.11404,2025-11-06 22:00:00
412.0,328.7396,2025-11-06 23:00:00
317.0,340.9117,2025-11-06 23:00:00
320.3333333333333,296.0068,2025-11-06 23:00:00
374.0,319.03644,2025-11-06 23:00:00
430.0,331.64923,2025-11-06 23:00:00
480.0,297.17517,2025-11-07 00:00:00
280.25,256.03107,2025-11-07 00:00:00
296.0,292.2433,2025-11-07 00:00:00
316.0,292.52652,2025-11-07 00:00:00
274.0,274.614,2025-11-07 00:00:00
300.0,278.23892,2025-11-07 01:00:00
243.0,215.5079,2025-11-07 01:00:00
271.0,248.666,2025-11-07 01:00:00
427.0,246.34824,2025-11-07 01:00:00
228.0,220.10994,2025-11-07 01:00:00
222.0,209.0773,2025-11-07 02:00:00
253.0,201.57967,2025-11-07 02:00:00
187.25,206.72069,2025-11-07 02:00:00
250.0,272.0206,2025-11-07 02:00:00
271.0,236.98575,2025-11-07 02:00:00
210.0,235.58551,2025-11-07 03:00:00
238.0,237.84111,2025-11-07 03:00:00
238.0,210.25237,2025-11-07 03:00:00
158.75,236.52986,2025-11-07 03:00:00
222.0,229.67668,2025-11-07 03:00:00
197.0,212.24257,2025-11-07 04:00:00
189.0,207.94852,2025-11-07 04:00:00
257.0,303.26328,2025-11-07 04:00:00
155.75,232.9167,2025-11-07 04:00:00
185.0,261.94498,2025-11-07 04:00:00
215.0,233.60255,2025-11-07 05:00:00
259.0,353.9254,2025-11-07 05:00:00
193.0,234.27771,2025-11-07 05:00:00
193.0,279.4385,2025-11-07 05:00:00
169.0,216.63214,2025-11-07 05:00:00
241.0,227.40286,2025-11-07 06:00:00
289.0,323.645,2025-11-07 06:00:00
246.0,245.29361,2025-11-07 06:00:00
221.25,240.9112,2025-11-07 06:00:00
301.0,247.1553,2025-11-07 06:00:00
415.0,314.87906,2025-11-07 07:00:00
285.5,238.57059,2025-11-07 07:00:00
327.0,267.52957,2025-11-07 07:00:00
252.0,387.04425,2025-11-07 07:00:00
317.0,261.2456,2025-11-07 07:00:00
379.0,326.8537,2025-11-07 08:00:00
352.0,357.93704,2025-11-07 08:00:00
289.75,307.51553,2025-11-07 08:00:00
400.0,392.86758,2025-11-07 08:00:00
305.0,416.4826,2025-11-07 08:00:00
325.25,283.1944,2025-11-07 09:00:00
325.0,385.2625,2025-11-07 09:00:00
390.0,347.97998,2025-11-07 09:00:00
381.0,495.87585,2025-11-07 09:00:00
458.0,466.55078,2025-11-07 09:00:00
288.0,384.12582,2025-11-07 10:00:00
399.0,390.12622,2025-11-07 10:00:00
387.0,554.13293,2025-11-07 10:00:00
355.0,333.8314,2025-11-07 10:00:00
366.0,401.89252,2025-11-07 10:00:00
381.6666666666667,327.66888,2025-11-07 11:00:00
458.0,646.9715,2025-11-07 11:00:00
558.0,335.99286,2025-11-07 11:00:00
407.0,388.09708,2025-11-07 11:00:00
277.0,351.57336,2025-11-07 11:00:00
406.0,331.06976,2025-11-07 12:00:00
407.0,384.16873,2025-11-07 12:00:00
409.0,660.4706,2025-11-07 12:00:00
289.0,352.85248,2025-11-07 12:00:00
392.75,419.91537,2025-11-07 12:00:00
376.0,430.9951,2025-11-07 13:00:00
362.0,364.40097,2025-11-07 13:00:00
405.0,631.4707,2025-11-07 13:00:00
372.5,389.1456,2025-11-07 13:00:00
366.0,367.49866,2025-11-07 13:00:00
307.0,336.0205,2025-11-07 14:00:00
252.0,396.63492,2025-11-07 14:00:00
429.0,421.0243,2025-11-07 14:00:00
456.5,392.7893,2025-11-07 14:00:00
477.0,563.89435,2025-11-07 14:00:00
555.0,380.8087,2025-11-07 15:00:00
483.0,424.45303,2025-11-07 15:00:00
515.0,548.78375,2025-11-07 15:00:00
324.0,345.99033,2025-11-07 15:00:00
260.0,400.53363,2025-11-07 15:00:00
521.0,445.55286,2025-11-07 16:00:00
595.5,373.44022,2025-11-07 16:00:00
337.0,413.20056,2025-11-07 16:00:00
532.0,537.35675,2025-11-07 16:00:00
261.0,332.6884,2025-11-07 16:00:00
349.0,373.77313,2025-11-07 17:00:00
563.0,543.79944,2025-11-07 17:00:00
537.0,440.1891,2025-11-07 17:00:00
239.0,308.12106,2025-11-07 17:00:00
602.25,352.4767,2025-11-07 17:00:00
336.0,363.94824,2025-11-07 18:00:00
627.75,338.4943,2025-11-07 18:00:00
534.0,396.85602,2025-11-07 18:00:00
600.0,482.19852,2025-11-07 18:00:00
289.0,313.67664,2025-11-07 18:00:00
649.0,319.02063,2025-11-07 19:00:00
340.0,344.59363,2025-11-07 19:00:00
617.0,498.94028,2025-11-07 19:00:00
550.0,374.6689,2025-11-07 19:00:00
596.0,348.3316,2025-11-07 19:00:00
307.0,381.5304,2025-11-07 20:00:00
547.0,392.28165,2025-11-07 20:00:00
780.0,459.84277,2025-11-07 20:00:00
379.0,440.76913,2025-11-07 20:00:00
559.5,311.21994,2025-11-07 20:00:00
512.0,411.1496,2025-11-07 21:00:00
472.75,322.09592,2025-11-07 21:00:00
449.0,375.87335,2025-11-07 21:00:00
780.0,457.8841,2025-11-07 21:00:00
318.0,357.3608,2025-11-07 21:00:00
571.0,377.38443,2025-11-07 22:00:00
432.0,404.37473,2025-11-07 22:00:00
566.5,314.43106,2025-11-07 22:00:00
474.0,365.06262,2025-11-07 22:00:00
815.0,425.53696,2025-11-07 22:00:00
489.0,355.2611,2025-11-07 23:00:00
526.0,390.3836,2025-11-07 23:00:00
650.0,379.68314,2025-11-07 23:00:00
435.25,288.61508,2025-11-07 23:00:00
815.0,387.3821,2025-11-07 23:00:00
489.0,326.0781,2025-11-08 00:00:00
403.0,336.57208,2025-11-08 00:00:00
497.0,339.08154,2025-11-08 00:00:00
351.0,327.94366,2025-11-08 00:00:00
327.0,274.98502,2025-11-08 00:00:00
470.0,283.5442,2025-11-08 01:00:00
285.0,314.20688,2025-11-08 01:00:00
350.0,316.57962,2025-11-08 01:00:00
368.0,334.71936,2025-11-08 01:00:00
301.75,236.56372,2025-11-08 01:00:00
368.0,302.10028,2025-11-08 02:00:00
331.0,290.3996,2025-11-08 02:00:00
311.0,285.81342,2025-11-08 02:00:00
285.75,225.92831,2025-11-08 02:00:00
370.0,270.3391,2025-11-08 02:00:00
311.0,245.90121,2025-11-08 03:00:00
368.0,261.5805,2025-11-08 03:00:00
287.0,288.99084,2025-11-08 03:00:00
305.0,223.17526,2025-11-08 03:00:00
266.25,202.66183,2025-11-08 03:00:00
315.0,235.88509,2025-11-08 04:00:00
257.0,244.21877,2025-11-08 04:00:00
282.0,295.81213,2025-11-08 04:00:00
310.0,284.3846,2025-11-08 04:00:00
368.0,228.30064,2025-11-08 04:00:00
305.0,296.37137,2025-11-08 05:00:00
334.0,347.73343,2025-11-08 05:00:00
287.25,277.21655,2025-11-08 05:00:00
311.0,273.9407,2025-11-08 05:00:00
329.0,322.46954,2025-11-08 06:00:00
332.0,294.85635,2025-11-08 06:00:00
594.0,462.06937,2025-11-08 06:00:00
324.0,343.42426,2025-11-08 06:00:00
400.0,415.11835,2025-11-08 07:00:00
367.75,376.5528,2025-11-08 07:00:00
374.0,351.69504,2025-11-08 07:00:00
505.0,607.57056,2025-11-08 07:00:00
460.0,475.09116,2025-11-08 08:00:00
433.0,499.0953,2025-11-08 08:00:00
383.0,378.1441,2025-11-08 08:00:00
461.0,569.7316,2025-11-08 08:00:00
494.0,573.9424,2025-11-08 09:00:00
371.75,430.40515,2025-11-08 09:00:00
482.0,479.67035,2025-11-08 09:00:00
512.0,474.00797,2025-11-08 09:00:00
471.0,577.5131,2025-11-08 09:00:00
459.0,606.91534,2025-11-08 10:00:00
515.0,453.52515,2025-11-08 10:00:00
399.5,432.29425,2025-11-08 10:00:00
477.0,507.05063,2025-11-08 10:00:00
453.0,502.4669,2025-11-08 10:00:00
401.0,686.58655,2025-11-08 11:00:00
517.0,420.3174,2025-11-08 11:00:00
432.0,530.2664,2025-11-08 11:00:00
414.6666666666667,475.75772,2025-11-08 11:00:00
466.0,469.61868,2025-11-08 11:00:00
429.0,651.5475,2025-11-08 12:00:00
466.0,445.8059,2025-11-08 12:00:00
450.0,389.90106,2025-11-08 12:00:00
382.25,430.41037,2025-11-08 12:00:00
406.0,487.7085,2025-11-08 12:00:00
370.0,380.2583,2025-11-08 13:00:00
367.0,651.70544,2025-11-08 13:00:00
459.0,448.82825,2025-11-08 13:00:00
445.0,403.74796,2025-11-08 13:00:00
389.0,455.7197,2025-11-08 13:00:00
414.0,366.66534,2025-11-08 14:00:00
396.0,460.81516,2025-11-08 14:00:00
399.0,632.8568,2025-11-08 14:00:00
419.0,366.13287,2025-11-08 14:00:00
401.25,414.74976,2025-11-08 14:00:00
462.0,368.30453,2025-11-08 15:00:00
459.25,465.3432,2025-11-08 15:00:00
458.0,624.517,2025-11-08 15:00:00
453.0,387.86346,2025-11-08 15:00:00
421.0,492.53973,2025-11-08 15:00:00
528.0,490.82214,2025-11-08 16:00:00
442.0,498.03052,2025-11-08 16:00:00
398.0,376.04834,2025-11-08 16:00:00
528.0,384.59702,2025-11-08 16:00:00
484.0,601.3975,2025-11-08 16:00:00
524.75,423.7041,2025-11-08 17:00:00
532.0,614.24817,2025-11-08 17:00:00
471.0,466.28638,2025-11-08 17:00:00
335.0,356.27954,2025-11-08 17:00:00
514.0,437.07455,2025-11-08 18:00:00
567.0,543.6784,2025-11-08 18:00:00
329.0,366.68494,2025-11-08 18:00:00
525.25,404.284,2025-11-08 18:00:00
524.25,435.4127,2025-11-08 19:00:00
345.0,493.77188,2025-11-08 19:00:00
517.0,444.7862,2025-11-08 19:00:00
566.0,507.69397,2025-11-08 19:00:00
515.0,441.6618,2025-11-08 20:00:00
597.0,513.5338,2025-11-08 20:00:00
357.0,377.38684,2025-11-08 20:00:00
517.0,503.09103,2025-11-08 20:00:00
504.0,452.9412,2025-11-08 21:00:00
415.0,388.7973,2025-11-08 21:00:00
491.5,393.16956,2025-11-08 21:00:00
498.0,454.41858,2025-11-08 21:00:00
493.0,491.40878,2025-11-08 21:00:00
406.5,423.82443,2025-11-08 22:00:00
389.0,414.53357,2025-11-08 22:00:00
459.0,463.9774,2025-11-08 22:00:00
466.0,450.96118,2025-11-08 22:00:00
470.0,456.2239,2025-11-08 22:00:00
437.0,479.424,2025-11-08 23:00:00
420.0,392.7436,2025-11-08 23:00:00
329.25,353.1014,2025-11-08 23:00:00
350.0,433.0835,2025-11-08 23:00:00
370.0,411.23886,2025-11-08 23:00:00
286.5,253.28017,2025-11-09 00:00:00
269.0,329.9491,2025-11-09 00:00:00
382.0,342.31546,2025-11-09 00:00:00
343.0,310.32904,2025-11-09 00:00:00
321.0,325.4517,2025-11-09 00:00:00
312.0,281.0209,2025-11-09 01:00:00
229.0,268.68665,2025-11-09 01:00:00
268.0,305.48083,2025-11-09 01:00:00
248.0,237.31569,2025-11-09 01:00:00
290.0,254.49646,2025-11-09 01:00:00
163.0,296.429,2025-11-09 02:00:00
158.75,233.29616,2025-11-09 02:00:00
229.0,237.04536,2025-11-09 02:00:00
256.0,270.80188,2025-11-09 02:00:00
245.0,253.59802,2025-11-09 02:00:00
155.0,238.30594,2025-11-09 03:00:00
147.0,276.74408,2025-11-09 03:00:00
202.0,282.6956,2025-11-09 03:00:00
160.0,274.1836,2025-11-09 03:00:00
128.0,250.57574,2025-11-09 03:00:00
134.0,276.28653,2025-11-09 04:00:00
168.0,274.9039,2025-11-09 04:00:00
166.0,269.4348,2025-11-09 04:00:00
136.0,251.27048,2025-11-09 04:00:00
239.0,266.31848,2025-11-09 04:00:00
255.0,364.63693,2025-11-09 05:00:00
157.0,311.08945,2025-11-09 05:00:00
193.0,332.541,2025-11-09 05:00:00
184.0,261.00513,2025-11-09 05:00:00
185.0,336.67667,2025-11-09 05:00:00
477.0,531.64453,2025-11-09 06:00:00
240.0,372.6196,2025-11-09 06:00:00
316.0,353.74408,2025-11-09 06:00:00
302.0,322.65985,2025-11-09 06:00:00
258.75,360.3207,2025-11-09 06:00:00
306.0,475.92584,2025-11-09 07:00:00
330.0,453.3066,2025-11-09 07:00:00
444.0,613.22516,2025-11-09 07:00:00
403.0,454.65497,2025-11-09 07:00:00
297.75,417.7514,2025-11-09 07:00:00
447.0,580.2599,2025-11-09 08:00:00
348.75,476.49734,2025-11-09 08:00:00
421.0,609.1832,2025-11-09 08:00:00
290.0,510.38443,2025-11-09 08:00:00
365.0,560.78064,2025-11-09 08:00:00
415.0,563.87866,2025-11-09 09:00:00
395.0,577.40405,2025-11-09 09:00:00
509.0,635.36786,2025-11-09 09:00:00
380.0,461.7365,2025-11-09 09:00:00
349.0,579.5818,2025-11-09 09:00:00
447.0,574.10657,2025-11-09 10:00:00
331.0,555.42303,2025-11-09 10:00:00
428.0,562.4218,2025-11-09 10:00:00
404.25,492.41193,2025-11-09 10:00:00
501.0,616.1401,2025-11-09 10:00:00
517.0,582.89764,2025-11-09 11:00:00
444.0,519.26843,2025-11-09 11:00:00
422.0,549.08234,2025-11-09 11:00:00
403.3333333333333,471.88452,2025-11-09 11:00:00
326.0,495.0856,2025-11-09 11:00:00
361.0,473.2348,2025-11-09 12:00:00
375.0,380.23703,2025-11-09 12:00:00
421.0,584.5668,2025-11-09 12:00:00
317.0,500.88074,2025-11-09 12:00:00
416.0,500.7433,2025-11-09 12:00:00
359.0,477.3323,2025-11-09 13:00:00
362.0,445.63507,2025-11-09 13:00:00
394.0,554.11816,2025-11-09 13:00:00
341.0,456.85837,2025-11-09 13:00:00
331.5,347.49057,2025-11-09 13:00:00
351.0,381.25308,2025-11-09 14:00:00
357.0,426.03113,2025-11-09 14:00:00
347.0,439.1847,2025-11-09 14:00:00
378.0,518.7767,2025-11-09 14:00:00
368.0,418.109,2025-11-09 14:00:00
377.0,424.32452,2025-11-09 15:00:00
394.0,436.02078,2025-11-09 15:00:00
418.0,391.26224,2025-11-09 15:00:00
453.0,521.8153,2025-11-09 15:00:00
412.25,399.55978,2025-11-09 15:00:00
472.0,444.84995,2025-11-09 16:00:00
451.0,401.17218,2025-11-09 16:00:00
368.0,414.73224,2025-11-09 16:00:00
451.0,428.59427,2025-11-09 16:00:00
537.0,521.4618,2025-11-09 16:00:00
482.0,407.81,2025-11-09 17:00:00
458.0,448.04007,2025-11-09 17:00:00
360.0,366.6966,2025-11-09 17:00:00
577.0,492.136,2025-11-09 17:00:00
470.25,405.8352,2025-11-09 17:00:00
478.5,339.27536,2025-11-09 18:00:00
594.0,394.63522,2025-11-09 18:00:00
365.0,348.58,2025-11-09 18:00:00
501.0,389.1343,2025-11-09 18:00:00
486.0,435.29858,2025-11-09 18:00:00
385.0,345.2432,2025-11-09 19:00:00
611.0,392.81226,2025-11-09 19:00:00
454.75,354.42667,2025-11-09 19:00:00
459.0,407.72226,2025-11-09 19:00:00
483.0,448.5788,2025-11-09 19:00:00
606.0,346.77,2025-11-09 20:00:00
533.0,455.13358,2025-11-09 20:00:00
404.25,342.97043,2025-11-09 20:00:00
405.0,384.36243,2025-11-09 20:00:00
470.0,390.0569,2025-11-09 20:00:00
478.0,419.25867,2025-11-09 21:00:00
500.0,379.9875,2025-11-09 21:00:00
538.0,391.2498,2025-11-09 21:00:00
428.5,339.7824,2025-11-09 21:00:00
456.0,400.14578,2025-11-09 21:00:00
462.0,383.55588,2025-11-09 22:00:00
500.0,380.94406,2025-11-09 22:00:00
472.0,363.29224,2025-11-09 22:00:00
450.0,329.3147,2025-11-09 22:00:00
578.0,391.83054,2025-11-09 22:00:00
454.75,331.1097,2025-11-09 23:00:00
532.0,397.93503,2025-11-09 23:00:00
578.0,363.87265,2025-11-09 23:00:00
453.0,341.62274,2025-11-09 23:00:00
484.0,368.65863,2025-11-09 23:00:00
578.0,345.73883,2025-11-10 00:00:00
408.0,344.50662,2025-11-10 00:00:00
353.0,365.19537,2025-11-10 00:00:00
467.0,348.19745,2025-11-10 00:00:00
309.75,305.2064,2025-11-10 00:00:00
407.0,324.07526,2025-11-10 01:00:00
376.0,326.97345,2025-11-10 01:00:00
266.0,316.32242,2025-11-10 01:00:00
382.0,292.4264,2025-11-10 01:00:00
274.75,253.0663,2025-11-10 01:00:00
292.25,208.213,2025-11-10 02:00:00
371.0,292.283,2025-11-10 02:00:00
321.0,280.0174,2025-11-10 02:00:00
326.0,301.57248,2025-11-10 02:00:00
364.0,305.57526,2025-11-10 02:00:00
332.0,240.79668,2025-11-10 03:00:00
285.0,188.62236,2025-11-10 03:00:00
410.0,253.19136,2025-11-10 03:00:00
444.0,258.1884,2025-11-10 03:00:00
306.0,276.9295,2025-11-10 03:00:00
412.0,221.01048,2025-11-10 04:00:00
289.0,252.43909,2025-11-10 04:00:00
458.0,248.2199,2025-11-10 04:00:00
300.0,257.9045,2025-11-10 04:00:00
260.0,203.50487,2025-11-10 04:00:00
482.0,278.40237,2025-11-10 05:00:00
284.0,248.4409,2025-11-10 05:00:00
332.0,273.52264,2025-11-10 05:00:00
638.0,367.01282,2025-11-10 05:00:00
326.0,306.31842,2025-11-10 05:00:00
411.0,368.65863,2025-11-10 06:00:00
798.0,572.7121,2025-11-10 06:00:00
490.0,384.39807,2025-11-10 06:00:00
388.0,270.93622,2025-11-10 06:00:00
358.0,305.61426,2025-11-10 06:00:00
417.0,339.46237,2025-11-10 07:00:00
472.0,309.74448,2025-11-10 07:00:00
537.0,495.75278,2025-11-10 07:00:00
664.0,668.0765,2025-11-10 07:00:00
551.0,398.9786,2025-11-10 07:00:00
448.0,328.92706,2025-11-10 08:00:00
558.0,414.8751,2025-11-10 08:00:00
714.0,677.44714,2025-11-10 08:00:00
564.0,370.80017,2025-11-10 08:00:00
575.0,545.9662,2025-11-10 08:00:00
657.0,585.0791,2025-11-10 09:00:00
738.0,568.3316,2025-11-10 09:00:00
588.0,440.42184,2025-11-10 09:00:00
504.0,368.8757,2025-11-10 09:00:00
520.0,449.41974,2025-11-10 09:00:00
637.0,577.69525,2025-11-10 10:00:00
771.0,620.8568,2025-11-10 10:00:00
500.0,424.2787,2025-11-10 10:00:00
531.0,364.96268,2025-11-10 10:00:00
686.0,475.9078,2025-11-10 10:00:00
746.0,616.8002,2025-11-10 11:00:00
719.0,557.5095,2025-11-10 11:00:00
584.0,365.276,2025-11-10 11:00:00
707.0,469.80093,2025-11-10 11:00:00
493.0,408.403,2025-11-10 11:00:00
679.0,414.44147,2025-11-10 12:00:00
616.25,347.38235,2025-11-10 12:00:00
687.0,496.94165,2025-11-10 12:00:00
692.0,601.94,2025-11-10 12:00:00
471.0,376.2184,2025-11-10 12:00:00
478.0,350.47433,2025-11-10 13:00:00
680.0,530.66864,2025-11-10 13:00:00
624.75,344.52203,2025-11-10 13:00:00
566.0,397.78854,2025-11-10 13:00:00
570.0,380.11926,2025-11-10 13:00:00
537.0,385.45663,2025-11-10 14:00:00
489.0,350.35034,2025-11-10 14:00:00
624.75,321.98438,2025-11-10 14:00:00
637.0,354.62308,2025-11-10 14:00:00
665.0,474.60638,2025-11-10 14:00:00
589.75,369.31403,2025-11-10 15:00:00
511.0,414.78568,2025-11-10 15:00:00
519.0,383.60355,2025-11-10 15:00:00
677.0,460.09503,2025-11-10 15:00:00
533.0,340.58115,2025-11-10 15:00:00
574.0,398.0766,2025-11-10 16:00:00
664.0,498.95395,2025-11-10 16:00:00
603.0,404.75427,2025-11-10 16:00:00
525.0,387.93277,2025-11-10 16:00:00
532.0,403.40613,2025-11-10 16:00:00
517.0,397.38113,2025-11-10 17:00:00
688.0,472.67493,2025-11-10 17:00:00
605.75,381.92056,2025-11-10 17:00:00
611.0,414.29965,2025-11-10 17:00:00
501.0,393.3689,2025-11-10 17:00:00
703.0,481.53387,2025-11-10 18:00:00
495.0,437.7283,2025-11-10 18:00:00
470.0,392.91696,2025-11-10 18:00:00
600.0,423.6063,2025-11-10 18:00:00
601.0,397.74152,2025-11-10 18:00:00
459.0,434.2718,2025-11-10 19:00:00
487.0,454.60776,2025-11-10 19:00:00
729.0,488.09372,2025-11-10 19:00:00
576.0,433.07642,2025-11-10 19:00:00
591.75,387.7235,2025-11-10 19:00:00
543.0,485.3951,2025-11-10 20:00:00
515.0,503.80338,2025-11-10 20:00:00
774.0,423.54465,2025-11-10 20:00:00
588.0,522.8572,2025-11-10 20:00:00
604.5,378.54376,2025-11-10 20:00:00
722.0,447.1092,2025-11-10 21:00:00
628.0,378.06052,2025-11-10 21:00:00
624.0,517.3752,2025-11-10 21:00:00
566.0,513.86395,2025-11-10 21:00:00
535.0,465.5971,2025-11-10 21:00:00
614.0,441.0423,2025-11-10 22:00:00
651.0,506.8241,2025-11-10 22:00:00
664.0,482.52872,2025-11-10 22:00:00
650.0,543.8496,2025-11-10 22:00:00
541.0,505.2493,2025-11-10 22:00:00
559.0,451.84128,2025-11-10 23:00:00
521.0,501.9041,2025-11-10 23:00:00
604.0,530.50964,2025-11-10 23:00:00
550.0,448.6885,2025-11-10 23:00:00
435.0,396.26328,2025-11-10 23:00:00
435.0,372.74957,2025-11-11 00:00:00
422.0,412.17255,2025-11-11 00:00:00
525.0,531.6827,2025-11-11 00:00:00
443.0,365.03436,2025-11-11 00:00:00
484.0,398.3023,2025-11-11 00:00:00
426.0,350.53326,2025-11-11 01:00:00
132.0,314.5222,2025-11-11 01:00:00
382.0,348.65924,2025-11-11 01:00:00
310.0,316.47095,2025-11-11 01:00:00
397.0,308.8208,2025-11-11 01:00:00
341.0,314.06052,2025-11-11 02:00:00
331.0,341.01498,2025-11-11 02:00:00
368.0,345.82825,2025-11-11 02:00:00
329.5,311.306,2025-11-11 02:00:00
327.0,356.9992,2025-11-11 02:00:00
250.25,314.54138,2025-11-11 03:00:00
269.0,314.1847,2025-11-11 03:00:00
322.0,316.0401,2025-11-11 03:00:00
371.0,390.45282,2025-11-11 03:00:00
260.0,315.88153,2025-11-11 03:00:00
231.0,345.42426,2025-11-11 04:00:00
295.0,439.44962,2025-11-11 04:00:00
249.0,324.39606,2025-11-11 04:00:00
257.0,302.52182,2025-11-11 04:00:00
239.0,299.62866,2025-11-11 04:00:00
275.25,295.7347,2025-11-11 05:00:00
305.0,349.52325,2025-11-11 05:00:00
276.0,337.81256,2025-11-11 05:00:00
451.0,602.16656,2025-11-11 05:00:00
252.0,379.79126,2025-11-11 05:00:00
328.5,356.6305,2025-11-11 06:00:00
696.0,665.3548,2025-11-11 06:00:00
425.0,423.01514,2025-11-11 06:00:00
326.0,393.42014,2025-11-11 06:00:00
344.0,534.0429,2025-11-11 06:00:00
373.75,415.50412,2025-11-11 07:00:00
367.0,481.0879,2025-11-11 07:00:00
476.0,548.41376,2025-11-11 07:00:00
581.0,719.2655,2025-11-11 07:00:00
397.0,586.1612,2025-11-11 07:00:00
390.0,660.5796,2025-11-11 08:00:00
550.0,746.57587,2025-11-11 08:00:00
577.0,618.3998,2025-11-11 08:00:00
405.0,492.55624,2025-11-11 08:00:00
407.0,613.89545,2025-11-11 08:00:00
485.75,473.13217,2025-11-11 09:00:00
337.0,674.2873,2025-11-11 09:00:00
519.0,642.18054,2025-11-11 09:00:00
563.0,636.8945,2025-11-11 09:00:00
509.0,763.827,2025-11-11 09:00:00
600.0,646.1227,2025-11-11 10:00:00
453.0,719.5857,2025-11-11 10:00:00
366.0,656.182,2025-11-11 10:00:00
576.0,638.52515,2025-11-11 10:00:00
593.25,482.7353,2025-11-11 10:00:00
621.6666666666666,475.5455,2025-11-11 11:00:00
486.0,692.00446,2025-11-11 11:00:00
404.0,603.78125,2025-11-11 11:00:00
600.0,646.29706,2025-11-11 11:00:00
555.0,658.5833,2025-11-11 11:00:00
720.25,486.87857,2025-11-11 12:00:00
463.0,513.5769,2025-11-11 12:00:00
655.0,647.6373,2025-11-11 12:00:00
632.0,579.69806,2025-11-11 12:00:00
639.0,643.67126,2025-11-11 12:00:00
732.0,590.64087,2025-11-11 13:00:00
698.0,596.4739,2025-11-11 13:00:00
525.0,483.50488,2025-11-11 13:00:00
732.25,494.8883,2025-11-11 13:00:00
696.0,539.4017,2025-11-11 13:00:00
674.0,554.51483,2025-11-11 14:00:00
710.75,464.70117,2025-11-11 14:00:00
696.0,579.49194,2025-11-11 14:00:00
720.0,611.8874,2025-11-11 14:00:00
546.0,504.90842,2025-11-11 14:00:00
825.0,557.70654,2025-11-11 15:00:00
657.75,499.3012,2025-11-11 15:00:00
588.0,584.50653,2025-11-11 15:00:00
657.0,543.2614,2025-11-11 15:00:00
609.0,520.99133,2025-11-11 15:00:00
618.0,529.4316,2025-11-11 16:00:00
632.0,517.8749,2025-11-11 16:00:00
528.0,520.15717,2025-11-11 16:00:00
639.0,482.5099,2025-11-11 16:00:00
586.0,592.92395,2025-11-11 16:00:00
639.0,458.5215,2025-11-11 17:00:00
655.0,532.84045,2025-11-11 17:00:00
480.0,538.13306,2025-11-11 17:00:00
701.0,565.44745,2025-11-11 17:00:00
667.0,473.20233,2025-11-11 17:00:00
649.0,495.21695,2025-11-11 18:00:00
637.0,555.0648,2025-11-11 18:00:00
602.0,435.54147,2025-11-11 18:00:00
632.5,402.07953,2025-11-11 18:00:00
431.0,564.3917,2025-11-11 18:00:00
647.0,469.0022,2025-11-11 19:00:00
598.5,386.00113,2025-11-11 19:00:00
603.0,485.77014,2025-11-11 19:00:00
432.0,538.8207,2025-11-11 19:00:00
537.0,436.62262,2025-11-11 19:00:00
511.0,613.1351,2025-11-11 20:00:00
638.0,504.1274,2025-11-11 20:00:00
603.5,424.7062,2025-11-11 20:00:00
727.0,514.1959,2025-11-11 20:00:00
904.0,468.47452,2025-11-11 20:00:00
594.0,466.1202,2025-11-11 21:00:00
703.0,505.3692,2025-11-11 21:00:00
664.0,478.71255,2025-11-11 21:00:00
569.0,525.9457,2025-11-11 21:00:00
646.75,410.24573,2025-11-11 21:00:00
631.0,464.34753,2025-11-11 22:00:00
547.0,483.09485,2025-11-11 22:00:00
660.5,391.55518,2025-11-11 22:00:00
705.0,512.5883,2025-11-11 22:00:00
614.0,493.0278,2025-11-11 22:00:00
506.0,418.53705,2025-11-11 23:00:00
587.0,504.82526,2025-11-11 23:00:00
544.0,419.37674,2025-11-11 23:00:00
519.0,452.2751,2025-11-11 23:00:00
602.0,532.6637,2025-11-11 23:00:00
556.0,487.16452,2025-11-12 00:00:00
479.75,385.52762,2025-11-12 00:00:00
493.0,452.01712,2025-11-12 00:00:00
691.0,401.03934,2025-11-12 00:00:00
473.0,409.56485,2025-11-12 00:00:00
390.0,365.07294,2025-11-12 01:00:00
404.0,430.74097,2025-11-12 01:00:00
420.0,362.33853,2025-11-12 01:00:00
519.0,357.8137,2025-11-12 01:00:00
370.25,299.21454,2025-11-12 01:00:00
342.0,407.52524,2025-11-12 02:00:00
338.0,390.43634,2025-11-12 02:00:00
312.0,345.43484,2025-11-12 02:00:00
342.0,395.15503,2025-11-12 02:00:00
421.0,374.0259,2025-11-12 02:00:00
305.0,365.69098,2025-11-12 03:00:00
369.0,369.4201,2025-11-12 03:00:00
310.0,395.0949,2025-11-12 03:00:00
309.0,354.90253,2025-11-12 03:00:00
273.5,312.08563,2025-11-12 03:00:00
298.0,329.595,2025-11-12 04:00:00
342.0,365.48233,2025-11-12 04:00:00
277.0,314.27573,2025-11-12 04:00:00
268.0,296.31708,2025-11-12 04:00:00
324.0,337.49377,2025-11-12 04:00:00
293.0,479.58804,2025-11-12 05:00:00
291.25,290.18008,2025-11-12 05:00:00
302.0,346.89142,2025-11-12 05:00:00
369.0,332.878,2025-11-12 05:00:00
304.0,326.65347,2025-11-12 05:00:00
362.0,384.91766,2025-11-12 06:00:00
349.0,357.2754,2025-11-12 06:00:00
377.0,494.34378,2025-11-12 06:00:00
492.0,634.05634,2025-11-12 06:00:00
353.5,328.60373,2025-11-12 06:00:00
492.0,652.15607,2025-11-12 07:00:00
397.0,356.42755,2025-11-12 07:00:00
389.0,529.7431,2025-11-12 07:00:00
406.0,397.01138,2025-11-12 07:00:00
357.0,441.8068,2025-11-12 07:00:00
475.0,642.54407,2025-11-12 08:00:00
455.0,500.9359,2025-11-12 08:00:00
419.0,440.52887,2025-11-12 08:00:00
532.0,456.83582,2025-11-12 08:00:00
455.0,610.06274,2025-11-12 08:00:00
422.0,487.9128,2025-11-12 09:00:00
639.0,430.30862,2025-11-12 09:00:00
483.0,699.0944,2025-11-12 09:00:00
589.0,578.9113,2025-11-12 09:00:00
459.0,575.96045,2025-11-12 09:00:00
501.0,605.7975,2025-11-12 10:00:00
544.0,714.9014,2025-11-12 10:00:00
452.25,459.53586,2025-11-12 10:00:00
552.0,549.55975,2025-11-12 10:00:00
559.0,470.35828,2025-11-12 10:00:00
646.0,698.96313,2025-11-12 11:00:00
417.0,421.1532,2025-11-12 11:00:00
506.0,554.77313,2025-11-12 11:00:00
555.0,523.8585,2025-11-12 11:00:00
518.0,449.05927,2025-11-12 11:00:00
516.0,519.7469,2025-11-12 12:00:00
581.0,717.1899,2025-11-12 12:00:00
505.0,546.54364,2025-11-12 12:00:00
452.0,387.40506,2025-11-12 12:00:00
452.0,425.62817,2025-11-12 12:00:00
525.0,662.3681,2025-11-12 13:00:00
513.25,446.14185,2025-11-12 13:00:00
465.0,547.45905,2025-11-12 13:00:00
471.0,404.86783,2025-11-12 13:00:00
542.0,529.3507,2025-11-12 13:00:00
527.0,654.0361,2025-11-12 14:00:00
433.0,557.05396,2025-11-12 14:00:00
491.0,442.04144,2025-11-12 14:00:00
529.25,466.0296,2025-11-12 14:00:00
570.0,522.40015,2025-11-12 14:00:00
409.0,493.28082,2025-11-12 15:00:00
519.25,484.19562,2025-11-12 15:00:00
491.0,465.17786,2025-11-12 15:00:00
578.0,634.43115,2025-11-12 15:00:00
543.0,547.0279,2025-11-12 15:00:00
580.0,597.5257,2025-11-12 16:00:00
572.0,499.01315,2025-11-12 16:00:00
464.0,480.11847,2025-11-12 16:00:00
550.25,508.46906,2025-11-12 16:00:00
398.0,488.17117,2025-11-12 16:00:00
432.0,491.48047,2025-11-12 17:00:00
544.0,602.0534,2025-11-12 17:00:00
539.25,538.088,2025-11-12 17:00:00
379.0,412.55392,2025-11-12 17:00:00
522.0,480.99844,2025-11-12 17:00:00
511.0,495.56445,2025-11-12 18:00:00
500.0,532.3038,2025-11-12 18:00:00
378.0,406.63715,2025-11-12 18:00:00
416.0,460.27377,2025-11-12 18:00:00
610.0,574.5342,2025-11-12 18:00:00
419.0,412.08466,2025-11-12 19:00:00
617.0,586.1229,2025-11-12 19:00:00
530.5,479.46796,2025-11-12 19:00:00
495.0,509.3887,2025-11-12 19:00:00
409.0,456.00064,2025-11-12 19:00:00
572.5,501.3504,2025-11-12 20:00:00
472.0,488.67813,2025-11-12 20:00:00
489.0,491.1289,2025-11-12 20:00:00
753.0,599.4263,2025-11-12 20:00:00
670.0,518.781,2025-11-12 20:00:00
636.0,514.292,2025-11-12 21:00:00
690.0,543.2543,2025-11-12 21:00:00
791.0,567.9244,2025-11-12 21:00:00
543.0,545.2408,2025-11-12 21:00:00
623.0,494.18875,2025-11-12 21:00:00
628.5,465.02127,2025-11-12 22:00:00
602.0,564.5495,2025-11-12 22:00:00
569.0,528.3042,2025-11-12 22:00:00
591.0,527.7825,2025-11-12 22:00:00
648.0,542.4321,2025-11-12 22:00:00
503.0,487.41138,2025-11-12 23:00:00
520.0,507.35944,2025-11-12 23:00:00
449.0,518.9962,2025-11-12 23:00:00
549.0,431.19736,2025-11-12 23:00:00
496.5,416.1519,2025-11-12 23:00:00
400.0,447.32217,2025-11-13 00:00:00
404.75,331.60532,2025-11-13 00:00:00
440.0,423.0344,2025-11-13 00:00:00
514.0,490.6597,2025-11-13 00:00:00
509.0,384.3897,2025-11-13 00:00:00
393.0,403.71277,2025-11-13 01:00:00
455.0,341.9499,2025-11-13 01:00:00
370.0,335.67905,2025-11-13 01:00:00
514.0,371.58774,2025-11-13 01:00:00
381.5,290.36655,2025-11-13 01:00:00
393.0,326.70068,2025-11-13 02:00:00
361.0,322.57642,2025-11-13 02:00:00
498.0,315.69687,2025-11-13 02:00:00
355.0,290.61963,2025-11-13 02:00:00
351.25,307.5118,2025-11-13 02:00:00
309.25,280.648,2025-11-13 03:00:00
393.0,273.7421,2025-11-13 03:00:00
389.0,285.95468,2025-11-13 03:00:00
415.0,306.42615,2025-11-13 03:00:00
353.0,311.31363,2025-11-13 03:00:00
313.0,304.8526,2025-11-13 04:00:00
373.0,288.65408,2025-11-13 04:00:00
445.0,252.19772,2025-11-13 04:00:00
409.0,323.4395,2025-11-13 04:00:00
439.25,278.32416,2025-11-13 04:00:00
362.0,302.56134,2025-11-13 05:00:00
425.0,283.7257,2025-11-13 05:00:00
395.0,416.56787,2025-11-13 05:00:00
393.0,297.77872,2025-11-13 05:00:00
324.0,327.92972,2025-11-13 05:00:00
478.0,365.61163,2025-11-13 06:00:00
574.0,610.8663,2025-11-13 06:00:00
379.0,378.26593,2025-11-13 06:00:00
387.0,329.89755,2025-11-13 06:00:00
426.0,379.1056,2025-11-13 06:00:00
399.5,397.0287,2025-11-13 07:00:00
424.0,431.6369,2025-11-13 07:00:00
469.0,429.89767,2025-11-13 07:00:00
537.0,634.5756,2025-11-13 07:00:00
528.0,430.67413,2025-11-13 07:00:00
462.0,617.3455,2025-11-13 08:00:00
520.0,642.7778,2025-11-13 08:00:00
543.0,536.6429,2025-11-13 08:00:00
505.0,494.29465,2025-11-13 08:00:00
415.5,464.22235,2025-11-13 08:00:00
436.0,465.64542,2025-11-13 09:00:00
508.0,532.47186,2025-11-13 09:00:00
434.0,626.30194,2025-11-13 09:00:00
462.0,658.2961,2025-11-13 09:00:00
611.0,595.69904,2025-11-13 09:00:00
459.75,496.66647,2025-11-13 10:00:00
440.0,634.22174,2025-11-13 10:00:00
523.0,548.04736,2025-11-13 10:00:00
603.0,626.4504,2025-11-13 10:00:00
370.0,656.6981,2025-11-13 10:00:00
483.0,605.0897,2025-11-13 11:00:00
508.0,535.8461,2025-11-13 11:00:00
591.0,629.7984,2025-11-13 11:00:00
446.6666666666667,507.35486,2025-11-13 11:00:00
376.0,595.2386,2025-11-13 11:00:00
342.0,578.934,2025-11-13 12:00:00
483.0,540.65344,2025-11-13 12:00:00
424.25,492.93512,2025-11-13 12:00:00
459.0,547.0488,2025-11-13 12:00:00
543.0,619.36835,2025-11-13 12:00:00
427.25,488.98352,2025-11-13 13:00:00
483.0,622.1787,2025-11-13 13:00:00
437.0,525.7548,2025-11-13 13:00:00
418.0,504.2508,2025-11-13 13:00:00
324.0,505.44406,2025-11-13 13:00:00
353.0,426.7578,2025-11-13 14:00:00
400.0,499.93097,2025-11-13 14:00:00
329.0,462.08325,2025-11-13 14:00:00
413.25,452.9577,2025-11-13 14:00:00
438.0,565.02075,2025-11-13 14:00:00
344.0,413.51093,2025-11-13 15:00:00
335.0,465.7494,2025-11-13 15:00:00
422.0,580.6765,2025-11-13 15:00:00
423.5,427.38962,2025-11-13 15:00:00
387.0,458.30182,2025-11-13 15:00:00
470.0,578.2394,2025-11-13 16:00:00
426.5,451.32626,2025-11-13 16:00:00
384.0,480.04208,2025-11-13 16:00:00
313.0,469.72342,2025-11-13 16:00:00
350.0,427.96487,2025-11-13 16:00:00
471.0,581.27423,2025-11-13 17:00:00
409.25,483.94095,2025-11-13 17:00:00
374.0,453.71176,2025-11-13 17:00:00
349.0,414.80783,2025-11-13 17:00:00
315.0,419.056,2025-11-13 17:00:00
397.5,458.1205,2025-11-13 18:00:00
339.0,409.99225,2025-11-13 18:00:00
422.0,400.91788,2025-11-13 18:00:00
450.0,550.00806,2025-11-13 18:00:00
314.0,404.43045,2025-11-13 18:00:00
347.0,407.59354,2025-11-13 19:00:00
438.0,413.8473,2025-11-13 19:00:00
353.0,449.82263,2025-11-13 19:00:00
453.0,533.32214,2025-11-13 19:00:00
371.5,424.16867,2025-11-13 19:00:00
439.0,469.01984,2025-11-13 20:00:00
362.0,435.46048,2025-11-13 20:00:00
386.0,446.64923,2025-11-13 20:00:00
353.0,471.9557,2025-11-13 20:00:00
536.0,543.0156,2025-11-13 20:00:00
371.25,424.6594,2025-11-13 21:00:00
450.0,518.902,2025-11-13 21:00:00
353.0,532.66675,2025-11-13 21:00:00
465.0,467.74606,2025-11-13 21:00:00
375.0,487.89346,2025-11-13 21:00:00
521.0,553.82526,2025-11-13 22:00:00
393.5,418.21994,2025-11-13 22:00:00
422.0,538.0101,2025-11-13 22:00:00
480.0,474.59314,2025-11-13 22:00:00
493.0,465.42828,2025-11-13 22:00:00
482.0,420.77985,2025-11-13 23:00:00
442.0,411.60666,2025-11-13 23:00:00
454.0,481.71286,2025-11-13 23:00:00
370.0,482.3416,2025-11-13 23:00:00
428.5,364.60324,2025-11-13 23:00:00
454.0,366.22586,2025-11-14 00:00:00
375.0,359.14874,2025-11-14 00:00:00
440.0,355.7322,2025-11-14 00:00:00
400.0,303.268,2025-11-14 00:00:00
364.0,362.34076,2025-11-14 00:00:00
416.0,322.37088,2025-11-14 01:00:00
364.25,260.49554,2025-11-14 01:00:00
313.0,307.43826,2025-11-14 01:00:00
385.0,340.4706,2025-11-14 01:00:00
412.0,320.40692,2025-11-14 01:00:00
333.75,244.59605,2025-11-14 02:00:00
351.0,304.37787,2025-11-14 02:00:00
374.0,315.7561,2025-11-14 02:00:00
372.0,303.74435,2025-11-14 02:00:00
315.0,288.38153,2025-11-14 02:00:00
316.0,263.3706,2025-11-14 03:00:00
340.0,276.3019,2025-11-14 03:00:00
374.0,316.1909,2025-11-14 03:00:00
304.0,333.5816,2025-11-14 03:00:00
291.5,228.40738,2025-11-14 03:00:00
309.0,382.59216,2025-11-14 04:00:00
313.0,253.79439,2025-11-14 04:00:00
256.25,268.36816,2025-11-14 04:00:00
260.0,277.44675,2025-11-14 04:00:00
374.0,343.37177,2025-11-14 04:00:00
374.0,360.90387,2025-11-14 05:00:00
273.0,281.45093,2025-11-14 05:00:00
278.0,288.7477,2025-11-14 05:00:00
300.0,319.47546,2025-11-14 05:00:00
315.0,487.31528,2025-11-14 05:00:00
364.0,461.57336,2025-11-14 06:00:00
353.0,470.60925,2025-11-14 06:00:00
323.75,329.46707,2025-11-14 06:00:00
460.0,611.9182,2025-11-14 06:00:00
311.0,380.50183,2025-11-14 06:00:00
442.0,506.3634,2025-11-14 07:00:00
393.0,453.5004,2025-11-14 07:00:00
481.0,684.8096,2025-11-14 07:00:00
388.0,505.94727,2025-11-14 07:00:00
359.5,349.97192,2025-11-14 07:00:00
393.75,374.63943,2025-11-14 08:00:00
393.0,562.8382,2025-11-14 08:00:00
505.0,600.25824,2025-11-14 08:00:00
450.0,479.32892,2025-11-14 08:00:00
512.0,649.53064,2025-11-14 08:00:00
577.0,663.56616,2025-11-14 09:00:00
536.0,667.50037,2025-11-14 09:00:00
393.0,513.91614,2025-11-14 09:00:00
451.75,419.00507,2025-11-14 09:00:00
484.0,499.6092,2025-11-14 09:00:00
483.75,459.59833,2025-11-14 10:00:00
509.0,581.9336,2025-11-14 10:00:00
622.0,646.83154,2025-11-14 10:00:00
409.0,423.61398,2025-11-14 10:00:00
514.0,530.58295,2025-11-14 10:00:00
516.0,534.2029,2025-11-14 11:00:00
492.3333333333333,444.19482,2025-11-14 11:00:00
392.0,465.6159,2025-11-14 11:00:00
553.0,595.30896,2025-11-14 11:00:00
659.0,643.73553,2025-11-14 11:00:00
593.0,644.51685,2025-11-14 12:00:00
456.0,523.08655,2025-11-14 12:00:00
521.0,413.0101,2025-11-14 12:00:00
475.5,429.70392,2025-11-14 12:00:00
500.0,517.3211,2025-11-14 12:00:00
440.0,380.09137,2025-11-14 13:00:00
442.0,481.00473,2025-11-14 13:00:00
481.75,382.50815,2025-11-14 13:00:00
447.0,480.27597,2025-11-14 13:00:00
480.0,650.3424,2025-11-14 13:00:00
447.0,397.11212,2025-11-14 14:00:00
537.0,580.3933,2025-11-14 14:00:00
552.0,377.07788,2025-11-14 14:00:00
427.0,420.15063,2025-11-14 14:00:00
490.0,346.86942,2025-11-14 14:00:00
494.25,371.91595,2025-11-14 15:00:00
421.0,388.38678,2025-11-14 15:00:00
537.0,580.9393,2025-11-14 15:00:00
445.0,393.50543,2025-11-14 15:00:00
405.0,395.58942,2025-11-14 15:00:00
485.75,369.7774,2025-11-14 16:00:00
462.0,385.54224,2025-11-14 16:00:00
381.0,375.07962,2025-11-14 16:00:00
537.0,589.44666,2025-11-14 16:00:00
387.0,340.29724,2025-11-14 16:00:00
480.25,382.24597,2025-11-14 17:00:00
387.0,345.9315,2025-11-14 17:00:00
576.0,535.1903,2025-11-14 17:00:00
481.0,394.1408,2025-11-14 17:00:00
371.0,365.47504,2025-11-14 17:00:00
523.0,531.7048,2025-11-14 18:00:00
449.0,363.7833,2025-11-14 18:00:00
388.0,319.75494,2025-11-14 18:00:00
506.0,419.43982,2025-11-14 18:00:00
373.0,375.27228,2025-11-14 18:00:00
393.0,331.72702,2025-11-14 19:00:00
533.0,459.62106,2025-11-14 19:00:00
498.0,424.53708,2025-11-14 19:00:00
344.0,377.7977,2025-11-14 19:00:00
422.0,343.80856,2025-11-14 19:00:00
501.0,516.1266,2025-11-14 20:00:00
355.0,407.68802,2025-11-14 20:00:00
445.0,427.97034,2025-11-14 20:00:00
451.0,358.87198,2025-11-14 20:00:00
394.5,353.9885,2025-11-14 20:00:00
367.0,431.15283,2025-11-14 21:00:00
486.0,440.32846,2025-11-14 21:00:00
473.0,490.25665,2025-11-14 21:00:00
380.0,351.43634,2025-11-14 21:00:00
440.0,386.5198,2025-11-14 21:00:00
453.0,405.9435,2025-11-14 22:00:00
581.0,495.03433,2025-11-14 22:00:00
506.0,461.7331,2025-11-14 22:00:00
395.75,378.01602,2025-11-14 22:00:00
416.0,428.92828,2025-11-14 22:00:00
512.0,495.0601,2025-11-14 23:00:00
504.0,387.49762,2025-11-14 23:00:00
472.0,444.13742,2025-11-14 23:00:00
356.0,386.8135,2025-11-14 23:00:00
466.0,396.20917,2025-11-14 23:00:00
367.0,372.50485,2025-11-15 00:00:00
438.0,416.45612,2025-11-15 00:00:00
447.0,384.52667,2025-11-15 00:00:00
377.5,390.87817,2025-11-15 00:00:00
451.0,463.4569,2025-11-15 00:00:00
316.0,333.10483,2025-11-15 01:00:00
337.0,417.36612,2025-11-15 01:00:00
308.75,340.52582,2025-11-15 01:00:00
411.0,358.55872,2025-11-15 01:00:00
431.0,381.35577,2025-11-15 01:00:00
290.5,315.5462,2025-11-15 02:00:00
315.0,336.996,2025-11-15 02:00:00
300.0,340.7757,2025-11-15 02:00:00
317.0,373.65375,2025-11-15 02:00:00
288.0,358.91006,2025-11-15 02:00:00
268.75,305.07562,2025-11-15 03:00:00
307.0,346.97522,2025-11-15 03:00:00
346.0,312.21875,2025-11-15 03:00:00
298.0,335.49408,2025-11-15 03:00:00
316.0,331.22763,2025-11-15 03:00:00
297.0,305.41507,2025-11-15 04:00:00
345.0,367.64444,2025-11-15 04:00:00
272.0,298.20187,2025-11-15 04:00:00
221.75,260.663,2025-11-15 04:00:00
321.0,353.04108,2025-11-15 04:00:00
267.0,373.2488,2025-11-15 05:00:00
332.0,495.0129,2025-11-15 05:00:00
296.0,353.97067,2025-11-15 05:00:00
232.0,332.12405,2025-11-15 05:00:00
246.0,281.52255,2025-11-15 05:00:00
324.5,295.021,2025-11-15 06:00:00
274.0,390.57602,2025-11-15 06:00:00
541.0,608.1722,2025-11-15 06:00:00
328.0,441.62314,2025-11-15 06:00:00
347.0,467.8087,2025-11-15 06:00:00
433.0,565.0762,2025-11-15 07:00:00
329.5,354.42264,2025-11-15 07:00:00
545.0,658.40533,2025-11-15 07:00:00
374.0,488.52115,2025-11-15 07:00:00
349.0,532.2006,2025-11-15 07:00:00
390.0,593.47455,2025-11-15 08:00:00
360.0,402.69153,2025-11-15 08:00:00
531.0,696.07086,2025-11-15 08:00:00
511.0,636.6843,2025-11-15 08:00:00
390.0,573.0745,2025-11-15 08:00:00
422.0,529.7404,2025-11-15 09:00:00
533.0,688.36664,2025-11-15 09:00:00
462.0,673.43976,2025-11-15 09:00:00
409.25,442.29453,2025-11-15 09:00:00
419.0,562.12897,2025-11-15 09:00:00
352.0,545.6512,2025-11-15 10:00:00
519.25,503.2667,2025-11-15 10:00:00
489.0,568.4664,2025-11-15 10:00:00
586.0,695.7162,2025-11-15 10:00:00
494.0,677.7095,2025-11-15 10:00:00
531.0,673.7282,2025-11-15 11:00:00
373.0,493.32794,2025-11-15 11:00:00
609.0,594.5204,2025-11-15 11:00:00
454.0,648.1063,2025-11-15 11:00:00
595.0,514.227,2025-11-15 11:00:00
433.0,592.785,2025-11-15 12:00:00
373.0,518.38947,2025-11-15 12:00:00
597.0,750.9641,2025-11-15 12:00:00
603.25,552.5066,2025-11-15 12:00:00
589.0,562.04407,2025-11-15 12:00:00
376.0,465.66144,2025-11-15 13:00:00
604.75,548.86206,2025-11-15 13:00:00
396.0,557.30475,2025-11-15 13:00:00
566.0,530.4155,2025-11-15 13:00:00
672.0,677.31146,2025-11-15 13:00:00
371.0,476.67783,2025-11-15 14:00:00
559.0,478.2852,2025-11-15 14:00:00
653.0,630.51874,2025-11-15 14:00:00
353.0,485.37918,2025-11-15 14:00:00
588.25,470.09708,2025-11-15 14:00:00
342.0,444.06,2025-11-15 15:00:00
359.0,445.83823,2025-11-15 15:00:00
657.0,627.16626,2025-11-15 15:00:00
555.0,497.5978,2025-11-15 15:00:00
575.25,470.0123,2025-11-15 15:00:00
670.0,602.9276,2025-11-15 16:00:00
313.0,421.0274,2025-11-15 16:00:00
348.0,410.82593,2025-11-15 16:00:00
547.0,478.22562,2025-11-15 16:00:00
539.25,481.62064,2025-11-15 16:00:00
600.0,564.5005,2025-11-15 17:00:00
531.0,453.057,2025-11-15 17:00:00
365.0,389.3375,2025-11-15 17:00:00
338.0,409.08896,2025-11-15 17:00:00
466.75,461.83704,2025-11-15 17:00:00
306.0,411.82135,2025-11-15 18:00:00
354.0,361.89694,2025-11-15 18:00:00
402.25,413.73477,2025-11-15 18:00:00
559.0,495.43137,2025-11-15 18:00:00
506.0,471.6391,2025-11-15 18:00:00
407.5,385.38013,2025-11-15 19:00:00
338.0,385.5387,2025-11-15 19:00:00
504.0,484.74628,2025-11-15 19:00:00
453.0,451.48114,2025-11-15 19:00:00
295.0,412.1588,2025-11-15 19:00:00
588.0,508.38492,2025-11-15 20:00:00
323.0,421.06735,2025-11-15 20:00:00
353.0,410.0407,2025-11-15 20:00:00
428.25,387.86295,2025-11-15 20:00:00
462.0,446.86435,2025-11-15 20:00:00
447.0,377.28882,2025-11-15 21:00:00
473.0,459.7314,2025-11-15 21:00:00
490.0,505.39734,2025-11-15 21:00:00
386.0,410.66153,2025-11-15 21:00:00
417.0,430.1336,2025-11-15 21:00:00
442.0,447.05017,2025-11-15 22:00:00
503.0,556.9568,2025-11-15 22:00:00
506.0,451.29752,2025-11-15 22:00:00
370.0,401.6346,2025-11-15 22:00:00
461.25,410.5782,2025-11-15 22:00:00
480.0,518.26135,2025-11-15 23:00:00
415.0,381.93707,2025-11-15 23:00:00
379.5,425.57382,2025-11-15 23:00:00
455.0,492.16354,2025-11-15 23:00:00
363.0,404.0325,2025-11-15 23:00:00
368.0,429.90927,2025-11-16 00:00:00
359.0,395.89966,2025-11-16 00:00:00
412.0,335.7864,2025-11-16 00:00:00
293.5,392.8764,2025-11-16 00:00:00
373.0,448.86365,2025-11-16 00:00:00
290.0,372.80197,2025-11-16 01:00:00
254.0,382.32983,2025-11-16 01:00:00
200.0,370.69397,2025-11-16 01:00:00
291.0,316.22214,2025-11-16 01:00:00
340.0,327.6514,2025-11-16 01:00:00
230.0,376.97574,2025-11-16 02:00:00
211.0,363.36597,2025-11-16 02:00:00
158.75,333.61066,2025-11-16 02:00:00
223.0,306.42075,2025-11-16 02:00:00
232.0,311.88953,2025-11-16 02:00:00
208.0,285.0273,2025-11-16 03:00:00
189.0,320.9502,2025-11-16 03:00:00
174.0,322.2249,2025-11-16 03:00:00
215.0,321.91174,2025-11-16 03:00:00
212.0,338.68066,2025-11-16 03:00:00
218.0,326.76764,2025-11-16 04:00:00
194.75,289.31732,2025-11-16 04:00:00
241.0,364.10474,2025-11-16 04:00:00
206.0,282.4796,2025-11-16 04:00:00
213.0,367.30316,2025-11-16 04:00:00
214.0,331.52576,2025-11-16 05:00:00
203.0,300.64502,2025-11-16 05:00:00
271.0,495.65665,2025-11-16 05:00:00
224.0,329.5719,2025-11-16 05:00:00
244.0,375.6415,2025-11-16 05:00:00
285.0,378.74838,2025-11-16 06:00:00
256.0,450.23865,2025-11-16 06:00:00
293.0,385.5387,2025-11-16 06:00:00
403.0,715.424,2025-11-16 06:00:00
276.0,327.0282,2025-11-16 06:00:00
405.0,719.9924,2025-11-16 07:00:00
350.0,457.3475,2025-11-16 07:00:00
296.5,356.39948,2025-11-16 07:00:00
394.0,605.2486,2025-11-16 07:00:00
327.0,446.6454,2025-11-16 07:00:00
325.0,416.76575,2025-11-16 08:00:00
355.0,468.4613,2025-11-16 08:00:00
498.0,649.5359,2025-11-16 08:00:00
415.0,746.65594,2025-11-16 08:00:00
362.0,479.69397,2025-11-16 08:00:00
404.0,730.6732,2025-11-16 09:00:00
382.0,606.2443,2025-11-16 09:00:00
360.75,494.9732,2025-11-16 09:00:00
369.0,596.69226,2025-11-16 09:00:00
444.0,732.18335,2025-11-16 09:00:00
394.0,664.30096,2025-11-16 10:00:00
337.0,486.03207,2025-11-16 10:00:00
454.0,695.5735,2025-11-16 10:00:00
418.5,509.72458,2025-11-16 10:00:00
416.0,685.66003,2025-11-16 10:00:00
500.0,656.93756,2025-11-16 11:00:00
443.0,654.3609,2025-11-16 11:00:00
363.0,423.19098,2025-11-16 11:00:00
406.0,646.7754,2025-11-16 11:00:00
479.6666666666667,513.2319,2025-11-16 11:00:00
494.5,501.89313,2025-11-16 12:00:00
414.0,563.68915,2025-11-16 12:00:00
347.0,382.85403,2025-11-16 12:00:00
467.0,553.37524,2025-11-16 12:00:00
510.0,691.8135,2025-11-16 12:00:00
459.0,529.0276,2025-11-16 13:00:00
621.0,733.0799,2025-11-16 13:00:00
508.0,463.885,2025-11-16 13:00:00
319.0,370.88803,2025-11-16 13:00:00
426.0,493.01825,2025-11-16 13:00:00
449.0,495.8127,2025-11-16 14:00:00
554.0,648.7432,2025-11-16 14:00:00
353.0,419.38025,2025-11-16 14:00:00
503.0,464.36285,2025-11-16 14:00:00
315.0,386.40814,2025-11-16 14:00:00
503.0,431.07523,2025-11-16 15:00:00
289.0,422.68454,2025-11-16 15:00:00
532.0,637.5119,2025-11-16 15:00:00
434.0,461.89023,2025-11-16 15:00:00
313.0,364.38245,2025-11-16 15:00:00
273.0,409.36063,2025-11-16 16:00:00
498.0,425.50516,2025-11-16 16:00:00
426.0,469.2959,2025-11-16 16:00:00
527.0,582.17035,2025-11-16 16:00:00
318.0,393.27756,2025-11-16 16:00:00
420.0,423.81125,2025-11-16 17:00:00
455.75,429.21536,2025-11-16 17:00:00
305.0,368.84235,2025-11-16 17:00:00
542.0,528.6776,2025-11-16 17:00:00
254.0,414.59055,2025-11-16 17:00:00
439.0,438.88715,2025-11-16 18:00:00
528.0,537.1124,2025-11-16 18:00:00
251.0,382.13403,2025-11-16 18:00:00
401.0,397.18787,2025-11-16 18:00:00
298.0,385.71985,2025-11-16 18:00:00
293.0,385.1894,2025-11-16 19:00:00
462.0,538.7914,2025-11-16 19:00:00
223.0,402.56927,2025-11-16 19:00:00
412.0,436.58356,2025-11-16 19:00:00
306.25,390.20923,2025-11-16 19:00:00
344.0,466.89484,2025-11-16 20:00:00
266.0,409.82037,2025-11-16 20:00:00
276.25,396.58505,2025-11-16 20:00:00
434.0,469.3219,2025-11-16 20:00:00
335.0,427.9822,2025-11-16 20:00:00
307.0,403.88055,2025-11-16 21:00:00
399.0,454.0174,2025-11-16 21:00:00
367.0,491.0968,2025-11-16 21:00:00
362.0,448.49173,2025-11-16 21:00:00
340.0,432.06284,2025-11-16 21:00:00
394.0,459.5754,2025-11-16 22:00:00
377.0,428.10468,2025-11-16 22:00:00
442.0,462.0614,2025-11-16 22:00:00
329.75,404.25012,2025-11-16 22:00:00
528.0,449.92383,2025-11-16 22:00:00
346.25,381.60413,2025-11-16 23:00:00
376.0,466.07874,2025-11-16 23:00:00
409.0,445.83466,2025-11-16 23:00:00
331.0,412.19824,2025-11-16 23:00:00
411.0,449.81232,2025-11-16 23:00:00
364.0,446.20496,2025-11-17 00:00:00
291.0,428.69162,2025-11-17 00:00:00
331.0,436.16144,2025-11-17 00:00:00
318.0,400.61276,2025-11-17 00:00:00
354.0,510.7871,2025-11-17 00:00:00
269.0,357.18372,2025-11-17 01:00:00
366.0,401.75693,2025-11-17 01:00:00
302.0,363.1717,2025-11-17 01:00:00
310.0,378.26614,2025-11-17 01:00:00
247.25,325.0706,2025-11-17 01:00:00
269.0,371.3842,2025-11-17 02:00:00
235.5,272.38818,2025-11-17 02:00:00
269.0,311.28247,2025-11-17 02:00:00
252.0,300.9957,2025-11-17 02:00:00
226.0,368.23248,2025-11-17 02:00:00
245.0,322.17404,2025-11-17 03:00:00
267.0,345.74368,2025-11-17 03:00:00
238.0,288.4289,2025-11-17 03:00:00
205.5,285.4488,2025-11-17 03:00:00
220.0,352.72363,2025-11-17 03:00:00
222.0,351.42538,2025-11-17 04:00:00
241.0,330.25687,2025-11-17 04:00:00
213.0,325.14218,2025-11-17 04:00:00
182.75,295.4926,2025-11-17 04:00:00
245.0,358.36255,2025-11-17 04:00:00
240.5,316.27567,2025-11-17 05:00:00
200.0,338.18988,2025-11-17 05:00:00
219.0,392.19498,2025-11-17 05:00:00
525.0,413.93994,2025-11-17 05:00:00
263.0,425.07025,2025-11-17 05:00:00
393.0,433.22284,2025-11-17 06:00:00
277.0,411.59082,2025-11-17 06:00:00
256.0,357.3545,2025-11-17 06:00:00
342.75,351.41434,2025-11-17 06:00:00
480.0,489.72076,2025-11-17 06:00:00
451.0,463.5537,2025-11-17 07:00:00
448.0,488.39368,2025-11-17 07:00:00
359.25,325.7005,2025-11-17 07:00:00
322.0,401.24603,2025-11-17 07:00:00
454.0,527.59576,2025-11-17 07:00:00
528.0,482.2521,2025-11-17 08:00:00
448.0,394.58087,2025-11-17 08:00:00
553.0,564.6058,2025-11-17 08:00:00
383.75,351.5253,2025-11-17 08:00:00
428.0,570.5638,2025-11-17 08:00:00
564.0,560.5947,2025-11-17 09:00:00
553.0,509.78525,2025-11-17 09:00:00
515.0,542.1756,2025-11-17 09:00:00
372.75,381.02087,2025-11-17 09:00:00
506.0,422.3071,2025-11-17 09:00:00
335.0,465.896,2025-11-17 10:00:00
594.0,489.22195,2025-11-17 10:00:00
500.0,492.85028,2025-11-17 10:00:00
506.0,552.7821,2025-11-17 10:00:00
705.0,637.91,2025-11-17 10:00:00
442.0,525.002,2025-11-17 11:00:00
553.0,505.30838,2025-11-17 11:00:00
344.6666666666667,443.5889,2025-11-17 11:00:00
394.0,512.7752,2025-11-17 11:00:00
754.0,655.75366,2025-11-17 11:00:00
363.0,396.76062,2025-11-17 12:00:00
345.0,421.88977,2025-11-17 12:00:00
690.0,663.62463,2025-11-17 12:00:00
469.0,474.60397,2025-11-17 12:00:00
538.0,504.65915,2025-11-17 12:00:00
561.0,678.3785,2025-11-17 13:00:00
543.0,458.00092,2025-11-17 13:00:00
467.0,450.72607,2025-11-17 13:00:00
325.75,395.0338,2025-11-17 13:00:00
313.0,387.31003,2025-11-17 13:00:00
427.0,408.45145,2025-11-17 14:00:00
306.5,432.60043,2025-11-17 14:00:00
563.0,617.66724,2025-11-17 14:00:00
566.0,430.8917,2025-11-17 14:00:00
297.0,364.5811,2025-11-17 14:00:00
511.0,570.15045,2025-11-17 15:00:00
295.75,429.14337,2025-11-17 15:00:00
570.0,420.57977,2025-11-17 15:00:00
389.0,368.5433,2025-11-17 15:00:00
314.0,379.92047,2025-11-17 15:00:00
333.75,455.1288,2025-11-17 16:00:00
497.0,629.7834,2025-11-17 16:00:00
316.0,369.78476,2025-11-17 16:00:00
338.0,376.34628,2025-11-17 16:00:00
522.0,419.19534,2025-11-17 16:00:00
553.0,545.4589,2025-11-17 17:00:00
316.0,359.95758,2025-11-17 17:00:00
327.0,357.65942,2025-11-17 17:00:00
358.75,406.8112,2025-11-17 17:00:00
514.0,378.88397,2025-11-17 17:00:00
464.0,398.34906,2025-11-17 18:00:00
543.0,503.80112,2025-11-17 18:00:00
334.0,367.98944,2025-11-17 18:00:00
316.0,355.96646,2025-11-17 18:00:00
375.0,381.97357,2025-11-17 18:00:00
311.0,391.16196,2025-11-17 19:00:00
434.5,337.41107,2025-11-17 19:00:00
449.0,424.33713,2025-11-17 19:00:00
537.0,499.84723,2025-11-17 19:00:00
316.0,387.44968,2025-11-17 19:00:00
353.0,446.48038,2025-11-17 20:00:00
422.25,319.3608,2025-11-17 20:00:00
498.0,449.8358,2025-11-17 20:00:00
458.0,410.23602,2025-11-17 20:00:00
556.0,438.4578,2025-11-17 21:00:00
421.0,434.13852,2025-11-17 21:00:00
495.5,304.22406,2025-11-17 21:00:00
576.0,415.5238,2025-11-17 21:00:00
420.0,412.66187,2025-11-17 22:00:00
697.0,451.7173,2025-11-17 22:00:00
647.0,424.7625,2025-11-17 22:00:00
532.25,289.5621,2025-11-17 22:00:00
536.5,288.7964,2025-11-17 23:00:00
429.0,377.45282,2025-11-17 23:00:00
613.0,414.88968,2025-11-17 23:00:00
628.0,388.8962,2025-11-17 23:00:00
497.0,394.81067,2025-11-18 00:00:00
342.0,347.29404,2025-11-18 00:00:00
599.0,396.5998,2025-11-18 00:00:00
468.75,266.04868,2025-11-18 00:00:00
383.0,364.01077,2025-11-18 00:00:00
476.0,320.8663,2025-11-18 01:00:00
373.0,319.23883,2025-11-18 01:00:00
332.0,333.47223,2025-11-18 01:00:00
314.0,208.84982,2025-11-18 01:00:00
295.0,310.93933,2025-11-18 01:00:00
294.0,314.97385,2025-11-18 02:00:00
247.0,210.55817,2025-11-18 02:00:00
383.0,328.2185,2025-11-18 02:00:00
321.0,303.33014,2025-11-18 02:00:00
220.0,262.09637,2025-11-18 02:00:00
287.0,247.32898,2025-11-18 03:00:00
246.0,266.04608,2025-11-18 03:00:00
262.0,243.35745,2025-11-18 03:00:00
322.0,316.88733,2025-11-18 03:00:00
192.5,180.88669,2025-11-18 03:00:00
272.0,264.15674,2025-11-18 04:00:00
204.0,262.21674,2025-11-18 04:00:00
282.0,270.11627,2025-11-18 04:00:00
235.0,279.66913,2025-11-18 04:00:00
138.25,178.72055,2025-11-18 04:00:00
223.0,290.26913,2025-11-18 05:00:00
298.0,325.25662,2025-11-18 05:00:00
197.0,384.5631,2025-11-18 05:00:00
329.0,398.88815,2025-11-18 05:00:00
192.0,207.14879,2025-11-18 05:00:00
300.75,294.51328,2025-11-18 06:00:00
390.0,398.9961,2025-11-18 06:00:00
251.0,452.22955,2025-11-18 06:00:00
248.0,354.44836,2025-11-18 06:00:00
405.0,602.23004,2025-11-18 06:00:00
361.0,391.45773,2025-11-18 07:00:00
346.0,512.3201,2025-11-18 07:00:00
483.0,523.83746,2025-11-18 07:00:00
326.5,355.40698,2025-11-18 07:00:00
398.0,565.2612,2025-11-18 07:00:00
497.0,581.5484,2025-11-18 08:00:00
414.0,474.2911,2025-11-18 08:00:00
432.0,599.37646,2025-11-18 08:00:00
300.0,334.7497,2025-11-18 08:00:00
455.0,647.4768,2025-11-18 09:00:00
475.0,624.4449,2025-11-18 09:00:00
331.75,354.2754,2025-11-18 09:00:00
488.0,529.5817,2025-11-18 09:00:00
363.25,406.75247,2025-11-18 10:00:00
464.0,630.94226,2025-11-18 10:00:00
633.0,600.0643,2025-11-18 10:00:00
484.0,715.00366,2025-11-18 10:00:00
429.0,555.8314,2025-11-18 11:00:00
514.0,687.8001,2025-11-18 11:00:00
402.6666666666667,409.94974,2025-11-18 11:00:00
633.0,551.0704,2025-11-18 11:00:00
611.0,529.1999,2025-11-18 12:00:00
417.0,440.1498,2025-11-18 12:00:00
409.0,418.59665,2025-11-18 12:00:00
534.0,722.681,2025-11-18 12:00:00
415.0,496.2576,2025-11-18 12:00:00
411.75,409.0201,2025-11-18 13:00:00
594.0,658.5866,2025-11-18 13:00:00
385.0,470.2815,2025-11-18 13:00:00
574.0,539.52686,2025-11-18 13:00:00
421.0,411.14206,2025-11-18 13:00:00
552.0,662.1757,2025-11-18 14:00:00
382.0,419.29895,2025-11-18 14:00:00
438.0,383.88177,2025-11-18 14:00:00
427.25,411.19135,2025-11-18 14:00:00
544.0,517.6037,2025-11-18 14:00:00
542.0,483.3647,2025-11-18 15:00:00
378.0,406.40247,2025-11-18 15:00:00
461.0,401.01135,2025-11-18 15:00:00
516.0,579.9023,2025-11-18 15:00:00
435.0,388.53143,2025-11-18 15:00:00
452.0,358.37405,2025-11-18 16:00:00
560.0,540.14594,2025-11-18 16:00:00
364.0,396.60254,2025-11-18 16:00:00
578.0,453.42007,2025-11-18 16:00:00
459.5,425.709,2025-11-18 16:00:00
417.0,391.95068,2025-11-18 17:00:00
596.0,434.66904,2025-11-18 17:00:00
479.5,358.9845,2025-11-18 17:00:00
566.0,527.9773,2025-11-18 17:00:00
498.0,324.63678,2025-11-18 17:00:00
321.0,427.54745,2025-11-18 18:00:00
451.0,332.25433,2025-11-18 18:00:00
635.0,436.37228,2025-11-18 18:00:00
581.0,492.7236,2025-11-18 18:00:00
461.25,412.20993,2025-11-18 18:00:00
449.0,390.05603,2025-11-18 19:00:00
593.0,396.02505,2025-11-18 19:00:00
593.0,485.22366,2025-11-18 19:00:00
337.0,371.36298,2025-11-18 19:00:00
451.0,393.4017,2025-11-18 19:00:00
458.0,363.5866,2025-11-18 20:00:00
687.0,424.59735,2025-11-18 20:00:00
482.25,374.42874,2025-11-18 20:00:00
576.0,442.9232,2025-11-18 20:00:00
346.0,432.12436,2025-11-18 20:00:00
670.0,468.47488,2025-11-18 21:00:00
726.0,513.3763,2025-11-18 21:00:00
525.75,349.15033,2025-11-18 21:00:00
400.0,466.57492,2025-11-18 21:00:00
484.0,397.34995,2025-11-18 21:00:00
524.0,373.274,2025-11-18 22:00:00
616.0,523.73926,2025-11-18 22:00:00
797.0,453.9049,2025-11-18 22:00:00
488.0,430.21854,2025-11-18 22:00:00
468.0,375.0708,2025-11-18 22:00:00
441.25,377.3234,2025-11-18 23:00:00
471.0,397.8476,2025-11-18 23:00:00
567.0,500.2785,2025-11-18 23:00:00
797.0,433.88824,2025-11-18 23:00:00
421.0,372.41986,2025-11-18 23:00:00
364.75,312.48776,2025-11-19 00:00:00
429.0,330.62036,2025-11-19 00:00:00
438.0,364.7163,2025-11-19 00:00:00
502.75,319.86487,2025-11-19 00:00:00
528.0,427.8386,2025-11-19 00:00:00
364.75,294.33273,2025-11-19 01:00:00
455.0,307.4407,2025-11-19 01:00:00
383.0,310.29532,2025-11-19 01:00:00
331.0,297.25958,2025-11-19 01:00:00
502.75,252.12321,2025-11-19 01:00:00
257.0,288.1578,2025-11-19 02:00:00
370.0,335.92694,2025-11-19 02:00:00
502.75,220.10963,2025-11-19 02:00:00
364.75,262.9172,2025-11-19 02:00:00
302.0,306.57626,2025-11-19 02:00:00
450.0,280.30902,2025-11-19 03:00:00
290.0,303.97223,2025-11-19 03:00:00
309.0,327.0986,2025-11-19 03:00:00
277.0,292.98755,2025-11-19 03:00:00
92.33333333333331,197.91142,2025-11-19 03:00:00
365.0,285.40472,2025-11-19 04:00:00
277.25,174.78683,2025-11-19 04:00:00
292.0,271.05896,2025-11-19 04:00:00
301.0,269.85052,2025-11-19 04:00:00
389.0,340.212,2025-11-19 04:00:00
309.0,296.64148,2025-11-19 05:00:00
434.0,359.6546,2025-11-19 05:00:00
350.0,291.69473,2025-11-19 05:00:00
423.0,432.5601,2025-11-19 05:00:00
319.75,236.22064,2025-11-19 05:00:00
436.0,410.70108,2025-11-19 06:00:00
376.0,314.5086,2025-11-19 06:00:00
349.75,336.3973,2025-11-19 06:00:00
456.0,488.0324,2025-11-19 06:00:00
412.0,408.70663,2025-11-19 06:00:00
367.5,295.3605,2025-11-19 07:00:00
584.0,466.07825,2025-11-19 07:00:00
498.0,449.87045,2025-11-19 07:00:00
526.0,534.1088,2025-11-19 07:00:00
532.0,549.1551,2025-11-19 07:00:00
537.0,506.64157,2025-11-19 08:00:00
497.0,602.87213,2025-11-19 08:00:00
370.25,327.80695,2025-11-19 08:00:00
697.0,570.9777,2025-11-19 08:00:00
478.0,538.5055,2025-11-19 08:00:00
338.3333333333333,393.1912,2025-11-19 09:00:00
553.0,604.3863,2025-11-19 09:00:00
592.0,559.54584,2025-11-19 09:00:00
780.0,612.4715,2025-11-19 09:00:00
565.0,512.16376,2025-11-19 09:00:00
531.0,573.5237,2025-11-19 10:00:00
687.0,586.1455,2025-11-19 10:00:00
585.0,505.65756,2025-11-19 10:00:00
768.0,610.0262,2025-11-19 10:00:00
342.5,349.00174,2025-11-19 10:00:00
327.6666666666667,364.29852,2025-11-19 11:00:00
733.0,600.65375,2025-11-19 11:00:00
492.0,489.89355,2025-11-19 11:00:00
628.0,578.8752,2025-11-19 11:00:00
504.0,488.70538,2025-11-19 11:00:00
657.0,625.3013,2025-11-19 12:00:00
454.0,393.62054,2025-11-19 12:00:00
705.0,523.19403,2025-11-19 12:00:00
492.0,448.47186,2025-11-19 12:00:00
351.5,368.35748,2025-11-19 12:00:00
550.0,488.80524,2025-11-19 13:00:00
423.0,410.49313,2025-11-19 13:00:00
539.0,601.5445,2025-11-19 13:00:00
336.25,361.38766,2025-11-19 13:00:00
495.0,416.56934,2025-11-19 13:00:00
323.25,356.96335,2025-11-19 14:00:00
500.0,433.50537,2025-11-19 14:00:00
567.0,395.7485,2025-11-19 14:00:00
515.0,533.7655,2025-11-19 14:00:00
394.0,418.873,2025-11-19 14:00:00
399.0,417.5229,2025-11-19 15:00:00
310.0,331.95932,2025-11-19 15:00:00
553.0,427.83005,2025-11-19 15:00:00
488.0,448.8496,2025-11-19 15:00:00
577.0,481.57108,2025-11-19 15:00:00
494.0,375.7804,2025-11-19 16:00:00
344.75,354.4253,2025-11-19 16:00:00
363.0,405.96503,2025-11-19 16:00:00
582.0,516.56696,2025-11-19 16:00:00
538.0,482.63184,2025-11-19 16:00:00
514.0,401.6156,2025-11-19 17:00:00
724.0,496.4716,2025-11-19 17:00:00
382.25,373.84726,2025-11-19 17:00:00
392.0,374.15924,2025-11-19 17:00:00
450.0,382.09824,2025-11-19 17:00:00
490.0,507.8198,2025-11-19 18:00:00
385.25,348.997,2025-11-19 18:00:00
610.0,474.56204,2025-11-19 18:00:00
481.0,342.2463,2025-11-19 18:00:00
384.0,386.16217,2025-11-19 18:00:00
396.75,352.65323,2025-11-19 19:00:00
527.0,503.9413,2025-11-19 19:00:00
444.0,458.54733,2025-11-19 19:00:00
404.0,387.8496,2025-11-19 19:00:00
466.0,351.87106,2025-11-19 19:00:00
480.0,551.44525,2025-11-19 20:00:00
483.0,420.485,2025-11-19 20:00:00
565.0,420.2644,2025-11-19 20:00:00
441.25,359.7005,2025-11-19 20:00:00
460.0,504.95798,2025-11-19 20:00:00
520.0,450.61127,2025-11-19 21:00:00
490.0,403.83527,2025-11-19 21:00:00
454.25,334.83508,2025-11-19 21:00:00
515.0,578.376,2025-11-19 21:00:00
555.0,528.941,2025-11-19 21:00:00
501.0,517.6866,2025-11-19 22:00:00
502.0,458.77277,2025-11-19 22:00:00
424.25,328.54575,2025-11-19 22:00:00
775.0,564.7612,2025-11-19 22:00:00
394.0,409.64932,2025-11-19 22:00:00
520.0,521.1221,2025-11-19 23:00:00
460.0,499.8675,2025-11-19 23:00:00
382.0,380.5634,2025-11-19 23:00:00
365.25,298.0092,2025-11-19 23:00:00
452.0,463.1029,2025-11-19 23:00:00
379.0,342.39215,2025-11-20 00:00:00
404.0,334.16815,2025-11-20 00:00:00
481.0,450.52164,2025-11-20 00:00:00
327.75,267.7048,2025-11-20 00:00:00
445.0,344.6724,2025-11-20 00:00:00
379.0,301.83182,2025-11-20 01:00:00
355.0,359.29605,2025-11-20 01:00:00
306.0,245.18549,2025-11-20 01:00:00
378.0,282.05734,2025-11-20 01:00:00
326.0,317.04968,2025-11-20 01:00:00
218.0,223.20125,2025-11-20 02:00:00
326.0,267.65002,2025-11-20 02:00:00
313.0,274.87628,2025-11-20 02:00:00
166.0,286.08447,2025-11-20 02:00:00
327.0,327.83255,2025-11-20 02:00:00
263.0,238.05815,2025-11-20 03:00:00
195.0,256.238,2025-11-20 03:00:00
268.0,313.54172,2025-11-20 03:00:00
305.0,299.5876,2025-11-20 03:00:00
227.5,139.20163,2025-11-20 03:00:00
232.0,184.3556,2025-11-20 04:00:00
248.0,280.3365,2025-11-20 04:00:00
218.0,342.82687,2025-11-20 04:00:00
268.0,332.19653,2025-11-20 04:00:00
238.0,317.00372,2025-11-20 04:00:00
252.0,345.6388,2025-11-20 05:00:00
216.0,362.7105,2025-11-20 05:00:00
240.25,224.09187,2025-11-20 05:00:00
254.0,345.70395,2025-11-20 05:00:00
252.0,427.08615,2025-11-20 05:00:00
354.0,503.7796,2025-11-20 06:00:00
245.0,465.1867,2025-11-20 06:00:00
390.0,435.72424,2025-11-20 06:00:00
382.0,442.75632,2025-11-20 06:00:00
267.0,246.58047,2025-11-20 06:00:00
533.0,515.5845,2025-11-20 07:00:00
492.0,570.672,2025-11-20 07:00:00
326.0,512.5616,2025-11-20 07:00:00
373.0,605.5613,2025-11-20 07:00:00
291.75,274.06522,2025-11-20 07:00:00
545.0,585.67755,2025-11-20 08:00:00
415.0,554.8461,2025-11-20 08:00:00
372.0,541.7844,2025-11-20 08:00:00
541.0,551.1024,2025-11-20 08:00:00
317.75,322.8717,2025-11-20 08:00:00
327.75,311.5256,2025-11-20 09:00:00
625.0,594.17474,2025-11-20 09:00:00
371.0,578.3029,2025-11-20 09:00:00
389.0,615.5246,2025-11-20 09:00:00
614.0,676.8526,2025-11-20 09:00:00
649.0,610.9955,2025-11-20 10:00:00
592.0,574.26385,2025-11-20 10:00:00
379.0,634.1796,2025-11-20 10:00:00
291.5,288.74374,2025-11-20 10:00:00
377.0,634.8994,2025-11-20 10:00:00
329.0,529.32465,2025-11-20 11:00:00
273.0,286.35037,2025-11-20 11:00:00
461.0,433.47986,2025-11-20 11:00:00
660.0,623.3828,2025-11-20 11:00:00
367.0,586.6138,2025-11-20 11:00:00
289.25,339.05856,2025-11-20 12:00:00
591.0,608.95087,2025-11-20 12:00:00
287.0,553.28625,2025-11-20 12:00:00
406.0,450.5377,2025-11-20 12:00:00
340.0,565.5696,2025-11-20 12:00:00
345.0,449.549,2025-11-20 13:00:00
660.0,584.5803,2025-11-20 13:00:00
295.0,532.27216,2025-11-20 13:00:00
313.5,330.38028,2025-11-20 13:00:00
365.0,531.91364,2025-11-20 13:00:00
295.0,408.07147,2025-11-20 14:00:00
711.0,528.777,2025-11-20 14:00:00
277.0,476.9182,2025-11-20 14:00:00
411.0,455.8069,2025-11-20 14:00:00
329.25,320.68115,2025-11-20 14:00:00
809.0,523.97784,2025-11-20 15:00:00
262.0,422.7054,2025-11-20 15:00:00
302.25,318.285,2025-11-20 15:00:00
315.0,470.14087,2025-11-20 15:00:00
461.0,503.14313,2025-11-20 15:00:00
193.0,421.06378,2025-11-20 16:00:00
260.0,334.13004,2025-11-20 16:00:00
439.0,419.32507,2025-11-20 16:00:00
685.0,541.79425,2025-11-20 16:00:00
263.0,410.69403,2025-11-20 16:00:00
196.0,387.98138,2025-11-20 17:00:00
668.0,437.3928,2025-11-20 17:00:00
401.0,388.8862,2025-11-20 17:00:00
223.0,370.41998,2025-11-20 17:00:00
263.25,336.12433,2025-11-20 17:00:00
346.0,361.5233,2025-11-20 18:00:00
282.25,334.56186,2025-11-20 18:00:00
217.0,354.0257,2025-11-20 18:00:00
211.0,364.89142,2025-11-20 18:00:00
725.0,444.85812,2025-11-20 18:00:00
302.0,430.35703,2025-11-20 19:00:00
532.0,495.49225,2025-11-20 19:00:00
235.0,359.2241,2025-11-20 19:00:00
312.0,370.045,2025-11-20 19:00:00
315.75,309.381,2025-11-20 19:00:00
294.0,381.90198,2025-11-20 20:00:00
306.0,385.95782,2025-11-20 20:00:00
564.0,424.0113,2025-11-20 20:00:00
413.5,335.16086,2025-11-20 20:00:00
415.0,522.2518,2025-11-20 20:00:00
647.0,452.75552,2025-11-20 21:00:00
456.25,323.6685,2025-11-20 21:00:00
360.0,473.653,2025-11-20 21:00:00
420.0,510.08713,2025-11-20 21:00:00
382.0,400.6409,2025-11-20 21:00:00
298.0,407.96475,2025-11-20 22:00:00
432.0,478.0845,2025-11-20 22:00:00
466.5,287.24622,2025-11-20 22:00:00
447.0,382.64902,2025-11-20 22:00:00
299.0,451.48425,2025-11-20 22:00:00
379.0,338.19778,2025-11-20 23:00:00
252.0,373.71146,2025-11-20 23:00:00
444.0,268.23102,2025-11-20 23:00:00
326.0,400.87827,2025-11-20 23:00:00
246.0,396.9171,2025-11-20 23:00:00
272.0,359.37234,2025-11-21 00:00:00
301.0,237.98251,2025-11-21 00:00:00
256.0,265.94843,2025-11-21 00:00:00
193.0,331.2928,2025-11-21 00:00:00
248.0,336.04523,2025-11-21 00:00:00
359.0,287.84375,2025-11-21 01:00:00
182.25,186.58263,2025-11-21 01:00:00
241.0,248.78879,2025-11-21 01:00:00
206.0,277.12656,2025-11-21 01:00:00
235.0,299.26324,2025-11-21 01:00:00
272.0,302.22006,2025-11-21 02:00:00
221.0,282.01337,2025-11-21 02:00:00
241.0,242.43378,2025-11-21 02:00:00
183.0,190.09642,2025-11-21 02:00:00
169.0,151.44347,2025-11-21 02:00:00
166.5,147.62215,2025-11-21 03:00:00
255.0,289.1077,2025-11-21 03:00:00
184.0,204.6485,2025-11-21 03:00:00
194.0,265.95383,2025-11-21 03:00:00
241.0,218.25793,2025-11-21 03:00:00
186.0,226.7326,2025-11-21 04:00:00
230.0,278.38037,2025-11-21 04:00:00
241.0,224.35925,2025-11-21 04:00:00
180.0,233.6344,2025-11-21 04:00:00
185.5,136.91187,2025-11-21 04:00:00
278.0,302.18622,2025-11-21 05:00:00
231.25,150.97241,2025-11-21 05:00:00
230.0,256.62076,2025-11-21 05:00:00
392.0,269.19867,2025-11-21 05:00:00
205.0,251.02821,2025-11-21 05:00:00
291.0,280.12112,2025-11-21 06:00:00
387.0,356.01093,2025-11-21 06:00:00
288.0,191.23398,2025-11-21 06:00:00
416.0,347.6128,2025-11-21 06:00:00
351.0,348.66635,2025-11-21 06:00:00
443.0,401.6829,2025-11-21 07:00:00
432.0,362.10846,2025-11-21 07:00:00
471.0,415.2755,2025-11-21 07:00:00
559.0,515.6724,2025-11-21 07:00:00
320.25,210.21196,2025-11-21 07:00:00
492.0,501.1412,2025-11-21 08:00:00
528.0,502.14795,2025-11-21 08:00:00
324.5,277.3337,2025-11-21 08:00:00
421.0,361.9353,2025-11-21 08:00:00
676.0,575.61414,2025-11-21 08:00:00
490.0,454.5221,2025-11-21 09:00:00
501.0,508.50253,2025-11-21 09:00:00
425.0,396.33224,2025-11-21 09:00:00
335.25,290.5977,2025-11-21 09:00:00
724.0,634.1027,2025-11-21 09:00:00
432.0,391.83887,2025-11-21 10:00:00
411.0,389.9572,2025-11-21 10:00:00
350.75,250.66194,2025-11-21 10:00:00
509.0,413.00363,2025-11-21 10:00:00
602.0,669.04254,2025-11-21 10:00:00
646.0,644.40295,2025-11-21 11:00:00
360.3333333333333,260.4167,2025-11-21 11:00:00
396.0,416.71527,2025-11-21 11:00:00
475.0,392.72238,2025-11-21 11:00:00
472.0,401.30988,2025-11-21 11:00:00
542.0,351.17776,2025-11-21 12:00:00
469.0,388.60495,2025-11-21 12:00:00
366.75,250.98656,2025-11-21 12:00:00
569.0,572.38,2025-11-21 12:00:00
343.0,356.34418,2025-11-21 12:00:00
331.0,284.19705,2025-11-21 13:00:00
693.0,575.7948,2025-11-21 13:00:00
396.0,388.5197,2025-11-21 13:00:00
559.0,381.96832,2025-11-21 13:00:00
360.0,350.71442,2025-11-21 13:00:00
345.0,337.8854,2025-11-21 14:00:00
541.0,378.64288,2025-11-21 14:00:00
290.25,305.97208,2025-11-21 14:00:00
711.0,568.7931,2025-11-21 14:00:00
370.0,377.7688,2025-11-21 14:00:00
376.0,385.35776,2025-11-21 15:00:00
243.0,274.52557,2025-11-21 15:00:00
515.0,396.19635,2025-11-21 15:00:00
693.0,545.87524,2025-11-21 15:00:00
285.0,336.75046,2025-11-21 15:00:00
225.5,294.01398,2025-11-21 16:00:00
544.0,348.45892,2025-11-21 16:00:00
212.0,290.28702,2025-11-21 16:00:00
389.0,369.3118,2025-11-21 16:00:00
639.0,515.5709,2025-11-21 16:00:00
387.0,302.97314,2025-11-21 17:00:00
588.0,431.98596,2025-11-21 17:00:00
561.0,327.26797,2025-11-21 17:00:00
240.25,278.41055,2025-11-21 17:00:00
255.0,281.60916,2025-11-21 17:00:00
487.0,526.0609,2025-11-21 18:00:00
306.0,301.86554,2025-11-21 18:00:00
541.0,383.5099,2025-11-21 18:00:00
372.0,314.4736,2025-11-21 18:00:00
265.5,330.04498,2025-11-21 18:00:00
334.0,352.76614,2025-11-21 19:00:00
293.5,331.25912,2025-11-21 19:00:00
367.0,331.99216,2025-11-21 19:00:00
556.0,482.08292,2025-11-21 19:00:00
473.0,336.99057,2025-11-21 19:00:00
388.0,389.8667,2025-11-21 20:00:00
423.0,511.3305,2025-11-21 20:00:00
392.0,364.81137,2025-11-21 20:00:00
401.0,359.06958,2025-11-21 20:00:00
428.0,354.90814,2025-11-21 20:00:00
527.0,409.90543,2025-11-21 21:00:00
465.0,497.53357,2025-11-21 21:00:00
346.0,394.35147,2025-11-21 21:00:00
420.0,409.11252,2025-11-21 21:00:00
430.5,329.73483,2025-11-21 21:00:00
443.75,338.18082,2025-11-21 22:00:00
543.0,409.2984,2025-11-21 22:00:00
591.0,467.70685,2025-11-21 22:00:00
471.0,386.9024,2025-11-21 22:00:00
365.0,379.0051,2025-11-21 22:00:00
387.0,321.72345,2025-11-21 23:00:00
356.0,346.64108,2025-11-21 23:00:00
378.0,347.11685,2025-11-21 23:00:00
454.0,389.21964,2025-11-21 23:00:00
523.0,387.6602,2025-11-21 23:00:00
597.0,374.03293,2025-11-22 00:00:00
306.0,320.60236,2025-11-22 00:00:00
359.75,252.02855,2025-11-22 00:00:00
353.0,333.61905,2025-11-22 00:00:00
372.0,372.88123,2025-11-22 00:00:00
287.0,242.68996,2025-11-22 01:00:00
291.75,165.96716,2025-11-22 01:00:00
361.0,333.6832,2025-11-22 01:00:00
360.0,257.59735,2025-11-22 01:00:00
428.0,369.01035,2025-11-22 01:00:00
222.5,182.89905,2025-11-22 02:00:00
254.0,272.54666,2025-11-22 02:00:00
298.0,327.24463,2025-11-22 02:00:00
254.0,329.01282,2025-11-22 02:00:00
216.0,250.8869,2025-11-22 02:00:00
226.0,286.3748,2025-11-22 03:00:00
217.0,233.47049,2025-11-22 03:00:00
265.0,323.32263,2025-11-22 03:00:00
216.0,259.40646,2025-11-22 03:00:00
208.25,159.05168,2025-11-22 03:00:00
208.25,178.37334,2025-11-22 04:00:00
269.0,275.44293,2025-11-22 04:00:00
254.0,240.11841,2025-11-22 04:00:00
210.0,262.77274,2025-11-22 04:00:00
285.0,306.04276,2025-11-22 04:00:00
273.75,213.81541,2025-11-22 05:00:00
335.0,286.1206,2025-11-22 05:00:00
235.0,328.84256,2025-11-22 05:00:00
516.0,430.1032,2025-11-22 05:00:00
300.0,336.40488,2025-11-22 05:00:00
318.75,254.7317,2025-11-22 06:00:00
501.0,488.2159,2025-11-22 06:00:00
421.0,458.6824,2025-11-22 06:00:00
277.0,423.71164,2025-11-22 06:00:00
454.0,426.87335,2025-11-22 06:00:00
572.0,592.2112,2025-11-22 07:00:00
456.0,496.0025,2025-11-22 07:00:00
321.0,301.08167,2025-11-22 07:00:00
510.0,485.8845,2025-11-22 07:00:00
396.0,539.055,2025-11-22 07:00:00
488.0,578.07355,2025-11-22 08:00:00
483.0,575.5421,2025-11-22 08:00:00
561.0,643.92816,2025-11-22 08:00:00
456.0,499.33063,2025-11-22 08:00:00
326.75,330.47516,2025-11-22 08:00:00
410.0,536.98865,2025-11-22 09:00:00
458.0,625.17444,2025-11-22 09:00:00
447.0,684.3146,2025-11-22 09:00:00
329.5,384.7856,2025-11-22 09:00:00
592.0,611.09454,2025-11-22 09:00:00
506.0,678.7303,2025-11-22 10:00:00
592.0,601.47345,2025-11-22 10:00:00
461.0,590.706,2025-11-22 10:00:00
391.25,390.27344,2025-11-22 10:00:00
403.0,472.62845,2025-11-22 10:00:00
589.0,706.51306,2025-11-22 11:00:00
471.0,575.4738,2025-11-22 11:00:00
660.0,581.7152,2025-11-22 11:00:00
431.0,374.337,2025-11-22 11:00:00
445.0,437.58038,2025-11-22 11:00:00
423.0,411.0689,2025-11-22 12:00:00
862.0,688.5841,2025-11-22 12:00:00
637.0,577.0693,2025-11-22 12:00:00
427.75,402.421,2025-11-22 12:00:00
403.0,568.7661,2025-11-22 12:00:00
377.0,422.1011,2025-11-22 13:00:00
770.0,766.2535,2025-11-22 13:00:00
411.0,488.08722,2025-11-22 13:00:00
457.25,385.84796,2025-11-22 13:00:00
636.0,570.9392,2025-11-22 13:00:00
481.0,441.57977,2025-11-22 14:00:00
681.0,664.85016,2025-11-22 14:00:00
486.75,428.69217,2025-11-22 14:00:00
594.0,547.17896,2025-11-22 14:00:00
360.0,439.51117,2025-11-22 14:00:00
453.0,436.92087,2025-11-22 15:00:00
340.0,426.58197,2025-11-22 15:00:00
642.0,655.86786,2025-11-22 15:00:00
574.0,468.0467,2025-11-22 15:00:00
437.75,413.51282,2025-11-22 15:00:00
382.0,407.0663,2025-11-22 16:00:00
525.0,472.1574,2025-11-22 16:00:00
409.5,342.4636,2025-11-22 16:00:00
318.0,375.49738,2025-11-22 16:00:00
621.0,606.1472,2025-11-22 16:00:00
647.0,576.1529,2025-11-22 17:00:00
508.0,463.36276,2025-11-22 17:00:00
362.5,356.0936,2025-11-22 17:00:00
372.0,441.48837,2025-11-22 17:00:00
405.0,363.43494,2025-11-22 17:00:00
349.0,362.5182,2025-11-22 18:00:00
393.0,386.31302,2025-11-22 18:00:00
532.0,503.19604,2025-11-22 18:00:00
348.0,439.64316,2025-11-22 18:00:00
462.0,462.76764,2025-11-22 18:00:00
395.0,440.75656,2025-11-22 19:00:00
429.0,420.88492,2025-11-22 19:00:00
347.0,352.83908,2025-11-22 19:00:00
339.0,466.07834,2025-11-22 19:00:00
523.0,516.40436,2025-11-22 19:00:00
414.25,349.9483,2025-11-22 20:00:00
581.0,449.51886,2025-11-22 20:00:00
433.0,458.708,2025-11-22 20:00:00
379.0,461.98944,2025-11-22 20:00:00
345.0,505.95743,2025-11-22 20:00:00
449.0,521.74316,2025-11-22 21:00:00
500.0,364.76175,2025-11-22 21:00:00
443.0,487.21582,2025-11-22 21:00:00
478.0,517.67175,2025-11-22 21:00:00
809.0,466.52805,2025-11-22 21:00:00
547.0,567.59485,2025-11-22 22:00:00
541.75,377.24738,2025-11-22 22:00:00
403.0,473.4536,2025-11-22 22:00:00
436.0,507.93134,2025-11-22 22:00:00
959.0,526.17303,2025-11-22 22:00:00
422.0,453.58353,2025-11-22 23:00:00
780.0,471.23557,2025-11-22 23:00:00
423.25,353.3355,2025-11-22 23:00:00
417.0,397.93948,2025-11-22 23:00:00
569.0,531.10126,2025-11-22 23:00:00
577.0,476.82812,2025-11-23 00:00:00
398.0,352.7799,2025-11-23 00:00:00
361.25,316.16577,2025-11-23 00:00:00
333.0,325.04474,2025-11-23 00:00:00
511.0,538.42255,2025-11-23 00:00:00
276.25,272.1807,2025-11-23 01:00:00
278.0,327.58426,2025-11-23 01:00:00
382.0,325.06677,2025-11-23 01:00:00
373.0,381.67255,2025-11-23 01:00:00
486.0,433.63696,2025-11-23 01:00:00
344.0,424.71997,2025-11-23 02:00:00
223.0,277.99048,2025-11-23 02:00:00
215.25,245.4411,2025-11-23 02:00:00
362.0,302.783,2025-11-23 02:00:00
299.0,310.50568,2025-11-23 02:00:00
240.0,293.419,2025-11-23 03:00:00
248.0,383.99738,2025-11-23 03:00:00
378.0,333.24942,2025-11-23 03:00:00
214.25,214.04057,2025-11-23 03:00:00
224.0,279.8832,2025-11-23 03:00:00
327.0,426.49847,2025-11-23 04:00:00
217.0,325.35864,2025-11-23 04:00:00
245.0,323.63098,2025-11-23 04:00:00
226.0,301.18045,2025-11-23 04:00:00
206.0,210.96912,2025-11-23 04:00:00
350.0,415.05316,2025-11-23 05:00:00
276.0,510.72314,2025-11-23 05:00:00
357.0,364.49417,2025-11-23 05:00:00
287.25,239.51398,2025-11-23 05:00:00
256.0,361.69058,2025-11-23 05:00:00
415.0,481.65735,2025-11-23 06:00:00
492.0,596.30835,2025-11-23 06:00:00
390.0,397.84985,2025-11-23 06:00:00
377.0,438.06622,2025-11-23 06:00:00
387.5,279.431,2025-11-23 06:00:00
453.0,554.5718,2025-11-23 07:00:00
543.0,459.89322,2025-11-23 07:00:00
544.0,619.5097,2025-11-23 07:00:00
438.0,530.0736,2025-11-23 07:00:00
409.75,317.69943,2025-11-23 07:00:00
511.0,587.02313,2025-11-23 08:00:00
374.0,517.8769,2025-11-23 08:00:00
458.75,346.0272,2025-11-23 08:00:00
600.0,675.81476,2025-11-23 08:00:00
490.0,635.61017,2025-11-23 08:00:00
606.0,701.27924,2025-11-23 09:00:00
478.25,374.11737,2025-11-23 09:00:00
536.0,672.51733,2025-11-23 09:00:00
389.0,502.45328,2025-11-23 09:00:00
465.0,670.5056,2025-11-23 09:00:00
487.0,467.56943,2025-11-23 10:00:00
412.0,540.8306,2025-11-23 10:00:00
556.0,706.6069,2025-11-23 10:00:00
453.0,702.4178,2025-11-23 10:00:00
606.0,725.49585,2025-11-23 10:00:00
450.0,568.41394,2025-11-23 11:00:00
664.0,734.64386,2025-11-23 11:00:00
543.0,689.5115,2025-11-23 11:00:00
474.3333333333333,475.74924,2025-11-23 11:00:00
517.0,691.83563,2025-11-23 11:00:00
784.0,710.2285,2025-11-23 12:00:00
462.0,476.37582,2025-11-23 12:00:00
487.0,606.1643,2025-11-23 12:00:00
455.0,538.56476,2025-11-23 12:00:00
481.0,605.0821,2025-11-23 12:00:00
464.0,589.3234,2025-11-23 13:00:00
420.0,470.45688,2025-11-23 13:00:00
732.0,757.9563,2025-11-23 13:00:00
445.0,510.7536,2025-11-23 13:00:00
415.5,470.2761,2025-11-23 13:00:00
398.0,433.72424,2025-11-23 14:00:00
449.0,528.95074,2025-11-23 14:00:00
693.0,694.6958,2025-11-23 14:00:00
482.0,568.73944,2025-11-23 14:00:00
381.0,445.84036,2025-11-23 14:00:00
501.0,493.5374,2025-11-23 15:00:00
420.0,499.2126,2025-11-23 15:00:00
326.0,430.25082,2025-11-23 15:00:00
379.5,419.0721,2025-11-23 15:00:00
603.0,698.08795,2025-11-23 15:00:00
523.0,619.136,2025-11-23 16:00:00
464.0,504.86176,2025-11-23 16:00:00
385.0,464.84497,2025-11-23 16:00:00
382.75,401.22983,2025-11-23 16:00:00
294.0,453.87076,2025-11-23 16:00:00
328.0,496.93353,2025-11-23 17:00:00
473.0,586.57996,2025-11-23 17:00:00
385.75,428.77298,2025-11-23 17:00:00
364.0,418.4257,2025-11-23 17:00:00
414.0,481.6063,2025-11-23 17:00:00
445.0,545.94574,2025-11-23 18:00:00
372.25,399.5842,2025-11-23 18:00:00
335.0,397.39697,2025-11-23 18:00:00
374.0,463.02643,2025-11-23 18:00:00
385.0,464.6158,2025-11-23 18:00:00
392.0,474.2118,2025-11-23 19:00:00
334.0,412.26547,2025-11-23 19:00:00
436.0,531.7166,2025-11-23 19:00:00
382.25,415.0252,2025-11-23 19:00:00
399.0,432.64767,2025-11-23 19:00:00
480.0,567.7442,2025-11-23 20:00:00
439.0,471.5281,2025-11-23 20:00:00
418.0,482.6159,2025-11-23 20:00:00
362.0,469.19644,2025-11-23 20:00:00
436.0,509.2414,2025-11-23 20:00:00
378.0,562.22546,2025-11-23 21:00:00
512.0,579.91815,2025-11-23 21:00:00
416.0,492.16046,2025-11-23 21:00:00
459.0,502.2149,2025-11-23 21:00:00
570.0,564.9911,2025-11-23 21:00:00
360.0,493.8653,2025-11-23 22:00:00
542.0,623.0,2025-11-23 22:00:00
516.0,582.55054,2025-11-23 22:00:00
348.25,462.7253,2025-11-23 22:00:00
407.0,535.7849,2025-11-23 22:00:00
344.0,480.60092,2025-11-23 23:00:00
367.0,491.58923,2025-11-23 23:00:00
420.0,566.25,2025-11-23 23:00:00
525.0,599.414,2025-11-23 23:00:00
326.5,415.91046,2025-11-23 23:00:00
269.0,356.59238,2025-11-24 00:00:00
396.75,334.704,2025-11-24 00:00:00
367.0,461.24014,2025-11-24 00:00:00
328.0,422.8458,2025-11-24 00:00:00
467.0,499.89557,2025-11-24 00:00:00
262.0,297.27682,2025-11-24 01:00:00
289.0,329.74033,2025-11-24 01:00:00
316.0,299.01074,2025-11-24 01:00:00
320.5,285.7524,2025-11-24 01:00:00
311.0,396.65662,2025-11-24 01:00:00
266.0,276.22784,2025-11-24 02:00:00
351.0,296.04105,2025-11-24 02:00:00
285.0,361.11264,2025-11-24 02:00:00
253.5,237.43707,2025-11-24 02:00:00
306.0,322.83847,2025-11-24 02:00:00
259.0,274.57883,2025-11-24 03:00:00
226.5,249.54497,2025-11-24 03:00:00
285.0,290.75052,2025-11-24 03:00:00
226.0,328.89462,2025-11-24 03:00:00
285.0,280.36063,2025-11-24 03:00:00
233.0,327.135,2025-11-24 04:00:00
239.0,264.36078,2025-11-24 04:00:00
224.0,269.15918,2025-11-24 04:00:00
222.0,374.41193,2025-11-24 04:00:00
213.0,231.2698,2025-11-24 04:00:00
302.0,422.2644,2025-11-24 05:00:00
228.0,366.49496,2025-11-24 05:00:00
226.5,235.24242,2025-11-24 05:00:00
237.0,364.1797,2025-11-24 05:00:00
244.0,356.75992,2025-11-24 05:00:00
254.0,391.38474,2025-11-24 06:00:00
296.0,466.93866,2025-11-24 06:00:00
415.0,572.7145,2025-11-24 06:00:00
357.0,466.8717,2025-11-24 06:00:00
310.75,301.9896,2025-11-24 06:00:00
497.0,540.30273,2025-11-24 07:00:00
432.0,524.2175,2025-11-24 07:00:00
353.25,333.96255,2025-11-24 07:00:00
346.0,441.95978,2025-11-24 07:00:00
399.0,511.15955,2025-11-24 07:00:00
450.0,432.3804,2025-11-24 08:00:00
445.0,559.66504,2025-11-24 08:00:00
347.0,386.40305,2025-11-24 08:00:00
422.0,506.84717,2025-11-24 08:00:00
434.0,591.97107,2025-11-24 08:00:00
443.0,630.2132,2025-11-24 09:00:00
566.0,652.41895,2025-11-24 09:00:00
393.25,421.73596,2025-11-24 09:00:00
431.0,475.4033,2025-11-24 09:00:00
461.0,615.0174,2025-11-24 09:00:00
650.0,676.01294,2025-11-24 10:00:00
494.0,627.16974,2025-11-24 10:00:00
410.0,498.2257,2025-11-24 10:00:00
384.75,435.39645,2025-11-24 10:00:00
428.0,588.41016,2025-11-24 10:00:00
531.0,526.97656,2025-11-24 11:00:00
410.0,497.66653,2025-11-24 11:00:00
422.0,581.03015,2025-11-24 11:00:00
364.3333333333333,367.0795,2025-11-24 11:00:00
624.0,653.0773,2025-11-24 11:00:00
389.0,503.5578,2025-11-24 12:00:00
409.0,447.7852,2025-11-24 12:00:00
543.0,515.34674,2025-11-24 12:00:00
356.25,393.57266,2025-11-24 12:00:00
742.0,661.65735,2025-11-24 12:00:00
370.0,397.97464,2025-11-24 13:00:00
403.0,433.90018,2025-11-24 13:00:00
691.0,619.8537,2025-11-24 13:00:00
490.0,490.82178,2025-11-24 13:00:00
376.0,385.93042,2025-11-24 13:00:00
652.0,593.799,2025-11-24 14:00:00
443.0,424.36465,2025-11-24 14:00:00
351.75,334.64984,2025-11-24 14:00:00
362.0,358.31046,2025-11-24 14:00:00
394.0,403.67227,2025-11-24 14:00:00
372.0,344.65625,2025-11-24 15:00:00
438.0,433.30444,2025-11-24 15:00:00
354.0,328.365,2025-11-24 15:00:00
388.0,375.18472,2025-11-24 15:00:00
471.0,578.2687,2025-11-24 15:00:00
437.0,543.2006,2025-11-24 16:00:00
362.0,343.922,2025-11-24 16:00:00
418.0,445.4219,2025-11-24 16:00:00
359.5,334.42233,2025-11-24 16:00:00
337.0,316.66714,2025-11-24 16:00:00
350.0,333.45462,2025-11-24 17:00:00
351.0,368.12643,2025-11-24 17:00:00
333.0,316.21646,2025-11-24 17:00:00
455.0,499.84128,2025-11-24 17:00:00
412.0,427.41516,2025-11-24 17:00:00
301.0,310.4209,2025-11-24 18:00:00
427.0,429.28976,2025-11-24 18:00:00
357.0,311.08023,2025-11-24 18:00:00
417.0,443.02435,2025-11-24 18:00:00
343.0,364.53168,2025-11-24 18:00:00
410.0,407.24774,2025-11-24 19:00:00
332.5,358.3458,2025-11-24 19:00:00
335.0,324.8813,2025-11-24 19:00:00
407.0,477.69324,2025-11-24 19:00:00
298.0,305.1278,2025-11-24 19:00:00
296.0,387.5085,2025-11-24 20:00:00
396.0,439.56473,2025-11-24 20:00:00
342.25,354.56378,2025-11-24 20:00:00
469.0,474.03583,2025-11-24 20:00:00
345.0,392.97662,2025-11-24 20:00:00
462.0,517.06036,2025-11-24 21:00:00
311.0,406.3098,2025-11-24 21:00:00
368.0,365.3453,2025-11-24 21:00:00
492.0,471.8406,2025-11-24 21:00:00
387.0,378.01663,2025-11-24 21:00:00
451.0,356.4147,2025-11-24 22:00:00
354.25,318.6866,2025-11-24 22:00:00
455.0,452.1995,2025-11-24 22:00:00
472.0,457.86768,2025-11-24 22:00:00
362.0,368.2669,2025-11-24 22:00:00
328.0,393.12006,2025-11-24 23:00:00
345.25,314.07657,2025-11-24 23:00:00
305.0,353.6755,2025-11-24 23:00:00
416.0,404.6029,2025-11-24 23:00:00
359.0,306.0622,2025-11-24 23:00:00
348.0,347.73962,2025-11-25 00:00:00
304.0,295.2198,2025-11-25 00:00:00
294.0,382.78772,2025-11-25 00:00:00
289.0,307.20404,2025-11-25 00:00:00
269.0,246.102,2025-11-25 00:00:00
290.0,287.18253,2025-11-25 01:00:00
201.25,250.9612,2025-11-25 01:00:00
238.0,282.88876,2025-11-25 01:00:00
241.0,291.7533,2025-11-25 01:00:00
259.0,278.99527,2025-11-25 01:00:00
245.0,294.9827,2025-11-25 02:00:00
226.0,278.36273,2025-11-25 02:00:00
226.0,292.04538,2025-11-25 02:00:00
243.0,276.72858,2025-11-25 02:00:00
191.0,212.17357,2025-11-25 02:00:00
246.0,332.25357,2025-11-25 03:00:00
211.0,244.69568,2025-11-25 03:00:00
207.0,289.44464,2025-11-25 03:00:00
179.75,190.36284,2025-11-25 03:00:00
219.0,275.4741,2025-11-25 03:00:00
207.0,299.34326,2025-11-25 04:00:00
215.0,271.08762,2025-11-25 04:00:00
178.0,180.91183,2025-11-25 04:00:00
252.0,314.7837,2025-11-25 04:00:00
194.0,246.93355,2025-11-25 04:00:00
203.75,210.52748,2025-11-25 05:00:00
205.0,279.56714,2025-11-25 05:00:00
221.0,334.06696,2025-11-25 05:00:00
234.0,409.49564,2025-11-25 05:00:00
245.0,308.44995,2025-11-25 05:00:00
250.25,247.48924,2025-11-25 06:00:00
268.0,412.7279,2025-11-25 06:00:00
355.0,531.00226,2025-11-25 06:00:00
260.0,406.76587,2025-11-25 06:00:00
205.0,334.77786,2025-11-25 06:00:00
307.75,299.2156,2025-11-25 07:00:00
310.0,397.01373,2025-11-25 07:00:00
422.0,532.6958,2025-11-25 07:00:00
337.0,492.02454,2025-11-25 07:00:00
387.0,500.30203,2025-11-25 07:00:00
388.0,483.29956,2025-11-25 08:00:00
250.0,497.69516,2025-11-25 08:00:00
445.0,570.80804,2025-11-25 08:00:00
358.5,300.35733,2025-11-25 08:00:00
427.0,586.42944,2025-11-25 08:00:00
400.0,371.24933,2025-11-25 09:00:00
476.0,543.06287,2025-11-25 09:00:00
291.0,540.4115,2025-11-25 09:00:00
567.0,651.2044,2025-11-25 09:00:00
443.0,622.9076,2025-11-25 09:00:00
439.5,330.79663,2025-11-25 10:00:00
537.0,590.88055,2025-11-25 10:00:00
301.0,480.2157,2025-11-25 10:00:00
547.0,655.0432,2025-11-25 10:00:00
492.0,611.5106,2025-11-25 10:00:00
436.0,490.42877,2025-11-25 11:00:00
443.6666666666667,319.0262,2025-11-25 11:00:00
306.0,420.3698,2025-11-25 11:00:00
483.0,452.63013,2025-11-25 11:00:00
476.0,611.3862,2025-11-25 11:00:00
300.0,378.79745,2025-11-25 12:00:00
448.0,465.6047,2025-11-25 12:00:00
399.0,664.15466,2025-11-25 12:00:00
390.0,393.72174,2025-11-25 12:00:00
406.0,319.15497,2025-11-25 12:00:00
356.0,383.79996,2025-11-25 13:00:00
391.0,330.19675,2025-11-25 13:00:00
301.0,331.56424,2025-11-25 13:00:00
394.0,527.93115,2025-11-25 13:00:00
420.0,431.90173,2025-11-25 13:00:00
390.0,376.65125,2025-11-25 14:00:00
385.0,303.14392,2025-11-25 14:00:00
310.0,342.99283,2025-11-25 14:00:00
324.0,367.19034,2025-11-25 14:00:00
382.0,540.65875,2025-11-25 14:00:00
371.25,295.0717,2025-11-25 15:00:00
383.0,479.54807,2025-11-25 15:00:00
311.0,340.16257,2025-11-25 15:00:00
332.0,372.5822,2025-11-25 15:00:00
294.0,328.02942,2025-11-25 15:00:00
329.25,295.10004,2025-11-25 16:00:00
251.0,325.09366,2025-11-25 16:00:00
470.0,425.2015,2025-11-25 16:00:00
317.0,353.8892,2025-11-25 16:00:00
265.0,348.2075,2025-11-25 16:00:00
313.5,310.61926,2025-11-25 17:00:00
277.0,344.2991,2025-11-25 17:00:00
259.0,309.9665,2025-11-25 17:00:00
374.0,354.08334,2025-11-25 17:00:00
387.0,420.51746,2025-11-25 17:00:00
235.0,311.44415,2025-11-25 18:00:00
374.0,447.77475,2025-11-25 18:00:00
356.0,326.7144,2025-11-25 18:00:00
239.0,294.34106,2025-11-25 18:00:00
256.75,300.8095,2025-11-25 18:00:00
364.0,473.95798,2025-11-25 19:00:00
272.0,343.5813,2025-11-25 19:00:00
230.0,299.62375,2025-11-25 19:00:00
232.0,314.6366,2025-11-25 19:00:00
222.0,325.6689,2025-11-25 19:00:00
410.0,479.45007,2025-11-25 20:00:00
285.0,335.3807,2025-11-25 20:00:00
257.5,324.72647,2025-11-25 20:00:00
277.0,324.58344,2025-11-25 20:00:00
283.0,377.7081,2025-11-25 20:00:00
281.5,337.63983,2025-11-25 21:00:00
373.0,370.2216,2025-11-25 21:00:00
283.0,400.9461,2025-11-25 21:00:00
309.0,344.97433,2025-11-25 21:00:00
346.0,431.64786,2025-11-25 21:00:00
283.0,407.04788,2025-11-25 22:00:00
296.5,312.1889,2025-11-25 22:00:00
300.0,347.142,2025-11-25 22:00:00
939.0,421.21786,2025-11-25 22:00:00
317.0,393.0286,2025-11-25 22:00:00
357.0,336.4047,2025-11-25 23:00:00
251.5,299.12155,2025-11-25 23:00:00
389.0,371.44733,2025-11-25 23:00:00
411.0,376.52252,2025-11-25 23:00:00
299.0,306.43668,2025-11-25 23:00:00
362.0,314.5988,2025-11-26 00:00:00
232.75,271.5216,2025-11-26 00:00:00
340.0,324.26743,2025-11-26 00:00:00
313.0,396.64072,2025-11-26 00:00:00
249.0,334.54663,2025-11-26 00:00:00
280.0,273.1622,2025-11-26 01:00:00
218.75,205.10274,2025-11-26 01:00:00
265.0,252.15022,2025-11-26 01:00:00
246.0,288.7224,2025-11-26 01:00:00
249.0,303.10068,2025-11-26 01:00:00
224.25,192.84663,2025-11-26 02:00:00
217.0,229.95578,2025-11-26 02:00:00
183.0,302.34076,2025-11-26 02:00:00
206.0,243.93593,2025-11-26 02:00:00
194.0,238.1983,2025-11-26 02:00:00
212.0,229.03928,2025-11-26 03:00:00
233.0,249.58783,2025-11-26 03:00:00
229.0,264.1525,2025-11-26 03:00:00
145.0,300.83502,2025-11-26 03:00:00
201.0,205.6972,2025-11-26 03:00:00
210.0,223.32088,2025-11-26 04:00:00
197.0,312.15036,2025-11-26 04:00:00
175.0,293.1452,2025-11-26 04:00:00
217.5,186.10406,2025-11-26 04:00:00
227.0,243.73218,2025-11-26 04:00:00
199.0,318.81415,2025-11-26 05:00:00
233.75,193.25342,2025-11-26 05:00:00
204.0,218.6448,2025-11-26 05:00:00
343.0,324.34088,2025-11-26 05:00:00
254.0,251.64651,2025-11-26 05:00:00
313.25,238.01837,2025-11-26 06:00:00
279.0,362.96454,2025-11-26 06:00:00
389.0,358.47275,2025-11-26 06:00:00
257.0,233.44298,2025-11-26 06:00:00
390.0,415.2864,2025-11-26 06:00:00
373.0,502.4414,2025-11-26 07:00:00
448.0,390.3701,2025-11-26 07:00:00
365.25,282.89526,2025-11-26 07:00:00
414.0,451.5604,2025-11-26 07:00:00
337.0,316.93506,2025-11-26 07:00:00
437.0,602.43976,2025-11-26 08:00:00
669.0,347.58386,2025-11-26 08:00:00
410.0,391.32852,2025-11-26 08:00:00
387.75,335.0991,2025-11-26 08:00:00
610.0,453.04742,2025-11-26 08:00:00
663.0,605.83185,2025-11-26 09:00:00
625.0,366.1724,2025-11-26 09:00:00
544.0,576.98346,2025-11-26 09:00:00
514.0,517.8974,2025-11-26 09:00:00
389.0,388.5685,2025-11-26 09:00:00
556.0,578.06433,2025-11-26 10:00:00
360.0,392.29672,2025-11-26 10:00:00
603.0,364.28342,2025-11-26 10:00:00
541.0,547.0218,2025-11-26 10:00:00
686.0,698.1537,2025-11-26 10:00:00
429.0,549.59106,2025-11-26 11:00:00
571.0,515.51575,2025-11-26 11:00:00
429.0,373.24817,2025-11-26 11:00:00
346.3333333333333,403.8306,2025-11-26 11:00:00
754.0,617.6168,2025-11-26 11:00:00
401.0,500.93307,2025-11-26 12:00:00
798.0,612.661,2025-11-26 12:00:00
327.0,379.14194,2025-11-26 12:00:00
578.0,475.17096,2025-11-26 12:00:00
370.75,407.85587,2025-11-26 12:00:00
440.0,430.8514,2025-11-26 13:00:00
366.25,365.06,2025-11-26 13:00:00
293.0,381.44818,2025-11-26 13:00:00
765.0,552.0841,2025-11-26 13:00:00
620.0,431.73724,2025-11-26 13:00:00
429.0,360.4663,2025-11-26 14:00:00
650.0,383.53754,2025-11-26 14:00:00
273.0,323.10284,2025-11-26 14:00:00
359.5,342.5766,2025-11-26 14:00:00
743.0,532.5048,2025-11-26 14:00:00
646.0,346.05423,2025-11-26 15:00:00
632.0,474.76797,2025-11-26 15:00:00
414.0,360.72876,2025-11-26 15:00:00
256.0,294.7764,2025-11-26 15:00:00
407.25,335.44952,2025-11-26 15:00:00
326.0,346.69672,2025-11-26 16:00:00
237.0,304.47675,2025-11-26 16:00:00
403.0,316.06036,2025-11-26 16:00:00
588.0,326.86487,2025-11-26 16:00:00
661.0,461.19952,2025-11-26 16:00:00
387.25,286.38007,2025-11-26 17:00:00
517.0,359.98764,2025-11-26 17:00:00
974.0,418.2202,2025-11-26 17:00:00
285.0,326.26392,2025-11-26 17:00:00
320.0,299.06708,2025-11-26 17:00:00
288.0,332.89313,2025-11-26 18:00:00
504.0,374.68988,2025-11-26 18:00:00
969.0,452.1406,2025-11-26 18:00:00
301.0,335.34717,2025-11-26 18:00:00
423.75,338.79092,2025-11-26 18:00:00
337.0,353.79486,2025-11-26 19:00:00
503.5,335.55383,2025-11-26 19:00:00
510.0,359.28314,2025-11-26 19:00:00
289.0,365.63693,2025-11-26 19:00:00
545.0,473.71884,2025-11-26 19:00:00
501.0,413.69986,2025-11-26 20:00:00
361.0,389.38376,2025-11-26 20:00:00
599.5,363.89212,2025-11-26 20:00:00
705.0,381.8584,2025-11-26 20:00:00
558.0,509.9739,2025-11-26 20:00:00
686.5,357.49576,2025-11-26 21:00:00
715.0,440.15762,2025-11-26 21:00:00
492.0,397.9472,2025-11-26 21:00:00
740.0,409.77823,2025-11-26 21:00:00
867.0,433.3473,2025-11-26 21:00:00
587.75,339.64047,2025-11-26 22:00:00
752.0,505.70587,2025-11-26 22:00:00
563.0,407.40958,2025-11-26 22:00:00
637.0,416.79816,2025-11-26 22:00:00
504.0,400.00888,2025-11-26 22:00:00
519.0,345.9923,2025-11-26 23:00:00
406.0,498.50308,2025-11-26 23:00:00
530.0,369.67938,2025-11-26 23:00:00
419.5,350.23166,2025-11-26 23:00:00
505.0,411.64023,2025-11-26 23:00:00
365.0,323.67218,2025-11-27 00:00:00
414.0,308.65897,2025-11-27 00:00:00
304.0,411.63913,2025-11-27 00:00:00
382.0,339.93643,2025-11-27 00:00:00
266.75,273.85785,2025-11-27 00:00:00
238.0,323.15573,2025-11-27 01:00:00
280.25,204.43875,2025-11-27 01:00:00
306.0,284.49518,2025-11-27 01:00:00
301.0,298.57288,2025-11-27 01:00:00
261.0,277.7463,2025-11-27 01:00:00
204.0,225.62296,2025-11-27 02:00:00
240.0,328.5079,2025-11-27 02:00:00
289.0,257.78928,2025-11-27 02:00:00
223.0,245.78104,2025-11-27 02:00:00
282.25,185.83965,2025-11-27 02:00:00
216.0,252.92458,2025-11-27 03:00:00
216.0,351.0111,2025-11-27 03:00:00
327.0,268.2253,2025-11-27 03:00:00
231.0,194.6039,2025-11-27 03:00:00
293.0,244.3994,2025-11-27 03:00:00
224.5,198.40742,2025-11-27 04:00:00
295.0,224.5917,2025-11-27 04:00:00
174.0,365.46225,2025-11-27 04:00:00
289.0,242.73447,2025-11-27 04:00:00
368.0,233.07024,2025-11-27 04:00:00
268.0,294.8707,2025-11-27 05:00:00
472.0,330.56665,2025-11-27 05:00:00
221.5,187.58105,2025-11-27 05:00:00
190.0,395.1531,2025-11-27 05:00:00
357.0,284.07126,2025-11-27 05:00:00
295.0,254.591,2025-11-27 06:00:00
553.0,457.28937,2025-11-27 06:00:00
360.0,394.30545,2025-11-27 06:00:00
466.0,388.23236,2025-11-27 06:00:00
254.0,468.80103,2025-11-27 06:00:00
526.0,470.9405,2025-11-27 07:00:00
451.0,445.76743,2025-11-27 07:00:00
497.0,450.5627,2025-11-27 07:00:00
357.25,341.51297,2025-11-27 07:00:00
383.0,576.7883,2025-11-27 07:00:00
669.0,506.88556,2025-11-27 08:00:00
366.5,343.26974,2025-11-27 08:00:00
528.0,638.95685,2025-11-27 08:00:00
517.0,573.38763,2025-11-27 08:00:00
462.0,505.10672,2025-11-27 08:00:00
693.0,695.74426,2025-11-27 09:00:00
587.0,463.95172,2025-11-27 09:00:00
564.0,616.8109,2025-11-27 09:00:00
390.75,351.37524,2025-11-27 09:00:00
467.0,533.246,2025-11-27 09:00:00
563.0,593.57336,2025-11-27 10:00:00
490.0,498.26697,2025-11-27 10:00:00
680.0,709.5633,2025-11-27 10:00:00
398.0,367.6865,2025-11-27 10:00:00
578.0,541.5533,2025-11-27 10:00:00
419.3333333333333,386.64377,2025-11-27 11:00:00
541.0,540.4197,2025-11-27 11:00:00
846.0,716.8496,2025-11-27 11:00:00
603.0,565.37146,2025-11-27 11:00:00
475.0,459.42538,2025-11-27 11:00:00
407.25,365.05948,2025-11-27 12:00:00
545.0,472.58447,2025-11-27 12:00:00
403.0,401.98746,2025-11-27 12:00:00
525.0,513.6598,2025-11-27 12:00:00
891.0,731.6052,2025-11-27 12:00:00
497.0,560.2527,2025-11-27 13:00:00
387.0,341.908,2025-11-27 13:00:00
394.0,390.7482,2025-11-27 13:00:00
926.0,721.2835,2025-11-27 13:00:00
501.0,560.44006,2025-11-27 13:00:00
506.0,495.11545,2025-11-27 14:00:00
401.75,361.47122,2025-11-27 14:00:00
478.0,470.01617,2025-11-27 14:00:00
366.0,356.8544,2025-11-27 14:00:00
752.0,666.5306,2025-11-27 14:00:00
361.0,346.78406,2025-11-27 15:00:00
617.0,619.30035,2025-11-27 15:00:00
487.0,482.96274,2025-11-27 15:00:00
381.75,375.18317,2025-11-27 15:00:00
493.0,418.2613,2025-11-27 15:00:00
492.0,357.28683,2025-11-27 16:00:00
359.25,380.777,2025-11-27 16:00:00
450.0,445.90134,2025-11-27 16:00:00
519.0,600.21826,2025-11-27 16:00:00
322.0,358.57214,2025-11-27 16:00:00
476.0,325.6129,2025-11-27 17:00:00
357.75,303.50534,2025-11-27 17:00:00
415.0,511.06952,2025-11-27 17:00:00
458.0,411.92032,2025-11-27 17:00:00
356.0,364.5707,2025-11-27 17:00:00
365.5,380.38394,2025-11-27 18:00:00
416.0,335.871,2025-11-27 18:00:00
374.0,363.79648,2025-11-27 18:00:00
447.0,598.10474,2025-11-27 18:00:00
471.0,423.39816,2025-11-27 18:00:00
475.0,401.7824,2025-11-27 19:00:00
455.0,376.20752,2025-11-27 19:00:00
416.0,571.96356,2025-11-27 19:00:00
405.0,417.7409,2025-11-27 19:00:00
415.0,330.65207,2025-11-27 19:00:00
642.0,450.95782,2025-11-27 20:00:00
454.0,407.77164,2025-11-27 20:00:00
449.0,576.6965,2025-11-27 20:00:00
434.25,401.4675,2025-11-27 20:00:00
523.0,524.77625,2025-11-27 20:00:00
519.0,448.60278,2025-11-27 21:00:00
617.0,539.88995,2025-11-27 21:00:00
481.0,554.8837,2025-11-27 21:00:00
428.75,432.3503,2025-11-27 21:00:00
539.0,529.29846,2025-11-27 21:00:00
467.0,561.8486,2025-11-27 22:00:00
398.0,575.747,2025-11-27 22:00:00
387.75,459.4731,2025-11-27 22:00:00
410.0,459.19342,2025-11-27 22:00:00
538.0,508.9318,2025-11-27 22:00:00
458.0,449.4747,2025-11-27 23:00:00
409.0,429.7387,2025-11-27 23:00:00
368.0,455.45526,2025-11-27 23:00:00
296.75,352.6749,2025-11-27 23:00:00
271.0,520.32245,2025-11-27 23:00:00
326.0,334.62396,2025-11-28 00:00:00
226.0,255.17017,2025-11-28 00:00:00
268.0,344.9419,2025-11-28 00:00:00
197.0,487.29337,2025-11-28 00:00:00
348.0,290.41708,2025-11-28 00:00:00
236.75,214.71399,2025-11-28 01:00:00
174.0,439.17563,2025-11-28 01:00:00
278.0,248.61952,2025-11-28 01:00:00
230.0,297.24747,2025-11-28 01:00:00
283.0,297.16055,2025-11-28 01:00:00
238.0,295.2829,2025-11-28 02:00:00
277.0,217.44623,2025-11-28 02:00:00
245.0,234.89911,2025-11-28 02:00:00
193.0,195.34149,2025-11-28 02:00:00
228.0,444.49893,2025-11-28 02:00:00
233.0,422.15143,2025-11-28 03:00:00
160.5,184.30469,2025-11-28 03:00:00
272.0,256.67413,2025-11-28 03:00:00
235.0,236.98698,2025-11-28 03:00:00
172.0,308.81668,2025-11-28 03:00:00
182.0,308.3451,2025-11-28 04:00:00
150.75,188.17932,2025-11-28 04:00:00
194.0,306.91415,2025-11-28 04:00:00
195.0,365.1744,2025-11-28 04:00:00
206.0,270.18683,2025-11-28 04:00:00
193.75,196.20801,2025-11-28 05:00:00
250.0,388.1224,2025-11-28 05:00:00
329.0,316.6859,2025-11-28 05:00:00
436.0,342.79764,2025-11-28 05:00:00
179.0,318.84506,2025-11-28 05:00:00
636.0,449.60535,2025-11-28 06:00:00
263.0,368.8503,2025-11-28 06:00:00
355.0,509.07037,2025-11-28 06:00:00
266.5,270.11755,2025-11-28 06:00:00
566.0,400.3411,2025-11-28 06:00:00
357.0,519.6703,2025-11-28 07:00:00
321.5,346.06418,2025-11-28 07:00:00
395.0,541.637,2025-11-28 07:00:00
315.0,506.54938,2025-11-28 07:00:00
384.0,569.72626,2025-11-28 07:00:00
376.0,549.0364,2025-11-28 08:00:00
460.0,611.086,2025-11-28 08:00:00
382.0,588.6322,2025-11-28 08:00:00
455.0,583.72485,2025-11-28 08:00:00
352.0,343.6528,2025-11-28 08:00:00
417.0,606.9535,2025-11-28 09:00:00
353.0,600.4099,2025-11-28 09:00:00
361.0,342.42087,2025-11-28 09:00:00
437.0,706.08026,2025-11-28 09:00:00
433.0,647.06396,2025-11-28 09:00:00
499.0,612.49506,2025-11-28 10:00:00
451.0,676.0943,2025-11-28 10:00:00
505.0,707.93915,2025-11-28 10:00:00
385.0,372.40833,2025-11-28 10:00:00
329.0,555.237,2025-11-28 10:00:00
434.0,580.6624,2025-11-28 11:00:00
299.0,473.52448,2025-11-28 11:00:00
543.0,576.4869,2025-11-28 11:00:00
630.0,630.1673,2025-11-28 11:00:00
405.5,341.23892,2025-11-28 11:00:00
327.0,426.0161,2025-11-28 12:00:00
370.0,553.2144,2025-11-28 12:00:00
538.0,560.7054,2025-11-28 12:00:00
399.0,369.23352,2025-11-28 12:00:00
512.0,497.9239,2025-11-28 12:00:00
369.75,355.23883,2025-11-28 13:00:00
343.0,471.11615,2025-11-28 13:00:00
329.0,412.34247,2025-11-28 13:00:00
409.0,521.76447,2025-11-28 13:00:00
451.0,431.61707,2025-11-28 13:00:00
315.0,388.68964,2025-11-28 14:00:00
298.0,437.63104,2025-11-28 14:00:00
317.0,301.08633,2025-11-28 14:00:00
318.0,395.4645,2025-11-28 14:00:00
307.0,395.5141,2025-11-28 14:00:00
289.5,282.12717,2025-11-28 15:00:00
252.0,458.2498,2025-11-28 15:00:00
262.0,398.71295,2025-11-28 15:00:00
285.0,388.83606,2025-11-28 15:00:00
277.0,387.33545,2025-11-28 15:00:00
274.0,406.45166,2025-11-28 16:00:00
252.0,386.19012,2025-11-28 16:00:00
246.0,493.57376,2025-11-28 16:00:00
206.0,380.89804,2025-11-28 16:00:00
265.0,294.59634,2025-11-28 16:00:00
222.0,502.24353,2025-11-28 17:00:00
291.0,396.87323,2025-11-28 17:00:00
224.0,328.4528,2025-11-28 17:00:00
272.5,326.60388,2025-11-28 17:00:00
250.0,383.75876,2025-11-28 17:00:00
269.25,315.3582,2025-11-28 18:00:00
263.0,357.4265,2025-11-28 18:00:00
213.0,474.95688,2025-11-28 18:00:00
311.0,347.151,2025-11-28 18:00:00
280.0,401.28854,2025-11-28 18:00:00
272.0,376.79672,2025-11-28 19:00:00
288.0,362.86835,2025-11-28 19:00:00
285.0,352.36746,2025-11-28 19:00:00
252.0,471.39435,2025-11-28 19:00:00
313.75,357.03134,2025-11-28 19:00:00
317.0,436.28033,2025-11-28 20:00:00
321.0,409.90704,2025-11-28 20:00:00
246.0,448.54553,2025-11-28 20:00:00
295.5,343.3121,2025-11-28 20:00:00
262.0,383.67804,2025-11-28 20:00:00
324.0,429.00394,2025-11-28 21:00:00
239.5,308.841,2025-11-28 21:00:00
333.0,395.5006,2025-11-28 21:00:00
230.0,425.27856,2025-11-28 21:00:00
284.0,411.35968,2025-11-28 21:00:00
278.0,432.12338,2025-11-28 22:00:00
261.0,389.3821,2025-11-28 22:00:00
339.0,424.1466,2025-11-28 22:00:00
294.0,384.21634,2025-11-28 22:00:00
249.25,300.948,2025-11-28 22:00:00
211.0,347.15234,2025-11-28 23:00:00
262.0,370.08563,2025-11-28 23:00:00
246.0,356.41467,2025-11-28 23:00:00
259.5,290.46548,2025-11-28 23:00:00
244.0,285.25043,2025-11-28 23:00:00
250.0,316.1914,2025-11-29 00:00:00
212.0,298.67773,2025-11-29 00:00:00
196.0,331.86346,2025-11-29 00:00:00
259.5,237.09128,2025-11-29 00:00:00
161.0,288.86374,2025-11-29 00:00:00
259.5,214.62622,2025-11-29 01:00:00
218.0,313.6286,2025-11-29 01:00:00
190.0,242.6403,2025-11-29 01:00:00
193.0,240.53174,2025-11-29 01:00:00
190.0,281.03036,2025-11-29 01:00:00
163.0,222.86633,2025-11-29 02:00:00
186.0,301.58636,2025-11-29 02:00:00
147.0,240.98528,2025-11-29 02:00:00
146.0,247.2833,2025-11-29 02:00:00
46.333333333333336,185.78917,2025-11-29 02:00:00
123.0,229.09059,2025-11-29 03:00:00
144.0,297.1987,2025-11-29 03:00:00
132.0,276.87616,2025-11-29 03:00:00
140.0,227.89862,2025-11-29 03:00:00
109.75,187.33043,2025-11-29 03:00:00
110.25,177.33263,2025-11-29 04:00:00
161.0,214.84775,2025-11-29 04:00:00
133.0,242.31393,2025-11-29 04:00:00
175.0,229.2307,2025-11-29 04:00:00
145.0,286.28552,2025-11-29 04:00:00
139.0,235.64973,2025-11-29 05:00:00
135.75,184.27444,2025-11-29 05:00:00
151.0,406.54785,2025-11-29 05:00:00
175.0,293.808,2025-11-29 05:00:00
163.0,277.2058,2025-11-29 05:00:00
224.0,273.10413,2025-11-29 06:00:00
428.0,457.47452,2025-11-29 06:00:00
280.0,379.36026,2025-11-29 06:00:00
192.25,274.63336,2025-11-29 06:00:00
272.0,370.15973,2025-11-29 06:00:00
299.0,456.57172,2025-11-29 07:00:00
280.0,351.11307,2025-11-29 07:00:00
238.0,288.6433,2025-11-29 07:00:00
403.0,369.8433,2025-11-29 07:00:00
396.0,460.8697,2025-11-29 07:00:00
328.0,368.34576,2025-11-29 08:00:00
318.0,362.941,2025-11-29 08:00:00
323.0,505.93994,2025-11-29 08:00:00
264.75,310.9752,2025-11-29 08:00:00
345.0,495.22546,2025-11-29 08:00:00
256.5,327.07697,2025-11-29 09:00:00
304.0,369.61462,2025-11-29 09:00:00
361.0,478.70792,2025-11-29 09:00:00
370.0,375.52774,2025-11-29 09:00:00
411.0,490.3394,2025-11-29 09:00:00
406.0,492.52872,2025-11-29 10:00:00
353.0,357.62402,2025-11-29 10:00:00
322.0,496.2681,2025-11-29 10:00:00
302.0,397.18756,2025-11-29 10:00:00
241.5,323.15378,2025-11-29 10:00:00
349.0,459.0451,2025-11-29 11:00:00
255.66666666666663,322.1121,2025-11-29 11:00:00
265.0,369.58762,2025-11-29 11:00:00
351.0,333.26395,2025-11-29 11:00:00
324.0,467.071,2025-11-29 11:00:00
290.0,435.64096,2025-11-29 12:00:00
311.0,389.96533,2025-11-29 12:00:00
277.0,393.0363,2025-11-29 12:00:00
379.0,357.44696,2025-11-29 12:00:00
263.0,329.81232,2025-11-29 12:00:00
321.0,353.1094,2025-11-29 13:00:00
250.0,333.25568,2025-11-29 13:00:00
227.0,274.89935,2025-11-29 13:00:00
322.0,303.71057,2025-11-29 13:00:00
263.0,388.33044,2025-11-29 13:00:00
214.5,271.41663,2025-11-29 14:00:00
237.0,321.22726,2025-11-29 14:00:00
274.0,292.676,2025-11-29 14:00:00
222.0,349.90213,2025-11-29 14:00:00
269.0,290.60782,2025-11-29 14:00:00
290.0,255.05182,2025-11-29 15:00:00
240.0,302.5279,2025-11-29 15:00:00
198.5,303.10675,2025-11-29 15:00:00
237.0,302.24036,2025-11-29 15:00:00
213.0,309.18613,2025-11-29 15:00:00
216.0,315.3534,2025-11-29 16:00:00
216.5,282.7997,2025-11-29 16:00:00
196.0,295.57846,2025-11-29 16:00:00
233.0,312.83853,2025-11-29 16:00:00
204.0,229.80075,2025-11-29 16:00:00
263.0,306.21094,2025-11-29 17:00:00
227.0,302.99457,2025-11-29 17:00:00
241.0,288.63162,2025-11-29 17:00:00
245.0,257.52975,2025-11-29 17:00:00
223.0,251.13867,2025-11-29 17:00:00
238.0,303.45175,2025-11-29 18:00:00
228.0,370.88916,2025-11-29 18:00:00
265.0,304.9799,2025-11-29 18:00:00
265.0,300.62164,2025-11-29 18:00:00
244.0,274.66437,2025-11-29 18:00:00
252.0,385.93463,2025-11-29 19:00:00
214.0,292.93668,2025-11-29 19:00:00
224.0,312.90366,2025-11-29 19:00:00
239.0,306.30606,2025-11-29 19:00:00
265.0,326.48825,2025-11-29 19:00:00
321.0,378.90765,2025-11-29 20:00:00
250.0,350.45395,2025-11-29 20:00:00
290.0,339.77255,2025-11-29 20:00:00
225.75,304.20264,2025-11-29 20:00:00
260.0,325.91788,2025-11-29 20:00:00
266.0,341.41483,2025-11-29 21:00:00
301.0,319.02188,2025-11-29 21:00:00
274.0,360.76828,2025-11-29 21:00:00
257.25,282.3399,2025-11-29 21:00:00
255.0,335.2537,2025-11-29 21:00:00
268.5,273.54437,2025-11-29 22:00:00
248.0,338.9804,2025-11-29 22:00:00
305.0,320.21744,2025-11-29 22:00:00
260.0,301.75235,2025-11-29 22:00:00
304.0,375.68185,2025-11-29 22:00:00
252.25,285.37653,2025-11-29 23:00:00
228.0,351.2414,2025-11-29 23:00:00
294.0,277.4745,2025-11-29 23:00:00
251.0,275.92914,2025-11-29 23:00:00
273.0,317.07178,2025-11-29 23:00:00
217.0,219.98724,2025-11-30 00:00:00
239.5,243.56097,2025-11-30 00:00:00
279.0,332.0344,2025-11-30 00:00:00
250.0,237.75531,2025-11-30 00:00:00
307.0,248.9095,2025-11-30 00:00:00
244.0,209.50342,2025-11-30 01:00:00
227.0,221.92258,2025-11-30 01:00:00
221.0,214.28369,2025-11-30 01:00:00
233.0,243.7209,2025-11-30 01:00:00
224.0,225.48766,2025-11-30 01:00:00
191.0,229.17757,2025-11-30 02:00:00
169.0,150.9404,2025-11-30 02:00:00
180.0,184.66263,2025-11-30 02:00:00
224.0,178.24272,2025-11-30 02:00:00
193.0,198.08032,2025-11-30 02:00:00
163.0,175.30672,2025-11-30 03:00:00
182.0,168.42148,2025-11-30 03:00:00
161.0,181.38173,2025-11-30 03:00:00
130.75,157.43127,2025-11-30 03:00:00
162.0,208.06172,2025-11-30 03:00:00
168.0,197.54652,2025-11-30 04:00:00
178.0,167.89168,2025-11-30 04:00:00
171.0,193.23203,2025-11-30 04:00:00
142.5,158.14594,2025-11-30 04:00:00
194.0,190.03876,2025-11-30 04:00:00
197.0,213.90468,2025-11-30 05:00:00
155.0,161.33258,2025-11-30 05:00:00
174.0,219.66963,2025-11-30 05:00:00
184.0,159.92645,2025-11-30 05:00:00
229.0,200.08775,2025-11-30 05:00:00
331.0,267.86398,2025-11-30 06:00:00
267.0,346.79898,2025-11-30 06:00:00
244.0,199.01825,2025-11-30 06:00:00
190.25,201.44797,2025-11-30 06:00:00
274.0,318.80658,2025-11-30 06:00:00
497.0,321.39807,2025-11-30 07:00:00
225.5,213.30743,2025-11-30 07:00:00
351.0,329.0789,2025-11-30 07:00:00
390.0,389.4682,2025-11-30 07:00:00
315.0,280.49582,2025-11-30 07:00:00
243.0,326.80798,2025-11-30 08:00:00
304.0,335.59268,2025-11-30 08:00:00
265.0,257.1948,2025-11-30 08:00:00
478.0,418.15237,2025-11-30 08:00:00
350.0,414.05853,2025-11-30 08:00:00
319.5,263.11627,2025-11-30 09:00:00
290.0,340.83353,2025-11-30 09:00:00
533.0,432.33466,2025-11-30 09:00:00
342.0,416.3442,2025-11-30 09:00:00
353.0,316.02292,2025-11-30 09:00:00
451.0,335.06677,2025-11-30 10:00:00
490.0,454.85117,2025-11-30 10:00:00
313.0,254.69843,2025-11-30 10:00:00
407.0,374.1455,2025-11-30 10:00:00
381.0,355.02982,2025-11-30 10:00:00
433.0,313.5885,2025-11-30 11:00:00
359.0,353.02542,2025-11-30 11:00:00
339.0,340.2046,2025-11-30 11:00:00
297.6666666666667,278.58817,2025-11-30 11:00:00
411.0,397.45453,2025-11-30 11:00:00
332.0,335.4721,2025-11-30 12:00:00
322.0,342.20792,2025-11-30 12:00:00
321.75,279.3679,2025-11-30 12:00:00
339.0,285.77936,2025-11-30 12:00:00
549.0,388.7074,2025-11-30 12:00:00
347.0,229.2352,2025-11-30 13:00:00
310.0,221.06593,2025-11-30 13:00:00
315.0,309.61237,2025-11-30 13:00:00
291.0,300.55704,2025-11-30 13:00:00
442.0,384.71167,2025-11-30 13:00:00
525.0,277.21472,2025-11-30 14:00:00
315.0,245.27913,2025-11-30 14:00:00
327.25,202.81357,2025-11-30 14:00:00
309.0,224.91072,2025-11-30 14:00:00
273.0,271.27014,2025-11-30 14:00:00
284.0,218.30191,2025-11-30 15:00:00
461.0,255.47134,2025-11-30 15:00:00
289.0,203.15909,2025-11-30 15:00:00
280.0,216.70116,2025-11-30 15:00:00
278.0,237.3579,2025-11-30 15:00:00
211.0,201.02429,2025-11-30 16:00:00
287.0,242.32785,2025-11-30 16:00:00
265.75,226.95486,2025-11-30 16:00:00
256.0,260.60062,2025-11-30 16:00:00
407.0,285.38702,2025-11-30 16:00:00
340.0,264.08243,2025-11-30 17:00:00
230.0,231.29695,2025-11-30 17:00:00
244.0,218.12506,2025-11-30 17:00:00
304.0,265.3504,2025-11-30 17:00:00
249.75,218.66946,2025-11-30 17:00:00
266.0,245.63393,2025-11-30 18:00:00
342.0,311.7623,2025-11-30 18:00:00
226.0,276.4587,2025-11-30 18:00:00
316.0,275.33264,2025-11-30 18:00:00
237.25,246.27084,2025-11-30 18:00:00
230.0,239.25484,2025-11-30 19:00:00
329.0,319.605,2025-11-30 19:00:00
285.0,263.2548,2025-11-30 19:00:00
256.0,292.14764,2025-11-30 19:00:00
309.0,309.27753,2025-11-30 19:00:00
302.0,325.41397,2025-11-30 20:00:00
328.0,365.33994,2025-11-30 20:00:00
324.0,310.3692,2025-11-30 20:00:00
384.0,299.73636,2025-11-30 20:00:00
254.75,271.37537,2025-11-30 20:00:00
263.75,301.84665,2025-11-30 21:00:00
404.0,354.37305,2025-11-30 21:00:00
576.0,317.32904,2025-11-30 21:00:00
350.0,320.8542,2025-11-30 21:00:00
490.0,326.1146,2025-11-30 21:00:00
248.0,295.58356,2025-11-30 22:00:00
436.0,325.4586,2025-11-30 22:00:00
385.0,322.88724,2025-11-30 22:00:00
306.0,320.65543,2025-11-30 22:00:00
334.0,394.5182,2025-11-30 22:00:00
251.0,318.3723,2025-11-30 23:00:00
198.75,282.0977,2025-11-30 23:00:00
355.0,315.154,2025-11-30 23:00:00
306.0,337.48953,2025-11-30 23:00:00
339.0,316.4167,2025-11-30 23:00:00
260.0,428.57645,2025-12-01 00:00:00
223.0,350.374,2025-12-01 00:00:00
193.0,290.2753,2025-12-01 00:00:00
263.0,353.0607,2025-12-01 00:00:00
213.0,320.62695,2025-12-01 00:00:00
172.0,283.1417,2025-12-01 01:00:00
204.0,280.73795,2025-12-01 01:00:00
164.0,270.8173,2025-12-01 01:00:00
193.0,245.02258,2025-12-01 01:00:00
271.0,330.31833,2025-12-01 01:00:00
49.0,201.22066,2025-12-01 02:00:00
145.0,249.41116,2025-12-01 02:00:00
147.0,243.92725,2025-12-01 02:00:00
202.0,248.41525,2025-12-01 02:00:00
257.0,287.1152,2025-12-01 02:00:00
147.75,188.118,2025-12-01 03:00:00
146.0,235.75829,2025-12-01 03:00:00
149.0,235.84473,2025-12-01 03:00:00
223.0,233.97125,2025-12-01 03:00:00
228.0,271.05377,2025-12-01 03:00:00
163.0,249.93388,2025-12-01 04:00:00
193.0,239.5859,2025-12-01 04:00:00
210.0,283.89105,2025-12-01 04:00:00
278.0,239.13387,2025-12-01 04:00:00
199.5,207.52184,2025-12-01 04:00:00
230.0,322.76358,2025-12-01 05:00:00
174.0,231.9276,2025-12-01 05:00:00
238.0,280.56296,2025-12-01 05:00:00
433.0,276.22873,2025-12-01 05:00:00
197.5,218.92505,2025-12-01 05:00:00
223.75,257.3891,2025-12-01 06:00:00
382.0,374.80963,2025-12-01 06:00:00
271.0,425.03098,2025-12-01 06:00:00
213.0,287.53415,2025-12-01 06:00:00
393.0,418.30563,2025-12-01 06:00:00
425.0,471.8854,2025-12-01 07:00:00
377.0,459.59277,2025-12-01 07:00:00
350.0,324.5128,2025-12-01 07:00:00
319.75,284.07437,2025-12-01 07:00:00
437.0,456.2457,2025-12-01 07:00:00
458.0,508.36734,2025-12-01 08:00:00
464.0,346.83685,2025-12-01 08:00:00
537.0,389.78076,2025-12-01 08:00:00
505.0,484.63748,2025-12-01 08:00:00
416.25,305.00824,2025-12-01 08:00:00
588.0,394.7646,2025-12-01 09:00:00
465.0,546.2326,2025-12-01 09:00:00
587.0,430.8707,2025-12-01 09:00:00
580.0,559.059,2025-12-01 09:00:00
467.5,319.51636,2025-12-01 09:00:00
672.0,419.58865,2025-12-01 10:00:00
416.0,327.14108,2025-12-01 10:00:00
425.0,509.50363,2025-12-01 10:00:00
526.0,485.5267,2025-12-01 10:00:00
771.0,612.1017,2025-12-01 10:00:00
539.0,461.72507,2025-12-01 11:00:00
405.6666666666667,328.10574,2025-12-01 11:00:00
395.0,472.18286,2025-12-01 11:00:00
848.0,531.3601,2025-12-01 11:00:00
558.0,392.6318,2025-12-01 11:00:00
735.0,603.4095,2025-12-01 12:00:00
497.0,369.95718,2025-12-01 12:00:00
378.0,451.73682,2025-12-01 12:00:00
388.5,311.2708,2025-12-01 12:00:00
483.0,376.37305,2025-12-01 12:00:00
370.0,418.62454,2025-12-01 13:00:00
439.5,318.0394,2025-12-01 13:00:00
555.0,390.7974,2025-12-01 13:00:00
422.0,330.91772,2025-12-01 13:00:00
726.0,634.8726,2025-12-01 13:00:00
570.0,485.4012,2025-12-01 14:00:00
536.0,366.52133,2025-12-01 14:00:00
432.5,329.82498,2025-12-01 14:00:00
340.0,338.67212,2025-12-01 14:00:00
395.0,314.34372,2025-12-01 14:00:00
406.5,271.15106,2025-12-01 15:00:00
362.0,286.53333,2025-12-01 15:00:00
328.0,273.83856,2025-12-01 15:00:00
510.0,462.5095,2025-12-01 15:00:00
547.0,315.70206,2025-12-01 15:00:00
276.0,242.49037,2025-12-01 16:00:00
331.0,276.9991,2025-12-01 16:00:00
406.0,319.25458,2025-12-01 16:00:00
365.0,291.09067,2025-12-01 16:00:00
420.0,415.02966,2025-12-01 16:00:00
392.0,405.74866,2025-12-01 17:00:00
320.25,274.8925,2025-12-01 17:00:00
399.0,290.87936,2025-12-01 17:00:00
288.0,285.633,2025-12-01 17:00:00
310.0,254.498,2025-12-01 17:00:00
350.0,314.2269,2025-12-01 18:00:00
423.0,421.48126,2025-12-01 18:00:00
348.0,307.29544,2025-12-01 18:00:00
269.0,309.9336,2025-12-01 18:00:00
316.75,288.07724,2025-12-01 18:00:00
321.0,323.41138,2025-12-01 19:00:00
305.75,327.18137,2025-12-01 19:00:00
370.0,347.45294,2025-12-01 19:00:00
356.0,335.28406,2025-12-01 19:00:00
489.0,474.47433,2025-12-01 19:00:00
405.0,346.47626,2025-12-01 20:00:00
470.0,372.89944,2025-12-01 20:00:00
506.0,449.42484,2025-12-01 20:00:00
467.0,340.80634,2025-12-01 20:00:00
611.0,363.1841,2025-12-01 20:00:00
582.0,402.95273,2025-12-01 21:00:00
497.0,359.39597,2025-12-01 21:00:00
475.25,371.2816,2025-12-01 21:00:00
620.0,440.9637,2025-12-01 21:00:00
621.0,434.8027,2025-12-01 21:00:00
433.0,319.68518,2025-12-01 22:00:00
567.0,415.94873,2025-12-01 22:00:00
478.0,378.59695,2025-12-01 22:00:00
425.5,314.63083,2025-12-01 22:00:00
617.0,399.47513,2025-12-01 22:00:00
428.0,371.53363,2025-12-01 23:00:00
501.0,355.30804,2025-12-01 23:00:00
313.0,309.05386,2025-12-01 23:00:00
503.0,401.7847,2025-12-01 23:00:00
345.0,308.74792,2025-12-01 23:00:00
381.0,337.61163,2025-12-02 00:00:00
453.0,324.26276,2025-12-02 00:00:00
426.0,380.67334,2025-12-02 00:00:00
307.75,232.72682,2025-12-02 00:00:00
306.0,270.08252,2025-12-02 00:00:00
381.0,376.00052,2025-12-02 01:00:00
392.0,275.82132,2025-12-02 01:00:00
399.0,237.99933,2025-12-02 01:00:00
308.25,259.0703,2025-12-02 01:00:00
235.0,207.86296,2025-12-02 01:00:00
326.25,215.93826,2025-12-02 02:00:00
155.0,226.31544,2025-12-02 02:00:00
318.0,334.3411,2025-12-02 02:00:00
394.0,260.7628,2025-12-02 02:00:00
277.0,201.5144,2025-12-02 02:00:00
317.0,319.63312,2025-12-02 03:00:00
351.0,209.78502,2025-12-02 03:00:00
384.75,163.74644,2025-12-02 03:00:00
481.0,271.5032,2025-12-02 03:00:00
240.0,207.87772,2025-12-02 03:00:00
559.0,248.1602,2025-12-02 04:00:00
429.0,229.22217,2025-12-02 04:00:00
345.0,240.30923,2025-12-02 04:00:00
481.0,346.04816,2025-12-02 04:00:00
310.75,209.35034,2025-12-02 04:00:00
372.0,319.66873,2025-12-02 05:00:00
331.0,215.08923,2025-12-02 05:00:00
365.0,263.71814,2025-12-02 05:00:00
261.25,201.65265,2025-12-02 05:00:00
702.0,283.02487,2025-12-02 05:00:00
278.0,214.40837,2025-12-02 06:00:00
331.0,238.93451,2025-12-02 06:00:00
492.0,338.6338,2025-12-02 06:00:00
365.0,347.9089,2025-12-02 06:00:00
353.0,435.91104,2025-12-02 06:00:00
394.0,288.43594,2025-12-02 07:00:00
433.0,402.70132,2025-12-02 07:00:00
605.0,402.40637,2025-12-02 07:00:00
350.5,264.6696,2025-12-02 07:00:00
399.0,421.08243,2025-12-02 07:00:00
433.0,454.05762,2025-12-02 08:00:00
439.0,295.7133,2025-12-02 08:00:00
436.0,505.08405,2025-12-02 08:00:00
459.0,391.13107,2025-12-02 08:00:00
519.0,510.0043,2025-12-02 08:00:00
427.0,627.0776,2025-12-02 09:00:00
708.0,590.7222,2025-12-02 09:00:00
454.0,500.73746,2025-12-02 09:00:00
433.0,529.3133,2025-12-02 09:00:00
469.5,368.687,2025-12-02 09:00:00
454.75,331.61346,2025-12-02 10:00:00
743.0,426.8215,2025-12-02 10:00:00
433.0,429.90854,2025-12-02 10:00:00
411.0,522.1728,2025-12-02 10:00:00
443.0,611.30536,2025-12-02 10:00:00
444.0,332.58792,2025-12-02 11:00:00
781.0,384.63318,2025-12-02 11:00:00
428.0,598.5126,2025-12-02 11:00:00
370.0,478.01376,2025-12-02 11:00:00
322.0,467.4304,2025-12-02 12:00:00
505.0,429.10263,2025-12-02 12:00:00
447.0,578.16327,2025-12-02 12:00:00
429.5,333.33694,2025-12-02 12:00:00
440.0,584.1905,2025-12-02 13:00:00
456.0,395.44476,2025-12-02 13:00:00
365.0,337.41156,2025-12-02 13:00:00
300.0,473.3996,2025-12-02 13:00:00
439.0,513.3451,2025-12-02 14:00:00
265.0,397.64114,2025-12-02 14:00:00
326.5,300.7703,2025-12-02 14:00:00
389.0,338.8689,2025-12-02 14:00:00
302.0,338.52823,2025-12-02 15:00:00
250.0,427.68414,2025-12-02 15:00:00
447.0,476.15817,2025-12-02 15:00:00
326.75,312.52625,2025-12-02 15:00:00
208.0,289.4154,2025-12-02 16:00:00
306.75,277.06754,2025-12-02 16:00:00
244.0,311.04126,2025-12-02 16:00:00
437.0,450.92477,2025-12-02 16:00:00
396.0,400.54697,2025-12-02 17:00:00
252.0,385.77182,2025-12-02 17:00:00
251.0,317.99487,2025-12-02 17:00:00
270.25,265.28363,2025-12-02 17:00:00
248.0,292.05316,2025-12-02 18:00:00
305.0,230.0589,2025-12-02 18:00:00
256.0,319.9158,2025-12-02 18:00:00
436.0,454.3914,2025-12-02 18:00:00
321.0,341.04483,2025-12-02 19:00:00
290.0,341.7603,2025-12-02 19:00:00
306.75,272.4062,2025-12-02 19:00:00
315.0,503.46323,2025-12-02 19:00:00
412.0,479.06354,2025-12-02 20:00:00
327.0,461.3,2025-12-02 20:00:00
449.0,442.53738,2025-12-02 20:00:00
327.5,344.73303,2025-12-02 20:00:00
544.0,452.6416,2025-12-02 21:00:00
449.0,478.71976,2025-12-02 21:00:00
371.25,370.809,2025-12-02 21:00:00
626.0,508.35568,2025-12-02 21:00:00
289.0,326.1498,2025-12-02 22:00:00
385.0,520.1512,2025-12-02 22:00:00
353.0,434.10388,2025-12-02 22:00:00
483.0,433.78525,2025-12-02 22:00:00
228.0,443.16632,2025-12-02 23:00:00
354.0,407.25626,2025-12-02 23:00:00
267.0,376.8335,2025-12-02 23:00:00
227.75,242.41003,2025-12-02 23:00:00
498.0,373.281,2025-12-03 00:00:00
202.0,231.31932,2025-12-03 00:00:00
256.0,293.54065,2025-12-03 00:00:00
238.0,468.29004,2025-12-03 00:00:00
241.0,273.7343,2025-12-03 01:00:00
405.0,317.3427,2025-12-03 01:00:00
203.5,215.65231,2025-12-03 01:00:00
235.0,394.9253,2025-12-03 01:00:00
205.0,413.73972,2025-12-03 02:00:00
204.0,227.07191,2025-12-03 02:00:00
199.0,236.00575,2025-12-03 02:00:00
168.25,216.68315,2025-12-03 02:00:00
197.0,224.70656,2025-12-03 03:00:00
168.0,410.08875,2025-12-03 03:00:00
173.0,230.74725,2025-12-03 03:00:00
138.5,218.5792,2025-12-03 03:00:00
155.0,344.64224,2025-12-03 04:00:00
129.0,212.32988,2025-12-03 04:00:00
174.0,359.69226,2025-12-03 04:00:00
145.0,214.40645,2025-12-03 04:00:00
151.0,236.3585,2025-12-03 05:00:00
155.0,376.44525,2025-12-03 05:00:00
140.25,213.27551,2025-12-03 05:00:00
323.0,326.4074,2025-12-03 05:00:00
214.5,243.18678,2025-12-03 06:00:00
260.0,333.1359,2025-12-03 06:00:00
199.0,247.66731,2025-12-03 06:00:00
249.0,438.98483,2025-12-03 06:00:00
262.5,291.7376,2025-12-03 07:00:00
388.0,430.79178,2025-12-03 07:00:00
276.0,292.93634,2025-12-03 07:00:00
361.0,460.33,2025-12-03 07:00:00
383.0,504.6927,2025-12-03 08:00:00
272.75,389.48383,2025-12-03 08:00:00
324.0,365.49677,2025-12-03 08:00:00
493.0,484.32294,2025-12-03 08:00:00
378.0,476.89215,2025-12-03 09:00:00
383.0,646.60254,2025-12-03 09:00:00
292.5,507.28934,2025-12-03 09:00:00
477.0,571.4034,2025-12-03 09:00:00
466.0,514.404,2025-12-03 10:00:00
354.0,384.12714,2025-12-03 10:00:00
294.0,585.1468,2025-12-03 10:00:00
282.5,445.91476,2025-12-03 10:00:00
309.0,502.0804,2025-12-03 11:00:00
422.0,458.91724,2025-12-03 11:00:00
269.0,389.64948,2025-12-03 11:00:00
321.0,326.27158,2025-12-03 11:00:00
253.5,343.56567,2025-12-03 12:00:00
288.0,321.75763,2025-12-03 12:00:00
366.0,415.85788,2025-12-03 12:00:00
271.0,534.8765,2025-12-03 12:00:00
400.0,361.369,2025-12-03 12:00:00
332.0,331.47787,2025-12-03 13:00:00
232.0,484.693,2025-12-03 13:00:00
276.0,300.3462,2025-12-03 13:00:00
238.5,244.59093,2025-12-03 13:00:00
311.0,434.24582,2025-12-03 13:00:00
210.75,258.40732,2025-12-03 14:00:00
278.0,266.6536,2025-12-03 14:00:00
254.0,281.97552,2025-12-03 14:00:00
304.0,330.63873,2025-12-03 14:00:00
243.0,506.31708,2025-12-03 14:00:00
235.0,265.026,2025-12-03 15:00:00
248.0,445.79398,2025-12-03 15:00:00
272.0,287.23938,2025-12-03 15:00:00
290.0,239.41519,2025-12-03 15:00:00
215.25,247.36426,2025-12-03 15:00:00
230.0,253.96689,2025-12-03 16:00:00
262.0,352.26724,2025-12-03 16:00:00
254.0,320.61337,2025-12-03 16:00:00
223.0,249.98224,2025-12-03 16:00:00
238.5,236.75266,2025-12-03 16:00:00
261.0,274.37677,2025-12-03 17:00:00
245.0,234.86485,2025-12-03 17:00:00
283.0,337.24707,2025-12-03 17:00:00
276.0,324.4091,2025-12-03 17:00:00
256.0,272.23553,2025-12-03 17:00:00
247.0,249.97308,2025-12-03 18:00:00
259.0,306.81277,2025-12-03 18:00:00
282.0,414.60507,2025-12-03 18:00:00
296.0,285.66367,2025-12-03 18:00:00
283.0,267.90424,2025-12-03 18:00:00
315.0,382.98804,2025-12-03 19:00:00
268.0,315.44708,2025-12-03 19:00:00
307.0,288.94196,2025-12-03 19:00:00
266.0,303.98273,2025-12-03 19:00:00
270.5,266.87585,2025-12-03 19:00:00
298.5,286.89767,2025-12-03 20:00:00
365.0,403.71075,2025-12-03 20:00:00
290.0,354.3041,2025-12-03 20:00:00
334.0,334.00327,2025-12-03 20:00:00
323.0,349.5545,2025-12-03 20:00:00
359.0,389.63492,2025-12-03 21:00:00
309.5,291.09534,2025-12-03 21:00:00
399.0,357.92233,2025-12-03 21:00:00
354.0,347.1594,2025-12-03 21:00:00
374.0,384.22092,2025-12-03 21:00:00
505.0,328.96783,2025-12-03 22:00:00
367.0,331.73663,2025-12-03 22:00:00
332.0,293.3156,2025-12-03 22:00:00
255.5,278.4706,2025-12-03 22:00:00
611.0,388.06616,2025-12-03 22:00:00
249.0,322.03812,2025-12-03 23:00:00
414.0,315.93988,2025-12-03 23:00:00
295.0,281.5498,2025-12-03 23:00:00
217.25,237.90477,2025-12-03 23:00:00
376.0,321.3549,2025-12-03 23:00:00
255.0,255.8762,2025-12-04 00:00:00
349.0,269.24185,2025-12-04 00:00:00
211.25,192.46092,2025-12-04 00:00:00
211.0,289.68854,2025-12-04 00:00:00
461.0,324.72903,2025-12-04 00:00:00
182.0,180.70091,2025-12-04 01:00:00
199.0,269.01712,2025-12-04 01:00:00
219.0,232.57217,2025-12-04 01:00:00
256.0,241.90547,2025-12-04 01:00:00
480.0,276.34973,2025-12-04 01:00:00
265.0,201.96481,2025-12-04 02:00:00
215.0,203.75824,2025-12-04 02:00:00
205.0,207.81471,2025-12-04 02:00:00
172.5,159.57123,2025-12-04 02:00:00
167.0,265.63336,2025-12-04 02:00:00
213.0,201.96815,2025-12-04 03:00:00
256.0,204.8105,2025-12-04 03:00:00
186.0,184.80576,2025-12-04 03:00:00
163.75,150.31438,2025-12-04 03:00:00
177.0,241.66397,2025-12-04 03:00:00
213.0,164.45348,2025-12-04 04:00:00
234.0,197.84465,2025-12-04 04:00:00
184.0,190.70164,2025-12-04 04:00:00
186.0,253.73436,2025-12-04 04:00:00
166.0,149.39314,2025-12-04 04:00:00
267.0,277.82965,2025-12-04 05:00:00
174.75,156.97212,2025-12-04 05:00:00
182.0,214.19559,2025-12-04 05:00:00
173.0,239.18256,2025-12-04 05:00:00
207.0,163.39816,2025-12-04 05:00:00
305.0,274.9115,2025-12-04 06:00:00
245.0,303.55545,2025-12-04 06:00:00
698.0,291.84753,2025-12-04 06:00:00
220.5,195.82336,2025-12-04 06:00:00
239.0,202.05972,2025-12-04 06:00:00
271.0,283.80682,2025-12-04 07:00:00
244.0,233.20822,2025-12-04 07:00:00
525.0,325.9948,2025-12-04 07:00:00
366.0,407.52808,2025-12-04 07:00:00
418.0,357.50723,2025-12-04 07:00:00
243.75,265.10303,2025-12-04 08:00:00
450.0,432.42334,2025-12-04 08:00:00
426.0,392.87482,2025-12-04 08:00:00
443.0,366.71243,2025-12-04 08:00:00
366.0,335.7146,2025-12-04 08:00:00
256.75,295.40997,2025-12-04 09:00:00
373.0,468.16693,2025-12-04 09:00:00
427.0,375.50134,2025-12-04 09:00:00
453.0,411.33548,2025-12-04 09:00:00
472.0,467.63138,2025-12-04 09:00:00
287.25,277.00363,2025-12-04 10:00:00
442.0,369.8395,2025-12-04 10:00:00
475.0,447.59323,2025-12-04 10:00:00
396.0,422.5175,2025-12-04 10:00:00
404.0,358.21268,2025-12-04 10:00:00
465.0,439.9655,2025-12-04 11:00:00
467.0,359.50528,2025-12-04 11:00:00
415.0,337.76224,2025-12-04 11:00:00
405.0,444.17908,2025-12-04 11:00:00
301.0,278.9147,2025-12-04 11:00:00
440.0,335.20868,2025-12-04 12:00:00
416.0,337.55188,2025-12-04 12:00:00
436.0,437.88132,2025-12-04 12:00:00
323.5,258.9533,2025-12-04 12:00:00
362.0,398.44598,2025-12-04 12:00:00
348.0,377.12448,2025-12-04 13:00:00
393.0,381.6849,2025-12-04 13:00:00
365.0,357.84058,2025-12-04 13:00:00
323.75,241.26564,2025-12-04 13:00:00
384.0,298.6192,2025-12-04 13:00:00
329.75,232.0235,2025-12-04 14:00:00
316.0,281.18985,2025-12-04 14:00:00
366.0,354.26007,2025-12-04 14:00:00
345.0,318.67352,2025-12-04 14:00:00
277.0,278.8721,2025-12-04 14:00:00
287.0,291.68573,2025-12-04 15:00:00
273.0,268.45282,2025-12-04 15:00:00
282.0,226.86707,2025-12-04 15:00:00
393.0,290.15704,2025-12-04 15:00:00
306.0,277.2078,2025-12-04 15:00:00
236.75,223.27911,2025-12-04 16:00:00
348.0,270.0261,2025-12-04 16:00:00
296.0,250.44095,2025-12-04 16:00:00
251.0,275.97403,2025-12-04 16:00:00
277.0,267.8468,2025-12-04 16:00:00
268.0,298.11057,2025-12-04 17:00:00
209.25,231.58852,2025-12-04 17:00:00
304.0,324.58994,2025-12-04 17:00:00
271.0,255.14368,2025-12-04 17:00:00
261.0,286.7813,2025-12-04 17:00:00
210.25,260.2533,2025-12-04 18:00:00
259.0,305.78098,2025-12-04 18:00:00
251.0,303.73264,2025-12-04 18:00:00
301.0,325.8981,2025-12-04 18:00:00
256.0,268.00928,2025-12-04 18:00:00
251.0,274.53696,2025-12-04 19:00:00
227.0,320.5649,2025-12-04 19:00:00
306.0,382.227,2025-12-04 19:00:00
284.0,310.2515,2025-12-04 19:00:00
209.75,271.13693,2025-12-04 19:00:00
426.0,322.37274,2025-12-04 20:00:00
504.0,336.94962,2025-12-04 20:00:00
233.5,271.12003,2025-12-04 20:00:00
316.0,318.16092,2025-12-04 20:00:00
324.0,408.86563,2025-12-04 20:00:00
340.0,339.889,2025-12-04 21:00:00
278.0,267.7225,2025-12-04 21:00:00
318.0,372.0526,2025-12-04 21:00:00
418.0,382.60287,2025-12-04 21:00:00
342.0,366.75394,2025-12-04 21:00:00
316.0,273.6215,2025-12-04 22:00:00
311.0,350.45712,2025-12-04 22:00:00
333.0,298.3383,2025-12-04 22:00:00
360.0,457.32074,2025-12-04 22:00:00
399.0,410.3146,2025-12-04 22:00:00
272.5,254.83664,2025-12-04 23:00:00
565.0,390.53772,2025-12-04 23:00:00
332.0,317.40656,2025-12-04 23:00:00
374.0,362.70273,2025-12-04 23:00:00
284.0,329.54944,2025-12-04 23:00:00
244.0,276.22824,2025-12-05 00:00:00
345.0,321.56555,2025-12-05 00:00:00
500.0,330.21277,2025-12-05 00:00:00
205.75,224.38762,2025-12-05 00:00:00
293.0,330.91232,2025-12-05 00:00:00
290.0,250.5775,2025-12-05 01:00:00
182.0,249.48764,2025-12-05 01:00:00
194.0,188.32414,2025-12-05 01:00:00
239.0,289.83182,2025-12-05 01:00:00
273.0,333.70956,2025-12-05 01:00:00
204.5,176.24892,2025-12-05 02:00:00
201.0,274.6003,2025-12-05 02:00:00
212.0,235.13362,2025-12-05 02:00:00
255.0,274.36374,2025-12-05 02:00:00
240.0,232.45224,2025-12-05 02:00:00
256.0,277.91504,2025-12-05 03:00:00
245.0,223.68362,2025-12-05 03:00:00
201.0,291.54016,2025-12-05 03:00:00
222.0,173.46098,2025-12-05 03:00:00
280.0,264.47485,2025-12-05 03:00:00
201.0,236.7312,2025-12-05 04:00:00
216.0,260.26093,2025-12-05 04:00:00
208.0,189.30606,2025-12-05 04:00:00
201.0,263.9487,2025-12-05 04:00:00
233.0,292.38492,2025-12-05 04:00:00
222.0,271.05576,2025-12-05 05:00:00
213.25,199.49734,2025-12-05 05:00:00
201.0,278.2528,2025-12-05 05:00:00
208.0,288.33176,2025-12-05 05:00:00
202.0,235.98087,2025-12-05 05:00:00
245.0,308.5645,2025-12-05 06:00:00
254.0,359.8118,2025-12-05 06:00:00
272.5,246.37538,2025-12-05 06:00:00
429.0,428.34955,2025-12-05 06:00:00
340.0,399.71158,2025-12-05 06:00:00
331.0,346.41583,2025-12-05 07:00:00
467.0,447.78595,2025-12-05 07:00:00
388.0,542.9437,2025-12-05 07:00:00
392.0,461.87393,2025-12-05 07:00:00
336.25,267.61252,2025-12-05 07:00:00
455.0,625.1962,2025-12-05 08:00:00
439.0,482.4942,2025-12-05 08:00:00
367.0,409.74887,2025-12-05 08:00:00
487.0,543.9792,2025-12-05 08:00:00
354.5,277.32764,2025-12-05 08:00:00
493.0,603.2379,2025-12-05 09:00:00
360.5,322.74518,2025-12-05 09:00:00
509.0,663.24786,2025-12-05 09:00:00
440.0,550.002,2025-12-05 09:00:00
443.0,489.50455,2025-12-05 09:00:00
431.0,463.37766,2025-12-05 10:00:00
482.0,615.6293,2025-12-05 10:00:00
422.0,549.94244,2025-12-05 10:00:00
381.75,355.96933,2025-12-05 10:00:00
422.0,479.80823,2025-12-05 10:00:00
396.0,495.70248,2025-12-05 11:00:00
497.0,602.5455,2025-12-05 11:00:00
393.0,439.39365,2025-12-05 11:00:00
367.6666666666667,358.96597,2025-12-05 11:00:00
404.0,533.0505,2025-12-05 11:00:00
411.0,621.5666,2025-12-05 12:00:00
355.0,430.55148,2025-12-05 12:00:00
361.0,428.58942,2025-12-05 12:00:00
347.75,343.33865,2025-12-05 12:00:00
364.0,430.86655,2025-12-05 12:00:00
374.0,515.8065,2025-12-05 13:00:00
348.25,312.53204,2025-12-05 13:00:00
332.0,425.7404,2025-12-05 13:00:00
331.0,394.2447,2025-12-05 13:00:00
334.0,424.06323,2025-12-05 13:00:00
323.0,281.84958,2025-12-05 14:00:00
289.0,387.09796,2025-12-05 14:00:00
399.0,486.70267,2025-12-05 14:00:00
296.0,363.85315,2025-12-05 14:00:00
343.0,390.61526,2025-12-05 14:00:00
262.0,347.5677,2025-12-05 15:00:00
373.0,454.65552,2025-12-05 15:00:00
299.5,258.80096,2025-12-05 15:00:00
273.0,323.01453,2025-12-05 15:00:00
343.0,362.17957,2025-12-05 15:00:00
326.0,413.8282,2025-12-05 16:00:00
335.0,333.7481,2025-12-05 16:00:00
251.0,304.14734,2025-12-05 16:00:00
233.0,305.68237,2025-12-05 16:00:00
285.5,247.24873,2025-12-05 16:00:00
223.0,305.16962,2025-12-05 17:00:00
327.0,297.7743,2025-12-05 17:00:00
262.0,278.7489,2025-12-05 17:00:00
273.0,368.27032,2025-12-05 17:00:00
264.5,219.71107,2025-12-05 17:00:00
294.0,293.4738,2025-12-05 18:00:00
268.25,256.1328,2025-12-05 18:00:00
282.0,382.4477,2025-12-05 18:00:00
240.0,328.07382,2025-12-05 18:00:00
345.0,298.47858,2025-12-05 18:00:00
251.5,242.00356,2025-12-05 19:00:00
257.0,313.73666,2025-12-05 19:00:00
285.0,386.91638,2025-12-05 19:00:00
261.0,295.2287,2025-12-05 19:00:00
295.0,303.51782,2025-12-05 19:00:00
282.0,331.0143,2025-12-05 20:00:00
302.0,394.8751,2025-12-05 20:00:00
313.0,363.43442,2025-12-05 20:00:00
254.25,251.76654,2025-12-05 20:00:00
367.0,416.80658,2025-12-05 20:00:00
307.0,338.36972,2025-12-05 21:00:00
362.0,360.2751,2025-12-05 21:00:00
262.25,274.76782,2025-12-05 21:00:00
302.0,452.7658,2025-12-05 21:00:00
316.0,365.237,2025-12-05 21:00:00
364.0,393.75684,2025-12-05 22:00:00
464.0,389.42203,2025-12-05 22:00:00
350.0,315.5099,2025-12-05 22:00:00
298.0,314.2641,2025-12-05 22:00:00
280.25,275.13974,2025-12-05 22:00:00
268.25,265.96176,2025-12-05 23:00:00
320.0,298.92227,2025-12-05 23:00:00
268.0,397.57693,2025-12-05 23:00:00
373.0,394.3288,2025-12-05 23:00:00
279.0,305.53015,2025-12-05 23:00:00
564.0,354.59808,2025-12-06 00:00:00
293.0,294.79712,2025-12-06 00:00:00
241.0,271.39163,2025-12-06 00:00:00
222.75,202.58716,2025-12-06 00:00:00
276.0,351.39462,2025-12-06 00:00:00
199.0,208.50739,2025-12-06 01:00:00
250.0,286.38138,2025-12-06 01:00:00
299.0,269.69586,2025-12-06 01:00:00
201.0,188.24948,2025-12-06 01:00:00
439.0,273.97903,2025-12-06 01:00:00
261.0,241.15947,2025-12-06 02:00:00
181.25,192.47188,2025-12-06 02:00:00
219.0,209.83835,2025-12-06 02:00:00
173.0,232.87393,2025-12-06 02:00:00
248.0,304.0682,2025-12-06 02:00:00
172.75,188.76186,2025-12-06 03:00:00
295.0,201.26447,2025-12-06 03:00:00
223.0,229.86836,2025-12-06 03:00:00
175.0,254.99419,2025-12-06 03:00:00
235.0,291.38904,2025-12-06 03:00:00
190.0,205.6485,2025-12-06 04:00:00
190.0,285.39996,2025-12-06 04:00:00
263.0,194.33102,2025-12-06 04:00:00
159.0,187.48895,2025-12-06 04:00:00
186.0,223.6319,2025-12-06 04:00:00
206.0,196.07188,2025-12-06 05:00:00
309.0,192.46841,2025-12-06 05:00:00
212.0,268.09973,2025-12-06 05:00:00
171.0,206.92276,2025-12-06 05:00:00
193.0,282.25922,2025-12-06 05:00:00
206.0,349.14398,2025-12-06 06:00:00
279.0,349.32428,2025-12-06 06:00:00
232.0,233.21863,2025-12-06 06:00:00
188.75,228.03316,2025-12-06 06:00:00
208.0,325.0174,2025-12-06 06:00:00
269.0,372.17072,2025-12-06 07:00:00
359.0,482.10788,2025-12-06 07:00:00
284.0,337.1593,2025-12-06 07:00:00
227.25,276.71942,2025-12-06 07:00:00
257.0,353.40106,2025-12-06 07:00:00
270.5,291.96426,2025-12-06 08:00:00
306.0,382.59412,2025-12-06 08:00:00
268.0,421.23053,2025-12-06 08:00:00
318.0,522.57166,2025-12-06 08:00:00
357.0,510.56656,2025-12-06 08:00:00
313.0,287.7065,2025-12-06 09:00:00
387.0,618.0107,2025-12-06 09:00:00
337.0,478.0168,2025-12-06 09:00:00
295.0,428.49014,2025-12-06 09:00:00
354.0,567.3452,2025-12-06 09:00:00
276.0,402.85263,2025-12-06 10:00:00
409.0,463.59274,2025-12-06 10:00:00
305.75,284.22098,2025-12-06 10:00:00
335.0,509.15323,2025-12-06 10:00:00
443.0,581.6791,2025-12-06 10:00:00
350.0,459.86588,2025-12-06 11:00:00
296.0,291.1904,2025-12-06 11:00:00
290.0,496.4949,2025-12-06 11:00:00
289.0,373.13278,2025-12-06 11:00:00
379.0,573.26263,2025-12-06 11:00:00
389.0,338.1853,2025-12-06 12:00:00
293.0,427.5723,2025-12-06 12:00:00
266.75,299.69336,2025-12-06 12:00:00
262.0,411.2693,2025-12-06 12:00:00
288.0,433.31534,2025-12-06 12:00:00
209.0,245.6371,2025-12-06 13:00:00
259.0,366.067,2025-12-06 13:00:00
295.0,363.03265,2025-12-06 13:00:00
339.0,299.3168,2025-12-06 13:00:00
291.0,448.4948,2025-12-06 13:00:00
273.0,298.1899,2025-12-06 14:00:00
257.0,304.42825,2025-12-06 14:00:00
206.25,219.81409,2025-12-06 14:00:00
285.0,396.9413,2025-12-06 14:00:00
234.0,327.23193,2025-12-06 14:00:00
237.0,254.86101,2025-12-06 15:00:00
215.0,235.35637,2025-12-06 15:00:00
232.0,307.2086,2025-12-06 15:00:00
254.0,344.16782,2025-12-06 15:00:00
239.0,302.72885,2025-12-06 15:00:00
196.25,239.83516,2025-12-06 16:00:00
213.0,252.01634,2025-12-06 16:00:00
238.0,276.6882,2025-12-06 16:00:00
224.0,292.57953,2025-12-06 16:00:00
230.0,304.51828,2025-12-06 16:00:00
255.0,251.7155,2025-12-06 17:00:00
212.0,236.30696,2025-12-06 17:00:00
198.5,217.5133,2025-12-06 17:00:00
252.0,270.3193,2025-12-06 17:00:00
238.0,255.99284,2025-12-06 17:00:00
246.0,262.59528,2025-12-06 18:00:00
206.0,225.69989,2025-12-06 18:00:00
198.75,219.04482,2025-12-06 18:00:00
219.0,232.51776,2025-12-06 18:00:00
259.0,312.8413,2025-12-06 18:00:00
205.0,263.99707,2025-12-06 19:00:00
291.0,282.5892,2025-12-06 19:00:00
233.0,269.8812,2025-12-06 19:00:00
246.25,237.12172,2025-12-06 19:00:00
262.0,321.03513,2025-12-06 19:00:00
246.0,296.54437,2025-12-06 20:00:00
273.0,286.7835,2025-12-06 20:00:00
296.0,355.3669,2025-12-06 20:00:00
238.25,245.8747,2025-12-06 20:00:00
232.0,285.5596,2025-12-06 20:00:00
305.0,336.18268,2025-12-06 21:00:00
277.0,311.1086,2025-12-06 21:00:00
251.0,309.08185,2025-12-06 21:00:00
241.5,262.4022,2025-12-06 21:00:00
261.0,336.58725,2025-12-06 21:00:00
246.0,259.21072,2025-12-06 22:00:00
259.0,285.3443,2025-12-06 22:00:00
273.0,319.17938,2025-12-06 22:00:00
299.0,335.11365,2025-12-06 22:00:00
306.0,418.5494,2025-12-06 22:00:00
324.0,343.56183,2025-12-06 23:00:00
259.0,275.82043,2025-12-06 23:00:00
304.0,295.3915,2025-12-06 23:00:00
257.0,303.7641,2025-12-06 23:00:00
245.75,254.54828,2025-12-06 23:00:00
235.25,193.58533,2025-12-07 00:00:00
251.0,250.06189,2025-12-07 00:00:00
311.0,284.5462,2025-12-07 00:00:00
306.0,317.3126,2025-12-07 00:00:00
232.0,282.33508,2025-12-07 00:00:00
213.0,265.1303,2025-12-07 01:00:00
309.0,258.68588,2025-12-07 01:00:00
239.0,207.2614,2025-12-07 01:00:00
298.0,287.38446,2025-12-07 01:00:00
235.0,168.96349,2025-12-07 01:00:00
243.0,222.40794,2025-12-07 02:00:00
263.0,259.20285,2025-12-07 02:00:00
224.0,269.4932,2025-12-07 02:00:00
228.0,198.23828,2025-12-07 02:00:00
219.75,158.17552,2025-12-07 02:00:00
196.0,184.99728,2025-12-07 03:00:00
209.0,149.94676,2025-12-07 03:00:00
233.0,236.6464,2025-12-07 03:00:00
238.0,207.64734,2025-12-07 03:00:00
221.0,236.823,2025-12-07 03:00:00
240.0,228.52687,2025-12-07 04:00:00
230.0,196.72737,2025-12-07 04:00:00
299.0,247.1883,2025-12-07 04:00:00
182.75,150.99779,2025-12-07 04:00:00
204.0,187.66138,2025-12-07 04:00:00
234.0,194.98451,2025-12-07 05:00:00
185.75,153.02844,2025-12-07 05:00:00
276.0,226.05283,2025-12-07 05:00:00
269.0,245.40546,2025-12-07 05:00:00
227.0,194.47893,2025-12-07 05:00:00
246.0,161.6041,2025-12-07 06:00:00
256.0,202.76,2025-12-07 06:00:00
458.0,326.86343,2025-12-07 06:00:00
272.0,202.71335,2025-12-07 06:00:00
266.0,213.64517,2025-12-07 06:00:00
280.75,191.50375,2025-12-07 07:00:00
326.0,408.36465,2025-12-07 07:00:00
272.0,255.75462,2025-12-07 07:00:00
305.0,265.91376,2025-12-07 07:00:00
332.0,259.09903,2025-12-07 07:00:00
367.0,349.25287,2025-12-07 08:00:00
431.0,416.76205,2025-12-07 08:00:00
335.0,274.88028,2025-12-07 08:00:00
306.5,240.41702,2025-12-07 08:00:00
345.0,267.00818,2025-12-07 08:00:00
351.0,349.58728,2025-12-07 09:00:00
334.0,336.48825,2025-12-07 09:00:00
427.0,484.85922,2025-12-07 09:00:00
315.25,267.72852,2025-12-07 09:00:00
326.0,286.9087,2025-12-07 09:00:00
328.0,363.04263,2025-12-07 10:00:00
292.75,263.07526,2025-12-07 10:00:00
410.0,480.10434,2025-12-07 10:00:00
323.0,286.2786,2025-12-07 10:00:00
340.0,390.28897,2025-12-07 10:00:00
334.0,348.6494,2025-12-07 11:00:00
282.0,315.85782,2025-12-07 11:00:00
440.0,452.09552,2025-12-07 11:00:00
329.0,362.73474,2025-12-07 11:00:00
263.3333333333333,278.46664,2025-12-07 11:00:00
310.0,349.1214,2025-12-07 12:00:00
398.0,407.81433,2025-12-07 12:00:00
274.0,304.6983,2025-12-07 12:00:00
254.25,281.34314,2025-12-07 12:00:00
318.0,364.52634,2025-12-07 12:00:00
284.0,353.32343,2025-12-07 13:00:00
417.0,406.5727,2025-12-07 13:00:00
265.0,329.41492,2025-12-07 13:00:00
242.25,244.59172,2025-12-07 13:00:00
261.0,268.80325,2025-12-07 13:00:00
240.0,308.82715,2025-12-07 14:00:00
233.0,230.23393,2025-12-07 14:00:00
266.0,292.50305,2025-12-07 14:00:00
244.0,252.62971,2025-12-07 14:00:00
373.0,394.74258,2025-12-07 14:00:00
222.0,248.71864,2025-12-07 15:00:00
248.0,252.93033,2025-12-07 15:00:00
295.0,363.40332,2025-12-07 15:00:00
226.0,204.63034,2025-12-07 15:00:00
214.25,215.38148,2025-12-07 15:00:00
206.75,217.35405,2025-12-07 16:00:00
216.0,243.90016,2025-12-07 16:00:00
182.0,209.94165,2025-12-07 16:00:00
287.0,329.87793,2025-12-07 16:00:00
218.0,246.57138,2025-12-07 16:00:00
202.0,203.00194,2025-12-07 17:00:00
234.0,310.67755,2025-12-07 17:00:00
208.25,211.3282,2025-12-07 17:00:00
215.0,228.60341,2025-12-07 17:00:00
216.0,233.40408,2025-12-07 17:00:00
222.0,213.56924,2025-12-07 18:00:00
282.0,322.18347,2025-12-07 18:00:00
222.75,204.02293,2025-12-07 18:00:00
221.0,197.16606,2025-12-07 18:00:00
245.0,218.2008,2025-12-07 18:00:00
232.0,219.8407,2025-12-07 19:00:00
259.0,249.2023,2025-12-07 19:00:00
250.0,211.75539,2025-12-07 19:00:00
262.0,337.32797,2025-12-07 19:00:00
236.0,208.29214,2025-12-07 19:00:00
273.0,242.34576,2025-12-07 20:00:00
277.0,245.0549,2025-12-07 20:00:00
302.0,257.40704,2025-12-07 20:00:00
315.0,290.23093,2025-12-07 20:00:00
525.0,357.27438,2025-12-07 20:00:00
310.0,280.60654,2025-12-07 21:00:00
333.0,365.87823,2025-12-07 21:00:00
366.0,283.05966,2025-12-07 21:00:00
311.0,269.67654,2025-12-07 21:00:00
304.75,245.6069,2025-12-07 21:00:00
389.0,280.06668,2025-12-07 22:00:00
459.0,352.12454,2025-12-07 22:00:00
337.0,289.39938,2025-12-07 22:00:00
302.25,240.65346,2025-12-07 22:00:00
361.0,286.96075,2025-12-07 22:00:00
342.0,271.54437,2025-12-07 23:00:00
653.0,281.72043,2025-12-07 23:00:00
324.0,280.64844,2025-12-07 23:00:00
261.5,231.90819,2025-12-07 23:00:00
315.0,335.74835,2025-12-07 23:00:00
234.0,263.3075,2025-12-08 00:00:00
331.0,284.75943,2025-12-08 00:00:00
475.0,306.99146,2025-12-08 00:00:00
260.0,373.41058,2025-12-08 00:00:00
313.0,325.1693,2025-12-08 00:00:00
290.0,234.56734,2025-12-08 01:00:00
199.0,237.07663,2025-12-08 01:00:00
361.0,268.45093,2025-12-08 01:00:00
259.0,354.18124,2025-12-08 01:00:00
265.0,297.98804,2025-12-08 01:00:00
200.0,319.50726,2025-12-08 02:00:00
365.0,262.9608,2025-12-08 02:00:00
170.5,220.73395,2025-12-08 02:00:00
265.0,233.62782,2025-12-08 02:00:00
199.0,279.15833,2025-12-08 02:00:00
206.0,198.67705,2025-12-08 03:00:00
217.0,237.0009,2025-12-08 03:00:00
144.5,211.55876,2025-12-08 03:00:00
188.0,240.66798,2025-12-08 03:00:00
178.0,322.68698,2025-12-08 03:00:00
193.0,359.7754,2025-12-08 04:00:00
151.0,230.38632,2025-12-08 04:00:00
197.0,225.32214,2025-12-08 04:00:00
137.5,197.72957,2025-12-08 04:00:00
217.0,193.38757,2025-12-08 04:00:00
169.0,203.61302,2025-12-08 05:00:00
183.0,383.3681,2025-12-08 05:00:00
138.5,204.57997,2025-12-08 05:00:00
208.0,221.38945,2025-12-08 05:00:00
351.0,230.2099,2025-12-08 05:00:00
248.0,229.51427,2025-12-08 06:00:00
227.0,259.40375,2025-12-08 06:00:00
197.0,398.4344,2025-12-08 06:00:00
205.0,262.0972,2025-12-08 06:00:00
172.0,195.92172,2025-12-08 06:00:00
249.0,273.3865,2025-12-08 07:00:00
295.0,251.58847,2025-12-08 07:00:00
346.0,370.6999,2025-12-08 07:00:00
296.0,312.1869,2025-12-08 07:00:00
221.75,220.0866,2025-12-08 07:00:00
276.5,254.28477,2025-12-08 08:00:00
340.0,380.0821,2025-12-08 08:00:00
332.0,486.47623,2025-12-08 08:00:00
234.0,333.0833,2025-12-08 08:00:00
322.0,308.0914,2025-12-08 08:00:00
326.0,417.95847,2025-12-08 09:00:00
384.0,546.5292,2025-12-08 09:00:00
273.0,309.46738,2025-12-08 09:00:00
411.0,332.9856,2025-12-08 09:00:00
283.0,272.10922,2025-12-08 09:00:00
322.0,421.25204,2025-12-08 10:00:00
269.5,254.15749,2025-12-08 10:00:00
260.0,301.09305,2025-12-08 10:00:00
359.0,318.5302,2025-12-08 10:00:00
477.0,508.84824,2025-12-08 10:00:00
312.0,385.4759,2025-12-08 11:00:00
261.0,302.01984,2025-12-08 11:00:00
339.0,312.07675,2025-12-08 11:00:00
265.3333333333333,262.5623,2025-12-08 11:00:00
396.0,533.2197,2025-12-08 11:00:00
321.0,328.01505,2025-12-08 12:00:00
259.0,288.3115,2025-12-08 12:00:00
243.25,270.1021,2025-12-08 12:00:00
328.0,471.97308,2025-12-08 12:00:00
298.0,363.97427,2025-12-08 12:00:00
255.0,361.72952,2025-12-08 13:00:00
300.0,299.00128,2025-12-08 13:00:00
245.0,287.22372,2025-12-08 13:00:00
224.5,230.83711,2025-12-08 13:00:00
299.0,550.4306,2025-12-08 13:00:00
230.0,288.1194,2025-12-08 14:00:00
224.0,233.15303,2025-12-08 14:00:00
251.0,435.91327,2025-12-08 14:00:00
208.25,219.25684,2025-12-08 14:00:00
266.0,271.7045,2025-12-08 14:00:00
245.0,220.6614,2025-12-08 15:00:00
233.0,333.1894,2025-12-08 15:00:00
197.5,214.40479,2025-12-08 15:00:00
204.0,225.63074,2025-12-08 15:00:00
210.0,246.53514,2025-12-08 15:00:00
222.0,222.24261,2025-12-08 16:00:00
187.0,186.34923,2025-12-08 16:00:00
197.0,257.35388,2025-12-08 16:00:00
155.0,212.57121,2025-12-08 16:00:00
246.0,283.82916,2025-12-08 16:00:00
183.0,217.4503,2025-12-08 17:00:00
191.0,232.83492,2025-12-08 17:00:00
182.25,180.61598,2025-12-08 17:00:00
255.0,235.42213,2025-12-08 17:00:00
238.0,226.10927,2025-12-08 17:00:00
223.0,223.63792,2025-12-08 18:00:00
197.0,238.16177,2025-12-08 18:00:00
189.0,216.24406,2025-12-08 18:00:00
260.0,251.19469,2025-12-08 18:00:00
177.25,205.4758,2025-12-08 18:00:00
229.0,251.285,2025-12-08 19:00:00
210.0,264.3031,2025-12-08 19:00:00
177.25,199.82645,2025-12-08 19:00:00
255.0,330.79602,2025-12-08 19:00:00
200.0,240.19475,2025-12-08 19:00:00
272.0,301.64145,2025-12-08 20:00:00
240.0,277.1612,2025-12-08 20:00:00
351.0,348.1984,2025-12-08 20:00:00
255.0,288.98404,2025-12-08 20:00:00
209.25,238.60854,2025-12-08 20:00:00
289.0,326.11862,2025-12-08 21:00:00
332.0,356.64542,2025-12-08 21:00:00
263.0,277.34378,2025-12-08 21:00:00
253.5,247.15831,2025-12-08 21:00:00
265.0,301.88348,2025-12-08 21:00:00
241.0,292.00793,2025-12-08 22:00:00
239.5,239.49348,2025-12-08 22:00:00
302.0,295.92294,2025-12-08 22:00:00
256.0,278.07855,2025-12-08 22:00:00
287.0,373.72546,2025-12-08 22:00:00
252.0,267.8888,2025-12-08 23:00:00
311.0,278.2731,2025-12-08 23:00:00
293.0,301.06458,2025-12-08 23:00:00
246.0,307.90314,2025-12-08 23:00:00
221.25,237.28273,2025-12-08 23:00:00
276.0,262.8397,2025-12-09 00:00:00
141.0,215.52223,2025-12-09 00:00:00
227.0,275.72766,2025-12-09 00:00:00
227.0,248.50208,2025-12-09 00:00:00
241.0,326.32007,2025-12-09 00:00:00
245.0,246.05342,2025-12-09 01:00:00
233.0,296.15067,2025-12-09 01:00:00
298.0,246.41212,2025-12-09 01:00:00
141.0,188.63162,2025-12-09 01:00:00
205.0,250.66135,2025-12-09 01:00:00
167.0,231.23457,2025-12-09 02:00:00
60.0,160.86664,2025-12-09 02:00:00
207.0,252.58632,2025-12-09 02:00:00
229.0,223.99605,2025-12-09 02:00:00
211.0,204.31071,2025-12-09 02:00:00
186.0,191.08646,2025-12-09 03:00:00
146.75,146.76193,2025-12-09 03:00:00
180.0,237.14622,2025-12-09 03:00:00
155.0,185.99747,2025-12-09 03:00:00
199.0,196.99113,2025-12-09 03:00:00
141.0,183.22037,2025-12-09 04:00:00
142.25,133.70856,2025-12-09 04:00:00
161.0,255.29135,2025-12-09 04:00:00
182.0,189.50937,2025-12-09 04:00:00
161.0,192.53764,2025-12-09 04:00:00
186.0,241.00168,2025-12-09 05:00:00
157.75,130.45352,2025-12-09 05:00:00
162.0,176.19862,2025-12-09 05:00:00
171.0,214.25612,2025-12-09 05:00:00
188.0,210.51929,2025-12-09 05:00:00
199.0,251.19965,2025-12-09 06:00:00
194.0,246.74596,2025-12-09 06:00:00
195.0,185.59505,2025-12-09 06:00:00
364.0,207.88051,2025-12-09 06:00:00
196.0,153.7438,2025-12-09 06:00:00
306.0,404.4524,2025-12-09 07:00:00
237.0,202.35657,2025-12-09 07:00:00
288.0,256.90738,2025-12-09 07:00:00
242.5,173.53966,2025-12-09 07:00:00
335.0,291.6693,2025-12-09 07:00:00
317.0,225.63712,2025-12-09 08:00:00
255.0,260.6436,2025-12-09 08:00:00
304.0,263.4371,2025-12-09 08:00:00
309.0,310.414,2025-12-09 08:00:00
426.0,459.3545,2025-12-09 08:00:00
293.0,382.27917,2025-12-09 09:00:00
283.0,278.33752,2025-12-09 09:00:00
346.0,309.4871,2025-12-09 09:00:00
334.75,242.37924,2025-12-09 09:00:00
516.0,445.27658,2025-12-09 09:00:00
357.0,302.8012,2025-12-09 10:00:00
553.0,493.18445,2025-12-09 10:00:00
249.0,288.5493,2025-12-09 10:00:00
299.0,342.51538,2025-12-09 10:00:00
345.0,252.59169,2025-12-09 10:00:00
237.0,286.5135,2025-12-09 11:00:00
575.0,431.15262,2025-12-09 11:00:00
337.0,260.14148,2025-12-09 11:00:00
288.0,326.10678,2025-12-09 11:00:00
356.0,324.55566,2025-12-09 11:00:00
315.75,242.6261,2025-12-09 12:00:00
263.0,316.5173,2025-12-09 12:00:00
301.0,304.15707,2025-12-09 12:00:00
216.0,260.24487,2025-12-09 12:00:00
417.0,417.34488,2025-12-09 12:00:00
218.0,228.95384,2025-12-09 13:00:00
239.0,280.28455,2025-12-09 13:00:00
263.0,310.736,2025-12-09 13:00:00
309.0,411.37393,2025-12-09 13:00:00
274.0,223.21094,2025-12-09 13:00:00
212.0,317.3039,2025-12-09 14:00:00
227.25,173.26509,2025-12-09 14:00:00
226.0,248.78601,2025-12-09 14:00:00
206.0,214.60692,2025-12-09 14:00:00
202.0,260.13687,2025-12-09 14:00:00
188.5,178.29189,2025-12-09 15:00:00
191.0,226.95616,2025-12-09 15:00:00
188.0,291.76886,2025-12-09 15:00:00
206.0,222.69255,2025-12-09 15:00:00
191.0,214.51826,2025-12-09 15:00:00
169.0,193.3376,2025-12-09 16:00:00
182.25,172.91045,2025-12-09 16:00:00
179.0,228.47995,2025-12-09 16:00:00
194.0,226.05139,2025-12-09 16:00:00
196.0,246.78174,2025-12-09 16:00:00
187.25,173.50993,2025-12-09 17:00:00
172.0,193.75093,2025-12-09 17:00:00
193.0,228.70117,2025-12-09 17:00:00
206.0,240.50908,2025-12-09 17:00:00
173.0,219.5117,2025-12-09 17:00:00
219.0,227.39264,2025-12-09 18:00:00
209.5,179.14688,2025-12-09 18:00:00
191.0,260.5706,2025-12-09 18:00:00
174.0,194.00851,2025-12-09 18:00:00
167.0,219.98718,2025-12-09 18:00:00
163.0,246.61456,2025-12-09 19:00:00
239.0,291.63562,2025-12-09 19:00:00
222.0,224.45596,2025-12-09 19:00:00
175.0,236.13997,2025-12-09 19:00:00
199.75,184.48807,2025-12-09 19:00:00
232.0,291.2207,2025-12-09 20:00:00
200.0,261.967,2025-12-09 20:00:00
225.0,211.82756,2025-12-09 20:00:00
191.0,269.77762,2025-12-09 20:00:00
276.0,376.715,2025-12-09 20:00:00
310.0,367.5018,2025-12-09 21:00:00
227.0,281.76117,2025-12-09 21:00:00
248.0,288.32205,2025-12-09 21:00:00
237.0,289.30307,2025-12-09 21:00:00
265.5,247.65259,2025-12-09 21:00:00
215.0,271.3517,2025-12-09 22:00:00
207.0,258.4417,2025-12-09 22:00:00
269.0,230.6399,2025-12-09 22:00:00
262.0,287.33173,2025-12-09 22:00:00
255.0,352.30753,2025-12-09 22:00:00
235.5,230.69064,2025-12-09 23:00:00
269.0,270.92242,2025-12-09 23:00:00
238.0,339.83005,2025-12-09 23:00:00
221.0,237.59993,2025-12-09 23:00:00
249.0,254.08817,2025-12-09 23:00:00
260.0,255.7007,2025-12-10 00:00:00
173.0,229.54575,2025-12-10 00:00:00
202.25,172.28064,2025-12-10 00:00:00
226.0,208.2585,2025-12-10 00:00:00
193.0,308.5965,2025-12-10 00:00:00
218.0,199.37086,2025-12-10 01:00:00
202.0,239.77242,2025-12-10 01:00:00
183.0,211.55891,2025-12-10 01:00:00
161.0,165.33095,2025-12-10 01:00:00
183.0,279.48734,2025-12-10 01:00:00
155.0,195.65767,2025-12-10 02:00:00
147.0,233.14885,2025-12-10 02:00:00
137.75,136.7016,2025-12-10 02:00:00
177.0,186.56671,2025-12-10 02:00:00
158.0,164.90776,2025-12-10 02:00:00
156.0,180.37012,2025-12-10 03:00:00
150.0,182.81647,2025-12-10 03:00:00
130.0,218.4098,2025-12-10 03:00:00
169.0,202.17453,2025-12-10 03:00:00
138.25,135.40227,2025-12-10 03:00:00
206.0,216.53384,2025-12-10 04:00:00
172.0,165.46793,2025-12-10 04:00:00
177.0,185.0944,2025-12-10 04:00:00
153.0,171.26056,2025-12-10 04:00:00
142.25,128.5863,2025-12-10 04:00:00
155.0,240.6388,2025-12-10 05:00:00
172.0,166.3532,2025-12-10 05:00:00
161.0,169.02444,2025-12-10 05:00:00
184.0,230.27141,2025-12-10 05:00:00
154.0,154.15427,2025-12-10 05:00:00
268.0,263.95175,2025-12-10 06:00:00
204.0,195.08063,2025-12-10 06:00:00
173.0,255.7404,2025-12-10 06:00:00
222.5,172.24599,2025-12-10 06:00:00
202.0,184.47952,2025-12-10 06:00:00
376.0,384.88522,2025-12-10 07:00:00
403.0,271.16547,2025-12-10 07:00:00
327.0,307.54788,2025-12-10 07:00:00
271.75,204.04297,2025-12-10 07:00:00
255.0,236.34955,2025-12-10 07:00:00
332.5,225.78145,2025-12-10 08:00:00
379.0,319.3536,2025-12-10 08:00:00
280.0,276.6888,2025-12-10 08:00:00
585.0,272.21115,2025-12-10 08:00:00
353.0,438.38242,2025-12-10 08:00:00
348.0,287.9319,2025-12-10 09:00:00
753.0,282.9976,2025-12-10 09:00:00
368.0,360.24622,2025-12-10 09:00:00
370.0,450.0682,2025-12-10 09:00:00
409.25,266.46478,2025-12-10 09:00:00
413.0,264.9747,2025-12-10 10:00:00
454.0,336.68994,2025-12-10 10:00:00
489.0,362.99255,2025-12-10 10:00:00
749.0,285.3872,2025-12-10 10:00:00
456.0,443.41086,2025-12-10 10:00:00
482.0,334.86115,2025-12-10 11:00:00
659.0,450.00677,2025-12-10 11:00:00
555.0,266.59134,2025-12-10 11:00:00
403.0,363.7965,2025-12-10 11:00:00
375.6666666666667,277.576,2025-12-10 11:00:00
510.0,414.15723,2025-12-10 12:00:00
333.0,351.53192,2025-12-10 12:00:00
481.0,341.11545,2025-12-10 12:00:00
366.0,272.43155,2025-12-10 12:00:00
381.0,239.89922,2025-12-10 12:00:00
372.0,250.64383,2025-12-10 13:00:00
329.0,321.23215,2025-12-10 13:00:00
503.0,363.62247,2025-12-10 13:00:00
514.0,312.9636,2025-12-10 13:00:00
394.75,252.61403,2025-12-10 13:00:00
296.0,215.74516,2025-12-10 14:00:00
511.0,282.22644,2025-12-10 14:00:00
287.0,267.82663,2025-12-10 14:00:00
389.0,249.36322,2025-12-10 14:00:00
404.0,248.23601,2025-12-10 14:00:00
462.0,250.5431,2025-12-10 15:00:00
272.0,214.97768,2025-12-10 15:00:00
250.0,244.86679,2025-12-10 15:00:00
279.0,228.13483,2025-12-10 15:00:00
317.5,216.29668,2025-12-10 15:00:00
415.0,222.84796,2025-12-10 16:00:00
232.75,211.7847,2025-12-10 16:00:00
262.0,216.51767,2025-12-10 16:00:00
202.0,184.76192,2025-12-10 16:00:00
250.0,235.18912,2025-12-10 16:00:00
241.0,215.99117,2025-12-10 17:00:00
317.0,264.60153,2025-12-10 17:00:00
241.0,218.47643,2025-12-10 17:00:00
205.25,209.76364,2025-12-10 17:00:00
199.0,193.2389,2025-12-10 17:00:00
216.0,215.3532,2025-12-10 18:00:00
241.0,251.5814,2025-12-10 18:00:00
218.0,224.64357,2025-12-10 18:00:00
212.25,227.87085,2025-12-10 18:00:00
262.0,270.60486,2025-12-10 18:00:00
240.0,304.9814,2025-12-10 19:00:00
241.0,262.01733,2025-12-10 19:00:00
220.5,232.60547,2025-12-10 19:00:00
227.0,262.59344,2025-12-10 19:00:00
273.0,222.54611,2025-12-10 19:00:00
259.0,282.3037,2025-12-10 20:00:00
242.5,271.59726,2025-12-10 20:00:00
306.0,272.70975,2025-12-10 20:00:00
293.0,337.98755,2025-12-10 20:00:00
316.0,320.42413,2025-12-10 20:00:00
284.0,360.55032,2025-12-10 21:00:00
271.0,293.99274,2025-12-10 21:00:00
437.0,333.92377,2025-12-10 21:00:00
284.25,287.8973,2025-12-10 21:00:00
296.0,310.09943,2025-12-10 21:00:00
323.0,306.68658,2025-12-10 22:00:00
324.0,345.36813,2025-12-10 22:00:00
287.0,330.33725,2025-12-10 22:00:00
322.5,279.86328,2025-12-10 22:00:00
309.0,373.07364,2025-12-10 22:00:00
322.0,329.03903,2025-12-10 23:00:00
284.0,258.0112,2025-12-10 23:00:00
300.0,283.6609,2025-12-10 23:00:00
323.0,337.92706,2025-12-10 23:00:00
299.0,293.30057,2025-12-10 23:00:00
216.5,214.80598,2025-12-11 00:00:00
265.0,254.73517,2025-12-11 00:00:00
315.0,291.47928,2025-12-11 00:00:00
249.0,260.16064,2025-12-11 00:00:00
298.0,287.36887,2025-12-11 00:00:00
289.0,239.92154,2025-12-11 01:00:00
215.75,161.73,2025-12-11 01:00:00
241.0,262.28262,2025-12-11 01:00:00
263.0,232.26965,2025-12-11 01:00:00
206.0,234.4517,2025-12-11 01:00:00
237.0,209.57756,2025-12-11 02:00:00
265.0,238.54422,2025-12-11 02:00:00
186.0,202.27744,2025-12-11 02:00:00
216.75,137.71703,2025-12-11 02:00:00
182.0,216.266,2025-12-11 02:00:00
147.0,227.5888,2025-12-11 03:00:00
199.0,201.09752,2025-12-11 03:00:00
206.5,140.92062,2025-12-11 03:00:00
285.0,240.51622,2025-12-11 03:00:00
211.0,208.45218,2025-12-11 03:00:00
175.0,180.47981,2025-12-11 04:00:00
207.0,247.5333,2025-12-11 04:00:00
174.0,195.81757,2025-12-11 04:00:00
169.0,182.4667,2025-12-11 04:00:00
164.75,143.34108,2025-12-11 04:00:00
194.0,196.49402,2025-12-11 05:00:00
205.0,238.78645,2025-12-11 05:00:00
190.5,149.50154,2025-12-11 05:00:00
280.0,225.74211,2025-12-11 05:00:00
174.0,190.15259,2025-12-11 05:00:00
433.0,338.0921,2025-12-11 06:00:00
295.5,188.01599,2025-12-11 06:00:00
675.0,227.31364,2025-12-11 06:00:00
244.0,273.31146,2025-12-11 06:00:00
261.0,210.79883,2025-12-11 06:00:00
322.0,413.7743,2025-12-11 07:00:00
375.75,219.59451,2025-12-11 07:00:00
428.0,364.71185,2025-12-11 07:00:00
385.0,355.5273,2025-12-11 07:00:00
278.0,231.97859,2025-12-11 07:00:00
425.0,450.2913,2025-12-11 08:00:00
438.0,436.16473,2025-12-11 08:00:00
395.0,479.1264,2025-12-11 08:00:00
389.0,247.38757,2025-12-11 08:00:00
374.0,289.86066,2025-12-11 08:00:00
784.0,477.62045,2025-12-11 09:00:00
437.0,353.9439,2025-12-11 09:00:00
466.0,479.655,2025-12-11 09:00:00
617.0,491.19794,2025-12-11 09:00:00
366.0,335.4536,2025-12-11 09:00:00
633.0,522.5043,2025-12-11 10:00:00
564.0,405.4282,2025-12-11 10:00:00
455.0,486.67154,2025-12-11 10:00:00
346.75,329.41336,2025-12-11 10:00:00
498.0,457.5436,2025-12-11 10:00:00
589.0,439.759,2025-12-11 11:00:00
470.0,445.0677,2025-12-11 11:00:00
436.0,379.87473,2025-12-11 11:00:00
351.3333333333333,301.39072,2025-12-11 11:00:00
743.0,561.6728,2025-12-11 11:00:00
348.0,319.6308,2025-12-11 12:00:00
374.75,296.13528,2025-12-11 12:00:00
460.0,362.3166,2025-12-11 12:00:00
781.0,488.7792,2025-12-11 12:00:00
578.0,366.11682,2025-12-11 12:00:00
898.0,513.6626,2025-12-11 13:00:00
439.0,319.00803,2025-12-11 13:00:00
397.75,254.50249,2025-12-11 13:00:00
575.0,345.623,2025-12-11 13:00:00
316.0,307.73703,2025-12-11 13:00:00
396.25,218.80734,2025-12-11 14:00:00
323.0,280.2277,2025-12-11 14:00:00
961.0,433.40402,2025-12-11 14:00:00
266.0,249.4182,2025-12-11 14:00:00
552.0,303.60617,2025-12-11 14:00:00
428.5,229.14294,2025-12-11 15:00:00
600.0,277.98114,2025-12-11 15:00:00
327.0,280.12537,2025-12-11 15:00:00
874.0,396.7959,2025-12-11 15:00:00
282.0,276.57925,2025-12-11 15:00:00
241.0,257.77567,2025-12-11 16:00:00
589.0,269.15128,2025-12-11 16:00:00
456.5,216.98306,2025-12-11 16:00:00
262.0,227.50575,2025-12-11 16:00:00
762.0,386.00372,2025-12-11 16:00:00
278.0,225.12779,2025-12-11 17:00:00
481.0,251.05692,2025-12-11 17:00:00
461.0,216.0709,2025-12-11 17:00:00
224.0,241.31691,2025-12-11 17:00:00
657.0,352.1004,2025-12-11 17:00:00
405.0,245.94612,2025-12-11 18:00:00
533.0,365.0993,2025-12-11 18:00:00
382.25,228.11743,2025-12-11 18:00:00
273.0,275.62717,2025-12-11 18:00:00
243.0,271.57455,2025-12-11 18:00:00
480.0,358.61917,2025-12-11 19:00:00
246.0,289.63504,2025-12-11 19:00:00
412.0,250.28859,2025-12-11 19:00:00
320.0,252.45287,2025-12-11 19:00:00
290.0,286.83997,2025-12-11 19:00:00
404.0,347.1872,2025-12-11 20:00:00
394.0,313.54425,2025-12-11 20:00:00
328.75,265.5808,2025-12-11 20:00:00
484.0,381.96695,2025-12-11 20:00:00
306.0,323.23727,2025-12-11 20:00:00
405.0,455.56915,2025-12-11 21:00:00
412.0,356.7512,2025-12-11 21:00:00
388.0,346.40402,2025-12-11 21:00:00
312.0,364.1969,2025-12-11 21:00:00
352.75,274.25787,2025-12-11 21:00:00
265.0,338.83902,2025-12-11 22:00:00
365.0,360.42834,2025-12-11 22:00:00
504.0,423.9469,2025-12-11 22:00:00
372.0,361.9232,2025-12-11 22:00:00
345.25,278.00226,2025-12-11 22:00:00
367.0,378.6721,2025-12-11 23:00:00
398.0,346.52618,2025-12-11 23:00:00
277.0,321.35013,2025-12-11 23:00:00
332.0,252.78082,2025-12-11 23:00:00
418.0,349.69092,2025-12-11 23:00:00
343.0,328.12305,2025-12-12 00:00:00
277.0,261.61368,2025-12-12 00:00:00
97.0,201.71753,2025-12-12 00:00:00
514.0,323.6033,2025-12-12 00:00:00
367.0,351.01007,2025-12-12 00:00:00
334.0,230.56708,2025-12-12 01:00:00
280.0,296.21628,2025-12-12 01:00:00
379.0,269.55344,2025-12-12 01:00:00
247.5,197.5881,2025-12-12 01:00:00
265.0,304.9371,2025-12-12 01:00:00
267.0,278.7487,2025-12-12 02:00:00
288.0,339.5673,2025-12-12 02:00:00
274.0,188.9743,2025-12-12 02:00:00
197.0,208.21654,2025-12-12 02:00:00
224.0,213.26562,2025-12-12 02:00:00
308.75,190.10616,2025-12-12 03:00:00
244.0,262.4075,2025-12-12 03:00:00
251.0,316.1774,2025-12-12 03:00:00
205.0,204.14122,2025-12-12 03:00:00
197.0,185.38951,2025-12-12 03:00:00
305.5,162.56706,2025-12-12 04:00:00
300.0,200.52332,2025-12-12 04:00:00
237.0,335.7619,2025-12-12 04:00:00
252.0,249.59354,2025-12-12 04:00:00
252.0,209.5958,2025-12-12 04:00:00
316.0,347.88208,2025-12-12 05:00:00
340.0,177.85747,2025-12-12 05:00:00
274.0,272.04025,2025-12-12 05:00:00
300.0,211.62985,2025-12-12 05:00:00
455.0,294.7135,2025-12-12 05:00:00
403.0,357.62628,2025-12-12 06:00:00
373.0,332.93735,2025-12-12 06:00:00
519.0,526.9644,2025-12-12 06:00:00
459.0,256.33957,2025-12-12 06:00:00
471.0,391.7936,2025-12-12 06:00:00
385.0,385.24823,2025-12-12 07:00:00
534.0,436.0077,2025-12-12 07:00:00
478.0,393.7632,2025-12-12 07:00:00
531.0,291.90323,2025-12-12 07:00:00
451.0,437.11722,2025-12-12 07:00:00
470.0,451.8574,2025-12-12 08:00:00
557.5,312.56348,2025-12-12 08:00:00
451.0,397.8385,2025-12-12 08:00:00
444.0,454.22574,2025-12-12 08:00:00
677.0,501.0302,2025-12-12 08:00:00
464.0,550.9298,2025-12-12 09:00:00
536.0,480.98065,2025-12-12 09:00:00
467.0,540.3496,2025-12-12 09:00:00
635.75,328.42474,2025-12-12 09:00:00
701.0,635.6941,2025-12-12 09:00:00
606.25,327.2235,2025-12-12 10:00:00
715.0,483.71652,2025-12-12 10:00:00
628.0,530.9973,2025-12-12 10:00:00
522.0,495.04037,2025-12-12 10:00:00
996.0,638.68463,2025-12-12 10:00:00
558.0,480.22208,2025-12-12 11:00:00
669.0,459.4533,2025-12-12 11:00:00
627.6666666666666,312.70816,2025-12-12 11:00:00
725.0,663.8455,2025-12-12 11:00:00
720.0,551.4854,2025-12-12 11:00:00
611.0,678.6058,2025-12-12 12:00:00
781.0,515.51825,2025-12-12 12:00:00
608.25,307.37665,2025-12-12 12:00:00
494.0,447.58456,2025-12-12 12:00:00
570.0,356.8214,2025-12-12 12:00:00
503.0,434.34286,2025-12-12 13:00:00
754.0,503.22263,2025-12-12 13:00:00
608.5,380.65543,2025-12-12 13:00:00
604.0,614.028,2025-12-12 13:00:00
453.0,373.6164,2025-12-12 13:00:00
425.0,344.37152,2025-12-12 14:00:00
636.5,352.9023,2025-12-12 14:00:00
647.0,460.70575,2025-12-12 14:00:00
688.0,624.3223,2025-12-12 14:00:00
556.0,349.14883,2025-12-12 14:00:00
719.0,620.85986,2025-12-12 15:00:00
574.0,320.98682,2025-12-12 15:00:00
619.0,420.8928,2025-12-12 15:00:00
395.0,313.66852,2025-12-12 15:00:00
643.0,384.39737,2025-12-12 15:00:00
537.0,267.16675,2025-12-12 16:00:00
322.0,307.87192,2025-12-12 16:00:00
713.0,514.7742,2025-12-12 16:00:00
583.0,445.70752,2025-12-12 16:00:00
623.0,362.0012,2025-12-12 16:00:00
338.0,306.19757,2025-12-12 17:00:00
690.0,444.6447,2025-12-12 17:00:00
575.0,340.29413,2025-12-12 17:00:00
562.0,338.6094,2025-12-12 17:00:00
504.0,277.19232,2025-12-12 17:00:00
552.0,352.60773,2025-12-12 18:00:00
665.0,513.3153,2025-12-12 18:00:00
559.75,350.70355,2025-12-12 18:00:00
383.0,297.15366,2025-12-12 18:00:00
508.0,288.32242,2025-12-12 18:00:00
642.5,327.40555,2025-12-12 19:00:00
494.0,295.18533,2025-12-12 19:00:00
400.0,309.7703,2025-12-12 19:00:00
692.0,521.6782,2025-12-12 19:00:00
554.0,351.1007,2025-12-12 19:00:00
752.0,520.50525,2025-12-12 20:00:00
615.0,421.7496,2025-12-12 20:00:00
459.0,343.07437,2025-12-12 20:00:00
587.0,410.61926,2025-12-12 20:00:00
738.5,345.98688,2025-12-12 20:00:00
770.0,333.3487,2025-12-12 21:00:00
498.0,394.2409,2025-12-12 21:00:00
812.0,479.67648,2025-12-12 21:00:00
668.0,458.18912,2025-12-12 21:00:00
704.0,453.7298,2025-12-12 21:00:00
722.5,316.82697,2025-12-12 22:00:00
930.0,513.1634,2025-12-12 22:00:00
735.0,403.40515,2025-12-12 22:00:00
571.0,424.1746,2025-12-12 22:00:00
621.0,361.73087,2025-12-12 22:00:00
608.0,392.68567,2025-12-12 23:00:00
631.0,368.32474,2025-12-12 23:00:00
609.0,285.91873,2025-12-12 23:00:00
516.0,305.8403,2025-12-12 23:00:00
650.0,328.70578,2025-12-12 23:00:00
515.0,364.06625,2025-12-13 00:00:00
611.5,190.40912,2025-12-13 00:00:00
559.0,394.58987,2025-12-13 00:00:00
454.0,308.79837,2025-12-13 00:00:00
564.0,310.16275,2025-12-13 00:00:00
596.0,293.02835,2025-12-13 01:00:00
555.0,332.1903,2025-12-13 01:00:00
431.0,295.1433,2025-12-13 01:00:00
523.0,315.5921,2025-12-13 01:00:00
531.75,229.98141,2025-12-13 01:00:00
454.0,277.2953,2025-12-13 02:00:00
578.0,348.04297,2025-12-13 02:00:00
429.0,255.00806,2025-12-13 02:00:00
383.5,217.9722,2025-12-13 02:00:00
343.0,285.03485,2025-12-13 02:00:00
310.5,223.30194,2025-12-13 03:00:00
379.0,229.8329,2025-12-13 03:00:00
345.0,263.44556,2025-12-13 03:00:00
591.0,302.01,2025-12-13 03:00:00
481.0,253.97345,2025-12-13 03:00:00
420.0,254.81783,2025-12-13 04:00:00
563.0,295.96716,2025-12-13 04:00:00
494.0,332.6062,2025-12-13 04:00:00
444.25,201.80357,2025-12-13 04:00:00
389.0,273.8533,2025-12-13 04:00:00
572.5,215.00534,2025-12-13 05:00:00
523.0,404.8214,2025-12-13 05:00:00
531.0,318.52295,2025-12-13 05:00:00
423.0,299.66855,2025-12-13 05:00:00
605.0,276.4972,2025-12-13 05:00:00
578.25,322.50845,2025-12-13 06:00:00
523.0,332.45807,2025-12-13 06:00:00
533.0,443.3716,2025-12-13 06:00:00
526.0,473.26727,2025-12-13 06:00:00
602.0,359.88504,2025-12-13 06:00:00
563.0,400.35193,2025-12-13 07:00:00
552.0,610.5954,2025-12-13 07:00:00
566.0,420.3285,2025-12-13 07:00:00
611.0,407.9975,2025-12-13 07:00:00
564.0,538.07794,2025-12-13 07:00:00
763.0,529.0735,2025-12-13 08:00:00
605.0,425.98157,2025-12-13 08:00:00
643.0,619.22437,2025-12-13 08:00:00
603.25,430.21753,2025-12-13 08:00:00
543.0,507.38223,2025-12-13 08:00:00
564.0,497.47906,2025-12-13 09:00:00
727.0,653.23004,2025-12-13 09:00:00
610.25,456.7877,2025-12-13 09:00:00
784.0,537.0931,2025-12-13 09:00:00
594.0,477.48154,2025-12-13 09:00:00
586.0,524.71515,2025-12-13 10:00:00
810.0,609.85956,2025-12-13 10:00:00
627.0,419.92535,2025-12-13 10:00:00
538.0,541.7086,2025-12-13 10:00:00
784.0,691.1115,2025-12-13 10:00:00
522.0,588.48016,2025-12-13 11:00:00
608.0,483.80676,2025-12-13 11:00:00
802.0,685.3366,2025-12-13 11:00:00
638.3333333333334,499.0663,2025-12-13 11:00:00
744.0,580.1827,2025-12-13 11:00:00
498.0,513.5154,2025-12-13 12:00:00
786.0,641.9244,2025-12-13 12:00:00
715.0,583.89056,2025-12-13 12:00:00
680.0,483.27853,2025-12-13 12:00:00
572.0,505.98553,2025-12-13 12:00:00
480.0,506.0951,2025-12-13 13:00:00
626.0,490.0782,2025-12-13 13:00:00
578.0,528.0419,2025-12-13 13:00:00
765.0,650.6339,2025-12-13 13:00:00
722.5,527.9679,2025-12-13 13:00:00
520.0,524.98724,2025-12-13 14:00:00
684.75,532.2461,2025-12-13 14:00:00
526.0,417.66086,2025-12-13 14:00:00
484.0,545.8751,2025-12-13 14:00:00
860.0,663.4527,2025-12-13 14:00:00
847.0,647.7902,2025-12-13 15:00:00
453.0,526.576,2025-12-13 15:00:00
522.0,510.19952,2025-12-13 15:00:00
638.5,492.28336,2025-12-13 15:00:00
467.0,406.6353,2025-12-13 15:00:00
494.0,451.8783,2025-12-13 16:00:00
393.0,370.84067,2025-12-13 16:00:00
868.0,595.16077,2025-12-13 16:00:00
608.0,462.4686,2025-12-13 16:00:00
433.0,481.2965,2025-12-13 16:00:00
429.0,365.8002,2025-12-13 17:00:00
801.0,559.32007,2025-12-13 17:00:00
373.0,312.2469,2025-12-13 17:00:00
573.5,415.66776,2025-12-13 17:00:00
456.0,492.0483,2025-12-13 17:00:00
403.0,393.57904,2025-12-13 18:00:00
564.0,441.8089,2025-12-13 18:00:00
443.0,519.59326,2025-12-13 18:00:00
703.0,588.97034,2025-12-13 18:00:00
379.0,316.71066,2025-12-13 18:00:00
573.0,436.05548,2025-12-13 19:00:00
399.0,343.61734,2025-12-13 19:00:00
425.0,304.36377,2025-12-13 19:00:00
787.0,519.68646,2025-12-13 19:00:00
423.0,490.39447,2025-12-13 19:00:00
401.0,496.83124,2025-12-13 20:00:00
384.0,296.8212,2025-12-13 20:00:00
806.0,545.1243,2025-12-13 20:00:00
480.0,421.45236,2025-12-13 20:00:00
535.75,432.50363,2025-12-13 20:00:00
574.25,447.42676,2025-12-13 21:00:00
887.0,519.61597,2025-12-13 21:00:00
406.0,369.55154,2025-12-13 21:00:00
520.0,510.5264,2025-12-13 21:00:00
445.0,527.28314,2025-12-13 21:00:00
542.0,508.20227,2025-12-13 22:00:00
605.0,446.14798,2025-12-13 22:00:00
838.0,497.74985,2025-12-13 22:00:00
454.0,520.6103,2025-12-13 22:00:00
438.0,440.4197,2025-12-13 22:00:00
465.0,355.4324,2025-12-13 23:00:00
533.0,468.14658,2025-12-13 23:00:00
503.0,410.24893,2025-12-13 23:00:00
467.0,509.31024,2025-12-13 23:00:00
445.0,478.53522,2025-12-13 23:00:00
604.0,468.4173,2025-12-14 00:00:00
603.0,499.67487,2025-12-14 00:00:00
527.0,453.62918,2025-12-14 00:00:00
449.75,384.88928,2025-12-14 00:00:00
442.0,323.1988,2025-12-14 00:00:00
685.0,482.7608,2025-12-14 01:00:00
469.0,311.47745,2025-12-14 01:00:00
496.5,349.92383,2025-12-14 01:00:00
511.0,414.32428,2025-12-14 01:00:00
545.0,491.7043,2025-12-14 01:00:00
461.0,289.2932,2025-12-14 02:00:00
547.75,281.83066,2025-12-14 02:00:00
593.0,354.48206,2025-12-14 02:00:00
599.0,490.07684,2025-12-14 02:00:00
514.0,278.19058,2025-12-14 02:00:00
487.0,252.20734,2025-12-14 03:00:00
526.0,528.328,2025-12-14 03:00:00
570.75,259.19342,2025-12-14 03:00:00
523.0,275.98618,2025-12-14 03:00:00
467.0,312.6441,2025-12-14 03:00:00
509.0,503.88403,2025-12-14 04:00:00
572.25,276.4354,2025-12-14 04:00:00
559.0,343.02258,2025-12-14 04:00:00
447.0,270.24194,2025-12-14 04:00:00
517.0,279.86053,2025-12-14 04:00:00
522.0,320.67673,2025-12-14 05:00:00
531.0,535.03046,2025-12-14 05:00:00
504.0,345.91843,2025-12-14 05:00:00
515.0,396.9207,2025-12-14 05:00:00
630.0,388.36215,2025-12-14 05:00:00
503.25,399.63705,2025-12-14 06:00:00
693.0,443.37375,2025-12-14 06:00:00
676.0,397.01276,2025-12-14 06:00:00
565.0,403.12482,2025-12-14 06:00:00
558.0,604.39594,2025-12-14 06:00:00
617.0,487.53366,2025-12-14 07:00:00
680.0,502.114,2025-12-14 07:00:00
698.0,551.05585,2025-12-14 07:00:00
632.0,605.42426,2025-12-14 07:00:00
545.75,446.43387,2025-12-14 07:00:00
658.0,564.6309,2025-12-14 08:00:00
766.0,553.76154,2025-12-14 08:00:00
715.0,704.63336,2025-12-14 08:00:00
545.75,491.9555,2025-12-14 08:00:00
683.0,501.03912,2025-12-14 08:00:00
585.0,514.32,2025-12-14 09:00:00
703.0,714.00244,2025-12-14 09:00:00
687.0,613.1562,2025-12-14 09:00:00
509.5,498.26276,2025-12-14 09:00:00
571.0,638.5025,2025-12-14 09:00:00
512.0,528.621,2025-12-14 10:00:00
525.0,626.9073,2025-12-14 10:00:00
842.0,613.7437,2025-12-14 10:00:00
620.0,797.4896,2025-12-14 10:00:00
504.5,504.44998,2025-12-14 10:00:00
533.0,449.53574,2025-12-14 11:00:00
527.6666666666666,527.7439,2025-12-14 11:00:00
523.0,484.96072,2025-12-14 11:00:00
583.0,733.1082,2025-12-14 11:00:00
677.0,600.67834,2025-12-14 11:00:00
513.75,506.08197,2025-12-14 12:00:00
544.0,570.31476,2025-12-14 12:00:00
593.0,696.39954,2025-12-14 12:00:00
525.0,491.35623,2025-12-14 12:00:00
538.0,495.46985,2025-12-14 12:00:00
515.0,521.7685,2025-12-14 13:00:00
482.0,608.4032,2025-12-14 13:00:00
593.0,738.3803,2025-12-14 13:00:00
511.0,485.50293,2025-12-14 13:00:00
493.0,560.61273,2025-12-14 13:00:00
514.25,456.36282,2025-12-14 14:00:00
613.0,726.5849,2025-12-14 14:00:00
436.0,654.9488,2025-12-14 14:00:00
509.0,430.84897,2025-12-14 14:00:00
500.0,464.1758,2025-12-14 14:00:00
541.5,495.4613,2025-12-14 15:00:00
626.0,464.6006,2025-12-14 15:00:00
527.0,437.84613,2025-12-14 15:00:00
414.0,590.77423,2025-12-14 15:00:00
670.0,703.48566,2025-12-14 15:00:00
395.0,391.52783,2025-12-14 16:00:00
389.0,533.1803,2025-12-14 16:00:00
716.0,638.85455,2025-12-14 16:00:00
502.0,463.27084,2025-12-14 16:00:00
575.0,471.177,2025-12-14 16:00:00
398.0,448.96173,2025-12-14 17:00:00
658.0,537.73987,2025-12-14 17:00:00
606.0,428.40338,2025-12-14 17:00:00
455.0,435.35953,2025-12-14 17:00:00
283.0,405.71268,2025-12-14 17:00:00
552.0,472.20773,2025-12-14 18:00:00
302.0,416.97015,2025-12-14 18:00:00
250.0,388.56995,2025-12-14 18:00:00
631.0,607.1862,2025-12-14 18:00:00
422.25,468.05212,2025-12-14 18:00:00
252.0,436.33417,2025-12-14 19:00:00
412.0,472.42166,2025-12-14 19:00:00
627.0,573.8874,2025-12-14 19:00:00
255.0,513.53143,2025-12-14 19:00:00
490.0,505.67847,2025-12-14 19:00:00
405.25,464.97052,2025-12-14 20:00:00
284.0,333.22433,2025-12-14 20:00:00
393.0,476.68765,2025-12-14 20:00:00
526.0,544.9851,2025-12-14 20:00:00
320.0,568.67664,2025-12-14 20:00:00
351.0,561.7779,2025-12-14 21:00:00
511.0,506.23035,2025-12-14 21:00:00
312.0,352.36783,2025-12-14 21:00:00
367.5,455.18744,2025-12-14 21:00:00
381.0,495.94305,2025-12-14 21:00:00
353.0,496.55676,2025-12-14 22:00:00
370.0,439.87143,2025-12-14 22:00:00
423.0,458.09433,2025-12-14 22:00:00
272.0,441.54553,2025-12-14 22:00:00
461.0,532.2559,2025-12-14 22:00:00
252.0,426.56345,2025-12-14 23:00:00
428.5,391.07104,2025-12-14 23:00:00
443.0,499.9578,2025-12-14 23:00:00
437.0,468.60815,2025-12-14 23:00:00
443.0,442.43204,2025-12-14 23:00:00
588.0,558.02734,2025-12-15 00:00:00
422.0,439.34082,2025-12-15 00:00:00
428.0,379.87418,2025-12-15 00:00:00
475.0,609.485,2025-12-15 00:00:00
271.0,440.44418,2025-12-15 00:00:00
350.0,489.58234,2025-12-15 01:00:00
364.25,400.26813,2025-12-15 01:00:00
377.0,612.6593,2025-12-15 01:00:00
392.0,384.9379,2025-12-15 01:00:00
301.0,432.8895,2025-12-15 01:00:00
288.5,446.84827,2025-12-15 02:00:00
273.0,607.76434,2025-12-15 02:00:00
321.0,448.50003,2025-12-15 02:00:00
332.0,378.4668,2025-12-15 02:00:00
362.0,357.52863,2025-12-15 02:00:00
250.0,420.83344,2025-12-15 03:00:00
254.75,445.84177,2025-12-15 03:00:00
338.0,427.1589,2025-12-15 03:00:00
306.0,415.251,2025-12-15 03:00:00
108.0,548.1234,2025-12-15 03:00:00
295.0,452.29376,2025-12-15 04:00:00
310.0,391.72382,2025-12-15 04:00:00
361.0,560.1455,2025-12-15 04:00:00
260.0,470.7631,2025-12-15 04:00:00
254.0,459.0529,2025-12-15 04:00:00
365.0,547.3623,2025-12-15 05:00:00
315.0,480.06833,2025-12-15 05:00:00
299.0,418.29523,2025-12-15 05:00:00
329.75,416.45114,2025-12-15 05:00:00
279.0,564.36566,2025-12-15 05:00:00
338.0,486.69855,2025-12-15 06:00:00
355.75,461.56763,2025-12-15 06:00:00
356.0,622.4591,2025-12-15 06:00:00
331.0,514.3889,2025-12-15 06:00:00
411.0,629.4427,2025-12-15 06:00:00
464.0,581.73865,2025-12-15 07:00:00
401.0,631.9832,2025-12-15 07:00:00
362.0,525.1199,2025-12-15 07:00:00
464.0,499.79562,2025-12-15 07:00:00
355.0,459.8049,2025-12-15 07:00:00
384.75,484.29486,2025-12-15 08:00:00
456.0,671.88446,2025-12-15 08:00:00
486.0,619.68256,2025-12-15 08:00:00
445.0,582.8304,2025-12-15 08:00:00
437.0,570.13513,2025-12-15 08:00:00
478.0,600.74457,2025-12-15 09:00:00
500.0,711.92804,2025-12-15 09:00:00
437.0,628.54816,2025-12-15 09:00:00
429.0,559.7257,2025-12-15 09:00:00
427.0,478.0885,2025-12-15 09:00:00
470.0,569.6294,2025-12-15 10:00:00
398.0,600.2306,2025-12-15 10:00:00
368.0,606.13165,2025-12-15 10:00:00
475.75,444.46283,2025-12-15 10:00:00
530.0,680.1738,2025-12-15 10:00:00
494.0,446.34464,2025-12-15 11:00:00
420.0,555.47943,2025-12-15 11:00:00
367.0,556.95483,2025-12-15 11:00:00
329.0,586.7204,2025-12-15 11:00:00
522.0,652.20026,2025-12-15 11:00:00
366.0,479.3633,2025-12-15 12:00:00
342.0,523.2008,2025-12-15 12:00:00
312.0,484.42218,2025-12-15 12:00:00
412.5,424.03088,2025-12-15 12:00:00
411.0,679.335,2025-12-15 12:00:00
357.0,608.78546,2025-12-15 13:00:00
290.0,479.7721,2025-12-15 13:00:00
283.75,413.46762,2025-12-15 13:00:00
316.0,473.5994,2025-12-15 13:00:00
306.0,459.1723,2025-12-15 13:00:00
376.0,610.447,2025-12-15 14:00:00
262.0,384.95956,2025-12-15 14:00:00
289.0,442.4031,2025-12-15 14:00:00
268.0,437.5666,2025-12-15 14:00:00
279.0,416.51025,2025-12-15 14:00:00
306.0,619.45654,2025-12-15 15:00:00
268.0,375.41983,2025-12-15 15:00:00
257.0,439.50928,2025-12-15 15:00:00
282.0,391.8717,2025-12-15 15:00:00
275.25,389.09366,2025-12-15 15:00:00
263.0,363.6915,2025-12-15 16:00:00
272.0,547.1575,2025-12-15 16:00:00
232.0,366.4498,2025-12-15 16:00:00
268.5,358.60675,2025-12-15 16:00:00
254.0,406.87448,2025-12-15 16:00:00
310.0,443.67722,2025-12-15 17:00:00
265.0,525.55945,2025-12-15 17:00:00
279.25,372.68027,2025-12-15 17:00:00
256.0,391.0032,2025-12-15 17:00:00
243.0,323.9179,2025-12-15 17:00:00
329.0,441.05856,2025-12-15 18:00:00
266.0,334.21463,2025-12-15 18:00:00
291.0,557.45483,2025-12-15 18:00:00
308.5,370.34705,2025-12-15 18:00:00
241.0,339.3033,2025-12-15 18:00:00
273.0,343.04376,2025-12-15 19:00:00
239.0,309.29303,2025-12-15 19:00:00
338.25,336.56668,2025-12-15 19:00:00
326.0,390.14566,2025-12-15 19:00:00
309.0,498.04968,2025-12-15 19:00:00
296.0,356.9999,2025-12-15 20:00:00
381.75,335.1899,2025-12-15 20:00:00
483.0,422.99686,2025-12-15 20:00:00
351.0,407.56583,2025-12-15 20:00:00
274.0,324.29514,2025-12-15 20:00:00
460.0,455.5453,2025-12-15 21:00:00
290.0,341.28867,2025-12-15 21:00:00
307.0,370.92093,2025-12-15 21:00:00
354.0,404.219,2025-12-15 21:00:00
383.0,318.89136,2025-12-15 21:00:00
333.0,349.74066,2025-12-15 22:00:00
327.0,297.811,2025-12-15 22:00:00
366.0,410.91064,2025-12-15 22:00:00
841.0,438.29053,2025-12-15 22:00:00
319.75,294.88684,2025-12-15 22:00:00
231.5,314.2722,2025-12-15 23:00:00
305.0,462.14536,2025-12-15 23:00:00
304.0,413.19672,2025-12-15 23:00:00
321.0,295.30847,2025-12-15 23:00:00
323.0,393.16083,2025-12-15 23:00:00
222.0,344.6857,2025-12-16 00:00:00
299.0,293.26657,2025-12-16 00:00:00
261.0,382.90845,2025-12-16 00:00:00
210.0,284.88364,2025-12-16 00:00:00
274.0,391.66415,2025-12-16 00:00:00
268.0,270.96423,2025-12-16 01:00:00
244.0,352.2852,2025-12-16 01:00:00
192.25,251.82239,2025-12-16 01:00:00
239.0,323.9583,2025-12-16 01:00:00
237.0,292.1071,2025-12-16 01:00:00
199.0,334.73795,2025-12-16 02:00:00
218.0,297.65717,2025-12-16 02:00:00
173.5,235.85422,2025-12-16 02:00:00
243.0,294.2167,2025-12-16 02:00:00
186.0,293.2656,2025-12-16 02:00:00
184.0,272.5373,2025-12-16 03:00:00
194.0,280.96167,2025-12-16 03:00:00
190.0,275.75598,2025-12-16 03:00:00
212.0,263.992,2025-12-16 03:00:00
183.0,241.09512,2025-12-16 03:00:00
233.0,253.42496,2025-12-16 04:00:00
202.0,269.38443,2025-12-16 04:00:00
175.25,242.82631,2025-12-16 04:00:00
138.0,274.61246,2025-12-16 04:00:00
199.0,318.31046,2025-12-16 04:00:00
260.0,278.3713,2025-12-16 05:00:00
191.0,238.67014,2025-12-16 05:00:00
144.0,339.14777,2025-12-16 05:00:00
191.0,264.43668,2025-12-16 05:00:00
173.0,271.6734,2025-12-16 05:00:00
265.0,291.4776,2025-12-16 06:00:00
230.0,403.611,2025-12-16 06:00:00
243.0,298.48804,2025-12-16 06:00:00
261.0,269.16205,2025-12-16 06:00:00
250.0,280.96243,2025-12-16 06:00:00
322.5,311.97522,2025-12-16 07:00:00
322.0,469.3216,2025-12-16 07:00:00
261.0,329.95444,2025-12-16 07:00:00
277.0,388.9122,2025-12-16 07:00:00
298.0,340.5222,2025-12-16 07:00:00
244.0,382.95175,2025-12-16 08:00:00
355.0,414.54565,2025-12-16 08:00:00
384.0,511.38327,2025-12-16 08:00:00
358.0,332.1786,2025-12-16 08:00:00
310.0,423.20197,2025-12-16 08:00:00
376.0,409.2965,2025-12-16 09:00:00
378.5,334.73676,2025-12-16 09:00:00
268.0,379.79364,2025-12-16 09:00:00
420.0,509.3729,2025-12-16 09:00:00
361.0,422.4653,2025-12-16 09:00:00
385.5,349.27826,2025-12-16 10:00:00
311.0,361.3112,2025-12-16 10:00:00
477.0,574.452,2025-12-16 10:00:00
343.0,439.02618,2025-12-16 10:00:00
383.0,422.67633,2025-12-16 10:00:00
335.0,421.5115,2025-12-16 11:00:00
360.0,378.39233,2025-12-16 11:00:00
433.0,522.5322,2025-12-16 11:00:00
353.6666666666667,338.84048,2025-12-16 11:00:00
306.0,315.28934,2025-12-16 11:00:00
289.0,390.88693,2025-12-16 12:00:00
328.75,306.77313,2025-12-16 12:00:00
360.0,480.71014,2025-12-16 12:00:00
331.0,361.61935,2025-12-16 12:00:00
293.0,321.69217,2025-12-16 12:00:00
301.25,302.60513,2025-12-16 13:00:00
301.0,368.62433,2025-12-16 13:00:00
274.0,346.78873,2025-12-16 13:00:00
315.0,488.21164,2025-12-16 13:00:00
276.0,376.52368,2025-12-16 13:00:00
271.0,350.1109,2025-12-16 14:00:00
285.25,276.5939,2025-12-16 14:00:00
280.0,452.12454,2025-12-16 14:00:00
259.0,328.3956,2025-12-16 14:00:00
250.0,343.41724,2025-12-16 14:00:00
237.0,304.10486,2025-12-16 15:00:00
282.0,357.70004,2025-12-16 15:00:00
235.0,428.36386,2025-12-16 15:00:00
291.25,272.90704,2025-12-16 15:00:00
234.0,309.2015,2025-12-16 15:00:00
237.0,314.85425,2025-12-16 16:00:00
296.0,319.48462,2025-12-16 16:00:00
251.0,370.1718,2025-12-16 16:00:00
300.75,260.3485,2025-12-16 16:00:00
195.0,289.48703,2025-12-16 16:00:00
213.0,285.11652,2025-12-16 17:00:00
291.5,219.38501,2025-12-16 17:00:00
239.0,269.93173,2025-12-16 17:00:00
290.0,291.42444,2025-12-16 17:00:00
290.0,319.75177,2025-12-16 17:00:00
295.5,249.40486,2025-12-16 18:00:00
284.0,327.4591,2025-12-16 18:00:00
235.0,286.52124,2025-12-16 18:00:00
282.0,345.8647,2025-12-16 18:00:00
226.0,283.94977,2025-12-16 18:00:00
308.25,312.25946,2025-12-16 19:00:00
302.0,367.02084,2025-12-16 19:00:00
249.0,303.84644,2025-12-16 19:00:00
266.0,332.32663,2025-12-16 19:00:00
221.0,302.1994,2025-12-16 19:00:00
404.0,402.62878,2025-12-16 20:00:00
267.0,370.63702,2025-12-16 20:00:00
333.5,322.18927,2025-12-16 20:00:00
266.0,303.64062,2025-12-16 20:00:00
257.0,322.21808,2025-12-16 20:00:00
353.75,308.03915,2025-12-16 21:00:00
355.0,382.4533,2025-12-16 21:00:00
355.0,331.1249,2025-12-16 21:00:00
259.0,352.09348,2025-12-16 21:00:00
280.0,365.97333,2025-12-16 21:00:00
271.0,351.87793,2025-12-16 22:00:00
604.0,437.64755,2025-12-16 22:00:00
353.5,295.28668,2025-12-16 22:00:00
263.0,347.5903,2025-12-16 22:00:00
259.0,347.19363,2025-12-16 22:00:00
261.0,345.83072,2025-12-16 23:00:00
305.0,347.6007,2025-12-16 23:00:00
268.0,330.40695,2025-12-16 23:00:00
411.0,344.14526,2025-12-16 23:00:00
328.0,247.96588,2025-12-16 23:00:00
246.0,299.46597,2025-12-17 00:00:00
336.0,220.08719,2025-12-17 00:00:00
252.0,278.14578,2025-12-17 00:00:00
301.0,327.16403,2025-12-17 00:00:00
323.0,293.6283,2025-12-17 00:00:00
255.0,270.18848,2025-12-17 01:00:00
250.0,278.28473,2025-12-17 01:00:00
266.0,252.00685,2025-12-17 01:00:00
286.75,198.52812,2025-12-17 01:00:00
213.0,279.2353,2025-12-17 01:00:00
210.5,191.77034,2025-12-17 02:00:00
213.0,249.40515,2025-12-17 02:00:00
259.0,270.9749,2025-12-17 02:00:00
205.0,218.88864,2025-12-17 02:00:00
195.0,243.74281,2025-12-17 02:00:00
182.0,226.01898,2025-12-17 03:00:00
184.0,242.98257,2025-12-17 03:00:00
250.5,198.20412,2025-12-17 03:00:00
218.0,225.04105,2025-12-17 03:00:00
346.0,257.21155,2025-12-17 03:00:00
543.0,263.4265,2025-12-17 04:00:00
218.75,183.13072,2025-12-17 04:00:00
234.0,207.79321,2025-12-17 04:00:00
269.0,250.75479,2025-12-17 04:00:00
186.0,219.87856,2025-12-17 04:00:00
222.0,253.55759,2025-12-17 05:00:00
202.0,202.80266,2025-12-17 05:00:00
207.0,241.683,2025-12-17 05:00:00
965.0,245.67874,2025-12-17 05:00:00
258.5,191.15556,2025-12-17 05:00:00
273.25,217.21075,2025-12-17 06:00:00
383.0,260.0707,2025-12-17 06:00:00
213.0,267.8025,2025-12-17 06:00:00
224.0,270.87372,2025-12-17 06:00:00
232.0,232.736,2025-12-17 06:00:00
335.0,310.40106,2025-12-17 07:00:00
512.0,401.70956,2025-12-17 07:00:00
315.0,325.34134,2025-12-17 07:00:00
298.5,273.6467,2025-12-17 07:00:00
256.0,305.55017,2025-12-17 07:00:00
394.75,301.26758,2025-12-17 08:00:00
603.0,454.20538,2025-12-17 08:00:00
304.0,370.74466,2025-12-17 08:00:00
255.0,310.43573,2025-12-17 08:00:00
305.0,339.26358,2025-12-17 08:00:00
407.0,368.11673,2025-12-17 09:00:00
711.0,501.47125,2025-12-17 09:00:00
455.0,386.3755,2025-12-17 09:00:00
486.5,314.39145,2025-12-17 09:00:00
310.0,411.75735,2025-12-17 09:00:00
300.0,410.98688,2025-12-17 10:00:00
559.25,329.84073,2025-12-17 10:00:00
660.0,496.18442,2025-12-17 10:00:00
578.0,361.01126,2025-12-17 10:00:00
563.0,361.32303,2025-12-17 10:00:00
544.3333333333334,302.39413,2025-12-17 11:00:00
324.0,402.64853,2025-12-17 11:00:00
735.0,379.56622,2025-12-17 11:00:00
521.0,396.36554,2025-12-17 11:00:00
577.0,459.08624,2025-12-17 11:00:00
431.0,364.80795,2025-12-17 12:00:00
559.0,429.7393,2025-12-17 12:00:00
476.6666666666667,304.6451,2025-12-17 12:00:00
697.0,379.42178,2025-12-17 12:00:00
291.0,368.9922,2025-12-17 12:00:00
461.25,294.77585,2025-12-17 13:00:00
500.0,362.4333,2025-12-17 13:00:00
450.0,362.9788,2025-12-17 13:00:00
599.0,374.32144,2025-12-17 13:00:00
633.0,462.45813,2025-12-17 13:00:00
420.0,310.21188,2025-12-17 14:00:00
572.0,352.2575,2025-12-17 14:00:00
464.0,290.7624,2025-12-17 14:00:00
497.0,295.86044,2025-12-17 14:00:00
620.0,427.1073,2025-12-17 14:00:00
652.0,390.42816,2025-12-17 15:00:00
460.0,275.59326,2025-12-17 15:00:00
400.0,276.49353,2025-12-17 15:00:00
555.0,335.14075,2025-12-17 15:00:00
540.75,296.94443,2025-12-17 15:00:00
526.0,347.0055,2025-12-17 16:00:00
541.0,390.36472,2025-12-17 16:00:00
574.75,298.4123,2025-12-17 16:00:00
340.0,262.1114,2025-12-17 16:00:00
447.0,299.36502,2025-12-17 16:00:00
346.0,257.49478,2025-12-17 17:00:00
517.0,311.17252,2025-12-17 17:00:00
641.0,410.5436,2025-12-17 17:00:00
429.5,295.31412,2025-12-17 17:00:00
437.0,281.4319,2025-12-17 17:00:00
410.0,335.08115,2025-12-17 18:00:00
423.0,384.40594,2025-12-17 18:00:00
321.75,267.91934,2025-12-17 18:00:00
511.0,294.57114,2025-12-17 18:00:00
412.0,267.93604,2025-12-17 18:00:00
329.0,321.79095,2025-12-17 19:00:00
276.25,274.2436,2025-12-17 19:00:00
458.0,306.286,2025-12-17 19:00:00
481.0,288.47748,2025-12-17 19:00:00
385.0,410.99637,2025-12-17 19:00:00
283.0,340.4448,2025-12-17 20:00:00
281.5,310.9024,2025-12-17 20:00:00
428.0,427.55075,2025-12-17 20:00:00
399.0,331.10974,2025-12-17 20:00:00
412.0,337.77563,2025-12-17 20:00:00
376.0,354.84073,2025-12-17 21:00:00
287.0,364.155,2025-12-17 21:00:00
292.75,337.3771,2025-12-17 21:00:00
426.0,404.49652,2025-12-17 21:00:00
365.0,404.1022,2025-12-17 21:00:00
283.0,379.92795,2025-12-17 22:00:00
301.75,333.95706,2025-12-17 22:00:00
337.0,421.04886,2025-12-17 22:00:00
453.0,521.9549,2025-12-17 22:00:00
439.0,365.2159,2025-12-17 22:00:00
428.0,411.52094,2025-12-17 23:00:00
364.0,424.41165,2025-12-17 23:00:00
297.0,316.94427,2025-12-17 23:00:00
334.0,382.20938,2025-12-17 23:00:00
467.0,339.64777,2025-12-17 23:00:00
336.75,277.9369,2025-12-18 00:00:00
370.0,393.8431,2025-12-18 00:00:00
473.0,250.8839,2025-12-18 00:00:00
449.0,369.43665,2025-12-18 00:00:00
376.0,352.20544,2025-12-18 00:00:00
385.0,347.5074,2025-12-18 01:00:00
442.0,313.4621,2025-12-18 01:00:00
388.0,376.89407,2025-12-18 01:00:00
350.5,249.57494,2025-12-18 01:00:00
443.0,282.78986,2025-12-18 01:00:00
433.0,262.86075,2025-12-18 02:00:00
545.0,316.00928,2025-12-18 02:00:00
381.0,338.17133,2025-12-18 02:00:00
350.0,206.63834,2025-12-18 02:00:00
395.0,284.37045,2025-12-18 02:00:00
442.0,279.43845,2025-12-18 03:00:00
453.0,321.8907,2025-12-18 03:00:00
364.0,232.14952,2025-12-18 03:00:00
388.0,265.18402,2025-12-18 03:00:00
427.0,255.80602,2025-12-18 03:00:00
440.0,244.9018,2025-12-18 04:00:00
383.25,243.1778,2025-12-18 04:00:00
516.0,378.84503,2025-12-18 04:00:00
420.0,274.14056,2025-12-18 04:00:00
473.0,279.18774,2025-12-18 04:00:00
500.0,281.0643,2025-12-18 05:00:00
428.0,295.70544,2025-12-18 05:00:00
388.25,235.04117,2025-12-18 05:00:00
415.0,436.48538,2025-12-18 05:00:00
444.0,261.46045,2025-12-18 05:00:00
385.75,246.04317,2025-12-18 06:00:00
412.0,285.76544,2025-12-18 06:00:00
427.0,399.04523,2025-12-18 06:00:00
444.0,320.8392,2025-12-18 06:00:00
482.0,278.63547,2025-12-18 06:00:00
427.0,318.4884,2025-12-18 07:00:00
447.0,456.21536,2025-12-18 07:00:00
417.0,292.84247,2025-12-18 07:00:00
505.0,547.6278,2025-12-18 07:00:00
492.0,386.4683,2025-12-18 07:00:00
434.0,382.0594,2025-12-18 08:00:00
521.0,437.26617,2025-12-18 08:00:00
455.0,486.2676,2025-12-18 08:00:00
567.0,643.8567,2025-12-18 08:00:00
414.25,363.33496,2025-12-18 08:00:00
413.0,436.42337,2025-12-18 09:00:00
680.0,522.27,2025-12-18 09:00:00
440.0,521.3277,2025-12-18 09:00:00
643.0,660.4588,2025-12-18 09:00:00
520.0,505.44092,2025-12-18 09:00:00
426.5,403.87372,2025-12-18 10:00:00
531.0,468.28067,2025-12-18 10:00:00
686.0,683.5813,2025-12-18 10:00:00
432.0,550.7305,2025-12-18 10:00:00
804.0,555.56934,2025-12-18 10:00:00
447.0,530.5419,2025-12-18 11:00:00
441.6666666666667,340.79337,2025-12-18 11:00:00
669.0,649.7764,2025-12-18 11:00:00
554.0,534.62463,2025-12-18 11:00:00
521.0,480.2162,2025-12-18 11:00:00
486.0,431.15048,2025-12-18 12:00:00
508.0,452.28214,2025-12-18 12:00:00
472.0,444.1345,2025-12-18 12:00:00
453.75,323.1208,2025-12-18 12:00:00
709.0,575.6431,2025-12-18 12:00:00
465.75,313.3269,2025-12-18 13:00:00
467.0,421.70016,2025-12-18 13:00:00
564.0,620.8874,2025-12-18 13:00:00
443.0,457.6198,2025-12-18 13:00:00
498.0,457.49057,2025-12-18 13:00:00
477.0,374.08878,2025-12-18 14:00:00
396.0,418.26996,2025-12-18 14:00:00
471.0,599.4787,2025-12-18 14:00:00
427.0,396.88956,2025-12-18 14:00:00
439.75,320.02206,2025-12-18 14:00:00
437.0,355.4327,2025-12-18 15:00:00
418.0,303.33463,2025-12-18 15:00:00
370.0,398.0299,2025-12-18 15:00:00
353.0,354.65817,2025-12-18 15:00:00
392.0,605.4639,2025-12-18 15:00:00
279.0,335.20392,2025-12-18 16:00:00
398.0,516.3066,2025-12-18 16:00:00
272.0,356.36362,2025-12-18 16:00:00
373.75,280.8925,2025-12-18 16:00:00
202.0,362.53674,2025-12-18 16:00:00
342.0,466.97873,2025-12-18 17:00:00
279.0,347.9868,2025-12-18 17:00:00
212.0,368.91455,2025-12-18 17:00:00
158.0,377.90598,2025-12-18 17:00:00
310.5,294.54785,2025-12-18 17:00:00
297.25,262.473,2025-12-18 18:00:00
274.0,356.757,2025-12-18 18:00:00
157.0,358.12567,2025-12-18 18:00:00
289.0,482.53995,2025-12-18 18:00:00
169.0,343.44232,2025-12-18 18:00:00
177.0,388.393,2025-12-18 19:00:00
309.75,247.91774,2025-12-18 19:00:00
251.0,418.0393,2025-12-18 19:00:00
217.0,338.0186,2025-12-18 19:00:00
162.0,368.45782,2025-12-18 19:00:00
200.0,414.1633,2025-12-18 20:00:00
189.0,367.4482,2025-12-18 20:00:00
229.0,361.43796,2025-12-18 20:00:00
320.0,429.23355,2025-12-18 20:00:00
311.75,259.77078,2025-12-18 20:00:00
354.0,407.30817,2025-12-18 21:00:00
241.0,412.52814,2025-12-18 21:00:00
330.5,254.4245,2025-12-18 21:00:00
221.0,373.277,2025-12-18 21:00:00
304.0,378.2723,2025-12-18 21:00:00
456.0,426.41776,2025-12-18 22:00:00
310.0,357.08713,2025-12-18 22:00:00
267.0,397.7793,2025-12-18 22:00:00
401.25,257.9406,2025-12-18 22:00:00
204.0,407.4343,2025-12-18 22:00:00
426.25,275.698,2025-12-18 23:00:00
381.0,427.47272,2025-12-18 23:00:00
333.0,348.1092,2025-12-18 23:00:00
276.0,377.84424,2025-12-18 23:00:00
204.0,402.85767,2025-12-18 23:00:00
204.0,381.68445,2025-12-19 00:00:00
323.0,351.49017,2025-12-19 00:00:00
443.25,257.76694,2025-12-19 00:00:00
250.0,362.13995,2025-12-19 00:00:00
364.0,421.24664,2025-12-19 00:00:00
399.0,404.85352,2025-12-19 01:00:00
451.0,230.23924,2025-12-19 01:00:00
691.0,308.48407,2025-12-19 01:00:00
287.0,321.11414,2025-12-19 01:00:00
235.0,335.6739,2025-12-19 01:00:00
295.0,273.91263,2025-12-19 02:00:00
262.0,315.09732,2025-12-19 02:00:00
407.0,295.57947,2025-12-19 02:00:00
443.75,213.73758,2025-12-19 02:00:00
417.0,399.80508,2025-12-19 02:00:00
388.0,308.92905,2025-12-19 03:00:00
280.0,279.37823,2025-12-19 03:00:00
298.0,352.3284,2025-12-19 03:00:00
376.25,211.2722,2025-12-19 03:00:00
309.0,277.9376,2025-12-19 03:00:00
276.0,320.3296,2025-12-19 04:00:00
262.5,223.90686,2025-12-19 04:00:00
320.0,379.43735,2025-12-19 04:00:00
304.0,309.41736,2025-12-19 04:00:00
315.0,322.23032,2025-12-19 04:00:00
246.0,367.06674,2025-12-19 05:00:00
276.0,331.72165,2025-12-19 05:00:00
263.0,394.368,2025-12-19 05:00:00
324.0,336.88342,2025-12-19 05:00:00
329.0,243.39175,2025-12-19 05:00:00
254.0,345.91464,2025-12-19 06:00:00
335.0,428.93973,2025-12-19 06:00:00
296.0,453.11346,2025-12-19 06:00:00
295.0,400.75174,2025-12-19 06:00:00
415.5,255.43626,2025-12-19 06:00:00
398.0,464.83673,2025-12-19 07:00:00
361.0,501.78485,2025-12-19 07:00:00
460.0,472.00565,2025-12-19 07:00:00
355.0,422.78085,2025-12-19 07:00:00
390.25,333.35373,2025-12-19 07:00:00
374.0,423.82565,2025-12-19 08:00:00
442.0,479.2368,2025-12-19 08:00:00
423.5,381.68527,2025-12-19 08:00:00
444.0,466.23657,2025-12-19 08:00:00
620.0,501.9812,2025-12-19 08:00:00
508.0,468.2465,2025-12-19 09:00:00
448.75,400.84467,2025-12-19 09:00:00
699.0,521.55804,2025-12-19 09:00:00
439.0,433.5228,2025-12-19 09:00:00
609.0,579.62604,2025-12-19 09:00:00
705.0,553.0145,2025-12-19 10:00:00
577.0,524.65,2025-12-19 10:00:00
508.0,441.93542,2025-12-19 10:00:00
782.0,514.34485,2025-12-19 10:00:00
458.0,507.7814,2025-12-19 10:00:00
439.6666666666667,448.80783,2025-12-19 11:00:00
621.0,435.7992,2025-12-19 11:00:00
859.0,524.2594,2025-12-19 11:00:00
522.0,451.66394,2025-12-19 11:00:00
510.0,492.61517,2025-12-19 11:00:00
780.0,498.88437,2025-12-19 12:00:00
488.0,436.81534,2025-12-19 12:00:00
577.0,387.51263,2025-12-19 12:00:00
471.0,424.55505,2025-12-19 12:00:00
549.0,422.42755,2025-12-19 12:00:00
468.75,391.56885,2025-12-19 13:00:00
447.0,375.31323,2025-12-19 13:00:00
674.0,434.57632,2025-12-19 13:00:00
475.0,402.20938,2025-12-19 13:00:00
777.0,477.566,2025-12-19 13:00:00
488.75,409.45575,2025-12-19 14:00:00
387.0,387.74817,2025-12-19 14:00:00
868.0,440.02383,2025-12-19 14:00:00
719.0,390.3075,2025-12-19 14:00:00
401.0,352.90872,2025-12-19 14:00:00
774.0,421.00134,2025-12-19 15:00:00
342.0,374.66812,2025-12-19 15:00:00
642.0,395.61407,2025-12-19 15:00:00
389.0,338.9581,2025-12-19 15:00:00
482.25,376.65253,2025-12-19 15:00:00
708.0,400.5025,2025-12-19 16:00:00
279.0,308.59158,2025-12-19 16:00:00
472.5,324.80222,2025-12-19 16:00:00
523.0,369.08035,2025-12-19 16:00:00
431.0,278.67142,2025-12-19 16:00:00
476.75,305.83203,2025-12-19 17:00:00
251.0,303.26547,2025-12-19 17:00:00
654.0,354.35245,2025-12-19 17:00:00
367.0,319.68918,2025-12-19 17:00:00
516.0,261.94427,2025-12-19 17:00:00
676.0,374.54608,2025-12-19 18:00:00
511.5,296.3739,2025-12-19 18:00:00
326.0,361.31982,2025-12-19 18:00:00
279.0,263.838,2025-12-19 18:00:00
508.0,258.3353,2025-12-19 18:00:00
663.0,373.45328,2025-12-19 19:00:00
335.0,260.1345,2025-12-19 19:00:00
501.0,258.54144,2025-12-19 19:00:00
355.0,299.25354,2025-12-19 19:00:00
486.25,297.69778,2025-12-19 19:00:00
410.0,301.53452,2025-12-19 20:00:00
427.75,305.24585,2025-12-19 20:00:00
411.0,331.54144,2025-12-19 20:00:00
395.0,399.0764,2025-12-19 20:00:00
401.0,284.96936,2025-12-19 20:00:00
512.5,326.25818,2025-12-19 21:00:00
405.0,300.3037,2025-12-19 21:00:00
570.0,364.76642,2025-12-19 21:00:00
338.0,422.3177,2025-12-19 21:00:00
390.0,309.58566,2025-12-19 21:00:00
522.75,365.87955,2025-12-19 22:00:00
400.0,451.4145,2025-12-19 22:00:00
542.0,389.59158,2025-12-19 22:00:00
321.0,356.73672,2025-12-19 22:00:00
471.0,318.16312,2025-12-19 22:00:00
349.0,333.5748,2025-12-19 23:00:00
252.0,363.2548,2025-12-19 23:00:00
522.75,352.35056,2025-12-19 23:00:00
309.0,413.47403,2025-12-19 23:00:00
523.0,388.15894,2025-12-19 23:00:00
92.33333333333331,355.7712,2025-12-20 00:00:00
304.0,350.49115,2025-12-20 00:00:00
368.0,394.79495,2025-12-20 00:00:00
222.0,360.1723,2025-12-20 00:00:00
294.0,465.90497,2025-12-20 00:00:00
237.0,322.16306,2025-12-20 01:00:00
256.25,300.00522,2025-12-20 01:00:00
295.0,393.12372,2025-12-20 01:00:00
316.0,439.1777,2025-12-20 01:00:00
280.0,318.91086,2025-12-20 01:00:00
294.0,379.9118,2025-12-20 02:00:00
373.0,402.87064,2025-12-20 02:00:00
304.0,325.9394,2025-12-20 02:00:00
290.0,332.34525,2025-12-20 02:00:00
278.75,270.69907,2025-12-20 02:00:00
323.25,258.92892,2025-12-20 03:00:00
315.0,308.32394,2025-12-20 03:00:00
431.0,352.00333,2025-12-20 03:00:00
346.0,367.43878,2025-12-20 03:00:00
332.0,335.03275,2025-12-20 03:00:00
355.0,321.79593,2025-12-20 04:00:00
352.75,262.2712,2025-12-20 04:00:00
373.0,267.56512,2025-12-20 04:00:00
349.0,347.06082,2025-12-20 04:00:00
451.0,362.33063,2025-12-20 04:00:00
350.0,371.52283,2025-12-20 05:00:00
401.0,360.92865,2025-12-20 05:00:00
484.0,342.8677,2025-12-20 05:00:00
383.0,331.46063,2025-12-20 05:00:00
368.25,309.25043,2025-12-20 05:00:00
385.5,381.2796,2025-12-20 06:00:00
406.0,358.03275,2025-12-20 06:00:00
478.0,459.00186,2025-12-20 06:00:00
422.0,400.74155,2025-12-20 06:00:00
374.0,489.5306,2025-12-20 06:00:00
520.0,535.34076,2025-12-20 07:00:00
409.5,480.06158,2025-12-20 07:00:00
448.0,546.08997,2025-12-20 07:00:00
417.0,419.82385,2025-12-20 07:00:00
445.0,425.8051,2025-12-20 07:00:00
422.0,417.8826,2025-12-20 08:00:00
537.0,595.0138,2025-12-20 08:00:00
442.75,463.80588,2025-12-20 08:00:00
440.0,574.2635,2025-12-20 08:00:00
418.0,497.12286,2025-12-20 08:00:00
443.0,614.5482,2025-12-20 09:00:00
516.75,486.52814,2025-12-20 09:00:00
456.0,494.41476,2025-12-20 09:00:00
393.0,688.41284,2025-12-20 09:00:00
390.0,537.99005,2025-12-20 09:00:00
494.0,671.3909,2025-12-20 10:00:00
506.0,541.8464,2025-12-20 10:00:00
377.0,600.9827,2025-12-20 10:00:00
548.5,466.5479,2025-12-20 10:00:00
332.0,586.9233,2025-12-20 10:00:00
517.0,655.60895,2025-12-20 11:00:00
339.0,472.9295,2025-12-20 11:00:00
350.0,461.08673,2025-12-20 11:00:00
489.0,506.9767,2025-12-20 11:00:00
549.6666666666666,464.8272,2025-12-20 11:00:00
405.0,542.7448,2025-12-20 12:00:00
315.0,440.0154,2025-12-20 12:00:00
547.0,660.6861,2025-12-20 12:00:00
371.0,440.58463,2025-12-20 12:00:00
527.0,458.1438,2025-12-20 12:00:00
439.0,400.61078,2025-12-20 13:00:00
313.0,387.92575,2025-12-20 13:00:00
423.0,396.35544,2025-12-20 13:00:00
415.0,538.9228,2025-12-20 13:00:00
420.0,638.36304,2025-12-20 13:00:00
328.0,556.1318,2025-12-20 14:00:00
399.0,576.5965,2025-12-20 14:00:00
314.25,366.48352,2025-12-20 14:00:00
333.0,380.44003,2025-12-20 14:00:00
378.0,523.6893,2025-12-20 14:00:00
359.0,581.01483,2025-12-20 15:00:00
272.5,350.67203,2025-12-20 15:00:00
321.0,508.9746,2025-12-20 15:00:00
285.0,355.52985,2025-12-20 15:00:00
256.0,488.10132,2025-12-20 15:00:00
257.25,344.831,2025-12-20 16:00:00
252.0,440.81628,2025-12-20 16:00:00
239.0,335.24777,2025-12-20 16:00:00
316.0,557.48035,2025-12-20 16:00:00
298.0,394.34375,2025-12-20 16:00:00
249.0,357.98804,2025-12-20 17:00:00
287.0,365.15976,2025-12-20 17:00:00
299.0,489.09558,2025-12-20 17:00:00
229.0,319.9765,2025-12-20 17:00:00
258.0,327.78574,2025-12-20 17:00:00
293.0,464.48175,2025-12-20 18:00:00
252.0,326.40256,2025-12-20 18:00:00
260.75,285.4067,2025-12-20 18:00:00
277.0,347.37772,2025-12-20 18:00:00
238.0,311.22208,2025-12-20 18:00:00
266.0,328.1434,2025-12-20 19:00:00
246.0,495.12723,2025-12-20 19:00:00
252.0,312.84543,2025-12-20 19:00:00
268.75,302.458,2025-12-20 19:00:00
222.0,366.55838,2025-12-20 19:00:00
248.0,394.16458,2025-12-20 20:00:00
296.0,430.7721,2025-12-20 20:00:00
221.0,373.6942,2025-12-20 20:00:00
263.0,339.27838,2025-12-20 20:00:00
278.0,324.09235,2025-12-20 20:00:00
292.75,326.10797,2025-12-20 21:00:00
271.0,367.04504,2025-12-20 21:00:00
302.0,461.59735,2025-12-20 21:00:00
245.0,379.49203,2025-12-20 21:00:00
272.0,383.4796,2025-12-20 21:00:00
287.0,412.64627,2025-12-20 22:00:00
230.0,390.47385,2025-12-20 22:00:00
241.0,350.85727,2025-12-20 22:00:00
270.75,380.81357,2025-12-20 22:00:00
268.0,399.09113,2025-12-20 22:00:00
266.5,380.3865,2025-12-20 23:00:00
306.0,383.91507,2025-12-20 23:00:00
227.0,311.9147,2025-12-20 23:00:00
300.0,439.71878,2025-12-20 23:00:00
259.0,324.22122,2025-12-20 23:00:00
238.0,305.03482,2025-12-21 00:00:00
332.0,404.4396,2025-12-21 00:00:00
317.0,335.28717,2025-12-21 00:00:00
261.0,265.44305,2025-12-21 00:00:00
254.5,245.76448,2025-12-21 00:00:00
267.0,314.41425,2025-12-21 01:00:00
351.0,358.24557,2025-12-21 01:00:00
269.5,279.29556,2025-12-21 01:00:00
328.0,309.9597,2025-12-21 01:00:00
296.0,255.40547,2025-12-21 01:00:00
339.0,278.1985,2025-12-21 02:00:00
383.0,349.18747,2025-12-21 02:00:00
331.0,278.21692,2025-12-21 02:00:00
295.5,254.69249,2025-12-21 02:00:00
278.0,312.61115,2025-12-21 02:00:00
426.0,347.15744,2025-12-21 03:00:00
331.0,267.13446,2025-12-21 03:00:00
399.0,283.93317,2025-12-21 03:00:00
337.0,294.22934,2025-12-21 03:00:00
309.0,308.44604,2025-12-21 03:00:00
372.0,315.28162,2025-12-21 04:00:00
310.0,283.71628,2025-12-21 04:00:00
339.0,297.51868,2025-12-21 04:00:00
323.0,322.8559,2025-12-21 04:00:00
328.75,281.98703,2025-12-21 04:00:00
350.0,388.12616,2025-12-21 05:00:00
305.25,295.529,2025-12-21 05:00:00
340.0,245.99628,2025-12-21 05:00:00
371.0,312.94583,2025-12-21 05:00:00
335.0,348.60452,2025-12-21 05:00:00
353.0,367.69327,2025-12-21 06:00:00
344.0,348.9254,2025-12-21 06:00:00
329.0,350.50183,2025-12-21 06:00:00
370.0,307.15887,2025-12-21 06:00:00
277.5,304.4758,2025-12-21 06:00:00
283.0,310.99564,2025-12-21 07:00:00
357.0,369.34976,2025-12-21 07:00:00
348.0,380.88727,2025-12-21 07:00:00
404.0,414.3463,2025-12-21 07:00:00
331.0,390.89545,2025-12-21 07:00:00
310.0,405.2615,2025-12-21 08:00:00
442.0,394.0017,2025-12-21 08:00:00
381.0,425.77826,2025-12-21 08:00:00
312.5,318.65515,2025-12-21 08:00:00
318.0,385.9773,2025-12-21 08:00:00
368.0,367.37964,2025-12-21 09:00:00
511.0,453.2123,2025-12-21 09:00:00
335.0,398.0343,2025-12-21 09:00:00
324.0,406.81345,2025-12-21 09:00:00
361.25,279.05692,2025-12-21 09:00:00
359.0,381.41983,2025-12-21 10:00:00
351.0,400.50198,2025-12-21 10:00:00
497.0,439.12137,2025-12-21 10:00:00
345.0,377.0109,2025-12-21 10:00:00
385.25,230.27643,2025-12-21 10:00:00
320.0,392.90292,2025-12-21 11:00:00
365.0,257.4481,2025-12-21 11:00:00
346.0,400.21252,2025-12-21 11:00:00
412.0,478.53845,2025-12-21 11:00:00
348.0,374.71924,2025-12-21 11:00:00
339.0,379.4103,2025-12-21 12:00:00
373.0,421.21805,2025-12-21 12:00:00
349.0,350.5731,2025-12-21 12:00:00
360.75,274.9227,2025-12-21 12:00:00
329.0,379.07452,2025-12-21 12:00:00
343.0,395.83875,2025-12-21 13:00:00
381.0,435.58633,2025-12-21 13:00:00
294.0,377.37775,2025-12-21 13:00:00
322.0,369.78455,2025-12-21 13:00:00
353.5,316.66824,2025-12-21 13:00:00
309.0,377.1057,2025-12-21 14:00:00
307.0,355.83926,2025-12-21 14:00:00
372.0,360.91663,2025-12-21 14:00:00
379.0,385.93463,2025-12-21 14:00:00
362.0,339.45258,2025-12-21 14:00:00
344.0,392.60635,2025-12-21 15:00:00
348.0,399.86652,2025-12-21 15:00:00
306.0,350.74905,2025-12-21 15:00:00
301.0,333.74057,2025-12-21 15:00:00
366.75,332.70316,2025-12-21 15:00:00
289.0,292.50946,2025-12-21 16:00:00
318.0,325.78003,2025-12-21 16:00:00
390.0,368.72873,2025-12-21 16:00:00
304.0,325.66333,2025-12-21 16:00:00
346.5,309.0405,2025-12-21 16:00:00
302.0,297.92615,2025-12-21 17:00:00
313.0,325.0955,2025-12-21 17:00:00
373.0,360.5005,2025-12-21 17:00:00
340.0,297.36258,2025-12-21 17:00:00
335.75,313.77563,2025-12-21 17:00:00
340.0,321.27872,2025-12-21 18:00:00
353.0,322.02942,2025-12-21 18:00:00
280.0,300.53677,2025-12-21 18:00:00
335.0,280.48697,2025-12-21 18:00:00
311.5,308.55328,2025-12-21 18:00:00
328.0,289.12494,2025-12-21 19:00:00
337.0,313.3072,2025-12-21 19:00:00
282.0,279.2209,2025-12-21 19:00:00
371.0,332.2265,2025-12-21 19:00:00
289.25,315.5197,2025-12-21 19:00:00
371.0,327.49164,2025-12-21 20:00:00
274.0,299.30154,2025-12-21 20:00:00
274.75,322.63943,2025-12-21 20:00:00
345.0,297.7697,2025-12-21 20:00:00
309.0,309.39185,2025-12-21 20:00:00
357.0,368.9023,2025-12-21 21:00:00
280.0,305.38742,2025-12-21 21:00:00
365.0,344.6146,2025-12-21 21:00:00
281.75,324.5249,2025-12-21 21:00:00
310.0,311.2942,2025-12-21 21:00:00
451.0,397.70264,2025-12-21 22:00:00
313.25,355.97733,2025-12-21 22:00:00
342.0,326.07617,2025-12-21 22:00:00
269.0,310.03552,2025-12-21 22:00:00
287.0,295.16345,2025-12-21 22:00:00
335.0,310.19687,2025-12-21 23:00:00
302.0,314.16577,2025-12-21 23:00:00
425.0,340.38828,2025-12-21 23:00:00
355.0,344.2367,2025-12-21 23:00:00
287.0,318.28748,2025-12-21 23:00:00
339.0,331.8642,2025-12-22 00:00:00
295.0,312.17032,2025-12-22 00:00:00
298.0,327.49033,2025-12-22 00:00:00
379.25,359.38342,2025-12-22 00:00:00
416.0,397.9707,2025-12-22 00:00:00
335.0,322.8264,2025-12-22 01:00:00
394.0,391.42783,2025-12-22 01:00:00
431.0,297.5781,2025-12-22 01:00:00
329.0,306.83688,2025-12-22 01:00:00
363.75,330.04834,2025-12-22 01:00:00
432.0,296.0639,2025-12-22 02:00:00
377.75,326.2689,2025-12-22 02:00:00
553.0,350.9793,2025-12-22 02:00:00
390.0,308.16266,2025-12-22 02:00:00
356.0,335.6564,2025-12-22 02:00:00
452.75,332.89178,2025-12-22 03:00:00
454.0,318.54132,2025-12-22 03:00:00
431.0,309.9785,2025-12-22 03:00:00
407.0,322.22876,2025-12-22 03:00:00
666.0,375.8846,2025-12-22 03:00:00
455.0,342.15475,2025-12-22 04:00:00
528.0,323.6188,2025-12-22 04:00:00
481.0,337.6957,2025-12-22 04:00:00
759.0,378.69815,2025-12-22 04:00:00
461.0,315.94785,2025-12-22 04:00:00
553.0,350.99216,2025-12-22 05:00:00
423.0,355.82062,2025-12-22 05:00:00
560.0,357.58237,2025-12-22 05:00:00
506.0,305.83444,2025-12-22 05:00:00
692.0,394.85562,2025-12-22 05:00:00
471.0,372.82346,2025-12-22 06:00:00
615.75,364.21744,2025-12-22 06:00:00
581.0,330.63272,2025-12-22 06:00:00
812.0,407.28265,2025-12-22 06:00:00
652.0,367.69357,2025-12-22 06:00:00
676.0,354.71497,2025-12-22 07:00:00
690.0,412.2771,2025-12-22 07:00:00
617.0,377.56503,2025-12-22 07:00:00
619.5,387.4627,2025-12-22 07:00:00
737.0,383.89664,2025-12-22 07:00:00
754.0,466.64944,2025-12-22 08:00:00
647.0,355.61572,2025-12-22 08:00:00
647.0,430.37885,2025-12-22 08:00:00
559.0,401.96988,2025-12-22 08:00:00
827.0,414.17847,2025-12-22 08:00:00
714.0,416.23727,2025-12-22 09:00:00
777.0,519.9866,2025-12-22 09:00:00
653.0,435.43152,2025-12-22 09:00:00
931.0,448.6504,2025-12-22 09:00:00
611.5,438.5372,2025-12-22 09:00:00
759.0,438.9944,2025-12-22 10:00:00
620.0,422.6348,2025-12-22 10:00:00
763.0,572.90027,2025-12-22 10:00:00
787.0,454.91513,2025-12-22 10:00:00
662.75,468.15167,2025-12-22 10:00:00
632.0,394.3425,2025-12-22 11:00:00
657.0,409.41898,2025-12-22 11:00:00
685.0,436.99228,2025-12-22 11:00:00
818.0,493.8391,2025-12-22 11:00:00
644.6666666666666,452.09103,2025-12-22 11:00:00
598.0,360.52972,2025-12-22 12:00:00
629.75,425.90247,2025-12-22 12:00:00
615.0,389.3288,2025-12-22 12:00:00
666.0,394.56882,2025-12-22 12:00:00
746.0,518.3751,2025-12-22 12:00:00
653.0,404.51556,2025-12-22 13:00:00
565.0,549.14966,2025-12-22 13:00:00
527.0,406.97876,2025-12-22 13:00:00
626.75,412.09082,2025-12-22 13:00:00
589.0,402.3868,2025-12-22 13:00:00
552.0,414.45135,2025-12-22 14:00:00
483.0,400.25095,2025-12-22 14:00:00
569.0,408.68976,2025-12-22 14:00:00
604.0,435.37988,2025-12-22 14:00:00
563.0,540.55,2025-12-22 14:00:00
557.75,440.96524,2025-12-22 15:00:00
521.0,439.5278,2025-12-22 15:00:00
543.0,524.13934,2025-12-22 15:00:00
462.0,377.62418,2025-12-22 15:00:00
558.0,417.06052,2025-12-22 15:00:00
439.0,424.95822,2025-12-22 16:00:00
432.0,399.44284,2025-12-22 16:00:00
526.0,399.1781,2025-12-22 16:00:00
527.5,424.00272,2025-12-22 16:00:00
596.0,482.80338,2025-12-22 16:00:00
458.0,365.14032,2025-12-22 17:00:00
492.0,399.87146,2025-12-22 17:00:00
450.0,373.9788,2025-12-22 17:00:00
481.0,396.50693,2025-12-22 17:00:00
374.0,394.76068,2025-12-22 17:00:00
401.75,385.09396,2025-12-22 18:00:00
469.0,399.615,2025-12-22 18:00:00
426.0,348.5237,2025-12-22 18:00:00
395.0,394.67838,2025-12-22 18:00:00
254.0,374.38345,2025-12-22 18:00:00
213.0,380.94702,2025-12-22 19:00:00
327.0,387.88174,2025-12-22 19:00:00
433.0,416.02475,2025-12-22 19:00:00
423.0,373.3799,2025-12-22 19:00:00
369.0,372.15375,2025-12-22 19:00:00
309.0,381.6979,2025-12-22 20:00:00
213.0,388.40448,2025-12-22 20:00:00
383.0,427.52,2025-12-22 20:00:00
345.75,373.81998,2025-12-22 20:00:00
368.0,382.85016,2025-12-22 20:00:00
343.0,410.67627,2025-12-22 21:00:00
340.75,398.35513,2025-12-22 21:00:00
232.0,414.30014,2025-12-22 21:00:00
340.0,384.59265,2025-12-22 21:00:00
309.0,419.61252,2025-12-22 21:00:00
237.0,400.13742,2025-12-22 22:00:00
389.0,404.67712,2025-12-22 22:00:00
384.0,404.6542,2025-12-22 22:00:00
362.0,380.93774,2025-12-22 22:00:00
322.0,431.57367,2025-12-22 22:00:00
372.5,380.49704,2025-12-22 23:00:00
283.0,370.86682,2025-12-22 23:00:00
367.0,452.56564,2025-12-22 23:00:00
252.0,398.75735,2025-12-22 23:00:00
409.0,392.95978,2025-12-22 23:00:00
396.0,374.53482,2025-12-23 00:00:00
290.0,360.4296,2025-12-23 00:00:00
254.0,373.52136,2025-12-23 00:00:00
388.0,403.82394,2025-12-23 00:00:00
381.75,379.59903,2025-12-23 00:00:00
346.0,372.15335,2025-12-23 01:00:00
335.75,327.43454,2025-12-23 01:00:00
378.0,370.8078,2025-12-23 01:00:00
278.0,353.72577,2025-12-23 01:00:00
299.0,308.64017,2025-12-23 01:00:00
293.0,331.78128,2025-12-23 02:00:00
326.0,361.99527,2025-12-23 02:00:00
279.0,340.0621,2025-12-23 02:00:00
281.0,320.26483,2025-12-23 02:00:00
362.0,420.5921,2025-12-23 02:00:00
282.0,331.63312,2025-12-23 03:00:00
313.0,415.97153,2025-12-23 03:00:00
260.0,330.72958,2025-12-23 03:00:00
272.0,350.55298,2025-12-23 03:00:00
259.0,303.00974,2025-12-23 03:00:00
282.0,470.2579,2025-12-23 04:00:00
294.0,308.0102,2025-12-23 04:00:00
219.75,321.13742,2025-12-23 04:00:00
222.0,341.67905,2025-12-23 04:00:00
260.0,355.1911,2025-12-23 04:00:00
322.0,447.7156,2025-12-23 05:00:00
263.0,339.71854,2025-12-23 05:00:00
245.0,354.30597,2025-12-23 05:00:00
300.0,414.83334,2025-12-23 05:00:00
238.25,316.12552,2025-12-23 05:00:00
305.0,406.6114,2025-12-23 06:00:00
416.0,444.20187,2025-12-23 06:00:00
284.0,332.2645,2025-12-23 06:00:00
277.0,481.27277,2025-12-23 06:00:00
333.0,376.9296,2025-12-23 06:00:00
331.75,340.37234,2025-12-23 07:00:00
370.0,445.11847,2025-12-23 07:00:00
334.0,453.57358,2025-12-23 07:00:00
367.0,355.6089,2025-12-23 07:00:00
312.0,389.7983,2025-12-23 07:00:00
447.0,382.66824,2025-12-23 08:00:00
367.0,353.5834,2025-12-23 08:00:00
320.0,420.39496,2025-12-23 08:00:00
373.0,397.35327,2025-12-23 08:00:00
503.0,435.7203,2025-12-23 08:00:00
298.0,426.2505,2025-12-23 09:00:00
357.75,347.42715,2025-12-23 09:00:00
385.0,390.1499,2025-12-23 09:00:00
373.0,421.4296,2025-12-23 09:00:00
438.0,449.47733,2025-12-23 09:00:00
389.0,436.95154,2025-12-23 10:00:00
337.0,453.57687,2025-12-23 10:00:00
299.0,451.34805,2025-12-23 10:00:00
357.75,384.45148,2025-12-23 10:00:00
295.0,424.1226,2025-12-23 10:00:00
287.0,466.83646,2025-12-23 11:00:00
354.0,430.99667,2025-12-23 11:00:00
285.0,436.70822,2025-12-23 11:00:00
50.5,359.62964,2025-12-23 11:00:00
266.0,397.7467,2025-12-23 11:00:00
206.25,405.25262,2025-12-23 12:00:00
244.0,427.58893,2025-12-23 12:00:00
243.0,462.5693,2025-12-23 12:00:00
294.0,445.90256,2025-12-23 12:00:00
266.0,411.09225,2025-12-23 12:00:00
216.0,392.78625,2025-12-23 13:00:00
221.0,402.59616,2025-12-23 13:00:00
237.0,375.25415,2025-12-23 13:00:00
235.0,332.3406,2025-12-23 13:00:00
198.25,370.87427,2025-12-23 13:00:00
206.0,320.31927,2025-12-23 14:00:00
205.0,336.03162,2025-12-23 14:00:00
197.0,360.61417,2025-12-23 14:00:00
188.0,388.6662,2025-12-23 14:00:00
199.0,397.6654,2025-12-23 14:00:00
178.5,374.97696,2025-12-23 15:00:00
194.0,331.52655,2025-12-23 15:00:00
206.0,315.28445,2025-12-23 15:00:00
190.0,368.90204,2025-12-23 15:00:00
188.0,380.02512,2025-12-23 15:00:00
183.75,356.5989,2025-12-23 16:00:00
160.0,363.64984,2025-12-23 16:00:00
206.0,338.47153,2025-12-23 16:00:00
193.0,361.6549,2025-12-23 16:00:00
166.0,371.88293,2025-12-23 16:00:00
141.0,390.20062,2025-12-23 17:00:00
206.0,351.13046,2025-12-23 17:00:00
196.0,363.76804,2025-12-23 17:00:00
160.0,328.36328,2025-12-23 17:00:00
177.25,363.38104,2025-12-23 17:00:00
166.0,399.96173,2025-12-23 18:00:00
163.0,365.6945,2025-12-23 18:00:00
150.5,357.0905,2025-12-23 18:00:00
112.0,313.7532,2025-12-23 18:00:00
124.0,345.21494,2025-12-23 18:00:00
114.0,330.22675,2025-12-23 19:00:00
135.0,344.83157,2025-12-23 19:00:00
112.0,288.01898,2025-12-23 19:00:00
174.0,401.0838,2025-12-23 19:00:00
135.0,325.41443,2025-12-23 19:00:00
127.0,324.91873,2025-12-23 20:00:00
152.0,336.6136,2025-12-23 20:00:00
144.0,326.19324,2025-12-23 20:00:00
122.0,261.0122,2025-12-23 20:00:00
163.0,395.4246,2025-12-23 20:00:00
153.0,330.95123,2025-12-23 21:00:00
140.0,275.58932,2025-12-23 21:00:00
168.33333333333334,328.04053,2025-12-23 21:00:00
153.0,312.4742,2025-12-23 21:00:00
677.0,376.68887,2025-12-23 21:00:00
167.25,343.7319,2025-12-23 22:00:00
239.0,365.11743,2025-12-23 22:00:00
153.0,277.32,2025-12-23 22:00:00
147.0,319.78058,2025-12-23 22:00:00
163.0,337.8855,2025-12-23 22:00:00
129.0,276.8043,2025-12-23 23:00:00
172.0,366.38547,2025-12-23 23:00:00
143.0,284.9821,2025-12-23 23:00:00
152.75,300.45834,2025-12-23 23:00:00
211.0,404.5129,2025-12-23 23:00:00
139.0,261.24066,2025-12-24 00:00:00
149.0,271.5024,2025-12-24 00:00:00
178.0,349.4165,2025-12-24 00:00:00
177.0,280.1166,2025-12-24 00:00:00
113.25,325.14047,2025-12-24 00:00:00
83.5,264.10782,2025-12-24 01:00:00
101.0,248.38109,2025-12-24 01:00:00
152.0,272.0072,2025-12-24 01:00:00
138.0,260.40738,2025-12-24 01:00:00
178.0,313.3825,2025-12-24 01:00:00
138.0,248.59883,2025-12-24 02:00:00
107.0,234.56857,2025-12-24 02:00:00
74.5,267.6329,2025-12-24 02:00:00
163.0,299.32306,2025-12-24 02:00:00
86.0,232.83038,2025-12-24 02:00:00
71.75,283.35226,2025-12-24 03:00:00
99.0,228.86378,2025-12-24 03:00:00
130.0,294.46432,2025-12-24 03:00:00
99.0,247.54552,2025-12-24 03:00:00
111.0,223.00145,2025-12-24 03:00:00
163.0,297.17722,2025-12-24 04:00:00
112.0,228.07594,2025-12-24 04:00:00
129.0,233.89177,2025-12-24 04:00:00
102.0,204.70319,2025-12-24 04:00:00
71.75,255.20627,2025-12-24 04:00:00
107.0,248.60179,2025-12-24 05:00:00
71.75,235.18599,2025-12-24 05:00:00
114.0,208.34993,2025-12-24 05:00:00
125.0,238.8954,2025-12-24 05:00:00
213.0,309.7421,2025-12-24 05:00:00
72.33333333333333,229.4305,2025-12-24 06:00:00
121.0,254.74,2025-12-24 06:00:00
151.0,248.75267,2025-12-24 06:00:00
317.0,350.24466,2025-12-24 06:00:00
155.0,237.24199,2025-12-24 06:00:00
185.0,272.57773,2025-12-24 07:00:00
222.75,286.2205,2025-12-24 07:00:00
155.0,275.1689,2025-12-24 07:00:00
400.0,369.62662,2025-12-24 07:00:00
208.0,311.8953,2025-12-24 07:00:00
331.0,299.13324,2025-12-24 08:00:00
254.0,289.7683,2025-12-24 08:00:00
355.0,303.90683,2025-12-24 08:00:00
515.0,426.61972,2025-12-24 08:00:00
257.5,278.66797,2025-12-24 08:00:00
410.0,288.6299,2025-12-24 09:00:00
292.5,302.13947,2025-12-24 09:00:00
328.0,257.83026,2025-12-24 09:00:00
269.0,357.21442,2025-12-24 09:00:00
536.0,469.6264,2025-12-24 09:00:00
299.0,288.40952,2025-12-24 10:00:00
324.0,281.9451,2025-12-24 10:00:00
707.0,431.20996,2025-12-24 10:00:00
323.0,313.46878,2025-12-24 10:00:00
333.0,317.94336,2025-12-24 10:00:00
293.0,296.91998,2025-12-24 11:00:00
290.0,280.18158,2025-12-24 11:00:00
817.0,426.47122,2025-12-24 11:00:00
330.0,278.50635,2025-12-24 11:00:00
355.0,263.72644,2025-12-24 11:00:00
345.0,287.9883,2025-12-24 12:00:00
473.0,407.31628,2025-12-24 12:00:00
333.75,229.22104,2025-12-24 12:00:00
312.0,249.32414,2025-12-24 12:00:00
234.0,297.59448,2025-12-24 12:00:00
295.0,299.52487,2025-12-24 13:00:00
229.0,258.45062,2025-12-24 13:00:00
292.5,246.12411,2025-12-24 13:00:00
232.0,275.4507,2025-12-24 13:00:00
571.0,352.45786,2025-12-24 13:00:00
274.5,227.74649,2025-12-24 14:00:00
196.0,206.318,2025-12-24 14:00:00
178.0,229.2833,2025-12-24 14:00:00
414.0,304.51453,2025-12-24 14:00:00
241.0,212.54283,2025-12-24 14:00:00
245.75,228.87239,2025-12-24 15:00:00
204.0,194.11269,2025-12-24 15:00:00
164.0,194.49046,2025-12-24 15:00:00
175.0,205.14772,2025-12-24 15:00:00
423.0,278.43887,2025-12-24 15:00:00
171.0,210.72195,2025-12-24 16:00:00
337.0,255.17175,2025-12-24 16:00:00
208.25,220.16646,2025-12-24 16:00:00
125.0,194.15805,2025-12-24 16:00:00
179.0,186.3042,2025-12-24 16:00:00
194.0,185.50156,2025-12-24 17:00:00
370.0,222.66556,2025-12-24 17:00:00
172.75,209.38365,2025-12-24 17:00:00
172.0,208.44707,2025-12-24 17:00:00
119.0,184.92102,2025-12-24 17:00:00
161.0,202.06984,2025-12-24 18:00:00
162.0,184.28288,2025-12-24 18:00:00
294.0,294.67834,2025-12-24 18:00:00
129.0,203.10594,2025-12-24 18:00:00
132.0,203.5315,2025-12-24 18:00:00
139.0,227.68263,2025-12-24 19:00:00
151.0,208.9557,2025-12-24 19:00:00
321.0,345.7809,2025-12-24 19:00:00
167.0,218.00797,2025-12-24 19:00:00
123.75,247.50986,2025-12-24 19:00:00
467.0,348.03598,2025-12-24 20:00:00
152.0,232.01077,2025-12-24 20:00:00
197.0,247.58086,2025-12-24 20:00:00
153.0,256.91534,2025-12-24 20:00:00
145.5,259.37842,2025-12-24 20:00:00
191.0,258.95932,2025-12-24 21:00:00
159.75,257.40216,2025-12-24 21:00:00
164.0,257.8342,2025-12-24 21:00:00
177.0,271.28427,2025-12-24 21:00:00
323.0,373.6902,2025-12-24 21:00:00
194.0,261.9212,2025-12-24 22:00:00
493.0,349.38992,2025-12-24 22:00:00
164.0,278.62027,2025-12-24 22:00:00
197.75,270.50165,2025-12-24 22:00:00
158.0,262.92654,2025-12-24 22:00:00
199.0,363.72913,2025-12-24 23:00:00
183.0,258.40704,2025-12-24 23:00:00
249.0,260.7482,2025-12-24 23:00:00
156.0,261.46255,2025-12-24 23:00:00
207.75,250.18776,2025-12-24 23:00:00
193.0,218.98318,2025-12-25 00:00:00
211.0,286.45474,2025-12-25 00:00:00
251.0,223.87444,2025-12-25 00:00:00
189.25,215.83191,2025-12-25 00:00:00
219.0,208.29018,2025-12-25 00:00:00
260.0,278.279,2025-12-25 01:00:00
186.0,174.53952,2025-12-25 01:00:00
178.0,171.48492,2025-12-25 01:00:00
191.25,175.29749,2025-12-25 01:00:00
226.0,178.18134,2025-12-25 01:00:00
191.0,163.21136,2025-12-25 02:00:00
254.0,263.76794,2025-12-25 02:00:00
158.75,174.24008,2025-12-25 02:00:00
184.0,146.85326,2025-12-25 02:00:00
208.0,164.90839,2025-12-25 02:00:00
144.0,161.69566,2025-12-25 03:00:00
140.5,174.35854,2025-12-25 03:00:00
168.0,162.59247,2025-12-25 03:00:00
161.0,163.26106,2025-12-25 03:00:00
290.0,260.75095,2025-12-25 03:00:00
266.0,239.83434,2025-12-25 04:00:00
140.75,177.92375,2025-12-25 04:00:00
138.0,164.28206,2025-12-25 04:00:00
121.0,152.77869,2025-12-25 04:00:00
182.0,166.76724,2025-12-25 04:00:00
156.0,165.74948,2025-12-25 05:00:00
298.0,263.19894,2025-12-25 05:00:00
141.5,200.13197,2025-12-25 05:00:00
122.0,138.0522,2025-12-25 05:00:00
189.0,179.14214,2025-12-25 05:00:00
246.0,197.70729,2025-12-25 06:00:00
167.0,192.99675,2025-12-25 06:00:00
193.0,173.56407,2025-12-25 06:00:00
543.0,316.49036,2025-12-25 06:00:00
384.0,172.9048,2025-12-25 06:00:00
497.0,293.39334,2025-12-25 07:00:00
279.5,247.93333,2025-12-25 07:00:00
477.0,393.77206,2025-12-25 07:00:00
287.0,219.03761,2025-12-25 07:00:00
448.0,221.4729,2025-12-25 07:00:00
477.0,363.61365,2025-12-25 08:00:00
591.0,315.77414,2025-12-25 08:00:00
632.0,489.37674,2025-12-25 08:00:00
343.25,283.9775,2025-12-25 08:00:00
442.0,262.56226,2025-12-25 08:00:00
806.0,487.85904,2025-12-25 09:00:00
405.75,343.47302,2025-12-25 09:00:00
534.0,325.1871,2025-12-25 09:00:00
622.0,365.39517,2025-12-25 09:00:00
503.0,416.58112,2025-12-25 09:00:00
458.0,376.2241,2025-12-25 10:00:00
923.0,559.8861,2025-12-25 10:00:00
665.0,315.85437,2025-12-25 10:00:00
622.0,312.64105,2025-12-25 10:00:00
465.75,356.6762,2025-12-25 10:00:00
718.0,298.14545,2025-12-25 11:00:00
458.0,323.02686,2025-12-25 11:00:00
442.6666666666667,350.1361,2025-12-25 11:00:00
859.0,543.6672,2025-12-25 11:00:00
622.0,342.63028,2025-12-25 11:00:00
852.0,601.88916,2025-12-25 12:00:00
622.0,358.04117,2025-12-25 12:00:00
489.25,341.83243,2025-12-25 12:00:00
338.0,326.0254,2025-12-25 12:00:00
633.0,272.10086,2025-12-25 12:00:00
631.0,357.4184,2025-12-25 13:00:00
820.0,504.703,2025-12-25 13:00:00
528.75,310.06015,2025-12-25 13:00:00
509.0,269.78986,2025-12-25 13:00:00
327.0,325.10724,2025-12-25 13:00:00
602.0,330.11264,2025-12-25 14:00:00
295.0,264.70026,2025-12-25 14:00:00
428.0,248.76814,2025-12-25 14:00:00
722.0,477.47784,2025-12-25 14:00:00
510.5,295.4804,2025-12-25 14:00:00
381.0,206.2109,2025-12-25 15:00:00
542.0,254.92386,2025-12-25 15:00:00
298.0,223.39055,2025-12-25 15:00:00
518.0,271.0359,2025-12-25 15:00:00
782.0,407.23328,2025-12-25 15:00:00
288.0,220.95552,2025-12-25 16:00:00
517.0,196.09766,2025-12-25 16:00:00
708.0,402.72394,2025-12-25 16:00:00
481.0,252.53244,2025-12-25 16:00:00
310.0,180.94847,2025-12-25 16:00:00
224.0,224.345,2025-12-25 17:00:00
692.0,425.78833,2025-12-25 17:00:00
294.0,182.22917,2025-12-25 17:00:00
476.0,222.33928,2025-12-25 17:00:00
413.0,262.2971,2025-12-25 17:00:00
218.0,225.64127,2025-12-25 18:00:00
693.0,373.4455,2025-12-25 18:00:00
434.0,226.72217,2025-12-25 18:00:00
307.0,225.93121,2025-12-25 18:00:00
361.75,243.30815,2025-12-25 18:00:00
235.0,217.35863,2025-12-25 19:00:00
245.0,236.58215,2025-12-25 19:00:00
295.5,252.99294,2025-12-25 19:00:00
559.0,382.1775,2025-12-25 19:00:00
219.0,247.51213,2025-12-25 19:00:00
237.0,285.51016,2025-12-25 20:00:00
239.0,284.0506,2025-12-25 20:00:00
260.0,325.07437,2025-12-25 20:00:00
218.0,256.4349,2025-12-25 20:00:00
473.0,412.1625,2025-12-25 20:00:00
390.0,291.10583,2025-12-25 21:00:00
349.0,355.85504,2025-12-25 21:00:00
211.75,306.77322,2025-12-25 21:00:00
265.0,297.738,2025-12-25 21:00:00
331.0,398.3418,2025-12-25 21:00:00
183.0,284.29318,2025-12-25 22:00:00
434.0,325.63763,2025-12-25 22:00:00
440.0,376.48157,2025-12-25 22:00:00
185.25,333.43658,2025-12-25 22:00:00
259.0,317.74036,2025-12-25 22:00:00
269.0,351.61212,2025-12-25 23:00:00
193.25,310.38406,2025-12-25 23:00:00
201.0,285.70877,2025-12-25 23:00:00
190.0,302.66415,2025-12-25 23:00:00
269.0,332.82776,2025-12-25 23:00:00
150.0,300.96103,2025-12-26 00:00:00
179.0,270.54446,2025-12-26 00:00:00
255.0,335.00552,2025-12-26 00:00:00
361.0,422.29944,2025-12-26 00:00:00
201.75,359.08228,2025-12-26 00:00:00
182.0,317.3591,2025-12-26 01:00:00
145.0,226.35344,2025-12-26 01:00:00
167.0,260.23523,2025-12-26 01:00:00
255.0,325.7558,2025-12-26 01:00:00
261.0,260.7635,2025-12-26 01:00:00
147.0,202.91801,2025-12-26 02:00:00
168.0,251.34386,2025-12-26 02:00:00
184.5,280.89902,2025-12-26 02:00:00
197.0,263.40253,2025-12-26 02:00:00
184.0,346.31018,2025-12-26 02:00:00
191.0,318.84995,2025-12-26 03:00:00
172.0,241.44395,2025-12-26 03:00:00
178.0,207.63042,2025-12-26 03:00:00
176.25,222.1412,2025-12-26 03:00:00
191.0,223.95927,2025-12-26 03:00:00
180.0,339.9569,2025-12-26 04:00:00
184.0,206.76564,2025-12-26 04:00:00
175.0,255.47458,2025-12-26 04:00:00
189.25,219.21011,2025-12-26 04:00:00
185.0,199.7173,2025-12-26 04:00:00
185.0,309.5625,2025-12-26 05:00:00
194.0,275.84592,2025-12-26 05:00:00
180.0,206.6307,2025-12-26 05:00:00
190.0,201.72366,2025-12-26 05:00:00
201.0,207.64313,2025-12-26 05:00:00
296.0,418.47922,2025-12-26 06:00:00
223.0,267.99008,2025-12-26 06:00:00
256.0,234.9936,2025-12-26 06:00:00
243.0,497.22714,2025-12-26 06:00:00
292.25,244.8131,2025-12-26 06:00:00
326.0,292.52527,2025-12-26 07:00:00
436.0,362.80798,2025-12-26 07:00:00
353.0,531.0522,2025-12-26 07:00:00
364.25,305.65967,2025-12-26 07:00:00
367.0,486.43195,2025-12-26 07:00:00
494.0,433.29138,2025-12-26 08:00:00
481.0,528.62823,2025-12-26 08:00:00
384.0,433.53522,2025-12-26 08:00:00
455.0,353.49414,2025-12-26 08:00:00
523.0,545.0824,2025-12-26 08:00:00
687.0,551.9917,2025-12-26 09:00:00
545.0,514.1744,2025-12-26 09:00:00
483.25,426.84537,2025-12-26 09:00:00
548.0,420.89685,2025-12-26 09:00:00
455.0,420.4535,2025-12-26 09:00:00
504.5,379.91516,2025-12-26 10:00:00
770.0,602.563,2025-12-26 10:00:00
553.0,474.06192,2025-12-26 10:00:00
692.0,443.04538,2025-12-26 10:00:00
467.0,457.48624,2025-12-26 10:00:00
478.0,398.18976,2025-12-26 11:00:00
754.0,475.5735,2025-12-26 11:00:00
536.0,367.46875,2025-12-26 11:00:00
569.0,393.74344,2025-12-26 11:00:00
538.0,369.2501,2025-12-26 11:00:00
487.0,415.5142,2025-12-26 12:00:00
489.0,347.17413,2025-12-26 12:00:00
790.0,481.6242,2025-12-26 12:00:00
558.0,373.47018,2025-12-26 12:00:00
628.0,337.33975,2025-12-26 12:00:00
560.0,327.00003,2025-12-26 13:00:00
674.0,424.02924,2025-12-26 13:00:00
513.25,344.30017,2025-12-26 13:00:00
494.0,392.22794,2025-12-26 13:00:00
438.0,377.152,2025-12-26 13:00:00
498.5,299.63025,2025-12-26 14:00:00
486.0,327.10727,2025-12-26 14:00:00
525.0,428.77316,2025-12-26 14:00:00
426.0,299.52185,2025-12-26 14:00:00
515.0,284.85245,2025-12-26 14:00:00
412.0,230.34424,2025-12-26 15:00:00
488.0,238.84908,2025-12-26 15:00:00
477.0,335.09177,2025-12-26 15:00:00
392.0,251.30492,2025-12-26 15:00:00
488.25,238.11226,2025-12-26 15:00:00
523.0,315.3399,2025-12-26 16:00:00
439.0,232.31831,2025-12-26 16:00:00
389.0,254.18237,2025-12-26 16:00:00
459.5,281.5935,2025-12-26 16:00:00
400.0,270.3991,2025-12-26 16:00:00
406.25,247.53989,2025-12-26 17:00:00
370.0,261.53076,2025-12-26 17:00:00
554.0,338.6477,2025-12-26 17:00:00
357.0,229.24254,2025-12-26 17:00:00
431.0,286.72186,2025-12-26 17:00:00
366.0,271.10938,2025-12-26 18:00:00
395.0,372.86084,2025-12-26 18:00:00
384.0,299.07028,2025-12-26 18:00:00
859.0,358.31967,2025-12-26 18:00:00
393.25,366.44043,2025-12-26 18:00:00
592.0,366.1441,2025-12-26 19:00:00
345.0,308.17886,2025-12-26 19:00:00
392.0,287.40814,2025-12-26 19:00:00
358.25,320.15097,2025-12-26 19:00:00
296.0,297.4166,2025-12-26 19:00:00
510.0,447.44623,2025-12-26 20:00:00
365.0,327.829,2025-12-26 20:00:00
267.0,328.17026,2025-12-26 20:00:00
352.0,315.53513,2025-12-26 20:00:00
409.0,357.91922,2025-12-26 20:00:00
288.0,357.13934,2025-12-26 21:00:00
349.0,401.3437,2025-12-26 21:00:00
393.25,341.16644,2025-12-26 21:00:00
418.0,385.78638,2025-12-26 21:00:00
450.0,378.97702,2025-12-26 21:00:00
460.0,299.49988,2025-12-26 22:00:00
426.0,379.8939,2025-12-26 22:00:00
300.0,331.21957,2025-12-26 22:00:00
469.0,375.83325,2025-12-26 22:00:00
428.0,298.1718,2025-12-26 22:00:00
447.0,280.04688,2025-12-26 23:00:00
516.0,331.977,2025-12-26 23:00:00
355.0,290.8381,2025-12-26 23:00:00
419.75,319.62814,2025-12-26 23:00:00
329.0,303.86243,2025-12-26 23:00:00
342.25,366.624,2025-12-27 00:00:00
398.0,343.59433,2025-12-27 00:00:00
367.0,487.39603,2025-12-27 00:00:00
373.0,291.54993,2025-12-27 00:00:00
365.0,299.7518,2025-12-27 00:00:00
289.75,269.98874,2025-12-27 01:00:00
295.0,310.9879,2025-12-27 01:00:00
339.0,373.15427,2025-12-27 01:00:00
296.0,245.90477,2025-12-27 01:00:00
345.0,253.41963,2025-12-27 01:00:00
227.0,229.093,2025-12-27 02:00:00
273.0,255.56384,2025-12-27 02:00:00
304.0,234.5174,2025-12-27 02:00:00
259.0,258.58267,2025-12-27 02:00:00
359.0,313.4593,2025-12-27 02:00:00
307.0,316.88998,2025-12-27 03:00:00
208.0,225.79788,2025-12-27 03:00:00
261.0,226.96902,2025-12-27 03:00:00
260.0,251.3254,2025-12-27 03:00:00
259.5,233.62947,2025-12-27 03:00:00
356.0,333.6939,2025-12-27 04:00:00
261.0,252.11043,2025-12-27 04:00:00
236.75,287.1497,2025-12-27 04:00:00
219.0,231.93025,2025-12-27 04:00:00
260.0,227.08783,2025-12-27 04:00:00
317.0,339.25558,2025-12-27 05:00:00
208.0,224.92987,2025-12-27 05:00:00
328.0,324.05084,2025-12-27 05:00:00
167.0,236.92162,2025-12-27 05:00:00
227.0,272.28308,2025-12-27 05:00:00
322.0,418.59976,2025-12-27 06:00:00
304.0,311.1019,2025-12-27 06:00:00
216.75,301.67532,2025-12-27 06:00:00
256.0,368.66946,2025-12-27 06:00:00
504.0,368.2676,2025-12-27 06:00:00
274.5,374.7612,2025-12-27 07:00:00
449.0,545.72626,2025-12-27 07:00:00
603.0,490.57303,2025-12-27 07:00:00
329.0,538.0937,2025-12-27 07:00:00
395.0,397.77704,2025-12-27 07:00:00
469.0,582.46515,2025-12-27 08:00:00
330.75,373.4025,2025-12-27 08:00:00
686.0,582.9035,2025-12-27 08:00:00
611.0,499.50412,2025-12-27 08:00:00
505.0,455.73645,2025-12-27 08:00:00
509.0,583.105,2025-12-27 09:00:00
753.0,564.8435,2025-12-27 09:00:00
658.0,539.7678,2025-12-27 09:00:00
414.75,384.19788,2025-12-27 09:00:00
582.0,527.955,2025-12-27 09:00:00
714.0,527.89966,2025-12-27 10:00:00
605.0,534.4298,2025-12-27 10:00:00
572.0,530.9783,2025-12-27 10:00:00
609.0,462.70474,2025-12-27 10:00:00
444.75,437.26953,2025-12-27 10:00:00
737.0,534.1219,2025-12-27 11:00:00
664.0,490.67572,2025-12-27 11:00:00
574.0,511.99054,2025-12-27 11:00:00
431.0,388.65244,2025-12-27 11:00:00
627.0,476.1005,2025-12-27 11:00:00
548.0,446.09607,2025-12-27 12:00:00
583.0,452.60553,2025-12-27 12:00:00
447.5,327.8046,2025-12-27 12:00:00
752.0,475.8135,2025-12-27 12:00:00
657.0,485.66165,2025-12-27 12:00:00
720.0,467.78296,2025-12-27 13:00:00
494.0,418.9583,2025-12-27 13:00:00
489.0,443.29166,2025-12-27 13:00:00
574.0,464.14975,2025-12-27 13:00:00
431.0,379.64157,2025-12-27 13:00:00
455.0,412.89105,2025-12-27 14:00:00
410.0,396.86328,2025-12-27 14:00:00
574.0,441.40564,2025-12-27 14:00:00
763.0,421.8561,2025-12-27 14:00:00
458.25,377.07404,2025-12-27 14:00:00
527.0,393.51718,2025-12-27 15:00:00
366.0,384.07916,2025-12-27 15:00:00
475.75,355.494,2025-12-27 15:00:00
687.0,420.41446,2025-12-27 15:00:00
440.0,382.97052,2025-12-27 15:00:00
484.5,358.8649,2025-12-27 16:00:00
331.0,376.31143,2025-12-27 16:00:00
715.0,375.68164,2025-12-27 16:00:00
412.0,373.09094,2025-12-27 16:00:00
462.0,377.7126,2025-12-27 16:00:00
280.0,385.13733,2025-12-27 17:00:00
481.0,372.72784,2025-12-27 17:00:00
448.75,366.14478,2025-12-27 17:00:00
647.0,352.06787,2025-12-27 17:00:00
389.0,337.359,2025-12-27 17:00:00
460.0,394.7734,2025-12-27 18:00:00
334.0,363.58832,2025-12-27 18:00:00
611.0,420.03497,2025-12-27 18:00:00
263.0,348.57025,2025-12-27 18:00:00
345.75,348.05054,2025-12-27 18:00:00
451.0,369.26315,2025-12-27 19:00:00
252.0,322.2762,2025-12-27 19:00:00
348.0,362.1594,2025-12-27 19:00:00
548.0,425.8079,2025-12-27 19:00:00
287.0,387.04016,2025-12-27 19:00:00
373.0,375.43814,2025-12-27 20:00:00
346.0,413.4405,2025-12-27 20:00:00
277.75,375.57962,2025-12-27 20:00:00
244.0,344.71408,2025-12-27 20:00:00
494.0,449.5879,2025-12-27 20:00:00
338.0,404.8936,2025-12-27 21:00:00
241.0,354.76724,2025-12-27 21:00:00
291.25,379.50592,2025-12-27 21:00:00
394.0,430.12018,2025-12-27 21:00:00
361.0,404.2417,2025-12-27 21:00:00
333.75,387.56708,2025-12-27 22:00:00
313.0,413.3577,2025-12-27 22:00:00
364.0,398.9863,2025-12-27 22:00:00
797.0,415.74057,2025-12-27 22:00:00
240.0,366.16788,2025-12-27 22:00:00
293.0,325.6403,2025-12-27 23:00:00
335.0,356.32922,2025-12-27 23:00:00
465.0,406.94873,2025-12-27 23:00:00
349.25,331.2154,2025-12-27 23:00:00
273.0,369.7789,2025-12-27 23:00:00
320.5,276.05093,2025-12-28 00:00:00
279.0,348.89978,2025-12-28 00:00:00
249.0,296.3953,2025-12-28 00:00:00
302.0,335.41418,2025-12-28 00:00:00
422.0,375.115,2025-12-28 00:00:00
335.0,255.12437,2025-12-28 01:00:00
252.0,282.49167,2025-12-28 01:00:00
261.0,276.03555,2025-12-28 01:00:00
458.0,331.39447,2025-12-28 01:00:00
301.0,226.25465,2025-12-28 01:00:00
294.0,217.1791,2025-12-28 02:00:00
462.0,329.18372,2025-12-28 02:00:00
245.0,215.07686,2025-12-28 02:00:00
238.0,281.37808,2025-12-28 02:00:00
304.0,269.47913,2025-12-28 02:00:00
224.0,250.09978,2025-12-28 03:00:00
379.0,316.18344,2025-12-28 03:00:00
211.0,223.98027,2025-12-28 03:00:00
265.0,273.86996,2025-12-28 03:00:00
254.0,236.76512,2025-12-28 03:00:00
248.0,262.60864,2025-12-28 04:00:00
223.0,276.85776,2025-12-28 04:00:00
228.0,260.60614,2025-12-28 04:00:00
244.0,194.19212,2025-12-28 04:00:00
432.0,334.7265,2025-12-28 04:00:00
283.0,276.7977,2025-12-28 05:00:00
336.25,221.59944,2025-12-28 05:00:00
234.0,333.33994,2025-12-28 05:00:00
401.0,355.7228,2025-12-28 05:00:00
266.0,219.22617,2025-12-28 05:00:00
599.0,383.38077,2025-12-28 06:00:00
349.75,226.23787,2025-12-28 06:00:00
372.0,244.43912,2025-12-28 06:00:00
440.0,244.96143,2025-12-28 06:00:00
316.0,358.59174,2025-12-28 06:00:00
504.0,397.26428,2025-12-28 07:00:00
378.0,441.5048,2025-12-28 07:00:00
533.0,373.67917,2025-12-28 07:00:00
454.0,378.31207,2025-12-28 07:00:00
394.75,270.56174,2025-12-28 07:00:00
571.0,371.74435,2025-12-28 08:00:00
412.5,350.5518,2025-12-28 08:00:00
532.0,515.8167,2025-12-28 08:00:00
525.0,372.79352,2025-12-28 08:00:00
455.0,418.69705,2025-12-28 08:00:00
483.0,337.77548,2025-12-28 09:00:00
683.0,397.6665,2025-12-28 09:00:00
406.0,339.8736,2025-12-28 09:00:00
611.0,618.5092,2025-12-28 09:00:00
493.5,323.18674,2025-12-28 09:00:00
381.0,356.6923,2025-12-28 10:00:00
609.0,388.2453,2025-12-28 10:00:00
565.0,608.7545,2025-12-28 10:00:00
508.0,358.81143,2025-12-28 10:00:00
718.0,316.23972,2025-12-28 10:00:00
690.0,561.9267,2025-12-28 11:00:00
649.3333333333334,321.1444,2025-12-28 11:00:00
653.0,281.46622,2025-12-28 11:00:00
659.0,278.5049,2025-12-28 11:00:00
466.0,301.00644,2025-12-28 11:00:00
793.0,525.05524,2025-12-28 12:00:00
675.0,253.42903,2025-12-28 12:00:00
609.0,343.14,2025-12-28 12:00:00
630.0,245.69025,2025-12-28 12:00:00
648.0,246.77757,2025-12-28 12:00:00
461.25,337.0698,2025-12-28 13:00:00
632.0,294.44794,2025-12-28 13:00:00
626.0,212.46083,2025-12-28 13:00:00
632.0,291.96588,2025-12-28 13:00:00
709.0,486.73602,2025-12-28 13:00:00
583.0,255.8015,2025-12-28 14:00:00
412.75,329.91302,2025-12-28 14:00:00
627.0,342.9774,2025-12-28 14:00:00
583.0,418.1329,2025-12-28 14:00:00
467.0,343.3029,2025-12-28 14:00:00
365.0,306.70206,2025-12-28 15:00:00
571.0,250.00409,2025-12-28 15:00:00
303.0,291.46182,2025-12-28 15:00:00
399.0,306.9939,2025-12-28 15:00:00
536.0,390.82947,2025-12-28 15:00:00
505.0,410.72144,2025-12-28 16:00:00
317.0,283.6762,2025-12-28 16:00:00
460.0,260.2872,2025-12-28 16:00:00
318.75,253.26299,2025-12-28 16:00:00
298.0,326.73196,2025-12-28 16:00:00
373.0,305.4295,2025-12-28 17:00:00
354.0,376.3611,2025-12-28 17:00:00
266.0,275.49518,2025-12-28 17:00:00
224.0,305.57956,2025-12-28 17:00:00
454.0,273.6423,2025-12-28 17:00:00
265.0,273.60126,2025-12-28 18:00:00
218.0,309.40656,2025-12-28 18:00:00
324.25,291.29163,2025-12-28 18:00:00
449.0,256.21936,2025-12-28 18:00:00
357.0,420.5363,2025-12-28 18:00:00
251.0,290.29758,2025-12-28 19:00:00
440.0,336.06305,2025-12-28 19:00:00
432.0,373.61307,2025-12-28 19:00:00
302.25,288.79575,2025-12-28 19:00:00
222.0,322.77167,2025-12-28 19:00:00
411.0,279.28888,2025-12-28 20:00:00
240.0,268.1891,2025-12-28 20:00:00
289.25,250.84433,2025-12-28 20:00:00
249.0,274.22415,2025-12-28 20:00:00
447.0,375.18634,2025-12-28 20:00:00
461.0,367.7494,2025-12-28 21:00:00
262.0,327.60815,2025-12-28 21:00:00
282.0,265.1881,2025-12-28 21:00:00
415.0,256.07245,2025-12-28 21:00:00
260.5,253.8011,2025-12-28 21:00:00
304.0,279.20844,2025-12-28 22:00:00
552.0,409.11337,2025-12-28 22:00:00
321.25,274.5174,2025-12-28 22:00:00
333.0,298.35538,2025-12-28 22:00:00
274.0,304.52783,2025-12-28 22:00:00
353.0,288.6366,2025-12-28 23:00:00
506.0,416.20923,2025-12-28 23:00:00
343.25,281.42978,2025-12-28 23:00:00
276.0,266.25177,2025-12-28 23:00:00
353.0,263.40735,2025-12-28 23:00:00
261.0,328.3465,2025-12-29 00:00:00
373.0,438.42764,2025-12-29 00:00:00
334.5,345.26584,2025-12-29 00:00:00
392.0,466.96805,2025-12-29 00:00:00
353.0,302.3628,2025-12-29 00:00:00
389.0,256.4542,2025-12-29 01:00:00
339.0,426.45172,2025-12-29 01:00:00
274.0,274.67,2025-12-29 01:00:00
319.75,314.67218,2025-12-29 01:00:00
387.0,343.46844,2025-12-29 01:00:00
326.0,272.69485,2025-12-29 02:00:00
366.0,296.2896,2025-12-29 02:00:00
345.0,356.03516,2025-12-29 02:00:00
342.0,404.10602,2025-12-29 02:00:00
296.0,273.5931,2025-12-29 02:00:00
293.0,277.38065,2025-12-29 03:00:00
332.0,408.93362,2025-12-29 03:00:00
343.0,295.7888,2025-12-29 03:00:00
346.75,281.82324,2025-12-29 03:00:00
393.0,361.21652,2025-12-29 03:00:00
326.0,248.3623,2025-12-29 04:00:00
276.0,276.48697,2025-12-29 04:00:00
371.75,260.8779,2025-12-29 04:00:00
354.0,323.4909,2025-12-29 04:00:00
421.0,451.8806,2025-12-29 04:00:00
309.0,314.2217,2025-12-29 05:00:00
407.0,411.4373,2025-12-29 05:00:00
416.25,343.0875,2025-12-29 05:00:00
290.0,298.7973,2025-12-29 05:00:00
376.0,301.67044,2025-12-29 05:00:00
545.0,482.61215,2025-12-29 06:00:00
329.0,394.16074,2025-12-29 06:00:00
354.0,364.57248,2025-12-29 06:00:00
398.0,278.6919,2025-12-29 06:00:00
425.25,323.94742,2025-12-29 06:00:00
349.0,416.7384,2025-12-29 07:00:00
415.0,269.7309,2025-12-29 07:00:00
387.5,322.7168,2025-12-29 07:00:00
328.0,326.96402,2025-12-29 07:00:00
624.0,379.45786,2025-12-29 07:00:00
453.0,456.6736,2025-12-29 08:00:00
334.0,342.12833,2025-12-29 08:00:00
429.0,296.13077,2025-12-29 08:00:00
585.0,346.07285,2025-12-29 08:00:00
387.0,356.22354,2025-12-29 08:00:00
556.0,508.07864,2025-12-29 09:00:00
506.0,487.5879,2025-12-29 09:00:00
426.0,325.73624,2025-12-29 09:00:00
420.75,280.44055,2025-12-29 09:00:00
364.0,308.91678,2025-12-29 09:00:00
536.0,406.9371,2025-12-29 10:00:00
403.0,354.7243,2025-12-29 10:00:00
455.5,287.6744,2025-12-29 10:00:00
550.0,443.48535,2025-12-29 10:00:00
458.0,401.3466,2025-12-29 10:00:00
578.0,381.8599,2025-12-29 11:00:00
506.0,326.70364,2025-12-29 11:00:00
282.0,278.33017,2025-12-29 11:00:00
434.6666666666667,280.76974,2025-12-29 11:00:00
527.0,349.4996,2025-12-29 11:00:00
550.0,303.9144,2025-12-29 12:00:00
379.5,293.68494,2025-12-29 12:00:00
227.0,280.69064,2025-12-29 12:00:00
354.0,341.9724,2025-12-29 12:00:00
495.0,375.03336,2025-12-29 12:00:00
359.0,302.5798,2025-12-29 13:00:00
505.0,357.2639,2025-12-29 13:00:00
291.0,353.24966,2025-12-29 13:00:00
558.0,288.7568,2025-12-29 13:00:00
234.0,317.1551,2025-12-29 13:00:00
508.0,354.63663,2025-12-29 14:00:00
311.0,307.01395,2025-12-29 14:00:00
245.0,346.78397,2025-12-29 14:00:00
350.0,310.38486,2025-12-29 14:00:00
353.75,344.55756,2025-12-29 14:00:00
417.0,303.29767,2025-12-29 15:00:00
483.0,330.72263,2025-12-29 15:00:00
302.0,360.60577,2025-12-29 15:00:00
350.25,311.5561,2025-12-29 15:00:00
353.0,396.00217,2025-12-29 15:00:00
358.0,308.83182,2025-12-29 16:00:00
439.0,375.84842,2025-12-29 16:00:00
403.0,290.97095,2025-12-29 16:00:00
266.0,305.64618,2025-12-29 16:00:00
372.0,303.37668,2025-12-29 16:00:00
384.0,374.34695,2025-12-29 17:00:00
316.0,258.99817,2025-12-29 17:00:00
345.25,315.83786,2025-12-29 17:00:00
395.0,297.95474,2025-12-29 17:00:00
326.0,279.21848,2025-12-29 17:00:00
338.0,275.70984,2025-12-29 18:00:00
389.0,296.3206,2025-12-29 18:00:00
356.5,281.78693,2025-12-29 18:00:00
429.0,385.07983,2025-12-29 18:00:00
337.0,255.73247,2025-12-29 18:00:00
338.0,250.64221,2025-12-29 19:00:00
436.0,351.8013,2025-12-29 19:00:00
364.0,291.92853,2025-12-29 19:00:00
344.0,276.73834,2025-12-29 19:00:00
376.5,259.68686,2025-12-29 19:00:00
368.0,277.99307,2025-12-29 20:00:00
339.0,327.65298,2025-12-29 20:00:00
471.0,311.0662,2025-12-29 20:00:00
351.0,273.37506,2025-12-29 20:00:00
389.25,241.17682,2025-12-29 20:00:00
373.0,302.96677,2025-12-29 21:00:00
384.5,258.2472,2025-12-29 21:00:00
326.0,304.78833,2025-12-29 21:00:00
366.0,281.6891,2025-12-29 21:00:00
456.0,306.46182,2025-12-29 21:00:00
248.0,292.1859,2025-12-29 22:00:00
498.0,277.54828,2025-12-29 22:00:00
448.0,273.80768,2025-12-29 22:00:00
385.0,296.0484,2025-12-29 22:00:00
391.75,254.06483,2025-12-29 22:00:00
459.0,292.86627,2025-12-29 23:00:00
393.0,270.03815,2025-12-29 23:00:00
432.0,286.24603,2025-12-29 23:00:00
265.0,276.6537,2025-12-29 23:00:00
403.0,243.75346,2025-12-29 23:00:00
257.0,255.99362,2025-12-30 00:00:00
370.0,275.57724,2025-12-30 00:00:00
495.0,359.87357,2025-12-30 00:00:00
461.0,363.3853,2025-12-30 00:00:00
393.25,223.82236,2025-12-30 00:00:00
343.0,246.8272,2025-12-30 01:00:00
278.0,263.1894,2025-12-30 01:00:00
310.25,209.17378,2025-12-30 01:00:00
464.0,306.56992,2025-12-30 01:00:00
451.0,334.90964,2025-12-30 01:00:00
522.0,322.31766,2025-12-30 02:00:00
203.75,209.6146,2025-12-30 02:00:00
265.0,284.79172,2025-12-30 02:00:00
362.0,309.04742,2025-12-30 02:00:00
257.0,253.93318,2025-12-30 02:00:00
188.0,273.38342,2025-12-30 03:00:00
177.5,227.59998,2025-12-30 03:00:00
498.0,302.9829,2025-12-30 03:00:00
291.0,308.6594,2025-12-30 03:00:00
229.0,272.701,2025-12-30 03:00:00
202.0,281.43472,2025-12-30 04:00:00
191.0,265.36414,2025-12-30 04:00:00
186.5,259.15536,2025-12-30 04:00:00
360.0,283.01855,2025-12-30 04:00:00
127.0,283.68726,2025-12-30 04:00:00
144.0,268.2042,2025-12-30 05:00:00
217.25,226.63202,2025-12-30 05:00:00
257.0,252.45186,2025-12-30 05:00:00
399.0,336.93024,2025-12-30 05:00:00
175.0,305.02103,2025-12-30 05:00:00
549.0,329.80832,2025-12-30 06:00:00
348.0,280.36227,2025-12-30 06:00:00
191.0,361.8303,2025-12-30 06:00:00
298.75,283.99777,2025-12-30 06:00:00
229.0,400.604,2025-12-30 06:00:00
365.0,346.6946,2025-12-30 07:00:00
388.0,301.0964,2025-12-30 07:00:00
415.25,351.34637,2025-12-30 07:00:00
543.0,334.47498,2025-12-30 07:00:00
344.0,415.32654,2025-12-30 07:00:00
519.0,316.65747,2025-12-30 08:00:00
798.0,340.30887,2025-12-30 08:00:00
544.0,391.78348,2025-12-30 08:00:00
373.0,461.9228,2025-12-30 08:00:00
478.25,345.0181,2025-12-30 08:00:00
490.5,292.17422,2025-12-30 09:00:00
467.0,296.46802,2025-12-30 09:00:00
720.0,332.50412,2025-12-30 09:00:00
509.0,322.825,2025-12-30 09:00:00
670.0,402.89346,2025-12-30 09:00:00
841.0,474.27698,2025-12-30 10:00:00
444.0,382.556,2025-12-30 10:00:00
474.5,386.90994,2025-12-30 10:00:00
802.0,414.66043,2025-12-30 10:00:00
599.0,377.69598,2025-12-30 10:00:00
536.0,303.41162,2025-12-30 11:00:00
775.0,359.56738,2025-12-30 11:00:00
503.6666666666667,322.30527,2025-12-30 11:00:00
823.0,369.85385,2025-12-30 11:00:00
495.0,320.8903,2025-12-30 11:00:00
578.25,304.111,2025-12-30 12:00:00
493.0,408.44843,2025-12-30 12:00:00
606.0,273.6356,2025-12-30 12:00:00
831.0,384.02292,2025-12-30 12:00:00
920.0,382.95618,2025-12-30 12:00:00
447.0,402.41992,2025-12-30 13:00:00
624.0,295.86664,2025-12-30 13:00:00
539.0,259.07526,2025-12-30 13:00:00
660.0,416.2574,2025-12-30 13:00:00
545.0,387.10623,2025-12-30 13:00:00
472.0,338.08023,2025-12-30 14:00:00
634.0,314.95227,2025-12-30 14:00:00
506.0,383.0439,2025-12-30 14:00:00
431.0,356.58322,2025-12-30 14:00:00
482.0,420.3767,2025-12-30 14:00:00
422.0,362.7032,2025-12-30 15:00:00
509.0,375.2025,2025-12-30 15:00:00
431.0,332.26562,2025-12-30 15:00:00
650.0,322.79852,2025-12-30 15:00:00
488.0,412.45648,2025-12-30 15:00:00
405.0,321.32407,2025-12-30 16:00:00
431.0,380.51117,2025-12-30 16:00:00
410.0,389.02783,2025-12-30 16:00:00
583.25,300.06387,2025-12-30 16:00:00
556.0,315.2072,2025-12-30 16:00:00
431.0,370.1544,2025-12-30 17:00:00
474.75,319.0082,2025-12-30 17:00:00
385.0,403.5934,2025-12-30 17:00:00
617.0,277.40787,2025-12-30 17:00:00
394.0,290.06436,2025-12-30 17:00:00
434.0,301.8215,2025-12-30 18:00:00
431.25,323.80402,2025-12-30 18:00:00
611.0,289.24014,2025-12-30 18:00:00
536.0,376.67908,2025-12-30 18:00:00
423.0,427.12512,2025-12-30 18:00:00
450.0,367.28757,2025-12-30 19:00:00
344.5,330.41138,2025-12-30 19:00:00
455.0,375.17346,2025-12-30 19:00:00
536.0,307.32352,2025-12-30 19:00:00
337.0,295.14465,2025-12-30 19:00:00
274.0,342.97885,2025-12-30 20:00:00
249.0,432.8234,2025-12-30 20:00:00
401.0,340.1419,2025-12-30 20:00:00
233.0,346.64548,2025-12-30 20:00:00
297.25,356.36224,2025-12-30 20:00:00
235.0,335.3717,2025-12-30 21:00:00
241.0,311.9288,2025-12-30 21:00:00
297.0,335.76028,2025-12-30 21:00:00
248.0,425.38486,2025-12-30 21:00:00
205.0,373.21225,2025-12-30 21:00:00
287.0,376.19537,2025-12-30 22:00:00
284.5,335.85208,2025-12-30 22:00:00
227.0,290.42123,2025-12-30 22:00:00
206.0,349.30133,2025-12-30 22:00:00
196.0,358.02713,2025-12-30 22:00:00
288.75,361.06955,2025-12-30 23:00:00
254.0,282.49527,2025-12-30 23:00:00
227.0,371.06516,2025-12-30 23:00:00
257.0,376.6233,2025-12-30 23:00:00
230.0,349.2756,2025-12-30 23:00:00
322.0,301.09897,2025-12-31 00:00:00
259.0,273.08777,2025-12-31 00:00:00
221.0,373.316,2025-12-31 00:00:00
224.0,305.53787,2025-12-31 00:00:00
249.0,336.25308,2025-12-31 00:00:00
341.25,275.81583,2025-12-31 01:00:00
284.0,321.71664,2025-12-31 01:00:00
223.0,320.17493,2025-12-31 01:00:00
256.0,251.2151,2025-12-31 01:00:00
245.0,258.94644,2025-12-31 01:00:00
251.0,289.37744,2025-12-31 02:00:00
298.0,288.35114,2025-12-31 02:00:00
296.0,356.7,2025-12-31 02:00:00
251.0,251.45358,2025-12-31 02:00:00
353.75,339.14566,2025-12-31 02:00:00
269.0,314.29047,2025-12-31 03:00:00
274.0,241.25497,2025-12-31 03:00:00
329.0,335.32858,2025-12-31 03:00:00
395.0,357.9271,2025-12-31 03:00:00
296.0,251.98595,2025-12-31 03:00:00
424.25,366.39832,2025-12-31 04:00:00
335.0,274.50388,2025-12-31 04:00:00
331.0,217.62039,2025-12-31 04:00:00
344.0,331.93634,2025-12-31 04:00:00
276.0,250.37343,2025-12-31 04:00:00
398.0,328.29282,2025-12-31 05:00:00
420.5,349.89395,2025-12-31 05:00:00
379.0,255.52342,2025-12-31 05:00:00
300.0,208.74864,2025-12-31 05:00:00
295.0,275.6753,2025-12-31 05:00:00
428.0,400.83752,2025-12-31 06:00:00
317.0,328.14615,2025-12-31 06:00:00
331.0,271.91705,2025-12-31 06:00:00
385.0,275.23618,2025-12-31 06:00:00
404.5,283.30466,2025-12-31 06:00:00
376.0,264.4511,2025-12-31 07:00:00
404.5,281.47174,2025-12-31 07:00:00
527.0,418.711,2025-12-31 07:00:00
356.0,305.88004,2025-12-31 07:00:00
354.0,300.71384,2025-12-31 07:00:00
127.33333333333331,226.23865,2025-12-31 08:00:00
383.0,310.42358,2025-12-31 08:00:00
585.0,445.62238,2025-12-31 08:00:00
396.0,237.39087,2025-12-31 08:00:00
388.0,285.59784,2025-12-31 08:00:00
477.0,402.12308,2025-12-31 09:00:00
403.0,225.32191,2025-12-31 09:00:00
348.3333333333333,232.81418,2025-12-31 09:00:00
399.0,255.89062,2025-12-31 09:00:00
395.0,297.05896,2025-12-31 09:00:00
490.0,291.13263,2025-12-31 10:00:00
395.0,226.54283,2025-12-31 10:00:00
421.0,227.88766,2025-12-31 10:00:00
355.5,256.35928,2025-12-31 10:00:00
385.0,249.5347,2025-12-31 10:00:00
401.0,208.5459,2025-12-31 11:00:00
536.0,238.28609,2025-12-31 11:00:00
360.0,247.08104,2025-12-31 11:00:00
404.0,260.91397,2025-12-31 11:00:00
395.0,234.5215,2025-12-31 11:00:00
