actual,predicted,timestamp
43.875,29.121231,2025-07-02 06:00:00
19.825,16.562134,2025-07-02 06:00:00
14.975,13.797194,2025-07-02 06:00:00
20.875,25.158978,2025-07-02 06:00:00
14.5,15.932815,2025-07-02 06:00:00
20.775,24.776514,2025-07-02 07:00:00
42.65,26.299591,2025-07-02 07:00:00
13.4,14.862785,2025-07-02 07:00:00
15.5,15.691606,2025-07-02 07:00:00
18.675,17.859484,2025-07-02 07:00:00
15.45,14.815135,2025-07-02 08:00:00
12.825,14.421458,2025-07-02 08:00:00
18.75,17.350233,2025-07-02 08:00:00
16.05,21.939804,2025-07-02 08:00:00
42.275000000000006,26.985376,2025-07-02 08:00:00
13.2,16.028452,2025-07-02 09:00:00
15.625,14.700766,2025-07-02 09:00:00
42.975,29.209501,2025-07-02 09:00:00
13.525,17.968693,2025-07-02 09:00:00
20.7,19.520868,2025-07-02 09:00:00
13.075,13.367406,2025-07-02 10:00:00
8.525,13.894306,2025-07-02 10:00:00
13.45,18.179491,2025-07-02 10:00:00
47.0,25.40413,2025-07-02 10:00:00
19.975,18.580107,2025-07-02 10:00:00
19.125,18.533686,2025-07-02 11:00:00
12.975,17.361492,2025-07-02 11:00:00
12.225,12.782951,2025-07-02 11:00:00
49.65,27.036173,2025-07-02 11:00:00
5.45,13.364493,2025-07-02 11:00:00
14.4,13.208599,2025-07-02 12:00:00
18.825,20.443613,2025-07-02 12:00:00
4.7,14.044288,2025-07-02 12:00:00
18.275,18.675076,2025-07-02 12:00:00
48.3,30.543226,2025-07-02 12:00:00
19.125,16.12027,2025-07-02 13:00:00
14.35,13.339898,2025-07-02 13:00:00
52.0,35.219513,2025-07-02 13:00:00
4.3,13.569466,2025-07-02 13:00:00
23.2,32.205505,2025-07-02 13:00:00
19.5,15.955004,2025-07-02 14:00:00
22.025,32.099747,2025-07-02 14:00:00
55.25,38.985367,2025-07-02 14:00:00
6.925,14.38008,2025-07-02 14:00:00
16.325,14.497381,2025-07-02 14:00:00
16.925,13.848394,2025-07-02 15:00:00
8.475,12.366487,2025-07-02 15:00:00
20.0,17.485786,2025-07-02 15:00:00
55.875,43.094997,2025-07-02 15:00:00
23.55,27.683273,2025-07-02 15:00:00
57.775,37.585537,2025-07-02 16:00:00
7.475,13.067138,2025-07-02 16:00:00
16.525,16.084265,2025-07-02 16:00:00
20.15,25.742496,2025-07-02 16:00:00
18.575000000000003,19.667639,2025-07-02 16:00:00
7.233333333333333,13.317277,2025-07-02 17:00:00
61.9,45.41876,2025-07-02 17:00:00
16.5,23.66343,2025-07-02 17:00:00
16.85,14.25464,2025-07-02 17:00:00
18.05,20.265905,2025-07-02 17:00:00
21.933333333333334,41.60438,2025-07-02 18:00:00
13.966666666666669,13.705946,2025-07-02 18:00:00
14.675,22.996054,2025-07-02 18:00:00
16.475,20.235569,2025-07-02 18:00:00
12.875,12.829459,2025-07-02 18:00:00
12.5,13.992353,2025-07-02 19:00:00
15.775,12.157562,2025-07-02 19:00:00
11.55,21.7595,2025-07-02 19:00:00
14.125,21.861746,2025-07-02 19:00:00
25.075,45.24684,2025-07-02 19:00:00
21.1,19.892359,2025-07-02 20:00:00
15.3,12.185918,2025-07-02 20:00:00
9.5,22.194796,2025-07-02 20:00:00
11.7,13.958818,2025-07-02 20:00:00
26.5,48.441273,2025-07-02 20:00:00
15.525,11.838892,2025-07-02 21:00:00
9.275,20.350348,2025-07-02 21:00:00
11.85,12.931762,2025-07-02 21:00:00
22.275,19.65714,2025-07-02 21:00:00
27.525,53.610703,2025-07-02 21:00:00
12.075,19.415924,2025-07-02 22:00:00
13.875,11.870892,2025-07-02 22:00:00
12.475,13.355552,2025-07-02 22:00:00
21.7,17.658741,2025-07-02 22:00:00
28.75,54.447388,2025-07-02 22:00:00
10.85,19.029472,2025-07-02 23:00:00
34.8,56.911304,2025-07-02 23:00:00
20.25,15.349042,2025-07-02 23:00:00
13.175,11.977825,2025-07-02 23:00:00
13.425,12.053056,2025-07-02 23:00:00
32.0,41.828186,2025-07-03 00:00:00
14.15,12.175657,2025-07-03 00:00:00
13.275,16.875505,2025-07-03 00:00:00
12.9,13.109777,2025-07-03 00:00:00
14.625,14.586985,2025-07-03 00:00:00
13.75,14.60833,2025-07-03 01:00:00
33.375,33.634384,2025-07-03 01:00:00
15.775,11.784173,2025-07-03 01:00:00
13.5,13.379661,2025-07-03 01:00:00
13.075,15.267658,2025-07-03 01:00:00
12.5,12.561541,2025-07-03 02:00:00
12.85,13.406395,2025-07-03 02:00:00
36.2,24.565386,2025-07-03 02:00:00
12.2,15.858094,2025-07-03 02:00:00
17.0,12.638194,2025-07-03 02:00:00
17.0,12.234867,2025-07-03 03:00:00
11.65,12.320589,2025-07-03 03:00:00
34.625,31.348318,2025-07-03 03:00:00
14.0,12.669714,2025-07-03 03:00:00
13.5,17.806692,2025-07-03 03:00:00
13.5,13.524373,2025-07-03 04:00:00
39.025,32.937828,2025-07-03 04:00:00
11.1,12.898297,2025-07-03 04:00:00
20.65,17.777658,2025-07-03 04:00:00
16.975,12.198233,2025-07-03 04:00:00
21.8,17.997229,2025-07-03 05:00:00
14.65,13.061173,2025-07-03 05:00:00
41.0,35.898003,2025-07-03 05:00:00
17.475,12.966929,2025-07-03 05:00:00
14.025,14.443129,2025-07-03 05:00:00
21.8,18.469727,2025-07-03 06:00:00
13.025,13.174649,2025-07-03 06:00:00
41.1,40.091393,2025-07-03 06:00:00
16.225,12.757535,2025-07-03 06:00:00
13.6,13.99895,2025-07-03 06:00:00
53.95,16.686344,2025-07-03 07:00:00
13.4,13.964013,2025-07-03 07:00:00
42.625,43.739567,2025-07-03 07:00:00
13.475,14.534621,2025-07-03 07:00:00
15.225,13.03017,2025-07-03 07:00:00
13.425,14.080021,2025-07-03 08:00:00
15.1,14.312671,2025-07-03 08:00:00
13.925,14.314823,2025-07-03 08:00:00
44.45,29.438356,2025-07-03 08:00:00
119.75,15.305223,2025-07-03 08:00:00
119.75,14.807536,2025-07-03 09:00:00
14.675,12.928373,2025-07-03 09:00:00
13.875,13.330027,2025-07-03 09:00:00
16.15,14.367596,2025-07-03 09:00:00
44.9,28.430285,2025-07-03 09:00:00
119.75,15.547296,2025-07-03 10:00:00
12.775,14.563108,2025-07-03 10:00:00
12.65,12.713402,2025-07-03 10:00:00
14.525,13.111856,2025-07-03 10:00:00
46.45,25.170961,2025-07-03 10:00:00
49.6,23.905298,2025-07-03 11:00:00
14.475,12.983336,2025-07-03 11:00:00
10.975,13.722165,2025-07-03 11:00:00
12.15,12.19642,2025-07-03 11:00:00
16.0,15.664972,2025-07-03 11:00:00
26.175,16.27069,2025-07-03 12:00:00
11.725,14.0809965,2025-07-03 12:00:00
50.575,32.098846,2025-07-03 12:00:00
14.15,13.025691,2025-07-03 12:00:00
11.325,12.479057,2025-07-03 12:00:00
52.525000000000006,39.564877,2025-07-03 13:00:00
14.7,12.1958685,2025-07-03 13:00:00
12.875,12.481348,2025-07-03 13:00:00
11.975,13.031739,2025-07-03 13:00:00
28.0,19.852362,2025-07-03 13:00:00
16.675,12.504382,2025-07-03 14:00:00
12.275,13.042978,2025-07-03 14:00:00
11.25,13.059534,2025-07-03 14:00:00
60.575,35.833145,2025-07-03 14:00:00
29.075,37.40538,2025-07-03 14:00:00
12.4,13.376391,2025-07-03 15:00:00
28.0,43.09694,2025-07-03 15:00:00
17.0,12.12336,2025-07-03 15:00:00
12.65,12.806145,2025-07-03 15:00:00
57.95,37.85336,2025-07-03 15:00:00
58.65,43.08342,2025-07-03 16:00:00
17.225,12.230855,2025-07-03 16:00:00
11.875,12.499764,2025-07-03 16:00:00
19.925,52.892643,2025-07-03 16:00:00
12.625,13.760788,2025-07-03 16:00:00
60.95,46.73244,2025-07-03 17:00:00
11.675,12.2353525,2025-07-03 17:00:00
12.0,14.2307825,2025-07-03 17:00:00
17.333333333333332,11.925751,2025-07-03 17:00:00
18.35,51.163673,2025-07-03 17:00:00
19.025,36.52514,2025-07-03 18:00:00
14.4,15.036648,2025-07-03 18:00:00
20.366666666666667,39.501427,2025-07-03 18:00:00
12.55,11.512735,2025-07-03 18:00:00
11.8,12.306884,2025-07-03 18:00:00
19.525,41.587784,2025-07-03 19:00:00
10.15,11.468661,2025-07-03 19:00:00
12.7,11.305848,2025-07-03 19:00:00
20.95,30.414494,2025-07-03 19:00:00
18.675,16.729961,2025-07-03 19:00:00
15.1,14.509432,2025-07-03 20:00:00
10.15,12.107112,2025-07-03 20:00:00
12.1,12.210566,2025-07-03 20:00:00
43.45,33.84248,2025-07-03 20:00:00
21.6,46.965714,2025-07-03 20:00:00
22.775,49.078484,2025-07-03 21:00:00
10.75,12.559182,2025-07-03 21:00:00
13.35,12.042364,2025-07-03 21:00:00
17.2,14.238683,2025-07-03 21:00:00
36.775,31.154186,2025-07-03 21:00:00
12.6,12.001125,2025-07-03 22:00:00
11.55,12.42596,2025-07-03 22:00:00
28.75,28.00681,2025-07-03 22:00:00
18.625,12.337009,2025-07-03 22:00:00
24.325,45.791965,2025-07-03 22:00:00
20.55,12.606684,2025-07-03 23:00:00
10.975,13.818128,2025-07-03 23:00:00
13.175,11.362151,2025-07-03 23:00:00
25.925,31.912552,2025-07-03 23:00:00
29.175,41.72255,2025-07-03 23:00:00
18.6,12.5177145,2025-07-04 00:00:00
16.725,26.302616,2025-07-04 00:00:00
29.875,42.272972,2025-07-04 00:00:00
12.525,11.432606,2025-07-04 00:00:00
11.675,14.357722,2025-07-04 00:00:00
20.35,12.49097,2025-07-04 01:00:00
13.275,11.2678795,2025-07-04 01:00:00
12.075,13.944191,2025-07-04 01:00:00
14.625,24.122416,2025-07-04 01:00:00
32.35,31.848475,2025-07-04 01:00:00
17.875,13.2683525,2025-07-04 02:00:00
13.675,12.672151,2025-07-04 02:00:00
14.675,30.72936,2025-07-04 02:00:00
29.4,20.839674,2025-07-04 02:00:00
14.4,13.23741,2025-07-04 02:00:00
15.6,12.851052,2025-07-04 03:00:00
11.75,11.612379,2025-07-04 03:00:00
18.5,12.734097,2025-07-04 03:00:00
16.325,25.033825,2025-07-04 03:00:00
31.375,23.196602,2025-07-04 03:00:00
36.15,26.557585,2025-07-04 04:00:00
12.15,12.21839,2025-07-04 04:00:00
20.0,12.717118,2025-07-04 04:00:00
16.3,13.097859,2025-07-04 04:00:00
23.575,27.108246,2025-07-04 04:00:00
16.425,13.818583,2025-07-04 05:00:00
25.075,33.760414,2025-07-04 05:00:00
13.975,12.06393,2025-07-04 05:00:00
41.675,31.443878,2025-07-04 05:00:00
21.325,16.064587,2025-07-04 05:00:00
16.625,13.851197,2025-07-04 06:00:00
22.9,15.956244,2025-07-04 06:00:00
23.975,28.51257,2025-07-04 06:00:00
40.525,35.165253,2025-07-04 06:00:00
13.35,13.317479,2025-07-04 06:00:00
24.125,26.415543,2025-07-04 07:00:00
17.225,17.362215,2025-07-04 07:00:00
16.6,13.2233715,2025-07-04 07:00:00
41.15,29.66842,2025-07-04 07:00:00
14.5,13.468193,2025-07-04 07:00:00
10.675,13.432424,2025-07-04 08:00:00
15.95,13.4397135,2025-07-04 08:00:00
17.175,21.573921,2025-07-04 08:00:00
26.025,15.435704,2025-07-04 08:00:00
39.325,27.080751,2025-07-04 08:00:00
44.5,27.987516,2025-07-04 09:00:00
14.15,22.6657,2025-07-04 09:00:00
15.025,13.47245,2025-07-04 09:00:00
10.05,12.425014,2025-07-04 09:00:00
24.025,15.397785,2025-07-04 09:00:00
12.333333333333334,16.48416,2025-07-04 10:00:00
45.025000000000006,22.600227,2025-07-04 10:00:00
13.275,24.865479,2025-07-04 10:00:00
14.475,13.813842,2025-07-04 10:00:00
10.3,12.12882,2025-07-04 10:00:00
15.775,25.17038,2025-07-04 11:00:00
9.75,12.341306,2025-07-04 11:00:00
14.275,12.811304,2025-07-04 11:00:00
46.675,25.861244,2025-07-04 11:00:00
20.75,17.283821,2025-07-04 11:00:00
6.0,16.8061,2025-07-04 12:00:00
49.075,34.130466,2025-07-04 12:00:00
13.75,13.309324,2025-07-04 12:00:00
13.725,12.899475,2025-07-04 12:00:00
24.55,26.663416,2025-07-04 12:00:00
50.725,38.507355,2025-07-04 13:00:00
14.275,12.431495,2025-07-04 13:00:00
30.25,25.055897,2025-07-04 13:00:00
13.725,13.331982,2025-07-04 13:00:00
2.6500000000000004,17.333838,2025-07-04 13:00:00
53.45,36.214993,2025-07-04 14:00:00
14.7,12.600918,2025-07-04 14:00:00
11.875,13.539961,2025-07-04 14:00:00
14.025,18.147596,2025-07-04 14:00:00
33.6,22.01338,2025-07-04 14:00:00
17.224999999999998,19.358599,2025-07-04 15:00:00
10.675,12.1422415,2025-07-04 15:00:00
56.425,32.516617,2025-07-04 15:00:00
16.675,11.806501,2025-07-04 15:00:00
35.1,21.091578,2025-07-04 15:00:00
55.825,35.645252,2025-07-04 16:00:00
10.7,12.556338,2025-07-04 16:00:00
17.625,18.798742,2025-07-04 16:00:00
28.725,20.243141,2025-07-04 16:00:00
16.15,11.994932,2025-07-04 16:00:00
57.65,40.48276,2025-07-04 17:00:00
10.966666666666669,13.039008,2025-07-04 17:00:00
16.875,11.135524,2025-07-04 17:00:00
17.3,18.83201,2025-07-04 17:00:00
28.275,22.576834,2025-07-04 17:00:00
21.6,24.355827,2025-07-04 18:00:00
12.075,13.164248,2025-07-04 18:00:00
20.325,17.075245,2025-07-04 18:00:00
13.4,10.92732,2025-07-04 18:00:00
13.933333333333332,37.27481,2025-07-04 18:00:00
24.15,15.526955,2025-07-04 19:00:00
12.475,12.2537365,2025-07-04 19:00:00
19.200000000000003,42.560802,2025-07-04 19:00:00
13.925,25.506025,2025-07-04 19:00:00
11.775,11.887347,2025-07-04 19:00:00
21.9,42.144573,2025-07-04 20:00:00
12.65,12.553692,2025-07-04 20:00:00
23.5,15.722633,2025-07-04 20:00:00
18.95,27.425804,2025-07-04 20:00:00
11.7,11.567403,2025-07-04 20:00:00
13.125,12.330398,2025-07-04 21:00:00
10.1,11.442346,2025-07-04 21:00:00
21.075,27.738058,2025-07-04 21:00:00
18.325,39.2524,2025-07-04 21:00:00
21.5,14.6911125,2025-07-04 21:00:00
23.15,18.131908,2025-07-04 22:00:00
14.05,11.321961,2025-07-04 22:00:00
18.5,22.586674,2025-07-04 22:00:00
10.85,12.720495,2025-07-04 22:00:00
18.825,35.61516,2025-07-04 22:00:00
25.65,13.923933,2025-07-04 23:00:00
12.375,12.261377,2025-07-04 23:00:00
25.65,38.11994,2025-07-04 23:00:00
18.1,23.825327,2025-07-04 23:00:00
14.95,11.819951,2025-07-04 23:00:00
25.65,33.848213,2025-07-05 00:00:00
25.6,16.959305,2025-07-05 00:00:00
13.1,23.584543,2025-07-05 00:00:00
13.25,12.057811,2025-07-05 00:00:00
15.75,12.749699,2025-07-05 00:00:00
25.375,17.839815,2025-07-05 01:00:00
16.425,12.496893,2025-07-05 01:00:00
27.275,17.698637,2025-07-05 01:00:00
14.45,10.584596,2025-07-05 01:00:00
10.7,19.513184,2025-07-05 01:00:00
5.975,16.132494,2025-07-05 02:00:00
16.45,12.197101,2025-07-05 02:00:00
13.4,11.827765,2025-07-05 02:00:00
26.725,18.620062,2025-07-05 02:00:00
30.55,15.937781,2025-07-05 02:00:00
16.7,12.315602,2025-07-05 03:00:00
13.925,15.317802,2025-07-05 03:00:00
28.725,16.88294,2025-07-05 03:00:00
10.75,12.197608,2025-07-05 03:00:00
25.925,18.740187,2025-07-05 03:00:00
10.675,11.426928,2025-07-05 04:00:00
41.0,18.895945,2025-07-05 04:00:00
16.75,13.1710205,2025-07-05 04:00:00
32.0,25.43679,2025-07-05 04:00:00
26.775,19.206955,2025-07-05 04:00:00
11.225,12.320571,2025-07-05 05:00:00
27.175,20.197205,2025-07-05 05:00:00
35.849999999999994,19.655308,2025-07-05 05:00:00
16.45,13.59744,2025-07-05 05:00:00
55.325,20.384148,2025-07-05 05:00:00
54.65,19.296955,2025-07-05 06:00:00
34.050000000000004,25.639137,2025-07-05 06:00:00
12.675,11.754671,2025-07-05 06:00:00
28.825,21.152464,2025-07-05 06:00:00
16.35,13.447256,2025-07-05 06:00:00
15.25,14.360345,2025-07-05 07:00:00
28.125,21.41096,2025-07-05 07:00:00
53.8,14.700617,2025-07-05 07:00:00
13.425,12.472035,2025-07-05 07:00:00
34.25,24.956854,2025-07-05 07:00:00
39.95,27.306982,2025-07-05 08:00:00
15.05,13.776597,2025-07-05 08:00:00
45.65,13.291005,2025-07-05 08:00:00
13.6,12.865024,2025-07-05 08:00:00
28.325,21.555803,2025-07-05 08:00:00
44.225,14.036381,2025-07-05 09:00:00
27.725,21.093796,2025-07-05 09:00:00
37.125,22.662123,2025-07-05 09:00:00
14.875,14.065715,2025-07-05 09:00:00
14.025,12.401901,2025-07-05 09:00:00
39.275,23.23571,2025-07-05 10:00:00
16.875,14.280593,2025-07-05 10:00:00
12.575,12.251173,2025-07-05 10:00:00
28.65,21.212046,2025-07-05 10:00:00
43.35,17.532982,2025-07-05 10:00:00
27.95,20.23624,2025-07-05 11:00:00
11.275,12.31116,2025-07-05 11:00:00
17.6,14.351987,2025-07-05 11:00:00
43.75,27.270063,2025-07-05 11:00:00
45.725,22.734339,2025-07-05 11:00:00
11.225,12.43003,2025-07-05 12:00:00
46.075,31.373795,2025-07-05 12:00:00
54.625,25.961905,2025-07-05 12:00:00
16.8,14.880767,2025-07-05 12:00:00
24.225,22.46154,2025-07-05 12:00:00
16.4,13.916631,2025-07-05 13:00:00
14.275,12.00221,2025-07-05 13:00:00
23.425,23.152985,2025-07-05 13:00:00
47.15,35.193092,2025-07-05 13:00:00
22.766666666666666,34.85164,2025-07-05 13:00:00
26.4,21.601404,2025-07-05 14:00:00
21.25,35.30822,2025-07-05 14:00:00
14.025,12.870814,2025-07-05 14:00:00
12.925,12.256889,2025-07-05 14:00:00
46.525,36.552525,2025-07-05 14:00:00
27.95,23.229164,2025-07-05 15:00:00
13.525,13.793665,2025-07-05 15:00:00
12.375,13.125981,2025-07-05 15:00:00
16.400000000000002,37.00183,2025-07-05 15:00:00
50.95,35.795925,2025-07-05 15:00:00
50.95,34.183403,2025-07-05 16:00:00
11.9,13.424147,2025-07-05 16:00:00
27.95,22.575026,2025-07-05 16:00:00
12.575,12.407258,2025-07-05 16:00:00
11.025,37.622013,2025-07-05 16:00:00
11.7,13.919323,2025-07-05 17:00:00
3.5,40.291576,2025-07-05 17:00:00
12.825,12.336186,2025-07-05 17:00:00
49.425,33.32868,2025-07-05 17:00:00
28.025,26.001009,2025-07-05 17:00:00
21.9,37.083675,2025-07-05 18:00:00
24.975,27.038729,2025-07-05 18:00:00
8.325,39.80304,2025-07-05 18:00:00
13.133333333333333,11.07177,2025-07-05 18:00:00
17.3,13.328611,2025-07-05 18:00:00
20.925,12.878035,2025-07-05 19:00:00
16.15,43.2414,2025-07-05 19:00:00
26.15,38.653297,2025-07-05 19:00:00
13.525,10.828603,2025-07-05 19:00:00
28.35,27.530178,2025-07-05 19:00:00
28.4,38.900932,2025-07-05 20:00:00
32.1,23.60605,2025-07-05 20:00:00
21.325,12.382682,2025-07-05 20:00:00
13.6,11.037393,2025-07-05 20:00:00
24.65,31.077423,2025-07-05 20:00:00
27.6,21.770094,2025-07-05 21:00:00
22.175,11.920061,2025-07-05 21:00:00
23.65,38.970665,2025-07-05 21:00:00
13.85,11.227529,2025-07-05 21:00:00
25.675,27.537643,2025-07-05 21:00:00
30.525,43.83679,2025-07-05 22:00:00
17.3,12.229719,2025-07-05 22:00:00
22.95,16.271011,2025-07-05 22:00:00
26.225,25.299603,2025-07-05 22:00:00
13.25,11.373717,2025-07-05 22:00:00
13.125,11.911092,2025-07-05 23:00:00
20.1,13.496835,2025-07-05 23:00:00
29.75,46.42246,2025-07-05 23:00:00
27.425,27.645498,2025-07-05 23:00:00
15.275,11.118042,2025-07-05 23:00:00
11.25,13.6046,2025-07-06 00:00:00
28.95,36.22203,2025-07-06 00:00:00
13.65,13.106428,2025-07-06 00:00:00
14.65,11.512764,2025-07-06 00:00:00
26.025,26.548006,2025-07-06 00:00:00
14.425,10.895771,2025-07-06 01:00:00
28.975,29.495693,2025-07-06 01:00:00
10.3,17.26503,2025-07-06 01:00:00
14.275,13.662299,2025-07-06 01:00:00
27.125,27.34631,2025-07-06 01:00:00
14.375,11.421969,2025-07-06 02:00:00
31.05,27.030983,2025-07-06 02:00:00
11.55,28.37614,2025-07-06 02:00:00
26.95,26.767088,2025-07-06 02:00:00
13.425,13.501974,2025-07-06 02:00:00
36.275,27.23032,2025-07-06 03:00:00
11.4,19.952742,2025-07-06 03:00:00
13.275,14.444271,2025-07-06 03:00:00
23.700000000000003,29.058973,2025-07-06 03:00:00
14.2,11.812985,2025-07-06 03:00:00
27.625,29.462635,2025-07-06 04:00:00
14.175,15.443955,2025-07-06 04:00:00
13.675,12.687559,2025-07-06 04:00:00
18.675,19.832945,2025-07-06 04:00:00
40.0,27.0653,2025-07-06 04:00:00
13.575,13.827029,2025-07-06 05:00:00
29.375,27.89596,2025-07-06 05:00:00
20.975,20.143532,2025-07-06 05:00:00
40.525,37.850327,2025-07-06 05:00:00
14.975,15.568003,2025-07-06 05:00:00
18.8,19.082764,2025-07-06 06:00:00
44.0,33.824913,2025-07-06 06:00:00
20.15,16.259464,2025-07-06 06:00:00
26.675,29.706606,2025-07-06 06:00:00
13.975,11.871499,2025-07-06 06:00:00
19.225,26.952047,2025-07-06 07:00:00
14.3,15.11168,2025-07-06 07:00:00
22.825,14.743425,2025-07-06 07:00:00
23.25,32.16963,2025-07-06 07:00:00
43.05,39.13236,2025-07-06 07:00:00
42.8,37.44162,2025-07-06 08:00:00
12.0,24.5929,2025-07-06 08:00:00
22.8,26.539097,2025-07-06 08:00:00
14.45,13.609805,2025-07-06 08:00:00
22.65,14.734478,2025-07-06 08:00:00
14.95,12.305139,2025-07-06 09:00:00
23.975,24.987494,2025-07-06 09:00:00
10.9,25.165873,2025-07-06 09:00:00
48.425,35.28708,2025-07-06 09:00:00
22.55,13.395867,2025-07-06 09:00:00
14.8,13.966992,2025-07-06 10:00:00
15.175,12.026184,2025-07-06 10:00:00
11.925,19.932,2025-07-06 10:00:00
48.95,30.705576,2025-07-06 10:00:00
25.425,27.655394,2025-07-06 10:00:00
52.425,31.080729,2025-07-06 11:00:00
26.225,25.794357,2025-07-06 11:00:00
14.8,13.590296,2025-07-06 11:00:00
14.125,20.67961,2025-07-06 11:00:00
15.1,12.146259,2025-07-06 11:00:00
14.8,13.417166,2025-07-06 12:00:00
26.825000000000003,25.333023,2025-07-06 12:00:00
53.75,36.739204,2025-07-06 12:00:00
15.325,13.381085,2025-07-06 12:00:00
22.55,19.75658,2025-07-06 12:00:00
26.4,24.69477,2025-07-06 13:00:00
55.275,43.47198,2025-07-06 13:00:00
27.65,27.604197,2025-07-06 13:00:00
15.525,12.991075,2025-07-06 13:00:00
14.8,14.3842745,2025-07-06 13:00:00
23.166666666666668,18.299608,2025-07-06 14:00:00
12.5,16.368958,2025-07-06 14:00:00
56.525,42.7679,2025-07-06 14:00:00
16.225,12.886174,2025-07-06 14:00:00
27.5,28.942738,2025-07-06 14:00:00
28.575,18.387268,2025-07-06 15:00:00
56.8,46.869606,2025-07-06 15:00:00
17.05,13.223679,2025-07-06 15:00:00
13.875,15.576055,2025-07-06 15:00:00
27.175,28.124674,2025-07-06 15:00:00
13.65,15.129056,2025-07-06 16:00:00
60.15,39.73506,2025-07-06 16:00:00
13.2,16.543577,2025-07-06 16:00:00
16.25,12.85832,2025-07-06 16:00:00
28.35,27.486366,2025-07-06 16:00:00
13.633333333333333,14.4162655,2025-07-06 17:00:00
28.25,24.559996,2025-07-06 17:00:00
63.325,44.3121,2025-07-06 17:00:00
13.95,15.459904,2025-07-06 17:00:00
15.625,12.721462,2025-07-06 17:00:00
12.25,12.511106,2025-07-06 18:00:00
27.53333333333333,44.232452,2025-07-06 18:00:00
14.725,15.184519,2025-07-06 18:00:00
23.525,25.536837,2025-07-06 18:00:00
14.166666666666666,13.900671,2025-07-06 18:00:00
14.775,18.198093,2025-07-06 19:00:00
20.75,24.62597,2025-07-06 19:00:00
25.525,47.273235,2025-07-06 19:00:00
11.45,11.966086,2025-07-06 19:00:00
12.925,13.337667,2025-07-06 19:00:00
20.25,20.50452,2025-07-06 20:00:00
13.3,12.899302,2025-07-06 20:00:00
24.8,42.415024,2025-07-06 20:00:00
27.3,23.921347,2025-07-06 20:00:00
12.275,10.624927,2025-07-06 20:00:00
22.775,17.783703,2025-07-06 21:00:00
13.125,10.321243,2025-07-06 21:00:00
26.35,34.49277,2025-07-06 21:00:00
13.525,13.078866,2025-07-06 21:00:00
23.825,24.722597,2025-07-06 21:00:00
18.625,15.843112,2025-07-06 22:00:00
12.9,13.878272,2025-07-06 22:00:00
28.425,30.85022,2025-07-06 22:00:00
17.45,9.145312,2025-07-06 22:00:00
21.225,26.319803,2025-07-06 22:00:00
14.325,13.948145,2025-07-06 23:00:00
29.425,35.093918,2025-07-06 23:00:00
23.1,16.536718,2025-07-06 23:00:00
19.15,29.336395,2025-07-06 23:00:00
20.1,10.069578,2025-07-06 23:00:00
19.55,25.527958,2025-07-07 00:00:00
12.925,12.570042,2025-07-07 00:00:00
14.6,12.446867,2025-07-07 00:00:00
28.4,31.275139,2025-07-07 00:00:00
20.525,13.64575,2025-07-07 00:00:00
14.175,11.427546,2025-07-07 01:00:00
8.55,14.320614,2025-07-07 01:00:00
29.5,29.53423,2025-07-07 01:00:00
21.9,24.22585,2025-07-07 01:00:00
20.9,12.464778,2025-07-07 01:00:00
24.025,22.128347,2025-07-07 02:00:00
31.75,22.228226,2025-07-07 02:00:00
8.225,14.902068,2025-07-07 02:00:00
13.85,12.122567,2025-07-07 02:00:00
15.075,12.700064,2025-07-07 02:00:00
23.55,23.466747,2025-07-07 03:00:00
12.225,11.445584,2025-07-07 03:00:00
13.725,11.542504,2025-07-07 03:00:00
8.95,16.136442,2025-07-07 03:00:00
34.9,28.517416,2025-07-07 03:00:00
12.2,10.917975,2025-07-07 04:00:00
25.05,16.452526,2025-07-07 04:00:00
14.425,12.497089,2025-07-07 04:00:00
37.075,34.72336,2025-07-07 04:00:00
23.425,23.876062,2025-07-07 04:00:00
21.925,23.285349,2025-07-07 05:00:00
38.45,37.883,2025-07-07 05:00:00
13.325,12.751976,2025-07-07 05:00:00
42.1,15.355761,2025-07-07 05:00:00
11.175,12.55636,2025-07-07 05:00:00
39.425,14.11754,2025-07-07 06:00:00
14.075,13.166455,2025-07-07 06:00:00
41.05,28.188225,2025-07-07 06:00:00
20.8,22.978336,2025-07-07 06:00:00
9.925,18.755814,2025-07-07 06:00:00
42.95,35.076973,2025-07-07 07:00:00
34.425,15.095203,2025-07-07 07:00:00
12.4,14.57185,2025-07-07 07:00:00
21.325,21.27582,2025-07-07 07:00:00
8.425,21.483017,2025-07-07 07:00:00
20.675,21.842196,2025-07-07 08:00:00
7.875,25.706244,2025-07-07 08:00:00
12.05,16.835052,2025-07-07 08:00:00
39.0,38.030087,2025-07-07 08:00:00
25.45,13.318719,2025-07-07 08:00:00
11.4,13.965934,2025-07-07 09:00:00
17.299999999999997,24.54979,2025-07-07 09:00:00
45.5,39.29645,2025-07-07 09:00:00
7.399999999999999,22.483664,2025-07-07 09:00:00
22.35,13.233775,2025-07-07 09:00:00
13.7,18.11526,2025-07-07 10:00:00
44.96666666666667,44.00204,2025-07-07 10:00:00
12.425,12.676133,2025-07-07 10:00:00
19.925,12.9926,2025-07-07 10:00:00
19.775,23.091894,2025-07-07 10:00:00
21.7,17.166716,2025-07-07 11:00:00
12.55,12.669666,2025-07-07 11:00:00
41.55,37.3723,2025-07-07 11:00:00
16.275,14.321572,2025-07-07 11:00:00
19.875,26.164495,2025-07-07 11:00:00
30.475,24.237083,2025-07-07 12:00:00
18.05,24.81134,2025-07-07 12:00:00
14.925,13.595838,2025-07-07 12:00:00
40.975,44.248936,2025-07-07 12:00:00
12.625,12.4425535,2025-07-07 12:00:00
13.275,12.656217,2025-07-07 13:00:00
19.7,23.115055,2025-07-07 13:00:00
31.200000000000003,27.182873,2025-07-07 13:00:00
14.35,12.330685,2025-07-07 13:00:00
46.0,47.492344,2025-07-07 13:00:00
6.5,13.243901,2025-07-07 14:00:00
32.6,22.847836,2025-07-07 14:00:00
13.5,13.72818,2025-07-07 14:00:00
21.75,22.738129,2025-07-07 14:00:00
45.875,42.468098,2025-07-07 14:00:00
2.3,12.370612,2025-07-07 15:00:00
35.225,23.512506,2025-07-07 15:00:00
54.8,40.695534,2025-07-07 15:00:00
21.133333333333333,22.596804,2025-07-07 15:00:00
13.25,13.79179,2025-07-07 15:00:00
29.175,23.069674,2025-07-07 16:00:00
6.0,21.285955,2025-07-07 16:00:00
51.85,38.91661,2025-07-07 16:00:00
2.575,12.2118435,2025-07-07 16:00:00
14.45,12.980134,2025-07-07 16:00:00
15.275,13.533214,2025-07-07 17:00:00
3.7,12.436342,2025-07-07 17:00:00
18.525,21.775629,2025-07-07 17:00:00
52.85,42.64311,2025-07-07 17:00:00
30.175,21.885555,2025-07-07 17:00:00
17.366666666666664,39.51358,2025-07-07 18:00:00
23.8,20.744953,2025-07-07 18:00:00
13.366666666666667,13.086747,2025-07-07 18:00:00
19.225,22.250841,2025-07-07 18:00:00
13.725,12.241786,2025-07-07 18:00:00
12.275,13.663169,2025-07-07 19:00:00
23.025,42.406918,2025-07-07 19:00:00
23.8,21.816647,2025-07-07 19:00:00
19.0,11.409352,2025-07-07 19:00:00
30.85,20.305618,2025-07-07 19:00:00
34.4,21.136078,2025-07-07 20:00:00
27.1,26.541256,2025-07-07 20:00:00
12.7,12.581434,2025-07-07 20:00:00
26.5,47.393085,2025-07-07 20:00:00
19.325000000000003,10.982497,2025-07-07 20:00:00
19.65,11.045175,2025-07-07 21:00:00
27.325,25.690662,2025-07-07 21:00:00
25.6,44.7998,2025-07-07 21:00:00
13.625,12.151063,2025-07-07 21:00:00
31.875,20.74491,2025-07-07 21:00:00
12.45,11.707697,2025-07-07 22:00:00
22.55,25.050364,2025-07-07 22:00:00
25.15,44.60441,2025-07-07 22:00:00
31.55,15.846821,2025-07-07 22:00:00
19.525,9.875023,2025-07-07 22:00:00
29.075,14.834473,2025-07-07 23:00:00
20.275,10.293486,2025-07-07 23:00:00
12.05,12.133614,2025-07-07 23:00:00
18.175,23.034071,2025-07-07 23:00:00
26.525,52.44712,2025-07-07 23:00:00
26.625,48.75404,2025-07-08 00:00:00
7.575,22.278458,2025-07-08 00:00:00
13.9,13.074134,2025-07-08 00:00:00
20.1,12.234308,2025-07-08 00:00:00
28.175,14.191265,2025-07-08 00:00:00
20.25,11.898074,2025-07-08 01:00:00
26.9,27.886013,2025-07-08 01:00:00
26.1,41.50392,2025-07-08 01:00:00
14.675,13.219011,2025-07-08 01:00:00
8.0,21.734539,2025-07-08 01:00:00
15.125,12.715167,2025-07-08 02:00:00
13.725,12.752338,2025-07-08 02:00:00
29.9,35.72571,2025-07-08 02:00:00
8.95,21.510376,2025-07-08 02:00:00
30.35,21.13668,2025-07-08 02:00:00
11.15,11.694108,2025-07-08 03:00:00
27.975,26.491955,2025-07-08 03:00:00
12.6,14.094251,2025-07-08 03:00:00
8.325,21.95318,2025-07-08 03:00:00
33.25,31.174173,2025-07-08 03:00:00
13.025,13.388207,2025-07-08 04:00:00
37.475,31.904951,2025-07-08 04:00:00
13.725,21.306858,2025-07-08 04:00:00
10.6,12.058487,2025-07-08 04:00:00
30.225,27.971758,2025-07-08 04:00:00
13.0,22.756445,2025-07-08 05:00:00
12.525,14.137914,2025-07-08 05:00:00
9.1,12.180475,2025-07-08 05:00:00
27.75,25.845127,2025-07-08 05:00:00
36.175,31.993465,2025-07-08 05:00:00
11.925,19.496511,2025-07-08 06:00:00
8.275,14.687076,2025-07-08 06:00:00
25.175,22.109098,2025-07-08 06:00:00
39.175,38.836613,2025-07-08 06:00:00
10.575,13.044657,2025-07-08 06:00:00
27.55,22.836264,2025-07-08 07:00:00
5.675,14.355313,2025-07-08 07:00:00
13.1,12.323448,2025-07-08 07:00:00
37.2,38.317406,2025-07-08 07:00:00
17.1,14.606085,2025-07-08 07:00:00
10.3,13.580185,2025-07-08 08:00:00
13.3,12.894156,2025-07-08 08:00:00
30.95,22.302374,2025-07-08 08:00:00
41.55,27.755875,2025-07-08 08:00:00
5.425,14.29605,2025-07-08 08:00:00
12.425,12.595294,2025-07-08 09:00:00
34.725,23.896624,2025-07-08 09:00:00
6.1,13.759362,2025-07-08 09:00:00
4.8,12.88673,2025-07-08 09:00:00
43.35,26.591139,2025-07-08 09:00:00
11.5,13.286574,2025-07-08 10:00:00
6.15,14.032889,2025-07-08 10:00:00
13.125,12.851842,2025-07-08 10:00:00
39.575,23.065142,2025-07-08 10:00:00
42.7,20.711325,2025-07-08 10:00:00
7.475,13.318979,2025-07-08 11:00:00
11.4,12.127542,2025-07-08 11:00:00
47.425,23.624954,2025-07-08 11:00:00
38.1,23.601902,2025-07-08 11:00:00
16.825,12.759949,2025-07-08 11:00:00
38.025000000000006,25.603893,2025-07-08 12:00:00
14.275,15.252845,2025-07-08 12:00:00
46.05,29.997223,2025-07-08 12:00:00
16.075,12.885442,2025-07-08 12:00:00
13.1,11.121647,2025-07-08 12:00:00
37.0,23.404804,2025-07-08 13:00:00
15.5,12.952396,2025-07-08 13:00:00
49.725,34.700047,2025-07-08 13:00:00
15.075,18.538176,2025-07-08 13:00:00
13.85,12.098375,2025-07-08 13:00:00
16.625,14.660656,2025-07-08 14:00:00
30.6,28.821445,2025-07-08 14:00:00
13.925,12.339537,2025-07-08 14:00:00
52.975,32.57951,2025-07-08 14:00:00
12.2,12.828891,2025-07-08 14:00:00
49.625,40.70583,2025-07-08 15:00:00
10.975,13.750963,2025-07-08 15:00:00
13.8,13.434574,2025-07-08 15:00:00
20.225,17.275167,2025-07-08 15:00:00
25.3,30.126064,2025-07-08 15:00:00
31.1,28.485407,2025-07-08 16:00:00
14.125,13.025974,2025-07-08 16:00:00
11.2,13.595958,2025-07-08 16:00:00
52.725,38.82554,2025-07-08 16:00:00
13.075,17.452871,2025-07-08 16:00:00
14.45,12.074057,2025-07-08 17:00:00
29.425,32.869884,2025-07-08 17:00:00
12.575,15.653759,2025-07-08 17:00:00
54.650000000000006,40.95007,2025-07-08 17:00:00
11.033333333333331,13.111004,2025-07-08 17:00:00
13.866666666666667,11.558807,2025-07-08 18:00:00
15.475,11.957466,2025-07-08 18:00:00
32.65,35.814568,2025-07-08 18:00:00
11.7,17.659159,2025-07-08 18:00:00
20.23333333333333,41.646416,2025-07-08 18:00:00
7.949999999999999,17.796722,2025-07-08 19:00:00
30.1,35.22193,2025-07-08 19:00:00
17.5,13.655539,2025-07-08 19:00:00
19.6,43.29337,2025-07-08 19:00:00
13.375,11.371815,2025-07-08 19:00:00
11.95,18.92172,2025-07-08 20:00:00
17.35,11.943015,2025-07-08 20:00:00
12.8,11.050127,2025-07-08 20:00:00
33.0,34.194183,2025-07-08 20:00:00
22.5,44.388058,2025-07-08 20:00:00
17.7,10.6030245,2025-07-08 21:00:00
12.125,20.030867,2025-07-08 21:00:00
29.775,33.786617,2025-07-08 21:00:00
15.2,11.779274,2025-07-08 21:00:00
22.95,44.0622,2025-07-08 21:00:00
25.025,55.151527,2025-07-08 22:00:00
28.475,32.0588,2025-07-08 22:00:00
9.225,14.902918,2025-07-08 22:00:00
16.675,10.187765,2025-07-08 22:00:00
15.175,11.459524,2025-07-08 22:00:00
27.475,49.34947,2025-07-08 23:00:00
13.325,11.494018,2025-07-08 23:00:00
16.175,10.728612,2025-07-08 23:00:00
27.325000000000003,30.568802,2025-07-08 23:00:00
5.525,13.338269,2025-07-08 23:00:00
21.825,39.528072,2025-07-09 00:00:00
16.575,11.220527,2025-07-09 00:00:00
0.2,12.247123,2025-07-09 00:00:00
28.7,31.270845,2025-07-09 00:00:00
12.75,12.690948,2025-07-09 00:00:00
0.1,11.117324,2025-07-09 01:00:00
28.15,39.453876,2025-07-09 01:00:00
14.875,11.647011,2025-07-09 01:00:00
27.75,30.2447,2025-07-09 01:00:00
17.45,12.264958,2025-07-09 01:00:00
14.25,12.285929,2025-07-09 02:00:00
27.975,34.65112,2025-07-09 02:00:00
1.65,10.203636,2025-07-09 02:00:00
18.525,13.129282,2025-07-09 02:00:00
27.95,30.303192,2025-07-09 02:00:00
1.4666666666666668,11.904821,2025-07-09 03:00:00
13.35,11.978764,2025-07-09 03:00:00
19.575000000000003,12.301129,2025-07-09 03:00:00
27.8,37.54901,2025-07-09 03:00:00
31.8,35.405075,2025-07-09 03:00:00
19.875,13.026974,2025-07-09 04:00:00
14.9,11.7521305,2025-07-09 04:00:00
25.0,39.914295,2025-07-09 04:00:00
36.375,35.27749,2025-07-09 04:00:00
14.8,12.108031,2025-07-09 04:00:00
19.625,13.805449,2025-07-09 05:00:00
14.525,13.238939,2025-07-09 05:00:00
36.525,31.666208,2025-07-09 05:00:00
23.9,42.65552,2025-07-09 05:00:00
19.525,10.927468,2025-07-09 05:00:00
14.625,12.986229,2025-07-09 06:00:00
14.7,10.410489,2025-07-09 06:00:00
20.125,13.427671,2025-07-09 06:00:00
33.85,37.711815,2025-07-09 06:00:00
23.35,37.7639,2025-07-09 06:00:00
24.0,41.23859,2025-07-09 07:00:00
19.9,13.27456,2025-07-09 07:00:00
31.3,45.659557,2025-07-09 07:00:00
13.85,13.955728,2025-07-09 07:00:00
13.2,12.020939,2025-07-09 07:00:00
37.225,37.556007,2025-07-09 08:00:00
20.175,13.631539,2025-07-09 08:00:00
13.325,14.315609,2025-07-09 08:00:00
6.949999999999999,12.997413,2025-07-09 08:00:00
21.975,37.982838,2025-07-09 08:00:00
19.975,13.263737,2025-07-09 09:00:00
35.6,41.262783,2025-07-09 09:00:00
23.45,37.241802,2025-07-09 09:00:00
13.8,13.805622,2025-07-09 09:00:00
4.875,11.016301,2025-07-09 09:00:00
9.9,13.527684,2025-07-09 10:00:00
4.949999999999999,10.91958,2025-07-09 10:00:00
26.675,33.02508,2025-07-09 10:00:00
39.9,34.230225,2025-07-09 10:00:00
13.675,13.290001,2025-07-09 10:00:00
27.15,32.607857,2025-07-09 11:00:00
39.1,35.02783,2025-07-09 11:00:00
3.475,11.979199,2025-07-09 11:00:00
5.275,13.940241,2025-07-09 11:00:00
13.9,12.208655,2025-07-09 11:00:00
14.65,12.919238,2025-07-09 12:00:00
12.65,18.81895,2025-07-09 12:00:00
5.225,14.304755,2025-07-09 12:00:00
27.0,32.374413,2025-07-09 12:00:00
40.925,43.08703,2025-07-09 12:00:00
15.825,16.395977,2025-07-09 13:00:00
43.4,38.954613,2025-07-09 13:00:00
5.55,15.620648,2025-07-09 13:00:00
28.125,35.810337,2025-07-09 13:00:00
14.225,13.984694,2025-07-09 13:00:00
13.375,14.371897,2025-07-09 14:00:00
26.45,29.297705,2025-07-09 14:00:00
13.2,13.157535,2025-07-09 14:00:00
11.1,13.458991,2025-07-09 14:00:00
46.125,49.17485,2025-07-09 14:00:00
13.2,13.413072,2025-07-09 15:00:00
7.9,11.546727,2025-07-09 15:00:00
23.225,28.979818,2025-07-09 15:00:00
50.975,45.648006,2025-07-09 15:00:00
17.225,14.63563,2025-07-09 15:00:00
47.650000000000006,41.42661,2025-07-09 16:00:00
1.6,9.818286,2025-07-09 16:00:00
14.35,13.37513,2025-07-09 16:00:00
20.7,26.503592,2025-07-09 16:00:00
17.475,14.247808,2025-07-09 16:00:00
45.175,39.313747,2025-07-09 17:00:00
20.725,34.758995,2025-07-09 17:00:00
1.6,10.228618,2025-07-09 17:00:00
17.766666666666666,12.318194,2025-07-09 17:00:00
14.85,12.290516,2025-07-09 17:00:00
16.225,9.880413,2025-07-09 18:00:00
19.6,31.53281,2025-07-09 18:00:00
7.2,20.057842,2025-07-09 18:00:00
13.233333333333334,13.292515,2025-07-09 18:00:00
27.33333333333333,43.5325,2025-07-09 18:00:00
21.375,30.488058,2025-07-09 19:00:00
12.525,13.563152,2025-07-09 19:00:00
28.475,45.186813,2025-07-09 19:00:00
15.05,9.6266,2025-07-09 19:00:00
11.525,15.006236,2025-07-09 19:00:00
14.9,13.500667,2025-07-09 20:00:00
24.3,13.189561,2025-07-09 20:00:00
10.6,12.767662,2025-07-09 20:00:00
26.9,33.262268,2025-07-09 20:00:00
26.7,75.597916,2025-07-09 20:00:00
14.95,13.021841,2025-07-09 21:00:00
33.2,13.069691,2025-07-09 21:00:00
27.15,33.039574,2025-07-09 21:00:00
11.825,13.37138,2025-07-09 21:00:00
28.325,76.2479,2025-07-09 21:00:00
20.175,12.323582,2025-07-09 22:00:00
11.25,13.657706,2025-07-09 22:00:00
28.125,11.052477,2025-07-09 22:00:00
23.45,34.516018,2025-07-09 22:00:00
31.65,66.5399,2025-07-09 22:00:00
10.9,12.792646,2025-07-09 23:00:00
34.675,78.96559,2025-07-09 23:00:00
22.725,18.016514,2025-07-09 23:00:00
19.575,30.39988,2025-07-09 23:00:00
23.4,7.9886875,2025-07-09 23:00:00
30.5,72.33635,2025-07-10 00:00:00
12.05,12.429725,2025-07-10 00:00:00
18.225,29.631578,2025-07-10 00:00:00
13.225,6.6015773,2025-07-10 00:00:00
23.075,14.788601,2025-07-10 00:00:00
23.6,14.128663,2025-07-10 01:00:00
10.875,9.164312,2025-07-10 01:00:00
36.8,61.73748,2025-07-10 01:00:00
11.325,12.249743,2025-07-10 01:00:00
18.025,30.226032,2025-07-10 01:00:00
17.175,13.61311,2025-07-10 02:00:00
18.675,28.296137,2025-07-10 02:00:00
11.75,13.221172,2025-07-10 02:00:00
9.8,14.89318,2025-07-10 02:00:00
35.125,52.644924,2025-07-10 02:00:00
10.625,11.629944,2025-07-10 03:00:00
13.675,12.781412,2025-07-10 03:00:00
10.725,16.44065,2025-07-10 03:00:00
19.775,28.719952,2025-07-10 03:00:00
39.35,52.566463,2025-07-10 03:00:00
13.9,13.1373625,2025-07-10 04:00:00
11.225,11.915667,2025-07-10 04:00:00
40.55,51.468246,2025-07-10 04:00:00
24.225,17.80783,2025-07-10 04:00:00
19.025,28.455154,2025-07-10 04:00:00
11.55,12.277411,2025-07-10 05:00:00
32.45,15.965646,2025-07-10 05:00:00
42.150000000000006,48.83767,2025-07-10 05:00:00
14.5,13.681187,2025-07-10 05:00:00
18.425,27.673218,2025-07-10 05:00:00
26.525,18.102098,2025-07-10 06:00:00
9.975,16.171232,2025-07-10 06:00:00
37.85,61.60129,2025-07-10 06:00:00
11.45,14.78943,2025-07-10 06:00:00
18.575,22.712418,2025-07-10 06:00:00
22.025,16.55975,2025-07-10 07:00:00
11.3,12.073102,2025-07-10 07:00:00
39.875,51.299423,2025-07-10 07:00:00
7.9,16.048615,2025-07-10 07:00:00
17.425,23.353987,2025-07-10 07:00:00
18.325,23.153276,2025-07-10 08:00:00
14.525,14.125916,2025-07-10 08:00:00
10.3,14.1161,2025-07-10 08:00:00
42.1,51.370094,2025-07-10 08:00:00
8.025,15.562816,2025-07-10 08:00:00
8.225,14.170244,2025-07-10 09:00:00
15.125,11.259066,2025-07-10 09:00:00
10.175,12.206303,2025-07-10 09:00:00
42.35,48.071438,2025-07-10 09:00:00
17.2,23.59946,2025-07-10 09:00:00
10.475,12.611722,2025-07-10 10:00:00
12.925,12.183458,2025-07-10 10:00:00
44.3,52.258713,2025-07-10 10:00:00
16.475,23.93968,2025-07-10 10:00:00
15.775,15.142424,2025-07-10 10:00:00
48.05,49.892853,2025-07-10 11:00:00
13.175,15.007712,2025-07-10 11:00:00
18.725,13.407635,2025-07-10 11:00:00
10.625,11.282465,2025-07-10 11:00:00
15.75,22.605421,2025-07-10 11:00:00
18.9,17.669737,2025-07-10 12:00:00
18.075,21.136972,2025-07-10 12:00:00
17.9,12.983618,2025-07-10 12:00:00
11.25,12.423595,2025-07-10 12:00:00
49.3,49.58268,2025-07-10 12:00:00
50.625,49.935276,2025-07-10 13:00:00
20.525,17.840809,2025-07-10 13:00:00
21.1,18.487799,2025-07-10 13:00:00
17.425,12.161214,2025-07-10 13:00:00
12.25,11.0508375,2025-07-10 13:00:00
23.15,18.057192,2025-07-10 14:00:00
11.925,11.376816,2025-07-10 14:00:00
11.525,10.30908,2025-07-10 14:00:00
24.45,19.237797,2025-07-10 14:00:00
53.025,48.09011,2025-07-10 14:00:00
21.5,17.959139,2025-07-10 15:00:00
50.35,52.644566,2025-07-10 15:00:00
11.525,9.631221,2025-07-10 15:00:00
9.525,11.744724,2025-07-10 15:00:00
23.075,14.476169,2025-07-10 15:00:00
53.9,56.403202,2025-07-10 16:00:00
19.925,20.292969,2025-07-10 16:00:00
11.3,11.818829,2025-07-10 16:00:00
19.625,14.778512,2025-07-10 16:00:00
9.625,12.57208,2025-07-10 16:00:00
55.125,55.652966,2025-07-10 17:00:00
10.233333333333334,11.542809,2025-07-10 17:00:00
18.925,21.37525,2025-07-10 17:00:00
11.75,11.024734,2025-07-10 17:00:00
20.975,13.434894,2025-07-10 17:00:00
24.6,57.80976,2025-07-10 18:00:00
14.6,13.323809,2025-07-10 18:00:00
19.575,16.969177,2025-07-10 18:00:00
12.1,10.295858,2025-07-10 18:00:00
22.2,20.387894,2025-07-10 18:00:00
30.85,23.784122,2025-07-10 19:00:00
16.95,15.043919,2025-07-10 19:00:00
24.2,61.681377,2025-07-10 19:00:00
12.85,11.814034,2025-07-10 19:00:00
16.975,21.055698,2025-07-10 19:00:00
34.3,24.727774,2025-07-10 20:00:00
13.0,13.918276,2025-07-10 20:00:00
22.3,74.34527,2025-07-10 20:00:00
33.85,24.490316,2025-07-10 20:00:00
17.625,14.099356,2025-07-10 20:00:00
31.0,79.548904,2025-07-10 21:00:00
18.0,13.286511,2025-07-10 21:00:00
12.9,11.379804,2025-07-10 21:00:00
24.65,23.59834,2025-07-10 21:00:00
45.375,22.746685,2025-07-10 21:00:00
12.45,10.183104,2025-07-10 22:00:00
29.525,63.39322,2025-07-10 22:00:00
13.025,12.846047,2025-07-10 22:00:00
20.725,20.906939,2025-07-10 22:00:00
37.15,19.058596,2025-07-10 22:00:00
10.075,13.668367,2025-07-10 23:00:00
26.475,20.33443,2025-07-10 23:00:00
33.525000000000006,18.603062,2025-07-10 23:00:00
12.925,8.932341,2025-07-10 23:00:00
29.25,75.06245,2025-07-10 23:00:00
10.55,12.811657,2025-07-11 00:00:00
23.175,19.19513,2025-07-11 00:00:00
27.975,73.51202,2025-07-11 00:00:00
13.725,9.974504,2025-07-11 00:00:00
26.7,20.109108,2025-07-11 00:00:00
26.6,20.636063,2025-07-11 01:00:00
23.3,17.46013,2025-07-11 01:00:00
31.325,52.838642,2025-07-11 01:00:00
14.025,10.106334,2025-07-11 01:00:00
10.825,10.273018,2025-07-11 01:00:00
27.125,21.66676,2025-07-11 02:00:00
13.825,11.751633,2025-07-11 02:00:00
29.5,52.03673,2025-07-11 02:00:00
13.95,9.807992,2025-07-11 02:00:00
23.525,20.965645,2025-07-11 02:00:00
16.225,11.865738,2025-07-11 03:00:00
12.775,11.118054,2025-07-11 03:00:00
28.35,21.682592,2025-07-11 03:00:00
31.925,46.484993,2025-07-11 03:00:00
19.825,21.347057,2025-07-11 03:00:00
35.15,49.270584,2025-07-11 04:00:00
12.475,10.866933,2025-07-11 04:00:00
27.2,31.78219,2025-07-11 04:00:00
16.2,17.180277,2025-07-11 04:00:00
26.925,23.315123,2025-07-11 04:00:00
16.025,17.31705,2025-07-11 05:00:00
36.525,40.868652,2025-07-11 05:00:00
25.425,22.425991,2025-07-11 05:00:00
34.175,28.473696,2025-07-11 05:00:00
13.15,10.912676,2025-07-11 05:00:00
28.5,24.593266,2025-07-11 06:00:00
12.9,12.886102,2025-07-11 06:00:00
25.9,23.82381,2025-07-11 06:00:00
18.425,15.108114,2025-07-11 06:00:00
35.225,54.365826,2025-07-11 06:00:00
13.175,12.697551,2025-07-11 07:00:00
19.975,15.988098,2025-07-11 07:00:00
38.15,36.99565,2025-07-11 07:00:00
26.375,24.316513,2025-07-11 07:00:00
26.2,25.575605,2025-07-11 07:00:00
13.0,13.416679,2025-07-11 08:00:00
39.575,42.279808,2025-07-11 08:00:00
27.7,22.505638,2025-07-11 08:00:00
18.975,15.223285,2025-07-11 08:00:00
16.55,25.923561,2025-07-11 08:00:00
13.75,21.218483,2025-07-11 09:00:00
17.35,12.787442,2025-07-11 09:00:00
11.95,12.338005,2025-07-11 09:00:00
40.55,33.448753,2025-07-11 09:00:00
27.375,23.717707,2025-07-11 09:00:00
12.525,12.633675,2025-07-11 10:00:00
9.35,19.421354,2025-07-11 10:00:00
40.75,28.772398,2025-07-11 10:00:00
19.0,12.371156,2025-07-11 10:00:00
28.725,24.300196,2025-07-11 10:00:00
29.425,24.988419,2025-07-11 11:00:00
43.725,31.25025,2025-07-11 11:00:00
20.3,12.387394,2025-07-11 11:00:00
12.6,13.209981,2025-07-11 11:00:00
5.55,21.041649,2025-07-11 11:00:00
11.75,11.767425,2025-07-11 12:00:00
40.675,34.381565,2025-07-11 12:00:00
1.0,24.154705,2025-07-11 12:00:00
29.2,23.807669,2025-07-11 12:00:00
19.875,18.977488,2025-07-11 12:00:00
11.8,12.104933,2025-07-11 13:00:00
19.475,18.192375,2025-07-11 13:00:00
28.45,24.142046,2025-07-11 13:00:00
45.375,31.744673,2025-07-11 13:00:00
2.975,26.335665,2025-07-11 13:00:00
13.3,19.41443,2025-07-11 14:00:00
47.475,31.974453,2025-07-11 14:00:00
27.8,23.158377,2025-07-11 14:00:00
5.6,21.01995,2025-07-11 14:00:00
13.1,11.973917,2025-07-11 14:00:00
13.375,11.6907,2025-07-11 15:00:00
50.45,42.71491,2025-07-11 15:00:00
10.425,18.63849,2025-07-11 15:00:00
27.6,24.805874,2025-07-11 15:00:00
9.95,21.87788,2025-07-11 15:00:00
26.75,24.679062,2025-07-11 16:00:00
13.325,11.324498,2025-07-11 16:00:00
50.7,44.05758,2025-07-11 16:00:00
10.125,17.88287,2025-07-11 16:00:00
5.9,19.907461,2025-07-11 16:00:00
10.333333333333334,17.423656,2025-07-11 17:00:00
26.875,25.194519,2025-07-11 17:00:00
49.2,36.75336,2025-07-11 17:00:00
4.8,18.864428,2025-07-11 17:00:00
13.125,11.66999,2025-07-11 17:00:00
12.0,19.813566,2025-07-11 18:00:00
13.466666666666669,12.631577,2025-07-11 18:00:00
12.2,15.075643,2025-07-11 18:00:00
26.05,31.062523,2025-07-11 18:00:00
14.1,46.167416,2025-07-11 18:00:00
13.3,53.007507,2025-07-11 19:00:00
26.525,29.685516,2025-07-11 19:00:00
12.1,12.073403,2025-07-11 19:00:00
13.275,15.719213,2025-07-11 19:00:00
18.675,19.043667,2025-07-11 19:00:00
28.15,20.530775,2025-07-11 20:00:00
12.6,11.502521,2025-07-11 20:00:00
13.4,15.475535,2025-07-11 20:00:00
16.0,42.59709,2025-07-11 20:00:00
26.3,32.797085,2025-07-11 20:00:00
26.3,21.594772,2025-07-11 21:00:00
14.25,11.330659,2025-07-11 21:00:00
12.575,11.471871,2025-07-11 21:00:00
16.075000000000003,43.27229,2025-07-11 21:00:00
23.3,33.146862,2025-07-11 21:00:00
15.625,42.063633,2025-07-11 22:00:00
23.575,29.319386,2025-07-11 22:00:00
12.625,12.092306,2025-07-11 22:00:00
9.55,11.260775,2025-07-11 22:00:00
19.85,15.044171,2025-07-11 22:00:00
23.225,28.69222,2025-07-11 23:00:00
19.45,10.995439,2025-07-11 23:00:00
7.55,11.630868,2025-07-11 23:00:00
12.525,11.929032,2025-07-11 23:00:00
19.2,44.39653,2025-07-11 23:00:00
13.7,10.983785,2025-07-12 00:00:00
11.0,14.345346,2025-07-12 00:00:00
20.7,41.20628,2025-07-12 00:00:00
22.525,26.525833,2025-07-12 00:00:00
7.675,12.739773,2025-07-12 00:00:00
11.725,16.780834,2025-07-12 01:00:00
8.55,11.951619,2025-07-12 01:00:00
22.675,25.094963,2025-07-12 01:00:00
12.875,11.969834,2025-07-12 01:00:00
19.8,29.20883,2025-07-12 01:00:00
13.15,12.459442,2025-07-12 02:00:00
24.35,27.087015,2025-07-12 02:00:00
23.875,19.742186,2025-07-12 02:00:00
10.4,11.907588,2025-07-12 02:00:00
12.275,22.665537,2025-07-12 02:00:00
13.35,23.198399,2025-07-12 03:00:00
12.275,12.750904,2025-07-12 03:00:00
23.65,28.09022,2025-07-12 03:00:00
23.975,25.854885,2025-07-12 03:00:00
11.275,24.631994,2025-07-12 03:00:00
22.45,28.246029,2025-07-12 04:00:00
12.525,12.745456,2025-07-12 04:00:00
22.3,29.428448,2025-07-12 04:00:00
26.05,22.697523,2025-07-12 04:00:00
11.075,26.873295,2025-07-12 04:00:00
37.075,19.987951,2025-07-12 05:00:00
11.625,32.028934,2025-07-12 05:00:00
22.4,24.21943,2025-07-12 05:00:00
10.7,12.921393,2025-07-12 05:00:00
27.6,30.351097,2025-07-12 05:00:00
23.025,25.284672,2025-07-12 06:00:00
34.875,19.155375,2025-07-12 06:00:00
12.95,19.38218,2025-07-12 06:00:00
10.95,12.864927,2025-07-12 06:00:00
27.6,25.8991,2025-07-12 06:00:00
12.95,17.58332,2025-07-12 07:00:00
29.65,13.837194,2025-07-12 07:00:00
22.8,24.35303,2025-07-12 07:00:00
11.35,12.698426,2025-07-12 07:00:00
27.6,24.797304,2025-07-12 07:00:00
12.475,13.119254,2025-07-12 08:00:00
23.05,25.042414,2025-07-12 08:00:00
16.975,16.94622,2025-07-12 08:00:00
27.6,23.080366,2025-07-12 08:00:00
17.349999999999998,15.61933,2025-07-12 08:00:00
23.0,15.271866,2025-07-12 09:00:00
16.65,21.392523,2025-07-12 09:00:00
11.45,13.361546,2025-07-12 09:00:00
22.175,22.44188,2025-07-12 09:00:00
12.05,13.068406,2025-07-12 10:00:00
22.1,22.593872,2025-07-12 10:00:00
32.4,12.23786,2025-07-12 10:00:00
11.775,21.288448,2025-07-12 10:00:00
10.05,20.685837,2025-07-12 11:00:00
13.05,12.265799,2025-07-12 11:00:00
23.0,19.07955,2025-07-12 11:00:00
35.125,16.450022,2025-07-12 11:00:00
35.175,19.936192,2025-07-12 12:00:00
23.2,19.777895,2025-07-12 12:00:00
12.875,11.570111,2025-07-12 12:00:00
9.775,20.660568,2025-07-12 12:00:00
9.775,21.079203,2025-07-12 13:00:00
11.825,11.241783,2025-07-12 13:00:00
22.825,20.814783,2025-07-12 13:00:00
37.275,24.220745,2025-07-12 13:00:00
12.1,11.947991,2025-07-12 14:00:00
11.675,17.538681,2025-07-12 14:00:00
36.175,22.621208,2025-07-12 14:00:00
24.375,23.495602,2025-07-12 14:00:00
24.4,21.045006,2025-07-12 15:00:00
12.125,11.993026,2025-07-12 15:00:00
30.5,24.971428,2025-07-12 15:00:00
12.85,17.118853,2025-07-12 15:00:00
12.575,12.439726,2025-07-12 16:00:00
12.6,11.691357,2025-07-12 16:00:00
24.15,21.790682,2025-07-12 16:00:00
21.25,22.77922,2025-07-12 16:00:00
19.35,24.364294,2025-07-12 17:00:00
12.6,11.485814,2025-07-12 17:00:00
13.125,11.54864,2025-07-12 17:00:00
24.35,21.277985,2025-07-12 17:00:00
24.225,24.764513,2025-07-12 18:00:00
18.475,23.64972,2025-07-12 18:00:00
13.933333333333332,12.015546,2025-07-12 18:00:00
11.4,11.772789,2025-07-12 18:00:00
16.875,28.078491,2025-07-12 19:00:00
10.65,13.800292,2025-07-12 19:00:00
25.375,24.00295,2025-07-12 19:00:00
14.6,11.761561,2025-07-12 19:00:00
11.2,11.685895,2025-07-12 20:00:00
13.9,12.43783,2025-07-12 20:00:00
25.3,33.39141,2025-07-12 20:00:00
25.950000000000003,24.830967,2025-07-12 20:00:00
11.725,10.080663,2025-07-12 21:00:00
23.8,24.72346,2025-07-12 21:00:00
30.275,32.742496,2025-07-12 21:00:00
13.875,12.49325,2025-07-12 21:00:00
23.1,22.452517,2025-07-12 22:00:00
12.55,10.730112,2025-07-12 22:00:00
13.25,11.87204,2025-07-12 22:00:00
29.175,22.749449,2025-07-12 22:00:00
27.625,22.768486,2025-07-12 23:00:00
13.725,11.521459,2025-07-12 23:00:00
13.15,10.680128,2025-07-12 23:00:00
23.125,24.419428,2025-07-12 23:00:00
13.375,11.412113,2025-07-13 00:00:00
22.15,22.790012,2025-07-13 00:00:00
14.95,11.33654,2025-07-13 00:00:00
19.55,23.458183,2025-07-13 00:00:00
14.125,11.829669,2025-07-13 01:00:00
14.2,11.698833,2025-07-13 01:00:00
22.025,22.475677,2025-07-13 01:00:00
16.15,18.740902,2025-07-13 01:00:00
22.475,24.208,2025-07-13 02:00:00
17.1,15.489582,2025-07-13 02:00:00
13.275,12.4533,2025-07-13 02:00:00
9.125,17.213118,2025-07-13 02:00:00
22.55,23.675278,2025-07-13 03:00:00
6.8,28.096067,2025-07-13 03:00:00
14.525,20.846659,2025-07-13 03:00:00
13.65,12.916538,2025-07-13 03:00:00
13.25,14.111472,2025-07-13 04:00:00
24.875,21.909725,2025-07-13 04:00:00
22.85,22.53213,2025-07-13 04:00:00
6.475,26.256863,2025-07-13 04:00:00
22.275,19.589941,2025-07-13 05:00:00
22.725,25.421736,2025-07-13 05:00:00
6.2,31.484825,2025-07-13 05:00:00
12.55,13.6200285,2025-07-13 05:00:00
15.75,25.131285,2025-07-13 06:00:00
13.4,14.38688,2025-07-13 06:00:00
22.525,23.020338,2025-07-13 06:00:00
20.275,23.982367,2025-07-13 06:00:00
17.275,21.588934,2025-07-13 07:00:00
13.375,14.109224,2025-07-13 07:00:00
20.325,20.428608,2025-07-13 07:00:00
23.075000000000003,24.728601,2025-07-13 07:00:00
11.0,19.345972,2025-07-13 08:00:00
12.55,14.590146,2025-07-13 08:00:00
21.025,19.689602,2025-07-13 08:00:00
20.525,14.829096,2025-07-13 08:00:00
22.175,22.22354,2025-07-13 09:00:00
20.575,20.339308,2025-07-13 09:00:00
13.975,13.83251,2025-07-13 09:00:00
9.275,16.232168,2025-07-13 09:00:00
13.55,12.986443,2025-07-13 10:00:00
7.55,18.006546,2025-07-13 10:00:00
23.25,23.244411,2025-07-13 10:00:00
19.35,16.53911,2025-07-13 10:00:00
24.4,21.988064,2025-07-13 11:00:00
18.525,13.999515,2025-07-13 11:00:00
13.275,12.861801,2025-07-13 11:00:00
6.7,19.853771,2025-07-13 11:00:00
13.175,21.426458,2025-07-13 12:00:00
13.1,14.561988,2025-07-13 12:00:00
22.725,25.582857,2025-07-13 12:00:00
18.0,12.862305,2025-07-13 12:00:00
15.475,18.94732,2025-07-13 13:00:00
17.575,12.085144,2025-07-13 13:00:00
12.3,14.081711,2025-07-13 13:00:00
22.45,25.64162,2025-07-13 13:00:00
16.8,13.668008,2025-07-13 14:00:00
10.35,19.537102,2025-07-13 14:00:00
23.65,24.286316,2025-07-13 14:00:00
14.05,13.637228,2025-07-13 14:00:00
8.775,19.490541,2025-07-13 15:00:00
14.375,12.433712,2025-07-13 15:00:00
16.5,18.05542,2025-07-13 15:00:00
23.6,23.79559,2025-07-13 15:00:00
6.1,17.74751,2025-07-13 16:00:00
23.325,25.846788,2025-07-13 16:00:00
16.25,18.883999,2025-07-13 16:00:00
14.9,12.479801,2025-07-13 16:00:00
23.875,24.748777,2025-07-13 17:00:00
5.15,19.492752,2025-07-13 17:00:00
16.366666666666667,18.607924,2025-07-13 17:00:00
14.65,13.257851,2025-07-13 17:00:00
8.425,17.030956,2025-07-13 18:00:00
21.875,24.02806,2025-07-13 18:00:00
12.433333333333332,12.224086,2025-07-13 18:00:00
13.675,20.474901,2025-07-13 18:00:00
12.6,18.357832,2025-07-13 19:00:00
23.7,26.328527,2025-07-13 19:00:00
12.275,18.357088,2025-07-13 19:00:00
11.7,11.93499,2025-07-13 19:00:00
12.725,12.531851,2025-07-13 20:00:00
10.5,13.653663,2025-07-13 20:00:00
24.9,28.418549,2025-07-13 20:00:00
25.75,21.559162,2025-07-13 20:00:00
13.45,12.362903,2025-07-13 21:00:00
28.85,16.4873,2025-07-13 21:00:00
10.975,12.084399,2025-07-13 21:00:00
20.475,23.718138,2025-07-13 21:00:00
18.8,23.392254,2025-07-13 22:00:00
10.275,12.989745,2025-07-13 22:00:00
11.275,10.647939,2025-07-13 22:00:00
19.85,16.093197,2025-07-13 22:00:00
15.125,13.26432,2025-07-13 23:00:00
9.4,10.11744,2025-07-13 23:00:00
11.175,12.443278,2025-07-13 23:00:00
20.25,23.336115,2025-07-13 23:00:00
11.225,12.241029,2025-07-14 00:00:00
20.875,21.607538,2025-07-14 00:00:00
9.425,11.018849,2025-07-14 00:00:00
6.6,11.099834,2025-07-14 00:00:00
6.8,12.576063,2025-07-14 01:00:00
10.35,11.521258,2025-07-14 01:00:00
19.025,22.542904,2025-07-14 01:00:00
10.825,14.504045,2025-07-14 01:00:00
10.65,11.57232,2025-07-14 02:00:00
11.1,14.690549,2025-07-14 02:00:00
19.975,23.593239,2025-07-14 02:00:00
6.3,16.442747,2025-07-14 02:00:00
5.1,17.560898,2025-07-14 03:00:00
20.8,24.096025,2025-07-14 03:00:00
10.175,12.101496,2025-07-14 03:00:00
11.4,12.041354,2025-07-14 03:00:00
10.475,11.869673,2025-07-14 04:00:00
10.475,12.016517,2025-07-14 04:00:00
16.6,18.772398,2025-07-14 04:00:00
18.75,23.569347,2025-07-14 04:00:00
22.95,16.118128,2025-07-14 05:00:00
10.6,13.94652,2025-07-14 05:00:00
18.9,23.766409,2025-07-14 05:00:00
8.35,12.206413,2025-07-14 05:00:00
17.3,14.16984,2025-07-14 06:00:00
17.45,24.097387,2025-07-14 06:00:00
8.35,12.12377,2025-07-14 06:00:00
14.6,13.796559,2025-07-14 06:00:00
16.65,13.707443,2025-07-14 07:00:00
10.1,12.042408,2025-07-14 07:00:00
15.0,13.595456,2025-07-14 07:00:00
17.75,24.288893,2025-07-14 07:00:00
18.525,26.22863,2025-07-14 08:00:00
16.35,13.203481,2025-07-14 08:00:00
15.0,11.779518,2025-07-14 08:00:00
12.675,12.537253,2025-07-14 08:00:00
15.0,10.684196,2025-07-14 09:00:00
17.375,23.291132,2025-07-14 09:00:00
15.95,14.671812,2025-07-14 09:00:00
11.85,11.750969,2025-07-14 09:00:00
18.475,26.425709,2025-07-14 10:00:00
15.0,11.623029,2025-07-14 10:00:00
11.125,13.94103,2025-07-14 10:00:00
12.3,12.213411,2025-07-14 10:00:00
9.2,13.086047,2025-07-14 11:00:00
12.4,11.589196,2025-07-14 11:00:00
15.875,26.427715,2025-07-14 11:00:00
10.825,10.2544365,2025-07-14 12:00:00
27.433333333333334,14.0715475,2025-07-14 12:00:00
18.75,24.054237,2025-07-14 12:00:00
9.1,14.172689,2025-07-14 12:00:00
8.925,10.873568,2025-07-14 13:00:00
14.5,15.651009,2025-07-14 13:00:00
20.275,19.002195,2025-07-14 13:00:00
9.225,9.469315,2025-07-14 13:00:00
11.0,14.323717,2025-07-14 14:00:00
9.275,10.416002,2025-07-14 14:00:00
10.95,10.733101,2025-07-14 14:00:00
18.5,19.362038,2025-07-14 14:00:00
11.65,11.258287,2025-07-14 15:00:00
21.5,19.078672,2025-07-14 15:00:00
9.3,13.600685,2025-07-14 15:00:00
8.975,11.717629,2025-07-14 15:00:00
10.825,11.986978,2025-07-14 16:00:00
4.975,14.216208,2025-07-14 16:00:00
19.825,18.543398,2025-07-14 16:00:00
11.6,11.833834,2025-07-14 16:00:00
11.466666666666669,11.557387,2025-07-14 17:00:00
12.05,11.2878685,2025-07-14 17:00:00
19.675,19.068064,2025-07-14 17:00:00
20.325,20.318762,2025-07-14 18:00:00
13.0,11.586083,2025-07-14 18:00:00
10.8,11.784609,2025-07-14 18:00:00
6.6,18.939161,2025-07-14 18:00:00
10.075,11.701843,2025-07-14 19:00:00
11.075,18.353231,2025-07-14 19:00:00
13.775,10.528638,2025-07-14 19:00:00
23.55,21.176401,2025-07-14 19:00:00
13.4,9.9858055,2025-07-14 20:00:00
23.65,24.71085,2025-07-14 20:00:00
25.1,20.556273,2025-07-14 20:00:00
9.825,11.599718,2025-07-14 20:00:00
22.3,16.610022,2025-07-14 21:00:00
9.95,12.110854,2025-07-14 21:00:00
19.125,20.738678,2025-07-14 21:00:00
12.35,9.914085,2025-07-14 21:00:00
19.875,20.099226,2025-07-14 22:00:00
17.0,15.009519,2025-07-14 22:00:00
10.925,9.913868,2025-07-14 22:00:00
10.275,11.041521,2025-07-14 22:00:00
14.775,14.784898,2025-07-14 23:00:00
21.675,18.678648,2025-07-14 23:00:00
10.8,9.574122,2025-07-14 23:00:00
10.125,10.923193,2025-07-14 23:00:00
11.775,10.423972,2025-07-15 00:00:00
23.25,16.614681,2025-07-15 00:00:00
9.575,11.467395,2025-07-15 00:00:00
10.2,12.529862,2025-07-15 00:00:00
10.525,12.235752,2025-07-15 01:00:00
22.425,18.744488,2025-07-15 01:00:00
7.775,11.030624,2025-07-15 01:00:00
13.35,10.191399,2025-07-15 01:00:00
10.625,12.504323,2025-07-15 02:00:00
7.9,12.888281,2025-07-15 02:00:00
23.15,18.359318,2025-07-15 02:00:00
13.95,10.848691,2025-07-15 02:00:00
13.35,11.359757,2025-07-15 03:00:00
10.65,11.434296,2025-07-15 03:00:00
8.25,16.158436,2025-07-15 03:00:00
20.4,21.555927,2025-07-15 03:00:00
14.825,15.550104,2025-07-15 04:00:00
21.4,18.919771,2025-07-15 04:00:00
11.25,11.8624525,2025-07-15 04:00:00
10.725,11.885105,2025-07-15 04:00:00
10.975,12.208297,2025-07-15 05:00:00
16.975,14.599084,2025-07-15 05:00:00
9.75,11.706991,2025-07-15 05:00:00
21.4,19.393017,2025-07-15 05:00:00
13.15,12.478712,2025-07-15 06:00:00
9.675,12.244198,2025-07-15 06:00:00
21.25,21.076557,2025-07-15 06:00:00
15.625,14.712367,2025-07-15 06:00:00
19.575,20.466198,2025-07-15 07:00:00
14.85,12.546035,2025-07-15 07:00:00
15.825,12.234552,2025-07-15 07:00:00
10.0,11.301603,2025-07-15 07:00:00
11.6,11.861471,2025-07-15 08:00:00
20.325000000000003,21.34854,2025-07-15 08:00:00
14.525,13.085161,2025-07-15 08:00:00
11.35,11.9932995,2025-07-15 08:00:00
21.1,21.349506,2025-07-15 09:00:00
11.325,11.463652,2025-07-15 09:00:00
13.25,9.990797,2025-07-15 09:00:00
14.725,13.728628,2025-07-15 09:00:00
11.125,10.07835,2025-07-15 10:00:00
14.725,13.024364,2025-07-15 10:00:00
20.675,18.916967,2025-07-15 10:00:00
11.85,11.430036,2025-07-15 10:00:00
12.225,10.768066,2025-07-15 11:00:00
29.075,19.232565,2025-07-15 11:00:00
11.775,10.451953,2025-07-15 11:00:00
18.775,19.526398,2025-07-15 11:00:00
14.35,11.369171,2025-07-15 11:00:00
32.925,18.99998,2025-07-15 12:00:00
14.05,10.99627,2025-07-15 12:00:00
13.95,12.229771,2025-07-15 12:00:00
19.15,18.637064,2025-07-15 12:00:00
10.775,11.285572,2025-07-15 12:00:00
15.475,13.419282,2025-07-15 13:00:00
14.075,11.733034,2025-07-15 13:00:00
32.55,17.200817,2025-07-15 13:00:00
10.4,10.250705,2025-07-15 13:00:00
20.425,16.536758,2025-07-15 13:00:00
20.075,17.066446,2025-07-15 14:00:00
10.4,9.604971,2025-07-15 14:00:00
34.025,18.433428,2025-07-15 14:00:00
13.6,13.966526,2025-07-15 14:00:00
10.575,10.379853,2025-07-15 14:00:00
10.2,10.896036,2025-07-15 15:00:00
36.675,23.097092,2025-07-15 15:00:00
8.625,9.598754,2025-07-15 15:00:00
21.0,18.503502,2025-07-15 15:00:00
13.2,13.513303,2025-07-15 15:00:00
38.25,22.723064,2025-07-15 16:00:00
20.675,18.110657,2025-07-15 16:00:00
8.525,8.979451,2025-07-15 16:00:00
11.7,10.314944,2025-07-15 16:00:00
10.0,14.265751,2025-07-15 16:00:00
9.525,14.103055,2025-07-15 17:00:00
39.575,20.495724,2025-07-15 17:00:00
23.2,20.788958,2025-07-15 17:00:00
8.966666666666667,8.832495,2025-07-15 17:00:00
13.425,10.890791,2025-07-15 17:00:00
23.73333333333333,26.97876,2025-07-15 18:00:00
23.875,21.489809,2025-07-15 18:00:00
13.433333333333332,10.6075,2025-07-15 18:00:00
13.3,9.329948,2025-07-15 18:00:00
10.325,13.089056,2025-07-15 18:00:00
24.125,31.111061,2025-07-15 19:00:00
15.45,9.526768,2025-07-15 19:00:00
24.8,21.748743,2025-07-15 19:00:00
14.225,10.964456,2025-07-15 19:00:00
7.425,15.754862,2025-07-15 19:00:00
15.575,9.784847,2025-07-15 20:00:00
14.6,11.55997,2025-07-15 20:00:00
26.3,35.384663,2025-07-15 20:00:00
28.3,22.297499,2025-07-15 20:00:00
15.4,16.031437,2025-07-15 20:00:00
15.775,10.058755,2025-07-15 21:00:00
23.825,21.30607,2025-07-15 21:00:00
19.575000000000003,16.668375,2025-07-15 21:00:00
11.25,11.6258335,2025-07-15 21:00:00
28.525,42.030884,2025-07-15 21:00:00
9.2,10.70037,2025-07-15 22:00:00
15.35,8.840314,2025-07-15 22:00:00
23.775,21.75327,2025-07-15 22:00:00
32.474999999999994,37.88707,2025-07-15 22:00:00
16.025,14.270699,2025-07-15 22:00:00
13.8,12.277042,2025-07-15 23:00:00
32.475,47.2372,2025-07-15 23:00:00
22.425,21.286497,2025-07-15 23:00:00
9.35,10.952188,2025-07-15 23:00:00
14.775,9.726246,2025-07-15 23:00:00
9.925,10.370299,2025-07-16 00:00:00
10.875,10.589553,2025-07-16 00:00:00
33.025,31.515707,2025-07-16 00:00:00
15.0,11.385053,2025-07-16 00:00:00
24.425,23.190195,2025-07-16 00:00:00
25.65,22.91369,2025-07-16 01:00:00
29.425,29.143847,2025-07-16 01:00:00
12.85,10.473471,2025-07-16 01:00:00
9.3,10.147154,2025-07-16 01:00:00
15.25,10.837563,2025-07-16 01:00:00
13.925,10.69492,2025-07-16 02:00:00
20.375,23.075735,2025-07-16 02:00:00
8.85,20.716785,2025-07-16 02:00:00
11.125,10.928235,2025-07-16 02:00:00
37.775,34.95372,2025-07-16 02:00:00
5.35,21.53939,2025-07-16 03:00:00
12.95,11.811258,2025-07-16 03:00:00
22.15,22.01927,2025-07-16 03:00:00
11.775,12.038729,2025-07-16 03:00:00
38.45,33.71003,2025-07-16 03:00:00
43.4,33.132282,2025-07-16 04:00:00
5.275,22.570011,2025-07-16 04:00:00
22.15,24.219793,2025-07-16 04:00:00
10.95,10.929432,2025-07-16 04:00:00
13.75,14.664225,2025-07-16 04:00:00
45.4,33.134857,2025-07-16 05:00:00
23.55,25.700926,2025-07-16 05:00:00
9.775,11.204388,2025-07-16 05:00:00
5.825,30.55242,2025-07-16 05:00:00
19.7,13.328525,2025-07-16 05:00:00
8.975,12.588244,2025-07-16 06:00:00
24.725,12.392277,2025-07-16 06:00:00
23.6,24.228872,2025-07-16 06:00:00
43.925,37.861755,2025-07-16 06:00:00
10.275,11.455069,2025-07-16 06:00:00
44.375,34.493206,2025-07-16 07:00:00
9.875,12.741905,2025-07-16 07:00:00
25.1,13.426727,2025-07-16 07:00:00
23.975,23.66743,2025-07-16 07:00:00
10.725,11.916985,2025-07-16 07:00:00
9.95,12.126838,2025-07-16 08:00:00
44.275,31.318346,2025-07-16 08:00:00
24.325,12.653789,2025-07-16 08:00:00
11.625,11.895122,2025-07-16 08:00:00
22.700000000000003,26.25735,2025-07-16 08:00:00
23.95,11.261267,2025-07-16 09:00:00
47.5,30.781502,2025-07-16 09:00:00
10.125,14.257358,2025-07-16 09:00:00
23.425,22.778925,2025-07-16 09:00:00
14.0,11.91104,2025-07-16 09:00:00
13.875,11.439749,2025-07-16 10:00:00
23.95,10.660459,2025-07-16 10:00:00
16.474999999999998,12.500983,2025-07-16 10:00:00
50.0,29.285402,2025-07-16 10:00:00
23.775,21.817663,2025-07-16 10:00:00
20.05,11.786087,2025-07-16 11:00:00
21.075,21.394772,2025-07-16 11:00:00
15.5,10.65418,2025-07-16 11:00:00
50.9,29.167442,2025-07-16 11:00:00
27.5,12.591981,2025-07-16 11:00:00
13.7,10.457984,2025-07-16 12:00:00
24.0,21.2832,2025-07-16 12:00:00
53.0,29.701681,2025-07-16 12:00:00
20.1,11.023437,2025-07-16 12:00:00
31.45,14.58083,2025-07-16 12:00:00
11.15,10.502482,2025-07-16 13:00:00
20.825,12.8906,2025-07-16 13:00:00
32.025,18.292202,2025-07-16 13:00:00
52.875,36.306908,2025-07-16 13:00:00
21.8,21.147154,2025-07-16 13:00:00
10.225,11.025965,2025-07-16 14:00:00
57.325,41.063145,2025-07-16 14:00:00
33.2,18.106598,2025-07-16 14:00:00
15.8,12.111632,2025-07-16 14:00:00
22.2,20.976501,2025-07-16 14:00:00
13.325,11.655104,2025-07-16 15:00:00
10.55,10.561618,2025-07-16 15:00:00
21.5,21.982813,2025-07-16 15:00:00
60.05,50.243256,2025-07-16 15:00:00
34.25,18.07147,2025-07-16 15:00:00
12.05,10.263333,2025-07-16 16:00:00
21.725,21.332802,2025-07-16 16:00:00
13.375,12.169939,2025-07-16 16:00:00
27.675,19.845268,2025-07-16 16:00:00
58.25,48.46355,2025-07-16 16:00:00
15.525,10.7946825,2025-07-16 17:00:00
59.325,45.348,2025-07-16 17:00:00
25.55,19.847754,2025-07-16 17:00:00
13.3,11.818962,2025-07-16 17:00:00
21.25,22.92381,2025-07-16 17:00:00
19.4,47.955673,2025-07-16 18:00:00
14.225,21.85263,2025-07-16 18:00:00
26.375,23.597052,2025-07-16 18:00:00
14.333333333333334,11.5533285,2025-07-16 18:00:00
13.1,13.380909,2025-07-16 18:00:00
29.275,25.979828,2025-07-16 19:00:00
13.45,13.504895,2025-07-16 19:00:00
13.175,12.416928,2025-07-16 19:00:00
22.175,64.47858,2025-07-16 19:00:00
6.075,24.772419,2025-07-16 19:00:00
18.0,66.254715,2025-07-16 20:00:00
13.25,13.543903,2025-07-16 20:00:00
29.15,26.274546,2025-07-16 20:00:00
12.3,25.121851,2025-07-16 20:00:00
13.5,10.852998,2025-07-16 20:00:00
14.775,25.532122,2025-07-16 21:00:00
23.175,66.05823,2025-07-16 21:00:00
9.225,11.005504,2025-07-16 21:00:00
13.025,11.744909,2025-07-16 21:00:00
27.225,27.408165,2025-07-16 21:00:00
8.25,11.5196085,2025-07-16 22:00:00
11.925,11.151506,2025-07-16 22:00:00
11.9,23.235126,2025-07-16 22:00:00
25.675,70.65253,2025-07-16 22:00:00
26.85,23.95874,2025-07-16 22:00:00
27.85,22.4305,2025-07-16 23:00:00
7.4,19.790337,2025-07-16 23:00:00
24.3,65.72719,2025-07-16 23:00:00
7.625,11.370128,2025-07-16 23:00:00
11.45,11.730411,2025-07-16 23:00:00
27.85,21.469265,2025-07-17 00:00:00
24.0,64.02688,2025-07-17 00:00:00
8.85,11.793143,2025-07-17 00:00:00
2.3,21.34503,2025-07-17 00:00:00
10.925,11.261271,2025-07-17 00:00:00
2.3,16.125307,2025-07-17 01:00:00
11.05,11.139535,2025-07-17 01:00:00
26.5,23.034601,2025-07-17 01:00:00
27.325,42.59962,2025-07-17 01:00:00
12.75,11.736267,2025-07-17 01:00:00
17.2,11.747259,2025-07-17 02:00:00
29.8,39.1607,2025-07-17 02:00:00
27.325,24.590382,2025-07-17 02:00:00
2.3,13.428804,2025-07-17 02:00:00
12.775,12.329306,2025-07-17 02:00:00
2.3,13.377554,2025-07-17 03:00:00
26.75,24.714539,2025-07-17 03:00:00
13.45,11.183519,2025-07-17 03:00:00
29.55,43.43353,2025-07-17 03:00:00
20.475,12.946521,2025-07-17 03:00:00
20.325,13.216686,2025-07-17 04:00:00
10.45,10.216503,2025-07-17 04:00:00
32.95,42.85317,2025-07-17 04:00:00
25.975,25.676884,2025-07-17 04:00:00
6.400000000000001,14.38367,2025-07-17 04:00:00
20.75,13.320536,2025-07-17 05:00:00
24.475,27.65354,2025-07-17 05:00:00
8.775,13.939637,2025-07-17 05:00:00
34.575,47.749382,2025-07-17 05:00:00
9.725,9.818175,2025-07-17 05:00:00
14.4,13.002925,2025-07-17 06:00:00
11.55,10.262709,2025-07-17 06:00:00
7.775,11.465532,2025-07-17 06:00:00
37.075,32.70586,2025-07-17 06:00:00
26.275,25.842533,2025-07-17 06:00:00
5.975,14.057484,2025-07-17 07:00:00
40.275,38.751118,2025-07-17 07:00:00
25.275,28.401018,2025-07-17 07:00:00
12.1,10.935762,2025-07-17 07:00:00
11.375,13.057791,2025-07-17 07:00:00
38.45,33.818504,2025-07-17 08:00:00
11.425,13.737385,2025-07-17 08:00:00
2.0,11.836889,2025-07-17 08:00:00
23.6,26.07755,2025-07-17 08:00:00
11.925,12.841915,2025-07-17 08:00:00
10.575,12.070314,2025-07-17 09:00:00
2.0,11.754091,2025-07-17 09:00:00
11.6,13.626992,2025-07-17 09:00:00
40.275,34.05205,2025-07-17 09:00:00
23.475,26.230776,2025-07-17 09:00:00
9.175,12.103246,2025-07-17 10:00:00
2.0,12.30888,2025-07-17 10:00:00
23.75,25.351269,2025-07-17 10:00:00
6.925,13.931092,2025-07-17 10:00:00
38.875,33.68716,2025-07-17 10:00:00
4.325,13.833422,2025-07-17 11:00:00
23.6,24.66062,2025-07-17 11:00:00
44.0,34.279537,2025-07-17 11:00:00
2.0,11.194072,2025-07-17 11:00:00
9.2,11.496688,2025-07-17 11:00:00
4.575,11.220911,2025-07-17 12:00:00
4.125,13.5496645,2025-07-17 12:00:00
8.475,11.225211,2025-07-17 12:00:00
26.7,27.58366,2025-07-17 12:00:00
45.625,35.37536,2025-07-17 12:00:00
48.175,32.34736,2025-07-17 13:00:00
4.075,12.451772,2025-07-17 13:00:00
27.950000000000003,29.85441,2025-07-17 13:00:00
9.65,11.091673,2025-07-17 13:00:00
6.6,10.279584,2025-07-17 13:00:00
9.35,11.19408,2025-07-17 14:00:00
46.925,33.895054,2025-07-17 14:00:00
8.575,11.398972,2025-07-17 14:00:00
13.075,14.367612,2025-07-17 14:00:00
26.325,30.698639,2025-07-17 14:00:00
17.8,12.965942,2025-07-17 15:00:00
49.875,37.092987,2025-07-17 15:00:00
26.95,26.968395,2025-07-17 15:00:00
9.425,10.833784,2025-07-17 15:00:00
10.5,11.230437,2025-07-17 15:00:00
3.2,10.342443,2025-07-17 16:00:00
9.575,10.626821,2025-07-17 16:00:00
49.375,41.744194,2025-07-17 16:00:00
18.35,12.515002,2025-07-17 16:00:00
28.1,28.37169,2025-07-17 16:00:00
8.85,10.455723,2025-07-17 17:00:00
28.75,23.014261,2025-07-17 17:00:00
51.25,38.83104,2025-07-17 17:00:00
18.33333333333333,11.863772,2025-07-17 17:00:00
3.2,11.260584,2025-07-17 17:00:00
12.225,11.01938,2025-07-17 18:00:00
29.266666666666666,50.018993,2025-07-17 18:00:00
25.025,27.161087,2025-07-17 18:00:00
8.95,9.496588,2025-07-17 18:00:00
10.833333333333334,9.776406,2025-07-17 18:00:00
12.925,10.383663,2025-07-17 19:00:00
14.05,11.48181,2025-07-17 19:00:00
21.6,34.10137,2025-07-17 19:00:00
26.975,75.65048,2025-07-17 19:00:00
9.35,10.5606785,2025-07-17 19:00:00
13.9,9.980128,2025-07-17 20:00:00
9.55,10.672614,2025-07-17 20:00:00
32.7,13.31781,2025-07-17 20:00:00
22.85,33.423378,2025-07-17 20:00:00
32.2,71.62736,2025-07-17 20:00:00
34.875,9.482007,2025-07-17 21:00:00
32.925,68.78496,2025-07-17 21:00:00
22.1,34.814304,2025-07-17 21:00:00
12.225,9.30698,2025-07-17 21:00:00
9.625,12.060791,2025-07-17 21:00:00
7.85,12.970866,2025-07-17 22:00:00
27.725,10.217249,2025-07-17 22:00:00
36.95,62.915283,2025-07-17 22:00:00
20.375,32.926327,2025-07-17 22:00:00
10.75,9.297988,2025-07-17 22:00:00
25.075,8.440616,2025-07-17 23:00:00
7.225,11.732343,2025-07-17 23:00:00
39.325,69.57608,2025-07-17 23:00:00
11.75,9.212043,2025-07-17 23:00:00
19.7,27.709848,2025-07-17 23:00:00
35.675,61.362183,2025-07-18 00:00:00
7.25,12.092364,2025-07-18 00:00:00
15.175,7.2283044,2025-07-18 00:00:00
11.775,9.939045,2025-07-18 00:00:00
21.75,32.463734,2025-07-18 00:00:00
11.95,10.498927,2025-07-18 01:00:00
7.725,11.9199295,2025-07-18 01:00:00
35.925,51.407505,2025-07-18 01:00:00
18.875,27.812641,2025-07-18 01:00:00
13.775,8.643878,2025-07-18 01:00:00
18.2,26.012543,2025-07-18 02:00:00
38.925,44.002075,2025-07-18 02:00:00
16.05,12.2338505,2025-07-18 02:00:00
12.275,10.2538185,2025-07-18 02:00:00
14.1,15.499853,2025-07-18 02:00:00
12.275,10.796455,2025-07-18 03:00:00
13.75,16.435577,2025-07-18 03:00:00
38.55,43.842556,2025-07-18 03:00:00
19.85,12.066569,2025-07-18 03:00:00
19.825,24.161377,2025-07-18 03:00:00
12.225,11.09346,2025-07-18 04:00:00
19.925,11.674853,2025-07-18 04:00:00
16.6,23.404081,2025-07-18 04:00:00
21.625,18.239042,2025-07-18 04:00:00
45.725,52.984352,2025-07-18 04:00:00
13.825,12.158663,2025-07-18 05:00:00
19.8,11.687461,2025-07-18 05:00:00
22.1,18.41005,2025-07-18 05:00:00
16.3,21.53795,2025-07-18 05:00:00
41.675,64.7514,2025-07-18 05:00:00
14.6,11.596986,2025-07-18 06:00:00
22.75,22.680391,2025-07-18 06:00:00
45.35,52.4299,2025-07-18 06:00:00
16.475,21.84841,2025-07-18 06:00:00
17.925,11.464718,2025-07-18 06:00:00
15.9,12.286878,2025-07-18 07:00:00
45.7,48.503803,2025-07-18 07:00:00
23.725,16.740957,2025-07-18 07:00:00
18.775,20.694921,2025-07-18 07:00:00
16.75,11.273887,2025-07-18 07:00:00
15.85,12.48924,2025-07-18 08:00:00
44.425,38.518818,2025-07-18 08:00:00
20.475,21.211397,2025-07-18 08:00:00
19.75,13.184717,2025-07-18 08:00:00
16.875,12.219867,2025-07-18 08:00:00
45.875,35.82005,2025-07-18 09:00:00
17.175,10.910562,2025-07-18 09:00:00
15.375,13.210022,2025-07-18 09:00:00
18.375,19.573605,2025-07-18 09:00:00
19.125,13.422322,2025-07-18 09:00:00
21.9,13.421744,2025-07-18 10:00:00
50.6,36.029865,2025-07-18 10:00:00
7.325,16.541214,2025-07-18 10:00:00
20.6,18.072954,2025-07-18 10:00:00
17.425,10.843112,2025-07-18 10:00:00
51.65,39.34788,2025-07-18 11:00:00
17.775,11.401938,2025-07-18 11:00:00
3.8,17.019152,2025-07-18 11:00:00
20.125,17.19665,2025-07-18 11:00:00
24.35,14.481503,2025-07-18 11:00:00
17.125,10.615816,2025-07-18 12:00:00
19.075,17.364233,2025-07-18 12:00:00
3.85,13.634562,2025-07-18 12:00:00
54.025,40.53211,2025-07-18 12:00:00
28.35,17.333607,2025-07-18 12:00:00
15.875,10.905699,2025-07-18 13:00:00
4.074999999999999,12.781952,2025-07-18 13:00:00
57.5,48.707893,2025-07-18 13:00:00
29.45,17.98582,2025-07-18 13:00:00
20.2,19.328953,2025-07-18 13:00:00
22.975,18.701187,2025-07-18 14:00:00
60.925,51.482307,2025-07-18 14:00:00
7.125,11.958286,2025-07-18 14:00:00
14.675,12.106136,2025-07-18 14:00:00
27.425,16.416866,2025-07-18 14:00:00
58.0,46.142395,2025-07-18 15:00:00
21.35,21.080544,2025-07-18 15:00:00
8.675,12.37579,2025-07-18 15:00:00
27.175,17.33947,2025-07-18 15:00:00
14.125,11.867727,2025-07-18 15:00:00
58.575,43.656742,2025-07-18 16:00:00
14.775,13.667192,2025-07-18 16:00:00
18.450000000000003,17.94321,2025-07-18 16:00:00
8.525,12.2054,2025-07-18 16:00:00
19.65,21.67621,2025-07-18 16:00:00
18.825,23.197317,2025-07-18 17:00:00
8.6,11.927208,2025-07-18 17:00:00
15.525,20.414867,2025-07-18 17:00:00
17.0,13.683149,2025-07-18 17:00:00
62.1,45.254166,2025-07-18 17:00:00
13.666666666666666,51.428566,2025-07-18 18:00:00
13.15,20.10077,2025-07-18 18:00:00
21.025,22.560799,2025-07-18 18:00:00
15.033333333333331,13.892094,2025-07-18 18:00:00
14.375,11.903082,2025-07-18 18:00:00
13.575,14.997985,2025-07-18 19:00:00
23.55,21.487375,2025-07-18 19:00:00
18.125,11.796202,2025-07-18 19:00:00
8.475000000000001,21.402084,2025-07-18 19:00:00
18.575,46.56946,2025-07-18 19:00:00
18.9,11.250517,2025-07-18 20:00:00
22.25,21.916777,2025-07-18 20:00:00
21.7,47.860424,2025-07-18 20:00:00
13.6,13.959741,2025-07-18 20:00:00
20.05,21.681715,2025-07-18 20:00:00
19.575,10.32608,2025-07-18 21:00:00
13.45,14.056587,2025-07-18 21:00:00
17.75,21.680002,2025-07-18 21:00:00
23.275,53.36608,2025-07-18 21:00:00
24.375,22.100027,2025-07-18 21:00:00
12.9,14.870122,2025-07-18 22:00:00
19.95,20.738087,2025-07-18 22:00:00
26.5,58.646744,2025-07-18 22:00:00
17.0,18.100382,2025-07-18 22:00:00
19.6,10.965632,2025-07-18 22:00:00
19.8,10.520381,2025-07-18 23:00:00
17.425,21.87899,2025-07-18 23:00:00
16.95,17.45302,2025-07-18 23:00:00
25.7,65.45806,2025-07-18 23:00:00
12.875,15.9043865,2025-07-18 23:00:00
12.45,14.075082,2025-07-19 00:00:00
8.675,18.752708,2025-07-19 00:00:00
19.725,11.854671,2025-07-19 00:00:00
18.9,17.717144,2025-07-19 00:00:00
24.05,53.79482,2025-07-19 00:00:00
26.125,33.977142,2025-07-19 01:00:00
20.225,20.734056,2025-07-19 01:00:00
18.7,11.629676,2025-07-19 01:00:00
7.0,17.537119,2025-07-19 01:00:00
12.925,13.658331,2025-07-19 01:00:00
16.95,18.898472,2025-07-19 02:00:00
6.375,14.988776,2025-07-19 02:00:00
13.1,19.316954,2025-07-19 02:00:00
32.3,32.24016,2025-07-19 02:00:00
18.25,14.470057,2025-07-19 02:00:00
12.75,13.722316,2025-07-19 03:00:00
31.6,30.930065,2025-07-19 03:00:00
17.975,15.514512,2025-07-19 03:00:00
19.575,19.240877,2025-07-19 03:00:00
7.75,16.802383,2025-07-19 03:00:00
18.05,15.498354,2025-07-19 04:00:00
18.95,19.255733,2025-07-19 04:00:00
16.425,18.161509,2025-07-19 04:00:00
38.9,40.43928,2025-07-19 04:00:00
9.425,14.001285,2025-07-19 04:00:00
20.25,17.387651,2025-07-19 05:00:00
15.85,18.004356,2025-07-19 05:00:00
18.325,15.119684,2025-07-19 05:00:00
34.175,40.18299,2025-07-19 05:00:00
10.375,14.995789,2025-07-19 05:00:00
11.95,13.910311,2025-07-19 06:00:00
18.05,16.136585,2025-07-19 06:00:00
17.6,18.555353,2025-07-19 06:00:00
36.575,38.030285,2025-07-19 06:00:00
14.975,15.2452,2025-07-19 06:00:00
18.55,14.0654125,2025-07-19 07:00:00
20.275,22.847178,2025-07-19 07:00:00
10.55,13.435677,2025-07-19 07:00:00
12.775,14.068731,2025-07-19 07:00:00
35.925,34.837902,2025-07-19 07:00:00
9.375,13.869442,2025-07-19 08:00:00
19.425,20.987862,2025-07-19 08:00:00
12.725,14.393467,2025-07-19 08:00:00
11.275,12.799682,2025-07-19 08:00:00
37.55,32.90081,2025-07-19 08:00:00
10.15,12.031895,2025-07-19 09:00:00
11.975,12.326198,2025-07-19 09:00:00
12.525,13.944418,2025-07-19 09:00:00
41.675,27.564714,2025-07-19 09:00:00
19.525,19.847347,2025-07-19 09:00:00
18.0,19.163393,2025-07-19 10:00:00
11.275,11.527059,2025-07-19 10:00:00
12.575,12.172966,2025-07-19 10:00:00
40.625,33.486706,2025-07-19 10:00:00
13.275,13.722375,2025-07-19 10:00:00
16.85,18.717709,2025-07-19 11:00:00
42.725,37.788994,2025-07-19 11:00:00
13.575,13.765621,2025-07-19 11:00:00
12.425,11.504464,2025-07-19 11:00:00
10.8,14.225505,2025-07-19 11:00:00
13.325,15.242035,2025-07-19 12:00:00
49.325,37.513298,2025-07-19 12:00:00
15.525,16.748947,2025-07-19 12:00:00
15.775,18.15494,2025-07-19 12:00:00
11.525,11.624819,2025-07-19 12:00:00
13.325,13.493631,2025-07-19 13:00:00
17.425,17.61558,2025-07-19 13:00:00
10.25,11.974188,2025-07-19 13:00:00
46.275,36.15531,2025-07-19 13:00:00
18.7,18.488033,2025-07-19 13:00:00
17.375,16.925503,2025-07-19 14:00:00
8.9,11.411518,2025-07-19 14:00:00
7.025,14.188603,2025-07-19 14:00:00
18.025,20.118895,2025-07-19 14:00:00
48.175,33.190247,2025-07-19 14:00:00
17.725,20.70843,2025-07-19 15:00:00
18.125,17.071272,2025-07-19 15:00:00
8.7,10.57623,2025-07-19 15:00:00
48.675,34.635696,2025-07-19 15:00:00
4.2,12.58273,2025-07-19 15:00:00
8.55,11.306663,2025-07-19 16:00:00
49.7,40.2855,2025-07-19 16:00:00
17.325,20.709202,2025-07-19 16:00:00
13.125,16.22869,2025-07-19 16:00:00
4.05,12.598351,2025-07-19 16:00:00
50.7,45.15927,2025-07-19 17:00:00
13.8,15.308403,2025-07-19 17:00:00
12.475,11.469689,2025-07-19 17:00:00
18.75,18.432055,2025-07-19 17:00:00
4.6000000000000005,11.404325,2025-07-19 17:00:00
14.5,11.913652,2025-07-19 18:00:00
13.325,17.075212,2025-07-19 18:00:00
24.5,38.18474,2025-07-19 18:00:00
13.466666666666669,10.833432,2025-07-19 18:00:00
17.175,17.461576,2025-07-19 18:00:00
13.7,12.755218,2025-07-19 19:00:00
21.125,20.51687,2025-07-19 19:00:00
19.075,12.22965,2025-07-19 19:00:00
10.1,18.241356,2025-07-19 19:00:00
23.15,56.423473,2025-07-19 19:00:00
19.0,11.873915,2025-07-19 20:00:00
13.8,13.405941,2025-07-19 20:00:00
22.5,20.131489,2025-07-19 20:00:00
28.8,54.686127,2025-07-19 20:00:00
21.5,19.294086,2025-07-19 20:00:00
29.9,55.632946,2025-07-19 21:00:00
11.5,11.941739,2025-07-19 21:00:00
19.725,10.537663,2025-07-19 21:00:00
21.65,17.499363,2025-07-19 21:00:00
19.075,20.918394,2025-07-19 21:00:00
29.35,62.47536,2025-07-19 22:00:00
9.1,10.668356,2025-07-19 22:00:00
18.25,16.79114,2025-07-19 22:00:00
15.875,15.77093,2025-07-19 22:00:00
17.549999999999997,8.92481,2025-07-19 22:00:00
13.875,15.765829,2025-07-19 23:00:00
18.45,17.160004,2025-07-19 23:00:00
9.0,9.414452,2025-07-19 23:00:00
30.700000000000003,60.590355,2025-07-19 23:00:00
16.5,10.181277,2025-07-19 23:00:00
9.5,10.4479065,2025-07-20 00:00:00
32.075,49.201042,2025-07-20 00:00:00
16.475,11.95419,2025-07-20 00:00:00
6.375,13.360515,2025-07-20 00:00:00
19.55,15.722754,2025-07-20 00:00:00
29.275,34.43958,2025-07-20 01:00:00
6.275,11.823043,2025-07-20 01:00:00
19.825,16.557404,2025-07-20 01:00:00
16.825,12.010209,2025-07-20 01:00:00
12.525,10.385785,2025-07-20 01:00:00
34.25,35.22046,2025-07-20 02:00:00
15.675,13.608842,2025-07-20 02:00:00
6.95,11.678479,2025-07-20 02:00:00
16.3,16.024998,2025-07-20 02:00:00
13.575,11.344153,2025-07-20 02:00:00
14.775,14.658356,2025-07-20 03:00:00
13.925,11.917056,2025-07-20 03:00:00
38.475,37.918022,2025-07-20 03:00:00
14.65,17.71489,2025-07-20 03:00:00
5.575,13.527772,2025-07-20 03:00:00
17.925,17.928755,2025-07-20 04:00:00
13.825,14.982495,2025-07-20 04:00:00
13.25,12.18188,2025-07-20 04:00:00
37.825,41.068398,2025-07-20 04:00:00
9.2,15.170016,2025-07-20 04:00:00
43.5,43.75083,2025-07-20 05:00:00
18.45,17.180824,2025-07-20 05:00:00
11.175,10.811082,2025-07-20 05:00:00
13.25,14.656837,2025-07-20 05:00:00
12.05,13.10043,2025-07-20 05:00:00
9.525,10.517495,2025-07-20 06:00:00
17.075,18.19086,2025-07-20 06:00:00
14.275,14.593763,2025-07-20 06:00:00
11.375,12.996706,2025-07-20 06:00:00
43.85,44.15136,2025-07-20 06:00:00
9.075,11.079969,2025-07-20 07:00:00
43.425,40.423878,2025-07-20 07:00:00
10.85,11.617924,2025-07-20 07:00:00
17.075,18.969418,2025-07-20 07:00:00
14.65,13.8660555,2025-07-20 07:00:00
14.425,13.57975,2025-07-20 08:00:00
45.8,42.95472,2025-07-20 08:00:00
9.025,12.079721,2025-07-20 08:00:00
19.075,17.385689,2025-07-20 08:00:00
5.475,10.973133,2025-07-20 08:00:00
11.55,11.528239,2025-07-20 09:00:00
19.9,15.64475,2025-07-20 09:00:00
45.35,33.833187,2025-07-20 09:00:00
4.25,11.218101,2025-07-20 09:00:00
14.15,13.295163,2025-07-20 09:00:00
25.075,15.446561,2025-07-20 10:00:00
45.825,34.33394,2025-07-20 10:00:00
14.0,10.791068,2025-07-20 10:00:00
4.8,10.96355,2025-07-20 10:00:00
11.475,13.046662,2025-07-20 10:00:00
50.625,30.934538,2025-07-20 11:00:00
14.05,10.6670685,2025-07-20 11:00:00
5.4,11.063276,2025-07-20 11:00:00
24.35,15.931105,2025-07-20 11:00:00
10.275,13.219415,2025-07-20 11:00:00
23.45,15.176552,2025-07-20 12:00:00
9.375,11.376642,2025-07-20 12:00:00
9.925,13.254472,2025-07-20 12:00:00
14.65,10.619329,2025-07-20 12:00:00
51.2,32.6238,2025-07-20 12:00:00
9.75,13.061012,2025-07-20 13:00:00
12.55,10.806753,2025-07-20 13:00:00
22.95,15.485384,2025-07-20 13:00:00
12.95,13.30305,2025-07-20 13:00:00
53.35,38.44829,2025-07-20 13:00:00
14.0,14.777148,2025-07-20 14:00:00
17.7,15.881856,2025-07-20 14:00:00
10.55,10.523623,2025-07-20 14:00:00
53.15,48.177944,2025-07-20 14:00:00
13.5,13.580579,2025-07-20 14:00:00
13.225,13.001314,2025-07-20 15:00:00
9.325,10.675213,2025-07-20 15:00:00
54.175,48.399384,2025-07-20 15:00:00
15.625,13.135684,2025-07-20 15:00:00
18.9,19.314026,2025-07-20 15:00:00
9.7,11.774059,2025-07-20 16:00:00
9.425,12.369671,2025-07-20 16:00:00
17.625,20.330097,2025-07-20 16:00:00
50.35,53.309605,2025-07-20 16:00:00
15.425,12.119095,2025-07-20 16:00:00
15.8,12.136164,2025-07-20 17:00:00
19.225,21.197811,2025-07-20 17:00:00
6.725,12.192516,2025-07-20 17:00:00
12.225,11.966692,2025-07-20 17:00:00
58.35,50.65094,2025-07-20 17:00:00
15.133333333333333,43.405598,2025-07-20 18:00:00
8.65,10.641923,2025-07-20 18:00:00
22.4,21.868193,2025-07-20 18:00:00
13.3,11.367224,2025-07-20 18:00:00
13.833333333333334,10.97831,2025-07-20 18:00:00
26.375,23.373102,2025-07-20 19:00:00
13.35,10.994536,2025-07-20 19:00:00
11.975,12.824664,2025-07-20 19:00:00
12.7,11.0012455,2025-07-20 19:00:00
16.975,53.89255,2025-07-20 19:00:00
23.0,15.096113,2025-07-20 20:00:00
12.975,11.24984,2025-07-20 20:00:00
13.2,11.442687,2025-07-20 20:00:00
29.65,20.215773,2025-07-20 20:00:00
16.8,59.111164,2025-07-20 20:00:00
23.85,19.965187,2025-07-20 21:00:00
13.575,12.141212,2025-07-20 21:00:00
18.175,64.4269,2025-07-20 21:00:00
24.775,13.2751665,2025-07-20 21:00:00
11.1,10.745551,2025-07-20 21:00:00
21.65,61.772953,2025-07-20 22:00:00
13.9,10.697209,2025-07-20 22:00:00
15.85,9.872286,2025-07-20 22:00:00
21.5,12.858018,2025-07-20 22:00:00
23.275,16.950226,2025-07-20 22:00:00
23.425,60.335705,2025-07-20 23:00:00
22.925,17.553501,2025-07-20 23:00:00
8.475,9.90604,2025-07-20 23:00:00
18.1,11.081147,2025-07-20 23:00:00
14.45,11.207783,2025-07-20 23:00:00
11.675,10.453767,2025-07-21 00:00:00
21.45,53.985165,2025-07-21 00:00:00
24.5,19.85903,2025-07-21 00:00:00
14.55,11.670983,2025-07-21 00:00:00
9.4,9.426212,2025-07-21 00:00:00
10.475,9.795006,2025-07-21 01:00:00
21.075,19.728079,2025-07-21 01:00:00
22.9,36.11587,2025-07-21 01:00:00
14.575,12.112236,2025-07-21 01:00:00
11.925,9.666598,2025-07-21 01:00:00
24.725,30.649725,2025-07-21 02:00:00
14.625,10.434104,2025-07-21 02:00:00
14.275,12.637467,2025-07-21 02:00:00
22.55,21.629383,2025-07-21 02:00:00
11.45,11.294768,2025-07-21 02:00:00
14.35,13.444438,2025-07-21 03:00:00
22.5,20.666048,2025-07-21 03:00:00
14.45,11.897191,2025-07-21 03:00:00
30.35,33.237587,2025-07-21 03:00:00
11.325,17.704603,2025-07-21 03:00:00
20.325,16.37303,2025-07-21 04:00:00
28.525,30.915926,2025-07-21 04:00:00
22.25,22.637758,2025-07-21 04:00:00
14.425,13.595674,2025-07-21 04:00:00
13.75,11.802365,2025-07-21 04:00:00
20.1,23.768164,2025-07-21 05:00:00
14.475,13.677518,2025-07-21 05:00:00
24.6,16.75235,2025-07-21 05:00:00
34.025,26.065895,2025-07-21 05:00:00
11.575,12.071904,2025-07-21 05:00:00
11.6,14.169404,2025-07-21 06:00:00
22.275,14.860735,2025-07-21 06:00:00
35.375,45.647083,2025-07-21 06:00:00
21.725,23.00508,2025-07-21 06:00:00
8.475,11.622641,2025-07-21 06:00:00
8.100000000000001,12.087718,2025-07-21 07:00:00
34.95,44.40611,2025-07-21 07:00:00
23.95,22.326742,2025-07-21 07:00:00
22.3,13.481722,2025-07-21 07:00:00
9.475,14.04359,2025-07-21 07:00:00
23.225,22.50277,2025-07-21 08:00:00
35.325,33.923485,2025-07-21 08:00:00
16.35,12.701623,2025-07-21 08:00:00
8.15,12.867775,2025-07-21 08:00:00
8.925,13.680106,2025-07-21 08:00:00
8.5,13.76427,2025-07-21 09:00:00
10.775,11.429687,2025-07-21 09:00:00
35.075,27.88227,2025-07-21 09:00:00
24.65,20.752604,2025-07-21 09:00:00
13.05,11.638779,2025-07-21 09:00:00
12.2,13.02384,2025-07-21 10:00:00
37.2,21.946112,2025-07-21 10:00:00
13.525,11.044888,2025-07-21 10:00:00
17.725,13.174174,2025-07-21 10:00:00
26.275,19.84236,2025-07-21 10:00:00
24.95,21.586042,2025-07-21 11:00:00
22.625,12.6853285,2025-07-21 11:00:00
13.45,11.568319,2025-07-21 11:00:00
37.7,34.11695,2025-07-21 11:00:00
12.4,16.269375,2025-07-21 11:00:00
40.275,29.217525,2025-07-21 12:00:00
23.675,22.45613,2025-07-21 12:00:00
18.025,16.770306,2025-07-21 12:00:00
13.675,10.967853,2025-07-21 12:00:00
22.5,12.70725,2025-07-21 12:00:00
23.675,23.13664,2025-07-21 13:00:00
22.475,13.51849,2025-07-21 13:00:00
12.1,10.672411,2025-07-21 13:00:00
43.625,31.222027,2025-07-21 13:00:00
20.525,18.678745,2025-07-21 13:00:00
46.825,35.191483,2025-07-21 14:00:00
27.1,21.41398,2025-07-21 14:00:00
18.575,13.245434,2025-07-21 14:00:00
11.225,10.580614,2025-07-21 14:00:00
21.9,19.303707,2025-07-21 14:00:00
25.525,24.222038,2025-07-21 15:00:00
13.475,10.517136,2025-07-21 15:00:00
22.625,16.897346,2025-07-21 15:00:00
50.05,32.79351,2025-07-21 15:00:00
16.475,12.400842,2025-07-21 15:00:00
14.775,11.012594,2025-07-21 16:00:00
26.25,22.393661,2025-07-21 16:00:00
20.35,17.218033,2025-07-21 16:00:00
17.15,11.533846,2025-07-21 16:00:00
51.125,33.936684,2025-07-21 16:00:00
25.1,17.003647,2025-07-21 17:00:00
24.85,23.893127,2025-07-21 17:00:00
18.2,11.9463,2025-07-21 17:00:00
52.35,33.778603,2025-07-21 17:00:00
15.45,11.597626,2025-07-21 17:00:00
17.566666666666666,36.247074,2025-07-21 18:00:00
17.2,17.395561,2025-07-21 18:00:00
17.625,12.734188,2025-07-21 18:00:00
26.5,24.61857,2025-07-21 18:00:00
12.466666666666669,10.875168,2025-07-21 18:00:00
29.625,25.470793,2025-07-21 19:00:00
6.775,18.754736,2025-07-21 19:00:00
17.875,38.891533,2025-07-21 19:00:00
16.65,12.461604,2025-07-21 19:00:00
12.275,10.775359,2025-07-21 19:00:00
29.8,24.432375,2025-07-21 20:00:00
12.5,11.180364,2025-07-21 20:00:00
17.85,22.376524,2025-07-21 20:00:00
15.975,11.9636545,2025-07-21 20:00:00
23.9,53.002415,2025-07-21 20:00:00
13.825,19.204956,2025-07-21 21:00:00
10.825,10.378807,2025-07-21 21:00:00
26.55,23.769423,2025-07-21 21:00:00
21.65,51.35548,2025-07-21 21:00:00
15.8,9.742914,2025-07-21 21:00:00
12.15,11.805096,2025-07-21 22:00:00
17.55,12.103414,2025-07-21 22:00:00
5.825,18.202705,2025-07-21 22:00:00
25.05,23.086782,2025-07-21 22:00:00
23.025,61.01121,2025-07-21 22:00:00
20.375,54.645676,2025-07-21 23:00:00
2.475,17.688265,2025-07-21 23:00:00
24.6,23.73217,2025-07-21 23:00:00
11.825,12.248871,2025-07-21 23:00:00
18.325,11.976649,2025-07-21 23:00:00
18.475,12.652984,2025-07-22 00:00:00
22.675,22.31411,2025-07-22 00:00:00
20.85,41.341568,2025-07-22 00:00:00
2.475,16.18384,2025-07-22 00:00:00
11.7,11.446575,2025-07-22 00:00:00
12.35,11.983801,2025-07-22 01:00:00
22.125,27.617294,2025-07-22 01:00:00
18.525,13.009436,2025-07-22 01:00:00
22.725,23.50789,2025-07-22 01:00:00
2.475,14.085837,2025-07-22 01:00:00
22.25,23.06594,2025-07-22 02:00:00
2.475,13.580258,2025-07-22 02:00:00
24.625,14.440151,2025-07-22 02:00:00
12.25,12.0094595,2025-07-22 02:00:00
24.725,23.418888,2025-07-22 02:00:00
11.225,11.952339,2025-07-22 03:00:00
21.525,23.068933,2025-07-22 03:00:00
24.1,23.414288,2025-07-22 03:00:00
26.9,14.411381,2025-07-22 03:00:00
25.975,23.114311,2025-07-22 04:00:00
9.45,10.989532,2025-07-22 04:00:00
26.775,14.301679,2025-07-22 04:00:00
31.5,24.183802,2025-07-22 04:00:00
23.8,22.461048,2025-07-22 05:00:00
33.9,22.145798,2025-07-22 05:00:00
7.7,12.0779505,2025-07-22 05:00:00
5.7,11.321528,2025-07-22 05:00:00
26.6,14.835398,2025-07-22 05:00:00
9.966666666666669,11.559466,2025-07-22 06:00:00
13.575,15.309649,2025-07-22 06:00:00
32.775,24.574894,2025-07-22 06:00:00
23.8,22.949137,2025-07-22 06:00:00
8.0,12.166525,2025-07-22 06:00:00
6.975,14.415527,2025-07-22 07:00:00
9.966666666666669,11.482648,2025-07-22 07:00:00
11.8,12.866341,2025-07-22 07:00:00
23.375,21.911207,2025-07-22 07:00:00
32.5,23.795813,2025-07-22 07:00:00
25.05,20.998604,2025-07-22 08:00:00
8.933333333333332,12.529502,2025-07-22 08:00:00
39.23333333333333,21.822252,2025-07-22 08:00:00
6.675000000000001,16.678684,2025-07-22 08:00:00
12.625,13.391125,2025-07-22 08:00:00
26.475,23.34511,2025-07-22 09:00:00
6.6,16.378101,2025-07-22 09:00:00
9.9,12.288294,2025-07-22 09:00:00
37.06666666666666,19.871473,2025-07-22 09:00:00
9.55,11.713227,2025-07-22 10:00:00
22.525,20.581099,2025-07-22 10:00:00
9.65,17.641169,2025-07-22 10:00:00
32.3,22.034353,2025-07-22 10:00:00
3.7,11.72406,2025-07-22 11:00:00
9.975,10.827521,2025-07-22 11:00:00
34.3,25.737999,2025-07-22 11:00:00
21.375,23.753544,2025-07-22 11:00:00
11.15,17.367567,2025-07-22 11:00:00
26.675,22.32847,2025-07-22 12:00:00
10.575,10.333702,2025-07-22 12:00:00
11.475,15.710429,2025-07-22 12:00:00
39.275000000000006,26.26494,2025-07-22 12:00:00
9.333333333333334,10.706046,2025-07-22 12:00:00
10.3,10.156438,2025-07-22 13:00:00
37.825,35.58162,2025-07-22 13:00:00
13.975,12.526906,2025-07-22 13:00:00
11.775,16.81438,2025-07-22 13:00:00
26.025,23.554743,2025-07-22 13:00:00
13.7,13.887683,2025-07-22 14:00:00
10.375,11.397257,2025-07-22 14:00:00
25.825,25.939373,2025-07-22 14:00:00
8.575,14.739554,2025-07-22 14:00:00
40.525,35.625755,2025-07-22 14:00:00
24.0,26.918695,2025-07-22 15:00:00
6.1,14.441714,2025-07-22 15:00:00
12.85,11.66002,2025-07-22 15:00:00
38.9,39.3904,2025-07-22 15:00:00
10.65,11.168361,2025-07-22 15:00:00
11.025,11.21661,2025-07-22 16:00:00
6.05,12.811995,2025-07-22 16:00:00
37.925,36.199345,2025-07-22 16:00:00
6.025,16.105738,2025-07-22 16:00:00
25.725,23.57301,2025-07-22 16:00:00
11.3,10.860725,2025-07-22 17:00:00
25.2,22.21276,2025-07-22 17:00:00
42.225,30.994732,2025-07-22 17:00:00
6.0,15.940471,2025-07-22 17:00:00
4.675,12.099147,2025-07-22 17:00:00
11.3,10.204758,2025-07-22 18:00:00
4.9,13.7110195,2025-07-22 18:00:00
10.566666666666668,38.105053,2025-07-22 18:00:00
7.0,10.47753,2025-07-22 18:00:00
25.2,23.941832,2025-07-22 18:00:00
12.4,36.801636,2025-07-22 19:00:00
12.3,9.909986,2025-07-22 19:00:00
29.975,23.286371,2025-07-22 19:00:00
9.85,12.884468,2025-07-22 19:00:00
3.975,12.77006,2025-07-22 19:00:00
15.3,36.736404,2025-07-22 20:00:00
12.7,10.015617,2025-07-22 20:00:00
27.1,24.791967,2025-07-22 20:00:00
19.95,12.074664,2025-07-22 20:00:00
4.15,12.466096,2025-07-22 20:00:00
28.325,11.1648855,2025-07-22 21:00:00
11.775,41.040653,2025-07-22 21:00:00
12.45,10.128522,2025-07-22 21:00:00
24.175,22.792532,2025-07-22 21:00:00
4.8,12.248803,2025-07-22 21:00:00
26.025,10.220631,2025-07-22 22:00:00
11.45,9.320086,2025-07-22 22:00:00
12.6,7.6652017,2025-07-22 22:00:00
23.2,21.081793,2025-07-22 22:00:00
16.45,44.834423,2025-07-22 22:00:00
24.4,8.785976,2025-07-22 23:00:00
16.325,46.305733,2025-07-22 23:00:00
16.525,9.450152,2025-07-22 23:00:00
21.075,21.954988,2025-07-22 23:00:00
11.125,9.7415495,2025-07-22 23:00:00
11.175,9.880827,2025-07-23 00:00:00
17.075,7.4468937,2025-07-23 00:00:00
18.5,51.152824,2025-07-23 00:00:00
17.0,9.941923,2025-07-23 00:00:00
22.375,22.975842,2025-07-23 00:00:00
18.1,9.573482,2025-07-23 01:00:00
11.0,9.826956,2025-07-23 01:00:00
19.925,23.200275,2025-07-23 01:00:00
17.35,7.685239,2025-07-23 01:00:00
18.2,35.393055,2025-07-23 01:00:00
22.975,23.604832,2025-07-23 02:00:00
7.5,10.183815,2025-07-23 02:00:00
22.15,29.95655,2025-07-23 02:00:00
12.8,10.222497,2025-07-23 02:00:00
16.875,9.270913,2025-07-23 02:00:00
1.9,10.5788765,2025-07-23 03:00:00
21.3,25.862444,2025-07-23 03:00:00
23.15,29.42502,2025-07-23 03:00:00
12.625,11.368272,2025-07-23 03:00:00
13.475,19.085756,2025-07-23 03:00:00
12.375,12.106411,2025-07-23 04:00:00
24.075,25.271276,2025-07-23 04:00:00
19.275,30.941938,2025-07-23 04:00:00
23.25,20.091059,2025-07-23 04:00:00
1.75,11.501075,2025-07-23 04:00:00
20.875,30.174511,2025-07-23 05:00:00
11.3,11.867217,2025-07-23 05:00:00
30.4,16.671988,2025-07-23 05:00:00
2.0,13.630104,2025-07-23 05:00:00
24.1,25.613949,2025-07-23 05:00:00
12.65,26.856697,2025-07-23 06:00:00
7.7,13.4149685,2025-07-23 06:00:00
10.0,10.7546015,2025-07-23 06:00:00
26.975,24.987417,2025-07-23 06:00:00
27.1,17.517136,2025-07-23 06:00:00
10.125,11.193697,2025-07-23 07:00:00
10.125,13.236885,2025-07-23 07:00:00
25.225,14.647018,2025-07-23 07:00:00
28.65,25.447521,2025-07-23 07:00:00
12.65,24.581856,2025-07-23 07:00:00
27.5,21.378508,2025-07-23 08:00:00
7.925000000000001,11.417528,2025-07-23 08:00:00
19.225,24.615583,2025-07-23 08:00:00
17.075,15.344901,2025-07-23 08:00:00
9.875,12.212188,2025-07-23 08:00:00
9.7,11.061597,2025-07-23 09:00:00
14.1,15.003477,2025-07-23 09:00:00
7.525,13.123464,2025-07-23 09:00:00
21.45,22.788277,2025-07-23 09:00:00
29.1,19.487309,2025-07-23 09:00:00
14.2,8.70737,2025-07-23 10:00:00
14.8,22.405329,2025-07-23 10:00:00
28.625,25.250227,2025-07-23 10:00:00
14.05,15.129153,2025-07-23 10:00:00
10.775,11.992922,2025-07-23 10:00:00
10.675,11.334738,2025-07-23 11:00:00
13.425,16.241882,2025-07-23 11:00:00
12.35,20.235424,2025-07-23 11:00:00
30.775,23.06891,2025-07-23 11:00:00
16.1,8.224162,2025-07-23 11:00:00
21.75,18.001177,2025-07-23 12:00:00
15.55,8.760045,2025-07-23 12:00:00
9.025,10.660651,2025-07-23 12:00:00
14.15,21.060894,2025-07-23 12:00:00
34.075,26.495378,2025-07-23 12:00:00
15.45,9.660297,2025-07-23 13:00:00
10.3,11.125627,2025-07-23 13:00:00
14.15,17.76225,2025-07-23 13:00:00
26.05,21.413445,2025-07-23 13:00:00
33.3,27.32368,2025-07-23 13:00:00
37.375,28.065966,2025-07-23 14:00:00
15.9,11.004206,2025-07-23 14:00:00
27.375,20.96116,2025-07-23 14:00:00
11.55,9.507688,2025-07-23 14:00:00
12.425,19.925177,2025-07-23 14:00:00
11.05,18.114954,2025-07-23 15:00:00
12.95,10.193171,2025-07-23 15:00:00
28.3,18.261957,2025-07-23 15:00:00
36.325,26.62263,2025-07-23 15:00:00
15.55,10.508003,2025-07-23 15:00:00
13.675,21.286415,2025-07-23 16:00:00
12.775,9.929617,2025-07-23 16:00:00
15.4,11.247688,2025-07-23 16:00:00
21.075,16.781279,2025-07-23 16:00:00
35.7,31.12185,2025-07-23 16:00:00
15.466666666666669,11.807768,2025-07-23 17:00:00
15.125,19.415909,2025-07-23 17:00:00
19.6,17.56443,2025-07-23 17:00:00
12.925,10.44539,2025-07-23 17:00:00
34.8,35.30991,2025-07-23 17:00:00
13.366666666666667,10.424334,2025-07-23 18:00:00
17.65,11.234356,2025-07-23 18:00:00
17.9,18.361473,2025-07-23 18:00:00
30.46666666666667,34.559063,2025-07-23 18:00:00
12.05,17.956501,2025-07-23 18:00:00
12.45,20.283506,2025-07-23 19:00:00
37.4,40.391388,2025-07-23 19:00:00
18.525,10.780413,2025-07-23 19:00:00
12.825,10.323247,2025-07-23 19:00:00
15.525,20.029488,2025-07-23 19:00:00
20.55,22.459173,2025-07-23 20:00:00
35.1,43.86139,2025-07-23 20:00:00
13.5,10.904541,2025-07-23 20:00:00
18.8,11.678132,2025-07-23 20:00:00
17.7,16.585056,2025-07-23 20:00:00
10.875,15.118121,2025-07-23 21:00:00
22.2,21.819593,2025-07-23 21:00:00
38.425,38.58492,2025-07-23 21:00:00
12.65,10.579658,2025-07-23 21:00:00
18.8,13.108151,2025-07-23 21:00:00
15.8,19.206085,2025-07-23 22:00:00
9.3,14.788934,2025-07-23 22:00:00
37.2,39.97284,2025-07-23 22:00:00
10.875,11.25999,2025-07-23 22:00:00
12.2,10.751967,2025-07-23 22:00:00
6.45,11.012077,2025-07-23 23:00:00
37.175,33.810642,2025-07-23 23:00:00
9.625,20.62691,2025-07-23 23:00:00
12.675,10.493567,2025-07-23 23:00:00
7.425000000000001,13.896056,2025-07-23 23:00:00
11.425,14.231947,2025-07-24 00:00:00
33.775000000000006,41.838955,2025-07-24 00:00:00
6.75,11.244448,2025-07-24 00:00:00
10.95,10.708728,2025-07-24 00:00:00
2.6,20.071724,2025-07-24 00:00:00
11.325,10.614768,2025-07-24 01:00:00
10.825,12.805881,2025-07-24 01:00:00
1.925,19.809427,2025-07-24 01:00:00
34.575,39.14115,2025-07-24 01:00:00
6.825,11.769309,2025-07-24 01:00:00
38.5,37.389214,2025-07-24 02:00:00
14.05,12.584077,2025-07-24 02:00:00
2.825,18.819763,2025-07-24 02:00:00
12.35,10.691739,2025-07-24 02:00:00
12.05,15.62046,2025-07-24 02:00:00
3.35,20.350174,2025-07-24 03:00:00
43.95,39.725903,2025-07-24 03:00:00
17.325,13.038229,2025-07-24 03:00:00
11.375,15.417393,2025-07-24 03:00:00
10.175,11.338988,2025-07-24 03:00:00
46.05,49.315037,2025-07-24 04:00:00
10.325,11.421966,2025-07-24 04:00:00
13.75,13.59773,2025-07-24 04:00:00
16.925,13.756596,2025-07-24 04:00:00
12.575,18.106146,2025-07-24 04:00:00
16.475,14.169959,2025-07-24 05:00:00
10.275,11.83473,2025-07-24 05:00:00
43.8,47.40906,2025-07-24 05:00:00
16.15,18.664427,2025-07-24 05:00:00
17.2,12.769726,2025-07-24 05:00:00
17.2,12.1259365,2025-07-24 06:00:00
14.85,12.151888,2025-07-24 06:00:00
14.7,13.048996,2025-07-24 06:00:00
44.3,42.94914,2025-07-24 06:00:00
10.925,11.633668,2025-07-24 06:00:00
10.1,11.581705,2025-07-24 07:00:00
17.2,10.999934,2025-07-24 07:00:00
40.6,39.928345,2025-07-24 07:00:00
13.75,10.49212,2025-07-24 07:00:00
14.75,12.081059,2025-07-24 07:00:00
43.6,39.48591,2025-07-24 08:00:00
5.0,13.241826,2025-07-24 08:00:00
9.075,12.817833,2025-07-24 08:00:00
13.75,11.590885,2025-07-24 08:00:00
13.05,11.008562,2025-07-24 08:00:00
26.475,12.309156,2025-07-24 09:00:00
6.1,12.283682,2025-07-24 09:00:00
11.45,10.680277,2025-07-24 09:00:00
42.75,39.96562,2025-07-24 09:00:00
7.775,12.103488,2025-07-24 09:00:00
31.875,10.368069,2025-07-24 10:00:00
8.35,11.584258,2025-07-24 10:00:00
9.7,10.060067,2025-07-24 10:00:00
45.825,38.13888,2025-07-24 10:00:00
11.325,12.525115,2025-07-24 10:00:00
51.125,42.91108,2025-07-24 11:00:00
12.425,13.11131,2025-07-24 11:00:00
9.0,12.524223,2025-07-24 11:00:00
9.925,9.913916,2025-07-24 11:00:00
46.2,11.800982,2025-07-24 11:00:00
13.575,15.062061,2025-07-24 12:00:00
27.175,11.963645,2025-07-24 12:00:00
12.4,13.25951,2025-07-24 12:00:00
51.9,48.431927,2025-07-24 12:00:00
9.125,9.994373,2025-07-24 12:00:00
46.95,12.450329,2025-07-24 13:00:00
16.35,16.620728,2025-07-24 13:00:00
10.525,10.064343,2025-07-24 13:00:00
54.6,51.473686,2025-07-24 13:00:00
13.275,13.510922,2025-07-24 13:00:00
56.0,52.61578,2025-07-24 14:00:00
17.25,17.607868,2025-07-24 14:00:00
11.575,10.439826,2025-07-24 14:00:00
52.8,12.501727,2025-07-24 14:00:00
6.425,12.438058,2025-07-24 14:00:00
52.2,54.17209,2025-07-24 15:00:00
13.275,10.762782,2025-07-24 15:00:00
3.2,11.103265,2025-07-24 15:00:00
20.25,14.004141,2025-07-24 15:00:00
52.325,14.370461,2025-07-24 15:00:00
14.925,9.809701,2025-07-24 16:00:00
56.9,45.0723,2025-07-24 16:00:00
58.925,17.394136,2025-07-24 16:00:00
17.7,12.113992,2025-07-24 16:00:00
3.35,11.134007,2025-07-24 16:00:00
51.725,24.395514,2025-07-24 17:00:00
3.466666666666667,10.042285,2025-07-24 17:00:00
18.225,10.553777,2025-07-24 17:00:00
14.7,9.728674,2025-07-24 17:00:00
61.025,44.323524,2025-07-24 17:00:00
23.6,49.339428,2025-07-24 18:00:00
32.525,24.09394,2025-07-24 18:00:00
7.45,12.15792,2025-07-24 18:00:00
18.075,12.746439,2025-07-24 18:00:00
13.95,9.759911,2025-07-24 18:00:00
17.575,13.520495,2025-07-24 19:00:00
28.775,53.384663,2025-07-24 19:00:00
12.5,23.156948,2025-07-24 19:00:00
9.575,11.266276,2025-07-24 19:00:00
10.9,10.309835,2025-07-24 19:00:00
12.0,10.853967,2025-07-24 20:00:00
9.4,10.933489,2025-07-24 20:00:00
8.649999999999999,29.320597,2025-07-24 20:00:00
28.4,54.75005,2025-07-24 20:00:00
29.95,15.313687,2025-07-24 20:00:00
14.666666666666666,29.479563,2025-07-24 21:00:00
9.4,10.241697,2025-07-24 21:00:00
26.275,16.88567,2025-07-24 21:00:00
32.125,50.73297,2025-07-24 21:00:00
12.8,10.682557,2025-07-24 21:00:00
20.575,16.016342,2025-07-24 22:00:00
11.7,11.534078,2025-07-24 22:00:00
14.666666666666666,32.348316,2025-07-24 22:00:00
11.875,10.401696,2025-07-24 22:00:00
32.85,63.402138,2025-07-24 22:00:00
31.275,57.318607,2025-07-24 23:00:00
19.35,13.767464,2025-07-24 23:00:00
13.325,9.041547,2025-07-24 23:00:00
11.35,10.863953,2025-07-24 23:00:00
14.666666666666666,30.764257,2025-07-24 23:00:00
32.1,50.534878,2025-07-25 00:00:00
13.575,9.715508,2025-07-25 00:00:00
9.3,12.5432,2025-07-25 00:00:00
12.1,39.0042,2025-07-25 00:00:00
11.075,11.359019,2025-07-25 00:00:00
13.5,9.43035,2025-07-25 01:00:00
10.7,10.710905,2025-07-25 01:00:00
32.3,43.363636,2025-07-25 01:00:00
4.8,13.532508,2025-07-25 01:00:00
12.15,22.971926,2025-07-25 01:00:00
14.725,10.061637,2025-07-25 02:00:00
18.2,16.159487,2025-07-25 02:00:00
33.075,28.953196,2025-07-25 02:00:00
10.4,10.475768,2025-07-25 02:00:00
4.825,15.758073,2025-07-25 02:00:00
35.625,32.878216,2025-07-25 03:00:00
8.35,11.496865,2025-07-25 03:00:00
4.025,15.686443,2025-07-25 03:00:00
15.375,11.726134,2025-07-25 03:00:00
13.375,16.883753,2025-07-25 03:00:00
7.75,10.732377,2025-07-25 04:00:00
40.4,33.787186,2025-07-25 04:00:00
15.275,12.128028,2025-07-25 04:00:00
12.75,16.650824,2025-07-25 04:00:00
14.125,15.258242,2025-07-25 04:00:00
16.75,19.152542,2025-07-25 05:00:00
39.2,30.378887,2025-07-25 05:00:00
15.275,16.906414,2025-07-25 05:00:00
15.425,12.557178,2025-07-25 05:00:00
6.975,11.636592,2025-07-25 05:00:00
18.55,19.123642,2025-07-25 06:00:00
8.525,11.020059,2025-07-25 06:00:00
19.0,16.446835,2025-07-25 06:00:00
39.4,39.15293,2025-07-25 06:00:00
7.325,12.66168,2025-07-25 06:00:00
24.0,19.81248,2025-07-25 07:00:00
9.425,11.877939,2025-07-25 07:00:00
37.275,34.212997,2025-07-25 07:00:00
3.825,12.322272,2025-07-25 07:00:00
31.5,12.496729,2025-07-25 07:00:00
11.85,11.242518,2025-07-25 08:00:00
39.575,27.657013,2025-07-25 08:00:00
76.39999999999999,10.399779,2025-07-25 08:00:00
15.75,20.97708,2025-07-25 08:00:00
4.5,12.231078,2025-07-25 08:00:00
4.65,12.75504,2025-07-25 09:00:00
12.425,11.593127,2025-07-25 09:00:00
15.75,17.84772,2025-07-25 09:00:00
23.05,9.589203,2025-07-25 09:00:00
42.15,26.785885,2025-07-25 09:00:00
6.175,13.003819,2025-07-25 10:00:00
15.4,11.821669,2025-07-25 10:00:00
11.95,10.1199665,2025-07-25 10:00:00
15.75,21.548077,2025-07-25 10:00:00
41.875,28.273397,2025-07-25 10:00:00
15.75,19.537552,2025-07-25 11:00:00
7.275,12.407227,2025-07-25 11:00:00
8.8,9.804038,2025-07-25 11:00:00
13.475,14.445945,2025-07-25 11:00:00
47.575,32.773064,2025-07-25 11:00:00
13.275,15.364102,2025-07-25 12:00:00
48.875,33.61412,2025-07-25 12:00:00
7.375,9.875728,2025-07-25 12:00:00
7.425,12.49305,2025-07-25 12:00:00
49.65,40.70189,2025-07-25 13:00:00
16.375,20.923662,2025-07-25 13:00:00
7.699999999999999,11.043668,2025-07-25 13:00:00
7.6,9.594934,2025-07-25 13:00:00
54.3,43.694862,2025-07-25 14:00:00
7.275,10.212194,2025-07-25 14:00:00
13.975,24.264679,2025-07-25 14:00:00
4.425,10.970058,2025-07-25 14:00:00
24.275,28.870241,2025-07-25 14:00:00
52.2,45.817715,2025-07-25 15:00:00
37.425,25.916641,2025-07-25 15:00:00
5.7,10.781679,2025-07-25 15:00:00
14.15,25.73518,2025-07-25 15:00:00
8.175,11.774143,2025-07-25 15:00:00
7.875,10.888189,2025-07-25 16:00:00
51.975,36.28994,2025-07-25 16:00:00
11.75,23.644714,2025-07-25 16:00:00
8.625,11.563888,2025-07-25 16:00:00
31.425,20.082438,2025-07-25 16:00:00
55.325,38.29467,2025-07-25 17:00:00
47.875,18.377949,2025-07-25 17:00:00
11.95,20.365095,2025-07-25 17:00:00
6.825,11.65593,2025-07-25 17:00:00
7.733333333333333,10.778406,2025-07-25 17:00:00
10.35,17.768496,2025-07-25 18:00:00
10.066666666666666,10.3118105,2025-07-25 18:00:00
8.2,9.888423,2025-07-25 18:00:00
22.83333333333333,41.387066,2025-07-25 18:00:00
8.475,10.25012,2025-07-25 19:00:00
6.5,17.79576,2025-07-25 19:00:00
23.975,42.513832,2025-07-25 19:00:00
10.975,10.006136,2025-07-25 19:00:00
9.1,9.742514,2025-07-25 20:00:00
15.65,29.011787,2025-07-25 20:00:00
8.1,9.42948,2025-07-25 20:00:00
13.2,20.450356,2025-07-25 20:00:00
24.7,51.56719,2025-07-25 20:00:00
22.55,32.136883,2025-07-25 21:00:00
9.575,9.575554,2025-07-25 21:00:00
25.125,59.048237,2025-07-25 21:00:00
8.2,9.651298,2025-07-25 21:00:00
14.725,18.489899,2025-07-25 21:00:00
7.175000000000001,8.245038,2025-07-25 22:00:00
11.875,14.200699,2025-07-25 22:00:00
27.925,57.472687,2025-07-25 22:00:00
8.600000000000001,8.936271,2025-07-25 22:00:00
26.6,26.584826,2025-07-25 22:00:00
27.05,25.108511,2025-07-25 23:00:00
6.7,8.54876,2025-07-25 23:00:00
10.575,14.855969,2025-07-25 23:00:00
8.975,8.678881,2025-07-25 23:00:00
27.325,55.63852,2025-07-25 23:00:00
27.775,32.804966,2025-07-26 00:00:00
26.9,48.972897,2025-07-26 00:00:00
6.4,9.230568,2025-07-26 00:00:00
8.725,9.208633,2025-07-26 00:00:00
7.6,13.960504,2025-07-26 00:00:00
5.375,12.583102,2025-07-26 01:00:00
6.0,8.650224,2025-07-26 01:00:00
9.8,8.792108,2025-07-26 01:00:00
29.575,40.194485,2025-07-26 01:00:00
27.875,28.869158,2025-07-26 01:00:00
4.0,9.46843,2025-07-26 02:00:00
9.525,9.334988,2025-07-26 02:00:00
28.525,27.754566,2025-07-26 02:00:00
29.75,28.953133,2025-07-26 02:00:00
11.35,8.985536,2025-07-26 02:00:00
1.725,12.900958,2025-07-26 03:00:00
35.425,27.705687,2025-07-26 03:00:00
9.025,9.446957,2025-07-26 03:00:00
13.6,9.791711,2025-07-26 03:00:00
29.35,24.324305,2025-07-26 03:00:00
31.75,27.507307,2025-07-26 04:00:00
13.225,9.373457,2025-07-26 04:00:00
3.6,13.576393,2025-07-26 04:00:00
10.2,8.351672,2025-07-26 04:00:00
37.95,45.376755,2025-07-26 04:00:00
5.5,14.051865,2025-07-26 05:00:00
11.425,8.808762,2025-07-26 05:00:00
34.625,52.01147,2025-07-26 05:00:00
12.8,9.508516,2025-07-26 05:00:00
31.575,27.025627,2025-07-26 05:00:00
8.7,8.922581,2025-07-26 06:00:00
37.3,43.824898,2025-07-26 06:00:00
22.23333333333333,29.42949,2025-07-26 06:00:00
12.425,9.334529,2025-07-26 06:00:00
6.8,14.426877,2025-07-26 06:00:00
6.075,8.222992,2025-07-26 07:00:00
39.6,39.551804,2025-07-26 07:00:00
4.5,14.0522585,2025-07-26 07:00:00
12.85,9.071499,2025-07-26 07:00:00
46.075,30.180645,2025-07-26 07:00:00
38.975,41.263336,2025-07-26 08:00:00
5.575,8.792986,2025-07-26 08:00:00
13.55,9.243993,2025-07-26 08:00:00
3.1,12.36718,2025-07-26 08:00:00
27.175,30.106195,2025-07-26 08:00:00
5.675,9.662189,2025-07-26 09:00:00
42.775,29.401884,2025-07-26 09:00:00
1.375,13.631934,2025-07-26 09:00:00
40.825,40.97761,2025-07-26 09:00:00
12.85,9.19746,2025-07-26 09:00:00
10.35,9.017059,2025-07-26 10:00:00
42.7,39.124554,2025-07-26 10:00:00
44.0,28.135654,2025-07-26 10:00:00
0.6333333333333334,13.338976,2025-07-26 10:00:00
3.85,10.812126,2025-07-26 10:00:00
48.85,35.416176,2025-07-26 11:00:00
45.3,29.061861,2025-07-26 11:00:00
9.55,10.028347,2025-07-26 11:00:00
3.85,10.299267,2025-07-26 11:00:00
0.6333333333333334,12.1172085,2025-07-26 11:00:00
8.825,10.199179,2025-07-26 12:00:00
7.6,12.468382,2025-07-26 12:00:00
47.225,38.150642,2025-07-26 12:00:00
3.85,10.636857,2025-07-26 12:00:00
47.06666666666666,30.75128,2025-07-26 12:00:00
3.85,10.088059,2025-07-26 13:00:00
11.875,11.6831,2025-07-26 13:00:00
50.2,37.901203,2025-07-26 13:00:00
10.525,10.928768,2025-07-26 13:00:00
25.35,33.202785,2025-07-26 13:00:00
12.05,11.2531185,2025-07-26 14:00:00
13.625,11.659283,2025-07-26 14:00:00
50.125,41.823418,2025-07-26 14:00:00
30.65,36.224514,2025-07-26 14:00:00
13.4,9.195013,2025-07-26 14:00:00
17.975,8.828948,2025-07-26 15:00:00
12.4,11.044131,2025-07-26 15:00:00
14.675,9.8544855,2025-07-26 15:00:00
34.3,34.539528,2025-07-26 15:00:00
50.5,48.48574,2025-07-26 15:00:00
34.05,40.950794,2025-07-26 16:00:00
19.7,8.513745,2025-07-26 16:00:00
11.55,9.966194,2025-07-26 16:00:00
51.05,41.790813,2025-07-26 16:00:00
13.25,11.001189,2025-07-26 16:00:00
33.525,40.86518,2025-07-26 17:00:00
53.7,43.54297,2025-07-26 17:00:00
10.075,9.978719,2025-07-26 17:00:00
13.1,10.03319,2025-07-26 17:00:00
18.966666666666665,7.1772947,2025-07-26 17:00:00
13.133333333333333,9.444656,2025-07-26 18:00:00
12.275,9.692918,2025-07-26 18:00:00
30.725,42.5144,2025-07-26 18:00:00
16.6,45.835766,2025-07-26 18:00:00
17.275,7.647813,2025-07-26 18:00:00
24.15,44.553246,2025-07-26 19:00:00
22.375,37.011406,2025-07-26 19:00:00
12.9,11.747909,2025-07-26 19:00:00
11.5,10.164337,2025-07-26 19:00:00
16.55,7.493422,2025-07-26 19:00:00
9.7,10.569321,2025-07-26 20:00:00
19.7,13.119618,2025-07-26 20:00:00
19.1,55.67167,2025-07-26 20:00:00
16.25,36.470375,2025-07-26 20:00:00
16.525,9.872245,2025-07-26 20:00:00
16.575,10.539728,2025-07-26 21:00:00
20.975,34.996555,2025-07-26 21:00:00
17.3,10.557452,2025-07-26 21:00:00
10.5,9.99433,2025-07-26 21:00:00
26.8,54.494236,2025-07-26 21:00:00
23.05,31.255924,2025-07-26 22:00:00
24.6,64.536545,2025-07-26 22:00:00
17.225,9.746492,2025-07-26 22:00:00
10.25,10.207895,2025-07-26 22:00:00
12.825,11.364912,2025-07-26 22:00:00
23.05,30.841492,2025-07-26 23:00:00
24.775,67.07669,2025-07-26 23:00:00
9.325,10.819615,2025-07-26 23:00:00
10.35,11.960183,2025-07-26 23:00:00
17.05,10.220203,2025-07-26 23:00:00
10.575,9.956371,2025-07-27 00:00:00
25.475,68.301834,2025-07-27 00:00:00
23.05,31.704212,2025-07-27 00:00:00
10.275,16.668951,2025-07-27 00:00:00
12.55,8.364182,2025-07-27 00:00:00
9.825,9.199535,2025-07-27 01:00:00
26.975,46.403656,2025-07-27 01:00:00
10.675,9.878142,2025-07-27 01:00:00
9.475,12.7231045,2025-07-27 01:00:00
23.05,30.479675,2025-07-27 01:00:00
6.15,11.883697,2025-07-27 02:00:00
11.175,9.954483,2025-07-27 02:00:00
9.6,10.30074,2025-07-27 02:00:00
29.325,45.06773,2025-07-27 02:00:00
9.525,12.138564,2025-07-27 03:00:00
31.875,44.953487,2025-07-27 03:00:00
6.15,12.505357,2025-07-27 03:00:00
10.825,10.297019,2025-07-27 03:00:00
10.9,12.867617,2025-07-27 04:00:00
6.15,13.268586,2025-07-27 04:00:00
37.2,41.713337,2025-07-27 04:00:00
8.875,11.004047,2025-07-27 04:00:00
6.15,12.216536,2025-07-27 05:00:00
6.95,10.298869,2025-07-27 05:00:00
36.675,27.410137,2025-07-27 05:00:00
10.9,12.849746,2025-07-27 05:00:00
37.15,32.23691,2025-07-27 06:00:00
11.55,14.067441,2025-07-27 06:00:00
6.824999999999999,12.270335,2025-07-27 06:00:00
7.433333333333333,11.7582655,2025-07-27 06:00:00
35.3,43.130764,2025-07-27 07:00:00
6.75,11.393836,2025-07-27 07:00:00
8.225,11.630103,2025-07-27 07:00:00
9.975,12.1507435,2025-07-27 07:00:00
7.8,11.686121,2025-07-27 08:00:00
9.375,11.182309,2025-07-27 08:00:00
39.175,30.81582,2025-07-27 08:00:00
10.275,11.261544,2025-07-27 08:00:00
8.65,10.6373625,2025-07-27 09:00:00
48.625,26.619255,2025-07-27 09:00:00
9.7,10.360489,2025-07-27 09:00:00
7.775,11.196939,2025-07-27 09:00:00
8.125,10.726249,2025-07-27 10:00:00
7.25,11.544637,2025-07-27 10:00:00
48.0,28.412355,2025-07-27 10:00:00
10.475,10.388399,2025-07-27 10:00:00
9.85,9.623924,2025-07-27 11:00:00
7.25,10.927379,2025-07-27 11:00:00
52.275,31.374342,2025-07-27 11:00:00
8.525,11.513561,2025-07-27 11:00:00
53.175,37.567066,2025-07-27 12:00:00
7.975,9.554557,2025-07-27 12:00:00
12.025,13.085386,2025-07-27 12:00:00
7.0,10.682081,2025-07-27 12:00:00
6.975,11.318399,2025-07-27 13:00:00
53.95,40.208355,2025-07-27 13:00:00
12.35,14.225097,2025-07-27 13:00:00
8.575,8.698763,2025-07-27 13:00:00
7.050000000000001,10.647732,2025-07-27 14:00:00
12.95,14.195251,2025-07-27 14:00:00
52.55,43.402725,2025-07-27 14:00:00
5.875,16.03224,2025-07-27 14:00:00
51.075,48.21125,2025-07-27 15:00:00
5.3,12.285431,2025-07-27 15:00:00
7.225,10.128255,2025-07-27 15:00:00
12.475,13.280469,2025-07-27 15:00:00
9.9,10.893849,2025-07-27 16:00:00
5.175,10.779756,2025-07-27 16:00:00
54.9,43.23965,2025-07-27 16:00:00
11.275,12.337543,2025-07-27 16:00:00
8.225,12.492318,2025-07-27 17:00:00
55.25,54.215897,2025-07-27 17:00:00
5.466666666666666,11.055344,2025-07-27 17:00:00
9.65,11.257958,2025-07-27 17:00:00
9.625,10.415596,2025-07-27 18:00:00
20.15,32.362095,2025-07-27 18:00:00
12.05,12.075949,2025-07-27 18:00:00
12.266666666666666,9.278474,2025-07-27 18:00:00
17.633333333333336,50.117504,2025-07-27 18:00:00
14.075,8.42165,2025-07-27 19:00:00
7.425,34.093422,2025-07-27 19:00:00
22.875,53.050602,2025-07-27 19:00:00
11.9,9.624804,2025-07-27 19:00:00
14.35,13.458202,2025-07-27 19:00:00
21.4,13.616648,2025-07-27 20:00:00
12.175,9.020568,2025-07-27 20:00:00
19.7,51.610676,2025-07-27 20:00:00
5.1,32.375122,2025-07-27 20:00:00
12.5,9.431798,2025-07-27 20:00:00
11.825,9.359294,2025-07-27 21:00:00
10.433333333333334,31.636747,2025-07-27 21:00:00
25.2,12.490229,2025-07-27 21:00:00
12.5,8.678229,2025-07-27 21:00:00
21.725,53.751755,2025-07-27 21:00:00
17.85,28.291124,2025-07-27 22:00:00
26.4,51.743824,2025-07-27 22:00:00
11.275,8.845426,2025-07-27 22:00:00
22.55,10.596765,2025-07-27 22:00:00
6.65,8.315257,2025-07-27 22:00:00
15.2,31.674305,2025-07-27 23:00:00
11.575,8.830499,2025-07-27 23:00:00
3.9,8.583986,2025-07-27 23:00:00
21.825,10.28762,2025-07-27 23:00:00
23.225,55.901237,2025-07-27 23:00:00
18.15,9.165134,2025-07-28 00:00:00
15.0,9.943504,2025-07-28 00:00:00
27.425,57.255764,2025-07-28 00:00:00
10.425,27.934263,2025-07-28 00:00:00
3.975,7.991583,2025-07-28 00:00:00
7.05,26.352219,2025-07-28 01:00:00
15.325,9.412736,2025-07-28 01:00:00
4.35,12.24297,2025-07-28 01:00:00
27.575,38.243446,2025-07-28 01:00:00
16.1,10.132171,2025-07-28 01:00:00
13.625,11.012936,2025-07-28 02:00:00
5.125,22.986372,2025-07-28 02:00:00
28.15,37.386436,2025-07-28 02:00:00
4.5,13.714809,2025-07-28 02:00:00
15.65,11.503203,2025-07-28 02:00:00
4.075,14.592058,2025-07-28 03:00:00
15.35,15.744484,2025-07-28 03:00:00
33.6,43.46827,2025-07-28 03:00:00
14.55,11.72004,2025-07-28 03:00:00
8.875,22.667719,2025-07-28 03:00:00
18.525,17.663414,2025-07-28 04:00:00
13.3,11.721187,2025-07-28 04:00:00
33.55,46.0026,2025-07-28 04:00:00
8.425,24.841948,2025-07-28 04:00:00
4.35,14.940961,2025-07-28 04:00:00
12.95,20.371336,2025-07-28 05:00:00
4.125,10.164771,2025-07-28 05:00:00
35.875,47.969826,2025-07-28 05:00:00
16.875,17.072268,2025-07-28 05:00:00
11.175,12.179221,2025-07-28 05:00:00
17.1,15.3399,2025-07-28 06:00:00
6.25,10.171346,2025-07-28 06:00:00
5.0,16.91255,2025-07-28 06:00:00
39.05,42.390152,2025-07-28 06:00:00
10.45,12.292953,2025-07-28 06:00:00
10.4,13.774172,2025-07-28 07:00:00
5.0,15.203001,2025-07-28 07:00:00
15.65,14.229677,2025-07-28 07:00:00
36.75,41.14118,2025-07-28 07:00:00
7.7,9.302934,2025-07-28 07:00:00
35.975,30.424978,2025-07-28 08:00:00
13.6,14.900694,2025-07-28 08:00:00
13.975,13.307794,2025-07-28 08:00:00
7.875,8.18468,2025-07-28 08:00:00
19.25,14.314843,2025-07-28 08:00:00
24.9,14.785692,2025-07-28 09:00:00
14.0,13.227947,2025-07-28 09:00:00
37.525,30.385727,2025-07-28 09:00:00
7.975,8.555754,2025-07-28 09:00:00
13.3,14.094702,2025-07-28 09:00:00
11.925,9.401083,2025-07-28 10:00:00
40.45,35.06392,2025-07-28 10:00:00
13.9,14.07701,2025-07-28 10:00:00
15.15,12.318036,2025-07-28 10:00:00
28.5,14.117353,2025-07-28 10:00:00
68.0,36.579613,2025-07-28 11:00:00
13.65,11.097229,2025-07-28 11:00:00
14.425,11.70025,2025-07-28 11:00:00
20.33333333333333,15.975274,2025-07-28 11:00:00
14.25,14.182703,2025-07-28 11:00:00
25.3,12.443842,2025-07-28 12:00:00
39.15,36.924286,2025-07-28 12:00:00
18.3,16.6748,2025-07-28 12:00:00
12.625,10.860972,2025-07-28 12:00:00
13.775,11.563848,2025-07-28 12:00:00
68.5,18.209484,2025-07-28 13:00:00
11.1,11.165629,2025-07-28 13:00:00
42.85,39.04516,2025-07-28 13:00:00
13.75,10.62829,2025-07-28 13:00:00
28.85,12.876981,2025-07-28 13:00:00
14.6,9.736479,2025-07-28 14:00:00
1.3,16.998955,2025-07-28 14:00:00
11.3,11.209652,2025-07-28 14:00:00
30.05,16.744753,2025-07-28 14:00:00
47.675,36.262028,2025-07-28 14:00:00
10.625,11.979979,2025-07-28 15:00:00
1.3,14.69893,2025-07-28 15:00:00
47.55,36.636482,2025-07-28 15:00:00
35.65,17.60603,2025-07-28 15:00:00
14.275,9.266062,2025-07-28 15:00:00
44.975,32.98808,2025-07-28 16:00:00
14.35,10.476814,2025-07-28 16:00:00
40.0,23.669056,2025-07-28 16:00:00
13.975,12.9622,2025-07-28 16:00:00
1.3,17.669325,2025-07-28 16:00:00
14.4,10.994309,2025-07-28 17:00:00
14.1,10.135536,2025-07-28 17:00:00
38.65,24.075514,2025-07-28 17:00:00
51.425,36.128242,2025-07-28 17:00:00
1.3,18.725298,2025-07-28 17:00:00
35.56666666666666,40.369396,2025-07-28 18:00:00
8.025,9.489299,2025-07-28 18:00:00
13.566666666666668,12.089883,2025-07-28 18:00:00
30.55,20.497452,2025-07-28 18:00:00
10.8,17.822254,2025-07-28 18:00:00
12.525,25.025991,2025-07-28 19:00:00
12.575,12.070725,2025-07-28 19:00:00
4.675,9.64273,2025-07-28 19:00:00
21.925,18.670958,2025-07-28 19:00:00
36.075,40.13901,2025-07-28 19:00:00
36.5,44.02317,2025-07-28 20:00:00
21.65,17.737984,2025-07-28 20:00:00
20.950000000000003,19.471334,2025-07-28 20:00:00
4.625,10.061971,2025-07-28 20:00:00
11.0,14.434941,2025-07-28 20:00:00
4.825,9.650679,2025-07-28 21:00:00
37.45,43.83566,2025-07-28 21:00:00
11.125,13.732101,2025-07-28 21:00:00
15.875,19.632511,2025-07-28 21:00:00
23.35,21.802137,2025-07-28 21:00:00
11.2,13.400114,2025-07-28 22:00:00
6.325,9.9768095,2025-07-28 22:00:00
10.6,10.833163,2025-07-28 22:00:00
19.275,22.12839,2025-07-28 22:00:00
39.65,46.083538,2025-07-28 22:00:00
41.45,50.60709,2025-07-28 23:00:00
10.225,10.721649,2025-07-28 23:00:00
7.35,9.46597,2025-07-28 23:00:00
10.6,15.378506,2025-07-28 23:00:00
21.025,24.712337,2025-07-28 23:00:00
11.375,11.545777,2025-07-29 00:00:00
7.55,10.540747,2025-07-29 00:00:00
8.75,14.043967,2025-07-29 00:00:00
40.725,53.02829,2025-07-29 00:00:00
20.0,25.418343,2025-07-29 00:00:00
9.4,13.366106,2025-07-29 01:00:00
42.125,39.881905,2025-07-29 01:00:00
7.625,9.4465065,2025-07-29 01:00:00
21.775,25.554926,2025-07-29 01:00:00
11.375,11.233164,2025-07-29 01:00:00
22.875,24.379139,2025-07-29 02:00:00
42.05,39.848606,2025-07-29 02:00:00
11.475,15.53296,2025-07-29 02:00:00
12.3,11.472057,2025-07-29 02:00:00
2.85,8.844379,2025-07-29 02:00:00
0.925,8.905753,2025-07-29 03:00:00
15.325,16.752806,2025-07-29 03:00:00
21.475,23.777014,2025-07-29 03:00:00
12.075,11.57163,2025-07-29 03:00:00
45.2,42.80831,2025-07-29 03:00:00
25.8,15.811037,2025-07-29 04:00:00
43.575,40.8037,2025-07-29 04:00:00
1.2,9.30503,2025-07-29 04:00:00
23.5,20.539623,2025-07-29 04:00:00
9.125,11.27561,2025-07-29 04:00:00
19.875,14.271238,2025-07-29 05:00:00
49.425,44.850086,2025-07-29 05:00:00
1.475,8.555968,2025-07-29 05:00:00
22.95,20.711311,2025-07-29 05:00:00
8.5,11.2205105,2025-07-29 05:00:00
7.699999999999999,11.74141,2025-07-29 06:00:00
51.325,52.169136,2025-07-29 06:00:00
16.700000000000003,12.451461,2025-07-29 06:00:00
9.2,9.422515,2025-07-29 06:00:00
23.6,24.087372,2025-07-29 06:00:00
8.225,12.648189,2025-07-29 07:00:00
50.9,50.309017,2025-07-29 07:00:00
16.475,10.62594,2025-07-29 07:00:00
13.1,13.577726,2025-07-29 07:00:00
24.25,26.325571,2025-07-29 07:00:00
8.3,11.968582,2025-07-29 08:00:00
49.15,46.560425,2025-07-29 08:00:00
22.775,23.789,2025-07-29 08:00:00
13.45,9.605385,2025-07-29 08:00:00
13.225,11.327584,2025-07-29 08:00:00
8.6,11.834091,2025-07-29 09:00:00
14.1,12.03628,2025-07-29 09:00:00
13.5,9.034259,2025-07-29 09:00:00
49.175,41.482815,2025-07-29 09:00:00
22.4,20.91979,2025-07-29 09:00:00
51.6,45.494366,2025-07-29 10:00:00
9.075,11.349052,2025-07-29 10:00:00
23.525,20.484968,2025-07-29 10:00:00
14.5,13.717093,2025-07-29 10:00:00
11.275,9.90349,2025-07-29 10:00:00
9.2,11.575239,2025-07-29 11:00:00
1.9,16.007168,2025-07-29 11:00:00
10.1,8.498524,2025-07-29 11:00:00
24.5,20.187521,2025-07-29 11:00:00
56.1,42.751366,2025-07-29 11:00:00
10.275,8.696014,2025-07-29 12:00:00
8.125,11.132105,2025-07-29 12:00:00
54.8,45.446526,2025-07-29 12:00:00
27.25,20.57052,2025-07-29 12:00:00
25.33333333333333,15.8649435,2025-07-29 12:00:00
7.575,10.555505,2025-07-29 13:00:00
10.325,10.744908,2025-07-29 13:00:00
56.975,50.612553,2025-07-29 13:00:00
33.15,17.853563,2025-07-29 13:00:00
27.525,25.458351,2025-07-29 13:00:00
33.875,15.17015,2025-07-29 14:00:00
9.2,12.515662,2025-07-29 14:00:00
27.5,27.02891,2025-07-29 14:00:00
63.025,56.987484,2025-07-29 14:00:00
8.1,9.959104,2025-07-29 14:00:00
35.175,13.7715435,2025-07-29 15:00:00
26.575,23.174404,2025-07-29 15:00:00
63.75,66.42546,2025-07-29 15:00:00
8.525,11.610413,2025-07-29 15:00:00
8.425,10.577448,2025-07-29 15:00:00
26.775,26.652157,2025-07-29 16:00:00
9.275,10.971816,2025-07-29 16:00:00
29.35,15.227481,2025-07-29 16:00:00
8.55,11.829448,2025-07-29 16:00:00
58.35,55.457214,2025-07-29 16:00:00
27.325,29.735514,2025-07-29 17:00:00
24.45,14.44514,2025-07-29 17:00:00
61.975,60.584587,2025-07-29 17:00:00
10.325,10.879294,2025-07-29 17:00:00
8.433333333333334,12.13219,2025-07-29 17:00:00
21.8,29.878765,2025-07-29 18:00:00
11.233333333333334,51.548187,2025-07-29 18:00:00
11.85,10.272044,2025-07-29 18:00:00
23.633333333333336,10.683617,2025-07-29 18:00:00
17.0,16.333076,2025-07-29 18:00:00
13.325,52.14287,2025-07-29 19:00:00
13.0,9.862903,2025-07-29 19:00:00
17.625,29.855335,2025-07-29 19:00:00
14.15,10.1236725,2025-07-29 19:00:00
17.0,16.855555,2025-07-29 19:00:00
9.0,49.298866,2025-07-29 20:00:00
11.5,10.209572,2025-07-29 20:00:00
15.45,26.396769,2025-07-29 20:00:00
13.25,9.519256,2025-07-29 20:00:00
13.65,27.306139,2025-07-29 20:00:00
13.15,8.539413,2025-07-29 21:00:00
14.8,53.686127,2025-07-29 21:00:00
15.45,29.973328,2025-07-29 21:00:00
11.4,9.9243555,2025-07-29 21:00:00
15.45,20.596172,2025-07-29 21:00:00
15.45,21.715775,2025-07-29 22:00:00
16.25,60.70203,2025-07-29 22:00:00
17.674999999999997,24.612272,2025-07-29 22:00:00
10.875,9.198248,2025-07-29 22:00:00
16.525,7.5435567,2025-07-29 22:00:00
18.575,8.406597,2025-07-29 23:00:00
15.45,26.243732,2025-07-29 23:00:00
18.3,65.234245,2025-07-29 23:00:00
19.95,24.098965,2025-07-29 23:00:00
11.625,9.317089,2025-07-29 23:00:00
19.525,48.6151,2025-07-30 00:00:00
20.15,25.220783,2025-07-30 00:00:00
11.8,10.242189,2025-07-30 00:00:00
18.625,9.59459,2025-07-30 00:00:00
18.75,10.965,2025-07-30 01:00:00
20.4,26.402716,2025-07-30 01:00:00
20.75,27.677526,2025-07-30 01:00:00
13.225,14.617611,2025-07-30 01:00:00
13.275,12.203094,2025-07-30 02:00:00
23.075,18.38322,2025-07-30 02:00:00
15.225,11.149382,2025-07-30 02:00:00
20.875,21.545664,2025-07-30 02:00:00
1.1,15.734943,2025-07-30 02:00:00
16.575,15.178608,2025-07-30 03:00:00
13.525,11.829476,2025-07-30 03:00:00
23.125,21.594345,2025-07-30 03:00:00
23.2,20.970287,2025-07-30 03:00:00
12.675,11.262365,2025-07-30 03:00:00
24.975,32.240906,2025-07-30 04:00:00
43.9,15.563975,2025-07-30 04:00:00
11.2,10.565061,2025-07-30 04:00:00
13.775,11.98089,2025-07-30 04:00:00
23.375,21.732199,2025-07-30 04:00:00
29.175,33.315216,2025-07-30 05:00:00
10.35,11.154372,2025-07-30 05:00:00
14.175,13.404799,2025-07-30 05:00:00
24.65,27.025356,2025-07-30 05:00:00
34.55,14.770046,2025-07-30 05:00:00
30.475,44.298634,2025-07-30 06:00:00
11.675,13.925079,2025-07-30 06:00:00
11.7,10.646472,2025-07-30 06:00:00
22.2,25.336882,2025-07-30 06:00:00
10.525,13.218506,2025-07-30 07:00:00
21.825,22.811443,2025-07-30 07:00:00
29.175,42.32491,2025-07-30 07:00:00
11.55,11.827945,2025-07-30 07:00:00
34.175,23.263443,2025-07-30 08:00:00
29.125,35.257416,2025-07-30 08:00:00
12.925,13.823642,2025-07-30 08:00:00
25.15,14.837763,2025-07-30 08:00:00
11.15,13.244707,2025-07-30 08:00:00
23.625,13.273488,2025-07-30 09:00:00
26.65,30.640947,2025-07-30 09:00:00
11.275,12.837298,2025-07-30 09:00:00
14.5,13.010681,2025-07-30 09:00:00
28.0,19.805809,2025-07-30 09:00:00
14.725,10.060913,2025-07-30 10:00:00
27.0,19.511341,2025-07-30 10:00:00
32.3,15.341916,2025-07-30 10:00:00
9.65,14.441962,2025-07-30 10:00:00
26.875,15.550822,2025-07-30 10:00:00
30.725,18.326027,2025-07-30 11:00:00
29.2,19.836645,2025-07-30 11:00:00
28.55,22.058006,2025-07-30 11:00:00
14.975,10.431483,2025-07-30 11:00:00
8.5,13.108325,2025-07-30 11:00:00
8.475,12.654889,2025-07-30 12:00:00
28.65,20.728157,2025-07-30 12:00:00
34.5,23.349783,2025-07-30 12:00:00
13.375,10.201985,2025-07-30 12:00:00
38.725,26.671188,2025-07-30 12:00:00
28.825,24.479002,2025-07-30 13:00:00
13.1,10.621018,2025-07-30 13:00:00
40.425,33.78221,2025-07-30 13:00:00
8.5,13.114133,2025-07-30 13:00:00
24.075,21.287382,2025-07-30 13:00:00
11.875,10.736511,2025-07-30 14:00:00
28.55,25.38085,2025-07-30 14:00:00
43.5,45.998055,2025-07-30 14:00:00
13.05,13.667095,2025-07-30 14:00:00
30.175,28.790287,2025-07-30 14:00:00
28.35,26.8565,2025-07-30 15:00:00
12.275,10.954932,2025-07-30 15:00:00
26.825,23.515606,2025-07-30 15:00:00
37.925,32.651936,2025-07-30 15:00:00
15.45,12.634298,2025-07-30 15:00:00
23.525,26.971394,2025-07-30 16:00:00
25.475,24.902021,2025-07-30 16:00:00
15.125,12.277059,2025-07-30 16:00:00
12.6,11.433773,2025-07-30 16:00:00
38.5,33.92658,2025-07-30 16:00:00
38.8,30.943691,2025-07-30 17:00:00
15.066666666666668,12.159855,2025-07-30 17:00:00
25.15,23.938457,2025-07-30 17:00:00
25.35,26.21461,2025-07-30 17:00:00
13.95,11.074827,2025-07-30 17:00:00
14.2,12.080786,2025-07-30 18:00:00
19.95,24.898674,2025-07-30 18:00:00
15.8,23.555534,2025-07-30 18:00:00
8.275,11.3910675,2025-07-30 18:00:00
32.666666666666664,34.82791,2025-07-30 18:00:00
13.75,11.93145,2025-07-30 19:00:00
35.775000000000006,36.01171,2025-07-30 19:00:00
13.15,25.038755,2025-07-30 19:00:00
4.85,11.339496,2025-07-30 19:00:00
19.35,25.82895,2025-07-30 19:00:00
13.8,11.871304,2025-07-30 20:00:00
27.8,26.144114,2025-07-30 20:00:00
14.05,26.61848,2025-07-30 20:00:00
4.275,12.662837,2025-07-30 20:00:00
32.0,32.37386,2025-07-30 20:00:00
13.125,11.801794,2025-07-30 21:00:00
39.95,33.225132,2025-07-30 21:00:00
3.85,11.820554,2025-07-30 21:00:00
17.375,26.358404,2025-07-30 21:00:00
16.4,25.380804,2025-07-30 21:00:00
8.55,11.875752,2025-07-30 22:00:00
36.925,37.169262,2025-07-30 22:00:00
12.95,23.214245,2025-07-30 22:00:00
11.4,11.989425,2025-07-30 22:00:00
22.475,26.343946,2025-07-30 22:00:00
10.875,11.11733,2025-07-30 23:00:00
11.8,23.40805,2025-07-30 23:00:00
20.75,25.797003,2025-07-30 23:00:00
39.4,42.795246,2025-07-30 23:00:00
11.275,11.382405,2025-07-30 23:00:00
37.725,36.6417,2025-07-31 00:00:00
9.5,19.162043,2025-07-31 00:00:00
11.4,10.989333,2025-07-31 00:00:00
18.75,25.791622,2025-07-31 00:00:00
11.425,12.424423,2025-07-31 00:00:00
11.575,12.985575,2025-07-31 01:00:00
19.225,23.899742,2025-07-31 01:00:00
40.8,36.769085,2025-07-31 01:00:00
14.0,11.672891,2025-07-31 01:00:00
10.175,22.376465,2025-07-31 01:00:00
4.0,12.031254,2025-07-31 02:00:00
12.375,20.851723,2025-07-31 02:00:00
17.875,21.522621,2025-07-31 02:00:00
13.575,12.172914,2025-07-31 02:00:00
43.925,35.184628,2025-07-31 02:00:00
14.2,12.635652,2025-07-31 03:00:00
18.775,21.37018,2025-07-31 03:00:00
44.5,38.519966,2025-07-31 03:00:00
13.45,20.079428,2025-07-31 03:00:00
0.35,10.673924,2025-07-31 03:00:00
48.975,43.735374,2025-07-31 04:00:00
16.75,21.467054,2025-07-31 04:00:00
12.375,12.931402,2025-07-31 04:00:00
1.225,10.267555,2025-07-31 04:00:00
29.925,21.047064,2025-07-31 04:00:00
1.5,11.316354,2025-07-31 05:00:00
16.25,17.975529,2025-07-31 05:00:00
47.5,50.9605,2025-07-31 05:00:00
16.225,23.5218,2025-07-31 05:00:00
10.3,12.319049,2025-07-31 05:00:00
51.05,48.45448,2025-07-31 06:00:00
2.475,16.402822,2025-07-31 06:00:00
9.975,12.813712,2025-07-31 06:00:00
16.2,22.65873,2025-07-31 06:00:00
16.7,17.697813,2025-07-31 06:00:00
10.525,13.59445,2025-07-31 07:00:00
17.5,22.375416,2025-07-31 07:00:00
2.6333333333333333,12.900441,2025-07-31 07:00:00
50.125,59.141518,2025-07-31 07:00:00
15.2,19.2987,2025-07-31 07:00:00
2.6333333333333333,12.057476,2025-07-31 08:00:00
10.325,19.648628,2025-07-31 08:00:00
11.625,13.245978,2025-07-31 08:00:00
21.975,19.887285,2025-07-31 08:00:00
50.625,62.11591,2025-07-31 08:00:00
10.95,20.429012,2025-07-31 09:00:00
52.4,57.072178,2025-07-31 09:00:00
10.0,13.44661,2025-07-31 09:00:00
2.6333333333333333,11.49939,2025-07-31 09:00:00
31.225,20.11017,2025-07-31 09:00:00
3.975,11.403967,2025-07-31 10:00:00
43.475,18.188292,2025-07-31 10:00:00
9.575,12.864791,2025-07-31 10:00:00
54.63333333333333,15.417546,2025-07-31 10:00:00
52.9,52.356216,2025-07-31 10:00:00
152.64999999999998,17.008158,2025-07-31 11:00:00
10.05,11.568928,2025-07-31 11:00:00
3.525,11.584013,2025-07-31 11:00:00
29.0,16.812746,2025-07-31 11:00:00
56.55,44.817997,2025-07-31 11:00:00
64.125,52.73385,2025-07-31 12:00:00
9.475,16.365126,2025-07-31 12:00:00
54.1,12.782096,2025-07-31 12:00:00
9.9,12.042755,2025-07-31 12:00:00
3.575,8.314614,2025-07-31 12:00:00
60.125,62.582104,2025-07-31 13:00:00
8.366666666666667,18.724289,2025-07-31 13:00:00
4.55,6.7828245,2025-07-31 13:00:00
11.75,12.533247,2025-07-31 13:00:00
18.95,15.197406,2025-07-31 13:00:00
14.075,13.973638,2025-07-31 14:00:00
10.825,12.416674,2025-07-31 14:00:00
14.925,6.7583227,2025-07-31 14:00:00
25.7,18.427477,2025-07-31 14:00:00
62.05,49.130966,2025-07-31 14:00:00
28.625,20.400352,2025-07-31 15:00:00
17.6,16.02913,2025-07-31 15:00:00
20.65,5.6983995,2025-07-31 15:00:00
11.05,12.732631,2025-07-31 15:00:00
61.025,54.37572,2025-07-31 15:00:00
14.275,21.802364,2025-07-31 16:00:00
61.9,60.885036,2025-07-31 16:00:00
32.575,24.188572,2025-07-31 16:00:00
21.3,7.5964794,2025-07-31 16:00:00
11.575,13.223767,2025-07-31 16:00:00
17.175,43.852028,2025-07-31 17:00:00
33.5,27.334383,2025-07-31 17:00:00
61.175,73.94133,2025-07-31 17:00:00
21.46666666666667,8.831059,2025-07-31 17:00:00
12.5,18.16096,2025-07-31 17:00:00
12.2,10.890086,2025-07-31 18:00:00
17.633333333333336,44.797386,2025-07-31 18:00:00
35.43333333333333,25.468237,2025-07-31 18:00:00
14.966666666666669,81.23278,2025-07-31 18:00:00
12.5,9.951834,2025-07-31 18:00:00
18.575,42.145752,2025-07-31 19:00:00
1.05,22.962097,2025-07-31 19:00:00
8.8,8.054918,2025-07-31 19:00:00
12.85,11.106866,2025-07-31 19:00:00
18.65,84.08574,2025-07-31 19:00:00
4.4,20.519157,2025-07-31 20:00:00
12.8,11.994452,2025-07-31 20:00:00
24.2,95.76895,2025-07-31 20:00:00
8.8,9.780992,2025-07-31 20:00:00
27.35,24.89875,2025-07-31 20:00:00
8.825,11.255036,2025-07-31 21:00:00
22.425,20.972052,2025-07-31 21:00:00
11.025,12.195396,2025-07-31 21:00:00
4.4,23.232153,2025-07-31 21:00:00
22.0,98.55995,2025-07-31 21:00:00
20.3,15.496215,2025-07-31 22:00:00
4.4,23.466251,2025-07-31 22:00:00
7.4,19.266607,2025-07-31 22:00:00
12.425,11.011695,2025-07-31 22:00:00
25.375,99.90103,2025-07-31 22:00:00
15.066666666666668,26.667234,2025-07-31 23:00:00
24.75,73.72357,2025-07-31 23:00:00
12.525,10.909962,2025-07-31 23:00:00
6.95,12.17718,2025-07-31 23:00:00
22.95,16.457659,2025-07-31 23:00:00
12.35,11.987499,2025-08-01 00:00:00
29.325000000000003,27.504427,2025-08-01 00:00:00
18.875,20.618725,2025-08-01 00:00:00
7.45,10.0882435,2025-08-01 00:00:00
23.125,89.608665,2025-08-01 00:00:00
7.65,9.002993,2025-08-01 01:00:00
12.775,10.415542,2025-08-01 01:00:00
31.4,24.667362,2025-08-01 01:00:00
26.825,39.036446,2025-08-01 01:00:00
20.7,18.823334,2025-08-01 01:00:00
26.875,37.51886,2025-08-01 02:00:00
22.675,19.538254,2025-08-01 02:00:00
12.9,9.812071,2025-08-01 02:00:00
6.85,7.7876897,2025-08-01 02:00:00
38.025,19.083445,2025-08-01 02:00:00
5.825,7.705609,2025-08-01 03:00:00
35.925,12.588135,2025-08-01 03:00:00
28.95,44.413044,2025-08-01 03:00:00
25.125,20.82264,2025-08-01 03:00:00
11.725,11.448785,2025-08-01 03:00:00
30.175,21.995993,2025-08-01 04:00:00
34.849999999999994,12.257142,2025-08-01 04:00:00
5.675,8.032959,2025-08-01 04:00:00
10.65,10.953043,2025-08-01 04:00:00
36.1,50.83683,2025-08-01 04:00:00
12.15,10.948013,2025-08-01 05:00:00
30.375,43.68025,2025-08-01 05:00:00
6.475,8.44533,2025-08-01 05:00:00
20.2,14.8644905,2025-08-01 05:00:00
28.375,21.866697,2025-08-01 05:00:00
10.825,8.61826,2025-08-01 06:00:00
4.65,20.255672,2025-08-01 06:00:00
29.975,21.341032,2025-08-01 06:00:00
12.55,11.791044,2025-08-01 06:00:00
32.95,45.794632,2025-08-01 06:00:00
4.1,27.061247,2025-08-01 07:00:00
33.5,52.43832,2025-08-01 07:00:00
13.0,11.636853,2025-08-01 07:00:00
12.95,8.464671,2025-08-01 07:00:00
26.075,24.604212,2025-08-01 07:00:00
14.525,27.46954,2025-08-01 08:00:00
13.75,12.888432,2025-08-01 08:00:00
13.7,9.245679,2025-08-01 08:00:00
24.525,22.941896,2025-08-01 08:00:00
35.3,51.678394,2025-08-01 08:00:00
13.975,11.9848385,2025-08-01 09:00:00
97.85,21.154686,2025-08-01 09:00:00
13.5,10.745537,2025-08-01 09:00:00
38.45,28.052025,2025-08-01 09:00:00
23.25,31.087791,2025-08-01 09:00:00
39.425,33.11457,2025-08-01 10:00:00
28.25,35.065395,2025-08-01 10:00:00
7.2,9.480596,2025-08-01 10:00:00
12.625,11.635579,2025-08-01 10:00:00
45.45,23.047468,2025-08-01 10:00:00
22.95,23.247581,2025-08-01 11:00:00
43.925,40.047367,2025-08-01 11:00:00
12.266666666666666,10.350943,2025-08-01 11:00:00
22.4,34.860043,2025-08-01 11:00:00
4.2,8.485693,2025-08-01 11:00:00
42.15,32.509125,2025-08-01 12:00:00
12.625,10.751248,2025-08-01 12:00:00
4.05,7.5176687,2025-08-01 12:00:00
23.525,29.50256,2025-08-01 12:00:00
20.2,23.908415,2025-08-01 12:00:00
8.375,29.768383,2025-08-01 13:00:00
4.025,9.720323,2025-08-01 13:00:00
14.275,11.354996,2025-08-01 13:00:00
28.525,19.759922,2025-08-01 13:00:00
46.6,35.408943,2025-08-01 13:00:00
46.2,31.629827,2025-08-01 14:00:00
7.375,34.99001,2025-08-01 14:00:00
12.55,11.1642,2025-08-01 14:00:00
26.7,19.312712,2025-08-01 14:00:00
10.3,10.045042,2025-08-01 14:00:00
48.425,29.36711,2025-08-01 15:00:00
10.1,38.924282,2025-08-01 15:00:00
13.375,10.40177,2025-08-01 15:00:00
12.625,10.461636,2025-08-01 15:00:00
26.7,21.981495,2025-08-01 15:00:00
48.55,51.08551,2025-08-01 16:00:00
6.574999999999999,42.104404,2025-08-01 16:00:00
12.85,10.02004,2025-08-01 16:00:00
13.025,13.276673,2025-08-01 16:00:00
26.7,21.82547,2025-08-01 16:00:00
9.225,40.25559,2025-08-01 17:00:00
14.1,11.919273,2025-08-01 17:00:00
12.366666666666667,8.527343,2025-08-01 17:00:00
45.225,48.588825,2025-08-01 17:00:00
26.7,23.25164,2025-08-01 17:00:00
12.2,14.625647,2025-08-01 18:00:00
13.875,31.207201,2025-08-01 18:00:00
18.366666666666667,58.99498,2025-08-01 18:00:00
32.93333333333334,23.924282,2025-08-01 18:00:00
15.875,8.512669,2025-08-01 18:00:00
17.3,23.039297,2025-08-01 19:00:00
16.25,65.21957,2025-08-01 19:00:00
10.85,14.2629595,2025-08-01 19:00:00
17.475,9.814834,2025-08-01 19:00:00
44.025,24.183104,2025-08-01 19:00:00
9.8,15.095386,2025-08-01 20:00:00
26.25,18.960148,2025-08-01 20:00:00
17.025,10.295438,2025-08-01 20:00:00
12.2,75.68165,2025-08-01 20:00:00
50.75,23.95826,2025-08-01 20:00:00
11.0,12.769773,2025-08-01 21:00:00
16.775,10.430098,2025-08-01 21:00:00
49.525,23.145275,2025-08-01 21:00:00
21.75,20.14045,2025-08-01 21:00:00
15.625,73.30465,2025-08-01 21:00:00
20.8,19.131098,2025-08-01 22:00:00
14.275,9.508056,2025-08-01 22:00:00
19.9,70.7482,2025-08-01 22:00:00
56.975,22.35637,2025-08-01 22:00:00
10.8,13.871691,2025-08-01 22:00:00
62.9,23.662386,2025-08-01 23:00:00
23.45,17.975025,2025-08-01 23:00:00
13.3,10.169366,2025-08-01 23:00:00
11.15,13.286127,2025-08-01 23:00:00
17.675,64.23897,2025-08-01 23:00:00
55.825,23.655155,2025-08-02 00:00:00
11.325,12.212935,2025-08-02 00:00:00
18.725,18.397993,2025-08-02 00:00:00
13.65,9.798037,2025-08-02 00:00:00
22.65,55.26268,2025-08-02 00:00:00
19.05,17.298153,2025-08-02 01:00:00
10.425,13.497834,2025-08-02 01:00:00
23.975,33.5844,2025-08-02 01:00:00
14.275,12.577683,2025-08-02 01:00:00
18.6,29.605774,2025-08-02 01:00:00
18.225,21.246319,2025-08-02 02:00:00
24.225,30.934996,2025-08-02 02:00:00
10.625,13.210042,2025-08-02 02:00:00
10.525,12.912113,2025-08-02 02:00:00
7.3,29.165974,2025-08-02 02:00:00
18.275,35.030556,2025-08-02 03:00:00
18.1,24.730555,2025-08-02 03:00:00
9.775,13.581765,2025-08-02 03:00:00
28.275,31.950363,2025-08-02 03:00:00
8.375,14.984621,2025-08-02 03:00:00
26.1,39.952465,2025-08-02 04:00:00
7.7,14.184298,2025-08-02 04:00:00
26.775,22.645327,2025-08-02 04:00:00
10.1,14.027481,2025-08-02 04:00:00
30.7,29.076878,2025-08-02 04:00:00
7.625,13.09021,2025-08-02 05:00:00
21.1,26.096794,2025-08-02 05:00:00
28.175,33.390198,2025-08-02 05:00:00
9.4,14.828976,2025-08-02 05:00:00
43.075,51.904877,2025-08-02 05:00:00
56.6,50.067585,2025-08-02 06:00:00
33.0,32.9223,2025-08-02 06:00:00
21.35,23.570498,2025-08-02 06:00:00
9.925,14.582566,2025-08-02 06:00:00
10.65,14.344894,2025-08-02 06:00:00
10.125,12.747583,2025-08-02 07:00:00
56.3,50.067585,2025-08-02 07:00:00
10.675,11.687263,2025-08-02 07:00:00
21.3,24.298944,2025-08-02 07:00:00
33.125,38.620155,2025-08-02 07:00:00
27.375,30.138683,2025-08-02 08:00:00
10.325,10.783408,2025-08-02 08:00:00
60.2,31.025505,2025-08-02 08:00:00
10.225,13.149464,2025-08-02 08:00:00
17.95,22.547125,2025-08-02 08:00:00
10.225,11.201899,2025-08-02 09:00:00
16.85,18.349142,2025-08-02 09:00:00
8.65,11.517874,2025-08-02 09:00:00
59.275,18.06111,2025-08-02 09:00:00
29.0,26.599077,2025-08-02 09:00:00
10.625,11.463488,2025-08-02 10:00:00
16.325,18.928873,2025-08-02 10:00:00
8.35,10.504853,2025-08-02 10:00:00
34.125,23.293274,2025-08-02 10:00:00
53.825,21.224691,2025-08-02 10:00:00
19.2,20.967737,2025-08-02 11:00:00
17.975,26.429945,2025-08-02 11:00:00
10.25,10.351411,2025-08-02 11:00:00
40.225,26.6937,2025-08-02 11:00:00
7.875,8.769004,2025-08-02 11:00:00
7.65,8.712936,2025-08-02 12:00:00
20.5,21.053669,2025-08-02 12:00:00
9.55,10.340133,2025-08-02 12:00:00
12.75,34.08117,2025-08-02 12:00:00
37.25,27.87066,2025-08-02 12:00:00
19.1,23.461857,2025-08-02 13:00:00
7.575,8.511702,2025-08-02 13:00:00
9.55,10.769098,2025-08-02 13:00:00
25.275,40.42865,2025-08-02 13:00:00
37.2,35.680084,2025-08-02 13:00:00
7.824999999999999,9.321294,2025-08-02 14:00:00
42.075,35.440063,2025-08-02 14:00:00
9.325,10.446896,2025-08-02 14:00:00
20.625,20.828289,2025-08-02 14:00:00
32.1,36.256218,2025-08-02 14:00:00
44.525,45.75195,2025-08-02 15:00:00
7.975,9.625319,2025-08-02 15:00:00
22.1,18.927385,2025-08-02 15:00:00
38.575,31.421131,2025-08-02 15:00:00
9.0,10.167705,2025-08-02 15:00:00
17.55,18.077787,2025-08-02 16:00:00
8.05,9.675788,2025-08-02 16:00:00
57.25,39.213924,2025-08-02 16:00:00
41.925,33.421207,2025-08-02 16:00:00
10.2,9.763193,2025-08-02 16:00:00
41.35,36.58372,2025-08-02 17:00:00
17.35,19.456955,2025-08-02 17:00:00
8.266666666666667,8.601807,2025-08-02 17:00:00
10.925,10.036073,2025-08-02 17:00:00
59.15,39.458477,2025-08-02 17:00:00
29.3,36.999783,2025-08-02 18:00:00
4.175,8.643133,2025-08-02 18:00:00
19.4,20.166777,2025-08-02 18:00:00
11.2,10.625068,2025-08-02 18:00:00
13.633333333333333,39.61306,2025-08-02 18:00:00
18.3,20.39805,2025-08-02 19:00:00
1.3,30.200235,2025-08-02 19:00:00
11.925,12.052897,2025-08-02 19:00:00
1.675,8.345884,2025-08-02 19:00:00
14.1,41.58912,2025-08-02 19:00:00
5.5,36.232075,2025-08-02 20:00:00
11.8,11.812291,2025-08-02 20:00:00
13.6,36.863537,2025-08-02 20:00:00
26.8,21.607975,2025-08-02 20:00:00
1.725,7.8850946,2025-08-02 20:00:00
13.025,11.038477,2025-08-02 21:00:00
5.5,38.41925,2025-08-02 21:00:00
20.375,22.59112,2025-08-02 21:00:00
2.05,8.700878,2025-08-02 21:00:00
19.325,50.275978,2025-08-02 21:00:00
5.5,42.576057,2025-08-02 22:00:00
12.6,10.116722,2025-08-02 22:00:00
24.25,50.187916,2025-08-02 22:00:00
2.05,7.7545147,2025-08-02 22:00:00
17.825,21.481209,2025-08-02 22:00:00
19.875,20.373459,2025-08-02 23:00:00
13.125,10.868614,2025-08-02 23:00:00
5.5,47.13419,2025-08-02 23:00:00
2.55,7.9873505,2025-08-02 23:00:00
24.275,57.170765,2025-08-02 23:00:00
23.85,49.01161,2025-08-03 00:00:00
20.025,18.061005,2025-08-03 00:00:00
2.475,12.856759,2025-08-03 00:00:00
11.875,9.790557,2025-08-03 00:00:00
3.025,8.021387,2025-08-03 01:00:00
23.875,34.83611,2025-08-03 01:00:00
11.3,28.780432,2025-08-03 01:00:00
117.56666666666666,18.662476,2025-08-03 01:00:00
12.5,9.666898,2025-08-03 01:00:00
8.375,23.301952,2025-08-03 02:00:00
26.6,27.680622,2025-08-03 02:00:00
28.375,18.022448,2025-08-03 02:00:00
12.025,10.53157,2025-08-03 02:00:00
15.2,8.358379,2025-08-03 02:00:00
21.125,8.718253,2025-08-03 03:00:00
27.175,26.46869,2025-08-03 03:00:00
11.825,11.791119,2025-08-03 03:00:00
9.525,38.99442,2025-08-03 03:00:00
11.35,19.621847,2025-08-03 03:00:00
20.875,8.76928,2025-08-03 04:00:00
18.925,19.164452,2025-08-03 04:00:00
10.675,28.433434,2025-08-03 04:00:00
10.8,11.666774,2025-08-03 04:00:00
30.625,27.626162,2025-08-03 04:00:00
20.975,9.50595,2025-08-03 05:00:00
12.9,11.845276,2025-08-03 05:00:00
37.2,19.481863,2025-08-03 05:00:00
31.875,31.55124,2025-08-03 05:00:00
1.6666666666666667,31.849363,2025-08-03 05:00:00
10.675,11.811927,2025-08-03 06:00:00
38.325,36.054615,2025-08-03 06:00:00
16.35,18.62487,2025-08-03 06:00:00
14.15,7.8377767,2025-08-03 06:00:00
6.35,42.089577,2025-08-03 07:00:00
9.0,10.997901,2025-08-03 07:00:00
1.933333333333333,24.918844,2025-08-03 07:00:00
33.725,37.18518,2025-08-03 07:00:00
14.15,8.66604,2025-08-03 07:00:00
1.5666666666666669,44.22631,2025-08-03 08:00:00
11.5,11.9801655,2025-08-03 08:00:00
14.15,6.6106715,2025-08-03 08:00:00
37.1,31.65897,2025-08-03 08:00:00
1.933333333333333,21.456335,2025-08-03 08:00:00
1.933333333333333,22.784191,2025-08-03 09:00:00
12.575,10.934266,2025-08-03 09:00:00
14.15,10.280397,2025-08-03 09:00:00
5.475,38.745644,2025-08-03 09:00:00
35.025,30.079224,2025-08-03 09:00:00
36.45,23.433214,2025-08-03 10:00:00
4.85,18.88168,2025-08-03 10:00:00
13.2,9.932274,2025-08-03 10:00:00
8.799999999999999,11.0587845,2025-08-03 10:00:00
6.0,13.874819,2025-08-03 11:00:00
13.05,10.476588,2025-08-03 11:00:00
9.4,12.852657,2025-08-03 11:00:00
8.3,23.629845,2025-08-03 11:00:00
40.625,30.375,2025-08-03 11:00:00
8.7,11.892561,2025-08-03 12:00:00
11.95,11.688989,2025-08-03 12:00:00
38.375,26.669165,2025-08-03 12:00:00
10.5,26.020517,2025-08-03 12:00:00
6.825,11.613728,2025-08-03 12:00:00
8.475,15.264122,2025-08-03 13:00:00
8.675,12.072286,2025-08-03 13:00:00
45.475,31.130539,2025-08-03 13:00:00
10.475,11.262125,2025-08-03 13:00:00
6.525,23.523176,2025-08-03 13:00:00
41.775,33.577602,2025-08-03 14:00:00
6.8,19.919529,2025-08-03 14:00:00
10.3,10.416957,2025-08-03 14:00:00
9.6,10.061935,2025-08-03 14:00:00
5.1000000000000005,12.328073,2025-08-03 14:00:00
9.6,10.8375635,2025-08-03 15:00:00
5.1000000000000005,11.023472,2025-08-03 15:00:00
44.175,33.307285,2025-08-03 15:00:00
11.425,9.778941,2025-08-03 15:00:00
6.7,19.98944,2025-08-03 15:00:00
46.85,36.38738,2025-08-03 16:00:00
11.6,10.284958,2025-08-03 16:00:00
4.3,18.322493,2025-08-03 16:00:00
11.3,10.113898,2025-08-03 16:00:00
2.875,15.26126,2025-08-03 17:00:00
12.125,11.188284,2025-08-03 17:00:00
7.550000000000001,15.066727,2025-08-03 17:00:00
41.65,38.22428,2025-08-03 17:00:00
11.8,9.321073,2025-08-03 17:00:00
11.4,11.30986,2025-08-03 18:00:00
5.866666666666667,43.163795,2025-08-03 18:00:00
9.25,8.333087,2025-08-03 18:00:00
13.05,20.060928,2025-08-03 18:00:00
23.3,14.546711,2025-08-03 18:00:00
7.4,39.220913,2025-08-03 19:00:00
17.0,17.382513,2025-08-03 19:00:00
37.125,14.691951,2025-08-03 19:00:00
11.625,12.117189,2025-08-03 19:00:00
8.35,8.801049,2025-08-03 19:00:00
14.3,46.763184,2025-08-03 20:00:00
8.325,9.154985,2025-08-03 20:00:00
11.3,12.077887,2025-08-03 20:00:00
17.0,18.563349,2025-08-03 20:00:00
36.95,13.1346855,2025-08-03 20:00:00
44.725,10.68045,2025-08-03 21:00:00
8.075,10.383145,2025-08-03 21:00:00
11.55,11.486742,2025-08-03 21:00:00
69.2,17.027246,2025-08-03 21:00:00
14.475,49.88751,2025-08-03 21:00:00
11.75,10.109466,2025-08-03 22:00:00
33.875,14.586838,2025-08-03 22:00:00
11.525,10.918115,2025-08-03 22:00:00
12.45,51.42946,2025-08-03 22:00:00
56.1,8.438014,2025-08-03 22:00:00
59.95,7.376971,2025-08-03 23:00:00
10.875,10.772202,2025-08-03 23:00:00
11.475,47.85623,2025-08-03 23:00:00
30.775,12.969288,2025-08-03 23:00:00
13.2,9.524724,2025-08-03 23:00:00
13.525,9.50445,2025-08-04 00:00:00
11.45,11.043464,2025-08-04 00:00:00
49.0,10.069387,2025-08-04 00:00:00
16.7,12.769993,2025-08-04 00:00:00
8.675,42.4843,2025-08-04 00:00:00
12.575,11.296071,2025-08-04 01:00:00
12.425,28.53499,2025-08-04 01:00:00
19.525,14.168157,2025-08-04 01:00:00
13.7,9.438786,2025-08-04 01:00:00
49.0,20.443422,2025-08-04 01:00:00
21.05,13.938674,2025-08-04 02:00:00
50.1,29.536554,2025-08-04 02:00:00
16.65,21.114851,2025-08-04 02:00:00
9.75,8.344146,2025-08-04 02:00:00
13.725,10.496176,2025-08-04 02:00:00
17.45,27.540691,2025-08-04 03:00:00
21.475,24.058731,2025-08-04 03:00:00
7.775,9.067031,2025-08-04 03:00:00
20.7,17.509224,2025-08-04 03:00:00
13.05,10.819693,2025-08-04 03:00:00
22.525,20.999628,2025-08-04 04:00:00
27.75,38.557697,2025-08-04 04:00:00
12.05,11.455116,2025-08-04 04:00:00
7.8,8.668991,2025-08-04 04:00:00
31.475,25.910667,2025-08-04 04:00:00
12.2,12.725943,2025-08-04 05:00:00
31.125,37.40966,2025-08-04 05:00:00
20.4,20.343805,2025-08-04 05:00:00
7.8,11.753288,2025-08-04 05:00:00
19.2,34.946865,2025-08-04 05:00:00
12.0,12.58999,2025-08-04 06:00:00
18.225,14.999628,2025-08-04 06:00:00
11.15,13.084622,2025-08-04 06:00:00
30.9,38.518955,2025-08-04 06:00:00
24.75,21.305769,2025-08-04 06:00:00
44.4,36.894905,2025-08-04 07:00:00
19.825,19.767504,2025-08-04 07:00:00
12.65,11.390554,2025-08-04 07:00:00
26.625,20.880749,2025-08-04 07:00:00
12.1,11.25787,2025-08-04 07:00:00
12.625,12.353994,2025-08-04 08:00:00
23.175,16.55761,2025-08-04 08:00:00
58.275,32.544018,2025-08-04 08:00:00
12.55,11.875047,2025-08-04 08:00:00
76.825,17.741817,2025-08-04 08:00:00
12.1,10.950929,2025-08-04 09:00:00
57.475,37.532417,2025-08-04 09:00:00
85.225,17.717628,2025-08-04 09:00:00
13.45,11.251032,2025-08-04 09:00:00
25.55,17.290985,2025-08-04 09:00:00
46.525,27.306492,2025-08-04 10:00:00
12.6,11.613626,2025-08-04 10:00:00
89.85,17.866852,2025-08-04 10:00:00
27.575000000000003,16.886988,2025-08-04 10:00:00
8.625,9.695072,2025-08-04 10:00:00
13.15,12.353712,2025-08-04 11:00:00
87.325,18.886705,2025-08-04 11:00:00
49.6,24.034214,2025-08-04 11:00:00
26.4,18.97649,2025-08-04 11:00:00
6.55,8.477716,2025-08-04 11:00:00
12.45,11.94164,2025-08-04 12:00:00
30.825000000000003,15.134454,2025-08-04 12:00:00
51.325,26.948326,2025-08-04 12:00:00
6.55,7.9867907,2025-08-04 12:00:00
90.9,17.457272,2025-08-04 12:00:00
90.875,20.026625,2025-08-04 13:00:00
29.3,33.44449,2025-08-04 13:00:00
6.9,9.16926,2025-08-04 13:00:00
27.525,21.420475,2025-08-04 13:00:00
12.45,11.902351,2025-08-04 13:00:00
27.9,19.664968,2025-08-04 14:00:00
10.4,11.637177,2025-08-04 14:00:00
4.45,8.833178,2025-08-04 14:00:00
25.025,38.641747,2025-08-04 14:00:00
88.05,31.34878,2025-08-04 14:00:00
88.35,42.73792,2025-08-04 15:00:00
30.55,44.268913,2025-08-04 15:00:00
11.4,12.168796,2025-08-04 15:00:00
29.375,21.07121,2025-08-04 15:00:00
4.45,8.940507,2025-08-04 15:00:00
11.15,11.724635,2025-08-04 16:00:00
4.45,8.28153,2025-08-04 16:00:00
33.025,42.763073,2025-08-04 16:00:00
96.05,46.853146,2025-08-04 16:00:00
30.175,22.405903,2025-08-04 16:00:00
12.466666666666669,11.85824,2025-08-04 17:00:00
98.5,49.103756,2025-08-04 17:00:00
28.05,21.333515,2025-08-04 17:00:00
4.45,6.407088,2025-08-04 17:00:00
46.125,39.89486,2025-08-04 17:00:00
34.475,42.801243,2025-08-04 18:00:00
18.3,8.73727,2025-08-04 18:00:00
53.95,50.885864,2025-08-04 18:00:00
18.866666666666667,31.830538,2025-08-04 18:00:00
12.1,11.498415,2025-08-04 18:00:00
20.725,32.416294,2025-08-04 19:00:00
32.0,44.245285,2025-08-04 19:00:00
9.375,48.217735,2025-08-04 19:00:00
21.0,12.902753,2025-08-04 19:00:00
12.8,11.853663,2025-08-04 19:00:00
21.3,33.813957,2025-08-04 20:00:00
4.0,40.019356,2025-08-04 20:00:00
24.85,45.279083,2025-08-04 20:00:00
20.85,13.500573,2025-08-04 20:00:00
11.9,11.703044,2025-08-04 20:00:00
10.7,31.881847,2025-08-04 21:00:00
20.975,12.023408,2025-08-04 21:00:00
11.475,11.191251,2025-08-04 21:00:00
19.975,32.063457,2025-08-04 21:00:00
17.25,52.143936,2025-08-04 21:00:00
14.2,10.145252,2025-08-04 22:00:00
10.55,11.33256,2025-08-04 22:00:00
13.475,45.603275,2025-08-04 22:00:00
12.966666666666669,35.415802,2025-08-04 22:00:00
25.625,31.26964,2025-08-04 22:00:00
25.55,32.361286,2025-08-04 23:00:00
12.875,52.987587,2025-08-04 23:00:00
10.8,6.9712143,2025-08-04 23:00:00
10.95,11.286759,2025-08-04 23:00:00
12.966666666666669,38.244232,2025-08-04 23:00:00
28.8,60.677994,2025-08-05 00:00:00
11.425,12.028222,2025-08-05 00:00:00
22.85,31.36137,2025-08-05 00:00:00
12.966666666666669,40.3541,2025-08-05 00:00:00
10.85,9.14013,2025-08-05 00:00:00
33.175,39.888012,2025-08-05 01:00:00
12.966666666666669,31.550255,2025-08-05 01:00:00
22.625,22.811693,2025-08-05 01:00:00
10.925,11.517071,2025-08-05 01:00:00
11.825,12.07133,2025-08-05 01:00:00
12.2,12.433329,2025-08-05 02:00:00
26.175,25.491735,2025-08-05 02:00:00
10.225,17.203716,2025-08-05 02:00:00
29.4,32.41412,2025-08-05 02:00:00
9.75,13.496153,2025-08-05 03:00:00
13.2,17.981358,2025-08-05 03:00:00
28.975,34.262352,2025-08-05 03:00:00
28.925,24.79811,2025-08-05 03:00:00
12.15,12.632637,2025-08-05 03:00:00
9.65,13.02468,2025-08-05 04:00:00
14.675,13.852072,2025-08-05 04:00:00
31.325,25.088354,2025-08-05 04:00:00
12.2,12.325808,2025-08-05 04:00:00
17.15,20.504103,2025-08-05 04:00:00
11.833333333333334,12.27412,2025-08-05 05:00:00
11.675,12.171913,2025-08-05 05:00:00
13.875,15.910673,2025-08-05 05:00:00
10.175,13.752627,2025-08-05 05:00:00
30.175,25.807873,2025-08-05 05:00:00
11.95,24.238811,2025-08-05 06:00:00
34.575,25.083292,2025-08-05 06:00:00
11.55,28.149916,2025-08-05 06:00:00
11.0,11.145032,2025-08-05 06:00:00
11.6,12.30602,2025-08-05 06:00:00
11.8,12.622665,2025-08-05 07:00:00
10.9,9.5022745,2025-08-05 07:00:00
31.35,25.012493,2025-08-05 07:00:00
19.0,26.99585,2025-08-05 07:00:00
4.466666666666667,25.200253,2025-08-05 07:00:00
30.7,24.12512,2025-08-05 08:00:00
11.775,13.23049,2025-08-05 08:00:00
10.675,10.2583065,2025-08-05 08:00:00
18.925,31.193699,2025-08-05 08:00:00
30.3,24.855402,2025-08-05 09:00:00
17.525,30.239315,2025-08-05 09:00:00
6.75,26.714424,2025-08-05 09:00:00
13.375,11.7853,2025-08-05 09:00:00
11.1,8.710268,2025-08-05 09:00:00
6.75,20.990288,2025-08-05 10:00:00
9.875,9.6617155,2025-08-05 10:00:00
18.275,29.764215,2025-08-05 10:00:00
13.325,11.646636,2025-08-05 10:00:00
28.45,22.622433,2025-08-05 10:00:00
13.75,11.484609,2025-08-05 11:00:00
6.75,21.256235,2025-08-05 11:00:00
16.9,23.022001,2025-08-05 11:00:00
8.925,9.68474,2025-08-05 11:00:00
33.675,25.614172,2025-08-05 11:00:00
15.65,30.354488,2025-08-05 12:00:00
8.850000000000001,9.606554,2025-08-05 12:00:00
36.925,30.391834,2025-08-05 12:00:00
13.375,10.74381,2025-08-05 12:00:00
13.0,28.085238,2025-08-05 13:00:00
35.425,28.507456,2025-08-05 13:00:00
8.7,10.592018,2025-08-05 13:00:00
12.375,11.199679,2025-08-05 13:00:00
14.8,29.820766,2025-08-05 13:00:00
16.425,21.375574,2025-08-05 14:00:00
11.65,10.795183,2025-08-05 14:00:00
13.85,32.28091,2025-08-05 14:00:00
14.125,10.685072,2025-08-05 14:00:00
37.325,29.799625,2025-08-05 14:00:00
12.05,11.009184,2025-08-05 15:00:00
36.2,31.843218,2025-08-05 15:00:00
13.15,32.678703,2025-08-05 15:00:00
14.175,17.705847,2025-08-05 15:00:00
17.425,11.002361,2025-08-05 15:00:00
14.4,34.069386,2025-08-05 16:00:00
13.225,11.095578,2025-08-05 16:00:00
6.9,14.248494,2025-08-05 16:00:00
40.9,37.311584,2025-08-05 16:00:00
18.975,10.877168,2025-08-05 16:00:00
13.45,11.485119,2025-08-05 17:00:00
40.625,41.971783,2025-08-05 17:00:00
9.525,14.301908,2025-08-05 17:00:00
15.125,36.505898,2025-08-05 17:00:00
20.166666666666668,12.032017,2025-08-05 17:00:00
15.925,32.18483,2025-08-05 18:00:00
25.366666666666664,34.201202,2025-08-05 18:00:00
15.3,10.73301,2025-08-05 18:00:00
12.366666666666667,11.357519,2025-08-05 18:00:00
27.1,37.284184,2025-08-05 19:00:00
8.8,16.478037,2025-08-05 19:00:00
12.2,12.226049,2025-08-05 19:00:00
13.0,9.432677,2025-08-05 19:00:00
14.6,33.454666,2025-08-05 19:00:00
11.5,12.210564,2025-08-05 20:00:00
8.0,16.041023,2025-08-05 20:00:00
12.9,30.40426,2025-08-05 20:00:00
26.9,44.83836,2025-08-05 20:00:00
13.775,11.794517,2025-08-05 20:00:00
15.0,11.808938,2025-08-05 21:00:00
4.2,16.320518,2025-08-05 21:00:00
28.6,46.641727,2025-08-05 21:00:00
12.0,12.126956,2025-08-05 21:00:00
12.05,26.177828,2025-08-05 21:00:00
29.125,43.38916,2025-08-05 22:00:00
9.725,19.802065,2025-08-05 22:00:00
4.2,10.99247,2025-08-05 22:00:00
10.65,12.466326,2025-08-05 22:00:00
12.8,11.122582,2025-08-05 22:00:00
11.375,12.264139,2025-08-05 23:00:00
9.275,16.970808,2025-08-05 23:00:00
32.5,50.744793,2025-08-05 23:00:00
12.125,11.814376,2025-08-05 23:00:00
13.566666666666668,9.52687,2025-08-05 23:00:00
28.475,47.766182,2025-08-06 00:00:00
12.625,12.095362,2025-08-06 00:00:00
26.2,8.691318,2025-08-06 00:00:00
12.45,13.151482,2025-08-06 00:00:00
12.55,14.081174,2025-08-06 00:00:00
12.3,13.066177,2025-08-06 01:00:00
17.975,12.742762,2025-08-06 01:00:00
33.7,37.12961,2025-08-06 01:00:00
13.3,14.7254,2025-08-06 01:00:00
14.375,12.323134,2025-08-06 01:00:00
14.4,12.562515,2025-08-06 02:00:00
8.9,13.630559,2025-08-06 02:00:00
13.625,12.452374,2025-08-06 02:00:00
36.375,32.069527,2025-08-06 02:00:00
12.15,15.68979,2025-08-06 02:00:00
13.525,11.69194,2025-08-06 03:00:00
11.25,14.734973,2025-08-06 03:00:00
6.775,12.953676,2025-08-06 03:00:00
35.875,35.639618,2025-08-06 03:00:00
15.975,9.766891,2025-08-06 03:00:00
12.975,13.424203,2025-08-06 04:00:00
19.4,10.970946,2025-08-06 04:00:00
39.45,35.677525,2025-08-06 04:00:00
6.725,13.239184,2025-08-06 04:00:00
10.7,15.004635,2025-08-06 04:00:00
3.2,12.171477,2025-08-06 05:00:00
9.575,14.355756,2025-08-06 05:00:00
40.925,35.475235,2025-08-06 05:00:00
12.3,12.991603,2025-08-06 05:00:00
6.575,12.928059,2025-08-06 05:00:00
12.825,14.697371,2025-08-06 06:00:00
40.1,39.79847,2025-08-06 06:00:00
3.2,13.126977,2025-08-06 06:00:00
10.225,12.744381,2025-08-06 06:00:00
10.05,12.271852,2025-08-06 06:00:00
3.2,17.729242,2025-08-06 07:00:00
10.1,11.96527,2025-08-06 07:00:00
15.625,15.194484,2025-08-06 07:00:00
42.45,36.35886,2025-08-06 07:00:00
10.55,12.862822,2025-08-06 07:00:00
43.3,32.03029,2025-08-06 08:00:00
11.05,13.063082,2025-08-06 08:00:00
3.2,16.571404,2025-08-06 08:00:00
11.05,11.992493,2025-08-06 08:00:00
15.7,11.8130665,2025-08-06 08:00:00
16.133333333333333,14.203231,2025-08-06 09:00:00
31.7,32.496704,2025-08-06 09:00:00
14.475,12.67756,2025-08-06 09:00:00
12.025,11.820844,2025-08-06 09:00:00
15.6,10.27567,2025-08-06 09:00:00
15.125,13.260537,2025-08-06 10:00:00
12.2,12.336509,2025-08-06 10:00:00
31.7,30.865517,2025-08-06 10:00:00
15.275,10.449908,2025-08-06 10:00:00
26.925,13.891252,2025-08-06 10:00:00
31.7,35.47632,2025-08-06 11:00:00
12.2,12.79681,2025-08-06 11:00:00
14.625,10.509585,2025-08-06 11:00:00
15.675,13.068763,2025-08-06 11:00:00
15.25,12.457241,2025-08-06 11:00:00
14.825,12.68587,2025-08-06 12:00:00
10.575,13.392245,2025-08-06 12:00:00
17.424999999999997,10.673454,2025-08-06 12:00:00
14.225,9.493749,2025-08-06 12:00:00
31.7,41.187706,2025-08-06 12:00:00
19.45,9.999709,2025-08-06 13:00:00
19.5,37.372818,2025-08-06 13:00:00
13.3,12.087127,2025-08-06 13:00:00
13.625,10.778339,2025-08-06 13:00:00
10.2,12.339979,2025-08-06 13:00:00
24.075,42.850365,2025-08-06 14:00:00
15.025,11.527234,2025-08-06 14:00:00
11.65,12.669916,2025-08-06 14:00:00
10.9,13.236695,2025-08-06 14:00:00
21.65,10.204651,2025-08-06 14:00:00
29.9,40.1506,2025-08-06 15:00:00
11.425,14.431279,2025-08-06 15:00:00
11.6,12.397529,2025-08-06 15:00:00
6.3,12.565509,2025-08-06 15:00:00
15.775,10.670753,2025-08-06 15:00:00
32.675,41.86184,2025-08-06 16:00:00
11.775,12.354371,2025-08-06 16:00:00
15.825,11.678965,2025-08-06 16:00:00
14.0,14.53254,2025-08-06 16:00:00
6.3,13.524401,2025-08-06 16:00:00
14.275,13.441977,2025-08-06 17:00:00
16.033333333333335,11.5238695,2025-08-06 17:00:00
6.3,23.775599,2025-08-06 17:00:00
33.3,37.29864,2025-08-06 17:00:00
12.5,12.171264,2025-08-06 17:00:00
21.433333333333334,46.80061,2025-08-06 18:00:00
14.066666666666668,13.0345,2025-08-06 18:00:00
13.625,18.62273,2025-08-06 18:00:00
21.65,12.447632,2025-08-06 18:00:00
14.55,15.722657,2025-08-06 18:00:00
23.8,11.373384,2025-08-06 19:00:00
32.675,17.34267,2025-08-06 19:00:00
15.25,42.31633,2025-08-06 19:00:00
15.15,15.103285,2025-08-06 19:00:00
15.1,14.240406,2025-08-06 19:00:00
20.5,41.862556,2025-08-06 20:00:00
14.55,13.959151,2025-08-06 20:00:00
13.5,13.181582,2025-08-06 20:00:00
23.475,13.395065,2025-08-06 20:00:00
30.7,20.492022,2025-08-06 20:00:00
12.65,13.295774,2025-08-06 21:00:00
33.95,15.906206,2025-08-06 21:00:00
13.95,11.742709,2025-08-06 21:00:00
21.3,45.78502,2025-08-06 21:00:00
23.4,13.475175,2025-08-06 21:00:00
12.65,10.471528,2025-08-06 22:00:00
12.35,13.052067,2025-08-06 22:00:00
24.200000000000003,48.664524,2025-08-06 22:00:00
19.7,9.529283,2025-08-06 22:00:00
40.7,14.188274,2025-08-06 22:00:00
17.825,11.012983,2025-08-06 23:00:00
11.55,12.500523,2025-08-06 23:00:00
32.025,13.299437,2025-08-06 23:00:00
12.05,10.764042,2025-08-06 23:00:00
24.325,39.322998,2025-08-06 23:00:00
17.95,10.765986,2025-08-07 00:00:00
24.05,36.053467,2025-08-07 00:00:00
11.975,12.262408,2025-08-07 00:00:00
35.525,11.927169,2025-08-07 00:00:00
14.575,10.212188,2025-08-07 00:00:00
35.525,14.619736,2025-08-07 01:00:00
18.025,12.891705,2025-08-07 01:00:00
15.825,11.599621,2025-08-07 01:00:00
24.5,26.247995,2025-08-07 01:00:00
13.575,12.553689,2025-08-07 01:00:00
13.75,20.948105,2025-08-07 02:00:00
15.8,15.400752,2025-08-07 02:00:00
14.9,11.407449,2025-08-07 02:00:00
28.675,26.444052,2025-08-07 02:00:00
14.2,13.177647,2025-08-07 02:00:00
13.55,13.662213,2025-08-07 03:00:00
15.75,22.398973,2025-08-07 03:00:00
28.8,26.276188,2025-08-07 03:00:00
14.375,11.8406,2025-08-07 03:00:00
14.475,15.676199,2025-08-07 03:00:00
13.1,11.210569,2025-08-07 04:00:00
14.5,15.6905775,2025-08-07 04:00:00
59.45,28.306093,2025-08-07 04:00:00
23.375,27.861738,2025-08-07 04:00:00
12.95,14.330804,2025-08-07 04:00:00
35.975,31.482462,2025-08-07 05:00:00
12.625,14.128845,2025-08-07 05:00:00
12.275,12.359233,2025-08-07 05:00:00
14.925,17.06164,2025-08-07 05:00:00
30.575000000000003,35.21917,2025-08-07 05:00:00
44.55,28.839178,2025-08-07 06:00:00
32.35,29.8269,2025-08-07 06:00:00
11.675,12.792869,2025-08-07 06:00:00
12.6,11.860748,2025-08-07 06:00:00
16.25,16.182852,2025-08-07 06:00:00
12.9,12.602221,2025-08-07 07:00:00
37.65,30.219881,2025-08-07 07:00:00
31.55,31.827883,2025-08-07 07:00:00
11.45,12.765297,2025-08-07 07:00:00
17.625,14.227859,2025-08-07 07:00:00
35.55,23.543554,2025-08-07 08:00:00
32.1,26.563803,2025-08-07 08:00:00
11.375,12.7724,2025-08-07 08:00:00
14.175,13.31622,2025-08-07 08:00:00
18.65,13.713386,2025-08-07 08:00:00
13.825,14.450235,2025-08-07 09:00:00
36.525,26.62244,2025-08-07 09:00:00
19.975,12.265118,2025-08-07 09:00:00
39.5,22.383877,2025-08-07 09:00:00
14.925,13.598058,2025-08-07 09:00:00
13.2,13.024865,2025-08-07 10:00:00
14.925,12.7068615,2025-08-07 10:00:00
42.15,19.621313,2025-08-07 10:00:00
35.375,31.320839,2025-08-07 10:00:00
15.5,12.812058,2025-08-07 10:00:00
14.5,21.543179,2025-08-07 11:00:00
14.8,11.940131,2025-08-07 11:00:00
23.325,25.270132,2025-08-07 11:00:00
10.1,12.984523,2025-08-07 11:00:00
14.45,12.775156,2025-08-07 11:00:00
12.6,27.13028,2025-08-07 12:00:00
10.05,13.013247,2025-08-07 12:00:00
14.025,13.219246,2025-08-07 12:00:00
12.35,14.3980875,2025-08-07 12:00:00
33.6,29.240208,2025-08-07 12:00:00
38.0,29.174904,2025-08-07 13:00:00
12.15,14.595109,2025-08-07 13:00:00
12.35,13.282119,2025-08-07 13:00:00
10.225,14.557776,2025-08-07 13:00:00
16.075,33.138355,2025-08-07 13:00:00
17.55,32.45507,2025-08-07 14:00:00
34.15,31.774855,2025-08-07 14:00:00
11.95,12.648149,2025-08-07 14:00:00
13.0,13.424774,2025-08-07 14:00:00
10.35,14.428725,2025-08-07 14:00:00
34.775,37.325905,2025-08-07 15:00:00
34.875,34.452152,2025-08-07 15:00:00
12.9,11.975049,2025-08-07 15:00:00
10.1,15.924772,2025-08-07 15:00:00
13.35,13.4837675,2025-08-07 15:00:00
37.875,30.447845,2025-08-07 16:00:00
47.725,35.106598,2025-08-07 16:00:00
10.8,15.011704,2025-08-07 16:00:00
14.4,14.151341,2025-08-07 16:00:00
12.325,12.172163,2025-08-07 16:00:00
15.025,12.77431,2025-08-07 17:00:00
39.275,32.640877,2025-08-07 17:00:00
38.95,25.313648,2025-08-07 17:00:00
11.166666666666666,14.314948,2025-08-07 17:00:00
15.125,15.010271,2025-08-07 17:00:00
13.9,16.318726,2025-08-07 18:00:00
20.4,32.55776,2025-08-07 18:00:00
13.975,13.959639,2025-08-07 18:00:00
33.125,29.280579,2025-08-07 18:00:00
13.866666666666667,13.217648,2025-08-07 18:00:00
13.5,15.696519,2025-08-07 19:00:00
7.475,37.78856,2025-08-07 19:00:00
24.725,24.045334,2025-08-07 19:00:00
15.65,13.585934,2025-08-07 19:00:00
12.85,13.211225,2025-08-07 19:00:00
27.25,24.346788,2025-08-07 20:00:00
13.2,16.04473,2025-08-07 20:00:00
10.6,45.8888,2025-08-07 20:00:00
12.2,14.831961,2025-08-07 20:00:00
16.375,13.115657,2025-08-07 20:00:00
11.475,13.889432,2025-08-07 21:00:00
17.3,12.766066,2025-08-07 21:00:00
12.15,16.011864,2025-08-07 21:00:00
16.3,29.011263,2025-08-07 21:00:00
13.075,46.981213,2025-08-07 21:00:00
20.85,12.623979,2025-08-07 22:00:00
6.333333333333333,28.611639,2025-08-07 22:00:00
19.075,47.476402,2025-08-07 22:00:00
10.975,14.427139,2025-08-07 22:00:00
11.25,13.818433,2025-08-07 22:00:00
33.825,51.83141,2025-08-07 23:00:00
23.65,12.527918,2025-08-07 23:00:00
10.85,13.720136,2025-08-07 23:00:00
10.825,13.530083,2025-08-07 23:00:00
7.175,36.074287,2025-08-07 23:00:00
11.825,12.4492035,2025-08-08 00:00:00
27.825,45.985184,2025-08-08 00:00:00
11.125,14.317579,2025-08-08 00:00:00
10.175,37.08172,2025-08-08 00:00:00
25.025,12.372382,2025-08-08 00:00:00
13.675,14.301342,2025-08-08 01:00:00
12.725,12.164985,2025-08-08 01:00:00
27.175,13.534192,2025-08-08 01:00:00
25.575000000000003,33.337837,2025-08-08 01:00:00
31.15,36.64458,2025-08-08 01:00:00
40.175,31.17999,2025-08-08 02:00:00
32.25,25.922688,2025-08-08 02:00:00
14.9,13.987703,2025-08-08 02:00:00
15.2,12.738191,2025-08-08 02:00:00
14.775,13.912269,2025-08-08 02:00:00
13.65,13.983491,2025-08-08 03:00:00
20.6,21.430244,2025-08-08 03:00:00
9.35,13.393061,2025-08-08 03:00:00
29.475,32.404835,2025-08-08 03:00:00
15.2,12.117912,2025-08-08 03:00:00
27.6,18.579317,2025-08-08 04:00:00
12.825,11.909805,2025-08-08 04:00:00
13.05,13.713019,2025-08-08 04:00:00
25.05,23.005156,2025-08-08 04:00:00
10.65,14.107444,2025-08-08 04:00:00
32.05,21.75328,2025-08-08 05:00:00
36.775,26.459185,2025-08-08 05:00:00
11.775,14.87507,2025-08-08 05:00:00
11.7,13.443482,2025-08-08 05:00:00
12.25,11.377198,2025-08-08 05:00:00
8.85,16.745634,2025-08-08 06:00:00
34.6,24.175201,2025-08-08 06:00:00
10.725,12.8569975,2025-08-08 06:00:00
32.0,18.74914,2025-08-08 06:00:00
12.075,11.664979,2025-08-08 06:00:00
8.15,15.046136,2025-08-08 07:00:00
12.375,11.583528,2025-08-08 07:00:00
8.4,17.718685,2025-08-08 07:00:00
10.4,12.471235,2025-08-08 07:00:00
32.849999999999994,34.82472,2025-08-08 07:00:00
37.925,34.86481,2025-08-08 08:00:00
13.825,11.50746,2025-08-08 08:00:00
8.399999999999999,27.619982,2025-08-08 08:00:00
11.25,12.92603,2025-08-08 08:00:00
8.925,14.291674,2025-08-08 08:00:00
14.625,12.613245,2025-08-08 09:00:00
13.05,14.006324,2025-08-08 09:00:00
6.575,29.54976,2025-08-08 09:00:00
37.8,34.247593,2025-08-08 09:00:00
9.85,11.896405,2025-08-08 09:00:00
7.6,11.467282,2025-08-08 10:00:00
7.2,28.522392,2025-08-08 10:00:00
14.325,12.958193,2025-08-08 10:00:00
38.7,24.00856,2025-08-08 10:00:00
15.725,12.27036,2025-08-08 10:00:00
14.075,12.85146,2025-08-08 11:00:00
39.65,27.1012,2025-08-08 11:00:00
31.266666666666666,29.66095,2025-08-08 11:00:00
15.4,11.7442,2025-08-08 11:00:00
7.475,10.740284,2025-08-08 11:00:00
15.175,11.725675,2025-08-08 12:00:00
12.975,13.546861,2025-08-08 12:00:00
9.025,10.491309,2025-08-08 12:00:00
42.3,31.090183,2025-08-08 12:00:00
37.325,28.062056,2025-08-08 12:00:00
28.425,29.416458,2025-08-08 13:00:00
12.775,12.079734,2025-08-08 13:00:00
10.35,10.637238,2025-08-08 13:00:00
40.425,30.629156,2025-08-08 13:00:00
13.3,14.182781,2025-08-08 13:00:00
23.025,14.955306,2025-08-08 14:00:00
41.425,34.70737,2025-08-08 14:00:00
11.075,10.768796,2025-08-08 14:00:00
30.0,19.408873,2025-08-08 14:00:00
11.325,12.188475,2025-08-08 14:00:00
42.175,34.661667,2025-08-08 15:00:00
33.775,14.421447,2025-08-08 15:00:00
26.8,17.015053,2025-08-08 15:00:00
12.8,11.218237,2025-08-08 15:00:00
11.65,12.578974,2025-08-08 15:00:00
10.8,13.087068,2025-08-08 16:00:00
44.75,32.43029,2025-08-08 16:00:00
27.875,16.610283,2025-08-08 16:00:00
14.575,11.797593,2025-08-08 16:00:00
31.025,16.284197,2025-08-08 16:00:00
13.425,13.073732,2025-08-08 17:00:00
28.775,17.749933,2025-08-08 17:00:00
15.0,12.627739,2025-08-08 17:00:00
12.5,24.047218,2025-08-08 17:00:00
46.65,40.03588,2025-08-08 17:00:00
11.933333333333332,40.09262,2025-08-08 18:00:00
19.625,17.934963,2025-08-08 18:00:00
18.8,31.872047,2025-08-08 18:00:00
14.533333333333331,13.798639,2025-08-08 18:00:00
11.6,12.362556,2025-08-08 18:00:00
14.85,43.866203,2025-08-08 19:00:00
11.1,10.118456,2025-08-08 19:00:00
35.975,35.27873,2025-08-08 19:00:00
14.95,13.591557,2025-08-08 19:00:00
7.425,17.35924,2025-08-08 19:00:00
14.2,13.325779,2025-08-08 20:00:00
37.55,31.571358,2025-08-08 20:00:00
13.5,17.893284,2025-08-08 20:00:00
12.0,9.616923,2025-08-08 20:00:00
16.2,43.70489,2025-08-08 20:00:00
12.8,10.00181,2025-08-08 21:00:00
16.549999999999997,46.041904,2025-08-08 21:00:00
55.175,33.68161,2025-08-08 21:00:00
12.7,13.037783,2025-08-08 21:00:00
18.975,18.484056,2025-08-08 21:00:00
17.85,16.956366,2025-08-08 22:00:00
21.225,50.285645,2025-08-08 22:00:00
12.225,10.136503,2025-08-08 22:00:00
59.675,29.76591,2025-08-08 22:00:00
10.775,13.176643,2025-08-08 22:00:00
19.1,48.798916,2025-08-08 23:00:00
16.9,19.717709,2025-08-08 23:00:00
48.375,26.316206,2025-08-08 23:00:00
13.3,10.824465,2025-08-08 23:00:00
11.15,12.329,2025-08-08 23:00:00
17.85,37.69196,2025-08-09 00:00:00
14.525,11.301285,2025-08-09 00:00:00
11.95,12.34529,2025-08-09 00:00:00
16.9,17.64719,2025-08-09 00:00:00
53.125,21.371191,2025-08-09 00:00:00
16.6,11.3043165,2025-08-09 01:00:00
20.025,28.400667,2025-08-09 01:00:00
52.1,24.672888,2025-08-09 01:00:00
16.9,16.318897,2025-08-09 01:00:00
13.2,12.156627,2025-08-09 01:00:00
22.9,26.00858,2025-08-09 02:00:00
16.9,12.987969,2025-08-09 02:00:00
13.175,12.749046,2025-08-09 02:00:00
12.4,11.760715,2025-08-09 02:00:00
48.25,27.597242,2025-08-09 02:00:00
23.325,28.657936,2025-08-09 03:00:00
12.45,11.986076,2025-08-09 03:00:00
19.35,34.2358,2025-08-09 03:00:00
14.825,12.755761,2025-08-09 03:00:00
25.65,39.945843,2025-08-09 04:00:00
16.325,12.980297,2025-08-09 04:00:00
26.475,28.504364,2025-08-09 04:00:00
15.025,13.552195,2025-08-09 04:00:00
12.825,12.873873,2025-08-09 05:00:00
29.775,46.779305,2025-08-09 05:00:00
26.575,28.99987,2025-08-09 05:00:00
18.9,12.56584,2025-08-09 05:00:00
21.025,13.371282,2025-08-09 06:00:00
32.925,43.47108,2025-08-09 06:00:00
13.075,14.428471,2025-08-09 06:00:00
31.775,31.278162,2025-08-09 06:00:00
12.65,14.101486,2025-08-09 07:00:00
22.975,10.937929,2025-08-09 07:00:00
30.700000000000003,28.819147,2025-08-09 07:00:00
46.825,48.636982,2025-08-09 07:00:00
23.3,13.687848,2025-08-09 08:00:00
55.125,44.789135,2025-08-09 08:00:00
13.575,13.858297,2025-08-09 08:00:00
34.3,33.204884,2025-08-09 08:00:00
44.15,40.103333,2025-08-09 09:00:00
28.925,32.807083,2025-08-09 09:00:00
14.025,14.668289,2025-08-09 09:00:00
23.375,11.490537,2025-08-09 09:00:00
53.45,34.05317,2025-08-09 10:00:00
14.375,14.03462,2025-08-09 10:00:00
19.6,11.734171,2025-08-09 10:00:00
31.825000000000003,27.367031,2025-08-09 10:00:00
53.25,36.036877,2025-08-09 11:00:00
33.2,29.071905,2025-08-09 11:00:00
13.425,14.37711,2025-08-09 11:00:00
19.35,13.1111965,2025-08-09 11:00:00
48.5,35.764305,2025-08-09 12:00:00
14.325,14.131079,2025-08-09 12:00:00
20.275,17.136625,2025-08-09 12:00:00
33.05,30.702288,2025-08-09 12:00:00
21.75,18.659986,2025-08-09 13:00:00
38.0,35.61409,2025-08-09 13:00:00
24.725,39.525887,2025-08-09 13:00:00
13.15,13.052751,2025-08-09 13:00:00
13.05,13.031174,2025-08-09 14:00:00
26.85,44.226994,2025-08-09 14:00:00
38.9,35.20834,2025-08-09 14:00:00
17.4,14.577041,2025-08-09 14:00:00
16.425,14.066858,2025-08-09 15:00:00
12.7,13.748315,2025-08-09 15:00:00
15.825,20.022995,2025-08-09 15:00:00
40.075,32.521362,2025-08-09 15:00:00
35.075,36.94189,2025-08-09 15:00:00
13.55,13.702414,2025-08-09 16:00:00
39.725,31.662933,2025-08-09 16:00:00
15.4,20.71194,2025-08-09 16:00:00
18.025,12.581681,2025-08-09 16:00:00
32.975,39.648144,2025-08-09 16:00:00
50.425,38.197857,2025-08-09 17:00:00
16.025,20.91747,2025-08-09 17:00:00
17.233333333333334,12.789662,2025-08-09 17:00:00
14.175,13.192273,2025-08-09 17:00:00
39.125,26.213583,2025-08-09 17:00:00
14.0,12.914982,2025-08-09 18:00:00
11.05,13.558407,2025-08-09 18:00:00
9.466666666666669,33.36452,2025-08-09 18:00:00
16.15,20.317701,2025-08-09 18:00:00
28.475,44.31054,2025-08-09 18:00:00
13.175,12.390371,2025-08-09 19:00:00
16.475,19.437084,2025-08-09 19:00:00
8.625,14.21594,2025-08-09 19:00:00
2.4666666666666663,43.934067,2025-08-09 19:00:00
12.6,38.981922,2025-08-09 19:00:00
3.6,37.70751,2025-08-09 20:00:00
8.95,13.007992,2025-08-09 20:00:00
18.200000000000003,19.944502,2025-08-09 20:00:00
12.1,13.24674,2025-08-09 20:00:00
14.6,37.374268,2025-08-09 20:00:00
12.75,45.213554,2025-08-09 21:00:00
6.9,40.346912,2025-08-09 21:00:00
18.1,17.332022,2025-08-09 21:00:00
10.9,11.733363,2025-08-09 21:00:00
13.15,13.862664,2025-08-09 21:00:00
15.575,43.379093,2025-08-09 22:00:00
5.5,38.575516,2025-08-09 22:00:00
17.35,14.049198,2025-08-09 22:00:00
12.2,14.198047,2025-08-09 22:00:00
6.55,12.097462,2025-08-09 22:00:00
12.075,13.745208,2025-08-09 23:00:00
15.125,40.75273,2025-08-09 23:00:00
16.9,13.158641,2025-08-09 23:00:00
5.5,39.57416,2025-08-09 23:00:00
5.175,12.941867,2025-08-09 23:00:00
5.5,43.219383,2025-08-10 00:00:00
13.6,12.270988,2025-08-10 00:00:00
6.85,12.062251,2025-08-10 00:00:00
11.9,12.367419,2025-08-10 00:00:00
16.1,36.636047,2025-08-10 00:00:00
5.5,28.025183,2025-08-10 01:00:00
7.225,12.968637,2025-08-10 01:00:00
16.625,25.403736,2025-08-10 01:00:00
13.675,12.174363,2025-08-10 01:00:00
13.125,14.49477,2025-08-10 01:00:00
3.2,12.611361,2025-08-10 02:00:00
16.675,22.657684,2025-08-10 02:00:00
12.75,13.086238,2025-08-10 02:00:00
12.125,14.719194,2025-08-10 02:00:00
12.325,15.501571,2025-08-10 03:00:00
1.35,11.393558,2025-08-10 03:00:00
9.066666666666666,15.488973,2025-08-10 03:00:00
12.75,12.4147215,2025-08-10 03:00:00
19.325,19.568108,2025-08-10 03:00:00
24.875,21.397133,2025-08-10 04:00:00
12.15,15.529409,2025-08-10 04:00:00
13.025,12.704343,2025-08-10 04:00:00
15.35,13.607708,2025-08-10 04:00:00
2.375,12.648152,2025-08-10 04:00:00
11.65,14.936647,2025-08-10 05:00:00
5.475,14.708083,2025-08-10 05:00:00
23.15,19.642181,2025-08-10 05:00:00
12.175,12.8021755,2025-08-10 05:00:00
5.075,13.806661,2025-08-10 05:00:00
24.1,18.684689,2025-08-10 06:00:00
10.725,14.284598,2025-08-10 06:00:00
12.4,13.881591,2025-08-10 06:00:00
4.6,14.12983,2025-08-10 06:00:00
12.575,12.636455,2025-08-10 06:00:00
23.0,24.113165,2025-08-10 07:00:00
4.6,17.004429,2025-08-10 07:00:00
11.4,13.625818,2025-08-10 07:00:00
12.375,13.638745,2025-08-10 07:00:00
10.425,12.300497,2025-08-10 07:00:00
0.1,9.953213,2025-08-10 08:00:00
22.55,19.445648,2025-08-10 08:00:00
12.875,13.305028,2025-08-10 08:00:00
11.55,11.998697,2025-08-10 08:00:00
13.225,12.4338875,2025-08-10 09:00:00
12.025,21.260069,2025-08-10 09:00:00
0.125,8.692269,2025-08-10 09:00:00
20.8,18.467968,2025-08-10 09:00:00
13.175,12.533354,2025-08-10 09:00:00
12.85,12.476257,2025-08-10 10:00:00
12.025,23.644098,2025-08-10 10:00:00
12.475,12.548193,2025-08-10 10:00:00
6.574999999999999,9.122322,2025-08-10 10:00:00
22.125,17.990242,2025-08-10 10:00:00
12.425,12.295892,2025-08-10 11:00:00
26.025,21.93807,2025-08-10 11:00:00
9.75,6.813507,2025-08-10 11:00:00
13.075,12.752747,2025-08-10 11:00:00
18.425,21.92941,2025-08-10 11:00:00
32.425,23.02469,2025-08-10 12:00:00
10.3,8.1158085,2025-08-10 12:00:00
12.325,12.681745,2025-08-10 12:00:00
21.450000000000003,14.837896,2025-08-10 12:00:00
12.8,12.465394,2025-08-10 12:00:00
31.4,21.569551,2025-08-10 13:00:00
12.625,13.925663,2025-08-10 13:00:00
12.175,12.376671,2025-08-10 13:00:00
40.325,18.986147,2025-08-10 13:00:00
12.225,8.690951,2025-08-10 13:00:00
30.775,21.205158,2025-08-10 14:00:00
12.375,12.656449,2025-08-10 14:00:00
12.925,14.792173,2025-08-10 14:00:00
9.3,6.952733,2025-08-10 14:00:00
47.9,12.421332,2025-08-10 14:00:00
12.6,12.151411,2025-08-10 15:00:00
34.1,20.681673,2025-08-10 15:00:00
37.95,14.603463,2025-08-10 15:00:00
8.275,8.609502,2025-08-10 15:00:00
13.025,18.840317,2025-08-10 15:00:00
14.325,16.02356,2025-08-10 16:00:00
31.325,23.678318,2025-08-10 16:00:00
43.2,14.226831,2025-08-10 16:00:00
11.15,8.811578,2025-08-10 16:00:00
12.925,12.592127,2025-08-10 16:00:00
34.85,23.244484,2025-08-10 17:00:00
14.5,15.827042,2025-08-10 17:00:00
12.133333333333333,7.811909,2025-08-10 17:00:00
46.3,13.356591,2025-08-10 17:00:00
13.225,12.197696,2025-08-10 17:00:00
33.825,13.302595,2025-08-10 18:00:00
14.95,16.954197,2025-08-10 18:00:00
11.833333333333334,13.071129,2025-08-10 18:00:00
6.8,11.038554,2025-08-10 18:00:00
17.666666666666668,28.518929,2025-08-10 18:00:00
11.15,13.2327,2025-08-10 19:00:00
4.325,16.18744,2025-08-10 19:00:00
17.275,33.22553,2025-08-10 19:00:00
15.4,16.91393,2025-08-10 19:00:00
12.333333333333334,23.79999,2025-08-10 19:00:00
4.275,15.3500595,2025-08-10 20:00:00
17.3,32.278927,2025-08-10 20:00:00
11.1,13.973293,2025-08-10 20:00:00
14.1,26.592337,2025-08-10 20:00:00
14.2,16.928514,2025-08-10 20:00:00
19.725,29.217567,2025-08-10 21:00:00
13.275,14.946351,2025-08-10 21:00:00
4.8,7.86412,2025-08-10 21:00:00
10.85,27.012846,2025-08-10 21:00:00
11.175,13.3748045,2025-08-10 21:00:00
10.0,12.576558,2025-08-10 22:00:00
13.5,11.790474,2025-08-10 22:00:00
9.725,7.7231,2025-08-10 22:00:00
22.85,30.689678,2025-08-10 22:00:00
11.375,23.142649,2025-08-10 22:00:00
10.0,13.472904,2025-08-10 23:00:00
22.475,29.122763,2025-08-10 23:00:00
13.4,10.231671,2025-08-10 23:00:00
28.1,23.579926,2025-08-10 23:00:00
13.35,12.313105,2025-08-10 23:00:00
32.025,28.24748,2025-08-11 00:00:00
24.875,25.358942,2025-08-11 00:00:00
10.325,11.993531,2025-08-11 00:00:00
12.825,11.637924,2025-08-11 00:00:00
13.625,9.799266,2025-08-11 00:00:00
27.55,24.411856,2025-08-11 01:00:00
12.925,12.386264,2025-08-11 01:00:00
26.5,29.430365,2025-08-11 01:00:00
10.525,10.999062,2025-08-11 01:00:00
14.15,8.574553,2025-08-11 01:00:00
26.7,24.327492,2025-08-11 02:00:00
11.8,11.846657,2025-08-11 02:00:00
17.75,11.0605955,2025-08-11 02:00:00
31.575,21.848852,2025-08-11 02:00:00
12.875,11.987405,2025-08-11 02:00:00
11.1,12.382037,2025-08-11 03:00:00
30.85,25.25245,2025-08-11 03:00:00
12.7,11.413888,2025-08-11 03:00:00
20.85,9.547964,2025-08-11 03:00:00
31.475,16.36805,2025-08-11 03:00:00
21.6,9.057734,2025-08-11 04:00:00
28.75,24.580868,2025-08-11 04:00:00
11.6,12.617515,2025-08-11 04:00:00
27.175,16.260464,2025-08-11 04:00:00
10.975,13.406518,2025-08-11 04:00:00
8.1,20.493603,2025-08-11 05:00:00
31.625,26.03104,2025-08-11 05:00:00
11.1,12.125524,2025-08-11 05:00:00
24.775,14.0748005,2025-08-11 05:00:00
11.675,13.596061,2025-08-11 05:00:00
12.3,11.528091,2025-08-11 06:00:00
27.1,24.20148,2025-08-11 06:00:00
15.3,15.619737,2025-08-11 06:00:00
11.25,11.234215,2025-08-11 06:00:00
22.200000000000003,23.048346,2025-08-11 06:00:00
13.275,10.474381,2025-08-11 07:00:00
11.05,10.833311,2025-08-11 07:00:00
26.65,24.090723,2025-08-11 07:00:00
28.375,22.559275,2025-08-11 07:00:00
11.075,12.382373,2025-08-11 07:00:00
31.025,22.040346,2025-08-11 08:00:00
13.325,11.96461,2025-08-11 08:00:00
12.775,12.357521,2025-08-11 08:00:00
26.375,22.737024,2025-08-11 08:00:00
11.05,11.061898,2025-08-11 08:00:00
11.05,12.74014,2025-08-11 09:00:00
13.25,11.123438,2025-08-11 09:00:00
13.075,12.729631,2025-08-11 09:00:00
49.2,26.943016,2025-08-11 09:00:00
24.4,22.55209,2025-08-11 09:00:00
13.125,10.274755,2025-08-11 10:00:00
59.35,24.527292,2025-08-11 10:00:00
21.4,22.800543,2025-08-11 10:00:00
13.1,12.831443,2025-08-11 10:00:00
18.45,15.24316,2025-08-11 10:00:00
29.0,22.128357,2025-08-11 11:00:00
12.8,10.420216,2025-08-11 11:00:00
13.1,11.918788,2025-08-11 11:00:00
21.35,27.108543,2025-08-11 11:00:00
19.95,14.97893,2025-08-11 11:00:00
19.25,13.006547,2025-08-11 12:00:00
14.55,12.622369,2025-08-11 12:00:00
13.5,10.372479,2025-08-11 12:00:00
24.675,21.153217,2025-08-11 12:00:00
31.175,23.418648,2025-08-11 12:00:00
21.675,11.614375,2025-08-11 13:00:00
14.25,14.31361,2025-08-11 13:00:00
29.95,25.695091,2025-08-11 13:00:00
14.15,11.206853,2025-08-11 13:00:00
30.65,23.306128,2025-08-11 13:00:00
19.0,10.383286,2025-08-11 14:00:00
13.35,15.688493,2025-08-11 14:00:00
37.475,26.240774,2025-08-11 14:00:00
41.15,28.379818,2025-08-11 14:00:00
13.8,12.141686,2025-08-11 14:00:00
10.133333333333333,29.625948,2025-08-11 15:00:00
18.4,10.6053,2025-08-11 15:00:00
12.9,14.603506,2025-08-11 15:00:00
13.95,12.489186,2025-08-11 15:00:00
40.625,24.440893,2025-08-11 15:00:00
13.025,14.87528,2025-08-11 16:00:00
19.9,8.715425,2025-08-11 16:00:00
12.5,29.637049,2025-08-11 16:00:00
43.35,24.307062,2025-08-11 16:00:00
13.575,12.635016,2025-08-11 16:00:00
21.1,13.341449,2025-08-11 17:00:00
13.133333333333333,16.054825,2025-08-11 17:00:00
12.925,12.537041,2025-08-11 17:00:00
22.75,32.897274,2025-08-11 17:00:00
41.6,25.003801,2025-08-11 17:00:00
13.066666666666668,11.538476,2025-08-11 18:00:00
25.5,34.36326,2025-08-11 18:00:00
16.599999999999998,31.956043,2025-08-11 18:00:00
13.15,16.5254,2025-08-11 18:00:00
19.725,18.676853,2025-08-11 18:00:00
18.45,31.696268,2025-08-11 19:00:00
32.825,28.717257,2025-08-11 19:00:00
12.825,17.026215,2025-08-11 19:00:00
19.65,18.566278,2025-08-11 19:00:00
12.125,11.330569,2025-08-11 19:00:00
25.1,34.28826,2025-08-11 20:00:00
11.3,13.120311,2025-08-11 20:00:00
31.85,28.04127,2025-08-11 20:00:00
12.75,16.498322,2025-08-11 20:00:00
21.05,17.10663,2025-08-11 20:00:00
35.1,31.125275,2025-08-11 21:00:00
23.0,35.669178,2025-08-11 21:00:00
11.375,13.001151,2025-08-11 21:00:00
22.275,12.173462,2025-08-11 21:00:00
13.85,15.279658,2025-08-11 21:00:00
24.775,9.675456,2025-08-11 22:00:00
24.475,35.101604,2025-08-11 22:00:00
12.1,12.74474,2025-08-11 22:00:00
36.275,22.320332,2025-08-11 22:00:00
12.825,12.282334,2025-08-11 22:00:00
22.5,38.373325,2025-08-11 23:00:00
39.925,20.67692,2025-08-11 23:00:00
12.65,12.155652,2025-08-11 23:00:00
29.25,12.504278,2025-08-11 23:00:00
10.825,12.216712,2025-08-11 23:00:00
33.125,11.7625065,2025-08-12 00:00:00
25.825,29.322,2025-08-12 00:00:00
13.5,12.178888,2025-08-12 00:00:00
12.15,11.313837,2025-08-12 00:00:00
30.15,24.538656,2025-08-12 00:00:00
9.8,10.858539,2025-08-12 01:00:00
9.9,28.08916,2025-08-12 01:00:00
12.1,11.955407,2025-08-12 01:00:00
25.55,23.68193,2025-08-12 01:00:00
35.375,14.649644,2025-08-12 01:00:00
25.425,13.65008,2025-08-12 02:00:00
9.1,11.370446,2025-08-12 02:00:00
26.825,22.635399,2025-08-12 02:00:00
12.6,11.906829,2025-08-12 02:00:00
21.875,21.541702,2025-08-12 02:00:00
9.825,10.736204,2025-08-12 03:00:00
23.8,22.522947,2025-08-12 03:00:00
21.225,14.454935,2025-08-12 03:00:00
12.575,12.516982,2025-08-12 03:00:00
28.175,23.064943,2025-08-12 03:00:00
26.175,26.323387,2025-08-12 04:00:00
12.2,12.351517,2025-08-12 04:00:00
8.275,11.0327635,2025-08-12 04:00:00
29.8,26.21644,2025-08-12 04:00:00
23.025,15.859175,2025-08-12 04:00:00
41.775000000000006,34.49009,2025-08-12 05:00:00
7.425,11.831205,2025-08-12 05:00:00
11.6,12.937283,2025-08-12 05:00:00
35.575,24.160234,2025-08-12 05:00:00
24.8,19.824009,2025-08-12 05:00:00
7.225,11.988111,2025-08-12 06:00:00
34.075,38.366272,2025-08-12 06:00:00
15.55,21.092655,2025-08-12 06:00:00
36.65,27.39333,2025-08-12 06:00:00
12.725,13.726404,2025-08-12 06:00:00
34.25,29.316473,2025-08-12 07:00:00
11.15,23.529345,2025-08-12 07:00:00
37.05,27.352894,2025-08-12 07:00:00
14.125,13.3473625,2025-08-12 07:00:00
7.025,13.046023,2025-08-12 07:00:00
7.800000000000001,12.484394,2025-08-12 08:00:00
11.175,25.65492,2025-08-12 08:00:00
13.325,13.539291,2025-08-12 08:00:00
33.85,29.462633,2025-08-12 08:00:00
38.15,22.218554,2025-08-12 08:00:00
8.225,11.719253,2025-08-12 09:00:00
32.925,24.716028,2025-08-12 09:00:00
12.925,12.535046,2025-08-12 09:00:00
11.225,23.19512,2025-08-12 09:00:00
34.3,22.64226,2025-08-12 09:00:00
38.6,27.820572,2025-08-12 10:00:00
12.05,20.418692,2025-08-12 10:00:00
34.0,25.949802,2025-08-12 10:00:00
8.5,11.763026,2025-08-12 10:00:00
13.15,12.661064,2025-08-12 10:00:00
13.125,21.076834,2025-08-12 11:00:00
36.2,29.094522,2025-08-12 11:00:00
22.2,28.656664,2025-08-12 11:00:00
11.5,15.815266,2025-08-12 11:00:00
8.7,10.676083,2025-08-12 11:00:00
13.175,16.185787,2025-08-12 12:00:00
8.0,11.160433,2025-08-12 12:00:00
9.85,33.690243,2025-08-12 12:00:00
11.05,11.556044,2025-08-12 12:00:00
37.85,30.727432,2025-08-12 12:00:00
11.675,12.73978,2025-08-12 13:00:00
17.55,33.298157,2025-08-12 13:00:00
7.85,11.233646,2025-08-12 13:00:00
13.875,17.978228,2025-08-12 13:00:00
44.85,33.443703,2025-08-12 13:00:00
7.475,12.496523,2025-08-12 14:00:00
19.1,17.425459,2025-08-12 14:00:00
43.2,31.243364,2025-08-12 14:00:00
22.625,30.650108,2025-08-12 14:00:00
10.35,12.84958,2025-08-12 14:00:00
8.325,12.509431,2025-08-12 15:00:00
22.075,16.10757,2025-08-12 15:00:00
10.925,13.761799,2025-08-12 15:00:00
45.15,29.755785,2025-08-12 15:00:00
42.2,33.128967,2025-08-12 15:00:00
38.6,30.431873,2025-08-12 16:00:00
45.15,30.161137,2025-08-12 16:00:00
22.775,17.48638,2025-08-12 16:00:00
10.35,12.29342,2025-08-12 16:00:00
11.05,13.724527,2025-08-12 16:00:00
10.825,11.4665165,2025-08-12 17:00:00
40.8,31.971195,2025-08-12 17:00:00
11.475,12.437956,2025-08-12 17:00:00
49.35,31.590805,2025-08-12 17:00:00
23.6,18.258846,2025-08-12 17:00:00
22.45,14.23783,2025-08-12 18:00:00
32.2,30.419065,2025-08-12 18:00:00
13.6,13.338206,2025-08-12 18:00:00
16.566666666666666,33.37677,2025-08-12 18:00:00
11.333333333333334,12.227425,2025-08-12 18:00:00
14.275,41.147274,2025-08-12 19:00:00
15.575,12.763209,2025-08-12 19:00:00
12.45,12.771459,2025-08-12 19:00:00
24.675,23.665005,2025-08-12 19:00:00
22.425,13.213046,2025-08-12 19:00:00
21.3,43.34457,2025-08-12 20:00:00
13.0,12.748854,2025-08-12 20:00:00
22.575000000000003,14.525382,2025-08-12 20:00:00
13.7,12.482479,2025-08-12 20:00:00
31.7,20.201864,2025-08-12 20:00:00
23.25,15.452129,2025-08-12 21:00:00
16.65,43.329,2025-08-12 21:00:00
13.6,12.03268,2025-08-12 21:00:00
16.1,28.124863,2025-08-12 21:00:00
13.525,12.056716,2025-08-12 21:00:00
23.125,41.42033,2025-08-12 22:00:00
13.5,12.326895,2025-08-12 22:00:00
17.775,17.563908,2025-08-12 22:00:00
13.4,8.932106,2025-08-12 22:00:00
9.433333333333334,24.95707,2025-08-12 22:00:00
23.65,43.497147,2025-08-12 23:00:00
13.25,9.243131,2025-08-12 23:00:00
16.2,30.70771,2025-08-12 23:00:00
15.6,18.258455,2025-08-12 23:00:00
12.075,12.5706415,2025-08-12 23:00:00
24.5,36.869648,2025-08-13 00:00:00
21.5,33.83128,2025-08-13 00:00:00
17.125,8.543905,2025-08-13 00:00:00
12.4,11.604991,2025-08-13 00:00:00
15.975,19.562721,2025-08-13 00:00:00
37.85,32.49312,2025-08-13 01:00:00
14.375,9.65091,2025-08-13 01:00:00
16.725,17.025,2025-08-13 01:00:00
12.875,11.90018,2025-08-13 01:00:00
25.25,25.674746,2025-08-13 01:00:00
34.225,30.709227,2025-08-13 02:00:00
15.225,16.88604,2025-08-13 02:00:00
13.85,10.493124,2025-08-13 02:00:00
11.825,13.037828,2025-08-13 02:00:00
26.95,22.435936,2025-08-13 02:00:00
12.7,10.766649,2025-08-13 03:00:00
25.475,22.447922,2025-08-13 03:00:00
15.8,17.180393,2025-08-13 03:00:00
30.15,29.038612,2025-08-13 03:00:00
11.65,13.136243,2025-08-13 03:00:00
16.275,19.349365,2025-08-13 04:00:00
31.525,20.91488,2025-08-13 04:00:00
11.075,13.478265,2025-08-13 04:00:00
11.825,10.628005,2025-08-13 04:00:00
29.7,23.056068,2025-08-13 04:00:00
16.875,16.239986,2025-08-13 05:00:00
10.95,14.592507,2025-08-13 05:00:00
31.425,23.589296,2025-08-13 05:00:00
30.6,16.70287,2025-08-13 05:00:00
10.725,11.084725,2025-08-13 05:00:00
10.575,11.760362,2025-08-13 06:00:00
12.0,13.814814,2025-08-13 06:00:00
29.35,27.580618,2025-08-13 06:00:00
32.85,18.588608,2025-08-13 06:00:00
19.975,13.678648,2025-08-13 06:00:00
8.933333333333332,22.86409,2025-08-13 07:00:00
22.25,14.685636,2025-08-13 07:00:00
32.625,26.166655,2025-08-13 07:00:00
4.65,14.475576,2025-08-13 07:00:00
13.8,13.811701,2025-08-13 07:00:00
21.0,27.597307,2025-08-13 08:00:00
10.9,13.522129,2025-08-13 08:00:00
7.966666666666666,12.529021,2025-08-13 08:00:00
22.575,13.722092,2025-08-13 08:00:00
32.525,27.75748,2025-08-13 08:00:00
12.55,11.344222,2025-08-13 09:00:00
9.275,12.686484,2025-08-13 09:00:00
13.125,25.353323,2025-08-13 09:00:00
22.775,13.483715,2025-08-13 09:00:00
32.9,20.616762,2025-08-13 09:00:00
34.075,20.03375,2025-08-13 10:00:00
13.225,11.135442,2025-08-13 10:00:00
14.775,11.93714,2025-08-13 10:00:00
8.975,11.981237,2025-08-13 10:00:00
16.225,28.457981,2025-08-13 10:00:00
8.225,11.574188,2025-08-13 11:00:00
13.966666666666669,10.062562,2025-08-13 11:00:00
36.825,24.02172,2025-08-13 11:00:00
36.5,23.951635,2025-08-13 11:00:00
10.9,11.161061,2025-08-13 11:00:00
8.8,11.328172,2025-08-13 12:00:00
34.85,23.587702,2025-08-13 12:00:00
12.6,12.07029,2025-08-13 12:00:00
36.225,26.240683,2025-08-13 12:00:00
15.35,10.26782,2025-08-13 12:00:00
13.125,14.255939,2025-08-13 13:00:00
8.8,12.314995,2025-08-13 13:00:00
41.9,32.77562,2025-08-13 13:00:00
29.45,26.85252,2025-08-13 13:00:00
14.425,11.77322,2025-08-13 13:00:00
40.575,29.016684,2025-08-13 14:00:00
9.5,15.187638,2025-08-13 14:00:00
32.9,24.438293,2025-08-13 14:00:00
10.35,11.452564,2025-08-13 14:00:00
14.25,12.349656,2025-08-13 14:00:00
43.875,31.672628,2025-08-13 15:00:00
7.525,15.794031,2025-08-13 15:00:00
10.875,11.061541,2025-08-13 15:00:00
17.925,12.724961,2025-08-13 15:00:00
33.775,20.560577,2025-08-13 15:00:00
6.7,14.277049,2025-08-13 16:00:00
39.05,31.86553,2025-08-13 16:00:00
33.975,17.783268,2025-08-13 16:00:00
18.675,13.497936,2025-08-13 16:00:00
10.775,10.145384,2025-08-13 16:00:00
17.0,26.96926,2025-08-13 17:00:00
46.825,27.917744,2025-08-13 17:00:00
6.933333333333334,12.055508,2025-08-13 17:00:00
18.125,13.682167,2025-08-13 17:00:00
10.825,11.063686,2025-08-13 17:00:00
20.25,27.336422,2025-08-13 18:00:00
16.45,15.160494,2025-08-13 18:00:00
10.733333333333334,10.71841,2025-08-13 18:00:00
20.5,28.958647,2025-08-13 18:00:00
16.025,13.557853,2025-08-13 18:00:00
23.15,33.689526,2025-08-13 19:00:00
63.7,28.997284,2025-08-13 19:00:00
10.05,9.8637905,2025-08-13 19:00:00
22.05,14.237978,2025-08-13 19:00:00
14.525,18.644243,2025-08-13 19:00:00
9.2,11.108214,2025-08-13 20:00:00
65.19999999999999,28.641973,2025-08-13 20:00:00
14.1,17.348541,2025-08-13 20:00:00
17.8,37.06536,2025-08-13 20:00:00
22.975,15.431941,2025-08-13 20:00:00
79.95,29.675842,2025-08-13 21:00:00
9.125,10.330926,2025-08-13 21:00:00
22.575,39.221874,2025-08-13 21:00:00
23.875,17.196121,2025-08-13 21:00:00
13.875,16.07939,2025-08-13 21:00:00
12.85,13.292458,2025-08-13 22:00:00
72.25,27.714367,2025-08-13 22:00:00
25.375,40.607407,2025-08-13 22:00:00
17.725,13.954659,2025-08-13 22:00:00
9.7,10.027778,2025-08-13 22:00:00
11.775,14.012348,2025-08-13 23:00:00
66.975,23.681261,2025-08-13 23:00:00
31.7,40.982227,2025-08-13 23:00:00
15.6,10.830118,2025-08-13 23:00:00
10.225,9.793035,2025-08-13 23:00:00
67.95,24.194958,2025-08-14 00:00:00
11.275,13.1741495,2025-08-14 00:00:00
10.425,10.276814,2025-08-14 00:00:00
19.925,11.264615,2025-08-14 00:00:00
28.4,28.537285,2025-08-14 00:00:00
10.625,13.34553,2025-08-14 01:00:00
29.450000000000003,26.705112,2025-08-14 01:00:00
71.57499999999999,29.215767,2025-08-14 01:00:00
25.625,12.500462,2025-08-14 01:00:00
11.275,10.439103,2025-08-14 01:00:00
32.25,23.370188,2025-08-14 02:00:00
65.55,40.227467,2025-08-14 02:00:00
52.1,9.7500515,2025-08-14 02:00:00
14.025,18.844517,2025-08-14 02:00:00
10.25,12.934866,2025-08-14 02:00:00
27.775,47.95839,2025-08-14 03:00:00
9.6,9.546492,2025-08-14 03:00:00
8.625,16.215576,2025-08-14 03:00:00
30.025,23.499168,2025-08-14 03:00:00
10.325,12.288508,2025-08-14 03:00:00
51.675,52.006767,2025-08-14 04:00:00
9.75,14.729466,2025-08-14 04:00:00
35.125,28.400988,2025-08-14 04:00:00
9.15,9.934418,2025-08-14 04:00:00
10.475,11.76929,2025-08-14 04:00:00
9.6,11.504476,2025-08-14 05:00:00
10.0,10.187008,2025-08-14 05:00:00
39.45,31.002348,2025-08-14 05:00:00
11.0,15.994496,2025-08-14 05:00:00
56.475,43.454666,2025-08-14 05:00:00
58.3,46.039684,2025-08-14 06:00:00
32.025,36.674664,2025-08-14 06:00:00
11.0,14.47478,2025-08-14 06:00:00
9.575,11.400457,2025-08-14 06:00:00
10.075,11.000184,2025-08-14 06:00:00
8.85,12.659617,2025-08-14 07:00:00
36.225,34.01113,2025-08-14 07:00:00
77.875,45.51494,2025-08-14 07:00:00
22.125,15.4391985,2025-08-14 07:00:00
14.55,11.376436,2025-08-14 07:00:00
43.03333333333333,41.269855,2025-08-14 08:00:00
20.825,16.67158,2025-08-14 08:00:00
15.0,17.054552,2025-08-14 08:00:00
70.3,50.363922,2025-08-14 08:00:00
9.35,12.835882,2025-08-14 08:00:00
18.45,13.60278,2025-08-14 09:00:00
8.65,11.261204,2025-08-14 09:00:00
68.375,46.179375,2025-08-14 09:00:00
12.875,15.979102,2025-08-14 09:00:00
43.03333333333333,45.539318,2025-08-14 09:00:00
68.775,35.938225,2025-08-14 10:00:00
43.03333333333333,44.698563,2025-08-14 10:00:00
22.4,13.244841,2025-08-14 10:00:00
8.95,10.690101,2025-08-14 10:00:00
10.175,13.218811,2025-08-14 10:00:00
8.475,12.476748,2025-08-14 11:00:00
70.6,42.77079,2025-08-14 11:00:00
22.65,11.506697,2025-08-14 11:00:00
43.03333333333333,42.363194,2025-08-14 11:00:00
9.1,12.852783,2025-08-14 11:00:00
20.575,12.221212,2025-08-14 12:00:00
9.325,12.479633,2025-08-14 12:00:00
8.875,11.086883,2025-08-14 12:00:00
68.95,45.046776,2025-08-14 12:00:00
9.175,11.134618,2025-08-14 13:00:00
9.8,10.848661,2025-08-14 13:00:00
28.075,48.442013,2025-08-14 13:00:00
19.4,11.9627495,2025-08-14 13:00:00
9.075,11.735171,2025-08-14 14:00:00
52.675,48.510666,2025-08-14 14:00:00
14.525,13.488289,2025-08-14 14:00:00
9.625,12.907277,2025-08-14 14:00:00
56.725,44.419254,2025-08-14 15:00:00
10.325,12.892737,2025-08-14 15:00:00
10.5,12.316882,2025-08-14 15:00:00
11.325,14.001057,2025-08-14 15:00:00
58.375,47.90703,2025-08-14 16:00:00
10.75,11.868876,2025-08-14 16:00:00
9.875,13.769063,2025-08-14 16:00:00
11.025,11.458993,2025-08-14 16:00:00
77.875,54.00807,2025-08-14 17:00:00
8.666666666666666,13.625868,2025-08-14 17:00:00
10.6,12.387747,2025-08-14 17:00:00
10.15,11.819362,2025-08-14 17:00:00
9.7,13.7616005,2025-08-14 18:00:00
11.3,13.6100855,2025-08-14 18:00:00
9.833333333333334,11.557664,2025-08-14 18:00:00
35.5,47.515427,2025-08-14 18:00:00
4.6000000000000005,46.33214,2025-08-14 19:00:00
12.0,14.027094,2025-08-14 19:00:00
9.675,11.8118925,2025-08-14 19:00:00
9.275,14.004085,2025-08-14 19:00:00
8.6,41.4112,2025-08-14 20:00:00
8.175,14.197964,2025-08-14 20:00:00
13.7,12.982984,2025-08-14 20:00:00
9.6,10.724385,2025-08-14 20:00:00
7.025,13.258084,2025-08-14 21:00:00
8.1,46.164692,2025-08-14 21:00:00
10.825,12.466653,2025-08-14 21:00:00
13.1,12.166749,2025-08-14 21:00:00
11.625,9.703486,2025-08-14 22:00:00
9.5,51.570732,2025-08-14 22:00:00
13.8,11.075315,2025-08-14 22:00:00
10.05,11.902636,2025-08-14 22:00:00
16.425,11.313556,2025-08-14 23:00:00
10.975,8.845697,2025-08-14 23:00:00
10.025,11.641249,2025-08-14 23:00:00
9.5,49.865376,2025-08-14 23:00:00
9.5,46.756615,2025-08-15 00:00:00
10.825,9.86158,2025-08-15 00:00:00
15.475,11.146257,2025-08-15 00:00:00
10.0,11.161845,2025-08-15 00:00:00
0.2,38.682274,2025-08-15 01:00:00
10.375,11.070981,2025-08-15 01:00:00
11.0,9.921917,2025-08-15 01:00:00
15.075,10.962804,2025-08-15 01:00:00
9.825,11.103419,2025-08-15 02:00:00
10.9,9.608923,2025-08-15 02:00:00
17.375,11.887329,2025-08-15 02:00:00
2.6,18.742819,2025-08-15 02:00:00
10.9,10.033604,2025-08-15 03:00:00
9.075,11.321223,2025-08-15 03:00:00
18.5,19.323072,2025-08-15 03:00:00
18.15,11.823564,2025-08-15 03:00:00
17.525,11.638071,2025-08-15 04:00:00
9.5,10.660416,2025-08-15 04:00:00
13.85,16.732218,2025-08-15 04:00:00
10.55,9.660317,2025-08-15 04:00:00
9.325,10.708122,2025-08-15 05:00:00
10.2,10.089305,2025-08-15 05:00:00
6.95,15.96911,2025-08-15 05:00:00
16.775,12.413147,2025-08-15 05:00:00
10.125,9.453007,2025-08-15 06:00:00
20.825,12.865782,2025-08-15 06:00:00
12.025,22.91472,2025-08-15 06:00:00
9.8,9.937982,2025-08-15 06:00:00
11.5,35.990433,2025-08-15 07:00:00
10.225,10.220752,2025-08-15 07:00:00
23.3,11.522499,2025-08-15 07:00:00
10.225,10.453536,2025-08-15 07:00:00
14.1,18.455057,2025-08-15 08:00:00
10.175,11.564675,2025-08-15 08:00:00
22.875,13.655135,2025-08-15 08:00:00
9.6,8.939569,2025-08-15 08:00:00
23.55,12.7683,2025-08-15 09:00:00
9.35,8.998743,2025-08-15 09:00:00
10.025,11.237633,2025-08-15 09:00:00
14.95,13.122608,2025-08-15 09:00:00
9.625,10.081821,2025-08-15 10:00:00
8.925,9.278946,2025-08-15 10:00:00
19.325,12.453844,2025-08-15 10:00:00
6.3,13.919215,2025-08-15 10:00:00
6.3,13.491283,2025-08-15 11:00:00
17.75,13.520787,2025-08-15 11:00:00
9.85,9.866634,2025-08-15 11:00:00
8.925,8.772145,2025-08-15 11:00:00
18.4,12.97565,2025-08-15 12:00:00
8.65,9.895093,2025-08-15 12:00:00
10.325,10.384484,2025-08-15 12:00:00
6.3,14.604202,2025-08-15 12:00:00
10.15,17.456284,2025-08-15 13:00:00
8.85,10.108277,2025-08-15 13:00:00
18.7,13.682165,2025-08-15 13:00:00
19.575,21.610796,2025-08-15 13:00:00
12.125,21.951109,2025-08-15 14:00:00
9.35,10.822229,2025-08-15 14:00:00
17.95,14.639157,2025-08-15 14:00:00
10.5,10.972482,2025-08-15 14:00:00
17.725,15.266408,2025-08-15 15:00:00
11.3,11.448664,2025-08-15 15:00:00
7.1000000000000005,10.229129,2025-08-15 15:00:00
13.125,23.633598,2025-08-15 15:00:00
12.325,8.941009,2025-08-15 16:00:00
11.15,11.363655,2025-08-15 16:00:00
17.55,14.812043,2025-08-15 16:00:00
9.925,18.459476,2025-08-15 16:00:00
11.725,9.669842,2025-08-15 17:00:00
17.5,16.524769,2025-08-15 17:00:00
11.425,17.023502,2025-08-15 17:00:00
11.225,11.313869,2025-08-15 17:00:00
13.725,13.209124,2025-08-15 18:00:00
12.5,12.295071,2025-08-15 18:00:00
11.633333333333333,12.421346,2025-08-15 18:00:00
19.025,14.358161,2025-08-15 18:00:00
19.575,13.749094,2025-08-15 19:00:00
14.0,13.029726,2025-08-15 19:00:00
23.3,20.809118,2025-08-15 19:00:00
11.425,9.077734,2025-08-15 19:00:00
11.1,8.531588,2025-08-15 20:00:00
14.35,12.943342,2025-08-15 20:00:00
19.625,13.027264,2025-08-15 20:00:00
15.35,14.766638,2025-08-15 20:00:00
19.525,13.738138,2025-08-15 21:00:00
14.4,10.595636,2025-08-15 21:00:00
8.175,15.853111,2025-08-15 21:00:00
12.525,8.218293,2025-08-15 21:00:00
11.4,8.273654,2025-08-15 22:00:00
21.075,13.053495,2025-08-15 22:00:00
13.925,8.724356,2025-08-15 22:00:00
10.975,12.7283125,2025-08-15 22:00:00
21.925,14.235784,2025-08-15 23:00:00
32.775,13.012227,2025-08-15 23:00:00
12.65,8.537922,2025-08-15 23:00:00
13.9,8.622677,2025-08-15 23:00:00
23.025,9.981274,2025-08-16 00:00:00
21.775,14.904983,2025-08-16 00:00:00
12.85,8.358309,2025-08-16 00:00:00
13.75,9.330102,2025-08-16 00:00:00
12.825,8.907892,2025-08-16 01:00:00
21.275,15.310321,2025-08-16 01:00:00
13.625,9.904205,2025-08-16 01:00:00
22.375,12.452249,2025-08-16 01:00:00
15.3,15.721947,2025-08-16 02:00:00
11.625,9.243485,2025-08-16 02:00:00
13.875,9.305457,2025-08-16 02:00:00
21.8,13.499035,2025-08-16 02:00:00
11.275,11.294474,2025-08-16 03:00:00
13.575,10.676318,2025-08-16 03:00:00
11.65,16.512787,2025-08-16 03:00:00
23.075,12.882021,2025-08-16 03:00:00
10.975,10.585204,2025-08-16 04:00:00
12.95,11.229871,2025-08-16 04:00:00
25.1,12.355382,2025-08-16 04:00:00
11.925,16.69032,2025-08-16 04:00:00
13.2,10.909347,2025-08-16 05:00:00
8.3,16.524122,2025-08-16 05:00:00
13.4,10.49504,2025-08-16 05:00:00
12.225,18.344006,2025-08-16 05:00:00
13.375,13.829544,2025-08-16 06:00:00
16.0,18.407942,2025-08-16 06:00:00
3.5,19.241661,2025-08-16 06:00:00
13.225,11.232197,2025-08-16 06:00:00
17.95,19.442596,2025-08-16 07:00:00
6.266666666666667,18.894243,2025-08-16 07:00:00
13.45,14.060066,2025-08-16 07:00:00
13.975,11.286874,2025-08-16 07:00:00
14.125,11.972006,2025-08-16 08:00:00
17.575,18.731142,2025-08-16 08:00:00
13.3,12.361655,2025-08-16 08:00:00
7.575,18.17328,2025-08-16 08:00:00
17.575,16.19336,2025-08-16 09:00:00
30.05,18.86207,2025-08-16 09:00:00
14.5,10.686183,2025-08-16 09:00:00
12.95,12.152128,2025-08-16 09:00:00
13.95,10.517097,2025-08-16 10:00:00
13.375,11.436815,2025-08-16 10:00:00
21.225,19.671398,2025-08-16 10:00:00
13.05,14.150226,2025-08-16 10:00:00
21.25,18.48221,2025-08-16 11:00:00
14.6,10.296056,2025-08-16 11:00:00
10.6,13.451832,2025-08-16 11:00:00
13.425,10.311175,2025-08-16 11:00:00
22.9,12.9802,2025-08-16 12:00:00
10.425,14.856534,2025-08-16 12:00:00
13.325,10.383339,2025-08-16 12:00:00
13.375,12.286983,2025-08-16 12:00:00
21.425,10.25946,2025-08-16 13:00:00
10.35,14.225148,2025-08-16 13:00:00
2.6,12.754434,2025-08-16 13:00:00
13.55,11.304137,2025-08-16 13:00:00
13.575,11.359242,2025-08-16 14:00:00
10.675,16.030575,2025-08-16 14:00:00
25.65,12.048522,2025-08-16 14:00:00
6.325,12.942823,2025-08-16 14:00:00
5.925,14.488451,2025-08-16 15:00:00
11.15,15.338026,2025-08-16 15:00:00
14.9,11.6802845,2025-08-16 15:00:00
1.1,16.631243,2025-08-16 15:00:00
5.125,15.370431,2025-08-16 16:00:00
15.225,11.718706,2025-08-16 16:00:00
4.866666666666667,24.234436,2025-08-16 16:00:00
10.75,15.812759,2025-08-16 16:00:00
14.975,11.7400675,2025-08-16 17:00:00
2.95,20.093737,2025-08-16 17:00:00
3.5,15.7178545,2025-08-16 17:00:00
10.6,13.953682,2025-08-16 17:00:00
20.8,21.254787,2025-08-16 18:00:00
2.6500000000000004,16.29616,2025-08-16 18:00:00
20.225,14.700376,2025-08-16 18:00:00
14.0,12.401094,2025-08-16 18:00:00
39.05,21.726593,2025-08-16 19:00:00
13.275,11.695797,2025-08-16 19:00:00
4.85,15.559366,2025-08-16 19:00:00
24.175,14.106195,2025-08-16 19:00:00
24.2,13.968183,2025-08-16 20:00:00
13.1,12.05757,2025-08-16 20:00:00
32.6,20.566448,2025-08-16 20:00:00
3.4,15.638423,2025-08-16 20:00:00
23.875,13.304153,2025-08-16 21:00:00
36.325,15.950569,2025-08-16 21:00:00
13.6,11.898037,2025-08-16 21:00:00
4.45,12.403354,2025-08-16 21:00:00
18.3,13.652296,2025-08-16 22:00:00
35.775,14.746435,2025-08-16 22:00:00
12.225,11.914481,2025-08-16 22:00:00
2.55,10.507846,2025-08-16 22:00:00
15.55,12.936219,2025-08-16 23:00:00
36.375,13.333049,2025-08-16 23:00:00
12.45,11.304565,2025-08-16 23:00:00
0.6,10.255735,2025-08-16 23:00:00
37.03333333333333,16.048115,2025-08-17 00:00:00
13.675,11.669649,2025-08-17 00:00:00
0.6,9.069376,2025-08-17 00:00:00
15.175,13.26971,2025-08-17 00:00:00
2.5,20.505667,2025-08-17 01:00:00
0.6,8.391792,2025-08-17 01:00:00
14.25,11.814092,2025-08-17 01:00:00
15.1,14.37886,2025-08-17 01:00:00
14.55,15.782765,2025-08-17 02:00:00
0.6,7.527672,2025-08-17 02:00:00
12.575,11.792301,2025-08-17 02:00:00
13.1,21.494562,2025-08-17 02:00:00
14.6,15.894152,2025-08-17 03:00:00
16.925,23.800169,2025-08-17 03:00:00
12.525,12.687775,2025-08-17 03:00:00
14.45,16.050924,2025-08-17 04:00:00
12.5,12.556305,2025-08-17 04:00:00
23.525,29.55896,2025-08-17 04:00:00
14.575,14.66869,2025-08-17 05:00:00
12.3,12.60909,2025-08-17 05:00:00
46.1,33.218758,2025-08-17 05:00:00
5.65,7.7217407,2025-08-17 05:00:00
17.875,14.147446,2025-08-17 06:00:00
12.3,7.22687,2025-08-17 06:00:00
12.55,13.233755,2025-08-17 06:00:00
41.05,33.56651,2025-08-17 06:00:00
19.475,13.380667,2025-08-17 07:00:00
35.75,24.955359,2025-08-17 07:00:00
13.375,12.799807,2025-08-17 07:00:00
11.95,6.254984,2025-08-17 07:00:00
37.325,17.781345,2025-08-17 08:00:00
11.7,7.2431865,2025-08-17 08:00:00
12.75,13.933623,2025-08-17 08:00:00
19.65,13.434358,2025-08-17 08:00:00
19.700000000000003,14.157444,2025-08-17 09:00:00
33.15,15.577887,2025-08-17 09:00:00
13.575,13.147475,2025-08-17 09:00:00
13.65,13.057417,2025-08-17 10:00:00
41.175,17.547136,2025-08-17 10:00:00
15.825,12.858064,2025-08-17 10:00:00
11.325,7.536133,2025-08-17 11:00:00
14.175,13.302979,2025-08-17 11:00:00
39.9,24.393543,2025-08-17 11:00:00
13.0,12.737495,2025-08-17 11:00:00
13.25,11.528928,2025-08-17 12:00:00
13.8,14.069008,2025-08-17 12:00:00
11.2,9.080502,2025-08-17 12:00:00
41.075,28.907082,2025-08-17 12:00:00
10.075,11.114391,2025-08-17 13:00:00
13.625,14.298834,2025-08-17 13:00:00
47.875,31.68418,2025-08-17 13:00:00
13.425,11.920299,2025-08-17 13:00:00
49.825,27.255877,2025-08-17 14:00:00
9.775,11.9401,2025-08-17 14:00:00
13.575,11.928775,2025-08-17 14:00:00
13.95,15.244299,2025-08-17 14:00:00
54.3,29.487394,2025-08-17 15:00:00
14.375,14.182464,2025-08-17 15:00:00
11.8,12.090855,2025-08-17 15:00:00
13.825,12.01677,2025-08-17 15:00:00
14.35,12.252132,2025-08-17 16:00:00
11.825,12.282633,2025-08-17 16:00:00
14.25,15.087934,2025-08-17 16:00:00
46.15,28.534586,2025-08-17 16:00:00
14.275,12.687215,2025-08-17 17:00:00
10.725,22.833334,2025-08-17 17:00:00
12.15,10.008896,2025-08-17 17:00:00
14.3,13.105978,2025-08-17 17:00:00
47.6,31.846565,2025-08-17 17:00:00
8.625,11.503352,2025-08-17 18:00:00
38.075,30.69068,2025-08-17 18:00:00
10.433333333333334,17.089018,2025-08-17 18:00:00
22.55,12.700366,2025-08-17 18:00:00
13.866666666666667,12.936809,2025-08-17 18:00:00
7.675,11.78146,2025-08-17 19:00:00
26.975,13.228621,2025-08-17 19:00:00
13.95,11.898713,2025-08-17 19:00:00
24.475,35.317036,2025-08-17 19:00:00
13.375,16.652224,2025-08-17 19:00:00
14.8,12.842141,2025-08-17 20:00:00
10.2,17.812489,2025-08-17 20:00:00
26.775,13.146756,2025-08-17 20:00:00
8.3,12.1916485,2025-08-17 20:00:00
14.35,37.597195,2025-08-17 20:00:00
26.775,13.23706,2025-08-17 21:00:00
15.15,13.1403265,2025-08-17 21:00:00
9.275,9.792434,2025-08-17 21:00:00
8.95,20.012154,2025-08-17 21:00:00
19.85,42.072598,2025-08-17 21:00:00
13.75,11.83977,2025-08-17 22:00:00
10.65,13.944181,2025-08-17 22:00:00
17.55,13.640526,2025-08-17 22:00:00
23.475,49.04891,2025-08-17 22:00:00
4.975,9.254025,2025-08-17 22:00:00
3.9,10.01487,2025-08-17 23:00:00
14.625,12.065703,2025-08-17 23:00:00
13.225,12.709156,2025-08-17 23:00:00
4.25,13.563961,2025-08-17 23:00:00
28.475,38.98452,2025-08-17 23:00:00
27.3,46.183746,2025-08-18 00:00:00
4.25,13.9282055,2025-08-18 00:00:00
3.575,8.732598,2025-08-18 00:00:00
14.7,11.790541,2025-08-18 00:00:00
12.975,13.389044,2025-08-18 00:00:00
15.025,11.726551,2025-08-18 01:00:00
3.725,8.860307,2025-08-18 01:00:00
13.2,14.7184925,2025-08-18 01:00:00
2.05,14.252023,2025-08-18 01:00:00
26.375,35.41028,2025-08-18 01:00:00
29.775,33.307087,2025-08-18 02:00:00
14.375,12.62201,2025-08-18 02:00:00
5.3,12.160965,2025-08-18 02:00:00
3.825,8.436064,2025-08-18 02:00:00
9.825,16.832825,2025-08-18 02:00:00
2.85,8.647487,2025-08-18 03:00:00
30.3,26.089067,2025-08-18 03:00:00
14.05,12.588287,2025-08-18 03:00:00
7.65,17.00391,2025-08-18 03:00:00
2.6,11.539205,2025-08-18 03:00:00
33.1,23.671118,2025-08-18 04:00:00
4.8,12.968635,2025-08-18 04:00:00
17.325,12.938668,2025-08-18 04:00:00
2.3,8.109763,2025-08-18 04:00:00
7.949999999999999,16.93103,2025-08-18 04:00:00
1.35,7.9483075,2025-08-18 05:00:00
8.35,16.550413,2025-08-18 05:00:00
3.9,13.729529,2025-08-18 05:00:00
14.1,13.287618,2025-08-18 05:00:00
28.15,25.572197,2025-08-18 05:00:00
3.9,10.227771,2025-08-18 06:00:00
39.725,27.591833,2025-08-18 06:00:00
15.6,14.749024,2025-08-18 06:00:00
14.0,13.541384,2025-08-18 06:00:00
0.775,7.471244,2025-08-18 06:00:00
0.45,7.8083334,2025-08-18 07:00:00
19.225,14.298402,2025-08-18 07:00:00
31.775,26.939949,2025-08-18 07:00:00
17.3,15.548544,2025-08-18 07:00:00
14.775,13.915524,2025-08-18 07:00:00
14.7,13.32424,2025-08-18 08:00:00
0.1,7.4238677,2025-08-18 08:00:00
24.325,25.827307,2025-08-18 08:00:00
15.2,12.954203,2025-08-18 08:00:00
18.8,12.9956875,2025-08-18 08:00:00
14.5,12.070471,2025-08-18 09:00:00
0.2,8.727915,2025-08-18 09:00:00
18.325,12.516508,2025-08-18 09:00:00
14.45,12.893965,2025-08-18 09:00:00
25.65,27.45014,2025-08-18 09:00:00
12.575,11.783643,2025-08-18 10:00:00
27.5,24.585745,2025-08-18 10:00:00
0.2,8.134614,2025-08-18 10:00:00
14.0,13.33215,2025-08-18 10:00:00
14.475,13.943637,2025-08-18 10:00:00
40.3,24.267576,2025-08-18 11:00:00
14.0,12.417492,2025-08-18 11:00:00
0.2,7.6231017,2025-08-18 11:00:00
14.0,13.0661,2025-08-18 11:00:00
9.675,11.444446,2025-08-18 11:00:00
14.125,13.066922,2025-08-18 12:00:00
33.175,29.398453,2025-08-18 12:00:00
14.0,12.936473,2025-08-18 12:00:00
9.375,11.042814,2025-08-18 12:00:00
0.2,6.0460443,2025-08-18 12:00:00
0.7,7.068375,2025-08-18 13:00:00
14.0,15.947094,2025-08-18 13:00:00
32.8,29.546066,2025-08-18 13:00:00
8.525,12.213757,2025-08-18 13:00:00
14.575,12.474723,2025-08-18 13:00:00
14.55,12.444894,2025-08-18 14:00:00
0.7,8.318825,2025-08-18 14:00:00
32.2,29.375706,2025-08-18 14:00:00
18.0,13.523379,2025-08-18 14:00:00
22.55,14.068346,2025-08-18 15:00:00
0.725,10.400238,2025-08-18 15:00:00
11.2,13.1332035,2025-08-18 15:00:00
15.3,12.795845,2025-08-18 15:00:00
34.125,30.668495,2025-08-18 15:00:00
14.4,11.589125,2025-08-18 16:00:00
15.525,13.00269,2025-08-18 16:00:00
1.9,9.900825,2025-08-18 16:00:00
22.05,13.994419,2025-08-18 16:00:00
36.775,28.347208,2025-08-18 16:00:00
21.666666666666668,13.073319,2025-08-18 17:00:00
14.4,10.635532,2025-08-18 17:00:00
15.075,12.8857975,2025-08-18 17:00:00
1.95,9.344585,2025-08-18 17:00:00
25.5,32.821857,2025-08-18 17:00:00
14.4,15.9003315,2025-08-18 18:00:00
12.775,9.815972,2025-08-18 18:00:00
20.125,31.114162,2025-08-18 18:00:00
19.325,13.899894,2025-08-18 18:00:00
14.1,13.644601,2025-08-18 18:00:00
13.5,13.213547,2025-08-18 19:00:00
14.4,13.341814,2025-08-18 19:00:00
18.125,12.186739,2025-08-18 19:00:00
14.7,29.707447,2025-08-18 19:00:00
13.175,9.127512,2025-08-18 19:00:00
12.9,13.711498,2025-08-18 20:00:00
17.875,11.937048,2025-08-18 20:00:00
24.15,33.177856,2025-08-18 20:00:00
13.8,9.411686,2025-08-18 20:00:00
14.95,7.4388747,2025-08-18 21:00:00
29.975,34.375107,2025-08-18 21:00:00
17.55,12.80388,2025-08-18 21:00:00
14.225,13.355362,2025-08-18 21:00:00
14.4,20.309603,2025-08-18 21:00:00
13.2,12.935841,2025-08-18 22:00:00
14.4,15.809938,2025-08-18 22:00:00
12.725,6.577921,2025-08-18 22:00:00
33.65,33.187946,2025-08-18 22:00:00
17.55,13.2945595,2025-08-18 22:00:00
34.775,29.448912,2025-08-18 23:00:00
12.65,5.8646917,2025-08-18 23:00:00
14.4,15.56024,2025-08-18 23:00:00
13.4,14.217753,2025-08-18 23:00:00
17.2,12.67007,2025-08-18 23:00:00
14.4,11.346847,2025-08-19 00:00:00
32.55,25.540709,2025-08-19 00:00:00
17.05,13.173173,2025-08-19 00:00:00
12.3,5.513464,2025-08-19 00:00:00
14.5,12.4218,2025-08-19 00:00:00
31.6,22.27153,2025-08-19 01:00:00
14.85,12.745913,2025-08-19 01:00:00
14.4,12.877601,2025-08-19 01:00:00
17.125,12.444273,2025-08-19 01:00:00
11.55,8.3343115,2025-08-19 01:00:00
20.0,23.386065,2025-08-19 02:00:00
21.4,13.132155,2025-08-19 02:00:00
14.675,13.185097,2025-08-19 02:00:00
12.375,11.469809,2025-08-19 02:00:00
14.4,14.471402,2025-08-19 02:00:00
14.025,12.520778,2025-08-19 03:00:00
16.4,28.00798,2025-08-19 03:00:00
11.9,9.46121,2025-08-19 03:00:00
14.4,11.717655,2025-08-19 03:00:00
22.075,13.1528,2025-08-19 03:00:00
9.966666666666669,10.662563,2025-08-19 04:00:00
13.8,13.085973,2025-08-19 04:00:00
21.05,13.369323,2025-08-19 04:00:00
13.7,13.2808895,2025-08-19 04:00:00
9.7,26.451735,2025-08-19 04:00:00
21.125,12.665101,2025-08-19 05:00:00
13.4,13.11384,2025-08-19 05:00:00
9.966666666666669,10.107118,2025-08-19 05:00:00
9.65,29.093182,2025-08-19 05:00:00
13.25,13.379802,2025-08-19 05:00:00
21.425,29.158524,2025-08-19 06:00:00
19.2,14.669851,2025-08-19 06:00:00
13.25,13.909728,2025-08-19 06:00:00
56.3,9.434225,2025-08-19 06:00:00
13.25,13.6400385,2025-08-19 06:00:00
36.175,27.98314,2025-08-19 07:00:00
13.25,14.951519,2025-08-19 07:00:00
10.8,9.428216,2025-08-19 07:00:00
12.675,14.014144,2025-08-19 07:00:00
18.675,14.018261,2025-08-19 07:00:00
14.05,14.413465,2025-08-19 08:00:00
6.35,9.965382,2025-08-19 08:00:00
13.25,11.978776,2025-08-19 08:00:00
20.075000000000003,14.3047495,2025-08-19 08:00:00
34.525,24.55646,2025-08-19 08:00:00
14.575,12.39675,2025-08-19 09:00:00
4.85,10.1169195,2025-08-19 09:00:00
20.6,15.284271,2025-08-19 09:00:00
35.175,26.376793,2025-08-19 09:00:00
33.625,18.00591,2025-08-19 10:00:00
18.025,15.837954,2025-08-19 10:00:00
13.875,12.163299,2025-08-19 10:00:00
5.525,9.877513,2025-08-19 10:00:00
16.125,15.504508,2025-08-19 11:00:00
13.85,11.763771,2025-08-19 11:00:00
5.7,9.042217,2025-08-19 11:00:00
33.275,16.02981,2025-08-19 11:00:00
6.3,15.165538,2025-08-19 12:00:00
13.65,12.955679,2025-08-19 12:00:00
30.05,15.425515,2025-08-19 12:00:00
15.65,15.616437,2025-08-19 12:00:00
15.475,15.536099,2025-08-19 13:00:00
26.375,24.776346,2025-08-19 13:00:00
14.933333333333332,12.596678,2025-08-19 13:00:00
14.1,12.459136,2025-08-19 13:00:00
5.9,14.321922,2025-08-19 13:00:00
21.375,14.847279,2025-08-19 14:00:00
13.675,12.347921,2025-08-19 14:00:00
5.075,17.630705,2025-08-19 14:00:00
13.175,16.97476,2025-08-19 14:00:00
12.375,30.231894,2025-08-19 14:00:00
5.4,14.964904,2025-08-19 15:00:00
14.05,12.757727,2025-08-19 15:00:00
17.275,29.505487,2025-08-19 15:00:00
11.75,15.537601,2025-08-19 15:00:00
14.6,12.608648,2025-08-19 16:00:00
6.6,14.286436,2025-08-19 16:00:00
26.625,28.93031,2025-08-19 16:00:00
11.85,14.588421,2025-08-19 16:00:00
14.6,12.418682,2025-08-19 17:00:00
7.75,13.990268,2025-08-19 17:00:00
33.7,28.516197,2025-08-19 17:00:00
11.9,13.4710045,2025-08-19 17:00:00
14.375,16.145306,2025-08-19 18:00:00
41.8,28.601484,2025-08-19 18:00:00
18.875,14.767421,2025-08-19 18:00:00
14.766666666666666,12.462013,2025-08-19 18:00:00
14.125,15.364327,2025-08-19 19:00:00
21.975,14.5962515,2025-08-19 19:00:00
1.2000000000000002,25.569452,2025-08-19 19:00:00
41.9,27.671381,2025-08-19 19:00:00
14.475,12.470141,2025-08-19 19:00:00
13.7,12.984983,2025-08-19 20:00:00
14.3,13.025314,2025-08-19 20:00:00
34.55,25.071817,2025-08-19 20:00:00
21.525,12.774322,2025-08-19 20:00:00
1.2000000000000002,24.069775,2025-08-19 20:00:00
21.525,13.743132,2025-08-19 21:00:00
16.825,24.757666,2025-08-19 21:00:00
14.025,12.498138,2025-08-19 21:00:00
15.15,12.234703,2025-08-19 21:00:00
1.2000000000000002,28.800907,2025-08-19 21:00:00
13.85,12.671557,2025-08-19 22:00:00
15.325,20.945631,2025-08-19 22:00:00
14.05,11.003188,2025-08-19 22:00:00
11.925,14.136148,2025-08-19 22:00:00
2.4,20.308254,2025-08-19 22:00:00
1.3,16.792767,2025-08-19 23:00:00
6.925,13.258873,2025-08-19 23:00:00
13.325,12.116556,2025-08-19 23:00:00
13.175,10.860843,2025-08-19 23:00:00
17.425,24.714325,2025-08-19 23:00:00
12.025,7.589063,2025-08-20 00:00:00
18.575,26.919794,2025-08-20 00:00:00
1.3,16.161758,2025-08-20 00:00:00
6.875,13.240755,2025-08-20 00:00:00
14.275,12.197777,2025-08-20 00:00:00
6.875,14.708476,2025-08-20 01:00:00
1.3,15.0004225,2025-08-20 01:00:00
17.35,29.624952,2025-08-20 01:00:00
14.875,12.42794,2025-08-20 01:00:00
12.225,10.318072,2025-08-20 01:00:00
1.3,14.975664,2025-08-20 02:00:00
24.3,14.958885,2025-08-20 02:00:00
14.0,12.973976,2025-08-20 02:00:00
26.35,35.27243,2025-08-20 02:00:00
11.975,9.896354,2025-08-20 02:00:00
11.625,10.755556,2025-08-20 03:00:00
34.025000000000006,33.070385,2025-08-20 03:00:00
13.525,12.824481,2025-08-20 03:00:00
32.85,15.397069,2025-08-20 03:00:00
11.25,10.905153,2025-08-20 04:00:00
34.4,26.782423,2025-08-20 04:00:00
13.4,13.082129,2025-08-20 04:00:00
33.125,16.014744,2025-08-20 04:00:00
36.45,21.068552,2025-08-20 05:00:00
32.825,15.01369,2025-08-20 05:00:00
13.05,13.328635,2025-08-20 05:00:00
10.85,10.313861,2025-08-20 05:00:00
13.625,14.092937,2025-08-20 06:00:00
36.45,19.28602,2025-08-20 06:00:00
10.725,10.307446,2025-08-20 06:00:00
20.225,14.740023,2025-08-20 06:00:00
10.9,10.78431,2025-08-20 07:00:00
36.45,18.373415,2025-08-20 07:00:00
13.375,11.325144,2025-08-20 07:00:00
12.8,13.366081,2025-08-20 07:00:00
36.45,20.68728,2025-08-20 08:00:00
13.3,14.463997,2025-08-20 08:00:00
12.55,13.1570425,2025-08-20 08:00:00
10.45,10.462482,2025-08-20 08:00:00
13.575,12.305967,2025-08-20 09:00:00
10.9,10.7423,2025-08-20 09:00:00
13.575,16.309118,2025-08-20 09:00:00
24.625,18.654768,2025-08-20 10:00:00
13.65,12.622402,2025-08-20 10:00:00
10.175,10.9167795,2025-08-20 10:00:00
9.375,10.605033,2025-08-20 11:00:00
13.775,12.351747,2025-08-20 11:00:00
29.6,22.623554,2025-08-20 11:00:00
9.85,8.799594,2025-08-20 12:00:00
38.4,29.165546,2025-08-20 12:00:00
29.7,23.350552,2025-08-20 12:00:00
13.975,12.239191,2025-08-20 12:00:00
11.1,10.499327,2025-08-20 13:00:00
29.35,20.529621,2025-08-20 13:00:00
38.4,30.496807,2025-08-20 13:00:00
14.575,12.4668665,2025-08-20 13:00:00
12.15,10.972638,2025-08-20 14:00:00
38.4,31.634672,2025-08-20 14:00:00
13.975,12.757954,2025-08-20 14:00:00
18.4,16.104095,2025-08-20 14:00:00
12.95,13.376236,2025-08-20 15:00:00
13.925,12.280698,2025-08-20 15:00:00
6.45,16.752876,2025-08-20 15:00:00
12.175,12.047862,2025-08-20 15:00:00
13.85,12.3325,2025-08-20 16:00:00
5.675000000000001,13.254644,2025-08-20 16:00:00
11.3,11.645528,2025-08-20 16:00:00
12.475,13.987048,2025-08-20 16:00:00
12.2,11.9518585,2025-08-20 17:00:00
13.35,11.7395115,2025-08-20 17:00:00
5.65,13.2901,2025-08-20 17:00:00
12.166666666666666,15.872283,2025-08-20 17:00:00
3.866666666666666,15.528038,2025-08-20 18:00:00
11.7,12.042471,2025-08-20 18:00:00
18.65,15.143326,2025-08-20 18:00:00
15.0,12.250295,2025-08-20 18:00:00
3.075,14.635028,2025-08-20 19:00:00
10.475,12.692716,2025-08-20 19:00:00
20.925,16.259676,2025-08-20 19:00:00
15.975,13.056673,2025-08-20 19:00:00
15.7,14.7161665,2025-08-20 20:00:00
20.8,16.418043,2025-08-20 20:00:00
2.1,16.984205,2025-08-20 20:00:00
9.9,12.498294,2025-08-20 20:00:00
20.45,15.43808,2025-08-20 21:00:00
3.6,17.581053,2025-08-20 21:00:00
17.125,14.48202,2025-08-20 21:00:00
22.9,12.262869,2025-08-20 21:00:00
20.225,13.838856,2025-08-20 22:00:00
15.6,12.238099,2025-08-20 22:00:00
13.225,11.985826,2025-08-20 22:00:00
4.875,14.8443365,2025-08-20 22:00:00
19.475,12.825333,2025-08-20 23:00:00
4.875,14.519334,2025-08-20 23:00:00
10.45,12.584179,2025-08-20 23:00:00
15.175,11.872395,2025-08-20 23:00:00
10.875,11.761798,2025-08-21 00:00:00
15.325,10.889203,2025-08-21 00:00:00
5.5,8.577692,2025-08-21 00:00:00
18.925,14.982323,2025-08-21 00:00:00
15.175,11.8081665,2025-08-21 01:00:00
5.5,9.227608,2025-08-21 01:00:00
11.275,11.51227,2025-08-21 01:00:00
18.65,15.853088,2025-08-21 01:00:00
5.5,8.362659,2025-08-21 02:00:00
15.375,17.929283,2025-08-21 02:00:00
16.35,14.364722,2025-08-21 02:00:00
10.4,11.589045,2025-08-21 02:00:00
13.9,19.857859,2025-08-21 03:00:00
16.025,13.942834,2025-08-21 03:00:00
11.55,12.352549,2025-08-21 03:00:00
5.5,8.645187,2025-08-21 03:00:00
10.6,13.523714,2025-08-21 04:00:00
15.575,13.881675,2025-08-21 04:00:00
13.9,19.076061,2025-08-21 04:00:00
14.85,13.67985,2025-08-21 05:00:00
12.45,14.037075,2025-08-21 05:00:00
14.125,18.43347,2025-08-21 05:00:00
13.725,20.374681,2025-08-21 06:00:00
14.625,13.996574,2025-08-21 06:00:00
12.15,13.666741,2025-08-21 06:00:00
11.3,12.255806,2025-08-21 07:00:00
14.325,14.018277,2025-08-21 07:00:00
4.0,8.381873,2025-08-21 07:00:00
13.525,20.224926,2025-08-21 07:00:00
14.25,13.887228,2025-08-21 08:00:00
5.25,12.042944,2025-08-21 08:00:00
3.2,9.997384,2025-08-21 08:00:00
13.375,17.237347,2025-08-21 08:00:00
1.4500000000000002,11.805187,2025-08-21 09:00:00
13.525,13.213545,2025-08-21 09:00:00
25.1,9.562116,2025-08-21 09:00:00
14.85,14.205547,2025-08-21 09:00:00
14.975,14.154505,2025-08-21 10:00:00
10.975,12.920467,2025-08-21 10:00:00
1.9250000000000005,11.725337,2025-08-21 10:00:00
9.275,12.103306,2025-08-21 11:00:00
5.1,11.6640625,2025-08-21 11:00:00
14.725,13.761795,2025-08-21 11:00:00
14.775,13.600125,2025-08-21 12:00:00
10.2,12.258492,2025-08-21 12:00:00
9.525,13.870609,2025-08-21 12:00:00
14.375,14.084342,2025-08-21 13:00:00
9.6,14.050619,2025-08-21 13:00:00
65.525,11.188359,2025-08-21 13:00:00
8.825,12.46443,2025-08-21 13:00:00
16.575,14.841173,2025-08-21 14:00:00
91.675,8.70216,2025-08-21 14:00:00
8.7,10.738937,2025-08-21 14:00:00
12.575,14.2873745,2025-08-21 14:00:00
18.15,16.212896,2025-08-21 15:00:00
79.225,12.015288,2025-08-21 15:00:00
14.0,13.874426,2025-08-21 15:00:00
8.025,7.9489307,2025-08-21 15:00:00
86.775,15.975856,2025-08-21 16:00:00
19.375,16.944998,2025-08-21 16:00:00
14.25,13.891701,2025-08-21 16:00:00
9.775,7.622143,2025-08-21 16:00:00
101.5,15.684123,2025-08-21 17:00:00
19.725,16.782408,2025-08-21 17:00:00
10.325,9.2140045,2025-08-21 17:00:00
14.0,12.548054,2025-08-21 17:00:00
101.5,19.80985,2025-08-21 18:00:00
9.233333333333333,10.273351,2025-08-21 18:00:00
19.65,11.482603,2025-08-21 18:00:00
16.875,17.250538,2025-08-21 18:00:00
17.049999999999997,18.958208,2025-08-21 19:00:00
7.125,12.944144,2025-08-21 19:00:00
101.5,32.97829,2025-08-21 19:00:00
22.425,11.758799,2025-08-21 19:00:00
22.175,12.301251,2025-08-21 20:00:00
17.45,20.361065,2025-08-21 20:00:00
101.5,47.444683,2025-08-21 20:00:00
7.4,10.557358,2025-08-21 20:00:00
17.8,18.084383,2025-08-21 21:00:00
21.775,12.290739,2025-08-21 21:00:00
10.175,10.561827,2025-08-21 21:00:00
17.925,15.389748,2025-08-21 22:00:00
7.7,9.302878,2025-08-21 22:00:00
21.1,11.886012,2025-08-21 22:00:00
21.1,11.909217,2025-08-21 23:00:00
7.3,9.666308,2025-08-21 23:00:00
17.75,15.203246,2025-08-21 23:00:00
9.125,8.611116,2025-08-22 00:00:00
20.9,11.909195,2025-08-22 00:00:00
17.375,13.830896,2025-08-22 00:00:00
8.7,8.555711,2025-08-22 01:00:00
20.775,12.865132,2025-08-22 01:00:00
17.0,14.398007,2025-08-22 01:00:00
8.9,8.61558,2025-08-22 02:00:00
17.15,14.724168,2025-08-22 02:00:00
25.275,13.436005,2025-08-22 02:00:00
16.05,14.733318,2025-08-22 03:00:00
28.425,15.920585,2025-08-22 03:00:00
8.6,8.651182,2025-08-22 03:00:00
33.375,14.13046,2025-08-22 04:00:00
14.55,14.4519205,2025-08-22 04:00:00
7.275,8.37295,2025-08-22 04:00:00
13.575,13.840957,2025-08-22 05:00:00
7.275,8.926393,2025-08-22 05:00:00
55.775,14.828687,2025-08-22 05:00:00
59.2,14.235295,2025-08-22 06:00:00
13.05,14.672772,2025-08-22 06:00:00
6.75,8.302187,2025-08-22 06:00:00
6.725,9.359394,2025-08-22 07:00:00
20.9,14.035285,2025-08-22 07:00:00
11.85,17.149765,2025-08-22 07:00:00
11.0,16.85813,2025-08-22 08:00:00
8.1,8.249508,2025-08-22 08:00:00
21.6,13.731848,2025-08-22 08:00:00
8.775,8.292564,2025-08-22 09:00:00
22.975,15.747182,2025-08-22 09:00:00
11.5,12.775454,2025-08-22 09:00:00
16.75,12.446387,2025-08-22 10:00:00
19.525,17.549576,2025-08-22 10:00:00
8.2,8.272739,2025-08-22 10:00:00
7.65,7.589064,2025-08-22 11:00:00
18.425,20.817047,2025-08-22 11:00:00
16.85,13.920503,2025-08-22 11:00:00
17.7,14.741306,2025-08-22 12:00:00
17.85,28.381523,2025-08-22 12:00:00
7.575,7.6091533,2025-08-22 12:00:00
17.55,15.364937,2025-08-22 13:00:00
17.35,28.47539,2025-08-22 13:00:00
7.55,8.242677,2025-08-22 13:00:00
18.4,14.9166355,2025-08-22 14:00:00
10.275,20.260872,2025-08-22 14:00:00
7.425,7.3651648,2025-08-22 14:00:00
7.75,19.609251,2025-08-22 15:00:00
20.175,16.392197,2025-08-22 15:00:00
6.5,8.145993,2025-08-22 15:00:00
75.7,48.233067,2025-08-22 16:00:00
7.324999999999999,8.591788,2025-08-22 16:00:00
7.15,18.42036,2025-08-22 16:00:00
20.375,17.68266,2025-08-22 16:00:00
20.85,18.29244,2025-08-22 17:00:00
8.05,8.691763,2025-08-22 17:00:00
6.366666666666667,19.193874,2025-08-22 17:00:00
50.3,51.929337,2025-08-22 17:00:00
67.5,44.3462,2025-08-22 18:00:00
17.65,17.31912,2025-08-22 18:00:00
6.966666666666666,8.411641,2025-08-22 18:00:00
4.325,15.746434,2025-08-22 18:00:00
16.65,19.45706,2025-08-22 19:00:00
72.03333333333333,76.21971,2025-08-22 19:00:00
3.675,19.322186,2025-08-22 19:00:00
6.525,8.334068,2025-08-22 19:00:00
6.8,8.061504,2025-08-22 20:00:00
1.875,17.054636,2025-08-22 20:00:00
72.03333333333333,71.829926,2025-08-22 20:00:00
16.7,20.407362,2025-08-22 20:00:00
17.825,18.176136,2025-08-22 21:00:00
32.1,56.11927,2025-08-22 21:00:00
6.449999999999999,7.777529,2025-08-22 21:00:00
0.55,18.530195,2025-08-22 21:00:00
6.824999999999999,15.468481,2025-08-22 22:00:00
4.65,7.2306857,2025-08-22 22:00:00
14.375,15.268309,2025-08-22 22:00:00
93.13333333333333,53.882534,2025-08-22 22:00:00
9.6,14.411678,2025-08-22 23:00:00
13.875,15.215874,2025-08-22 23:00:00
4.5,7.4757566,2025-08-22 23:00:00
124.9,62.993496,2025-08-22 23:00:00
138.55,52.408497,2025-08-23 00:00:00
13.375,15.366948,2025-08-23 00:00:00
9.475,13.84368,2025-08-23 00:00:00
4.75,7.010924,2025-08-23 00:00:00
10.075,12.923267,2025-08-23 01:00:00
5.35,6.735654,2025-08-23 01:00:00
119.40000000000002,59.824684,2025-08-23 01:00:00
13.95,14.700061,2025-08-23 01:00:00
13.1,14.405735,2025-08-23 02:00:00
5.775,6.645736,2025-08-23 02:00:00
6.15,12.286063,2025-08-23 02:00:00
117.0,57.44354,2025-08-23 02:00:00
6.025,6.506927,2025-08-23 03:00:00
137.8,60.969555,2025-08-23 03:00:00
13.55,15.3600235,2025-08-23 03:00:00
5.175,11.914661,2025-08-23 03:00:00
6.6,8.251234,2025-08-23 04:00:00
137.4,65.98138,2025-08-23 04:00:00
13.525,14.940726,2025-08-23 04:00:00
5.75,12.466274,2025-08-23 04:00:00
6.35,12.256551,2025-08-23 05:00:00
5.9,6.947424,2025-08-23 05:00:00
137.4,93.45415,2025-08-23 05:00:00
12.575,13.910278,2025-08-23 05:00:00
4.45,14.571151,2025-08-23 06:00:00
57.65,94.74532,2025-08-23 06:00:00
2.6,10.379106,2025-08-23 06:00:00
12.75,12.899054,2025-08-23 06:00:00
2.675,13.636072,2025-08-23 07:00:00
13.2,13.753054,2025-08-23 07:00:00
19.266666666666666,93.59111,2025-08-23 07:00:00
2.6,11.026363,2025-08-23 07:00:00
3.1,15.749985,2025-08-23 08:00:00
57.0,85.07179,2025-08-23 08:00:00
12.45,15.659043,2025-08-23 08:00:00
2.6,7.384194,2025-08-23 08:00:00
4.975,10.906505,2025-08-23 09:00:00
2.6,6.99593,2025-08-23 09:00:00
11.875,13.167905,2025-08-23 09:00:00
77.63333333333334,77.55502,2025-08-23 09:00:00
85.325,55.311497,2025-08-23 10:00:00
11.525,13.240957,2025-08-23 10:00:00
16.0,8.415398,2025-08-23 10:00:00
2.6,6.9932957,2025-08-23 10:00:00
2.6,7.940647,2025-08-23 11:00:00
12.325,13.915978,2025-08-23 11:00:00
14.575,37.56391,2025-08-23 11:00:00
41.1,75.46367,2025-08-23 11:00:00
22.8,7.3330207,2025-08-23 11:00:00
2.6,6.166364,2025-08-23 12:00:00
23.95,9.12359,2025-08-23 12:00:00
12.3,17.323496,2025-08-23 12:00:00
67.45,69.00036,2025-08-23 12:00:00
40.4,33.232353,2025-08-23 12:00:00
12.425,14.425912,2025-08-23 13:00:00
67.45,56.812103,2025-08-23 13:00:00
2.6,5.9243994,2025-08-23 13:00:00
25.2,9.579873,2025-08-23 13:00:00
47.25,28.11331,2025-08-23 13:00:00
52.425,26.407852,2025-08-23 14:00:00
11.9,14.912323,2025-08-23 14:00:00
67.45,54.44483,2025-08-23 14:00:00
2.566666666666667,5.8873286,2025-08-23 14:00:00
10.0,8.898977,2025-08-23 14:00:00
54.8,23.121681,2025-08-23 15:00:00
67.45,53.167686,2025-08-23 15:00:00
1.975,5.7390013,2025-08-23 15:00:00
4.4,7.301646,2025-08-23 15:00:00
12.425,16.531292,2025-08-23 15:00:00
1.725,5.6788507,2025-08-23 16:00:00
13.975,18.68249,2025-08-23 16:00:00
58.65,20.966454,2025-08-23 16:00:00
8.15,9.98507,2025-08-23 16:00:00
1.525,4.4634395,2025-08-23 17:00:00
14.675,18.400497,2025-08-23 17:00:00
59.125,20.95931,2025-08-23 17:00:00
9.0,14.194938,2025-08-23 17:00:00
9.85,17.542364,2025-08-23 18:00:00
2.5666666666666664,4.849458,2025-08-23 18:00:00
11.9,60.990383,2025-08-23 18:00:00
43.175,25.142292,2025-08-23 18:00:00
14.475,16.252188,2025-08-23 18:00:00
2.825,4.9817624,2025-08-23 19:00:00
14.15,16.43761,2025-08-23 19:00:00
64.2,74.681496,2025-08-23 19:00:00
20.525,28.530756,2025-08-23 19:00:00
10.325,13.410923,2025-08-23 19:00:00
14.75,16.084818,2025-08-23 20:00:00
87.2,79.80513,2025-08-23 20:00:00
23.875,38.78399,2025-08-23 20:00:00
8.525,13.613389,2025-08-23 20:00:00
2.8,4.5996985,2025-08-23 20:00:00
7.975,11.597479,2025-08-23 21:00:00
87.2,80.39476,2025-08-23 21:00:00
23.4,41.298534,2025-08-23 21:00:00
16.475,15.374139,2025-08-23 21:00:00
2.525,4.3921337,2025-08-23 21:00:00
14.825,13.364263,2025-08-23 22:00:00
2.5,3.9875162,2025-08-23 22:00:00
24.35,49.79297,2025-08-23 22:00:00
6.125,9.494777,2025-08-23 22:00:00
24.875,48.30063,2025-08-23 23:00:00
2.5,3.6384184,2025-08-23 23:00:00
5.025,8.310885,2025-08-23 23:00:00
13.6,12.463711,2025-08-23 23:00:00
14.075,12.171923,2025-08-24 00:00:00
26.225,57.503143,2025-08-24 00:00:00
2.5,3.3593936,2025-08-24 00:00:00
4.45,8.469814,2025-08-24 00:00:00
5.675,9.337417,2025-08-24 01:00:00
29.85,46.88921,2025-08-24 01:00:00
14.425,12.878645,2025-08-24 01:00:00
2.5,3.0280628,2025-08-24 01:00:00
15.8,10.274311,2025-08-24 02:00:00
14.075,13.188948,2025-08-24 02:00:00
39.0,28.761003,2025-08-24 02:00:00
37.65,30.123667,2025-08-24 03:00:00
19.825,9.99616,2025-08-24 03:00:00
13.85,12.641159,2025-08-24 03:00:00
105.16666666666669,103.18203,2025-08-24 03:00:00
12.95,13.787277,2025-08-24 04:00:00
17.425,10.502199,2025-08-24 04:00:00
35.775,29.027283,2025-08-24 04:00:00
79.85,102.180374,2025-08-24 04:00:00
95.06666666666666,109.0465,2025-08-24 05:00:00
28.45,25.223623,2025-08-24 05:00:00
11.925,12.302795,2025-08-24 05:00:00
13.8,10.094739,2025-08-24 05:00:00
9.2,9.521412,2025-08-24 06:00:00
2.6,3.4039836,2025-08-24 06:00:00
28.35,22.300146,2025-08-24 06:00:00
11.5,12.450365,2025-08-24 06:00:00
8.775,8.808255,2025-08-24 07:00:00
2.6666666666666665,2.1857345,2025-08-24 07:00:00
11.625,12.301639,2025-08-24 07:00:00
21.65,23.407452,2025-08-24 07:00:00
20.5,29.041082,2025-08-24 08:00:00
11.375,13.109876,2025-08-24 08:00:00
8.775,10.87464,2025-08-24 08:00:00
16.35,28.30073,2025-08-24 09:00:00
13.8,53.388096,2025-08-24 09:00:00
11.625,13.0434265,2025-08-24 09:00:00
8.95,12.446884,2025-08-24 09:00:00
10.55,13.378842,2025-08-24 10:00:00
20.525,25.56341,2025-08-24 10:00:00
13.8,64.74074,2025-08-24 10:00:00
15.35,13.289797,2025-08-24 10:00:00
13.875,58.778816,2025-08-24 11:00:00
19.525,14.244928,2025-08-24 11:00:00
10.825,13.184859,2025-08-24 11:00:00
31.525,26.52813,2025-08-24 11:00:00
11.675,12.917714,2025-08-24 12:00:00
13.85,60.72583,2025-08-24 12:00:00
20.875,12.062155,2025-08-24 12:00:00
2.975,2.7972202,2025-08-24 12:00:00
35.1,28.744007,2025-08-24 12:00:00
22.175,11.546496,2025-08-24 13:00:00
13.9,67.78805,2025-08-24 13:00:00
28.5,30.273172,2025-08-24 13:00:00
12.4,13.429741,2025-08-24 13:00:00
2.9,3.311089,2025-08-24 13:00:00
12.175,12.592533,2025-08-24 14:00:00
7.75,10.684975,2025-08-24 14:00:00
2.9,4.89707,2025-08-24 14:00:00
13.9,63.125786,2025-08-24 14:00:00
21.925,33.22243,2025-08-24 14:00:00
2.9,4.7329874,2025-08-24 15:00:00
0.625,10.421337,2025-08-24 15:00:00
18.925,27.457806,2025-08-24 15:00:00
13.9,52.124187,2025-08-24 15:00:00
12.775,13.85783,2025-08-24 15:00:00
0.95,12.343659,2025-08-24 16:00:00
21.725,28.236177,2025-08-24 16:00:00
13.9,22.922716,2025-08-24 16:00:00
2.95,4.7640815,2025-08-24 16:00:00
13.2,14.124589,2025-08-24 16:00:00
24.75,29.939995,2025-08-24 17:00:00
12.775,14.408065,2025-08-24 17:00:00
3.125,4.985528,2025-08-24 17:00:00
0.9666666666666668,11.573794,2025-08-24 17:00:00
13.9,35.847355,2025-08-24 17:00:00
3.233333333333333,5.7376094,2025-08-24 18:00:00
12.0,35.198475,2025-08-24 18:00:00
14.125,15.067119,2025-08-24 18:00:00
31.575,29.225132,2025-08-24 18:00:00
11.025,12.267373,2025-08-24 18:00:00
13.85,15.744649,2025-08-24 19:00:00
32.25,32.0479,2025-08-24 19:00:00
16.625,11.733049,2025-08-24 19:00:00
2.95,6.116735,2025-08-24 19:00:00
12.0,40.274597,2025-08-24 19:00:00
34.525000000000006,30.11008,2025-08-24 20:00:00
14.25,15.662013,2025-08-24 20:00:00
2.9,6.684908,2025-08-24 20:00:00
15.8,12.39101,2025-08-24 20:00:00
12.0,47.68886,2025-08-24 20:00:00
12.0,49.522232,2025-08-24 21:00:00
2.8,7.1539083,2025-08-24 21:00:00
15.7,15.358266,2025-08-24 21:00:00
30.975,30.417974,2025-08-24 21:00:00
15.6,11.963542,2025-08-24 21:00:00
14.2,13.562951,2025-08-24 22:00:00
15.0,10.103519,2025-08-24 22:00:00
22.9,21.438868,2025-08-24 22:00:00
2.825,6.594159,2025-08-24 22:00:00
12.0,47.50474,2025-08-24 22:00:00
21.35,24.371342,2025-08-24 23:00:00
15.5,9.228391,2025-08-24 23:00:00
13.125,13.340261,2025-08-24 23:00:00
2.95,7.5504303,2025-08-24 23:00:00
12.0,47.769264,2025-08-24 23:00:00
13.05,12.78915,2025-08-25 00:00:00
12.0,50.415817,2025-08-25 00:00:00
15.325,11.032552,2025-08-25 00:00:00
3.025,6.0932364,2025-08-25 00:00:00
17.85,25.65697,2025-08-25 00:00:00
21.3,28.81212,2025-08-25 01:00:00
12.25,12.188798,2025-08-25 01:00:00
12.0,27.841055,2025-08-25 01:00:00
16.775,11.871617,2025-08-25 01:00:00
3.075,5.467618,2025-08-25 01:00:00
29.475,30.35137,2025-08-25 02:00:00
13.425,12.63806,2025-08-25 02:00:00
14.35,12.052776,2025-08-25 02:00:00
3.225,6.812948,2025-08-25 02:00:00
12.0,28.449022,2025-08-25 02:00:00
31.45,29.889603,2025-08-25 03:00:00
13.75,12.209267,2025-08-25 03:00:00
2.925,5.9365473,2025-08-25 03:00:00
12.975,12.661996,2025-08-25 03:00:00
12.0,28.824184,2025-08-25 03:00:00
12.075,26.182432,2025-08-25 04:00:00
2.9,16.705658,2025-08-25 04:00:00
13.8,12.821823,2025-08-25 04:00:00
14.85,12.409303,2025-08-25 04:00:00
32.05,30.632706,2025-08-25 04:00:00
12.1,24.802353,2025-08-25 05:00:00
13.475,12.0939455,2025-08-25 05:00:00
34.225,27.85483,2025-08-25 05:00:00
19.05,13.584469,2025-08-25 05:00:00
5.0,16.530125,2025-08-25 05:00:00
5.0,17.05493,2025-08-25 06:00:00
11.275,13.306327,2025-08-25 06:00:00
12.025,34.610878,2025-08-25 06:00:00
13.625,11.887293,2025-08-25 06:00:00
31.25,25.90227,2025-08-25 06:00:00
12.025,34.366116,2025-08-25 07:00:00
7.75,13.305213,2025-08-25 07:00:00
2.6,3.0663877,2025-08-25 07:00:00
24.325,25.90276,2025-08-25 07:00:00
13.75,12.146764,2025-08-25 07:00:00
6.85,13.33943,2025-08-25 08:00:00
13.275,11.934853,2025-08-25 08:00:00
12.1,25.677372,2025-08-25 08:00:00
2.6,2.687848,2025-08-25 08:00:00
22.6,21.568602,2025-08-25 08:00:00
19.4,21.715656,2025-08-25 09:00:00
6.5,12.07817,2025-08-25 09:00:00
13.225,12.27386,2025-08-25 09:00:00
12.1,18.894554,2025-08-25 09:00:00
2.6,4.272965,2025-08-25 09:00:00
15.2,12.747677,2025-08-25 10:00:00
2.6,4.43559,2025-08-25 10:00:00
12.975,13.230854,2025-08-25 10:00:00
17.4,27.768755,2025-08-25 10:00:00
12.1,10.5530205,2025-08-25 10:00:00
12.1,10.066747,2025-08-25 11:00:00
12.375,12.419619,2025-08-25 11:00:00
19.65,12.654501,2025-08-25 11:00:00
2.6,3.9105666,2025-08-25 11:00:00
16.75,28.47414,2025-08-25 11:00:00
12.325,13.166412,2025-08-25 12:00:00
18.5,12.6014805,2025-08-25 12:00:00
12.1,12.147333,2025-08-25 12:00:00
26.275,26.51222,2025-08-25 12:00:00
2.6,8.640605,2025-08-25 12:00:00
2.6,6.4393454,2025-08-25 13:00:00
12.1,11.578814,2025-08-25 13:00:00
13.375,13.68223,2025-08-25 13:00:00
27.55,31.154966,2025-08-25 13:00:00
17.1,13.101088,2025-08-25 13:00:00
2.6,3.761799,2025-08-25 14:00:00
35.35,26.614365,2025-08-25 14:00:00
23.925,12.428259,2025-08-25 14:00:00
14.125,13.825396,2025-08-25 14:00:00
12.1,11.094826,2025-08-25 14:00:00
13.4,14.377203,2025-08-25 15:00:00
12.1,12.06142,2025-08-25 15:00:00
26.45,11.958055,2025-08-25 15:00:00
2.6,4.2889566,2025-08-25 15:00:00
35.575,23.721111,2025-08-25 15:00:00
30.45,24.981142,2025-08-25 16:00:00
24.25,12.916251,2025-08-25 16:00:00
2.6,3.7442048,2025-08-25 16:00:00
13.375,14.492619,2025-08-25 16:00:00
12.1,14.419624,2025-08-25 16:00:00
12.1,15.481801,2025-08-25 17:00:00
25.35,23.030144,2025-08-25 17:00:00
13.125,15.609457,2025-08-25 17:00:00
23.633333333333336,12.867351,2025-08-25 17:00:00
2.6,3.370713,2025-08-25 17:00:00
15.3,14.844202,2025-08-25 18:00:00
12.033333333333331,15.66563,2025-08-25 18:00:00
28.200000000000003,21.57697,2025-08-25 18:00:00
2.6,4.78494,2025-08-25 18:00:00
10.0,13.604224,2025-08-25 18:00:00
15.675,15.430834,2025-08-25 19:00:00
26.05,24.574635,2025-08-25 19:00:00
3.0,13.430973,2025-08-25 19:00:00
2.6,5.0639887,2025-08-25 19:00:00
12.0,17.912931,2025-08-25 19:00:00
31.675,28.763771,2025-08-25 20:00:00
2.6,4.0397058,2025-08-25 20:00:00
16.2,16.581308,2025-08-25 20:00:00
12.0,16.868013,2025-08-25 20:00:00
0.85,14.000792,2025-08-25 20:00:00
39.175,31.319033,2025-08-25 21:00:00
2.6,3.3081024,2025-08-25 21:00:00
0.85,14.07724,2025-08-25 21:00:00
12.0,18.933594,2025-08-25 21:00:00
17.05,16.482912,2025-08-25 21:00:00
12.025,16.765684,2025-08-25 22:00:00
2.6,3.9438903,2025-08-25 22:00:00
38.975,33.25293,2025-08-25 22:00:00
12.833333333333334,13.070761,2025-08-25 22:00:00
15.825,14.706073,2025-08-25 22:00:00
12.0,14.328792,2025-08-25 23:00:00
15.225,13.267409,2025-08-25 23:00:00
39.35,37.624554,2025-08-25 23:00:00
14.1,13.964627,2025-08-25 23:00:00
2.6,3.5326827,2025-08-25 23:00:00
16.025,11.681582,2025-08-26 00:00:00
12.0,11.890559,2025-08-26 00:00:00
13.15,14.261584,2025-08-26 00:00:00
38.575,34.038284,2025-08-26 00:00:00
2.6,3.0187943,2025-08-26 00:00:00
15.825,12.469672,2025-08-26 01:00:00
42.725,28.270031,2025-08-26 01:00:00
2.6,2.4357815,2025-08-26 01:00:00
12.4,13.303373,2025-08-26 01:00:00
12.0,11.704779,2025-08-26 01:00:00
2.6,5.308556,2025-08-26 02:00:00
12.025,12.7481575,2025-08-26 02:00:00
45.325,27.560078,2025-08-26 02:00:00
23.0,10.654414,2025-08-26 02:00:00
15.8,12.450249,2025-08-26 02:00:00
2.6,4.6834474,2025-08-26 03:00:00
31.425,12.42669,2025-08-26 03:00:00
15.975,13.428463,2025-08-26 03:00:00
32.65,27.820307,2025-08-26 03:00:00
12.1,10.941309,2025-08-26 03:00:00
33.474999999999994,13.418126,2025-08-26 04:00:00
2.6,5.304377,2025-08-26 04:00:00
15.525,13.735772,2025-08-26 04:00:00
12.1,11.302844,2025-08-26 04:00:00
27.975,31.399622,2025-08-26 04:00:00
12.1,11.721079,2025-08-26 05:00:00
15.675,13.671947,2025-08-26 05:00:00
35.075,13.173684,2025-08-26 05:00:00
2.6,5.740044,2025-08-26 05:00:00
27.85,33.43588,2025-08-26 05:00:00
18.025,14.804222,2025-08-26 06:00:00
29.225,45.18792,2025-08-26 06:00:00
15.675,13.839267,2025-08-26 06:00:00
12.1,11.50925,2025-08-26 06:00:00
2.6,3.9480567,2025-08-26 06:00:00
2.6,4.1342683,2025-08-26 07:00:00
27.85,38.812912,2025-08-26 07:00:00
12.225,14.001717,2025-08-26 07:00:00
15.25,13.507283,2025-08-26 07:00:00
12.1,11.442303,2025-08-26 07:00:00
8.366666666666665,12.521039,2025-08-26 08:00:00
2.6,4.029305,2025-08-26 08:00:00
14.625,13.514591,2025-08-26 08:00:00
8.125,13.796594,2025-08-26 08:00:00
31.675,43.33288,2025-08-26 08:00:00
2.6,5.2489657,2025-08-26 09:00:00
4.075,13.331883,2025-08-26 09:00:00
30.5,40.761932,2025-08-26 09:00:00
15.25,13.723421,2025-08-26 09:00:00
8.366666666666665,12.88608,2025-08-26 09:00:00
14.075,14.099857,2025-08-26 10:00:00
8.899999999999999,12.993216,2025-08-26 10:00:00
2.6,5.4591928,2025-08-26 10:00:00
31.7,30.23067,2025-08-26 10:00:00
8.366666666666665,11.537546,2025-08-26 10:00:00
2.6,5.6360755,2025-08-26 11:00:00
42.650000000000006,24.614565,2025-08-26 11:00:00
15.025,13.704818,2025-08-26 11:00:00
8.366666666666665,12.894578,2025-08-26 11:00:00
12.025,15.913931,2025-08-26 11:00:00
40.3,12.533684,2025-08-26 12:00:00
2.6,5.4679704,2025-08-26 12:00:00
46.5,25.904848,2025-08-26 12:00:00
14.775,13.904756,2025-08-26 12:00:00
11.525,17.188684,2025-08-26 12:00:00
39.3,33.419735,2025-08-26 13:00:00
2.3,12.485593,2025-08-26 13:00:00
11.8,17.122326,2025-08-26 13:00:00
2.6,5.4905486,2025-08-26 13:00:00
15.725,14.5647135,2025-08-26 13:00:00
18.0,14.336453,2025-08-26 14:00:00
8.0,13.967784,2025-08-26 14:00:00
2.3,12.26932,2025-08-26 14:00:00
35.275,35.06188,2025-08-26 14:00:00
2.6,5.9700017,2025-08-26 14:00:00
20.225,17.238136,2025-08-26 15:00:00
2.3,16.31404,2025-08-26 15:00:00
2.6,6.3777823,2025-08-26 15:00:00
8.0,11.703892,2025-08-26 15:00:00
34.8,36.512325,2025-08-26 15:00:00
21.05,15.952446,2025-08-26 16:00:00
2.6,5.3782496,2025-08-26 16:00:00
27.575,39.41612,2025-08-26 16:00:00
8.0,11.323806,2025-08-26 16:00:00
2.3,12.833815,2025-08-26 16:00:00
8.0,11.512646,2025-08-26 17:00:00
31.075000000000003,35.21084,2025-08-26 17:00:00
21.75,16.37527,2025-08-26 17:00:00
2.6,5.3414726,2025-08-26 17:00:00
2.6,6.2780676,2025-08-26 18:00:00
18.15,18.36998,2025-08-26 18:00:00
24.35,56.886864,2025-08-26 18:00:00
20.866666666666664,19.094198,2025-08-26 18:00:00
16.333333333333332,12.9271555,2025-08-26 18:00:00
17.025000000000002,18.47475,2025-08-26 19:00:00
18.375,12.032867,2025-08-26 19:00:00
26.0,51.867928,2025-08-26 19:00:00
18.525,19.654797,2025-08-26 19:00:00
2.6,5.646398,2025-08-26 19:00:00
33.325,44.399864,2025-08-26 20:00:00
2.6,6.416719,2025-08-26 20:00:00
20.866666666666664,21.69288,2025-08-26 20:00:00
17.65,19.688826,2025-08-26 20:00:00
17.0,12.375953,2025-08-26 20:00:00
16.0,13.130009,2025-08-26 21:00:00
30.45,36.05324,2025-08-26 21:00:00
16.25,24.859835,2025-08-26 21:00:00
2.6,6.5888,2025-08-26 21:00:00
18.475,19.057165,2025-08-26 21:00:00
16.7,23.647999,2025-08-26 22:00:00
2.6,5.820007,2025-08-26 22:00:00
16.3,17.375355,2025-08-26 22:00:00
20.75,10.887409,2025-08-26 22:00:00
27.125,35.977283,2025-08-26 22:00:00
15.975,16.45745,2025-08-26 23:00:00
2.6,4.805741,2025-08-26 23:00:00
19.825,36.37724,2025-08-26 23:00:00
24.2,10.400061,2025-08-26 23:00:00
17.225,30.335932,2025-08-27 00:00:00
15.15,16.18909,2025-08-27 00:00:00
2.6,4.85931,2025-08-27 00:00:00
23.675,11.512557,2025-08-27 00:00:00
18.3,20.764078,2025-08-27 00:00:00
2.6,4.4374194,2025-08-27 01:00:00
18.3,18.67571,2025-08-27 01:00:00
24.45,12.436518,2025-08-27 01:00:00
14.375,15.452692,2025-08-27 01:00:00
13.9,33.03727,2025-08-27 01:00:00
2.6,4.537551,2025-08-27 02:00:00
12.525,12.494949,2025-08-27 02:00:00
9.05,31.508293,2025-08-27 02:00:00
14.15,14.967058,2025-08-27 02:00:00
18.3,19.255606,2025-08-27 02:00:00
12.625,33.532043,2025-08-27 03:00:00
7.1,12.735396,2025-08-27 03:00:00
13.8,15.241555,2025-08-27 03:00:00
72.725,3.8475068,2025-08-27 03:00:00
21.775,34.43492,2025-08-27 04:00:00
6.2,14.488734,2025-08-27 04:00:00
14.35,15.22609,2025-08-27 04:00:00
93.9,3.7344983,2025-08-27 04:00:00
93.9,4.1586986,2025-08-27 05:00:00
8.133333333333333,15.157487,2025-08-27 05:00:00
5.825,14.9922285,2025-08-27 05:00:00
19.725,24.10422,2025-08-27 05:00:00
13.45,14.857216,2025-08-27 05:00:00
93.9,4.7089763,2025-08-27 06:00:00
14.075,14.717717,2025-08-27 06:00:00
26.45,24.201027,2025-08-27 06:00:00
6.7,17.084066,2025-08-27 06:00:00
5.7,16.636879,2025-08-27 06:00:00
27.525,18.363926,2025-08-27 07:00:00
13.825,14.847938,2025-08-27 07:00:00
93.9,4.9890575,2025-08-27 07:00:00
16.85,15.877369,2025-08-27 07:00:00
13.3,15.630602,2025-08-27 07:00:00
26.075,13.709864,2025-08-27 08:00:00
13.8,13.929087,2025-08-27 08:00:00
32.325,14.805485,2025-08-27 08:00:00
11.366666666666667,14.828828,2025-08-27 08:00:00
30.525,11.796987,2025-08-27 09:00:00
17.0,14.895541,2025-08-27 09:00:00
13.8,11.730798,2025-08-27 09:00:00
14.875,17.768253,2025-08-27 10:00:00
13.8,12.289495,2025-08-27 10:00:00
19.15,10.78072,2025-08-27 10:00:00
11.5,14.569845,2025-08-27 11:00:00
19.15,9.01436,2025-08-27 11:00:00
0.75,12.288158,2025-08-27 11:00:00
20.125,18.576714,2025-08-27 11:00:00
9.8,13.006692,2025-08-27 12:00:00
8.025,10.682921,2025-08-27 12:00:00
19.15,11.729031,2025-08-27 12:00:00
21.4,22.304007,2025-08-27 12:00:00
19.15,13.781769,2025-08-27 13:00:00
4.6,15.187444,2025-08-27 13:00:00
22.875,24.466799,2025-08-27 13:00:00
16.825000000000003,14.319143,2025-08-27 13:00:00
22.7,11.420663,2025-08-27 14:00:00
27.1,26.737534,2025-08-27 14:00:00
4.7,15.897219,2025-08-27 14:00:00
10.9,12.753063,2025-08-27 14:00:00
22.25,15.819267,2025-08-27 15:00:00
28.46666666666667,17.21366,2025-08-27 15:00:00
29.15,26.499481,2025-08-27 15:00:00
11.4,15.093842,2025-08-27 15:00:00
34.1,17.755219,2025-08-27 16:00:00
28.6,16.156792,2025-08-27 16:00:00
10.25,14.382738,2025-08-27 16:00:00
31.925,23.427864,2025-08-27 16:00:00
24.25,16.378824,2025-08-27 17:00:00
59.3,16.24611,2025-08-27 17:00:00
9.8,14.587197,2025-08-27 17:00:00
30.5,18.09438,2025-08-27 17:00:00
22.566666666666663,22.484106,2025-08-27 18:00:00
66.3,21.039986,2025-08-27 18:00:00
24.225,24.429054,2025-08-27 18:00:00
5.675,15.345275,2025-08-27 18:00:00
5.425,13.920367,2025-08-27 19:00:00
21.0,22.37294,2025-08-27 19:00:00
66.3,15.473929,2025-08-27 19:00:00
29.1,18.117382,2025-08-27 19:00:00
66.3,16.36303,2025-08-27 20:00:00
29.65,21.335224,2025-08-27 20:00:00
5.85,13.500519,2025-08-27 20:00:00
26.5,23.844654,2025-08-27 20:00:00
66.3,15.983704,2025-08-27 21:00:00
20.5,24.538921,2025-08-27 21:00:00
5.25,12.744446,2025-08-27 21:00:00
34.025,23.840746,2025-08-27 21:00:00
30.15,27.34185,2025-08-27 22:00:00
37.95,23.26555,2025-08-27 22:00:00
2.95,12.9359,2025-08-27 22:00:00
30.55,25.916914,2025-08-27 23:00:00
2.95,11.260693,2025-08-27 23:00:00
41.325,22.742962,2025-08-27 23:00:00
37.35,16.62804,2025-08-28 00:00:00
29.3,25.48313,2025-08-28 00:00:00
2.95,11.352708,2025-08-28 00:00:00
35.875,22.109863,2025-08-28 01:00:00
0.5,11.482174,2025-08-28 01:00:00
29.85,23.059855,2025-08-28 01:00:00
7.3,53.424656,2025-08-28 01:00:00
10.65,10.739983,2025-08-28 02:00:00
29.6,18.486794,2025-08-28 02:00:00
5.4,62.860077,2025-08-28 02:00:00
38.05,18.438587,2025-08-28 02:00:00
17.775,9.967139,2025-08-28 03:00:00
0.8333333333333334,57.05477,2025-08-28 03:00:00
45.225,24.460238,2025-08-28 03:00:00
34.0,26.293926,2025-08-28 03:00:00
20.3,9.889615,2025-08-28 04:00:00
28.225,22.597475,2025-08-28 04:00:00
44.625,25.715185,2025-08-28 04:00:00
46.35,29.753641,2025-08-28 05:00:00
22.325,9.73497,2025-08-28 05:00:00
20.75,23.027464,2025-08-28 05:00:00
18.725,8.930776,2025-08-28 06:00:00
20.6,26.84262,2025-08-28 06:00:00
51.35,33.843876,2025-08-28 06:00:00
18.1,9.29941,2025-08-28 07:00:00
49.65,27.840567,2025-08-28 07:00:00
2.6,10.279857,2025-08-28 07:00:00
24.5,28.050291,2025-08-28 07:00:00
19.225,11.324579,2025-08-28 08:00:00
51.3,25.334425,2025-08-28 08:00:00
26.125,25.903969,2025-08-28 08:00:00
23.85,21.3207,2025-08-28 09:00:00
19.475,10.290121,2025-08-28 09:00:00
47.0,25.301935,2025-08-28 09:00:00
48.85,24.395914,2025-08-28 10:00:00
23.625,24.650711,2025-08-28 10:00:00
17.475,13.3992,2025-08-28 10:00:00
15.625,15.572723,2025-08-28 11:00:00
23.075,25.386059,2025-08-28 11:00:00
5.55,13.515357,2025-08-28 11:00:00
53.925,30.102612,2025-08-28 11:00:00
13.6,13.233648,2025-08-28 12:00:00
5.975,12.407318,2025-08-28 12:00:00
54.225,39.167736,2025-08-28 12:00:00
21.25,24.849947,2025-08-28 12:00:00
26.9,21.188166,2025-08-28 13:00:00
6.8,4.295461,2025-08-28 13:00:00
62.225,37.227177,2025-08-28 13:00:00
12.975,13.94246,2025-08-28 13:00:00
18.875,12.487989,2025-08-28 14:00:00
5.275,3.5149128,2025-08-28 14:00:00
57.05,48.166813,2025-08-28 14:00:00
29.925,22.335686,2025-08-28 14:00:00
22.375,24.346714,2025-08-28 15:00:00
57.2,45.048805,2025-08-28 15:00:00
4.5,3.7661214,2025-08-28 15:00:00
24.65,14.462231,2025-08-28 15:00:00
5.574999999999999,1.2986189,2025-08-28 16:00:00
25.5,15.171293,2025-08-28 16:00:00
59.45,46.797523,2025-08-28 16:00:00
25.325,23.896698,2025-08-28 16:00:00
21.766666666666666,15.280597,2025-08-28 17:00:00
25.725,23.687698,2025-08-28 17:00:00
5.8,3.186546,2025-08-28 17:00:00
63.025,41.224873,2025-08-28 17:00:00
34.7,41.700916,2025-08-28 18:00:00
29.55,24.192715,2025-08-28 18:00:00
13.35,11.298697,2025-08-28 18:00:00
1.5666666666666669,6.7488065,2025-08-28 18:00:00
35.5,45.23033,2025-08-28 19:00:00
1.5666666666666669,6.1170683,2025-08-28 19:00:00
25.175,29.264889,2025-08-28 19:00:00
13.35,10.073961,2025-08-28 19:00:00
1.5666666666666669,5.4986014,2025-08-28 20:00:00
37.5,28.249743,2025-08-28 20:00:00
13.35,11.150089,2025-08-28 20:00:00
40.825,39.370884,2025-08-28 20:00:00
32.675,27.434622,2025-08-28 21:00:00
47.15,57.011044,2025-08-28 21:00:00
1.5666666666666669,5.0302625,2025-08-28 21:00:00
13.35,12.971469,2025-08-28 21:00:00
12.066666666666668,12.961499,2025-08-28 22:00:00
33.25,23.289867,2025-08-28 22:00:00
46.975,66.77589,2025-08-28 22:00:00
13.95,12.094983,2025-08-28 23:00:00
36.95,22.845692,2025-08-28 23:00:00
49.9,47.212536,2025-08-28 23:00:00
14.125,14.116835,2025-08-29 00:00:00
33.375,24.305603,2025-08-29 00:00:00
48.25,44.407566,2025-08-29 00:00:00
47.125,37.672462,2025-08-29 01:00:00
14.35,14.317355,2025-08-29 01:00:00
24.25,25.865383,2025-08-29 01:00:00
53.5,29.226831,2025-08-29 02:00:00
8.0,13.291263,2025-08-29 02:00:00
28.05,27.619978,2025-08-29 02:00:00
30.75,28.91957,2025-08-29 03:00:00
5.725,13.534583,2025-08-29 03:00:00
57.425,35.64835,2025-08-29 03:00:00
6.975,13.349936,2025-08-29 04:00:00
59.05,41.829815,2025-08-29 04:00:00
30.625,28.420923,2025-08-29 04:00:00
9.025,14.452031,2025-08-29 05:00:00
31.225,28.079498,2025-08-29 05:00:00
66.1,40.790966,2025-08-29 05:00:00
17.7,14.559865,2025-08-29 06:00:00
53.650000000000006,52.396217,2025-08-29 06:00:00
30.53333333333333,28.730095,2025-08-29 06:00:00
21.3,14.616789,2025-08-29 07:00:00
53.650000000000006,40.634148,2025-08-29 07:00:00
35.233333333333334,27.570292,2025-08-29 07:00:00
53.650000000000006,46.86276,2025-08-29 08:00:00
21.15,15.492222,2025-08-29 08:00:00
37.1,23.994053,2025-08-29 08:00:00
53.650000000000006,36.548004,2025-08-29 09:00:00
34.550000000000004,25.921356,2025-08-29 09:00:00
22.53333333333333,11.886279,2025-08-29 09:00:00
22.53333333333333,10.871629,2025-08-29 10:00:00
37.4,30.658266,2025-08-29 10:00:00
4.175,6.747768,2025-08-29 11:00:00
9.0,10.992778,2025-08-29 11:00:00
27.766666666666666,30.216011,2025-08-29 11:00:00
7.65,13.318432,2025-08-29 12:00:00
3.85,5.843838,2025-08-29 12:00:00
33.5,41.81165,2025-08-29 12:00:00
27.766666666666666,27.205914,2025-08-29 12:00:00
6.925,13.5368185,2025-08-29 13:00:00
2.5,5.462589,2025-08-29 13:00:00
33.35,28.749151,2025-08-29 13:00:00
45.3,46.053577,2025-08-29 13:00:00
2.45,5.5895,2025-08-29 14:00:00
33.35,27.348436,2025-08-29 14:00:00
14.1,13.878073,2025-08-29 14:00:00
32.8,44.04558,2025-08-29 14:00:00
2.575,5.318028,2025-08-29 15:00:00
33.35,28.688251,2025-08-29 15:00:00
29.775,46.884476,2025-08-29 15:00:00
17.35,14.445366,2025-08-29 15:00:00
17.275,14.648334,2025-08-29 16:00:00
33.35,32.542892,2025-08-29 16:00:00
1.975,5.063061,2025-08-29 16:00:00
17.166666666666668,14.492136,2025-08-29 17:00:00
2.35,4.4214907,2025-08-29 17:00:00
6.3,4.5785522,2025-08-29 18:00:00
15.55,12.308728,2025-08-29 18:00:00
8.0,34.930073,2025-08-29 18:00:00
14.525,11.48856,2025-08-29 19:00:00
4.4,53.196304,2025-08-29 19:00:00
8.0,3.4157531,2025-08-29 19:00:00
10.9,52.771442,2025-08-29 20:00:00
8.4,4.3213954,2025-08-29 20:00:00
14.4,12.80643,2025-08-29 20:00:00
15.7,44.177975,2025-08-29 21:00:00
6.55,3.4490905,2025-08-29 21:00:00
14.225,12.625839,2025-08-29 21:00:00
17.55,12.331522,2025-08-29 22:00:00
29.0,41.565403,2025-08-29 22:00:00
6.6,3.27063,2025-08-29 22:00:00
5.85,3.0603025,2025-08-29 23:00:00
24.475,45.856735,2025-08-29 23:00:00
19.1,13.198047,2025-08-29 23:00:00
2.35,14.933447,2025-08-29 23:00:00
6.25,3.4942107,2025-08-30 00:00:00
19.075000000000003,13.798309,2025-08-30 00:00:00
32.724999999999994,27.25439,2025-08-30 00:00:00
1.0,13.130821,2025-08-30 00:00:00
33.85,15.799999,2025-08-30 01:00:00
19.25,14.075165,2025-08-30 01:00:00
6.375,4.9789476,2025-08-30 01:00:00
1.0,12.036703,2025-08-30 01:00:00
1.0,12.436706,2025-08-30 02:00:00
6.4750000000000005,6.079371,2025-08-30 02:00:00
41.425,14.654472,2025-08-30 02:00:00
17.35,13.218631,2025-08-30 02:00:00
50.625,19.070684,2025-08-30 03:00:00
1.0,10.855574,2025-08-30 03:00:00
6.975,6.7418914,2025-08-30 03:00:00
16.475,13.395544,2025-08-30 03:00:00
58.775000000000006,27.055586,2025-08-30 04:00:00
7.2,6.230269,2025-08-30 04:00:00
16.45,13.659651,2025-08-30 04:00:00
5.65,11.665343,2025-08-30 04:00:00
13.8,7.93015,2025-08-30 05:00:00
62.8,30.405289,2025-08-30 05:00:00
16.6,14.319474,2025-08-30 05:00:00
6.95,5.9406796,2025-08-30 05:00:00
4.625,5.91197,2025-08-30 06:00:00
52.03333333333334,30.360144,2025-08-30 06:00:00
13.8,6.6659126,2025-08-30 06:00:00
19.875,13.907747,2025-08-30 06:00:00
21.5,14.14407,2025-08-30 07:00:00
4.025,6.92455,2025-08-30 07:00:00
52.03333333333334,35.245285,2025-08-30 07:00:00
13.8,6.759117,2025-08-30 07:00:00
4.125,6.9979243,2025-08-30 08:00:00
21.5,14.774079,2025-08-30 08:00:00
33.85,6.907089,2025-08-30 08:00:00
25.675,32.90341,2025-08-30 08:00:00
52.03333333333334,36.37228,2025-08-30 08:00:00
25.875,37.338604,2025-08-30 09:00:00
4.95,6.7252164,2025-08-30 09:00:00
21.4,5.7189927,2025-08-30 09:00:00
52.03333333333334,40.363182,2025-08-30 09:00:00
22.65,14.260465,2025-08-30 09:00:00
5.575,6.810275,2025-08-30 10:00:00
15.25,13.75752,2025-08-30 10:00:00
20.375,6.128921,2025-08-30 10:00:00
23.2,32.071648,2025-08-30 10:00:00
3.8,6.5285854,2025-08-30 11:00:00
20.675,8.349758,2025-08-30 11:00:00
22.075,24.315012,2025-08-30 11:00:00
9.65,14.217065,2025-08-30 11:00:00
20.325,11.18802,2025-08-30 12:00:00
4.475,6.4849424,2025-08-30 12:00:00
9.45,14.4929285,2025-08-30 12:00:00
3.2,44.841015,2025-08-30 12:00:00
22.65,23.657112,2025-08-30 12:00:00
9.325,14.710621,2025-08-30 13:00:00
19.25,24.59959,2025-08-30 13:00:00
62.2,49.99703,2025-08-30 13:00:00
4.45,5.996196,2025-08-30 13:00:00
21.175,11.970337,2025-08-30 13:00:00
1.5,45.87244,2025-08-30 14:00:00
22.375,16.174088,2025-08-30 14:00:00
3.875,6.00064,2025-08-30 14:00:00
13.7,15.403428,2025-08-30 14:00:00
22.675,19.888332,2025-08-30 14:00:00
1.225,49.51059,2025-08-30 15:00:00
21.875,23.810617,2025-08-30 15:00:00
25.025,20.267376,2025-08-30 15:00:00
15.925,15.097553,2025-08-30 15:00:00
3.825,6.1623797,2025-08-30 15:00:00
24.325,24.064157,2025-08-30 16:00:00
25.4,19.14416,2025-08-30 16:00:00
4.3,6.070452,2025-08-30 16:00:00
16.1,14.531184,2025-08-30 16:00:00
16.533333333333335,14.057657,2025-08-30 17:00:00
3.475,6.3325887,2025-08-30 17:00:00
21.4,22.502686,2025-08-30 17:00:00
24.4,24.46905,2025-08-30 17:00:00
4.3,18.890245,2025-08-30 18:00:00
1.3,42.513477,2025-08-30 18:00:00
29.775,24.865025,2025-08-30 18:00:00
14.725,13.808513,2025-08-30 18:00:00
9.766666666666667,6.1912084,2025-08-30 18:00:00
1.7,19.23703,2025-08-30 19:00:00
25.0,26.020111,2025-08-30 19:00:00
10.025,6.4587345,2025-08-30 19:00:00
13.525,13.781909,2025-08-30 19:00:00
0.975,39.590885,2025-08-30 19:00:00
9.9,6.1361904,2025-08-30 20:00:00
3.1,21.161276,2025-08-30 20:00:00
32.875,25.711843,2025-08-30 20:00:00
0.9,35.0584,2025-08-30 20:00:00
13.3,13.716018,2025-08-30 20:00:00
13.225,13.213351,2025-08-30 21:00:00
0.525,37.114285,2025-08-30 21:00:00
32.8,23.577843,2025-08-30 21:00:00
3.6,17.543629,2025-08-30 21:00:00
9.55,5.4512577,2025-08-30 21:00:00
0.3,49.412846,2025-08-30 22:00:00
15.025,13.06329,2025-08-30 22:00:00
8.175,5.260992,2025-08-30 22:00:00
1.95,16.20732,2025-08-30 22:00:00
36.65,21.609316,2025-08-30 22:00:00
0.375,37.639866,2025-08-30 23:00:00
15.875,13.774954,2025-08-30 23:00:00
7.65,5.10622,2025-08-30 23:00:00
39.875,23.818487,2025-08-30 23:00:00
1.95,15.685779,2025-08-30 23:00:00
2.4,14.11603,2025-08-31 00:00:00
1.0499999999999998,31.460564,2025-08-31 00:00:00
15.75,12.920289,2025-08-31 00:00:00
7.7,5.6684556,2025-08-31 00:00:00
35.075,27.144867,2025-08-31 00:00:00
32.25,27.934132,2025-08-31 01:00:00
8.55,6.627882,2025-08-31 01:00:00
15.55,12.93233,2025-08-31 01:00:00
0.8,11.096074,2025-08-31 01:00:00
1.5,22.647482,2025-08-31 01:00:00
9.9,7.2924695,2025-08-31 02:00:00
26.05,28.525637,2025-08-31 02:00:00
1.5,38.649944,2025-08-31 02:00:00
0.8,8.3663225,2025-08-31 02:00:00
23.025,13.01512,2025-08-31 02:00:00
27.05,13.5715,2025-08-31 03:00:00
0.8,9.6644535,2025-08-31 03:00:00
9.4,7.3808827,2025-08-31 03:00:00
1.5,36.59126,2025-08-31 03:00:00
34.75,30.408966,2025-08-31 03:00:00
27.2,12.952432,2025-08-31 04:00:00
8.35,7.11692,2025-08-31 04:00:00
33.150000000000006,28.06674,2025-08-31 04:00:00
1.5,39.330116,2025-08-31 04:00:00
1.0,9.167111,2025-08-31 04:00:00
6.575,7.1624866,2025-08-31 05:00:00
1.0,9.261684,2025-08-31 05:00:00
32.175000000000004,31.301207,2025-08-31 05:00:00
27.05,11.8533535,2025-08-31 05:00:00
7.375,7.1350217,2025-08-31 06:00:00
22.025,12.799272,2025-08-31 06:00:00
31.375,31.338055,2025-08-31 06:00:00
1.0,10.766388,2025-08-31 06:00:00
0.4,9.345165,2025-08-31 07:00:00
19.7,13.467244,2025-08-31 07:00:00
7.425,7.5107617,2025-08-31 07:00:00
32.725,31.594088,2025-08-31 07:00:00
19.325,14.212991,2025-08-31 08:00:00
7.5,11.326739,2025-08-31 08:00:00
39.2,30.371195,2025-08-31 08:00:00
7.699999999999999,7.857646,2025-08-31 08:00:00
0.1,9.179119,2025-08-31 08:00:00
8.733333333333333,12.717049,2025-08-31 09:00:00
0.8666666666666667,8.517284,2025-08-31 09:00:00
19.05,14.136258,2025-08-31 09:00:00
7.75,8.23127,2025-08-31 09:00:00
40.2,28.685865,2025-08-31 09:00:00
8.55,7.2093883,2025-08-31 10:00:00
34.8,28.833427,2025-08-31 10:00:00
19.375,15.174971,2025-08-31 10:00:00
0.3,8.787452,2025-08-31 10:00:00
9.55,13.082615,2025-08-31 10:00:00
29.875,27.896976,2025-08-31 11:00:00
19.6,14.59897,2025-08-31 11:00:00
7.55,7.036316,2025-08-31 11:00:00
0.625,7.913075,2025-08-31 11:00:00
7.05,6.8015814,2025-08-31 12:00:00
0.75,6.924818,2025-08-31 12:00:00
27.175,26.577566,2025-08-31 12:00:00
19.35,17.195122,2025-08-31 12:00:00
6.475,7.538549,2025-08-31 13:00:00
34.575,28.635216,2025-08-31 13:00:00
0.8999999999999999,8.542216,2025-08-31 13:00:00
19.525,15.132297,2025-08-31 13:00:00
0.8999999999999999,9.421047,2025-08-31 14:00:00
6.525,7.4670672,2025-08-31 14:00:00
7.175000000000001,15.171638,2025-08-31 14:00:00
32.325,32.259445,2025-08-31 14:00:00
8.225,13.92976,2025-08-31 14:00:00
1.025,15.536456,2025-08-31 15:00:00
6.95,7.3837876,2025-08-31 15:00:00
8.25,5.059025,2025-08-31 15:00:00
0.8999999999999999,7.8156886,2025-08-31 15:00:00
31.575,30.128977,2025-08-31 15:00:00
9.0,12.259328,2025-08-31 16:00:00
1.275,14.684155,2025-08-31 16:00:00
6.3,7.385173,2025-08-31 16:00:00
3.2,8.502025,2025-08-31 16:00:00
36.025,34.92865,2025-08-31 16:00:00
6.0,9.256304,2025-08-31 17:00:00
5.7250000000000005,7.3892665,2025-08-31 17:00:00
1.3666666666666665,16.665096,2025-08-31 17:00:00
32.675,33.11085,2025-08-31 17:00:00
8.575,10.151222,2025-08-31 17:00:00
2.566666666666667,13.6045685,2025-08-31 18:00:00
29.7,34.10199,2025-08-31 18:00:00
15.525,17.476065,2025-08-31 18:00:00
7.633333333333333,7.5908074,2025-08-31 18:00:00
4.133333333333334,11.085169,2025-08-31 18:00:00
7.75,7.237956,2025-08-31 19:00:00
1.575,14.309394,2025-08-31 19:00:00
2.3,8.730168,2025-08-31 19:00:00
27.125,33.64269,2025-08-31 19:00:00
22.65,16.902472,2025-08-31 19:00:00
2.15,9.40582,2025-08-31 20:00:00
23.775,34.19837,2025-08-31 20:00:00
7.6,7.6816244,2025-08-31 20:00:00
22.675,15.629573,2025-08-31 20:00:00
1.3,10.2951355,2025-08-31 20:00:00
1.55,11.695073,2025-08-31 21:00:00
22.5,12.142441,2025-08-31 21:00:00
5.25,6.374527,2025-08-31 21:00:00
8.766666666666667,7.345522,2025-08-31 21:00:00
26.55,33.990463,2025-08-31 21:00:00
0.95,11.253708,2025-08-31 22:00:00
3.925,6.063247,2025-08-31 22:00:00
18.2,9.798748,2025-08-31 22:00:00
8.600000000000001,7.0090528,2025-08-31 22:00:00
26.6,36.20131,2025-08-31 22:00:00
16.475,11.244809,2025-08-31 23:00:00
2.725,5.015727,2025-08-31 23:00:00
0.475,10.223272,2025-08-31 23:00:00
8.45,5.8897786,2025-08-31 23:00:00
27.2,35.30622,2025-08-31 23:00:00
3.75,6.349547,2025-09-01 00:00:00
16.525,11.812582,2025-09-01 00:00:00
8.850000000000001,6.0855765,2025-09-01 00:00:00
27.825000000000003,37.570183,2025-09-01 00:00:00
1.5,10.283551,2025-09-01 00:00:00
30.4,28.143984,2025-09-01 01:00:00
8.975,6.232216,2025-09-01 01:00:00
2.275,5.2366767,2025-09-01 01:00:00
0.6666666666666666,9.181625,2025-09-01 01:00:00
16.625,14.124281,2025-09-01 01:00:00
1.95,3.185822,2025-09-01 02:00:00
32.55,24.743937,2025-09-01 02:00:00
14.4,22.180767,2025-09-01 02:00:00
10.225,6.5257783,2025-09-01 02:00:00
0.6666666666666666,7.818093,2025-09-01 02:00:00
30.275,26.388645,2025-09-01 03:00:00
3.0,3.7200332,2025-09-01 03:00:00
0.6666666666666666,5.307529,2025-09-01 03:00:00
13.25,18.688566,2025-09-01 03:00:00
9.55,6.7486086,2025-09-01 03:00:00
2.3,3.8365986,2025-09-01 04:00:00
0.6666666666666666,4.4892774,2025-09-01 04:00:00
13.25,17.769123,2025-09-01 04:00:00
25.125,28.12971,2025-09-01 04:00:00
10.275,6.5894027,2025-09-01 04:00:00
3.95,3.687526,2025-09-01 05:00:00
13.525,18.101364,2025-09-01 05:00:00
29.2,27.15161,2025-09-01 05:00:00
9.45,6.877057,2025-09-01 05:00:00
2.733333333333333,6.3597374,2025-09-01 05:00:00
8.075,7.1310825,2025-09-01 06:00:00
30.175,29.466515,2025-09-01 06:00:00
3.4,7.664181,2025-09-01 06:00:00
16.0,16.212322,2025-09-01 06:00:00
4.625,3.8613455,2025-09-01 06:00:00
30.45,28.27407,2025-09-01 07:00:00
8.05,7.7034936,2025-09-01 07:00:00
3.2,3.4966683,2025-09-01 07:00:00
2.45,7.0695105,2025-09-01 07:00:00
16.95,15.853454,2025-09-01 07:00:00
2.75,7.21927,2025-09-01 08:00:00
16.575,14.361018,2025-09-01 08:00:00
8.2,7.987794,2025-09-01 08:00:00
3.2,4.144101,2025-09-01 08:00:00
31.225,30.481445,2025-09-01 08:00:00
7.525,8.024132,2025-09-01 09:00:00
3.75,7.5088058,2025-09-01 09:00:00
3.2,3.9076865,2025-09-01 09:00:00
16.725,12.092445,2025-09-01 09:00:00
24.4,33.94016,2025-09-01 09:00:00
19.8,37.601517,2025-09-01 10:00:00
21.575,10.090867,2025-09-01 10:00:00
3.2,3.5043821,2025-09-01 10:00:00
3.75,7.1120815,2025-09-01 10:00:00
8.475,8.369319,2025-09-01 10:00:00
24.225,8.45003,2025-09-01 11:00:00
3.8333333333333335,9.042434,2025-09-01 11:00:00
23.425,34.167694,2025-09-01 11:00:00
7.45,8.29309,2025-09-01 11:00:00
8.1,8.24238,2025-09-01 12:00:00
22.55,30.217562,2025-09-01 12:00:00
24.725,12.122573,2025-09-01 12:00:00
2.1333333333333333,8.797825,2025-09-01 12:00:00
19.825000000000003,36.94837,2025-09-01 13:00:00
25.65,13.028543,2025-09-01 13:00:00
8.225,7.977593,2025-09-01 13:00:00
1.9,8.010168,2025-09-01 13:00:00
21.525,12.619826,2025-09-01 14:00:00
1.65,7.0872073,2025-09-01 14:00:00
7.975,7.4494576,2025-09-01 14:00:00
22.825,28.774647,2025-09-01 14:00:00
23.35,25.126535,2025-09-01 15:00:00
19.6,12.558062,2025-09-01 15:00:00
1.35,6.3949876,2025-09-01 15:00:00
7.35,7.7143736,2025-09-01 15:00:00
19.6,12.542356,2025-09-01 16:00:00
1.6,6.9640117,2025-09-01 16:00:00
22.775,28.589146,2025-09-01 16:00:00
6.8,7.388569,2025-09-01 16:00:00
1.15,7.924286,2025-09-01 17:00:00
19.96666666666667,14.830219,2025-09-01 17:00:00
22.3,26.87858,2025-09-01 17:00:00
6.4,7.7308607,2025-09-01 17:00:00
29.875,29.90624,2025-09-01 18:00:00
17.125,12.844859,2025-09-01 18:00:00
1.225,8.430413,2025-09-01 18:00:00
7.399999999999999,7.96917,2025-09-01 18:00:00
29.475,22.899683,2025-09-01 19:00:00
15.125,12.307263,2025-09-01 19:00:00
1.875,8.343177,2025-09-01 19:00:00
7.075,7.602298,2025-09-01 19:00:00
6.5,8.215275,2025-09-01 20:00:00
14.5,13.026977,2025-09-01 20:00:00
36.9,23.04561,2025-09-01 20:00:00
1.4,10.141719,2025-09-01 20:00:00
31.950000000000003,25.145428,2025-09-01 21:00:00
2.15,8.894341,2025-09-01 21:00:00
14.1,13.079396,2025-09-01 21:00:00
7.15,13.96034,2025-09-01 21:00:00
1.975,12.943129,2025-09-01 22:00:00
30.525,25.430977,2025-09-01 22:00:00
17.85,13.077715,2025-09-01 22:00:00
6.3,19.401108,2025-09-01 22:00:00
20.1,14.424593,2025-09-01 23:00:00
31.925,25.564632,2025-09-01 23:00:00
2.35,11.714605,2025-09-01 23:00:00
6.2,18.938044,2025-09-01 23:00:00
6.525,18.506098,2025-09-02 00:00:00
19.825,20.590233,2025-09-02 00:00:00
30.725,23.98185,2025-09-02 00:00:00
2.8,9.387421,2025-09-02 00:00:00
6.325,20.194244,2025-09-02 01:00:00
2.475,8.648915,2025-09-02 01:00:00
31.55,28.824364,2025-09-02 01:00:00
19.6,27.234158,2025-09-02 01:00:00
2.5,8.689899,2025-09-02 02:00:00
18.325000000000003,23.401468,2025-09-02 02:00:00
29.35,29.786797,2025-09-02 02:00:00
7.925,12.228157,2025-09-02 02:00:00
5.45,13.269006,2025-09-02 03:00:00
29.175,28.485321,2025-09-02 03:00:00
2.575,7.4961348,2025-09-02 03:00:00
17.85,22.259497,2025-09-02 03:00:00
5.875,17.715755,2025-09-02 04:00:00
18.325,27.668812,2025-09-02 04:00:00
44.775000000000006,32.131435,2025-09-02 04:00:00
2.725,6.754884,2025-09-02 04:00:00
18.6,28.62687,2025-09-02 05:00:00
37.175,30.422398,2025-09-02 05:00:00
2.85,7.408976,2025-09-02 05:00:00
6.825,19.258696,2025-09-02 05:00:00
5.925,12.966023,2025-09-02 06:00:00
27.925,34.51593,2025-09-02 06:00:00
2.0,6.638474,2025-09-02 06:00:00
16.2,18.068163,2025-09-02 06:00:00
15.15,15.165773,2025-09-02 07:00:00
28.1,34.252193,2025-09-02 07:00:00
5.6,12.841914,2025-09-02 07:00:00
1.8,7.308314,2025-09-02 07:00:00
1.15,9.149223,2025-09-02 08:00:00
15.125,15.546307,2025-09-02 08:00:00
28.1,32.966454,2025-09-02 08:00:00
5.0,18.424276,2025-09-02 08:00:00
6.175,7.529606,2025-09-02 09:00:00
0.975,9.393176,2025-09-02 09:00:00
15.3,13.001591,2025-09-02 09:00:00
28.1,30.879885,2025-09-02 09:00:00
28.1,40.462856,2025-09-02 10:00:00
18.8,13.156982,2025-09-02 10:00:00
7.4,7.464802,2025-09-02 10:00:00
1.0,9.55802,2025-09-02 10:00:00
20.75,14.426041,2025-09-02 11:00:00
6.05,7.1563997,2025-09-02 11:00:00
0.725,8.198031,2025-09-02 11:00:00
0.7000000000000001,7.915682,2025-09-02 12:00:00
21.075,15.383934,2025-09-02 12:00:00
7.025,7.235609,2025-09-02 12:00:00
7.325,9.256717,2025-09-02 13:00:00
7.2,7.028276,2025-09-02 13:00:00
0.475,7.9489784,2025-09-02 13:00:00
20.975,15.075879,2025-09-02 13:00:00
0.7333333333333334,8.284651,2025-09-02 14:00:00
19.35,14.944551,2025-09-02 14:00:00
5.7,7.5591183,2025-09-02 14:00:00
6.6,13.179011,2025-09-02 14:00:00
5.375,7.625785,2025-09-02 15:00:00
0.3,9.131012,2025-09-02 15:00:00
6.125,9.889254,2025-09-02 15:00:00
18.125,15.0454645,2025-09-02 15:00:00
6.275,8.265958,2025-09-02 16:00:00
0.15,8.258334,2025-09-02 16:00:00
5.65,8.104816,2025-09-02 16:00:00
18.025,14.9821,2025-09-02 16:00:00
5.975,11.147481,2025-09-02 17:00:00
0.1,9.676506,2025-09-02 17:00:00
17.96666666666667,16.094574,2025-09-02 17:00:00
5.125,9.0501585,2025-09-02 17:00:00
16.125,17.308485,2025-09-02 18:00:00
8.299999999999999,15.08657,2025-09-02 18:00:00
7.85,9.916063,2025-09-02 18:00:00
1.4333333333333331,13.502842,2025-09-02 18:00:00
9.25,10.503071,2025-09-02 19:00:00
8.325,15.137949,2025-09-02 19:00:00
2.35,21.26346,2025-09-02 19:00:00
15.125,16.68242,2025-09-02 19:00:00
8.9,8.909127,2025-09-02 20:00:00
1.9,18.017376,2025-09-02 20:00:00
10.2,11.319204,2025-09-02 20:00:00
15.025,15.9036255,2025-09-02 20:00:00
12.95,9.293774,2025-09-02 21:00:00
9.65,7.9922805,2025-09-02 21:00:00
2.45,17.888187,2025-09-02 21:00:00
14.95,15.532518,2025-09-02 21:00:00
8.3,19.222464,2025-09-02 22:00:00
2.175,27.47641,2025-09-02 22:00:00
10.225,8.944709,2025-09-02 22:00:00
13.6,14.374336,2025-09-02 22:00:00
12.675,15.644963,2025-09-02 23:00:00
2.2,29.147795,2025-09-02 23:00:00
8.725,8.6458025,2025-09-02 23:00:00
7.175000000000001,21.226068,2025-09-02 23:00:00
12.85,14.732919,2025-09-03 00:00:00
8.025,18.898382,2025-09-03 00:00:00
7.925,7.606757,2025-09-03 00:00:00
1.825,14.459745,2025-09-03 00:00:00
6.75,20.634083,2025-09-03 01:00:00
12.8,14.377582,2025-09-03 01:00:00
8.75,8.605135,2025-09-03 01:00:00
1.625,23.031496,2025-09-03 01:00:00
8.775,8.325529,2025-09-03 02:00:00
1.65,24.394941,2025-09-03 02:00:00
16.35,13.278397,2025-09-03 02:00:00
8.100000000000001,20.773117,2025-09-03 02:00:00
9.125,9.870067,2025-09-03 03:00:00
1.75,22.431774,2025-09-03 03:00:00
18.3,12.379639,2025-09-03 03:00:00
8.1,21.166927,2025-09-03 03:00:00
8.125,20.483765,2025-09-03 04:00:00
18.575,13.000651,2025-09-03 04:00:00
9.125,10.40846,2025-09-03 04:00:00
1.75,21.032259,2025-09-03 04:00:00
9.475,9.76888,2025-09-03 05:00:00
2.075,19.694906,2025-09-03 05:00:00
8.575,21.18883,2025-09-03 05:00:00
18.625,12.800988,2025-09-03 05:00:00
2.125,10.600558,2025-09-03 06:00:00
7.7,24.740734,2025-09-03 06:00:00
13.675,18.268705,2025-09-03 06:00:00
9.425,9.463549,2025-09-03 06:00:00
10.825,14.815779,2025-09-03 07:00:00
2.4,9.371465,2025-09-03 07:00:00
7.2,19.568687,2025-09-03 07:00:00
9.05,10.743532,2025-09-03 07:00:00
10.85,13.256448,2025-09-03 08:00:00
8.875,11.337276,2025-09-03 08:00:00
1.875,9.118087,2025-09-03 08:00:00
6.925,9.476984,2025-09-03 08:00:00
6.875,8.886783,2025-09-03 09:00:00
8.925,12.768486,2025-09-03 09:00:00
11.175,15.06911,2025-09-03 09:00:00
1.975,9.09254,2025-09-03 09:00:00
2.225,8.459797,2025-09-03 10:00:00
9.4,10.744443,2025-09-03 10:00:00
20.575,16.17791,2025-09-03 10:00:00
7.35,8.929673,2025-09-03 10:00:00
1.7999999999999998,7.877898,2025-09-03 11:00:00
6.05,7.5271506,2025-09-03 11:00:00
10.725,10.130017,2025-09-03 11:00:00
25.425,13.460529,2025-09-03 11:00:00
26.6,14.79488,2025-09-03 12:00:00
6.2,8.499643,2025-09-03 12:00:00
1.375,9.347417,2025-09-03 12:00:00
12.55,9.682973,2025-09-03 12:00:00
27.0,13.854017,2025-09-03 13:00:00
3.8,6.7387156,2025-09-03 13:00:00
14.3,9.461945,2025-09-03 13:00:00
1.8,10.333871,2025-09-03 13:00:00
5.1,7.425351,2025-09-03 14:00:00
14.3,9.723854,2025-09-03 14:00:00
1.275,7.8183904,2025-09-03 14:00:00
25.1,13.053031,2025-09-03 14:00:00
5.05,6.9548364,2025-09-03 15:00:00
1.1,7.6752863,2025-09-03 15:00:00
13.875,11.047596,2025-09-03 15:00:00
24.525,12.866786,2025-09-03 15:00:00
14.675,12.514668,2025-09-03 16:00:00
24.0,13.033616,2025-09-03 16:00:00
1.225,8.203778,2025-09-03 16:00:00
4.625,7.2971725,2025-09-03 16:00:00
1.25,7.346583,2025-09-03 17:00:00
4.275,6.816386,2025-09-03 17:00:00
13.5,10.968051,2025-09-03 17:00:00
23.53333333333333,13.868548,2025-09-03 17:00:00
2.966666666666667,6.692537,2025-09-03 18:00:00
25.95,16.129623,2025-09-03 18:00:00
8.15,13.070297,2025-09-03 18:00:00
0.55,10.349118,2025-09-03 18:00:00
0.275,11.337902,2025-09-03 19:00:00
27.275,16.900217,2025-09-03 19:00:00
9.0,16.352198,2025-09-03 19:00:00
4.75,6.1926312,2025-09-03 19:00:00
4.75,6.2083845,2025-09-03 20:00:00
0.3,11.45316,2025-09-03 20:00:00
26.95,16.789726,2025-09-03 20:00:00
9.25,16.86712,2025-09-03 20:00:00
0.575,10.530473,2025-09-03 21:00:00
4.050000000000001,6.409534,2025-09-03 21:00:00
9.3,14.348422,2025-09-03 21:00:00
26.75,17.7415,2025-09-03 21:00:00
4.225,6.2944913,2025-09-03 22:00:00
18.85,18.273624,2025-09-03 22:00:00
0.25,11.729094,2025-09-03 22:00:00
6.775,11.8475,2025-09-03 22:00:00
3.75,5.691529,2025-09-03 23:00:00
14.75,17.480495,2025-09-03 23:00:00
0.3666666666666667,10.756506,2025-09-03 23:00:00
5.675,12.194229,2025-09-03 23:00:00
4.4,5.097646,2025-09-04 00:00:00
0.55,6.8221846,2025-09-04 00:00:00
14.95,17.239016,2025-09-04 00:00:00
7.2,10.967774,2025-09-04 00:00:00
0.75,8.967773,2025-09-04 01:00:00
15.05,19.181082,2025-09-04 01:00:00
3.9,5.618314,2025-09-04 01:00:00
11.025,10.765733,2025-09-04 01:00:00
3.5666666666666664,5.279598,2025-09-04 02:00:00
11.3,8.851435,2025-09-04 02:00:00
0.45,8.664577,2025-09-04 02:00:00
16.55,21.409025,2025-09-04 02:00:00
17.075000000000003,21.113173,2025-09-04 03:00:00
10.25,9.678372,2025-09-04 03:00:00
0.35,8.815503,2025-09-04 03:00:00
4.699999999999999,5.3733954,2025-09-04 03:00:00
17.15,20.320429,2025-09-04 04:00:00
3.8,5.2247705,2025-09-04 04:00:00
10.25,10.044322,2025-09-04 04:00:00
0.35,8.110484,2025-09-04 04:00:00
10.25,9.153126,2025-09-04 05:00:00
3.5666666666666664,7.6367574,2025-09-04 05:00:00
17.225,18.05168,2025-09-04 05:00:00
6.625,4.6790466,2025-09-04 05:00:00
7.725,4.9896255,2025-09-04 06:00:00
7.825,8.291228,2025-09-04 06:00:00
15.425,18.313372,2025-09-04 06:00:00
5.5,9.735438,2025-09-04 06:00:00
5.0,10.131681,2025-09-04 07:00:00
0.8,5.7925935,2025-09-04 07:00:00
13.95,16.897934,2025-09-04 07:00:00
7.95,9.333031,2025-09-04 07:00:00
3.7,10.252309,2025-09-04 08:00:00
13.85,19.64384,2025-09-04 08:00:00
0.8,6.030565,2025-09-04 08:00:00
8.25,6.535365,2025-09-04 08:00:00
8.6,8.262592,2025-09-04 09:00:00
1.7666666666666666,6.6683116,2025-09-04 09:00:00
13.95,19.274683,2025-09-04 09:00:00
4.975,10.703567,2025-09-04 09:00:00
6.4,10.610096,2025-09-04 10:00:00
8.225000000000001,6.122725,2025-09-04 10:00:00
7.775,6.5649867,2025-09-04 10:00:00
12.5,18.088364,2025-09-04 10:00:00
6.95,10.990395,2025-09-04 11:00:00
11.55,17.203838,2025-09-04 11:00:00
7.725,6.7024236,2025-09-04 11:00:00
9.9,6.8339634,2025-09-04 11:00:00
6.225,10.077105,2025-09-04 12:00:00
11.35,17.033142,2025-09-04 12:00:00
8.25,6.974448,2025-09-04 12:00:00
8.025,4.425024,2025-09-04 12:00:00
9.975,6.517116,2025-09-04 13:00:00
7.0,10.469594,2025-09-04 13:00:00
7.625,5.2001147,2025-09-04 13:00:00
11.375,18.508791,2025-09-04 13:00:00
8.225,10.144436,2025-09-04 14:00:00
19.75,16.242397,2025-09-04 14:00:00
9.625,6.2455015,2025-09-04 14:00:00
7.825,5.896864,2025-09-04 14:00:00
7.45,5.8135905,2025-09-04 15:00:00
9.375,10.858992,2025-09-04 15:00:00
23.725,15.848183,2025-09-04 15:00:00
6.875,6.6432247,2025-09-04 15:00:00
9.375,13.1018,2025-09-04 16:00:00
23.6,18.071789,2025-09-04 16:00:00
7.1,6.739411,2025-09-04 16:00:00
7.425,5.2848325,2025-09-04 16:00:00
6.85,7.08872,2025-09-04 17:00:00
23.5,17.790918,2025-09-04 17:00:00
9.375,11.144851,2025-09-04 17:00:00
7.625,6.805522,2025-09-04 17:00:00
7.2,8.179668,2025-09-04 18:00:00
15.1,19.053247,2025-09-04 18:00:00
9.375,11.571178,2025-09-04 18:00:00
6.866666666666667,10.567094,2025-09-04 18:00:00
10.625,15.321632,2025-09-04 19:00:00
6.375,10.811627,2025-09-04 19:00:00
8.85,6.985983,2025-09-04 19:00:00
5.5,10.999004,2025-09-04 20:00:00
10.525,16.00894,2025-09-04 20:00:00
9.6,6.91971,2025-09-04 20:00:00
9.0,8.793592,2025-09-04 21:00:00
6.725,12.448378,2025-09-04 21:00:00
75.275,10.831931,2025-09-04 21:00:00
10.375,18.802937,2025-09-04 21:00:00
21.9,17.779507,2025-09-04 22:00:00
8.225000000000001,7.095149,2025-09-04 22:00:00
75.275,8.575806,2025-09-04 22:00:00
6.9,9.961879,2025-09-04 22:00:00
27.725,18.30531,2025-09-04 23:00:00
75.275,8.70599,2025-09-04 23:00:00
6.9,11.180675,2025-09-04 23:00:00
6.35,7.0768676,2025-09-04 23:00:00
27.7,15.404587,2025-09-05 00:00:00
7.0,6.8061004,2025-09-05 00:00:00
75.275,8.539775,2025-09-05 00:00:00
7.45,8.493183,2025-09-05 00:00:00
6.35,6.678934,2025-09-05 01:00:00
27.725,13.199213,2025-09-05 01:00:00
7.225,7.9858766,2025-09-05 01:00:00
20.35,12.762986,2025-09-05 02:00:00
6.4,6.459176,2025-09-05 02:00:00
7.55,7.506987,2025-09-05 02:00:00
7.25,7.9261727,2025-09-05 03:00:00
7.8,7.0918937,2025-09-05 03:00:00
16.85,12.909504,2025-09-05 03:00:00
17.075,13.473126,2025-09-05 04:00:00
7.55,8.80686,2025-09-05 04:00:00
7.35,7.3220673,2025-09-05 04:00:00
8.975,9.12293,2025-09-05 05:00:00
7.824999999999999,7.4103913,2025-09-05 05:00:00
9.9,36.148777,2025-09-05 05:00:00
17.15,15.446707,2025-09-05 05:00:00
10.175,8.823152,2025-09-05 06:00:00
18.8,44.743156,2025-09-05 06:00:00
23.625,17.402596,2025-09-05 06:00:00
8.2,7.4550347,2025-09-05 06:00:00
6.6,7.428221,2025-09-05 07:00:00
9.85,8.831688,2025-09-05 07:00:00
27.0,15.671455,2025-09-05 07:00:00
26.875,16.925964,2025-09-05 08:00:00
8.5,8.92215,2025-09-05 08:00:00
6.025,6.7766805,2025-09-05 08:00:00
6.625,6.4640584,2025-09-05 09:00:00
7.775,8.940512,2025-09-05 09:00:00
27.35,13.024751,2025-09-05 09:00:00
6.45,6.8034587,2025-09-05 10:00:00
7.8,9.058504,2025-09-05 10:00:00
21.8,12.723035,2025-09-05 10:00:00
7.949999999999999,8.602231,2025-09-05 11:00:00
7.475,7.309557,2025-09-05 11:00:00
9.2,13.590156,2025-09-05 11:00:00
28.6,23.599627,2025-09-05 11:00:00
18.875,13.816992,2025-09-05 11:00:00
18.825000000000003,15.803114,2025-09-05 12:00:00
7.7,8.762098,2025-09-05 12:00:00
7.8,6.864046,2025-09-05 12:00:00
29.425,23.2061,2025-09-05 12:00:00
9.6,17.066505,2025-09-05 12:00:00
18.575,17.124084,2025-09-05 13:00:00
8.25,7.338882,2025-09-05 13:00:00
32.349999999999994,23.128496,2025-09-05 13:00:00
8.15,9.202672,2025-09-05 13:00:00
10.075,13.753333,2025-09-05 13:00:00
10.375,7.454248,2025-09-05 14:00:00
22.925,16.149155,2025-09-05 14:00:00
34.4,24.163898,2025-09-05 14:00:00
10.225,26.514309,2025-09-05 14:00:00
8.125,8.3778305,2025-09-05 14:00:00
25.075,17.826092,2025-09-05 15:00:00
34.7,25.653088,2025-09-05 15:00:00
8.5,6.3722878,2025-09-05 15:00:00
10.8,29.167479,2025-09-05 15:00:00
8.125,9.079658,2025-09-05 15:00:00
11.375,22.846624,2025-09-05 16:00:00
8.425,9.250452,2025-09-05 16:00:00
25.025,17.390253,2025-09-05 16:00:00
32.275,27.113958,2025-09-05 16:00:00
7.375,6.149141,2025-09-05 16:00:00
10.975,20.904205,2025-09-05 17:00:00
8.225,8.302516,2025-09-05 17:00:00
34.65,27.023657,2025-09-05 17:00:00
24.96666666666667,18.563383,2025-09-05 17:00:00
7.275,6.4655614,2025-09-05 17:00:00
29.475,27.7976,2025-09-05 18:00:00
20.575000000000003,17.45866,2025-09-05 18:00:00
9.525,21.636518,2025-09-05 18:00:00
8.299999999999999,11.390272,2025-09-05 18:00:00
9.533333333333331,7.015545,2025-09-05 18:00:00
9.775,24.09933,2025-09-05 19:00:00
8.5,12.246604,2025-09-05 19:00:00
30.75,28.577517,2025-09-05 19:00:00
18.25,20.475086,2025-09-05 19:00:00
11.15,8.277692,2025-09-05 19:00:00
18.575,19.409601,2025-09-05 20:00:00
35.825,27.949686,2025-09-05 20:00:00
10.9,26.593287,2025-09-05 20:00:00
12.55,8.812423,2025-09-05 20:00:00
8.8,12.161402,2025-09-05 20:00:00
8.3,13.093,2025-09-05 21:00:00
18.5,19.450787,2025-09-05 21:00:00
13.0,29.248003,2025-09-05 21:00:00
34.375,27.855469,2025-09-05 21:00:00
12.9,8.176708,2025-09-05 21:00:00
9.525,27.47494,2025-09-05 22:00:00
36.65,24.170797,2025-09-05 22:00:00
8.025,12.608571,2025-09-05 22:00:00
11.65,7.7676477,2025-09-05 22:00:00
17.725,18.257105,2025-09-05 22:00:00
8.95,27.017902,2025-09-05 23:00:00
17.875,17.743532,2025-09-05 23:00:00
8.0,11.652451,2025-09-05 23:00:00
32.125,25.744787,2025-09-05 23:00:00
9.7,7.76039,2025-09-05 23:00:00
31.325,26.95447,2025-09-06 00:00:00
10.325,7.6999364,2025-09-06 00:00:00
7.8,9.369369,2025-09-06 00:00:00
17.975,19.190302,2025-09-06 00:00:00
8.55,24.78745,2025-09-06 00:00:00
8.25,24.28397,2025-09-06 01:00:00
8.025,9.776103,2025-09-06 01:00:00
10.65,7.4872975,2025-09-06 01:00:00
18.45,19.58102,2025-09-06 01:00:00
26.2,27.739676,2025-09-06 01:00:00
7.925,10.953776,2025-09-06 02:00:00
27.375,29.473171,2025-09-06 02:00:00
18.3,19.57794,2025-09-06 02:00:00
8.975,26.112535,2025-09-06 02:00:00
11.3,8.270947,2025-09-06 02:00:00
7.825,10.087741,2025-09-06 03:00:00
11.35,9.287815,2025-09-06 03:00:00
18.325000000000003,19.585966,2025-09-06 03:00:00
8.625,17.096561,2025-09-06 03:00:00
29.025,26.510437,2025-09-06 03:00:00
11.95,10.831416,2025-09-06 04:00:00
7.6,12.2935915,2025-09-06 04:00:00
17.75,18.916277,2025-09-06 04:00:00
28.75,32.665806,2025-09-06 04:00:00
8.3,9.935934,2025-09-06 04:00:00
8.05,9.496923,2025-09-06 05:00:00
28.25,33.801212,2025-09-06 05:00:00
17.475,21.181246,2025-09-06 05:00:00
8.325,10.852813,2025-09-06 05:00:00
11.825,10.058868,2025-09-06 05:00:00
8.625,9.685347,2025-09-06 06:00:00
13.125,10.117397,2025-09-06 06:00:00
21.1,20.04459,2025-09-06 06:00:00
30.75,29.533976,2025-09-06 06:00:00
8.025,11.036182,2025-09-06 06:00:00
34.55,26.889803,2025-09-06 07:00:00
11.05,9.989274,2025-09-06 07:00:00
7.65,11.040173,2025-09-06 07:00:00
22.625,20.2356,2025-09-06 07:00:00
8.975,11.019159,2025-09-06 07:00:00
8.125,10.776592,2025-09-06 08:00:00
22.45,18.7767,2025-09-06 08:00:00
7.6,10.837311,2025-09-06 08:00:00
10.975,10.015248,2025-09-06 08:00:00
35.575,22.059542,2025-09-06 08:00:00
7.0,10.409028,2025-09-06 09:00:00
8.125,8.413835,2025-09-06 09:00:00
31.825,20.612589,2025-09-06 09:00:00
22.7,16.354338,2025-09-06 09:00:00
14.15,9.802164,2025-09-06 09:00:00
16.45,16.16441,2025-09-06 10:00:00
33.075,19.845848,2025-09-06 10:00:00
8.275,8.510465,2025-09-06 10:00:00
7.275,11.28651,2025-09-06 10:00:00
14.075,10.104802,2025-09-06 10:00:00
7.85,8.269355,2025-09-06 11:00:00
13.325,16.858131,2025-09-06 11:00:00
28.9,21.078438,2025-09-06 11:00:00
9.075,10.220941,2025-09-06 11:00:00
14.075,10.58004,2025-09-06 11:00:00
8.2,9.45817,2025-09-06 12:00:00
14.0,10.676814,2025-09-06 12:00:00
7.85,8.288698,2025-09-06 12:00:00
13.575,16.877441,2025-09-06 12:00:00
28.475,26.25754,2025-09-06 12:00:00
13.375,10.421257,2025-09-06 13:00:00
8.7,7.990925,2025-09-06 13:00:00
30.125,31.973711,2025-09-06 13:00:00
13.55,18.311132,2025-09-06 13:00:00
8.225,10.664875,2025-09-06 13:00:00
32.075,31.930243,2025-09-06 14:00:00
8.325,12.318289,2025-09-06 14:00:00
12.925,11.089834,2025-09-06 14:00:00
8.425,8.521948,2025-09-06 14:00:00
12.825,16.29244,2025-09-06 14:00:00
12.75,19.027193,2025-09-06 15:00:00
13.55,10.671532,2025-09-06 15:00:00
8.1,8.585028,2025-09-06 15:00:00
10.125,11.131696,2025-09-06 15:00:00
31.7,29.506414,2025-09-06 15:00:00
7.925,9.809209,2025-09-06 16:00:00
13.65,11.030731,2025-09-06 16:00:00
34.225,31.684198,2025-09-06 16:00:00
11.45,10.466208,2025-09-06 16:00:00
12.975,19.763826,2025-09-06 16:00:00
12.666666666666666,18.02649,2025-09-06 17:00:00
34.15,31.783747,2025-09-06 17:00:00
14.125,11.079866,2025-09-06 17:00:00
8.5,10.230889,2025-09-06 17:00:00
12.0,10.9771,2025-09-06 17:00:00
16.675,16.299093,2025-09-06 18:00:00
8.875,12.647644,2025-09-06 18:00:00
10.966666666666669,11.071757,2025-09-06 18:00:00
28.175,29.8994,2025-09-06 18:00:00
8.4,11.8807745,2025-09-06 18:00:00
7.475,12.700569,2025-09-06 19:00:00
18.825,16.46544,2025-09-06 19:00:00
8.925,12.564118,2025-09-06 19:00:00
9.05,10.859187,2025-09-06 19:00:00
21.225,29.207127,2025-09-06 19:00:00
20.775,28.553629,2025-09-06 20:00:00
18.5,16.162651,2025-09-06 20:00:00
9.2,12.890499,2025-09-06 20:00:00
7.25,10.936335,2025-09-06 20:00:00
6.9,12.265252,2025-09-06 20:00:00
18.5,15.433856,2025-09-06 21:00:00
9.075,13.673488,2025-09-06 21:00:00
6.725,11.065464,2025-09-06 21:00:00
21.5,30.376337,2025-09-06 21:00:00
5.725,12.584968,2025-09-06 21:00:00
22.075,30.415821,2025-09-06 22:00:00
7.699999999999999,10.675204,2025-09-06 22:00:00
9.05,12.912396,2025-09-06 22:00:00
17.65,13.641128,2025-09-06 22:00:00
5.9750000000000005,9.267186,2025-09-06 22:00:00
9.375,12.266262,2025-09-06 23:00:00
5.2,9.673413,2025-09-06 23:00:00
16.65,15.582842,2025-09-06 23:00:00
8.65,12.043072,2025-09-06 23:00:00
23.025,28.329329,2025-09-06 23:00:00
5.0,9.167585,2025-09-07 00:00:00
8.475,9.524574,2025-09-07 00:00:00
16.85,13.881652,2025-09-07 00:00:00
9.85,11.947079,2025-09-07 00:00:00
23.05,30.867584,2025-09-07 00:00:00
17.05,13.960882,2025-09-07 01:00:00
9.875,11.440396,2025-09-07 01:00:00
23.725,27.133543,2025-09-07 01:00:00
4.725,7.5624685,2025-09-07 01:00:00
8.725,10.607172,2025-09-07 01:00:00
4.1,7.0155644,2025-09-07 02:00:00
8.55,10.219707,2025-09-07 02:00:00
25.125,25.303205,2025-09-07 02:00:00
20.575,15.831937,2025-09-07 02:00:00
9.425,10.096558,2025-09-07 02:00:00
5.2,6.095398,2025-09-07 03:00:00
22.525,16.358519,2025-09-07 03:00:00
8.725000000000001,10.783003,2025-09-07 03:00:00
26.5,22.156729,2025-09-07 03:00:00
6.55,9.414443,2025-09-07 03:00:00
25.475,20.15546,2025-09-07 04:00:00
6.075,8.803943,2025-09-07 04:00:00
22.6,17.07108,2025-09-07 04:00:00
8.875,9.326739,2025-09-07 04:00:00
4.75,6.1016884,2025-09-07 04:00:00
5.625,10.109307,2025-09-07 05:00:00
23.85,20.944468,2025-09-07 05:00:00
5.1,6.1299043,2025-09-07 05:00:00
9.3,8.337343,2025-09-07 05:00:00
22.7,16.266228,2025-09-07 05:00:00
23.225,25.4247,2025-09-07 06:00:00
6.675,10.306714,2025-09-07 06:00:00
27.05,15.997024,2025-09-07 06:00:00
3.95,6.9417505,2025-09-07 06:00:00
9.275,8.774925,2025-09-07 06:00:00
3.325,6.494447,2025-09-07 07:00:00
29.45,15.168659,2025-09-07 07:00:00
23.1,24.835241,2025-09-07 07:00:00
9.0,12.595137,2025-09-07 07:00:00
9.525,10.346687,2025-09-07 07:00:00
9.775,10.166306,2025-09-07 08:00:00
29.4,15.311412,2025-09-07 08:00:00
9.1,9.133366,2025-09-07 08:00:00
6.375,6.081408,2025-09-07 08:00:00
23.275,23.110447,2025-09-07 08:00:00
29.675,14.744244,2025-09-07 09:00:00
9.825,10.182833,2025-09-07 09:00:00
23.025,21.847866,2025-09-07 09:00:00
9.625,8.813983,2025-09-07 09:00:00
8.8,7.10007,2025-09-07 09:00:00
9.225,6.4502354,2025-09-07 10:00:00
22.875,23.96528,2025-09-07 10:00:00
9.525,10.215296,2025-09-07 10:00:00
22.325000000000003,15.640744,2025-09-07 10:00:00
9.225,8.439332,2025-09-07 10:00:00
18.375,15.6916485,2025-09-07 11:00:00
8.3,8.209183,2025-09-07 11:00:00
23.7,23.8756,2025-09-07 11:00:00
9.775,6.7256308,2025-09-07 11:00:00
9.325,8.324606,2025-09-07 11:00:00
25.25,22.841871,2025-09-07 12:00:00
18.1,16.336355,2025-09-07 12:00:00
9.2,8.52992,2025-09-07 12:00:00
7.35,8.146467,2025-09-07 12:00:00
9.65,6.9556284,2025-09-07 12:00:00
18.425,17.773478,2025-09-07 13:00:00
7.949999999999999,7.8079176,2025-09-07 13:00:00
8.8,9.138247,2025-09-07 13:00:00
25.975,24.796318,2025-09-07 13:00:00
6.125,9.05548,2025-09-07 13:00:00
7.725,11.792198,2025-09-07 14:00:00
9.575,8.127932,2025-09-07 14:00:00
17.575,17.182934,2025-09-07 14:00:00
26.65,23.249762,2025-09-07 14:00:00
9.425,9.476169,2025-09-07 14:00:00
27.6,24.404985,2025-09-07 15:00:00
9.175,9.17219,2025-09-07 15:00:00
17.075,19.667885,2025-09-07 15:00:00
9.9,8.354288,2025-09-07 15:00:00
9.925,10.196576,2025-09-07 15:00:00
17.05,21.241125,2025-09-07 16:00:00
11.175,10.859575,2025-09-07 16:00:00
22.65,25.751371,2025-09-07 16:00:00
9.15,11.002466,2025-09-07 16:00:00
9.725,10.402901,2025-09-07 16:00:00
9.9,10.208708,2025-09-07 17:00:00
17.0,21.552084,2025-09-07 17:00:00
9.575,10.786307,2025-09-07 17:00:00
8.65,9.968183,2025-09-07 17:00:00
23.8,25.571203,2025-09-07 17:00:00
9.266666666666667,9.940502,2025-09-07 18:00:00
26.225,26.677557,2025-09-07 18:00:00
7.166666666666667,12.743414,2025-09-07 18:00:00
6.0,10.883946,2025-09-07 18:00:00
11.975,21.755373,2025-09-07 18:00:00
7.1,11.484231,2025-09-07 19:00:00
8.95,21.151056,2025-09-07 19:00:00
6.7,9.102154,2025-09-07 19:00:00
5.9,13.603061,2025-09-07 19:00:00
26.675,28.396898,2025-09-07 19:00:00
5.9,9.279339,2025-09-07 20:00:00
25.55,27.627798,2025-09-07 20:00:00
8.85,21.165531,2025-09-07 20:00:00
8.5,12.887527,2025-09-07 20:00:00
6.2,14.485503,2025-09-07 20:00:00
9.7,11.631361,2025-09-07 21:00:00
26.95,26.696415,2025-09-07 21:00:00
8.85,21.03256,2025-09-07 21:00:00
5.949999999999999,8.680583,2025-09-07 21:00:00
5.9,14.886886,2025-09-07 21:00:00
27.85,25.689304,2025-09-07 22:00:00
11.375,16.95884,2025-09-07 22:00:00
5.225,13.199734,2025-09-07 22:00:00
6.9,8.123111,2025-09-07 22:00:00
5.95,9.77116,2025-09-07 22:00:00
9.575,8.34738,2025-09-07 23:00:00
12.725,18.802126,2025-09-07 23:00:00
5.7,12.934205,2025-09-07 23:00:00
5.325,10.274737,2025-09-07 23:00:00
29.825,23.674309,2025-09-07 23:00:00
12.725,18.058014,2025-09-08 00:00:00
9.75,8.422102,2025-09-08 00:00:00
28.5,23.446682,2025-09-08 00:00:00
5.5,10.6226425,2025-09-08 00:00:00
5.05,8.5304165,2025-09-08 00:00:00
6.075,12.407973,2025-09-08 01:00:00
27.65,24.108936,2025-09-08 01:00:00
12.75,13.756403,2025-09-08 01:00:00
6.65,7.3308096,2025-09-08 01:00:00
10.45,7.815309,2025-09-08 01:00:00
19.1,14.087473,2025-09-08 02:00:00
6.875,7.2382913,2025-09-08 02:00:00
31.0,24.750883,2025-09-08 02:00:00
10.075,7.3144517,2025-09-08 02:00:00
5.8,11.298217,2025-09-08 02:00:00
22.225,14.548303,2025-09-08 03:00:00
5.725,8.689184,2025-09-08 03:00:00
30.075,25.935709,2025-09-08 03:00:00
5.9,9.572273,2025-09-08 03:00:00
7.325,7.3208313,2025-09-08 03:00:00
3.725,8.492213,2025-09-08 04:00:00
6.35,9.296818,2025-09-08 04:00:00
6.775,7.385822,2025-09-08 04:00:00
22.425,14.836687,2025-09-08 04:00:00
27.15,25.812315,2025-09-08 04:00:00
22.525,15.991212,2025-09-08 05:00:00
6.725,7.8461976,2025-09-08 05:00:00
26.8,26.344666,2025-09-08 05:00:00
3.55,8.009177,2025-09-08 05:00:00
6.175,9.303353,2025-09-08 05:00:00
28.45,28.115305,2025-09-08 06:00:00
3.025,8.006934,2025-09-08 06:00:00
6.875,10.613554,2025-09-08 06:00:00
16.075,19.41168,2025-09-08 06:00:00
7.975,8.48199,2025-09-08 06:00:00
8.375,9.465692,2025-09-08 07:00:00
12.95,15.745392,2025-09-08 07:00:00
26.675,28.275806,2025-09-08 07:00:00
7.0,11.188544,2025-09-08 07:00:00
1.3,7.969695,2025-09-08 07:00:00
13.1,15.025193,2025-09-08 08:00:00
29.65,25.478933,2025-09-08 08:00:00
7.05,10.570754,2025-09-08 08:00:00
1.6,7.897059,2025-09-08 08:00:00
10.375,9.406749,2025-09-08 08:00:00
12.775,15.161196,2025-09-08 09:00:00
9.825,8.798882,2025-09-08 09:00:00
0.975,7.892508,2025-09-08 09:00:00
6.466666666666666,7.7236695,2025-09-08 09:00:00
27.525,25.301872,2025-09-08 09:00:00
6.5,8.573567,2025-09-08 10:00:00
9.65,9.163744,2025-09-08 10:00:00
12.15,17.393478,2025-09-08 10:00:00
30.475,24.9744,2025-09-08 10:00:00
0.5,8.428653,2025-09-08 10:00:00
11.8,18.247982,2025-09-08 11:00:00
2.4000000000000004,7.8259077,2025-09-08 11:00:00
6.95,7.9524965,2025-09-08 11:00:00
26.525,24.35013,2025-09-08 11:00:00
8.85,8.5523815,2025-09-08 11:00:00
6.25,8.137229,2025-09-08 12:00:00
25.25,22.979088,2025-09-08 12:00:00
1.85,8.172925,2025-09-08 12:00:00
8.625,9.112519,2025-09-08 12:00:00
11.7,15.076504,2025-09-08 12:00:00
11.525,13.209607,2025-09-08 13:00:00
6.925,8.0703125,2025-09-08 13:00:00
2.95,8.198429,2025-09-08 13:00:00
23.325000000000003,26.71803,2025-09-08 13:00:00
10.6,8.894784,2025-09-08 13:00:00
9.675,8.429707,2025-09-08 14:00:00
3.825,10.92133,2025-09-08 14:00:00
6.875,7.8751974,2025-09-08 14:00:00
18.725,13.1771555,2025-09-08 14:00:00
20.25,27.260265,2025-09-08 14:00:00
22.55,27.632141,2025-09-08 15:00:00
10.375,9.420278,2025-09-08 15:00:00
22.55,12.297908,2025-09-08 15:00:00
7.175,8.004028,2025-09-08 15:00:00
7.725,7.5750413,2025-09-08 15:00:00
6.775,8.047484,2025-09-08 16:00:00
22.975,12.941046,2025-09-08 16:00:00
12.275,9.352127,2025-09-08 16:00:00
11.0,8.705736,2025-09-08 16:00:00
29.775,26.762524,2025-09-08 16:00:00
23.33333333333333,12.018608,2025-09-08 17:00:00
48.75,27.208473,2025-09-08 17:00:00
13.775,9.0200405,2025-09-08 17:00:00
7.0,7.5879726,2025-09-08 17:00:00
11.375,8.301357,2025-09-08 17:00:00
5.966666666666666,13.252452,2025-09-08 18:00:00
12.15,11.835799,2025-09-08 18:00:00
21.5,14.48743,2025-09-08 18:00:00
34.6,28.989403,2025-09-08 18:00:00
10.766666666666666,8.461668,2025-09-08 18:00:00
36.45,29.937939,2025-09-08 19:00:00
9.175,8.690243,2025-09-08 19:00:00
20.1,13.033059,2025-09-08 19:00:00
6.15,13.966812,2025-09-08 19:00:00
11.825,13.7143135,2025-09-08 19:00:00
6.2,15.880385,2025-09-08 20:00:00
9.2,10.722261,2025-09-08 20:00:00
38.625,25.943287,2025-09-08 20:00:00
9.5,9.518907,2025-09-08 20:00:00
19.75,13.491873,2025-09-08 20:00:00
8.225,15.426404,2025-09-08 21:00:00
5.95,16.836077,2025-09-08 21:00:00
19.5,12.696946,2025-09-08 21:00:00
30.7,25.71435,2025-09-08 21:00:00
8.275,9.918544,2025-09-08 21:00:00
7.7,8.66251,2025-09-08 22:00:00
19.55,12.024968,2025-09-08 22:00:00
5.675,13.752663,2025-09-08 22:00:00
5.425,9.8731365,2025-09-08 22:00:00
29.375,23.038473,2025-09-08 22:00:00
19.5,12.147055,2025-09-08 23:00:00
10.1,8.476347,2025-09-08 23:00:00
3.75,9.577968,2025-09-08 23:00:00
31.125,26.405834,2025-09-08 23:00:00
5.775,14.496674,2025-09-08 23:00:00
19.8,14.922851,2025-09-09 00:00:00
30.85,24.928253,2025-09-09 00:00:00
3.8,8.899783,2025-09-09 00:00:00
5.775,9.047373,2025-09-09 00:00:00
11.35,9.380868,2025-09-09 00:00:00
19.9,13.395648,2025-09-09 01:00:00
32.15,26.751434,2025-09-09 01:00:00
2.85,8.526133,2025-09-09 01:00:00
11.025,9.057802,2025-09-09 01:00:00
6.35,9.484445,2025-09-09 01:00:00
11.3,8.229241,2025-09-09 02:00:00
33.0,26.870453,2025-09-09 02:00:00
3.675,10.629124,2025-09-09 02:00:00
7.3,8.765589,2025-09-09 02:00:00
20.275,14.145369,2025-09-09 02:00:00
7.075,8.710733,2025-09-09 03:00:00
39.2,27.071297,2025-09-09 03:00:00
20.475,15.75365,2025-09-09 03:00:00
10.2,8.595806,2025-09-09 03:00:00
3.375,8.963567,2025-09-09 03:00:00
20.6,16.204123,2025-09-09 04:00:00
7.075,8.115721,2025-09-09 04:00:00
9.025,8.634133,2025-09-09 04:00:00
41.725,28.859426,2025-09-09 04:00:00
2.625,8.12656,2025-09-09 04:00:00
6.9,8.281228,2025-09-09 05:00:00
41.6,26.343243,2025-09-09 05:00:00
8.625,8.568207,2025-09-09 05:00:00
2.4,6.707727,2025-09-09 05:00:00
20.8,16.670387,2025-09-09 05:00:00
21.4,18.963923,2025-09-09 06:00:00
7.300000000000001,7.5586452,2025-09-09 06:00:00
40.125,26.130999,2025-09-09 06:00:00
0.7333333333333334,6.525892,2025-09-09 06:00:00
7.6,10.560542,2025-09-09 06:00:00
40.475,25.040737,2025-09-09 07:00:00
21.875,19.291744,2025-09-09 07:00:00
1.2,6.3672037,2025-09-09 07:00:00
7.525,7.5231056,2025-09-09 07:00:00
10.533333333333331,10.762898,2025-09-09 07:00:00
11.125,11.271818,2025-09-09 08:00:00
7.25,7.8280416,2025-09-09 08:00:00
22.05,18.837612,2025-09-09 08:00:00
39.575,24.179886,2025-09-09 08:00:00
1.45,6.651564,2025-09-09 08:00:00
43.625,27.05721,2025-09-09 09:00:00
7.075,9.1962185,2025-09-09 09:00:00
11.3,11.578074,2025-09-09 09:00:00
22.1,18.162245,2025-09-09 09:00:00
1.2,6.8905854,2025-09-09 09:00:00
8.4,7.210076,2025-09-09 10:00:00
20.65,17.82764,2025-09-09 10:00:00
43.15,28.952457,2025-09-09 10:00:00
10.95,10.393962,2025-09-09 10:00:00
7.425,8.266181,2025-09-09 10:00:00
19.475,17.276716,2025-09-09 11:00:00
4.033333333333334,6.280147,2025-09-09 11:00:00
9.8,9.359846,2025-09-09 11:00:00
43.05,28.958246,2025-09-09 11:00:00
7.35,8.133146,2025-09-09 11:00:00
7.7,9.934939,2025-09-09 12:00:00
40.8,34.206398,2025-09-09 12:00:00
7.05,7.744373,2025-09-09 12:00:00
2.975,6.317581,2025-09-09 12:00:00
19.625,18.457516,2025-09-09 12:00:00
19.6,17.585117,2025-09-09 13:00:00
2.975,8.145223,2025-09-09 13:00:00
34.1,31.94379,2025-09-09 13:00:00
8.274999999999999,10.929425,2025-09-09 13:00:00
6.875,8.020512,2025-09-09 13:00:00
6.75,7.6629286,2025-09-09 14:00:00
2.35,7.8489275,2025-09-09 14:00:00
8.175,10.216036,2025-09-09 14:00:00
30.96666666666667,32.49721,2025-09-09 14:00:00
16.825,18.06912,2025-09-09 14:00:00
15.4,17.093477,2025-09-09 15:00:00
10.575,10.6923065,2025-09-09 15:00:00
3.075,9.1101055,2025-09-09 15:00:00
33.175,34.291103,2025-09-09 15:00:00
7.3,8.820741,2025-09-09 15:00:00
4.45,9.925248,2025-09-09 16:00:00
15.625,16.949064,2025-09-09 16:00:00
11.95,10.975971,2025-09-09 16:00:00
7.925,9.107647,2025-09-09 16:00:00
32.8,37.92348,2025-09-09 16:00:00
11.075,10.853507,2025-09-09 17:00:00
33.825,40.4965,2025-09-09 17:00:00
15.733333333333334,17.77685,2025-09-09 17:00:00
3.275,9.966822,2025-09-09 17:00:00
7.625,8.940131,2025-09-09 17:00:00
6.966666666666666,10.3680315,2025-09-09 18:00:00
3.075,12.692153,2025-09-09 18:00:00
29.4,34.770973,2025-09-09 18:00:00
11.066666666666668,11.289222,2025-09-09 18:00:00
18.85,18.788654,2025-09-09 18:00:00
3.225,11.879807,2025-09-09 19:00:00
7.0,14.034064,2025-09-09 19:00:00
20.75,24.207348,2025-09-09 19:00:00
28.65,31.94844,2025-09-09 19:00:00
6.75,10.368353,2025-09-09 19:00:00
33.775,30.141724,2025-09-09 20:00:00
6.925,14.533252,2025-09-09 20:00:00
6.25,10.143042,2025-09-09 20:00:00
20.525,18.729996,2025-09-09 20:00:00
3.75,11.633773,2025-09-09 20:00:00
5.55,9.924991,2025-09-09 21:00:00
30.4,31.600697,2025-09-09 21:00:00
7.0,17.547268,2025-09-09 21:00:00
6.199999999999999,9.573906,2025-09-09 21:00:00
20.525,16.749529,2025-09-09 21:00:00
6.75,10.602676,2025-09-09 22:00:00
3.375,9.931702,2025-09-09 22:00:00
19.325,33.639145,2025-09-09 22:00:00
17.925,17.345358,2025-09-09 22:00:00
6.775,13.845104,2025-09-09 22:00:00
10.075,10.560905,2025-09-09 23:00:00
7.225,12.963026,2025-09-09 23:00:00
17.15,16.41111,2025-09-09 23:00:00
21.275,30.539427,2025-09-09 23:00:00
1.975,11.1096735,2025-09-09 23:00:00
21.475,32.437874,2025-09-10 00:00:00
17.05,16.76768,2025-09-10 00:00:00
11.5,10.482617,2025-09-10 00:00:00
2.7,9.026651,2025-09-10 00:00:00
6.725,9.970443,2025-09-10 00:00:00
11.775,10.102409,2025-09-10 01:00:00
21.7,29.948534,2025-09-10 01:00:00
1.95,6.384083,2025-09-10 01:00:00
17.375,18.863592,2025-09-10 01:00:00
6.575,10.466858,2025-09-10 01:00:00
14.35,19.56633,2025-09-10 02:00:00
12.15,10.413778,2025-09-10 02:00:00
2.0,5.5051637,2025-09-10 02:00:00
20.75,30.204733,2025-09-10 02:00:00
6.625,10.020758,2025-09-10 02:00:00
12.45,19.391027,2025-09-10 03:00:00
10.675,8.899871,2025-09-10 03:00:00
0.95,5.6170735,2025-09-10 03:00:00
6.825,10.184825,2025-09-10 03:00:00
19.975,29.194426,2025-09-10 03:00:00
0.8500000000000001,7.4421635,2025-09-10 04:00:00
7.375,8.33257,2025-09-10 04:00:00
12.125,18.908619,2025-09-10 04:00:00
6.975,10.029658,2025-09-10 04:00:00
18.75,25.366455,2025-09-10 04:00:00
12.1,17.971228,2025-09-10 05:00:00
8.15,9.398036,2025-09-10 05:00:00
7.5,9.308372,2025-09-10 05:00:00
20.325,30.075844,2025-09-10 05:00:00
1.35,6.061564,2025-09-10 05:00:00
8.3,9.021125,2025-09-10 06:00:00
7.65,9.774821,2025-09-10 06:00:00
15.65,17.19099,2025-09-10 06:00:00
18.225,24.357565,2025-09-10 06:00:00
0.25,4.408144,2025-09-10 06:00:00
0.8,4.0713625,2025-09-10 07:00:00
9.65,12.5911255,2025-09-10 07:00:00
17.85,20.072899,2025-09-10 07:00:00
8.325,9.373893,2025-09-10 07:00:00
19.8,24.004704,2025-09-10 07:00:00
2.7,4.349754,2025-09-10 08:00:00
7.95,9.414524,2025-09-10 08:00:00
17.975,19.464453,2025-09-10 08:00:00
10.125,11.503446,2025-09-10 08:00:00
21.1,21.905869,2025-09-10 08:00:00
10.6,11.566439,2025-09-10 09:00:00
7.7,8.690087,2025-09-10 09:00:00
20.433333333333334,17.479136,2025-09-10 09:00:00
18.0,14.386844,2025-09-10 09:00:00
2.125,3.9635136,2025-09-10 09:00:00
11.75,14.055367,2025-09-10 10:00:00
30.525,14.692671,2025-09-10 10:00:00
11.225,9.906061,2025-09-10 10:00:00
1.875,3.557946,2025-09-10 10:00:00
7.575,7.476488,2025-09-10 10:00:00
2.1,3.9079113,2025-09-10 11:00:00
45.25,17.024784,2025-09-10 11:00:00
9.95,9.111574,2025-09-10 11:00:00
8.8,13.884658,2025-09-10 11:00:00
7.85,7.799102,2025-09-10 11:00:00
1.5,4.607279,2025-09-10 12:00:00
7.125,8.956257,2025-09-10 12:00:00
8.850000000000001,13.406858,2025-09-10 12:00:00
7.975,7.669827,2025-09-10 12:00:00
51.4,16.883669,2025-09-10 12:00:00
7.8,9.028599,2025-09-10 13:00:00
1.75,5.2498326,2025-09-10 13:00:00
6.275,9.092424,2025-09-10 13:00:00
48.775,20.164932,2025-09-10 13:00:00
8.675,13.430835,2025-09-10 13:00:00
16.35,13.816035,2025-09-10 14:00:00
46.625,21.776365,2025-09-10 14:00:00
2.975,6.570231,2025-09-10 14:00:00
7.475,8.717153,2025-09-10 14:00:00
7.525,9.541817,2025-09-10 14:00:00
9.95,9.848325,2025-09-10 15:00:00
19.65,13.897137,2025-09-10 15:00:00
2.425,5.976941,2025-09-10 15:00:00
7.2,8.500892,2025-09-10 15:00:00
47.125,20.537169,2025-09-10 15:00:00
2.15,7.209161,2025-09-10 16:00:00
11.3,10.628291,2025-09-10 16:00:00
19.5,13.220849,2025-09-10 16:00:00
46.8,23.795101,2025-09-10 16:00:00
7.225,9.9082155,2025-09-10 16:00:00
45.275,25.44558,2025-09-10 17:00:00
19.433333333333334,12.375157,2025-09-10 17:00:00
1.975,6.0013824,2025-09-10 17:00:00
7.9,9.426012,2025-09-10 17:00:00
11.1,9.978124,2025-09-10 17:00:00
6.875,9.099586,2025-09-10 18:00:00
21.925,12.173182,2025-09-10 18:00:00
33.575,31.084549,2025-09-10 18:00:00
7.433333333333334,10.13938,2025-09-10 18:00:00
12.133333333333333,9.768839,2025-09-10 18:00:00
23.05,11.417559,2025-09-10 19:00:00
10.55,10.545223,2025-09-10 19:00:00
18.2,24.014572,2025-09-10 19:00:00
7.35,9.360782,2025-09-10 19:00:00
6.95,13.430708,2025-09-10 19:00:00
8.1,9.11778,2025-09-10 20:00:00
7.45,11.210794,2025-09-10 20:00:00
22.95,13.000661,2025-09-10 20:00:00
10.4,9.01495,2025-09-10 20:00:00
26.45,30.0804,2025-09-10 20:00:00
8.5,9.291,2025-09-10 21:00:00
10.475,6.706277,2025-09-10 21:00:00
28.05,28.193163,2025-09-10 21:00:00
6.975,11.40902,2025-09-10 21:00:00
22.8,12.903907,2025-09-10 21:00:00
22.1,14.945656,2025-09-10 22:00:00
8.35,9.705654,2025-09-10 22:00:00
28.05,34.7961,2025-09-10 22:00:00
7.5,12.221854,2025-09-10 22:00:00
9.05,6.003432,2025-09-10 22:00:00
21.65,14.534981,2025-09-10 23:00:00
28.925,32.743484,2025-09-10 23:00:00
6.925,11.956684,2025-09-10 23:00:00
11.25,9.6922245,2025-09-10 23:00:00
8.55,6.042519,2025-09-10 23:00:00
12.075,11.96762,2025-09-11 00:00:00
21.725,15.201219,2025-09-11 00:00:00
7.225,5.4993606,2025-09-11 00:00:00
30.0,35.27278,2025-09-11 00:00:00
7.1,9.5287695,2025-09-11 00:00:00
12.8,13.2187195,2025-09-11 01:00:00
27.15,29.980799,2025-09-11 01:00:00
7.625,7.3735504,2025-09-11 01:00:00
7.25,9.586936,2025-09-11 01:00:00
21.875,14.942281,2025-09-11 01:00:00
17.6,17.331047,2025-09-11 02:00:00
7.7,7.9380603,2025-09-11 02:00:00
7.25,8.938622,2025-09-11 02:00:00
31.075,26.6763,2025-09-11 02:00:00
12.3,11.440536,2025-09-11 02:00:00
15.025,17.838924,2025-09-11 03:00:00
7.8,9.1715145,2025-09-11 03:00:00
10.075,10.071045,2025-09-11 03:00:00
31.725,24.769192,2025-09-11 03:00:00
7.425,9.461619,2025-09-11 03:00:00
15.325,16.955324,2025-09-11 04:00:00
9.0,9.72367,2025-09-11 04:00:00
33.775,26.22299,2025-09-11 04:00:00
7.95,9.939949,2025-09-11 04:00:00
8.3,8.611834,2025-09-11 04:00:00
8.6,8.769093,2025-09-11 05:00:00
15.4,17.100538,2025-09-11 05:00:00
8.6,10.301298,2025-09-11 05:00:00
33.45,23.440971,2025-09-11 05:00:00
8.475000000000001,9.926077,2025-09-11 05:00:00
33.65,23.797098,2025-09-11 06:00:00
8.975,8.654913,2025-09-11 06:00:00
8.8,11.77153,2025-09-11 06:00:00
20.0,16.727226,2025-09-11 06:00:00
8.175,8.889106,2025-09-11 06:00:00
11.2,13.447557,2025-09-11 07:00:00
8.649999999999999,8.209158,2025-09-11 07:00:00
32.175,24.147093,2025-09-11 07:00:00
20.0,14.919547,2025-09-11 07:00:00
7.35,8.613159,2025-09-11 07:00:00
11.15,15.136169,2025-09-11 08:00:00
20.0,15.796728,2025-09-11 08:00:00
31.625,24.233915,2025-09-11 08:00:00
7.1,8.381287,2025-09-11 08:00:00
8.266666666666667,8.052145,2025-09-11 08:00:00
4.6,14.471293,2025-09-11 09:00:00
11.05,11.017425,2025-09-11 09:00:00
6.825,7.8429136,2025-09-11 09:00:00
8.266666666666667,8.660416,2025-09-11 09:00:00
30.75,23.76775,2025-09-11 09:00:00
7.95,7.9664927,2025-09-11 10:00:00
11.55,10.16275,2025-09-11 10:00:00
8.266666666666667,6.5885696,2025-09-11 10:00:00
3.4000000000000004,14.981441,2025-09-11 10:00:00
32.125,23.11378,2025-09-11 10:00:00
8.325,9.183842,2025-09-11 11:00:00
5.325,14.499795,2025-09-11 11:00:00
10.675,9.486214,2025-09-11 11:00:00
30.65,21.636337,2025-09-11 11:00:00
8.15,7.8672,2025-09-11 11:00:00
32.925,26.489264,2025-09-11 12:00:00
5.6,15.028556,2025-09-11 12:00:00
8.425,7.960628,2025-09-11 12:00:00
8.575,10.346405,2025-09-11 12:00:00
8.35,10.321171,2025-09-11 12:00:00
5.625,14.58323,2025-09-11 13:00:00
9.25,10.998735,2025-09-11 13:00:00
8.35,9.299792,2025-09-11 13:00:00
34.75,28.123955,2025-09-11 13:00:00
8.775,10.508588,2025-09-11 13:00:00
9.45,10.640436,2025-09-11 14:00:00
7.95,9.17402,2025-09-11 14:00:00
13.675,14.323029,2025-09-11 14:00:00
35.25,29.240095,2025-09-11 14:00:00
9.3,10.996745,2025-09-11 14:00:00
12.2,10.492824,2025-09-11 15:00:00
32.375,28.997757,2025-09-11 15:00:00
8.175,8.50493,2025-09-11 15:00:00
11.25,10.375882,2025-09-11 15:00:00
17.475,12.864072,2025-09-11 15:00:00
35.425000000000004,30.608978,2025-09-11 16:00:00
17.2,11.185705,2025-09-11 16:00:00
12.0,10.751367,2025-09-11 16:00:00
8.7,9.079923,2025-09-11 16:00:00
12.075,10.847464,2025-09-11 16:00:00
11.95,10.745722,2025-09-11 17:00:00
10.25,10.575763,2025-09-11 17:00:00
8.775,8.724617,2025-09-11 17:00:00
33.35,27.18982,2025-09-11 17:00:00
17.2,10.241475,2025-09-11 17:00:00
4.725,11.760063,2025-09-11 18:00:00
11.8,11.6507,2025-09-11 18:00:00
26.425,26.620064,2025-09-11 18:00:00
10.025,9.892427,2025-09-11 18:00:00
7.899999999999999,11.092901,2025-09-11 18:00:00
2.65,11.737086,2025-09-11 19:00:00
10.5,10.663547,2025-09-11 19:00:00
6.325,10.577468,2025-09-11 19:00:00
6.5,11.261707,2025-09-11 19:00:00
21.2,27.156883,2025-09-11 19:00:00
22.6,28.01538,2025-09-11 20:00:00
9.8,11.51041,2025-09-11 20:00:00
2.3,11.663741,2025-09-11 20:00:00
6.5,12.491364,2025-09-11 20:00:00
6.275,13.406395,2025-09-11 20:00:00
8.275,11.534203,2025-09-11 21:00:00
6.8,14.649452,2025-09-11 21:00:00
22.5,27.70769,2025-09-11 21:00:00
6.35,14.068472,2025-09-11 21:00:00
3.9,12.407038,2025-09-11 21:00:00
1.425,10.273082,2025-09-11 22:00:00
7.25,13.994797,2025-09-11 22:00:00
7.025,13.369732,2025-09-11 22:00:00
24.725,28.303503,2025-09-11 22:00:00
7.925,11.043583,2025-09-11 22:00:00
6.725,12.948168,2025-09-11 23:00:00
0.6333333333333333,10.384596,2025-09-11 23:00:00
25.75,25.828556,2025-09-11 23:00:00
9.4,11.165396,2025-09-11 23:00:00
7.575,13.350204,2025-09-11 23:00:00
0.7250000000000001,9.547969,2025-09-12 00:00:00
6.625,9.718822,2025-09-12 00:00:00
11.3,11.084296,2025-09-12 00:00:00
25.35,28.92627,2025-09-12 00:00:00
7.825,13.637225,2025-09-12 00:00:00
7.375,9.208906,2025-09-12 01:00:00
7.95,12.463222,2025-09-12 01:00:00
25.025,27.722666,2025-09-12 01:00:00
11.375,11.454135,2025-09-12 01:00:00
0.95,7.9844556,2025-09-12 01:00:00
6.3,10.937237,2025-09-12 02:00:00
11.925,10.959149,2025-09-12 02:00:00
0.6,6.9019675,2025-09-12 02:00:00
25.35,25.748564,2025-09-12 02:00:00
7.0,8.779257,2025-09-12 02:00:00
25.7,26.583452,2025-09-12 03:00:00
7.2,8.54727,2025-09-12 03:00:00
0.3,6.7096777,2025-09-12 03:00:00
11.325,10.742983,2025-09-12 03:00:00
5.425,9.711359,2025-09-12 03:00:00
7.475,8.040285,2025-09-12 04:00:00
7.925,9.858683,2025-09-12 04:00:00
1.0666666666666669,6.5984774,2025-09-12 04:00:00
5.525,9.811598,2025-09-12 04:00:00
26.925,27.114689,2025-09-12 04:00:00
5.575,9.689487,2025-09-12 05:00:00
7.95,9.752993,2025-09-12 05:00:00
25.45,23.334763,2025-09-12 05:00:00
8.5,8.913527,2025-09-12 05:00:00
0.1,6.055633,2025-09-12 05:00:00
0.1,5.6118536,2025-09-12 06:00:00
8.15,7.9609137,2025-09-12 06:00:00
6.9,10.301726,2025-09-12 06:00:00
25.125,24.705698,2025-09-12 06:00:00
10.55,9.163418,2025-09-12 06:00:00
8.3,10.196308,2025-09-12 07:00:00
26.5,25.307287,2025-09-12 07:00:00
13.475,10.195151,2025-09-12 07:00:00
7.0,10.781887,2025-09-12 07:00:00
0.3,5.800613,2025-09-12 07:00:00
26.75,24.422316,2025-09-12 08:00:00
7.825,8.639497,2025-09-12 08:00:00
13.3,10.109973,2025-09-12 08:00:00
8.075,10.606468,2025-09-12 08:00:00
0.3,6.865968,2025-09-12 08:00:00
0.3,6.744293,2025-09-12 09:00:00
7.7,7.956253,2025-09-12 09:00:00
8.35,11.164065,2025-09-12 09:00:00
26.175,22.590748,2025-09-12 09:00:00
13.275,9.115444,2025-09-12 09:00:00
7.05,8.153951,2025-09-12 10:00:00
8.4,9.456923,2025-09-12 10:00:00
0.3,6.513923,2025-09-12 10:00:00
8.95,10.624166,2025-09-12 10:00:00
26.2,21.972662,2025-09-12 10:00:00
9.45,9.486525,2025-09-12 11:00:00
0.6,7.613414,2025-09-12 11:00:00
6.075,9.88843,2025-09-12 11:00:00
7.525,7.2680893,2025-09-12 11:00:00
25.6,23.048271,2025-09-12 11:00:00
7.975,8.447036,2025-09-12 12:00:00
25.275,23.216614,2025-09-12 12:00:00
0.3,7.599607,2025-09-12 12:00:00
7.75,9.547897,2025-09-12 12:00:00
5.775,10.38959,2025-09-12 12:00:00
5.775,9.307202,2025-09-12 13:00:00
7.75,9.391759,2025-09-12 13:00:00
2.375,9.378813,2025-09-12 13:00:00
23.0,23.755596,2025-09-12 13:00:00
9.05,9.520203,2025-09-12 13:00:00
4.225,8.477457,2025-09-12 14:00:00
8.875,9.476214,2025-09-12 14:00:00
7.825,9.508246,2025-09-12 14:00:00
8.15,10.990185,2025-09-12 14:00:00
19.125,24.649185,2025-09-12 14:00:00
19.85,24.80436,2025-09-12 15:00:00
10.925,9.849619,2025-09-12 15:00:00
7.0,8.248961,2025-09-12 15:00:00
9.1,11.150404,2025-09-12 15:00:00
7.775,8.247731,2025-09-12 15:00:00
11.925,9.910209,2025-09-12 16:00:00
7.425,7.928214,2025-09-12 16:00:00
20.975,24.278101,2025-09-12 16:00:00
9.5,11.130419,2025-09-12 16:00:00
9.4,7.962173,2025-09-12 16:00:00
20.75,25.199162,2025-09-12 17:00:00
10.975,9.634559,2025-09-12 17:00:00
9.8,10.367744,2025-09-12 17:00:00
7.225,8.163007,2025-09-12 17:00:00
9.8,8.03883,2025-09-12 17:00:00
8.375,9.334014,2025-09-12 18:00:00
7.2,10.017901,2025-09-12 18:00:00
24.5,25.333881,2025-09-12 18:00:00
13.175,9.114705,2025-09-12 18:00:00
4.5,10.08819,2025-09-12 18:00:00
6.425,7.7404304,2025-09-12 19:00:00
1.5,10.903256,2025-09-12 19:00:00
14.175,24.811884,2025-09-12 19:00:00
15.325,9.210879,2025-09-12 19:00:00
7.1,12.773649,2025-09-12 19:00:00
14.625,22.45811,2025-09-12 20:00:00
15.025,9.512646,2025-09-12 20:00:00
2.35,11.212686,2025-09-12 20:00:00
7.6,9.255652,2025-09-12 20:00:00
7.0,12.085185,2025-09-12 20:00:00
6.8,13.337564,2025-09-12 21:00:00
6.675,12.780761,2025-09-12 21:00:00
4.05,11.908289,2025-09-12 21:00:00
14.775,10.738719,2025-09-12 21:00:00
6.9,22.619228,2025-09-12 21:00:00
13.075,9.469928,2025-09-12 22:00:00
6.775,13.902416,2025-09-12 22:00:00
3.35,9.797131,2025-09-12 22:00:00
1.7999999999999998,10.1042,2025-09-12 22:00:00
6.5,16.68705,2025-09-12 22:00:00
7.05,11.78404,2025-09-12 23:00:00
5.6,19.11566,2025-09-12 23:00:00
1.4,10.142543,2025-09-12 23:00:00
1.8666666666666665,6.5353885,2025-09-12 23:00:00
12.1,8.6814375,2025-09-12 23:00:00
6.725,18.517912,2025-09-13 00:00:00
7.025,9.880771,2025-09-13 00:00:00
1.625,8.195845,2025-09-13 00:00:00
12.375,9.752281,2025-09-13 00:00:00
1.8666666666666665,5.9187026,2025-09-13 00:00:00
12.475,9.4929,2025-09-13 01:00:00
1.8666666666666665,7.141636,2025-09-13 01:00:00
7.05,9.630016,2025-09-13 01:00:00
7.824999999999999,20.917965,2025-09-13 01:00:00
2.6,6.302184,2025-09-13 01:00:00
8.975,10.495757,2025-09-13 02:00:00
0.6,6.1757536,2025-09-13 02:00:00
3.15,5.662963,2025-09-13 02:00:00
8.175,19.268435,2025-09-13 02:00:00
6.975,8.932406,2025-09-13 02:00:00
7.5,9.4524355,2025-09-13 03:00:00
2.9,5.482144,2025-09-13 03:00:00
7.325,13.305216,2025-09-13 03:00:00
0.6,8.078021,2025-09-13 03:00:00
6.9,15.833547,2025-09-13 03:00:00
7.425,11.727233,2025-09-13 04:00:00
2.9,5.8433056,2025-09-13 04:00:00
6.65,14.885373,2025-09-13 04:00:00
3.25,4.786484,2025-09-13 04:00:00
7.025,10.038641,2025-09-13 04:00:00
7.475,9.048497,2025-09-13 05:00:00
9.625,6.1223044,2025-09-13 05:00:00
2.525,4.580171,2025-09-13 05:00:00
7.550000000000001,12.235588,2025-09-13 05:00:00
11.975,15.065819,2025-09-13 05:00:00
11.75,8.165196,2025-09-13 06:00:00
7.675,12.965369,2025-09-13 06:00:00
23.075,13.6161585,2025-09-13 06:00:00
7.75,8.825933,2025-09-13 06:00:00
4.075,4.299312,2025-09-13 06:00:00
23.05,13.293272,2025-09-13 07:00:00
7.925,11.8945,2025-09-13 07:00:00
11.7,9.14064,2025-09-13 07:00:00
7.25,11.0708,2025-09-13 07:00:00
2.7,5.1659718,2025-09-13 07:00:00
7.375,9.282169,2025-09-13 08:00:00
8.325,12.1683445,2025-09-13 08:00:00
11.1,9.120716,2025-09-13 08:00:00
4.175000000000001,5.3363595,2025-09-13 08:00:00
23.55,15.68726,2025-09-13 08:00:00
24.425,13.989256,2025-09-13 09:00:00
11.525,9.635888,2025-09-13 09:00:00
7.175,8.5201845,2025-09-13 09:00:00
4.35,5.0514617,2025-09-13 09:00:00
8.725,12.515734,2025-09-13 09:00:00
13.275,12.566444,2025-09-13 10:00:00
24.775,13.302889,2025-09-13 10:00:00
10.4,9.956954,2025-09-13 10:00:00
3.7,6.3751044,2025-09-13 10:00:00
6.9,7.757534,2025-09-13 10:00:00
4.025,6.0464783,2025-09-13 11:00:00
25.525,11.362983,2025-09-13 11:00:00
15.75,11.836671,2025-09-13 11:00:00
7.825,9.44419,2025-09-13 11:00:00
11.875,13.72863,2025-09-13 11:00:00
3.825,6.4052,2025-09-13 12:00:00
25.425,11.867504,2025-09-13 12:00:00
15.775,12.303103,2025-09-13 12:00:00
12.1,12.337077,2025-09-13 12:00:00
7.025,9.33491,2025-09-13 12:00:00
5.2,5.387019,2025-09-13 13:00:00
25.775,16.699978,2025-09-13 13:00:00
13.425,17.613424,2025-09-13 13:00:00
16.025,12.349478,2025-09-13 13:00:00
7.35,9.301083,2025-09-13 13:00:00
15.925,16.012144,2025-09-13 14:00:00
7.375,9.334809,2025-09-13 14:00:00
27.1,19.876137,2025-09-13 14:00:00
5.1,6.7274027,2025-09-13 14:00:00
11.75,11.82872,2025-09-13 14:00:00
9.65,12.378561,2025-09-13 15:00:00
27.125,21.293013,2025-09-13 15:00:00
24.1,14.125609,2025-09-13 15:00:00
5.55,5.277853,2025-09-13 15:00:00
7.725,9.311654,2025-09-13 15:00:00
26.975,24.287556,2025-09-13 16:00:00
7.525,10.122723,2025-09-13 16:00:00
9.6,14.044665,2025-09-13 16:00:00
5.65,6.043096,2025-09-13 16:00:00
26.55,12.375429,2025-09-13 16:00:00
25.225,12.767462,2025-09-13 17:00:00
27.325,20.38355,2025-09-13 17:00:00
7.075,9.285258,2025-09-13 17:00:00
3.425,5.95977,2025-09-13 17:00:00
9.766666666666666,10.4778595,2025-09-13 17:00:00
7.75,13.509796,2025-09-13 18:00:00
7.875,11.533546,2025-09-13 18:00:00
7.666666666666667,11.250556,2025-09-13 18:00:00
29.0,22.131165,2025-09-13 18:00:00
2.0,5.177641,2025-09-13 18:00:00
8.275,13.120676,2025-09-13 19:00:00
17.35,21.621231,2025-09-13 19:00:00
4.275,12.404645,2025-09-13 19:00:00
1.4333333333333331,6.00852,2025-09-13 19:00:00
7.075,10.67612,2025-09-13 19:00:00
8.225,23.052975,2025-09-13 20:00:00
2.05,8.308268,2025-09-13 20:00:00
8.175,15.366834,2025-09-13 20:00:00
3.3,13.507839,2025-09-13 20:00:00
6.875,12.059083,2025-09-13 20:00:00
8.475,15.604552,2025-09-13 21:00:00
5.1000000000000005,16.198511,2025-09-13 21:00:00
11.75,22.335342,2025-09-13 21:00:00
1.1,7.727756,2025-09-13 21:00:00
7.025,9.986743,2025-09-13 21:00:00
12.275,9.362746,2025-09-13 22:00:00
0.6,11.267885,2025-09-13 22:00:00
1.325,6.549842,2025-09-13 22:00:00
25.4,21.059315,2025-09-13 22:00:00
9.0,12.537851,2025-09-13 22:00:00
1.4,6.196249,2025-09-13 23:00:00
9.0,11.984712,2025-09-13 23:00:00
0.6333333333333333,11.776908,2025-09-13 23:00:00
26.075,20.67042,2025-09-13 23:00:00
14.95,9.0670185,2025-09-13 23:00:00
1.75,11.660459,2025-09-14 00:00:00
15.275,9.345293,2025-09-14 00:00:00
27.325,19.659647,2025-09-14 00:00:00
9.0,9.314523,2025-09-14 00:00:00
0.5,3.7959368,2025-09-14 00:00:00
0.65,10.531762,2025-09-14 01:00:00
15.1,9.817398,2025-09-14 01:00:00
28.65,19.34048,2025-09-14 01:00:00
0.1,3.5981095,2025-09-14 01:00:00
9.0,9.314882,2025-09-14 01:00:00
29.975,16.024149,2025-09-14 02:00:00
0.275,4.2540336,2025-09-14 02:00:00
0.4,9.848329,2025-09-14 02:00:00
8.675,9.57618,2025-09-14 02:00:00
4.925,9.693166,2025-09-14 03:00:00
0.1,9.022733,2025-09-14 03:00:00
30.95,13.571695,2025-09-14 03:00:00
1.2,3.4151733,2025-09-14 03:00:00
0.1,9.225555,2025-09-14 04:00:00
0.7999999999999999,3.223449,2025-09-14 04:00:00
30.55,15.313216,2025-09-14 04:00:00
4.9,10.235239,2025-09-14 04:00:00
0.6,3.4888575,2025-09-14 05:00:00
6.2,9.319342,2025-09-14 05:00:00
0.1,9.100391,2025-09-14 05:00:00
4.95,11.641488,2025-09-14 05:00:00
29.975,20.433851,2025-09-14 05:00:00
31.075,18.161884,2025-09-14 06:00:00
7.75,9.697304,2025-09-14 06:00:00
0.1,9.59726,2025-09-14 06:00:00
14.433333333333332,11.843277,2025-09-14 06:00:00
1.35,4.1331573,2025-09-14 06:00:00
0.7,3.6318,2025-09-14 07:00:00
16.025,12.857475,2025-09-14 07:00:00
29.25,21.30221,2025-09-14 07:00:00
9.275,9.830837,2025-09-14 07:00:00
0.7,3.6333754,2025-09-14 08:00:00
29.225,20.650248,2025-09-14 08:00:00
16.425,11.509806,2025-09-14 08:00:00
28.1,21.632286,2025-09-14 09:00:00
0.7,4.0265036,2025-09-14 09:00:00
16.225,10.854699,2025-09-14 09:00:00
11.9,10.690195,2025-09-14 10:00:00
27.4,19.306404,2025-09-14 10:00:00
0.7,4.006644,2025-09-14 10:00:00
0.3,5.55679,2025-09-14 11:00:00
10.0,10.137497,2025-09-14 11:00:00
28.575,21.618423,2025-09-14 11:00:00
9.775,12.922564,2025-09-14 11:00:00
30.15,22.269651,2025-09-14 12:00:00
0.5,6.246957,2025-09-14 12:00:00
9.725,10.636314,2025-09-14 12:00:00
9.575,8.975336,2025-09-14 12:00:00
27.375,28.193981,2025-09-14 13:00:00
9.925,11.137936,2025-09-14 13:00:00
0.5,7.366997,2025-09-14 13:00:00
9.3,9.553061,2025-09-14 13:00:00
29.625,28.430107,2025-09-14 14:00:00
0.6,6.190027,2025-09-14 14:00:00
10.65,13.1668215,2025-09-14 14:00:00
9.125,11.690671,2025-09-14 14:00:00
2.0,5.670146,2025-09-14 15:00:00
29.45,31.791142,2025-09-14 15:00:00
9.45,10.773965,2025-09-14 15:00:00
10.8,13.938649,2025-09-14 15:00:00
1.875,5.595772,2025-09-14 16:00:00
9.125,9.513169,2025-09-14 16:00:00
20.325,30.35369,2025-09-14 16:00:00
10.875,12.902081,2025-09-14 16:00:00
0.825,4.769477,2025-09-14 17:00:00
10.8,12.2324295,2025-09-14 17:00:00
9.375,29.624786,2025-09-14 17:00:00
9.425,9.39754,2025-09-14 17:00:00
15.775,26.63758,2025-09-14 18:00:00
11.2,11.820512,2025-09-14 18:00:00
7.666666666666667,11.479346,2025-09-14 18:00:00
2.033333333333333,4.3436546,2025-09-14 18:00:00
21.325,27.331032,2025-09-14 19:00:00
7.475,12.705044,2025-09-14 19:00:00
2.75,5.404103,2025-09-14 19:00:00
11.675,10.677693,2025-09-14 19:00:00
2.55,5.160542,2025-09-14 20:00:00
11.35,11.089695,2025-09-14 20:00:00
17.6,26.422615,2025-09-14 20:00:00
5.7,13.259645,2025-09-14 20:00:00
7.1000000000000005,14.159234,2025-09-14 20:00:00
16.0,29.036945,2025-09-14 21:00:00
3.475,4.32901,2025-09-14 21:00:00
5.55,15.578453,2025-09-14 21:00:00
7.15,16.683802,2025-09-14 21:00:00
11.4,10.23979,2025-09-14 21:00:00
7.05,12.3781185,2025-09-14 22:00:00
3.425,4.3502226,2025-09-14 22:00:00
1.3,13.373673,2025-09-14 22:00:00
6.199999999999999,9.434577,2025-09-14 22:00:00
15.625,23.784357,2025-09-14 22:00:00
1.1666666666666667,4.258931,2025-09-14 23:00:00
20.4,17.816732,2025-09-14 23:00:00
1.475,8.06919,2025-09-14 23:00:00
4.0,9.053728,2025-09-14 23:00:00
8.2,12.707465,2025-09-14 23:00:00
1.625,3.7903717,2025-09-15 00:00:00
4.074999999999999,10.571094,2025-09-15 00:00:00
9.425,10.256528,2025-09-15 00:00:00
37.85,13.611382,2025-09-15 00:00:00
1.1,3.9727964,2025-09-15 00:00:00
1.8,2.5666978,2025-09-15 01:00:00
8.65,10.364589,2025-09-15 01:00:00
0.1,4.84801,2025-09-15 01:00:00
40.225,15.681849,2025-09-15 01:00:00
4.025,9.727756,2025-09-15 01:00:00
5.875,6.082709,2025-09-15 02:00:00
3.1,3.0459836,2025-09-15 02:00:00
5.85,10.247874,2025-09-15 02:00:00
9.0,10.070168,2025-09-15 02:00:00
41.8,18.417154,2025-09-15 02:00:00
8.875,11.041179,2025-09-15 03:00:00
41.725,18.387253,2025-09-15 03:00:00
2.375,2.779361,2025-09-15 03:00:00
9.5,5.827822,2025-09-15 03:00:00
6.625,11.118162,2025-09-15 03:00:00
6.925,10.923028,2025-09-15 04:00:00
45.65,16.14198,2025-09-15 04:00:00
9.675,6.234918,2025-09-15 04:00:00
9.375,11.498335,2025-09-15 04:00:00
2.05,2.6192038,2025-09-15 04:00:00
12.025,5.725611,2025-09-15 05:00:00
7.1,10.3389635,2025-09-15 05:00:00
1.2,3.051158,2025-09-15 05:00:00
9.7,12.11215,2025-09-15 05:00:00
43.0,17.516167,2025-09-15 05:00:00
43.0,21.189495,2025-09-15 06:00:00
1.8,3.5320618,2025-09-15 06:00:00
9.875,10.3947115,2025-09-15 06:00:00
9.475,11.487065,2025-09-15 06:00:00
10.575,5.0664234,2025-09-15 06:00:00
11.55,9.872343,2025-09-15 07:00:00
9.375,5.235406,2025-09-15 07:00:00
1.475,3.291701,2025-09-15 07:00:00
9.0,11.650488,2025-09-15 07:00:00
43.45,22.355482,2025-09-15 07:00:00
11.425,10.233869,2025-09-15 08:00:00
0.95,3.7374728,2025-09-15 08:00:00
8.45,8.807643,2025-09-15 08:00:00
8.6,5.049132,2025-09-15 08:00:00
39.875,26.3997,2025-09-15 08:00:00
1.85,3.4783394,2025-09-15 09:00:00
11.4,10.045229,2025-09-15 09:00:00
32.625,26.61994,2025-09-15 09:00:00
8.7,8.461216,2025-09-15 09:00:00
8.45,8.369333,2025-09-15 09:00:00
28.5,32.265022,2025-09-15 10:00:00
8.35,9.286032,2025-09-15 10:00:00
2.175,3.163792,2025-09-15 10:00:00
14.475,11.14098,2025-09-15 10:00:00
10.475,10.613905,2025-09-15 10:00:00
10.25,11.422528,2025-09-15 11:00:00
2.3,3.848623,2025-09-15 11:00:00
15.75,11.537125,2025-09-15 11:00:00
28.05,35.891182,2025-09-15 11:00:00
8.125,8.336123,2025-09-15 11:00:00
3.025,4.8897734,2025-09-15 12:00:00
10.825,17.429365,2025-09-15 12:00:00
23.275,34.299526,2025-09-15 12:00:00
15.45,10.388676,2025-09-15 12:00:00
8.525,10.90445,2025-09-15 12:00:00
13.825,16.678211,2025-09-15 13:00:00
8.2,12.090321,2025-09-15 13:00:00
3.675,4.683731,2025-09-15 13:00:00
15.35,11.821139,2025-09-15 13:00:00
23.575,37.648796,2025-09-15 13:00:00
13.2,11.311952,2025-09-15 14:00:00
5.1,4.6885166,2025-09-15 14:00:00
7.0,12.876504,2025-09-15 14:00:00
25.275,36.693207,2025-09-15 14:00:00
15.075,16.409126,2025-09-15 14:00:00
7.75,12.959769,2025-09-15 15:00:00
5.175,4.861746,2025-09-15 15:00:00
12.275,12.652608,2025-09-15 15:00:00
22.45,14.576298,2025-09-15 15:00:00
27.225,43.692204,2025-09-15 15:00:00
26.15,12.894301,2025-09-15 16:00:00
7.525,9.641481,2025-09-15 16:00:00
12.475,10.555707,2025-09-15 16:00:00
4.075,5.3649073,2025-09-15 16:00:00
28.95,39.463745,2025-09-15 16:00:00
12.633333333333333,11.752968,2025-09-15 17:00:00
23.975,11.461085,2025-09-15 17:00:00
28.4,39.9306,2025-09-15 17:00:00
3.1,4.742034,2025-09-15 17:00:00
7.175,10.0603,2025-09-15 17:00:00
15.15,12.469533,2025-09-15 18:00:00
13.375,12.595632,2025-09-15 18:00:00
7.266666666666667,12.459855,2025-09-15 18:00:00
3.266666666666667,5.144338,2025-09-15 18:00:00
25.7,31.752773,2025-09-15 18:00:00
11.825,12.783626,2025-09-15 19:00:00
16.125,12.646526,2025-09-15 19:00:00
17.55,24.319183,2025-09-15 19:00:00
7.0,12.751038,2025-09-15 19:00:00
4.325,5.1350513,2025-09-15 19:00:00
11.9,14.829761,2025-09-15 20:00:00
15.85,11.347453,2025-09-15 20:00:00
13.75,26.238937,2025-09-15 20:00:00
3.35,4.453955,2025-09-15 20:00:00
6.8,13.639361,2025-09-15 20:00:00
15.725,10.928633,2025-09-15 21:00:00
6.55,14.765538,2025-09-15 21:00:00
9.625,28.753967,2025-09-15 21:00:00
3.025,5.9380426,2025-09-15 21:00:00
11.85,18.376287,2025-09-15 21:00:00
11.0,24.727577,2025-09-15 22:00:00
23.9,9.735781,2025-09-15 22:00:00
6.3,13.303669,2025-09-15 22:00:00
3.125,5.550462,2025-09-15 22:00:00
8.4,14.716813,2025-09-15 22:00:00
7.875,14.317465,2025-09-15 23:00:00
2.9,4.5775905,2025-09-15 23:00:00
27.7,9.1510935,2025-09-15 23:00:00
6.15,13.307338,2025-09-15 23:00:00
13.45,25.845217,2025-09-15 23:00:00
2.225,3.6456254,2025-09-16 00:00:00
27.45,10.348333,2025-09-16 00:00:00
6.5,9.175188,2025-09-16 00:00:00
13.525,27.800241,2025-09-16 00:00:00
5.95,15.161935,2025-09-16 00:00:00
14.875,24.788057,2025-09-16 01:00:00
3.075,12.546194,2025-09-16 01:00:00
2.525,3.102047,2025-09-16 01:00:00
6.475,9.156587,2025-09-16 01:00:00
27.525,10.365774,2025-09-16 01:00:00
3.7,3.150764,2025-09-16 02:00:00
1.2666666666666666,11.825837,2025-09-16 02:00:00
14.95,22.126749,2025-09-16 02:00:00
6.45,8.760552,2025-09-16 02:00:00
19.375,10.923396,2025-09-16 02:00:00
15.475,11.65383,2025-09-16 03:00:00
15.7,16.53337,2025-09-16 03:00:00
1.2666666666666666,11.689706,2025-09-16 03:00:00
2.675,3.02911,2025-09-16 03:00:00
6.975,8.984434,2025-09-16 03:00:00
7.2,8.979667,2025-09-16 04:00:00
1.2666666666666666,11.477136,2025-09-16 04:00:00
15.475,12.369985,2025-09-16 04:00:00
16.1,15.028753,2025-09-16 04:00:00
4.15,3.2200203,2025-09-16 04:00:00
2.925,2.9262211,2025-09-16 05:00:00
7.5,8.854114,2025-09-16 05:00:00
15.725,15.88794,2025-09-16 05:00:00
15.65,14.19839,2025-09-16 05:00:00
1.4666666666666668,10.390271,2025-09-16 05:00:00
0.8,13.8095455,2025-09-16 06:00:00
5.8,8.801655,2025-09-16 06:00:00
3.85,3.5792406,2025-09-16 06:00:00
15.325,12.551952,2025-09-16 06:00:00
17.5,14.738905,2025-09-16 06:00:00
18.4,13.702054,2025-09-16 07:00:00
17.725,12.670957,2025-09-16 07:00:00
4.175,8.532066,2025-09-16 07:00:00
0.65,10.431874,2025-09-16 07:00:00
3.475,3.8032663,2025-09-16 07:00:00
4.2,8.099526,2025-09-16 08:00:00
20.65,12.486473,2025-09-16 08:00:00
18.425,15.616052,2025-09-16 08:00:00
3.125,3.055671,2025-09-16 08:00:00
0.65,10.34188,2025-09-16 08:00:00
18.95,14.955849,2025-09-16 09:00:00
4.35,10.321614,2025-09-16 09:00:00
0.65,10.642924,2025-09-16 09:00:00
3.15,3.543514,2025-09-16 09:00:00
20.975,10.989367,2025-09-16 09:00:00
19.0,13.619743,2025-09-16 10:00:00
20.125,8.942364,2025-09-16 10:00:00
3.0,4.7526417,2025-09-16 10:00:00
4.5,7.3857274,2025-09-16 10:00:00
0.65,9.982462,2025-09-16 10:00:00
4.175,8.185567,2025-09-16 11:00:00
3.95,4.585821,2025-09-16 11:00:00
18.825,12.882187,2025-09-16 11:00:00
19.65,11.222667,2025-09-16 11:00:00
0.65,9.442377,2025-09-16 11:00:00
21.075,12.486318,2025-09-16 12:00:00
4.275,5.911766,2025-09-16 12:00:00
19.2,14.534399,2025-09-16 12:00:00
3.85,12.728064,2025-09-16 12:00:00
0.65,11.432325,2025-09-16 12:00:00
3.45,14.1425495,2025-09-16 13:00:00
23.15,13.548664,2025-09-16 13:00:00
18.725,14.211541,2025-09-16 13:00:00
1.1,13.63741,2025-09-16 13:00:00
3.25,5.6327477,2025-09-16 13:00:00
2.35,13.535135,2025-09-16 14:00:00
16.025,15.518963,2025-09-16 14:00:00
22.925,13.6157875,2025-09-16 14:00:00
2.5,10.023207,2025-09-16 14:00:00
3.35,5.1485167,2025-09-16 14:00:00
2.4,13.551501,2025-09-16 15:00:00
14.55,16.312597,2025-09-16 15:00:00
22.566666666666663,19.397991,2025-09-16 15:00:00
4.0,5.4725046,2025-09-16 15:00:00
3.975,12.882147,2025-09-16 15:00:00
14.575,16.567072,2025-09-16 16:00:00
3.95,4.8885098,2025-09-16 16:00:00
5.175,13.400158,2025-09-16 16:00:00
21.875,20.318296,2025-09-16 16:00:00
2.125,12.4142885,2025-09-16 16:00:00
6.15,13.576843,2025-09-16 17:00:00
1.625,8.686317,2025-09-16 17:00:00
3.7,4.7769527,2025-09-16 17:00:00
23.775,21.857283,2025-09-16 17:00:00
14.2,16.810625,2025-09-16 17:00:00
17.375,16.732615,2025-09-16 18:00:00
2.1666666666666665,11.827032,2025-09-16 18:00:00
4.533333333333333,6.44656,2025-09-16 18:00:00
22.575,21.627184,2025-09-16 18:00:00
13.175,13.5997715,2025-09-16 18:00:00
2.925,12.506018,2025-09-16 19:00:00
14.625,14.025025,2025-09-16 19:00:00
16.675,21.621807,2025-09-16 19:00:00
18.675,15.685042,2025-09-16 19:00:00
6.1,6.956349,2025-09-16 19:00:00
18.725,15.7283,2025-09-16 20:00:00
5.9,4.210677,2025-09-16 20:00:00
15.3,13.754692,2025-09-16 20:00:00
14.05,22.337297,2025-09-16 20:00:00
2.4,14.961756,2025-09-16 20:00:00
17.95,20.116985,2025-09-16 21:00:00
5.9,3.8370907,2025-09-16 21:00:00
2.75,13.819471,2025-09-16 21:00:00
18.6,13.584713,2025-09-16 21:00:00
15.55,12.071134,2025-09-16 21:00:00
21.45,18.54301,2025-09-16 22:00:00
13.15,8.688502,2025-09-16 22:00:00
2.475,12.412318,2025-09-16 22:00:00
5.375,5.58021,2025-09-16 22:00:00
11.925,13.47655,2025-09-16 22:00:00
5.05,5.0553374,2025-09-16 23:00:00
8.375,13.194396,2025-09-16 23:00:00
12.925,8.191628,2025-09-16 23:00:00
1.825,12.557456,2025-09-16 23:00:00
21.175,18.972466,2025-09-16 23:00:00
22.25,19.46729,2025-09-17 00:00:00
12.35,7.4965525,2025-09-17 00:00:00
8.525,13.750256,2025-09-17 00:00:00
2.35,8.271969,2025-09-17 00:00:00
5.875,5.015659,2025-09-17 00:00:00
6.375,4.443095,2025-09-17 01:00:00
8.825,13.908058,2025-09-17 01:00:00
1.9,6.723745,2025-09-17 01:00:00
21.925,19.344967,2025-09-17 01:00:00
12.75,10.891989,2025-09-17 01:00:00
14.05,10.165012,2025-09-17 02:00:00
2.375,6.101667,2025-09-17 02:00:00
22.775,18.08064,2025-09-17 02:00:00
7.475,15.412989,2025-09-17 02:00:00
5.475,4.775588,2025-09-17 02:00:00
2.625,6.8248506,2025-09-17 03:00:00
13.75,13.138401,2025-09-17 03:00:00
5.075,4.5670466,2025-09-17 03:00:00
23.75,18.505182,2025-09-17 03:00:00
7.05,16.823582,2025-09-17 03:00:00
2.625,6.4921093,2025-09-17 04:00:00
6.625,4.61695,2025-09-17 04:00:00
7.05,15.820097,2025-09-17 04:00:00
25.575,20.266354,2025-09-17 04:00:00
12.925,12.075763,2025-09-17 04:00:00
7.05,12.876058,2025-09-17 05:00:00
13.625,9.277642,2025-09-17 05:00:00
3.2,6.5066366,2025-09-17 05:00:00
23.75,21.55646,2025-09-17 05:00:00
6.15,5.2407956,2025-09-17 05:00:00
5.3,5.9192243,2025-09-17 06:00:00
22.525,21.857082,2025-09-17 06:00:00
13.15,12.939669,2025-09-17 06:00:00
3.95,6.1855426,2025-09-17 06:00:00
8.625,14.50513,2025-09-17 06:00:00
4.925,6.40588,2025-09-17 07:00:00
13.575,10.6105995,2025-09-17 07:00:00
4.45,5.008116,2025-09-17 07:00:00
9.075,11.553974,2025-09-17 07:00:00
22.975,22.564196,2025-09-17 07:00:00
13.9,11.451786,2025-09-17 08:00:00
3.675,4.0934086,2025-09-17 08:00:00
22.675,19.591513,2025-09-17 08:00:00
5.45,6.0931487,2025-09-17 08:00:00
9.125,13.781138,2025-09-17 08:00:00
3.55,3.656778,2025-09-17 09:00:00
5.3500000000000005,6.8654532,2025-09-17 09:00:00
14.25,11.063137,2025-09-17 09:00:00
9.075,12.716724,2025-09-17 09:00:00
23.625,19.660944,2025-09-17 09:00:00
23.275,20.349974,2025-09-17 10:00:00
3.6,5.748065,2025-09-17 10:00:00
10.0,12.749666,2025-09-17 10:00:00
5.8,7.974218,2025-09-17 10:00:00
11.85,12.444881,2025-09-17 10:00:00
3.575,6.560999,2025-09-17 11:00:00
10.6,13.731196,2025-09-17 11:00:00
19.775,20.047312,2025-09-17 11:00:00
5.825,7.7569127,2025-09-17 11:00:00
10.325,12.136641,2025-09-17 11:00:00
5.675,7.5222006,2025-09-17 12:00:00
11.275,14.319729,2025-09-17 12:00:00
19.3,20.803621,2025-09-17 12:00:00
3.25,5.7796097,2025-09-17 12:00:00
10.4,12.553012,2025-09-17 12:00:00
10.6,11.808193,2025-09-17 13:00:00
23.4,19.548464,2025-09-17 13:00:00
13.725,15.889877,2025-09-17 13:00:00
6.625,7.5309086,2025-09-17 13:00:00
3.7,6.673738,2025-09-17 13:00:00
6.15,6.760003,2025-09-17 14:00:00
21.225,21.444357,2025-09-17 14:00:00
3.4,7.071845,2025-09-17 14:00:00
15.775,15.869577,2025-09-17 14:00:00
13.275,10.143082,2025-09-17 14:00:00
3.475,7.131116,2025-09-17 15:00:00
20.175,22.972328,2025-09-17 15:00:00
7.050000000000001,7.409713,2025-09-17 15:00:00
16.75,17.826647,2025-09-17 15:00:00
14.375,10.503096,2025-09-17 15:00:00
19.225,17.554487,2025-09-17 16:00:00
20.6,20.209238,2025-09-17 16:00:00
3.625,7.749428,2025-09-17 16:00:00
14.6,10.852147,2025-09-17 16:00:00
6.550000000000001,7.9324617,2025-09-17 16:00:00
14.8,9.651481,2025-09-17 17:00:00
21.65,20.194704,2025-09-17 17:00:00
4.175,7.0392404,2025-09-17 17:00:00
17.825,16.871042,2025-09-17 17:00:00
6.925,6.8557262,2025-09-17 17:00:00
3.2,5.9891887,2025-09-17 18:00:00
3.6666666666666665,9.796032,2025-09-17 18:00:00
22.75,22.266241,2025-09-17 18:00:00
17.85,15.212039,2025-09-17 18:00:00
15.025,9.266602,2025-09-17 18:00:00
22.425,21.42832,2025-09-17 19:00:00
18.725,17.281942,2025-09-17 19:00:00
3.975,12.8009815,2025-09-17 19:00:00
14.725,10.053921,2025-09-17 19:00:00
1.175,5.9247203,2025-09-17 19:00:00
3.6,11.436689,2025-09-17 20:00:00
2.2,6.576887,2025-09-17 20:00:00
19.0,18.17632,2025-09-17 20:00:00
21.775,21.856934,2025-09-17 20:00:00
14.5,9.752163,2025-09-17 20:00:00
19.975,19.78762,2025-09-17 21:00:00
2.8,5.8338394,2025-09-17 21:00:00
3.6,12.18682,2025-09-17 21:00:00
14.825,9.309901,2025-09-17 21:00:00
19.625,15.245363,2025-09-17 21:00:00
17.95,11.83724,2025-09-17 22:00:00
19.0,20.529808,2025-09-17 22:00:00
3.2,10.882995,2025-09-17 22:00:00
2.175,6.517244,2025-09-17 22:00:00
18.775,10.988715,2025-09-17 22:00:00
15.4,14.143862,2025-09-17 23:00:00
3.35,9.523622,2025-09-17 23:00:00
21.35,20.812605,2025-09-17 23:00:00
3.825,6.6715193,2025-09-17 23:00:00
20.975,9.89286,2025-09-17 23:00:00
20.55,22.293787,2025-09-18 00:00:00
14.05,13.9344425,2025-09-18 00:00:00
3.525,5.9270945,2025-09-18 00:00:00
21.15,10.103654,2025-09-18 00:00:00
2.025,5.414123,2025-09-18 00:00:00
3.725,5.779525,2025-09-18 01:00:00
11.975,14.063524,2025-09-18 01:00:00
21.35,10.430521,2025-09-18 01:00:00
1.975,4.6751122,2025-09-18 01:00:00
21.1,22.46215,2025-09-18 01:00:00
14.0,10.670351,2025-09-18 02:00:00
11.475,14.115611,2025-09-18 02:00:00
2.2,4.5034733,2025-09-18 02:00:00
4.375,5.381255,2025-09-18 02:00:00
21.35,21.669298,2025-09-18 02:00:00
4.25,4.9946795,2025-09-18 03:00:00
10.575,11.208848,2025-09-18 03:00:00
1.65,3.8929973,2025-09-18 03:00:00
22.0,20.129145,2025-09-18 03:00:00
11.55,13.83867,2025-09-18 03:00:00
11.75,14.81554,2025-09-18 04:00:00
4.275,5.3831377,2025-09-18 04:00:00
10.8,11.594927,2025-09-18 04:00:00
1.9,4.9893417,2025-09-18 04:00:00
26.975,20.49288,2025-09-18 04:00:00
4.825,5.2826257,2025-09-18 05:00:00
11.35,13.702521,2025-09-18 05:00:00
4.866666666666666,3.7749436,2025-09-18 05:00:00
26.325,19.468868,2025-09-18 05:00:00
10.525,13.051588,2025-09-18 05:00:00
5.375,4.8519354,2025-09-18 06:00:00
11.6,13.323152,2025-09-18 06:00:00
28.075,20.269382,2025-09-18 06:00:00
7.725,4.1673107,2025-09-18 06:00:00
13.9,14.995043,2025-09-18 06:00:00
15.05,13.464204,2025-09-18 07:00:00
10.675,12.9851675,2025-09-18 07:00:00
9.275,4.8159165,2025-09-18 07:00:00
25.75,20.49756,2025-09-18 07:00:00
5.35,4.699884,2025-09-18 07:00:00
14.75,13.883413,2025-09-18 08:00:00
4.8,7.2310624,2025-09-18 08:00:00
23.95,19.738705,2025-09-18 08:00:00
9.275,4.9525123,2025-09-18 08:00:00
11.3,12.3324795,2025-09-18 08:00:00
25.375,21.232052,2025-09-18 09:00:00
14.875,13.059771,2025-09-18 09:00:00
11.275,12.383889,2025-09-18 09:00:00
9.5,5.4771085,2025-09-18 09:00:00
4.925,5.722356,2025-09-18 09:00:00
8.2,5.575178,2025-09-18 10:00:00
4.625,5.702853,2025-09-18 10:00:00
11.525,13.4279175,2025-09-18 10:00:00
27.2,19.734419,2025-09-18 10:00:00
17.825,12.8659935,2025-09-18 10:00:00
43.275,20.872458,2025-09-18 11:00:00
18.875,13.388692,2025-09-18 11:00:00
4.525,6.749396,2025-09-18 11:00:00
12.25,12.971923,2025-09-18 11:00:00
8.575,5.65649,2025-09-18 11:00:00
3.9,5.702209,2025-09-18 12:00:00
35.475,20.281734,2025-09-18 12:00:00
18.7,10.946074,2025-09-18 12:00:00
13.35,13.062332,2025-09-18 12:00:00
9.875,6.3619614,2025-09-18 12:00:00
11.1,8.021467,2025-09-18 13:00:00
18.525,11.474977,2025-09-18 13:00:00
21.975,22.30327,2025-09-18 13:00:00
4.775,6.223412,2025-09-18 13:00:00
15.675,16.568377,2025-09-18 13:00:00
18.625,16.178526,2025-09-18 14:00:00
4.575,6.761186,2025-09-18 14:00:00
11.3,7.710748,2025-09-18 14:00:00
49.075,23.482567,2025-09-18 14:00:00
15.7,12.340169,2025-09-18 14:00:00
4.6,8.125174,2025-09-18 15:00:00
9.075,9.832185,2025-09-18 15:00:00
25.925,17.02633,2025-09-18 15:00:00
14.325,13.420132,2025-09-18 15:00:00
40.6,22.638094,2025-09-18 15:00:00
4.1,8.87631,2025-09-18 16:00:00
14.125,13.299415,2025-09-18 16:00:00
27.45,24.884996,2025-09-18 16:00:00
8.85,8.262946,2025-09-18 16:00:00
30.875,17.076757,2025-09-18 16:00:00
4.275,8.660423,2025-09-18 17:00:00
19.675,29.862839,2025-09-18 17:00:00
28.35,17.276651,2025-09-18 17:00:00
14.2,13.401923,2025-09-18 17:00:00
9.625,8.00399,2025-09-18 17:00:00
1.2,11.831001,2025-09-18 18:00:00
22.175,28.083214,2025-09-18 18:00:00
9.233333333333333,7.97467,2025-09-18 18:00:00
12.65,14.761494,2025-09-18 18:00:00
15.8,17.80323,2025-09-18 18:00:00
12.3,14.598467,2025-09-18 19:00:00
13.375,18.426939,2025-09-18 19:00:00
1.2,13.10309,2025-09-18 19:00:00
9.15,7.6876016,2025-09-18 19:00:00
26.35,28.86882,2025-09-18 19:00:00
8.4,6.7661753,2025-09-18 20:00:00
1.2,13.698359,2025-09-18 20:00:00
26.2,27.084538,2025-09-18 20:00:00
12.075,13.229837,2025-09-18 20:00:00
14.15,19.634754,2025-09-18 20:00:00
13.1,16.481712,2025-09-18 21:00:00
6.4,7.088608,2025-09-18 21:00:00
1.2,14.819566,2025-09-18 21:00:00
24.95,27.437181,2025-09-18 21:00:00
11.9,12.260742,2025-09-18 21:00:00
14.825,11.535294,2025-09-18 22:00:00
25.925,29.619328,2025-09-18 22:00:00
6.75,6.0842247,2025-09-18 22:00:00
9.475,13.418121,2025-09-18 22:00:00
25.525,27.723969,2025-09-18 23:00:00
9.775,12.581978,2025-09-18 23:00:00
16.0,11.442033,2025-09-18 23:00:00
6.625,5.8638444,2025-09-18 23:00:00
7.225,6.367333,2025-09-19 00:00:00
8.375,15.490304,2025-09-19 00:00:00
16.125,12.739208,2025-09-19 00:00:00
24.75,25.1892,2025-09-19 00:00:00
16.325,13.0590925,2025-09-19 01:00:00
7.825,6.5989065,2025-09-19 01:00:00
8.649999999999999,13.145126,2025-09-19 01:00:00
26.9,24.902643,2025-09-19 01:00:00
13.15,13.252927,2025-09-19 02:00:00
8.475,6.4254575,2025-09-19 02:00:00
6.975,11.390533,2025-09-19 02:00:00
25.7,23.42248,2025-09-19 02:00:00
8.15,7.0929446,2025-09-19 03:00:00
3.55,9.9027815,2025-09-19 03:00:00
11.175,13.304921,2025-09-19 03:00:00
24.025,26.57533,2025-09-19 03:00:00
2.525,9.972786,2025-09-19 04:00:00
7.35,6.4610906,2025-09-19 04:00:00
23.925,27.343306,2025-09-19 04:00:00
11.0,12.670727,2025-09-19 04:00:00
1.0333333333333334,9.805169,2025-09-19 05:00:00
11.35,12.94698,2025-09-19 05:00:00
6.725,6.209313,2025-09-19 05:00:00
24.775,25.501171,2025-09-19 05:00:00
6.25,7.2218633,2025-09-19 06:00:00
25.3,23.776587,2025-09-19 06:00:00
0.3,11.771261,2025-09-19 06:00:00
15.25,13.553487,2025-09-19 06:00:00
5.7,8.307702,2025-09-19 07:00:00
27.75,25.080355,2025-09-19 07:00:00
0.65,12.787818,2025-09-19 07:00:00
16.725,13.988988,2025-09-19 07:00:00
29.725,21.588936,2025-09-19 08:00:00
16.7,14.475385,2025-09-19 08:00:00
7.1,8.796787,2025-09-19 08:00:00
0.7,12.023214,2025-09-19 08:00:00
16.8,13.960162,2025-09-19 09:00:00
31.225,22.971277,2025-09-19 09:00:00
0.7,10.468199,2025-09-19 09:00:00
7.65,9.8591585,2025-09-19 09:00:00
11.525,13.514739,2025-09-19 10:00:00
31.025,22.272211,2025-09-19 10:00:00
0.7,10.201114,2025-09-19 10:00:00
7.95,9.8107605,2025-09-19 10:00:00
3.125,6.2844787,2025-09-19 11:00:00
8.05,9.0884695,2025-09-19 11:00:00
0.7,10.827441,2025-09-19 11:00:00
30.8,22.22787,2025-09-19 11:00:00
8.875,13.227083,2025-09-19 11:00:00
7.25,8.23644,2025-09-19 12:00:00
3.075,4.3497906,2025-09-19 12:00:00
34.575,22.77139,2025-09-19 12:00:00
8.625,12.990388,2025-09-19 12:00:00
35.2,27.254816,2025-09-19 13:00:00
6.574999999999999,9.13315,2025-09-19 13:00:00
2.85,6.014715,2025-09-19 13:00:00
0.7666666666666666,12.255055,2025-09-19 13:00:00
8.575,14.005785,2025-09-19 13:00:00
2.75,5.601603,2025-09-19 14:00:00
0.975,14.061471,2025-09-19 14:00:00
38.775,29.801947,2025-09-19 14:00:00
6.9,8.7989,2025-09-19 14:00:00
14.775,14.361634,2025-09-19 14:00:00
2.625,6.8130374,2025-09-19 15:00:00
2.625,13.253293,2025-09-19 15:00:00
6.4,10.696848,2025-09-19 15:00:00
18.15,14.150861,2025-09-19 15:00:00
41.3,31.821941,2025-09-19 15:00:00
6.55,13.58992,2025-09-19 16:00:00
44.075,31.63635,2025-09-19 16:00:00
6.175,10.758333,2025-09-19 16:00:00
2.175,5.341481,2025-09-19 16:00:00
17.95,13.355319,2025-09-19 16:00:00
7.125,12.793428,2025-09-19 17:00:00
17.866666666666664,12.539265,2025-09-19 17:00:00
8.375,9.29878,2025-09-19 17:00:00
41.7,29.610397,2025-09-19 17:00:00
2.225,6.197249,2025-09-19 17:00:00
11.0,9.0131235,2025-09-19 18:00:00
1.4,11.055906,2025-09-19 18:00:00
16.575,12.747469,2025-09-19 18:00:00
31.275,31.526659,2025-09-19 18:00:00
11.675,9.036858,2025-09-19 19:00:00
1.45,14.725582,2025-09-19 19:00:00
15.975,11.594357,2025-09-19 19:00:00
18.025,30.610836,2025-09-19 19:00:00
10.825,14.644529,2025-09-19 19:00:00
15.775,12.017816,2025-09-19 20:00:00
14.75,27.292805,2025-09-19 20:00:00
9.95,11.46415,2025-09-19 20:00:00
11.55,14.898077,2025-09-19 20:00:00
1.7,15.845869,2025-09-19 20:00:00
1.325,16.058662,2025-09-19 21:00:00
15.825,11.623486,2025-09-19 21:00:00
8.95,7.8416023,2025-09-19 21:00:00
13.175,15.43176,2025-09-19 21:00:00
20.575,28.535917,2025-09-19 21:00:00
0.9,14.678993,2025-09-19 22:00:00
10.75,11.310792,2025-09-19 22:00:00
11.25,10.623132,2025-09-19 22:00:00
24.45,27.292065,2025-09-19 22:00:00
8.850000000000001,7.8016047,2025-09-19 22:00:00
0.75,14.866088,2025-09-19 23:00:00
10.175,10.467809,2025-09-19 23:00:00
8.125,7.7145796,2025-09-19 23:00:00
10.75,12.987854,2025-09-19 23:00:00
25.075000000000003,28.8042,2025-09-19 23:00:00
10.75,11.966371,2025-09-20 00:00:00
27.75,33.09336,2025-09-20 00:00:00
11.25,7.0935917,2025-09-20 00:00:00
9.1,8.054548,2025-09-20 00:00:00
1.6,9.070657,2025-09-20 00:00:00
10.3,8.913979,2025-09-20 01:00:00
10.75,12.408487,2025-09-20 01:00:00
12.95,7.8233757,2025-09-20 01:00:00
23.3,29.664938,2025-09-20 01:00:00
1.6,8.677209,2025-09-20 01:00:00
11.175,8.6467285,2025-09-20 02:00:00
10.85,9.377406,2025-09-20 02:00:00
8.233333333333334,13.288856,2025-09-20 02:00:00
20.775,24.79006,2025-09-20 02:00:00
1.6,8.592332,2025-09-20 02:00:00
19.725,18.880812,2025-09-20 03:00:00
10.55,8.896606,2025-09-20 03:00:00
9.375,13.671437,2025-09-20 03:00:00
8.6,9.091859,2025-09-20 03:00:00
1.6,8.3316,2025-09-20 03:00:00
9.525,8.344392,2025-09-20 04:00:00
9.35,13.254432,2025-09-20 04:00:00
7.675,9.21053,2025-09-20 04:00:00
19.1,21.707178,2025-09-20 04:00:00
8.774999999999999,8.343012,2025-09-20 05:00:00
9.725,12.97632,2025-09-20 05:00:00
6.475,9.19943,2025-09-20 05:00:00
18.825,21.89448,2025-09-20 05:00:00
9.625,26.222517,2025-09-20 06:00:00
6.075,8.496557,2025-09-20 06:00:00
12.0,12.963582,2025-09-20 06:00:00
8.5,8.486008,2025-09-20 06:00:00
3.9,9.744698,2025-09-20 07:00:00
8.45,8.685376,2025-09-20 07:00:00
13.25,12.237003,2025-09-20 07:00:00
17.275,24.847696,2025-09-20 07:00:00
8.375,9.99902,2025-09-20 08:00:00
13.4,23.18393,2025-09-20 08:00:00
13.025,12.009112,2025-09-20 08:00:00
5.15,8.977526,2025-09-20 08:00:00
3.2,9.078155,2025-09-20 09:00:00
13.575,22.275415,2025-09-20 09:00:00
12.85,11.748441,2025-09-20 09:00:00
10.1,10.341499,2025-09-20 09:00:00
4.325,10.118605,2025-09-20 09:00:00
10.95,10.280221,2025-09-20 10:00:00
17.525,18.289328,2025-09-20 10:00:00
5.0,10.101503,2025-09-20 10:00:00
8.825,12.185233,2025-09-20 10:00:00
10.575,8.997336,2025-09-20 11:00:00
6.975,12.313377,2025-09-20 11:00:00
18.225,18.654814,2025-09-20 11:00:00
5.325,10.13862,2025-09-20 11:00:00
10.575,8.80719,2025-09-20 12:00:00
16.125,17.42888,2025-09-20 12:00:00
4.725,9.747766,2025-09-20 12:00:00
6.975,11.533887,2025-09-20 12:00:00
4.975,9.753609,2025-09-20 13:00:00
6.775,12.165123,2025-09-20 13:00:00
9.775,9.248692,2025-09-20 13:00:00
18.7,20.487318,2025-09-20 13:00:00
8.6,9.142646,2025-09-20 14:00:00
12.35,19.637918,2025-09-20 14:00:00
5.65,12.622382,2025-09-20 14:00:00
7.1,10.294059,2025-09-20 14:00:00
8.625,10.644736,2025-09-20 15:00:00
4.875,16.088268,2025-09-20 15:00:00
18.5,20.98331,2025-09-20 15:00:00
8.3,9.678508,2025-09-20 15:00:00
4.8500000000000005,11.73527,2025-09-20 15:00:00
25.175,20.836695,2025-09-20 16:00:00
9.15,8.666276,2025-09-20 16:00:00
8.675,8.93908,2025-09-20 16:00:00
4.8,12.895192,2025-09-20 16:00:00
5.15,9.7883625,2025-09-20 16:00:00
5.75,6.932171,2025-09-20 17:00:00
10.25,10.188228,2025-09-20 17:00:00
4.833333333333333,12.460355,2025-09-20 17:00:00
24.45,23.37387,2025-09-20 17:00:00
10.9,8.252499,2025-09-20 17:00:00
5.2,14.03588,2025-09-20 18:00:00
15.375,9.90035,2025-09-20 18:00:00
11.433333333333332,10.326762,2025-09-20 18:00:00
10.575,11.155156,2025-09-20 18:00:00
25.95,17.945206,2025-09-20 18:00:00
27.3,20.751516,2025-09-20 19:00:00
4.425,14.597212,2025-09-20 19:00:00
12.45,10.208963,2025-09-20 19:00:00
15.8,11.559312,2025-09-20 19:00:00
13.35,11.085617,2025-09-20 19:00:00
15.95,11.541942,2025-09-20 20:00:00
30.625,20.051214,2025-09-20 20:00:00
11.8,9.947287,2025-09-20 20:00:00
3.7,16.450817,2025-09-20 20:00:00
13.625,9.745799,2025-09-20 20:00:00
16.675,12.929772,2025-09-20 21:00:00
4.025,16.536844,2025-09-20 21:00:00
9.675,10.350392,2025-09-20 21:00:00
13.55,8.500926,2025-09-20 21:00:00
33.125,20.993347,2025-09-20 21:00:00
31.950000000000003,17.260422,2025-09-20 22:00:00
12.9,8.626071,2025-09-20 22:00:00
8.55,9.353252,2025-09-20 22:00:00
3.3,14.041828,2025-09-20 22:00:00
13.425,9.520837,2025-09-20 22:00:00
8.6,9.208772,2025-09-20 23:00:00
12.7,8.757665,2025-09-20 23:00:00
3.35,14.155495,2025-09-20 23:00:00
13.35,10.494496,2025-09-20 23:00:00
32.25,19.391912,2025-09-20 23:00:00
3.375,10.487417,2025-09-21 00:00:00
9.675,9.752106,2025-09-21 00:00:00
12.875,9.478268,2025-09-21 00:00:00
13.7,10.55791,2025-09-21 00:00:00
30.475,22.056772,2025-09-21 00:00:00
33.2,22.267761,2025-09-21 01:00:00
16.025,11.779471,2025-09-21 01:00:00
4.1,10.528932,2025-09-21 01:00:00
12.925,10.065287,2025-09-21 01:00:00
11.0,10.48679,2025-09-21 01:00:00
4.275,9.31593,2025-09-21 02:00:00
35.125,23.901505,2025-09-21 02:00:00
10.775,10.238191,2025-09-21 02:00:00
14.4,14.615056,2025-09-21 02:00:00
9.875,10.890349,2025-09-21 02:00:00
11.65,10.703136,2025-09-21 03:00:00
14.475,14.213412,2025-09-21 03:00:00
4.375,9.445615,2025-09-21 03:00:00
8.6,10.781168,2025-09-21 03:00:00
33.900000000000006,27.6756,2025-09-21 03:00:00
8.75,11.46943,2025-09-21 04:00:00
4.65,8.662351,2025-09-21 04:00:00
11.475,10.176105,2025-09-21 04:00:00
33.625,26.756718,2025-09-21 04:00:00
13.375,14.900707,2025-09-21 04:00:00
12.1,11.6891365,2025-09-21 05:00:00
9.55,10.068425,2025-09-21 05:00:00
5.775,5.7807903,2025-09-21 05:00:00
8.725,11.758573,2025-09-21 05:00:00
27.1,25.934984,2025-09-21 05:00:00
5.575,10.905861,2025-09-21 06:00:00
6.2,6.198036,2025-09-21 06:00:00
11.775,11.776499,2025-09-21 06:00:00
9.7,9.988993,2025-09-21 06:00:00
31.275,25.169899,2025-09-21 06:00:00
12.2,12.358137,2025-09-21 07:00:00
34.725,22.324326,2025-09-21 07:00:00
4.075,11.589058,2025-09-21 07:00:00
6.6,6.0088296,2025-09-21 07:00:00
9.075,10.776605,2025-09-21 07:00:00
33.275,24.858353,2025-09-21 08:00:00
10.6,10.903347,2025-09-21 08:00:00
9.05,11.057445,2025-09-21 08:00:00
5.125,6.7733183,2025-09-21 08:00:00
4.225,11.709087,2025-09-21 08:00:00
10.85,11.21307,2025-09-21 09:00:00
34.075,24.371527,2025-09-21 09:00:00
4.2,7.1943946,2025-09-21 09:00:00
3.825,9.89936,2025-09-21 09:00:00
10.5,10.374669,2025-09-21 09:00:00
3.35,11.534863,2025-09-21 10:00:00
10.425,11.945575,2025-09-21 10:00:00
34.2,17.873138,2025-09-21 10:00:00
11.475,10.569083,2025-09-21 10:00:00
3.675,7.3918247,2025-09-21 10:00:00
10.25,10.668519,2025-09-21 11:00:00
3.025,10.652962,2025-09-21 11:00:00
32.325,18.683256,2025-09-21 11:00:00
12.15,10.324897,2025-09-21 11:00:00
4.125,6.6791263,2025-09-21 11:00:00
3.075,9.7243595,2025-09-21 12:00:00
36.775,20.633879,2025-09-21 12:00:00
11.475,12.089155,2025-09-21 12:00:00
4.675,6.9178905,2025-09-21 12:00:00
12.425,9.704877,2025-09-21 12:00:00
10.4,9.1777115,2025-09-21 13:00:00
4.25,7.3823843,2025-09-21 13:00:00
34.35,22.801838,2025-09-21 13:00:00
13.225,12.208728,2025-09-21 13:00:00
3.0,9.490232,2025-09-21 13:00:00
15.375,13.642471,2025-09-21 14:00:00
7.975,9.032185,2025-09-21 14:00:00
33.75,26.996367,2025-09-21 14:00:00
4.05,7.40357,2025-09-21 14:00:00
9.475,9.082727,2025-09-21 14:00:00
14.575,14.390549,2025-09-21 15:00:00
10.4,8.846831,2025-09-21 15:00:00
33.875,30.728329,2025-09-21 15:00:00
9.075,10.052758,2025-09-21 15:00:00
3.15,7.939659,2025-09-21 15:00:00
35.225,31.34082,2025-09-21 16:00:00
17.2,14.057578,2025-09-21 16:00:00
10.3,8.815749,2025-09-21 16:00:00
3.1,10.833399,2025-09-21 16:00:00
9.425,11.02291,2025-09-21 16:00:00
3.225,10.27283,2025-09-21 17:00:00
10.9,10.62759,2025-09-21 17:00:00
36.625,30.407434,2025-09-21 17:00:00
18.075,14.0840645,2025-09-21 17:00:00
10.2,8.705263,2025-09-21 17:00:00
2.466666666666667,13.8334,2025-09-21 18:00:00
28.475,28.2557,2025-09-21 18:00:00
11.3,11.337634,2025-09-21 18:00:00
9.55,8.426322,2025-09-21 18:00:00
16.4,15.940348,2025-09-21 18:00:00
24.625,27.110655,2025-09-21 19:00:00
10.475,11.326504,2025-09-21 19:00:00
9.2,7.1890087,2025-09-21 19:00:00
15.45,17.10318,2025-09-21 19:00:00
2.375,14.4722805,2025-09-21 19:00:00
11.35,11.364979,2025-09-21 20:00:00
9.2,8.03927,2025-09-21 20:00:00
2.1,18.958733,2025-09-21 20:00:00
28.775,30.527565,2025-09-21 20:00:00
16.15,16.541943,2025-09-21 20:00:00
15.675,16.033285,2025-09-21 21:00:00
8.8,10.62471,2025-09-21 21:00:00
9.275,8.733286,2025-09-21 21:00:00
27.85,30.82545,2025-09-21 21:00:00
2.075,17.802286,2025-09-21 21:00:00
24.975,28.947832,2025-09-21 22:00:00
2.15,16.192738,2025-09-21 22:00:00
11.975,8.67939,2025-09-21 22:00:00
7.85,9.429152,2025-09-21 22:00:00
11.75,15.914823,2025-09-21 22:00:00
13.025,9.709833,2025-09-21 23:00:00
11.525,17.21718,2025-09-21 23:00:00
1.9,13.219134,2025-09-21 23:00:00
22.8,29.491928,2025-09-21 23:00:00
7.725,10.248262,2025-09-21 23:00:00
8.925,10.753175,2025-09-22 00:00:00
2.475,10.651249,2025-09-22 00:00:00
13.3,10.777641,2025-09-22 00:00:00
11.925,16.320057,2025-09-22 00:00:00
25.15,32.349567,2025-09-22 00:00:00
13.325,10.221757,2025-09-22 01:00:00
24.975,28.64641,2025-09-22 01:00:00
2.5,8.1001425,2025-09-22 01:00:00
13.2,14.571226,2025-09-22 01:00:00
10.675,10.851257,2025-09-22 01:00:00
6.425,8.542306,2025-09-22 02:00:00
12.325,14.577662,2025-09-22 02:00:00
2.675,8.476058,2025-09-22 02:00:00
10.425,10.615735,2025-09-22 02:00:00
23.55,23.931507,2025-09-22 02:00:00
11.725,15.576924,2025-09-22 03:00:00
24.45,25.709148,2025-09-22 03:00:00
3.125,8.072777,2025-09-22 03:00:00
2.45,6.8880596,2025-09-22 03:00:00
10.3,11.002213,2025-09-22 03:00:00
9.125,14.745188,2025-09-22 04:00:00
9.575,10.066382,2025-09-22 04:00:00
3.4,9.640991,2025-09-22 04:00:00
3.1,6.3715835,2025-09-22 04:00:00
22.825,25.980862,2025-09-22 04:00:00
8.2,9.800452,2025-09-22 05:00:00
9.3,13.222696,2025-09-22 05:00:00
3.75,9.935948,2025-09-22 05:00:00
3.8,7.1969047,2025-09-22 05:00:00
22.575,24.851128,2025-09-22 05:00:00
9.3,12.401613,2025-09-22 06:00:00
5.7,6.9112306,2025-09-22 06:00:00
8.3,10.571175,2025-09-22 06:00:00
7.425,10.725809,2025-09-22 06:00:00
21.075,24.968935,2025-09-22 06:00:00
20.25,24.054613,2025-09-22 07:00:00
10.5,10.610638,2025-09-22 07:00:00
3.9,7.9167004,2025-09-22 07:00:00
27.8,11.584248,2025-09-22 07:00:00
7.2,10.906875,2025-09-22 07:00:00
4.7,10.964723,2025-09-22 08:00:00
23.925,20.720314,2025-09-22 08:00:00
3.55,6.9673233,2025-09-22 08:00:00
10.475,9.818378,2025-09-22 08:00:00
8.7,12.285561,2025-09-22 08:00:00
4.7,5.1719337,2025-09-22 09:00:00
14.725,20.427357,2025-09-22 09:00:00
3.3,10.786311,2025-09-22 09:00:00
10.7,8.194644,2025-09-22 09:00:00
9.5,10.628426,2025-09-22 09:00:00
18.4,8.467683,2025-09-22 10:00:00
15.45,19.44872,2025-09-22 10:00:00
1.6,11.847159,2025-09-22 10:00:00
9.725,10.351216,2025-09-22 10:00:00
4.225,5.819015,2025-09-22 10:00:00
15.45,18.425987,2025-09-22 11:00:00
3.375,6.2668614,2025-09-22 11:00:00
22.25,7.447746,2025-09-22 11:00:00
1.6,12.380745,2025-09-22 11:00:00
9.95,9.619714,2025-09-22 11:00:00
1.5,13.286612,2025-09-22 12:00:00
10.025,9.070431,2025-09-22 12:00:00
2.7,6.5952024,2025-09-22 12:00:00
13.65,19.77231,2025-09-22 12:00:00
22.2,7.85561,2025-09-22 12:00:00
1.5,15.631738,2025-09-22 13:00:00
14.625,19.870548,2025-09-22 13:00:00
3.525,7.933886,2025-09-22 13:00:00
21.85,9.217442,2025-09-22 13:00:00
8.95,8.364174,2025-09-22 13:00:00
3.4333333333333336,17.158203,2025-09-22 14:00:00
8.225,10.037185,2025-09-22 14:00:00
16.05,11.134111,2025-09-22 14:00:00
3.075,10.077903,2025-09-22 14:00:00
12.575,22.850657,2025-09-22 14:00:00
13.975,23.846346,2025-09-22 15:00:00
2.35,8.327491,2025-09-22 15:00:00
13.325,11.310785,2025-09-22 15:00:00
5.025,17.53432,2025-09-22 15:00:00
7.1,9.923375,2025-09-22 15:00:00
13.35,11.589819,2025-09-22 16:00:00
2.65,10.101581,2025-09-22 16:00:00
15.225,23.178904,2025-09-22 16:00:00
7.6,10.805397,2025-09-22 16:00:00
4.75,13.743492,2025-09-22 16:00:00
8.75,12.328576,2025-09-22 17:00:00
13.266666666666666,12.806151,2025-09-22 17:00:00
2.925,8.382,2025-09-22 17:00:00
19.3,21.549799,2025-09-22 17:00:00
5.233333333333333,12.739924,2025-09-22 17:00:00
10.4,11.139113,2025-09-22 18:00:00
21.950000000000003,17.468813,2025-09-22 18:00:00
16.525,13.32413,2025-09-22 18:00:00
11.475,15.350443,2025-09-22 18:00:00
2.9,15.084056,2025-09-22 18:00:00
17.625,12.791643,2025-09-22 19:00:00
24.15,20.010332,2025-09-22 19:00:00
3.65,14.23972,2025-09-22 19:00:00
11.725,12.949451,2025-09-22 19:00:00
11.65,10.263384,2025-09-22 19:00:00
17.425,12.379894,2025-09-22 20:00:00
3.6,15.289126,2025-09-22 20:00:00
24.0,17.366428,2025-09-22 20:00:00
18.95,12.922648,2025-09-22 20:00:00
11.5,10.186358,2025-09-22 20:00:00
15.275,12.424062,2025-09-22 21:00:00
17.25,10.461384,2025-09-22 21:00:00
4.175,12.845891,2025-09-22 21:00:00
23.475,17.796165,2025-09-22 21:00:00
9.875,9.339961,2025-09-22 21:00:00
8.575,8.41047,2025-09-22 22:00:00
2.775,14.128819,2025-09-22 22:00:00
15.75,13.605951,2025-09-22 22:00:00
24.45,14.321625,2025-09-22 22:00:00
13.625,9.578578,2025-09-22 22:00:00
12.0,9.406479,2025-09-22 23:00:00
25.25,16.73577,2025-09-22 23:00:00
2.45,12.216511,2025-09-22 23:00:00
9.275,8.62158,2025-09-22 23:00:00
11.025,10.702045,2025-09-22 23:00:00
25.675,19.068949,2025-09-23 00:00:00
3.575,9.155871,2025-09-23 00:00:00
9.4,8.861937,2025-09-23 00:00:00
11.975,10.373232,2025-09-23 00:00:00
10.975,12.276437,2025-09-23 00:00:00
12.7,9.767428,2025-09-23 01:00:00
10.15,9.387499,2025-09-23 01:00:00
3.675,10.031864,2025-09-23 01:00:00
28.7,19.161535,2025-09-23 01:00:00
12.375,11.967461,2025-09-23 01:00:00
25.775,20.081627,2025-09-23 02:00:00
11.275,10.69005,2025-09-23 02:00:00
12.675,12.367294,2025-09-23 02:00:00
4.05,6.0426593,2025-09-23 02:00:00
7.075,11.211168,2025-09-23 02:00:00
4.3,6.2327175,2025-09-23 03:00:00
11.2,10.615689,2025-09-23 03:00:00
11.1,16.422663,2025-09-23 03:00:00
23.3,21.251007,2025-09-23 03:00:00
4.375,12.081696,2025-09-23 03:00:00
22.75,21.43041,2025-09-23 04:00:00
4.175,6.2470365,2025-09-23 04:00:00
10.1,15.547177,2025-09-23 04:00:00
4.275,12.689884,2025-09-23 04:00:00
11.1,9.962277,2025-09-23 04:00:00
3.9,7.0189414,2025-09-23 05:00:00
9.725,9.841897,2025-09-23 05:00:00
8.175,12.727622,2025-09-23 05:00:00
4.3,12.189285,2025-09-23 05:00:00
30.75,23.395794,2025-09-23 05:00:00
34.975,25.876823,2025-09-23 06:00:00
8.175,10.85357,2025-09-23 06:00:00
9.825,10.230812,2025-09-23 06:00:00
5.9,7.814033,2025-09-23 06:00:00
3.725,12.326047,2025-09-23 06:00:00
2.95,12.259091,2025-09-23 07:00:00
10.0,10.302665,2025-09-23 07:00:00
6.025,10.452535,2025-09-23 07:00:00
8.975,6.8822227,2025-09-23 07:00:00
35.425,24.54686,2025-09-23 07:00:00
2.45,12.0762005,2025-09-23 08:00:00
5.199999999999999,10.56513,2025-09-23 08:00:00
9.875,10.61762,2025-09-23 08:00:00
27.200000000000003,26.170013,2025-09-23 08:00:00
6.1,8.4612,2025-09-23 08:00:00
10.4,9.653099,2025-09-23 09:00:00
1.825,10.990852,2025-09-23 09:00:00
5.9750000000000005,9.690212,2025-09-23 09:00:00
6.050000000000001,11.14281,2025-09-23 09:00:00
29.0,20.554882,2025-09-23 09:00:00
5.875,6.694501,2025-09-23 10:00:00
4.225,11.562126,2025-09-23 10:00:00
4.3,10.02036,2025-09-23 10:00:00
20.775,19.094568,2025-09-23 10:00:00
11.5,10.320996,2025-09-23 10:00:00
6.025,10.373249,2025-09-23 11:00:00
11.675,11.363988,2025-09-23 11:00:00
24.825,20.41422,2025-09-23 11:00:00
5.05,6.7299414,2025-09-23 11:00:00
5.125,11.023452,2025-09-23 11:00:00
4.775,11.233545,2025-09-23 12:00:00
24.225,25.563051,2025-09-23 12:00:00
5.3,12.344518,2025-09-23 12:00:00
4.65,6.9174447,2025-09-23 12:00:00
11.975,10.385383,2025-09-23 12:00:00
4.375,12.14154,2025-09-23 13:00:00
24.175,25.361677,2025-09-23 13:00:00
10.225,9.255907,2025-09-23 13:00:00
4.225,8.480923,2025-09-23 13:00:00
10.2,11.353828,2025-09-23 13:00:00
25.75,27.118433,2025-09-23 14:00:00
10.2,9.4023485,2025-09-23 14:00:00
4.55,7.2052884,2025-09-23 14:00:00
18.0,12.809067,2025-09-23 14:00:00
10.75,11.900039,2025-09-23 14:00:00
23.425,29.576427,2025-09-23 15:00:00
18.125,11.55137,2025-09-23 15:00:00
5.075,7.413935,2025-09-23 15:00:00
13.925,11.40368,2025-09-23 15:00:00
10.95,11.108405,2025-09-23 15:00:00
9.5,9.699109,2025-09-23 16:00:00
25.3,10.741562,2025-09-23 16:00:00
19.7,28.84886,2025-09-23 16:00:00
13.675,8.373865,2025-09-23 16:00:00
4.775,6.93775,2025-09-23 16:00:00
4.875,7.855212,2025-09-23 17:00:00
22.25,28.39316,2025-09-23 17:00:00
10.475,10.01653,2025-09-23 17:00:00
24.775,9.190146,2025-09-23 17:00:00
13.633333333333333,9.416687,2025-09-23 17:00:00
19.575,26.570879,2025-09-23 18:00:00
10.666666666666666,10.636792,2025-09-23 18:00:00
13.125,9.566359,2025-09-23 18:00:00
4.433333333333334,13.262444,2025-09-23 18:00:00
17.025,10.968716,2025-09-23 18:00:00
31.475,26.06143,2025-09-23 19:00:00
5.05,15.03445,2025-09-23 19:00:00
12.525,9.558064,2025-09-23 19:00:00
14.0,12.869872,2025-09-23 19:00:00
10.775,10.942549,2025-09-23 19:00:00
4.3,15.273846,2025-09-23 20:00:00
21.35,13.649543,2025-09-23 20:00:00
12.5,8.272808,2025-09-23 20:00:00
49.125,28.81126,2025-09-23 20:00:00
10.45,10.799697,2025-09-23 20:00:00
9.025,10.167584,2025-09-23 21:00:00
5.075,16.605913,2025-09-23 21:00:00
24.1,28.497314,2025-09-23 21:00:00
13.875,15.613178,2025-09-23 21:00:00
12.6,9.165801,2025-09-23 21:00:00
7.525,11.646352,2025-09-23 22:00:00
9.55,16.516891,2025-09-23 22:00:00
13.075,10.622634,2025-09-23 22:00:00
15.5,24.084728,2025-09-23 22:00:00
4.45,11.399082,2025-09-23 22:00:00
4.199999999999999,10.678989,2025-09-23 23:00:00
8.15,17.330166,2025-09-23 23:00:00
8.2,10.315321,2025-09-23 23:00:00
13.3,9.814509,2025-09-23 23:00:00
20.575,22.562654,2025-09-23 23:00:00
4.975,7.842462,2025-09-24 00:00:00
14.175,21.150032,2025-09-24 00:00:00
5.65,16.90366,2025-09-24 00:00:00
8.4,10.376463,2025-09-24 00:00:00
13.45,9.440129,2025-09-24 00:00:00
8.325,13.5795765,2025-09-24 01:00:00
4.625,8.005071,2025-09-24 01:00:00
10.5,25.18991,2025-09-24 01:00:00
10.075,10.490087,2025-09-24 01:00:00
13.925,9.353616,2025-09-24 01:00:00
14.95,8.537484,2025-09-24 02:00:00
5.2,7.9532976,2025-09-24 02:00:00
6.075,15.284316,2025-09-24 02:00:00
12.025,27.604116,2025-09-24 02:00:00
10.575,9.909291,2025-09-24 02:00:00
14.95,25.387623,2025-09-24 03:00:00
4.775,15.841416,2025-09-24 03:00:00
10.225,10.403935,2025-09-24 03:00:00
15.875,9.109767,2025-09-24 03:00:00
5.225,7.859032,2025-09-24 03:00:00
4.125,14.448109,2025-09-24 04:00:00
9.5,10.490816,2025-09-24 04:00:00
15.775,9.703036,2025-09-24 04:00:00
14.35,28.3974,2025-09-24 04:00:00
5.85,8.201013,2025-09-24 04:00:00
8.775,9.881273,2025-09-24 05:00:00
7.0,8.686058,2025-09-24 05:00:00
16.125,10.465792,2025-09-24 05:00:00
3.1,11.389182,2025-09-24 05:00:00
15.625,23.197332,2025-09-24 05:00:00
8.3,10.034273,2025-09-24 06:00:00
14.425,20.163742,2025-09-24 06:00:00
6.725,7.870822,2025-09-24 06:00:00
14.625,10.200402,2025-09-24 06:00:00
5.2,9.882705,2025-09-24 06:00:00
7.25,10.090486,2025-09-24 07:00:00
13.5,10.632645,2025-09-24 07:00:00
2.766666666666667,10.473374,2025-09-24 07:00:00
7.075,7.9533653,2025-09-24 07:00:00
14.225,15.928124,2025-09-24 07:00:00
13.4,10.77261,2025-09-24 08:00:00
7.075,7.466173,2025-09-24 08:00:00
14.275,11.85646,2025-09-24 08:00:00
7.675,9.633776,2025-09-24 08:00:00
1.5333333333333332,8.964914,2025-09-24 08:00:00
1.5333333333333332,9.9408865,2025-09-24 09:00:00
8.125,10.377751,2025-09-24 09:00:00
13.65,14.912557,2025-09-24 09:00:00
13.25,11.639135,2025-09-24 09:00:00
7.075,6.984624,2025-09-24 09:00:00
3.0666666666666664,9.8027935,2025-09-24 10:00:00
13.25,12.074376,2025-09-24 10:00:00
9.55,9.678498,2025-09-24 10:00:00
6.675,8.50446,2025-09-24 10:00:00
45.875,14.942823,2025-09-24 10:00:00
12.925,11.270994,2025-09-24 11:00:00
9.925,9.385071,2025-09-24 11:00:00
53.2,14.304926,2025-09-24 11:00:00
6.4,6.411732,2025-09-24 11:00:00
7.975,9.068095,2025-09-24 11:00:00
8.9,9.784697,2025-09-24 12:00:00
6.975,6.92717,2025-09-24 12:00:00
12.775,11.496461,2025-09-24 12:00:00
43.6,11.370027,2025-09-24 12:00:00
9.95,8.887383,2025-09-24 12:00:00
9.125,9.398105,2025-09-24 13:00:00
18.4,10.686996,2025-09-24 13:00:00
39.35,10.716882,2025-09-24 13:00:00
6.225,8.041768,2025-09-24 13:00:00
12.925,11.285953,2025-09-24 13:00:00
10.7,11.94369,2025-09-24 14:00:00
5.975,7.489779,2025-09-24 14:00:00
42.25,11.380913,2025-09-24 14:00:00
42.375,15.028311,2025-09-24 14:00:00
8.175,9.379033,2025-09-24 14:00:00
9.3,12.449347,2025-09-24 15:00:00
8.025,8.7867365,2025-09-24 15:00:00
6.375,8.112163,2025-09-24 15:00:00
48.875,10.994244,2025-09-24 15:00:00
48.55,15.363191,2025-09-24 15:00:00
49.175,24.233686,2025-09-24 16:00:00
9.275,12.022714,2025-09-24 16:00:00
5.95,8.911911,2025-09-24 16:00:00
40.675,10.73858,2025-09-24 16:00:00
7.05,9.782971,2025-09-24 16:00:00
9.133333333333333,11.649977,2025-09-24 17:00:00
6.175,9.951437,2025-09-24 17:00:00
34.075,9.970834,2025-09-24 17:00:00
49.075,34.838024,2025-09-24 17:00:00
7.9,9.321442,2025-09-24 17:00:00
10.6,9.83591,2025-09-24 18:00:00
12.2,11.577187,2025-09-24 18:00:00
13.15,12.913757,2025-09-24 18:00:00
2.3666666666666667,14.929443,2025-09-24 18:00:00
39.7,27.48047,2025-09-24 18:00:00
13.7,11.675391,2025-09-24 19:00:00
34.875,26.778849,2025-09-24 19:00:00
10.925,9.84379,2025-09-24 19:00:00
8.5,14.961395,2025-09-24 19:00:00
0.725,15.758054,2025-09-24 19:00:00
12.05,19.650457,2025-09-24 20:00:00
11.05,9.358923,2025-09-24 20:00:00
31.9,29.708145,2025-09-24 20:00:00
13.4,11.229761,2025-09-24 20:00:00
0.1,13.902453,2025-09-24 20:00:00
0.1,14.644639,2025-09-24 21:00:00
5.0,19.689186,2025-09-24 21:00:00
13.575,10.751144,2025-09-24 21:00:00
24.025,33.66773,2025-09-24 21:00:00
10.725,9.273012,2025-09-24 21:00:00
21.95,32.269882,2025-09-24 22:00:00
8.75,8.093811,2025-09-24 22:00:00
9.875,9.606596,2025-09-24 22:00:00
3.1333333333333333,15.179924,2025-09-24 22:00:00
0.1,13.97888,2025-09-24 22:00:00
8.525,8.57281,2025-09-24 23:00:00
21.2,36.320538,2025-09-24 23:00:00
2.975,16.04454,2025-09-24 23:00:00
7.875,9.95277,2025-09-24 23:00:00
0.1,13.676869,2025-09-24 23:00:00
8.575,8.451944,2025-09-25 00:00:00
22.975,38.43851,2025-09-25 00:00:00
2.975,19.483881,2025-09-25 00:00:00
8.15,11.256633,2025-09-25 00:00:00
8.475,10.403614,2025-09-25 01:00:00
32.025,30.318182,2025-09-25 01:00:00
9.125,9.385435,2025-09-25 01:00:00
0.3,15.293369,2025-09-25 01:00:00
10.8,9.947521,2025-09-25 02:00:00
7.824999999999999,11.659481,2025-09-25 02:00:00
0.65,11.207686,2025-09-25 02:00:00
3.35,16.38656,2025-09-25 02:00:00
31.175,28.039007,2025-09-25 02:00:00
11.125,9.993951,2025-09-25 03:00:00
3.35,13.764769,2025-09-25 03:00:00
30.425,27.601767,2025-09-25 03:00:00
0.5,8.88076,2025-09-25 03:00:00
7.675,12.857745,2025-09-25 03:00:00
3.35,13.808465,2025-09-25 04:00:00
7.975,13.232503,2025-09-25 04:00:00
10.9,9.983155,2025-09-25 04:00:00
1.1,8.529855,2025-09-25 04:00:00
21.775,22.616808,2025-09-25 04:00:00
7.975,12.618314,2025-09-25 05:00:00
2.5,13.009039,2025-09-25 05:00:00
1.625,10.190005,2025-09-25 05:00:00
9.175,9.576731,2025-09-25 05:00:00
15.65,23.536716,2025-09-25 05:00:00
2.5,11.427301,2025-09-25 06:00:00
5.6,11.497577,2025-09-25 06:00:00
9.225,9.444291,2025-09-25 06:00:00
34.975,23.001162,2025-09-25 06:00:00
2.5,10.947161,2025-09-25 07:00:00
9.4,9.537816,2025-09-25 07:00:00
5.6,10.946522,2025-09-25 07:00:00
29.425,23.112972,2025-09-25 07:00:00
3.175,9.264422,2025-09-25 08:00:00
22.75,23.927471,2025-09-25 08:00:00
2.5,8.029483,2025-09-25 08:00:00
5.6,9.56699,2025-09-25 08:00:00
9.825,9.723869,2025-09-25 08:00:00
19.65,23.922342,2025-09-25 09:00:00
4.775,8.564731,2025-09-25 09:00:00
5.6,9.653952,2025-09-25 09:00:00
10.55,9.05329,2025-09-25 09:00:00
17.950000000000003,20.37542,2025-09-25 10:00:00
11.225,9.555368,2025-09-25 10:00:00
3.025,8.423012,2025-09-25 10:00:00
17.3,9.860306,2025-09-25 10:00:00
1.1,7.36578,2025-09-25 11:00:00
19.2,10.398046,2025-09-25 11:00:00
60.15,18.181097,2025-09-25 11:00:00
11.45,9.446,2025-09-25 11:00:00
11.05,8.692448,2025-09-25 12:00:00
0.7,7.179461,2025-09-25 12:00:00
3.4,9.200912,2025-09-25 12:00:00
60.15,22.836864,2025-09-25 12:00:00
18.95,9.871997,2025-09-25 12:00:00
10.8,9.282176,2025-09-25 13:00:00
60.15,27.629385,2025-09-25 13:00:00
2.075,11.124615,2025-09-25 13:00:00
0.75,9.784763,2025-09-25 13:00:00
19.05,10.281335,2025-09-25 13:00:00
20.4,10.843519,2025-09-25 14:00:00
60.15,28.569483,2025-09-25 14:00:00
0.65,8.827601,2025-09-25 14:00:00
10.575,9.514422,2025-09-25 14:00:00
12.65,9.414002,2025-09-25 14:00:00
0.6666666666666666,8.931932,2025-09-25 15:00:00
9.375,9.699173,2025-09-25 15:00:00
20.775,9.9539995,2025-09-25 15:00:00
0.6666666666666666,7.067924,2025-09-25 16:00:00
20.825,13.12942,2025-09-25 16:00:00
8.75,10.432593,2025-09-25 16:00:00
27.9,35.20358,2025-09-25 17:00:00
9.0,10.252834,2025-09-25 17:00:00
20.566666666666663,11.237596,2025-09-25 17:00:00
0.4,6.4830303,2025-09-25 17:00:00
11.033333333333331,10.57379,2025-09-25 18:00:00
0.4,13.884321,2025-09-25 18:00:00
14.775,13.582522,2025-09-25 18:00:00
17.4,12.43685,2025-09-25 18:00:00
22.475,36.445213,2025-09-25 18:00:00
0.4,19.057777,2025-09-25 19:00:00
12.725,45.145233,2025-09-25 19:00:00
11.875,10.625632,2025-09-25 19:00:00
16.475,12.876406,2025-09-25 19:00:00
14.95,12.408482,2025-09-25 19:00:00
18.6,13.442154,2025-09-25 20:00:00
16.8,12.908322,2025-09-25 20:00:00
13.25,10.971501,2025-09-25 20:00:00
7.9,34.94839,2025-09-25 20:00:00
0.4,15.575636,2025-09-25 20:00:00
11.1,10.426306,2025-09-25 21:00:00
13.35,14.527522,2025-09-25 21:00:00
16.45,11.912462,2025-09-25 21:00:00
9.725,9.254546,2025-09-25 22:00:00
19.15,9.110963,2025-09-25 22:00:00
10.05,14.26636,2025-09-25 22:00:00
19.75,9.4184065,2025-09-25 23:00:00
19.025,26.22196,2025-09-25 23:00:00
10.0,8.471758,2025-09-25 23:00:00
10.6,11.253679,2025-09-25 23:00:00
9.875,9.342178,2025-09-26 00:00:00
20.05,10.973006,2025-09-26 00:00:00
14.9,11.186975,2025-09-26 00:00:00
0.1666666666666666,9.317739,2025-09-26 00:00:00
25.625,24.744717,2025-09-26 00:00:00
0.25,9.43405,2025-09-26 01:00:00
10.025,10.047874,2025-09-26 01:00:00
15.575,11.837497,2025-09-26 01:00:00
25.4,19.616844,2025-09-26 01:00:00
20.175,10.25399,2025-09-26 01:00:00
27.075,14.546563,2025-09-26 02:00:00
11.975,10.815582,2025-09-26 02:00:00
12.65,12.750492,2025-09-26 02:00:00
0.1,9.025459,2025-09-26 02:00:00
15.05,10.325098,2025-09-26 02:00:00
24.0,18.61374,2025-09-26 03:00:00
9.4,13.245717,2025-09-26 03:00:00
12.4,11.371753,2025-09-26 03:00:00
11.875,12.004451,2025-09-26 03:00:00
11.3,11.408678,2025-09-26 04:00:00
19.45,21.443521,2025-09-26 04:00:00
6.375,12.329573,2025-09-26 04:00:00
12.375,12.689469,2025-09-26 04:00:00
10.775,11.511446,2025-09-26 05:00:00
14.175,19.583645,2025-09-26 05:00:00
12.525,13.696303,2025-09-26 05:00:00
6.824999999999999,11.307424,2025-09-26 05:00:00
2.033333333333333,9.178826,2025-09-26 06:00:00
17.400000000000002,22.21651,2025-09-26 06:00:00
10.225,13.7443495,2025-09-26 06:00:00
3.825,10.145344,2025-09-26 06:00:00
11.125,10.948252,2025-09-26 06:00:00
2.025,8.706236,2025-09-26 07:00:00
9.325,14.714712,2025-09-26 07:00:00
13.05,21.259958,2025-09-26 07:00:00
5.55,12.153527,2025-09-26 07:00:00
10.0,11.611244,2025-09-26 07:00:00
12.0,21.730917,2025-09-26 08:00:00
2.1,9.942375,2025-09-26 08:00:00
9.35,12.968476,2025-09-26 08:00:00
10.675,11.379501,2025-09-26 08:00:00
2.475,12.2667675,2025-09-26 08:00:00
9.625,11.089231,2025-09-26 09:00:00
9.325,12.517924,2025-09-26 09:00:00
1.025,6.771935,2025-09-26 09:00:00
2.75,10.644121,2025-09-26 09:00:00
14.025,22.453697,2025-09-26 09:00:00
9.55,12.980578,2025-09-26 10:00:00
1.7,10.246556,2025-09-26 10:00:00
10.75,10.619475,2025-09-26 10:00:00
13.6,21.891262,2025-09-26 10:00:00
0.775,7.3917875,2025-09-26 10:00:00
1.7,9.908044,2025-09-26 11:00:00
14.15,19.799974,2025-09-26 11:00:00
0.675,7.8359976,2025-09-26 11:00:00
9.875,11.749505,2025-09-26 11:00:00
12.0,9.995691,2025-09-26 11:00:00
0.7749999999999999,8.360448,2025-09-26 12:00:00
7.625,9.69637,2025-09-26 12:00:00
9.625,11.667056,2025-09-26 12:00:00
11.95,9.847357,2025-09-26 12:00:00
22.675,17.78277,2025-09-26 12:00:00
10.3,11.737193,2025-09-26 13:00:00
24.26666666666667,18.34495,2025-09-26 13:00:00
9.725,12.616473,2025-09-26 13:00:00
11.725,10.869774,2025-09-26 13:00:00
0.85,8.368694,2025-09-26 13:00:00
9.65,13.623803,2025-09-26 14:00:00
20.075,11.054482,2025-09-26 14:00:00
0.925,8.119264,2025-09-26 14:00:00
10.575,10.0349245,2025-09-26 14:00:00
16.925,19.728508,2025-09-26 14:00:00
9.525,9.813103,2025-09-26 15:00:00
9.275,13.331889,2025-09-26 15:00:00
1.1,6.2879353,2025-09-26 15:00:00
27.475,12.605504,2025-09-26 15:00:00
7.1,22.895933,2025-09-26 15:00:00
9.725,10.3859215,2025-09-26 16:00:00
22.45,9.487502,2025-09-26 16:00:00
1.2,10.839846,2025-09-26 16:00:00
7.1,23.33215,2025-09-26 16:00:00
9.1,12.699225,2025-09-26 16:00:00
7.1,20.97159,2025-09-26 17:00:00
0.525,9.297683,2025-09-26 17:00:00
23.925,9.908772,2025-09-26 17:00:00
9.2,12.994326,2025-09-26 17:00:00
9.4,10.432927,2025-09-26 17:00:00
15.9,19.952707,2025-09-26 18:00:00
3.35,13.404717,2025-09-26 18:00:00
11.4,11.320293,2025-09-26 18:00:00
10.8,12.751698,2025-09-26 18:00:00
0.9666666666666668,13.689288,2025-09-26 18:00:00
11.875,11.726616,2025-09-26 19:00:00
15.975,13.784606,2025-09-26 19:00:00
0.375,12.581476,2025-09-26 19:00:00
1.65,15.340981,2025-09-26 19:00:00
18.475,19.02408,2025-09-26 19:00:00
1.275,19.331709,2025-09-26 20:00:00
12.95,11.625992,2025-09-26 20:00:00
24.9,16.259417,2025-09-26 20:00:00
0.45,12.758321,2025-09-26 20:00:00
18.3,17.522976,2025-09-26 20:00:00
12.95,10.896259,2025-09-26 21:00:00
0.45,12.238486,2025-09-26 21:00:00
18.15,18.776426,2025-09-26 21:00:00
1.4,16.797016,2025-09-26 21:00:00
19.4,18.691395,2025-09-26 21:00:00
1.325,12.906752,2025-09-26 22:00:00
19.75,17.4005,2025-09-26 22:00:00
9.425,9.615563,2025-09-26 22:00:00
19.775,14.7610035,2025-09-26 22:00:00
13.425,11.244505,2025-09-26 22:00:00
20.025,9.859282,2025-09-26 23:00:00
11.7,15.463129,2025-09-26 23:00:00
8.65,9.478538,2025-09-26 23:00:00
20.125,14.985317,2025-09-26 23:00:00
1.325,11.280933,2025-09-26 23:00:00
9.05,9.461084,2025-09-27 00:00:00
15.05,16.173748,2025-09-27 00:00:00
2.2,9.9736,2025-09-27 00:00:00
21.325000000000003,14.60941,2025-09-27 00:00:00
20.35,10.655785,2025-09-27 00:00:00
20.675,8.898394,2025-09-27 01:00:00
21.575,14.387798,2025-09-27 01:00:00
9.1,9.122517,2025-09-27 01:00:00
13.85,16.813292,2025-09-27 01:00:00
3.25,7.747972,2025-09-27 01:00:00
11.025,10.066781,2025-09-27 02:00:00
19.05,14.802533,2025-09-27 02:00:00
10.5,8.446334,2025-09-27 02:00:00
15.525,18.142126,2025-09-27 02:00:00
3.625,6.6477757,2025-09-27 02:00:00
5.35,8.582896,2025-09-27 03:00:00
11.45,11.313113,2025-09-27 03:00:00
13.8,15.413526,2025-09-27 03:00:00
3.45,8.570812,2025-09-27 03:00:00
18.0,20.826328,2025-09-27 03:00:00
5.25,10.575482,2025-09-27 04:00:00
3.025,9.010181,2025-09-27 04:00:00
11.025,12.388132,2025-09-27 04:00:00
20.55,20.585968,2025-09-27 04:00:00
14.325,16.190308,2025-09-27 04:00:00
20.85,19.636932,2025-09-27 05:00:00
14.575,15.897796,2025-09-27 05:00:00
3.5,8.802418,2025-09-27 05:00:00
5.574999999999999,12.009406,2025-09-27 05:00:00
10.775,10.880528,2025-09-27 05:00:00
10.25,18.341122,2025-09-27 06:00:00
6.0,15.276928,2025-09-27 06:00:00
2.925,9.346299,2025-09-27 06:00:00
9.525,10.690224,2025-09-27 06:00:00
20.7,15.9837,2025-09-27 06:00:00
9.225,10.924159,2025-09-27 07:00:00
10.9,17.503242,2025-09-27 07:00:00
20.7,13.292789,2025-09-27 07:00:00
6.125,13.761054,2025-09-27 07:00:00
3.425,10.366134,2025-09-27 07:00:00
146.7,13.688153,2025-09-27 08:00:00
6.2,12.286766,2025-09-27 08:00:00
9.5,10.949219,2025-09-27 08:00:00
3.7,8.264164,2025-09-27 08:00:00
12.325,17.246702,2025-09-27 08:00:00
4.575,6.137113,2025-09-27 09:00:00
9.525,11.166316,2025-09-27 09:00:00
37.375,15.596928,2025-09-27 09:00:00
11.7,15.323466,2025-09-27 09:00:00
5.975,11.055806,2025-09-27 09:00:00
26.35,15.821075,2025-09-27 10:00:00
9.45,14.737308,2025-09-27 10:00:00
9.825,11.505466,2025-09-27 10:00:00
9.75,9.634688,2025-09-27 10:00:00
4.65,4.963396,2025-09-27 10:00:00
40.05,17.22484,2025-09-27 11:00:00
14.325,15.387404,2025-09-27 11:00:00
3.975,5.1061506,2025-09-27 11:00:00
11.8,9.466276,2025-09-27 11:00:00
10.25,10.625797,2025-09-27 11:00:00
3.2750000000000004,4.7439756,2025-09-27 12:00:00
21.4,17.018211,2025-09-27 12:00:00
11.2,9.948603,2025-09-27 12:00:00
11.85,9.4931755,2025-09-27 12:00:00
63.975,16.983494,2025-09-27 12:00:00
39.825,18.534607,2025-09-27 13:00:00
11.525,8.858302,2025-09-27 13:00:00
10.825,10.121543,2025-09-27 13:00:00
3.275,4.7859654,2025-09-27 13:00:00
26.15,18.451569,2025-09-27 13:00:00
3.1,5.3335137,2025-09-27 14:00:00
43.725,39.218197,2025-09-27 14:00:00
30.025,22.784702,2025-09-27 14:00:00
9.375,9.966907,2025-09-27 14:00:00
12.35,8.688049,2025-09-27 14:00:00
9.275,11.14951,2025-09-27 15:00:00
44.325,49.659122,2025-09-27 15:00:00
29.675,22.04491,2025-09-27 15:00:00
3.025,5.7012568,2025-09-27 15:00:00
12.8,9.539425,2025-09-27 15:00:00
12.9,9.06657,2025-09-27 16:00:00
44.325,43.068382,2025-09-27 16:00:00
28.875,20.670301,2025-09-27 16:00:00
4.0,5.038765,2025-09-27 16:00:00
9.325,9.349362,2025-09-27 16:00:00
4.375,4.179983,2025-09-27 17:00:00
9.5,9.163201,2025-09-27 17:00:00
49.775,32.149345,2025-09-27 17:00:00
32.6,20.95831,2025-09-27 17:00:00
12.933333333333332,9.711325,2025-09-27 17:00:00
46.0,33.578022,2025-09-27 18:00:00
9.0,10.034945,2025-09-27 18:00:00
24.6,21.07374,2025-09-27 18:00:00
13.466666666666669,9.892243,2025-09-27 18:00:00
4.033333333333333,9.343843,2025-09-27 18:00:00
12.35,21.476452,2025-09-27 19:00:00
28.925,31.946339,2025-09-27 19:00:00
15.7,10.547885,2025-09-27 19:00:00
3.9,9.649685,2025-09-27 19:00:00
6.75,10.027734,2025-09-27 19:00:00
14.6,22.00011,2025-09-27 20:00:00
15.8,10.334672,2025-09-27 20:00:00
3.275,13.810426,2025-09-27 20:00:00
16.4,27.984203,2025-09-27 20:00:00
6.8,10.10587,2025-09-27 20:00:00
4.1,20.626146,2025-09-27 21:00:00
2.725,14.184976,2025-09-27 21:00:00
6.525,10.582812,2025-09-27 21:00:00
14.875,9.201781,2025-09-27 21:00:00
19.2,28.30945,2025-09-27 21:00:00
2.4,12.06241,2025-09-27 22:00:00
13.5,8.827863,2025-09-27 22:00:00
5.5,9.091495,2025-09-27 22:00:00
5.35,32.88029,2025-09-27 22:00:00
3.033333333333333,22.187174,2025-09-27 22:00:00
2.45,10.583372,2025-09-27 23:00:00
13.325,33.11199,2025-09-27 23:00:00
5.225,9.029959,2025-09-27 23:00:00
12.575,8.396631,2025-09-27 23:00:00
4.75,22.427368,2025-09-27 23:00:00
5.25,10.964731,2025-09-28 00:00:00
1.0,23.54643,2025-09-28 00:00:00
11.975,9.691781,2025-09-28 00:00:00
18.025,30.01686,2025-09-28 00:00:00
2.7,7.1159267,2025-09-28 00:00:00
24.175,33.735718,2025-09-28 01:00:00
12.075,10.117217,2025-09-28 01:00:00
1.2000000000000002,22.162315,2025-09-28 01:00:00
2.275,6.1042914,2025-09-28 01:00:00
5.25,9.181919,2025-09-28 01:00:00
2.375,7.4854875,2025-09-28 02:00:00
13.85,11.922815,2025-09-28 02:00:00
18.975,29.13582,2025-09-28 02:00:00
2.8,17.829805,2025-09-28 02:00:00
11.2,8.488547,2025-09-28 02:00:00
14.425,9.021264,2025-09-28 03:00:00
2.65,6.8483653,2025-09-28 03:00:00
14.7,26.605833,2025-09-28 03:00:00
13.85,11.614051,2025-09-28 03:00:00
2.8,12.089416,2025-09-28 03:00:00
27.95,19.218552,2025-09-28 04:00:00
2.8,11.838115,2025-09-28 04:00:00
14.35,10.944778,2025-09-28 04:00:00
2.375,4.7144017,2025-09-28 04:00:00
14.35,9.029871,2025-09-28 04:00:00
2.05,5.2344065,2025-09-28 05:00:00
14.125,12.071255,2025-09-28 05:00:00
2.8,10.380953,2025-09-28 05:00:00
28.525,16.831293,2025-09-28 05:00:00
14.3,8.179678,2025-09-28 05:00:00
9.775,8.088553,2025-09-28 06:00:00
17.525,17.955858,2025-09-28 06:00:00
12.225,12.023353,2025-09-28 06:00:00
3.85,4.711801,2025-09-28 06:00:00
11.475,12.4108305,2025-09-28 07:00:00
8.05,8.562133,2025-09-28 07:00:00
4.2,3.4045475,2025-09-28 07:00:00
16.25,27.94022,2025-09-28 07:00:00
8.0,9.080601,2025-09-28 08:00:00
3.65,6.169294,2025-09-28 08:00:00
10.9,12.364631,2025-09-28 08:00:00
17.325,19.46153,2025-09-28 08:00:00
3.425,7.504816,2025-09-28 09:00:00
11.55,11.5584,2025-09-28 09:00:00
7.8,15.127139,2025-09-28 09:00:00
10.775,15.73065,2025-09-28 09:00:00
3.725,3.9099371,2025-09-28 10:00:00
12.85,13.49785,2025-09-28 10:00:00
13.45,11.31873,2025-09-28 10:00:00
5.975,15.7316,2025-09-28 10:00:00
4.1,3.870824,2025-09-28 11:00:00
16.674999999999997,11.485674,2025-09-28 11:00:00
10.425,14.889708,2025-09-28 11:00:00
12.925,12.843065,2025-09-28 11:00:00
13.6,12.445348,2025-09-28 12:00:00
3.55,4.6792336,2025-09-28 12:00:00
16.675,11.465199,2025-09-28 12:00:00
16.975,16.985655,2025-09-28 12:00:00
3.6,7.3484545,2025-09-28 13:00:00
14.425,13.028825,2025-09-28 13:00:00
16.625,10.899778,2025-09-28 13:00:00
16.2,24.933655,2025-09-28 13:00:00
8.375,10.536782,2025-09-28 14:00:00
32.925,18.016483,2025-09-28 14:00:00
4.125,8.698411,2025-09-28 14:00:00
13.325,13.672028,2025-09-28 14:00:00
3.625,9.104009,2025-09-28 15:00:00
3.75,10.415257,2025-09-28 15:00:00
13.25,13.433524,2025-09-28 15:00:00
14.425,20.795305,2025-09-28 15:00:00
3.975,10.666984,2025-09-28 16:00:00
19.55,19.979147,2025-09-28 16:00:00
3.925,8.855252,2025-09-28 16:00:00
12.875,13.799319,2025-09-28 16:00:00
20.275,18.736256,2025-09-28 17:00:00
3.75,8.213082,2025-09-28 17:00:00
12.225,12.536773,2025-09-28 17:00:00
3.533333333333333,10.435326,2025-09-28 17:00:00
17.35,13.095516,2025-09-28 18:00:00
25.075000000000003,21.311739,2025-09-28 18:00:00
12.533333333333331,12.75738,2025-09-28 18:00:00
2.966666666666667,13.076646,2025-09-28 18:00:00
24.025,12.344538,2025-09-28 19:00:00
2.775,12.631323,2025-09-28 19:00:00
12.675,12.389751,2025-09-28 19:00:00
19.55,14.448393,2025-09-28 19:00:00
28.8,22.609983,2025-09-28 19:00:00
13.75,12.656051,2025-09-28 20:00:00
34.65,24.568798,2025-09-28 20:00:00
24.325,10.890043,2025-09-28 20:00:00
22.85,12.197781,2025-09-28 20:00:00
3.1,14.16171,2025-09-28 20:00:00
24.45,11.325824,2025-09-28 21:00:00
18.275,13.010246,2025-09-28 21:00:00
2.8,15.715902,2025-09-28 21:00:00
12.5,12.090566,2025-09-28 21:00:00
31.6,20.50797,2025-09-28 21:00:00
14.25,9.85008,2025-09-28 22:00:00
14.25,10.876784,2025-09-28 22:00:00
28.225,17.143274,2025-09-28 22:00:00
2.825,16.491306,2025-09-28 22:00:00
10.95,11.902633,2025-09-28 22:00:00
2.775,15.773851,2025-09-28 23:00:00
27.275,12.738931,2025-09-28 23:00:00
10.475,12.430029,2025-09-28 23:00:00
9.875,10.01646,2025-09-28 23:00:00
13.025,9.285814,2025-09-28 23:00:00
17.65,11.2966385,2025-09-29 00:00:00
33.575,14.547135,2025-09-29 00:00:00
2.85,13.00149,2025-09-29 00:00:00
9.95,12.441532,2025-09-29 00:00:00
10.7,12.297002,2025-09-29 00:00:00
28.325,20.021461,2025-09-29 01:00:00
10.0,9.283581,2025-09-29 01:00:00
10.35,11.112294,2025-09-29 01:00:00
3.1,12.722451,2025-09-29 01:00:00
13.525,12.742453,2025-09-29 01:00:00
28.425,22.087132,2025-09-29 02:00:00
7.075,13.3143,2025-09-29 02:00:00
11.625,11.476059,2025-09-29 02:00:00
11.7,13.339418,2025-09-29 02:00:00
3.35,12.71895,2025-09-29 02:00:00
29.475,28.3217,2025-09-29 03:00:00
2.675,7.648192,2025-09-29 03:00:00
10.45,14.725426,2025-09-29 03:00:00
5.2,13.7748375,2025-09-29 03:00:00
12.225,10.800866,2025-09-29 03:00:00
8.175,15.359874,2025-09-29 04:00:00
5.675,13.073144,2025-09-29 04:00:00
3.35,7.016004,2025-09-29 04:00:00
12.45,12.146193,2025-09-29 04:00:00
31.75,30.95203,2025-09-29 04:00:00
13.2,11.766279,2025-09-29 05:00:00
19.775,28.933666,2025-09-29 05:00:00
5.5,13.326553,2025-09-29 05:00:00
7.9,13.982069,2025-09-29 05:00:00
3.05,6.699792,2025-09-29 05:00:00
8.725,13.467928,2025-09-29 06:00:00
3.35,5.11933,2025-09-29 06:00:00
12.825,12.324261,2025-09-29 06:00:00
11.433333333333332,12.824466,2025-09-29 06:00:00
12.425,28.435102,2025-09-29 06:00:00
10.675,12.02833,2025-09-29 07:00:00
4.425,12.648746,2025-09-29 07:00:00
16.4,12.819341,2025-09-29 07:00:00
3.475,5.467688,2025-09-29 07:00:00
10.766666666666666,25.524416,2025-09-29 07:00:00
10.325,11.673781,2025-09-29 08:00:00
5.5,12.769471,2025-09-29 08:00:00
3.725,4.639091,2025-09-29 08:00:00
13.133333333333333,21.259834,2025-09-29 08:00:00
16.225,11.9630375,2025-09-29 08:00:00
16.475,11.509056,2025-09-29 09:00:00
4.4,13.175643,2025-09-29 09:00:00
9.4,11.831938,2025-09-29 09:00:00
22.0,25.457521,2025-09-29 09:00:00
3.65,6.6707973,2025-09-29 09:00:00
7.475,11.638308,2025-09-29 10:00:00
10.85,12.942957,2025-09-29 10:00:00
2.05,13.073856,2025-09-29 10:00:00
3.75,7.719215,2025-09-29 10:00:00
39.2,23.757494,2025-09-29 10:00:00
3.625,6.508945,2025-09-29 11:00:00
40.85,21.884333,2025-09-29 11:00:00
11.075,12.200928,2025-09-29 11:00:00
2.7,10.073691,2025-09-29 11:00:00
1.8,12.219134,2025-09-29 11:00:00
18.950000000000003,11.905473,2025-09-29 12:00:00
4.275,6.84399,2025-09-29 12:00:00
11.225,12.500697,2025-09-29 12:00:00
2.95,12.223306,2025-09-29 12:00:00
28.875,20.596703,2025-09-29 12:00:00
10.475,12.5139475,2025-09-29 13:00:00
2.975,11.78421,2025-09-29 13:00:00
3.775,7.2688007,2025-09-29 13:00:00
28.2,18.574934,2025-09-29 13:00:00
47.275,13.940744,2025-09-29 13:00:00
4.324999999999999,5.090943,2025-09-29 14:00:00
26.225,13.293938,2025-09-29 14:00:00
28.2,18.079054,2025-09-29 14:00:00
1.8,16.35913,2025-09-29 14:00:00
9.8,12.358241,2025-09-29 14:00:00
28.2,23.096806,2025-09-29 15:00:00
1.275,12.0856085,2025-09-29 15:00:00
4.2,6.386649,2025-09-29 15:00:00
9.75,11.755181,2025-09-29 15:00:00
31.05,12.5180025,2025-09-29 15:00:00
28.2,26.613247,2025-09-29 16:00:00
1.2,11.966869,2025-09-29 16:00:00
9.55,10.822814,2025-09-29 16:00:00
3.75,6.9655504,2025-09-29 16:00:00
47.525,12.716954,2025-09-29 16:00:00
3.9,6.131624,2025-09-29 17:00:00
1.0666666666666669,10.530633,2025-09-29 17:00:00
10.075,9.8153715,2025-09-29 17:00:00
35.225,12.621124,2025-09-29 17:00:00
11.125,17.443071,2025-09-29 18:00:00
2.3000000000000003,12.242793,2025-09-29 18:00:00
6.933333333333334,33.002968,2025-09-29 18:00:00
10.833333333333334,10.438378,2025-09-29 18:00:00
6.1,9.823859,2025-09-29 18:00:00
15.85,22.864962,2025-09-29 19:00:00
9.95,33.919067,2025-09-29 19:00:00
1.875,12.004021,2025-09-29 19:00:00
12.675,10.128183,2025-09-29 19:00:00
8.7,8.501411,2025-09-29 19:00:00
1.775,12.287029,2025-09-29 20:00:00
13.85,10.318156,2025-09-29 20:00:00
31.25,29.132307,2025-09-29 20:00:00
15.95,25.46766,2025-09-29 20:00:00
8.7,8.044482,2025-09-29 20:00:00
6.866666666666667,19.879045,2025-09-29 21:00:00
47.225,33.42315,2025-09-29 21:00:00
12.775,9.471628,2025-09-29 21:00:00
8.3,7.810992,2025-09-29 21:00:00
1.65,9.785444,2025-09-29 21:00:00
17.35,8.265432,2025-09-29 22:00:00
38.45,31.229795,2025-09-29 22:00:00
2.2333333333333334,19.243406,2025-09-29 22:00:00
1.65,9.740584,2025-09-29 22:00:00
12.95,9.237732,2025-09-29 22:00:00
21.8,11.940636,2025-09-29 23:00:00
2.0,9.674777,2025-09-29 23:00:00
4.6,15.152785,2025-09-29 23:00:00
12.15,8.68169,2025-09-29 23:00:00
12.125,9.366147,2025-09-30 00:00:00
3.775,18.417318,2025-09-30 00:00:00
1.75,6.1425533,2025-09-30 00:00:00
21.45,11.279737,2025-09-30 00:00:00
39.05,20.890785,2025-09-30 00:00:00
1.45,6.5965543,2025-09-30 01:00:00
43.225,17.900652,2025-09-30 01:00:00
14.925,15.907112,2025-09-30 01:00:00
11.375,8.435198,2025-09-30 01:00:00
21.45,9.050853,2025-09-30 01:00:00
11.7,10.722939,2025-09-30 02:00:00
8.85,12.922148,2025-09-30 02:00:00
1.825,7.4811473,2025-09-30 02:00:00
43.0,20.11821,2025-09-30 02:00:00
13.025,9.0202265,2025-09-30 02:00:00
8.575,7.4929094,2025-09-30 03:00:00
43.900000000000006,23.88255,2025-09-30 03:00:00
11.7,10.484343,2025-09-30 03:00:00
8.85,11.17412,2025-09-30 03:00:00
1.225,5.189997,2025-09-30 03:00:00
8.35,9.980094,2025-09-30 04:00:00
36.275,34.307297,2025-09-30 04:00:00
12.0,11.26988,2025-09-30 04:00:00
2.325,4.834098,2025-09-30 04:00:00
8.975,9.432391,2025-09-30 04:00:00
28.175,33.209286,2025-09-30 05:00:00
12.15,11.118307,2025-09-30 05:00:00
2.3,5.259148,2025-09-30 05:00:00
9.35,11.8424,2025-09-30 05:00:00
3.1,8.833689,2025-09-30 05:00:00
11.225,11.734233,2025-09-30 06:00:00
0.3,10.736203,2025-09-30 06:00:00
44.575,35.134808,2025-09-30 06:00:00
1.5,5.095407,2025-09-30 06:00:00
13.875,13.218605,2025-09-30 06:00:00
16.2,13.600426,2025-09-30 07:00:00
10.675,12.277891,2025-09-30 07:00:00
0.3,10.844029,2025-09-30 07:00:00
31.75,35.594906,2025-09-30 07:00:00
1.475,4.4593883,2025-09-30 07:00:00
16.2,13.597609,2025-09-30 08:00:00
33.825,35.017426,2025-09-30 08:00:00
1.225,7.244019,2025-09-30 08:00:00
10.625,11.370753,2025-09-30 08:00:00
0.3,10.8607855,2025-09-30 08:00:00
16.2,15.740507,2025-09-30 09:00:00
10.825,11.500618,2025-09-30 09:00:00
37.525,41.343872,2025-09-30 09:00:00
4.4,12.652269,2025-09-30 09:00:00
1.725,4.4947634,2025-09-30 09:00:00
1.15,12.298773,2025-09-30 10:00:00
11.4,10.984631,2025-09-30 10:00:00
2.1,5.2729983,2025-09-30 10:00:00
9.7,11.661022,2025-09-30 10:00:00
40.975,26.43852,2025-09-30 10:00:00
1.525,10.621836,2025-09-30 11:00:00
9.95,9.917591,2025-09-30 11:00:00
40.825,27.968367,2025-09-30 11:00:00
2.5,4.933918,2025-09-30 11:00:00
11.2,11.101151,2025-09-30 11:00:00
3.9,4.8573613,2025-09-30 12:00:00
11.35,10.78121,2025-09-30 12:00:00
10.4,11.696157,2025-09-30 12:00:00
33.375,29.410881,2025-09-30 12:00:00
4.225,10.971373,2025-09-30 12:00:00
3.275,5.849189,2025-09-30 13:00:00
12.2,10.773984,2025-09-30 13:00:00
33.55,33.374252,2025-09-30 13:00:00
10.375,11.284646,2025-09-30 13:00:00
7.025,11.555363,2025-09-30 13:00:00
3.4,5.970764,2025-09-30 14:00:00
36.975,32.387444,2025-09-30 14:00:00
7.125,12.75059,2025-09-30 14:00:00
11.475,10.936895,2025-09-30 14:00:00
11.6,13.771319,2025-09-30 14:00:00
6.0,13.363984,2025-09-30 15:00:00
10.375,12.836305,2025-09-30 15:00:00
5.15,11.908606,2025-09-30 15:00:00
3.05,5.5799365,2025-09-30 15:00:00
40.025,34.288925,2025-09-30 15:00:00
2.625,6.332856,2025-09-30 16:00:00
35.5,30.407303,2025-09-30 16:00:00
5.075,10.889431,2025-09-30 16:00:00
1.4333333333333331,13.280589,2025-09-30 16:00:00
9.95,10.920082,2025-09-30 16:00:00
2.725,6.2261295,2025-09-30 17:00:00
4.966666666666667,11.18687,2025-09-30 17:00:00
10.325,10.792806,2025-09-30 17:00:00
5.6,15.5371275,2025-09-30 17:00:00
29.15,41.258125,2025-09-30 17:00:00
11.833333333333334,11.06274,2025-09-30 18:00:00
17.166666666666668,12.198047,2025-09-30 18:00:00
2.3666666666666667,9.193543,2025-09-30 18:00:00
7.875,11.389271,2025-09-30 18:00:00
17.0,44.110523,2025-09-30 18:00:00
17.175,34.302395,2025-09-30 19:00:00
14.775,12.582244,2025-09-30 19:00:00
13.4,10.626123,2025-09-30 19:00:00
9.325,10.80218,2025-09-30 19:00:00
0.775,10.408529,2025-09-30 19:00:00
24.9,36.946808,2025-09-30 20:00:00
21.25,11.359629,2025-09-30 20:00:00
1.05,10.978608,2025-09-30 20:00:00
14.9,11.3494625,2025-09-30 20:00:00
9.175,10.1378,2025-09-30 20:00:00
16.575,33.891712,2025-09-30 21:00:00
9.325,9.753016,2025-09-30 21:00:00
19.625,9.448025,2025-09-30 21:00:00
14.075,9.903101,2025-09-30 21:00:00
1.125,8.14542,2025-09-30 21:00:00
13.525,9.31487,2025-09-30 22:00:00
14.375,31.39727,2025-09-30 22:00:00
9.45,8.5712185,2025-09-30 22:00:00
19.55,11.146623,2025-09-30 22:00:00
1.2,8.268758,2025-09-30 22:00:00
1.125,8.035175,2025-09-30 23:00:00
19.85,10.5279,2025-09-30 23:00:00
9.75,8.427618,2025-09-30 23:00:00
12.95,9.336729,2025-09-30 23:00:00
14.25,31.846199,2025-09-30 23:00:00
11.2,31.400366,2025-10-01 00:00:00
1.125,5.5647388,2025-10-01 00:00:00
20.325,8.430511,2025-10-01 00:00:00
12.05,9.549957,2025-10-01 00:00:00
9.725,8.628002,2025-10-01 00:00:00
1.6,6.9274964,2025-10-01 01:00:00
1.7,27.031452,2025-10-01 01:00:00
13.05,10.069245,2025-10-01 01:00:00
27.675,9.085438,2025-10-01 01:00:00
9.75,9.210831,2025-10-01 01:00:00
35.65,13.405552,2025-10-01 02:00:00
9.0,9.743616,2025-10-01 02:00:00
1.65,5.957287,2025-10-01 02:00:00
19.7,37.41913,2025-10-01 02:00:00
12.7,10.487027,2025-10-01 02:00:00
1.575,6.027807,2025-10-01 03:00:00
17.4,27.53068,2025-10-01 03:00:00
26.55,12.826727,2025-10-01 03:00:00
8.95,10.349465,2025-10-01 03:00:00
12.775,11.337074,2025-10-01 03:00:00
25.525,15.419715,2025-10-01 04:00:00
15.15,21.684032,2025-10-01 04:00:00
13.15,12.134838,2025-10-01 04:00:00
8.75,10.934972,2025-10-01 04:00:00
2.15,6.866158,2025-10-01 04:00:00
2.15,8.481677,2025-10-01 05:00:00
8.7,11.061495,2025-10-01 05:00:00
27.066666666666663,16.084843,2025-10-01 05:00:00
9.875,19.563429,2025-10-01 05:00:00
13.85,11.50209,2025-10-01 05:00:00
26.425,13.076023,2025-10-01 06:00:00
2.325,7.74356,2025-10-01 06:00:00
9.825,11.037163,2025-10-01 06:00:00
13.225,12.340988,2025-10-01 06:00:00
4.225,22.878557,2025-10-01 06:00:00
10.45,10.309047,2025-10-01 07:00:00
2.425,4.933089,2025-10-01 07:00:00
21.85,15.889438,2025-10-01 07:00:00
13.275,12.343518,2025-10-01 07:00:00
10.025,20.333544,2025-10-01 07:00:00
7.775,19.327148,2025-10-01 08:00:00
10.175,10.287,2025-10-01 08:00:00
12.6,11.669571,2025-10-01 08:00:00
22.275,14.679707,2025-10-01 08:00:00
2.225,5.8318563,2025-10-01 08:00:00
12.775,14.257929,2025-10-01 09:00:00
22.25,11.787922,2025-10-01 09:00:00
2.55,4.438154,2025-10-01 09:00:00
12.325,11.388902,2025-10-01 09:00:00
10.5,9.889132,2025-10-01 09:00:00
25.35,15.9208555,2025-10-01 10:00:00
9.6,9.595984,2025-10-01 10:00:00
7.575,19.370998,2025-10-01 10:00:00
13.3,11.382616,2025-10-01 10:00:00
2.575,3.953386,2025-10-01 10:00:00
8.475,17.156351,2025-10-01 11:00:00
13.425,13.022261,2025-10-01 11:00:00
8.725,9.660215,2025-10-01 11:00:00
1.825,4.3840103,2025-10-01 11:00:00
22.575,14.097318,2025-10-01 11:00:00
20.875,13.698464,2025-10-01 12:00:00
2.125,5.513934,2025-10-01 12:00:00
23.025,14.07571,2025-10-01 12:00:00
8.625,9.579168,2025-10-01 12:00:00
13.625,12.698276,2025-10-01 12:00:00
14.05,12.202418,2025-10-01 13:00:00
8.4,9.740217,2025-10-01 13:00:00
2.6,4.837198,2025-10-01 13:00:00
30.55,18.038118,2025-10-01 13:00:00
47.825,14.777284,2025-10-01 13:00:00
13.575,10.083123,2025-10-01 14:00:00
9.725,17.002728,2025-10-01 14:00:00
13.325,13.315245,2025-10-01 14:00:00
3.2,3.5377548,2025-10-01 14:00:00
36.325,19.390636,2025-10-01 14:00:00
16.200000000000003,9.800635,2025-10-01 15:00:00
13.45,13.172039,2025-10-01 15:00:00
36.825,18.45731,2025-10-01 15:00:00
2.6,4.673537,2025-10-01 15:00:00
9.725,15.911434,2025-10-01 15:00:00
16.35,10.58391,2025-10-01 16:00:00
41.725,23.383354,2025-10-01 16:00:00
2.825,3.6139483,2025-10-01 16:00:00
28.175,13.559345,2025-10-01 16:00:00
12.475,12.1855345,2025-10-01 16:00:00
0.3,14.04544,2025-10-01 17:00:00
12.35,13.617603,2025-10-01 17:00:00
31.6,25.331186,2025-10-01 17:00:00
16.133333333333333,10.110438,2025-10-01 17:00:00
2.7,4.1163116,2025-10-01 17:00:00
19.8,22.451502,2025-10-01 18:00:00
1.7,8.52143,2025-10-01 18:00:00
13.4,9.320424,2025-10-01 18:00:00
30.73333333333333,18.015697,2025-10-01 18:00:00
15.0,12.742586,2025-10-01 18:00:00
19.8,21.218386,2025-10-01 19:00:00
16.0,11.795549,2025-10-01 19:00:00
12.1,9.580985,2025-10-01 19:00:00
36.325,23.573957,2025-10-01 19:00:00
1.5,9.636596,2025-10-01 19:00:00
19.8,23.064352,2025-10-01 20:00:00
17.75,26.800905,2025-10-01 20:00:00
11.975,9.733218,2025-10-01 20:00:00
16.549999999999997,11.684143,2025-10-01 20:00:00
1.825,9.960185,2025-10-01 20:00:00
11.75,10.037209,2025-10-01 21:00:00
16.349999999999998,10.541435,2025-10-01 21:00:00
11.375,16.790478,2025-10-01 21:00:00
19.8,26.231646,2025-10-01 21:00:00
2.075,10.209605,2025-10-01 21:00:00
12.7,10.250838,2025-10-01 22:00:00
1.85,7.1662855,2025-10-01 22:00:00
10.425,10.619917,2025-10-01 22:00:00
15.05,9.905846,2025-10-01 22:00:00
1.1,7.469504,2025-10-01 23:00:00
14.85,8.910784,2025-10-01 23:00:00
13.15,10.482168,2025-10-01 23:00:00
63.15,16.95256,2025-10-01 23:00:00
12.875,10.520119,2025-10-02 00:00:00
14.225,9.792637,2025-10-02 00:00:00
82.05,19.98733,2025-10-02 00:00:00
1.725,5.8153014,2025-10-02 00:00:00
1.85,5.5231314,2025-10-02 01:00:00
84.425,12.9631405,2025-10-02 01:00:00
14.525,11.44104,2025-10-02 01:00:00
12.925,10.499725,2025-10-02 01:00:00
85.775,19.750463,2025-10-02 02:00:00
14.975,12.050751,2025-10-02 02:00:00
15.325,10.730228,2025-10-02 02:00:00
2.125,4.753861,2025-10-02 02:00:00
80.425,19.122797,2025-10-02 03:00:00
2.3,4.987832,2025-10-02 03:00:00
16.675,10.788064,2025-10-02 03:00:00
15.35,12.083056,2025-10-02 03:00:00
15.325,12.86515,2025-10-02 04:00:00
74.775,14.493072,2025-10-02 04:00:00
16.625,10.7337675,2025-10-02 04:00:00
2.85,4.6912103,2025-10-02 04:00:00
63.3,21.710144,2025-10-02 05:00:00
2.675,5.2496147,2025-10-02 05:00:00
16.325,11.896805,2025-10-02 05:00:00
14.9,14.151202,2025-10-02 05:00:00
12.975,12.297785,2025-10-02 06:00:00
64.825,36.851055,2025-10-02 06:00:00
2.8,4.8579264,2025-10-02 06:00:00
14.675,13.141191,2025-10-02 06:00:00
3.825,5.475716,2025-10-02 07:00:00
10.95,12.241076,2025-10-02 07:00:00
13.7,14.835805,2025-10-02 07:00:00
67.125,54.957264,2025-10-02 07:00:00
4.525,5.6089807,2025-10-02 08:00:00
13.7,15.103798,2025-10-02 08:00:00
62.975,78.737656,2025-10-02 08:00:00
10.925,12.646344,2025-10-02 08:00:00
13.7,13.519036,2025-10-02 09:00:00
10.9,12.427386,2025-10-02 09:00:00
62.725,71.6992,2025-10-02 09:00:00
3.675,5.1349864,2025-10-02 09:00:00
3.225,4.286069,2025-10-02 10:00:00
64.25,64.56028,2025-10-02 10:00:00
13.7,12.675621,2025-10-02 10:00:00
7.05,13.110625,2025-10-02 10:00:00
5.35,12.443432,2025-10-02 11:00:00
3.8,3.9197786,2025-10-02 11:00:00
73.5,41.724842,2025-10-02 11:00:00
3.875,4.515425,2025-10-02 12:00:00
90.45,39.732803,2025-10-02 12:00:00
5.325,12.303458,2025-10-02 12:00:00
8.875,27.543016,2025-10-02 12:00:00
3.675,3.3936877,2025-10-02 13:00:00
7.575,29.3271,2025-10-02 13:00:00
87.8,37.10605,2025-10-02 13:00:00
5.625,12.830091,2025-10-02 13:00:00
3.15,12.54948,2025-10-02 14:00:00
9.625,26.974403,2025-10-02 14:00:00
3.975,3.229557,2025-10-02 14:00:00
82.925,47.04527,2025-10-02 14:00:00
3.475,4.3872895,2025-10-02 15:00:00
76.7,43.825993,2025-10-02 15:00:00
1.95,10.858132,2025-10-02 15:00:00
11.375,26.08868,2025-10-02 15:00:00
2.075,11.127196,2025-10-02 16:00:00
13.225,28.099318,2025-10-02 16:00:00
64.575,36.632164,2025-10-02 16:00:00
4.1,3.3483193,2025-10-02 16:00:00
12.525,26.455948,2025-10-02 17:00:00
4.3,2.8461921,2025-10-02 17:00:00
62.400000000000006,36.626213,2025-10-02 17:00:00
2.066666666666667,11.206896,2025-10-02 17:00:00
35.625,42.54126,2025-10-02 18:00:00
9.35,10.9275875,2025-10-02 18:00:00
15.175,21.860334,2025-10-02 18:00:00
3.0666666666666664,10.050346,2025-10-02 18:00:00
1.925,12.874404,2025-10-02 19:00:00
13.075,20.937204,2025-10-02 19:00:00
23.7,76.68421,2025-10-02 19:00:00
12.875,11.117395,2025-10-02 19:00:00
12.625,9.894916,2025-10-02 20:00:00
34.25,64.43063,2025-10-02 20:00:00
15.4,23.056643,2025-10-02 20:00:00
2.3,13.91386,2025-10-02 20:00:00
16.25,21.591677,2025-10-02 21:00:00
28.975,55.996597,2025-10-02 21:00:00
12.425,8.45432,2025-10-02 21:00:00
2.225,12.704144,2025-10-02 21:00:00
11.825,8.040965,2025-10-02 22:00:00
2.025,9.620116,2025-10-02 22:00:00
29.6,46.749016,2025-10-02 22:00:00
14.05,12.341028,2025-10-02 22:00:00
25.95,42.409046,2025-10-02 23:00:00
13.825,10.93958,2025-10-02 23:00:00
2.25,11.419063,2025-10-02 23:00:00
11.475,8.848235,2025-10-02 23:00:00
2.5,6.067709,2025-10-03 00:00:00
14.725,12.269589,2025-10-03 00:00:00
11.5,11.197746,2025-10-03 00:00:00
21.725,68.1106,2025-10-03 00:00:00
15.35,13.143297,2025-10-03 01:00:00
2.525,6.225756,2025-10-03 01:00:00
21.575,46.642338,2025-10-03 01:00:00
11.65,8.867521,2025-10-03 01:00:00
2.775,6.4020286,2025-10-03 02:00:00
8.125,10.633206,2025-10-03 02:00:00
20.125,27.410507,2025-10-03 02:00:00
13.85,12.660878,2025-10-03 02:00:00
2.45,6.3432407,2025-10-03 03:00:00
6.65,11.130667,2025-10-03 03:00:00
29.175,25.048569,2025-10-03 03:00:00
13.05,14.827945,2025-10-03 03:00:00
7.75,11.886534,2025-10-03 04:00:00
3.975,4.31493,2025-10-03 04:00:00
12.0,13.907469,2025-10-03 04:00:00
23.425,25.830805,2025-10-03 04:00:00
13.275,12.13503,2025-10-03 05:00:00
17.0,32.422005,2025-10-03 05:00:00
4.75,6.1353135,2025-10-03 05:00:00
7.5,11.134538,2025-10-03 05:00:00
3.7,5.295563,2025-10-03 06:00:00
14.25,22.631556,2025-10-03 06:00:00
5.574999999999999,11.382277,2025-10-03 06:00:00
11.3,10.944519,2025-10-03 06:00:00
3.7,6.918663,2025-10-03 07:00:00
23.575,24.63578,2025-10-03 07:00:00
12.4,12.160441,2025-10-03 07:00:00
4.225,11.893158,2025-10-03 07:00:00
12.825,12.112865,2025-10-03 08:00:00
3.7,6.2336426,2025-10-03 08:00:00
22.725,12.577159,2025-10-03 08:00:00
4.449999999999999,10.817191,2025-10-03 08:00:00
3.7,4.8848433,2025-10-03 09:00:00
3.8,9.381246,2025-10-03 09:00:00
13.4,12.62283,2025-10-03 09:00:00
19.65,20.144371,2025-10-03 09:00:00
15.25,10.970563,2025-10-03 10:00:00
25.125,19.918135,2025-10-03 10:00:00
4.275,9.289795,2025-10-03 10:00:00
14.5,20.269821,2025-10-03 10:00:00
17.0,11.507085,2025-10-03 11:00:00
16.8,24.212946,2025-10-03 11:00:00
4.15,8.728034,2025-10-03 11:00:00
35.55,18.197954,2025-10-03 11:00:00
43.225,13.483905,2025-10-03 12:00:00
16.25,13.963778,2025-10-03 12:00:00
16.775,17.404917,2025-10-03 12:00:00
3.95,8.286153,2025-10-03 12:00:00
17.575,13.888091,2025-10-03 13:00:00
3.925,8.614754,2025-10-03 13:00:00
20.925,15.674011,2025-10-03 13:00:00
41.625,19.0202,2025-10-03 13:00:00
9.275,7.98151,2025-10-03 14:00:00
18.925,16.638453,2025-10-03 14:00:00
30.7,19.332754,2025-10-03 14:00:00
31.05,19.777002,2025-10-03 14:00:00
36.975,20.718868,2025-10-03 15:00:00
16.525,13.7855015,2025-10-03 15:00:00
32.55,24.10983,2025-10-03 15:00:00
11.6,8.119656,2025-10-03 15:00:00
16.7,13.070425,2025-10-03 16:00:00
11.9,8.293672,2025-10-03 16:00:00
28.275,28.482525,2025-10-03 16:00:00
42.1,22.150024,2025-10-03 16:00:00
12.066666666666668,8.000063,2025-10-03 17:00:00
30.525,31.97675,2025-10-03 17:00:00
39.8,20.98797,2025-10-03 17:00:00
15.95,14.193919,2025-10-03 17:00:00
15.75,8.370569,2025-10-03 18:00:00
23.1,36.15529,2025-10-03 18:00:00
14.766666666666666,15.422836,2025-10-03 18:00:00
37.85,17.847086,2025-10-03 18:00:00
17.625,8.648084,2025-10-03 19:00:00
15.175,15.200752,2025-10-03 19:00:00
36.0,21.01501,2025-10-03 19:00:00
11.275,38.488,2025-10-03 19:00:00
38.85,21.49492,2025-10-03 20:00:00
25.700000000000003,40.300682,2025-10-03 20:00:00
14.8,15.126232,2025-10-03 20:00:00
17.3,8.52768,2025-10-03 20:00:00
18.8,31.567875,2025-10-03 21:00:00
15.975,14.595177,2025-10-03 21:00:00
17.35,8.618601,2025-10-03 21:00:00
35.675,20.159801,2025-10-03 21:00:00
15.025,13.839705,2025-10-03 22:00:00
17.825,24.04722,2025-10-03 22:00:00
11.0,8.730641,2025-10-03 22:00:00
29.65,18.73223,2025-10-03 22:00:00
12.575,13.033591,2025-10-03 23:00:00
7.375,8.24808,2025-10-03 23:00:00
28.05,16.711744,2025-10-03 23:00:00
15.75,22.093134,2025-10-03 23:00:00
12.25,14.017845,2025-10-04 00:00:00
16.425,20.203026,2025-10-04 00:00:00
34.4,15.207287,2025-10-04 00:00:00
7.15,8.97137,2025-10-04 00:00:00
28.925,22.766075,2025-10-04 00:00:00
7.649999999999999,10.701831,2025-10-04 01:00:00
28.6,22.81951,2025-10-04 01:00:00
13.125,20.919819,2025-10-04 01:00:00
12.15,12.95259,2025-10-04 01:00:00
25.725,24.927635,2025-10-04 02:00:00
11.0,10.446678,2025-10-04 02:00:00
12.2,19.16171,2025-10-04 02:00:00
11.85,11.306657,2025-10-04 02:00:00
13.15,13.150231,2025-10-04 03:00:00
19.4,24.752373,2025-10-04 03:00:00
15.95,18.731518,2025-10-04 03:00:00
12.8,12.040821,2025-10-04 03:00:00
12.925,19.271898,2025-10-04 04:00:00
14.55,13.613126,2025-10-04 04:00:00
14.425,29.643148,2025-10-04 04:00:00
12.925,11.999485,2025-10-04 04:00:00
8.625,15.685612,2025-10-04 05:00:00
14.275,29.009825,2025-10-04 05:00:00
13.8,13.212202,2025-10-04 05:00:00
12.85,11.764876,2025-10-04 05:00:00
11.925,27.9575,2025-10-04 06:00:00
8.05,10.719817,2025-10-04 06:00:00
11.866666666666667,14.445461,2025-10-04 06:00:00
8.375,13.858794,2025-10-04 06:00:00
8.05,9.49111,2025-10-04 07:00:00
12.75,26.147945,2025-10-04 07:00:00
12.725,13.215125,2025-10-04 07:00:00
12.15,13.493196,2025-10-04 07:00:00
12.075,12.976549,2025-10-04 08:00:00
12.1,24.633314,2025-10-04 08:00:00
18.375,12.887696,2025-10-04 08:00:00
8.05,10.462327,2025-10-04 08:00:00
12.425,11.7411375,2025-10-04 09:00:00
11.05,21.474907,2025-10-04 09:00:00
8.05,10.159483,2025-10-04 09:00:00
18.225,9.667873,2025-10-04 09:00:00
0.7666666666666666,11.227528,2025-10-04 10:00:00
12.475,12.680836,2025-10-04 10:00:00
7.25,15.846241,2025-10-04 10:00:00
18.45,11.01326,2025-10-04 10:00:00
13.55,11.8879175,2025-10-04 11:00:00
0.9,11.310069,2025-10-04 11:00:00
17.675,11.374273,2025-10-04 11:00:00
11.325,15.194737,2025-10-04 11:00:00
13.95,12.464213,2025-10-04 12:00:00
19.15,13.818837,2025-10-04 12:00:00
15.125,18.756523,2025-10-04 12:00:00
0.775,11.660708,2025-10-04 12:00:00
26.3,13.224438,2025-10-04 13:00:00
14.225,14.572341,2025-10-04 13:00:00
18.5,18.525906,2025-10-04 13:00:00
0.925,11.017053,2025-10-04 13:00:00
38.0,14.582571,2025-10-04 14:00:00
5.824999999999999,10.298823,2025-10-04 14:00:00
14.3,13.557984,2025-10-04 14:00:00
25.65,24.512043,2025-10-04 14:00:00
26.325,20.441727,2025-10-04 15:00:00
31.25,28.672089,2025-10-04 15:00:00
11.675,12.7534485,2025-10-04 15:00:00
8.35,10.826105,2025-10-04 15:00:00
11.35,22.464962,2025-10-04 16:00:00
9.0,10.822261,2025-10-04 16:00:00
11.625,14.276091,2025-10-04 16:00:00
31.425,31.772316,2025-10-04 16:00:00
11.175,13.053151,2025-10-04 17:00:00
30.0,27.629578,2025-10-04 17:00:00
5.300000000000001,18.535656,2025-10-04 17:00:00
9.4,9.693584,2025-10-04 17:00:00
14.6,18.520428,2025-10-04 18:00:00
21.0,25.470312,2025-10-04 18:00:00
11.8,13.536089,2025-10-04 18:00:00
14.9,9.6396885,2025-10-04 18:00:00
18.1,9.810617,2025-10-04 19:00:00
14.025,13.069571,2025-10-04 19:00:00
17.425,26.748327,2025-10-04 19:00:00
23.325,17.50265,2025-10-04 19:00:00
16.825,26.203709,2025-10-04 20:00:00
14.4,12.691708,2025-10-04 20:00:00
23.4,21.759861,2025-10-04 20:00:00
18.15,10.412195,2025-10-04 20:00:00
17.525,10.6175,2025-10-04 21:00:00
15.55,11.894041,2025-10-04 21:00:00
23.125,22.711584,2025-10-04 21:00:00
14.525,24.210264,2025-10-04 21:00:00
15.1,11.406986,2025-10-04 22:00:00
15.75,21.541517,2025-10-04 22:00:00
10.925,8.385937,2025-10-04 22:00:00
27.9,17.204594,2025-10-04 22:00:00
16.450000000000003,20.870981,2025-10-04 23:00:00
12.975,12.309183,2025-10-04 23:00:00
7.725,8.164429,2025-10-04 23:00:00
35.85,12.774069,2025-10-04 23:00:00
8.024999999999999,9.301268,2025-10-05 00:00:00
12.0,11.66232,2025-10-05 00:00:00
39.925,13.927545,2025-10-05 00:00:00
12.725,20.88947,2025-10-05 00:00:00
11.525,20.119768,2025-10-05 01:00:00
8.575,9.217183,2025-10-05 01:00:00
11.625,12.113838,2025-10-05 01:00:00
50.0,13.433422,2025-10-05 01:00:00
54.475,16.354006,2025-10-05 02:00:00
6.675000000000001,15.135293,2025-10-05 02:00:00
6.0,11.271214,2025-10-05 02:00:00
11.175,12.263281,2025-10-05 02:00:00
12.7,13.620427,2025-10-05 03:00:00
4.35,12.631356,2025-10-05 03:00:00
49.775000000000006,19.518248,2025-10-05 03:00:00
5.1,14.0112095,2025-10-05 03:00:00
4.0,11.884079,2025-10-05 04:00:00
3.966666666666667,14.810578,2025-10-05 04:00:00
12.825,13.467591,2025-10-05 04:00:00
42.575,20.714657,2025-10-05 04:00:00
3.6,9.758473,2025-10-05 05:00:00
42.725,21.99952,2025-10-05 05:00:00
13.025,13.928802,2025-10-05 05:00:00
3.225,12.893479,2025-10-05 05:00:00
1.5333333333333332,9.377387,2025-10-05 06:00:00
12.1,13.493653,2025-10-05 06:00:00
7.675000000000001,11.950969,2025-10-05 06:00:00
39.2,26.24278,2025-10-05 06:00:00
1.5333333333333332,9.175845,2025-10-05 07:00:00
10.525,12.056148,2025-10-05 07:00:00
11.6,12.98381,2025-10-05 07:00:00
57.5,24.20046,2025-10-05 07:00:00
0.1,10.879746,2025-10-05 08:00:00
10.7,12.930775,2025-10-05 08:00:00
1.4,23.126238,2025-10-05 08:00:00
6.15,12.058109,2025-10-05 08:00:00
10.675,11.594026,2025-10-05 09:00:00
2.1,28.515156,2025-10-05 09:00:00
0.1,9.892338,2025-10-05 09:00:00
7.0,9.130945,2025-10-05 09:00:00
4.1,8.907665,2025-10-05 10:00:00
10.675,11.917462,2025-10-05 10:00:00
6.449999999999999,9.15116,2025-10-05 10:00:00
3.0,32.986237,2025-10-05 10:00:00
7.575,9.647624,2025-10-05 11:00:00
3.0,34.196545,2025-10-05 11:00:00
13.325,12.19828,2025-10-05 11:00:00
9.275,8.135178,2025-10-05 11:00:00
13.4,11.609221,2025-10-05 12:00:00
10.775,10.662381,2025-10-05 12:00:00
9.0,7.6228333,2025-10-05 12:00:00
3.0,35.44927,2025-10-05 12:00:00
15.65,12.445266,2025-10-05 13:00:00
20.125,14.983954,2025-10-05 13:00:00
9.025,8.401121,2025-10-05 13:00:00
3.0,41.244305,2025-10-05 13:00:00
23.1,19.921352,2025-10-05 14:00:00
12.8,7.9380994,2025-10-05 14:00:00
14.85,13.807848,2025-10-05 14:00:00
34.75,19.41748,2025-10-05 15:00:00
14.775,7.284094,2025-10-05 15:00:00
12.45,12.080006,2025-10-05 15:00:00
11.725,14.408972,2025-10-05 16:00:00
27.4,20.910921,2025-10-05 16:00:00
15.7,8.018921,2025-10-05 16:00:00
8.233333333333333,17.590681,2025-10-05 16:00:00
27.575,19.638477,2025-10-05 17:00:00
16.333333333333332,7.8323793,2025-10-05 17:00:00
12.325,18.927725,2025-10-05 17:00:00
10.725,13.221761,2025-10-05 17:00:00
13.3,18.612663,2025-10-05 18:00:00
13.366666666666667,13.583663,2025-10-05 18:00:00
14.025,10.598033,2025-10-05 18:00:00
4.1,18.788982,2025-10-05 18:00:00
6.275,22.605139,2025-10-05 19:00:00
0.2,15.3446865,2025-10-05 19:00:00
13.475,10.224068,2025-10-05 19:00:00
15.825,13.33074,2025-10-05 19:00:00
16.775,11.314028,2025-10-05 20:00:00
13.475,12.547385,2025-10-05 20:00:00
3.1500000000000004,20.718191,2025-10-05 20:00:00
13.425,10.69503,2025-10-05 21:00:00
17.45,9.75589,2025-10-05 21:00:00
1.5333333333333332,19.169989,2025-10-05 21:00:00
18.5,8.017905,2025-10-05 22:00:00
11.1,16.288853,2025-10-05 22:00:00
3.6,16.579317,2025-10-05 22:00:00
17.025,10.578676,2025-10-05 22:00:00
1.15,17.444532,2025-10-05 23:00:00
81.15,16.33126,2025-10-05 23:00:00
21.425,9.148261,2025-10-05 23:00:00
15.325,11.196798,2025-10-05 23:00:00
2.65,14.114254,2025-10-06 00:00:00
21.375,10.235821,2025-10-06 00:00:00
14.75,8.691984,2025-10-06 00:00:00
70.9,13.499207,2025-10-06 00:00:00
14.275,9.753289,2025-10-06 01:00:00
74.575,14.02735,2025-10-06 01:00:00
21.375,11.310176,2025-10-06 01:00:00
5.575,11.602714,2025-10-06 01:00:00
14.7,11.25039,2025-10-06 02:00:00
81.075,32.794952,2025-10-06 02:00:00
13.85,9.630606,2025-10-06 02:00:00
5.775,8.491485,2025-10-06 02:00:00
68.85,25.344547,2025-10-06 03:00:00
15.25,13.798359,2025-10-06 03:00:00
10.125,9.440228,2025-10-06 03:00:00
6.6000000000000005,8.67101,2025-10-06 03:00:00
84.025,20.154146,2025-10-06 04:00:00
10.275,11.48479,2025-10-06 04:00:00
16.825,13.122988,2025-10-06 04:00:00
3.975,6.837787,2025-10-06 04:00:00
10.55,14.439516,2025-10-06 05:00:00
5.6000000000000005,6.1108766,2025-10-06 05:00:00
16.825,13.986914,2025-10-06 05:00:00
82.125,23.811607,2025-10-06 05:00:00
6.475,7.8666625,2025-10-06 06:00:00
86.075,63.19561,2025-10-06 06:00:00
15.8,12.997776,2025-10-06 06:00:00
9.275,14.357302,2025-10-06 06:00:00
8.4,14.568285,2025-10-06 07:00:00
8.35,8.389711,2025-10-06 07:00:00
14.2,15.086863,2025-10-06 07:00:00
76.95,59.12889,2025-10-06 07:00:00
69.525,57.528343,2025-10-06 08:00:00
8.55,13.638231,2025-10-06 08:00:00
6.525,10.587152,2025-10-06 08:00:00
13.25,13.668821,2025-10-06 08:00:00
71.95,55.210896,2025-10-06 09:00:00
8.475,12.33133,2025-10-06 09:00:00
4.4,14.106271,2025-10-06 09:00:00
12.925,11.181636,2025-10-06 09:00:00
72.175,75.54469,2025-10-06 10:00:00
4.0,11.876955,2025-10-06 10:00:00
7.575,11.44763,2025-10-06 10:00:00
13.075,15.545633,2025-10-06 10:00:00
15.566666666666668,10.974259,2025-10-06 11:00:00
71.625,60.317616,2025-10-06 11:00:00
14.375,12.594546,2025-10-06 11:00:00
7.25,10.774182,2025-10-06 11:00:00
14.1,11.031635,2025-10-06 12:00:00
7.2,10.639145,2025-10-06 12:00:00
15.575,12.798612,2025-10-06 12:00:00
68.55,69.97201,2025-10-06 12:00:00
15.075,11.864437,2025-10-06 13:00:00
7.025,11.749337,2025-10-06 13:00:00
15.6,12.736118,2025-10-06 13:00:00
75.2,61.359467,2025-10-06 13:00:00
14.85,12.1005945,2025-10-06 14:00:00
4.7,10.956122,2025-10-06 14:00:00
15.3,12.88223,2025-10-06 14:00:00
77.9,71.25179,2025-10-06 14:00:00
15.575,12.819791,2025-10-06 15:00:00
73.55,43.878136,2025-10-06 15:00:00
14.05,11.843231,2025-10-06 15:00:00
3.65,10.768992,2025-10-06 15:00:00
16.075,13.1003275,2025-10-06 16:00:00
73.6,40.903534,2025-10-06 16:00:00
3.025,11.8576975,2025-10-06 16:00:00
12.375,13.129359,2025-10-06 16:00:00
79.05000000000001,38.378437,2025-10-06 17:00:00
15.65,12.12381,2025-10-06 17:00:00
2.766666666666667,11.310673,2025-10-06 17:00:00
15.2,16.299574,2025-10-06 17:00:00
14.966666666666669,12.53531,2025-10-06 18:00:00
20.525,16.478865,2025-10-06 18:00:00
46.4,49.43304,2025-10-06 18:00:00
6.225,10.754605,2025-10-06 18:00:00
15.025,15.923116,2025-10-06 19:00:00
8.024999999999999,10.43744,2025-10-06 19:00:00
29.05,45.693405,2025-10-06 19:00:00
14.325,12.526367,2025-10-06 19:00:00
10.8,22.921919,2025-10-06 19:00:00
14.025,12.955412,2025-10-06 20:00:00
10.8,19.037687,2025-10-06 20:00:00
31.125,47.08382,2025-10-06 20:00:00
15.75,16.318974,2025-10-06 20:00:00
7.85,11.180812,2025-10-06 20:00:00
16.525,13.733337,2025-10-06 21:00:00
14.125,12.462522,2025-10-06 21:00:00
7.675,9.284377,2025-10-06 21:00:00
10.8,20.03743,2025-10-06 21:00:00
27.5,53.344666,2025-10-06 21:00:00
15.6,9.639589,2025-10-06 22:00:00
10.925,55.358303,2025-10-06 22:00:00
10.8,17.023863,2025-10-06 22:00:00
14.125,13.437778,2025-10-06 22:00:00
10.925,8.382247,2025-10-06 22:00:00
13.1,9.582281,2025-10-06 23:00:00
10.875,17.064096,2025-10-06 23:00:00
13.825,12.702891,2025-10-06 23:00:00
10.925,54.3522,2025-10-06 23:00:00
12.425,12.268165,2025-10-06 23:00:00
11.7,11.236092,2025-10-07 00:00:00
10.85,12.691088,2025-10-07 00:00:00
12.75,12.072752,2025-10-07 00:00:00
22.066666666666663,46.212524,2025-10-07 00:00:00
12.675,11.905067,2025-10-07 00:00:00
13.0,9.264624,2025-10-07 01:00:00
14.2,12.065132,2025-10-07 01:00:00
23.566666666666663,62.914177,2025-10-07 01:00:00
12.125,11.997843,2025-10-07 01:00:00
10.8,12.571254,2025-10-07 01:00:00
9.25,35.74002,2025-10-07 02:00:00
10.8,10.704479,2025-10-07 02:00:00
12.5,11.226977,2025-10-07 02:00:00
13.5,8.115463,2025-10-07 02:00:00
15.225,10.419683,2025-10-07 02:00:00
14.175,9.607786,2025-10-07 03:00:00
6.2,29.186928,2025-10-07 03:00:00
13.975,12.749253,2025-10-07 03:00:00
10.8,12.1615925,2025-10-07 03:00:00
13.625,13.132596,2025-10-07 03:00:00
7.575,21.072695,2025-10-07 04:00:00
14.45,9.117141,2025-10-07 04:00:00
13.5,12.185609,2025-10-07 04:00:00
13.05,12.00501,2025-10-07 04:00:00
10.8,12.328068,2025-10-07 04:00:00
10.8,10.72164,2025-10-07 05:00:00
14.8,10.504035,2025-10-07 05:00:00
12.35,13.005971,2025-10-07 05:00:00
14.05,11.261087,2025-10-07 05:00:00
55.525000000000006,20.14008,2025-10-07 05:00:00
11.6,10.5768585,2025-10-07 06:00:00
13.675,11.379615,2025-10-07 06:00:00
12.425,12.400742,2025-10-07 06:00:00
10.8,11.410032,2025-10-07 06:00:00
89.1,14.4415,2025-10-07 06:00:00
10.8,12.543114,2025-10-07 07:00:00
11.975,15.1108675,2025-10-07 07:00:00
13.05,10.0494995,2025-10-07 07:00:00
85.25,22.639612,2025-10-07 07:00:00
10.325,14.390357,2025-10-07 07:00:00
10.8,11.047694,2025-10-07 08:00:00
92.2,23.542034,2025-10-07 08:00:00
10.45,14.713925,2025-10-07 08:00:00
10.65,15.278476,2025-10-07 08:00:00
11.45,10.129066,2025-10-07 08:00:00
9.675,8.851659,2025-10-07 09:00:00
94.65,19.061602,2025-10-07 09:00:00
10.8,10.387639,2025-10-07 09:00:00
10.6,12.670287,2025-10-07 09:00:00
10.675,9.6927805,2025-10-07 09:00:00
10.800000000000002,11.056281,2025-10-07 10:00:00
12.075,9.954546,2025-10-07 10:00:00
97.9,21.039803,2025-10-07 10:00:00
10.775,11.365026,2025-10-07 10:00:00
17.900000000000002,10.498689,2025-10-07 10:00:00
84.925,28.977856,2025-10-07 11:00:00
10.8,10.761387,2025-10-07 11:00:00
10.8,11.6209345,2025-10-07 11:00:00
21.65,10.828684,2025-10-07 11:00:00
10.725,14.254268,2025-10-07 11:00:00
21.875,11.336156,2025-10-07 12:00:00
10.15,11.06063,2025-10-07 12:00:00
10.775,11.170026,2025-10-07 12:00:00
12.925,10.772166,2025-10-07 12:00:00
84.35,58.33791,2025-10-07 12:00:00
22.2,10.578879,2025-10-07 13:00:00
10.8,11.515615,2025-10-07 13:00:00
87.825,65.58742,2025-10-07 13:00:00
13.9,11.636184,2025-10-07 13:00:00
13.25,13.775758,2025-10-07 13:00:00
10.8,11.754305,2025-10-07 14:00:00
13.0,11.513625,2025-10-07 14:00:00
18.450000000000003,11.98884,2025-10-07 14:00:00
86.35,83.339516,2025-10-07 14:00:00
16.55,10.872653,2025-10-07 14:00:00
14.35,10.220147,2025-10-07 15:00:00
11.625,10.574497,2025-10-07 15:00:00
18.825,16.049242,2025-10-07 15:00:00
85.025,89.556984,2025-10-07 15:00:00
10.8,11.520661,2025-10-07 15:00:00
14.575,11.055643,2025-10-07 16:00:00
10.775,11.568047,2025-10-07 16:00:00
22.55,19.745604,2025-10-07 16:00:00
10.8,11.96455,2025-10-07 16:00:00
84.075,97.636696,2025-10-07 16:00:00
22.9,15.661865,2025-10-07 17:00:00
86.75,71.086876,2025-10-07 17:00:00
14.733333333333334,12.809581,2025-10-07 17:00:00
10.8,11.314634,2025-10-07 17:00:00
9.9,11.65139,2025-10-07 17:00:00
8.5,12.573786,2025-10-07 18:00:00
45.25,79.54486,2025-10-07 18:00:00
19.45,20.075207,2025-10-07 18:00:00
11.266666666666666,11.712546,2025-10-07 18:00:00
10.800000000000002,16.515364,2025-10-07 18:00:00
5.55,11.272005,2025-10-07 19:00:00
13.625,11.465871,2025-10-07 19:00:00
10.8,16.0071,2025-10-07 19:00:00
18.625,19.443289,2025-10-07 19:00:00
31.075,72.23513,2025-10-07 19:00:00
5.175,12.261314,2025-10-07 20:00:00
17.674999999999997,20.654799,2025-10-07 20:00:00
35.625,72.76216,2025-10-07 20:00:00
15.8,11.903763,2025-10-07 20:00:00
10.8,17.426222,2025-10-07 20:00:00
35.775,71.739716,2025-10-07 21:00:00
15.775,11.386537,2025-10-07 21:00:00
4.875,11.353891,2025-10-07 21:00:00
10.8,15.453158,2025-10-07 21:00:00
19.2,16.973372,2025-10-07 21:00:00
10.8,13.369421,2025-10-07 22:00:00
19.55,14.894297,2025-10-07 22:00:00
8.975,10.9955015,2025-10-07 22:00:00
26.0,64.680756,2025-10-07 22:00:00
15.975,11.332208,2025-10-07 22:00:00
13.85,11.077576,2025-10-07 23:00:00
10.8,12.823197,2025-10-07 23:00:00
20.6,15.238705,2025-10-07 23:00:00
10.25,8.106294,2025-10-07 23:00:00
24.8,72.50667,2025-10-07 23:00:00
11.85,10.489099,2025-10-08 00:00:00
10.725,12.3219,2025-10-08 00:00:00
28.375,64.32162,2025-10-08 00:00:00
22.025,16.407255,2025-10-08 00:00:00
9.825,11.025667,2025-10-08 00:00:00
23.025,13.626744,2025-10-08 01:00:00
9.775,10.269603,2025-10-08 01:00:00
27.65,64.69321,2025-10-08 01:00:00
10.7,12.029144,2025-10-08 01:00:00
10.9,13.215409,2025-10-08 01:00:00
21.225,13.649988,2025-10-08 02:00:00
11.0,13.115963,2025-10-08 02:00:00
30.775,37.56423,2025-10-08 02:00:00
6.175,9.68721,2025-10-08 02:00:00
10.7,10.472266,2025-10-08 02:00:00
4.425,10.111704,2025-10-08 03:00:00
19.95,12.064034,2025-10-08 03:00:00
28.525,32.94428,2025-10-08 03:00:00
12.55,11.573411,2025-10-08 03:00:00
10.7,10.793759,2025-10-08 03:00:00
27.0,25.47643,2025-10-08 04:00:00
14.15,15.247077,2025-10-08 04:00:00
4.475,10.022489,2025-10-08 04:00:00
20.725,14.053157,2025-10-08 04:00:00
10.7,12.351209,2025-10-08 04:00:00
15.25,17.513311,2025-10-08 05:00:00
7.55,14.474888,2025-10-08 05:00:00
4.8,11.525852,2025-10-08 05:00:00
23.675,22.174791,2025-10-08 05:00:00
10.7,12.816104,2025-10-08 05:00:00
23.85,20.29862,2025-10-08 06:00:00
15.05,15.480663,2025-10-08 06:00:00
11.125,12.079217,2025-10-08 06:00:00
2.6,14.913831,2025-10-08 06:00:00
10.7,11.085303,2025-10-08 06:00:00
24.775,20.802666,2025-10-08 07:00:00
10.7,10.99833,2025-10-08 07:00:00
14.125,12.180688,2025-10-08 07:00:00
2.6,13.3737135,2025-10-08 07:00:00
16.625,15.024637,2025-10-08 07:00:00
23.025,18.641373,2025-10-08 08:00:00
14.125,15.831687,2025-10-08 08:00:00
2.6,13.223142,2025-10-08 08:00:00
14.35,15.852311,2025-10-08 08:00:00
10.7,10.24045,2025-10-08 08:00:00
2.6,10.974084,2025-10-08 09:00:00
14.25,14.489627,2025-10-08 09:00:00
11.85,19.721895,2025-10-08 09:00:00
10.75,9.712276,2025-10-08 09:00:00
14.525,17.727547,2025-10-08 09:00:00
2.6,10.181603,2025-10-08 10:00:00
10.775,8.558453,2025-10-08 10:00:00
11.3,16.33744,2025-10-08 10:00:00
18.125,8.787745,2025-10-08 10:00:00
11.025,24.985146,2025-10-08 10:00:00
10.8,9.2421,2025-10-08 11:00:00
20.075,8.07918,2025-10-08 11:00:00
2.6,10.430204,2025-10-08 11:00:00
13.75,15.709499,2025-10-08 11:00:00
3.9,24.890806,2025-10-08 11:00:00
2.6,8.565001,2025-10-08 12:00:00
2.4,22.05431,2025-10-08 12:00:00
19.925,8.186382,2025-10-08 12:00:00
15.775,14.923621,2025-10-08 12:00:00
10.725,8.92165,2025-10-08 12:00:00
10.7,8.375794,2025-10-08 13:00:00
17.85,17.056507,2025-10-08 13:00:00
4.633333333333334,26.406744,2025-10-08 13:00:00
2.6,7.7076793,2025-10-08 13:00:00
19.725,10.052865,2025-10-08 13:00:00
16.8,17.765106,2025-10-08 14:00:00
10.7,8.981303,2025-10-08 14:00:00
10.425,10.378497,2025-10-08 14:00:00
1.9,26.946371,2025-10-08 14:00:00
2.6,6.641679,2025-10-08 14:00:00
2.6,7.9308343,2025-10-08 15:00:00
27.433333333333334,19.960445,2025-10-08 15:00:00
4.066666666666666,22.61662,2025-10-08 15:00:00
6.3,10.50387,2025-10-08 15:00:00
10.7,8.792937,2025-10-08 15:00:00
2.6,7.9237146,2025-10-08 16:00:00
6.425,12.783001,2025-10-08 16:00:00
24.625,21.680952,2025-10-08 16:00:00
10.7,9.714515,2025-10-08 16:00:00
4.666666666666667,22.046856,2025-10-08 16:00:00
6.566666666666666,13.688942,2025-10-08 17:00:00
10.7,10.777774,2025-10-08 17:00:00
19.35,24.122246,2025-10-08 17:00:00
2.6,8.003292,2025-10-08 17:00:00
5.0,24.74766,2025-10-08 17:00:00
20.95,20.393543,2025-10-08 18:00:00
2.6,7.750159,2025-10-08 18:00:00
10.699999999999998,13.466012,2025-10-08 18:00:00
13.1,22.489603,2025-10-08 18:00:00
11.025,13.527001,2025-10-08 18:00:00
14.025,23.090342,2025-10-08 19:00:00
2.6,8.24176,2025-10-08 19:00:00
24.375,26.199785,2025-10-08 19:00:00
10.7,16.64468,2025-10-08 19:00:00
13.05,13.015383,2025-10-08 19:00:00
14.825,20.314745,2025-10-08 20:00:00
10.7,16.738426,2025-10-08 20:00:00
23.9,29.260517,2025-10-08 20:00:00
13.025,11.150373,2025-10-08 20:00:00
2.6,8.249654,2025-10-08 20:00:00
2.6,6.745479,2025-10-08 21:00:00
23.3,22.6621,2025-10-08 21:00:00
13.375,10.628272,2025-10-08 21:00:00
10.7,16.99752,2025-10-08 21:00:00
12.525,20.846504,2025-10-08 21:00:00
10.7,16.120657,2025-10-08 22:00:00
2.6,6.0812397,2025-10-08 22:00:00
15.45,18.903406,2025-10-08 22:00:00
33.1,15.511027,2025-10-08 22:00:00
15.4,8.481919,2025-10-08 22:00:00
16.4,7.4360814,2025-10-08 23:00:00
10.7,14.538163,2025-10-08 23:00:00
2.6,5.557381,2025-10-08 23:00:00
14.475,16.793686,2025-10-08 23:00:00
41.075,15.70947,2025-10-08 23:00:00
16.674999999999997,8.48175,2025-10-09 00:00:00
2.6,4.5530314,2025-10-09 00:00:00
14.2,15.960965,2025-10-09 00:00:00
10.7,13.695298,2025-10-09 00:00:00
45.375,13.456625,2025-10-09 00:00:00
47.625,15.394884,2025-10-09 01:00:00
10.7,13.369026,2025-10-09 01:00:00
2.6,5.820948,2025-10-09 01:00:00
16.825,9.636358,2025-10-09 01:00:00
14.575,15.269213,2025-10-09 01:00:00
12.3,14.66228,2025-10-09 02:00:00
13.8,10.251235,2025-10-09 02:00:00
2.6,4.3199024,2025-10-09 02:00:00
46.5,18.27687,2025-10-09 02:00:00
10.7,12.171896,2025-10-09 02:00:00
2.6,3.937962,2025-10-09 03:00:00
47.725,17.683735,2025-10-09 03:00:00
11.975,10.851789,2025-10-09 03:00:00
10.7,12.519804,2025-10-09 03:00:00
13.675,14.836344,2025-10-09 03:00:00
12.05,11.157014,2025-10-09 04:00:00
10.7,11.438518,2025-10-09 04:00:00
12.775,13.9602995,2025-10-09 04:00:00
2.6,4.1054997,2025-10-09 04:00:00
46.7,20.461039,2025-10-09 04:00:00
2.6,4.0258946,2025-10-09 05:00:00
10.7,11.494143,2025-10-09 05:00:00
47.7,24.664215,2025-10-09 05:00:00
12.4,12.371449,2025-10-09 05:00:00
8.575,14.419247,2025-10-09 05:00:00
9.6,12.678544,2025-10-09 06:00:00
10.7,9.796873,2025-10-09 06:00:00
7.25,12.811781,2025-10-09 06:00:00
54.400000000000006,26.423103,2025-10-09 06:00:00
2.6,5.0034795,2025-10-09 06:00:00
57.65,32.78607,2025-10-09 07:00:00
10.7,10.089752,2025-10-09 07:00:00
26.1,14.796155,2025-10-09 07:00:00
8.4,12.748161,2025-10-09 07:00:00
2.6,4.4931855,2025-10-09 07:00:00
13.475,13.458677,2025-10-09 08:00:00
8.25,11.784824,2025-10-09 08:00:00
57.175,32.55862,2025-10-09 08:00:00
10.7,9.99446,2025-10-09 08:00:00
2.6,3.9381526,2025-10-09 08:00:00
10.7,9.154821,2025-10-09 09:00:00
2.6,3.0095613,2025-10-09 09:00:00
9.1,11.576441,2025-10-09 09:00:00
53.8,31.557384,2025-10-09 09:00:00
8.0,11.216757,2025-10-09 09:00:00
11.875,11.29461,2025-10-09 10:00:00
2.6,2.8252485,2025-10-09 10:00:00
10.7,9.402709,2025-10-09 10:00:00
45.825,32.43588,2025-10-09 10:00:00
8.675,11.102255,2025-10-09 10:00:00
8.649999999999999,11.548645,2025-10-09 11:00:00
2.6,2.683571,2025-10-09 11:00:00
10.7,9.245707,2025-10-09 11:00:00
13.525,11.262213,2025-10-09 11:00:00
47.375,33.32883,2025-10-09 11:00:00
13.3,11.870183,2025-10-09 12:00:00
44.475,36.954258,2025-10-09 12:00:00
10.7,9.604427,2025-10-09 12:00:00
2.6,2.5745118,2025-10-09 12:00:00
10.05,12.390306,2025-10-09 12:00:00
10.7,9.586212,2025-10-09 13:00:00
2.6,3.545448,2025-10-09 13:00:00
9.925,19.154842,2025-10-09 13:00:00
41.225,37.566082,2025-10-09 13:00:00
13.525,11.602458,2025-10-09 13:00:00
2.6,3.6230245,2025-10-09 14:00:00
8.975,11.2221985,2025-10-09 14:00:00
10.875,23.020157,2025-10-09 14:00:00
41.375,40.933556,2025-10-09 14:00:00
10.7,9.924049,2025-10-09 14:00:00
6.675,10.927588,2025-10-09 15:00:00
41.85,42.57011,2025-10-09 15:00:00
10.7,9.960776,2025-10-09 15:00:00
2.6,3.8269384,2025-10-09 15:00:00
11.175,20.45408,2025-10-09 15:00:00
43.625,37.959034,2025-10-09 16:00:00
12.2,20.229567,2025-10-09 16:00:00
2.6,3.586554,2025-10-09 16:00:00
10.7,10.472451,2025-10-09 16:00:00
6.65,10.55918,2025-10-09 16:00:00
43.35,37.37295,2025-10-09 17:00:00
2.6,4.030505,2025-10-09 17:00:00
10.7,11.69694,2025-10-09 17:00:00
6.766666666666667,10.917526,2025-10-09 17:00:00
12.075,20.133627,2025-10-09 17:00:00
7.2,12.07539,2025-10-09 18:00:00
15.025,21.626415,2025-10-09 18:00:00
10.766666666666666,15.837673,2025-10-09 18:00:00
23.375,34.993454,2025-10-09 18:00:00
2.6,5.1179433,2025-10-09 18:00:00
7.0,10.960638,2025-10-09 19:00:00
16.2,19.261705,2025-10-09 19:00:00
2.6,4.3696485,2025-10-09 19:00:00
15.35,37.94795,2025-10-09 19:00:00
10.8,15.603161,2025-10-09 19:00:00
15.75,33.904007,2025-10-09 20:00:00
2.6,4.538114,2025-10-09 20:00:00
10.8,15.47365,2025-10-09 20:00:00
16.95,17.097105,2025-10-09 20:00:00
7.3,9.672106,2025-10-09 20:00:00
17.15,13.970197,2025-10-09 21:00:00
10.8,16.112852,2025-10-09 21:00:00
7.075,9.980199,2025-10-09 21:00:00
15.7,33.793037,2025-10-09 21:00:00
2.6,3.4366772,2025-10-09 21:00:00
10.8,14.560267,2025-10-09 22:00:00
2.6,2.9210417,2025-10-09 22:00:00
18.875,34.567673,2025-10-09 22:00:00
16.325000000000003,13.350226,2025-10-09 22:00:00
8.55,8.999833,2025-10-09 22:00:00
14.5,11.735424,2025-10-09 23:00:00
10.8,12.173387,2025-10-09 23:00:00
2.6,2.6300473,2025-10-09 23:00:00
13.975,33.301567,2025-10-09 23:00:00
8.975,8.605159,2025-10-09 23:00:00
10.8,11.183532,2025-10-10 00:00:00
15.975,13.491084,2025-10-10 00:00:00
11.775,30.8007,2025-10-10 00:00:00
2.6,2.710985,2025-10-10 00:00:00
9.05,7.887682,2025-10-10 00:00:00
10.8,11.036816,2025-10-10 01:00:00
18.9,24.251093,2025-10-10 01:00:00
8.95,8.788077,2025-10-10 01:00:00
2.6,2.1448605,2025-10-10 01:00:00
16.625,13.798254,2025-10-10 01:00:00
2.6,2.3786573,2025-10-10 02:00:00
6.0,8.085706,2025-10-10 02:00:00
19.075,16.148752,2025-10-10 02:00:00
16.5,13.871924,2025-10-10 02:00:00
10.8,10.952258,2025-10-10 02:00:00
15.725,14.9762535,2025-10-10 03:00:00
10.8,11.255282,2025-10-10 03:00:00
2.6,2.8719063,2025-10-10 03:00:00
6.0,8.799659,2025-10-10 03:00:00
19.275,13.812708,2025-10-10 03:00:00
2.6,3.5091023,2025-10-10 04:00:00
20.0,11.738338,2025-10-10 04:00:00
10.8,11.624989,2025-10-10 04:00:00
6.0,9.018092,2025-10-10 04:00:00
14.925,14.433558,2025-10-10 04:00:00
6.0,8.9547615,2025-10-10 05:00:00
20.4,13.859106,2025-10-10 05:00:00
10.8,11.196812,2025-10-10 05:00:00
2.6,3.3658135,2025-10-10 05:00:00
15.25,13.650005,2025-10-10 05:00:00
2.6,3.279794,2025-10-10 06:00:00
3.7,8.52801,2025-10-10 06:00:00
10.8,10.953481,2025-10-10 06:00:00
15.375,12.856459,2025-10-10 06:00:00
18.8,14.260193,2025-10-10 06:00:00
10.8,11.475993,2025-10-10 07:00:00
7.800000000000001,9.253345,2025-10-10 07:00:00
2.6,3.7459848,2025-10-10 07:00:00
14.75,12.5666685,2025-10-10 07:00:00
16.6,11.709074,2025-10-10 07:00:00
9.525,9.029561,2025-10-10 08:00:00
29.75,13.224051,2025-10-10 08:00:00
10.8,11.603938,2025-10-10 08:00:00
2.6,4.6114683,2025-10-10 08:00:00
16.55,11.006313,2025-10-10 08:00:00
17.875,12.065982,2025-10-10 09:00:00
13.65,13.657865,2025-10-10 09:00:00
2.6,3.6161244,2025-10-10 09:00:00
9.575,8.402623,2025-10-10 09:00:00
10.8,10.475798,2025-10-10 09:00:00
13.7,11.966858,2025-10-10 10:00:00
15.05,8.702446,2025-10-10 10:00:00
10.8,10.220026,2025-10-10 10:00:00
11.575,12.533367,2025-10-10 10:00:00
2.6,3.4918664,2025-10-10 10:00:00
8.875,18.078259,2025-10-10 11:00:00
2.6,3.5313795,2025-10-10 11:00:00
10.8,9.753968,2025-10-10 11:00:00
13.575,11.198822,2025-10-10 11:00:00
15.375,8.569935,2025-10-10 11:00:00
15.075,9.149224,2025-10-10 12:00:00
10.425,20.849703,2025-10-10 12:00:00
10.8,9.570206,2025-10-10 12:00:00
2.6,5.1694865,2025-10-10 12:00:00
15.0,13.983787,2025-10-10 12:00:00
2.6,6.9223413,2025-10-10 13:00:00
18.6,15.727318,2025-10-10 13:00:00
10.8,9.254991,2025-10-10 13:00:00
20.35,22.421549,2025-10-10 13:00:00
15.1,7.8699036,2025-10-10 13:00:00
10.8,10.200982,2025-10-10 14:00:00
15.325,8.65242,2025-10-10 14:00:00
30.2,16.697111,2025-10-10 14:00:00
2.6,6.90359,2025-10-10 14:00:00
37.9,26.448168,2025-10-10 14:00:00
2.6,7.1029663,2025-10-10 15:00:00
42.675,22.93349,2025-10-10 15:00:00
26.375,14.858888,2025-10-10 15:00:00
15.75,9.443257,2025-10-10 15:00:00
10.8,9.810765,2025-10-10 15:00:00
44.75,25.236826,2025-10-10 16:00:00
10.8,10.065434,2025-10-10 16:00:00
27.0,16.009907,2025-10-10 16:00:00
15.875,10.557977,2025-10-10 16:00:00
2.6,7.0634,2025-10-10 16:00:00
2.6,4.6557145,2025-10-10 17:00:00
31.425,17.437197,2025-10-10 17:00:00
10.8,9.835289,2025-10-10 17:00:00
15.733333333333334,9.996465,2025-10-10 17:00:00
42.15,25.07855,2025-10-10 17:00:00
23.1,20.084726,2025-10-10 18:00:00
2.6,5.91766,2025-10-10 18:00:00
10.2,11.740661,2025-10-10 18:00:00
31.125,20.481909,2025-10-10 18:00:00
10.800000000000002,13.608436,2025-10-10 18:00:00
10.8,16.289274,2025-10-10 19:00:00
6.775,11.452698,2025-10-10 19:00:00
2.6,5.5980916,2025-10-10 19:00:00
18.75,19.641085,2025-10-10 19:00:00
34.65,18.952198,2025-10-10 19:00:00
10.8,17.382221,2025-10-10 20:00:00
18.1,21.598612,2025-10-10 20:00:00
30.925,20.476189,2025-10-10 20:00:00
6.475,11.846911,2025-10-10 20:00:00
2.6,4.6761875,2025-10-10 20:00:00
2.6,2.781162,2025-10-10 21:00:00
22.475,20.295652,2025-10-10 21:00:00
10.8,16.879904,2025-10-10 21:00:00
17.275,19.1427,2025-10-10 21:00:00
6.275,11.208935,2025-10-10 21:00:00
10.8,13.619932,2025-10-10 22:00:00
2.6,3.012399,2025-10-10 22:00:00
17.05,18.54766,2025-10-10 22:00:00
7.225,9.352648,2025-10-10 22:00:00
21.5,18.123592,2025-10-10 22:00:00
15.775,17.846502,2025-10-10 23:00:00
2.6,1.5396905,2025-10-10 23:00:00
10.8,12.836942,2025-10-10 23:00:00
10.175,18.86542,2025-10-10 23:00:00
7.6,8.850168,2025-10-10 23:00:00
7.45,8.752435,2025-10-11 00:00:00
3.175,20.86448,2025-10-11 00:00:00
10.8,11.239852,2025-10-11 00:00:00
2.6,0.36667448,2025-10-11 00:00:00
16.175,23.024824,2025-10-11 00:00:00
16.85,22.278011,2025-10-11 01:00:00
10.8,11.050293,2025-10-11 01:00:00
7.6,10.123741,2025-10-11 01:00:00
2.6,2.4464216,2025-10-11 01:00:00
0.4,23.441862,2025-10-11 01:00:00
0.4,22.987574,2025-10-11 02:00:00
15.675,19.000904,2025-10-11 02:00:00
2.6,1.772696,2025-10-11 02:00:00
10.8,10.318331,2025-10-11 02:00:00
10.55,10.391169,2025-10-11 02:00:00
2.6,2.302008,2025-10-11 03:00:00
0.4,24.839243,2025-10-11 03:00:00
22.925,20.22785,2025-10-11 03:00:00
11.5,10.219005,2025-10-11 03:00:00
10.8,10.817266,2025-10-11 03:00:00
11.85,9.40075,2025-10-11 04:00:00
0.4,22.59539,2025-10-11 04:00:00
20.6,17.917988,2025-10-11 04:00:00
2.6,3.9037488,2025-10-11 04:00:00
10.8,11.152004,2025-10-11 04:00:00
10.8,10.539047,2025-10-11 05:00:00
11.875,10.483739,2025-10-11 05:00:00
18.5,17.39597,2025-10-11 05:00:00
2.6,2.864445,2025-10-11 05:00:00
19.675,16.484257,2025-10-11 06:00:00
10.8,10.342499,2025-10-11 06:00:00
15.466666666666669,3.9208536,2025-10-11 06:00:00
15.7,10.630114,2025-10-11 06:00:00
4.875,11.621128,2025-10-11 07:00:00
16.0,5.3042064,2025-10-11 07:00:00
10.8,10.47054,2025-10-11 07:00:00
17.525,9.625018,2025-10-11 07:00:00
17.125,16.788416,2025-10-11 07:00:00
13.375,14.62332,2025-10-11 08:00:00
10.8,10.332201,2025-10-11 08:00:00
5.175,12.3737755,2025-10-11 08:00:00
15.025,4.571195,2025-10-11 08:00:00
17.825,10.505512,2025-10-11 08:00:00
4.05,8.276295,2025-10-11 09:00:00
13.925,16.779205,2025-10-11 09:00:00
17.566666666666666,9.634663,2025-10-11 09:00:00
14.675,4.102759,2025-10-11 09:00:00
10.8,9.829053,2025-10-11 09:00:00
17.95,4.0129094,2025-10-11 10:00:00
10.8,9.377081,2025-10-11 10:00:00
16.275,18.117367,2025-10-11 10:00:00
14.575,9.179978,2025-10-11 10:00:00
4.475,8.23201,2025-10-11 10:00:00
12.95,9.189151,2025-10-11 11:00:00
16.55,16.577414,2025-10-11 11:00:00
19.7,4.930975,2025-10-11 11:00:00
10.8,9.421505,2025-10-11 11:00:00
12.925,18.243893,2025-10-11 12:00:00
19.275,10.634113,2025-10-11 12:00:00
10.825,9.757341,2025-10-11 12:00:00
12.825,9.514106,2025-10-11 12:00:00
12.425,20.957447,2025-10-11 13:00:00
10.85,7.753475,2025-10-11 13:00:00
14.925,18.885168,2025-10-11 13:00:00
12.875,9.668341,2025-10-11 13:00:00
21.85,11.615593,2025-10-11 13:00:00
26.65,23.186253,2025-10-11 14:00:00
16.425,17.283136,2025-10-11 14:00:00
21.7,14.124525,2025-10-11 14:00:00
13.225,10.719214,2025-10-11 14:00:00
10.85,9.663194,2025-10-11 14:00:00
22.025,12.335807,2025-10-11 15:00:00
13.0,12.570338,2025-10-11 15:00:00
10.825,9.53868,2025-10-11 15:00:00
18.4,18.748722,2025-10-11 15:00:00
38.225,28.973305,2025-10-11 15:00:00
35.85,27.69735,2025-10-11 16:00:00
10.85,9.59775,2025-10-11 16:00:00
20.625,11.247852,2025-10-11 16:00:00
14.425,20.616793,2025-10-11 16:00:00
13.325,12.838692,2025-10-11 16:00:00
12.875,21.080164,2025-10-11 17:00:00
33.1,31.10078,2025-10-11 17:00:00
12.766666666666666,12.749531,2025-10-11 17:00:00
19.325,13.626463,2025-10-11 17:00:00
10.8,9.853035,2025-10-11 17:00:00
20.9,13.68671,2025-10-11 18:00:00
19.2,26.784533,2025-10-11 18:00:00
10.800000000000002,15.368393,2025-10-11 18:00:00
17.7,11.847659,2025-10-11 18:00:00
25.1,23.102522,2025-10-11 18:00:00
17.825,25.499067,2025-10-11 19:00:00
19.950000000000003,11.518402,2025-10-11 19:00:00
20.9,13.50467,2025-10-11 19:00:00
10.8,16.286177,2025-10-11 19:00:00
25.65,19.310356,2025-10-11 19:00:00
17.875,19.164082,2025-10-11 20:00:00
19.450000000000003,10.32113,2025-10-11 20:00:00
10.8,17.641024,2025-10-11 20:00:00
21.5,14.617623,2025-10-11 20:00:00
30.375,17.327318,2025-10-11 20:00:00
18.775,10.438168,2025-10-11 21:00:00
19.4,19.945822,2025-10-11 21:00:00
21.875,14.914279,2025-10-11 21:00:00
10.8,16.6746,2025-10-11 21:00:00
27.85,16.802065,2025-10-11 21:00:00
10.85,14.458994,2025-10-11 22:00:00
18.775,18.744621,2025-10-11 22:00:00
13.45,10.115096,2025-10-11 22:00:00
22.45,12.727787,2025-10-11 22:00:00
29.925,13.90212,2025-10-11 22:00:00
19.975,16.58241,2025-10-11 23:00:00
22.95,13.973703,2025-10-11 23:00:00
10.825,9.299142,2025-10-11 23:00:00
10.875,13.019565,2025-10-11 23:00:00
29.2,13.161728,2025-10-11 23:00:00
10.8,10.89426,2025-10-12 00:00:00
18.1,22.91213,2025-10-12 00:00:00
28.15,15.498269,2025-10-12 00:00:00
10.55,9.818045,2025-10-12 00:00:00
22.575,13.607015,2025-10-12 00:00:00
10.8,12.004437,2025-10-12 01:00:00
10.2,10.948362,2025-10-12 01:00:00
19.65,14.501652,2025-10-12 01:00:00
29.65,18.228376,2025-10-12 01:00:00
20.125,18.099794,2025-10-12 01:00:00
20.2,13.828215,2025-10-12 02:00:00
17.825,14.432874,2025-10-12 02:00:00
10.8,11.723684,2025-10-12 02:00:00
31.15,20.476044,2025-10-12 02:00:00
11.825,11.7916,2025-10-12 02:00:00
10.8,12.28789,2025-10-12 03:00:00
19.775,13.564124,2025-10-12 03:00:00
18.9,15.847784,2025-10-12 03:00:00
29.975,21.36973,2025-10-12 03:00:00
13.0,12.972753,2025-10-12 03:00:00
10.8,11.696305,2025-10-12 04:00:00
26.65,23.360191,2025-10-12 04:00:00
19.675,15.216575,2025-10-12 04:00:00
12.975,13.338981,2025-10-12 04:00:00
19.525,15.43728,2025-10-12 04:00:00
16.45,14.53165,2025-10-12 05:00:00
10.8,11.242255,2025-10-12 05:00:00
12.95,13.698832,2025-10-12 05:00:00
34.625,22.480877,2025-10-12 05:00:00
19.45,15.07096,2025-10-12 05:00:00
34.225,23.390066,2025-10-12 06:00:00
19.225,14.880638,2025-10-12 06:00:00
10.8,11.365093,2025-10-12 06:00:00
12.9,16.266262,2025-10-12 06:00:00
12.775,12.259393,2025-10-12 06:00:00
12.325,11.763047,2025-10-12 07:00:00
30.625,24.877611,2025-10-12 07:00:00
9.625,16.233688,2025-10-12 07:00:00
10.85,10.56259,2025-10-12 07:00:00
18.8,18.510344,2025-10-12 07:00:00
18.15,18.294174,2025-10-12 08:00:00
12.2,10.710604,2025-10-12 08:00:00
10.8,10.900783,2025-10-12 08:00:00
29.875,26.499647,2025-10-12 08:00:00
9.425,17.093178,2025-10-12 08:00:00
9.275,15.019465,2025-10-12 09:00:00
31.2,24.14956,2025-10-12 09:00:00
16.925,18.225954,2025-10-12 09:00:00
10.9,10.749511,2025-10-12 09:00:00
12.075,11.2688875,2025-10-12 09:00:00
10.9,10.342368,2025-10-12 10:00:00
31.375,22.309063,2025-10-12 10:00:00
8.575000000000001,15.389187,2025-10-12 10:00:00
8.025,11.297176,2025-10-12 10:00:00
16.25,17.10355,2025-10-12 10:00:00
16.475,17.20299,2025-10-12 11:00:00
6.05,10.45583,2025-10-12 11:00:00
10.9,9.592343,2025-10-12 11:00:00
8.875,17.109386,2025-10-12 11:00:00
29.9,25.303297,2025-10-12 11:00:00
13.575,23.15611,2025-10-12 12:00:00
16.875,15.771317,2025-10-12 12:00:00
29.675,23.290354,2025-10-12 12:00:00
10.875,8.999648,2025-10-12 12:00:00
5.95,11.7316675,2025-10-12 12:00:00
32.300000000000004,23.16134,2025-10-12 13:00:00
18.55,16.044003,2025-10-12 13:00:00
6.35,11.124809,2025-10-12 13:00:00
10.9,8.521933,2025-10-12 13:00:00
18.275,24.804068,2025-10-12 13:00:00
21.55,16.171392,2025-10-12 14:00:00
10.9,9.065905,2025-10-12 14:00:00
11.0,11.045696,2025-10-12 14:00:00
19.75,22.587372,2025-10-12 14:00:00
33.025,24.566366,2025-10-12 14:00:00
30.575,26.080563,2025-10-12 15:00:00
22.775,15.786735,2025-10-12 15:00:00
13.675,11.745182,2025-10-12 15:00:00
19.4,26.626892,2025-10-12 15:00:00
10.9,9.265836,2025-10-12 15:00:00
21.475,30.802525,2025-10-12 16:00:00
13.525,11.619721,2025-10-12 16:00:00
10.825,9.338655,2025-10-12 16:00:00
21.2,16.535791,2025-10-12 16:00:00
29.8,26.38293,2025-10-12 16:00:00
19.25,18.577475,2025-10-12 17:00:00
13.166666666666666,11.13488,2025-10-12 17:00:00
30.1,28.887312,2025-10-12 17:00:00
10.9,9.682448,2025-10-12 17:00:00
27.325,28.584782,2025-10-12 17:00:00
11.85,10.002632,2025-10-12 18:00:00
36.0,27.56125,2025-10-12 18:00:00
29.925,30.819752,2025-10-12 18:00:00
20.96666666666667,17.50993,2025-10-12 18:00:00
10.9,14.521087,2025-10-12 18:00:00
30.125,30.096815,2025-10-12 19:00:00
22.25,17.960321,2025-10-12 19:00:00
10.9,16.092453,2025-10-12 19:00:00
10.75,10.354997,2025-10-12 19:00:00
36.45,26.68434,2025-10-12 19:00:00
21.35,17.94557,2025-10-12 20:00:00
10.7,9.976367,2025-10-12 20:00:00
36.35,21.613884,2025-10-12 20:00:00
10.9,16.83896,2025-10-12 20:00:00
28.075,28.651299,2025-10-12 20:00:00
28.85,26.909386,2025-10-12 21:00:00
35.5,17.987034,2025-10-12 21:00:00
10.9,15.100228,2025-10-12 21:00:00
22.35,18.005802,2025-10-12 21:00:00
10.575,10.738081,2025-10-12 21:00:00
29.125,27.705227,2025-10-12 22:00:00
10.9,14.408534,2025-10-12 22:00:00
36.7,13.640414,2025-10-12 22:00:00
7.775,8.948304,2025-10-12 22:00:00
23.5,16.872986,2025-10-12 22:00:00
23.675,16.324718,2025-10-12 23:00:00
6.3,9.62278,2025-10-12 23:00:00
31.275,28.112638,2025-10-12 23:00:00
37.375,14.585751,2025-10-12 23:00:00
10.875,13.243681,2025-10-12 23:00:00
37.4,18.54924,2025-10-13 00:00:00
29.1,28.71285,2025-10-13 00:00:00
6.475,10.575761,2025-10-13 00:00:00
21.4,16.860409,2025-10-13 00:00:00
10.825,11.349423,2025-10-13 00:00:00
10.875,11.622608,2025-10-13 01:00:00
6.6,9.863128,2025-10-13 01:00:00
29.925,26.576403,2025-10-13 01:00:00
39.85,20.304352,2025-10-13 01:00:00
20.725,17.268785,2025-10-13 01:00:00
38.6,22.494495,2025-10-13 02:00:00
11.6,9.99175,2025-10-13 02:00:00
33.3,24.850176,2025-10-13 02:00:00
20.633333333333333,18.069128,2025-10-13 02:00:00
10.8,11.268934,2025-10-13 02:00:00
19.075,18.26792,2025-10-13 03:00:00
10.8,12.1398535,2025-10-13 03:00:00
14.375,11.16429,2025-10-13 03:00:00
33.125,22.861986,2025-10-13 03:00:00
35.45,25.342083,2025-10-13 03:00:00
33.675,23.028687,2025-10-13 04:00:00
10.8,11.29034,2025-10-13 04:00:00
15.15,11.407094,2025-10-13 04:00:00
32.775,27.379328,2025-10-13 04:00:00
18.65,18.775637,2025-10-13 04:00:00
15.675,10.116417,2025-10-13 05:00:00
32.75,27.304152,2025-10-13 05:00:00
17.075,19.013552,2025-10-13 05:00:00
10.8,11.6127,2025-10-13 05:00:00
26.9,28.609198,2025-10-13 05:00:00
26.8,28.484911,2025-10-13 06:00:00
16.325,19.85876,2025-10-13 06:00:00
36.825,25.515121,2025-10-13 06:00:00
10.725,10.305066,2025-10-13 06:00:00
22.6,9.1126995,2025-10-13 06:00:00
26.15,7.229001,2025-10-13 07:00:00
30.725,26.68,2025-10-13 07:00:00
17.6,20.05163,2025-10-13 07:00:00
26.575,29.104288,2025-10-13 07:00:00
10.7,10.941414,2025-10-13 07:00:00
26.375,9.68016,2025-10-13 08:00:00
10.7,11.3907,2025-10-13 08:00:00
23.975,28.244967,2025-10-13 08:00:00
17.325,19.883146,2025-10-13 08:00:00
28.875,26.756527,2025-10-13 08:00:00
26.7,9.621073,2025-10-13 09:00:00
16.15,17.41379,2025-10-13 09:00:00
23.375,25.47657,2025-10-13 09:00:00
10.7,9.9875,2025-10-13 09:00:00
32.45,25.084316,2025-10-13 09:00:00
26.25,24.188478,2025-10-13 10:00:00
25.375,9.252534,2025-10-13 10:00:00
10.7,10.402913,2025-10-13 10:00:00
23.85,25.778519,2025-10-13 10:00:00
17.15,16.58759,2025-10-13 10:00:00
17.1,16.45047,2025-10-13 11:00:00
27.025,23.395897,2025-10-13 11:00:00
10.7,9.953373,2025-10-13 11:00:00
23.725,26.858393,2025-10-13 11:00:00
25.1,8.885631,2025-10-13 11:00:00
30.75,26.480694,2025-10-13 12:00:00
22.9,27.384398,2025-10-13 12:00:00
15.675,16.680527,2025-10-13 12:00:00
10.6,8.6980505,2025-10-13 12:00:00
25.45,9.103415,2025-10-13 12:00:00
26.225,11.978426,2025-10-13 13:00:00
28.625,31.111721,2025-10-13 13:00:00
10.6,8.73415,2025-10-13 13:00:00
17.25,14.965107,2025-10-13 13:00:00
26.25,35.96836,2025-10-13 13:00:00
39.475,35.534763,2025-10-13 14:00:00
26.275,33.799404,2025-10-13 14:00:00
10.6,8.507115,2025-10-13 14:00:00
15.75,12.460137,2025-10-13 14:00:00
20.475,14.391159,2025-10-13 14:00:00
29.2,29.709803,2025-10-13 15:00:00
19.0,15.505299,2025-10-13 15:00:00
41.75,37.596302,2025-10-13 15:00:00
10.6,9.820474,2025-10-13 15:00:00
10.7,13.986417,2025-10-13 15:00:00
10.95,14.2726555,2025-10-13 16:00:00
31.05,28.527641,2025-10-13 16:00:00
17.725,16.446398,2025-10-13 16:00:00
45.025,42.79309,2025-10-13 16:00:00
10.6,9.814815,2025-10-13 16:00:00
40.925,40.774387,2025-10-13 17:00:00
16.525,17.866356,2025-10-13 17:00:00
33.325,29.144709,2025-10-13 17:00:00
10.6,15.908508,2025-10-13 17:00:00
10.6,9.34822,2025-10-13 17:00:00
6.05,14.286093,2025-10-13 18:00:00
15.666666666666666,17.698706,2025-10-13 18:00:00
10.666666666666666,14.124271,2025-10-13 18:00:00
23.3,30.612974,2025-10-13 18:00:00
33.925,35.707424,2025-10-13 18:00:00
3.725,14.197357,2025-10-13 19:00:00
10.7,16.397566,2025-10-13 19:00:00
31.725,36.306427,2025-10-13 19:00:00
25.85,30.116095,2025-10-13 19:00:00
15.95,18.40446,2025-10-13 19:00:00
22.05,29.767889,2025-10-13 20:00:00
33.275,34.31352,2025-10-13 20:00:00
3.25,11.176322,2025-10-13 20:00:00
15.225,18.26534,2025-10-13 20:00:00
10.7,16.787457,2025-10-13 20:00:00
15.55,16.762444,2025-10-13 21:00:00
22.475,30.476263,2025-10-13 21:00:00
2.85,10.999395,2025-10-13 21:00:00
35.725,29.521122,2025-10-13 21:00:00
10.7,14.307241,2025-10-13 21:00:00
16.175,14.469594,2025-10-13 22:00:00
16.125,10.116668,2025-10-13 22:00:00
32.875,27.771347,2025-10-13 22:00:00
21.7,27.149422,2025-10-13 22:00:00
10.7,13.299591,2025-10-13 22:00:00
16.225,13.645237,2025-10-13 23:00:00
10.7,13.567294,2025-10-13 23:00:00
32.95,33.697964,2025-10-13 23:00:00
22.4,10.222747,2025-10-13 23:00:00
21.325,26.315264,2025-10-13 23:00:00
22.425,10.706543,2025-10-14 00:00:00
30.6,32.625374,2025-10-14 00:00:00
10.7,11.126701,2025-10-14 00:00:00
20.9,25.220354,2025-10-14 00:00:00
15.95,13.391362,2025-10-14 00:00:00
14.9,15.038102,2025-10-14 01:00:00
43.725,33.93753,2025-10-14 01:00:00
10.7,10.232487,2025-10-14 01:00:00
22.35,7.892673,2025-10-14 01:00:00
20.725,24.327211,2025-10-14 01:00:00
22.125,23.18266,2025-10-14 02:00:00
14.425,15.502293,2025-10-14 02:00:00
16.35,7.370863,2025-10-14 02:00:00
35.95,33.719,2025-10-14 02:00:00
10.7,10.902608,2025-10-14 02:00:00
13.975,15.7271385,2025-10-14 03:00:00
32.525,34.480667,2025-10-14 03:00:00
23.55,23.210629,2025-10-14 03:00:00
14.375,8.153093,2025-10-14 03:00:00
10.7,11.801067,2025-10-14 03:00:00
10.7,12.210613,2025-10-14 04:00:00
14.7,10.295764,2025-10-14 04:00:00
26.9,24.102741,2025-10-14 04:00:00
14.075,16.02459,2025-10-14 04:00:00
28.8,31.75187,2025-10-14 04:00:00
26.075,21.416693,2025-10-14 05:00:00
14.425,12.010306,2025-10-14 05:00:00
10.7,10.571706,2025-10-14 05:00:00
14.4,15.850987,2025-10-14 05:00:00
19.95,28.799416,2025-10-14 05:00:00
15.4,14.439087,2025-10-14 06:00:00
10.166666666666666,10.973345,2025-10-14 06:00:00
19.95,28.847431,2025-10-14 06:00:00
16.025,15.931819,2025-10-14 06:00:00
20.55,21.605797,2025-10-14 06:00:00
15.8,17.218094,2025-10-14 07:00:00
15.75,20.534151,2025-10-14 07:00:00
10.166666666666666,11.687685,2025-10-14 07:00:00
19.95,31.738098,2025-10-14 07:00:00
16.225,14.898169,2025-10-14 07:00:00
10.166666666666666,11.724589,2025-10-14 08:00:00
16.125,14.633497,2025-10-14 08:00:00
15.625,19.049006,2025-10-14 08:00:00
15.275,15.852841,2025-10-14 08:00:00
19.7,30.46963,2025-10-14 08:00:00
14.525,13.460644,2025-10-14 09:00:00
10.166666666666666,11.220623,2025-10-14 09:00:00
11.75,26.42626,2025-10-14 09:00:00
16.299999999999997,12.888252,2025-10-14 09:00:00
21.525,18.096352,2025-10-14 09:00:00
19.775,12.3880625,2025-10-14 10:00:00
26.1,18.476835,2025-10-14 10:00:00
11.266666666666666,26.27002,2025-10-14 10:00:00
13.125,13.353047,2025-10-14 10:00:00
21.075,13.369989,2025-10-14 11:00:00
11.975,13.779099,2025-10-14 11:00:00
21.05,21.229235,2025-10-14 11:00:00
18.65,24.339891,2025-10-14 11:00:00
29.05,21.902565,2025-10-14 12:00:00
13.675,14.214845,2025-10-14 12:00:00
21.275,12.516231,2025-10-14 12:00:00
17.525,27.547113,2025-10-14 12:00:00
21.225,32.562145,2025-10-14 13:00:00
24.875,23.123035,2025-10-14 13:00:00
21.075,10.780388,2025-10-14 13:00:00
16.975,13.79381,2025-10-14 13:00:00
17.9,13.088895,2025-10-14 14:00:00
13.725,12.633393,2025-10-14 14:00:00
29.675,19.934374,2025-10-14 14:00:00
29.575000000000003,32.181393,2025-10-14 14:00:00
17.6,15.717882,2025-10-14 15:00:00
26.275,41.750763,2025-10-14 15:00:00
25.925,19.148947,2025-10-14 15:00:00
11.325,11.464656,2025-10-14 15:00:00
32.0,21.437403,2025-10-14 16:00:00
16.125,14.303513,2025-10-14 16:00:00
25.925,43.16762,2025-10-14 16:00:00
12.075,14.199828,2025-10-14 16:00:00
11.766666666666666,13.191427,2025-10-14 17:00:00
15.125,15.430654,2025-10-14 17:00:00
24.175,39.86598,2025-10-14 17:00:00
33.175,23.943138,2025-10-14 17:00:00
33.45,27.56002,2025-10-14 18:00:00
16.474999999999998,12.60434,2025-10-14 18:00:00
15.633333333333333,15.587309,2025-10-14 18:00:00
19.075,32.5641,2025-10-14 18:00:00
17.925,12.5696535,2025-10-14 19:00:00
18.125,30.458214,2025-10-14 19:00:00
16.4,27.486683,2025-10-14 19:00:00
17.0,13.912882,2025-10-14 19:00:00
6.0,29.46012,2025-10-14 20:00:00
18.15,27.136215,2025-10-14 20:00:00
17.375,12.365595,2025-10-14 20:00:00
17.25,12.63879,2025-10-14 20:00:00
18.1,22.051174,2025-10-14 21:00:00
16.475,10.404844,2025-10-14 21:00:00
6.0,27.294367,2025-10-14 21:00:00
18.275,12.761575,2025-10-14 21:00:00
8.925,9.111617,2025-10-14 22:00:00
16.975,20.174679,2025-10-14 22:00:00
2.1,25.445276,2025-10-14 22:00:00
18.925,11.190811,2025-10-14 22:00:00
5.275,10.073562,2025-10-14 23:00:00
19.0,10.156592,2025-10-14 23:00:00
2.1,27.549107,2025-10-14 23:00:00
17.175,18.009712,2025-10-14 23:00:00
19.025,11.060799,2025-10-15 00:00:00
2.1,28.320152,2025-10-15 00:00:00
17.65,17.48591,2025-10-15 00:00:00
5.55,12.092601,2025-10-15 00:00:00
2.1,27.69835,2025-10-15 01:00:00
17.675,10.773408,2025-10-15 01:00:00
18.575,17.442528,2025-10-15 01:00:00
7.375,13.08726,2025-10-15 01:00:00
21.3,14.86168,2025-10-15 02:00:00
16.349999999999998,14.575014,2025-10-15 02:00:00
16.45,11.781895,2025-10-15 02:00:00
14.55,12.794913,2025-10-15 03:00:00
19.275,16.885574,2025-10-15 03:00:00
20.5,15.315807,2025-10-15 03:00:00
20.775,15.800959,2025-10-15 04:00:00
14.15,13.993031,2025-10-15 04:00:00
16.375,20.502068,2025-10-15 04:00:00
13.775,18.480246,2025-10-15 05:00:00
20.125,15.200694,2025-10-15 05:00:00
15.3,15.015343,2025-10-15 05:00:00
16.05,15.449715,2025-10-15 06:00:00
10.325,18.576014,2025-10-15 06:00:00
8.525,11.494629,2025-10-15 06:00:00
2.475,9.972244,2025-10-15 07:00:00
8.7,15.458024,2025-10-15 07:00:00
16.325,13.886995,2025-10-15 07:00:00
15.05,13.110755,2025-10-15 08:00:00
8.05,10.553393,2025-10-15 08:00:00
2.725,12.065203,2025-10-15 08:00:00
7.55,13.322731,2025-10-15 09:00:00
14.125,11.772639,2025-10-15 09:00:00
2.625,12.989944,2025-10-15 09:00:00
13.375,12.835762,2025-10-15 10:00:00
4.8,11.91703,2025-10-15 10:00:00
7.0,14.065125,2025-10-15 10:00:00
7.25,17.240728,2025-10-15 11:00:00
5.925,12.0670395,2025-10-15 11:00:00
13.4,13.660021,2025-10-15 11:00:00
15.35,14.921813,2025-10-15 12:00:00
6.1,11.101595,2025-10-15 12:00:00
9.05,20.337606,2025-10-15 12:00:00
17.200000000000003,15.200922,2025-10-15 13:00:00
13.2,25.772243,2025-10-15 13:00:00
6.8,12.458305,2025-10-15 13:00:00
17.525,14.412053,2025-10-15 14:00:00
19.875,25.749296,2025-10-15 14:00:00
12.625,10.874518,2025-10-15 14:00:00
18.6,19.471704,2025-10-15 15:00:00
21.95,32.04956,2025-10-15 15:00:00
16.375,13.317703,2025-10-15 15:00:00
17.174999999999997,18.612778,2025-10-15 16:00:00
22.6,37.7324,2025-10-15 16:00:00
16.875,12.27631,2025-10-15 16:00:00
22.55,29.66615,2025-10-15 17:00:00
16.599999999999998,12.445431,2025-10-15 17:00:00
14.8,15.757267,2025-10-15 17:00:00
22.1,27.241343,2025-10-15 18:00:00
7.0,11.786061,2025-10-15 18:00:00
16.96666666666667,13.380347,2025-10-15 18:00:00
17.275,13.770872,2025-10-15 19:00:00
19.975,20.2254,2025-10-15 19:00:00
2.0,9.8360615,2025-10-15 19:00:00
1.725,10.481829,2025-10-15 20:00:00
19.175,18.840183,2025-10-15 20:00:00
16.1,12.829145,2025-10-15 20:00:00
19.825,17.563208,2025-10-15 21:00:00
1.45,8.913499,2025-10-15 21:00:00
16.475,12.292979,2025-10-15 21:00:00
14.75,7.5351796,2025-10-15 22:00:00
15.85,11.259955,2025-10-15 22:00:00
19.15,11.995019,2025-10-15 22:00:00
21.075,9.008686,2025-10-15 23:00:00
18.475,12.3928995,2025-10-15 23:00:00
16.075000000000003,11.924596,2025-10-15 23:00:00
30.825,20.409592,2025-10-15 23:00:00
18.0,14.297652,2025-10-16 00:00:00
23.0,22.05951,2025-10-16 00:00:00
20.625,10.079538,2025-10-16 00:00:00
16.15,12.15781,2025-10-16 00:00:00
15.125,14.557496,2025-10-16 01:00:00
18.85,16.78764,2025-10-16 01:00:00
21.7,20.9347,2025-10-16 01:00:00
20.3,9.531101,2025-10-16 01:00:00
14.075,12.5716915,2025-10-16 02:00:00
20.375,22.207783,2025-10-16 02:00:00
18.975,16.397133,2025-10-16 02:00:00
18.85,7.4224133,2025-10-16 02:00:00
15.425,18.628675,2025-10-16 03:00:00
13.175,13.921645,2025-10-16 03:00:00
19.275,9.116821,2025-10-16 03:00:00
27.525,23.906155,2025-10-16 03:00:00
14.8,16.096882,2025-10-16 04:00:00
30.125,26.174833,2025-10-16 04:00:00
20.225,10.501614,2025-10-16 04:00:00
13.125,15.16402,2025-10-16 04:00:00
20.325000000000003,11.637135,2025-10-16 05:00:00
13.5,13.477287,2025-10-16 05:00:00
26.775,25.418594,2025-10-16 05:00:00
14.05,14.957651,2025-10-16 05:00:00
15.333333333333334,14.520668,2025-10-16 06:00:00
14.65,13.712675,2025-10-16 06:00:00
21.9,25.497948,2025-10-16 06:00:00
15.425,13.798779,2025-10-16 06:00:00
14.675,13.933345,2025-10-16 07:00:00
12.775,13.007508,2025-10-16 07:00:00
24.125,25.654922,2025-10-16 07:00:00
13.525,13.271378,2025-10-16 07:00:00
12.45,13.432339,2025-10-16 08:00:00
8.566666666666668,21.116297,2025-10-16 08:00:00
14.675,14.494477,2025-10-16 08:00:00
11.525,11.3588295,2025-10-16 08:00:00
7.55,22.937891,2025-10-16 09:00:00
13.675,11.433648,2025-10-16 09:00:00
12.4,14.823289,2025-10-16 09:00:00
10.2,11.169818,2025-10-16 09:00:00
10.05,12.453879,2025-10-16 10:00:00
27.266666666666666,24.296143,2025-10-16 10:00:00
18.75,10.83757,2025-10-16 10:00:00
13.675,12.01939,2025-10-16 10:00:00
12.975,12.225208,2025-10-16 11:00:00
21.8,11.024543,2025-10-16 11:00:00
57.725,22.420252,2025-10-16 11:00:00
10.65,15.232825,2025-10-16 11:00:00
12.0,14.275937,2025-10-16 12:00:00
13.825,12.186742,2025-10-16 12:00:00
55.925,20.820547,2025-10-16 12:00:00
21.85,10.429641,2025-10-16 12:00:00
21.5,10.555812,2025-10-16 13:00:00
16.55,20.753393,2025-10-16 13:00:00
14.9,14.588823,2025-10-16 13:00:00
48.575,21.272202,2025-10-16 13:00:00
24.4,24.503586,2025-10-16 14:00:00
45.0,23.295025,2025-10-16 14:00:00
16.75,17.227655,2025-10-16 14:00:00
9.25,10.303224,2025-10-16 14:00:00
41.65,21.517612,2025-10-16 15:00:00
4.0,9.91004,2025-10-16 15:00:00
28.0,26.991137,2025-10-16 15:00:00
17.925,16.73298,2025-10-16 15:00:00
27.525,31.301582,2025-10-16 16:00:00
16.725,15.3006735,2025-10-16 16:00:00
4.175,11.090704,2025-10-16 16:00:00
42.475,19.539028,2025-10-16 16:00:00
14.7,14.97953,2025-10-16 17:00:00
25.275,29.848932,2025-10-16 17:00:00
4.333333333333333,11.556957,2025-10-16 17:00:00
49.15,31.835985,2025-10-16 17:00:00
46.55,35.49013,2025-10-16 18:00:00
9.625,13.484952,2025-10-16 18:00:00
20.15,27.965073,2025-10-16 18:00:00
16.066666666666666,16.31285,2025-10-16 18:00:00
39.475,35.632263,2025-10-16 19:00:00
18.6,21.071867,2025-10-16 19:00:00
11.375,12.699266,2025-10-16 19:00:00
18.0,15.416347,2025-10-16 19:00:00
18.0,11.545856,2025-10-16 20:00:00
28.8,34.20413,2025-10-16 20:00:00
10.65,12.640977,2025-10-16 20:00:00
17.475,21.43403,2025-10-16 20:00:00
15.775,18.366444,2025-10-16 21:00:00
10.25,10.85662,2025-10-16 21:00:00
30.625,35.62338,2025-10-16 21:00:00
16.5,10.262584,2025-10-16 21:00:00
16.075,15.613498,2025-10-16 22:00:00
29.975,29.93164,2025-10-16 22:00:00
16.125,9.394308,2025-10-16 22:00:00
14.3,6.238358,2025-10-16 22:00:00
16.825,11.263495,2025-10-16 23:00:00
40.675,31.811863,2025-10-16 23:00:00
15.925,9.19115,2025-10-16 23:00:00
15.275,15.475953,2025-10-16 23:00:00
17.2,9.559471,2025-10-17 00:00:00
15.275,9.252664,2025-10-17 00:00:00
41.375,34.519707,2025-10-17 00:00:00
14.675,13.760531,2025-10-17 00:00:00
14.55,10.915605,2025-10-17 01:00:00
32.675,33.96261,2025-10-17 01:00:00
15.325,10.525604,2025-10-17 01:00:00
13.05,13.917848,2025-10-17 01:00:00
14.5,12.802044,2025-10-17 02:00:00
36.35,29.897907,2025-10-17 02:00:00
12.075,13.940113,2025-10-17 02:00:00
6.55,11.979145,2025-10-17 02:00:00
13.65,14.276446,2025-10-17 03:00:00
10.15,15.065549,2025-10-17 03:00:00
38.075,28.482813,2025-10-17 03:00:00
2.575,13.123603,2025-10-17 03:00:00
40.375,25.860498,2025-10-17 04:00:00
13.4,15.04421,2025-10-17 04:00:00
3.125,13.3152075,2025-10-17 04:00:00
9.625,15.199571,2025-10-17 04:00:00
8.825,14.343753,2025-10-17 05:00:00
4.4750000000000005,12.946034,2025-10-17 05:00:00
39.275000000000006,24.508015,2025-10-17 05:00:00
13.325,16.469236,2025-10-17 05:00:00
14.4,19.029371,2025-10-17 06:00:00
9.425,12.376318,2025-10-17 06:00:00
36.075,28.931705,2025-10-17 06:00:00
7.425,15.670762,2025-10-17 06:00:00
15.0,19.413902,2025-10-17 07:00:00
6.225,11.161522,2025-10-17 07:00:00
40.7,27.42164,2025-10-17 07:00:00
12.125,10.978449,2025-10-17 07:00:00
39.725,27.781364,2025-10-17 08:00:00
12.5,10.131923,2025-10-17 08:00:00
14.6,17.387829,2025-10-17 08:00:00
5.25,10.472066,2025-10-17 08:00:00
6.05,9.508395,2025-10-17 09:00:00
13.2,15.472404,2025-10-17 09:00:00
13.0,8.519895,2025-10-17 09:00:00
39.925,28.791708,2025-10-17 09:00:00
42.175,27.956053,2025-10-17 10:00:00
5.725,9.835317,2025-10-17 10:00:00
18.425,8.313526,2025-10-17 10:00:00
13.2,15.290282,2025-10-17 10:00:00
6.15,10.299493,2025-10-17 11:00:00
46.8,26.42858,2025-10-17 11:00:00
21.475,9.222926,2025-10-17 11:00:00
13.2,14.823489,2025-10-17 11:00:00
55.275,25.532084,2025-10-17 12:00:00
8.25,14.5991535,2025-10-17 12:00:00
11.325,15.556484,2025-10-17 12:00:00
21.9,8.995527,2025-10-17 12:00:00
9.95,18.223904,2025-10-17 13:00:00
10.475,18.162338,2025-10-17 13:00:00
22.05,9.156732,2025-10-17 13:00:00
50.85,34.174847,2025-10-17 13:00:00
11.375,17.430117,2025-10-17 14:00:00
10.575,20.257565,2025-10-17 14:00:00
46.7,36.67106,2025-10-17 14:00:00
18.3,10.415913,2025-10-17 14:00:00
16.275,11.763487,2025-10-17 15:00:00
52.025,38.594864,2025-10-17 15:00:00
11.95,21.721493,2025-10-17 15:00:00
14.1,19.489983,2025-10-17 15:00:00
12.85,20.18576,2025-10-17 16:00:00
13.75,19.097897,2025-10-17 16:00:00
46.825,35.540306,2025-10-17 16:00:00
16.35,11.688767,2025-10-17 16:00:00
16.333333333333332,12.601718,2025-10-17 17:00:00
14.8,19.449331,2025-10-17 17:00:00
49.3,35.248013,2025-10-17 17:00:00
12.55,15.4697895,2025-10-17 17:00:00
14.3,13.81818,2025-10-17 18:00:00
19.0,20.184212,2025-10-17 18:00:00
15.45,11.893301,2025-10-17 18:00:00
36.075,38.7613,2025-10-17 18:00:00
14.625,11.2445345,2025-10-17 19:00:00
40.375,40.05129,2025-10-17 19:00:00
16.9,13.200143,2025-10-17 19:00:00
19.55,17.484722,2025-10-17 19:00:00
14.975,11.411047,2025-10-17 20:00:00
14.275,12.5340395,2025-10-17 20:00:00
45.525,37.391357,2025-10-17 20:00:00
19.075,16.79566,2025-10-17 20:00:00
17.75,14.754763,2025-10-17 21:00:00
12.7,9.81553,2025-10-17 21:00:00
13.125,12.136242,2025-10-17 21:00:00
42.225,37.92511,2025-10-17 21:00:00
8.15,10.571025,2025-10-17 22:00:00
43.9,35.548615,2025-10-17 22:00:00
12.925,9.365091,2025-10-17 22:00:00
16.85,10.437742,2025-10-17 22:00:00
5.025,11.031936,2025-10-17 23:00:00
15.575,8.810573,2025-10-17 23:00:00
12.75,8.655182,2025-10-17 23:00:00
39.400000000000006,33.60071,2025-10-17 23:00:00
15.525,10.953325,2025-10-18 00:00:00
5.175,10.9202585,2025-10-18 00:00:00
12.775,7.5795484,2025-10-18 00:00:00
33.325,28.942707,2025-10-18 00:00:00
6.2,11.561674,2025-10-18 01:00:00
12.975,9.187814,2025-10-18 01:00:00
16.025,13.643479,2025-10-18 01:00:00
21.575,32.07902,2025-10-18 01:00:00
16.575,14.895087,2025-10-18 02:00:00
13.1,11.285185,2025-10-18 02:00:00
27.65,35.01985,2025-10-18 02:00:00
15.475,12.916962,2025-10-18 02:00:00
16.275,16.702528,2025-10-18 03:00:00
12.7,11.616124,2025-10-18 03:00:00
28.675,31.15508,2025-10-18 03:00:00
21.1,12.388712,2025-10-18 03:00:00
15.75,14.534856,2025-10-18 04:00:00
37.125,32.92001,2025-10-18 04:00:00
22.35,12.999341,2025-10-18 04:00:00
11.725,13.276008,2025-10-18 04:00:00
36.375,31.42925,2025-10-18 05:00:00
22.55,12.307801,2025-10-18 05:00:00
11.75,12.542854,2025-10-18 05:00:00
15.9,14.019061,2025-10-18 05:00:00
11.725,13.674495,2025-10-18 06:00:00
15.175,15.508238,2025-10-18 06:00:00
16.45,11.0149555,2025-10-18 06:00:00
39.75,29.88386,2025-10-18 06:00:00
38.325,25.438265,2025-10-18 07:00:00
13.875,12.578687,2025-10-18 07:00:00
12.5,15.423556,2025-10-18 07:00:00
11.275,13.041429,2025-10-18 07:00:00
11.475,15.36955,2025-10-18 08:00:00
12.3,13.447091,2025-10-18 08:00:00
37.725,23.689816,2025-10-18 08:00:00
14.075,11.959168,2025-10-18 08:00:00
14.125,12.972368,2025-10-18 09:00:00
13.0,11.872651,2025-10-18 09:00:00
17.400000000000002,26.604246,2025-10-18 09:00:00
12.5,14.566738,2025-10-18 09:00:00
11.25,19.847971,2025-10-18 10:00:00
13.05,11.683362,2025-10-18 10:00:00
12.5,13.700244,2025-10-18 10:00:00
1.75,21.812138,2025-10-18 10:00:00
9.9,13.68705,2025-10-18 11:00:00
14.766666666666666,22.61522,2025-10-18 11:00:00
12.175,11.9681635,2025-10-18 11:00:00
14.275,14.973671,2025-10-18 11:00:00
19.275,18.90287,2025-10-18 12:00:00
10.25,13.74452,2025-10-18 12:00:00
6.35,28.047747,2025-10-18 12:00:00
11.95,12.901505,2025-10-18 12:00:00
23.225,21.527723,2025-10-18 13:00:00
10.975,13.767786,2025-10-18 13:00:00
11.325,12.719953,2025-10-18 13:00:00
26.96666666666667,31.192451,2025-10-18 13:00:00
13.2,13.841722,2025-10-18 14:00:00
27.175,28.319595,2025-10-18 14:00:00
36.875,32.571785,2025-10-18 14:00:00
17.875,13.745042,2025-10-18 14:00:00
12.525,13.888743,2025-10-18 15:00:00
20.875,13.947387,2025-10-18 15:00:00
32.275,23.702953,2025-10-18 15:00:00
27.625,33.770447,2025-10-18 15:00:00
32.7,25.132618,2025-10-18 16:00:00
24.725,25.801523,2025-10-18 16:00:00
20.925,14.386076,2025-10-18 16:00:00
10.0,12.288148,2025-10-18 16:00:00
11.875,11.769369,2025-10-18 16:00:00
32.325,26.897362,2025-10-18 17:00:00
40.0,26.917513,2025-10-18 17:00:00
11.8,13.118967,2025-10-18 17:00:00
20.766666666666666,11.113902,2025-10-18 17:00:00
10.0,9.460348,2025-10-18 17:00:00
10.0,12.421349,2025-10-18 18:00:00
13.5,14.919751,2025-10-18 18:00:00
31.15,22.921082,2025-10-18 18:00:00
22.85,13.147671,2025-10-18 18:00:00
23.825,22.174772,2025-10-18 18:00:00
14.8,11.359466,2025-10-18 19:00:00
10.0,13.888917,2025-10-18 19:00:00
23.55,12.156173,2025-10-18 19:00:00
31.25,23.00824,2025-10-18 19:00:00
21.4,22.916023,2025-10-18 19:00:00
71.075,26.814903,2025-10-18 20:00:00
10.0,13.771219,2025-10-18 20:00:00
22.55,11.914955,2025-10-18 20:00:00
20.975,19.710938,2025-10-18 20:00:00
14.55,9.462944,2025-10-18 20:00:00
22.0,11.755814,2025-10-18 21:00:00
10.0,15.007727,2025-10-18 21:00:00
20.8,16.779066,2025-10-18 21:00:00
96.175,28.612715,2025-10-18 21:00:00
13.925,8.739892,2025-10-18 21:00:00
10.0,15.123567,2025-10-18 22:00:00
19.025,15.704467,2025-10-18 22:00:00
17.275,11.473011,2025-10-18 22:00:00
90.925,28.812593,2025-10-18 22:00:00
14.375,6.641347,2025-10-18 22:00:00
10.0,11.962318,2025-10-18 23:00:00
90.85,26.443918,2025-10-18 23:00:00
14.425,12.0477915,2025-10-18 23:00:00
13.975,7.5805473,2025-10-18 23:00:00
17.5,14.41357,2025-10-18 23:00:00
16.625,15.32188,2025-10-19 00:00:00
14.35,9.301457,2025-10-19 00:00:00
87.575,25.224945,2025-10-19 00:00:00
10.0,10.462636,2025-10-19 00:00:00
13.95,12.259847,2025-10-19 00:00:00
14.5,10.096454,2025-10-19 01:00:00
10.0,10.147501,2025-10-19 01:00:00
13.6,14.252467,2025-10-19 01:00:00
102.325,27.338707,2025-10-19 01:00:00
16.85,15.482593,2025-10-19 01:00:00
13.625,11.071556,2025-10-19 02:00:00
15.6,14.396806,2025-10-19 02:00:00
10.0,10.466287,2025-10-19 02:00:00
15.3,15.282811,2025-10-19 02:00:00
101.25,27.553272,2025-10-19 02:00:00
16.825,16.237442,2025-10-19 03:00:00
78.275,37.22861,2025-10-19 03:00:00
10.0,10.610099,2025-10-19 03:00:00
14.2,13.586077,2025-10-19 03:00:00
11.45,13.150524,2025-10-19 03:00:00
10.0,10.08544,2025-10-19 04:00:00
70.375,35.04146,2025-10-19 04:00:00
12.95,15.74754,2025-10-19 04:00:00
29.8,13.530511,2025-10-19 04:00:00
18.2,15.773221,2025-10-19 04:00:00
10.0,9.83197,2025-10-19 05:00:00
9.55,15.433077,2025-10-19 05:00:00
18.8,16.034023,2025-10-19 05:00:00
63.475,29.457483,2025-10-19 05:00:00
32.2,13.527963,2025-10-19 05:00:00
10.0,10.831366,2025-10-19 06:00:00
8.225,15.671655,2025-10-19 06:00:00
14.55,14.705793,2025-10-19 06:00:00
55.875,27.185036,2025-10-19 06:00:00
30.325,17.73483,2025-10-19 06:00:00
10.0,10.384943,2025-10-19 07:00:00
6.375,14.687339,2025-10-19 07:00:00
12.35,14.276286,2025-10-19 07:00:00
53.1,18.815166,2025-10-19 07:00:00
30.825,17.46557,2025-10-19 07:00:00
12.45,13.713919,2025-10-19 08:00:00
10.0,9.845156,2025-10-19 08:00:00
6.525,15.04261,2025-10-19 08:00:00
45.725,24.090427,2025-10-19 08:00:00
31.125,12.127383,2025-10-19 08:00:00
29.35,12.02456,2025-10-19 09:00:00
50.075,32.494602,2025-10-19 09:00:00
11.95,15.733738,2025-10-19 09:00:00
7.975,12.823018,2025-10-19 09:00:00
12.533333333333331,9.172626,2025-10-19 09:00:00
12.55,8.363152,2025-10-19 10:00:00
28.575,16.651722,2025-10-19 10:00:00
18.975,13.160154,2025-10-19 10:00:00
44.55,39.971798,2025-10-19 10:00:00
7.375,12.591756,2025-10-19 10:00:00
12.6,9.447782,2025-10-19 11:00:00
28.5,16.835684,2025-10-19 11:00:00
33.95,38.01828,2025-10-19 11:00:00
9.225,15.061973,2025-10-19 11:00:00
22.15,15.463915,2025-10-19 11:00:00
21.275,12.535833,2025-10-19 12:00:00
29.6,21.152508,2025-10-19 12:00:00
12.425,16.399204,2025-10-19 12:00:00
12.6,10.6663885,2025-10-19 12:00:00
28.5,41.884018,2025-10-19 12:00:00
20.5,13.95621,2025-10-19 13:00:00
12.6,11.306254,2025-10-19 13:00:00
32.35,46.120987,2025-10-19 13:00:00
18.225,21.927181,2025-10-19 13:00:00
30.6,23.494844,2025-10-19 13:00:00
27.825,25.460108,2025-10-19 14:00:00
47.2,30.48773,2025-10-19 14:00:00
15.0,14.369526,2025-10-19 14:00:00
36.95,42.50877,2025-10-19 14:00:00
12.6,12.576089,2025-10-19 14:00:00
31.85,44.629147,2025-10-19 15:00:00
34.975,31.775684,2025-10-19 15:00:00
12.3,14.534942,2025-10-19 15:00:00
96.9,29.836552,2025-10-19 15:00:00
12.6,12.257906,2025-10-19 15:00:00
35.975,28.174513,2025-10-19 16:00:00
13.1,15.264297,2025-10-19 16:00:00
12.6,13.511675,2025-10-19 16:00:00
15.433333333333332,23.436213,2025-10-19 16:00:00
38.0,47.766945,2025-10-19 16:00:00
13.6,23.548695,2025-10-19 17:00:00
13.333333333333334,16.708506,2025-10-19 17:00:00
12.6,11.400584,2025-10-19 17:00:00
32.025,30.27752,2025-10-19 17:00:00
32.25,36.36916,2025-10-19 17:00:00
25.65,28.613901,2025-10-19 18:00:00
32.45,32.62037,2025-10-19 18:00:00
12.6,15.278208,2025-10-19 18:00:00
13.766666666666666,20.726072,2025-10-19 18:00:00
16.1,16.789595,2025-10-19 18:00:00
22.05,27.274307,2025-10-19 19:00:00
13.75,22.035233,2025-10-19 19:00:00
18.175,17.319489,2025-10-19 19:00:00
34.425000000000004,29.64915,2025-10-19 19:00:00
12.6,18.518042,2025-10-19 19:00:00
12.6,18.567595,2025-10-19 20:00:00
17.4,17.37158,2025-10-19 20:00:00
13.475,22.186743,2025-10-19 20:00:00
19.0,23.11581,2025-10-19 20:00:00
34.475,30.906828,2025-10-19 20:00:00
13.075,18.249605,2025-10-19 21:00:00
17.2,19.959194,2025-10-19 21:00:00
26.65,29.792137,2025-10-19 21:00:00
17.125,14.923136,2025-10-19 21:00:00
12.6,18.680706,2025-10-19 21:00:00
17.65,16.422636,2025-10-19 22:00:00
12.9,18.044214,2025-10-19 22:00:00
13.925,13.950734,2025-10-19 22:00:00
17.0,26.248882,2025-10-19 22:00:00
12.6,13.728114,2025-10-19 22:00:00
20.35,27.228739,2025-10-19 23:00:00
17.15,14.937581,2025-10-19 23:00:00
11.725,12.224817,2025-10-19 23:00:00
12.225,20.969723,2025-10-19 23:00:00
12.6,12.914191,2025-10-19 23:00:00
21.525,25.888432,2025-10-20 00:00:00
11.4,16.60998,2025-10-20 00:00:00
12.6,10.901216,2025-10-20 00:00:00
16.55,18.265776,2025-10-20 00:00:00
12.025,11.324564,2025-10-20 00:00:00
12.6,8.857605,2025-10-20 01:00:00
26.625,27.126833,2025-10-20 01:00:00
10.675,13.55696,2025-10-20 01:00:00
15.875,12.350536,2025-10-20 01:00:00
12.35,11.512436,2025-10-20 01:00:00
14.325,13.490249,2025-10-20 02:00:00
9.2,14.672383,2025-10-20 02:00:00
25.55,26.40933,2025-10-20 02:00:00
12.6,9.131077,2025-10-20 02:00:00
17.075,13.323335,2025-10-20 02:00:00
12.6,9.268428,2025-10-20 03:00:00
8.625,9.621629,2025-10-20 03:00:00
24.2,27.225576,2025-10-20 03:00:00
20.675,14.189361,2025-10-20 03:00:00
12.425,11.267361,2025-10-20 03:00:00
9.125,10.3087435,2025-10-20 04:00:00
23.65,14.420569,2025-10-20 04:00:00
9.275,13.060107,2025-10-20 04:00:00
12.525,10.12773,2025-10-20 04:00:00
27.25,24.807438,2025-10-20 04:00:00
12.5,11.044162,2025-10-20 05:00:00
23.95,13.479332,2025-10-20 05:00:00
9.2,12.696383,2025-10-20 05:00:00
11.675,12.945151,2025-10-20 05:00:00
68.875,22.52668,2025-10-20 05:00:00
12.5,10.618824,2025-10-20 06:00:00
23.775,13.667839,2025-10-20 06:00:00
38.55,21.610947,2025-10-20 06:00:00
13.175,15.033466,2025-10-20 06:00:00
9.55,13.344699,2025-10-20 06:00:00
4.875,11.880466,2025-10-20 07:00:00
13.75,16.358759,2025-10-20 07:00:00
23.925,14.293037,2025-10-20 07:00:00
10.5,19.14956,2025-10-20 07:00:00
12.5,11.908878,2025-10-20 07:00:00
14.15,13.272229,2025-10-20 08:00:00
21.9,13.782894,2025-10-20 08:00:00
12.5,11.652595,2025-10-20 08:00:00
12.275,19.858545,2025-10-20 08:00:00
3.35,10.8555155,2025-10-20 08:00:00
20.55,11.782358,2025-10-20 09:00:00
24.5,12.036689,2025-10-20 09:00:00
17.425,17.762445,2025-10-20 09:00:00
12.85,18.04174,2025-10-20 09:00:00
3.375,8.872157,2025-10-20 09:00:00
14.95,22.657883,2025-10-20 10:00:00
9.55,12.688361,2025-10-20 10:00:00
3.75,11.45628,2025-10-20 10:00:00
15.85,15.718642,2025-10-20 10:00:00
13.625,16.470922,2025-10-20 10:00:00
6.6,11.1448765,2025-10-20 11:00:00
13.35,12.553448,2025-10-20 11:00:00
10.5,29.105934,2025-10-20 11:00:00
12.9,12.522308,2025-10-20 11:00:00
12.35,17.918106,2025-10-20 11:00:00
11.425,17.659622,2025-10-20 12:00:00
12.9,14.070884,2025-10-20 12:00:00
13.225,15.053454,2025-10-20 12:00:00
15.25,32.127674,2025-10-20 12:00:00
10.45,17.709604,2025-10-20 12:00:00
19.575,20.645975,2025-10-20 13:00:00
12.9,13.473729,2025-10-20 13:00:00
13.625,15.000813,2025-10-20 13:00:00
16.075,32.769894,2025-10-20 13:00:00
9.675,19.62323,2025-10-20 13:00:00
17.5,22.1028,2025-10-20 14:00:00
9.55,23.853256,2025-10-20 14:00:00
12.9,14.194187,2025-10-20 14:00:00
45.2,24.48481,2025-10-20 14:00:00
16.25,15.808748,2025-10-20 14:00:00
16.975,19.733881,2025-10-20 15:00:00
21.75,22.497793,2025-10-20 15:00:00
17.4,16.991781,2025-10-20 15:00:00
71.35,28.392889,2025-10-20 15:00:00
12.9,14.332221,2025-10-20 15:00:00
119.6,21.892624,2025-10-20 16:00:00
12.9,18.314386,2025-10-20 16:00:00
29.4,21.846565,2025-10-20 16:00:00
18.225,15.228163,2025-10-20 16:00:00
69.2,30.588087,2025-10-20 16:00:00
119.6,22.452368,2025-10-20 17:00:00
19.03333333333333,14.415203,2025-10-20 17:00:00
12.9,15.2409525,2025-10-20 17:00:00
79.0,27.201529,2025-10-20 17:00:00
52.725,20.639978,2025-10-20 17:00:00
80.175,25.557062,2025-10-20 18:00:00
119.6,18.247374,2025-10-20 18:00:00
51.95,20.779793,2025-10-20 18:00:00
11.475,12.483537,2025-10-20 18:00:00
12.9,17.348848,2025-10-20 18:00:00
155.66666666666666,13.885188,2025-10-20 19:00:00
7.95,11.233819,2025-10-20 19:00:00
40.5,20.882915,2025-10-20 19:00:00
9.85,20.392382,2025-10-20 19:00:00
64.5,19.649195,2025-10-20 19:00:00
141.825,11.577032,2025-10-20 20:00:00
7.7,21.08715,2025-10-20 20:00:00
10.85,13.170008,2025-10-20 20:00:00
19.9,22.396969,2025-10-20 20:00:00
49.125,24.390526,2025-10-20 20:00:00
7.7,19.646866,2025-10-20 21:00:00
47.025,22.06692,2025-10-20 21:00:00
23.0,20.94683,2025-10-20 21:00:00
131.475,9.453687,2025-10-20 21:00:00
10.85,13.203825,2025-10-20 21:00:00
18.725,13.467986,2025-10-20 22:00:00
35.65,15.810492,2025-10-20 22:00:00
164.675,16.414465,2025-10-20 22:00:00
19.4,18.799192,2025-10-20 22:00:00
7.7,16.784369,2025-10-20 22:00:00
29.9,24.563585,2025-10-20 23:00:00
133.625,27.25249,2025-10-20 23:00:00
22.6,13.875339,2025-10-20 23:00:00
7.7,14.2608795,2025-10-20 23:00:00
19.45,26.394783,2025-10-20 23:00:00
18.1,29.047226,2025-10-21 00:00:00
26.6,38.88417,2025-10-21 00:00:00
21.825,12.833497,2025-10-21 00:00:00
88.25,24.7228,2025-10-21 00:00:00
7.7,14.179129,2025-10-21 00:00:00
18.775,27.089369,2025-10-21 01:00:00
46.275,33.57194,2025-10-21 01:00:00
20.775,9.559232,2025-10-21 01:00:00
7.7,10.764059,2025-10-21 01:00:00
23.5,31.944237,2025-10-21 01:00:00
23.775,35.1731,2025-10-21 02:00:00
12.375,30.070538,2025-10-21 02:00:00
7.625,12.686055,2025-10-21 02:00:00
17.725,35.159863,2025-10-21 02:00:00
20.75,9.85171,2025-10-21 02:00:00
20.175,47.02854,2025-10-21 03:00:00
7.6,12.09794,2025-10-21 03:00:00
18.125,24.30896,2025-10-21 03:00:00
14.175,30.690643,2025-10-21 03:00:00
22.275,10.53596,2025-10-21 03:00:00
15.9,29.870337,2025-10-21 04:00:00
22.775,12.075504,2025-10-21 04:00:00
12.2,22.800278,2025-10-21 04:00:00
7.6,13.617478,2025-10-21 04:00:00
20.675,21.22885,2025-10-21 04:00:00
15.5,16.996105,2025-10-21 05:00:00
21.275,12.970698,2025-10-21 05:00:00
7.6,12.4340515,2025-10-21 05:00:00
14.65,38.07844,2025-10-21 05:00:00
8.225,19.676737,2025-10-21 05:00:00
6.55,25.474508,2025-10-21 06:00:00
18.525,20.005638,2025-10-21 06:00:00
7.6,19.803211,2025-10-21 06:00:00
15.4,18.050793,2025-10-21 06:00:00
13.975,39.39065,2025-10-21 06:00:00
7.6,20.93154,2025-10-21 07:00:00
5.7,28.204744,2025-10-21 07:00:00
11.125,20.177732,2025-10-21 07:00:00
12.375,17.104181,2025-10-21 07:00:00
16.825,22.719305,2025-10-21 07:00:00
15.65,18.282389,2025-10-21 08:00:00
5.075,20.995466,2025-10-21 08:00:00
6.475,30.545118,2025-10-21 08:00:00
11.8,14.097544,2025-10-21 08:00:00
7.6,15.734171,2025-10-21 08:00:00
7.6,15.656775,2025-10-21 09:00:00
9.85,11.95764,2025-10-21 09:00:00
3.575,17.436134,2025-10-21 09:00:00
15.325,17.740135,2025-10-21 09:00:00
2.2,22.183578,2025-10-21 09:00:00
14.525,14.444978,2025-10-21 10:00:00
2.2,18.12128,2025-10-21 10:00:00
15.75,13.164158,2025-10-21 10:00:00
2.9,16.869627,2025-10-21 10:00:00
16.2,14.8597145,2025-10-21 11:00:00
2.2,20.401829,2025-10-21 11:00:00
3.775,20.616053,2025-10-21 11:00:00
13.4,11.311901,2025-10-21 11:00:00
17.65,13.126889,2025-10-21 11:00:00
6.675,21.345434,2025-10-21 12:00:00
17.3,14.625841,2025-10-21 12:00:00
17.375,15.326623,2025-10-21 12:00:00
15.15,13.136247,2025-10-21 12:00:00
2.2,16.989927,2025-10-21 12:00:00
10.9,26.758854,2025-10-21 13:00:00
13.1,14.259413,2025-10-21 13:00:00
17.174999999999997,12.376116,2025-10-21 13:00:00
17.2,15.18939,2025-10-21 13:00:00
17.2,9.674303,2025-10-21 14:00:00
16.8,17.651777,2025-10-21 14:00:00
15.225,30.407053,2025-10-21 14:00:00
18.65,10.456372,2025-10-21 14:00:00
2.4,27.052153,2025-10-21 14:00:00
17.275,39.827156,2025-10-21 15:00:00
16.575,17.35481,2025-10-21 15:00:00
1.8,28.22512,2025-10-21 15:00:00
19.425,14.717152,2025-10-21 15:00:00
17.15,8.894861,2025-10-21 15:00:00
16.35,56.991455,2025-10-21 16:00:00
17.95,15.796911,2025-10-21 16:00:00
0.875,22.76511,2025-10-21 16:00:00
19.475,11.523827,2025-10-21 16:00:00
17.2,16.57906,2025-10-21 17:00:00
19.8,25.349388,2025-10-21 17:00:00
16.7,53.392944,2025-10-21 17:00:00
1.425,27.044552,2025-10-21 17:00:00
19.6,15.5096855,2025-10-21 17:00:00
19.866666666666667,31.327751,2025-10-21 18:00:00
21.4,48.889435,2025-10-21 18:00:00
17.25,21.578932,2025-10-21 18:00:00
22.825000000000003,21.711855,2025-10-21 18:00:00
18.23333333333333,17.664122,2025-10-21 18:00:00
18.5,22.124239,2025-10-21 19:00:00
21.925,21.67087,2025-10-21 19:00:00
20.0,38.093998,2025-10-21 19:00:00
24.925,17.340725,2025-10-21 19:00:00
24.025,15.951468,2025-10-21 20:00:00
21.125,26.267078,2025-10-21 20:00:00
18.5,23.323614,2025-10-21 20:00:00
20.35,20.542889,2025-10-21 20:00:00
18.7,37.517715,2025-10-21 20:00:00
17.75,21.741957,2025-10-21 21:00:00
17.35,21.040075,2025-10-21 21:00:00
22.9,14.5808935,2025-10-21 21:00:00
18.45,25.49163,2025-10-21 21:00:00
20.15,21.75137,2025-10-21 21:00:00
19.275,17.185337,2025-10-21 22:00:00
17.200000000000003,13.630949,2025-10-21 22:00:00
18.5,19.86857,2025-10-21 22:00:00
16.175,18.584267,2025-10-21 22:00:00
12.3,14.424312,2025-10-21 22:00:00
18.200000000000003,18.724405,2025-10-21 23:00:00
6.15,12.88717,2025-10-21 23:00:00
18.475,16.167242,2025-10-21 23:00:00
16.2,8.870428,2025-10-21 23:00:00
16.725,14.619276,2025-10-21 23:00:00
17.325,15.191441,2025-10-22 00:00:00
16.3,6.7266893,2025-10-22 00:00:00
6.225,12.90521,2025-10-22 00:00:00
17.6,20.8946,2025-10-22 00:00:00
18.4,15.00095,2025-10-22 00:00:00
16.9,15.200573,2025-10-22 01:00:00
15.95,11.556129,2025-10-22 01:00:00
18.475,15.736659,2025-10-22 01:00:00
6.475,13.720735,2025-10-22 01:00:00
17.65,13.6375265,2025-10-22 01:00:00
18.5,13.946962,2025-10-22 02:00:00
10.35,13.845262,2025-10-22 02:00:00
14.325,12.051223,2025-10-22 02:00:00
16.2,12.101353,2025-10-22 02:00:00
17.8,14.027686,2025-10-22 02:00:00
13.25,14.309424,2025-10-22 03:00:00
18.5,12.889426,2025-10-22 03:00:00
13.775,12.872527,2025-10-22 03:00:00
15.25,15.635468,2025-10-22 03:00:00
12.9,15.941782,2025-10-22 03:00:00
14.475,16.58786,2025-10-22 04:00:00
13.925,10.658796,2025-10-22 04:00:00
13.725,13.77833,2025-10-22 04:00:00
18.475,19.402645,2025-10-22 04:00:00
15.225,18.503326,2025-10-22 04:00:00
13.65,14.394873,2025-10-22 05:00:00
18.5,17.03034,2025-10-22 05:00:00
15.4,14.799315,2025-10-22 05:00:00
14.075,12.747557,2025-10-22 05:00:00
13.15,13.374768,2025-10-22 05:00:00
15.6,14.467055,2025-10-22 06:00:00
11.35,14.579251,2025-10-22 06:00:00
11.6,11.451319,2025-10-22 06:00:00
14.7,14.077966,2025-10-22 06:00:00
18.5,18.203764,2025-10-22 06:00:00
15.0,10.939183,2025-10-22 07:00:00
18.5,18.777044,2025-10-22 07:00:00
18.775,13.789103,2025-10-22 07:00:00
9.725,11.211286,2025-10-22 07:00:00
10.55,11.903076,2025-10-22 07:00:00
15.225,13.098452,2025-10-22 08:00:00
10.125,12.349013,2025-10-22 08:00:00
18.5,17.518976,2025-10-22 08:00:00
8.1,13.333487,2025-10-22 08:00:00
22.675,14.476308,2025-10-22 08:00:00
9.3,10.030028,2025-10-22 09:00:00
15.7,12.318795,2025-10-22 09:00:00
18.5,16.143213,2025-10-22 09:00:00
23.075,12.158823,2025-10-22 09:00:00
6.15,11.612349,2025-10-22 09:00:00
14.55,12.527361,2025-10-22 10:00:00
18.5,15.123098,2025-10-22 10:00:00
5.6,13.046978,2025-10-22 10:00:00
19.875,11.52388,2025-10-22 10:00:00
15.2,11.52299,2025-10-22 10:00:00
18.1,10.284184,2025-10-22 11:00:00
18.55,13.676659,2025-10-22 11:00:00
16.65,11.376864,2025-10-22 11:00:00
14.575,13.685913,2025-10-22 11:00:00
7.075,13.599585,2025-10-22 11:00:00
18.6,13.918291,2025-10-22 12:00:00
18.075,12.862984,2025-10-22 12:00:00
13.775,12.437086,2025-10-22 12:00:00
17.95,12.112031,2025-10-22 12:00:00
8.299999999999999,14.554998,2025-10-22 12:00:00
18.75,13.005216,2025-10-22 13:00:00
22.675,12.74384,2025-10-22 13:00:00
13.625,12.56853,2025-10-22 13:00:00
9.775,22.766396,2025-10-22 13:00:00
18.65,12.7854595,2025-10-22 13:00:00
20.4,16.934408,2025-10-22 14:00:00
27.4,14.689567,2025-10-22 14:00:00
12.9,13.642595,2025-10-22 14:00:00
11.225,22.25968,2025-10-22 14:00:00
18.625,14.566579,2025-10-22 14:00:00
18.675,17.194456,2025-10-22 15:00:00
12.225,13.83673,2025-10-22 15:00:00
32.225,15.0665045,2025-10-22 15:00:00
21.05,19.218504,2025-10-22 15:00:00
14.55,23.837048,2025-10-22 15:00:00
11.45,13.571167,2025-10-22 16:00:00
13.375,23.72921,2025-10-22 16:00:00
22.45,22.415583,2025-10-22 16:00:00
18.675,17.482634,2025-10-22 16:00:00
32.275,15.179883,2025-10-22 16:00:00
18.7,16.21608,2025-10-22 17:00:00
32.333333333333336,13.956398,2025-10-22 17:00:00
28.5,22.177694,2025-10-22 17:00:00
10.7,13.199492,2025-10-22 17:00:00
14.95,20.207375,2025-10-22 17:00:00
14.6,24.053015,2025-10-22 18:00:00
16.5,13.334534,2025-10-22 18:00:00
23.775,20.513014,2025-10-22 18:00:00
11.5,14.126594,2025-10-22 18:00:00
18.466666666666665,21.223036,2025-10-22 18:00:00
19.25,13.508623,2025-10-22 19:00:00
1.325,15.81808,2025-10-22 19:00:00
13.6,17.70752,2025-10-22 19:00:00
18.4,26.20752,2025-10-22 19:00:00
25.675,20.072752,2025-10-22 19:00:00
12.8,17.254797,2025-10-22 20:00:00
19.025,13.621166,2025-10-22 20:00:00
18.4,25.699076,2025-10-22 20:00:00
1.625,15.569025,2025-10-22 20:00:00
23.425,18.579456,2025-10-22 20:00:00
11.95,15.659075,2025-10-22 21:00:00
18.4,12.411888,2025-10-22 21:00:00
1.525,17.288187,2025-10-22 21:00:00
18.4,26.50162,2025-10-22 21:00:00
23.9,19.406834,2025-10-22 21:00:00
18.4,18.70315,2025-10-22 22:00:00
18.025,11.196448,2025-10-22 22:00:00
11.55,12.027271,2025-10-22 22:00:00
25.775,18.030218,2025-10-22 22:00:00
0.6,17.375744,2025-10-22 22:00:00
25.725,18.380257,2025-10-22 23:00:00
18.4,18.21104,2025-10-22 23:00:00
10.825,10.1174345,2025-10-22 23:00:00
0.1,16.396965,2025-10-22 23:00:00
17.6,10.7537565,2025-10-22 23:00:00
18.4,16.272934,2025-10-23 00:00:00
17.575,10.2085495,2025-10-23 00:00:00
0.1666666666666666,16.677267,2025-10-23 00:00:00
21.25,20.571404,2025-10-23 00:00:00
9.375,10.32029,2025-10-23 00:00:00
0.225,12.728593,2025-10-23 01:00:00
16.35,10.355759,2025-10-23 01:00:00
18.4,15.501436,2025-10-23 01:00:00
22.8,20.301756,2025-10-23 01:00:00
10.2,10.84819,2025-10-23 01:00:00
26.525,20.471996,2025-10-23 02:00:00
15.7,12.261131,2025-10-23 02:00:00
9.75,10.795688,2025-10-23 02:00:00
8.299999999999999,7.1213126,2025-10-23 02:00:00
18.4,15.991165,2025-10-23 02:00:00
18.4,19.408882,2025-10-23 03:00:00
9.325,12.888421,2025-10-23 03:00:00
19.95,22.772224,2025-10-23 03:00:00
10.7,9.120812,2025-10-23 03:00:00
15.575,12.994055,2025-10-23 03:00:00
12.475,11.307683,2025-10-23 04:00:00
19.5,21.972633,2025-10-23 04:00:00
15.725,12.963995,2025-10-23 04:00:00
18.4,19.800724,2025-10-23 04:00:00
8.65,11.235382,2025-10-23 04:00:00
17.45,20.36282,2025-10-23 05:00:00
15.625,15.246181,2025-10-23 05:00:00
18.4,20.229652,2025-10-23 05:00:00
9.45,10.623668,2025-10-23 05:00:00
12.725,10.70861,2025-10-23 05:00:00
15.925,16.004625,2025-10-23 06:00:00
9.6,11.504534,2025-10-23 06:00:00
17.475,12.124113,2025-10-23 06:00:00
21.35,20.513687,2025-10-23 06:00:00
18.45,19.980017,2025-10-23 06:00:00
22.15,21.318066,2025-10-23 07:00:00
18.425,20.637259,2025-10-23 07:00:00
8.825,12.587718,2025-10-23 07:00:00
17.525,15.310641,2025-10-23 07:00:00
19.925,12.643339,2025-10-23 07:00:00
17.7,16.203667,2025-10-23 08:00:00
19.725,10.876277,2025-10-23 08:00:00
18.4,20.47766,2025-10-23 08:00:00
7.85,10.033484,2025-10-23 08:00:00
17.125,21.615164,2025-10-23 08:00:00
18.725,8.58019,2025-10-23 09:00:00
18.4,20.633377,2025-10-23 09:00:00
6.625,10.940216,2025-10-23 09:00:00
17.675,15.176286,2025-10-23 09:00:00
19.35,20.713562,2025-10-23 09:00:00
5.85,11.258709,2025-10-23 10:00:00
15.95,19.590786,2025-10-23 10:00:00
18.375,19.331964,2025-10-23 10:00:00
17.55,13.607225,2025-10-23 10:00:00
11.35,12.036881,2025-10-23 10:00:00
16.75,17.820187,2025-10-23 11:00:00
6.85,12.799474,2025-10-23 11:00:00
16.625,14.526945,2025-10-23 11:00:00
18.35,18.64439,2025-10-23 11:00:00
6.775,16.877047,2025-10-23 11:00:00
6.633333333333333,12.480391,2025-10-23 12:00:00
7.875,14.290421,2025-10-23 12:00:00
15.025,15.54197,2025-10-23 12:00:00
18.4,15.30698,2025-10-23 12:00:00
16.55,19.249086,2025-10-23 12:00:00
7.15,12.048712,2025-10-23 13:00:00
21.55,21.428257,2025-10-23 13:00:00
18.4,16.739214,2025-10-23 13:00:00
16.175,14.701284,2025-10-23 13:00:00
11.8,16.945217,2025-10-23 13:00:00
12.775,12.932003,2025-10-23 14:00:00
26.6,22.413057,2025-10-23 14:00:00
16.375,16.382772,2025-10-23 14:00:00
15.525,19.108015,2025-10-23 14:00:00
18.4,16.738981,2025-10-23 14:00:00
16.75,23.570309,2025-10-23 15:00:00
15.65,16.255798,2025-10-23 15:00:00
15.85,12.17172,2025-10-23 15:00:00
26.475,21.790787,2025-10-23 15:00:00
18.4,17.453773,2025-10-23 15:00:00
15.55,11.832298,2025-10-23 16:00:00
18.4,15.603471,2025-10-23 16:00:00
14.15,16.560295,2025-10-23 16:00:00
27.0,21.14237,2025-10-23 16:00:00
17.025,24.104729,2025-10-23 16:00:00
18.45,15.730246,2025-10-23 17:00:00
18.075,20.473326,2025-10-23 17:00:00
16.566666666666666,11.186133,2025-10-23 17:00:00
28.975,22.72733,2025-10-23 17:00:00
13.45,16.091387,2025-10-23 17:00:00
18.4,19.7704,2025-10-23 18:00:00
16.4,18.978712,2025-10-23 18:00:00
16.0,15.137086,2025-10-23 18:00:00
35.975,19.689625,2025-10-23 18:00:00
20.8,11.03033,2025-10-23 18:00:00
26.675,21.536703,2025-10-23 19:00:00
22.425,11.864746,2025-10-23 19:00:00
17.575,16.378796,2025-10-23 19:00:00
15.3,15.652669,2025-10-23 19:00:00
18.4,23.95316,2025-10-23 19:00:00
27.25,23.28072,2025-10-23 20:00:00
14.3,16.988226,2025-10-23 20:00:00
22.175,9.310633,2025-10-23 20:00:00
18.4,24.298649,2025-10-23 20:00:00
16.175,13.957482,2025-10-23 20:00:00
15.55,12.3649235,2025-10-23 21:00:00
13.025,14.8426,2025-10-23 21:00:00
18.4,23.006676,2025-10-23 21:00:00
22.175,9.947918,2025-10-23 21:00:00
23.35,24.211317,2025-10-23 21:00:00
12.975,11.533675,2025-10-23 22:00:00
18.4,20.509716,2025-10-23 22:00:00
17.2,9.511796,2025-10-23 22:00:00
14.55,9.789827,2025-10-23 22:00:00
23.45,23.441721,2025-10-23 22:00:00
14.025,9.876805,2025-10-23 23:00:00
23.275,21.937654,2025-10-23 23:00:00
18.4,19.43259,2025-10-23 23:00:00
12.825,11.3121605,2025-10-23 23:00:00
14.2,9.324826,2025-10-23 23:00:00
10.725,10.443032,2025-10-24 00:00:00
18.325,17.84854,2025-10-24 00:00:00
14.175,10.802538,2025-10-24 00:00:00
13.975,10.892235,2025-10-24 00:00:00
21.275,24.382824,2025-10-24 00:00:00
22.475,22.530205,2025-10-24 01:00:00
14.1,10.887863,2025-10-24 01:00:00
14.2,12.343137,2025-10-24 01:00:00
10.875,11.736282,2025-10-24 01:00:00
18.35,17.191696,2025-10-24 01:00:00
9.7,11.655326,2025-10-24 02:00:00
13.7,10.951343,2025-10-24 02:00:00
21.85,21.515701,2025-10-24 02:00:00
18.375,15.771732,2025-10-24 02:00:00
18.4,11.927611,2025-10-24 02:00:00
18.375,18.089108,2025-10-24 03:00:00
20.75,13.659021,2025-10-24 03:00:00
12.9,12.844457,2025-10-24 03:00:00
8.625,11.237536,2025-10-24 03:00:00
15.525,21.729198,2025-10-24 03:00:00
22.025,13.581853,2025-10-24 04:00:00
13.7,13.42387,2025-10-24 04:00:00
8.075,11.297509,2025-10-24 04:00:00
16.75,20.804628,2025-10-24 04:00:00
12.825,18.4033,2025-10-24 04:00:00
13.95,14.880132,2025-10-24 05:00:00
23.200000000000003,13.746432,2025-10-24 05:00:00
16.85,18.692514,2025-10-24 05:00:00
7.45,11.451316,2025-10-24 05:00:00
11.275,18.331972,2025-10-24 05:00:00
7.1,11.045096,2025-10-24 06:00:00
18.775,14.261176,2025-10-24 06:00:00
13.625,14.291019,2025-10-24 06:00:00
11.2,19.211342,2025-10-24 06:00:00
22.375,18.743818,2025-10-24 06:00:00
13.475,14.040871,2025-10-24 07:00:00
15.8,12.690542,2025-10-24 07:00:00
5.425,12.709852,2025-10-24 07:00:00
17.875,18.100489,2025-10-24 07:00:00
8.95,19.490387,2025-10-24 07:00:00
10.65,19.106691,2025-10-24 08:00:00
4.9,13.595452,2025-10-24 08:00:00
13.125,15.956462,2025-10-24 08:00:00
16.25,17.596155,2025-10-24 08:00:00
16.150000000000002,12.87499,2025-10-24 08:00:00
4.8,12.944691,2025-10-24 09:00:00
10.65,17.626373,2025-10-24 09:00:00
16.025,13.656959,2025-10-24 09:00:00
13.2,14.358872,2025-10-24 09:00:00
17.65,17.898083,2025-10-24 09:00:00
10.65,17.152958,2025-10-24 10:00:00
12.725,13.205192,2025-10-24 10:00:00
21.2,16.435965,2025-10-24 10:00:00
4.85,11.911559,2025-10-24 10:00:00
11.925,13.997377,2025-10-24 10:00:00
11.025,16.81664,2025-10-24 11:00:00
5.85,13.607614,2025-10-24 11:00:00
10.725,13.469455,2025-10-24 11:00:00
16.75,14.466246,2025-10-24 11:00:00
78.8,14.959989,2025-10-24 11:00:00
11.45,12.975456,2025-10-24 12:00:00
9.125,15.533915,2025-10-24 12:00:00
18.175,15.561794,2025-10-24 12:00:00
11.5,15.862548,2025-10-24 12:00:00
78.8,11.849142,2025-10-24 12:00:00
12.325,13.765422,2025-10-24 13:00:00
20.5,19.400309,2025-10-24 13:00:00
11.35,15.116775,2025-10-24 13:00:00
41.55,10.983069,2025-10-24 13:00:00
11.9,17.422781,2025-10-24 13:00:00
15.25,19.620451,2025-10-24 14:00:00
31.15,10.924698,2025-10-24 14:00:00
18.45,22.361795,2025-10-24 14:00:00
10.975,16.134966,2025-10-24 14:00:00
8.8,13.543492,2025-10-24 14:00:00
6.25,14.831024,2025-10-24 15:00:00
10.075,15.201976,2025-10-24 15:00:00
26.275,19.372652,2025-10-24 15:00:00
31.35,10.018142,2025-10-24 15:00:00
15.7,23.169712,2025-10-24 15:00:00
9.875,14.501383,2025-10-24 16:00:00
31.325,10.32289,2025-10-24 16:00:00
27.575000000000003,23.209385,2025-10-24 16:00:00
5.925,13.451033,2025-10-24 16:00:00
16.075,26.430763,2025-10-24 16:00:00
31.225,20.308756,2025-10-24 17:00:00
14.325,24.405565,2025-10-24 17:00:00
5.5,15.37884,2025-10-24 17:00:00
9.4,12.299471,2025-10-24 17:00:00
30.975,23.102554,2025-10-24 17:00:00
9.633333333333333,34.03986,2025-10-24 18:00:00
15.233333333333334,12.581217,2025-10-24 18:00:00
11.7,24.09403,2025-10-24 18:00:00
8.925,15.012483,2025-10-24 18:00:00
31.625,25.08459,2025-10-24 18:00:00
27.55,22.38315,2025-10-24 19:00:00
6.675,35.019997,2025-10-24 19:00:00
18.075,10.3413725,2025-10-24 19:00:00
10.075,13.996133,2025-10-24 19:00:00
11.7,17.268372,2025-10-24 19:00:00
6.775,33.538315,2025-10-24 20:00:00
33.875,21.83428,2025-10-24 20:00:00
10.275,15.520573,2025-10-24 20:00:00
16.675,9.416702,2025-10-24 20:00:00
11.7,16.284195,2025-10-24 20:00:00
16.875,9.410669,2025-10-24 21:00:00
6.8,32.749546,2025-10-24 21:00:00
10.266666666666667,12.20501,2025-10-24 21:00:00
10.925,14.273909,2025-10-24 21:00:00
31.275,22.864216,2025-10-24 21:00:00
33.025,20.72411,2025-10-24 22:00:00
16.225,8.452759,2025-10-24 22:00:00
11.225,9.394539,2025-10-24 22:00:00
16.275,8.349861,2025-10-24 22:00:00
6.800000000000001,25.87107,2025-10-24 22:00:00
29.35,19.825115,2025-10-24 23:00:00
6.85,19.998646,2025-10-24 23:00:00
14.875,10.507849,2025-10-24 23:00:00
20.125,9.759808,2025-10-24 23:00:00
10.85,11.55501,2025-10-24 23:00:00
6.825,16.67165,2025-10-25 00:00:00
11.225,7.9612875,2025-10-25 00:00:00
15.4,9.408051,2025-10-25 00:00:00
20.45,7.5759354,2025-10-25 00:00:00
28.85,21.190466,2025-10-25 00:00:00
15.95,8.963356,2025-10-25 01:00:00
12.875,8.48118,2025-10-25 01:00:00
21.3,9.706602,2025-10-25 01:00:00
30.2,22.63428,2025-10-25 01:00:00
6.9,13.845739,2025-10-25 01:00:00
24.15,22.34968,2025-10-25 02:00:00
6.875,13.329966,2025-10-25 02:00:00
16.8,11.045258,2025-10-25 02:00:00
13.375,9.226639,2025-10-25 02:00:00
15.475,13.34868,2025-10-25 02:00:00
14.45,12.154853,2025-10-25 03:00:00
6.875,14.27779,2025-10-25 03:00:00
20.425,22.820482,2025-10-25 03:00:00
11.175,13.75591,2025-10-25 03:00:00
14.35,14.27427,2025-10-25 03:00:00
16.65,23.483698,2025-10-25 04:00:00
15.675,12.799961,2025-10-25 04:00:00
6.825,15.838691,2025-10-25 04:00:00
8.5,10.340205,2025-10-25 04:00:00
14.55,15.275715,2025-10-25 04:00:00
7.825,9.871383,2025-10-25 05:00:00
6.9,11.153333,2025-10-25 05:00:00
19.925,20.063063,2025-10-25 05:00:00
15.775,14.408276,2025-10-25 05:00:00
16.0,14.754848,2025-10-25 05:00:00
4.1000000000000005,10.473339,2025-10-25 06:00:00
7.475,11.159733,2025-10-25 06:00:00
12.725,14.990327,2025-10-25 06:00:00
14.85,14.899577,2025-10-25 06:00:00
24.65,21.62555,2025-10-25 06:00:00
14.625,13.1742735,2025-10-25 07:00:00
11.375,15.44423,2025-10-25 07:00:00
22.7,22.968155,2025-10-25 07:00:00
4.1000000000000005,10.712433,2025-10-25 07:00:00
5.3,10.643443,2025-10-25 07:00:00
22.075000000000003,16.960974,2025-10-25 08:00:00
10.65,14.986008,2025-10-25 08:00:00
4.1000000000000005,10.615388,2025-10-25 08:00:00
14.95,13.434294,2025-10-25 08:00:00
3.725,11.120055,2025-10-25 08:00:00
21.45,17.380745,2025-10-25 09:00:00
4.1000000000000005,11.098272,2025-10-25 09:00:00
14.85,11.077278,2025-10-25 09:00:00
2.975,12.836397,2025-10-25 09:00:00
10.375,14.108103,2025-10-25 09:00:00
17.475,18.176332,2025-10-25 10:00:00
9.375,14.29504,2025-10-25 10:00:00
3.825,13.702623,2025-10-25 10:00:00
13.975,12.268189,2025-10-25 10:00:00
9.45,11.494558,2025-10-25 11:00:00
4.2,12.052626,2025-10-25 11:00:00
21.0,16.468287,2025-10-25 11:00:00
13.175,12.169493,2025-10-25 11:00:00
7.475,15.689166,2025-10-25 12:00:00
9.475,10.989051,2025-10-25 12:00:00
16.6,14.264045,2025-10-25 12:00:00
22.55,16.493519,2025-10-25 12:00:00
13.3,12.335828,2025-10-25 12:00:00
5.0,14.68305,2025-10-25 13:00:00
9.85,12.905444,2025-10-25 13:00:00
9.875,18.526577,2025-10-25 13:00:00
26.55,23.615076,2025-10-25 13:00:00
15.35,11.367242,2025-10-25 13:00:00
9.375,12.480654,2025-10-25 14:00:00
26.8,20.804626,2025-10-25 14:00:00
11.925,20.075886,2025-10-25 14:00:00
5.0,13.060543,2025-10-25 14:00:00
14.275,14.057495,2025-10-25 14:00:00
8.55,13.140272,2025-10-25 15:00:00
28.375,22.314352,2025-10-25 15:00:00
13.7,18.000816,2025-10-25 15:00:00
5.0,13.5030775,2025-10-25 15:00:00
13.725,14.61951,2025-10-25 15:00:00
26.35,19.935226,2025-10-25 16:00:00
12.55,13.507677,2025-10-25 16:00:00
14.55,23.88536,2025-10-25 16:00:00
9.3,11.326706,2025-10-25 16:00:00
30.7,23.663126,2025-10-25 17:00:00
9.6,12.132081,2025-10-25 17:00:00
11.225,12.948364,2025-10-25 17:00:00
14.775,24.012583,2025-10-25 17:00:00
23.675,12.364174,2025-10-25 18:00:00
34.425,23.069572,2025-10-25 18:00:00
15.933333333333332,12.57062,2025-10-25 18:00:00
7.866666666666667,20.289692,2025-10-25 18:00:00
16.1,24.49605,2025-10-25 18:00:00
31.275,12.109963,2025-10-25 19:00:00
18.5,11.910171,2025-10-25 19:00:00
8.175,23.049273,2025-10-25 19:00:00
15.45,18.953903,2025-10-25 19:00:00
33.85,26.388771,2025-10-25 19:00:00
38.2,27.391167,2025-10-25 20:00:00
15.225,16.475853,2025-10-25 20:00:00
18.375,9.86326,2025-10-25 20:00:00
31.675,11.375542,2025-10-25 20:00:00
4.075,19.71474,2025-10-25 20:00:00
14.2,13.71793,2025-10-25 21:00:00
43.95,23.599699,2025-10-25 21:00:00
32.35,11.196808,2025-10-25 21:00:00
9.25,17.357504,2025-10-25 21:00:00
18.05,10.699077,2025-10-25 21:00:00
12.85,9.473531,2025-10-25 22:00:00
20.775,11.027448,2025-10-25 22:00:00
51.6,22.878704,2025-10-25 22:00:00
10.45,17.708883,2025-10-25 22:00:00
17.9,11.819197,2025-10-25 22:00:00
16.85,10.362485,2025-10-25 23:00:00
6.9,15.202668,2025-10-25 23:00:00
15.625,10.393807,2025-10-25 23:00:00
12.725,8.495543,2025-10-25 23:00:00
51.0,22.058777,2025-10-25 23:00:00
47.875,28.707289,2025-10-26 00:00:00
15.25,10.666723,2025-10-26 00:00:00
12.775,8.211495,2025-10-26 00:00:00
4.475,7.7892795,2025-10-26 00:00:00
16.675,11.032948,2025-10-26 00:00:00
46.85,29.841051,2025-10-26 01:00:00
16.075,11.262641,2025-10-26 01:00:00
15.525,13.080596,2025-10-26 01:00:00
14.975,9.565384,2025-10-26 01:00:00
3.7,8.36361,2025-10-26 01:00:00
16.95,15.734569,2025-10-26 02:00:00
15.825,13.14579,2025-10-26 02:00:00
40.025,29.733456,2025-10-26 02:00:00
13.875,9.375079,2025-10-26 02:00:00
0.7000000000000001,8.041902,2025-10-26 02:00:00
17.875,17.690533,2025-10-26 03:00:00
25.7,25.86364,2025-10-26 03:00:00
10.975,10.474525,2025-10-26 03:00:00
15.3,13.631571,2025-10-26 03:00:00
10.375,8.100313,2025-10-26 03:00:00
11.95,9.674535,2025-10-26 04:00:00
28.85,24.586567,2025-10-26 04:00:00
8.8,10.437319,2025-10-26 04:00:00
19.3,17.888151,2025-10-26 04:00:00
16.375,14.12652,2025-10-26 04:00:00
19.975,16.301355,2025-10-26 05:00:00
27.125,26.684385,2025-10-26 05:00:00
16.65,13.660463,2025-10-26 05:00:00
11.375,10.2849045,2025-10-26 05:00:00
8.0,9.89769,2025-10-26 05:00:00
6.8,10.606513,2025-10-26 06:00:00
7.35,8.655862,2025-10-26 06:00:00
17.375,14.839039,2025-10-26 06:00:00
12.25,14.195604,2025-10-26 06:00:00
28.55,23.373453,2025-10-26 06:00:00
5.4,9.334341,2025-10-26 07:00:00
7.15,14.540931,2025-10-26 07:00:00
6.275,11.205841,2025-10-26 07:00:00
25.9,28.082804,2025-10-26 07:00:00
16.975,15.820884,2025-10-26 07:00:00
8.25,11.679119,2025-10-26 08:00:00
4.75,10.445747,2025-10-26 08:00:00
5.95,11.685056,2025-10-26 08:00:00
15.825,15.45503,2025-10-26 08:00:00
25.15,28.91841,2025-10-26 08:00:00
6.0,11.611388,2025-10-26 09:00:00
7.275,13.115419,2025-10-26 09:00:00
2.85,12.611281,2025-10-26 09:00:00
15.525,14.063132,2025-10-26 09:00:00
25.6,18.580225,2025-10-26 09:00:00
5.9,11.957417,2025-10-26 10:00:00
16.65,14.787109,2025-10-26 10:00:00
25.35,23.085331,2025-10-26 10:00:00
0.5,9.320619,2025-10-26 10:00:00
12.85,12.50561,2025-10-26 10:00:00
15.375,12.082245,2025-10-26 11:00:00
14.875,14.045254,2025-10-26 11:00:00
0.5,12.140393,2025-10-26 11:00:00
31.25,21.57736,2025-10-26 11:00:00
7.825,13.417741,2025-10-26 11:00:00
0.5,12.467906,2025-10-26 12:00:00
9.575,16.195114,2025-10-26 12:00:00
28.575,15.223447,2025-10-26 12:00:00
14.8,13.167504,2025-10-26 12:00:00
14.975,14.073109,2025-10-26 12:00:00
13.15,20.471727,2025-10-26 13:00:00
16.125,18.119713,2025-10-26 13:00:00
27.125,22.79128,2025-10-26 13:00:00
15.175,11.127943,2025-10-26 13:00:00
5.5,15.188211,2025-10-26 13:00:00
19.025,12.650159,2025-10-26 14:00:00
11.3,14.614607,2025-10-26 14:00:00
17.55,22.253954,2025-10-26 14:00:00
15.875,15.716065,2025-10-26 14:00:00
24.375,27.8446,2025-10-26 14:00:00
20.5,13.031858,2025-10-26 15:00:00
14.85,15.423473,2025-10-26 15:00:00
35.05,27.498352,2025-10-26 15:00:00
20.325,22.09525,2025-10-26 15:00:00
10.075,12.108141,2025-10-26 15:00:00
34.925,28.360725,2025-10-26 16:00:00
20.675,14.808684,2025-10-26 16:00:00
9.175,14.434105,2025-10-26 16:00:00
13.525,15.723123,2025-10-26 16:00:00
20.85,26.277283,2025-10-26 16:00:00
18.275,26.471512,2025-10-26 17:00:00
38.725,30.130407,2025-10-26 17:00:00
12.75,15.913898,2025-10-26 17:00:00
8.275,7.7444944,2025-10-26 17:00:00
20.83333333333333,15.885316,2025-10-26 17:00:00
14.1,22.945402,2025-10-26 18:00:00
10.466666666666669,12.977067,2025-10-26 18:00:00
35.95,26.067535,2025-10-26 18:00:00
21.375,15.856298,2025-10-26 18:00:00
16.425,12.657198,2025-10-26 18:00:00
20.5,12.325793,2025-10-26 19:00:00
44.35,28.598204,2025-10-26 19:00:00
21.575000000000003,15.719651,2025-10-26 19:00:00
10.85,17.756256,2025-10-26 19:00:00
11.725,17.98184,2025-10-26 19:00:00
9.95,17.360506,2025-10-26 20:00:00
19.625,10.387841,2025-10-26 20:00:00
21.825,17.437504,2025-10-26 20:00:00
9.15,16.947039,2025-10-26 20:00:00
46.475,30.880892,2025-10-26 20:00:00
21.575000000000003,16.623024,2025-10-26 21:00:00
48.55,27.919128,2025-10-26 21:00:00
8.85,14.520915,2025-10-26 21:00:00
8.25,15.797789,2025-10-26 21:00:00
18.475,11.593247,2025-10-26 21:00:00
8.0,13.619704,2025-10-26 22:00:00
6.85,16.791037,2025-10-26 22:00:00
18.7,10.333763,2025-10-26 22:00:00
14.85,14.698531,2025-10-26 22:00:00
48.525,29.710407,2025-10-26 22:00:00
18.375,10.050234,2025-10-26 23:00:00
7.25,12.950315,2025-10-26 23:00:00
11.625,15.407706,2025-10-26 23:00:00
6.35,13.346757,2025-10-26 23:00:00
50.275,28.949524,2025-10-26 23:00:00
4.75,10.9936495,2025-10-27 00:00:00
18.75,9.617018,2025-10-27 00:00:00
45.05,28.765814,2025-10-27 00:00:00
6.975,10.995488,2025-10-27 00:00:00
12.15,14.60557,2025-10-27 00:00:00
12.5,14.494694,2025-10-27 01:00:00
18.975,12.7897835,2025-10-27 01:00:00
28.5,32.9279,2025-10-27 01:00:00
5.725,11.183394,2025-10-27 01:00:00
8.175,9.562683,2025-10-27 01:00:00
18.55,14.6467085,2025-10-27 02:00:00
28.975,36.06934,2025-10-27 02:00:00
28.775,13.2208185,2025-10-27 02:00:00
5.25,9.44095,2025-10-27 02:00:00
9.1,7.902043,2025-10-27 02:00:00
8.4,9.458335,2025-10-27 03:00:00
23.375,14.938749,2025-10-27 03:00:00
42.375,14.15685,2025-10-27 03:00:00
4.2,9.717219,2025-10-27 03:00:00
24.275,39.705532,2025-10-27 03:00:00
42.45,13.977315,2025-10-27 04:00:00
2.2333333333333334,9.369957,2025-10-27 04:00:00
24.825,15.118362,2025-10-27 04:00:00
7.625,9.405222,2025-10-27 04:00:00
27.7,39.98247,2025-10-27 04:00:00
30.15,39.036156,2025-10-27 05:00:00
2.2333333333333334,9.699057,2025-10-27 05:00:00
6.525,11.109882,2025-10-27 05:00:00
24.7,14.700004,2025-10-27 05:00:00
42.575,17.109735,2025-10-27 05:00:00
41.475,33.65519,2025-10-27 06:00:00
43.525000000000006,17.308907,2025-10-27 06:00:00
2.2333333333333334,9.140171,2025-10-27 06:00:00
22.375,13.520797,2025-10-27 06:00:00
5.2,9.510586,2025-10-27 06:00:00
44.925,18.448359,2025-10-27 07:00:00
5.3,9.103809,2025-10-27 07:00:00
4.45,13.7968855,2025-10-27 07:00:00
34.225,29.968605,2025-10-27 07:00:00
20.2,14.282945,2025-10-27 07:00:00
33.225,27.526672,2025-10-27 08:00:00
3.5,13.303182,2025-10-27 08:00:00
9.7,10.333485,2025-10-27 08:00:00
46.375,16.260374,2025-10-27 08:00:00
21.875,12.712264,2025-10-27 08:00:00
19.425,12.842141,2025-10-27 09:00:00
33.075,19.614832,2025-10-27 09:00:00
13.3,7.8878264,2025-10-27 09:00:00
45.125,17.685904,2025-10-27 09:00:00
2.375,13.680643,2025-10-27 09:00:00
43.175,18.818443,2025-10-27 10:00:00
29.875,21.848906,2025-10-27 10:00:00
2.125,10.9250145,2025-10-27 10:00:00
13.3,13.484241,2025-10-27 10:00:00
6.1,6.845089,2025-10-27 10:00:00
41.65,19.134811,2025-10-27 11:00:00
2.25,8.098507,2025-10-27 11:00:00
10.05,15.078486,2025-10-27 11:00:00
27.575,23.271889,2025-10-27 11:00:00
1.55,13.894514,2025-10-27 11:00:00
1.05,16.339823,2025-10-27 12:00:00
33.35,26.695282,2025-10-27 12:00:00
42.05,28.867155,2025-10-27 12:00:00
10.225,16.630636,2025-10-27 12:00:00
1.25,6.736089,2025-10-27 12:00:00
9.75,15.56607,2025-10-27 13:00:00
24.35,31.033558,2025-10-27 13:00:00
0.3,11.147115,2025-10-27 13:00:00
41.05,22.660807,2025-10-27 13:00:00
1.5,16.758043,2025-10-27 13:00:00
11.55,17.00179,2025-10-27 14:00:00
0.85,16.853313,2025-10-27 14:00:00
3.9,12.26814,2025-10-27 14:00:00
23.85,33.908554,2025-10-27 14:00:00
40.5,28.267422,2025-10-27 14:00:00
26.55,32.89572,2025-10-27 15:00:00
39.5,33.146435,2025-10-27 15:00:00
4.6,8.087353,2025-10-27 15:00:00
12.725,15.328829,2025-10-27 15:00:00
0.1,18.190426,2025-10-27 15:00:00
2.725,11.404933,2025-10-27 16:00:00
25.9,36.669353,2025-10-27 16:00:00
38.675,35.155983,2025-10-27 16:00:00
13.4,15.271213,2025-10-27 16:00:00
0.1,12.074175,2025-10-27 16:00:00
13.566666666666668,13.759601,2025-10-27 17:00:00
22.525,32.600643,2025-10-27 17:00:00
4.8,16.327587,2025-10-27 17:00:00
2.875,10.821546,2025-10-27 17:00:00
38.3,33.20393,2025-10-27 17:00:00
13.175,12.365829,2025-10-27 18:00:00
26.175,33.095028,2025-10-27 18:00:00
1.6666666666666667,13.56288,2025-10-27 18:00:00
23.1,31.933205,2025-10-27 18:00:00
11.7,13.041287,2025-10-27 18:00:00
24.9,27.65545,2025-10-27 19:00:00
12.9,14.2947855,2025-10-27 19:00:00
18.975,32.488396,2025-10-27 19:00:00
2.6,13.688069,2025-10-27 19:00:00
12.15,12.892661,2025-10-27 19:00:00
11.825,14.006486,2025-10-27 20:00:00
18.175,25.893553,2025-10-27 20:00:00
7.333333333333333,14.278833,2025-10-27 20:00:00
27.525,29.431124,2025-10-27 20:00:00
12.8,12.333659,2025-10-27 20:00:00
7.6,12.981104,2025-10-27 21:00:00
13.425,14.180439,2025-10-27 21:00:00
17.55,25.263803,2025-10-27 21:00:00
25.975,29.883005,2025-10-27 21:00:00
11.35,15.934022,2025-10-27 21:00:00
15.5,13.71858,2025-10-27 22:00:00
14.075,11.575475,2025-10-27 22:00:00
7.0,10.09484,2025-10-27 22:00:00
28.525,27.530058,2025-10-27 22:00:00
17.45,26.827204,2025-10-27 22:00:00
6.675,12.256225,2025-10-27 23:00:00
31.700000000000003,30.753601,2025-10-27 23:00:00
17.4,27.677063,2025-10-27 23:00:00
13.875,9.808902,2025-10-27 23:00:00
17.325,12.962603,2025-10-27 23:00:00
14.15,8.56211,2025-10-28 00:00:00
17.575000000000003,27.176369,2025-10-28 00:00:00
29.125,27.590036,2025-10-28 00:00:00
6.3,11.169654,2025-10-28 00:00:00
17.65,12.306203,2025-10-28 00:00:00
17.075,23.664509,2025-10-28 01:00:00
6.4,8.991731,2025-10-28 01:00:00
17.425,12.95181,2025-10-28 01:00:00
14.1,9.107671,2025-10-28 01:00:00
34.125,25.524248,2025-10-28 01:00:00
5.025,10.238751,2025-10-28 02:00:00
16.75,22.196934,2025-10-28 02:00:00
14.375,12.256312,2025-10-28 02:00:00
31.275,28.592463,2025-10-28 02:00:00
14.75,11.492438,2025-10-28 02:00:00
12.9,11.714246,2025-10-28 03:00:00
16.0,21.490969,2025-10-28 03:00:00
14.275,11.653146,2025-10-28 03:00:00
27.425,27.079842,2025-10-28 03:00:00
4.85,16.45003,2025-10-28 03:00:00
14.25,14.466727,2025-10-28 04:00:00
14.1,10.13576,2025-10-28 04:00:00
3.6,15.024946,2025-10-28 04:00:00
23.925,27.507315,2025-10-28 04:00:00
15.875,21.439201,2025-10-28 04:00:00
14.9,14.684085,2025-10-28 05:00:00
23.5,25.78369,2025-10-28 05:00:00
16.7,21.447117,2025-10-28 05:00:00
13.775,10.342617,2025-10-28 05:00:00
3.625,11.372236,2025-10-28 05:00:00
16.6,21.7495,2025-10-28 06:00:00
16.675,10.316526,2025-10-28 06:00:00
24.625,25.970945,2025-10-28 06:00:00
13.65,16.47101,2025-10-28 06:00:00
3.475,12.365092,2025-10-28 06:00:00
2.35,11.700709,2025-10-28 07:00:00
15.675,21.410103,2025-10-28 07:00:00
18.375,28.23966,2025-10-28 07:00:00
16.525,10.884991,2025-10-28 07:00:00
12.9,16.272827,2025-10-28 07:00:00
16.875,10.365814,2025-10-28 08:00:00
16.2,19.245365,2025-10-28 08:00:00
23.25,27.308512,2025-10-28 08:00:00
1.55,11.544883,2025-10-28 08:00:00
12.966666666666669,15.513652,2025-10-28 08:00:00
1.775,8.895272,2025-10-28 09:00:00
12.95,13.544686,2025-10-28 09:00:00
21.475,28.176813,2025-10-28 09:00:00
15.35,12.639165,2025-10-28 09:00:00
15.825,16.536406,2025-10-28 09:00:00
1.55,9.534091,2025-10-28 10:00:00
16.025,15.315817,2025-10-28 10:00:00
23.3,25.390198,2025-10-28 10:00:00
15.625,12.429048,2025-10-28 10:00:00
11.2,13.094453,2025-10-28 10:00:00
15.6,10.966249,2025-10-28 11:00:00
3.1,8.59024,2025-10-28 11:00:00
10.35,11.048371,2025-10-28 11:00:00
14.2,14.659369,2025-10-28 11:00:00
22.95,25.201653,2025-10-28 11:00:00
10.1,10.550369,2025-10-28 12:00:00
4.125,8.789644,2025-10-28 12:00:00
21.95,22.966167,2025-10-28 12:00:00
13.25,15.006153,2025-10-28 12:00:00
16.375,12.830169,2025-10-28 12:00:00
17.400000000000002,13.6328945,2025-10-28 13:00:00
9.875,12.824025,2025-10-28 13:00:00
3.9,10.531358,2025-10-28 13:00:00
13.925,16.939125,2025-10-28 13:00:00
22.075,23.822466,2025-10-28 13:00:00
3.55,9.788248,2025-10-28 14:00:00
17.825,19.109695,2025-10-28 14:00:00
22.825,25.315727,2025-10-28 14:00:00
15.475,13.487271,2025-10-28 14:00:00
13.55,18.707222,2025-10-28 14:00:00
16.95,19.926983,2025-10-28 15:00:00
12.85,17.741438,2025-10-28 15:00:00
23.775,24.835907,2025-10-28 15:00:00
2.9,11.525233,2025-10-28 15:00:00
18.175,13.121658,2025-10-28 15:00:00
2.375,14.349032,2025-10-28 16:00:00
15.95,22.518637,2025-10-28 16:00:00
10.05,19.19399,2025-10-28 16:00:00
29.45,25.649033,2025-10-28 16:00:00
18.175,13.597047,2025-10-28 16:00:00
15.825,22.140331,2025-10-28 17:00:00
18.2,12.531608,2025-10-28 17:00:00
10.325,18.333897,2025-10-28 17:00:00
1.825,12.3425255,2025-10-28 17:00:00
32.5,25.33989,2025-10-28 17:00:00
15.166666666666666,15.456827,2025-10-28 18:00:00
35.9,24.325144,2025-10-28 18:00:00
3.5666666666666664,14.238073,2025-10-28 18:00:00
13.575,20.22478,2025-10-28 18:00:00
20.2,11.807052,2025-10-28 18:00:00
21.4,11.187074,2025-10-28 19:00:00
3.475,15.4825325,2025-10-28 19:00:00
35.2,25.139048,2025-10-28 19:00:00
12.75,17.181108,2025-10-28 19:00:00
16.625,14.995453,2025-10-28 19:00:00
34.425,24.902122,2025-10-28 20:00:00
12.55,14.983905,2025-10-28 20:00:00
16.225,14.663396,2025-10-28 20:00:00
3.4,16.78046,2025-10-28 20:00:00
21.5,11.438216,2025-10-28 20:00:00
13.3,15.072173,2025-10-28 21:00:00
2.6,12.187913,2025-10-28 21:00:00
34.525,23.708899,2025-10-28 21:00:00
16.1,12.744539,2025-10-28 21:00:00
21.675,10.910253,2025-10-28 21:00:00
15.7,12.171931,2025-10-28 22:00:00
2.225,11.205918,2025-10-28 22:00:00
35.550000000000004,21.997835,2025-10-28 22:00:00
14.525,12.766203,2025-10-28 22:00:00
20.55,12.490463,2025-10-28 22:00:00
19.825,12.621256,2025-10-28 23:00:00
14.225,12.953871,2025-10-28 23:00:00
16.075,12.146165,2025-10-28 23:00:00
40.175,26.124357,2025-10-28 23:00:00
0.9,7.026449,2025-10-28 23:00:00
1.425,7.1675453,2025-10-29 00:00:00
15.475,11.936363,2025-10-29 00:00:00
19.375,12.720615,2025-10-29 00:00:00
14.7,10.7220745,2025-10-29 00:00:00
35.400000000000006,29.564314,2025-10-29 00:00:00
16.075,12.938987,2025-10-29 01:00:00
15.55,11.359496,2025-10-29 01:00:00
1.975,6.7177444,2025-10-29 01:00:00
39.45,31.716944,2025-10-29 01:00:00
19.35,13.38477,2025-10-29 01:00:00
1.425,6.453105,2025-10-29 02:00:00
15.925,14.393448,2025-10-29 02:00:00
17.400000000000002,14.236384,2025-10-29 02:00:00
33.55,27.820381,2025-10-29 02:00:00
16.475,10.8648405,2025-10-29 02:00:00
12.925,13.99431,2025-10-29 03:00:00
1.45,7.2995486,2025-10-29 03:00:00
16.375,15.223563,2025-10-29 03:00:00
15.55,11.789608,2025-10-29 03:00:00
28.875,29.986946,2025-10-29 03:00:00
12.325,14.74693,2025-10-29 04:00:00
14.45,12.787066,2025-10-29 04:00:00
1.175,12.441087,2025-10-29 04:00:00
26.875,29.838879,2025-10-29 04:00:00
17.55,15.713221,2025-10-29 04:00:00
1.35,11.557716,2025-10-29 05:00:00
12.35,14.298636,2025-10-29 05:00:00
13.4,14.388817,2025-10-29 05:00:00
17.775,27.204844,2025-10-29 05:00:00
17.675,16.165464,2025-10-29 05:00:00
21.65,30.018864,2025-10-29 06:00:00
0.8333333333333334,12.216388,2025-10-29 06:00:00
19.25,15.86561,2025-10-29 06:00:00
13.9,15.724575,2025-10-29 06:00:00
13.4,14.909016,2025-10-29 06:00:00
10.25,14.247233,2025-10-29 07:00:00
20.55,14.740103,2025-10-29 07:00:00
14.375,16.159832,2025-10-29 07:00:00
20.975,29.52291,2025-10-29 07:00:00
0.4,10.077865,2025-10-29 07:00:00
0.4,12.130939,2025-10-29 08:00:00
25.0,14.271702,2025-10-29 08:00:00
20.7,13.971497,2025-10-29 08:00:00
19.4,27.694208,2025-10-29 08:00:00
13.65,14.483147,2025-10-29 08:00:00
0.4,12.536197,2025-10-29 09:00:00
20.375,12.790664,2025-10-29 09:00:00
22.325,25.181856,2025-10-29 09:00:00
13.3,13.186433,2025-10-29 09:00:00
76.16666666666667,13.181137,2025-10-29 09:00:00
13.35,13.278079,2025-10-29 10:00:00
83.475,13.134401,2025-10-29 10:00:00
16.224999999999998,13.551121,2025-10-29 10:00:00
0.4,11.904008,2025-10-29 10:00:00
23.85,26.893166,2025-10-29 10:00:00
78.26666666666667,14.15768,2025-10-29 11:00:00
14.125,12.992602,2025-10-29 11:00:00
22.9,21.819347,2025-10-29 11:00:00
2.5,11.766914,2025-10-29 11:00:00
12.4,14.178962,2025-10-29 11:00:00
4.25,6.2201033,2025-10-29 12:00:00
22.125,13.021253,2025-10-29 12:00:00
24.4,13.731106,2025-10-29 12:00:00
21.425,21.525356,2025-10-29 12:00:00
14.025,14.250465,2025-10-29 12:00:00
14.7,17.26797,2025-10-29 13:00:00
3.5,7.9758987,2025-10-29 13:00:00
32.025,17.10303,2025-10-29 13:00:00
46.425,14.318483,2025-10-29 13:00:00
24.475,20.900023,2025-10-29 13:00:00
17.8,17.587679,2025-10-29 14:00:00
26.9,23.282928,2025-10-29 14:00:00
45.8,15.622521,2025-10-29 14:00:00
3.175,6.149057,2025-10-29 14:00:00
40.475,28.512602,2025-10-29 14:00:00
46.25,14.402642,2025-10-29 15:00:00
19.15,17.714285,2025-10-29 15:00:00
57.16666666666666,34.567993,2025-10-29 15:00:00
2.625,6.6385913,2025-10-29 15:00:00
32.35,23.572582,2025-10-29 15:00:00
36.55,26.240915,2025-10-29 16:00:00
2.3000000000000003,6.29135,2025-10-29 16:00:00
86.95,49.725216,2025-10-29 16:00:00
19.5,17.605425,2025-10-29 16:00:00
44.25,15.082234,2025-10-29 16:00:00
44.2,15.399346,2025-10-29 17:00:00
20.0,17.319641,2025-10-29 17:00:00
1.975,10.02224,2025-10-29 17:00:00
38.275,25.815228,2025-10-29 17:00:00
34.300000000000004,59.28561,2025-10-29 17:00:00
18.4,44.198833,2025-10-29 18:00:00
11.475,15.828479,2025-10-29 18:00:00
44.95,25.926846,2025-10-29 18:00:00
21.46666666666667,15.3016815,2025-10-29 18:00:00
5.566666666666666,14.643373,2025-10-29 18:00:00
36.5,29.103086,2025-10-29 19:00:00
15.875,16.878223,2025-10-29 19:00:00
6.675,14.3865185,2025-10-29 19:00:00
7.1,15.785648,2025-10-29 19:00:00
44.0,23.612238,2025-10-29 19:00:00
6.525,16.632359,2025-10-29 20:00:00
6.325,17.733318,2025-10-29 20:00:00
14.675,15.362482,2025-10-29 20:00:00
59.8,32.060467,2025-10-29 20:00:00
43.275,23.28823,2025-10-29 20:00:00
40.075,22.943037,2025-10-29 21:00:00
13.65,19.02156,2025-10-29 21:00:00
5.225,18.156471,2025-10-29 21:00:00
5.75,17.302036,2025-10-29 21:00:00
22.0,28.770634,2025-10-29 21:00:00
12.775,16.878658,2025-10-29 22:00:00
5.025,11.651835,2025-10-29 22:00:00
10.825,16.63553,2025-10-29 22:00:00
14.15,25.675404,2025-10-29 22:00:00
39.375,21.605103,2025-10-29 22:00:00
13.625,22.172327,2025-10-29 23:00:00
5.35,9.120489,2025-10-29 23:00:00
42.825,20.745657,2025-10-29 23:00:00
13.575,29.472195,2025-10-29 23:00:00
13.225,17.4895,2025-10-29 23:00:00
5.275,6.9873285,2025-10-30 00:00:00
12.675,14.0534935,2025-10-30 00:00:00
14.325,19.750807,2025-10-30 00:00:00
14.25,32.038956,2025-10-30 00:00:00
43.225,24.458694,2025-10-30 00:00:00
12.925,12.610366,2025-10-30 01:00:00
13.475,16.435263,2025-10-30 01:00:00
13.425,19.121378,2025-10-30 01:00:00
4.25,6.4574924,2025-10-30 01:00:00
41.275,24.832836,2025-10-30 01:00:00
19.0,11.6242895,2025-10-30 02:00:00
14.325,27.130358,2025-10-30 02:00:00
43.95,25.365936,2025-10-30 02:00:00
3.9,6.41509,2025-10-30 02:00:00
14.6,12.842481,2025-10-30 02:00:00
10.25,11.235834,2025-10-30 03:00:00
11.8,25.431269,2025-10-30 03:00:00
22.325,10.277832,2025-10-30 03:00:00
44.8,25.122013,2025-10-30 03:00:00
3.225,11.7274475,2025-10-30 03:00:00
22.75,13.122933,2025-10-30 04:00:00
9.3,12.529015,2025-10-30 04:00:00
3.1,7.9076047,2025-10-30 04:00:00
40.55,26.650616,2025-10-30 04:00:00
10.575,24.846537,2025-10-30 04:00:00
36.85,18.436049,2025-10-30 05:00:00
7.875,11.159338,2025-10-30 05:00:00
1.325,6.9993577,2025-10-30 05:00:00
37.825,27.037245,2025-10-30 05:00:00
23.525,13.248556,2025-10-30 05:00:00
31.95,26.147005,2025-10-30 06:00:00
137.9,20.799273,2025-10-30 06:00:00
6.925,14.092188,2025-10-30 06:00:00
18.633333333333336,13.961199,2025-10-30 06:00:00
0.9,8.666166,2025-10-30 06:00:00
2.0,9.30305,2025-10-30 07:00:00
8.475,14.363768,2025-10-30 07:00:00
27.575,26.175928,2025-10-30 07:00:00
137.9,17.61835,2025-10-30 07:00:00
16.05,14.145696,2025-10-30 07:00:00
30.375,25.192072,2025-10-30 08:00:00
8.35,13.97885,2025-10-30 08:00:00
16.1,13.72244,2025-10-30 08:00:00
4.025,8.588092,2025-10-30 08:00:00
137.9,12.65589,2025-10-30 08:00:00
36.775,23.209875,2025-10-30 09:00:00
8.175,11.753661,2025-10-30 09:00:00
6.550000000000001,7.628178,2025-10-30 09:00:00
16.175,14.321877,2025-10-30 09:00:00
137.9,10.507185,2025-10-30 09:00:00
16.724999999999998,13.558358,2025-10-30 10:00:00
39.925,26.198164,2025-10-30 10:00:00
7.0,15.885083,2025-10-30 10:00:00
6.550000000000001,7.0206413,2025-10-30 10:00:00
35.1,26.66389,2025-10-30 11:00:00
5.375,14.342053,2025-10-30 11:00:00
2.8000000000000003,4.1128826,2025-10-30 11:00:00
17.1,13.023063,2025-10-30 11:00:00
10.125,7.8297825,2025-10-30 12:00:00
16.7,13.773096,2025-10-30 12:00:00
37.8,24.377241,2025-10-30 12:00:00
6.9,14.001332,2025-10-30 12:00:00
16.3,14.122489,2025-10-30 13:00:00
6.775,14.653399,2025-10-30 13:00:00
12.05,11.699279,2025-10-30 13:00:00
37.6,24.9005,2025-10-30 13:00:00
13.15,8.475541,2025-10-30 14:00:00
38.05,26.826723,2025-10-30 14:00:00
6.275,14.45524,2025-10-30 14:00:00
16.55,15.241322,2025-10-30 14:00:00
38.3,32.526703,2025-10-30 15:00:00
10.6,13.137925,2025-10-30 15:00:00
4.675,17.254873,2025-10-30 15:00:00
16.9,15.257919,2025-10-30 15:00:00
3.5,21.160172,2025-10-30 16:00:00
39.7,35.10973,2025-10-30 16:00:00
11.55,13.525936,2025-10-30 16:00:00
17.05,16.647018,2025-10-30 16:00:00
10.825,17.317734,2025-10-30 17:00:00
17.233333333333334,14.740849,2025-10-30 17:00:00
2.725,22.089804,2025-10-30 17:00:00
40.7,34.17049,2025-10-30 17:00:00
13.7,15.191298,2025-10-30 18:00:00
15.5,17.188856,2025-10-30 18:00:00
42.775,33.334503,2025-10-30 18:00:00
7.175000000000001,14.846193,2025-10-30 18:00:00
41.575,37.419106,2025-10-30 19:00:00
18.75,16.43319,2025-10-30 19:00:00
9.225,16.013382,2025-10-30 19:00:00
11.7,17.670605,2025-10-30 19:00:00
38.45,30.812708,2025-10-30 20:00:00
8.9,17.60638,2025-10-30 20:00:00
11.675,15.6893835,2025-10-30 20:00:00
19.1,11.645531,2025-10-30 20:00:00
11.4,14.268337,2025-10-30 21:00:00
17.925,10.971866,2025-10-30 21:00:00
37.725,32.981907,2025-10-30 21:00:00
7.975,17.893785,2025-10-30 21:00:00
38.525,34.953117,2025-10-30 22:00:00
7.225,15.193347,2025-10-30 22:00:00
17.225,9.267126,2025-10-30 22:00:00
15.075,14.105586,2025-10-30 22:00:00
38.525,35.372105,2025-10-30 23:00:00
16.525,6.308532,2025-10-30 23:00:00
16.625,13.651844,2025-10-30 23:00:00
6.7,12.556214,2025-10-30 23:00:00
39.525,32.649113,2025-10-31 00:00:00
6.575,12.959436,2025-10-31 00:00:00
16.2,10.790339,2025-10-31 00:00:00
16.725,13.590793,2025-10-31 00:00:00
16.8,11.7262535,2025-10-31 01:00:00
42.425,31.928026,2025-10-31 01:00:00
6.6,13.270248,2025-10-31 01:00:00
17.125,13.316331,2025-10-31 01:00:00
39.575,33.04975,2025-10-31 02:00:00
6.275,13.876234,2025-10-31 02:00:00
15.85,15.829595,2025-10-31 02:00:00
23.225,15.711616,2025-10-31 02:00:00
6.625,12.552901,2025-10-31 03:00:00
40.5,33.972797,2025-10-31 03:00:00
15.025,16.655083,2025-10-31 03:00:00
26.275,15.664755,2025-10-31 03:00:00
45.0,34.200813,2025-10-31 04:00:00
15.125,15.194118,2025-10-31 04:00:00
6.35,11.564091,2025-10-31 04:00:00
26.5,14.853208,2025-10-31 04:00:00
4.574999999999999,9.224467,2025-10-31 05:00:00
44.725,33.608154,2025-10-31 05:00:00
14.475,16.58945,2025-10-31 05:00:00
27.0,17.089813,2025-10-31 05:00:00
13.35,14.235689,2025-10-31 06:00:00
46.9,33.783573,2025-10-31 06:00:00
2.4,11.973903,2025-10-31 06:00:00
13.066666666666668,18.031908,2025-10-31 06:00:00
11.575,14.1856165,2025-10-31 07:00:00
4.766666666666667,13.362717,2025-10-31 07:00:00
11.525,18.406647,2025-10-31 07:00:00
51.575,32.88567,2025-10-31 07:00:00
11.6,18.295105,2025-10-31 08:00:00
48.2,30.357283,2025-10-31 08:00:00
10.225,15.116381,2025-10-31 08:00:00
4.35,13.455097,2025-10-31 08:00:00
10.0,12.102927,2025-10-31 09:00:00
11.833333333333334,15.1535225,2025-10-31 09:00:00
25.025,30.75029,2025-10-31 09:00:00
2.425,12.971579,2025-10-31 09:00:00
10.05,12.106692,2025-10-31 10:00:00
1.9,10.592317,2025-10-31 10:00:00
12.7,16.850569,2025-10-31 10:00:00
26.950000000000003,31.214453,2025-10-31 10:00:00
10.2,13.750032,2025-10-31 11:00:00
32.275,31.406853,2025-10-31 11:00:00
11.95,16.809956,2025-10-31 11:00:00
4.333333333333333,10.969654,2025-10-31 11:00:00
10.075,12.548007,2025-10-31 11:00:00
12.15,14.674527,2025-10-31 12:00:00
31.825,31.12494,2025-10-31 12:00:00
12.125,13.778815,2025-10-31 12:00:00
1.9666666666666668,12.355805,2025-10-31 12:00:00
12.0,18.775883,2025-10-31 12:00:00
12.125,16.28904,2025-10-31 13:00:00
18.6,34.815224,2025-10-31 13:00:00
16.2,31.717508,2025-10-31 13:00:00
12.325,14.190037,2025-10-31 13:00:00
1.4,11.073517,2025-10-31 13:00:00
1.85,11.140723,2025-10-31 14:00:00
13.3,14.200529,2025-10-31 14:00:00
17.05,32.586906,2025-10-31 14:00:00
18.566666666666663,17.048302,2025-10-31 14:00:00
34.7,43.188274,2025-10-31 14:00:00
23.55,19.730871,2025-10-31 15:00:00
17.95,29.176918,2025-10-31 15:00:00
41.625,38.873863,2025-10-31 15:00:00
11.525,14.173304,2025-10-31 15:00:00
1.85,10.0011,2025-10-31 15:00:00
55.175,35.948174,2025-10-31 16:00:00
17.6,28.136847,2025-10-31 16:00:00
1.3,10.353623,2025-10-31 16:00:00
23.2,21.628595,2025-10-31 16:00:00
10.7,14.509172,2025-10-31 16:00:00
10.125,14.70638,2025-10-31 17:00:00
55.0,37.64393,2025-10-31 17:00:00
16.875,27.005688,2025-10-31 17:00:00
0.9,9.802416,2025-10-31 17:00:00
23.03333333333333,18.494267,2025-10-31 17:00:00
0.9,15.800535,2025-10-31 18:00:00
15.6,14.21744,2025-10-31 18:00:00
21.025,19.709164,2025-10-31 18:00:00
15.4,26.654533,2025-10-31 18:00:00
65.39999999999999,32.94129,2025-10-31 18:00:00
15.275,17.362974,2025-10-31 19:00:00
0.9,19.319538,2025-10-31 19:00:00
17.275,12.996244,2025-10-31 19:00:00
19.025,18.029655,2025-10-31 19:00:00
60.45,29.137583,2025-10-31 19:00:00
0.9,20.847727,2025-10-31 20:00:00
18.6,18.969622,2025-10-31 20:00:00
14.575,16.777864,2025-10-31 20:00:00
14.85,10.718266,2025-10-31 20:00:00
56.3,30.663378,2025-10-31 20:00:00
2.1,18.293892,2025-10-31 21:00:00
13.9,15.053393,2025-10-31 21:00:00
58.65,33.475056,2025-10-31 21:00:00
14.375,10.744914,2025-10-31 21:00:00
18.9,16.414871,2025-10-31 21:00:00
12.8,15.768669,2025-10-31 22:00:00
13.525,11.471644,2025-10-31 22:00:00
2.1,14.735884,2025-10-31 22:00:00
54.475,26.834663,2025-10-31 22:00:00
14.4,9.823583,2025-10-31 22:00:00
60.85,33.041985,2025-10-31 23:00:00
14.4,10.413778,2025-10-31 23:00:00
2.1,10.385033,2025-10-31 23:00:00
10.0,16.596087,2025-10-31 23:00:00
14.45,10.254606,2025-10-31 23:00:00
58.825,35.09369,2025-11-01 00:00:00
2.1,9.446954,2025-11-01 00:00:00
9.575,16.281988,2025-11-01 00:00:00
13.925,10.54984,2025-11-01 00:00:00
14.025,10.917784,2025-11-01 00:00:00
13.125,11.484801,2025-11-01 01:00:00
9.133333333333333,15.056254,2025-11-01 01:00:00
14.025,10.756221,2025-11-01 01:00:00
62.275000000000006,38.38248,2025-11-01 01:00:00
6.766666666666667,15.186052,2025-11-01 02:00:00
18.775,11.468984,2025-11-01 02:00:00
64.575,36.930122,2025-11-01 02:00:00
13.075,10.335375,2025-11-01 02:00:00
14.15,7.2310066,2025-11-01 02:00:00
6.433333333333334,16.814272,2025-11-01 03:00:00
28.075,12.3600645,2025-11-01 03:00:00
12.0,7.321088,2025-11-01 03:00:00
12.0,11.78264,2025-11-01 03:00:00
68.85000000000001,38.857418,2025-11-01 03:00:00
75.975,40.411095,2025-11-01 04:00:00
12.2,12.20895,2025-11-01 04:00:00
8.05,16.303183,2025-11-01 04:00:00
15.35,7.5834837,2025-11-01 04:00:00
27.4,11.761049,2025-11-01 04:00:00
72.2,41.43603,2025-11-01 05:00:00
27.25,11.389044,2025-11-01 05:00:00
13.1,12.906344,2025-11-01 05:00:00
8.125,14.305048,2025-11-01 05:00:00
16.075,7.8517776,2025-11-01 05:00:00
20.95,13.041419,2025-11-01 06:00:00
14.4,4.7168107,2025-11-01 06:00:00
21.700000000000003,14.74406,2025-11-01 06:00:00
21.9,42.254723,2025-11-01 06:00:00
26.2,13.010767,2025-11-01 06:00:00
18.425,40.932518,2025-11-01 07:00:00
21.53333333333333,12.45752,2025-11-01 07:00:00
27.1,13.423854,2025-11-01 07:00:00
37.8,13.702712,2025-11-01 07:00:00
15.375,12.026023,2025-11-01 08:00:00
21.7,11.574055,2025-11-01 08:00:00
10.775,40.93074,2025-11-01 08:00:00
26.525,14.531076,2025-11-01 08:00:00
59.1,13.843503,2025-11-01 08:00:00
17.225,10.537836,2025-11-01 09:00:00
71.9,13.287083,2025-11-01 09:00:00
13.425,36.730133,2025-11-01 09:00:00
21.625,8.862142,2025-11-01 09:00:00
26.525,13.516485,2025-11-01 09:00:00
25.45,13.621474,2025-11-01 10:00:00
70.325,12.636362,2025-11-01 10:00:00
10.175,43.07419,2025-11-01 10:00:00
13.0,10.003811,2025-11-01 10:00:00
15.05,12.40008,2025-11-01 10:00:00
25.475,14.214189,2025-11-01 11:00:00
11.45,13.167552,2025-11-01 11:00:00
12.6,10.16704,2025-11-01 11:00:00
62.825,13.224307,2025-11-01 11:00:00
7.366666666666667,35.966175,2025-11-01 11:00:00
10.2,36.832943,2025-11-01 12:00:00
12.7,10.225487,2025-11-01 12:00:00
44.85,12.972763,2025-11-01 12:00:00
25.133333333333336,13.924316,2025-11-01 12:00:00
12.9,13.605466,2025-11-01 12:00:00
10.825,14.973366,2025-11-01 13:00:00
32.95,21.309706,2025-11-01 13:00:00
13.5,33.657093,2025-11-01 13:00:00
12.35,11.795823,2025-11-01 13:00:00
26.425,17.278967,2025-11-01 13:00:00
27.4,24.845705,2025-11-01 14:00:00
9.4,18.344362,2025-11-01 14:00:00
26.5,19.904425,2025-11-01 14:00:00
30.3,23.941069,2025-11-01 14:00:00
10.475,11.951511,2025-11-01 14:00:00
11.525,12.20579,2025-11-01 15:00:00
7.55,18.717321,2025-11-01 15:00:00
23.425,31.566027,2025-11-01 15:00:00
24.975,19.477629,2025-11-01 15:00:00
41.5,24.364763,2025-11-01 15:00:00
7.075,11.146387,2025-11-01 16:00:00
23.6,18.332058,2025-11-01 16:00:00
46.525,25.035097,2025-11-01 16:00:00
15.975,46.11914,2025-11-01 16:00:00
7.1,19.080942,2025-11-01 16:00:00
22.875,16.986624,2025-11-01 17:00:00
7.033333333333334,16.715034,2025-11-01 17:00:00
14.35,40.94548,2025-11-01 17:00:00
8.625,10.913003,2025-11-01 17:00:00
42.175,24.557957,2025-11-01 17:00:00
14.775,37.891174,2025-11-01 18:00:00
28.35,23.919004,2025-11-01 18:00:00
11.0,12.63159,2025-11-01 18:00:00
21.3,17.879368,2025-11-01 18:00:00
14.45,16.198305,2025-11-01 18:00:00
19.025,16.687815,2025-11-01 19:00:00
18.025,16.8363,2025-11-01 19:00:00
13.5,35.589855,2025-11-01 19:00:00
15.1,26.599222,2025-11-01 19:00:00
8.225,17.164543,2025-11-01 19:00:00
12.6,31.027317,2025-11-01 20:00:00
17.7,14.458646,2025-11-01 20:00:00
4.25,24.169985,2025-11-01 20:00:00
6.449999999999999,17.542336,2025-11-01 20:00:00
18.15,15.67791,2025-11-01 20:00:00
12.925,29.515427,2025-11-01 21:00:00
15.6,22.882713,2025-11-01 21:00:00
8.525,17.074682,2025-11-01 21:00:00
17.55,11.631833,2025-11-01 21:00:00
17.35,16.711414,2025-11-01 21:00:00
12.325,20.663462,2025-11-01 22:00:00
17.15,11.294039,2025-11-01 22:00:00
6.2,15.139965,2025-11-01 22:00:00
7.9,34.673782,2025-11-01 22:00:00
16.875,15.417102,2025-11-01 22:00:00
12.25,13.140916,2025-11-01 23:00:00
17.375,10.635222,2025-11-01 23:00:00
15.85,14.950093,2025-11-01 23:00:00
20.725,24.950912,2025-11-01 23:00:00
6.45,11.895416,2025-11-01 23:00:00
16.975,10.77251,2025-11-02 00:00:00
7.825,11.178897,2025-11-02 00:00:00
14.925,13.71517,2025-11-02 00:00:00
11.65,12.91463,2025-11-02 00:00:00
32.575,22.844786,2025-11-02 00:00:00
16.875,10.31198,2025-11-02 01:00:00
15.875,14.646246,2025-11-02 01:00:00
7.8,10.541396,2025-11-02 01:00:00
10.875,12.6491375,2025-11-02 01:00:00
41.2,24.792204,2025-11-02 01:00:00
10.35,15.384927,2025-11-02 02:00:00
17.549999999999997,12.689771,2025-11-02 02:00:00
34.175,16.095633,2025-11-02 02:00:00
11.575,10.008858,2025-11-02 02:00:00
15.8,15.377218,2025-11-02 02:00:00
10.525,10.287586,2025-11-02 03:00:00
13.875,17.129742,2025-11-02 03:00:00
33.6,16.795757,2025-11-02 03:00:00
10.725,14.08166,2025-11-02 03:00:00
18.675,14.126687,2025-11-02 03:00:00
19.75,14.0555725,2025-11-02 04:00:00
11.3,15.6732645,2025-11-02 04:00:00
30.45,14.436412,2025-11-02 04:00:00
8.825,11.837495,2025-11-02 04:00:00
12.9,18.576992,2025-11-02 04:00:00
12.675,11.00287,2025-11-02 05:00:00
13.1,17.537477,2025-11-02 05:00:00
20.95,14.077597,2025-11-02 05:00:00
10.75,13.225091,2025-11-02 05:00:00
11.25,14.891587,2025-11-02 05:00:00
12.675,17.625832,2025-11-02 06:00:00
23.975,14.477663,2025-11-02 06:00:00
14.375,9.313056,2025-11-02 06:00:00
10.2,13.243345,2025-11-02 06:00:00
15.55,17.801468,2025-11-02 06:00:00
17.525,17.480494,2025-11-02 07:00:00
9.2,15.1325865,2025-11-02 07:00:00
10.975,9.68795,2025-11-02 07:00:00
23.7,13.876423,2025-11-02 07:00:00
15.15,15.669434,2025-11-02 07:00:00
13.175,23.696812,2025-11-02 08:00:00
8.75,13.770765,2025-11-02 08:00:00
22.95,13.77141,2025-11-02 08:00:00
7.800000000000001,11.293764,2025-11-02 08:00:00
15.15,16.35476,2025-11-02 08:00:00
9.95,10.775672,2025-11-02 09:00:00
13.05,13.287564,2025-11-02 09:00:00
8.274999999999999,12.948096,2025-11-02 09:00:00
14.75,14.045328,2025-11-02 09:00:00
22.375,14.013757,2025-11-02 09:00:00
8.0,13.97914,2025-11-02 10:00:00
11.775,11.649357,2025-11-02 10:00:00
11.525,10.079264,2025-11-02 10:00:00
26.225,16.467972,2025-11-02 10:00:00
19.65,14.861815,2025-11-02 10:00:00
7.949999999999999,14.583926,2025-11-02 11:00:00
20.85,17.371094,2025-11-02 11:00:00
9.475,8.049954,2025-11-02 11:00:00
17.75,12.495666,2025-11-02 11:00:00
17.775,14.231088,2025-11-02 11:00:00
7.85,9.23167,2025-11-02 12:00:00
17.925,12.983102,2025-11-02 12:00:00
17.525,11.44107,2025-11-02 12:00:00
8.55,11.03348,2025-11-02 12:00:00
60.05,12.091257,2025-11-02 12:00:00
17.9,13.913284,2025-11-02 13:00:00
8.325,9.67765,2025-11-02 13:00:00
9.275,13.728325,2025-11-02 13:00:00
11.7,12.852877,2025-11-02 13:00:00
59.825,13.511918,2025-11-02 13:00:00
19.375,15.577367,2025-11-02 14:00:00
9.9,21.857615,2025-11-02 14:00:00
6.35,10.429137,2025-11-02 14:00:00
13.7,14.47975,2025-11-02 14:00:00
59.225,16.357428,2025-11-02 14:00:00
4.825,11.28241,2025-11-02 15:00:00
57.45,16.259563,2025-11-02 15:00:00
5.325,18.11563,2025-11-02 15:00:00
10.175,20.363426,2025-11-02 15:00:00
11.425,15.652927,2025-11-02 15:00:00
11.075,22.126747,2025-11-02 16:00:00
2.825,20.112738,2025-11-02 16:00:00
56.825,17.860933,2025-11-02 16:00:00
11.325,18.836803,2025-11-02 16:00:00
5.7,11.267174,2025-11-02 16:00:00
56.55,19.290455,2025-11-02 17:00:00
11.3,17.994555,2025-11-02 17:00:00
12.6,18.124767,2025-11-02 17:00:00
7.925,13.038021,2025-11-02 17:00:00
3.85,21.845444,2025-11-02 17:00:00
2.8000000000000003,20.864027,2025-11-02 18:00:00
7.65,13.955305,2025-11-02 18:00:00
25.4,23.589136,2025-11-02 18:00:00
15.225,25.192219,2025-11-02 18:00:00
16.575000000000003,17.308813,2025-11-02 18:00:00
11.0,18.944832,2025-11-02 19:00:00
19.375,17.680532,2025-11-02 19:00:00
7.875,16.44075,2025-11-02 19:00:00
15.25,20.792974,2025-11-02 19:00:00
19.2,27.527607,2025-11-02 19:00:00
16.5,23.899254,2025-11-02 20:00:00
15.325,15.784236,2025-11-02 20:00:00
28.5,18.658733,2025-11-02 20:00:00
8.675,17.745745,2025-11-02 20:00:00
19.225,15.406089,2025-11-02 20:00:00
15.275,13.55085,2025-11-02 21:00:00
18.525,14.069523,2025-11-02 21:00:00
3.825,16.482306,2025-11-02 21:00:00
15.65,15.793556,2025-11-02 21:00:00
15.925,24.476143,2025-11-02 21:00:00
6.2,14.023552,2025-11-02 22:00:00
9.725,11.306249,2025-11-02 22:00:00
15.225,25.991585,2025-11-02 22:00:00
9.0,13.57313,2025-11-02 22:00:00
14.775,9.796117,2025-11-02 22:00:00
0.1,13.567291,2025-11-02 23:00:00
15.375,32.102684,2025-11-02 23:00:00
11.9,12.262191,2025-11-02 23:00:00
15.35,10.53549,2025-11-02 23:00:00
14.675,8.291381,2025-11-02 23:00:00
16.775000000000002,12.4538555,2025-11-03 00:00:00
12.1,9.561857,2025-11-03 00:00:00
0.4,12.557379,2025-11-03 00:00:00
14.05,9.496689,2025-11-03 00:00:00
14.35,30.200687,2025-11-03 00:00:00
11.425,8.664423,2025-11-03 01:00:00
5.35,14.998063,2025-11-03 01:00:00
4.6,14.788924,2025-11-03 01:00:00
14.125,22.008425,2025-11-03 01:00:00
13.9,10.998755,2025-11-03 01:00:00
17.925,16.182114,2025-11-03 02:00:00
13.575,11.671826,2025-11-03 02:00:00
10.425,8.388815,2025-11-03 02:00:00
15.025,17.78828,2025-11-03 02:00:00
7.05,14.502201,2025-11-03 02:00:00
14.125,14.099186,2025-11-03 03:00:00
24.75,16.539446,2025-11-03 03:00:00
14.0,12.585888,2025-11-03 03:00:00
6.125,19.057953,2025-11-03 03:00:00
12.2,9.6126995,2025-11-03 03:00:00
4.95,16.275743,2025-11-03 04:00:00
11.275,11.099271,2025-11-03 04:00:00
12.775,15.221628,2025-11-03 04:00:00
14.725,13.034819,2025-11-03 04:00:00
25.725,16.153149,2025-11-03 04:00:00
14.075,10.836419,2025-11-03 05:00:00
12.825,16.221071,2025-11-03 05:00:00
26.3,15.177652,2025-11-03 05:00:00
24.875,12.652661,2025-11-03 05:00:00
14.6,12.2498455,2025-11-03 05:00:00
16.175,11.797317,2025-11-03 06:00:00
25.85,13.8125305,2025-11-03 06:00:00
24.95,16.555826,2025-11-03 06:00:00
13.25,17.261005,2025-11-03 06:00:00
13.9,13.417164,2025-11-03 06:00:00
14.0,11.854118,2025-11-03 07:00:00
11.85,14.645137,2025-11-03 07:00:00
14.05,16.57697,2025-11-03 07:00:00
14.525,11.38324,2025-11-03 07:00:00
25.025,18.25619,2025-11-03 07:00:00
12.875,12.823701,2025-11-03 08:00:00
24.85,16.226492,2025-11-03 08:00:00
11.75,12.589718,2025-11-03 08:00:00
13.55,10.238185,2025-11-03 08:00:00
13.325,16.773733,2025-11-03 08:00:00
12.575,12.28151,2025-11-03 09:00:00
24.375,15.5125675,2025-11-03 09:00:00
12.0,11.691327,2025-11-03 09:00:00
10.233333333333334,10.708159,2025-11-03 09:00:00
12.225,16.36277,2025-11-03 09:00:00
15.225,11.897817,2025-11-03 10:00:00
11.0,16.571188,2025-11-03 10:00:00
13.275,11.521103,2025-11-03 10:00:00
10.233333333333334,11.322903,2025-11-03 10:00:00
26.95,14.189581,2025-11-03 10:00:00
6.025,17.296627,2025-11-03 11:00:00
10.233333333333334,12.36104,2025-11-03 11:00:00
13.95,11.574491,2025-11-03 11:00:00
9.6,15.961368,2025-11-03 11:00:00
28.3,13.727201,2025-11-03 11:00:00
9.75,16.224491,2025-11-03 12:00:00
17.9,13.40042,2025-11-03 12:00:00
28.975,13.715945,2025-11-03 12:00:00
11.375,19.14742,2025-11-03 12:00:00
13.95,13.325134,2025-11-03 12:00:00
29.325,14.973645,2025-11-03 13:00:00
11.55,18.395815,2025-11-03 13:00:00
20.125,15.392463,2025-11-03 13:00:00
5.8,16.154694,2025-11-03 13:00:00
5.55,20.986671,2025-11-03 13:00:00
19.05,11.880609,2025-11-03 14:00:00
11.675,17.681528,2025-11-03 14:00:00
12.3,18.36207,2025-11-03 14:00:00
20.65,18.734673,2025-11-03 14:00:00
9.0,17.977072,2025-11-03 14:00:00
11.625,21.039806,2025-11-03 15:00:00
16.575,18.552547,2025-11-03 15:00:00
8.225,19.021248,2025-11-03 15:00:00
16.3,14.626044,2025-11-03 15:00:00
25.275,18.328129,2025-11-03 15:00:00
15.6,11.805122,2025-11-03 16:00:00
17.075,16.020391,2025-11-03 16:00:00
5.800000000000001,21.459763,2025-11-03 16:00:00
9.625,25.637363,2025-11-03 16:00:00
18.725,17.67446,2025-11-03 16:00:00
18.325,11.336026,2025-11-03 17:00:00
8.825,28.772919,2025-11-03 17:00:00
17.333333333333332,16.540106,2025-11-03 17:00:00
14.1,22.045479,2025-11-03 17:00:00
27.575,16.659212,2025-11-03 17:00:00
15.375,14.06475,2025-11-03 18:00:00
15.85,21.803747,2025-11-03 18:00:00
18.7,14.995749,2025-11-03 18:00:00
20.725,19.04542,2025-11-03 18:00:00
29.75,18.889301,2025-11-03 18:00:00
23.175,17.120308,2025-11-03 19:00:00
32.275,18.978891,2025-11-03 19:00:00
16.400000000000002,17.181047,2025-11-03 19:00:00
20.05,16.159176,2025-11-03 19:00:00
8.25,16.694159,2025-11-03 19:00:00
23.55,16.932636,2025-11-03 20:00:00
12.6,18.693314,2025-11-03 20:00:00
3.3,16.469229,2025-11-03 20:00:00
40.2,18.933208,2025-11-03 20:00:00
17.5,10.658879,2025-11-03 20:00:00
23.35,17.06258,2025-11-03 21:00:00
3.3,11.46722,2025-11-03 21:00:00
43.45,16.930481,2025-11-03 21:00:00
11.5,17.808,2025-11-03 21:00:00
15.55,11.458711,2025-11-03 21:00:00
3.3,9.39404,2025-11-03 22:00:00
45.175,16.465141,2025-11-03 22:00:00
14.6,7.1836567,2025-11-03 22:00:00
21.075,12.630267,2025-11-03 22:00:00
9.425,15.061358,2025-11-03 22:00:00
14.625,7.5485287,2025-11-03 23:00:00
9.575,13.449985,2025-11-03 23:00:00
44.525000000000006,16.663712,2025-11-03 23:00:00
3.3,11.377546,2025-11-03 23:00:00
19.95,15.038689,2025-11-03 23:00:00
7.833333333333333,12.839224,2025-11-04 00:00:00
40.125,15.496529,2025-11-04 00:00:00
14.65,9.962049,2025-11-04 00:00:00
19.675,14.657853,2025-11-04 00:00:00
19.375,13.401357,2025-11-04 01:00:00
1.8,8.763785,2025-11-04 01:00:00
42.0,25.166325,2025-11-04 01:00:00
17.425,12.272142,2025-11-04 01:00:00
5.25,11.831574,2025-11-04 01:00:00
6.4750000000000005,11.762343,2025-11-04 02:00:00
21.6,13.375008,2025-11-04 02:00:00
39.025,19.336777,2025-11-04 02:00:00
24.2,15.916684,2025-11-04 02:00:00
20.325,10.13205,2025-11-04 02:00:00
27.9,17.91429,2025-11-04 03:00:00
14.85,12.4093485,2025-11-04 03:00:00
24.8,24.469994,2025-11-04 03:00:00
7.65,13.260424,2025-11-04 03:00:00
13.9,9.293165,2025-11-04 03:00:00
6.8,12.535073,2025-11-04 04:00:00
28.975,20.195463,2025-11-04 04:00:00
14.35,10.454797,2025-11-04 04:00:00
4.825,9.17566,2025-11-04 04:00:00
22.7,26.768074,2025-11-04 04:00:00
28.5,21.154043,2025-11-04 05:00:00
22.425,24.55365,2025-11-04 05:00:00
14.325,11.355864,2025-11-04 05:00:00
11.800000000000002,9.066252,2025-11-04 05:00:00
6.933333333333333,11.83499,2025-11-04 05:00:00
14.2,13.425908,2025-11-04 06:00:00
6.933333333333333,10.840838,2025-11-04 06:00:00
10.975,20.824884,2025-11-04 06:00:00
18.025,19.157888,2025-11-04 06:00:00
12.95,10.207982,2025-11-04 07:00:00
6.933333333333333,8.97119,2025-11-04 07:00:00
12.325,18.74638,2025-11-04 07:00:00
17.85,20.183554,2025-11-04 07:00:00
11.325,13.301272,2025-11-04 07:00:00
11.225,19.419912,2025-11-04 08:00:00
25.3,11.733547,2025-11-04 08:00:00
11.75,14.8178835,2025-11-04 08:00:00
17.075,19.343134,2025-11-04 08:00:00
12.95,14.20645,2025-11-04 08:00:00
10.025,11.353433,2025-11-04 09:00:00
34.05,12.018586,2025-11-04 09:00:00
18.525,21.49823,2025-11-04 09:00:00
11.3,18.313404,2025-11-04 09:00:00
12.95,12.895279,2025-11-04 09:00:00
9.325,11.240376,2025-11-04 10:00:00
21.6,12.045353,2025-11-04 10:00:00
12.2,20.290117,2025-11-04 10:00:00
20.075000000000003,21.817268,2025-11-04 10:00:00
12.55,17.927542,2025-11-04 11:00:00
17.599999999999998,9.4548645,2025-11-04 11:00:00
8.975,12.220644,2025-11-04 11:00:00
24.575,18.997206,2025-11-04 11:00:00
20.425,9.635857,2025-11-04 12:00:00
28.825000000000003,18.964653,2025-11-04 12:00:00
12.45,15.943476,2025-11-04 12:00:00
9.65,11.779048,2025-11-04 12:00:00
29.8,15.813071,2025-11-04 13:00:00
8.675,14.207106,2025-11-04 13:00:00
12.65,17.552944,2025-11-04 13:00:00
18.975,11.71827,2025-11-04 13:00:00
19.375,13.839691,2025-11-04 14:00:00
28.375,15.593114,2025-11-04 14:00:00
13.5,15.128015,2025-11-04 14:00:00
7.949999999999999,13.338046,2025-11-04 14:00:00
7.125,13.798335,2025-11-04 15:00:00
16.8,18.58564,2025-11-04 15:00:00
32.7,20.517641,2025-11-04 15:00:00
13.425,16.232985,2025-11-04 15:00:00
41.35,25.000751,2025-11-04 16:00:00
13.3,16.174786,2025-11-04 16:00:00
4.925,12.695297,2025-11-04 16:00:00
17.45,20.261591,2025-11-04 16:00:00
15.125,19.895876,2025-11-04 17:00:00
43.0,27.911938,2025-11-04 17:00:00
13.533333333333331,15.737916,2025-11-04 17:00:00
3.9,12.727836,2025-11-04 17:00:00
15.875,15.299252,2025-11-04 18:00:00
16.400000000000002,12.998656,2025-11-04 18:00:00
12.25,20.640228,2025-11-04 18:00:00
41.075,26.50452,2025-11-04 18:00:00
17.025,16.759333,2025-11-04 19:00:00
14.125,22.628906,2025-11-04 19:00:00
18.95,12.55729,2025-11-04 19:00:00
42.625,30.143986,2025-11-04 19:00:00
11.7,21.84452,2025-11-04 20:00:00
35.925,26.148664,2025-11-04 20:00:00
17.925,12.592781,2025-11-04 20:00:00
17.225,15.403527,2025-11-04 20:00:00
11.825,21.428514,2025-11-04 21:00:00
17.2,9.712684,2025-11-04 21:00:00
37.8,25.570635,2025-11-04 21:00:00
16.575,15.496759,2025-11-04 21:00:00
15.475,8.608854,2025-11-04 22:00:00
34.4,28.387747,2025-11-04 22:00:00
9.575,17.19273,2025-11-04 22:00:00
15.3,12.611067,2025-11-04 22:00:00
14.7,8.612583,2025-11-04 23:00:00
32.325,26.094568,2025-11-04 23:00:00
8.525,14.797198,2025-11-04 23:00:00
13.525,13.815639,2025-11-04 23:00:00
14.85,11.389129,2025-11-05 00:00:00
13.275,14.235327,2025-11-05 00:00:00
0.8666666666666667,14.13371,2025-11-05 00:00:00
25.4,27.700052,2025-11-05 00:00:00
7.5,13.13727,2025-11-05 00:00:00
7.125,11.700386,2025-11-05 01:00:00
13.15,14.961009,2025-11-05 01:00:00
2.5250000000000004,9.295876,2025-11-05 01:00:00
14.425,10.321674,2025-11-05 01:00:00
24.775,34.61216,2025-11-05 01:00:00
17.35,15.675759,2025-11-05 02:00:00
2.75,10.288285,2025-11-05 02:00:00
7.05,10.87306,2025-11-05 02:00:00
13.9,13.567342,2025-11-05 02:00:00
34.775,31.466314,2025-11-05 02:00:00
19.625,15.88513,2025-11-05 03:00:00
13.05,15.194932,2025-11-05 03:00:00
31.8,32.333176,2025-11-05 03:00:00
1.0,11.285548,2025-11-05 03:00:00
3.675,8.901957,2025-11-05 03:00:00
25.5,30.187391,2025-11-05 04:00:00
19.825,15.646543,2025-11-05 04:00:00
1.0,11.94377,2025-11-05 04:00:00
11.45,15.558407,2025-11-05 04:00:00
2.9000000000000004,13.940994,2025-11-05 04:00:00
19.125,26.178589,2025-11-05 05:00:00
26.05,14.414302,2025-11-05 05:00:00
1.0,10.609498,2025-11-05 05:00:00
10.55,13.577381,2025-11-05 05:00:00
20.35,16.921589,2025-11-05 05:00:00
25.35,16.18323,2025-11-05 06:00:00
10.5,9.118665,2025-11-05 06:00:00
28.625,11.375261,2025-11-05 06:00:00
10.1,14.708556,2025-11-05 06:00:00
20.375,22.422983,2025-11-05 06:00:00
12.85,8.599012,2025-11-05 07:00:00
21.2,21.46515,2025-11-05 07:00:00
10.35,13.775464,2025-11-05 07:00:00
30.5,12.506942,2025-11-05 07:00:00
27.45,16.065742,2025-11-05 07:00:00
11.15,10.592063,2025-11-05 08:00:00
26.85,15.556221,2025-11-05 08:00:00
20.525,21.968405,2025-11-05 08:00:00
29.5,12.625888,2025-11-05 08:00:00
10.75,12.755572,2025-11-05 08:00:00
54.0,12.835102,2025-11-05 09:00:00
9.55,9.785792,2025-11-05 09:00:00
17.924999999999997,29.643934,2025-11-05 09:00:00
26.125,13.841323,2025-11-05 09:00:00
28.575,12.400778,2025-11-05 09:00:00
8.600000000000001,11.048512,2025-11-05 10:00:00
27.725,27.629808,2025-11-05 10:00:00
15.3,14.774223,2025-11-05 10:00:00
26.975,12.142326,2025-11-05 10:00:00
14.75,12.417702,2025-11-05 10:00:00
13.6,11.545732,2025-11-05 11:00:00
8.1,9.629509,2025-11-05 11:00:00
10.05,15.233226,2025-11-05 11:00:00
31.175,23.73667,2025-11-05 11:00:00
24.65,13.97757,2025-11-05 11:00:00
9.55,15.99022,2025-11-05 12:00:00
34.325,24.05807,2025-11-05 12:00:00
25.75,16.320038,2025-11-05 12:00:00
9.45,14.29832,2025-11-05 12:00:00
11.825,14.040428,2025-11-05 12:00:00
11.375,12.419606,2025-11-05 13:00:00
14.375,21.382906,2025-11-05 13:00:00
9.65,15.556476,2025-11-05 13:00:00
39.1,24.033638,2025-11-05 13:00:00
24.95,19.435091,2025-11-05 13:00:00
9.9,12.642659,2025-11-05 14:00:00
22.3,20.613382,2025-11-05 14:00:00
39.075,25.352005,2025-11-05 14:00:00
17.3,26.841475,2025-11-05 14:00:00
18.225,16.50425,2025-11-05 14:00:00
10.65,16.747631,2025-11-05 15:00:00
20.85,21.477375,2025-11-05 15:00:00
23.425,19.751392,2025-11-05 15:00:00
33.325,25.988235,2025-11-05 15:00:00
23.0,19.88796,2025-11-05 15:00:00
25.05,19.134636,2025-11-05 16:00:00
32.475,31.191187,2025-11-05 16:00:00
12.375,19.66022,2025-11-05 16:00:00
22.525,22.948526,2025-11-05 16:00:00
22.075,19.437828,2025-11-05 16:00:00
29.65,18.940617,2025-11-05 17:00:00
31.25,33.615574,2025-11-05 17:00:00
23.03333333333333,16.998838,2025-11-05 17:00:00
23.625,17.310816,2025-11-05 17:00:00
12.525,18.643959,2025-11-05 17:00:00
20.875,20.504648,2025-11-05 18:00:00
27.85,15.131717,2025-11-05 18:00:00
22.075,32.050655,2025-11-05 18:00:00
37.125,17.355268,2025-11-05 18:00:00
22.7,16.745192,2025-11-05 18:00:00
30.225,12.303931,2025-11-05 19:00:00
17.85,32.3087,2025-11-05 19:00:00
31.725,13.3787365,2025-11-05 19:00:00
22.725,22.76216,2025-11-05 19:00:00
21.675,15.071709,2025-11-05 19:00:00
29.575,15.41374,2025-11-05 20:00:00
17.625,22.546804,2025-11-05 20:00:00
28.025,12.587203,2025-11-05 20:00:00
17.05,14.585645,2025-11-05 20:00:00
21.525,34.957226,2025-11-05 20:00:00
17.125,33.704884,2025-11-05 21:00:00
18.825,22.71728,2025-11-05 21:00:00
13.275,14.169438,2025-11-05 21:00:00
29.1,14.393112,2025-11-05 21:00:00
28.025,13.283707,2025-11-05 21:00:00
25.9,10.217182,2025-11-05 22:00:00
16.775,33.618042,2025-11-05 22:00:00
11.6,12.401525,2025-11-05 22:00:00
18.25,19.674286,2025-11-05 22:00:00
21.725,16.84233,2025-11-05 22:00:00
19.35,31.584751,2025-11-05 23:00:00
17.925,17.33915,2025-11-05 23:00:00
17.65,16.552298,2025-11-05 23:00:00
28.6,11.581167,2025-11-05 23:00:00
9.825,11.924675,2025-11-05 23:00:00
17.525,16.09773,2025-11-06 00:00:00
10.65,14.8244095,2025-11-06 00:00:00
14.7,14.961786,2025-11-06 00:00:00
22.475,27.362734,2025-11-06 00:00:00
33.575,19.744474,2025-11-06 00:00:00
37.825,17.845043,2025-11-06 01:00:00
25.450000000000003,21.7369,2025-11-06 01:00:00
11.4,16.57663,2025-11-06 01:00:00
9.5,14.186149,2025-11-06 01:00:00
17.625,18.279701,2025-11-06 01:00:00
10.0,16.497421,2025-11-06 02:00:00
17.75,19.09735,2025-11-06 02:00:00
20.775,21.402702,2025-11-06 02:00:00
39.2,18.119055,2025-11-06 02:00:00
12.7,16.74677,2025-11-06 02:00:00
15.725,17.434067,2025-11-06 03:00:00
36.65,21.871216,2025-11-06 03:00:00
20.175,20.241411,2025-11-06 03:00:00
8.5,15.562554,2025-11-06 03:00:00
18.0,19.452555,2025-11-06 03:00:00
8.725,14.984948,2025-11-06 04:00:00
31.15,20.480188,2025-11-06 04:00:00
12.875,17.057423,2025-11-06 04:00:00
17.275,17.39847,2025-11-06 04:00:00
34.325,21.804482,2025-11-06 04:00:00
34.125,19.180544,2025-11-06 05:00:00
11.15,17.51471,2025-11-06 05:00:00
21.6,17.319853,2025-11-06 05:00:00
16.9,17.189987,2025-11-06 05:00:00
8.375,12.812483,2025-11-06 05:00:00
17.674999999999997,15.452848,2025-11-06 06:00:00
27.975,20.911182,2025-11-06 06:00:00
8.575000000000001,11.985773,2025-11-06 06:00:00
11.95,15.558802,2025-11-06 06:00:00
17.1,22.694983,2025-11-06 06:00:00
5.766666666666667,11.9724655,2025-11-06 07:00:00
28.2,20.418562,2025-11-06 07:00:00
19.3,13.44989,2025-11-06 07:00:00
14.0,20.240915,2025-11-06 07:00:00
17.5,14.687101,2025-11-06 07:00:00
2.6,9.904867,2025-11-06 08:00:00
12.375,19.527435,2025-11-06 08:00:00
16.875,14.84475,2025-11-06 08:00:00
31.15,18.333961,2025-11-06 08:00:00
20.0,11.817504,2025-11-06 08:00:00
10.225,17.781263,2025-11-06 09:00:00
16.775,14.003197,2025-11-06 09:00:00
14.525,11.261619,2025-11-06 09:00:00
19.175,11.583857,2025-11-06 09:00:00
37.175,20.051664,2025-11-06 09:00:00
21.525,13.659877,2025-11-06 10:00:00
9.9,14.695658,2025-11-06 10:00:00
15.025,10.11421,2025-11-06 10:00:00
17.575,15.076474,2025-11-06 10:00:00
37.625,19.274685,2025-11-06 10:00:00
39.8,24.739197,2025-11-06 11:00:00
16.7,10.1664715,2025-11-06 11:00:00
10.275,19.762793,2025-11-06 11:00:00
13.675,9.562405,2025-11-06 11:00:00
17.724999999999998,11.710137,2025-11-06 11:00:00
17.25,10.100474,2025-11-06 12:00:00
11.175,18.617687,2025-11-06 12:00:00
16.775,10.699074,2025-11-06 12:00:00
10.075,10.077524,2025-11-06 12:00:00
45.725,25.910547,2025-11-06 12:00:00
19.25,8.802809,2025-11-06 13:00:00
17.35,10.739253,2025-11-06 13:00:00
16.125,20.66529,2025-11-06 13:00:00
52.45,25.654732,2025-11-06 13:00:00
9.65,10.361756,2025-11-06 13:00:00
8.825,12.821211,2025-11-06 14:00:00
19.525,10.719964,2025-11-06 14:00:00
20.125,22.062815,2025-11-06 14:00:00
41.25,27.342394,2025-11-06 14:00:00
18.65,11.438137,2025-11-06 14:00:00
6.025,12.835673,2025-11-06 15:00:00
20.85,12.131532,2025-11-06 15:00:00
31.725,26.909477,2025-11-06 15:00:00
21.575,25.741552,2025-11-06 15:00:00
18.55,12.315559,2025-11-06 15:00:00
20.75,31.465519,2025-11-06 16:00:00
20.85,14.555383,2025-11-06 16:00:00
25.3,30.202133,2025-11-06 16:00:00
20.575,14.972674,2025-11-06 16:00:00
5.375,11.4952965,2025-11-06 16:00:00
21.8,14.900856,2025-11-06 17:00:00
19.55,30.115942,2025-11-06 17:00:00
30.975,31.5141,2025-11-06 17:00:00
18.2,15.640811,2025-11-06 17:00:00
5.975,11.034503,2025-11-06 17:00:00
21.1,27.889183,2025-11-06 18:00:00
20.975,16.735758,2025-11-06 18:00:00
22.1,18.004011,2025-11-06 18:00:00
33.974999999999994,33.94169,2025-11-06 18:00:00
16.333333333333332,10.167818,2025-11-06 18:00:00
18.225,21.287283,2025-11-06 19:00:00
26.9,25.842005,2025-11-06 19:00:00
16.575,12.1269045,2025-11-06 19:00:00
20.0,17.368065,2025-11-06 19:00:00
32.225,31.631014,2025-11-06 19:00:00
15.225,11.175,2025-11-06 20:00:00
27.775,21.795572,2025-11-06 20:00:00
20.15,22.287973,2025-11-06 20:00:00
19.6,18.55115,2025-11-06 20:00:00
32.8,31.815716,2025-11-06 20:00:00
13.25,8.496556,2025-11-06 21:00:00
18.525,20.177134,2025-11-06 21:00:00
34.45,30.7597,2025-11-06 21:00:00
19.55,16.649105,2025-11-06 21:00:00
26.525,18.177061,2025-11-06 21:00:00
17.55,15.257324,2025-11-06 22:00:00
30.825000000000003,27.012165,2025-11-06 22:00:00
21.15,18.667032,2025-11-06 22:00:00
12.175,7.509569,2025-11-06 22:00:00
28.425,15.540822,2025-11-06 22:00:00
18.875,18.745968,2025-11-06 23:00:00
30.775,23.98197,2025-11-06 23:00:00
17.125,15.733004,2025-11-06 23:00:00
11.55,7.110291,2025-11-06 23:00:00
29.55,13.883216,2025-11-06 23:00:00
17.7,17.430538,2025-11-07 00:00:00
10.775,7.6579304,2025-11-07 00:00:00
31.475,22.057125,2025-11-07 00:00:00
15.475,14.821817,2025-11-07 00:00:00
28.0,14.646702,2025-11-07 00:00:00
10.3,8.571753,2025-11-07 01:00:00
25.05,15.074688,2025-11-07 01:00:00
29.1,23.372896,2025-11-07 01:00:00
14.725,14.299756,2025-11-07 01:00:00
15.3,16.556623,2025-11-07 01:00:00
18.925,14.206751,2025-11-07 02:00:00
32.225,25.308456,2025-11-07 02:00:00
14.475,18.378227,2025-11-07 02:00:00
24.775,16.491732,2025-11-07 02:00:00
10.85,10.760313,2025-11-07 02:00:00
13.55,17.577156,2025-11-07 03:00:00
22.675,14.413921,2025-11-07 03:00:00
10.875,12.601772,2025-11-07 03:00:00
33.7,25.052309,2025-11-07 03:00:00
24.05,17.987911,2025-11-07 03:00:00
33.025,25.65391,2025-11-07 04:00:00
22.725,13.321004,2025-11-07 04:00:00
13.75,16.218065,2025-11-07 04:00:00
23.7,20.09331,2025-11-07 04:00:00
11.125,12.669393,2025-11-07 04:00:00
22.2,13.067639,2025-11-07 05:00:00
14.275,16.630327,2025-11-07 05:00:00
20.35,21.263153,2025-11-07 05:00:00
12.375,11.75177,2025-11-07 05:00:00
33.2,21.06414,2025-11-07 05:00:00
22.95,12.693351,2025-11-07 06:00:00
13.3,11.455562,2025-11-07 06:00:00
11.2,16.83223,2025-11-07 06:00:00
17.4,21.476595,2025-11-07 06:00:00
34.8,21.35105,2025-11-07 06:00:00
7.966666666666666,15.323246,2025-11-07 07:00:00
35.1,20.680243,2025-11-07 07:00:00
10.9,10.853686,2025-11-07 07:00:00
22.700000000000003,10.909348,2025-11-07 07:00:00
15.175,22.266485,2025-11-07 07:00:00
9.05,12.44233,2025-11-07 08:00:00
42.35,22.757816,2025-11-07 08:00:00
21.825,13.257307,2025-11-07 08:00:00
14.275,15.899443,2025-11-07 08:00:00
4.825,14.706832,2025-11-07 08:00:00
8.1,12.811544,2025-11-07 09:00:00
38.175,22.069527,2025-11-07 09:00:00
21.825,14.434445,2025-11-07 09:00:00
12.75,15.719552,2025-11-07 09:00:00
1.975,12.550224,2025-11-07 09:00:00
40.675,22.338888,2025-11-07 10:00:00
14.6,13.022428,2025-11-07 10:00:00
5.475,12.458274,2025-11-07 10:00:00
5.775,11.444387,2025-11-07 10:00:00
12.525,14.446463,2025-11-07 10:00:00
4.825,11.99412,2025-11-07 11:00:00
13.475,14.382837,2025-11-07 11:00:00
3.625,9.789266,2025-11-07 11:00:00
14.4,14.563603,2025-11-07 11:00:00
40.75,22.794086,2025-11-07 11:00:00
2.0,12.005186,2025-11-07 12:00:00
8.275,10.884817,2025-11-07 12:00:00
40.4,25.148619,2025-11-07 12:00:00
16.475,17.626585,2025-11-07 12:00:00
15.025,13.729085,2025-11-07 12:00:00
0.95,11.036348,2025-11-07 13:00:00
15.125,15.638224,2025-11-07 13:00:00
39.725,27.986639,2025-11-07 13:00:00
7.6,9.518445,2025-11-07 13:00:00
21.825,21.080286,2025-11-07 13:00:00
15.4,15.784538,2025-11-07 14:00:00
43.65,29.821672,2025-11-07 14:00:00
4.875,10.763086,2025-11-07 14:00:00
25.15,24.172777,2025-11-07 14:00:00
0.575,12.054231,2025-11-07 14:00:00
27.1,27.091694,2025-11-07 15:00:00
0.575,11.108087,2025-11-07 15:00:00
14.775,13.750816,2025-11-07 15:00:00
3.266666666666667,11.184668,2025-11-07 15:00:00
41.875,32.232643,2025-11-07 15:00:00
43.425,32.92935,2025-11-07 16:00:00
28.675,31.56554,2025-11-07 16:00:00
0.575,9.956116,2025-11-07 16:00:00
14.275,15.43523,2025-11-07 16:00:00
1.25,12.031846,2025-11-07 16:00:00
26.125,24.775448,2025-11-07 17:00:00
40.8,36.442913,2025-11-07 17:00:00
0.9,12.92597,2025-11-07 17:00:00
0.575,10.715921,2025-11-07 17:00:00
14.433333333333332,14.453289,2025-11-07 17:00:00
44.3,36.793877,2025-11-07 18:00:00
10.466666666666669,8.858271,2025-11-07 18:00:00
1.6,17.939514,2025-11-07 18:00:00
12.175,15.672693,2025-11-07 18:00:00
21.7,21.54314,2025-11-07 18:00:00
11.475,10.820148,2025-11-07 19:00:00
3.25,27.051361,2025-11-07 19:00:00
42.825,32.70903,2025-11-07 19:00:00
11.475,15.375749,2025-11-07 19:00:00
21.95,21.953794,2025-11-07 19:00:00
40.1,30.970888,2025-11-07 20:00:00
14.525,23.865822,2025-11-07 20:00:00
11.825,13.966078,2025-11-07 20:00:00
2.9,21.9354,2025-11-07 20:00:00
10.925,9.12969,2025-11-07 20:00:00
10.0,6.7792497,2025-11-07 21:00:00
38.025,32.239586,2025-11-07 21:00:00
12.525,15.307678,2025-11-07 21:00:00
5.3,19.405815,2025-11-07 21:00:00
15.875,21.240461,2025-11-07 21:00:00
19.1,15.0421095,2025-11-07 22:00:00
34.825,32.212963,2025-11-07 22:00:00
10.275,14.203669,2025-11-07 22:00:00
2.266666666666667,17.826733,2025-11-07 22:00:00
9.125,6.480169,2025-11-07 22:00:00
35.675,28.460901,2025-11-07 23:00:00
8.924999999999999,12.981067,2025-11-07 23:00:00
3.333333333333333,18.449095,2025-11-07 23:00:00
7.675,5.077491,2025-11-07 23:00:00
19.525,16.70162,2025-11-07 23:00:00
33.175,26.432734,2025-11-08 00:00:00
8.225,12.653343,2025-11-08 00:00:00
0.9,10.708301,2025-11-08 00:00:00
18.425,20.278465,2025-11-08 00:00:00
7.475,4.566152,2025-11-08 00:00:00
7.525,13.568363,2025-11-08 01:00:00
19.825000000000003,16.706938,2025-11-08 01:00:00
6.225,6.318749,2025-11-08 01:00:00
29.525,26.930984,2025-11-08 01:00:00
0.9,7.518017,2025-11-08 01:00:00
6.175,7.6180444,2025-11-08 02:00:00
5.25,14.184698,2025-11-08 02:00:00
0.9,11.599442,2025-11-08 02:00:00
31.05,25.916471,2025-11-08 02:00:00
21.3,15.806867,2025-11-08 02:00:00
31.0,26.734293,2025-11-08 03:00:00
5.95,13.395859,2025-11-08 03:00:00
0.4499999999999999,7.0721526,2025-11-08 03:00:00
6.575,7.750848,2025-11-08 03:00:00
27.1,12.513171,2025-11-08 03:00:00
32.8,14.99884,2025-11-08 04:00:00
42.275,29.440653,2025-11-08 04:00:00
2.05,12.275664,2025-11-08 04:00:00
7.725,13.867765,2025-11-08 04:00:00
9.625,7.911992,2025-11-08 04:00:00
12.925,9.115043,2025-11-08 05:00:00
6.025,13.756514,2025-11-08 05:00:00
41.85,30.624495,2025-11-08 05:00:00
32.575,17.562164,2025-11-08 05:00:00
27.066666666666663,13.516752,2025-11-08 05:00:00
43.55,31.621262,2025-11-08 06:00:00
18.575,10.748705,2025-11-08 06:00:00
22.425,14.499042,2025-11-08 06:00:00
10.2,13.582168,2025-11-08 06:00:00
29.375,20.814096,2025-11-08 06:00:00
14.425,8.2403345,2025-11-08 07:00:00
31.85,17.977333,2025-11-08 07:00:00
23.275,12.603573,2025-11-08 07:00:00
12.375,12.649786,2025-11-08 07:00:00
44.275,30.793015,2025-11-08 07:00:00
8.575,7.576545,2025-11-08 08:00:00
12.525,11.0661955,2025-11-08 08:00:00
41.475,30.714949,2025-11-08 08:00:00
32.925,17.050787,2025-11-08 08:00:00
24.025,12.684491,2025-11-08 08:00:00
7.125,7.4842157,2025-11-08 09:00:00
27.2,12.122133,2025-11-08 09:00:00
29.45,17.93104,2025-11-08 09:00:00
41.875,28.07901,2025-11-08 09:00:00
12.2,10.689614,2025-11-08 09:00:00
5.35,9.389976,2025-11-08 10:00:00
31.325000000000003,14.755497,2025-11-08 10:00:00
29.45,17.52218,2025-11-08 10:00:00
15.175,10.305111,2025-11-08 10:00:00
42.675,20.892105,2025-11-08 10:00:00
26.875,15.961177,2025-11-08 11:00:00
16.225,9.786238,2025-11-08 11:00:00
8.4,9.55892,2025-11-08 11:00:00
30.15,20.679707,2025-11-08 11:00:00
43.650000000000006,25.323204,2025-11-08 11:00:00
23.875,13.982631,2025-11-08 12:00:00
16.025,9.192461,2025-11-08 12:00:00
33.3,19.788137,2025-11-08 12:00:00
19.5,9.371406,2025-11-08 12:00:00
43.75,31.551138,2025-11-08 12:00:00
35.85,17.755163,2025-11-08 13:00:00
43.425,21.15232,2025-11-08 13:00:00
40.05,30.805983,2025-11-08 13:00:00
16.625,11.489079,2025-11-08 13:00:00
20.475,11.189892,2025-11-08 13:00:00
19.475,10.866217,2025-11-08 14:00:00
10.875,10.927825,2025-11-08 14:00:00
47.425,24.743378,2025-11-08 14:00:00
42.0,30.994915,2025-11-08 14:00:00
31.875,19.235622,2025-11-08 14:00:00
32.175,21.655077,2025-11-08 15:00:00
17.625,10.586743,2025-11-08 15:00:00
41.9,38.067852,2025-11-08 15:00:00
51.55,29.181698,2025-11-08 15:00:00
8.2,11.904755,2025-11-08 15:00:00
41.125,36.423992,2025-11-08 16:00:00
51.475,25.799356,2025-11-08 16:00:00
16.775,8.851285,2025-11-08 16:00:00
37.6,25.400015,2025-11-08 16:00:00
8.55,10.175323,2025-11-08 16:00:00
15.375,9.656585,2025-11-08 17:00:00
41.025000000000006,40.007656,2025-11-08 17:00:00
34.275,21.78789,2025-11-08 17:00:00
37.975,31.13603,2025-11-08 17:00:00
8.166666666666666,10.998244,2025-11-08 17:00:00
19.775,29.93157,2025-11-08 18:00:00
40.475,22.870337,2025-11-08 18:00:00
40.1,34.964428,2025-11-08 18:00:00
15.7,9.829655,2025-11-08 18:00:00
10.825,14.928557,2025-11-08 18:00:00
23.275,34.216568,2025-11-08 19:00:00
12.525,16.52782,2025-11-08 19:00:00
43.375,26.837715,2025-11-08 19:00:00
41.025,34.044594,2025-11-08 19:00:00
16.125,10.4914465,2025-11-08 19:00:00
11.35,14.391206,2025-11-08 20:00:00
44.9,30.781708,2025-11-08 20:00:00
15.5,11.144199,2025-11-08 20:00:00
24.025,35.08524,2025-11-08 20:00:00
35.0,35.68504,2025-11-08 20:00:00
29.15,30.662739,2025-11-08 21:00:00
10.225,12.345314,2025-11-08 21:00:00
14.0,10.347647,2025-11-08 21:00:00
25.95,27.09378,2025-11-08 21:00:00
43.75,33.01042,2025-11-08 21:00:00
13.6,8.805391,2025-11-08 22:00:00
11.775,8.573814,2025-11-08 22:00:00
26.825,27.344414,2025-11-08 22:00:00
42.575,30.917501,2025-11-08 22:00:00
26.425,21.156319,2025-11-08 22:00:00
28.575,18.496454,2025-11-08 23:00:00
14.7,7.4444594,2025-11-08 23:00:00
41.05,31.0285,2025-11-08 23:00:00
25.8,30.298866,2025-11-08 23:00:00
10.425,6.902597,2025-11-08 23:00:00
14.925,7.134521,2025-11-09 00:00:00
23.475,23.525118,2025-11-09 00:00:00
25.225,21.379921,2025-11-09 00:00:00
10.85,8.718436,2025-11-09 00:00:00
37.975,27.09836,2025-11-09 00:00:00
37.175,25.633194,2025-11-09 01:00:00
15.35,7.976506,2025-11-09 01:00:00
23.3,22.558735,2025-11-09 01:00:00
9.725,7.637024,2025-11-09 01:00:00
20.9,18.444704,2025-11-09 01:00:00
24.3,25.945719,2025-11-09 02:00:00
13.975,8.606832,2025-11-09 02:00:00
23.225,24.333368,2025-11-09 02:00:00
36.3,29.43292,2025-11-09 02:00:00
10.1,11.863588,2025-11-09 02:00:00
11.3,12.029352,2025-11-09 03:00:00
22.5,22.084745,2025-11-09 03:00:00
10.133333333333333,25.779566,2025-11-09 03:00:00
46.9,31.935728,2025-11-09 03:00:00
12.75,10.579311,2025-11-09 03:00:00
14.175,11.647578,2025-11-09 04:00:00
14.725,24.794016,2025-11-09 04:00:00
48.925,31.36523,2025-11-09 04:00:00
20.3,23.180197,2025-11-09 04:00:00
11.75,11.663663,2025-11-09 04:00:00
12.3,13.208037,2025-11-09 05:00:00
13.775,12.913884,2025-11-09 05:00:00
43.75,32.173607,2025-11-09 05:00:00
17.85,24.33882,2025-11-09 05:00:00
16.475,26.477062,2025-11-09 05:00:00
13.725,13.227219,2025-11-09 06:00:00
12.45,26.598726,2025-11-09 06:00:00
44.875,31.737448,2025-11-09 06:00:00
15.75,25.774164,2025-11-09 06:00:00
14.025,12.614086,2025-11-09 06:00:00
9.075,24.938646,2025-11-09 07:00:00
11.975,12.989974,2025-11-09 07:00:00
15.35,22.357183,2025-11-09 07:00:00
43.95,38.38541,2025-11-09 07:00:00
13.55,13.872694,2025-11-09 07:00:00
45.125,32.332287,2025-11-09 08:00:00
12.6,13.197956,2025-11-09 08:00:00
10.825,13.879534,2025-11-09 08:00:00
13.275,20.522833,2025-11-09 08:00:00
6.85,21.832262,2025-11-09 08:00:00
5.166666666666667,22.825184,2025-11-09 09:00:00
42.95,32.482628,2025-11-09 09:00:00
12.275,12.9293165,2025-11-09 09:00:00
11.525,18.96207,2025-11-09 09:00:00
10.0,13.71514,2025-11-09 09:00:00
8.925,12.356509,2025-11-09 10:00:00
11.35,19.213036,2025-11-09 10:00:00
4.55,19.280508,2025-11-09 10:00:00
13.225,11.565062,2025-11-09 10:00:00
43.425,31.998587,2025-11-09 10:00:00
43.15,26.871555,2025-11-09 11:00:00
13.75,14.15145,2025-11-09 11:00:00
13.733333333333334,10.674531,2025-11-09 11:00:00
7.15,11.901119,2025-11-09 11:00:00
8.350000000000001,14.648027,2025-11-09 11:00:00
5.975,11.011613,2025-11-09 12:00:00
13.675,19.87159,2025-11-09 12:00:00
44.85,30.565063,2025-11-09 12:00:00
14.225,11.503129,2025-11-09 12:00:00
5.25,17.289051,2025-11-09 12:00:00
14.525,11.915087,2025-11-09 13:00:00
16.325,27.288616,2025-11-09 13:00:00
46.825,28.250397,2025-11-09 13:00:00
5.7,12.55966,2025-11-09 13:00:00
5.266666666666667,15.680847,2025-11-09 13:00:00
4.825,13.206715,2025-11-09 14:00:00
46.375,38.270443,2025-11-09 14:00:00
18.075,26.170197,2025-11-09 14:00:00
16.8,17.548307,2025-11-09 14:00:00
4.875,12.233306,2025-11-09 14:00:00
47.9,35.44882,2025-11-09 15:00:00
17.45,17.010061,2025-11-09 15:00:00
0.95,13.764644,2025-11-09 15:00:00
4.45,13.05697,2025-11-09 15:00:00
17.525,29.331242,2025-11-09 15:00:00
18.175,33.248535,2025-11-09 16:00:00
1.8,12.202886,2025-11-09 16:00:00
48.075,35.321606,2025-11-09 16:00:00
16.85,15.102731,2025-11-09 16:00:00
3.3,12.459399,2025-11-09 16:00:00
18.625,34.27936,2025-11-09 17:00:00
18.3,22.486713,2025-11-09 17:00:00
2.15,13.75617,2025-11-09 17:00:00
48.35,34.566513,2025-11-09 17:00:00
1.5666666666666669,11.255825,2025-11-09 17:00:00
11.0,13.859758,2025-11-09 18:00:00
48.925,32.136883,2025-11-09 18:00:00
14.233333333333334,13.402115,2025-11-09 18:00:00
21.25,30.410135,2025-11-09 18:00:00
21.375,26.828093,2025-11-09 18:00:00
16.6,10.736324,2025-11-09 19:00:00
45.925,34.895554,2025-11-09 19:00:00
15.275,14.517054,2025-11-09 19:00:00
22.15,33.674828,2025-11-09 19:00:00
27.275,34.24162,2025-11-09 19:00:00
45.0,33.031986,2025-11-09 20:00:00
21.950000000000003,36.73086,2025-11-09 20:00:00
14.85,12.143644,2025-11-09 20:00:00
16.275,8.503815,2025-11-09 20:00:00
24.75,23.277132,2025-11-09 20:00:00
14.666666666666666,7.5356593,2025-11-09 21:00:00
44.3,38.640957,2025-11-09 21:00:00
18.575,23.532457,2025-11-09 21:00:00
14.4,12.1709385,2025-11-09 21:00:00
25.275,18.968006,2025-11-09 21:00:00
14.325,6.248216,2025-11-09 22:00:00
49.0,34.46706,2025-11-09 22:00:00
26.6,11.830412,2025-11-09 22:00:00
11.9,11.728978,2025-11-09 22:00:00
18.625,21.688679,2025-11-09 22:00:00
10.825,10.720324,2025-11-09 23:00:00
45.575,38.171967,2025-11-09 23:00:00
14.975,18.261702,2025-11-09 23:00:00
28.1,12.543359,2025-11-09 23:00:00
13.85,5.182846,2025-11-09 23:00:00
15.875,17.009228,2025-11-10 00:00:00
27.675,17.372366,2025-11-10 00:00:00
37.975,38.768124,2025-11-10 00:00:00
13.45,5.997985,2025-11-10 00:00:00
10.8,9.130319,2025-11-10 00:00:00
13.375,7.787046,2025-11-10 01:00:00
15.425,16.832798,2025-11-10 01:00:00
41.25,39.407623,2025-11-10 01:00:00
28.6,17.06562,2025-11-10 01:00:00
10.25,8.540338,2025-11-10 01:00:00
8.5,11.316589,2025-11-10 02:00:00
13.475,10.716777,2025-11-10 02:00:00
27.8,17.709692,2025-11-10 02:00:00
39.475,38.781826,2025-11-10 02:00:00
15.575,12.681041,2025-11-10 02:00:00
19.4,15.076403,2025-11-10 03:00:00
8.65,12.257111,2025-11-10 03:00:00
28.125,18.738022,2025-11-10 03:00:00
14.85,12.053987,2025-11-10 03:00:00
49.275,41.65781,2025-11-10 03:00:00
15.9,13.623829,2025-11-10 04:00:00
29.225,18.293613,2025-11-10 04:00:00
46.7,41.613876,2025-11-10 04:00:00
10.025,12.02604,2025-11-10 04:00:00
17.7,14.939005,2025-11-10 04:00:00
27.225,19.8068,2025-11-10 05:00:00
10.825,12.226529,2025-11-10 05:00:00
20.9,15.882478,2025-11-10 05:00:00
15.8,13.633848,2025-11-10 05:00:00
48.875,40.868423,2025-11-10 05:00:00
50.1,43.48878,2025-11-10 06:00:00
17.5,13.955171,2025-11-10 06:00:00
26.2,17.706488,2025-11-10 06:00:00
17.85,13.774373,2025-11-10 06:00:00
19.225,11.064578,2025-11-10 06:00:00
23.475,11.793903,2025-11-10 07:00:00
16.225,15.258061,2025-11-10 07:00:00
49.9,41.519478,2025-11-10 07:00:00
18.25,14.061522,2025-11-10 07:00:00
25.2,18.975603,2025-11-10 07:00:00
22.975,10.014286,2025-11-10 08:00:00
24.35,20.836384,2025-11-10 08:00:00
16.8,13.684681,2025-11-10 08:00:00
18.725,13.720818,2025-11-10 08:00:00
49.325,34.736115,2025-11-10 08:00:00
48.575,31.77007,2025-11-10 09:00:00
17.174999999999997,12.938916,2025-11-10 09:00:00
18.1,13.225784,2025-11-10 09:00:00
22.9,9.891229,2025-11-10 09:00:00
24.375,19.734077,2025-11-10 09:00:00
13.35,11.572017,2025-11-10 10:00:00
48.2,37.122715,2025-11-10 10:00:00
25.475,21.227268,2025-11-10 10:00:00
22.4,9.697944,2025-11-10 10:00:00
19.175,14.608924,2025-11-10 10:00:00
47.1,35.422256,2025-11-10 11:00:00
10.625,11.952046,2025-11-10 11:00:00
2.2,8.913765,2025-11-10 11:00:00
16.875,16.08327,2025-11-10 11:00:00
27.2,18.308456,2025-11-10 11:00:00
11.425,11.652164,2025-11-10 12:00:00
15.575,17.042791,2025-11-10 12:00:00
0.9,9.362984,2025-11-10 12:00:00
30.175,21.143778,2025-11-10 12:00:00
49.75,44.81263,2025-11-10 12:00:00
35.975,21.463697,2025-11-10 13:00:00
52.375,39.44505,2025-11-10 13:00:00
1.2,10.277357,2025-11-10 13:00:00
10.2,15.60558,2025-11-10 13:00:00
12.3,16.133339,2025-11-10 13:00:00
11.575,15.813369,2025-11-10 14:00:00
41.2,24.862059,2025-11-10 14:00:00
1.2,12.922083,2025-11-10 14:00:00
9.75,14.078176,2025-11-10 14:00:00
51.2,41.786335,2025-11-10 14:00:00
20.9,14.108267,2025-11-10 15:00:00
12.575,16.254898,2025-11-10 15:00:00
41.2,33.04569,2025-11-10 15:00:00
50.375,46.489677,2025-11-10 15:00:00
9.125,14.223619,2025-11-10 15:00:00
11.025,18.119902,2025-11-10 16:00:00
21.5,12.69955,2025-11-10 16:00:00
50.625,48.720093,2025-11-10 16:00:00
41.325,33.358295,2025-11-10 16:00:00
6.575,13.721518,2025-11-10 16:00:00
25.25,12.714416,2025-11-10 17:00:00
53.075,42.441593,2025-11-10 17:00:00
21.6,13.4401045,2025-11-10 17:00:00
12.575,16.957079,2025-11-10 17:00:00
33.5,29.276731,2025-11-10 17:00:00
17.666666666666668,11.518134,2025-11-10 18:00:00
51.3,40.668713,2025-11-10 18:00:00
20.0,33.351345,2025-11-10 18:00:00
16.45,12.465813,2025-11-10 18:00:00
11.525,21.720966,2025-11-10 18:00:00
15.65,9.186258,2025-11-10 19:00:00
21.8,27.77834,2025-11-10 19:00:00
52.525,41.82059,2025-11-10 19:00:00
10.9,24.71573,2025-11-10 19:00:00
13.775,13.964192,2025-11-10 19:00:00
13.525,11.05969,2025-11-10 20:00:00
12.325,23.980919,2025-11-10 20:00:00
53.075,41.643585,2025-11-10 20:00:00
22.85,29.688234,2025-11-10 20:00:00
11.55,8.84793,2025-11-10 20:00:00
25.125,25.800467,2025-11-10 21:00:00
8.375,7.4860334,2025-11-10 21:00:00
10.375,20.195988,2025-11-10 21:00:00
13.425,14.156667,2025-11-10 21:00:00
52.05,41.392887,2025-11-10 21:00:00
7.675000000000001,7.2186522,2025-11-10 22:00:00
10.95,15.690506,2025-11-10 22:00:00
49.575,43.85909,2025-11-10 22:00:00
19.225,21.78491,2025-11-10 22:00:00
6.15,10.2471075,2025-11-10 22:00:00
2.075,12.270975,2025-11-10 23:00:00
52.45,41.408195,2025-11-10 23:00:00
10.7,15.37938,2025-11-10 23:00:00
6.3,8.402275,2025-11-10 23:00:00
16.575,21.872492,2025-11-10 23:00:00
49.3,40.93373,2025-11-11 00:00:00
10.475,17.016306,2025-11-11 00:00:00
14.3,23.368176,2025-11-11 00:00:00
2.05,12.744942,2025-11-11 00:00:00
4.4,10.313314,2025-11-11 00:00:00
14.3,19.906294,2025-11-11 01:00:00
5.1,12.859074,2025-11-11 01:00:00
49.25,41.96721,2025-11-11 01:00:00
2.225,12.55795,2025-11-11 01:00:00
10.625,12.584595,2025-11-11 01:00:00
14.3,15.920799,2025-11-11 02:00:00
9.9,14.774332,2025-11-11 02:00:00
52.875,41.512054,2025-11-11 02:00:00
10.325,12.005893,2025-11-11 02:00:00
5.275,12.19675,2025-11-11 02:00:00
14.875,10.755138,2025-11-11 03:00:00
46.125,40.88416,2025-11-11 03:00:00
10.275,12.957972,2025-11-11 03:00:00
3.55,11.934369,2025-11-11 03:00:00
14.3,22.545822,2025-11-11 03:00:00
4.375,12.488625,2025-11-11 04:00:00
12.7,12.47505,2025-11-11 04:00:00
47.5,38.503014,2025-11-11 04:00:00
15.975,11.27834,2025-11-11 04:00:00
16.325000000000003,10.515576,2025-11-11 05:00:00
43.175,35.48795,2025-11-11 05:00:00
4.275,10.531258,2025-11-11 05:00:00
16.45,12.81706,2025-11-11 05:00:00
13.3,10.666682,2025-11-11 06:00:00
2.65,11.490767,2025-11-11 06:00:00
44.35,35.896,2025-11-11 06:00:00
15.7,14.71725,2025-11-11 06:00:00
11.475,9.954791,2025-11-11 07:00:00
18.6,13.934524,2025-11-11 07:00:00
49.15,33.88202,2025-11-11 07:00:00
1.3,9.9569845,2025-11-11 07:00:00
1.975,10.036592,2025-11-11 08:00:00
46.925,31.782267,2025-11-11 08:00:00
11.325,9.913374,2025-11-11 08:00:00
18.433333333333334,10.942157,2025-11-11 08:00:00
11.025,8.753844,2025-11-11 09:00:00
2.65,9.144047,2025-11-11 09:00:00
46.125,34.842186,2025-11-11 09:00:00
20.075,11.324601,2025-11-11 09:00:00
25.425,11.525113,2025-11-11 10:00:00
1.175,8.362887,2025-11-11 10:00:00
43.425,36.564434,2025-11-11 10:00:00
20.675,10.113774,2025-11-11 10:00:00
1.175,8.880293,2025-11-11 11:00:00
24.675,9.546372,2025-11-11 11:00:00
29.875,11.216934,2025-11-11 11:00:00
41.7,34.477283,2025-11-11 11:00:00
24.6,10.946854,2025-11-11 12:00:00
45.275,33.554268,2025-11-11 12:00:00
28.25,11.450772,2025-11-11 12:00:00
8.9,5.85234,2025-11-11 12:00:00
24.75,10.290064,2025-11-11 13:00:00
26.425,11.799473,2025-11-11 13:00:00
47.7,36.549126,2025-11-11 13:00:00
22.45,5.836415,2025-11-11 13:00:00
21.55,6.529204,2025-11-11 14:00:00
49.15,37.970943,2025-11-11 14:00:00
27.225,13.404808,2025-11-11 14:00:00
13.0,10.995422,2025-11-11 14:00:00
30.9,14.949156,2025-11-11 15:00:00
50.675,42.144703,2025-11-11 15:00:00
7.25,11.242529,2025-11-11 15:00:00
17.25,5.650899,2025-11-11 15:00:00
7.65,11.949197,2025-11-11 16:00:00
39.55,30.142298,2025-11-11 16:00:00
37.175,16.765081,2025-11-11 16:00:00
16.025,3.8492994,2025-11-11 16:00:00
48.875,42.393127,2025-11-11 16:00:00
8.366666666666667,14.735506,2025-11-11 17:00:00
38.225,20.173328,2025-11-11 17:00:00
16.8,7.7525697,2025-11-11 17:00:00
49.6,39.97207,2025-11-11 17:00:00
43.025,33.077496,2025-11-11 17:00:00
25.03333333333333,7.8026752,2025-11-11 18:00:00
17.675,17.874632,2025-11-11 18:00:00
34.725,24.994022,2025-11-11 18:00:00
49.15,37.366844,2025-11-11 18:00:00
47.375,32.116913,2025-11-11 18:00:00
52.45,28.919193,2025-11-11 19:00:00
26.4,10.072721,2025-11-11 19:00:00
32.425,27.583391,2025-11-11 19:00:00
21.7,16.333754,2025-11-11 19:00:00
50.075,32.844208,2025-11-11 19:00:00
19.45,10.887974,2025-11-11 20:00:00
27.7,26.953077,2025-11-11 20:00:00
20.975,15.199743,2025-11-11 20:00:00
51.25,32.71035,2025-11-11 20:00:00
54.45,28.25471,2025-11-11 20:00:00
16.25,6.9272623,2025-11-11 21:00:00
20.2,11.828605,2025-11-11 21:00:00
51.45,29.39529,2025-11-11 21:00:00
59.5,28.45874,2025-11-11 21:00:00
27.025,26.772686,2025-11-11 21:00:00
27.15,24.209259,2025-11-11 22:00:00
51.25,29.115242,2025-11-11 22:00:00
15.875,10.461504,2025-11-11 22:00:00
60.1,20.269314,2025-11-11 22:00:00
14.225,7.2570863,2025-11-11 22:00:00
27.375,19.391731,2025-11-11 23:00:00
12.425,7.040029,2025-11-11 23:00:00
13.575,9.04035,2025-11-11 23:00:00
55.575,29.82648,2025-11-11 23:00:00
58.575,21.684275,2025-11-11 23:00:00
10.05,9.7472515,2025-11-12 00:00:00
56.025,23.498388,2025-11-12 00:00:00
13.375,9.499137,2025-11-12 00:00:00
26.95,21.739338,2025-11-12 00:00:00
53.325,31.233095,2025-11-12 00:00:00
52.925,30.99733,2025-11-12 01:00:00
13.65,11.103262,2025-11-12 01:00:00
27.275,25.323162,2025-11-12 01:00:00
11.65,9.344363,2025-11-12 01:00:00
52.675,38.537785,2025-11-12 01:00:00
55.73333333333333,31.930754,2025-11-12 02:00:00
12.6,10.14585,2025-11-12 02:00:00
11.3,12.655844,2025-11-12 02:00:00
27.85,21.798668,2025-11-12 02:00:00
49.875,41.915916,2025-11-12 02:00:00
48.3,39.562614,2025-11-12 03:00:00
10.875,14.427116,2025-11-12 03:00:00
58.73333333333333,36.74635,2025-11-12 03:00:00
30.4,21.029835,2025-11-12 03:00:00
12.275,10.323821,2025-11-12 03:00:00
57.325,39.96223,2025-11-12 04:00:00
12.75,14.718198,2025-11-12 04:00:00
50.8,41.308178,2025-11-12 04:00:00
14.525,11.008221,2025-11-12 04:00:00
32.85,22.988388,2025-11-12 04:00:00
16.75,11.286699,2025-11-12 05:00:00
13.675,16.881462,2025-11-12 05:00:00
48.325,41.00325,2025-11-12 05:00:00
52.1,39.11935,2025-11-12 05:00:00
33.025,25.527487,2025-11-12 05:00:00
54.925,37.178066,2025-11-12 06:00:00
34.625,25.659803,2025-11-12 06:00:00
20.05,14.026709,2025-11-12 06:00:00
18.3,10.960951,2025-11-12 06:00:00
47.375,38.957256,2025-11-12 06:00:00
19.425,9.441186,2025-11-12 07:00:00
24.4,14.203793,2025-11-12 07:00:00
48.65,33.975487,2025-11-12 07:00:00
38.625,27.760588,2025-11-12 07:00:00
55.125,31.9278,2025-11-12 07:00:00
49.45,33.331676,2025-11-12 08:00:00
46.675,38.27578,2025-11-12 08:00:00
23.125,13.1424465,2025-11-12 08:00:00
15.35,10.7975855,2025-11-12 08:00:00
35.175,25.960112,2025-11-12 08:00:00
52.0,33.31249,2025-11-12 09:00:00
11.25,12.588753,2025-11-12 09:00:00
37.9,26.914177,2025-11-12 09:00:00
36.9,39.91301,2025-11-12 09:00:00
22.7,11.801137,2025-11-12 09:00:00
10.0,10.795239,2025-11-12 10:00:00
28.3,36.87685,2025-11-12 10:00:00
19.175,12.220804,2025-11-12 10:00:00
30.625,32.457558,2025-11-12 10:00:00
55.875,34.72167,2025-11-12 10:00:00
27.775,28.055708,2025-11-12 11:00:00
11.0,9.858795,2025-11-12 11:00:00
20.0,38.586533,2025-11-12 11:00:00
13.975,11.453625,2025-11-12 11:00:00
48.775,28.380234,2025-11-12 11:00:00
31.65,46.286278,2025-11-12 12:00:00
13.15,13.6303625,2025-11-12 12:00:00
9.375,11.050625,2025-11-12 12:00:00
50.96666666666666,31.745462,2025-11-12 12:00:00
29.975,28.761623,2025-11-12 12:00:00
51.5,56.55563,2025-11-12 13:00:00
28.175,32.31852,2025-11-12 13:00:00
7.775,14.988291,2025-11-12 13:00:00
13.225,14.098228,2025-11-12 13:00:00
50.725,42.029877,2025-11-12 13:00:00
33.225,32.39578,2025-11-12 14:00:00
12.65,16.359797,2025-11-12 14:00:00
103.53333333333336,60.56555,2025-11-12 14:00:00
7.05,15.787963,2025-11-12 14:00:00
52.575,43.05065,2025-11-12 14:00:00
108.15,61.77784,2025-11-12 15:00:00
54.65,50.116066,2025-11-12 15:00:00
31.05,33.47732,2025-11-12 15:00:00
12.575,18.89867,2025-11-12 15:00:00
6.375,14.221757,2025-11-12 15:00:00
4.85,13.2587185,2025-11-12 16:00:00
12.375,19.398409,2025-11-12 16:00:00
105.775,49.698963,2025-11-12 16:00:00
31.0,35.105556,2025-11-12 16:00:00
56.6,44.782967,2025-11-12 16:00:00
12.4,17.97321,2025-11-12 17:00:00
2.95,15.128851,2025-11-12 17:00:00
29.575,33.42224,2025-11-12 17:00:00
54.875,45.4151,2025-11-12 17:00:00
83.325,48.66609,2025-11-12 17:00:00
55.875,42.833645,2025-11-12 18:00:00
41.6,42.045387,2025-11-12 18:00:00
17.833333333333332,12.927889,2025-11-12 18:00:00
28.5,32.399857,2025-11-12 18:00:00
15.45,19.658916,2025-11-12 18:00:00
26.125,35.686714,2025-11-12 19:00:00
18.775,10.6464815,2025-11-12 19:00:00
16.6,15.808585,2025-11-12 19:00:00
40.1,48.21659,2025-11-12 19:00:00
53.6,41.807873,2025-11-12 19:00:00
25.925,34.767666,2025-11-12 20:00:00
49.95,44.40479,2025-11-12 20:00:00
38.55,39.969532,2025-11-12 20:00:00
16.700000000000003,9.998835,2025-11-12 20:00:00
16.05,14.101314,2025-11-12 20:00:00
34.125,33.98877,2025-11-12 21:00:00
15.525,11.553104,2025-11-12 21:00:00
52.35,36.04002,2025-11-12 21:00:00
14.55,6.546879,2025-11-12 21:00:00
28.4,34.629642,2025-11-12 21:00:00
56.125,37.5945,2025-11-12 22:00:00
13.4,6.1034074,2025-11-12 22:00:00
26.45,28.209145,2025-11-12 22:00:00
31.7,35.0663,2025-11-12 22:00:00
15.775,11.2766905,2025-11-12 22:00:00
48.525,39.524765,2025-11-12 23:00:00
12.05,6.6503105,2025-11-12 23:00:00
15.55,10.198825,2025-11-12 23:00:00
26.375,36.249554,2025-11-12 23:00:00
28.450000000000003,29.205608,2025-11-12 23:00:00
12.35,6.869193,2025-11-13 00:00:00
23.5,30.456099,2025-11-13 00:00:00
25.9,27.391167,2025-11-13 00:00:00
15.425,8.094232,2025-11-13 00:00:00
41.175,39.16871,2025-11-13 00:00:00
45.225,39.50788,2025-11-13 01:00:00
12.75,7.2521715,2025-11-13 01:00:00
28.675,22.051155,2025-11-13 01:00:00
26.0,33.406563,2025-11-13 01:00:00
15.425,11.354682,2025-11-13 01:00:00
5.825,11.292856,2025-11-13 02:00:00
13.975,11.883957,2025-11-13 02:00:00
31.525,36.282444,2025-11-13 02:00:00
30.175,22.647156,2025-11-13 02:00:00
42.475,38.558136,2025-11-13 02:00:00
36.525,41.06869,2025-11-13 03:00:00
31.725,24.922482,2025-11-13 03:00:00
13.175,12.787896,2025-11-13 03:00:00
49.125,37.918705,2025-11-13 03:00:00
1.825,12.484623,2025-11-13 03:00:00
3.875,14.056946,2025-11-13 04:00:00
14.375,12.757582,2025-11-13 04:00:00
53.075,38.18393,2025-11-13 04:00:00
36.525,36.0058,2025-11-13 04:00:00
35.875,24.535084,2025-11-13 04:00:00
49.025,37.14224,2025-11-13 05:00:00
15.85,13.4124155,2025-11-13 05:00:00
30.275,32.357437,2025-11-13 05:00:00
5.0,13.6144,2025-11-13 05:00:00
32.0,30.234415,2025-11-13 05:00:00
36.26666666666667,31.568151,2025-11-13 06:00:00
13.625,14.905155,2025-11-13 06:00:00
35.975,34.833633,2025-11-13 06:00:00
19.4,14.770033,2025-11-13 06:00:00
48.975,39.73064,2025-11-13 06:00:00
20.325,14.350008,2025-11-13 07:00:00
33.075,27.547148,2025-11-13 07:00:00
49.2,37.531105,2025-11-13 07:00:00
36.26666666666667,28.282934,2025-11-13 07:00:00
18.825000000000003,15.650388,2025-11-13 07:00:00
18.5,13.97997,2025-11-13 08:00:00
30.1,33.07244,2025-11-13 08:00:00
32.0,35.338493,2025-11-13 08:00:00
24.35,14.486029,2025-11-13 08:00:00
36.075,32.52945,2025-11-13 08:00:00
38.3,23.366463,2025-11-13 09:00:00
29.1,12.523194,2025-11-13 09:00:00
51.525,32.287197,2025-11-13 09:00:00
27.725,41.319912,2025-11-13 09:00:00
17.025,11.397275,2025-11-13 09:00:00
34.975,33.95589,2025-11-13 10:00:00
36.4,31.788227,2025-11-13 10:00:00
23.0,29.500801,2025-11-13 10:00:00
18.45,10.600823,2025-11-13 10:00:00
9.3,8.704685,2025-11-13 10:00:00
5.075,9.095829,2025-11-13 11:00:00
24.1,24.071602,2025-11-13 11:00:00
35.075,37.15887,2025-11-13 11:00:00
11.675,10.352404,2025-11-13 11:00:00
15.3,24.954296,2025-11-13 11:00:00
45.95,31.596891,2025-11-13 12:00:00
8.425,10.481858,2025-11-13 12:00:00
4.275,13.390094,2025-11-13 12:00:00
16.475,27.275723,2025-11-13 12:00:00
33.9,32.48711,2025-11-13 12:00:00
8.65,12.568718,2025-11-13 13:00:00
16.875,28.509802,2025-11-13 13:00:00
38.325,36.940514,2025-11-13 13:00:00
56.825,35.791172,2025-11-13 13:00:00
4.0,12.392223,2025-11-13 13:00:00
5.0,13.76326,2025-11-13 14:00:00
53.75,31.913212,2025-11-13 14:00:00
5.45,12.473886,2025-11-13 14:00:00
48.75,42.363796,2025-11-13 14:00:00
14.775,30.158066,2025-11-13 14:00:00
12.025,27.99551,2025-11-13 15:00:00
5.65,13.056933,2025-11-13 15:00:00
45.6,32.06743,2025-11-13 15:00:00
47.9,46.221382,2025-11-13 15:00:00
4.6,15.52782,2025-11-13 15:00:00
2.975,15.263371,2025-11-13 16:00:00
43.95,46.246243,2025-11-13 16:00:00
11.8,24.82836,2025-11-13 16:00:00
5.8,12.859393,2025-11-13 16:00:00
48.55,31.432854,2025-11-13 16:00:00
1.225,14.888954,2025-11-13 17:00:00
8.425,25.193542,2025-11-13 17:00:00
44.175,54.2115,2025-11-13 17:00:00
6.1000000000000005,14.152127,2025-11-13 17:00:00
55.65,35.590527,2025-11-13 17:00:00
45.075,32.23366,2025-11-13 18:00:00
5.775,25.618294,2025-11-13 18:00:00
45.7,46.810604,2025-11-13 18:00:00
7.15,13.607612,2025-11-13 18:00:00
21.366666666666664,11.162357,2025-11-13 18:00:00
38.375,28.884268,2025-11-13 19:00:00
22.425,10.166301,2025-11-13 19:00:00
8.025,10.327163,2025-11-13 19:00:00
7.425,29.572462,2025-11-13 19:00:00
42.825,40.503815,2025-11-13 19:00:00
34.125,30.070717,2025-11-13 20:00:00
20.95,10.045178,2025-11-13 20:00:00
39.9,40.0266,2025-11-13 20:00:00
7.2,9.431939,2025-11-13 20:00:00
9.575,30.009085,2025-11-13 20:00:00
38.575,33.359127,2025-11-13 21:00:00
11.1,28.632376,2025-11-13 21:00:00
7.175,8.974756,2025-11-13 21:00:00
19.025,8.291612,2025-11-13 21:00:00
34.2,33.184822,2025-11-13 21:00:00
10.675,21.745224,2025-11-13 22:00:00
41.1,31.346603,2025-11-13 22:00:00
18.875,7.367207,2025-11-13 22:00:00
10.75,7.9832554,2025-11-13 22:00:00
35.8,29.371101,2025-11-13 22:00:00
12.725,9.315082,2025-11-13 23:00:00
34.675,34.80716,2025-11-13 23:00:00
16.675,7.1897926,2025-11-13 23:00:00
40.075,30.813623,2025-11-13 23:00:00
5.15,16.8575,2025-11-13 23:00:00
15.875,8.602184,2025-11-14 00:00:00
12.475,8.923087,2025-11-14 00:00:00
7.199999999999999,8.261537,2025-11-14 00:00:00
39.15,35.81767,2025-11-14 00:00:00
35.85,37.288136,2025-11-14 00:00:00
6.400000000000001,9.947683,2025-11-14 01:00:00
33.775,36.47621,2025-11-14 01:00:00
15.9,8.447976,2025-11-14 01:00:00
12.375,8.742362,2025-11-14 01:00:00
38.1,34.501827,2025-11-14 01:00:00
15.9,13.912498,2025-11-14 02:00:00
9.933333333333332,7.6906385,2025-11-14 02:00:00
38.05,31.428179,2025-11-14 02:00:00
40.325,32.912228,2025-11-14 02:00:00
12.425,9.138498,2025-11-14 02:00:00
13.15,9.601684,2025-11-14 03:00:00
15.9,15.250954,2025-11-14 03:00:00
38.9,31.22599,2025-11-14 03:00:00
39.9,36.79853,2025-11-14 03:00:00
10.05,10.763372,2025-11-14 03:00:00
44.65,27.756712,2025-11-14 04:00:00
13.45,12.709163,2025-11-14 04:00:00
13.925,10.054582,2025-11-14 04:00:00
39.825,37.847073,2025-11-14 04:00:00
21.15,17.216099,2025-11-14 04:00:00
45.55,27.02414,2025-11-14 05:00:00
18.25,12.052787,2025-11-14 05:00:00
14.175,11.274198,2025-11-14 05:00:00
36.375,38.543026,2025-11-14 05:00:00
20.725,16.006142,2025-11-14 05:00:00
14.625,13.379739,2025-11-14 06:00:00
23.225,16.454473,2025-11-14 06:00:00
20.55,13.049155,2025-11-14 06:00:00
35.325,34.7087,2025-11-14 06:00:00
46.35,28.358532,2025-11-14 06:00:00
36.55,37.152214,2025-11-14 07:00:00
19.1,12.216605,2025-11-14 07:00:00
13.7,14.857256,2025-11-14 07:00:00
45.85,27.261948,2025-11-14 07:00:00
24.175,16.341867,2025-11-14 07:00:00
25.933333333333334,15.838185,2025-11-14 08:00:00
16.175,10.700236,2025-11-14 08:00:00
40.36666666666667,25.795725,2025-11-14 08:00:00
36.65,35.619125,2025-11-14 08:00:00
18.0,12.457571,2025-11-14 08:00:00
11.325,10.88543,2025-11-14 09:00:00
17.35,11.658156,2025-11-14 09:00:00
35.0,35.51295,2025-11-14 09:00:00
25.475,14.442567,2025-11-14 09:00:00
40.36666666666667,24.274958,2025-11-14 09:00:00
35.65,31.595497,2025-11-14 10:00:00
40.36666666666667,24.427862,2025-11-14 10:00:00
14.175,13.045606,2025-11-14 10:00:00
20.05,10.703601,2025-11-14 10:00:00
22.275,14.259436,2025-11-14 10:00:00
40.36666666666667,25.687723,2025-11-14 11:00:00
15.35,15.13435,2025-11-14 11:00:00
33.3,29.724182,2025-11-14 11:00:00
20.7,14.75692,2025-11-14 11:00:00
14.2,12.468412,2025-11-14 11:00:00
9.45,10.892387,2025-11-14 12:00:00
20.05,12.984699,2025-11-14 12:00:00
35.525,28.998745,2025-11-14 12:00:00
13.1,14.672432,2025-11-14 12:00:00
46.16666666666666,29.544342,2025-11-14 12:00:00
32.225,37.80947,2025-11-14 13:00:00
11.05,11.497611,2025-11-14 13:00:00
20.325,13.537138,2025-11-14 13:00:00
11.225,16.190813,2025-11-14 13:00:00
43.325,36.60927,2025-11-14 13:00:00
27.425,13.990722,2025-11-14 14:00:00
10.85,11.213453,2025-11-14 14:00:00
49.3,44.27695,2025-11-14 14:00:00
20.525,37.677456,2025-11-14 14:00:00
10.45,19.148848,2025-11-14 14:00:00
8.5,9.221809,2025-11-14 15:00:00
9.375,17.62598,2025-11-14 15:00:00
52.375,50.32178,2025-11-14 15:00:00
30.875,13.344031,2025-11-14 15:00:00
32.625,37.078587,2025-11-14 15:00:00
68.3,47.23339,2025-11-14 16:00:00
41.0,37.392467,2025-11-14 16:00:00
9.0,21.033308,2025-11-14 16:00:00
9.125,11.568972,2025-11-14 16:00:00
31.15,14.739723,2025-11-14 16:00:00
8.4,19.61624,2025-11-14 17:00:00
6.2,11.884585,2025-11-14 17:00:00
39.7,38.746418,2025-11-14 17:00:00
54.75,49.778732,2025-11-14 17:00:00
31.433333333333334,14.017995,2025-11-14 17:00:00
9.7,16.6026,2025-11-14 18:00:00
60.400000000000006,46.908936,2025-11-14 18:00:00
19.766666666666666,15.323084,2025-11-14 18:00:00
33.75,35.645855,2025-11-14 18:00:00
27.3,15.772434,2025-11-14 18:00:00
21.725,11.952621,2025-11-14 19:00:00
24.875,15.611496,2025-11-14 19:00:00
28.325,34.437748,2025-11-14 19:00:00
63.1,40.00103,2025-11-14 19:00:00
10.7,18.96777,2025-11-14 19:00:00
24.225,14.065728,2025-11-14 20:00:00
60.55,37.35012,2025-11-14 20:00:00
6.975,17.575634,2025-11-14 20:00:00
21.6,10.798461,2025-11-14 20:00:00
24.3,31.987976,2025-11-14 20:00:00
24.225,16.01957,2025-11-14 21:00:00
53.35,33.43383,2025-11-14 21:00:00
3.925,17.731846,2025-11-14 21:00:00
18.675,8.340186,2025-11-14 21:00:00
24.75,34.48231,2025-11-14 21:00:00
16.025,15.16951,2025-11-14 22:00:00
5.075,15.125781,2025-11-14 22:00:00
16.525,8.079737,2025-11-14 22:00:00
55.625,36.02107,2025-11-14 22:00:00
24.125,26.73573,2025-11-14 22:00:00
28.325,29.18791,2025-11-14 23:00:00
53.8,40.33714,2025-11-14 23:00:00
6.975,11.059915,2025-11-14 23:00:00
15.875,8.984452,2025-11-14 23:00:00
11.9,14.642482,2025-11-14 23:00:00
8.35,10.550025,2025-11-15 00:00:00
51.8,38.147713,2025-11-15 00:00:00
15.425,9.551225,2025-11-15 00:00:00
11.55,17.0246,2025-11-15 00:00:00
27.65,28.976406,2025-11-15 00:00:00
14.875,11.853022,2025-11-15 01:00:00
33.55,27.037867,2025-11-15 01:00:00
11.7,16.391544,2025-11-15 01:00:00
6.025,9.067829,2025-11-15 01:00:00
50.775,39.83948,2025-11-15 01:00:00
27.5,25.134893,2025-11-15 02:00:00
52.05,40.130276,2025-11-15 02:00:00
8.0,8.1538105,2025-11-15 02:00:00
16.925,13.924392,2025-11-15 02:00:00
15.9,17.742971,2025-11-15 02:00:00
10.85,10.196744,2025-11-15 03:00:00
17.6,15.270996,2025-11-15 03:00:00
52.475,42.0113,2025-11-15 03:00:00
18.85,16.904167,2025-11-15 03:00:00
25.75,23.713015,2025-11-15 03:00:00
20.05,18.569601,2025-11-15 04:00:00
23.1,24.735498,2025-11-15 04:00:00
18.85,16.701307,2025-11-15 04:00:00
9.4,11.85825,2025-11-15 04:00:00
51.375,44.026936,2025-11-15 04:00:00
21.025,16.706045,2025-11-15 05:00:00
50.6,45.047848,2025-11-15 05:00:00
8.850000000000001,12.9533415,2025-11-15 05:00:00
30.05,24.039026,2025-11-15 05:00:00
18.7,14.627485,2025-11-15 05:00:00
44.475,45.726517,2025-11-15 06:00:00
46.75,19.732409,2025-11-15 06:00:00
19.525,15.835687,2025-11-15 06:00:00
20.95,14.895721,2025-11-15 06:00:00
24.175,11.246616,2025-11-15 06:00:00
38.575,45.478714,2025-11-15 07:00:00
25.4,15.871324,2025-11-15 07:00:00
25.575,10.673867,2025-11-15 07:00:00
47.125,23.84348,2025-11-15 07:00:00
18.2,14.330083,2025-11-15 07:00:00
24.525,10.639957,2025-11-15 08:00:00
47.45,19.95377,2025-11-15 08:00:00
17.625,14.343369,2025-11-15 08:00:00
24.9,14.601117,2025-11-15 08:00:00
37.1,46.081135,2025-11-15 08:00:00
23.1,17.323858,2025-11-15 09:00:00
38.7,43.630764,2025-11-15 09:00:00
16.75,14.997413,2025-11-15 09:00:00
44.8,19.700815,2025-11-15 09:00:00
24.1,9.18253,2025-11-15 09:00:00
20.675,14.077853,2025-11-15 10:00:00
44.425,21.128838,2025-11-15 10:00:00
25.575,10.524697,2025-11-15 10:00:00
22.95,15.388122,2025-11-15 10:00:00
37.55,36.312096,2025-11-15 10:00:00
26.675,15.31037,2025-11-15 11:00:00
24.65,10.253615,2025-11-15 11:00:00
16.7,14.845534,2025-11-15 11:00:00
36.650000000000006,33.224598,2025-11-15 11:00:00
46.325,19.678644,2025-11-15 11:00:00
31.6,11.135769,2025-11-15 12:00:00
26.775,16.898216,2025-11-15 12:00:00
47.075,21.131731,2025-11-15 12:00:00
36.925,37.733074,2025-11-15 12:00:00
15.1,15.072147,2025-11-15 12:00:00
55.55,27.219074,2025-11-15 13:00:00
31.8,13.487129,2025-11-15 13:00:00
14.7,16.667702,2025-11-15 13:00:00
27.45,18.032763,2025-11-15 13:00:00
40.1,47.08143,2025-11-15 13:00:00
105.125,48.589012,2025-11-15 14:00:00
30.4,16.300085,2025-11-15 14:00:00
51.95,35.20966,2025-11-15 14:00:00
14.725,17.488363,2025-11-15 14:00:00
19.475,17.591352,2025-11-15 14:00:00
15.1,17.474407,2025-11-15 15:00:00
28.7,15.295863,2025-11-15 15:00:00
49.275,36.675644,2025-11-15 15:00:00
91.075,52.891132,2025-11-15 15:00:00
13.725,18.638975,2025-11-15 15:00:00
27.55,17.492233,2025-11-15 16:00:00
15.5,17.583673,2025-11-15 16:00:00
10.35,21.222437,2025-11-15 16:00:00
50.775000000000006,40.25444,2025-11-15 16:00:00
91.625,52.81169,2025-11-15 16:00:00
69.1,56.832073,2025-11-15 17:00:00
8.425,19.006742,2025-11-15 17:00:00
15.466666666666669,19.768456,2025-11-15 17:00:00
28.85,20.878063,2025-11-15 17:00:00
53.175,44.932056,2025-11-15 17:00:00
20.6,14.452257,2025-11-15 18:00:00
33.65,48.7852,2025-11-15 18:00:00
17.0,20.5445,2025-11-15 18:00:00
44.75,37.766636,2025-11-15 18:00:00
31.7,22.136127,2025-11-15 18:00:00
32.625,28.970942,2025-11-15 19:00:00
42.725,40.814865,2025-11-15 19:00:00
23.025,12.266869,2025-11-15 19:00:00
17.6,21.728542,2025-11-15 19:00:00
34.2,41.95257,2025-11-15 19:00:00
34.35,40.035275,2025-11-15 20:00:00
41.875,37.69595,2025-11-15 20:00:00
17.25,18.954535,2025-11-15 20:00:00
29.225,28.267675,2025-11-15 20:00:00
22.55,11.063189,2025-11-15 20:00:00
17.1,18.2427,2025-11-15 21:00:00
33.900000000000006,26.44109,2025-11-15 21:00:00
51.7,39.326077,2025-11-15 21:00:00
32.7,31.406713,2025-11-15 21:00:00
21.45,9.134956,2025-11-15 21:00:00
32.3,35.78966,2025-11-15 22:00:00
16.525,13.772998,2025-11-15 22:00:00
31.5,21.625673,2025-11-15 22:00:00
41.975,36.08016,2025-11-15 22:00:00
20.9,8.773254,2025-11-15 22:00:00
36.2,19.50061,2025-11-15 23:00:00
15.6,12.0633135,2025-11-15 23:00:00
32.3,33.556366,2025-11-15 23:00:00
43.05,36.561264,2025-11-15 23:00:00
19.775,9.771914,2025-11-15 23:00:00
15.725,10.506163,2025-11-16 00:00:00
34.875,21.995123,2025-11-16 00:00:00
32.3,42.003155,2025-11-16 00:00:00
44.1,36.036522,2025-11-16 00:00:00
19.6,9.532684,2025-11-16 00:00:00
45.9,37.408604,2025-11-16 01:00:00
34.800000000000004,22.848957,2025-11-16 01:00:00
16.9,12.429744,2025-11-16 01:00:00
32.3,41.185307,2025-11-16 01:00:00
19.425,12.045618,2025-11-16 01:00:00
32.8,20.034027,2025-11-16 02:00:00
47.75,32.227642,2025-11-16 02:00:00
19.3,13.766463,2025-11-16 02:00:00
19.675,15.589368,2025-11-16 02:00:00
26.6,34.184696,2025-11-16 02:00:00
20.475,16.8967,2025-11-16 03:00:00
21.175,14.24969,2025-11-16 03:00:00
34.775,24.508505,2025-11-16 03:00:00
26.875,39.081635,2025-11-16 03:00:00
36.45,38.812645,2025-11-16 03:00:00
22.275,17.137423,2025-11-16 04:00:00
44.675,26.942373,2025-11-16 04:00:00
23.15,15.151495,2025-11-16 04:00:00
38.5,32.928925,2025-11-16 04:00:00
26.675,33.306553,2025-11-16 04:00:00
41.9,29.501497,2025-11-16 05:00:00
41.225,28.997095,2025-11-16 05:00:00
24.95,16.485254,2025-11-16 05:00:00
25.55,16.277018,2025-11-16 05:00:00
26.875,32.749374,2025-11-16 05:00:00
24.825,15.831165,2025-11-16 06:00:00
22.275,16.557127,2025-11-16 06:00:00
45.55,33.960712,2025-11-16 06:00:00
25.85,35.07344,2025-11-16 06:00:00
20.966666666666665,28.368494,2025-11-16 06:00:00
19.2,16.601501,2025-11-16 07:00:00
24.2,31.48889,2025-11-16 07:00:00
44.85,35.438812,2025-11-16 07:00:00
24.525,16.20487,2025-11-16 07:00:00
15.75,30.462288,2025-11-16 07:00:00
17.05,28.914465,2025-11-16 08:00:00
23.35,15.647987,2025-11-16 08:00:00
46.275,31.012283,2025-11-16 08:00:00
107.65,26.047802,2025-11-16 08:00:00
18.525,14.613743,2025-11-16 08:00:00
43.6,19.534264,2025-11-16 09:00:00
18.925,15.480982,2025-11-16 09:00:00
17.9,27.418417,2025-11-16 09:00:00
167.97500000000002,25.04133,2025-11-16 09:00:00
22.200000000000003,16.86708,2025-11-16 09:00:00
15.65,25.58285,2025-11-16 10:00:00
167.55,20.125559,2025-11-16 10:00:00
20.0,12.504728,2025-11-16 10:00:00
21.725,15.392685,2025-11-16 10:00:00
44.3,18.529427,2025-11-16 10:00:00
19.9,12.214831,2025-11-16 11:00:00
19.95,16.377066,2025-11-16 11:00:00
168.27499999999998,17.094679,2025-11-16 11:00:00
16.5,27.157965,2025-11-16 11:00:00
44.325,20.985395,2025-11-16 11:00:00
14.55,26.104725,2025-11-16 12:00:00
44.05,23.964743,2025-11-16 12:00:00
169.25,24.611713,2025-11-16 12:00:00
20.1,12.005256,2025-11-16 12:00:00
18.75,16.93154,2025-11-16 12:00:00
18.175,15.410176,2025-11-16 13:00:00
171.225,29.314604,2025-11-16 13:00:00
19.975,15.7420225,2025-11-16 13:00:00
49.85,30.243904,2025-11-16 13:00:00
12.825,23.739525,2025-11-16 13:00:00
172.725,41.90816,2025-11-16 14:00:00
19.575,15.056392,2025-11-16 14:00:00
16.35,18.451437,2025-11-16 14:00:00
54.5,37.371914,2025-11-16 14:00:00
11.4,21.27627,2025-11-16 14:00:00
174.375,62.0891,2025-11-16 15:00:00
11.875,21.101734,2025-11-16 15:00:00
51.95,41.274033,2025-11-16 15:00:00
14.6,18.035519,2025-11-16 15:00:00
18.675,15.422953,2025-11-16 15:00:00
177.275,61.87328,2025-11-16 16:00:00
48.325,37.54064,2025-11-16 16:00:00
10.75,19.088299,2025-11-16 16:00:00
18.875,16.337994,2025-11-16 16:00:00
13.175,20.018166,2025-11-16 16:00:00
12.65,17.803894,2025-11-16 17:00:00
45.45,45.873943,2025-11-16 17:00:00
119.075,73.50703,2025-11-16 17:00:00
18.83333333333333,18.951038,2025-11-16 17:00:00
10.45,19.439684,2025-11-16 17:00:00
33.075,56.00741,2025-11-16 18:00:00
20.35,19.66013,2025-11-16 18:00:00
18.025,17.027554,2025-11-16 18:00:00
44.575,38.44472,2025-11-16 18:00:00
14.175,27.045769,2025-11-16 18:00:00
21.45,17.408081,2025-11-16 19:00:00
11.875,29.644066,2025-11-16 19:00:00
21.025,16.333427,2025-11-16 19:00:00
49.725,37.17601,2025-11-16 19:00:00
32.45,42.287037,2025-11-16 19:00:00
32.25,44.478867,2025-11-16 20:00:00
42.775,36.672737,2025-11-16 20:00:00
21.65,18.126986,2025-11-16 20:00:00
20.25,16.054337,2025-11-16 20:00:00
11.175,29.009007,2025-11-16 20:00:00
19.075,13.415872,2025-11-16 21:00:00
30.925,45.37833,2025-11-16 21:00:00
36.875,37.78204,2025-11-16 21:00:00
10.2,27.296375,2025-11-16 21:00:00
22.375,17.43066,2025-11-16 21:00:00
30.625,47.466896,2025-11-16 22:00:00
15.75,16.484629,2025-11-16 22:00:00
42.725,33.216125,2025-11-16 22:00:00
17.5,13.838006,2025-11-16 22:00:00
9.8,19.726166,2025-11-16 22:00:00
43.775,35.98289,2025-11-16 23:00:00
16.775,11.850105,2025-11-16 23:00:00
30.025,35.374172,2025-11-16 23:00:00
12.7,16.751377,2025-11-16 23:00:00
11.85,15.977338,2025-11-16 23:00:00
50.7,39.46678,2025-11-17 00:00:00
11.575,16.472109,2025-11-17 00:00:00
29.75,38.438877,2025-11-17 00:00:00
16.375,11.357321,2025-11-17 00:00:00
9.75,14.6568,2025-11-17 00:00:00
40.85,40.609005,2025-11-17 01:00:00
11.225,14.463234,2025-11-17 01:00:00
29.4,43.36612,2025-11-17 01:00:00
16.25,14.780422,2025-11-17 01:00:00
7.275,14.302967,2025-11-17 01:00:00
29.575,28.311407,2025-11-17 02:00:00
25.95,17.283218,2025-11-17 02:00:00
12.325,13.457645,2025-11-17 02:00:00
18.9,14.930571,2025-11-17 02:00:00
42.75,38.504604,2025-11-17 02:00:00
30.125,30.707718,2025-11-17 03:00:00
23.425,15.6526985,2025-11-17 03:00:00
60.75,19.421297,2025-11-17 03:00:00
38.05,33.088043,2025-11-17 03:00:00
11.325,14.131267,2025-11-17 03:00:00
24.9,16.907148,2025-11-17 04:00:00
19.066666666666663,13.429471,2025-11-17 04:00:00
48.15,34.874195,2025-11-17 04:00:00
30.3,30.332865,2025-11-17 04:00:00
60.05,18.365992,2025-11-17 04:00:00
61.35,18.646914,2025-11-17 05:00:00
29.566666666666663,31.790813,2025-11-17 05:00:00
49.4,34.537827,2025-11-17 05:00:00
20.05,11.186331,2025-11-17 05:00:00
25.525,17.54096,2025-11-17 05:00:00
61.225,17.656599,2025-11-17 06:00:00
26.7,15.576991,2025-11-17 06:00:00
17.8,12.764888,2025-11-17 06:00:00
48.525,38.5647,2025-11-17 06:00:00
18.75,36.466003,2025-11-17 06:00:00
51.925,36.094368,2025-11-17 07:00:00
16.375,10.397694,2025-11-17 07:00:00
27.35,15.325895,2025-11-17 07:00:00
60.075,17.450087,2025-11-17 07:00:00
12.325,32.637157,2025-11-17 07:00:00
61.975,18.45906,2025-11-17 08:00:00
26.8,12.522549,2025-11-17 08:00:00
50.7,33.492683,2025-11-17 08:00:00
14.075,10.969012,2025-11-17 08:00:00
10.375,27.902706,2025-11-17 08:00:00
26.7,15.021826,2025-11-17 09:00:00
14.125,8.968195,2025-11-17 09:00:00
10.45,29.328503,2025-11-17 09:00:00
48.775,29.801714,2025-11-17 09:00:00
60.3,24.273493,2025-11-17 09:00:00
45.85,23.425587,2025-11-17 10:00:00
59.875,30.140049,2025-11-17 10:00:00
9.15,29.699127,2025-11-17 10:00:00
12.725,9.507523,2025-11-17 10:00:00
25.825,15.639882,2025-11-17 10:00:00
44.3,32.34725,2025-11-17 11:00:00
9.025,30.236303,2025-11-17 11:00:00
25.8,13.418973,2025-11-17 11:00:00
16.1,10.000657,2025-11-17 11:00:00
56.65,40.767246,2025-11-17 11:00:00
55.375,46.350124,2025-11-17 12:00:00
48.85,31.150644,2025-11-17 12:00:00
18.05,13.425726,2025-11-17 12:00:00
15.625,30.813068,2025-11-17 12:00:00
25.925,16.190653,2025-11-17 12:00:00
26.625,15.129756,2025-11-17 13:00:00
35.275,31.22265,2025-11-17 13:00:00
24.575,12.413001,2025-11-17 13:00:00
53.6,38.465508,2025-11-17 13:00:00
56.25,46.11237,2025-11-17 13:00:00
35.275,31.744856,2025-11-17 14:00:00
33.175,11.68857,2025-11-17 14:00:00
54.275000000000006,44.40419,2025-11-17 14:00:00
25.3,16.264631,2025-11-17 14:00:00
54.825,49.155457,2025-11-17 14:00:00
53.925,51.57317,2025-11-17 15:00:00
35.275,45.99335,2025-11-17 15:00:00
25.725,16.976645,2025-11-17 15:00:00
54.925,46.815346,2025-11-17 15:00:00
40.125,11.453103,2025-11-17 15:00:00
51.3,46.783474,2025-11-17 16:00:00
12.9,49.7701,2025-11-17 16:00:00
39.900000000000006,11.50927,2025-11-17 16:00:00
25.725,15.665793,2025-11-17 16:00:00
57.125,49.305958,2025-11-17 16:00:00
62.95,50.779556,2025-11-17 17:00:00
13.7,48.849663,2025-11-17 17:00:00
49.875,49.416164,2025-11-17 17:00:00
26.6,22.095575,2025-11-17 17:00:00
45.375,12.870902,2025-11-17 17:00:00
48.2,22.2262,2025-11-17 18:00:00
28.03333333333333,40.313904,2025-11-17 18:00:00
56.425,43.394672,2025-11-17 18:00:00
99.4,49.081326,2025-11-17 18:00:00
22.025,24.644417,2025-11-17 18:00:00
24.55,39.01263,2025-11-17 19:00:00
20.35,22.273396,2025-11-17 19:00:00
47.5,21.042395,2025-11-17 19:00:00
55.95,42.017662,2025-11-17 19:00:00
99.4,37.950462,2025-11-17 19:00:00
99.4,35.30516,2025-11-17 20:00:00
47.9,22.78786,2025-11-17 20:00:00
50.5,38.551365,2025-11-17 20:00:00
19.175,21.043697,2025-11-17 20:00:00
22.4,34.248493,2025-11-17 20:00:00
48.4,23.232582,2025-11-17 21:00:00
21.375,34.79082,2025-11-17 21:00:00
19.8,20.007273,2025-11-17 21:00:00
46.075,38.115723,2025-11-17 21:00:00
99.4,29.74462,2025-11-17 21:00:00
26.45,19.34283,2025-11-17 22:00:00
48.85,21.809065,2025-11-17 22:00:00
44.525,36.825245,2025-11-17 22:00:00
19.35,28.237028,2025-11-17 22:00:00
42.7,17.890593,2025-11-17 23:00:00
45.25,35.88393,2025-11-17 23:00:00
29.875,19.121134,2025-11-17 23:00:00
18.775,39.58119,2025-11-17 23:00:00
17.975,31.622818,2025-11-18 00:00:00
29.075,20.034813,2025-11-18 00:00:00
40.275,21.910578,2025-11-18 00:00:00
40.8,37.842167,2025-11-18 00:00:00
28.375,18.631939,2025-11-18 01:00:00
17.6,30.206568,2025-11-18 01:00:00
37.85,25.731894,2025-11-18 01:00:00
42.15,40.004795,2025-11-18 01:00:00
28.3,44.66832,2025-11-18 02:00:00
42.25,30.703194,2025-11-18 02:00:00
40.025,45.47227,2025-11-18 02:00:00
19.625,19.127213,2025-11-18 02:00:00
18.425,27.664793,2025-11-18 02:00:00
16.275,20.318739,2025-11-18 03:00:00
28.3,48.11673,2025-11-18 03:00:00
40.15,42.22256,2025-11-18 03:00:00
18.575,24.279001,2025-11-18 03:00:00
46.375,32.804546,2025-11-18 03:00:00
17.575,20.261992,2025-11-18 04:00:00
49.975,34.46373,2025-11-18 04:00:00
45.75,51.027863,2025-11-18 04:00:00
19.200000000000003,25.09667,2025-11-18 04:00:00
18.875,24.398758,2025-11-18 05:00:00
46.825,37.89159,2025-11-18 05:00:00
43.825,47.99282,2025-11-18 05:00:00
20.275,19.683292,2025-11-18 05:00:00
42.825,37.817875,2025-11-18 06:00:00
23.85,23.817875,2025-11-18 06:00:00
21.225,20.565977,2025-11-18 06:00:00
43.125,36.41651,2025-11-18 06:00:00
38.7,34.482807,2025-11-18 07:00:00
39.075,43.464638,2025-11-18 07:00:00
26.025,24.517485,2025-11-18 07:00:00
21.225,18.820929,2025-11-18 07:00:00
12.525,28.528038,2025-11-18 08:00:00
20.8,16.044613,2025-11-18 08:00:00
25.3,23.693066,2025-11-18 08:00:00
30.675,28.192997,2025-11-18 08:00:00
38.375,42.629295,2025-11-18 08:00:00
11.0,28.129473,2025-11-18 09:00:00
29.6,26.222536,2025-11-18 09:00:00
41.1,32.93541,2025-11-18 09:00:00
20.075,16.35247,2025-11-18 09:00:00
25.525,21.707966,2025-11-18 09:00:00
17.85,16.839382,2025-11-18 10:00:00
32.375,29.82395,2025-11-18 10:00:00
9.575,30.604048,2025-11-18 10:00:00
39.225,30.058512,2025-11-18 10:00:00
18.575,17.996922,2025-11-18 10:00:00
10.0,29.495516,2025-11-18 11:00:00
36.775,29.901731,2025-11-18 11:00:00
15.025,15.288365,2025-11-18 11:00:00
31.35,31.06365,2025-11-18 11:00:00
15.75,17.636469,2025-11-18 11:00:00
30.9,31.01926,2025-11-18 12:00:00
15.2,15.224294,2025-11-18 12:00:00
13.4,21.50659,2025-11-18 12:00:00
41.875,29.702953,2025-11-18 12:00:00
16.725,17.982922,2025-11-18 12:00:00
14.95,16.034094,2025-11-18 13:00:00
35.7,33.35371,2025-11-18 13:00:00
17.325,21.479946,2025-11-18 13:00:00
18.3,26.818077,2025-11-18 13:00:00
35.35,29.32359,2025-11-18 13:00:00
40.825,35.434036,2025-11-18 14:00:00
15.825,27.173737,2025-11-18 14:00:00
20.475,30.893803,2025-11-18 14:00:00
18.65,19.73317,2025-11-18 14:00:00
42.75,30.811535,2025-11-18 14:00:00
55.8,32.509476,2025-11-18 15:00:00
14.425,26.404884,2025-11-18 15:00:00
20.6,18.914593,2025-11-18 15:00:00
38.875,39.077374,2025-11-18 15:00:00
19.525,30.512733,2025-11-18 15:00:00
19.6,41.363525,2025-11-18 16:00:00
38.175,38.772995,2025-11-18 16:00:00
12.975,24.123686,2025-11-18 16:00:00
63.425,32.502823,2025-11-18 16:00:00
21.075,18.490047,2025-11-18 16:00:00
18.75,45.237434,2025-11-18 17:00:00
43.75,39.492077,2025-11-18 17:00:00
20.7,19.145315,2025-11-18 17:00:00
60.775,37.362644,2025-11-18 17:00:00
11.325,21.84098,2025-11-18 17:00:00
18.666666666666668,16.841278,2025-11-18 18:00:00
18.675,43.752983,2025-11-18 18:00:00
62.025,38.920696,2025-11-18 18:00:00
49.825,39.383114,2025-11-18 18:00:00
19.525,18.918137,2025-11-18 18:00:00
45.55,40.630146,2025-11-18 19:00:00
19.1,17.50094,2025-11-18 19:00:00
57.8,41.384647,2025-11-18 19:00:00
21.325,17.412245,2025-11-18 19:00:00
18.6,42.52559,2025-11-18 19:00:00
18.8,34.660976,2025-11-18 20:00:00
53.8,42.400658,2025-11-18 20:00:00
19.075,17.424799,2025-11-18 20:00:00
44.35,31.841625,2025-11-18 20:00:00
18.3,16.917845,2025-11-18 20:00:00
38.15,34.440937,2025-11-18 21:00:00
54.3,40.73799,2025-11-18 21:00:00
18.025,15.333217,2025-11-18 21:00:00
16.65,28.483265,2025-11-18 21:00:00
18.925,17.566422,2025-11-18 21:00:00
15.9,18.847029,2025-11-18 22:00:00
52.375,37.645966,2025-11-18 22:00:00
36.3,31.506826,2025-11-18 22:00:00
17.1,10.403103,2025-11-18 22:00:00
16.175,23.82602,2025-11-18 22:00:00
59.275,38.514534,2025-11-18 23:00:00
14.35,18.837725,2025-11-18 23:00:00
17.1,9.919598,2025-11-18 23:00:00
36.525,34.28819,2025-11-18 23:00:00
15.5,25.47851,2025-11-18 23:00:00
15.25,19.868437,2025-11-19 00:00:00
16.8,9.36271,2025-11-19 00:00:00
34.5,39.19853,2025-11-19 00:00:00
14.325,18.345526,2025-11-19 00:00:00
62.825,42.092537,2025-11-19 00:00:00
66.525,41.799328,2025-11-19 01:00:00
14.425,15.294189,2025-11-19 01:00:00
17.35,13.15828,2025-11-19 01:00:00
14.05,17.698723,2025-11-19 01:00:00
39.8,41.899094,2025-11-19 01:00:00
18.5,14.823657,2025-11-19 02:00:00
67.475,43.24815,2025-11-19 02:00:00
15.2,17.189135,2025-11-19 02:00:00
15.925,13.613353,2025-11-19 02:00:00
38.125,42.373833,2025-11-19 02:00:00
18.675,11.150595,2025-11-19 03:00:00
16.075000000000003,17.081287,2025-11-19 03:00:00
19.5,14.796761,2025-11-19 03:00:00
66.55,45.506355,2025-11-19 03:00:00
48.075,38.818996,2025-11-19 03:00:00
20.85,14.89971,2025-11-19 04:00:00
19.0,16.360847,2025-11-19 04:00:00
45.925,34.611977,2025-11-19 04:00:00
17.675,15.08215,2025-11-19 04:00:00
62.775,45.570457,2025-11-19 04:00:00
18.9,15.709775,2025-11-19 05:00:00
22.85,18.094572,2025-11-19 05:00:00
45.8,33.446293,2025-11-19 05:00:00
63.52499999999999,48.37778,2025-11-19 05:00:00
16.675,16.681843,2025-11-19 05:00:00
44.025,38.276775,2025-11-19 06:00:00
22.075,20.007792,2025-11-19 06:00:00
18.9,16.496027,2025-11-19 06:00:00
56.875,49.60166,2025-11-19 06:00:00
17.475,17.704226,2025-11-19 06:00:00
22.7,16.616789,2025-11-19 07:00:00
45.875,32.390827,2025-11-19 07:00:00
14.5,14.719039,2025-11-19 07:00:00
15.625,16.940273,2025-11-19 07:00:00
56.900000000000006,48.140797,2025-11-19 07:00:00
12.3,14.243673,2025-11-19 08:00:00
42.85,25.764338,2025-11-19 08:00:00
11.2,15.1362705,2025-11-19 08:00:00
22.425,15.753416,2025-11-19 08:00:00
60.775,48.319164,2025-11-19 08:00:00
9.075,12.5210285,2025-11-19 09:00:00
56.45,45.920303,2025-11-19 09:00:00
35.55,28.23864,2025-11-19 09:00:00
12.325,13.865157,2025-11-19 09:00:00
19.85,17.032999,2025-11-19 09:00:00
15.5,14.257322,2025-11-19 10:00:00
45.925,22.395605,2025-11-19 10:00:00
9.025,12.823878,2025-11-19 10:00:00
55.35,49.903492,2025-11-19 10:00:00
17.75,13.823207,2025-11-19 10:00:00
9.95,12.804594,2025-11-19 11:00:00
46.85,30.218437,2025-11-19 11:00:00
15.75,16.608047,2025-11-19 11:00:00
54.05,47.742767,2025-11-19 11:00:00
15.25,11.954441,2025-11-19 11:00:00
15.175,13.063765,2025-11-19 12:00:00
17.6,17.897692,2025-11-19 12:00:00
59.275000000000006,45.32727,2025-11-19 12:00:00
13.375,14.523845,2025-11-19 12:00:00
38.95,31.352736,2025-11-19 12:00:00
17.8,18.768166,2025-11-19 13:00:00
16.125,12.641158,2025-11-19 13:00:00
19.85,21.53366,2025-11-19 13:00:00
63.775,47.66808,2025-11-19 13:00:00
50.875,32.278675,2025-11-19 13:00:00
14.65,14.175933,2025-11-19 14:00:00
23.2,22.966885,2025-11-19 14:00:00
56.45,33.01028,2025-11-19 14:00:00
16.925,18.937883,2025-11-19 14:00:00
68.0,48.8144,2025-11-19 14:00:00
77.4,51.09266,2025-11-19 15:00:00
60.25,31.836182,2025-11-19 15:00:00
17.225,17.509197,2025-11-19 15:00:00
30.025,28.336943,2025-11-19 15:00:00
14.625,12.547465,2025-11-19 15:00:00
57.075,30.598635,2025-11-19 16:00:00
30.95,25.766985,2025-11-19 16:00:00
84.425,52.94142,2025-11-19 16:00:00
14.2,14.866797,2025-11-19 16:00:00
15.35,16.638481,2025-11-19 16:00:00
12.975,16.24497,2025-11-19 17:00:00
14.366666666666667,18.731321,2025-11-19 17:00:00
27.8,22.830297,2025-11-19 17:00:00
91.925,44.141075,2025-11-19 17:00:00
53.5,35.936874,2025-11-19 17:00:00
19.125,18.63503,2025-11-19 18:00:00
85.925,44.103107,2025-11-19 18:00:00
47.1,37.003735,2025-11-19 18:00:00
20.566666666666663,15.796289,2025-11-19 18:00:00
27.85,23.04149,2025-11-19 18:00:00
24.875,16.018356,2025-11-19 19:00:00
47.475,31.848635,2025-11-19 19:00:00
26.3,19.374744,2025-11-19 19:00:00
79.325,46.974842,2025-11-19 19:00:00
22.325,16.249859,2025-11-19 19:00:00
72.775,47.044846,2025-11-19 20:00:00
21.9,14.474105,2025-11-19 20:00:00
23.6,15.931869,2025-11-19 20:00:00
24.35,21.179182,2025-11-19 20:00:00
58.8,37.908367,2025-11-19 20:00:00
71.275,41.863483,2025-11-19 21:00:00
50.975,37.8688,2025-11-19 21:00:00
21.575,12.287108,2025-11-19 21:00:00
21.2,17.433243,2025-11-19 21:00:00
23.55,17.216103,2025-11-19 21:00:00
20.275,13.727902,2025-11-19 22:00:00
50.35,35.784737,2025-11-19 22:00:00
20.725,12.418756,2025-11-19 22:00:00
18.775,13.919329,2025-11-19 22:00:00
70.3,35.460346,2025-11-19 22:00:00
18.325,16.16799,2025-11-19 23:00:00
20.45,12.858793,2025-11-19 23:00:00
20.275,11.672638,2025-11-19 23:00:00
69.925,29.83005,2025-11-19 23:00:00
50.8,36.957325,2025-11-19 23:00:00
51.2,30.900661,2025-11-20 00:00:00
19.975,12.481361,2025-11-20 00:00:00
71.3,31.316765,2025-11-20 00:00:00
19.9,12.272473,2025-11-20 00:00:00
17.825,15.895191,2025-11-20 00:00:00
18.9,16.118431,2025-11-20 01:00:00
69.825,36.065277,2025-11-20 01:00:00
19.6,12.7197485,2025-11-20 01:00:00
20.275,11.57719,2025-11-20 01:00:00
43.675,34.97198,2025-11-20 01:00:00
69.025,35.98833,2025-11-20 02:00:00
21.4,16.81246,2025-11-20 02:00:00
40.225,41.16792,2025-11-20 02:00:00
39.95,13.062086,2025-11-20 02:00:00
15.9,13.589088,2025-11-20 02:00:00
13.925,17.354815,2025-11-20 03:00:00
58.2,12.586641,2025-11-20 03:00:00
70.8,39.654423,2025-11-20 03:00:00
45.35,38.693497,2025-11-20 03:00:00
20.175,13.982598,2025-11-20 03:00:00
16.825,17.501942,2025-11-20 04:00:00
69.55,43.29733,2025-11-20 04:00:00
58.3,15.707035,2025-11-20 04:00:00
41.15,40.62721,2025-11-20 04:00:00
14.05,16.972559,2025-11-20 04:00:00
57.825,17.479689,2025-11-20 05:00:00
14.1,18.414532,2025-11-20 05:00:00
67.4,47.845093,2025-11-20 05:00:00
42.075,35.13091,2025-11-20 05:00:00
15.025,17.7113,2025-11-20 05:00:00
14.45,17.499006,2025-11-20 06:00:00
42.175,45.0337,2025-11-20 06:00:00
11.65,19.313234,2025-11-20 06:00:00
66.55,42.898853,2025-11-20 06:00:00
58.35,19.05524,2025-11-20 06:00:00
13.975,17.170258,2025-11-20 07:00:00
58.25,18.437658,2025-11-20 07:00:00
65.075,41.291397,2025-11-20 07:00:00
36.925,43.81855,2025-11-20 07:00:00
7.7,19.60643,2025-11-20 07:00:00
6.425,17.85059,2025-11-20 08:00:00
66.225,41.40743,2025-11-20 08:00:00
13.925,16.448616,2025-11-20 08:00:00
56.425,21.468836,2025-11-20 08:00:00
35.075,34.016785,2025-11-20 08:00:00
43.4,31.522861,2025-11-20 09:00:00
55.15,23.386065,2025-11-20 09:00:00
13.35,14.228789,2025-11-20 09:00:00
5.5,16.80235,2025-11-20 09:00:00
64.325,36.298912,2025-11-20 09:00:00
46.7,24.653555,2025-11-20 10:00:00
5.275,13.389474,2025-11-20 10:00:00
59.025,37.951008,2025-11-20 10:00:00
17.65,11.689872,2025-11-20 10:00:00
56.825,24.375387,2025-11-20 10:00:00
56.45,23.378012,2025-11-20 11:00:00
5.9,13.923513,2025-11-20 11:00:00
19.925,13.5823965,2025-11-20 11:00:00
51.0,29.224928,2025-11-20 11:00:00
63.3,37.76697,2025-11-20 11:00:00
56.95,29.600561,2025-11-20 12:00:00
9.625,22.58254,2025-11-20 12:00:00
20.05,12.892398,2025-11-20 12:00:00
48.775,30.228724,2025-11-20 12:00:00
65.925,40.40685,2025-11-20 12:00:00
18.125,23.105442,2025-11-20 13:00:00
43.925,28.529016,2025-11-20 13:00:00
20.6,14.424842,2025-11-20 13:00:00
69.05,38.625793,2025-11-20 13:00:00
58.625,35.50801,2025-11-20 13:00:00
25.0,24.426123,2025-11-20 14:00:00
47.075,30.833084,2025-11-20 14:00:00
57.85,35.768223,2025-11-20 14:00:00
71.475,41.23972,2025-11-20 14:00:00
22.325,14.178236,2025-11-20 14:00:00
30.025,24.1144,2025-11-20 15:00:00
23.25,14.545437,2025-11-20 15:00:00
48.6,31.490185,2025-11-20 15:00:00
74.525,50.57681,2025-11-20 15:00:00
56.6,40.71581,2025-11-20 15:00:00
30.175,23.139687,2025-11-20 16:00:00
23.25,16.607859,2025-11-20 16:00:00
73.4,51.386932,2025-11-20 16:00:00
51.975,34.17044,2025-11-20 16:00:00
53.375,37.85864,2025-11-20 16:00:00
27.25,21.63435,2025-11-20 17:00:00
72.875,46.156017,2025-11-20 17:00:00
59.4,32.722626,2025-11-20 17:00:00
23.83333333333333,18.355108,2025-11-20 17:00:00
52.1,47.183582,2025-11-20 17:00:00
73.05,48.03186,2025-11-20 18:00:00
21.225,17.646767,2025-11-20 18:00:00
23.933333333333334,39.26032,2025-11-20 18:00:00
25.55,20.664139,2025-11-20 18:00:00
58.8,36.17106,2025-11-20 18:00:00
23.05,23.583414,2025-11-20 19:00:00
21.1,35.700695,2025-11-20 19:00:00
57.65,35.63697,2025-11-20 19:00:00
20.375,17.520716,2025-11-20 19:00:00
76.575,47.403736,2025-11-20 19:00:00
74.7,45.55257,2025-11-20 20:00:00
20.05,39.181168,2025-11-20 20:00:00
57.625,41.075348,2025-11-20 20:00:00
20.175,15.7777815,2025-11-20 20:00:00
21.95,22.694588,2025-11-20 20:00:00
19.975,16.570126,2025-11-20 21:00:00
17.700000000000003,19.133455,2025-11-20 21:00:00
57.025,39.239685,2025-11-20 21:00:00
21.075,33.534203,2025-11-20 21:00:00
77.375,47.00968,2025-11-20 21:00:00
77.05,38.192684,2025-11-20 22:00:00
53.25,39.35961,2025-11-20 22:00:00
19.7,15.846069,2025-11-20 22:00:00
19.5,29.079647,2025-11-20 22:00:00
16.075,15.461572,2025-11-20 22:00:00
18.2,30.24514,2025-11-20 23:00:00
20.0,15.417563,2025-11-20 23:00:00
75.65,35.955975,2025-11-20 23:00:00
53.5,32.917923,2025-11-20 23:00:00
15.45,14.905617,2025-11-20 23:00:00
56.9,35.665314,2025-11-21 00:00:00
20.075,17.128008,2025-11-21 00:00:00
17.325,37.35068,2025-11-21 00:00:00
15.375,13.992546,2025-11-21 00:00:00
75.6,34.59049,2025-11-21 00:00:00
18.175,28.53947,2025-11-21 01:00:00
54.75,40.69822,2025-11-21 01:00:00
20.85,18.052467,2025-11-21 01:00:00
71.45,35.10256,2025-11-21 01:00:00
19.7,15.5114765,2025-11-21 01:00:00
57.6,44.29068,2025-11-21 02:00:00
72.525,36.14968,2025-11-21 02:00:00
21.85,24.209324,2025-11-21 02:00:00
19.1,14.271709,2025-11-21 02:00:00
17.8,15.526201,2025-11-21 02:00:00
16.975,13.118349,2025-11-21 03:00:00
15.45,16.695288,2025-11-21 03:00:00
44.775000000000006,45.079693,2025-11-21 03:00:00
18.3,21.326931,2025-11-21 03:00:00
70.5,36.430504,2025-11-21 03:00:00
12.525,12.947157,2025-11-21 04:00:00
43.525,43.10947,2025-11-21 04:00:00
15.1,21.644592,2025-11-21 04:00:00
69.325,40.237087,2025-11-21 04:00:00
14.625,17.030544,2025-11-21 04:00:00
48.95,37.190216,2025-11-21 05:00:00
14.4,18.777107,2025-11-21 05:00:00
9.65,13.85488,2025-11-21 05:00:00
13.975,24.512726,2025-11-21 05:00:00
69.85,51.310337,2025-11-21 05:00:00
13.8,17.726088,2025-11-21 06:00:00
12.9,19.123928,2025-11-21 06:00:00
47.2,37.968895,2025-11-21 06:00:00
8.325,13.400198,2025-11-21 06:00:00
69.45,50.445454,2025-11-21 06:00:00
51.15,37.24903,2025-11-21 07:00:00
6.225,14.122085,2025-11-21 07:00:00
13.75,18.017057,2025-11-21 07:00:00
13.4,16.35884,2025-11-21 07:00:00
68.925,38.996513,2025-11-21 07:00:00
48.225,34.1712,2025-11-21 08:00:00
68.1,36.919003,2025-11-21 08:00:00
13.4,17.109375,2025-11-21 08:00:00
5.65,13.552778,2025-11-21 08:00:00
13.95,18.101362,2025-11-21 08:00:00
13.4,21.855202,2025-11-21 09:00:00
4.65,12.381704,2025-11-21 09:00:00
68.0,35.5298,2025-11-21 09:00:00
13.775,17.735237,2025-11-21 09:00:00
41.15,30.984478,2025-11-21 09:00:00
2.6,21.30677,2025-11-21 10:00:00
45.35,28.017546,2025-11-21 10:00:00
14.575,15.388273,2025-11-21 10:00:00
67.375,35.371933,2025-11-21 10:00:00
3.65,12.824233,2025-11-21 10:00:00
67.075,34.34668,2025-11-21 11:00:00
4.375,11.247127,2025-11-21 11:00:00
11.866666666666667,15.577364,2025-11-21 11:00:00
45.825,31.65614,2025-11-21 11:00:00
15.75,15.217944,2025-11-21 11:00:00
46.3,32.512985,2025-11-21 12:00:00
16.575,15.760959,2025-11-21 12:00:00
9.7,15.149031,2025-11-21 12:00:00
13.325,13.99129,2025-11-21 12:00:00
74.5,37.986008,2025-11-21 12:00:00
17.55,19.674295,2025-11-21 13:00:00
81.0,41.427387,2025-11-21 13:00:00
4.2,18.412582,2025-11-21 13:00:00
17.0,14.696397,2025-11-21 13:00:00
49.3,33.13111,2025-11-21 13:00:00
50.325,33.463287,2025-11-21 14:00:00
4.2,18.861734,2025-11-21 14:00:00
18.6,14.258081,2025-11-21 14:00:00
85.125,47.786633,2025-11-21 14:00:00
23.275,25.22027,2025-11-21 14:00:00
54.075,38.85522,2025-11-21 15:00:00
84.575,46.766434,2025-11-21 15:00:00
23.725,27.298075,2025-11-21 15:00:00
4.2,24.310732,2025-11-21 15:00:00
19.475,15.968387,2025-11-21 15:00:00
20.325,16.065727,2025-11-21 16:00:00
84.65,44.012054,2025-11-21 16:00:00
4.2,26.755116,2025-11-21 16:00:00
48.35,43.954483,2025-11-21 16:00:00
22.75,25.091557,2025-11-21 16:00:00
54.6,44.267292,2025-11-21 17:00:00
92.325,45.497383,2025-11-21 17:00:00
20.666666666666668,19.322033,2025-11-21 17:00:00
20.45,22.933414,2025-11-21 17:00:00
19.675,22.159094,2025-11-21 18:00:00
53.325,43.51327,2025-11-21 18:00:00
95.0,41.131046,2025-11-21 18:00:00
23.025,18.136522,2025-11-21 18:00:00
16.933333333333334,20.43146,2025-11-21 18:00:00
18.35,18.836283,2025-11-21 19:00:00
23.225,18.520407,2025-11-21 19:00:00
19.425,16.297539,2025-11-21 19:00:00
58.5,44.895954,2025-11-21 19:00:00
94.875,41.80816,2025-11-21 19:00:00
17.65,19.158417,2025-11-21 20:00:00
55.575,36.615543,2025-11-21 20:00:00
86.475,49.00075,2025-11-21 20:00:00
23.1,16.02705,2025-11-21 20:00:00
16.15,14.133557,2025-11-21 20:00:00
86.25,42.55744,2025-11-21 21:00:00
51.8,37.64716,2025-11-21 21:00:00
18.1,11.163105,2025-11-21 21:00:00
14.425,19.813055,2025-11-21 21:00:00
22.3,14.618408,2025-11-21 21:00:00
88.85,38.484985,2025-11-21 22:00:00
20.75,13.34806,2025-11-21 22:00:00
14.025,17.370157,2025-11-21 22:00:00
16.35,10.336858,2025-11-21 22:00:00
55.4,39.345673,2025-11-21 22:00:00
20.525,15.385349,2025-11-21 23:00:00
14.275,13.353088,2025-11-21 23:00:00
88.975,35.10577,2025-11-21 23:00:00
54.125,33.304394,2025-11-21 23:00:00
12.6,11.831289,2025-11-22 00:00:00
54.4,43.056557,2025-11-22 00:00:00
20.025,14.764103,2025-11-22 00:00:00
93.525,34.095207,2025-11-22 00:00:00
10.725,14.115661,2025-11-22 00:00:00
7.3,8.798772,2025-11-22 01:00:00
19.125,15.788924,2025-11-22 01:00:00
87.925,39.61439,2025-11-22 01:00:00
13.9,10.852419,2025-11-22 01:00:00
56.05,45.836323,2025-11-22 01:00:00
17.925,15.943818,2025-11-22 02:00:00
4.725,8.492244,2025-11-22 02:00:00
86.45,37.510014,2025-11-22 02:00:00
52.725,46.631668,2025-11-22 02:00:00
13.45,12.232925,2025-11-22 02:00:00
84.675,39.150223,2025-11-22 03:00:00
14.2,12.243254,2025-11-22 03:00:00
50.925,47.83984,2025-11-22 03:00:00
2.225,9.631314,2025-11-22 03:00:00
17.2,16.70622,2025-11-22 03:00:00
17.525,16.777775,2025-11-22 04:00:00
86.225,42.25582,2025-11-22 04:00:00
11.975,14.127265,2025-11-22 04:00:00
1.15,11.167242,2025-11-22 04:00:00
47.875,44.947334,2025-11-22 04:00:00
17.65,16.29379,2025-11-22 05:00:00
9.725,14.142676,2025-11-22 05:00:00
85.8,45.24069,2025-11-22 05:00:00
1.875,13.542827,2025-11-22 05:00:00
48.05,36.207508,2025-11-22 05:00:00
17.125,16.586924,2025-11-22 06:00:00
1.35,13.826327,2025-11-22 06:00:00
48.275,36.66298,2025-11-22 06:00:00
82.7,50.49203,2025-11-22 06:00:00
7.525,13.326211,2025-11-22 06:00:00
49.3,35.27997,2025-11-22 07:00:00
1.15,13.513998,2025-11-22 07:00:00
17.425,17.399794,2025-11-22 07:00:00
6.5,13.093456,2025-11-22 07:00:00
82.4,49.032906,2025-11-22 07:00:00
4.475,13.749753,2025-11-22 08:00:00
79.975,50.472996,2025-11-22 08:00:00
46.45,33.24283,2025-11-22 08:00:00
6.2,11.768323,2025-11-22 08:00:00
17.200000000000003,16.85395,2025-11-22 08:00:00
6.0,11.412877,2025-11-22 09:00:00
2.7,9.234174,2025-11-22 09:00:00
46.3,31.499527,2025-11-22 09:00:00
16.725,17.008207,2025-11-22 09:00:00
80.9,44.48411,2025-11-22 09:00:00
45.95,31.852386,2025-11-22 10:00:00
86.6,51.62301,2025-11-22 10:00:00
2.7,7.179639,2025-11-22 10:00:00
22.975,15.661908,2025-11-22 10:00:00
4.425,9.602222,2025-11-22 10:00:00
52.2,35.26895,2025-11-22 11:00:00
2.7,8.058812,2025-11-22 11:00:00
85.15,51.39488,2025-11-22 11:00:00
25.875,15.740058,2025-11-22 11:00:00
3.475,12.424193,2025-11-22 11:00:00
6.9,14.436749,2025-11-22 12:00:00
54.075,36.275593,2025-11-22 12:00:00
88.35,52.67071,2025-11-22 12:00:00
26.225,15.22284,2025-11-22 12:00:00
2.7,7.443731,2025-11-22 12:00:00
14.225,20.214642,2025-11-22 13:00:00
55.825,39.201057,2025-11-22 13:00:00
0.7,8.308933,2025-11-22 13:00:00
26.65,15.874255,2025-11-22 13:00:00
96.975,64.41457,2025-11-22 13:00:00
19.55,17.386978,2025-11-22 14:00:00
0.7,7.8822713,2025-11-22 14:00:00
58.725,37.822,2025-11-22 14:00:00
15.65,21.264837,2025-11-22 14:00:00
103.125,60.128452,2025-11-22 14:00:00
22.33333333333333,8.878429,2025-11-22 15:00:00
15.125,23.287594,2025-11-22 15:00:00
56.2,45.92154,2025-11-22 15:00:00
106.35,65.629585,2025-11-22 15:00:00
16.75,16.981468,2025-11-22 15:00:00
111.025,71.83401,2025-11-22 16:00:00
58.65,44.46047,2025-11-22 16:00:00
25.6,10.157244,2025-11-22 16:00:00
17.725,15.444921,2025-11-22 16:00:00
16.675,23.005377,2025-11-22 16:00:00
60.7,44.221176,2025-11-22 17:00:00
116.475,64.698296,2025-11-22 17:00:00
18.133333333333336,16.141834,2025-11-22 17:00:00
21.15,9.927771,2025-11-22 17:00:00
18.15,21.211948,2025-11-22 17:00:00
17.325,20.06643,2025-11-22 18:00:00
18.9,17.955029,2025-11-22 18:00:00
61.975,45.383953,2025-11-22 18:00:00
119.3,50.838215,2025-11-22 18:00:00
22.4,10.1816225,2025-11-22 18:00:00
111.425,50.125977,2025-11-22 19:00:00
17.025,16.608751,2025-11-22 19:00:00
18.975,18.165468,2025-11-22 19:00:00
23.475,9.416059,2025-11-22 19:00:00
55.725,37.86333,2025-11-22 19:00:00
18.275,18.863966,2025-11-22 20:00:00
55.35,39.20301,2025-11-22 20:00:00
17.1,15.592774,2025-11-22 20:00:00
22.15,7.291497,2025-11-22 20:00:00
103.1,47.22549,2025-11-22 20:00:00
100.975,55.214615,2025-11-22 21:00:00
17.675,17.243132,2025-11-22 21:00:00
20.825,11.167662,2025-11-22 21:00:00
14.475,13.25031,2025-11-22 21:00:00
52.775,39.730183,2025-11-22 21:00:00
101.375,41.356266,2025-11-22 22:00:00
19.85,10.13992,2025-11-22 22:00:00
12.8,14.588518,2025-11-22 22:00:00
53.425,39.585724,2025-11-22 22:00:00
13.925,8.273367,2025-11-22 22:00:00
14.35,8.756981,2025-11-22 23:00:00
49.725,39.397514,2025-11-22 23:00:00
10.1,15.21477,2025-11-22 23:00:00
17.375,10.0088825,2025-11-22 23:00:00
100.4,40.47562,2025-11-22 23:00:00
16.425,13.249827,2025-11-23 00:00:00
9.825,16.05162,2025-11-23 00:00:00
98.225,37.821945,2025-11-23 00:00:00
13.925,12.055808,2025-11-23 00:00:00
49.85,41.53391,2025-11-23 00:00:00
9.925,14.298072,2025-11-23 01:00:00
15.3,10.392739,2025-11-23 01:00:00
14.3,11.746929,2025-11-23 01:00:00
51.025,41.320805,2025-11-23 01:00:00
97.4,37.57105,2025-11-23 01:00:00
98.95,37.07605,2025-11-23 02:00:00
14.925,14.49195,2025-11-23 02:00:00
16.05,9.301671,2025-11-23 02:00:00
12.725,14.124139,2025-11-23 02:00:00
51.5,44.844845,2025-11-23 02:00:00
9.85,13.608637,2025-11-23 03:00:00
104.75,41.731388,2025-11-23 03:00:00
49.75,44.556084,2025-11-23 03:00:00
16.95,16.51667,2025-11-23 03:00:00
16.475,12.142741,2025-11-23 03:00:00
46.075,41.146156,2025-11-23 04:00:00
10.35,13.173041,2025-11-23 04:00:00
104.4,36.818367,2025-11-23 04:00:00
15.1,11.819045,2025-11-23 04:00:00
17.25,17.77159,2025-11-23 04:00:00
105.4,42.2352,2025-11-23 05:00:00
10.5,11.610182,2025-11-23 05:00:00
49.3,38.84744,2025-11-23 05:00:00
18.125,15.657183,2025-11-23 05:00:00
12.6,13.163628,2025-11-23 05:00:00
47.25,35.647217,2025-11-23 06:00:00
104.55,46.30176,2025-11-23 06:00:00
16.775,14.647421,2025-11-23 06:00:00
11.35,13.044943,2025-11-23 06:00:00
10.85,13.014656,2025-11-23 06:00:00
16.4,15.710891,2025-11-23 07:00:00
51.025,33.949905,2025-11-23 07:00:00
102.35,54.965164,2025-11-23 07:00:00
8.275,13.993001,2025-11-23 07:00:00
13.9,15.556256,2025-11-23 07:00:00
95.525,51.066936,2025-11-23 08:00:00
4.825,13.687537,2025-11-23 08:00:00
15.975,17.358402,2025-11-23 08:00:00
51.6,36.142796,2025-11-23 08:00:00
14.7,12.542427,2025-11-23 08:00:00
60.650000000000006,31.789557,2025-11-23 09:00:00
97.375,45.073505,2025-11-23 09:00:00
15.225,13.92705,2025-11-23 09:00:00
5.025,12.737718,2025-11-23 09:00:00
11.05,12.243246,2025-11-23 09:00:00
17.5,14.629087,2025-11-23 10:00:00
4.75,13.600738,2025-11-23 10:00:00
100.575,46.78942,2025-11-23 10:00:00
8.325,12.250062,2025-11-23 10:00:00
59.25,33.659172,2025-11-23 10:00:00
5.0,12.25092,2025-11-23 11:00:00
53.475,32.84316,2025-11-23 11:00:00
6.625,8.409163,2025-11-23 11:00:00
19.225,13.0038395,2025-11-23 11:00:00
100.85,46.464176,2025-11-23 11:00:00
50.175,31.510582,2025-11-23 12:00:00
19.25,12.513165,2025-11-23 12:00:00
7.425,9.326833,2025-11-23 12:00:00
6.15,11.841746,2025-11-23 12:00:00
102.025,57.007565,2025-11-23 12:00:00
104.525,55.500057,2025-11-23 13:00:00
10.975,16.832088,2025-11-23 13:00:00
50.5,39.009403,2025-11-23 13:00:00
7.725,12.69268,2025-11-23 13:00:00
19.525,13.088196,2025-11-23 13:00:00
12.425,20.673594,2025-11-23 14:00:00
6.35,14.45915,2025-11-23 14:00:00
56.65,37.14417,2025-11-23 14:00:00
109.775,59.636757,2025-11-23 14:00:00
15.875,12.855756,2025-11-23 14:00:00
113.075,67.35671,2025-11-23 15:00:00
4.8,13.583309,2025-11-23 15:00:00
12.7,20.689287,2025-11-23 15:00:00
14.2,13.766349,2025-11-23 15:00:00
55.150000000000006,37.509586,2025-11-23 15:00:00
65.125,39.9886,2025-11-23 16:00:00
109.075,68.42492,2025-11-23 16:00:00
3.975,12.919113,2025-11-23 16:00:00
14.675,13.576463,2025-11-23 16:00:00
12.65,18.841602,2025-11-23 16:00:00
13.575,19.822033,2025-11-23 17:00:00
63.525000000000006,38.335133,2025-11-23 17:00:00
14.6,15.061303,2025-11-23 17:00:00
0.75,13.716564,2025-11-23 17:00:00
113.05,68.77109,2025-11-23 17:00:00
62.525,38.0309,2025-11-23 18:00:00
19.775,15.01039,2025-11-23 18:00:00
18.266666666666666,12.924201,2025-11-23 18:00:00
11.775,18.721523,2025-11-23 18:00:00
110.55,64.123535,2025-11-23 18:00:00
12.3,16.849619,2025-11-23 19:00:00
20.3,11.760866,2025-11-23 19:00:00
63.85,32.756966,2025-11-23 19:00:00
22.2,12.515895,2025-11-23 19:00:00
109.5,53.439617,2025-11-23 19:00:00
60.725,33.312553,2025-11-23 20:00:00
109.05,47.043217,2025-11-23 20:00:00
21.925,12.566467,2025-11-23 20:00:00
18.200000000000003,9.93848,2025-11-23 20:00:00
11.65,14.313067,2025-11-23 20:00:00
19.275,8.466953,2025-11-23 21:00:00
56.425,33.758415,2025-11-23 21:00:00
21.9,12.391209,2025-11-23 21:00:00
9.075,14.65576,2025-11-23 21:00:00
107.1,49.879032,2025-11-23 21:00:00
18.775,7.5262313,2025-11-23 22:00:00
105.775,49.35009,2025-11-23 22:00:00
52.325,32.057976,2025-11-23 22:00:00
15.35,10.987398,2025-11-23 22:00:00
8.6,9.210344,2025-11-23 22:00:00
50.55,33.430714,2025-11-23 23:00:00
17.85,6.1971517,2025-11-23 23:00:00
8.55,10.104971,2025-11-23 23:00:00
11.8,11.405337,2025-11-23 23:00:00
103.225,47.21554,2025-11-23 23:00:00
7.725,8.523677,2025-11-24 00:00:00
11.2,11.098229,2025-11-24 00:00:00
48.375,42.785137,2025-11-24 00:00:00
18.25,8.912891,2025-11-24 00:00:00
105.7,43.810043,2025-11-24 00:00:00
8.15,7.1624007,2025-11-24 01:00:00
14.75,6.252863,2025-11-24 01:00:00
50.25,39.332726,2025-11-24 01:00:00
10.55,13.34981,2025-11-24 01:00:00
109.425,43.411556,2025-11-24 01:00:00
8.924999999999999,8.224628,2025-11-24 02:00:00
50.0,42.08783,2025-11-24 02:00:00
112.95,37.680126,2025-11-24 02:00:00
13.025,15.629555,2025-11-24 02:00:00
15.5,10.39488,2025-11-24 02:00:00
8.75,7.9427423,2025-11-24 03:00:00
14.45,15.833663,2025-11-24 03:00:00
12.85,10.963146,2025-11-24 03:00:00
19.166666666666668,40.32553,2025-11-24 03:00:00
8.6,37.360252,2025-11-24 03:00:00
12.0,12.413751,2025-11-24 04:00:00
8.475,36.512604,2025-11-24 04:00:00
9.475,10.418009,2025-11-24 04:00:00
5.3,38.559128,2025-11-24 04:00:00
15.625,16.8992,2025-11-24 04:00:00
13.025,12.667626,2025-11-24 05:00:00
2.9,49.536808,2025-11-24 05:00:00
16.7,15.523183,2025-11-24 05:00:00
9.05,10.458236,2025-11-24 05:00:00
8.966666666666667,36.81719,2025-11-24 05:00:00
2.9,54.567093,2025-11-24 06:00:00
21.25,36.049175,2025-11-24 06:00:00
13.6,14.146708,2025-11-24 06:00:00
7.175,11.172449,2025-11-24 06:00:00
15.5,15.686811,2025-11-24 06:00:00
15.625,16.273249,2025-11-24 07:00:00
5.675000000000001,8.821275,2025-11-24 07:00:00
15.175,36.990677,2025-11-24 07:00:00
15.275,13.865735,2025-11-24 07:00:00
2.9,54.58949,2025-11-24 07:00:00
4.0,9.353125,2025-11-24 08:00:00
15.35,39.450153,2025-11-24 08:00:00
15.45,14.999136,2025-11-24 08:00:00
3.6,53.055523,2025-11-24 08:00:00
16.15,13.778758,2025-11-24 08:00:00
15.066666666666668,14.184054,2025-11-24 09:00:00
12.05,29.49951,2025-11-24 09:00:00
2.5,7.106499,2025-11-24 09:00:00
15.2,12.575879,2025-11-24 09:00:00
3.7,54.406296,2025-11-24 09:00:00
10.4,27.188812,2025-11-24 10:00:00
4.6,41.260704,2025-11-24 10:00:00
1.825,6.999482,2025-11-24 10:00:00
17.6,11.420455,2025-11-24 10:00:00
13.925,12.4925375,2025-11-24 10:00:00
12.725,12.387673,2025-11-24 11:00:00
5.175,24.728693,2025-11-24 11:00:00
1.375,6.3623285,2025-11-24 11:00:00
9.1,22.872082,2025-11-24 11:00:00
18.15,12.0450945,2025-11-24 11:00:00
11.95,12.738412,2025-11-24 12:00:00
2.725,8.183676,2025-11-24 12:00:00
8.7,17.307789,2025-11-24 12:00:00
18.425,12.19619,2025-11-24 12:00:00
27.575000000000003,20.038784,2025-11-24 12:00:00
32.6,20.962856,2025-11-24 13:00:00
5.625,11.695856,2025-11-24 13:00:00
18.975,13.898179,2025-11-24 13:00:00
11.55,26.386614,2025-11-24 13:00:00
11.35,12.549904,2025-11-24 13:00:00
26.8,23.523296,2025-11-24 14:00:00
15.75,24.1712,2025-11-24 14:00:00
17.4,14.907241,2025-11-24 14:00:00
8.3,13.74178,2025-11-24 14:00:00
12.15,13.260284,2025-11-24 14:00:00
29.075,21.051384,2025-11-24 15:00:00
17.625,15.415951,2025-11-24 15:00:00
18.4,27.576351,2025-11-24 15:00:00
9.575,13.52175,2025-11-24 15:00:00
11.85,14.384236,2025-11-24 15:00:00
22.1,26.076399,2025-11-24 16:00:00
9.025,13.037851,2025-11-24 16:00:00
9.175,14.962511,2025-11-24 16:00:00
17.75,15.885751,2025-11-24 16:00:00
27.875,23.559492,2025-11-24 16:00:00
25.15,28.277718,2025-11-24 17:00:00
5.1,14.422062,2025-11-24 17:00:00
27.55,24.65555,2025-11-24 17:00:00
17.733333333333334,17.646585,2025-11-24 17:00:00
10.05,16.764194,2025-11-24 17:00:00
15.125,17.520794,2025-11-24 18:00:00
28.625,27.015953,2025-11-24 18:00:00
9.15,16.25558,2025-11-24 18:00:00
25.0,40.931244,2025-11-24 18:00:00
16.866666666666667,13.625814,2025-11-24 18:00:00
20.425,12.986881,2025-11-24 19:00:00
28.0,25.280249,2025-11-24 19:00:00
8.2,13.514037,2025-11-24 19:00:00
13.9,14.498624,2025-11-24 19:00:00
21.95,35.536522,2025-11-24 19:00:00
8.45,12.479609,2025-11-24 20:00:00
24.3,28.912268,2025-11-24 20:00:00
13.475,14.931501,2025-11-24 20:00:00
15.75,37.192604,2025-11-24 20:00:00
19.8,10.556195,2025-11-24 20:00:00
7.7,9.750921,2025-11-24 21:00:00
20.275,29.875427,2025-11-24 21:00:00
13.2,13.29318,2025-11-24 21:00:00
19.1,10.638752,2025-11-24 21:00:00
13.625,31.11497,2025-11-24 21:00:00
19.3,9.517833,2025-11-24 22:00:00
11.475,28.625225,2025-11-24 22:00:00
21.8,25.792925,2025-11-24 22:00:00
15.225,11.654691,2025-11-24 22:00:00
6.575,9.6684265,2025-11-24 22:00:00
18.725,8.33073,2025-11-24 23:00:00
10.05,33.207306,2025-11-24 23:00:00
6.125,4.9985523,2025-11-24 23:00:00
16.0,14.6233635,2025-11-24 23:00:00
22.275,24.912504,2025-11-24 23:00:00
5.525,6.216187,2025-11-25 00:00:00
15.1,12.0328455,2025-11-25 00:00:00
18.425,10.378822,2025-11-25 00:00:00
14.325,26.634457,2025-11-25 00:00:00
18.575,22.494545,2025-11-25 00:00:00
14.575,9.348553,2025-11-25 01:00:00
16.25,26.109598,2025-11-25 01:00:00
32.9,20.196613,2025-11-25 01:00:00
14.625,11.739396,2025-11-25 01:00:00
4.1,6.0826335,2025-11-25 01:00:00
17.65,14.327023,2025-11-25 02:00:00
16.525,24.435453,2025-11-25 02:00:00
14.65,13.887703,2025-11-25 02:00:00
4.225,6.8661056,2025-11-25 02:00:00
33.3,20.529089,2025-11-25 02:00:00
4.675,8.899228,2025-11-25 03:00:00
19.625,13.540655,2025-11-25 03:00:00
32.975,17.874325,2025-11-25 03:00:00
17.25,19.362196,2025-11-25 03:00:00
14.85,14.561294,2025-11-25 03:00:00
14.55,14.585358,2025-11-25 04:00:00
17.4,16.33782,2025-11-25 04:00:00
4.4,8.360857,2025-11-25 04:00:00
34.05,15.704757,2025-11-25 04:00:00
20.375,15.901794,2025-11-25 04:00:00
3.375,8.35595,2025-11-25 05:00:00
15.4,14.572712,2025-11-25 05:00:00
30.9,14.047857,2025-11-25 05:00:00
13.125,12.822557,2025-11-25 05:00:00
22.3,16.039782,2025-11-25 05:00:00
80.125,14.242362,2025-11-25 06:00:00
13.25,12.069673,2025-11-25 06:00:00
2.45,7.1478276,2025-11-25 06:00:00
25.225,17.71038,2025-11-25 06:00:00
16.4,14.449559,2025-11-25 06:00:00
29.1,16.02198,2025-11-25 07:00:00
2.675,6.5694523,2025-11-25 07:00:00
17.174999999999997,14.936262,2025-11-25 07:00:00
14.2,8.657686,2025-11-25 07:00:00
26.975,17.750332,2025-11-25 07:00:00
13.125,9.336829,2025-11-25 08:00:00
1.8,6.639539,2025-11-25 08:00:00
102.575,16.811867,2025-11-25 08:00:00
25.525,15.990174,2025-11-25 08:00:00
19.2,14.592636,2025-11-25 08:00:00
25.450000000000003,16.556633,2025-11-25 09:00:00
15.925,16.877466,2025-11-25 09:00:00
98.225,16.000309,2025-11-25 09:00:00
18.025,13.599846,2025-11-25 09:00:00
0.2,9.005952,2025-11-25 09:00:00
23.025,16.249668,2025-11-25 10:00:00
14.1,13.400611,2025-11-25 10:00:00
0.2,7.2666883,2025-11-25 10:00:00
77.275,17.725489,2025-11-25 10:00:00
15.2,14.114607,2025-11-25 10:00:00
74.975,17.6548,2025-11-25 11:00:00
10.7,13.083047,2025-11-25 11:00:00
0.2,7.1769533,2025-11-25 11:00:00
22.075,14.910169,2025-11-25 11:00:00
12.25,13.723816,2025-11-25 11:00:00
0.2,8.68114,2025-11-25 12:00:00
20.2,13.510211,2025-11-25 12:00:00
61.25,22.966906,2025-11-25 12:00:00
11.875,15.481776,2025-11-25 12:00:00
22.825000000000003,15.199775,2025-11-25 12:00:00
12.325,15.123523,2025-11-25 13:00:00
23.25,14.0715685,2025-11-25 13:00:00
0.35,12.46,2025-11-25 13:00:00
23.8,14.062079,2025-11-25 13:00:00
40.95,29.432234,2025-11-25 13:00:00
28.225,13.188921,2025-11-25 14:00:00
19.175,15.194071,2025-11-25 14:00:00
0.85,13.281196,2025-11-25 14:00:00
10.975,14.660681,2025-11-25 14:00:00
43.45,37.809586,2025-11-25 14:00:00
17.175,14.932647,2025-11-25 15:00:00
46.15,40.933125,2025-11-25 15:00:00
0.8,14.542657,2025-11-25 15:00:00
9.8,14.888523,2025-11-25 15:00:00
30.075,12.798529,2025-11-25 15:00:00
17.174999999999997,14.782808,2025-11-25 16:00:00
1.5,18.60459,2025-11-25 16:00:00
48.425,58.791893,2025-11-25 16:00:00
29.375,14.258859,2025-11-25 16:00:00
9.6,15.769997,2025-11-25 16:00:00
16.866666666666667,15.086618,2025-11-25 17:00:00
1.625,15.915801,2025-11-25 17:00:00
49.175,55.42811,2025-11-25 17:00:00
28.5,15.60232,2025-11-25 17:00:00
7.25,14.448942,2025-11-25 17:00:00
0.6,18.714634,2025-11-25 18:00:00
47.325,40.194874,2025-11-25 18:00:00
25.325,23.422379,2025-11-25 18:00:00
15.666666666666666,15.398221,2025-11-25 18:00:00
21.725,16.628717,2025-11-25 18:00:00
17.925,12.024976,2025-11-25 19:00:00
0.775,17.216225,2025-11-25 19:00:00
24.175,16.653065,2025-11-25 19:00:00
23.05,27.204844,2025-11-25 19:00:00
49.425,35.039753,2025-11-25 19:00:00
17.65,11.672299,2025-11-25 20:00:00
24.275,16.003254,2025-11-25 20:00:00
13.0,27.099361,2025-11-25 20:00:00
45.55,32.003155,2025-11-25 20:00:00
1.0,14.304129,2025-11-25 20:00:00
17.775,8.160351,2025-11-25 21:00:00
46.2,37.616344,2025-11-25 21:00:00
11.925,25.589695,2025-11-25 21:00:00
23.925,14.652984,2025-11-25 21:00:00
0.3666666666666667,10.568634,2025-11-25 21:00:00
18.275,8.720057,2025-11-25 22:00:00
45.35,37.26896,2025-11-25 22:00:00
0.3666666666666667,4.1774454,2025-11-25 22:00:00
10.85,23.087936,2025-11-25 22:00:00
19.85,12.877782,2025-11-25 22:00:00
10.975,22.55006,2025-11-25 23:00:00
0.1,4.6127825,2025-11-25 23:00:00
43.9,35.76644,2025-11-25 23:00:00
17.475,13.605296,2025-11-25 23:00:00
18.1,11.041246,2025-11-25 23:00:00
41.35,39.293503,2025-11-26 00:00:00
10.925,19.574585,2025-11-26 00:00:00
0.1,6.819947,2025-11-26 00:00:00
17.224999999999998,10.494284,2025-11-26 00:00:00
16.725,13.456056,2025-11-26 00:00:00
10.1,18.871735,2025-11-26 01:00:00
15.45,9.871712,2025-11-26 01:00:00
0.1,4.7989306,2025-11-26 01:00:00
38.575,40.661488,2025-11-26 01:00:00
16.625,15.726499,2025-11-26 01:00:00
16.675,12.672444,2025-11-26 02:00:00
42.45,40.26974,2025-11-26 02:00:00
1.75,4.579457,2025-11-26 02:00:00
8.566666666666668,18.310392,2025-11-26 02:00:00
23.275,18.0531,2025-11-26 02:00:00
8.566666666666668,17.673288,2025-11-26 03:00:00
16.05,13.584462,2025-11-26 03:00:00
4.65,7.606227,2025-11-26 03:00:00
43.625,42.50033,2025-11-26 03:00:00
26.775,20.018518,2025-11-26 03:00:00
8.566666666666668,14.4213,2025-11-26 04:00:00
18.4,13.348584,2025-11-26 04:00:00
5.0,7.9996195,2025-11-26 04:00:00
27.875,20.765917,2025-11-26 04:00:00
38.075,41.71181,2025-11-26 04:00:00
41.3,44.400288,2025-11-26 05:00:00
28.8,22.27969,2025-11-26 05:00:00
7.95,13.589522,2025-11-26 05:00:00
20.225,15.209807,2025-11-26 05:00:00
4.175,5.6001334,2025-11-26 05:00:00
17.8,21.556786,2025-11-26 06:00:00
38.1,39.261295,2025-11-26 06:00:00
23.95,15.26696,2025-11-26 06:00:00
8.075,13.728486,2025-11-26 06:00:00
3.725,4.7133765,2025-11-26 06:00:00
25.3,16.02475,2025-11-26 07:00:00
3.075,6.907178,2025-11-26 07:00:00
12.95,21.225964,2025-11-26 07:00:00
39.95,38.003147,2025-11-26 07:00:00
5.475,13.976946,2025-11-26 07:00:00
23.3,16.493824,2025-11-26 08:00:00
2.7,6.117034,2025-11-26 08:00:00
3.225,10.954103,2025-11-26 08:00:00
41.9,39.437622,2025-11-26 08:00:00
12.025,23.236923,2025-11-26 08:00:00
42.375,41.861423,2025-11-26 09:00:00
1.825,6.1716175,2025-11-26 09:00:00
22.9,14.541584,2025-11-26 09:00:00
4.775,10.747076,2025-11-26 09:00:00
11.825,21.70634,2025-11-26 09:00:00
21.125,12.414002,2025-11-26 10:00:00
18.2,19.730198,2025-11-26 10:00:00
46.6,38.818146,2025-11-26 10:00:00
0.8,9.777243,2025-11-26 10:00:00
1.1,6.9686046,2025-11-26 10:00:00
16.55,13.484815,2025-11-26 11:00:00
2.9,11.131127,2025-11-26 11:00:00
0.7000000000000001,6.4415436,2025-11-26 11:00:00
21.175,20.46824,2025-11-26 11:00:00
45.025,25.116669,2025-11-26 11:00:00
18.15,16.774866,2025-11-26 12:00:00
41.825,28.260603,2025-11-26 12:00:00
21.425,18.39411,2025-11-26 12:00:00
3.866666666666666,11.917887,2025-11-26 12:00:00
0.875,11.828321,2025-11-26 12:00:00
17.15,17.945202,2025-11-26 13:00:00
22.05,17.620436,2025-11-26 13:00:00
4.95,10.013722,2025-11-26 13:00:00
46.575,35.946,2025-11-26 13:00:00
5.9,10.345168,2025-11-26 13:00:00
8.6,13.528503,2025-11-26 14:00:00
16.8,17.805403,2025-11-26 14:00:00
9.5,14.076199,2025-11-26 14:00:00
50.425,31.273258,2025-11-26 14:00:00
18.55,18.282696,2025-11-26 14:00:00
15.55,10.850365,2025-11-26 15:00:00
52.475,33.51955,2025-11-26 15:00:00
17.75,15.712605,2025-11-26 15:00:00
13.7,13.721372,2025-11-26 15:00:00
17.425,13.854446,2025-11-26 15:00:00
15.475,18.93548,2025-11-26 16:00:00
14.05,15.254597,2025-11-26 16:00:00
17.575,14.614757,2025-11-26 16:00:00
54.2,37.931503,2025-11-26 16:00:00
15.325,9.661138,2025-11-26 16:00:00
17.233333333333334,14.183452,2025-11-26 17:00:00
21.375,10.990748,2025-11-26 17:00:00
57.625,41.048935,2025-11-26 17:00:00
13.7,18.327257,2025-11-26 17:00:00
12.15,17.304695,2025-11-26 17:00:00
25.6,20.972136,2025-11-26 18:00:00
18.475,20.01766,2025-11-26 18:00:00
21.433333333333334,16.217377,2025-11-26 18:00:00
60.0,38.001728,2025-11-26 18:00:00
10.4,16.143522,2025-11-26 18:00:00
9.275,13.389696,2025-11-26 19:00:00
18.825,19.307688,2025-11-26 19:00:00
25.925,21.788342,2025-11-26 19:00:00
23.95,12.455361,2025-11-26 19:00:00
56.175,38.015858,2025-11-26 19:00:00
55.0,38.886635,2025-11-26 20:00:00
21.775,20.86425,2025-11-26 20:00:00
19.05,17.333467,2025-11-26 20:00:00
30.05,14.055863,2025-11-26 20:00:00
8.55,8.857413,2025-11-26 20:00:00
19.75,16.13112,2025-11-26 21:00:00
53.95,38.406296,2025-11-26 21:00:00
40.35,12.583468,2025-11-26 21:00:00
6.0,5.1912255,2025-11-26 21:00:00
22.475,17.384838,2025-11-26 21:00:00
21.75,15.056917,2025-11-26 22:00:00
51.925,34.545624,2025-11-26 22:00:00
17.525,15.076335,2025-11-26 22:00:00
37.325,11.602613,2025-11-26 22:00:00
5.725,4.92684,2025-11-26 22:00:00
6.3,6.2719088,2025-11-26 23:00:00
55.4,32.619057,2025-11-26 23:00:00
36.95,12.634705,2025-11-26 23:00:00
22.5,15.23496,2025-11-26 23:00:00
16.275,13.344624,2025-11-26 23:00:00
36.575,11.943077,2025-11-27 00:00:00
6.025,6.628633,2025-11-27 00:00:00
22.925,14.885658,2025-11-27 00:00:00
52.775,40.737408,2025-11-27 00:00:00
18.15,14.801835,2025-11-27 00:00:00
56.575,42.06497,2025-11-27 01:00:00
22.15,14.602618,2025-11-27 01:00:00
36.1,13.960856,2025-11-27 01:00:00
19.45,14.787716,2025-11-27 01:00:00
7.0,6.344254,2025-11-27 01:00:00
93.3,43.440178,2025-11-27 02:00:00
19.7,11.68518,2025-11-27 02:00:00
10.05,3.555919,2025-11-27 02:00:00
37.025,16.337004,2025-11-27 02:00:00
23.925,16.581568,2025-11-27 02:00:00
12.35,8.629508,2025-11-27 03:00:00
83.625,43.888416,2025-11-27 03:00:00
15.75,12.824652,2025-11-27 03:00:00
24.825,16.798271,2025-11-27 03:00:00
35.15,17.960407,2025-11-27 03:00:00
28.375,16.442583,2025-11-27 04:00:00
12.775,8.973566,2025-11-27 04:00:00
35.2,25.343681,2025-11-27 04:00:00
8.350000000000001,13.330693,2025-11-27 04:00:00
67.675,39.68889,2025-11-27 04:00:00
10.85,15.01126,2025-11-27 05:00:00
39.35,25.09634,2025-11-27 05:00:00
27.725,19.624813,2025-11-27 05:00:00
62.975,38.22429,2025-11-27 05:00:00
10.775,10.547762,2025-11-27 05:00:00
22.0,21.528452,2025-11-27 06:00:00
6.824999999999999,11.934772,2025-11-27 06:00:00
43.4,25.539175,2025-11-27 06:00:00
10.8,11.116565,2025-11-27 06:00:00
58.175,37.67516,2025-11-27 06:00:00
8.975,10.0397835,2025-11-27 07:00:00
6.949999999999999,14.309745,2025-11-27 07:00:00
43.9,22.510056,2025-11-27 07:00:00
19.575,20.591368,2025-11-27 07:00:00
58.725,38.081947,2025-11-27 07:00:00
18.7,19.903498,2025-11-27 08:00:00
57.925,37.152157,2025-11-27 08:00:00
8.15,8.436421,2025-11-27 08:00:00
42.775,22.305614,2025-11-27 08:00:00
2.85,18.359135,2025-11-27 08:00:00
54.225,32.85123,2025-11-27 09:00:00
7.533333333333334,6.820463,2025-11-27 09:00:00
42.85,22.695759,2025-11-27 09:00:00
16.875,12.950147,2025-11-27 09:00:00
2.966666666666667,18.685402,2025-11-27 09:00:00
2.0666666666666664,11.63817,2025-11-27 10:00:00
53.025,28.580687,2025-11-27 10:00:00
15.875,13.086344,2025-11-27 10:00:00
5.45,7.5867457,2025-11-27 10:00:00
38.175,18.318722,2025-11-27 10:00:00
0.8,9.293559,2025-11-27 11:00:00
3.75,7.0136504,2025-11-27 11:00:00
34.925,18.480139,2025-11-27 11:00:00
15.475,15.503939,2025-11-27 11:00:00
49.225,32.24556,2025-11-27 11:00:00
51.85,35.717865,2025-11-27 12:00:00
3.5,8.930541,2025-11-27 12:00:00
4.45,7.301671,2025-11-27 12:00:00
36.5,23.39221,2025-11-27 12:00:00
16.1,15.833324,2025-11-27 12:00:00
5.074999999999999,13.376233,2025-11-27 13:00:00
16.575,18.331923,2025-11-27 13:00:00
53.575,42.319668,2025-11-27 13:00:00
36.8,26.777634,2025-11-27 13:00:00
7.85,15.177631,2025-11-27 13:00:00
56.275,48.01771,2025-11-27 14:00:00
13.95,13.604867,2025-11-27 14:00:00
37.05,33.752815,2025-11-27 14:00:00
14.975,19.13614,2025-11-27 14:00:00
13.975,11.854572,2025-11-27 14:00:00
37.15,40.598118,2025-11-27 15:00:00
14.85,15.720565,2025-11-27 15:00:00
15.675,11.905965,2025-11-27 15:00:00
62.3,48.584465,2025-11-27 15:00:00
15.9,18.67398,2025-11-27 15:00:00
16.075,18.709972,2025-11-27 16:00:00
62.3,44.115322,2025-11-27 16:00:00
22.525,10.1726,2025-11-27 16:00:00
14.825,13.089798,2025-11-27 16:00:00
36.85,41.78715,2025-11-27 16:00:00
14.675,17.706148,2025-11-27 17:00:00
20.35,13.329826,2025-11-27 17:00:00
15.366666666666667,16.889992,2025-11-27 17:00:00
34.175,35.332127,2025-11-27 17:00:00
62.3,43.56757,2025-11-27 17:00:00
18.025,16.238022,2025-11-27 18:00:00
19.825,21.132652,2025-11-27 18:00:00
9.8,38.082775,2025-11-27 18:00:00
12.85,15.927767,2025-11-27 18:00:00
23.166666666666668,38.453823,2025-11-27 18:00:00
20.4,31.159506,2025-11-27 19:00:00
18.925,16.371937,2025-11-27 19:00:00
8.6,33.37474,2025-11-27 19:00:00
17.85,19.755693,2025-11-27 19:00:00
13.0,13.171804,2025-11-27 19:00:00
13.025,21.090042,2025-11-27 20:00:00
19.15,16.065683,2025-11-27 20:00:00
7.45,38.88626,2025-11-27 20:00:00
19.5,28.728085,2025-11-27 20:00:00
13.15,12.690837,2025-11-27 20:00:00
10.95,11.623041,2025-11-27 21:00:00
7.5,33.860153,2025-11-27 21:00:00
18.725,16.264362,2025-11-27 21:00:00
20.5,30.878658,2025-11-27 21:00:00
12.6,16.00857,2025-11-27 21:00:00
12.625,16.940468,2025-11-27 22:00:00
20.700000000000003,30.470465,2025-11-27 22:00:00
14.275,12.671305,2025-11-27 22:00:00
106.2,35.533363,2025-11-27 22:00:00
10.275,8.57312,2025-11-27 22:00:00
116.15,39.66405,2025-11-27 23:00:00
12.4,15.7812805,2025-11-27 23:00:00
19.2,29.005754,2025-11-27 23:00:00
12.0,14.237075,2025-11-27 23:00:00
10.975,6.2057643,2025-11-27 23:00:00
18.025,23.686762,2025-11-28 00:00:00
117.55,37.89319,2025-11-28 00:00:00
10.325,6.6151867,2025-11-28 00:00:00
12.7,14.48237,2025-11-28 00:00:00
12.2,16.396095,2025-11-28 00:00:00
12.55,14.1950655,2025-11-28 01:00:00
11.3,6.6827207,2025-11-28 01:00:00
18.55,24.501333,2025-11-28 01:00:00
13.225,16.518347,2025-11-28 01:00:00
115.975,28.726189,2025-11-28 01:00:00
97.175,16.592981,2025-11-28 02:00:00
13.725,5.8630066,2025-11-28 02:00:00
7.725,15.8685465,2025-11-28 02:00:00
16.85,24.463707,2025-11-28 02:00:00
13.9,11.40695,2025-11-28 02:00:00
10.8,12.324333,2025-11-28 03:00:00
13.325,6.5737033,2025-11-28 03:00:00
4.525,17.323397,2025-11-28 03:00:00
88.525,18.243963,2025-11-28 03:00:00
14.825,19.938786,2025-11-28 03:00:00
13.35,9.716312,2025-11-28 04:00:00
58.05,33.51449,2025-11-28 04:00:00
16.275,22.804922,2025-11-28 04:00:00
6.275,17.443665,2025-11-28 04:00:00
10.3,10.413292,2025-11-28 04:00:00
7.575,19.296246,2025-11-28 05:00:00
17.15,23.45793,2025-11-28 05:00:00
13.45,10.901258,2025-11-28 05:00:00
35.9,40.45333,2025-11-28 05:00:00
6.8,12.454819,2025-11-28 05:00:00
8.15,11.409959,2025-11-28 06:00:00
20.35,20.221447,2025-11-28 06:00:00
18.5,21.454834,2025-11-28 06:00:00
3.225,10.826983,2025-11-28 06:00:00
19.9,38.464146,2025-11-28 06:00:00
29.75,47.612617,2025-11-28 07:00:00
1.8666666666666665,10.94045,2025-11-28 07:00:00
19.675,19.4258,2025-11-28 07:00:00
5.775,12.872639,2025-11-28 07:00:00
26.875,19.804842,2025-11-28 07:00:00
24.866666666666664,17.454594,2025-11-28 08:00:00
19.75,17.75739,2025-11-28 08:00:00
4.05,24.311163,2025-11-28 08:00:00
43.7,42.487484,2025-11-28 08:00:00
0.95,12.292575,2025-11-28 08:00:00
19.25,16.707464,2025-11-28 09:00:00
50.975,39.580204,2025-11-28 09:00:00
1.7,23.14171,2025-11-28 09:00:00
2.45,12.538534,2025-11-28 09:00:00
24.6,15.062254,2025-11-28 09:00:00
26.25,10.511556,2025-11-28 10:00:00
64.625,51.173264,2025-11-28 10:00:00
0.725,8.064096,2025-11-28 10:00:00
16.325,13.354586,2025-11-28 10:00:00
0.8,9.047403,2025-11-28 10:00:00
27.425,9.047441,2025-11-28 11:00:00
47.9,45.27795,2025-11-28 11:00:00
0.7,8.482567,2025-11-28 11:00:00
14.5,14.002216,2025-11-28 11:00:00
0.8,9.357987,2025-11-28 11:00:00
0.8,10.097612,2025-11-28 12:00:00
14.825,13.468304,2025-11-28 12:00:00
57.375,28.528082,2025-11-28 12:00:00
28.225,11.506052,2025-11-28 12:00:00
1.6,9.964133,2025-11-28 12:00:00
1.85,14.254156,2025-11-28 13:00:00
29.025,14.54168,2025-11-28 13:00:00
58.675,36.49088,2025-11-28 13:00:00
2.8,9.504071,2025-11-28 13:00:00
15.525,16.313404,2025-11-28 13:00:00
5.125,13.352714,2025-11-28 14:00:00
66.60000000000001,40.513176,2025-11-28 14:00:00
23.125,16.104786,2025-11-28 14:00:00
17.55,20.404964,2025-11-28 14:00:00
4.75,12.503032,2025-11-28 14:00:00
69.9,43.276558,2025-11-28 15:00:00
20.45,15.607536,2025-11-28 15:00:00
6.0,13.028982,2025-11-28 15:00:00
15.975,16.038267,2025-11-28 15:00:00
8.025,11.649509,2025-11-28 15:00:00
13.025,16.554995,2025-11-28 16:00:00
13.6,9.814977,2025-11-28 16:00:00
68.925,40.55991,2025-11-28 16:00:00
5.4,18.086329,2025-11-28 16:00:00
20.5,16.083931,2025-11-28 16:00:00
3.925,19.13092,2025-11-28 17:00:00
68.95,42.496338,2025-11-28 17:00:00
15.65,14.318951,2025-11-28 17:00:00
20.1,18.557884,2025-11-28 17:00:00
12.2,22.032618,2025-11-28 17:00:00
13.775,24.412872,2025-11-28 18:00:00
71.775,44.76163,2025-11-28 18:00:00
16.099999999999998,18.889046,2025-11-28 18:00:00
24.95,17.1666,2025-11-28 18:00:00
3.425,18.374687,2025-11-28 18:00:00
9.8,23.858236,2025-11-28 19:00:00
19.125,16.954828,2025-11-28 19:00:00
27.125,15.107347,2025-11-28 19:00:00
72.3,38.50853,2025-11-28 19:00:00
2.525,17.136425,2025-11-28 19:00:00
3.7,24.94853,2025-11-28 20:00:00
26.775,13.025563,2025-11-28 20:00:00
76.95,34.911358,2025-11-28 20:00:00
18.2,14.820807,2025-11-28 20:00:00
2.5,14.042446,2025-11-28 20:00:00
2.275,24.972134,2025-11-28 21:00:00
77.47500000000001,36.408443,2025-11-28 21:00:00
1.175,12.082172,2025-11-28 21:00:00
26.35,11.458022,2025-11-28 21:00:00
19.325,11.079529,2025-11-28 21:00:00
19.65,11.501308,2025-11-28 22:00:00
0.875,9.047536,2025-11-28 22:00:00
18.7,11.968453,2025-11-28 22:00:00
79.825,36.34407,2025-11-28 22:00:00
1.1,17.101948,2025-11-28 22:00:00
0.325,8.517647,2025-11-28 23:00:00
16.425,14.726916,2025-11-28 23:00:00
1.3,14.595026,2025-11-28 23:00:00
19.325,11.175687,2025-11-28 23:00:00
80.2,37.393494,2025-11-28 23:00:00
1.15,7.7866044,2025-11-29 00:00:00
16.5,14.607484,2025-11-29 00:00:00
84.925,35.00536,2025-11-29 00:00:00
18.65,11.403321,2025-11-29 00:00:00
4.7,11.488357,2025-11-29 00:00:00
3.2,10.62479,2025-11-29 01:00:00
18.475,12.958789,2025-11-29 01:00:00
1.125,7.385109,2025-11-29 01:00:00
79.725,28.702187,2025-11-29 01:00:00
16.225,14.092814,2025-11-29 01:00:00
20.225,16.796759,2025-11-29 02:00:00
19.525,13.266031,2025-11-29 02:00:00
2.6,8.214546,2025-11-29 02:00:00
81.2,28.93932,2025-11-29 02:00:00
1.1,5.8666587,2025-11-29 02:00:00
22.825000000000003,17.3278,2025-11-29 03:00:00
6.733333333333333,10.183554,2025-11-29 03:00:00
19.25,14.388036,2025-11-29 03:00:00
79.45,31.248972,2025-11-29 03:00:00
3.875,7.06,2025-11-29 03:00:00
74.25,27.503054,2025-11-29 04:00:00
21.05,15.552461,2025-11-29 04:00:00
4.9,10.262603,2025-11-29 04:00:00
3.875,7.4082775,2025-11-29 04:00:00
23.475,17.36435,2025-11-29 04:00:00
22.675,14.62081,2025-11-29 05:00:00
2.45,9.312887,2025-11-29 05:00:00
53.75,33.15832,2025-11-29 05:00:00
23.775,17.970797,2025-11-29 05:00:00
3.4,10.128512,2025-11-29 05:00:00
22.675,14.626322,2025-11-29 06:00:00
18.4,18.124023,2025-11-29 06:00:00
0.55,8.362193,2025-11-29 06:00:00
84.8,45.184643,2025-11-29 06:00:00
2.575,10.625006,2025-11-29 06:00:00
75.925,44.225346,2025-11-29 07:00:00
8.575,8.563247,2025-11-29 07:00:00
18.4,17.838572,2025-11-29 07:00:00
2.575,9.996325,2025-11-29 07:00:00
47.5,14.7794485,2025-11-29 07:00:00
70.875,42.80884,2025-11-29 08:00:00
13.6,18.023018,2025-11-29 08:00:00
50.0,15.466002,2025-11-29 08:00:00
2.575,8.261908,2025-11-29 08:00:00
10.025,8.168373,2025-11-29 08:00:00
48.475,16.022919,2025-11-29 09:00:00
8.0,6.462278,2025-11-29 09:00:00
75.3,38.009434,2025-11-29 09:00:00
2.575,7.77935,2025-11-29 09:00:00
12.625,19.083094,2025-11-29 09:00:00
15.175,19.645975,2025-11-29 10:00:00
72.55,47.80196,2025-11-29 10:00:00
7.775,6.253668,2025-11-29 10:00:00
46.475,16.68294,2025-11-29 10:00:00
8.45,6.4586406,2025-11-29 11:00:00
57.175,41.397236,2025-11-29 11:00:00
16.05,20.084751,2025-11-29 11:00:00
45.975,15.601529,2025-11-29 11:00:00
3.325,8.036575,2025-11-29 11:00:00
16.725,17.400024,2025-11-29 12:00:00
9.6,8.666343,2025-11-29 12:00:00
4.2,12.144405,2025-11-29 12:00:00
47.425,16.159775,2025-11-29 12:00:00
31.8,37.66777,2025-11-29 12:00:00
37.05,47.733032,2025-11-29 13:00:00
11.65,14.106341,2025-11-29 13:00:00
17.15,18.495539,2025-11-29 13:00:00
5.300000000000001,13.937872,2025-11-29 13:00:00
46.625,19.680899,2025-11-29 13:00:00
47.075,19.99282,2025-11-29 14:00:00
37.05,71.211296,2025-11-29 14:00:00
14.225,16.846539,2025-11-29 14:00:00
10.125,10.972628,2025-11-29 14:00:00
16.225,18.26188,2025-11-29 14:00:00
8.75,6.2157006,2025-11-29 15:00:00
37.05,47.919662,2025-11-29 15:00:00
15.85,14.583526,2025-11-29 15:00:00
46.8,30.789015,2025-11-29 15:00:00
15.625,20.060453,2025-11-29 15:00:00
15.925,18.714426,2025-11-29 16:00:00
46.35,29.969269,2025-11-29 16:00:00
15.975,15.048056,2025-11-29 16:00:00
37.05,46.63911,2025-11-29 16:00:00
16.125,17.18926,2025-11-29 17:00:00
15.933333333333332,16.322336,2025-11-29 17:00:00
45.225,28.859371,2025-11-29 17:00:00
17.575,8.384078,2025-11-29 17:00:00
16.325000000000003,12.476857,2025-11-29 18:00:00
25.8,32.22943,2025-11-29 18:00:00
17.125,19.561024,2025-11-29 18:00:00
13.675,16.394163,2025-11-29 18:00:00
20.225,30.542229,2025-11-29 19:00:00
14.35,22.659979,2025-11-29 19:00:00
12.375,14.166348,2025-11-29 19:00:00
15.4,13.830878,2025-11-29 19:00:00
14.05,14.005773,2025-11-29 20:00:00
1.4,20.025225,2025-11-29 20:00:00
12.2,13.574586,2025-11-29 20:00:00
19.4,29.011616,2025-11-29 20:00:00
20.25,28.441334,2025-11-29 21:00:00
12.025,15.048414,2025-11-29 21:00:00
1.4,17.815754,2025-11-29 21:00:00
12.475,11.47006,2025-11-29 21:00:00
11.4,7.157993,2025-11-29 22:00:00
18.025,27.892212,2025-11-29 22:00:00
10.225,14.557418,2025-11-29 22:00:00
1.4,14.975296,2025-11-29 22:00:00
1.4,11.546829,2025-11-29 23:00:00
11.125,8.985419,2025-11-29 23:00:00
17.400000000000002,28.623455,2025-11-29 23:00:00
9.65,16.052488,2025-11-29 23:00:00
18.525,22.582394,2025-11-30 00:00:00
10.25,10.842662,2025-11-30 00:00:00
9.3,15.716261,2025-11-30 00:00:00
9.175,14.421703,2025-11-30 01:00:00
9.475,10.255963,2025-11-30 01:00:00
18.15,21.720047,2025-11-30 01:00:00
11.5,14.458437,2025-11-30 02:00:00
16.8,19.287167,2025-11-30 02:00:00
2.8,8.518822,2025-11-30 02:00:00
8.725,9.939095,2025-11-30 02:00:00
16.975,17.574095,2025-11-30 03:00:00
1.2666666666666666,9.739668,2025-11-30 03:00:00
9.0,10.714585,2025-11-30 03:00:00
12.65,14.940976,2025-11-30 03:00:00
18.375,17.789768,2025-11-30 04:00:00
8.9,12.690639,2025-11-30 04:00:00
13.075,14.693863,2025-11-30 04:00:00
5.9,10.088317,2025-11-30 04:00:00
13.4,9.468415,2025-11-30 05:00:00
9.325,13.866093,2025-11-30 05:00:00
13.85,16.345465,2025-11-30 05:00:00
20.325,17.05235,2025-11-30 05:00:00
16.475,16.024258,2025-11-30 06:00:00
10.25,14.096607,2025-11-30 06:00:00
22.725,17.45795,2025-11-30 06:00:00
8.325,12.799403,2025-11-30 07:00:00
17.125,15.439152,2025-11-30 07:00:00
24.5,19.95614,2025-11-30 07:00:00
22.55,18.015982,2025-11-30 08:00:00
16.35,12.977345,2025-11-30 08:00:00
10.625,12.396593,2025-11-30 08:00:00
6.8,13.432896,2025-11-30 08:00:00
11.35,10.922979,2025-11-30 09:00:00
22.35,15.777808,2025-11-30 09:00:00
5.55,12.1061125,2025-11-30 09:00:00
16.325000000000003,13.632336,2025-11-30 09:00:00
36.9,35.34834,2025-11-30 09:00:00
9.975,12.959279,2025-11-30 10:00:00
22.975,16.992352,2025-11-30 10:00:00
19.175,12.224934,2025-11-30 10:00:00
36.9,41.739273,2025-11-30 10:00:00
4.925,11.966993,2025-11-30 10:00:00
36.9,38.743233,2025-11-30 11:00:00
19.625,10.846625,2025-11-30 11:00:00
20.125,17.504814,2025-11-30 11:00:00
4.45,11.045029,2025-11-30 11:00:00
7.85,12.075767,2025-11-30 11:00:00
5.175,8.614037,2025-11-30 12:00:00
19.525,11.159563,2025-11-30 12:00:00
7.875,10.194319,2025-11-30 12:00:00
18.075,16.57037,2025-11-30 12:00:00
18.325,20.562807,2025-11-30 13:00:00
8.575,9.865441,2025-11-30 13:00:00
7.35,9.166853,2025-11-30 13:00:00
19.825,11.019987,2025-11-30 13:00:00
6.199999999999999,8.432254,2025-11-30 14:00:00
8.5,10.831905,2025-11-30 14:00:00
22.125,12.4323435,2025-11-30 14:00:00
17.9,21.915953,2025-11-30 14:00:00
5.5,10.530435,2025-11-30 15:00:00
8.375,14.496146,2025-11-30 15:00:00
17.0,19.774204,2025-11-30 15:00:00
22.725,12.195591,2025-11-30 15:00:00
15.5,20.505215,2025-11-30 16:00:00
22.425,12.53419,2025-11-30 16:00:00
6.3,8.698288,2025-11-30 16:00:00
10.475,15.698194,2025-11-30 16:00:00
11.0,15.896331,2025-11-30 17:00:00
4.15,6.9869146,2025-11-30 17:00:00
22.83333333333333,13.2995,2025-11-30 17:00:00
14.05,22.51965,2025-11-30 17:00:00
10.266666666666666,16.27134,2025-11-30 18:00:00
21.15,13.866617,2025-11-30 18:00:00
4.433333333333334,13.242739,2025-11-30 18:00:00
18.53333333333333,18.289183,2025-11-30 18:00:00
4.3,17.358572,2025-11-30 19:00:00
19.55,16.662474,2025-11-30 19:00:00
21.4,14.255258,2025-11-30 19:00:00
9.875,13.376892,2025-11-30 19:00:00
9.95,12.803113,2025-11-30 20:00:00
20.45,14.12974,2025-11-30 20:00:00
19.75,14.483316,2025-11-30 20:00:00
4.3,15.688591,2025-11-30 20:00:00
20.125,15.620326,2025-11-30 21:00:00
4.3,14.975331,2025-11-30 21:00:00
19.775,13.810725,2025-11-30 21:00:00
7.575,9.128877,2025-11-30 21:00:00
18.4,11.236534,2025-11-30 22:00:00
8.05,6.467387,2025-11-30 22:00:00
1.6,11.046861,2025-11-30 22:00:00
21.85,14.100167,2025-11-30 22:00:00
7.425,6.441405,2025-11-30 23:00:00
19.3,9.503607,2025-11-30 23:00:00
22.475,13.156731,2025-11-30 23:00:00
1.6,10.587671,2025-11-30 23:00:00
22.125,14.64953,2025-12-01 00:00:00
7.625,7.412744,2025-12-01 00:00:00
18.65,11.356932,2025-12-01 00:00:00
1.6,8.394517,2025-12-01 00:00:00
104.775,51.49522,2025-12-01 01:00:00
21.775,15.032249,2025-12-01 01:00:00
6.699999999999999,6.926062,2025-12-01 01:00:00
1.9666666666666668,7.2782936,2025-12-01 01:00:00
20.2,12.644178,2025-12-01 01:00:00
139.1,50.427406,2025-12-01 02:00:00
4.35,7.974754,2025-12-01 02:00:00
22.225,13.415901,2025-12-01 02:00:00
9.225,7.2029877,2025-12-01 02:00:00
16.1,16.507893,2025-12-01 02:00:00
13.225,17.97925,2025-12-01 03:00:00
22.025,16.338251,2025-12-01 03:00:00
10.35,9.498891,2025-12-01 03:00:00
3.425,9.648056,2025-12-01 03:00:00
146.275,56.076115,2025-12-01 03:00:00
10.35,9.144197,2025-12-01 04:00:00
14.15,18.024996,2025-12-01 04:00:00
8.625,9.496168,2025-12-01 04:00:00
24.15,18.303274,2025-12-01 04:00:00
126.85,44.05175,2025-12-01 04:00:00
14.975,20.643002,2025-12-01 05:00:00
8.375,9.907316,2025-12-01 05:00:00
25.766666666666666,20.871168,2025-12-01 05:00:00
52.775,38.318066,2025-12-01 05:00:00
7.1,10.935569,2025-12-01 05:00:00
26.8,18.896162,2025-12-01 06:00:00
5.625,11.149131,2025-12-01 06:00:00
12.333333333333334,52.335037,2025-12-01 06:00:00
9.9,9.952742,2025-12-01 06:00:00
14.975,22.254717,2025-12-01 06:00:00
8.475,10.232765,2025-12-01 07:00:00
188.9,23.039572,2025-12-01 07:00:00
4.05,46.960102,2025-12-01 07:00:00
26.8,20.18543,2025-12-01 07:00:00
9.15,14.534464,2025-12-01 07:00:00
6.525,46.700478,2025-12-01 08:00:00
188.9,22.877087,2025-12-01 08:00:00
8.625,15.942572,2025-12-01 08:00:00
2.6,19.812887,2025-12-01 08:00:00
7.125,9.610488,2025-12-01 08:00:00
23.475,21.156094,2025-12-01 09:00:00
60.400000000000006,47.30132,2025-12-01 09:00:00
27.025,19.378424,2025-12-01 09:00:00
8.15,16.114481,2025-12-01 09:00:00
5.775,10.94727,2025-12-01 09:00:00
4.0,11.494154,2025-12-01 10:00:00
105.73333333333332,48.815178,2025-12-01 10:00:00
17.975,19.568228,2025-12-01 10:00:00
6.5,16.217245,2025-12-01 10:00:00
23.475,19.005434,2025-12-01 10:00:00
5.35,15.884868,2025-12-01 11:00:00
168.4,58.371723,2025-12-01 11:00:00
3.0,9.3373,2025-12-01 11:00:00
14.0,20.126497,2025-12-01 11:00:00
21.925,21.319078,2025-12-01 11:00:00
197.15,45.422684,2025-12-01 12:00:00
4.1,9.319039,2025-12-01 12:00:00
22.65,21.414625,2025-12-01 12:00:00
13.825,17.251083,2025-12-01 12:00:00
3.5,11.734108,2025-12-01 12:00:00
4.075,9.360394,2025-12-01 13:00:00
24.775,21.695377,2025-12-01 13:00:00
7.375,9.130562,2025-12-01 13:00:00
197.15,33.780224,2025-12-01 13:00:00
14.575,40.22124,2025-12-01 13:00:00
192.45,36.203453,2025-12-01 14:00:00
4.525,7.910345,2025-12-01 14:00:00
15.55,58.974163,2025-12-01 14:00:00
24.425,18.798111,2025-12-01 14:00:00
9.95,9.919168,2025-12-01 14:00:00
16.05,61.011,2025-12-01 15:00:00
13.15,13.252679,2025-12-01 15:00:00
161.36666666666667,32.700153,2025-12-01 15:00:00
5.75,8.214772,2025-12-01 15:00:00
23.075,19.699947,2025-12-01 15:00:00
16.475,55.92943,2025-12-01 16:00:00
13.35,15.9297495,2025-12-01 16:00:00
21.125,19.095743,2025-12-01 16:00:00
2.6333333333333333,6.9883423,2025-12-01 16:00:00
103.76666666666668,51.09025,2025-12-01 16:00:00
16.533333333333335,25.410637,2025-12-01 17:00:00
1.9,5.5816793,2025-12-01 17:00:00
187.1,62.424324,2025-12-01 17:00:00
14.875,16.297384,2025-12-01 17:00:00
21.25,19.8763,2025-12-01 17:00:00
2.066666666666667,14.377763,2025-12-01 18:00:00
88.75,57.640152,2025-12-01 18:00:00
14.55,14.715999,2025-12-01 18:00:00
24.4,18.709238,2025-12-01 18:00:00
16.325000000000003,28.99732,2025-12-01 18:00:00
23.95,18.225426,2025-12-01 19:00:00
15.975,26.09503,2025-12-01 19:00:00
13.5,11.747671,2025-12-01 19:00:00
3.4,20.784115,2025-12-01 19:00:00
125.66666666666669,46.190075,2025-12-01 19:00:00
15.675,20.418144,2025-12-01 20:00:00
14.2,12.165984,2025-12-01 20:00:00
194.45,44.784122,2025-12-01 20:00:00
22.65,19.112688,2025-12-01 20:00:00
0.2,15.839245,2025-12-01 20:00:00
0.15,13.183703,2025-12-01 21:00:00
30.375,17.499454,2025-12-01 21:00:00
15.025,19.659399,2025-12-01 21:00:00
11.575,8.176405,2025-12-01 21:00:00
148.2,32.5546,2025-12-01 21:00:00
28.8,16.910484,2025-12-01 22:00:00
115.0,32.752125,2025-12-01 22:00:00
11.475,6.5777907,2025-12-01 22:00:00
11.675,18.905752,2025-12-01 22:00:00
0.9,10.126586,2025-12-01 22:00:00
12.175,8.068826,2025-12-01 23:00:00
1.4666666666666668,8.735853,2025-12-01 23:00:00
26.4,15.945673,2025-12-01 23:00:00
178.65,36.09901,2025-12-01 23:00:00
9.375,20.077206,2025-12-01 23:00:00
1.7999999999999998,8.122569,2025-12-02 00:00:00
12.6,10.60813,2025-12-02 00:00:00
146.9,39.068314,2025-12-02 00:00:00
10.275,16.98805,2025-12-02 00:00:00
27.65,15.951428,2025-12-02 00:00:00
143.29999999999998,41.645157,2025-12-02 01:00:00
3.5,5.949156,2025-12-02 01:00:00
13.85,7.722593,2025-12-02 01:00:00
10.75,16.68516,2025-12-02 01:00:00
28.4,14.79487,2025-12-02 01:00:00
15.625,18.191242,2025-12-02 02:00:00
14.325,7.0469947,2025-12-02 02:00:00
163.33333333333334,37.204025,2025-12-02 02:00:00
2.35,5.9306297,2025-12-02 02:00:00
31.0,16.643667,2025-12-02 02:00:00
103.575,51.208767,2025-12-02 03:00:00
32.5,18.91068,2025-12-02 03:00:00
18.2,18.877676,2025-12-02 03:00:00
7.875,12.079864,2025-12-02 03:00:00
16.35,8.469216,2025-12-02 03:00:00
14.6,10.724949,2025-12-02 04:00:00
35.475,19.488375,2025-12-02 04:00:00
12.425,17.227736,2025-12-02 04:00:00
22.975,51.356037,2025-12-02 04:00:00
19.7,20.860834,2025-12-02 04:00:00
39.3,21.9265,2025-12-02 05:00:00
76.725,53.470478,2025-12-02 05:00:00
12.225,15.832158,2025-12-02 05:00:00
14.025,11.044142,2025-12-02 05:00:00
20.85,23.51391,2025-12-02 05:00:00
23.35,24.375465,2025-12-02 06:00:00
10.85,16.007835,2025-12-02 06:00:00
14.0,9.03467,2025-12-02 06:00:00
39.275,23.62618,2025-12-02 06:00:00
178.0,47.927757,2025-12-02 06:00:00
9.15,15.45686,2025-12-02 07:00:00
37.225,22.17222,2025-12-02 07:00:00
8.875,9.030624,2025-12-02 07:00:00
23.3,25.288446,2025-12-02 07:00:00
178.0,45.383324,2025-12-02 07:00:00
34.8,21.470758,2025-12-02 08:00:00
24.075,24.99652,2025-12-02 08:00:00
178.0,44.097,2025-12-02 08:00:00
13.65,14.422044,2025-12-02 08:00:00
4.875,10.735295,2025-12-02 08:00:00
178.0,38.700092,2025-12-02 09:00:00
9.425,15.174943,2025-12-02 09:00:00
6.1,11.705888,2025-12-02 09:00:00
34.599999999999994,17.467316,2025-12-02 09:00:00
24.25,22.479452,2025-12-02 09:00:00
13.025,21.693632,2025-12-02 10:00:00
5.95,7.166668,2025-12-02 10:00:00
34.925,19.259731,2025-12-02 10:00:00
7.025,7.8607,2025-12-02 10:00:00
7.075,17.813095,2025-12-02 11:00:00
3.95,8.605899,2025-12-02 11:00:00
29.475,19.655157,2025-12-02 11:00:00
2.533333333333333,8.947062,2025-12-02 11:00:00
1.8,9.877625,2025-12-02 12:00:00
4.3,9.285057,2025-12-02 12:00:00
29.2,21.097225,2025-12-02 12:00:00
7.3,18.928156,2025-12-02 12:00:00
7.6,16.785006,2025-12-02 13:00:00
4.225,9.508227,2025-12-02 13:00:00
28.5,23.248531,2025-12-02 13:00:00
5.625,12.409032,2025-12-02 13:00:00
30.475,24.2396,2025-12-02 14:00:00
3.45,11.584917,2025-12-02 14:00:00
15.8,10.773669,2025-12-02 14:00:00
8.825,16.229174,2025-12-02 14:00:00
30.2,27.764534,2025-12-02 15:00:00
19.6,17.473171,2025-12-02 15:00:00
1.725,8.929645,2025-12-02 15:00:00
11.375,20.218788,2025-12-02 15:00:00
20.25,15.058855,2025-12-02 16:00:00
2.375,8.146363,2025-12-02 16:00:00
14.425,18.081785,2025-12-02 16:00:00
27.125,24.787868,2025-12-02 16:00:00
2.0,7.4468718,2025-12-02 17:00:00
26.633333333333336,24.00267,2025-12-02 17:00:00
16.2,15.741222,2025-12-02 17:00:00
20.933333333333334,15.499183,2025-12-02 17:00:00
0.6,11.876799,2025-12-02 18:00:00
21.65,14.369242,2025-12-02 18:00:00
26.166666666666668,22.193237,2025-12-02 18:00:00
14.825,13.892968,2025-12-02 18:00:00
21.45,14.884391,2025-12-02 19:00:00
26.4,21.440508,2025-12-02 19:00:00
1.0,18.258713,2025-12-02 19:00:00
14.275,11.36377,2025-12-02 19:00:00
1.0,13.739885,2025-12-02 20:00:00
12.85,13.405233,2025-12-02 20:00:00
21.625,14.275205,2025-12-02 20:00:00
23.9,20.633726,2025-12-02 20:00:00
1.0,11.704089,2025-12-02 21:00:00
21.175,12.112396,2025-12-02 21:00:00
25.675,25.261599,2025-12-02 21:00:00
6.75,12.518744,2025-12-02 21:00:00
24.475,21.26432,2025-12-02 22:00:00
20.475,13.298233,2025-12-02 22:00:00
7.075,9.046713,2025-12-02 22:00:00
1.0,8.323268,2025-12-02 22:00:00
20.75,14.128092,2025-12-02 23:00:00
25.5,20.955193,2025-12-02 23:00:00
7.550000000000001,6.35045,2025-12-02 23:00:00
24.8,21.328068,2025-12-03 00:00:00
65.45,36.211514,2025-12-03 00:00:00
6.775,9.997192,2025-12-03 00:00:00
20.9,13.396928,2025-12-03 00:00:00
74.1,33.47799,2025-12-03 01:00:00
7.3,8.731555,2025-12-03 01:00:00
26.433333333333334,18.972027,2025-12-03 01:00:00
20.7,13.722798,2025-12-03 01:00:00
8.3,8.584584,2025-12-03 02:00:00
27.75,21.526628,2025-12-03 02:00:00
69.4,35.05341,2025-12-03 02:00:00
0.7,4.935406,2025-12-03 02:00:00
21.675,13.04881,2025-12-03 02:00:00
26.475,22.767878,2025-12-03 03:00:00
73.325,38.012337,2025-12-03 03:00:00
10.525,8.800298,2025-12-03 03:00:00
22.075,14.734978,2025-12-03 03:00:00
2.2,5.7570567,2025-12-03 03:00:00
67.2,43.62991,2025-12-03 04:00:00
23.5,15.5643635,2025-12-03 04:00:00
11.775,9.048649,2025-12-03 04:00:00
27.766666666666666,25.347809,2025-12-03 04:00:00
4.3,6.465327,2025-12-03 04:00:00
24.1,17.747795,2025-12-03 05:00:00
32.8,26.780771,2025-12-03 05:00:00
10.675,10.486078,2025-12-03 05:00:00
39.15,45.530178,2025-12-03 05:00:00
29.5,43.154648,2025-12-03 06:00:00
7.95,8.69714,2025-12-03 06:00:00
21.775,18.651604,2025-12-03 06:00:00
32.6,23.41924,2025-12-03 06:00:00
5.975,10.232472,2025-12-03 07:00:00
43.15,42.221447,2025-12-03 07:00:00
20.25,18.52046,2025-12-03 07:00:00
31.425,23.205786,2025-12-03 07:00:00
29.8,22.66756,2025-12-03 08:00:00
45.35,39.514538,2025-12-03 08:00:00
19.475,17.481632,2025-12-03 08:00:00
2.45,10.30128,2025-12-03 08:00:00
8.625,6.7995715,2025-12-03 08:00:00
8.5,8.582079,2025-12-03 09:00:00
43.1,36.373028,2025-12-03 09:00:00
18.925,18.458117,2025-12-03 09:00:00
2.3,10.189695,2025-12-03 09:00:00
25.225,24.65298,2025-12-03 09:00:00
1.6,9.539174,2025-12-03 10:00:00
23.15,20.681767,2025-12-03 10:00:00
21.2,18.97832,2025-12-03 10:00:00
44.225,32.725548,2025-12-03 10:00:00
8.9,8.064475,2025-12-03 10:00:00
22.675,15.012067,2025-12-03 11:00:00
6.35,8.953033,2025-12-03 11:00:00
1.65,8.830674,2025-12-03 11:00:00
32.35,34.800076,2025-12-03 11:00:00
23.925,23.541117,2025-12-03 11:00:00
2.725,10.358682,2025-12-03 12:00:00
23.275,15.53844,2025-12-03 12:00:00
24.85,26.058136,2025-12-03 12:00:00
8.625,11.541513,2025-12-03 12:00:00
24.275,34.283695,2025-12-03 12:00:00
23.5,17.743563,2025-12-03 13:00:00
4.75,14.759566,2025-12-03 13:00:00
26.275,25.999104,2025-12-03 13:00:00
8.875,12.233773,2025-12-03 13:00:00
25.15,31.94389,2025-12-03 13:00:00
23.825,45.67501,2025-12-03 14:00:00
25.75,29.181625,2025-12-03 14:00:00
20.725,17.37736,2025-12-03 14:00:00
9.25,11.382454,2025-12-03 14:00:00
10.425,8.9481735,2025-12-03 14:00:00
14.85,8.018906,2025-12-03 15:00:00
27.3,38.31221,2025-12-03 15:00:00
25.3,28.498857,2025-12-03 15:00:00
10.35,12.043194,2025-12-03 15:00:00
19.95,16.941141,2025-12-03 15:00:00
10.525,13.755327,2025-12-03 16:00:00
19.475,15.556913,2025-12-03 16:00:00
8.55,5.852722,2025-12-03 16:00:00
23.5,33.799316,2025-12-03 16:00:00
24.45,24.589418,2025-12-03 16:00:00
10.05,16.796112,2025-12-03 17:00:00
21.35,26.089146,2025-12-03 17:00:00
14.675,37.617496,2025-12-03 17:00:00
19.433333333333334,16.935606,2025-12-03 17:00:00
6.175,10.581415,2025-12-03 17:00:00
9.425,17.036837,2025-12-03 18:00:00
6.925,13.104589,2025-12-03 18:00:00
20.9,32.37065,2025-12-03 18:00:00
13.6,15.878262,2025-12-03 18:00:00
20.366666666666667,25.054977,2025-12-03 18:00:00
9.625,16.643522,2025-12-03 19:00:00
8.8,13.493064,2025-12-03 19:00:00
6.0,15.567391,2025-12-03 19:00:00
19.3,24.210453,2025-12-03 19:00:00
23.3,31.448517,2025-12-03 19:00:00
6.800000000000001,10.4248,2025-12-03 20:00:00
17.950000000000003,20.778055,2025-12-03 20:00:00
6.0,14.252391,2025-12-03 20:00:00
9.1,15.88179,2025-12-03 20:00:00
28.075,29.115698,2025-12-03 20:00:00
4.025,9.031524,2025-12-03 21:00:00
18.4,21.123487,2025-12-03 21:00:00
6.0,13.988168,2025-12-03 21:00:00
9.525,15.945455,2025-12-03 21:00:00
29.3,33.463673,2025-12-03 21:00:00
30.325,25.808626,2025-12-03 22:00:00
20.275,14.324305,2025-12-03 22:00:00
0.95,10.603889,2025-12-03 22:00:00
17.75,19.578579,2025-12-03 22:00:00
4.0,6.0402474,2025-12-03 22:00:00
18.375,14.225206,2025-12-03 23:00:00
25.05,16.210802,2025-12-03 23:00:00
0.3,9.038134,2025-12-03 23:00:00
3.825,5.3401995,2025-12-03 23:00:00
31.65,25.914473,2025-12-03 23:00:00
3.125,4.992733,2025-12-04 00:00:00
33.05,22.92275,2025-12-04 00:00:00
24.225,15.349906,2025-12-04 00:00:00
18.6,14.642366,2025-12-04 00:00:00
3.425,7.8623304,2025-12-04 00:00:00
3.55,6.490427,2025-12-04 01:00:00
19.175,15.997252,2025-12-04 01:00:00
33.4,22.423042,2025-12-04 01:00:00
2.1,7.913722,2025-12-04 01:00:00
25.025,14.929416,2025-12-04 01:00:00
32.95,23.444397,2025-12-04 02:00:00
10.975,13.950051,2025-12-04 02:00:00
20.25,15.225181,2025-12-04 02:00:00
3.025,8.456472,2025-12-04 02:00:00
3.075,7.1908674,2025-12-04 02:00:00
32.425,24.230146,2025-12-04 03:00:00
4.325,15.196618,2025-12-04 03:00:00
3.625,10.2718935,2025-12-04 03:00:00
3.5,9.822101,2025-12-04 03:00:00
18.775,13.38769,2025-12-04 03:00:00
31.45,25.769339,2025-12-04 04:00:00
19.675,15.30005,2025-12-04 04:00:00
4.625,17.544416,2025-12-04 04:00:00
5.3,10.176331,2025-12-04 04:00:00
4.225,9.00736,2025-12-04 04:00:00
31.5,28.349741,2025-12-04 05:00:00
21.0,17.114662,2025-12-04 05:00:00
5.975,11.467085,2025-12-04 05:00:00
4.7,18.79351,2025-12-04 05:00:00
4.975,8.745462,2025-12-04 05:00:00
8.75,11.25786,2025-12-04 06:00:00
11.65,19.624134,2025-12-04 06:00:00
3.425,8.60541,2025-12-04 06:00:00
31.75,26.877846,2025-12-04 06:00:00
22.725,17.15553,2025-12-04 06:00:00
15.475,21.002712,2025-12-04 07:00:00
9.55,10.34124,2025-12-04 07:00:00
2.65,8.315732,2025-12-04 07:00:00
29.325,25.91084,2025-12-04 07:00:00
25.575,17.35921,2025-12-04 07:00:00
15.9,19.48101,2025-12-04 08:00:00
29.4,26.934523,2025-12-04 08:00:00
4.125,8.353353,2025-12-04 08:00:00
28.95,17.843998,2025-12-04 08:00:00
6.375,10.238073,2025-12-04 08:00:00
5.275,11.682542,2025-12-04 09:00:00
2.425,8.407711,2025-12-04 09:00:00
15.225,17.389482,2025-12-04 09:00:00
27.266666666666666,18.230438,2025-12-04 09:00:00
30.85,25.824888,2025-12-04 09:00:00
1.1,7.6280913,2025-12-04 10:00:00
26.4,16.904154,2025-12-04 10:00:00
16.3,15.104513,2025-12-04 10:00:00
5.15,12.208676,2025-12-04 10:00:00
32.5,23.040848,2025-12-04 10:00:00
32.325,22.630373,2025-12-04 11:00:00
1.1,7.2686405,2025-12-04 11:00:00
5.6,13.458529,2025-12-04 11:00:00
22.525,15.632054,2025-12-04 11:00:00
16.175,11.808875,2025-12-04 11:00:00
21.925,15.535757,2025-12-04 12:00:00
16.325,12.580911,2025-12-04 12:00:00
31.2,28.316277,2025-12-04 12:00:00
4.575,11.159993,2025-12-04 12:00:00
1.3,8.490121,2025-12-04 12:00:00
2.9250000000000003,9.338737,2025-12-04 13:00:00
16.725,12.865662,2025-12-04 13:00:00
4.325,9.42807,2025-12-04 13:00:00
31.7,30.877851,2025-12-04 13:00:00
22.325,17.511913,2025-12-04 13:00:00
5.15,8.509676,2025-12-04 14:00:00
21.85,20.263653,2025-12-04 14:00:00
32.275,28.552528,2025-12-04 14:00:00
3.8,11.813679,2025-12-04 14:00:00
15.65,12.910523,2025-12-04 14:00:00
5.35,15.111802,2025-12-04 15:00:00
32.025,30.444881,2025-12-04 15:00:00
15.375,13.479721,2025-12-04 15:00:00
3.625,6.303613,2025-12-04 15:00:00
22.475,20.955988,2025-12-04 15:00:00
5.45,15.727739,2025-12-04 16:00:00
22.75,19.639338,2025-12-04 16:00:00
1.8333333333333333,5.1590853,2025-12-04 16:00:00
33.575,31.796253,2025-12-04 16:00:00
15.375,14.552994,2025-12-04 16:00:00
4.675,16.681084,2025-12-04 17:00:00
2.1,8.447934,2025-12-04 17:00:00
35.275,33.860016,2025-12-04 17:00:00
15.433333333333332,15.468496,2025-12-04 17:00:00
21.675,20.600142,2025-12-04 17:00:00
4.1,14.748277,2025-12-04 18:00:00
33.425,34.23648,2025-12-04 18:00:00
3.0,15.211926,2025-12-04 18:00:00
21.933333333333334,21.04279,2025-12-04 18:00:00
20.45,16.54485,2025-12-04 18:00:00
23.625,13.91486,2025-12-04 19:00:00
20.5,18.707117,2025-12-04 19:00:00
33.125,30.919052,2025-12-04 19:00:00
1.5666666666666669,12.234461,2025-12-04 19:00:00
4.433333333333334,17.186686,2025-12-04 19:00:00
32.95,27.35609,2025-12-04 20:00:00
19.7,15.115835,2025-12-04 20:00:00
23.425,11.66911,2025-12-04 20:00:00
2.0,10.080237,2025-12-04 20:00:00
4.433333333333334,15.367373,2025-12-04 20:00:00
34.125,29.919401,2025-12-04 21:00:00
0.65,5.0667057,2025-12-04 21:00:00
4.433333333333334,15.504266,2025-12-04 21:00:00
19.8,15.188341,2025-12-04 21:00:00
22.775,11.143091,2025-12-04 21:00:00
1.0750000000000002,3.5337095,2025-12-04 22:00:00
34.0,29.663622,2025-12-04 22:00:00
4.433333333333334,9.551693,2025-12-04 22:00:00
19.125,13.288157,2025-12-04 22:00:00
19.2,10.120711,2025-12-04 22:00:00
19.7,16.777857,2025-12-04 23:00:00
34.85,28.770657,2025-12-04 23:00:00
0.4666666666666666,5.5749197,2025-12-04 23:00:00
17.1,11.53505,2025-12-04 23:00:00
34.45,29.898542,2025-12-05 00:00:00
17.15,12.295343,2025-12-05 00:00:00
0.3666666666666667,4.4683766,2025-12-05 00:00:00
3.525,7.1257753,2025-12-05 00:00:00
19.725,15.154784,2025-12-05 00:00:00
33.725,30.237965,2025-12-05 01:00:00
16.95,14.679968,2025-12-05 01:00:00
0.3666666666666667,1.9214746,2025-12-05 01:00:00
3.075,6.2374973,2025-12-05 01:00:00
21.625,17.275116,2025-12-05 01:00:00
34.4,30.45117,2025-12-05 02:00:00
4.8,8.1193,2025-12-05 02:00:00
0.7999999999999999,2.6193419,2025-12-05 02:00:00
18.075000000000003,15.823438,2025-12-05 02:00:00
22.4,17.999537,2025-12-05 02:00:00
18.8,16.992365,2025-12-05 03:00:00
0.5,6.1666307,2025-12-05 03:00:00
21.5,19.106884,2025-12-05 03:00:00
34.875,30.641106,2025-12-05 03:00:00
6.675,8.978794,2025-12-05 03:00:00
34.375,31.067389,2025-12-05 04:00:00
2.15,5.437058,2025-12-05 04:00:00
19.025,17.748085,2025-12-05 04:00:00
6.425,9.747151,2025-12-05 04:00:00
21.875,19.340479,2025-12-05 04:00:00
24.0,18.669388,2025-12-05 05:00:00
19.2,18.00608,2025-12-05 05:00:00
3.4000000000000004,5.3692093,2025-12-05 05:00:00
33.85,30.748442,2025-12-05 05:00:00
6.85,15.089577,2025-12-05 06:00:00
32.425,30.736269,2025-12-05 06:00:00
25.35,18.262968,2025-12-05 06:00:00
3.675,7.0941463,2025-12-05 06:00:00
17.15,17.928925,2025-12-05 06:00:00
8.325,14.479218,2025-12-05 07:00:00
4.525,6.1639066,2025-12-05 07:00:00
26.275,19.200405,2025-12-05 07:00:00
31.05,28.790007,2025-12-05 07:00:00
17.025,17.196257,2025-12-05 07:00:00
17.975,17.354948,2025-12-05 08:00:00
30.575,27.254921,2025-12-05 08:00:00
7.575,14.553913,2025-12-05 08:00:00
3.5333333333333337,7.7158885,2025-12-05 08:00:00
27.85,19.980951,2025-12-05 08:00:00
28.075,17.771029,2025-12-05 09:00:00
17.9,17.247284,2025-12-05 09:00:00
31.15,23.979826,2025-12-05 09:00:00
3.5333333333333337,6.4142947,2025-12-05 09:00:00
15.7,14.514268,2025-12-05 09:00:00
26.375,16.94554,2025-12-05 10:00:00
19.875,11.00887,2025-12-05 10:00:00
27.775,25.208155,2025-12-05 10:00:00
19.35,16.464638,2025-12-05 10:00:00
3.5333333333333337,7.123936,2025-12-05 10:00:00
21.2,9.75701,2025-12-05 11:00:00
37.075,23.53776,2025-12-05 11:00:00
3.5333333333333337,6.3934126,2025-12-05 11:00:00
19.95,14.950971,2025-12-05 11:00:00
22.325,19.503809,2025-12-05 11:00:00
39.225,23.96308,2025-12-05 12:00:00
22.325,17.892584,2025-12-05 12:00:00
20.575,15.57498,2025-12-05 12:00:00
20.475,9.946699,2025-12-05 12:00:00
5.0,6.520531,2025-12-05 12:00:00
42.325,30.993206,2025-12-05 13:00:00
21.1,15.963475,2025-12-05 13:00:00
5.55,7.452079,2025-12-05 13:00:00
22.95,20.716629,2025-12-05 13:00:00
21.225,8.651585,2025-12-05 13:00:00
46.275,30.712095,2025-12-05 14:00:00
13.6,16.44199,2025-12-05 14:00:00
24.775,22.368551,2025-12-05 14:00:00
8.0,10.179403,2025-12-05 14:00:00
23.025,8.004248,2025-12-05 14:00:00
23.0,22.418274,2025-12-05 15:00:00
42.175,33.023933,2025-12-05 15:00:00
9.675,15.773868,2025-12-05 15:00:00
8.4,12.832128,2025-12-05 15:00:00
18.75,9.345321,2025-12-05 15:00:00
23.775,23.480148,2025-12-05 16:00:00
40.425,31.502325,2025-12-05 16:00:00
9.6,13.701876,2025-12-05 16:00:00
9.225,15.672363,2025-12-05 16:00:00
18.075,9.614943,2025-12-05 16:00:00
9.35,12.573406,2025-12-05 17:00:00
19.425,11.601219,2025-12-05 17:00:00
22.375,18.8197,2025-12-05 17:00:00
40.4,36.03892,2025-12-05 17:00:00
8.866666666666667,17.858435,2025-12-05 17:00:00
9.65,13.167556,2025-12-05 18:00:00
22.23333333333333,18.762005,2025-12-05 18:00:00
40.35,35.860382,2025-12-05 18:00:00
18.8,16.978004,2025-12-05 18:00:00
9.35,18.022957,2025-12-05 18:00:00
14.2,19.166058,2025-12-05 19:00:00
21.1,17.046604,2025-12-05 19:00:00
40.075,31.179504,2025-12-05 19:00:00
8.55,9.132064,2025-12-05 19:00:00
9.95,16.088081,2025-12-05 19:00:00
7.699999999999999,8.951594,2025-12-05 20:00:00
9.625,14.918739,2025-12-05 20:00:00
12.375,19.660498,2025-12-05 20:00:00
20.55,16.004303,2025-12-05 20:00:00
40.75,29.340897,2025-12-05 20:00:00
20.55,14.621456,2025-12-05 21:00:00
40.7,31.095062,2025-12-05 21:00:00
8.975,12.600006,2025-12-05 21:00:00
7.575,3.8701274,2025-12-05 21:00:00
11.225,17.401197,2025-12-05 21:00:00
5.65,11.236412,2025-12-05 22:00:00
20.2,14.667174,2025-12-05 22:00:00
8.475,13.875395,2025-12-05 22:00:00
40.65,30.767738,2025-12-05 22:00:00
4.7,4.6170044,2025-12-05 22:00:00
21.325,13.628976,2025-12-05 23:00:00
4.5,2.8782923,2025-12-05 23:00:00
40.3,30.847578,2025-12-05 23:00:00
10.65,11.970189,2025-12-05 23:00:00
5.65,12.690325,2025-12-05 23:00:00
38.5,32.47541,2025-12-06 00:00:00
5.65,12.944082,2025-12-06 00:00:00
21.525,14.697711,2025-12-06 00:00:00
13.4,10.619812,2025-12-06 00:00:00
3.875,4.553474,2025-12-06 00:00:00
4.15,5.758002,2025-12-06 01:00:00
5.65,13.768641,2025-12-06 01:00:00
15.55,12.662218,2025-12-06 01:00:00
39.65,30.800894,2025-12-06 01:00:00
22.175,11.5143795,2025-12-06 01:00:00
39.6,30.95569,2025-12-06 02:00:00
24.125,14.100658,2025-12-06 02:00:00
4.925,7.5810356,2025-12-06 02:00:00
16.400000000000002,12.222567,2025-12-06 02:00:00
19.85,12.082639,2025-12-06 02:00:00
21.225,14.69066,2025-12-06 03:00:00
43.3,33.61579,2025-12-06 03:00:00
6.2,9.626769,2025-12-06 03:00:00
18.65,12.490285,2025-12-06 03:00:00
17.9,13.173186,2025-12-06 03:00:00
17.575,12.082463,2025-12-06 04:00:00
18.925,12.656158,2025-12-06 04:00:00
7.7,9.200385,2025-12-06 04:00:00
44.475,31.977377,2025-12-06 04:00:00
22.45,15.561534,2025-12-06 04:00:00
42.875,31.401789,2025-12-06 05:00:00
18.55,11.698087,2025-12-06 05:00:00
24.425,18.28369,2025-12-06 05:00:00
6.275,9.291469,2025-12-06 05:00:00
19.075,12.595237,2025-12-06 05:00:00
7.55,10.686995,2025-12-06 06:00:00
19.525,10.992927,2025-12-06 06:00:00
19.2,13.617735,2025-12-06 06:00:00
44.625,27.948904,2025-12-06 06:00:00
25.9,18.090921,2025-12-06 06:00:00
20.125,10.629489,2025-12-06 07:00:00
6.275,9.313381,2025-12-06 07:00:00
43.6,28.398567,2025-12-06 07:00:00
26.375,19.75136,2025-12-06 07:00:00
17.0,14.891891,2025-12-06 07:00:00
45.125,28.965076,2025-12-06 08:00:00
25.35,17.42752,2025-12-06 08:00:00
3.575,9.662306,2025-12-06 08:00:00
16.325000000000003,16.129162,2025-12-06 08:00:00
20.225,12.500306,2025-12-06 08:00:00
3.9,8.306992,2025-12-06 09:00:00
28.275,17.622526,2025-12-06 09:00:00
6.466666666666666,30.143475,2025-12-06 09:00:00
19.875,11.796822,2025-12-06 09:00:00
15.975,15.620921,2025-12-06 09:00:00
6.8,29.799166,2025-12-06 10:00:00
28.275,17.889,2025-12-06 10:00:00
19.0,12.284944,2025-12-06 10:00:00
18.675,17.166481,2025-12-06 10:00:00
4.65,8.945954,2025-12-06 10:00:00
20.05,16.753159,2025-12-06 11:00:00
18.75,10.870141,2025-12-06 11:00:00
25.65,17.587336,2025-12-06 11:00:00
5.525,9.25674,2025-12-06 11:00:00
8.75,28.130756,2025-12-06 11:00:00
4.175,10.461089,2025-12-06 12:00:00
25.65,17.930874,2025-12-06 12:00:00
29.5,28.220808,2025-12-06 12:00:00
18.7,16.675926,2025-12-06 12:00:00
18.675,11.218261,2025-12-06 12:00:00
18.375,13.302816,2025-12-06 13:00:00
20.175,17.655,2025-12-06 13:00:00
23.775,19.541721,2025-12-06 13:00:00
4.45,10.884383,2025-12-06 13:00:00
49.825,33.061104,2025-12-06 13:00:00
52.25,37.705894,2025-12-06 14:00:00
16.075,13.515875,2025-12-06 14:00:00
20.6,14.4754505,2025-12-06 14:00:00
24.575,18.250793,2025-12-06 14:00:00
5.5,14.031993,2025-12-06 14:00:00
7.25,13.935207,2025-12-06 15:00:00
14.575,12.897651,2025-12-06 15:00:00
20.325,14.799579,2025-12-06 15:00:00
54.3,34.44326,2025-12-06 15:00:00
24.45,20.744856,2025-12-06 15:00:00
14.35,14.024189,2025-12-06 16:00:00
7.3,17.294947,2025-12-06 16:00:00
24.3,19.714428,2025-12-06 16:00:00
50.675,31.236992,2025-12-06 16:00:00
16.675,16.380484,2025-12-06 16:00:00
23.75,22.74261,2025-12-06 17:00:00
6.45,15.081872,2025-12-06 17:00:00
13.9,12.047763,2025-12-06 17:00:00
49.325,19.75455,2025-12-06 17:00:00
17.075,16.019089,2025-12-06 17:00:00
16.1,21.689215,2025-12-06 18:00:00
20.066666666666663,21.575565,2025-12-06 18:00:00
48.75,19.861061,2025-12-06 18:00:00
14.425,11.600318,2025-12-06 18:00:00
5.625,12.658118,2025-12-06 18:00:00
18.75,20.7472,2025-12-06 19:00:00
16.05,22.784225,2025-12-06 19:00:00
4.3,12.192278,2025-12-06 19:00:00
14.475,11.23128,2025-12-06 19:00:00
49.275,29.406445,2025-12-06 19:00:00
4.6,7.8849487,2025-12-06 20:00:00
9.45,22.113602,2025-12-06 20:00:00
50.25,30.485085,2025-12-06 20:00:00
17.75,20.86471,2025-12-06 20:00:00
14.775,11.982681,2025-12-06 20:00:00
50.125,32.90689,2025-12-06 21:00:00
8.525,21.751118,2025-12-06 21:00:00
17.325,20.142311,2025-12-06 21:00:00
14.8,11.882354,2025-12-06 21:00:00
4.7,7.0161867,2025-12-06 21:00:00
17.525,17.887812,2025-12-06 22:00:00
49.425,30.933878,2025-12-06 22:00:00
9.9,11.584819,2025-12-06 22:00:00
3.65,6.8820915,2025-12-06 22:00:00
8.575,20.778662,2025-12-06 22:00:00
50.375,31.47671,2025-12-06 23:00:00
18.125,16.266691,2025-12-06 23:00:00
7.75,17.996254,2025-12-06 23:00:00
4.275,7.2266583,2025-12-06 23:00:00
7.925,10.125155,2025-12-06 23:00:00
18.775,16.95015,2025-12-07 00:00:00
8.075,10.33932,2025-12-07 00:00:00
12.35,15.538953,2025-12-07 00:00:00
3.425,7.0876913,2025-12-07 00:00:00
48.675,31.763237,2025-12-07 00:00:00
2.375,7.102664,2025-12-07 01:00:00
13.55,16.608213,2025-12-07 01:00:00
17.875,17.159857,2025-12-07 01:00:00
50.85,35.9608,2025-12-07 01:00:00
8.15,10.587402,2025-12-07 01:00:00
13.85,14.587109,2025-12-07 02:00:00
50.6,35.242855,2025-12-07 02:00:00
2.475,7.755189,2025-12-07 02:00:00
18.675,17.542923,2025-12-07 02:00:00
8.475,12.446077,2025-12-07 02:00:00
20.15,14.596927,2025-12-07 03:00:00
9.0,15.05402,2025-12-07 03:00:00
48.325,34.37599,2025-12-07 03:00:00
14.35,15.359137,2025-12-07 03:00:00
3.85,7.571314,2025-12-07 03:00:00
4.175,9.407285,2025-12-07 04:00:00
49.7,38.69961,2025-12-07 04:00:00
13.225,14.703691,2025-12-07 04:00:00
19.3,15.313353,2025-12-07 04:00:00
9.075,15.456401,2025-12-07 04:00:00
21.05,18.123768,2025-12-07 05:00:00
9.225,15.72475,2025-12-07 05:00:00
4.325,9.243684,2025-12-07 05:00:00
51.575,34.650684,2025-12-07 05:00:00
16.35,14.928192,2025-12-07 05:00:00
3.65,15.673855,2025-12-07 06:00:00
4.625,10.443289,2025-12-07 06:00:00
50.25,37.64633,2025-12-07 06:00:00
22.975,19.79005,2025-12-07 06:00:00
19.1,17.579443,2025-12-07 06:00:00
1.025,16.191359,2025-12-07 07:00:00
50.975,37.485664,2025-12-07 07:00:00
3.775,9.802806,2025-12-07 07:00:00
24.3,19.26644,2025-12-07 07:00:00
19.45,17.032042,2025-12-07 07:00:00
27.175,19.701704,2025-12-07 08:00:00
52.975,37.61302,2025-12-07 08:00:00
19.45,14.947306,2025-12-07 08:00:00
1.15,14.140897,2025-12-07 08:00:00
2.95,9.037995,2025-12-07 08:00:00
28.65,19.306301,2025-12-07 09:00:00
18.35,15.574915,2025-12-07 09:00:00
2.775,10.045379,2025-12-07 09:00:00
2.0,12.535295,2025-12-07 09:00:00
52.35,36.425297,2025-12-07 09:00:00
15.725,17.046286,2025-12-07 10:00:00
16.575,11.845943,2025-12-07 10:00:00
50.2,32.814434,2025-12-07 10:00:00
0.75,8.282476,2025-12-07 10:00:00
23.825,19.005447,2025-12-07 10:00:00
20.325,18.973099,2025-12-07 11:00:00
0.75,8.883042,2025-12-07 11:00:00
45.75,30.895548,2025-12-07 11:00:00
23.85,11.0956955,2025-12-07 11:00:00
13.6,16.081896,2025-12-07 11:00:00
12.375,15.415682,2025-12-07 12:00:00
42.775,32.076496,2025-12-07 12:00:00
0.4,8.492321,2025-12-07 12:00:00
24.325,8.49495,2025-12-07 12:00:00
19.35,17.619844,2025-12-07 12:00:00
13.4,15.903286,2025-12-07 13:00:00
44.075,35.834408,2025-12-07 13:00:00
0.8500000000000001,10.1409,2025-12-07 13:00:00
23.925,8.702735,2025-12-07 13:00:00
20.35,18.102966,2025-12-07 13:00:00
19.675,18.496717,2025-12-07 14:00:00
18.975,8.90661,2025-12-07 14:00:00
15.15,15.969746,2025-12-07 14:00:00
2.6,12.951965,2025-12-07 14:00:00
40.425,36.335384,2025-12-07 14:00:00
19.375,23.030724,2025-12-07 15:00:00
13.85,15.145035,2025-12-07 15:00:00
16.349999999999998,10.258964,2025-12-07 15:00:00
1.775,16.439665,2025-12-07 15:00:00
40.75,42.037617,2025-12-07 15:00:00
15.825,10.882282,2025-12-07 16:00:00
19.3,21.423168,2025-12-07 16:00:00
2.575,16.237343,2025-12-07 16:00:00
42.825,43.42803,2025-12-07 16:00:00
12.9,14.30061,2025-12-07 16:00:00
40.2,43.316383,2025-12-07 17:00:00
1.3,17.050838,2025-12-07 17:00:00
15.733333333333334,11.923499,2025-12-07 17:00:00
20.125,20.478456,2025-12-07 17:00:00
13.05,14.027081,2025-12-07 17:00:00
21.4,18.311525,2025-12-07 18:00:00
41.675,47.166115,2025-12-07 18:00:00
19.925,14.336467,2025-12-07 18:00:00
0.95,13.974298,2025-12-07 18:00:00
12.6,18.018917,2025-12-07 18:00:00
19.675,19.09708,2025-12-07 19:00:00
10.375,19.280993,2025-12-07 19:00:00
0.95,9.995851,2025-12-07 19:00:00
22.25,14.0973215,2025-12-07 19:00:00
39.95,36.520935,2025-12-07 19:00:00
22.325000000000003,13.627363,2025-12-07 20:00:00
18.8,17.04403,2025-12-07 20:00:00
0.95,8.274891,2025-12-07 20:00:00
5.275,19.481787,2025-12-07 20:00:00
38.175,38.116943,2025-12-07 20:00:00
2.2,6.0628834,2025-12-07 21:00:00
38.525,30.909496,2025-12-07 21:00:00
22.15,12.5401945,2025-12-07 21:00:00
19.05,16.685566,2025-12-07 21:00:00
4.95,18.976309,2025-12-07 21:00:00
2.825,4.8819327,2025-12-07 22:00:00
39.325,35.07229,2025-12-07 22:00:00
18.875,15.412903,2025-12-07 22:00:00
12.9,11.006749,2025-12-07 22:00:00
6.725,17.536976,2025-12-07 22:00:00
37.375,31.465939,2025-12-07 23:00:00
8.35,11.283527,2025-12-07 23:00:00
10.9,14.425294,2025-12-07 23:00:00
2.675,3.6784208,2025-12-07 23:00:00
19.05,15.495141,2025-12-07 23:00:00
8.425,11.683429,2025-12-08 00:00:00
21.1,15.605826,2025-12-08 00:00:00
1.675,4.754336,2025-12-08 00:00:00
37.125,31.00414,2025-12-08 00:00:00
13.05,13.732917,2025-12-08 00:00:00
23.125,16.853758,2025-12-08 01:00:00
8.425,12.354655,2025-12-08 01:00:00
1.9,4.0577483,2025-12-08 01:00:00
13.8,12.548279,2025-12-08 01:00:00
37.15,32.25984,2025-12-08 01:00:00
38.2,31.741213,2025-12-08 02:00:00
2.275,4.229844,2025-12-08 02:00:00
11.8,13.589097,2025-12-08 02:00:00
22.425,15.07404,2025-12-08 02:00:00
12.15,11.677439,2025-12-08 02:00:00
21.55,16.763384,2025-12-08 03:00:00
4.275,5.5050945,2025-12-08 03:00:00
39.15,32.13271,2025-12-08 03:00:00
13.45,14.796108,2025-12-08 03:00:00
14.2,13.155826,2025-12-08 03:00:00
38.625,33.22722,2025-12-08 04:00:00
17.525,11.829298,2025-12-08 04:00:00
3.225,6.7675443,2025-12-08 04:00:00
13.225,14.549295,2025-12-08 04:00:00
22.7,18.826685,2025-12-08 04:00:00
21.025,12.044531,2025-12-08 05:00:00
37.15,31.544193,2025-12-08 05:00:00
13.7,12.505832,2025-12-08 05:00:00
4.875,6.6503463,2025-12-08 05:00:00
26.975,20.085812,2025-12-08 05:00:00
4.225,8.161398,2025-12-08 06:00:00
28.5,21.124456,2025-12-08 06:00:00
39.925,31.070719,2025-12-08 06:00:00
21.525,13.198113,2025-12-08 06:00:00
15.725,11.9832735,2025-12-08 06:00:00
19.55,13.721367,2025-12-08 07:00:00
3.05,7.94575,2025-12-08 07:00:00
17.15,11.595773,2025-12-08 07:00:00
29.35,20.271416,2025-12-08 07:00:00
38.05,30.953354,2025-12-08 07:00:00
17.175,12.446005,2025-12-08 08:00:00
27.25,20.25966,2025-12-08 08:00:00
35.05,29.039824,2025-12-08 08:00:00
1.9,7.0638804,2025-12-08 08:00:00
14.825,13.867287,2025-12-08 08:00:00
34.8,31.283352,2025-12-08 09:00:00
23.525,20.177767,2025-12-08 09:00:00
0.3,7.6609645,2025-12-08 09:00:00
17.0,12.795242,2025-12-08 09:00:00
15.075,14.781269,2025-12-08 09:00:00
22.925,18.625635,2025-12-08 10:00:00
17.875,11.974663,2025-12-08 10:00:00
3.6,7.0540667,2025-12-08 10:00:00
11.6,14.694666,2025-12-08 10:00:00
35.775,29.010672,2025-12-08 10:00:00
20.5,18.479479,2025-12-08 11:00:00
2.625,7.51823,2025-12-08 11:00:00
14.025,13.720889,2025-12-08 11:00:00
34.85,28.073328,2025-12-08 11:00:00
18.55,11.016032,2025-12-08 11:00:00
12.2,16.019943,2025-12-08 12:00:00
3.35,8.218195,2025-12-08 12:00:00
18.75,12.011534,2025-12-08 12:00:00
27.15,27.781431,2025-12-08 12:00:00
22.6,19.874172,2025-12-08 12:00:00
22.65,22.295534,2025-12-08 13:00:00
13.975,16.07298,2025-12-08 13:00:00
18.6,12.8889675,2025-12-08 13:00:00
4.075,10.23476,2025-12-08 13:00:00
30.425,29.218681,2025-12-08 13:00:00
21.8,21.494291,2025-12-08 14:00:00
6.4,13.781062,2025-12-08 14:00:00
34.675000000000004,29.514553,2025-12-08 14:00:00
9.325,13.727739,2025-12-08 14:00:00
13.075,12.830461,2025-12-08 14:00:00
33.375,31.814161,2025-12-08 15:00:00
4.8,15.581977,2025-12-08 15:00:00
12.55,10.2687435,2025-12-08 15:00:00
20.9,20.44661,2025-12-08 15:00:00
7.175,10.803199,2025-12-08 15:00:00
11.575,11.272976,2025-12-08 16:00:00
4.525,15.659928,2025-12-08 16:00:00
19.825,18.56182,2025-12-08 16:00:00
6.7,15.252113,2025-12-08 16:00:00
35.15,28.786716,2025-12-08 16:00:00
5.6,13.695432,2025-12-08 17:00:00
20.45,19.291273,2025-12-08 17:00:00
4.033333333333333,15.724937,2025-12-08 17:00:00
36.4,32.46914,2025-12-08 17:00:00
9.05,11.94242,2025-12-08 17:00:00
10.075,16.066662,2025-12-08 18:00:00
4.575,12.9712515,2025-12-08 18:00:00
21.766666666666666,18.112936,2025-12-08 18:00:00
34.825,31.708815,2025-12-08 18:00:00
9.275,15.777573,2025-12-08 18:00:00
7.875,18.842243,2025-12-08 19:00:00
3.9,8.978739,2025-12-08 19:00:00
12.0,14.383308,2025-12-08 19:00:00
35.05,27.545807,2025-12-08 19:00:00
22.05,17.94681,2025-12-08 19:00:00
1.65,18.326235,2025-12-08 20:00:00
20.9,17.86996,2025-12-08 20:00:00
35.45,26.019398,2025-12-08 20:00:00
3.0,11.037178,2025-12-08 20:00:00
12.025,12.230877,2025-12-08 20:00:00
1.325,18.279303,2025-12-08 21:00:00
32.3,25.818045,2025-12-08 21:00:00
22.475,18.78303,2025-12-08 21:00:00
12.075,11.069937,2025-12-08 21:00:00
3.325,9.458874,2025-12-08 21:00:00
3.775,6.0936356,2025-12-08 22:00:00
10.25,11.191678,2025-12-08 22:00:00
2.85,14.457625,2025-12-08 22:00:00
22.65,16.711014,2025-12-08 22:00:00
27.575,26.30222,2025-12-08 22:00:00
22.0,16.368967,2025-12-08 23:00:00
5.375,12.234563,2025-12-08 23:00:00
25.85,27.019413,2025-12-08 23:00:00
3.55,5.864794,2025-12-08 23:00:00
9.2,11.05354,2025-12-08 23:00:00
4.25,10.119014,2025-12-09 00:00:00
9.475,11.5315,2025-12-09 00:00:00
2.525,8.80319,2025-12-09 00:00:00
22.05,17.569815,2025-12-09 00:00:00
25.025,31.038004,2025-12-09 00:00:00
3.05,8.05561,2025-12-09 01:00:00
26.75,29.956488,2025-12-09 01:00:00
4.675,9.728767,2025-12-09 01:00:00
9.425,10.240588,2025-12-09 01:00:00
23.05,18.429474,2025-12-09 01:00:00
24.25,18.608866,2025-12-09 02:00:00
6.975,11.100832,2025-12-09 02:00:00
26.775,31.965384,2025-12-09 02:00:00
2.875,7.288167,2025-12-09 02:00:00
6.625,11.388791,2025-12-09 02:00:00
8.925,11.848048,2025-12-09 03:00:00
6.050000000000001,11.386279,2025-12-09 03:00:00
28.4,31.627003,2025-12-09 03:00:00
24.575000000000003,18.518703,2025-12-09 03:00:00
3.9,7.2264676,2025-12-09 03:00:00
9.45,11.065491,2025-12-09 04:00:00
6.325,12.965594,2025-12-09 04:00:00
29.825,29.821318,2025-12-09 04:00:00
4.875,7.45436,2025-12-09 04:00:00
25.825,18.169067,2025-12-09 04:00:00
28.625,27.09068,2025-12-09 05:00:00
6.925,11.966532,2025-12-09 05:00:00
5.95,7.2814507,2025-12-09 05:00:00
14.1,11.269144,2025-12-09 05:00:00
30.75,21.550726,2025-12-09 05:00:00
29.575,26.20741,2025-12-09 06:00:00
6.7,8.451651,2025-12-09 06:00:00
15.875,11.744845,2025-12-09 06:00:00
38.95,20.395563,2025-12-09 06:00:00
11.8,11.985937,2025-12-09 06:00:00
15.625,11.218451,2025-12-09 07:00:00
8.15,10.155665,2025-12-09 07:00:00
33.400000000000006,25.123663,2025-12-09 07:00:00
36.8,19.58293,2025-12-09 07:00:00
13.9,11.9073925,2025-12-09 07:00:00
14.05,11.870975,2025-12-09 08:00:00
4.975,7.9286613,2025-12-09 08:00:00
14.425,12.538941,2025-12-09 08:00:00
32.95,18.076323,2025-12-09 08:00:00
34.875,24.232925,2025-12-09 08:00:00
28.825,19.270521,2025-12-09 09:00:00
3.4000000000000004,7.504771,2025-12-09 09:00:00
10.55,12.865449,2025-12-09 09:00:00
13.725,10.885907,2025-12-09 09:00:00
31.5,22.085058,2025-12-09 09:00:00
12.55,10.727383,2025-12-09 10:00:00
30.7,20.78813,2025-12-09 10:00:00
1.2,9.118646,2025-12-09 10:00:00
27.225,20.606005,2025-12-09 10:00:00
11.9,10.552503,2025-12-09 10:00:00
0.85,7.8088794,2025-12-09 11:00:00
29.75,20.699457,2025-12-09 11:00:00
10.925,9.264828,2025-12-09 11:00:00
27.925,19.884617,2025-12-09 11:00:00
9.025,11.983471,2025-12-09 11:00:00
10.85,9.908779,2025-12-09 12:00:00
28.075,24.347654,2025-12-09 12:00:00
8.55,12.081349,2025-12-09 12:00:00
0.875,9.597212,2025-12-09 12:00:00
27.725,24.066193,2025-12-09 12:00:00
2.475,12.304709,2025-12-09 13:00:00
27.2,27.22476,2025-12-09 13:00:00
11.4,11.39847,2025-12-09 13:00:00
10.175,13.925396,2025-12-09 13:00:00
29.95,26.86346,2025-12-09 13:00:00
28.675,31.954079,2025-12-09 14:00:00
8.75,11.6708765,2025-12-09 14:00:00
25.9,23.44324,2025-12-09 14:00:00
3.175,13.034051,2025-12-09 14:00:00
8.35,12.313823,2025-12-09 14:00:00
25.225,23.440636,2025-12-09 15:00:00
27.175,28.297647,2025-12-09 15:00:00
4.425,12.967031,2025-12-09 15:00:00
7.425,11.518996,2025-12-09 15:00:00
8.65,9.601221,2025-12-09 15:00:00
26.025,22.793358,2025-12-09 16:00:00
28.375,32.368496,2025-12-09 16:00:00
7.325,11.664671,2025-12-09 16:00:00
4.0,16.349924,2025-12-09 16:00:00
7.4,9.385021,2025-12-09 16:00:00
26.6,22.598606,2025-12-09 17:00:00
6.85,9.833259,2025-12-09 17:00:00
26.3,33.79894,2025-12-09 17:00:00
3.725,16.454556,2025-12-09 17:00:00
7.233333333333333,11.164715,2025-12-09 17:00:00
2.525,14.862894,2025-12-09 18:00:00
22.366666666666664,24.651264,2025-12-09 18:00:00
25.15,33.648666,2025-12-09 18:00:00
16.65,10.825972,2025-12-09 18:00:00
6.775,13.567676,2025-12-09 18:00:00
1.425,12.259289,2025-12-09 19:00:00
7.175,18.2463,2025-12-09 19:00:00
20.625,10.062832,2025-12-09 19:00:00
20.15,20.383366,2025-12-09 19:00:00
26.575,29.456038,2025-12-09 19:00:00
18.65,22.538893,2025-12-09 20:00:00
26.025,26.186377,2025-12-09 20:00:00
1.5,10.155281,2025-12-09 20:00:00
1.2999999999999998,16.39602,2025-12-09 20:00:00
20.3,9.996178,2025-12-09 20:00:00
17.7,22.854477,2025-12-09 21:00:00
25.225,26.457348,2025-12-09 21:00:00
20.9,9.342041,2025-12-09 21:00:00
1.125,6.441626,2025-12-09 21:00:00
1.2666666666666666,14.978169,2025-12-09 21:00:00
3.5250000000000004,11.059876,2025-12-09 22:00:00
24.1,24.900736,2025-12-09 22:00:00
1.175,5.1205754,2025-12-09 22:00:00
17.85,22.909681,2025-12-09 22:00:00
19.6,8.129079,2025-12-09 22:00:00
18.925,8.229905,2025-12-09 23:00:00
4.65,10.143642,2025-12-09 23:00:00
24.275,22.609219,2025-12-09 23:00:00
18.5,22.171734,2025-12-09 23:00:00
2.45,5.041926,2025-12-09 23:00:00
24.6,23.769468,2025-12-10 00:00:00
19.675,22.537586,2025-12-10 00:00:00
2.85,5.545194,2025-12-10 00:00:00
8.725,9.073604,2025-12-10 00:00:00
18.8,9.924613,2025-12-10 00:00:00
2.35,5.3749123,2025-12-10 01:00:00
18.325,10.020258,2025-12-10 01:00:00
23.675,22.434334,2025-12-10 01:00:00
7.6,8.603726,2025-12-10 01:00:00
20.425,20.27576,2025-12-10 01:00:00
8.875,8.429056,2025-12-10 02:00:00
23.7,22.51315,2025-12-10 02:00:00
12.875,12.102574,2025-12-10 02:00:00
2.3,5.6074557,2025-12-10 02:00:00
21.3,19.645233,2025-12-10 02:00:00
22.175,20.2044,2025-12-10 03:00:00
3.05,6.9451003,2025-12-10 03:00:00
24.45,25.960894,2025-12-10 03:00:00
9.75,8.750619,2025-12-10 03:00:00
10.175,13.382032,2025-12-10 03:00:00
24.925,25.560654,2025-12-10 04:00:00
2.675,7.100345,2025-12-10 04:00:00
20.95,19.180538,2025-12-10 04:00:00
10.9,9.734181,2025-12-10 04:00:00
10.725,14.045093,2025-12-10 04:00:00
24.575,26.061426,2025-12-10 05:00:00
2.4,7.1701922,2025-12-10 05:00:00
22.375,20.022087,2025-12-10 05:00:00
11.0,15.381025,2025-12-10 05:00:00
11.3,9.708065,2025-12-10 05:00:00
24.025,20.280169,2025-12-10 06:00:00
2.6,6.811716,2025-12-10 06:00:00
23.4,23.534277,2025-12-10 06:00:00
22.8,15.948226,2025-12-10 06:00:00
12.2,9.724709,2025-12-10 06:00:00
21.4,21.681635,2025-12-10 07:00:00
1.525,7.5701175,2025-12-10 07:00:00
7.875,11.426595,2025-12-10 07:00:00
23.575,20.88812,2025-12-10 07:00:00
28.975,14.95945,2025-12-10 07:00:00
29.025,14.752475,2025-12-10 08:00:00
23.45,20.812979,2025-12-10 08:00:00
9.575,11.404066,2025-12-10 08:00:00
1.925,8.267517,2025-12-10 08:00:00
23.6,20.738428,2025-12-10 08:00:00
7.45,12.325748,2025-12-10 09:00:00
1.775,9.137827,2025-12-10 09:00:00
24.175,20.652777,2025-12-10 09:00:00
20.6,20.764576,2025-12-10 09:00:00
29.125,13.600296,2025-12-10 09:00:00
14.125,12.526201,2025-12-10 10:00:00
9.975,10.2225485,2025-12-10 10:00:00
21.5,20.309702,2025-12-10 10:00:00
0.7000000000000001,8.595446,2025-12-10 10:00:00
17.95,21.565271,2025-12-10 10:00:00
23.975,19.762337,2025-12-10 11:00:00
9.1,10.070364,2025-12-10 11:00:00
20.325,19.806725,2025-12-10 11:00:00
7.25,11.258385,2025-12-10 11:00:00
0.9,8.730357,2025-12-10 11:00:00
26.25,20.703825,2025-12-10 12:00:00
23.2,18.376732,2025-12-10 12:00:00
6.975,10.885723,2025-12-10 12:00:00
7.8,12.284382,2025-12-10 12:00:00
0.4,8.141185,2025-12-10 12:00:00
24.125,19.658379,2025-12-10 13:00:00
1.825,8.760886,2025-12-10 13:00:00
18.675,22.716562,2025-12-10 13:00:00
8.05,10.129877,2025-12-10 13:00:00
8.4,12.010247,2025-12-10 13:00:00
5.325,11.809923,2025-12-10 14:00:00
18.0,22.612402,2025-12-10 14:00:00
25.775,21.331667,2025-12-10 14:00:00
12.325,14.976764,2025-12-10 14:00:00
11.175,8.5642605,2025-12-10 14:00:00
18.7,23.923674,2025-12-10 15:00:00
10.85,12.104041,2025-12-10 15:00:00
15.25,15.422618,2025-12-10 15:00:00
25.3,19.175192,2025-12-10 15:00:00
11.525,7.678866,2025-12-10 15:00:00
19.7,20.841953,2025-12-10 16:00:00
15.85,16.624279,2025-12-10 16:00:00
14.0,6.2461586,2025-12-10 16:00:00
14.625,16.941086,2025-12-10 16:00:00
24.75,19.560762,2025-12-10 16:00:00
16.125,18.931679,2025-12-10 17:00:00
15.3,16.10053,2025-12-10 17:00:00
24.6,21.040482,2025-12-10 17:00:00
18.975,21.422564,2025-12-10 17:00:00
14.975,9.234124,2025-12-10 17:00:00
14.675,11.863336,2025-12-10 18:00:00
21.166666666666668,20.11649,2025-12-10 18:00:00
10.0,12.483214,2025-12-10 18:00:00
13.875,15.635303,2025-12-10 18:00:00
19.0,22.011864,2025-12-10 18:00:00
7.25,17.35052,2025-12-10 19:00:00
12.425,10.561645,2025-12-10 19:00:00
12.55,13.131093,2025-12-10 19:00:00
19.625,16.384169,2025-12-10 19:00:00
18.625,20.852198,2025-12-10 19:00:00
17.65,16.190964,2025-12-10 20:00:00
11.45,12.006245,2025-12-10 20:00:00
0.8333333333333334,17.370192,2025-12-10 20:00:00
20.025,20.706545,2025-12-10 20:00:00
11.75,8.320657,2025-12-10 20:00:00
10.1,6.9192057,2025-12-10 21:00:00
17.1,17.033333,2025-12-10 21:00:00
2.0,14.457633,2025-12-10 21:00:00
10.4,9.878191,2025-12-10 21:00:00
18.825,18.338062,2025-12-10 21:00:00
17.175,15.486825,2025-12-10 22:00:00
17.025,17.34443,2025-12-10 22:00:00
2.2,10.83013,2025-12-10 22:00:00
12.45,9.57792,2025-12-10 22:00:00
7.7,7.8388224,2025-12-10 22:00:00
6.725,5.686294,2025-12-10 23:00:00
13.425,12.249238,2025-12-10 23:00:00
2.2,10.361423,2025-12-10 23:00:00
16.85,15.487028,2025-12-10 23:00:00
16.375,14.23435,2025-12-10 23:00:00
13.525,13.366227,2025-12-11 00:00:00
16.425,15.899167,2025-12-11 00:00:00
7.050000000000001,10.175444,2025-12-11 00:00:00
18.775,14.761512,2025-12-11 00:00:00
6.45,9.207458,2025-12-11 00:00:00
5.375,9.522167,2025-12-11 01:00:00
13.425,14.97592,2025-12-11 01:00:00
20.6,16.644142,2025-12-11 01:00:00
15.55,16.822784,2025-12-11 01:00:00
6.775,7.8992786,2025-12-11 01:00:00
4.675,7.959187,2025-12-11 02:00:00
14.675,17.320913,2025-12-11 02:00:00
20.475,17.605171,2025-12-11 02:00:00
17.075,14.213317,2025-12-11 02:00:00
5.45,8.326493,2025-12-11 02:00:00
20.65,17.065268,2025-12-11 03:00:00
6.725,8.205649,2025-12-11 03:00:00
14.125,18.169895,2025-12-11 03:00:00
7.325,9.935518,2025-12-11 03:00:00
19.0,12.537466,2025-12-11 03:00:00
19.85,17.393581,2025-12-11 04:00:00
15.925,16.389496,2025-12-11 04:00:00
7.75,9.701221,2025-12-11 04:00:00
7.95,11.107338,2025-12-11 04:00:00
18.775,13.910049,2025-12-11 04:00:00
18.075,14.561158,2025-12-11 05:00:00
7.4,9.504529,2025-12-11 05:00:00
19.125,14.368008,2025-12-11 05:00:00
19.5,19.01871,2025-12-11 05:00:00
9.225,9.234153,2025-12-11 05:00:00
21.05,20.293097,2025-12-11 06:00:00
17.175,14.63416,2025-12-11 06:00:00
8.4,10.486712,2025-12-11 06:00:00
18.3,15.44354,2025-12-11 06:00:00
8.975000000000001,8.298229,2025-12-11 06:00:00
16.225,15.722488,2025-12-11 07:00:00
6.125,10.087861,2025-12-11 07:00:00
16.7,15.157405,2025-12-11 07:00:00
8.475,8.678113,2025-12-11 07:00:00
21.9,20.713892,2025-12-11 07:00:00
22.575,20.912804,2025-12-11 08:00:00
13.7,15.885647,2025-12-11 08:00:00
6.45,10.359301,2025-12-11 08:00:00
12.75,16.409197,2025-12-11 08:00:00
10.075,10.058269,2025-12-11 08:00:00
5.25,12.530244,2025-12-11 09:00:00
24.35,23.629766,2025-12-11 09:00:00
8.125,8.938215,2025-12-11 09:00:00
16.8,17.090988,2025-12-11 09:00:00
13.15,14.304699,2025-12-11 09:00:00
16.925,15.994508,2025-12-11 10:00:00
6.949999999999999,12.175419,2025-12-11 10:00:00
22.925,19.497543,2025-12-11 10:00:00
13.1,14.143174,2025-12-11 10:00:00
4.775,10.382236,2025-12-11 10:00:00
6.5,10.500946,2025-12-11 11:00:00
18.75,20.376366,2025-12-11 11:00:00
3.725,10.813179,2025-12-11 11:00:00
13.125,12.473212,2025-12-11 11:00:00
16.55,14.578343,2025-12-11 11:00:00
3.875,12.364222,2025-12-11 12:00:00
14.3,12.3944845,2025-12-11 12:00:00
22.475,19.169863,2025-12-11 12:00:00
16.15,14.325421,2025-12-11 12:00:00
4.375,9.659095,2025-12-11 12:00:00
14.775,15.512705,2025-12-11 13:00:00
27.725,18.991905,2025-12-11 13:00:00
14.725,10.386093,2025-12-11 13:00:00
6.074999999999999,9.576525,2025-12-11 13:00:00
5.675,11.974682,2025-12-11 13:00:00
16.65,11.564175,2025-12-11 14:00:00
27.875,17.587744,2025-12-11 14:00:00
16.025,16.652473,2025-12-11 14:00:00
8.325,12.595367,2025-12-11 14:00:00
8.05,8.742252,2025-12-11 14:00:00
17.8,10.262818,2025-12-11 15:00:00
9.975,9.031021,2025-12-11 15:00:00
12.65,13.769122,2025-12-11 15:00:00
17.775,17.497942,2025-12-11 15:00:00
26.5,19.855604,2025-12-11 15:00:00
25.0,18.214922,2025-12-11 16:00:00
10.45,7.687609,2025-12-11 16:00:00
17.9,11.166537,2025-12-11 16:00:00
14.85,17.022306,2025-12-11 16:00:00
19.125,18.733889,2025-12-11 16:00:00
14.925,16.097595,2025-12-11 17:00:00
12.175,7.9780693,2025-12-11 17:00:00
18.0,12.388358,2025-12-11 17:00:00
25.175,22.377392,2025-12-11 17:00:00
23.425,18.339447,2025-12-11 17:00:00
13.05,16.931814,2025-12-11 18:00:00
23.075,18.27252,2025-12-11 18:00:00
23.675,14.378288,2025-12-11 18:00:00
13.95,15.406566,2025-12-11 18:00:00
27.933333333333334,21.482855,2025-12-11 18:00:00
19.5,19.182682,2025-12-11 19:00:00
27.325,20.6775,2025-12-11 19:00:00
11.95,14.179117,2025-12-11 19:00:00
10.4,17.257217,2025-12-11 19:00:00
26.775,12.290268,2025-12-11 19:00:00
10.85,14.928792,2025-12-11 20:00:00
4.65,17.155596,2025-12-11 20:00:00
26.425,10.862616,2025-12-11 20:00:00
18.325,18.514671,2025-12-11 20:00:00
25.1,19.617224,2025-12-11 20:00:00
26.35,10.599538,2025-12-11 21:00:00
24.925,19.50365,2025-12-11 21:00:00
18.15,16.026457,2025-12-11 21:00:00
11.1,9.303764,2025-12-11 21:00:00
4.5,13.05759,2025-12-11 21:00:00
20.275,13.615107,2025-12-11 22:00:00
1.35,10.795299,2025-12-11 22:00:00
23.9,18.36881,2025-12-11 22:00:00
9.625,6.8931026,2025-12-11 22:00:00
24.2,10.622652,2025-12-11 22:00:00
22.775,13.243202,2025-12-11 23:00:00
1.7,7.966425,2025-12-11 23:00:00
9.25,6.2322493,2025-12-11 23:00:00
23.55,20.761793,2025-12-11 23:00:00
22.75,16.615934,2025-12-11 23:00:00
21.5,12.800596,2025-12-12 00:00:00
8.5,9.674843,2025-12-12 00:00:00
4.225,7.995919,2025-12-12 00:00:00
23.55,17.6665,2025-12-12 00:00:00
22.45,16.78764,2025-12-12 00:00:00
25.175,17.305752,2025-12-12 01:00:00
8.8,8.52901,2025-12-12 01:00:00
4.85,8.274296,2025-12-12 01:00:00
20.725,13.355636,2025-12-12 01:00:00
21.95,16.279366,2025-12-12 01:00:00
6.425,6.78382,2025-12-12 02:00:00
17.275,14.481503,2025-12-12 02:00:00
17.425,14.474328,2025-12-12 02:00:00
8.0,6.1147714,2025-12-12 02:00:00
25.675,20.164164,2025-12-12 02:00:00
15.175,14.8446665,2025-12-12 03:00:00
5.825,8.484513,2025-12-12 03:00:00
14.425,12.036743,2025-12-12 03:00:00
23.15,19.658987,2025-12-12 03:00:00
8.375,8.076056,2025-12-12 03:00:00
15.05,16.191711,2025-12-12 04:00:00
7.775,8.975592,2025-12-12 04:00:00
14.725,11.221037,2025-12-12 04:00:00
6.175,7.902554,2025-12-12 04:00:00
24.53333333333333,19.4211,2025-12-12 04:00:00
12.1,10.3435,2025-12-12 05:00:00
15.125,18.027103,2025-12-12 05:00:00
9.25,8.438989,2025-12-12 05:00:00
8.0,8.503154,2025-12-12 05:00:00
26.3,18.987194,2025-12-12 05:00:00
13.9,11.1514435,2025-12-12 06:00:00
9.975,8.570549,2025-12-12 06:00:00
8.45,10.042873,2025-12-12 06:00:00
16.375,17.82118,2025-12-12 06:00:00
26.725,20.5268,2025-12-12 06:00:00
13.0,7.993012,2025-12-12 07:00:00
21.725,13.23349,2025-12-12 07:00:00
18.475,16.92949,2025-12-12 07:00:00
28.25,21.514389,2025-12-12 07:00:00
7.875,11.607063,2025-12-12 07:00:00
6.1,12.255172,2025-12-12 08:00:00
18.05,17.280775,2025-12-12 08:00:00
9.75,9.094444,2025-12-12 08:00:00
28.5,20.823986,2025-12-12 08:00:00
22.725,10.934602,2025-12-12 08:00:00
28.875,20.07917,2025-12-12 09:00:00
12.625,9.133762,2025-12-12 09:00:00
17.5,17.040577,2025-12-12 09:00:00
4.225,9.463574,2025-12-12 09:00:00
25.15,9.997425,2025-12-12 09:00:00
10.3,16.238731,2025-12-12 10:00:00
3.85,9.957973,2025-12-12 10:00:00
8.325,12.045232,2025-12-12 10:00:00
27.625,20.835232,2025-12-12 10:00:00
25.1,9.69253,2025-12-12 10:00:00
27.075,20.481989,2025-12-12 11:00:00
3.025,10.718248,2025-12-12 11:00:00
7.175,10.29817,2025-12-12 11:00:00
6.85,15.992337,2025-12-12 11:00:00
22.275,9.274515,2025-12-12 11:00:00
19.8,13.4952755,2025-12-12 12:00:00
7.425000000000001,10.091263,2025-12-12 12:00:00
8.35,14.960869,2025-12-12 12:00:00
28.35,21.455433,2025-12-12 12:00:00
3.525,9.48409,2025-12-12 12:00:00
6.1,11.193358,2025-12-12 13:00:00
21.025,13.983472,2025-12-12 13:00:00
9.325,9.466982,2025-12-12 13:00:00
29.375,25.960846,2025-12-12 13:00:00
9.075,15.474758,2025-12-12 13:00:00
17.3,17.268364,2025-12-12 14:00:00
30.525,24.846561,2025-12-12 14:00:00
13.175,17.0013,2025-12-12 14:00:00
7.775,12.777111,2025-12-12 14:00:00
9.85,10.144036,2025-12-12 14:00:00
11.325,8.98758,2025-12-12 15:00:00
10.875,17.025549,2025-12-12 15:00:00
18.075,19.05664,2025-12-12 15:00:00
31.45,28.834091,2025-12-12 15:00:00
15.1,18.984797,2025-12-12 15:00:00
15.25,22.24003,2025-12-12 16:00:00
13.375,15.268172,2025-12-12 16:00:00
30.925,29.697598,2025-12-12 16:00:00
15.8,19.71347,2025-12-12 16:00:00
13.3,8.019725,2025-12-12 16:00:00
14.85,9.857302,2025-12-12 17:00:00
16.133333333333333,19.34467,2025-12-12 17:00:00
14.725,14.966804,2025-12-12 17:00:00
10.5,25.546772,2025-12-12 17:00:00
30.25,26.710365,2025-12-12 17:00:00
10.925,17.266777,2025-12-12 18:00:00
7.25,24.40549,2025-12-12 18:00:00
14.85,15.081057,2025-12-12 18:00:00
26.566666666666663,26.042078,2025-12-12 18:00:00
17.6,18.436827,2025-12-12 18:00:00
18.55,15.650868,2025-12-12 19:00:00
24.625,24.732323,2025-12-12 19:00:00
14.625,12.548232,2025-12-12 19:00:00
9.05,24.139091,2025-12-12 19:00:00
8.375,15.190972,2025-12-12 19:00:00
13.475,19.280647,2025-12-12 20:00:00
14.3,12.085725,2025-12-12 20:00:00
23.25,24.78975,2025-12-12 20:00:00
1.9666666666666668,16.618172,2025-12-12 20:00:00
18.15,15.078239,2025-12-12 20:00:00
17.975,11.464371,2025-12-12 21:00:00
23.0,20.601875,2025-12-12 21:00:00
11.425,17.367863,2025-12-12 21:00:00
13.325,10.174609,2025-12-12 21:00:00
2.5,14.987772,2025-12-12 21:00:00
18.6,12.033597,2025-12-12 22:00:00
14.5,12.870449,2025-12-12 22:00:00
1.95,12.709309,2025-12-12 22:00:00
13.075,9.338359,2025-12-12 22:00:00
23.45,21.522228,2025-12-12 22:00:00
11.725,8.792155,2025-12-12 23:00:00
1.833333333333333,12.566652,2025-12-12 23:00:00
18.975,12.085257,2025-12-12 23:00:00
23.125,22.231958,2025-12-12 23:00:00
13.925,10.361731,2025-12-12 23:00:00
11.275,9.0015545,2025-12-13 00:00:00
11.35,10.496809,2025-12-13 00:00:00
18.9,14.648016,2025-12-13 00:00:00
4.633333333333334,8.908632,2025-12-13 00:00:00
22.6,22.701529,2025-12-13 00:00:00
6.025,7.384926,2025-12-13 01:00:00
11.125,8.322093,2025-12-13 01:00:00
22.675,17.796062,2025-12-13 01:00:00
16.075,10.089985,2025-12-13 01:00:00
19.85,12.549667,2025-12-13 01:00:00
12.225,8.689107,2025-12-13 02:00:00
17.875,8.486846,2025-12-13 02:00:00
25.35,19.701618,2025-12-13 02:00:00
12.725,13.594867,2025-12-13 02:00:00
4.225,6.26356,2025-12-13 02:00:00
7.949999999999999,14.348273,2025-12-13 03:00:00
12.725,7.903243,2025-12-13 03:00:00
2.6,7.226946,2025-12-13 03:00:00
14.6,10.798201,2025-12-13 03:00:00
23.85,20.94269,2025-12-13 03:00:00
23.05,18.484106,2025-12-13 04:00:00
11.025,8.667107,2025-12-13 04:00:00
13.2,10.397295,2025-12-13 04:00:00
5.35,7.9114885,2025-12-13 04:00:00
6.225,14.585455,2025-12-13 04:00:00
5.75,14.006219,2025-12-13 05:00:00
21.325000000000003,17.17149,2025-12-13 05:00:00
9.75,8.880135,2025-12-13 05:00:00
10.325,9.21889,2025-12-13 05:00:00
3.05,6.218384,2025-12-13 05:00:00
8.775,9.512002,2025-12-13 06:00:00
7.9,13.353811,2025-12-13 06:00:00
2.85,9.29707,2025-12-13 06:00:00
10.825,11.710118,2025-12-13 06:00:00
22.65,16.788248,2025-12-13 06:00:00
11.7,9.060397,2025-12-13 07:00:00
23.5,15.926125,2025-12-13 07:00:00
7.375,10.231571,2025-12-13 07:00:00
8.825,14.436637,2025-12-13 07:00:00
10.875,9.986198,2025-12-13 07:00:00
28.475,15.854055,2025-12-13 08:00:00
9.3,12.379963,2025-12-13 08:00:00
9.7,11.003065,2025-12-13 08:00:00
9.525,10.851917,2025-12-13 08:00:00
7.7,8.291852,2025-12-13 08:00:00
9.575,9.413867,2025-12-13 09:00:00
5.475,9.22917,2025-12-13 09:00:00
4.2,7.929007,2025-12-13 09:00:00
6.7250000000000005,9.323664,2025-12-13 09:00:00
25.4,17.168777,2025-12-13 09:00:00
25.375,15.53972,2025-12-13 10:00:00
13.225,8.685126,2025-12-13 10:00:00
8.9,9.042665,2025-12-13 10:00:00
3.0500000000000003,10.1754055,2025-12-13 10:00:00
4.425,8.0583935,2025-12-13 10:00:00
22.85,13.123694,2025-12-13 11:00:00
3.0500000000000003,7.4520664,2025-12-13 11:00:00
15.725,8.685297,2025-12-13 11:00:00
15.275,7.803688,2025-12-13 11:00:00
2.75,9.343855,2025-12-13 11:00:00
0.2,7.508583,2025-12-13 12:00:00
16.0,10.477773,2025-12-13 12:00:00
4.433333333333334,9.399512,2025-12-13 12:00:00
16.65,9.907477,2025-12-13 12:00:00
20.975,15.762496,2025-12-13 12:00:00
14.9,9.494324,2025-12-13 13:00:00
16.8,10.673393,2025-12-13 13:00:00
0.2,11.684664,2025-12-13 13:00:00
8.675,9.194909,2025-12-13 13:00:00
19.9,19.239313,2025-12-13 13:00:00
13.5,13.071268,2025-12-13 14:00:00
18.05,24.123081,2025-12-13 14:00:00
15.325,13.68292,2025-12-13 14:00:00
15.75,12.84543,2025-12-13 14:00:00
3.3,9.181751,2025-12-13 14:00:00
15.625,13.354211,2025-12-13 15:00:00
1.7,9.85216,2025-12-13 15:00:00
21.975,14.651376,2025-12-13 15:00:00
19.375,21.963385,2025-12-13 15:00:00
13.375,11.339924,2025-12-13 15:00:00
18.1,29.630354,2025-12-13 16:00:00
16.1,14.378727,2025-12-13 16:00:00
17.3,10.748913,2025-12-13 16:00:00
27.175,15.778421,2025-12-13 16:00:00
4.6,7.4032702,2025-12-13 16:00:00
16.233333333333334,15.848602,2025-12-13 17:00:00
1.95,10.849762,2025-12-13 17:00:00
27.625,17.987253,2025-12-13 17:00:00
16.549999999999997,14.203745,2025-12-13 17:00:00
18.65,30.134779,2025-12-13 17:00:00
15.7,14.255433,2025-12-13 18:00:00
3.0,12.338225,2025-12-13 18:00:00
30.075,14.710643,2025-12-13 18:00:00
22.4,22.62281,2025-12-13 18:00:00
19.6,16.525326,2025-12-13 18:00:00
28.325,14.219926,2025-12-13 19:00:00
16.6,13.408898,2025-12-13 19:00:00
3.0,13.460157,2025-12-13 19:00:00
21.975,21.978083,2025-12-13 19:00:00
21.725,12.031686,2025-12-13 19:00:00
21.625,13.135003,2025-12-13 20:00:00
24.200000000000003,11.824186,2025-12-13 20:00:00
12.175,13.717546,2025-12-13 20:00:00
21.25,20.761368,2025-12-13 20:00:00
3.0,12.151542,2025-12-13 20:00:00
15.725,11.815491,2025-12-13 21:00:00
3.0,12.173594,2025-12-13 21:00:00
21.9,19.289898,2025-12-13 21:00:00
21.325,12.688773,2025-12-13 21:00:00
8.575,12.897805,2025-12-13 21:00:00
11.95,13.19229,2025-12-13 22:00:00
19.975,15.3698,2025-12-13 22:00:00
12.875,14.008209,2025-12-13 22:00:00
20.475,15.62578,2025-12-13 22:00:00
12.375,11.9156885,2025-12-13 23:00:00
20.6,16.549892,2025-12-13 23:00:00
13.15,16.928238,2025-12-13 23:00:00
17.9,14.441253,2025-12-13 23:00:00
21.425,14.003872,2025-12-14 00:00:00
3.8,4.570441,2025-12-14 00:00:00
17.575,14.423924,2025-12-14 00:00:00
11.5,12.459261,2025-12-14 00:00:00
13.525,15.237634,2025-12-14 00:00:00
13.05,18.729593,2025-12-14 01:00:00
4.966666666666667,8.282489,2025-12-14 01:00:00
21.075,15.557414,2025-12-14 01:00:00
10.375,11.862958,2025-12-14 01:00:00
18.4,16.414232,2025-12-14 01:00:00
21.975,19.132172,2025-12-14 02:00:00
7.225,14.456207,2025-12-14 02:00:00
15.675,18.89627,2025-12-14 02:00:00
13.35,10.789621,2025-12-14 02:00:00
3.625,9.301002,2025-12-14 02:00:00
6.366666666666667,5.796289,2025-12-14 03:00:00
12.75,9.42062,2025-12-14 03:00:00
23.275,18.516724,2025-12-14 03:00:00
13.85,18.252436,2025-12-14 03:00:00
0.3333333333333333,14.6271515,2025-12-14 03:00:00
8.775,9.321423,2025-12-14 04:00:00
0.3333333333333333,13.722927,2025-12-14 04:00:00
21.275,19.290403,2025-12-14 04:00:00
13.3,14.518306,2025-12-14 04:00:00
11.05,13.372188,2025-12-14 05:00:00
11.175,9.403171,2025-12-14 05:00:00
21.8,20.660599,2025-12-14 05:00:00
0.3333333333333333,13.837167,2025-12-14 05:00:00
19.633333333333333,14.911692,2025-12-14 06:00:00
21.05,18.605314,2025-12-14 06:00:00
10.525,10.911579,2025-12-14 06:00:00
9.125,12.766235,2025-12-14 06:00:00
9.3,8.911035,2025-12-14 06:00:00
6.525,12.830113,2025-12-14 07:00:00
21.075,19.879622,2025-12-14 07:00:00
10.75,10.939268,2025-12-14 07:00:00
22.05,11.827312,2025-12-14 07:00:00
11.85,7.8155236,2025-12-14 07:00:00
20.8,19.044147,2025-12-14 08:00:00
2.4,12.780527,2025-12-14 08:00:00
12.375,8.889067,2025-12-14 08:00:00
22.175,14.251169,2025-12-14 08:00:00
11.475,7.9769063,2025-12-14 08:00:00
1.5,10.986488,2025-12-14 09:00:00
9.925,9.104362,2025-12-14 09:00:00
13.35,10.492284,2025-12-14 09:00:00
22.35,10.595864,2025-12-14 09:00:00
20.125,20.108107,2025-12-14 09:00:00
9.175,8.883582,2025-12-14 10:00:00
20.275,18.924881,2025-12-14 10:00:00
1.7999999999999998,9.249425,2025-12-14 10:00:00
7.4,9.358091,2025-12-14 10:00:00
11.125,11.965005,2025-12-14 10:00:00
10.575,9.798758,2025-12-14 11:00:00
21.925,19.374247,2025-12-14 11:00:00
5.95,11.394864,2025-12-14 11:00:00
8.8,7.686198,2025-12-14 11:00:00
1.6,10.349216,2025-12-14 11:00:00
6.825,11.300067,2025-12-14 12:00:00
2.9333333333333336,9.614879,2025-12-14 12:00:00
9.575,10.179266,2025-12-14 12:00:00
24.775,18.985016,2025-12-14 12:00:00
9.7,12.409404,2025-12-14 12:00:00
8.125,12.499661,2025-12-14 13:00:00
5.2,10.530971,2025-12-14 13:00:00
9.225,8.732354,2025-12-14 13:00:00
7.825,12.299265,2025-12-14 13:00:00
26.375,21.77048,2025-12-14 13:00:00
11.875,15.500112,2025-12-14 14:00:00
7.275,10.926444,2025-12-14 14:00:00
15.45,14.148473,2025-12-14 14:00:00
25.675,23.77237,2025-12-14 14:00:00
12.3,12.253893,2025-12-14 14:00:00
14.55,15.667462,2025-12-14 15:00:00
8.825,11.558895,2025-12-14 15:00:00
21.35,21.501438,2025-12-14 15:00:00
19.8,18.472551,2025-12-14 15:00:00
1.1,9.887133,2025-12-14 15:00:00
20.55,17.585127,2025-12-14 16:00:00
22.7,17.651611,2025-12-14 16:00:00
2.1,12.443046,2025-12-14 16:00:00
14.05,17.183966,2025-12-14 16:00:00
10.125,14.608051,2025-12-14 16:00:00
14.266666666666666,16.871225,2025-12-14 17:00:00
19.4,19.52634,2025-12-14 17:00:00
3.55,10.998916,2025-12-14 17:00:00
21.55,20.786526,2025-12-14 17:00:00
9.675,14.277663,2025-12-14 17:00:00
13.625,15.750523,2025-12-14 18:00:00
20.15,16.588121,2025-12-14 18:00:00
20.666666666666668,17.439087,2025-12-14 18:00:00
1.0333333333333332,10.867999,2025-12-14 18:00:00
5.275,12.919371,2025-12-14 18:00:00
0.7250000000000001,8.24584,2025-12-14 19:00:00
9.375,16.32386,2025-12-14 19:00:00
21.825000000000003,18.875422,2025-12-14 19:00:00
3.125,9.634712,2025-12-14 19:00:00
17.05,15.899984,2025-12-14 19:00:00
1.05,10.897275,2025-12-14 20:00:00
21.3,17.69126,2025-12-14 20:00:00
3.1666666666666665,14.95455,2025-12-14 20:00:00
3.025,7.37164,2025-12-14 20:00:00
15.1,16.140234,2025-12-14 20:00:00
2.35,6.1149764,2025-12-14 21:00:00
10.475,13.727787,2025-12-14 21:00:00
1.05,12.59027,2025-12-14 21:00:00
3.1,15.359296,2025-12-14 21:00:00
22.15,18.393791,2025-12-14 21:00:00
6.9,12.090382,2025-12-14 22:00:00
10.325,14.106097,2025-12-14 22:00:00
2.25,12.904408,2025-12-14 22:00:00
20.075,16.479628,2025-12-14 22:00:00
1.7,6.926311,2025-12-14 22:00:00
15.0,14.444292,2025-12-14 23:00:00
16.7,16.918299,2025-12-14 23:00:00
5.1,14.676356,2025-12-14 23:00:00
1.7,7.682816,2025-12-14 23:00:00
0.7,10.743753,2025-12-14 23:00:00
1.85,15.310457,2025-12-15 00:00:00
8.65,8.877523,2025-12-15 00:00:00
14.975,13.590712,2025-12-15 00:00:00
1.7,7.684186,2025-12-15 00:00:00
16.575,15.916529,2025-12-15 00:00:00
1.2,14.034536,2025-12-15 01:00:00
1.7,6.3291087,2025-12-15 01:00:00
14.55,12.30214,2025-12-15 01:00:00
11.525,10.065615,2025-12-15 01:00:00
16.775,17.333715,2025-12-15 01:00:00
11.05,12.39379,2025-12-15 02:00:00
5.7250000000000005,10.483511,2025-12-15 02:00:00
18.4,17.432281,2025-12-15 02:00:00
8.925,9.872785,2025-12-15 02:00:00
4.25,8.856379,2025-12-15 03:00:00
20.5,16.854742,2025-12-15 03:00:00
9.45,11.36501,2025-12-15 03:00:00
11.35,9.780835,2025-12-15 03:00:00
9.675,11.882602,2025-12-15 04:00:00
13.675,7.7194457,2025-12-15 04:00:00
103.5,6.8173637,2025-12-15 04:00:00
20.5,17.538607,2025-12-15 04:00:00
4.225,10.223003,2025-12-15 04:00:00
17.166666666666668,7.179033,2025-12-15 05:00:00
15.15,8.612505,2025-12-15 05:00:00
3.675,10.708031,2025-12-15 05:00:00
12.725,11.784049,2025-12-15 05:00:00
21.1,19.386942,2025-12-15 05:00:00
4.575,9.404291,2025-12-15 06:00:00
12.975,14.545866,2025-12-15 06:00:00
20.675,18.238737,2025-12-15 06:00:00
9.25,9.8359585,2025-12-15 06:00:00
26.65,8.148153,2025-12-15 06:00:00
28.15,6.6969786,2025-12-15 07:00:00
19.1,16.2169,2025-12-15 07:00:00
9.65,11.095156,2025-12-15 07:00:00
7.25,7.8931026,2025-12-15 07:00:00
13.525,14.114176,2025-12-15 07:00:00
12.9,14.212749,2025-12-15 08:00:00
17.975,18.672232,2025-12-15 08:00:00
2.7,10.03783,2025-12-15 08:00:00
11.275,10.231988,2025-12-15 08:00:00
9.775,10.152475,2025-12-15 09:00:00
18.15,18.5097,2025-12-15 09:00:00
12.125,12.026515,2025-12-15 09:00:00
12.55,12.939869,2025-12-15 09:00:00
13.975,10.620108,2025-12-15 10:00:00
11.575,12.653093,2025-12-15 10:00:00
15.7,12.719451,2025-12-15 10:00:00
10.95,38.25081,2025-12-15 10:00:00
18.325,19.809149,2025-12-15 10:00:00
19.15,19.941057,2025-12-15 11:00:00
12.85,10.533891,2025-12-15 11:00:00
8.1,36.61645,2025-12-15 11:00:00
11.7,15.019161,2025-12-15 11:00:00
17.075,11.833484,2025-12-15 11:00:00
17.700000000000003,10.734274,2025-12-15 12:00:00
9.7,34.913456,2025-12-15 12:00:00
22.175,20.519789,2025-12-15 12:00:00
11.2,12.416745,2025-12-15 12:00:00
13.35,11.397445,2025-12-15 12:00:00
20.1,12.313085,2025-12-15 13:00:00
11.775,12.728584,2025-12-15 13:00:00
17.775,9.386246,2025-12-15 13:00:00
22.775,19.678335,2025-12-15 13:00:00
11.375,24.58654,2025-12-15 13:00:00
21.75,19.737574,2025-12-15 14:00:00
22.7,14.165439,2025-12-15 14:00:00
15.85,11.231401,2025-12-15 14:00:00
6.8500000000000005,28.364195,2025-12-15 14:00:00
16.25,10.063493,2025-12-15 14:00:00
16.05,10.790609,2025-12-15 15:00:00
23.7,19.253542,2025-12-15 15:00:00
13.3,10.647803,2025-12-15 15:00:00
20.2,19.088842,2025-12-15 15:00:00
6.425,21.643322,2025-12-15 15:00:00
11.975,11.8268795,2025-12-15 16:00:00
23.7,20.214338,2025-12-15 16:00:00
15.8,11.93817,2025-12-15 16:00:00
18.35,22.326418,2025-12-15 16:00:00
6.0,14.536724,2025-12-15 16:00:00
18.15,21.903624,2025-12-15 17:00:00
21.425,22.83276,2025-12-15 17:00:00
15.733333333333334,13.04939,2025-12-15 17:00:00
3.4,14.138228,2025-12-15 17:00:00
10.75,11.133953,2025-12-15 17:00:00
2.6,14.173088,2025-12-15 18:00:00
19.23333333333333,20.660395,2025-12-15 18:00:00
18.025,12.912315,2025-12-15 18:00:00
19.975,22.726795,2025-12-15 18:00:00
10.15,19.661589,2025-12-15 18:00:00
4.066666666666666,14.429539,2025-12-15 19:00:00
9.625,19.195372,2025-12-15 19:00:00
19.3,11.881246,2025-12-15 19:00:00
19.65,20.206915,2025-12-15 19:00:00
20.85,19.280884,2025-12-15 19:00:00
19.65,17.52778,2025-12-15 20:00:00
4.066666666666666,10.97066,2025-12-15 20:00:00
2.4,18.91719,2025-12-15 20:00:00
18.85,11.480285,2025-12-15 20:00:00
18.450000000000003,19.874836,2025-12-15 20:00:00
18.825,11.185471,2025-12-15 21:00:00
3.375,18.518894,2025-12-15 21:00:00
17.325,18.588898,2025-12-15 21:00:00
20.225,14.436567,2025-12-15 21:00:00
4.066666666666666,14.52302,2025-12-15 21:00:00
9.45,9.465797,2025-12-15 22:00:00
4.066666666666666,8.266751,2025-12-15 22:00:00
1.5666666666666669,14.849338,2025-12-15 22:00:00
19.3,14.658229,2025-12-15 22:00:00
15.8,12.3473835,2025-12-15 22:00:00
15.4,11.864496,2025-12-15 23:00:00
18.575,13.341378,2025-12-15 23:00:00
3.633333333333333,11.936879,2025-12-15 23:00:00
4.925000000000001,10.012463,2025-12-15 23:00:00
4.925,9.475462,2025-12-16 00:00:00
7.225,9.864253,2025-12-16 00:00:00
20.025,14.390916,2025-12-16 00:00:00
15.425,11.029375,2025-12-16 00:00:00
15.05,11.292388,2025-12-16 01:00:00
7.05,8.487808,2025-12-16 01:00:00
4.8,10.338987,2025-12-16 01:00:00
20.175,14.723295,2025-12-16 01:00:00
5.15,11.19332,2025-12-16 02:00:00
21.425,15.696417,2025-12-16 02:00:00
10.725,13.312153,2025-12-16 02:00:00
11.225,11.602661,2025-12-16 02:00:00
7.45,8.698051,2025-12-16 02:00:00
13.875,14.067205,2025-12-16 03:00:00
11.925,13.67526,2025-12-16 03:00:00
7.6,10.076529,2025-12-16 03:00:00
21.575,15.859515,2025-12-16 03:00:00
8.525,12.21302,2025-12-16 03:00:00
15.8,11.724784,2025-12-16 04:00:00
14.05,14.398422,2025-12-16 04:00:00
10.575,9.04634,2025-12-16 04:00:00
22.475,16.824274,2025-12-16 04:00:00
15.725,13.71918,2025-12-16 04:00:00
10.9,12.084507,2025-12-16 05:00:00
25.325,18.06759,2025-12-16 05:00:00
14.075,13.886714,2025-12-16 05:00:00
15.45,15.531718,2025-12-16 05:00:00
15.75,15.672133,2025-12-16 06:00:00
11.525,11.482648,2025-12-16 06:00:00
11.325,12.398752,2025-12-16 06:00:00
26.15,18.743023,2025-12-16 06:00:00
9.3,11.184088,2025-12-16 07:00:00
12.175,11.423127,2025-12-16 07:00:00
25.375,18.528774,2025-12-16 07:00:00
16.0,16.20068,2025-12-16 07:00:00
16.8,14.320752,2025-12-16 08:00:00
12.1,11.071227,2025-12-16 08:00:00
26.775,12.090211,2025-12-16 08:00:00
26.8,17.885298,2025-12-16 08:00:00
9.475,10.852076,2025-12-16 08:00:00
9.225,15.127519,2025-12-16 09:00:00
7.35,11.434923,2025-12-16 09:00:00
27.950000000000003,12.3107195,2025-12-16 09:00:00
35.2,18.373508,2025-12-16 09:00:00
15.5,14.689964,2025-12-16 09:00:00
14.35,14.252026,2025-12-16 10:00:00
20.575,13.968552,2025-12-16 10:00:00
29.375,8.367527,2025-12-16 10:00:00
38.1,16.98974,2025-12-16 10:00:00
7.875,10.727462,2025-12-16 10:00:00
19.625,13.751767,2025-12-16 11:00:00
17.0,13.797468,2025-12-16 11:00:00
27.225,11.37602,2025-12-16 11:00:00
5.875,8.417688,2025-12-16 11:00:00
25.825,16.938568,2025-12-16 11:00:00
17.275,13.78948,2025-12-16 12:00:00
23.575,14.085203,2025-12-16 12:00:00
5.25,10.200571,2025-12-16 12:00:00
25.5,19.436655,2025-12-16 12:00:00
16.85,11.765719,2025-12-16 12:00:00
17.0,12.090032,2025-12-16 13:00:00
4.95,11.260601,2025-12-16 13:00:00
25.425,22.11725,2025-12-16 13:00:00
22.675,17.90464,2025-12-16 13:00:00
16.575,19.550262,2025-12-16 13:00:00
2.25,9.774755,2025-12-16 14:00:00
17.125,10.907511,2025-12-16 14:00:00
22.5,18.325096,2025-12-16 14:00:00
16.1,21.987934,2025-12-16 14:00:00
24.375,22.062113,2025-12-16 14:00:00
24.75,22.084427,2025-12-16 15:00:00
17.275,10.08931,2025-12-16 15:00:00
21.35,21.810232,2025-12-16 15:00:00
2.833333333333333,8.133393,2025-12-16 15:00:00
17.0,24.964487,2025-12-16 15:00:00
17.175,9.821867,2025-12-16 16:00:00
20.3,20.454676,2025-12-16 16:00:00
16.75,27.84578,2025-12-16 16:00:00
23.8,23.422516,2025-12-16 16:00:00
2.125,6.8062487,2025-12-16 16:00:00
4.6,8.867611,2025-12-16 17:00:00
22.075,18.995928,2025-12-16 17:00:00
23.625,23.241556,2025-12-16 17:00:00
16.566666666666666,10.780637,2025-12-16 17:00:00
15.625,25.236868,2025-12-16 17:00:00
21.2,23.91628,2025-12-16 18:00:00
20.85,18.959682,2025-12-16 18:00:00
14.9,25.485502,2025-12-16 18:00:00
14.65,11.679618,2025-12-16 18:00:00
1.866666666666667,12.093509,2025-12-16 18:00:00
2.325,16.375303,2025-12-16 19:00:00
20.325,22.992182,2025-12-16 19:00:00
15.95,18.643414,2025-12-16 19:00:00
13.075,12.399256,2025-12-16 19:00:00
14.1,21.883833,2025-12-16 19:00:00
13.75,19.705647,2025-12-16 20:00:00
12.9,11.682233,2025-12-16 20:00:00
19.9,20.866014,2025-12-16 20:00:00
12.625,17.10319,2025-12-16 20:00:00
3.1,14.76153,2025-12-16 20:00:00
13.775,19.166016,2025-12-16 21:00:00
12.975,10.917133,2025-12-16 21:00:00
2.566666666666667,13.6113205,2025-12-16 21:00:00
19.425,20.37304,2025-12-16 21:00:00
11.725,16.768282,2025-12-16 21:00:00
1.5333333333333332,11.318862,2025-12-16 22:00:00
11.1,13.3005,2025-12-16 22:00:00
7.575,10.937414,2025-12-16 22:00:00
13.85,14.821774,2025-12-16 22:00:00
19.875,18.303905,2025-12-16 22:00:00
19.25,20.666018,2025-12-16 23:00:00
13.85,16.078327,2025-12-16 23:00:00
3.0666666666666664,9.592118,2025-12-16 23:00:00
4.95,10.375078,2025-12-16 23:00:00
8.1,15.30079,2025-12-16 23:00:00
19.325,20.577528,2025-12-17 00:00:00
4.8,11.638991,2025-12-17 00:00:00
13.325,14.998512,2025-12-17 00:00:00
2.45,15.921157,2025-12-17 00:00:00
3.35,7.586637,2025-12-17 00:00:00
15.575,14.733195,2025-12-17 01:00:00
1.25,6.932993,2025-12-17 01:00:00
8.75,16.338701,2025-12-17 01:00:00
20.75,20.202705,2025-12-17 01:00:00
5.1,11.608095,2025-12-17 01:00:00
12.425,12.347781,2025-12-17 02:00:00
98.3,13.800557,2025-12-17 02:00:00
28.25,16.73792,2025-12-17 02:00:00
0.6666666666666666,8.08354,2025-12-17 02:00:00
21.0,19.844734,2025-12-17 02:00:00
16.425,12.545792,2025-12-17 03:00:00
20.0,20.362858,2025-12-17 03:00:00
100.6,14.736159,2025-12-17 03:00:00
0.6000000000000001,12.81832,2025-12-17 03:00:00
31.275,15.549227,2025-12-17 03:00:00
34.525000000000006,14.395463,2025-12-17 04:00:00
16.866666666666667,12.404747,2025-12-17 04:00:00
0.6000000000000001,12.388049,2025-12-17 04:00:00
100.35,15.203433,2025-12-17 04:00:00
19.9,20.725199,2025-12-17 04:00:00
102.8,14.961215,2025-12-17 05:00:00
20.8,21.335966,2025-12-17 05:00:00
3.033333333333333,12.480405,2025-12-17 05:00:00
30.8,12.629991,2025-12-17 05:00:00
16.6,12.863196,2025-12-17 05:00:00
11.575,12.599401,2025-12-17 06:00:00
38.65,13.299483,2025-12-17 06:00:00
103.95,16.472965,2025-12-17 06:00:00
21.625,20.935146,2025-12-17 06:00:00
1.0,14.047178,2025-12-17 06:00:00
102.6,16.817186,2025-12-17 07:00:00
36.3,13.717873,2025-12-17 07:00:00
23.175,19.603756,2025-12-17 07:00:00
9.65,12.612286,2025-12-17 07:00:00
2.2,15.076322,2025-12-17 07:00:00
9.925,13.915935,2025-12-17 08:00:00
35.9,14.981312,2025-12-17 08:00:00
26.2,20.960651,2025-12-17 08:00:00
102.55,28.48678,2025-12-17 08:00:00
3.966666666666667,15.301305,2025-12-17 08:00:00
102.125,56.208054,2025-12-17 09:00:00
35.93333333333334,18.903584,2025-12-17 09:00:00
5.525,13.527564,2025-12-17 09:00:00
10.25,13.136601,2025-12-17 09:00:00
30.225,21.197815,2025-12-17 09:00:00
27.475,18.201244,2025-12-17 10:00:00
11.125,12.205155,2025-12-17 10:00:00
32.35,19.429087,2025-12-17 10:00:00
5.4,14.7954,2025-12-17 10:00:00
104.775,65.945335,2025-12-17 10:00:00
86.825,64.787865,2025-12-17 11:00:00
48.2,21.891462,2025-12-17 11:00:00
23.275,17.77483,2025-12-17 11:00:00
12.05,11.746793,2025-12-17 11:00:00
1.3,14.829242,2025-12-17 11:00:00
71.375,62.147743,2025-12-17 12:00:00
47.35,31.532846,2025-12-17 12:00:00
12.7,10.917672,2025-12-17 12:00:00
0.2,13.948248,2025-12-17 12:00:00
22.2,17.456802,2025-12-17 12:00:00
24.0,19.420092,2025-12-17 13:00:00
72.5,71.23118,2025-12-17 13:00:00
13.775,11.130205,2025-12-17 13:00:00
44.025,30.83431,2025-12-17 13:00:00
1.1,12.15961,2025-12-17 13:00:00
43.275,30.416574,2025-12-17 14:00:00
23.4,22.799507,2025-12-17 14:00:00
74.275,72.282166,2025-12-17 14:00:00
2.375,6.181504,2025-12-17 14:00:00
14.8,11.409167,2025-12-17 14:00:00
15.225,11.274621,2025-12-17 15:00:00
4.3,7.757368,2025-12-17 15:00:00
77.5,71.026596,2025-12-17 15:00:00
24.2,22.693539,2025-12-17 15:00:00
37.975,30.324581,2025-12-17 15:00:00
3.975,5.463668,2025-12-17 16:00:00
10.25,30.480724,2025-12-17 16:00:00
14.525,11.500823,2025-12-17 16:00:00
80.5,68.65283,2025-12-17 16:00:00
24.2,24.40257,2025-12-17 16:00:00
3.5,7.452136,2025-12-17 17:00:00
16.4,30.437471,2025-12-17 17:00:00
57.625,70.964905,2025-12-17 17:00:00
22.875,23.512186,2025-12-17 17:00:00
14.0,11.628913,2025-12-17 17:00:00
3.3,14.608314,2025-12-17 18:00:00
0.8,31.676968,2025-12-17 18:00:00
16.6,12.168286,2025-12-17 18:00:00
17.375,66.02438,2025-12-17 18:00:00
20.433333333333334,21.631569,2025-12-17 18:00:00
15.025,44.343765,2025-12-17 19:00:00
4.025,18.190294,2025-12-17 19:00:00
18.0,12.606938,2025-12-17 19:00:00
19.675,20.372238,2025-12-17 19:00:00
0.8,35.040493,2025-12-17 19:00:00
7.0,17.511534,2025-12-17 20:00:00
18.45,12.012299,2025-12-17 20:00:00
0.8,34.507607,2025-12-17 20:00:00
19.45,20.010431,2025-12-17 20:00:00
14.9,41.772625,2025-12-17 20:00:00
4.85,16.973413,2025-12-17 21:00:00
19.325,11.477683,2025-12-17 21:00:00
19.75,17.604986,2025-12-17 21:00:00
14.1,36.12092,2025-12-17 21:00:00
16.475,32.323536,2025-12-17 21:00:00
19.2,17.174555,2025-12-17 22:00:00
12.575,28.396404,2025-12-17 22:00:00
12.95,33.597908,2025-12-17 22:00:00
16.925,9.642213,2025-12-17 22:00:00
4.775,14.21503,2025-12-17 22:00:00
5.7,13.032396,2025-12-17 23:00:00
20.075,16.075115,2025-12-17 23:00:00
13.05,35.76184,2025-12-17 23:00:00
10.35,19.804388,2025-12-17 23:00:00
14.625,8.603563,2025-12-17 23:00:00
14.1,11.49896,2025-12-18 00:00:00
12.925,39.23416,2025-12-18 00:00:00
20.175,18.589035,2025-12-18 00:00:00
10.0,14.489679,2025-12-18 00:00:00
3.8,9.024776,2025-12-18 00:00:00
4.625,8.951914,2025-12-18 01:00:00
11.5,9.035785,2025-12-18 01:00:00
13.975,26.680445,2025-12-18 01:00:00
13.575,12.224977,2025-12-18 01:00:00
19.975,19.829563,2025-12-18 01:00:00
3.433333333333333,10.203658,2025-12-18 02:00:00
7.85,11.952095,2025-12-18 02:00:00
15.9,23.45222,2025-12-18 02:00:00
9.45,10.828602,2025-12-18 02:00:00
19.1,19.58019,2025-12-18 02:00:00
14.5,28.480879,2025-12-18 03:00:00
4.65,13.471276,2025-12-18 03:00:00
19.025,17.32866,2025-12-18 03:00:00
1.7999999999999998,12.06115,2025-12-18 03:00:00
5.85,10.429791,2025-12-18 03:00:00
1.7999999999999998,12.305815,2025-12-18 04:00:00
13.975,23.562208,2025-12-18 04:00:00
18.825,19.146658,2025-12-18 04:00:00
5.85,13.404922,2025-12-18 04:00:00
4.5,13.698138,2025-12-18 04:00:00
19.625,19.538399,2025-12-18 05:00:00
5.85,11.500125,2025-12-18 05:00:00
4.875,13.59609,2025-12-18 05:00:00
3.6,12.052225,2025-12-18 05:00:00
14.125,25.565975,2025-12-18 05:00:00
19.85,20.703703,2025-12-18 06:00:00
16.0,21.80687,2025-12-18 06:00:00
5.85,13.282495,2025-12-18 06:00:00
12.1,14.172201,2025-12-18 06:00:00
3.225,10.034393,2025-12-18 06:00:00
19.125,20.589682,2025-12-18 07:00:00
23.775,12.412321,2025-12-18 07:00:00
15.2,15.019241,2025-12-18 07:00:00
19.675,21.18321,2025-12-18 07:00:00
1.3,7.1527443,2025-12-18 07:00:00
1.0,6.621357,2025-12-18 08:00:00
16.975,16.86174,2025-12-18 08:00:00
19.525,19.8657,2025-12-18 08:00:00
15.825,12.768444,2025-12-18 08:00:00
14.833333333333334,14.128556,2025-12-18 08:00:00
19.225,19.919727,2025-12-18 09:00:00
41.25,11.734285,2025-12-18 09:00:00
3.225,5.709144,2025-12-18 09:00:00
14.2,13.172578,2025-12-18 09:00:00
15.05,12.6560755,2025-12-18 09:00:00
12.45,12.242248,2025-12-18 10:00:00
1.4,6.5944133,2025-12-18 10:00:00
45.5,10.765668,2025-12-18 10:00:00
20.45,10.958309,2025-12-18 10:00:00
19.825,19.95287,2025-12-18 10:00:00
19.875,18.758785,2025-12-18 11:00:00
12.425,12.540673,2025-12-18 11:00:00
43.475,9.712738,2025-12-18 11:00:00
23.15,10.059912,2025-12-18 11:00:00
2.45,6.7152166,2025-12-18 11:00:00
37.3,10.327206,2025-12-18 12:00:00
23.15,9.954245,2025-12-18 12:00:00
20.3,20.090366,2025-12-18 12:00:00
11.975,21.830288,2025-12-18 12:00:00
2.3,8.174818,2025-12-18 12:00:00
21.575,21.25188,2025-12-18 13:00:00
0.75,12.464969,2025-12-18 13:00:00
29.25,13.675131,2025-12-18 13:00:00
14.275,24.949598,2025-12-18 13:00:00
23.9,12.692706,2025-12-18 13:00:00
18.425,12.256419,2025-12-18 14:00:00
16.525,28.549717,2025-12-18 14:00:00
20.8,15.52505,2025-12-18 14:00:00
22.433333333333334,21.950373,2025-12-18 14:00:00
1.65,8.684925,2025-12-18 14:00:00
19.05,22.45367,2025-12-18 15:00:00
23.175,21.691319,2025-12-18 15:00:00
1.65,6.485286,2025-12-18 15:00:00
15.975,12.801,2025-12-18 15:00:00
21.3,32.300354,2025-12-18 15:00:00
23.2,23.082329,2025-12-18 16:00:00
16.75,12.812919,2025-12-18 16:00:00
25.4,37.872437,2025-12-18 16:00:00
14.425,24.308065,2025-12-18 16:00:00
3.275,4.015287,2025-12-18 16:00:00
17.03333333333333,16.76267,2025-12-18 17:00:00
23.125,20.880322,2025-12-18 17:00:00
0.9,6.716289,2025-12-18 17:00:00
22.675,36.56363,2025-12-18 17:00:00
37.075,29.893938,2025-12-18 17:00:00
36.225,34.363518,2025-12-18 18:00:00
16.675,31.013462,2025-12-18 18:00:00
21.03333333333333,20.433933,2025-12-18 18:00:00
14.675,17.464363,2025-12-18 18:00:00
0.4,13.38256,2025-12-18 18:00:00
20.200000000000003,19.431551,2025-12-18 19:00:00
0.4,18.64386,2025-12-18 19:00:00
13.0,26.296251,2025-12-18 19:00:00
13.7,17.078215,2025-12-18 19:00:00
15.825,27.287823,2025-12-18 19:00:00
12.7,15.647792,2025-12-18 20:00:00
8.05,23.100061,2025-12-18 20:00:00
0.4,17.997147,2025-12-18 20:00:00
15.8,28.201614,2025-12-18 20:00:00
19.05,19.257837,2025-12-18 20:00:00
2.4000000000000004,21.462212,2025-12-18 21:00:00
17.7,19.071999,2025-12-18 21:00:00
12.45,15.082812,2025-12-18 21:00:00
9.875,18.43793,2025-12-18 21:00:00
7.35,17.018223,2025-12-18 21:00:00
17.825,15.385211,2025-12-18 22:00:00
7.175,14.716681,2025-12-18 22:00:00
8.95,14.14419,2025-12-18 22:00:00
7.35,12.855812,2025-12-18 22:00:00
2.7,16.154024,2025-12-18 22:00:00
17.4,14.676498,2025-12-18 23:00:00
5.3,14.046464,2025-12-18 23:00:00
2.7,16.756044,2025-12-18 23:00:00
7.35,13.340615,2025-12-18 23:00:00
7.025,13.993881,2025-12-18 23:00:00
7.35,17.360172,2025-12-19 00:00:00
2.55,14.293826,2025-12-19 00:00:00
16.775,16.870657,2025-12-19 00:00:00
2.0,11.635375,2025-12-19 00:00:00
6.725,13.774523,2025-12-19 00:00:00
16.825,15.907947,2025-12-19 01:00:00
2.225,12.94808,2025-12-19 01:00:00
2.0,8.943559,2025-12-19 01:00:00
6.65,13.715724,2025-12-19 01:00:00
13.2,12.01555,2025-12-19 02:00:00
2.0,9.999897,2025-12-19 02:00:00
3.15,11.26552,2025-12-19 02:00:00
17.325,14.356332,2025-12-19 02:00:00
2.55,9.800546,2025-12-19 03:00:00
16.775,12.688116,2025-12-19 03:00:00
16.575,10.417992,2025-12-19 03:00:00
17.65,14.595834,2025-12-19 03:00:00
2.0,9.122483,2025-12-19 03:00:00
2.0,10.515211,2025-12-19 04:00:00
20.125,9.513235,2025-12-19 04:00:00
17.4,13.591096,2025-12-19 04:00:00
17.1,14.236579,2025-12-19 04:00:00
17.325,12.869575,2025-12-19 05:00:00
1.35,9.8073845,2025-12-19 05:00:00
19.825,10.244724,2025-12-19 05:00:00
6.449999999999999,11.238117,2025-12-19 05:00:00
17.675,14.168183,2025-12-19 05:00:00
13.825,11.6503935,2025-12-19 06:00:00
16.575,13.980288,2025-12-19 06:00:00
25.75,12.645462,2025-12-19 06:00:00
11.375,10.977239,2025-12-19 06:00:00
2.2,9.955131,2025-12-19 06:00:00
12.35,10.841945,2025-12-19 07:00:00
9.775,10.123424,2025-12-19 07:00:00
17.5,15.831762,2025-12-19 07:00:00
2.075,8.710553,2025-12-19 07:00:00
10.05,10.030964,2025-12-19 08:00:00
2.85,8.378025,2025-12-19 08:00:00
11.825,11.237248,2025-12-19 08:00:00
18.075,18.460077,2025-12-19 08:00:00
19.1,17.497671,2025-12-19 09:00:00
11.875,14.4246855,2025-12-19 09:00:00
12.325,11.569146,2025-12-19 09:00:00
2.7,9.07082,2025-12-19 09:00:00
2.5,19.879295,2025-12-19 09:00:00
2.575,20.357101,2025-12-19 10:00:00
19.45,17.98663,2025-12-19 10:00:00
1.1333333333333333,9.363489,2025-12-19 10:00:00
19.575,15.727054,2025-12-19 10:00:00
23.525,13.739326,2025-12-19 11:00:00
13.025,7.364871,2025-12-19 11:00:00
11.3,9.4252825,2025-12-19 11:00:00
18.55,16.263943,2025-12-19 11:00:00
5.025,18.137058,2025-12-19 11:00:00
6.9,18.859299,2025-12-19 12:00:00
18.85,16.641712,2025-12-19 12:00:00
17.2,9.541061,2025-12-19 12:00:00
23.95,15.115121,2025-12-19 12:00:00
8.7,6.9917536,2025-12-19 12:00:00
9.85,8.10079,2025-12-19 13:00:00
24.7,15.552111,2025-12-19 13:00:00
20.7,8.916212,2025-12-19 13:00:00
19.925,17.124733,2025-12-19 13:00:00
31.700000000000003,20.10454,2025-12-19 13:00:00
22.15,18.000416,2025-12-19 14:00:00
10.675,10.295106,2025-12-19 14:00:00
15.675,21.392008,2025-12-19 14:00:00
23.8,8.509246,2025-12-19 14:00:00
20.05,16.054575,2025-12-19 14:00:00
18.2,15.042676,2025-12-19 15:00:00
10.875,9.139409,2025-12-19 15:00:00
24.15,19.370234,2025-12-19 15:00:00
5.2,17.546707,2025-12-19 15:00:00
28.825,12.786067,2025-12-19 15:00:00
22.675,20.544468,2025-12-19 16:00:00
13.075,11.232448,2025-12-19 16:00:00
18.375,17.02088,2025-12-19 16:00:00
32.65,13.819849,2025-12-19 16:00:00
5.2,17.147245,2025-12-19 16:00:00
22.0,23.874456,2025-12-19 17:00:00
13.1,14.891834,2025-12-19 17:00:00
29.5,14.606076,2025-12-19 17:00:00
32.0,18.386635,2025-12-19 17:00:00
18.466666666666665,19.176176,2025-12-19 17:00:00
23.73333333333333,22.091007,2025-12-19 18:00:00
20.575,17.455631,2025-12-19 18:00:00
11.675,16.631283,2025-12-19 18:00:00
8.3,17.36416,2025-12-19 18:00:00
16.5,12.564651,2025-12-19 18:00:00
2.425,16.369156,2025-12-19 19:00:00
12.775,16.666838,2025-12-19 19:00:00
23.45,19.239159,2025-12-19 19:00:00
17.975,20.531446,2025-12-19 19:00:00
110.625,16.69203,2025-12-19 19:00:00
22.9,19.03826,2025-12-19 20:00:00
127.9,20.912304,2025-12-19 20:00:00
16.75,15.11577,2025-12-19 20:00:00
2.3,15.631315,2025-12-19 20:00:00
18.05,18.933187,2025-12-19 20:00:00
14.45,15.596817,2025-12-19 21:00:00
126.7,15.029211,2025-12-19 21:00:00
17.5,16.167019,2025-12-19 21:00:00
24.925,17.11632,2025-12-19 21:00:00
2.425,13.809823,2025-12-19 21:00:00
24.275,17.820568,2025-12-19 22:00:00
14.475,15.6340685,2025-12-19 22:00:00
12.525,14.508774,2025-12-19 22:00:00
124.75,12.761046,2025-12-19 22:00:00
18.6,12.509908,2025-12-19 22:00:00
15.025,13.584178,2025-12-19 23:00:00
129.425,11.356712,2025-12-19 23:00:00
26.15,13.62782,2025-12-19 23:00:00
11.075,13.22135,2025-12-19 23:00:00
25.7,17.6137,2025-12-19 23:00:00
128.075,10.381553,2025-12-20 00:00:00
11.6,12.6864395,2025-12-20 00:00:00
12.65,11.720591,2025-12-20 00:00:00
26.366666666666664,18.84404,2025-12-20 00:00:00
25.225,11.860934,2025-12-20 00:00:00
26.725,16.940434,2025-12-20 01:00:00
122.475,28.210192,2025-12-20 01:00:00
13.7,10.325078,2025-12-20 01:00:00
25.15,9.700685,2025-12-20 01:00:00
12.6,9.546962,2025-12-20 01:00:00
11.775,9.521227,2025-12-20 02:00:00
24.775,18.019596,2025-12-20 02:00:00
17.325,10.542188,2025-12-20 02:00:00
108.125,47.120106,2025-12-20 02:00:00
13.65,11.734987,2025-12-20 02:00:00
23.625,17.10537,2025-12-20 03:00:00
12.75,13.436913,2025-12-20 03:00:00
131.05,40.626263,2025-12-20 03:00:00
10.05,8.942848,2025-12-20 03:00:00
13.8,9.629108,2025-12-20 03:00:00
11.475,14.028316,2025-12-20 04:00:00
13.6,15.602419,2025-12-20 04:00:00
8.475,8.07754,2025-12-20 04:00:00
23.125,16.289341,2025-12-20 04:00:00
156.2,32.753845,2025-12-20 04:00:00
175.275,34.811356,2025-12-20 05:00:00
22.225,18.528362,2025-12-20 05:00:00
7.4,8.520942,2025-12-20 05:00:00
14.05,15.420639,2025-12-20 05:00:00
15.575,13.73826,2025-12-20 05:00:00
6.9,10.13162,2025-12-20 06:00:00
19.275,17.18326,2025-12-20 06:00:00
53.775,31.025349,2025-12-20 06:00:00
14.05,18.641106,2025-12-20 06:00:00
14.625,13.655552,2025-12-20 06:00:00
21.95,13.83617,2025-12-20 07:00:00
17.15,18.220072,2025-12-20 07:00:00
4.55,10.259277,2025-12-20 07:00:00
35.650000000000006,37.90633,2025-12-20 07:00:00
14.05,17.516161,2025-12-20 07:00:00
18.2,19.005491,2025-12-20 08:00:00
14.05,17.189383,2025-12-20 08:00:00
4.05,11.916035,2025-12-20 08:00:00
50.475,40.821003,2025-12-20 08:00:00
28.825,14.420299,2025-12-20 08:00:00
5.7,9.604086,2025-12-20 09:00:00
17.1,18.450068,2025-12-20 09:00:00
24.1,13.996489,2025-12-20 09:00:00
5.766666666666667,18.85236,2025-12-20 09:00:00
40.6,37.289803,2025-12-20 09:00:00
14.2,17.183487,2025-12-20 10:00:00
19.325,20.817553,2025-12-20 10:00:00
13.075,9.877013,2025-12-20 10:00:00
22.9,12.633292,2025-12-20 10:00:00
45.55,34.469498,2025-12-20 10:00:00
18.825,13.976618,2025-12-20 11:00:00
24.275,15.288252,2025-12-20 11:00:00
24.425,22.20516,2025-12-20 11:00:00
13.675,9.921538,2025-12-20 11:00:00
53.725,37.487083,2025-12-20 11:00:00
18.775,12.883923,2025-12-20 12:00:00
15.2,11.774553,2025-12-20 12:00:00
22.55,12.676756,2025-12-20 12:00:00
53.15,31.763536,2025-12-20 12:00:00
24.925,20.779697,2025-12-20 12:00:00
48.525,39.71373,2025-12-20 13:00:00
22.6,14.7877,2025-12-20 13:00:00
15.3,14.029265,2025-12-20 13:00:00
25.866666666666664,22.102394,2025-12-20 13:00:00
18.725,14.625145,2025-12-20 13:00:00
15.925,15.96829,2025-12-20 14:00:00
24.375,16.673185,2025-12-20 14:00:00
34.55,29.276833,2025-12-20 14:00:00
25.75,24.899673,2025-12-20 14:00:00
22.575,14.179634,2025-12-20 14:00:00
15.65,15.688909,2025-12-20 15:00:00
25.975,18.78144,2025-12-20 15:00:00
26.325,23.556734,2025-12-20 15:00:00
31.7,29.673891,2025-12-20 15:00:00
24.275,15.185738,2025-12-20 15:00:00
26.375,18.700863,2025-12-20 16:00:00
39.675,34.492714,2025-12-20 16:00:00
16.825,19.946064,2025-12-20 16:00:00
25.45,24.625195,2025-12-20 16:00:00
25.1,16.427322,2025-12-20 16:00:00
25.066666666666663,16.017635,2025-12-20 17:00:00
17.6,23.882208,2025-12-20 17:00:00
28.475,37.679527,2025-12-20 17:00:00
25.0,20.931772,2025-12-20 17:00:00
22.633333333333336,23.509579,2025-12-20 17:00:00
19.225,23.370253,2025-12-20 18:00:00
24.025,20.54577,2025-12-20 18:00:00
22.73333333333333,23.195156,2025-12-20 18:00:00
27.35,33.789906,2025-12-20 18:00:00
20.825,15.065321,2025-12-20 18:00:00
18.325,14.448649,2025-12-20 19:00:00
25.275,18.639341,2025-12-20 19:00:00
24.0,23.455315,2025-12-20 19:00:00
18.075,26.255806,2025-12-20 19:00:00
30.175,40.849674,2025-12-20 19:00:00
25.6,17.812634,2025-12-20 20:00:00
17.85,16.445724,2025-12-20 20:00:00
10.675,34.60529,2025-12-20 20:00:00
19.75,22.370789,2025-12-20 20:00:00
25.4,22.468088,2025-12-20 20:00:00
25.95,19.27454,2025-12-20 21:00:00
1.7000000000000002,31.051762,2025-12-20 21:00:00
19.05,21.385384,2025-12-20 21:00:00
17.3,15.665481,2025-12-20 21:00:00
24.1,17.887783,2025-12-20 21:00:00
26.3,25.853159,2025-12-20 22:00:00
24.5,20.260494,2025-12-20 22:00:00
24.025,12.012284,2025-12-20 22:00:00
17.775,14.809014,2025-12-20 22:00:00
21.875,24.928596,2025-12-20 22:00:00
34.3,29.244963,2025-12-20 23:00:00
24.625,19.570463,2025-12-20 23:00:00
22.700000000000003,13.983942,2025-12-20 23:00:00
20.875,23.867432,2025-12-20 23:00:00
17.125,15.96717,2025-12-20 23:00:00
17.2,16.695477,2025-12-21 00:00:00
23.6,16.70146,2025-12-21 00:00:00
24.125,20.84283,2025-12-21 00:00:00
14.8,28.788517,2025-12-21 00:00:00
18.025,21.049881,2025-12-21 00:00:00
24.7,21.731924,2025-12-21 01:00:00
14.8,31.246487,2025-12-21 01:00:00
17.45,15.787417,2025-12-21 01:00:00
17.475,22.032745,2025-12-21 01:00:00
21.425,16.713875,2025-12-21 01:00:00
18.475,20.953701,2025-12-21 02:00:00
24.775,23.603926,2025-12-21 02:00:00
14.8,29.02037,2025-12-21 02:00:00
21.15,16.905527,2025-12-21 02:00:00
21.3,16.976274,2025-12-21 02:00:00
14.8,15.2573595,2025-12-21 03:00:00
23.075,17.83607,2025-12-21 03:00:00
20.75,19.013714,2025-12-21 03:00:00
20.35,16.469767,2025-12-21 03:00:00
25.7,21.79997,2025-12-21 03:00:00
15.4,18.293978,2025-12-21 04:00:00
23.25,19.473848,2025-12-21 04:00:00
20.325,19.543112,2025-12-21 04:00:00
21.625,15.790529,2025-12-21 04:00:00
24.0,22.427776,2025-12-21 04:00:00
20.275,17.220634,2025-12-21 05:00:00
23.6,20.825073,2025-12-21 05:00:00
21.125,22.946354,2025-12-21 05:00:00
21.625,15.7167015,2025-12-21 05:00:00
24.475,25.70494,2025-12-21 05:00:00
21.775,16.763208,2025-12-21 06:00:00
22.075,22.198177,2025-12-21 06:00:00
25.5,26.68142,2025-12-21 06:00:00
26.225,20.220562,2025-12-21 06:00:00
20.3,22.104418,2025-12-21 06:00:00
27.4,20.13,2025-12-21 07:00:00
26.5,24.394606,2025-12-21 07:00:00
20.875,22.63123,2025-12-21 07:00:00
28.35,20.389444,2025-12-21 07:00:00
22.35,18.044168,2025-12-21 07:00:00
21.4,18.244905,2025-12-21 08:00:00
20.675,22.809887,2025-12-21 08:00:00
38.1,19.328186,2025-12-21 08:00:00
27.725,19.4932,2025-12-21 08:00:00
25.525,22.82886,2025-12-21 08:00:00
26.65,24.33657,2025-12-21 09:00:00
32.375,15.085014,2025-12-21 09:00:00
18.3,22.375883,2025-12-21 09:00:00
21.775,19.470293,2025-12-21 09:00:00
27.7,19.558033,2025-12-21 09:00:00
22.0,19.55251,2025-12-21 10:00:00
26.025,24.068987,2025-12-21 10:00:00
33.725,20.602594,2025-12-21 10:00:00
11.375,22.247646,2025-12-21 10:00:00
18.975,11.580625,2025-12-21 10:00:00
22.35,19.743675,2025-12-21 11:00:00
37.425,18.60273,2025-12-21 11:00:00
26.125,23.947601,2025-12-21 11:00:00
17.15,9.777893,2025-12-21 11:00:00
17.9,19.796228,2025-12-21 11:00:00
4.35,16.450161,2025-12-21 12:00:00
23.75,19.08612,2025-12-21 12:00:00
18.375,19.869469,2025-12-21 12:00:00
26.4,23.277027,2025-12-21 12:00:00
37.625,20.398815,2025-12-21 12:00:00
17.349999999999998,22.18219,2025-12-21 13:00:00
4.35,24.554201,2025-12-21 13:00:00
25.225,26.148933,2025-12-21 13:00:00
22.35,23.38681,2025-12-21 13:00:00
37.825,22.963116,2025-12-21 13:00:00
4.35,28.725845,2025-12-21 14:00:00
31.95,25.482773,2025-12-21 14:00:00
23.4,24.719908,2025-12-21 14:00:00
26.775,26.944359,2025-12-21 14:00:00
19.525,23.923231,2025-12-21 14:00:00
16.35,24.42313,2025-12-21 15:00:00
2.25,35.31236,2025-12-21 15:00:00
24.4,28.217154,2025-12-21 15:00:00
26.575,28.943531,2025-12-21 15:00:00
28.725,25.913382,2025-12-21 15:00:00
19.35,23.658255,2025-12-21 16:00:00
28.625,27.641634,2025-12-21 16:00:00
23.3,30.9037,2025-12-21 16:00:00
3.966666666666667,33.65812,2025-12-21 16:00:00
26.066666666666663,24.209158,2025-12-21 16:00:00
26.266666666666666,24.733295,2025-12-21 17:00:00
16.775,24.814524,2025-12-21 17:00:00
0.2,27.66199,2025-12-21 17:00:00
21.35,31.53319,2025-12-21 17:00:00
28.633333333333336,29.404476,2025-12-21 17:00:00
24.275,32.130344,2025-12-21 18:00:00
18.025,27.222155,2025-12-21 18:00:00
20.0,26.742708,2025-12-21 18:00:00
1.65,21.90931,2025-12-21 18:00:00
22.766666666666666,24.632095,2025-12-21 18:00:00
16.525,27.098558,2025-12-21 19:00:00
17.125,25.590933,2025-12-21 19:00:00
21.375,26.000595,2025-12-21 19:00:00
8.05,20.377739,2025-12-21 19:00:00
21.05,29.885546,2025-12-21 19:00:00
20.9,25.883621,2025-12-21 20:00:00
8.05,18.441448,2025-12-21 20:00:00
21.15,30.843987,2025-12-21 20:00:00
18.55,25.609741,2025-12-21 20:00:00
19.3,27.913048,2025-12-21 20:00:00
8.05,16.738516,2025-12-21 21:00:00
20.775,27.393763,2025-12-21 21:00:00
19.325,26.743235,2025-12-21 21:00:00
21.275,29.858143,2025-12-21 21:00:00
17.15,24.669926,2025-12-21 21:00:00
8.05,14.856135,2025-12-21 22:00:00
23.8,25.93707,2025-12-21 22:00:00
17.175,19.538736,2025-12-21 22:00:00
21.4,25.441116,2025-12-21 22:00:00
16.575,25.122265,2025-12-21 22:00:00
17.525,22.137897,2025-12-21 23:00:00
15.25,18.52831,2025-12-21 23:00:00
24.55,24.934816,2025-12-21 23:00:00
21.6,23.552858,2025-12-21 23:00:00
17.025,20.91023,2025-12-22 00:00:00
20.7,22.73321,2025-12-22 00:00:00
24.175,24.06229,2025-12-22 00:00:00
15.0,21.601522,2025-12-22 00:00:00
16.174999999999997,18.648651,2025-12-22 01:00:00
0.7333333333333334,12.227659,2025-12-22 01:00:00
13.55,19.294615,2025-12-22 01:00:00
21.25,24.742622,2025-12-22 01:00:00
24.0,24.885084,2025-12-22 01:00:00
15.625,19.082712,2025-12-22 02:00:00
28.925,25.272524,2025-12-22 02:00:00
15.725,16.785727,2025-12-22 02:00:00
1.4,12.159834,2025-12-22 02:00:00
21.05,21.858574,2025-12-22 02:00:00
31.2,25.203238,2025-12-22 03:00:00
21.0,20.719112,2025-12-22 03:00:00
17.7,18.07784,2025-12-22 03:00:00
15.45,18.52867,2025-12-22 03:00:00
4.533333333333333,13.344542,2025-12-22 03:00:00
31.1,24.949863,2025-12-22 04:00:00
17.725,18.873354,2025-12-22 04:00:00
15.6,19.2654,2025-12-22 04:00:00
0.8,12.236894,2025-12-22 04:00:00
21.5,22.191992,2025-12-22 04:00:00
21.425,20.442373,2025-12-22 05:00:00
14.8,18.439232,2025-12-22 05:00:00
31.425,25.813726,2025-12-22 05:00:00
17.275,20.281864,2025-12-22 05:00:00
17.4,18.072847,2025-12-22 06:00:00
21.975,24.134846,2025-12-22 06:00:00
29.15,25.580564,2025-12-22 06:00:00
16.15,18.967064,2025-12-22 06:00:00
17.775,19.2174,2025-12-22 07:00:00
17.475,20.492258,2025-12-22 07:00:00
33.625,12.749886,2025-12-22 07:00:00
21.8,24.710302,2025-12-22 07:00:00
28.025,26.342318,2025-12-22 07:00:00
40.175,11.714623,2025-12-22 08:00:00
16.7,19.47525,2025-12-22 08:00:00
28.075,26.139044,2025-12-22 08:00:00
22.75,23.345295,2025-12-22 08:00:00
19.25,17.905083,2025-12-22 08:00:00
11.3,17.92002,2025-12-22 09:00:00
28.075,24.805403,2025-12-22 09:00:00
22.85,24.347242,2025-12-22 09:00:00
36.7,11.996429,2025-12-22 09:00:00
17.225,18.770926,2025-12-22 09:00:00
17.275,18.137571,2025-12-22 10:00:00
33.625,17.46478,2025-12-22 10:00:00
33.85,29.803022,2025-12-22 10:00:00
11.975,17.2909,2025-12-22 10:00:00
22.9,25.865454,2025-12-22 10:00:00
37.175,28.986732,2025-12-22 11:00:00
23.8,26.846546,2025-12-22 11:00:00
35.675,11.232284,2025-12-22 11:00:00
11.975,18.073273,2025-12-22 11:00:00
18.375,17.093935,2025-12-22 11:00:00
25.73333333333333,23.334028,2025-12-22 12:00:00
4.25,17.385862,2025-12-22 12:00:00
39.9,8.167838,2025-12-22 12:00:00
37.3,28.446924,2025-12-22 12:00:00
18.625,16.29853,2025-12-22 12:00:00
22.4,20.415506,2025-12-22 13:00:00
9.8,22.72158,2025-12-22 13:00:00
37.1,30.737774,2025-12-22 13:00:00
28.35,26.011326,2025-12-22 13:00:00
33.65,14.53649,2025-12-22 13:00:00
31.450000000000003,17.705217,2025-12-22 14:00:00
23.4,28.841524,2025-12-22 14:00:00
27.7,23.880526,2025-12-22 14:00:00
28.8,26.426302,2025-12-22 14:00:00
7.199999999999999,24.497747,2025-12-22 14:00:00
33.9,29.453108,2025-12-22 15:00:00
33.825,30.040949,2025-12-22 15:00:00
10.4,22.91903,2025-12-22 15:00:00
28.4,24.66397,2025-12-22 15:00:00
13.525,28.575638,2025-12-22 15:00:00
25.45,22.29145,2025-12-22 16:00:00
33.849999999999994,29.226551,2025-12-22 16:00:00
13.475,30.306353,2025-12-22 16:00:00
8.975,16.398031,2025-12-22 16:00:00
28.1,25.351322,2025-12-22 16:00:00
26.75,21.597801,2025-12-22 17:00:00
7.925000000000001,18.312498,2025-12-22 17:00:00
13.8,28.735483,2025-12-22 17:00:00
26.950000000000003,30.790909,2025-12-22 17:00:00
30.875,27.906431,2025-12-22 17:00:00
23.666666666666668,18.957403,2025-12-22 18:00:00
9.375,23.04471,2025-12-22 18:00:00
24.925,26.391483,2025-12-22 18:00:00
24.65,28.71223,2025-12-22 18:00:00
24.05,26.064964,2025-12-22 18:00:00
28.575,25.943386,2025-12-22 19:00:00
22.2,24.232536,2025-12-22 19:00:00
24.775,27.64858,2025-12-22 19:00:00
7.85,24.05336,2025-12-22 19:00:00
22.025,19.680355,2025-12-22 19:00:00
23.25,24.565,2025-12-22 20:00:00
28.225,31.35222,2025-12-22 20:00:00
27.175,30.182224,2025-12-22 20:00:00
20.55,18.405418,2025-12-22 20:00:00
7.875,26.864302,2025-12-22 20:00:00
31.775,23.53413,2025-12-22 21:00:00
20.625,21.451189,2025-12-22 21:00:00
20.125,20.571188,2025-12-22 21:00:00
28.125,27.471815,2025-12-22 21:00:00
9.5,23.775654,2025-12-22 21:00:00
21.325,18.549358,2025-12-22 22:00:00
6.775,18.288023,2025-12-22 22:00:00
16.625,19.362446,2025-12-22 22:00:00
18.85,17.419044,2025-12-22 22:00:00
34.3,21.567202,2025-12-22 22:00:00
9.825,14.552877,2025-12-22 23:00:00
19.275,18.018675,2025-12-22 23:00:00
34.95,19.782368,2025-12-22 23:00:00
20.425,19.627747,2025-12-22 23:00:00
6.45,17.951778,2025-12-22 23:00:00
35.525,19.5859,2025-12-23 00:00:00
8.95,14.59329,2025-12-23 00:00:00
18.9,18.49096,2025-12-23 00:00:00
10.1,14.389927,2025-12-23 00:00:00
19.325,20.129051,2025-12-23 00:00:00
19.4,22.139063,2025-12-23 01:00:00
36.0,20.892187,2025-12-23 01:00:00
17.475,18.329931,2025-12-23 01:00:00
10.375,10.4448,2025-12-23 01:00:00
8.95,18.40706,2025-12-23 01:00:00
14.55,17.976244,2025-12-23 02:00:00
8.025,9.6479,2025-12-23 02:00:00
30.425,19.139303,2025-12-23 02:00:00
22.45,17.1681,2025-12-23 02:00:00
19.5,19.575613,2025-12-23 02:00:00
13.85,12.801906,2025-12-23 03:00:00
29.05,17.788166,2025-12-23 03:00:00
7.6,7.6277843,2025-12-23 03:00:00
19.55,15.474851,2025-12-23 03:00:00
28.975,18.449917,2025-12-23 03:00:00
20.4,14.85296,2025-12-23 04:00:00
6.725,9.407821,2025-12-23 04:00:00
29.200000000000003,18.817173,2025-12-23 04:00:00
13.5,11.298173,2025-12-23 04:00:00
30.4,17.694279,2025-12-23 04:00:00
19.225,16.512796,2025-12-23 05:00:00
7.875,6.7275276,2025-12-23 05:00:00
29.625,20.697697,2025-12-23 05:00:00
29.625,17.766916,2025-12-23 05:00:00
12.325,12.109195,2025-12-23 05:00:00
10.675,11.383411,2025-12-23 06:00:00
19.7,17.109444,2025-12-23 06:00:00
30.65,20.322678,2025-12-23 06:00:00
29.95,22.541105,2025-12-23 06:00:00
12.775,14.4462595,2025-12-23 06:00:00
12.5,16.229906,2025-12-23 07:00:00
9.85,11.595142,2025-12-23 07:00:00
18.9,19.2038,2025-12-23 07:00:00
31.625,19.388828,2025-12-23 07:00:00
36.025,22.79135,2025-12-23 07:00:00
19.6,18.741425,2025-12-23 08:00:00
37.65,23.145044,2025-12-23 08:00:00
31.6,20.580933,2025-12-23 08:00:00
11.1,14.331704,2025-12-23 08:00:00
10.55,18.94533,2025-12-23 08:00:00
20.325,20.805159,2025-12-23 09:00:00
5.166666666666667,12.017359,2025-12-23 09:00:00
37.475,18.377377,2025-12-23 09:00:00
11.275,16.101467,2025-12-23 09:00:00
31.225,21.153124,2025-12-23 09:00:00
37.125,19.688246,2025-12-23 10:00:00
4.775,8.383167,2025-12-23 10:00:00
20.75,21.249134,2025-12-23 10:00:00
29.5,22.36307,2025-12-23 10:00:00
8.7,17.568363,2025-12-23 10:00:00
5.575,9.965329,2025-12-23 11:00:00
38.25,22.489544,2025-12-23 11:00:00
20.775,20.785784,2025-12-23 11:00:00
28.475,21.121769,2025-12-23 11:00:00
7.725,16.768785,2025-12-23 11:00:00
34.4,21.08694,2025-12-23 12:00:00
7.875,13.900046,2025-12-23 12:00:00
20.625,17.492884,2025-12-23 12:00:00
28.4,20.971336,2025-12-23 12:00:00
3.725,9.834099,2025-12-23 12:00:00
8.3,18.994242,2025-12-23 13:00:00
34.1,23.923323,2025-12-23 13:00:00
28.625,25.393997,2025-12-23 13:00:00
21.375,22.147385,2025-12-23 13:00:00
8.35,11.149639,2025-12-23 13:00:00
6.5,11.441803,2025-12-23 14:00:00
21.25,24.837915,2025-12-23 14:00:00
7.75,17.695288,2025-12-23 14:00:00
33.025,26.88253,2025-12-23 14:00:00
31.6,24.558638,2025-12-23 14:00:00
7.6,10.253687,2025-12-23 15:00:00
20.0,25.565395,2025-12-23 15:00:00
31.15,31.24966,2025-12-23 15:00:00
32.675,22.877678,2025-12-23 15:00:00
8.1,25.847733,2025-12-23 15:00:00
32.675,20.088474,2025-12-23 16:00:00
7.45,24.38501,2025-12-23 16:00:00
5.8,12.721188,2025-12-23 16:00:00
32.275,30.653522,2025-12-23 16:00:00
19.35,26.37291,2025-12-23 16:00:00
10.3,25.088865,2025-12-23 17:00:00
32.675,19.86938,2025-12-23 17:00:00
9.2,10.184428,2025-12-23 17:00:00
17.9,29.696505,2025-12-23 17:00:00
39.525,32.403793,2025-12-23 17:00:00
22.0,22.559418,2025-12-23 18:00:00
16.25,21.364721,2025-12-23 18:00:00
6.35,13.472604,2025-12-23 18:00:00
33.25,31.44377,2025-12-23 18:00:00
32.675,23.466713,2025-12-23 18:00:00
25.45,30.323936,2025-12-23 19:00:00
8.175,13.863679,2025-12-23 19:00:00
23.475,20.403234,2025-12-23 19:00:00
15.75,18.739258,2025-12-23 19:00:00
25.775,27.75813,2025-12-23 20:00:00
23.4,20.31728,2025-12-23 20:00:00
4.025,13.738876,2025-12-23 20:00:00
16.85,15.728221,2025-12-23 20:00:00
16.275,12.239914,2025-12-23 21:00:00
24.85,30.70119,2025-12-23 21:00:00
24.1,18.487957,2025-12-23 21:00:00
5.575,12.886274,2025-12-23 21:00:00
15.175,9.969281,2025-12-23 22:00:00
24.325000000000003,16.192038,2025-12-23 22:00:00
5.625,12.884407,2025-12-23 22:00:00
19.425,26.596725,2025-12-23 22:00:00
19.475,27.305647,2025-12-23 23:00:00
22.96666666666667,16.654558,2025-12-23 23:00:00
15.6,8.648553,2025-12-23 23:00:00
4.725,12.52158,2025-12-23 23:00:00
17.975,28.304752,2025-12-24 00:00:00
6.075,7.104498,2025-12-24 00:00:00
23.5,16.489319,2025-12-24 00:00:00
15.775,8.916272,2025-12-24 00:00:00
16.75,28.315308,2025-12-24 01:00:00
13.925,9.20779,2025-12-24 01:00:00
24.175,17.207708,2025-12-24 01:00:00
6.9,6.4159946,2025-12-24 01:00:00
13.225,10.604186,2025-12-24 02:00:00
4.35,7.6830416,2025-12-24 02:00:00
17.425,25.279697,2025-12-24 02:00:00
24.15,19.278694,2025-12-24 02:00:00
5.25,7.8579755,2025-12-24 03:00:00
22.85,25.066349,2025-12-24 03:00:00
13.325,11.33464,2025-12-24 03:00:00
24.075,21.613945,2025-12-24 03:00:00
27.575,24.605223,2025-12-24 04:00:00
24.73333333333333,20.118599,2025-12-24 04:00:00
15.2,11.600148,2025-12-24 04:00:00
5.675,6.7874517,2025-12-24 04:00:00
27.175,21.301107,2025-12-24 05:00:00
24.55,22.290102,2025-12-24 05:00:00
6.824999999999999,8.675939,2025-12-24 05:00:00
15.175,11.402775,2025-12-24 05:00:00
7.425,11.320681,2025-12-24 06:00:00
25.3,20.679102,2025-12-24 06:00:00
25.6,21.695005,2025-12-24 06:00:00
17.275,10.369231,2025-12-24 06:00:00
15.05,10.656722,2025-12-24 07:00:00
8.625,11.987557,2025-12-24 07:00:00
25.425,18.239153,2025-12-24 07:00:00
24.46666666666667,21.765244,2025-12-24 07:00:00
22.375,19.722677,2025-12-24 08:00:00
13.25,10.595859,2025-12-24 08:00:00
8.55,10.692414,2025-12-24 08:00:00
25.633333333333336,22.616528,2025-12-24 08:00:00
27.125,22.849104,2025-12-24 09:00:00
22.05,19.91872,2025-12-24 09:00:00
32.6,20.34992,2025-12-24 09:00:00
15.375,9.776309,2025-12-24 09:00:00
4.125,9.518732,2025-12-24 09:00:00
14.75,8.9393425,2025-12-24 10:00:00
5.65,9.429366,2025-12-24 10:00:00
24.925,21.068739,2025-12-24 10:00:00
32.6,21.389795,2025-12-24 10:00:00
22.625,21.849777,2025-12-24 10:00:00
0.9333333333333332,10.253517,2025-12-24 11:00:00
24.75,18.557587,2025-12-24 11:00:00
22.5,21.452206,2025-12-24 11:00:00
14.8,27.359892,2025-12-24 11:00:00
12.55,8.927064,2025-12-24 11:00:00
25.125,20.337902,2025-12-24 12:00:00
13.25,11.163286,2025-12-24 12:00:00
22.0,22.426182,2025-12-24 12:00:00
2.3,8.707078,2025-12-24 12:00:00
14.8,22.015621,2025-12-24 12:00:00
26.8,22.885744,2025-12-24 13:00:00
25.5,26.171228,2025-12-24 13:00:00
14.65,14.632819,2025-12-24 13:00:00
0.5333333333333333,8.493763,2025-12-24 13:00:00
14.65,29.660652,2025-12-24 13:00:00
23.225,32.24978,2025-12-24 14:00:00
17.3,18.431046,2025-12-24 14:00:00
26.15,22.620184,2025-12-24 14:00:00
29.425,30.209099,2025-12-24 14:00:00
5.0,9.649109,2025-12-24 14:00:00
26.075,24.448555,2025-12-24 15:00:00
32.275,30.013842,2025-12-24 15:00:00
21.55,22.432014,2025-12-24 15:00:00
2.75,10.333883,2025-12-24 15:00:00
28.1,32.98719,2025-12-24 15:00:00
4.225,8.236716,2025-12-24 16:00:00
23.275,17.985798,2025-12-24 16:00:00
28.175,39.00407,2025-12-24 16:00:00
25.025,24.645842,2025-12-24 16:00:00
32.0,31.69665,2025-12-24 16:00:00
22.775,26.511024,2025-12-24 17:00:00
22.700000000000003,22.39571,2025-12-24 17:00:00
31.575000000000003,28.253735,2025-12-24 17:00:00
3.75,8.735825,2025-12-24 17:00:00
27.6,31.854942,2025-12-24 17:00:00
3.4333333333333336,16.536486,2025-12-24 18:00:00
20.575,18.454237,2025-12-24 18:00:00
24.65,22.19218,2025-12-24 18:00:00
22.633333333333336,24.717459,2025-12-24 18:00:00
28.075,27.112574,2025-12-24 18:00:00
2.175,13.724562,2025-12-24 19:00:00
19.875,18.386538,2025-12-24 19:00:00
28.35,27.074448,2025-12-24 19:00:00
22.7,24.011887,2025-12-24 19:00:00
21.75,24.060022,2025-12-24 19:00:00
21.7,21.984055,2025-12-24 20:00:00
21.950000000000003,22.30503,2025-12-24 20:00:00
18.05,16.99953,2025-12-24 20:00:00
28.125,26.34247,2025-12-24 20:00:00
1.4249999999999998,15.63387,2025-12-24 20:00:00
16.6,15.708848,2025-12-24 21:00:00
26.8,24.31012,2025-12-24 21:00:00
21.8,19.820158,2025-12-24 21:00:00
1.975,13.901601,2025-12-24 21:00:00
22.6,19.71285,2025-12-24 21:00:00
3.525,12.214265,2025-12-24 22:00:00
28.225,23.823395,2025-12-24 22:00:00
15.275,14.566277,2025-12-24 22:00:00
27.3,18.389072,2025-12-24 22:00:00
23.825,16.825968,2025-12-24 22:00:00
14.325,15.230523,2025-12-24 23:00:00
29.65,19.153023,2025-12-24 23:00:00
21.35,18.380215,2025-12-24 23:00:00
29.2,22.931753,2025-12-24 23:00:00
2.0,11.354064,2025-12-24 23:00:00
0.55,8.65344,2025-12-25 00:00:00
28.725,21.854895,2025-12-25 00:00:00
21.025,20.15606,2025-12-25 00:00:00
13.875,17.698246,2025-12-25 00:00:00
29.25,24.271803,2025-12-25 00:00:00
32.55,24.41189,2025-12-25 01:00:00
21.45,19.256563,2025-12-25 01:00:00
13.85,17.281366,2025-12-25 01:00:00
28.85,23.742123,2025-12-25 01:00:00
1.85,8.174506,2025-12-25 01:00:00
32.275,18.65591,2025-12-25 02:00:00
13.2,17.057177,2025-12-25 02:00:00
27.8,21.0399,2025-12-25 02:00:00
0.2,8.769424,2025-12-25 02:00:00
22.4,18.543047,2025-12-25 02:00:00
1.3,8.702695,2025-12-25 03:00:00
27.3,20.672352,2025-12-25 03:00:00
24.125,18.254541,2025-12-25 03:00:00
14.7,16.806509,2025-12-25 03:00:00
32.15,19.593767,2025-12-25 03:00:00
26.225,20.566368,2025-12-25 04:00:00
14.875,16.814936,2025-12-25 04:00:00
28.0,20.36751,2025-12-25 04:00:00
22.675,17.041431,2025-12-25 04:00:00
2.0,7.9829793,2025-12-25 04:00:00
22.325,20.115845,2025-12-25 05:00:00
29.075,21.935423,2025-12-25 05:00:00
29.6,20.860561,2025-12-25 05:00:00
5.1,8.116467,2025-12-25 05:00:00
15.125,15.748226,2025-12-25 05:00:00
15.85,16.629673,2025-12-25 06:00:00
5.925,7.69983,2025-12-25 06:00:00
27.325000000000003,21.631374,2025-12-25 06:00:00
31.075,23.867306,2025-12-25 06:00:00
26.375,19.194563,2025-12-25 06:00:00
28.05,21.687855,2025-12-25 07:00:00
29.15,21.20986,2025-12-25 07:00:00
32.05,25.812103,2025-12-25 07:00:00
9.875,7.7909775,2025-12-25 07:00:00
20.15,15.657621,2025-12-25 07:00:00
28.05,21.860195,2025-12-25 08:00:00
18.3,14.686838,2025-12-25 08:00:00
33.675,25.039045,2025-12-25 08:00:00
28.225,22.285128,2025-12-25 08:00:00
6.225,6.8266335,2025-12-25 08:00:00
35.0,32.863544,2025-12-25 09:00:00
26.0,25.396585,2025-12-25 09:00:00
0.9333333333333332,9.132711,2025-12-25 09:00:00
16.075,14.048341,2025-12-25 09:00:00
27.175,21.981335,2025-12-25 09:00:00
25.325,21.410519,2025-12-25 10:00:00
36.5,25.153881,2025-12-25 10:00:00
12.925,13.324091,2025-12-25 10:00:00
0.75,9.266115,2025-12-25 10:00:00
24.525,23.593527,2025-12-25 10:00:00
11.375,13.285435,2025-12-25 11:00:00
24.83333333333333,19.799824,2025-12-25 11:00:00
23.275,22.509016,2025-12-25 11:00:00
35.55,24.70359,2025-12-25 11:00:00
0.75,8.849748,2025-12-25 11:00:00
34.075,23.729855,2025-12-25 12:00:00
0.75,8.774124,2025-12-25 12:00:00
23.625,20.735317,2025-12-25 12:00:00
27.6,19.321316,2025-12-25 12:00:00
12.325,14.155486,2025-12-25 12:00:00
1.2,9.076953,2025-12-25 13:00:00
33.325,28.767895,2025-12-25 13:00:00
24.35,23.948147,2025-12-25 13:00:00
17.3,20.501228,2025-12-25 13:00:00
27.625,23.447418,2025-12-25 13:00:00
1.725,6.853207,2025-12-25 14:00:00
28.525,24.584122,2025-12-25 14:00:00
22.8,26.634695,2025-12-25 14:00:00
28.325,32.372997,2025-12-25 14:00:00
25.0,33.08843,2025-12-25 14:00:00
26.225,28.986952,2025-12-25 15:00:00
2.0333333333333337,7.7347836,2025-12-25 15:00:00
27.875,25.248207,2025-12-25 15:00:00
25.6,26.597683,2025-12-25 15:00:00
30.175,34.871944,2025-12-25 15:00:00
26.125,24.45456,2025-12-25 16:00:00
4.5,7.4660153,2025-12-25 16:00:00
30.275,34.363655,2025-12-25 16:00:00
25.85,29.157688,2025-12-25 16:00:00
30.875,29.20834,2025-12-25 16:00:00
24.35,26.295227,2025-12-25 17:00:00
32.525000000000006,40.038193,2025-12-25 17:00:00
30.6,25.100105,2025-12-25 17:00:00
2.575,8.546332,2025-12-25 17:00:00
25.53333333333333,25.231894,2025-12-25 17:00:00
3.733333333333333,12.662312,2025-12-25 18:00:00
22.8,25.134493,2025-12-25 18:00:00
30.9,36.491425,2025-12-25 18:00:00
22.1,28.594107,2025-12-25 18:00:00
26.25,25.31678,2025-12-25 18:00:00
1.9,16.535614,2025-12-25 19:00:00
25.75,25.145391,2025-12-25 19:00:00
19.85,26.499226,2025-12-25 19:00:00
32.45,37.156662,2025-12-25 19:00:00
23.3,21.964441,2025-12-25 19:00:00
20.1,23.865492,2025-12-25 20:00:00
25.5,21.441677,2025-12-25 20:00:00
23.9,20.52816,2025-12-25 20:00:00
32.65,35.82261,2025-12-25 20:00:00
2.8,24.429592,2025-12-25 20:00:00
0.45,23.635426,2025-12-25 21:00:00
22.25,22.286022,2025-12-25 21:00:00
20.175,24.36919,2025-12-25 21:00:00
25.075,21.196674,2025-12-25 21:00:00
32.3,35.38,2025-12-25 21:00:00
23.35,21.653065,2025-12-25 22:00:00
21.15,18.905338,2025-12-25 22:00:00
31.675,32.82879,2025-12-25 22:00:00
19.1,21.145226,2025-12-25 22:00:00
1.575,15.585225,2025-12-25 22:00:00
31.25,31.615683,2025-12-25 23:00:00
18.675,20.498194,2025-12-25 23:00:00
21.325,19.249369,2025-12-25 23:00:00
22.875,21.208782,2025-12-25 23:00:00
1.5666666666666669,14.121657,2025-12-25 23:00:00
19.275,19.499264,2025-12-26 00:00:00
24.35,21.000381,2025-12-26 00:00:00
2.1,11.001553,2025-12-26 00:00:00
26.425,30.156525,2025-12-26 00:00:00
18.25,21.48178,2025-12-26 00:00:00
17.525,18.691713,2025-12-26 01:00:00
23.675,19.578655,2025-12-26 01:00:00
17.9,20.665794,2025-12-26 01:00:00
27.35,28.41584,2025-12-26 01:00:00
2.1,10.484706,2025-12-26 01:00:00
17.05,21.631378,2025-12-26 02:00:00
23.4,20.714457,2025-12-26 02:00:00
15.575,19.933075,2025-12-26 02:00:00
26.1,28.69906,2025-12-26 02:00:00
3.8,11.328342,2025-12-26 02:00:00
24.25,26.77246,2025-12-26 03:00:00
22.775,19.238083,2025-12-26 03:00:00
14.1,18.540901,2025-12-26 03:00:00
16.825,21.488504,2025-12-26 03:00:00
2.0,7.1743627,2025-12-26 03:00:00
2.333333333333333,7.3206124,2025-12-26 04:00:00
22.925,19.470474,2025-12-26 04:00:00
24.575,27.703926,2025-12-26 04:00:00
14.275,17.121017,2025-12-26 04:00:00
17.6,20.859308,2025-12-26 04:00:00
29.2,23.558819,2025-12-26 05:00:00
22.475,20.200138,2025-12-26 05:00:00
3.15,6.6223516,2025-12-26 05:00:00
14.925,16.960384,2025-12-26 05:00:00
18.6,20.997215,2025-12-26 05:00:00
1.825,8.569388,2025-12-26 06:00:00
30.65,21.673113,2025-12-26 06:00:00
13.5,18.394846,2025-12-26 06:00:00
21.6,21.420986,2025-12-26 06:00:00
23.6,21.646162,2025-12-26 06:00:00
3.35,9.854507,2025-12-26 07:00:00
11.55,18.069706,2025-12-26 07:00:00
27.725,20.480556,2025-12-26 07:00:00
23.275,21.29828,2025-12-26 07:00:00
23.525,21.853872,2025-12-26 07:00:00
10.05,16.413849,2025-12-26 08:00:00
22.1,22.375643,2025-12-26 08:00:00
5.35,8.047107,2025-12-26 08:00:00
23.775,19.56156,2025-12-26 08:00:00
26.625,19.189888,2025-12-26 08:00:00
28.3,14.980736,2025-12-26 09:00:00
22.9,20.542196,2025-12-26 09:00:00
23.225,20.358616,2025-12-26 09:00:00
11.0,15.411788,2025-12-26 09:00:00
1.5,6.344349,2025-12-26 09:00:00
9.925,15.033783,2025-12-26 10:00:00
22.75,21.025232,2025-12-26 10:00:00
1.8333333333333333,8.6043825,2025-12-26 10:00:00
22.875,20.529242,2025-12-26 10:00:00
24.075000000000003,19.851143,2025-12-26 10:00:00
22.4,19.07237,2025-12-26 11:00:00
22.525,17.22569,2025-12-26 11:00:00
22.125,21.022617,2025-12-26 11:00:00
8.1,13.414171,2025-12-26 11:00:00
2.4,12.33655,2025-12-26 11:00:00
2.4,11.294155,2025-12-26 12:00:00
7.725,14.516133,2025-12-26 12:00:00
21.05,24.039665,2025-12-26 12:00:00
22.925,18.92576,2025-12-26 12:00:00
24.125,17.224878,2025-12-26 12:00:00
25.85,19.766806,2025-12-26 13:00:00
23.125,18.894407,2025-12-26 13:00:00
5.375,5.8873453,2025-12-26 13:00:00
10.4,15.928102,2025-12-26 13:00:00
21.65,28.002985,2025-12-26 13:00:00
29.450000000000003,20.895632,2025-12-26 14:00:00
3.225,7.2685194,2025-12-26 14:00:00
22.075,26.514372,2025-12-26 14:00:00
15.45,18.113739,2025-12-26 14:00:00
27.066666666666663,22.49493,2025-12-26 14:00:00
19.225,24.36277,2025-12-26 15:00:00
28.425,25.68353,2025-12-26 15:00:00
27.7,23.150246,2025-12-26 15:00:00
32.625,19.8929,2025-12-26 15:00:00
3.275,9.180036,2025-12-26 15:00:00
29.275,24.1641,2025-12-26 16:00:00
26.53333333333333,23.312761,2025-12-26 16:00:00
21.375,24.922592,2025-12-26 16:00:00
33.125,17.997274,2025-12-26 16:00:00
3.625,7.8396645,2025-12-26 16:00:00
24.575,25.83165,2025-12-26 17:00:00
27.95,25.101938,2025-12-26 17:00:00
34.233333333333334,17.702417,2025-12-26 17:00:00
25.266666666666666,24.11026,2025-12-26 17:00:00
2.95,6.8166394,2025-12-26 17:00:00
24.9,24.532053,2025-12-26 18:00:00
3.7,9.312402,2025-12-26 18:00:00
25.425,26.122166,2025-12-26 18:00:00
27.7,28.433668,2025-12-26 18:00:00
28.05,23.066843,2025-12-26 18:00:00
26.675,29.694086,2025-12-26 19:00:00
24.625,21.84192,2025-12-26 19:00:00
2.25,18.545837,2025-12-26 19:00:00
24.925,19.475386,2025-12-26 19:00:00
25.925,22.08582,2025-12-26 19:00:00
22.275,30.274185,2025-12-26 20:00:00
0.4,18.404202,2025-12-26 20:00:00
25.55,21.528683,2025-12-26 20:00:00
24.925,19.248177,2025-12-26 20:00:00
25.8,20.871197,2025-12-26 20:00:00
25.725,21.329836,2025-12-26 21:00:00
23.5,18.671537,2025-12-26 21:00:00
25.25,18.713123,2025-12-26 21:00:00
2.45,17.909418,2025-12-26 21:00:00
24.25,26.872253,2025-12-26 21:00:00
19.45,18.834702,2025-12-26 22:00:00
20.975,15.39501,2025-12-26 22:00:00
25.0,20.725039,2025-12-26 22:00:00
23.425,24.763472,2025-12-26 22:00:00
0.5,13.651543,2025-12-26 22:00:00
0.5,11.991552,2025-12-26 23:00:00
25.975,23.283127,2025-12-26 23:00:00
20.475,14.955955,2025-12-26 23:00:00
15.975,19.143854,2025-12-26 23:00:00
23.7,18.942713,2025-12-26 23:00:00
15.8,21.858742,2025-12-27 00:00:00
2.85,9.610001,2025-12-27 00:00:00
27.925,23.337212,2025-12-27 00:00:00
20.8,17.273357,2025-12-27 00:00:00
22.525,18.89008,2025-12-27 00:00:00
22.15,18.512083,2025-12-27 01:00:00
19.375,16.980398,2025-12-27 01:00:00
30.55,24.113823,2025-12-27 01:00:00
2.35,11.005123,2025-12-27 01:00:00
15.8,23.179972,2025-12-27 01:00:00
17.125,15.620091,2025-12-27 02:00:00
23.225,21.86389,2025-12-27 02:00:00
21.65,16.32634,2025-12-27 02:00:00
3.9,10.802514,2025-12-27 02:00:00
32.05,22.647942,2025-12-27 02:00:00
6.65,10.624697,2025-12-27 03:00:00
30.05,20.165358,2025-12-27 03:00:00
15.55,14.538583,2025-12-27 03:00:00
27.15,20.683983,2025-12-27 03:00:00
23.55,17.272442,2025-12-27 03:00:00
27.1,19.857456,2025-12-27 04:00:00
6.525,10.974116,2025-12-27 04:00:00
14.65,13.434703,2025-12-27 04:00:00
23.925,17.463785,2025-12-27 04:00:00
31.25,19.501932,2025-12-27 04:00:00
27.35,20.469877,2025-12-27 05:00:00
13.55,16.023027,2025-12-27 05:00:00
23.775,18.319382,2025-12-27 05:00:00
3.1666666666666665,12.490515,2025-12-27 05:00:00
30.950000000000003,21.985558,2025-12-27 05:00:00
23.6,18.958529,2025-12-27 06:00:00
3.75,14.065849,2025-12-27 06:00:00
23.925,19.712557,2025-12-27 06:00:00
14.425,15.160631,2025-12-27 06:00:00
28.35,25.78694,2025-12-27 06:00:00
27.5,23.366987,2025-12-27 07:00:00
21.866666666666664,19.71196,2025-12-27 07:00:00
14.35,15.286703,2025-12-27 07:00:00
4.266666666666667,10.862214,2025-12-27 07:00:00
26.525,19.002428,2025-12-27 07:00:00
27.55,17.771723,2025-12-27 08:00:00
21.866666666666664,21.603704,2025-12-27 08:00:00
11.8,15.966585,2025-12-27 08:00:00
26.7,25.645332,2025-12-27 08:00:00
2.3666666666666667,9.003186,2025-12-27 08:00:00
27.225,20.115782,2025-12-27 09:00:00
11.675,13.94518,2025-12-27 09:00:00
26.475,25.4675,2025-12-27 09:00:00
0.3,13.775529,2025-12-27 09:00:00
14.766666666666666,22.59447,2025-12-27 09:00:00
10.866666666666664,13.165927,2025-12-27 10:00:00
4.7,12.016175,2025-12-27 10:00:00
26.425,22.815235,2025-12-27 10:00:00
26.0,20.742655,2025-12-27 10:00:00
18.7,23.513184,2025-12-27 10:00:00
1.3666666666666665,11.119321,2025-12-27 11:00:00
30.8,24.57141,2025-12-27 11:00:00
25.175,18.66687,2025-12-27 11:00:00
6.1,11.8656845,2025-12-27 11:00:00
20.5,21.005945,2025-12-27 11:00:00
26.0,16.908611,2025-12-27 12:00:00
31.35,24.540714,2025-12-27 12:00:00
20.325,21.124779,2025-12-27 12:00:00
20.075,11.872395,2025-12-27 12:00:00
4.575,11.587797,2025-12-27 12:00:00
20.45,20.332388,2025-12-27 13:00:00
10.625,12.808053,2025-12-27 13:00:00
25.975,14.454722,2025-12-27 13:00:00
28.75,17.879019,2025-12-27 13:00:00
31.675,25.536018,2025-12-27 13:00:00
35.7,19.549904,2025-12-27 14:00:00
30.2,22.84284,2025-12-27 14:00:00
8.625,7.932856,2025-12-27 14:00:00
31.375,28.95474,2025-12-27 14:00:00
14.4,22.6914,2025-12-27 14:00:00
11.85,19.053558,2025-12-27 15:00:00
8.65,7.71957,2025-12-27 15:00:00
31.775,24.398445,2025-12-27 15:00:00
38.925,23.34679,2025-12-27 15:00:00
33.95,29.099424,2025-12-27 15:00:00
8.0,7.334176,2025-12-27 16:00:00
47.325,22.825443,2025-12-27 16:00:00
33.425,28.888304,2025-12-27 16:00:00
29.975,26.000301,2025-12-27 16:00:00
12.125,17.902317,2025-12-27 16:00:00
12.2,23.558136,2025-12-27 17:00:00
28.366666666666664,25.633211,2025-12-27 17:00:00
10.95,8.059916,2025-12-27 17:00:00
38.85,24.878992,2025-12-27 17:00:00
30.95,34.911407,2025-12-27 17:00:00
9.15,19.348888,2025-12-27 18:00:00
33.05,30.223442,2025-12-27 18:00:00
14.6,23.792597,2025-12-27 18:00:00
31.275,36.514698,2025-12-27 18:00:00
23.066666666666663,24.948511,2025-12-27 18:00:00
15.725,24.399038,2025-12-27 19:00:00
26.75,36.947598,2025-12-27 19:00:00
31.275,25.73931,2025-12-27 19:00:00
20.875,23.776361,2025-12-27 19:00:00
8.85,16.598944,2025-12-27 19:00:00
21.6,23.281263,2025-12-27 20:00:00
27.0,37.31262,2025-12-27 20:00:00
15.4,22.604456,2025-12-27 20:00:00
6.775,14.6458235,2025-12-27 20:00:00
27.95,30.766485,2025-12-27 20:00:00
30.65,34.13943,2025-12-27 21:00:00
16.075,21.207167,2025-12-27 21:00:00
6.0,13.397524,2025-12-27 21:00:00
17.725,26.502356,2025-12-27 21:00:00
22.7,23.091864,2025-12-27 21:00:00
21.5,25.933167,2025-12-27 22:00:00
31.525,32.04682,2025-12-27 22:00:00
6.8,12.627275,2025-12-27 22:00:00
19.075,28.31396,2025-12-27 22:00:00
25.375,16.964401,2025-12-27 22:00:00
21.225,25.792383,2025-12-27 23:00:00
28.775,15.668176,2025-12-27 23:00:00
30.875,29.036142,2025-12-27 23:00:00
3.55,10.667759,2025-12-27 23:00:00
13.475,27.751158,2025-12-27 23:00:00
29.825,25.009932,2025-12-28 00:00:00
5.0,8.053897,2025-12-28 00:00:00
19.725,20.524517,2025-12-28 00:00:00
14.65,26.12186,2025-12-28 00:00:00
27.95,14.121124,2025-12-28 00:00:00
27.6,18.597322,2025-12-28 01:00:00
28.375,24.632915,2025-12-28 01:00:00
19.4,18.425982,2025-12-28 01:00:00
13.225,22.390799,2025-12-28 01:00:00
6.75,6.593457,2025-12-28 01:00:00
5.2,6.6583824,2025-12-28 02:00:00
19.65,17.823603,2025-12-28 02:00:00
14.925,21.995638,2025-12-28 02:00:00
21.725,21.084042,2025-12-28 02:00:00
18.725,17.628788,2025-12-28 02:00:00
14.875,17.668148,2025-12-28 03:00:00
6.175000000000001,6.8276033,2025-12-28 03:00:00
11.175,17.314487,2025-12-28 03:00:00
20.4,22.329367,2025-12-28 03:00:00
18.425,17.27679,2025-12-28 03:00:00
20.95,26.083212,2025-12-28 04:00:00
14.8,20.127504,2025-12-28 04:00:00
11.325,16.73125,2025-12-28 04:00:00
6.5,7.4219255,2025-12-28 04:00:00
20.725,16.218483,2025-12-28 04:00:00
9.725,14.546524,2025-12-28 05:00:00
21.85,24.538168,2025-12-28 05:00:00
19.8,16.655918,2025-12-28 05:00:00
15.225,21.630674,2025-12-28 05:00:00
9.25,6.3256607,2025-12-28 05:00:00
19.1,18.97158,2025-12-28 06:00:00
7.6,7.121362,2025-12-28 06:00:00
13.425,15.745191,2025-12-28 06:00:00
17.875,20.091825,2025-12-28 06:00:00
21.725,30.166805,2025-12-28 06:00:00
19.3,20.891981,2025-12-28 07:00:00
13.5,15.362541,2025-12-28 07:00:00
6.875,8.345866,2025-12-28 07:00:00
21.5,20.190882,2025-12-28 07:00:00
27.325,23.699015,2025-12-28 07:00:00
21.775,19.970839,2025-12-28 08:00:00
5.975,8.158867,2025-12-28 08:00:00
28.325,17.413551,2025-12-28 08:00:00
19.325,19.299675,2025-12-28 08:00:00
6.7,16.579367,2025-12-28 08:00:00
19.15,19.569302,2025-12-28 09:00:00
25.9,18.223284,2025-12-28 09:00:00
21.375,20.44385,2025-12-28 09:00:00
6.325,14.390646,2025-12-28 09:00:00
3.4,10.838651,2025-12-28 09:00:00
4.7,14.467166,2025-12-28 10:00:00
21.225,21.261242,2025-12-28 10:00:00
24.325,14.561851,2025-12-28 10:00:00
12.925,17.685738,2025-12-28 10:00:00
4.075,9.220443,2025-12-28 10:00:00
2.033333333333333,8.692999,2025-12-28 11:00:00
21.45,18.768559,2025-12-28 11:00:00
5.3,11.079848,2025-12-28 11:00:00
9.825,13.734302,2025-12-28 11:00:00
23.85,14.364477,2025-12-28 11:00:00
2.433333333333333,8.912312,2025-12-28 12:00:00
3.975,12.740317,2025-12-28 12:00:00
24.6,19.99612,2025-12-28 12:00:00
19.25,18.148779,2025-12-28 12:00:00
10.8,14.546516,2025-12-28 12:00:00
10.8,17.183374,2025-12-28 13:00:00
4.275,9.365583,2025-12-28 13:00:00
19.65,20.210405,2025-12-28 13:00:00
11.4,17.790998,2025-12-28 13:00:00
22.9,20.436638,2025-12-28 13:00:00
12.85,19.78502,2025-12-28 14:00:00
20.125,23.625103,2025-12-28 14:00:00
20.825000000000003,22.885895,2025-12-28 14:00:00
22.125,17.685036,2025-12-28 14:00:00
4.1,8.9402685,2025-12-28 14:00:00
19.9,26.389805,2025-12-28 15:00:00
22.275,24.453882,2025-12-28 15:00:00
27.7,21.713047,2025-12-28 15:00:00
4.4750000000000005,9.286484,2025-12-28 15:00:00
17.725,25.032578,2025-12-28 15:00:00
19.675,24.711824,2025-12-28 16:00:00
27.825,19.353157,2025-12-28 16:00:00
3.25,6.2787867,2025-12-28 16:00:00
23.025,23.405203,2025-12-28 16:00:00
23.775,26.813034,2025-12-28 16:00:00
5.4,7.714959,2025-12-28 17:00:00
20.0,25.410597,2025-12-28 17:00:00
21.9,26.806541,2025-12-28 17:00:00
28.075,26.345533,2025-12-28 17:00:00
27.73333333333333,19.983088,2025-12-28 17:00:00
27.15,27.411495,2025-12-28 18:00:00
8.549999999999999,15.113262,2025-12-28 18:00:00
22.25,18.283222,2025-12-28 18:00:00
24.975,25.584291,2025-12-28 18:00:00
21.7,25.8092,2025-12-28 18:00:00
24.975,20.242147,2025-12-28 19:00:00
18.9,16.87523,2025-12-28 19:00:00
23.55,26.625053,2025-12-28 19:00:00
8.425,14.046358,2025-12-28 19:00:00
20.6,26.00315,2025-12-28 19:00:00
20.95,22.716524,2025-12-28 20:00:00
22.725,25.77729,2025-12-28 20:00:00
22.95,18.775122,2025-12-28 20:00:00
9.825,14.2829075,2025-12-28 20:00:00
18.525,18.132492,2025-12-28 20:00:00
9.875,14.671456,2025-12-28 21:00:00
21.825,19.718267,2025-12-28 21:00:00
17.95,16.487684,2025-12-28 21:00:00
22.375,26.390549,2025-12-28 21:00:00
15.4,16.025316,2025-12-28 21:00:00
12.325,12.76183,2025-12-28 22:00:00
8.25,11.155643,2025-12-28 22:00:00
10.825,17.015787,2025-12-28 22:00:00
18.075,21.014793,2025-12-28 22:00:00
20.325,19.816986,2025-12-28 22:00:00
9.375,9.61995,2025-12-28 23:00:00
10.225,14.870192,2025-12-28 23:00:00
7.025,17.023882,2025-12-28 23:00:00
17.975,21.449268,2025-12-28 23:00:00
17.175,20.809166,2025-12-28 23:00:00
17.65,25.682053,2025-12-29 00:00:00
7.324999999999999,20.488358,2025-12-29 00:00:00
9.15,6.496628,2025-12-29 00:00:00
11.15,13.418585,2025-12-29 00:00:00
6.9,18.469698,2025-12-29 00:00:00
6.95,18.326223,2025-12-29 01:00:00
8.825,14.658156,2025-12-29 01:00:00
7.324999999999999,7.61712,2025-12-29 01:00:00
5.75,18.033941,2025-12-29 01:00:00
18.325000000000003,24.645613,2025-12-29 01:00:00
18.725,21.98746,2025-12-29 02:00:00
8.75,15.904302,2025-12-29 02:00:00
8.225,17.420258,2025-12-29 02:00:00
7.375,17.931427,2025-12-29 02:00:00
8.025,9.61614,2025-12-29 02:00:00
7.7,17.902702,2025-12-29 03:00:00
6.9,20.778563,2025-12-29 03:00:00
6.3,9.443645,2025-12-29 03:00:00
8.775,15.743912,2025-12-29 03:00:00
20.95,22.226904,2025-12-29 03:00:00
6.675000000000001,10.945981,2025-12-29 04:00:00
6.8,22.017422,2025-12-29 04:00:00
7.75,16.106222,2025-12-29 04:00:00
8.8,8.581584,2025-12-29 04:00:00
20.175,18.767412,2025-12-29 04:00:00
6.525,7.835129,2025-12-29 05:00:00
6.95,7.879104,2025-12-29 05:00:00
20.1,18.693491,2025-12-29 05:00:00
7.825,15.382457,2025-12-29 05:00:00
8.9,22.62737,2025-12-29 05:00:00
14.9,14.301879,2025-12-29 06:00:00
7.175000000000001,7.453637,2025-12-29 06:00:00
5.325,9.627078,2025-12-29 06:00:00
20.475,18.930815,2025-12-29 06:00:00
8.850000000000001,14.684435,2025-12-29 06:00:00
19.65,19.379826,2025-12-29 07:00:00
5.025,6.8989024,2025-12-29 07:00:00
18.200000000000003,13.231168,2025-12-29 07:00:00
6.55,9.557619,2025-12-29 07:00:00
8.825,13.609798,2025-12-29 07:00:00
18.525,13.431137,2025-12-29 08:00:00
14.2,21.450462,2025-12-29 08:00:00
8.1,9.494431,2025-12-29 08:00:00
6.225,12.180551,2025-12-29 08:00:00
7.275,16.641575,2025-12-29 08:00:00
5.65,7.941314,2025-12-29 09:00:00
18.6,12.089006,2025-12-29 09:00:00
6.3500000000000005,9.674229,2025-12-29 09:00:00
6.475,14.788311,2025-12-29 09:00:00
14.5,20.294973,2025-12-29 09:00:00
3.925,8.531528,2025-12-29 10:00:00
14.725,23.221006,2025-12-29 10:00:00
16.6,14.22992,2025-12-29 10:00:00
4.175,9.963115,2025-12-29 10:00:00
6.625,12.065716,2025-12-29 10:00:00
6.800000000000001,11.802896,2025-12-29 11:00:00
16.0,15.085672,2025-12-29 11:00:00
6.1,8.19551,2025-12-29 11:00:00
4.65,8.3414135,2025-12-29 11:00:00
13.975,19.370787,2025-12-29 11:00:00
16.775,18.311642,2025-12-29 12:00:00
7.825,16.652706,2025-12-29 12:00:00
3.0250000000000004,4.874069,2025-12-29 12:00:00
16.25,13.769746,2025-12-29 12:00:00
0.8,8.318895,2025-12-29 12:00:00
6.0,9.880546,2025-12-29 13:00:00
4.1000000000000005,10.272608,2025-12-29 13:00:00
8.525,12.841942,2025-12-29 13:00:00
20.9,20.921389,2025-12-29 13:00:00
16.5,13.232667,2025-12-29 13:00:00
12.775,15.146549,2025-12-29 14:00:00
4.85,9.358583,2025-12-29 14:00:00
5.675,12.254792,2025-12-29 14:00:00
9.35,11.833061,2025-12-29 14:00:00
21.475,19.64686,2025-12-29 14:00:00
9.725,14.26121,2025-12-29 15:00:00
11.35,16.464867,2025-12-29 15:00:00
6.075,11.02319,2025-12-29 15:00:00
21.225,20.997828,2025-12-29 15:00:00
3.033333333333333,10.281608,2025-12-29 15:00:00
10.225,13.184307,2025-12-29 16:00:00
5.725,14.820379,2025-12-29 16:00:00
3.4,9.276635,2025-12-29 16:00:00
20.7,20.714056,2025-12-29 16:00:00
10.95,16.238293,2025-12-29 16:00:00
8.875,13.94889,2025-12-29 17:00:00
4.525,10.471543,2025-12-29 17:00:00
10.5,17.05099,2025-12-29 17:00:00
14.975,14.536363,2025-12-29 17:00:00
21.65,20.470924,2025-12-29 17:00:00
23.6,12.733909,2025-12-29 18:00:00
21.95,22.097855,2025-12-29 18:00:00
9.65,14.809781,2025-12-29 18:00:00
5.9,12.0403,2025-12-29 18:00:00
17.333333333333332,13.757207,2025-12-29 18:00:00
8.65,14.231149,2025-12-29 19:00:00
20.950000000000003,10.015306,2025-12-29 19:00:00
5.25,13.399374,2025-12-29 19:00:00
24.825,22.34853,2025-12-29 19:00:00
24.2,9.099985,2025-12-29 19:00:00
8.05,15.603944,2025-12-29 20:00:00
22.15,8.673987,2025-12-29 20:00:00
25.275,22.826452,2025-12-29 20:00:00
3.4,12.304013,2025-12-29 20:00:00
27.15,10.371264,2025-12-29 20:00:00
23.825,7.180975,2025-12-29 21:00:00
25.425,21.584656,2025-12-29 21:00:00
8.075,12.146785,2025-12-29 21:00:00
3.633333333333333,11.985809,2025-12-29 21:00:00
36.025,10.146657,2025-12-29 21:00:00
2.75,12.11936,2025-12-29 22:00:00
21.525,6.7580643,2025-12-29 22:00:00
17.075,10.876019,2025-12-29 22:00:00
34.05,7.0313983,2025-12-29 22:00:00
25.275,20.059298,2025-12-29 22:00:00
21.45,9.398049,2025-12-29 23:00:00
35.275,7.1604238,2025-12-29 23:00:00
27.8,18.838234,2025-12-29 23:00:00
24.525,10.261155,2025-12-29 23:00:00
2.85,13.095502,2025-12-29 23:00:00
21.075,7.994279,2025-12-30 00:00:00
26.700000000000003,17.834625,2025-12-30 00:00:00
3.375,9.838504,2025-12-30 00:00:00
29.1,10.77163,2025-12-30 00:00:00
35.875,8.773059,2025-12-30 00:00:00
2.8,8.877177,2025-12-30 01:00:00
26.625,19.72902,2025-12-30 01:00:00
21.375,9.523524,2025-12-30 01:00:00
34.875,9.925967,2025-12-30 01:00:00
27.575,13.092242,2025-12-30 01:00:00
35.75,12.595586,2025-12-30 02:00:00
2.533333333333333,8.0521145,2025-12-30 02:00:00
31.35,14.557835,2025-12-30 02:00:00
16.05,8.644207,2025-12-30 02:00:00
27.625,21.135727,2025-12-30 02:00:00
35.35,13.4813795,2025-12-30 03:00:00
0.1,13.765319,2025-12-30 03:00:00
26.75,20.702265,2025-12-30 03:00:00
13.0,8.297486,2025-12-30 03:00:00
29.225,14.077043,2025-12-30 03:00:00
29.05,15.125879,2025-12-30 04:00:00
23.475,19.811144,2025-12-30 04:00:00
12.825,10.954859,2025-12-30 04:00:00
35.325,17.412407,2025-12-30 04:00:00
2.425,11.991318,2025-12-30 04:00:00
24.875,20.967823,2025-12-30 05:00:00
37.9,22.364553,2025-12-30 05:00:00
13.025,12.44277,2025-12-30 05:00:00
27.775,16.646236,2025-12-30 05:00:00
1.0666666666666669,12.154018,2025-12-30 05:00:00
17.175,16.08703,2025-12-30 06:00:00
27.325,12.692219,2025-12-30 06:00:00
38.475,23.123318,2025-12-30 06:00:00
25.125,20.815842,2025-12-30 06:00:00
2.3,10.693961,2025-12-30 06:00:00
37.525,23.887022,2025-12-30 07:00:00
24.375,23.336756,2025-12-30 07:00:00
20.125,16.248169,2025-12-30 07:00:00
2.85,10.874023,2025-12-30 07:00:00
27.625,16.103172,2025-12-30 07:00:00
20.55,15.632991,2025-12-30 08:00:00
37.125,24.749537,2025-12-30 08:00:00
25.8,21.10568,2025-12-30 08:00:00
27.3,22.560366,2025-12-30 08:00:00
3.7,11.2138605,2025-12-30 08:00:00
35.65,24.86585,2025-12-30 09:00:00
26.9,25.10004,2025-12-30 09:00:00
3.7,10.9110985,2025-12-30 09:00:00
20.275,16.539946,2025-12-30 09:00:00
27.3,23.194855,2025-12-30 09:00:00
11.866666666666667,23.278841,2025-12-30 10:00:00
26.200000000000003,17.443806,2025-12-30 10:00:00
36.2,27.001099,2025-12-30 10:00:00
24.25,25.255821,2025-12-30 10:00:00
3.7,11.144965,2025-12-30 10:00:00
16.2,22.629524,2025-12-30 11:00:00
3.7,12.915662,2025-12-30 11:00:00
22.575,19.08984,2025-12-30 11:00:00
36.15,25.24355,2025-12-30 11:00:00
22.950000000000003,16.41218,2025-12-30 11:00:00
11.125,22.444473,2025-12-30 12:00:00
22.125,18.539143,2025-12-30 12:00:00
22.775,17.120975,2025-12-30 12:00:00
37.875,23.45893,2025-12-30 12:00:00
38.95,27.039488,2025-12-30 13:00:00
22.5,17.355402,2025-12-30 13:00:00
0.8,13.968879,2025-12-30 13:00:00
17.175,23.387913,2025-12-30 13:00:00
27.775,28.328356,2025-12-30 13:00:00
0.45,10.937916,2025-12-30 14:00:00
20.7,23.777546,2025-12-30 14:00:00
10.7,17.46245,2025-12-30 14:00:00
39.925,30.962143,2025-12-30 14:00:00
35.4,23.718103,2025-12-30 14:00:00
19.425,28.749222,2025-12-30 15:00:00
4.625,17.26319,2025-12-30 15:00:00
44.2,28.079653,2025-12-30 15:00:00
42.325,28.098177,2025-12-30 15:00:00
0.4,9.404605,2025-12-30 15:00:00
4.825,19.471113,2025-12-30 16:00:00
40.725,29.009905,2025-12-30 16:00:00
1.3666666666666665,13.081374,2025-12-30 16:00:00
19.325,24.892878,2025-12-30 16:00:00
49.6,29.880703,2025-12-30 16:00:00
41.8,32.094627,2025-12-30 17:00:00
40.3,28.89617,2025-12-30 17:00:00
5.2,18.668728,2025-12-30 17:00:00
14.425,16.62063,2025-12-30 17:00:00
22.65,23.037392,2025-12-30 17:00:00
23.200000000000003,18.9775,2025-12-30 18:00:00
5.1,18.45182,2025-12-30 18:00:00
27.066666666666663,27.125996,2025-12-30 18:00:00
28.625,29.447346,2025-12-30 18:00:00
29.625,29.978168,2025-12-30 19:00:00
22.9,30.512415,2025-12-30 19:00:00
23.675,20.807732,2025-12-30 19:00:00
5.3,17.53734,2025-12-30 19:00:00
16.7,17.681723,2025-12-30 19:00:00
5.6,17.905962,2025-12-30 20:00:00
26.200000000000003,27.033754,2025-12-30 20:00:00
20.65,32.1187,2025-12-30 20:00:00
15.75,16.443628,2025-12-30 20:00:00
25.025,22.370104,2025-12-30 20:00:00
20.4,27.228584,2025-12-30 21:00:00
24.45,22.997797,2025-12-30 21:00:00
5.125,12.994561,2025-12-30 21:00:00
16.375,17.380934,2025-12-30 21:00:00
20.05,31.354084,2025-12-30 21:00:00
16.35,16.057272,2025-12-30 22:00:00
19.1,26.328665,2025-12-30 22:00:00
13.825,10.416083,2025-12-30 22:00:00
22.025,22.114098,2025-12-30 22:00:00
20.7,30.573057,2025-12-30 22:00:00
17.575,11.466785,2025-12-30 23:00:00
22.15,32.46612,2025-12-30 23:00:00
21.825,19.61009,2025-12-30 23:00:00
16.924999999999997,17.027435,2025-12-30 23:00:00
16.9,27.363195,2025-12-30 23:00:00
17.225,12.175415,2025-12-31 00:00:00
21.05,29.423271,2025-12-31 00:00:00
13.625,26.892664,2025-12-31 00:00:00
15.85,11.853476,2025-12-31 00:00:00
23.4,19.866884,2025-12-31 00:00:00
16.475,14.404659,2025-12-31 01:00:00
20.475,27.998516,2025-12-31 01:00:00
10.775,27.5607,2025-12-31 01:00:00
18.4,21.474771,2025-12-31 01:00:00
17.025,10.308825,2025-12-31 01:00:00
19.575,24.938694,2025-12-31 02:00:00
12.225,11.966729,2025-12-31 02:00:00
14.675,12.971816,2025-12-31 02:00:00
7.95,25.966452,2025-12-31 02:00:00
18.75,22.47588,2025-12-31 02:00:00
7.25,19.845524,2025-12-31 03:00:00
20.3,22.940603,2025-12-31 03:00:00
19.700000000000003,23.548418,2025-12-31 03:00:00
9.75,13.279118,2025-12-31 03:00:00
15.7,11.332733,2025-12-31 03:00:00
19.85,21.030804,2025-12-31 04:00:00
19.15,20.571793,2025-12-31 04:00:00
17.15,11.901188,2025-12-31 04:00:00
9.725,13.560495,2025-12-31 04:00:00
5.1,19.352087,2025-12-31 04:00:00
3.25,12.869079,2025-12-31 05:00:00
14.175,12.1755085,2025-12-31 05:00:00
19.775,16.786003,2025-12-31 05:00:00
9.625,14.290907,2025-12-31 05:00:00
18.95,20.263609,2025-12-31 05:00:00
18.625,20.47247,2025-12-31 06:00:00
21.225,16.640417,2025-12-31 06:00:00
2.5,12.857906,2025-12-31 06:00:00
17.125,14.166171,2025-12-31 06:00:00
8.925,13.300871,2025-12-31 06:00:00
14.225,11.748459,2025-12-31 07:00:00
21.0,19.774857,2025-12-31 07:00:00
8.225,15.092295,2025-12-31 07:00:00
1.35,11.558527,2025-12-31 07:00:00
21.875,23.701698,2025-12-31 07:00:00
8.425,16.131302,2025-12-31 08:00:00
1.35,14.985479,2025-12-31 08:00:00
19.975,21.980982,2025-12-31 08:00:00
14.275,11.642611,2025-12-31 08:00:00
20.375,21.112032,2025-12-31 08:00:00
20.125,17.800066,2025-12-31 09:00:00
11.15,11.622784,2025-12-31 09:00:00
8.2,18.707638,2025-12-31 09:00:00
18.975,17.453487,2025-12-31 09:00:00
2.8,11.123529,2025-12-31 09:00:00
13.6,22.183002,2025-12-31 10:00:00
10.925,9.761155,2025-12-31 10:00:00
19.375,17.331999,2025-12-31 10:00:00
13.75,13.188136,2025-12-31 10:00:00
2.3,6.53896,2025-12-31 10:00:00
9.175,12.558504,2025-12-31 11:00:00
17.425,19.606985,2025-12-31 11:00:00
16.45,11.086726,2025-12-31 11:00:00
3.05,6.3763294,2025-12-31 11:00:00
18.85,15.867402,2025-12-31 11:00:00
3.05,8.196656,2025-12-31 12:00:00
16.275,8.079871,2025-12-31 12:00:00
8.425,11.594317,2025-12-31 12:00:00
25.525,15.3922615,2025-12-31 12:00:00
19.675,16.523895,2025-12-31 12:00:00
16.475,8.330424,2025-12-31 13:00:00
1.3,10.287194,2025-12-31 13:00:00
23.8,15.271206,2025-12-31 13:00:00
12.8,12.5375395,2025-12-31 13:00:00
17.3,19.94689,2025-12-31 13:00:00
16.5,9.546953,2025-12-31 14:00:00
13.7,10.623301,2025-12-31 14:00:00
1.3,12.3398905,2025-12-31 14:00:00
23.325,16.69217,2025-12-31 14:00:00
17.55,23.971296,2025-12-31 14:00:00
16.233333333333334,7.9634156,2025-12-31 15:00:00
23.15,19.597733,2025-12-31 15:00:00
19.15,22.834656,2025-12-31 15:00:00
13.675,10.865125,2025-12-31 15:00:00
1.3,12.761494,2025-12-31 15:00:00
13.4,16.426645,2025-12-31 16:00:00
0.4,18.379004,2025-12-31 16:00:00
27.675,20.303608,2025-12-31 16:00:00
19.825,21.869827,2025-12-31 16:00:00
16.5,9.342609,2025-12-31 16:00:00
15.675,16.104849,2025-12-31 17:00:00
29.75,19.329264,2025-12-31 17:00:00
20.1,20.218874,2025-12-31 17:00:00
16.633333333333336,10.159161,2025-12-31 17:00:00
24.3,14.18512,2025-12-31 17:00:00
