actual,predicted,timestamp
64.0,63.762856,2025-07-02 06:00:00
78.0,45.241375,2025-07-02 06:00:00
67.0,81.32057,2025-07-02 06:00:00
97.0,99.00791,2025-07-02 06:00:00
70.0,146.77728,2025-07-02 06:00:00
95.0,97.571915,2025-07-02 07:00:00
90.75,49.097733,2025-07-02 07:00:00
58.0,143.58133,2025-07-02 07:00:00
64.0,75.88083,2025-07-02 07:00:00
81.0,99.374985,2025-07-02 07:00:00
130.0,113.73121,2025-07-02 08:00:00
73.5,63.68786,2025-07-02 08:00:00
69.0,149.98386,2025-07-02 08:00:00
64.0,73.19254,2025-07-02 08:00:00
52.0,109.97545,2025-07-02 08:00:00
135.0,115.73525,2025-07-02 09:00:00
74.0,125.71322,2025-07-02 09:00:00
99.25,63.439617,2025-07-02 09:00:00
59.0,108.85372,2025-07-02 09:00:00
74.0,98.243454,2025-07-02 10:00:00
132.0,114.41513,2025-07-02 10:00:00
92.0,66.57275,2025-07-02 10:00:00
103.0,144.10863,2025-07-02 10:00:00
190.0,93.80655,2025-07-02 11:00:00
103.0,107.11369,2025-07-02 11:00:00
94.0,125.96226,2025-07-02 11:00:00
64.0,93.02873,2025-07-02 11:00:00
67.5,57.10231,2025-07-02 11:00:00
143.0,103.343056,2025-07-02 12:00:00
96.0,88.313065,2025-07-02 12:00:00
51.5,59.570885,2025-07-02 12:00:00
86.0,145.85834,2025-07-02 12:00:00
97.0,88.20762,2025-07-02 12:00:00
70.75,58.10552,2025-07-02 13:00:00
61.0,79.50539,2025-07-02 13:00:00
90.0,87.259026,2025-07-02 13:00:00
175.0,94.60686,2025-07-02 13:00:00
44.0,129.32512,2025-07-02 13:00:00
151.0,103.362114,2025-07-02 14:00:00
82.75,60.79039,2025-07-02 14:00:00
75.0,136.95874,2025-07-02 14:00:00
68.0,80.92837,2025-07-02 14:00:00
74.0,83.49473,2025-07-02 14:00:00
80.0,91.101006,2025-07-02 15:00:00
68.0,71.59091,2025-07-02 15:00:00
107.0,135.4402,2025-07-02 15:00:00
86.25,58.235638,2025-07-02 15:00:00
123.0,103.07488,2025-07-02 15:00:00
73.0,130.93227,2025-07-02 16:00:00
66.0,77.508255,2025-07-02 16:00:00
79.0,87.58197,2025-07-02 16:00:00
92.0,58.33954,2025-07-02 16:00:00
106.0,98.13474,2025-07-02 16:00:00
117.0,102.01801,2025-07-02 17:00:00
127.0,117.18381,2025-07-02 17:00:00
64.0,94.933365,2025-07-02 17:00:00
69.0,75.925064,2025-07-02 17:00:00
89.0,58.15287,2025-07-02 17:00:00
95.25,57.97452,2025-07-02 18:00:00
195.0,124.302,2025-07-02 18:00:00
110.0,88.14055,2025-07-02 18:00:00
62.0,84.243385,2025-07-02 18:00:00
67.0,107.7491,2025-07-02 18:00:00
72.0,94.890785,2025-07-02 19:00:00
99.0,85.41021,2025-07-02 19:00:00
127.0,126.814156,2025-07-02 19:00:00
102.5,62.211754,2025-07-02 19:00:00
61.0,122.66581,2025-07-02 19:00:00
92.0,98.77595,2025-07-02 20:00:00
99.0,140.13002,2025-07-02 20:00:00
108.0,96.40716,2025-07-02 20:00:00
120.0,66.84448,2025-07-02 20:00:00
108.0,133.3879,2025-07-02 20:00:00
133.0,92.40626,2025-07-02 21:00:00
121.0,132.50844,2025-07-02 21:00:00
160.0,105.74483,2025-07-02 21:00:00
95.0,163.60829,2025-07-02 21:00:00
104.75,71.43913,2025-07-02 21:00:00
81.0,154.3156,2025-07-02 22:00:00
99.0,103.754654,2025-07-02 22:00:00
86.5,68.54302,2025-07-02 22:00:00
63.0,147.00961,2025-07-02 22:00:00
116.0,87.98741,2025-07-02 22:00:00
55.0,144.21938,2025-07-02 23:00:00
70.33333333333333,67.43653,2025-07-02 23:00:00
116.0,85.41914,2025-07-02 23:00:00
78.0,107.78504,2025-07-02 23:00:00
86.0,177.83899,2025-07-02 23:00:00
45.0,106.43907,2025-07-03 00:00:00
116.0,56.80414,2025-07-03 00:00:00
96.0,144.32251,2025-07-03 00:00:00
53.0,106.26359,2025-07-03 00:00:00
76.25,59.782417,2025-07-03 00:00:00
42.0,94.725105,2025-07-03 01:00:00
86.0,138.10744,2025-07-03 01:00:00
69.0,102.22387,2025-07-03 01:00:00
83.25,49.502388,2025-07-03 01:00:00
116.0,50.82825,2025-07-03 01:00:00
85.75,48.11117,2025-07-03 02:00:00
58.0,99.73278,2025-07-03 02:00:00
36.0,91.9018,2025-07-03 02:00:00
68.0,128.2347,2025-07-03 02:00:00
74.0,112.425316,2025-07-03 03:00:00
57.0,87.79897,2025-07-03 03:00:00
102.0,61.898964,2025-07-03 03:00:00
30.0,84.595924,2025-07-03 03:00:00
80.25,42.166836,2025-07-03 03:00:00
72.0,41.348816,2025-07-03 04:00:00
40.0,79.00787,2025-07-03 04:00:00
47.0,52.485622,2025-07-03 04:00:00
56.0,84.19413,2025-07-03 04:00:00
59.0,116.76602,2025-07-03 04:00:00
72.0,37.708435,2025-07-03 05:00:00
61.0,109.99568,2025-07-03 05:00:00
35.0,82.179955,2025-07-03 05:00:00
42.0,71.34397,2025-07-03 05:00:00
47.0,43.293285,2025-07-03 05:00:00
39.0,112.07914,2025-07-03 06:00:00
72.0,42.928635,2025-07-03 06:00:00
33.0,91.698875,2025-07-03 06:00:00
125.0,72.73011,2025-07-03 06:00:00
47.0,39.772568,2025-07-03 06:00:00
44.0,83.03453,2025-07-03 07:00:00
72.0,47.474037,2025-07-03 07:00:00
33.0,106.27172,2025-07-03 07:00:00
58.0,104.495125,2025-07-03 07:00:00
47.0,53.467495,2025-07-03 07:00:00
45.0,53.111504,2025-07-03 08:00:00
42.0,104.06264,2025-07-03 08:00:00
34.0,98.413795,2025-07-03 08:00:00
72.0,97.42553,2025-07-03 08:00:00
59.0,76.121315,2025-07-03 09:00:00
72.0,104.97369,2025-07-03 09:00:00
96.0,107.03649,2025-07-03 09:00:00
45.0,108.13543,2025-07-03 09:00:00
61.0,71.545235,2025-07-03 10:00:00
158.0,127.98925,2025-07-03 10:00:00
75.0,102.08652,2025-07-03 10:00:00
52.0,102.93284,2025-07-03 10:00:00
72.0,99.997116,2025-07-03 11:00:00
112.0,70.08297,2025-07-03 11:00:00
64.0,109.066666,2025-07-03 11:00:00
78.0,94.90834,2025-07-03 11:00:00
78.0,97.67489,2025-07-03 12:00:00
68.0,88.27203,2025-07-03 12:00:00
80.0,123.37813,2025-07-03 12:00:00
112.0,76.48533,2025-07-03 12:00:00
95.0,95.71703,2025-07-03 13:00:00
110.0,108.348015,2025-07-03 13:00:00
67.0,74.656784,2025-07-03 13:00:00
52.0,89.07597,2025-07-03 13:00:00
52.0,68.16985,2025-07-03 14:00:00
53.0,87.30461,2025-07-03 14:00:00
193.0,111.42141,2025-07-03 14:00:00
80.0,100.16576,2025-07-03 14:00:00
95.0,99.26542,2025-07-03 15:00:00
61.0,87.826164,2025-07-03 15:00:00
52.0,67.77821,2025-07-03 15:00:00
135.0,114.71105,2025-07-03 15:00:00
172.0,130.18387,2025-07-03 16:00:00
85.0,64.219574,2025-07-03 16:00:00
70.0,86.35324,2025-07-03 16:00:00
175.0,94.11562,2025-07-03 16:00:00
164.0,106.38217,2025-07-03 17:00:00
100.0,69.877815,2025-07-03 17:00:00
163.0,94.21849,2025-07-03 17:00:00
105.0,91.74769,2025-07-03 17:00:00
134.0,115.47726,2025-07-03 18:00:00
167.0,74.09185,2025-07-03 18:00:00
121.0,90.78462,2025-07-03 18:00:00
144.0,100.95881,2025-07-03 18:00:00
97.0,90.37187,2025-07-03 19:00:00
141.0,106.90157,2025-07-03 19:00:00
157.0,76.349266,2025-07-03 19:00:00
162.0,143.61903,2025-07-03 19:00:00
180.0,117.20471,2025-07-03 20:00:00
139.0,80.42773,2025-07-03 20:00:00
183.0,153.39108,2025-07-03 20:00:00
103.0,89.12476,2025-07-03 20:00:00
113.0,98.15044,2025-07-03 21:00:00
196.0,170.81558,2025-07-03 21:00:00
177.0,80.29828,2025-07-03 21:00:00
208.0,145.43245,2025-07-03 21:00:00
262.0,146.92705,2025-07-03 22:00:00
160.0,85.27124,2025-07-03 22:00:00
195.0,159.20789,2025-07-03 22:00:00
138.0,106.372345,2025-07-03 22:00:00
215.0,144.32533,2025-07-03 23:00:00
233.0,164.36589,2025-07-03 23:00:00
171.0,107.100204,2025-07-03 23:00:00
160.0,74.675835,2025-07-03 23:00:00
164.0,109.23642,2025-07-04 00:00:00
190.0,102.21671,2025-07-04 00:00:00
171.0,144.86656,2025-07-04 00:00:00
160.0,62.913387,2025-07-04 00:00:00
145.0,169.44835,2025-07-04 01:00:00
78.0,94.8468,2025-07-04 01:00:00
101.0,109.31887,2025-07-04 01:00:00
160.0,67.0446,2025-07-04 01:00:00
70.0,139.88431,2025-07-04 02:00:00
17.0,90.21557,2025-07-04 02:00:00
33.0,82.000534,2025-07-04 02:00:00
101.0,111.01277,2025-07-04 02:00:00
101.0,89.57798,2025-07-04 03:00:00
62.0,69.205284,2025-07-04 03:00:00
25.0,116.36166,2025-07-04 03:00:00
17.0,87.4545,2025-07-04 03:00:00
34.0,104.63936,2025-07-04 04:00:00
5.0,62.10133,2025-07-04 04:00:00
6.0,81.048454,2025-07-04 04:00:00
6.0,94.01551,2025-07-04 04:00:00
27.0,105.21486,2025-07-04 05:00:00
6.0,93.35445,2025-07-04 05:00:00
3.0,72.98245,2025-07-04 05:00:00
1.0,52.927628,2025-07-04 05:00:00
1.0,46.177437,2025-07-04 06:00:00
3.0,92.029724,2025-07-04 06:00:00
19.0,75.81468,2025-07-04 06:00:00
19.0,109.025116,2025-07-04 06:00:00
12.0,90.06738,2025-07-04 07:00:00
12.0,100.9445,2025-07-04 07:00:00
24.0,121.094185,2025-07-04 07:00:00
1.0,64.5646,2025-07-04 07:00:00
17.0,121.138115,2025-07-04 08:00:00
7.0,119.73118,2025-07-04 08:00:00
22.0,89.8232,2025-07-04 08:00:00
13.0,102.02036,2025-07-04 08:00:00
14.0,115.143524,2025-07-04 09:00:00
16.0,99.86081,2025-07-04 09:00:00
9.666666666666666,60.517536,2025-07-04 09:00:00
40.0,78.26549,2025-07-04 09:00:00
7.0,114.16663,2025-07-04 09:00:00
40.0,95.885475,2025-07-04 10:00:00
35.75,61.55255,2025-07-04 10:00:00
24.0,106.7966,2025-07-04 10:00:00
7.0,112.92769,2025-07-04 10:00:00
38.0,128.40363,2025-07-04 10:00:00
33.0,105.96644,2025-07-04 11:00:00
27.0,101.61142,2025-07-04 11:00:00
70.75,59.929153,2025-07-04 11:00:00
25.0,104.399864,2025-07-04 11:00:00
86.0,94.34326,2025-07-04 11:00:00
47.0,63.68522,2025-07-04 12:00:00
33.0,103.124855,2025-07-04 12:00:00
90.0,88.0148,2025-07-04 12:00:00
24.0,94.35815,2025-07-04 12:00:00
69.0,113.03988,2025-07-04 12:00:00
52.0,67.16264,2025-07-04 13:00:00
30.0,86.98239,2025-07-04 13:00:00
61.0,133.91524,2025-07-04 13:00:00
30.0,81.29437,2025-07-04 13:00:00
41.0,91.308716,2025-07-04 13:00:00
74.0,110.31261,2025-07-04 14:00:00
29.0,76.52685,2025-07-04 14:00:00
38.0,66.016014,2025-07-04 14:00:00
30.0,89.64071,2025-07-04 14:00:00
59.0,86.17862,2025-07-04 14:00:00
29.0,73.71138,2025-07-04 15:00:00
101.0,84.86268,2025-07-04 15:00:00
25.0,89.82176,2025-07-04 15:00:00
38.0,56.690147,2025-07-04 15:00:00
69.0,125.69397,2025-07-04 15:00:00
24.0,67.13133,2025-07-04 16:00:00
59.0,94.62496,2025-07-04 16:00:00
117.0,140.72198,2025-07-04 16:00:00
38.0,58.209675,2025-07-04 16:00:00
33.0,87.27437,2025-07-04 16:00:00
45.0,67.61575,2025-07-04 17:00:00
133.0,140.51324,2025-07-04 17:00:00
95.0,88.2968,2025-07-04 17:00:00
38.0,65.227715,2025-07-04 17:00:00
42.0,95.88693,2025-07-04 17:00:00
119.0,154.32156,2025-07-04 18:00:00
84.0,87.634735,2025-07-04 18:00:00
52.0,96.536575,2025-07-04 18:00:00
69.0,78.06054,2025-07-04 18:00:00
130.0,102.578865,2025-07-04 19:00:00
117.0,91.812935,2025-07-04 19:00:00
59.0,99.6388,2025-07-04 19:00:00
96.0,143.8866,2025-07-04 19:00:00
72.0,93.83446,2025-07-04 20:00:00
94.0,157.0031,2025-07-04 20:00:00
84.0,101.74251,2025-07-04 20:00:00
152.0,124.29728,2025-07-04 20:00:00
73.0,111.61113,2025-07-04 21:00:00
78.0,96.433174,2025-07-04 21:00:00
141.0,181.61931,2025-07-04 21:00:00
18.0,80.623955,2025-07-04 21:00:00
141.0,124.157135,2025-07-04 21:00:00
152.0,115.843506,2025-07-04 22:00:00
68.0,127.293976,2025-07-04 22:00:00
63.0,85.1574,2025-07-04 22:00:00
48.75,81.31091,2025-07-04 22:00:00
221.0,166.38866,2025-07-04 22:00:00
51.66666666666666,81.073265,2025-07-04 23:00:00
63.0,84.77879,2025-07-04 23:00:00
66.0,136.74724,2025-07-04 23:00:00
218.0,134.07774,2025-07-04 23:00:00
254.0,179.73087,2025-07-04 23:00:00
255.0,90.88245,2025-07-05 00:00:00
95.0,73.64958,2025-07-05 00:00:00
69.0,78.055954,2025-07-05 00:00:00
143.0,142.07697,2025-07-05 00:00:00
56.0,111.81331,2025-07-05 00:00:00
194.0,94.01729,2025-07-05 01:00:00
74.0,120.586845,2025-07-05 01:00:00
127.0,83.63027,2025-07-05 01:00:00
133.0,177.81062,2025-07-05 01:00:00
67.25,78.8155,2025-07-05 01:00:00
179.0,156.28128,2025-07-05 02:00:00
61.0,106.44095,2025-07-05 02:00:00
149.0,78.55228,2025-07-05 02:00:00
67.25,66.13293,2025-07-05 02:00:00
127.0,69.7048,2025-07-05 02:00:00
122.0,71.06949,2025-07-05 03:00:00
78.0,91.703545,2025-07-05 03:00:00
156.0,123.174934,2025-07-05 03:00:00
65.0,62.756615,2025-07-05 03:00:00
205.0,66.96214,2025-07-05 03:00:00
64.0,59.542187,2025-07-05 04:00:00
102.0,102.68437,2025-07-05 04:00:00
171.0,127.341415,2025-07-05 04:00:00
95.0,67.76453,2025-07-05 04:00:00
116.0,70.90321,2025-07-05 04:00:00
101.0,60.20135,2025-07-05 05:00:00
207.0,118.28384,2025-07-05 05:00:00
81.0,78.54985,2025-07-05 05:00:00
64.5,47.69186,2025-07-05 05:00:00
80.0,43.091995,2025-07-05 05:00:00
77.0,83.281975,2025-07-05 06:00:00
80.0,55.00876,2025-07-05 06:00:00
215.0,154.57964,2025-07-05 06:00:00
71.75,55.356216,2025-07-05 06:00:00
155.0,67.16732,2025-07-05 06:00:00
75.25,50.3062,2025-07-05 07:00:00
150.0,128.0018,2025-07-05 07:00:00
80.0,65.60875,2025-07-05 07:00:00
388.0,86.03054,2025-07-05 07:00:00
78.0,97.15705,2025-07-05 07:00:00
89.0,112.07446,2025-07-05 08:00:00
102.0,74.66627,2025-07-05 08:00:00
60.75,66.13898,2025-07-05 08:00:00
273.0,106.52131,2025-07-05 08:00:00
141.0,146.23045,2025-07-05 08:00:00
138.0,146.29652,2025-07-05 09:00:00
96.0,112.461296,2025-07-05 09:00:00
57.0,74.981865,2025-07-05 09:00:00
233.0,113.14662,2025-07-05 09:00:00
92.0,144.42023,2025-07-05 10:00:00
56.75,72.088165,2025-07-05 10:00:00
162.0,102.24804,2025-07-05 10:00:00
86.0,101.45716,2025-07-05 10:00:00
143.0,120.90455,2025-07-05 11:00:00
81.0,110.97087,2025-07-05 11:00:00
153.0,167.21227,2025-07-05 11:00:00
128.0,117.04975,2025-07-05 11:00:00
57.0,64.950676,2025-07-05 11:00:00
125.0,167.6261,2025-07-05 12:00:00
57.0,74.417564,2025-07-05 12:00:00
110.0,96.022095,2025-07-05 12:00:00
77.0,98.03698,2025-07-05 12:00:00
101.0,107.71682,2025-07-05 12:00:00
116.0,79.936165,2025-07-05 13:00:00
79.0,88.87748,2025-07-05 13:00:00
130.0,145.13313,2025-07-05 13:00:00
57.0,66.80813,2025-07-05 13:00:00
121.0,87.66872,2025-07-05 13:00:00
63.0,93.01527,2025-07-05 14:00:00
116.0,101.813354,2025-07-05 14:00:00
57.0,63.529083,2025-07-05 14:00:00
92.0,73.010254,2025-07-05 14:00:00
144.0,140.93442,2025-07-05 14:00:00
62.0,89.223526,2025-07-05 15:00:00
81.0,69.388275,2025-07-05 15:00:00
129.0,151.91974,2025-07-05 15:00:00
103.0,98.28681,2025-07-05 15:00:00
79.0,75.28447,2025-07-05 16:00:00
94.0,95.67419,2025-07-05 16:00:00
134.0,160.35406,2025-07-05 16:00:00
40.0,99.04469,2025-07-05 16:00:00
153.0,185.60405,2025-07-05 17:00:00
56.0,83.79178,2025-07-05 17:00:00
17.333333333333332,64.74687,2025-07-05 17:00:00
81.0,73.945114,2025-07-05 17:00:00
99.0,101.50033,2025-07-05 17:00:00
53.0,71.25844,2025-07-05 18:00:00
80.0,79.842674,2025-07-05 18:00:00
94.0,75.548416,2025-07-05 18:00:00
144.0,250.67337,2025-07-05 18:00:00
74.0,82.19333,2025-07-05 18:00:00
111.0,99.55806,2025-07-05 19:00:00
141.0,219.59334,2025-07-05 19:00:00
72.0,98.01059,2025-07-05 19:00:00
61.5,72.97606,2025-07-05 19:00:00
86.0,101.80992,2025-07-05 19:00:00
94.0,106.98067,2025-07-05 20:00:00
144.0,130.15105,2025-07-05 20:00:00
65.5,77.88702,2025-07-05 20:00:00
158.0,203.3149,2025-07-05 20:00:00
75.0,107.79413,2025-07-05 20:00:00
162.0,190.9262,2025-07-05 21:00:00
161.0,135.2555,2025-07-05 21:00:00
83.0,116.280106,2025-07-05 21:00:00
100.0,121.23077,2025-07-05 21:00:00
73.25,84.028114,2025-07-05 21:00:00
166.0,172.82025,2025-07-05 22:00:00
97.0,125.13621,2025-07-05 22:00:00
160.0,119.057175,2025-07-05 22:00:00
84.0,73.2053,2025-07-05 22:00:00
86.0,118.01914,2025-07-05 22:00:00
204.0,126.48917,2025-07-05 23:00:00
134.0,187.79561,2025-07-05 23:00:00
90.0,69.12698,2025-07-05 23:00:00
84.0,124.71083,2025-07-05 23:00:00
85.0,103.01467,2025-07-05 23:00:00
99.0,107.124176,2025-07-06 00:00:00
99.0,97.619804,2025-07-06 00:00:00
64.25,70.19962,2025-07-06 00:00:00
177.0,93.2934,2025-07-06 00:00:00
139.0,180.66383,2025-07-06 00:00:00
77.0,92.8758,2025-07-06 01:00:00
14.75,65.93463,2025-07-06 01:00:00
14.0,98.406876,2025-07-06 01:00:00
29.0,107.08982,2025-07-06 01:00:00
130.0,197.80437,2025-07-06 01:00:00
7.25,59.494682,2025-07-06 02:00:00
33.0,194.15485,2025-07-06 02:00:00
11.0,117.37416,2025-07-06 02:00:00
7.0,80.23037,2025-07-06 02:00:00
12.0,81.2371,2025-07-06 03:00:00
20.0,182.98883,2025-07-06 03:00:00
8.25,50.51514,2025-07-06 03:00:00
13.0,85.60294,2025-07-06 03:00:00
57.0,93.90456,2025-07-06 03:00:00
7.0,94.77113,2025-07-06 04:00:00
18.0,67.82902,2025-07-06 04:00:00
9.0,79.46132,2025-07-06 04:00:00
10.75,46.974308,2025-07-06 04:00:00
33.0,181.144,2025-07-06 04:00:00
19.25,44.88967,2025-07-06 05:00:00
19.0,81.853355,2025-07-06 05:00:00
34.0,162.2796,2025-07-06 05:00:00
16.0,73.11573,2025-07-06 05:00:00
18.0,58.769367,2025-07-06 05:00:00
31.0,80.12832,2025-07-06 06:00:00
66.0,169.28584,2025-07-06 06:00:00
21.25,48.180595,2025-07-06 06:00:00
23.0,84.85918,2025-07-06 06:00:00
18.0,69.06102,2025-07-06 06:00:00
35.0,90.43491,2025-07-06 07:00:00
84.0,172.4801,2025-07-06 07:00:00
34.75,53.997807,2025-07-06 07:00:00
45.0,90.494286,2025-07-06 07:00:00
59.0,87.233284,2025-07-06 07:00:00
94.0,93.86671,2025-07-06 08:00:00
70.0,167.61835,2025-07-06 08:00:00
63.0,93.6014,2025-07-06 08:00:00
48.0,113.34339,2025-07-06 08:00:00
77.0,107.027336,2025-07-06 09:00:00
40.0,109.85751,2025-07-06 09:00:00
119.0,99.86593,2025-07-06 09:00:00
138.0,179.32777,2025-07-06 09:00:00
77.0,103.17154,2025-07-06 10:00:00
48.0,101.68206,2025-07-06 10:00:00
91.0,100.83016,2025-07-06 10:00:00
117.0,197.38902,2025-07-06 10:00:00
77.0,93.65783,2025-07-06 11:00:00
152.0,217.23244,2025-07-06 11:00:00
177.0,94.33316,2025-07-06 11:00:00
113.0,94.18833,2025-07-06 11:00:00
75.0,87.55712,2025-07-06 12:00:00
160.0,207.1136,2025-07-06 12:00:00
84.0,99.96728,2025-07-06 12:00:00
119.0,91.72142,2025-07-06 12:00:00
94.0,74.5429,2025-07-06 13:00:00
62.0,86.85867,2025-07-06 13:00:00
149.0,184.66893,2025-07-06 13:00:00
96.0,99.3034,2025-07-06 13:00:00
47.0,85.91526,2025-07-06 14:00:00
91.0,101.70651,2025-07-06 14:00:00
66.0,83.76266,2025-07-06 14:00:00
141.0,221.56992,2025-07-06 14:00:00
46.0,82.67579,2025-07-06 15:00:00
55.0,82.72545,2025-07-06 15:00:00
105.0,100.05596,2025-07-06 15:00:00
166.0,189.43446,2025-07-06 15:00:00
80.0,109.32467,2025-07-06 16:00:00
123.0,194.29327,2025-07-06 16:00:00
51.0,81.482124,2025-07-06 16:00:00
61.0,69.755844,2025-07-06 16:00:00
164.0,196.34045,2025-07-06 17:00:00
64.0,84.675995,2025-07-06 17:00:00
77.0,78.44851,2025-07-06 17:00:00
95.0,106.02707,2025-07-06 17:00:00
133.0,82.52604,2025-07-06 18:00:00
164.0,196.6616,2025-07-06 18:00:00
94.0,86.35605,2025-07-06 18:00:00
100.0,103.555626,2025-07-06 18:00:00
96.0,198.04027,2025-07-06 19:00:00
175.0,93.956604,2025-07-06 19:00:00
101.0,91.03562,2025-07-06 19:00:00
133.0,148.2793,2025-07-06 19:00:00
56.0,113.92884,2025-07-06 20:00:00
73.0,162.44395,2025-07-06 20:00:00
42.0,102.44367,2025-07-06 20:00:00
8.0,193.99129,2025-07-06 20:00:00
8.0,196.71213,2025-07-06 21:00:00
9.0,125.11995,2025-07-06 21:00:00
6.0,116.87276,2025-07-06 21:00:00
56.0,117.23976,2025-07-06 21:00:00
6.0,227.9952,2025-07-06 22:00:00
3.0,112.01505,2025-07-06 22:00:00
8.0,116.72638,2025-07-06 22:00:00
56.0,99.88661,2025-07-06 22:00:00
7.0,230.59409,2025-07-06 23:00:00
56.0,109.60785,2025-07-06 23:00:00
2.0,98.7824,2025-07-06 23:00:00
8.0,144.95088,2025-07-06 23:00:00
8.0,112.85867,2025-07-07 00:00:00
5.0,103.59072,2025-07-07 00:00:00
11.0,202.95692,2025-07-07 00:00:00
7.0,207.81201,2025-07-07 01:00:00
6.0,104.90564,2025-07-07 01:00:00
8.0,96.74418,2025-07-07 01:00:00
8.0,88.35177,2025-07-07 02:00:00
7.0,164.68109,2025-07-07 02:00:00
6.0,100.32328,2025-07-07 02:00:00
7.0,156.86282,2025-07-07 03:00:00
6.0,93.86505,2025-07-07 03:00:00
102.0,101.40455,2025-07-07 03:00:00
12.0,94.71512,2025-07-07 04:00:00
20.0,110.086975,2025-07-07 04:00:00
6.0,94.661835,2025-07-07 04:00:00
7.0,132.57065,2025-07-07 04:00:00
8.0,92.293304,2025-07-07 05:00:00
27.0,154.6022,2025-07-07 05:00:00
6.0,91.95662,2025-07-07 05:00:00
23.0,81.23896,2025-07-07 05:00:00
6.0,44.64109,2025-07-07 06:00:00
13.0,81.391815,2025-07-07 06:00:00
9.0,69.923004,2025-07-07 06:00:00
47.0,151.38113,2025-07-07 06:00:00
9.0,93.94493,2025-07-07 07:00:00
41.0,171.82526,2025-07-07 07:00:00
17.0,92.63455,2025-07-07 07:00:00
6.0,53.338367,2025-07-07 07:00:00
13.0,103.9256,2025-07-07 08:00:00
6.0,64.835,2025-07-07 08:00:00
40.0,203.55603,2025-07-07 08:00:00
17.0,98.73736,2025-07-07 08:00:00
36.66666666666666,45.15579,2025-07-07 09:00:00
18.0,104.98451,2025-07-07 09:00:00
34.0,195.77211,2025-07-07 09:00:00
22.0,94.11734,2025-07-07 09:00:00
48.0,102.31752,2025-07-07 10:00:00
22.0,97.30513,2025-07-07 10:00:00
41.0,170.2594,2025-07-07 10:00:00
36.66666666666666,73.26413,2025-07-07 10:00:00
18.0,94.275505,2025-07-07 10:00:00
28.0,211.35936,2025-07-07 11:00:00
36.66666666666666,82.87119,2025-07-07 11:00:00
27.0,102.343025,2025-07-07 11:00:00
22.0,106.405205,2025-07-07 11:00:00
48.0,83.7,2025-07-07 11:00:00
47.0,80.32598,2025-07-07 12:00:00
52.0,163.03537,2025-07-07 12:00:00
36.66666666666666,69.598854,2025-07-07 12:00:00
27.0,86.76957,2025-07-07 12:00:00
23.0,116.423965,2025-07-07 12:00:00
20.0,94.736115,2025-07-07 13:00:00
62.0,154.85399,2025-07-07 13:00:00
27.0,84.10902,2025-07-07 13:00:00
16.0,73.90561,2025-07-07 13:00:00
16.0,93.0602,2025-07-07 14:00:00
33.0,102.832634,2025-07-07 14:00:00
45.0,158.86618,2025-07-07 14:00:00
27.0,81.37688,2025-07-07 14:00:00
73.0,116.51754,2025-07-07 15:00:00
39.0,167.08595,2025-07-07 15:00:00
16.0,87.628784,2025-07-07 15:00:00
16.0,81.030205,2025-07-07 15:00:00
16.0,81.59391,2025-07-07 16:00:00
41.0,206.19637,2025-07-07 16:00:00
27.0,91.78191,2025-07-07 16:00:00
67.0,106.2297,2025-07-07 16:00:00
69.0,204.90265,2025-07-07 17:00:00
77.0,122.8562,2025-07-07 17:00:00
41.0,76.10773,2025-07-07 17:00:00
34.0,92.22617,2025-07-07 17:00:00
31.0,92.09154,2025-07-07 18:00:00
48.0,69.760796,2025-07-07 18:00:00
64.0,107.76492,2025-07-07 18:00:00
57.0,189.62909,2025-07-07 18:00:00
33.0,103.94104,2025-07-07 19:00:00
102.0,140.29251,2025-07-07 19:00:00
83.0,211.17012,2025-07-07 19:00:00
61.0,118.27005,2025-07-07 19:00:00
113.0,163.4341,2025-07-07 20:00:00
122.0,172.0497,2025-07-07 20:00:00
35.0,108.04387,2025-07-07 20:00:00
74.0,95.386246,2025-07-07 20:00:00
158.0,184.3034,2025-07-07 21:00:00
97.0,164.02034,2025-07-07 21:00:00
47.0,101.48285,2025-07-07 21:00:00
68.0,87.90139,2025-07-07 21:00:00
130.0,225.99957,2025-07-07 22:00:00
75.0,96.224884,2025-07-07 22:00:00
77.0,164.90558,2025-07-07 22:00:00
46.0,122.62095,2025-07-07 22:00:00
46.0,114.692055,2025-07-07 23:00:00
75.0,97.06614,2025-07-07 23:00:00
146.0,170.5605,2025-07-07 23:00:00
179.0,181.70111,2025-07-07 23:00:00
136.0,179.64082,2025-07-08 00:00:00
44.0,124.3686,2025-07-08 00:00:00
75.0,87.16202,2025-07-08 00:00:00
103.0,142.57379,2025-07-08 00:00:00
75.0,98.23974,2025-07-08 01:00:00
75.0,135.24854,2025-07-08 01:00:00
66.0,124.972916,2025-07-08 01:00:00
129.0,159.4534,2025-07-08 01:00:00
172.0,183.90273,2025-07-08 02:00:00
39.0,118.91132,2025-07-08 02:00:00
62.0,119.77854,2025-07-08 02:00:00
146.0,86.053566,2025-07-08 03:00:00
57.0,124.4396,2025-07-08 03:00:00
130.0,166.04582,2025-07-08 03:00:00
41.0,109.53715,2025-07-08 03:00:00
118.0,136.71878,2025-07-08 04:00:00
55.0,105.82724,2025-07-08 04:00:00
53.0,77.61003,2025-07-08 04:00:00
53.0,93.9196,2025-07-08 04:00:00
52.0,106.45819,2025-07-08 05:00:00
97.0,148.42693,2025-07-08 05:00:00
48.0,92.66655,2025-07-08 05:00:00
42.0,71.951355,2025-07-08 05:00:00
67.0,105.92934,2025-07-08 06:00:00
51.0,107.71887,2025-07-08 06:00:00
150.0,162.65123,2025-07-08 06:00:00
42.0,71.553764,2025-07-08 06:00:00
42.0,82.18765,2025-07-08 07:00:00
52.0,116.2981,2025-07-08 07:00:00
107.0,147.23853,2025-07-08 07:00:00
123.0,153.29118,2025-07-08 07:00:00
67.0,111.57101,2025-07-08 08:00:00
153.0,170.65846,2025-07-08 08:00:00
117.0,138.00684,2025-07-08 08:00:00
95.0,102.2471,2025-07-08 08:00:00
70.0,112.29673,2025-07-08 09:00:00
95.0,94.5954,2025-07-08 09:00:00
129.0,185.11745,2025-07-08 09:00:00
141.0,134.54584,2025-07-08 09:00:00
56.0,107.34054,2025-07-08 10:00:00
134.0,152.65909,2025-07-08 10:00:00
95.0,89.05622,2025-07-08 10:00:00
177.0,139.12788,2025-07-08 10:00:00
92.0,188.7277,2025-07-08 11:00:00
67.0,97.94382,2025-07-08 11:00:00
119.0,120.64625,2025-07-08 11:00:00
113.0,91.14527,2025-07-08 11:00:00
72.0,107.18922,2025-07-08 12:00:00
45.0,104.46997,2025-07-08 12:00:00
38.0,99.96749,2025-07-08 12:00:00
66.0,163.18379,2025-07-08 12:00:00
27.0,107.32766,2025-07-08 13:00:00
29.0,89.83638,2025-07-08 13:00:00
30.0,100.85297,2025-07-08 13:00:00
66.0,196.18408,2025-07-08 13:00:00
41.0,111.0783,2025-07-08 14:00:00
36.0,108.34926,2025-07-08 14:00:00
29.0,91.34695,2025-07-08 14:00:00
31.0,195.59534,2025-07-08 14:00:00
47.0,196.70636,2025-07-08 15:00:00
29.0,104.81494,2025-07-08 15:00:00
36.0,101.81775,2025-07-08 15:00:00
48.0,90.78429,2025-07-08 15:00:00
59.0,93.75533,2025-07-08 16:00:00
79.0,188.60107,2025-07-08 16:00:00
59.0,102.963394,2025-07-08 16:00:00
61.0,88.43536,2025-07-08 16:00:00
50.0,110.031425,2025-07-08 17:00:00
73.0,179.92513,2025-07-08 17:00:00
85.0,101.03336,2025-07-08 17:00:00
64.0,81.590805,2025-07-08 17:00:00
81.0,95.52901,2025-07-08 18:00:00
96.0,196.33708,2025-07-08 18:00:00
85.0,96.161415,2025-07-08 18:00:00
63.0,112.20943,2025-07-08 18:00:00
116.0,102.067055,2025-07-08 19:00:00
85.0,94.05237,2025-07-08 19:00:00
72.0,140.4034,2025-07-08 19:00:00
119.0,188.51674,2025-07-08 19:00:00
110.0,98.49113,2025-07-08 20:00:00
73.0,172.1723,2025-07-08 20:00:00
108.0,187.76567,2025-07-08 20:00:00
132.0,100.28154,2025-07-08 20:00:00
116.0,85.72772,2025-07-08 21:00:00
85.0,151.0195,2025-07-08 21:00:00
125.0,106.47614,2025-07-08 21:00:00
108.0,212.81947,2025-07-08 21:00:00
125.0,113.96143,2025-07-08 22:00:00
135.0,216.19246,2025-07-08 22:00:00
125.0,83.0691,2025-07-08 22:00:00
80.0,161.07866,2025-07-08 22:00:00
91.0,120.18084,2025-07-08 23:00:00
78.0,181.2638,2025-07-08 23:00:00
133.0,81.48101,2025-07-08 23:00:00
179.0,188.89749,2025-07-08 23:00:00
66.0,137.6713,2025-07-09 00:00:00
158.0,89.45361,2025-07-09 00:00:00
189.0,206.16179,2025-07-09 00:00:00
81.0,121.32444,2025-07-09 00:00:00
177.0,190.8248,2025-07-09 01:00:00
75.0,119.61104,2025-07-09 01:00:00
57.0,126.65298,2025-07-09 01:00:00
177.0,80.48666,2025-07-09 01:00:00
66.0,108.853386,2025-07-09 02:00:00
156.0,164.87811,2025-07-09 02:00:00
95.0,76.409584,2025-07-09 02:00:00
36.0,127.16555,2025-07-09 02:00:00
112.0,85.00931,2025-07-09 03:00:00
61.0,104.36718,2025-07-09 03:00:00
169.0,161.87416,2025-07-09 03:00:00
52.0,130.10164,2025-07-09 03:00:00
51.0,89.33985,2025-07-09 04:00:00
164.0,174.85123,2025-07-09 04:00:00
61.0,122.10738,2025-07-09 04:00:00
70.0,106.76557,2025-07-09 04:00:00
84.0,101.70377,2025-07-09 05:00:00
125.0,161.94142,2025-07-09 05:00:00
40.0,82.73411,2025-07-09 05:00:00
62.0,105.28553,2025-07-09 05:00:00
95.0,111.80256,2025-07-09 06:00:00
19.0,89.213806,2025-07-09 06:00:00
74.0,106.25802,2025-07-09 06:00:00
271.0,168.85321,2025-07-09 06:00:00
90.0,109.29059,2025-07-09 07:00:00
92.0,151.74785,2025-07-09 07:00:00
77.0,142.27739,2025-07-09 07:00:00
75.0,71.66337,2025-07-09 07:00:00
102.0,123.374855,2025-07-09 08:00:00
91.0,144.50291,2025-07-09 08:00:00
106.0,87.51353,2025-07-09 08:00:00
89.0,164.78842,2025-07-09 08:00:00
108.0,177.29283,2025-07-09 09:00:00
135.0,121.92896,2025-07-09 09:00:00
116.0,97.905655,2025-07-09 09:00:00
84.0,134.33534,2025-07-09 09:00:00
117.0,93.33644,2025-07-09 10:00:00
114.0,175.8215,2025-07-09 10:00:00
81.0,125.360825,2025-07-09 10:00:00
138.0,119.994064,2025-07-09 10:00:00
118.0,114.849205,2025-07-09 11:00:00
174.0,106.44874,2025-07-09 11:00:00
140.0,227.62135,2025-07-09 11:00:00
106.0,130.51869,2025-07-09 11:00:00
106.0,107.456696,2025-07-09 12:00:00
125.0,199.23209,2025-07-09 12:00:00
90.0,98.83104,2025-07-09 12:00:00
113.0,101.45024,2025-07-09 12:00:00
128.0,104.53562,2025-07-09 13:00:00
138.0,185.22777,2025-07-09 13:00:00
78.0,96.01295,2025-07-09 13:00:00
106.0,106.64933,2025-07-09 13:00:00
97.0,106.96641,2025-07-09 14:00:00
69.0,89.10898,2025-07-09 14:00:00
100.0,114.97995,2025-07-09 14:00:00
97.0,167.38365,2025-07-09 14:00:00
85.0,117.16679,2025-07-09 15:00:00
111.0,177.47707,2025-07-09 15:00:00
92.0,106.291145,2025-07-09 15:00:00
74.0,75.0596,2025-07-09 15:00:00
136.0,172.03397,2025-07-09 16:00:00
79.0,108.61747,2025-07-09 16:00:00
97.0,82.486725,2025-07-09 16:00:00
42.0,115.998055,2025-07-09 16:00:00
110.0,109.33403,2025-07-09 17:00:00
85.0,83.581116,2025-07-09 17:00:00
92.0,198.93439,2025-07-09 17:00:00
55.0,109.04778,2025-07-09 17:00:00
77.0,116.93556,2025-07-09 18:00:00
88.0,110.20011,2025-07-09 18:00:00
62.25,74.66309,2025-07-09 18:00:00
81.0,187.42024,2025-07-09 18:00:00
67.0,131.75572,2025-07-09 19:00:00
72.0,118.107124,2025-07-09 19:00:00
45.5,96.880104,2025-07-09 19:00:00
144.0,215.82198,2025-07-09 19:00:00
77.0,115.78927,2025-07-09 20:00:00
124.0,201.27841,2025-07-09 20:00:00
73.0,174.74426,2025-07-09 20:00:00
54.0,84.88753,2025-07-09 20:00:00
40.0,125.62382,2025-07-09 21:00:00
90.0,192.35367,2025-07-09 21:00:00
89.0,207.22168,2025-07-09 21:00:00
53.5,84.05852,2025-07-09 21:00:00
61.0,143.67787,2025-07-09 22:00:00
72.0,207.63203,2025-07-09 22:00:00
39.25,125.16893,2025-07-09 22:00:00
86.0,213.1041,2025-07-09 22:00:00
27.5,103.856544,2025-07-09 23:00:00
106.0,211.27213,2025-07-09 23:00:00
55.0,145.96524,2025-07-09 23:00:00
102.0,198.89268,2025-07-09 23:00:00
90.0,197.0564,2025-07-10 00:00:00
92.0,138.31761,2025-07-10 00:00:00
78.0,140.178,2025-07-10 00:00:00
113.0,121.41079,2025-07-10 01:00:00
122.0,195.43758,2025-07-10 01:00:00
78.0,134.71591,2025-07-10 01:00:00
77.0,117.293236,2025-07-10 02:00:00
95.0,110.78968,2025-07-10 02:00:00
116.0,197.59244,2025-07-10 02:00:00
110.33333333333331,87.90449,2025-07-10 03:00:00
116.0,179.74475,2025-07-10 03:00:00
75.0,108.09289,2025-07-10 03:00:00
89.0,114.677284,2025-07-10 04:00:00
255.0,184.67242,2025-07-10 04:00:00
96.0,69.87221,2025-07-10 04:00:00
66.0,91.09782,2025-07-10 04:00:00
58.0,96.58498,2025-07-10 05:00:00
80.0,76.560776,2025-07-10 05:00:00
72.0,120.941124,2025-07-10 05:00:00
186.0,197.40794,2025-07-10 05:00:00
99.0,128.4049,2025-07-10 06:00:00
79.66666666666667,76.083176,2025-07-10 06:00:00
85.0,99.028244,2025-07-10 06:00:00
81.0,201.16953,2025-07-10 06:00:00
115.0,84.283264,2025-07-10 07:00:00
112.0,113.93257,2025-07-10 07:00:00
90.0,137.20001,2025-07-10 07:00:00
80.0,218.01833,2025-07-10 07:00:00
148.66666666666666,88.80483,2025-07-10 08:00:00
125.0,114.9193,2025-07-10 08:00:00
103.0,199.44168,2025-07-10 08:00:00
63.0,138.29167,2025-07-10 08:00:00
90.0,126.55715,2025-07-10 09:00:00
73.0,137.41315,2025-07-10 09:00:00
117.0,189.7152,2025-07-10 09:00:00
77.0,198.25352,2025-07-10 10:00:00
57.0,130.6143,2025-07-10 10:00:00
96.33333333333331,86.57038,2025-07-10 10:00:00
103.0,122.30106,2025-07-10 10:00:00
88.0,182.93854,2025-07-10 11:00:00
88.0,127.74854,2025-07-10 11:00:00
123.33333333333331,106.24305,2025-07-10 11:00:00
47.0,141.79778,2025-07-10 11:00:00
36.0,124.642494,2025-07-10 12:00:00
38.0,120.22113,2025-07-10 12:00:00
67.0,171.87149,2025-07-10 12:00:00
85.66666666666667,99.286476,2025-07-10 12:00:00
27.0,119.50542,2025-07-10 13:00:00
50.66666666666666,95.75267,2025-07-10 13:00:00
85.0,170.09125,2025-07-10 13:00:00
61.0,131.54587,2025-07-10 13:00:00
83.0,115.89105,2025-07-10 14:00:00
107.0,148.67717,2025-07-10 14:00:00
51.0,103.17279,2025-07-10 14:00:00
56.333333333333336,74.50911,2025-07-10 14:00:00
97.0,165.64404,2025-07-10 15:00:00
72.0,111.842766,2025-07-10 15:00:00
91.0,111.09946,2025-07-10 15:00:00
61.0,77.83076,2025-07-10 15:00:00
125.0,106.45152,2025-07-10 16:00:00
102.0,115.66137,2025-07-10 16:00:00
110.0,75.92086,2025-07-10 16:00:00
74.0,149.41061,2025-07-10 16:00:00
79.0,118.27668,2025-07-10 17:00:00
61.0,168.7968,2025-07-10 17:00:00
116.0,106.917816,2025-07-10 17:00:00
86.0,81.49632,2025-07-10 17:00:00
80.66666666666667,83.43171,2025-07-10 18:00:00
74.0,124.78706,2025-07-10 18:00:00
86.0,157.3795,2025-07-10 18:00:00
99.0,111.460686,2025-07-10 18:00:00
132.0,158.09814,2025-07-10 19:00:00
106.0,133.07867,2025-07-10 19:00:00
106.0,143.79092,2025-07-10 19:00:00
111.33333333333331,96.6632,2025-07-10 19:00:00
31.0,190.73203,2025-07-10 20:00:00
65.0,94.32712,2025-07-10 20:00:00
61.0,132.74327,2025-07-10 20:00:00
62.0,138.4125,2025-07-10 20:00:00
14.0,141.60468,2025-07-10 21:00:00
35.0,92.030205,2025-07-10 21:00:00
61.0,151.68536,2025-07-10 21:00:00
41.0,241.26237,2025-07-10 21:00:00
40.0,221.12239,2025-07-10 22:00:00
20.0,141.23653,2025-07-10 22:00:00
44.0,142.06966,2025-07-10 22:00:00
35.0,92.09489,2025-07-10 22:00:00
35.0,88.73656,2025-07-10 23:00:00
46.0,250.38438,2025-07-10 23:00:00
77.0,135.68864,2025-07-10 23:00:00
23.0,164.0823,2025-07-10 23:00:00
35.0,84.60011,2025-07-11 00:00:00
84.0,126.33311,2025-07-11 00:00:00
33.0,124.07152,2025-07-11 00:00:00
68.0,226.06898,2025-07-11 00:00:00
64.0,78.93539,2025-07-11 01:00:00
50.0,210.77933,2025-07-11 01:00:00
57.0,125.90983,2025-07-11 01:00:00
84.0,121.74239,2025-07-11 01:00:00
57.0,211.7781,2025-07-11 02:00:00
70.0,116.94992,2025-07-11 02:00:00
59.0,102.32724,2025-07-11 02:00:00
57.0,99.155975,2025-07-11 03:00:00
39.0,105.77271,2025-07-11 03:00:00
25.0,218.84615,2025-07-11 03:00:00
132.5,67.57898,2025-07-11 03:00:00
22.0,197.39886,2025-07-11 04:00:00
28.0,109.48924,2025-07-11 04:00:00
40.0,95.60382,2025-07-11 04:00:00
63.0,52.78902,2025-07-11 04:00:00
41.0,130.13142,2025-07-11 05:00:00
30.0,188.18562,2025-07-11 05:00:00
36.0,105.68822,2025-07-11 05:00:00
34.0,57.98991,2025-07-11 05:00:00
34.0,68.19429,2025-07-11 06:00:00
34.0,118.41655,2025-07-11 06:00:00
34.0,193.09258,2025-07-11 06:00:00
50.0,145.71083,2025-07-11 06:00:00
66.0,137.78835,2025-07-11 07:00:00
51.0,135.82542,2025-07-11 07:00:00
41.0,179.37137,2025-07-11 07:00:00
34.0,89.63783,2025-07-11 07:00:00
59.0,123.7829,2025-07-11 08:00:00
73.0,137.93152,2025-07-11 08:00:00
46.0,224.86049,2025-07-11 08:00:00
34.0,92.14351,2025-07-11 08:00:00
73.0,153.4427,2025-07-11 09:00:00
41.0,149.98375,2025-07-11 09:00:00
55.0,198.21832,2025-07-11 09:00:00
38.0,202.651,2025-07-11 10:00:00
45.0,148.11661,2025-07-11 10:00:00
66.0,114.06826,2025-07-11 10:00:00
42.0,146.05412,2025-07-11 10:00:00
33.0,130.30646,2025-07-11 11:00:00
122.25,94.20199,2025-07-11 11:00:00
61.0,129.40883,2025-07-11 11:00:00
46.0,195.08127,2025-07-11 11:00:00
40.0,118.504036,2025-07-11 12:00:00
63.0,115.410065,2025-07-11 12:00:00
68.25,97.96035,2025-07-11 12:00:00
50.0,190.52902,2025-07-11 12:00:00
57.0,105.45954,2025-07-11 13:00:00
56.0,166.85747,2025-07-11 13:00:00
59.0,98.71,2025-07-11 13:00:00
47.0,70.90201,2025-07-11 13:00:00
58.0,101.64739,2025-07-11 14:00:00
56.0,148.72415,2025-07-11 14:00:00
45.75,92.99326,2025-07-11 14:00:00
57.0,100.84358,2025-07-11 14:00:00
45.0,79.20892,2025-07-11 15:00:00
57.0,146.02748,2025-07-11 15:00:00
78.0,102.68359,2025-07-11 15:00:00
57.0,97.46084,2025-07-11 15:00:00
51.0,159.52467,2025-07-11 16:00:00
53.0,105.89089,2025-07-11 16:00:00
95.0,111.257996,2025-07-11 16:00:00
41.0,82.16355,2025-07-11 16:00:00
46.0,86.9164,2025-07-11 17:00:00
61.0,99.630875,2025-07-11 17:00:00
69.0,106.76382,2025-07-11 17:00:00
48.0,162.45927,2025-07-11 17:00:00
75.0,102.88546,2025-07-11 18:00:00
52.0,179.70055,2025-07-11 18:00:00
66.0,79.71931,2025-07-11 18:00:00
63.0,107.77908,2025-07-11 18:00:00
20.0,107.329,2025-07-11 19:00:00
35.0,89.73082,2025-07-11 19:00:00
41.0,167.7025,2025-07-11 19:00:00
58.0,100.46162,2025-07-11 19:00:00
20.0,152.91945,2025-07-11 20:00:00
7.0,107.69115,2025-07-11 20:00:00
20.0,128.54951,2025-07-11 20:00:00
35.0,94.82155,2025-07-11 20:00:00
20.0,115.83389,2025-07-11 21:00:00
20.0,178.34608,2025-07-11 21:00:00
20.0,167.67848,2025-07-11 21:00:00
35.0,115.54757,2025-07-11 21:00:00
22.0,173.9784,2025-07-11 22:00:00
35.0,129.73549,2025-07-11 22:00:00
17.0,128.65771,2025-07-11 22:00:00
28.0,211.39398,2025-07-11 22:00:00
25.0,177.69302,2025-07-11 23:00:00
20.0,116.31566,2025-07-11 23:00:00
35.0,116.4543,2025-07-11 23:00:00
31.0,224.20192,2025-07-11 23:00:00
16.0,230.43182,2025-07-12 00:00:00
25.0,121.72434,2025-07-12 00:00:00
24.0,121.67834,2025-07-12 00:00:00
19.0,217.26169,2025-07-12 01:00:00
24.0,106.4639,2025-07-12 01:00:00
19.0,114.12849,2025-07-12 01:00:00
22.0,104.16975,2025-07-12 02:00:00
29.0,239.47504,2025-07-12 02:00:00
19.0,113.58304,2025-07-12 02:00:00
39.0,97.968025,2025-07-12 02:00:00
19.0,96.457596,2025-07-12 03:00:00
112.0,87.65894,2025-07-12 03:00:00
19.0,84.06588,2025-07-12 03:00:00
17.0,189.96732,2025-07-12 03:00:00
29.0,199.37404,2025-07-12 04:00:00
20.0,97.494255,2025-07-12 04:00:00
14.0,87.28015,2025-07-12 04:00:00
20.0,73.665054,2025-07-12 04:00:00
22.0,92.1103,2025-07-12 05:00:00
18.0,90.53245,2025-07-12 05:00:00
29.0,177.66919,2025-07-12 05:00:00
20.0,73.114624,2025-07-12 05:00:00
29.0,99.18207,2025-07-12 06:00:00
27.0,96.71735,2025-07-12 06:00:00
20.0,75.75752,2025-07-12 06:00:00
27.0,183.03532,2025-07-12 06:00:00
39.0,107.774826,2025-07-12 07:00:00
30.0,113.75523,2025-07-12 07:00:00
30.0,201.81015,2025-07-12 07:00:00
20.0,89.28694,2025-07-12 07:00:00
55.0,127.77384,2025-07-12 08:00:00
28.0,131.68336,2025-07-12 08:00:00
44.0,197.55016,2025-07-12 08:00:00
46.0,188.78949,2025-07-12 09:00:00
34.0,124.032265,2025-07-12 09:00:00
33.0,145.29446,2025-07-12 09:00:00
39.0,117.98264,2025-07-12 09:00:00
52.0,129.33516,2025-07-12 10:00:00
40.0,135.89107,2025-07-12 10:00:00
51.0,192.48949,2025-07-12 10:00:00
44.0,108.88489,2025-07-12 10:00:00
67.0,190.50095,2025-07-12 11:00:00
42.0,133.4014,2025-07-12 11:00:00
41.0,109.70463,2025-07-12 11:00:00
130.0,131.98715,2025-07-12 11:00:00
42.0,98.97787,2025-07-12 12:00:00
48.0,111.77916,2025-07-12 12:00:00
72.0,178.46455,2025-07-12 12:00:00
52.0,118.76995,2025-07-12 12:00:00
42.0,98.643234,2025-07-12 13:00:00
66.0,112.64817,2025-07-12 13:00:00
48.0,103.51201,2025-07-12 13:00:00
70.0,195.33836,2025-07-12 13:00:00
63.0,105.36348,2025-07-12 14:00:00
31.0,96.482796,2025-07-12 14:00:00
27.0,103.874794,2025-07-12 14:00:00
51.0,164.8701,2025-07-12 14:00:00
39.0,98.28542,2025-07-12 15:00:00
31.0,103.88909,2025-07-12 15:00:00
68.0,167.39143,2025-07-12 15:00:00
108.0,106.76757,2025-07-12 15:00:00
42.0,97.26648,2025-07-12 16:00:00
9.0,92.10171,2025-07-12 16:00:00
68.0,106.2072,2025-07-12 16:00:00
63.0,174.28395,2025-07-12 16:00:00
22.0,95.64433,2025-07-12 17:00:00
28.0,99.57724,2025-07-12 17:00:00
57.0,108.21334,2025-07-12 17:00:00
57.0,146.25526,2025-07-12 17:00:00
64.0,109.25328,2025-07-12 18:00:00
66.0,95.435005,2025-07-12 18:00:00
34.0,102.49255,2025-07-12 18:00:00
34.0,152.22562,2025-07-12 18:00:00
61.0,118.51331,2025-07-12 19:00:00
36.0,168.16814,2025-07-12 19:00:00
40.0,117.53801,2025-07-12 19:00:00
89.0,94.88533,2025-07-12 19:00:00
67.0,125.84979,2025-07-12 20:00:00
69.0,132.60417,2025-07-12 20:00:00
46.0,134.63495,2025-07-12 20:00:00
50.0,157.28558,2025-07-12 20:00:00
63.0,137.61093,2025-07-12 21:00:00
64.0,166.10953,2025-07-12 21:00:00
61.0,112.23259,2025-07-12 21:00:00
69.0,152.20523,2025-07-12 21:00:00
64.0,143.7918,2025-07-12 22:00:00
61.0,94.78583,2025-07-12 22:00:00
73.0,160.9348,2025-07-12 22:00:00
83.0,148.83551,2025-07-12 22:00:00
67.0,160.67505,2025-07-12 23:00:00
69.0,145.664,2025-07-12 23:00:00
51.0,144.81233,2025-07-12 23:00:00
61.0,98.1727,2025-07-12 23:00:00
41.0,121.52399,2025-07-13 00:00:00
47.0,98.15665,2025-07-13 00:00:00
69.0,168.49455,2025-07-13 00:00:00
58.0,125.07823,2025-07-13 00:00:00
63.0,168.9816,2025-07-13 01:00:00
53.0,116.52232,2025-07-13 01:00:00
66.0,102.44753,2025-07-13 01:00:00
51.0,114.24158,2025-07-13 01:00:00
57.0,183.8533,2025-07-13 02:00:00
69.0,79.02099,2025-07-13 02:00:00
38.0,108.78497,2025-07-13 02:00:00
68.0,122.71868,2025-07-13 02:00:00
53.0,195.7662,2025-07-13 03:00:00
41.0,110.991356,2025-07-13 03:00:00
141.0,84.63149,2025-07-13 03:00:00
66.0,110.14976,2025-07-13 03:00:00
46.0,74.57761,2025-07-13 04:00:00
56.0,199.10881,2025-07-13 04:00:00
35.0,104.546684,2025-07-13 04:00:00
38.0,106.5397,2025-07-13 04:00:00
19.0,102.18837,2025-07-13 05:00:00
56.0,252.0606,2025-07-13 05:00:00
29.0,76.83364,2025-07-13 05:00:00
29.0,109.832184,2025-07-13 05:00:00
58.0,176.65771,2025-07-13 06:00:00
29.0,85.24092,2025-07-13 06:00:00
36.0,109.67436,2025-07-13 06:00:00
36.0,119.5681,2025-07-13 06:00:00
57.0,129.36241,2025-07-13 07:00:00
50.0,119.37277,2025-07-13 07:00:00
29.0,95.317184,2025-07-13 07:00:00
80.0,233.60777,2025-07-13 07:00:00
72.0,118.635254,2025-07-13 08:00:00
95.0,104.39527,2025-07-13 08:00:00
89.0,219.674,2025-07-13 08:00:00
72.0,128.61633,2025-07-13 08:00:00
95.0,112.87755,2025-07-13 09:00:00
74.0,121.3452,2025-07-13 09:00:00
85.0,140.4201,2025-07-13 09:00:00
77.0,215.29817,2025-07-13 09:00:00
124.0,144.93399,2025-07-13 10:00:00
112.0,122.40492,2025-07-13 10:00:00
103.0,215.02692,2025-07-13 10:00:00
75.0,109.86017,2025-07-13 10:00:00
127.0,118.35722,2025-07-13 11:00:00
63.0,99.2964,2025-07-13 11:00:00
100.0,207.64627,2025-07-13 11:00:00
112.0,126.63502,2025-07-13 11:00:00
96.0,200.68321,2025-07-13 12:00:00
129.0,120.88113,2025-07-13 12:00:00
67.0,100.34349,2025-07-13 12:00:00
122.0,107.97475,2025-07-13 12:00:00
89.0,177.95311,2025-07-13 13:00:00
101.0,115.37312,2025-07-13 13:00:00
55.0,103.63707,2025-07-13 13:00:00
89.0,100.43566,2025-07-13 13:00:00
46.0,94.39284,2025-07-13 14:00:00
81.0,111.12637,2025-07-13 14:00:00
102.0,170.05699,2025-07-13 14:00:00
17.0,97.51424,2025-07-13 14:00:00
78.0,175.14702,2025-07-13 15:00:00
31.0,103.57148,2025-07-13 15:00:00
17.0,103.906815,2025-07-13 15:00:00
90.0,110.01441,2025-07-13 15:00:00
45.0,96.84846,2025-07-13 16:00:00
96.0,105.66865,2025-07-13 16:00:00
46.0,100.23701,2025-07-13 16:00:00
92.0,154.41557,2025-07-13 16:00:00
122.0,104.08768,2025-07-13 17:00:00
101.0,180.4816,2025-07-13 17:00:00
83.0,100.441956,2025-07-13 17:00:00
48.0,98.15368,2025-07-13 17:00:00
59.0,102.93008,2025-07-13 18:00:00
58.0,92.23093,2025-07-13 18:00:00
69.0,191.74966,2025-07-13 18:00:00
116.0,107.89129,2025-07-13 18:00:00
63.0,116.77343,2025-07-13 19:00:00
102.0,197.75533,2025-07-13 19:00:00
48.0,117.147514,2025-07-13 19:00:00
55.0,102.36234,2025-07-13 19:00:00
70.0,111.29485,2025-07-13 20:00:00
74.0,196.2235,2025-07-13 20:00:00
77.0,108.346245,2025-07-13 20:00:00
67.0,108.83963,2025-07-13 20:00:00
96.0,207.43892,2025-07-13 21:00:00
85.0,106.6312,2025-07-13 21:00:00
62.0,107.07534,2025-07-13 21:00:00
90.0,117.54441,2025-07-13 21:00:00
88.0,201.22144,2025-07-13 22:00:00
121.0,132.83566,2025-07-13 22:00:00
70.0,109.45738,2025-07-13 22:00:00
84.0,109.09776,2025-07-13 22:00:00
111.0,214.9651,2025-07-13 23:00:00
70.0,86.49322,2025-07-13 23:00:00
78.0,111.23905,2025-07-13 23:00:00
114.0,125.51989,2025-07-13 23:00:00
74.0,113.051834,2025-07-14 00:00:00
121.0,101.65474,2025-07-14 00:00:00
86.0,71.53174,2025-07-14 00:00:00
95.0,170.87001,2025-07-14 00:00:00
97.0,83.27726,2025-07-14 01:00:00
99.0,180.5633,2025-07-14 01:00:00
103.0,111.36313,2025-07-14 01:00:00
70.0,114.78586,2025-07-14 01:00:00
96.0,74.71461,2025-07-14 02:00:00
102.0,105.02762,2025-07-14 02:00:00
59.0,111.134514,2025-07-14 02:00:00
59.0,172.14723,2025-07-14 02:00:00
101.0,96.91267,2025-07-14 03:00:00
53.0,176.22095,2025-07-14 03:00:00
62.0,99.89098,2025-07-14 03:00:00
136.0,80.23508,2025-07-14 03:00:00
63.0,71.75942,2025-07-14 04:00:00
68.0,138.83266,2025-07-14 04:00:00
83.0,91.52403,2025-07-14 04:00:00
62.0,111.23165,2025-07-14 04:00:00
63.0,63.8647,2025-07-14 05:00:00
14.0,140.22209,2025-07-14 05:00:00
34.0,105.27729,2025-07-14 05:00:00
61.0,85.07185,2025-07-14 05:00:00
63.0,59.266888,2025-07-14 06:00:00
28.0,142.30353,2025-07-14 06:00:00
8.0,102.32003,2025-07-14 06:00:00
25.0,86.032455,2025-07-14 06:00:00
38.0,93.9733,2025-07-14 07:00:00
30.0,98.13289,2025-07-14 07:00:00
63.0,60.485058,2025-07-14 07:00:00
29.0,159.06857,2025-07-14 07:00:00
53.0,151.05084,2025-07-14 08:00:00
83.0,108.67918,2025-07-14 08:00:00
34.0,75.452286,2025-07-14 08:00:00
64.0,105.552925,2025-07-14 08:00:00
33.0,118.55066,2025-07-14 09:00:00
92.0,100.20648,2025-07-14 09:00:00
74.0,156.04726,2025-07-14 09:00:00
68.0,134.06367,2025-07-14 10:00:00
72.0,87.06146,2025-07-14 10:00:00
99.0,97.02409,2025-07-14 10:00:00
35.0,94.870255,2025-07-14 10:00:00
92.0,94.185196,2025-07-14 11:00:00
53.0,97.73601,2025-07-14 11:00:00
75.0,118.93173,2025-07-14 11:00:00
114.0,89.983795,2025-07-14 11:00:00
92.0,96.81051,2025-07-14 12:00:00
66.0,154.42633,2025-07-14 12:00:00
59.0,98.23146,2025-07-14 12:00:00
61.0,85.13244,2025-07-14 12:00:00
57.0,157.18312,2025-07-14 13:00:00
85.0,101.35731,2025-07-14 13:00:00
55.0,72.08162,2025-07-14 13:00:00
42.0,114.69777,2025-07-14 13:00:00
34.0,73.58965,2025-07-14 14:00:00
68.0,146.20944,2025-07-14 14:00:00
102.0,97.978645,2025-07-14 14:00:00
40.0,108.60294,2025-07-14 14:00:00
34.0,80.75077,2025-07-14 15:00:00
121.0,98.30236,2025-07-14 15:00:00
57.0,108.05352,2025-07-14 15:00:00
75.0,157.44742,2025-07-14 15:00:00
66.0,159.09645,2025-07-14 16:00:00
55.0,79.75092,2025-07-14 16:00:00
62.0,113.62829,2025-07-14 16:00:00
80.0,104.66333,2025-07-14 16:00:00
72.0,79.72645,2025-07-14 17:00:00
52.0,119.128075,2025-07-14 17:00:00
88.0,106.43545,2025-07-14 17:00:00
86.0,154.65663,2025-07-14 17:00:00
67.0,101.88434,2025-07-14 18:00:00
63.0,153.68704,2025-07-14 18:00:00
77.0,90.54268,2025-07-14 18:00:00
88.0,102.59166,2025-07-14 18:00:00
112.0,84.7095,2025-07-14 19:00:00
125.0,116.31388,2025-07-14 19:00:00
118.0,138.09456,2025-07-14 19:00:00
92.0,114.47672,2025-07-14 19:00:00
138.0,124.368225,2025-07-14 20:00:00
122.0,161.54318,2025-07-14 20:00:00
81.0,89.09639,2025-07-14 20:00:00
86.0,139.90306,2025-07-14 20:00:00
86.0,140.05489,2025-07-14 21:00:00
151.0,138.55817,2025-07-14 21:00:00
114.0,94.2545,2025-07-14 21:00:00
128.0,161.4171,2025-07-14 21:00:00
48.0,139.80525,2025-07-14 22:00:00
114.0,101.946335,2025-07-14 22:00:00
56.0,137.16151,2025-07-14 22:00:00
53.0,174.57358,2025-07-14 22:00:00
114.0,105.862236,2025-07-14 23:00:00
5.0,134.55411,2025-07-14 23:00:00
53.0,162.37183,2025-07-14 23:00:00
16.0,142.651,2025-07-14 23:00:00
19.0,116.49393,2025-07-15 00:00:00
7.0,159.24947,2025-07-15 00:00:00
25.0,143.88013,2025-07-15 00:00:00
8.0,152.16309,2025-07-15 01:00:00
17.0,112.98046,2025-07-15 01:00:00
128.0,171.52397,2025-07-15 01:00:00
46.0,99.12516,2025-07-15 02:00:00
35.0,157.99883,2025-07-15 02:00:00
23.0,160.09218,2025-07-15 02:00:00
19.0,113.50812,2025-07-15 02:00:00
27.0,142.37663,2025-07-15 03:00:00
141.0,112.357925,2025-07-15 03:00:00
20.0,136.67184,2025-07-15 03:00:00
40.0,108.597115,2025-07-15 03:00:00
33.0,86.593666,2025-07-15 04:00:00
42.0,136.16597,2025-07-15 04:00:00
28.0,100.87102,2025-07-15 04:00:00
27.0,129.27509,2025-07-15 04:00:00
41.0,135.0838,2025-07-15 05:00:00
36.0,81.13306,2025-07-15 05:00:00
38.0,142.14159,2025-07-15 05:00:00
31.0,101.79099,2025-07-15 05:00:00
47.0,99.38666,2025-07-15 06:00:00
59.0,121.52847,2025-07-15 06:00:00
36.0,93.1493,2025-07-15 06:00:00
56.0,149.82915,2025-07-15 06:00:00
46.0,137.41472,2025-07-15 07:00:00
63.0,131.02113,2025-07-15 07:00:00
36.0,95.20242,2025-07-15 07:00:00
45.0,109.181435,2025-07-15 07:00:00
45.0,117.77122,2025-07-15 08:00:00
69.0,127.17845,2025-07-15 08:00:00
55.0,140.6888,2025-07-15 08:00:00
48.0,121.9636,2025-07-15 09:00:00
74.0,142.4219,2025-07-15 09:00:00
48.0,135.25623,2025-07-15 09:00:00
69.0,98.64993,2025-07-15 09:00:00
63.0,147.89984,2025-07-15 10:00:00
50.0,103.71165,2025-07-15 10:00:00
64.0,146.63985,2025-07-15 10:00:00
73.0,104.4225,2025-07-15 10:00:00
74.0,115.21011,2025-07-15 11:00:00
101.0,108.370316,2025-07-15 11:00:00
73.0,138.57153,2025-07-15 11:00:00
67.0,101.948135,2025-07-15 11:00:00
86.0,105.581535,2025-07-15 12:00:00
108.0,89.07186,2025-07-15 12:00:00
74.0,148.52025,2025-07-15 12:00:00
83.0,100.755104,2025-07-15 12:00:00
73.0,136.90912,2025-07-15 13:00:00
83.0,85.296425,2025-07-15 13:00:00
78.0,108.01872,2025-07-15 13:00:00
92.0,98.1196,2025-07-15 13:00:00
97.0,120.457245,2025-07-15 14:00:00
70.0,100.71971,2025-07-15 14:00:00
70.0,82.907295,2025-07-15 14:00:00
106.0,108.99454,2025-07-15 14:00:00
96.0,113.58991,2025-07-15 15:00:00
88.0,118.930954,2025-07-15 15:00:00
39.0,86.67367,2025-07-15 15:00:00
91.0,140.87662,2025-07-15 15:00:00
50.0,117.02701,2025-07-15 16:00:00
56.0,134.77158,2025-07-15 16:00:00
51.0,105.75427,2025-07-15 16:00:00
68.0,84.39156,2025-07-15 16:00:00
42.0,113.27514,2025-07-15 17:00:00
56.0,135.40964,2025-07-15 17:00:00
50.0,123.11315,2025-07-15 17:00:00
68.0,90.44093,2025-07-15 17:00:00
68.0,95.411415,2025-07-15 18:00:00
48.0,112.55107,2025-07-15 18:00:00
56.0,139.10983,2025-07-15 18:00:00
50.0,112.95183,2025-07-15 18:00:00
108.0,100.149155,2025-07-15 19:00:00
41.0,123.63338,2025-07-15 19:00:00
55.0,135.17395,2025-07-15 19:00:00
35.0,113.419525,2025-07-15 19:00:00
59.0,135.06561,2025-07-15 20:00:00
52.0,111.388596,2025-07-15 20:00:00
50.0,137.23792,2025-07-15 20:00:00
45.0,114.00796,2025-07-15 20:00:00
75.0,112.92165,2025-07-15 21:00:00
48.0,147.47575,2025-07-15 21:00:00
46.0,108.070244,2025-07-15 21:00:00
44.0,150.91464,2025-07-15 21:00:00
42.0,102.25258,2025-07-15 22:00:00
53.0,147.18782,2025-07-15 22:00:00
55.0,146.53014,2025-07-15 22:00:00
85.0,121.58107,2025-07-15 22:00:00
79.0,118.30283,2025-07-15 23:00:00
42.0,105.26642,2025-07-15 23:00:00
45.0,144.75385,2025-07-15 23:00:00
48.0,151.95091,2025-07-15 23:00:00
46.0,104.56243,2025-07-16 00:00:00
41.0,116.95792,2025-07-16 00:00:00
74.0,109.80324,2025-07-16 00:00:00
47.0,146.06943,2025-07-16 00:00:00
57.0,110.033165,2025-07-16 01:00:00
52.0,154.72098,2025-07-16 01:00:00
48.0,105.95096,2025-07-16 01:00:00
38.0,109.22148,2025-07-16 01:00:00
33.0,113.36161,2025-07-16 02:00:00
42.0,137.40216,2025-07-16 02:00:00
48.0,95.9212,2025-07-16 02:00:00
39.0,117.065475,2025-07-16 02:00:00
27.0,112.58873,2025-07-16 03:00:00
22.0,100.3314,2025-07-16 03:00:00
107.0,104.31113,2025-07-16 03:00:00
28.0,134.29134,2025-07-16 03:00:00
19.0,109.591385,2025-07-16 04:00:00
27.0,70.3158,2025-07-16 04:00:00
28.0,97.350586,2025-07-16 04:00:00
30.0,120.05989,2025-07-16 04:00:00
24.0,67.848045,2025-07-16 05:00:00
30.0,97.10812,2025-07-16 05:00:00
31.0,125.29747,2025-07-16 05:00:00
25.0,91.32681,2025-07-16 05:00:00
24.0,79.748474,2025-07-16 06:00:00
33.0,137.40636,2025-07-16 06:00:00
22.0,98.25084,2025-07-16 06:00:00
29.0,100.97493,2025-07-16 06:00:00
30.0,115.45592,2025-07-16 07:00:00
5.0,86.93608,2025-07-16 07:00:00
33.0,149.60765,2025-07-16 07:00:00
47.0,107.3765,2025-07-16 07:00:00
31.0,124.88261,2025-07-16 08:00:00
44.0,99.282684,2025-07-16 08:00:00
45.0,122.66932,2025-07-16 08:00:00
38.0,143.90546,2025-07-16 08:00:00
46.0,97.23825,2025-07-16 09:00:00
51.0,128.51527,2025-07-16 09:00:00
44.0,142.14354,2025-07-16 09:00:00
35.0,126.04595,2025-07-16 09:00:00
35.0,121.92814,2025-07-16 10:00:00
50.0,174.23744,2025-07-16 10:00:00
61.0,135.37956,2025-07-16 10:00:00
56.0,95.53518,2025-07-16 10:00:00
130.0,98.45708,2025-07-16 11:00:00
45.0,100.693954,2025-07-16 11:00:00
68.0,129.11833,2025-07-16 11:00:00
45.0,178.90137,2025-07-16 11:00:00
77.0,115.360725,2025-07-16 12:00:00
46.0,157.38678,2025-07-16 12:00:00
39.0,95.04037,2025-07-16 12:00:00
46.0,96.009766,2025-07-16 12:00:00
63.0,114.25541,2025-07-16 13:00:00
39.0,56.148872,2025-07-16 13:00:00
41.0,161.55647,2025-07-16 13:00:00
39.0,94.104095,2025-07-16 13:00:00
46.0,98.47724,2025-07-16 13:00:00
79.0,109.30337,2025-07-16 14:00:00
35.0,94.02861,2025-07-16 14:00:00
39.0,89.129135,2025-07-16 14:00:00
22.5,52.420616,2025-07-16 14:00:00
46.0,148.56978,2025-07-16 14:00:00
10.5,52.027977,2025-07-16 15:00:00
64.0,111.5303,2025-07-16 15:00:00
39.0,93.33742,2025-07-16 15:00:00
46.0,98.17434,2025-07-16 15:00:00
46.0,137.22551,2025-07-16 15:00:00
58.0,111.70666,2025-07-16 16:00:00
46.0,155.65353,2025-07-16 16:00:00
21.5,59.200546,2025-07-16 16:00:00
18.0,87.98719,2025-07-16 16:00:00
38.0,101.85877,2025-07-16 16:00:00
68.0,114.07176,2025-07-16 17:00:00
31.0,98.64724,2025-07-16 17:00:00
38.0,94.21966,2025-07-16 17:00:00
34.0,147.1694,2025-07-16 17:00:00
37.5,58.055595,2025-07-16 17:00:00
33.0,114.15065,2025-07-16 18:00:00
64.0,98.98269,2025-07-16 18:00:00
38.0,138.51067,2025-07-16 18:00:00
66.0,107.647446,2025-07-16 18:00:00
16.0,57.15165,2025-07-16 18:00:00
51.0,152.76988,2025-07-16 19:00:00
33.333333333333336,60.2818,2025-07-16 19:00:00
85.0,100.034065,2025-07-16 19:00:00
41.0,97.04565,2025-07-16 19:00:00
69.0,114.22428,2025-07-16 19:00:00
61.0,108.4332,2025-07-16 20:00:00
40.0,67.73937,2025-07-16 20:00:00
70.0,142.84346,2025-07-16 20:00:00
72.0,107.13211,2025-07-16 20:00:00
125.0,127.292534,2025-07-16 20:00:00
111.0,138.05727,2025-07-16 21:00:00
80.0,105.49766,2025-07-16 21:00:00
53.0,66.991776,2025-07-16 21:00:00
81.0,170.2525,2025-07-16 21:00:00
85.0,107.351875,2025-07-16 21:00:00
89.0,145.25282,2025-07-16 22:00:00
60.5,67.20743,2025-07-16 22:00:00
86.0,110.28602,2025-07-16 22:00:00
86.0,123.03482,2025-07-16 22:00:00
79.0,169.10602,2025-07-16 22:00:00
52.0,110.25196,2025-07-16 23:00:00
101.0,189.5396,2025-07-16 23:00:00
77.0,124.69358,2025-07-16 23:00:00
69.66666666666667,70.70989,2025-07-16 23:00:00
90.0,140.80818,2025-07-16 23:00:00
113.0,160.55278,2025-07-17 00:00:00
84.0,105.586914,2025-07-17 00:00:00
91.0,110.70179,2025-07-17 00:00:00
134.0,99.4775,2025-07-17 00:00:00
76.5,58.172638,2025-07-17 00:00:00
160.0,96.22702,2025-07-17 01:00:00
70.5,50.547573,2025-07-17 01:00:00
67.0,167.27307,2025-07-17 01:00:00
90.0,102.16655,2025-07-17 01:00:00
92.0,106.08809,2025-07-17 01:00:00
59.5,44.244297,2025-07-17 02:00:00
73.0,97.905136,2025-07-17 02:00:00
102.0,154.0177,2025-07-17 02:00:00
103.0,91.43196,2025-07-17 02:00:00
70.0,98.68292,2025-07-17 02:00:00
128.0,98.81684,2025-07-17 03:00:00
63.0,93.207146,2025-07-17 03:00:00
95.0,142.95769,2025-07-17 03:00:00
44.25,44.16136,2025-07-17 03:00:00
36.0,98.10089,2025-07-17 03:00:00
38.0,42.045956,2025-07-17 04:00:00
61.0,88.31227,2025-07-17 04:00:00
23.0,95.62653,2025-07-17 04:00:00
78.0,130.17332,2025-07-17 04:00:00
48.0,85.608,2025-07-17 04:00:00
37.0,53.735016,2025-07-17 05:00:00
88.0,141.78427,2025-07-17 05:00:00
42.0,92.20143,2025-07-17 05:00:00
28.0,109.362854,2025-07-17 05:00:00
68.0,95.746994,2025-07-17 05:00:00
45.5,51.969524,2025-07-17 06:00:00
72.0,106.19691,2025-07-17 06:00:00
29.0,88.99816,2025-07-17 06:00:00
20.0,125.46391,2025-07-17 06:00:00
127.0,167.15102,2025-07-17 06:00:00
34.0,103.46588,2025-07-17 07:00:00
35.0,123.02928,2025-07-17 07:00:00
101.0,173.5856,2025-07-17 07:00:00
121.0,120.58206,2025-07-17 07:00:00
40.75,58.108913,2025-07-17 07:00:00
35.0,140.09767,2025-07-17 08:00:00
37.5,65.15359,2025-07-17 08:00:00
59.0,97.66959,2025-07-17 08:00:00
102.0,176.63231,2025-07-17 08:00:00
140.0,136.20474,2025-07-17 08:00:00
92.0,128.32193,2025-07-17 09:00:00
75.0,106.45016,2025-07-17 09:00:00
42.25,62.958855,2025-07-17 09:00:00
35.0,143.93134,2025-07-17 09:00:00
92.0,180.47546,2025-07-17 09:00:00
95.0,124.89103,2025-07-17 10:00:00
84.0,108.26499,2025-07-17 10:00:00
136.0,181.07971,2025-07-17 10:00:00
36.5,55.001156,2025-07-17 10:00:00
46.0,125.31311,2025-07-17 10:00:00
73.0,187.83846,2025-07-17 11:00:00
72.0,122.388824,2025-07-17 11:00:00
38.75,58.828773,2025-07-17 11:00:00
91.0,114.3615,2025-07-17 11:00:00
121.0,111.91473,2025-07-17 11:00:00
89.0,100.82048,2025-07-17 12:00:00
45.0,54.088657,2025-07-17 12:00:00
107.0,122.37119,2025-07-17 12:00:00
95.0,204.8401,2025-07-17 12:00:00
50.0,130.02226,2025-07-17 12:00:00
113.0,197.45245,2025-07-17 13:00:00
56.0,124.50023,2025-07-17 13:00:00
43.5,53.11987,2025-07-17 13:00:00
69.0,94.56235,2025-07-17 13:00:00
129.0,117.99882,2025-07-17 13:00:00
44.0,91.5208,2025-07-17 14:00:00
84.0,105.812065,2025-07-17 14:00:00
125.0,117.67621,2025-07-17 14:00:00
35.25,48.069458,2025-07-17 14:00:00
110.0,175.3716,2025-07-17 14:00:00
53.0,104.58514,2025-07-17 15:00:00
92.0,169.57396,2025-07-17 15:00:00
34.0,47.66636,2025-07-17 15:00:00
13.0,84.43877,2025-07-17 15:00:00
107.0,108.12332,2025-07-17 15:00:00
44.0,81.665,2025-07-17 16:00:00
97.0,100.12949,2025-07-17 16:00:00
48.0,89.637215,2025-07-17 16:00:00
33.75,44.824463,2025-07-17 16:00:00
106.0,165.01863,2025-07-17 16:00:00
107.0,161.20627,2025-07-17 17:00:00
50.0,91.78722,2025-07-17 17:00:00
133.0,108.991104,2025-07-17 17:00:00
52.0,80.69081,2025-07-17 17:00:00
30.5,46.188198,2025-07-17 17:00:00
27.75,45.05987,2025-07-17 18:00:00
51.0,92.71305,2025-07-17 18:00:00
84.0,166.20508,2025-07-17 18:00:00
63.0,75.916,2025-07-17 18:00:00
96.0,108.4451,2025-07-17 18:00:00
32.75,54.64374,2025-07-17 19:00:00
50.0,102.97764,2025-07-17 19:00:00
100.0,185.18713,2025-07-17 19:00:00
127.0,134.38556,2025-07-17 19:00:00
80.0,100.06733,2025-07-17 19:00:00
121.0,234.83382,2025-07-17 20:00:00
63.0,121.78763,2025-07-17 20:00:00
43.5,70.085236,2025-07-17 20:00:00
175.0,148.36884,2025-07-17 20:00:00
89.0,100.70075,2025-07-17 20:00:00
153.0,156.23502,2025-07-17 21:00:00
47.75,72.14709,2025-07-17 21:00:00
79.0,147.96378,2025-07-17 21:00:00
96.0,114.14907,2025-07-17 21:00:00
108.0,237.56604,2025-07-17 21:00:00
146.0,142.84692,2025-07-17 22:00:00
134.0,209.67755,2025-07-17 22:00:00
80.0,116.85194,2025-07-17 22:00:00
88.0,119.070656,2025-07-17 22:00:00
46.75,66.73199,2025-07-17 22:00:00
143.0,192.50383,2025-07-17 23:00:00
140.0,133.78833,2025-07-17 23:00:00
73.0,127.09901,2025-07-17 23:00:00
51.0,59.558247,2025-07-17 23:00:00
36.0,124.07375,2025-07-17 23:00:00
101.0,201.46254,2025-07-18 00:00:00
102.0,117.0943,2025-07-18 00:00:00
74.0,101.61622,2025-07-18 00:00:00
53.5,63.239483,2025-07-18 00:00:00
78.0,120.773155,2025-07-18 00:00:00
110.0,171.14558,2025-07-18 01:00:00
78.0,101.770966,2025-07-18 01:00:00
51.75,64.61221,2025-07-18 01:00:00
79.0,115.145546,2025-07-18 01:00:00
72.0,131.11879,2025-07-18 01:00:00
91.0,99.8973,2025-07-18 02:00:00
88.0,117.14355,2025-07-18 02:00:00
49.0,54.27319,2025-07-18 02:00:00
63.0,120.62023,2025-07-18 02:00:00
97.0,136.7715,2025-07-18 02:00:00
49.75,49.118675,2025-07-18 03:00:00
78.0,135.44064,2025-07-18 03:00:00
125.0,104.80795,2025-07-18 03:00:00
83.0,102.13725,2025-07-18 03:00:00
51.0,107.69678,2025-07-18 03:00:00
59.0,111.21735,2025-07-18 04:00:00
75.0,81.35986,2025-07-18 04:00:00
94.0,144.08847,2025-07-18 04:00:00
46.25,48.06403,2025-07-18 04:00:00
79.0,98.13766,2025-07-18 04:00:00
84.0,105.826775,2025-07-18 05:00:00
47.0,52.173313,2025-07-18 05:00:00
63.0,79.53573,2025-07-18 05:00:00
95.0,133.26596,2025-07-18 05:00:00
55.0,109.79583,2025-07-18 05:00:00
91.0,106.76161,2025-07-18 06:00:00
40.0,86.05038,2025-07-18 06:00:00
58.0,117.64688,2025-07-18 06:00:00
85.0,188.08925,2025-07-18 06:00:00
52.333333333333336,52.8633,2025-07-18 06:00:00
121.0,122.996056,2025-07-18 07:00:00
57.0,118.09563,2025-07-18 07:00:00
63.0,95.91813,2025-07-18 07:00:00
95.0,185.49033,2025-07-18 07:00:00
52.333333333333336,54.89503,2025-07-18 07:00:00
52.333333333333336,65.49081,2025-07-18 08:00:00
55.0,131.6748,2025-07-18 08:00:00
132.0,192.87015,2025-07-18 08:00:00
102.0,106.1,2025-07-18 08:00:00
161.0,129.13283,2025-07-18 08:00:00
68.0,116.51589,2025-07-18 09:00:00
361.0,125.234955,2025-07-18 09:00:00
52.333333333333336,66.55938,2025-07-18 09:00:00
168.0,196.92375,2025-07-18 09:00:00
96.0,100.23211,2025-07-18 09:00:00
118.0,105.24565,2025-07-18 10:00:00
66.0,121.18686,2025-07-18 10:00:00
129.0,191.84558,2025-07-18 10:00:00
208.0,119.46649,2025-07-18 10:00:00
67.0,97.975586,2025-07-18 11:00:00
174.0,112.26672,2025-07-18 11:00:00
184.0,188.38641,2025-07-18 11:00:00
194.0,92.8018,2025-07-18 11:00:00
175.0,113.008514,2025-07-18 12:00:00
179.0,150.69655,2025-07-18 12:00:00
86.0,104.21903,2025-07-18 12:00:00
118.0,96.909775,2025-07-18 12:00:00
149.0,106.572014,2025-07-18 13:00:00
129.0,100.998146,2025-07-18 13:00:00
105.0,86.2802,2025-07-18 13:00:00
177.0,148.14453,2025-07-18 13:00:00
163.0,137.63449,2025-07-18 14:00:00
134.0,98.065735,2025-07-18 14:00:00
178.0,106.182335,2025-07-18 14:00:00
156.0,83.17433,2025-07-18 14:00:00
92.0,98.97134,2025-07-18 15:00:00
155.0,167.07866,2025-07-18 15:00:00
92.0,80.146225,2025-07-18 15:00:00
193.0,106.77608,2025-07-18 15:00:00
80.0,93.53148,2025-07-18 16:00:00
119.0,104.10103,2025-07-18 16:00:00
117.0,87.98061,2025-07-18 16:00:00
125.0,163.99228,2025-07-18 16:00:00
140.0,151.93312,2025-07-18 17:00:00
99.0,81.52646,2025-07-18 17:00:00
166.0,103.3925,2025-07-18 17:00:00
47.0,100.12047,2025-07-18 17:00:00
47.0,103.45068,2025-07-18 18:00:00
68.0,85.33091,2025-07-18 18:00:00
46.0,148.76286,2025-07-18 18:00:00
84.0,101.95776,2025-07-18 18:00:00
62.0,121.80767,2025-07-18 19:00:00
19.0,167.96085,2025-07-18 19:00:00
100.0,100.81242,2025-07-18 19:00:00
31.0,110.5909,2025-07-18 19:00:00
73.0,102.54205,2025-07-18 20:00:00
48.0,117.19624,2025-07-18 20:00:00
92.0,133.96562,2025-07-18 20:00:00
59.0,154.21898,2025-07-18 20:00:00
16.0,62.28062,2025-07-18 21:00:00
111.0,154.80505,2025-07-18 21:00:00
100.0,170.84053,2025-07-18 21:00:00
72.0,119.164246,2025-07-18 21:00:00
80.0,101.43259,2025-07-18 21:00:00
117.0,145.12416,2025-07-18 22:00:00
77.0,98.0943,2025-07-18 22:00:00
77.0,115.84781,2025-07-18 22:00:00
113.0,183.61835,2025-07-18 22:00:00
56.25,64.10616,2025-07-18 22:00:00
71.0,62.71932,2025-07-18 23:00:00
135.0,98.50922,2025-07-18 23:00:00
111.0,178.82668,2025-07-18 23:00:00
138.0,102.25962,2025-07-18 23:00:00
143.0,140.68497,2025-07-18 23:00:00
134.0,108.60697,2025-07-19 00:00:00
135.0,95.3767,2025-07-19 00:00:00
81.75,57.62093,2025-07-19 00:00:00
191.0,159.63507,2025-07-19 00:00:00
97.0,95.05176,2025-07-19 00:00:00
75.0,116.13457,2025-07-19 01:00:00
140.0,113.97533,2025-07-19 01:00:00
78.25,60.139175,2025-07-19 01:00:00
136.0,92.72546,2025-07-19 01:00:00
138.0,113.75481,2025-07-19 01:00:00
119.0,114.57206,2025-07-19 02:00:00
152.0,97.64748,2025-07-19 02:00:00
150.0,104.49554,2025-07-19 02:00:00
84.0,123.956314,2025-07-19 02:00:00
89.0,63.54687,2025-07-19 02:00:00
97.0,103.18875,2025-07-19 03:00:00
107.0,89.47129,2025-07-19 03:00:00
108.5,52.046013,2025-07-19 03:00:00
163.0,125.74001,2025-07-19 03:00:00
217.0,101.15346,2025-07-19 03:00:00
167.0,122.55255,2025-07-19 04:00:00
107.0,79.80884,2025-07-19 04:00:00
97.25,47.75336,2025-07-19 04:00:00
89.0,99.910774,2025-07-19 04:00:00
90.0,97.099396,2025-07-19 04:00:00
83.0,77.3714,2025-07-19 05:00:00
144.0,116.5058,2025-07-19 05:00:00
83.0,44.297962,2025-07-19 05:00:00
81.0,76.12544,2025-07-19 05:00:00
99.0,98.13467,2025-07-19 05:00:00
97.0,94.506165,2025-07-19 06:00:00
69.0,78.603546,2025-07-19 06:00:00
135.0,115.46385,2025-07-19 06:00:00
83.0,79.57876,2025-07-19 06:00:00
79.25,45.797237,2025-07-19 06:00:00
89.0,89.67834,2025-07-19 07:00:00
130.0,103.05814,2025-07-19 07:00:00
178.0,108.60317,2025-07-19 07:00:00
78.75,54.416748,2025-07-19 07:00:00
83.0,128.63853,2025-07-19 07:00:00
210.0,119.09315,2025-07-19 08:00:00
111.0,142.27222,2025-07-19 08:00:00
69.5,60.91612,2025-07-19 08:00:00
114.0,96.23603,2025-07-19 08:00:00
89.0,123.06381,2025-07-19 08:00:00
123.0,98.7887,2025-07-19 09:00:00
260.0,123.226395,2025-07-19 09:00:00
60.25,61.811474,2025-07-19 09:00:00
92.0,121.99414,2025-07-19 09:00:00
89.0,138.32492,2025-07-19 09:00:00
105.0,146.62778,2025-07-19 10:00:00
106.0,107.32823,2025-07-19 10:00:00
171.0,130.30984,2025-07-19 10:00:00
88.0,120.29009,2025-07-19 10:00:00
44.5,64.4625,2025-07-19 10:00:00
66.0,137.7318,2025-07-19 11:00:00
80.0,127.39745,2025-07-19 11:00:00
19.0,59.150475,2025-07-19 11:00:00
143.0,115.492645,2025-07-19 11:00:00
66.0,104.38637,2025-07-19 11:00:00
25.0,56.306175,2025-07-19 12:00:00
25.0,131.29704,2025-07-19 12:00:00
40.0,91.91058,2025-07-19 12:00:00
28.0,145.64583,2025-07-19 12:00:00
52.0,122.68221,2025-07-19 12:00:00
33.25,53.539112,2025-07-19 13:00:00
33.0,87.728516,2025-07-19 13:00:00
39.0,109.35606,2025-07-19 13:00:00
13.0,115.41918,2025-07-19 13:00:00
42.0,132.37645,2025-07-19 13:00:00
32.75,54.72782,2025-07-19 14:00:00
13.0,89.83794,2025-07-19 14:00:00
19.0,110.93563,2025-07-19 14:00:00
24.0,114.74592,2025-07-19 14:00:00
74.0,137.83534,2025-07-19 14:00:00
85.0,133.93768,2025-07-19 15:00:00
13.0,85.94452,2025-07-19 15:00:00
25.0,110.85316,2025-07-19 15:00:00
42.0,132.14363,2025-07-19 15:00:00
41.0,59.618298,2025-07-19 15:00:00
45.0,109.70443,2025-07-19 16:00:00
55.0,111.884796,2025-07-19 16:00:00
63.0,147.30333,2025-07-19 16:00:00
47.0,84.450935,2025-07-19 16:00:00
47.25,58.222733,2025-07-19 16:00:00
66.0,120.78131,2025-07-19 17:00:00
47.0,91.11911,2025-07-19 17:00:00
78.0,112.93003,2025-07-19 17:00:00
81.0,144.00317,2025-07-19 17:00:00
48.5,52.183205,2025-07-19 17:00:00
66.5,58.51639,2025-07-19 18:00:00
75.0,97.73451,2025-07-19 18:00:00
66.0,96.163765,2025-07-19 18:00:00
116.0,111.48365,2025-07-19 18:00:00
106.0,134.29366,2025-07-19 18:00:00
124.0,122.380295,2025-07-19 19:00:00
132.0,139.44702,2025-07-19 19:00:00
77.25,68.089745,2025-07-19 19:00:00
119.0,103.64173,2025-07-19 19:00:00
77.0,117.298416,2025-07-19 19:00:00
191.0,130.81133,2025-07-19 20:00:00
164.0,144.15376,2025-07-19 20:00:00
79.75,64.99437,2025-07-19 20:00:00
103.0,105.88773,2025-07-19 20:00:00
91.0,129.77559,2025-07-19 20:00:00
96.0,138.85481,2025-07-19 21:00:00
149.0,150.1511,2025-07-19 21:00:00
65.5,66.39293,2025-07-19 21:00:00
97.0,109.710884,2025-07-19 21:00:00
128.0,149.2218,2025-07-19 21:00:00
40.0,125.99306,2025-07-19 22:00:00
80.0,130.95178,2025-07-19 22:00:00
100.0,151.26193,2025-07-19 22:00:00
77.0,101.924644,2025-07-19 22:00:00
58.75,65.78762,2025-07-19 22:00:00
36.0,101.75589,2025-07-19 23:00:00
96.0,172.89487,2025-07-19 23:00:00
59.0,131.77954,2025-07-19 23:00:00
25.0,121.79812,2025-07-19 23:00:00
31.0,65.367256,2025-07-19 23:00:00
35.0,118.09604,2025-07-20 00:00:00
29.0,124.03983,2025-07-20 00:00:00
15.0,66.79411,2025-07-20 00:00:00
48.0,102.54486,2025-07-20 00:00:00
48.0,192.31816,2025-07-20 00:00:00
27.0,127.56058,2025-07-20 01:00:00
59.0,106.10908,2025-07-20 01:00:00
51.0,168.75476,2025-07-20 01:00:00
14.75,62.922276,2025-07-20 01:00:00
33.0,112.23375,2025-07-20 01:00:00
25.0,124.76993,2025-07-20 02:00:00
17.0,54.397182,2025-07-20 02:00:00
61.0,103.46537,2025-07-20 02:00:00
40.0,185.01479,2025-07-20 02:00:00
38.0,114.09711,2025-07-20 02:00:00
18.0,48.516846,2025-07-20 03:00:00
47.0,104.87154,2025-07-20 03:00:00
25.0,108.48552,2025-07-20 03:00:00
44.0,151.35869,2025-07-20 03:00:00
135.0,96.28256,2025-07-20 03:00:00
25.5,47.791897,2025-07-20 04:00:00
39.0,97.9571,2025-07-20 04:00:00
66.0,155.96437,2025-07-20 04:00:00
61.0,84.474686,2025-07-20 04:00:00
22.0,97.17105,2025-07-20 04:00:00
23.0,90.70986,2025-07-20 05:00:00
62.0,170.56189,2025-07-20 05:00:00
34.0,104.26374,2025-07-20 05:00:00
32.5,49.938496,2025-07-20 05:00:00
34.0,89.036194,2025-07-20 05:00:00
32.75,48.189022,2025-07-20 06:00:00
51.0,97.61523,2025-07-20 06:00:00
107.0,169.66197,2025-07-20 06:00:00
31.0,101.97001,2025-07-20 06:00:00
38.0,86.7872,2025-07-20 06:00:00
94.0,120.7766,2025-07-20 07:00:00
44.0,121.221634,2025-07-20 07:00:00
38.0,89.78989,2025-07-20 07:00:00
123.0,171.37737,2025-07-20 07:00:00
42.5,48.797806,2025-07-20 07:00:00
58.0,134.80795,2025-07-20 08:00:00
113.0,131.4227,2025-07-20 08:00:00
42.75,60.195076,2025-07-20 08:00:00
94.0,101.72363,2025-07-20 08:00:00
114.0,170.04842,2025-07-20 08:00:00
35.0,131.95189,2025-07-20 09:00:00
28.0,171.83168,2025-07-20 09:00:00
58.0,138.00293,2025-07-20 09:00:00
45.0,110.72362,2025-07-20 09:00:00
21.5,61.900513,2025-07-20 09:00:00
58.0,127.24323,2025-07-20 10:00:00
29.0,123.526726,2025-07-20 10:00:00
22.0,185.55273,2025-07-20 10:00:00
20.0,59.30973,2025-07-20 10:00:00
55.0,107.39956,2025-07-20 10:00:00
27.0,128.32448,2025-07-20 11:00:00
27.0,117.928696,2025-07-20 11:00:00
130.0,113.62056,2025-07-20 11:00:00
35.0,177.28477,2025-07-20 11:00:00
25.0,53.110806,2025-07-20 11:00:00
23.0,128.93977,2025-07-20 12:00:00
42.0,122.74593,2025-07-20 12:00:00
30.75,55.64196,2025-07-20 12:00:00
34.0,98.72568,2025-07-20 12:00:00
42.0,174.10187,2025-07-20 12:00:00
48.0,92.66068,2025-07-20 13:00:00
42.0,189.79718,2025-07-20 13:00:00
38.0,119.118614,2025-07-20 13:00:00
41.25,76.04283,2025-07-20 13:00:00
57.0,125.67241,2025-07-20 13:00:00
73.0,118.152,2025-07-20 14:00:00
72.0,97.621895,2025-07-20 14:00:00
47.0,87.9689,2025-07-20 14:00:00
59.25,70.35591,2025-07-20 14:00:00
33.0,169.94777,2025-07-20 14:00:00
58.0,128.5072,2025-07-20 15:00:00
107.0,111.55698,2025-07-20 15:00:00
56.0,118.9071,2025-07-20 15:00:00
86.5,76.62988,2025-07-20 15:00:00
52.0,165.78394,2025-07-20 15:00:00
100.0,110.9688,2025-07-20 16:00:00
58.0,189.02573,2025-07-20 16:00:00
78.0,127.27768,2025-07-20 16:00:00
77.25,69.186134,2025-07-20 16:00:00
50.0,110.80253,2025-07-20 16:00:00
83.25,76.73917,2025-07-20 17:00:00
79.0,190.17586,2025-07-20 17:00:00
106.0,126.47682,2025-07-20 17:00:00
95.0,111.53728,2025-07-20 17:00:00
73.0,98.83833,2025-07-20 17:00:00
119.0,157.35747,2025-07-20 18:00:00
96.0,87.83852,2025-07-20 18:00:00
55.0,106.058105,2025-07-20 18:00:00
91.5,52.293713,2025-07-20 18:00:00
105.0,108.41516,2025-07-20 18:00:00
136.0,176.26118,2025-07-20 19:00:00
90.0,112.854256,2025-07-20 19:00:00
92.0,105.30758,2025-07-20 19:00:00
88.0,61.177246,2025-07-20 19:00:00
47.0,113.6411,2025-07-20 19:00:00
66.75,67.926384,2025-07-20 20:00:00
111.0,135.74919,2025-07-20 20:00:00
95.0,99.88462,2025-07-20 20:00:00
55.0,110.92421,2025-07-20 20:00:00
153.0,193.74173,2025-07-20 20:00:00
141.0,183.1847,2025-07-20 21:00:00
40.5,67.00129,2025-07-20 21:00:00
101.0,122.463745,2025-07-20 21:00:00
97.0,101.468445,2025-07-20 21:00:00
183.0,133.45645,2025-07-20 21:00:00
111.0,205.4652,2025-07-20 22:00:00
184.0,134.842,2025-07-20 22:00:00
100.0,103.795616,2025-07-20 22:00:00
42.75,67.5102,2025-07-20 22:00:00
81.0,122.33201,2025-07-20 22:00:00
52.333333333333336,67.135735,2025-07-20 23:00:00
67.0,102.73305,2025-07-20 23:00:00
179.0,123.62787,2025-07-20 23:00:00
103.0,212.12213,2025-07-20 23:00:00
84.0,113.14127,2025-07-20 23:00:00
111.0,101.34012,2025-07-21 00:00:00
80.0,107.33241,2025-07-21 00:00:00
185.0,107.57893,2025-07-21 00:00:00
61.75,64.62896,2025-07-21 00:00:00
149.0,175.01428,2025-07-21 00:00:00
138.0,102.516426,2025-07-21 01:00:00
125.0,164.59665,2025-07-21 01:00:00
78.0,120.84711,2025-07-21 01:00:00
57.5,67.98289,2025-07-21 01:00:00
207.0,109.745,2025-07-21 01:00:00
81.0,125.148155,2025-07-21 02:00:00
149.0,106.563095,2025-07-21 02:00:00
54.75,52.780407,2025-07-21 02:00:00
138.0,159.85728,2025-07-21 02:00:00
111.0,99.16223,2025-07-21 02:00:00
35.5,46.740414,2025-07-21 03:00:00
105.0,138.25958,2025-07-21 03:00:00
42.0,97.16976,2025-07-21 03:00:00
25.0,103.8834,2025-07-21 03:00:00
141.0,99.43987,2025-07-21 03:00:00
19.0,95.40805,2025-07-21 04:00:00
17.75,43.938843,2025-07-21 04:00:00
29.0,133.64438,2025-07-21 04:00:00
13.0,102.82469,2025-07-21 04:00:00
16.0,80.532524,2025-07-21 04:00:00
44.0,121.70975,2025-07-21 05:00:00
18.25,44.228416,2025-07-21 05:00:00
19.0,73.51101,2025-07-21 05:00:00
13.0,90.74973,2025-07-21 05:00:00
20.0,90.83927,2025-07-21 05:00:00
14.0,78.0802,2025-07-21 06:00:00
20.0,107.89779,2025-07-21 06:00:00
21.25,39.646435,2025-07-21 06:00:00
33.0,93.96372,2025-07-21 06:00:00
85.0,155.92065,2025-07-21 06:00:00
122.0,115.17705,2025-07-21 07:00:00
47.0,119.94054,2025-07-21 07:00:00
105.0,163.14154,2025-07-21 07:00:00
29.0,82.436226,2025-07-21 07:00:00
33.0,50.357864,2025-07-21 07:00:00
91.0,178.07387,2025-07-21 08:00:00
70.0,132.90578,2025-07-21 08:00:00
79.0,97.947815,2025-07-21 08:00:00
138.0,145.48354,2025-07-21 08:00:00
45.25,54.96522,2025-07-21 08:00:00
49.0,54.79234,2025-07-21 09:00:00
166.0,128.97974,2025-07-21 09:00:00
81.0,136.16835,2025-07-21 09:00:00
94.0,206.14656,2025-07-21 09:00:00
102.0,104.07059,2025-07-21 09:00:00
124.0,107.854996,2025-07-21 10:00:00
89.0,129.36246,2025-07-21 10:00:00
125.0,129.87074,2025-07-21 10:00:00
101.0,215.91512,2025-07-21 10:00:00
114.0,201.92108,2025-07-21 11:00:00
139.0,123.724915,2025-07-21 11:00:00
96.0,120.02276,2025-07-21 11:00:00
178.0,110.12927,2025-07-21 11:00:00
199.0,194.33989,2025-07-21 12:00:00
96.0,106.87213,2025-07-21 12:00:00
155.0,124.18818,2025-07-21 12:00:00
146.0,105.40958,2025-07-21 12:00:00
221.0,184.24928,2025-07-21 13:00:00
149.0,112.98552,2025-07-21 13:00:00
96.0,118.217476,2025-07-21 13:00:00
134.0,92.125,2025-07-21 13:00:00
80.0,116.83556,2025-07-21 14:00:00
123.0,90.20788,2025-07-21 14:00:00
164.0,113.20871,2025-07-21 14:00:00
119.0,175.2644,2025-07-21 14:00:00
111.0,75.49082,2025-07-21 15:00:00
91.0,114.55784,2025-07-21 15:00:00
83.0,187.54979,2025-07-21 15:00:00
153.0,107.65821,2025-07-21 15:00:00
91.0,91.59193,2025-07-21 16:00:00
125.0,84.50447,2025-07-21 16:00:00
128.0,200.00597,2025-07-21 16:00:00
153.0,105.01036,2025-07-21 16:00:00
103.0,97.33737,2025-07-21 17:00:00
149.0,116.61895,2025-07-21 17:00:00
127.0,85.76298,2025-07-21 17:00:00
128.0,187.23718,2025-07-21 17:00:00
160.0,104.29112,2025-07-21 18:00:00
127.0,181.27866,2025-07-21 18:00:00
146.0,90.3538,2025-07-21 18:00:00
102.0,88.78134,2025-07-21 18:00:00
182.0,123.902916,2025-07-21 19:00:00
123.0,183.41376,2025-07-21 19:00:00
151.0,98.81714,2025-07-21 19:00:00
119.0,94.03104,2025-07-21 19:00:00
226.0,131.63951,2025-07-21 20:00:00
183.0,186.58528,2025-07-21 20:00:00
133.0,94.829666,2025-07-21 20:00:00
166.0,96.93612,2025-07-21 20:00:00
161.0,105.30316,2025-07-21 21:00:00
238.0,150.62837,2025-07-21 21:00:00
221.0,200.12733,2025-07-21 21:00:00
149.0,106.570656,2025-07-21 21:00:00
95.0,52.130688,2025-07-21 21:00:00
100.0,49.272614,2025-07-21 22:00:00
185.0,110.53051,2025-07-21 22:00:00
217.0,145.61818,2025-07-21 22:00:00
151.0,123.41966,2025-07-21 22:00:00
254.0,213.71768,2025-07-21 22:00:00
161.0,108.74888,2025-07-21 23:00:00
179.0,116.23509,2025-07-21 23:00:00
263.0,219.28914,2025-07-21 23:00:00
233.0,142.10815,2025-07-21 23:00:00
92.33333333333331,48.30702,2025-07-21 23:00:00
102.25,46.51521,2025-07-22 00:00:00
273.0,112.243805,2025-07-22 00:00:00
150.0,106.710144,2025-07-22 00:00:00
171.0,108.179146,2025-07-22 00:00:00
368.0,191.31227,2025-07-22 00:00:00
146.0,107.47996,2025-07-22 01:00:00
257.0,186.84659,2025-07-22 01:00:00
93.0,37.691864,2025-07-22 01:00:00
146.0,113.76444,2025-07-22 01:00:00
174.0,103.44439,2025-07-22 01:00:00
117.0,119.03644,2025-07-22 02:00:00
167.0,94.34056,2025-07-22 02:00:00
87.5,46.17829,2025-07-22 02:00:00
152.0,95.89311,2025-07-22 02:00:00
239.0,174.20697,2025-07-22 02:00:00
89.0,51.940998,2025-07-22 03:00:00
167.0,102.165695,2025-07-22 03:00:00
173.0,161.00703,2025-07-22 03:00:00
156.0,96.05862,2025-07-22 03:00:00
101.0,92.136314,2025-07-22 03:00:00
108.0,87.76317,2025-07-22 04:00:00
79.0,50.101578,2025-07-22 04:00:00
158.0,91.3384,2025-07-22 04:00:00
138.0,98.023056,2025-07-22 04:00:00
134.0,163.87758,2025-07-22 04:00:00
82.0,48.89919,2025-07-22 05:00:00
133.0,79.61068,2025-07-22 05:00:00
125.0,89.62675,2025-07-22 05:00:00
153.0,157.18259,2025-07-22 05:00:00
129.0,87.23198,2025-07-22 05:00:00
108.0,97.62805,2025-07-22 06:00:00
194.0,168.2728,2025-07-22 06:00:00
134.0,89.0432,2025-07-22 06:00:00
107.5,48.552055,2025-07-22 06:00:00
118.0,80.95827,2025-07-22 06:00:00
128.0,121.5055,2025-07-22 07:00:00
136.0,105.18592,2025-07-22 07:00:00
200.0,177.11865,2025-07-22 07:00:00
83.0,88.236206,2025-07-22 07:00:00
106.0,62.746548,2025-07-22 07:00:00
87.0,60.335888,2025-07-22 08:00:00
147.0,146.42717,2025-07-22 08:00:00
86.0,98.5766,2025-07-22 08:00:00
130.0,97.67146,2025-07-22 08:00:00
227.0,156.74483,2025-07-22 08:00:00
124.0,101.48078,2025-07-22 09:00:00
114.0,116.70483,2025-07-22 09:00:00
83.25,66.456505,2025-07-22 09:00:00
227.0,150.05998,2025-07-22 09:00:00
194.0,153.23174,2025-07-22 09:00:00
173.0,159.30742,2025-07-22 10:00:00
179.0,110.87693,2025-07-22 10:00:00
79.25,60.751007,2025-07-22 10:00:00
152.0,125.14004,2025-07-22 10:00:00
113.0,137.40414,2025-07-22 10:00:00
169.0,102.97542,2025-07-22 11:00:00
133.0,113.86472,2025-07-22 11:00:00
72.0,63.62245,2025-07-22 11:00:00
158.0,182.60895,2025-07-22 11:00:00
111.0,137.5484,2025-07-22 11:00:00
96.0,89.559265,2025-07-22 12:00:00
133.0,123.12725,2025-07-22 12:00:00
196.0,102.808624,2025-07-22 12:00:00
72.25,57.277985,2025-07-22 12:00:00
152.0,144.77391,2025-07-22 12:00:00
169.0,101.45832,2025-07-22 13:00:00
85.0,92.60845,2025-07-22 13:00:00
173.0,153.33734,2025-07-22 13:00:00
61.5,54.856537,2025-07-22 13:00:00
196.0,123.97333,2025-07-22 13:00:00
147.0,139.42786,2025-07-22 14:00:00
158.0,110.842316,2025-07-22 14:00:00
149.0,162.47649,2025-07-22 14:00:00
66.0,51.88491,2025-07-22 14:00:00
83.0,101.43041,2025-07-22 14:00:00
218.0,141.99342,2025-07-22 15:00:00
64.25,54.207348,2025-07-22 15:00:00
116.25,128.12395,2025-07-22 15:00:00
86.0,94.89527,2025-07-22 15:00:00
160.0,110.71728,2025-07-22 15:00:00
62.75,72.691124,2025-07-22 16:00:00
321.0,145.05429,2025-07-22 16:00:00
105.25,122.91226,2025-07-22 16:00:00
86.0,104.32031,2025-07-22 16:00:00
133.0,107.0362,2025-07-22 16:00:00
321.0,146.27097,2025-07-22 17:00:00
96.75,120.05469,2025-07-22 17:00:00
114.0,114.592,2025-07-22 17:00:00
84.0,100.710434,2025-07-22 17:00:00
61.5,65.25871,2025-07-22 17:00:00
114.0,121.1943,2025-07-22 18:00:00
60.5,55.413662,2025-07-22 18:00:00
79.0,97.76275,2025-07-22 18:00:00
104.5,83.93351,2025-07-22 18:00:00
321.0,135.64828,2025-07-22 18:00:00
59.75,57.254833,2025-07-22 19:00:00
114.0,90.77829,2025-07-22 19:00:00
321.0,169.83287,2025-07-22 19:00:00
129.0,117.00685,2025-07-22 19:00:00
78.0,91.27582,2025-07-22 19:00:00
92.75,109.501526,2025-07-22 20:00:00
53.25,55.053295,2025-07-22 20:00:00
138.0,136.25972,2025-07-22 20:00:00
34.0,89.61573,2025-07-22 20:00:00
55.25,60.66574,2025-07-22 21:00:00
96.0,143.87772,2025-07-22 21:00:00
30.0,117.04068,2025-07-22 21:00:00
69.25,102.14365,2025-07-22 21:00:00
53.0,119.74307,2025-07-22 22:00:00
64.25,61.393696,2025-07-22 22:00:00
218.0,130.43556,2025-07-22 22:00:00
70.0,104.45002,2025-07-22 22:00:00
232.0,124.97301,2025-07-22 23:00:00
73.66666666666667,56.663868,2025-07-22 23:00:00
63.0,114.798836,2025-07-22 23:00:00
77.25,108.945206,2025-07-22 23:00:00
91.0,61.018143,2025-07-23 00:00:00
148.75,117.23869,2025-07-23 00:00:00
188.0,103.89306,2025-07-23 00:00:00
112.0,122.691246,2025-07-23 00:00:00
24.0,117.85005,2025-07-23 01:00:00
171.0,114.26524,2025-07-23 01:00:00
64.25,69.3885,2025-07-23 01:00:00
148.75,110.802765,2025-07-23 01:00:00
31.0,66.344536,2025-07-23 02:00:00
46.0,122.6601,2025-07-23 02:00:00
25.0,106.963234,2025-07-23 02:00:00
148.75,106.523735,2025-07-23 02:00:00
61.0,110.70968,2025-07-23 03:00:00
28.0,108.139114,2025-07-23 03:00:00
46.0,104.58518,2025-07-23 03:00:00
25.75,65.13292,2025-07-23 03:00:00
41.0,89.98884,2025-07-23 04:00:00
27.5,62.68728,2025-07-23 04:00:00
16.0,99.64461,2025-07-23 04:00:00
33.0,103.1969,2025-07-23 04:00:00
35.75,57.19648,2025-07-23 05:00:00
31.0,69.76827,2025-07-23 05:00:00
27.0,92.71164,2025-07-23 05:00:00
30.0,80.63339,2025-07-23 05:00:00
41.0,100.67205,2025-07-23 06:00:00
38.0,76.99195,2025-07-23 06:00:00
33.0,109.93367,2025-07-23 06:00:00
56.25,66.315125,2025-07-23 06:00:00
53.0,104.68486,2025-07-23 07:00:00
38.0,89.077965,2025-07-23 07:00:00
47.0,114.66335,2025-07-23 07:00:00
55.5,61.180767,2025-07-23 07:00:00
63.0,94.89157,2025-07-23 08:00:00
47.5,56.32286,2025-07-23 08:00:00
61.0,128.41467,2025-07-23 08:00:00
31.0,111.89029,2025-07-23 08:00:00
62.0,50.758057,2025-07-23 09:00:00
57.0,95.1391,2025-07-23 09:00:00
72.0,135.96501,2025-07-23 09:00:00
31.0,116.05946,2025-07-23 09:00:00
70.0,52.87542,2025-07-23 10:00:00
64.0,102.68864,2025-07-23 10:00:00
44.0,103.50108,2025-07-23 10:00:00
84.0,116.34241,2025-07-23 10:00:00
89.0,112.36764,2025-07-23 11:00:00
103.0,104.37446,2025-07-23 11:00:00
42.0,95.842224,2025-07-23 11:00:00
68.25,52.697697,2025-07-23 11:00:00
79.75,52.1451,2025-07-23 12:00:00
125.0,107.495415,2025-07-23 12:00:00
78.0,88.64078,2025-07-23 12:00:00
39.0,98.743286,2025-07-23 12:00:00
61.5,59.01033,2025-07-23 13:00:00
141.0,121.3465,2025-07-23 13:00:00
90.0,91.86174,2025-07-23 13:00:00
33.0,102.49895,2025-07-23 13:00:00
45.0,100.12728,2025-07-23 14:00:00
85.0,92.23544,2025-07-23 14:00:00
43.5,55.71048,2025-07-23 14:00:00
96.0,115.375404,2025-07-23 14:00:00
96.0,117.17306,2025-07-23 15:00:00
85.0,84.39865,2025-07-23 15:00:00
57.0,121.588905,2025-07-23 15:00:00
33.75,64.6332,2025-07-23 15:00:00
121.0,123.60227,2025-07-23 16:00:00
35.75,57.325886,2025-07-23 16:00:00
51.0,114.074066,2025-07-23 16:00:00
91.0,87.30006,2025-07-23 16:00:00
160.0,115.51365,2025-07-23 17:00:00
48.0,99.97733,2025-07-23 17:00:00
44.0,89.2006,2025-07-23 17:00:00
46.5,59.321983,2025-07-23 17:00:00
50.0,95.877,2025-07-23 18:00:00
55.0,92.897644,2025-07-23 18:00:00
53.5,61.84788,2025-07-23 18:00:00
127.0,113.955864,2025-07-23 18:00:00
153.0,123.980125,2025-07-23 19:00:00
49.5,66.69022,2025-07-23 19:00:00
50.0,104.05358,2025-07-23 19:00:00
79.0,108.64579,2025-07-23 19:00:00
110.0,185.45782,2025-07-23 20:00:00
48.75,68.37181,2025-07-23 20:00:00
178.0,149.6329,2025-07-23 20:00:00
56.0,113.123665,2025-07-23 20:00:00
88.0,105.773895,2025-07-23 20:00:00
193.0,149.31355,2025-07-23 21:00:00
70.0,116.97954,2025-07-23 21:00:00
53.5,62.23088,2025-07-23 21:00:00
92.0,114.48028,2025-07-23 21:00:00
304.0,182.0509,2025-07-23 21:00:00
119.0,147.3746,2025-07-23 22:00:00
55.75,67.9832,2025-07-23 22:00:00
103.0,107.62424,2025-07-23 22:00:00
315.0,190.5011,2025-07-23 22:00:00
101.0,114.35909,2025-07-23 22:00:00
228.0,194.34344,2025-07-23 23:00:00
119.0,155.48256,2025-07-23 23:00:00
53.333333333333336,71.34056,2025-07-23 23:00:00
86.0,114.400696,2025-07-23 23:00:00
88.0,127.95661,2025-07-23 23:00:00
166.0,159.9611,2025-07-24 00:00:00
83.0,111.8694,2025-07-24 00:00:00
60.5,60.24858,2025-07-24 00:00:00
117.0,136.67905,2025-07-24 00:00:00
89.0,113.927246,2025-07-24 00:00:00
62.5,52.967194,2025-07-24 01:00:00
129.0,109.84076,2025-07-24 01:00:00
80.0,114.69376,2025-07-24 01:00:00
222.0,154.93056,2025-07-24 01:00:00
103.0,126.230934,2025-07-24 01:00:00
100.0,109.92783,2025-07-24 02:00:00
111.0,107.64067,2025-07-24 02:00:00
239.0,160.20804,2025-07-24 02:00:00
81.0,118.739075,2025-07-24 02:00:00
59.0,48.468437,2025-07-24 02:00:00
97.0,103.94484,2025-07-24 03:00:00
75.0,94.84638,2025-07-24 03:00:00
72.0,101.72192,2025-07-24 03:00:00
211.0,148.9591,2025-07-24 03:00:00
64.5,43.99252,2025-07-24 03:00:00
121.0,98.12093,2025-07-24 04:00:00
72.0,96.58801,2025-07-24 04:00:00
230.0,125.088104,2025-07-24 04:00:00
86.25,42.4575,2025-07-24 04:00:00
79.0,85.43442,2025-07-24 04:00:00
230.0,119.9492,2025-07-24 05:00:00
89.0,84.14932,2025-07-24 05:00:00
107.0,86.17802,2025-07-24 05:00:00
79.0,86.75672,2025-07-24 05:00:00
83.75,48.89377,2025-07-24 05:00:00
90.0,92.04438,2025-07-24 06:00:00
68.0,83.6914,2025-07-24 06:00:00
85.0,100.87478,2025-07-24 06:00:00
230.0,128.41649,2025-07-24 06:00:00
45.75,56.38813,2025-07-24 06:00:00
95.0,111.34689,2025-07-24 07:00:00
230.0,140.43384,2025-07-24 07:00:00
48.0,109.189514,2025-07-24 07:00:00
42.5,60.95505,2025-07-24 07:00:00
68.0,91.83795,2025-07-24 07:00:00
96.0,116.113525,2025-07-24 08:00:00
35.25,64.37135,2025-07-24 08:00:00
29.0,95.83258,2025-07-24 08:00:00
36.0,110.84959,2025-07-24 08:00:00
39.0,104.67077,2025-07-24 09:00:00
51.0,103.95922,2025-07-24 09:00:00
30.0,67.29223,2025-07-24 09:00:00
85.0,146.42336,2025-07-24 09:00:00
39.0,94.602516,2025-07-24 10:00:00
86.0,121.47562,2025-07-24 10:00:00
28.75,63.384888,2025-07-24 10:00:00
59.0,107.95909,2025-07-24 10:00:00
44.0,101.34522,2025-07-24 11:00:00
31.75,59.363464,2025-07-24 11:00:00
103.0,109.104576,2025-07-24 11:00:00
81.0,122.28608,2025-07-24 11:00:00
63.0,100.90933,2025-07-24 12:00:00
36.25,61.662136,2025-07-24 12:00:00
31.0,115.90316,2025-07-24 12:00:00
89.0,117.99531,2025-07-24 12:00:00
40.75,74.08059,2025-07-24 13:00:00
34.0,93.12343,2025-07-24 13:00:00
90.0,110.83596,2025-07-24 13:00:00
57.0,115.44423,2025-07-24 13:00:00
85.0,106.50688,2025-07-24 14:00:00
38.75,56.162785,2025-07-24 14:00:00
39.0,96.79226,2025-07-24 14:00:00
55.0,106.6482,2025-07-24 14:00:00
50.0,122.03516,2025-07-24 15:00:00
92.0,112.865616,2025-07-24 15:00:00
38.5,72.39531,2025-07-24 15:00:00
46.0,103.89011,2025-07-24 15:00:00
56.0,103.63014,2025-07-24 16:00:00
35.25,84.854324,2025-07-24 16:00:00
84.0,104.55687,2025-07-24 16:00:00
53.0,108.05715,2025-07-24 16:00:00
83.0,105.617165,2025-07-24 17:00:00
67.0,119.99134,2025-07-24 17:00:00
64.0,97.138664,2025-07-24 17:00:00
38.75,83.21625,2025-07-24 17:00:00
73.0,109.554924,2025-07-24 18:00:00
95.0,194.05579,2025-07-24 18:00:00
44.5,59.28683,2025-07-24 18:00:00
68.0,100.415504,2025-07-24 18:00:00
84.0,113.57375,2025-07-24 18:00:00
81.0,128.56305,2025-07-24 19:00:00
88.0,112.20049,2025-07-24 19:00:00
47.5,61.330708,2025-07-24 19:00:00
111.0,125.90073,2025-07-24 19:00:00
92.0,193.95995,2025-07-24 19:00:00
140.0,149.9336,2025-07-24 20:00:00
46.5,65.433136,2025-07-24 20:00:00
92.0,242.1888,2025-07-24 20:00:00
80.0,121.52031,2025-07-24 20:00:00
86.0,127.192116,2025-07-24 20:00:00
70.0,137.86626,2025-07-24 21:00:00
118.0,194.51797,2025-07-24 21:00:00
49.5,83.966606,2025-07-24 21:00:00
95.0,233.89265,2025-07-24 21:00:00
88.0,135.78072,2025-07-24 21:00:00
56.0,144.5679,2025-07-24 22:00:00
105.0,154.20134,2025-07-24 22:00:00
97.0,249.63501,2025-07-24 22:00:00
50.5,85.2672,2025-07-24 22:00:00
55.0,131.77249,2025-07-24 22:00:00
45.333333333333336,79.79689,2025-07-24 23:00:00
83.0,131.7085,2025-07-24 23:00:00
42.0,135.57216,2025-07-24 23:00:00
96.0,146.53978,2025-07-24 23:00:00
102.0,208.28723,2025-07-24 23:00:00
48.0,123.88646,2025-07-25 00:00:00
39.75,86.05856,2025-07-25 00:00:00
51.0,131.33989,2025-07-25 00:00:00
81.0,151.09557,2025-07-25 00:00:00
79.0,134.4699,2025-07-25 00:00:00
81.0,149.43576,2025-07-25 01:00:00
61.0,117.21023,2025-07-25 01:00:00
67.0,140.11394,2025-07-25 01:00:00
34.0,73.29307,2025-07-25 01:00:00
46.0,130.05098,2025-07-25 01:00:00
50.0,119.127335,2025-07-25 02:00:00
58.0,99.33512,2025-07-25 02:00:00
79.0,103.56103,2025-07-25 02:00:00
79.0,149.72787,2025-07-25 02:00:00
36.0,65.1118,2025-07-25 02:00:00
84.0,107.340324,2025-07-25 03:00:00
43.0,60.43175,2025-07-25 03:00:00
72.0,109.28427,2025-07-25 03:00:00
34.0,121.61635,2025-07-25 03:00:00
53.0,106.84574,2025-07-25 03:00:00
70.0,180.41333,2025-07-25 04:00:00
46.0,90.52155,2025-07-25 04:00:00
42.25,56.282852,2025-07-25 04:00:00
36.0,112.50562,2025-07-25 04:00:00
47.0,101.210434,2025-07-25 04:00:00
57.0,109.816154,2025-07-25 05:00:00
43.75,48.527153,2025-07-25 05:00:00
50.0,86.27538,2025-07-25 05:00:00
27.0,99.91344,2025-07-25 05:00:00
67.0,188.944,2025-07-25 05:00:00
54.0,48.005424,2025-07-25 06:00:00
41.0,104.445656,2025-07-25 06:00:00
50.0,79.03041,2025-07-25 06:00:00
74.0,102.99211,2025-07-25 06:00:00
72.0,188.6114,2025-07-25 06:00:00
57.5,51.07712,2025-07-25 07:00:00
39.0,86.27322,2025-07-25 07:00:00
48.0,121.52076,2025-07-25 07:00:00
84.0,191.67332,2025-07-25 07:00:00
105.0,121.31238,2025-07-25 07:00:00
57.25,54.186047,2025-07-25 08:00:00
100.0,161.47589,2025-07-25 08:00:00
75.0,105.45056,2025-07-25 08:00:00
67.0,118.76102,2025-07-25 08:00:00
151.0,129.43826,2025-07-25 08:00:00
58.0,130.11523,2025-07-25 09:00:00
85.0,113.66432,2025-07-25 09:00:00
124.0,148.18913,2025-07-25 09:00:00
56.0,54.78704,2025-07-25 09:00:00
251.0,155.38818,2025-07-25 09:00:00
63.0,106.80987,2025-07-25 10:00:00
255.0,139.92172,2025-07-25 10:00:00
113.0,148.79126,2025-07-25 10:00:00
129.0,135.40004,2025-07-25 10:00:00
58.0,83.36495,2025-07-25 10:00:00
61.0,120.34557,2025-07-25 11:00:00
194.0,121.39403,2025-07-25 11:00:00
128.0,153.0923,2025-07-25 11:00:00
196.0,151.2016,2025-07-25 11:00:00
52.0,71.15632,2025-07-25 11:00:00
54.0,69.71861,2025-07-25 12:00:00
146.0,120.827614,2025-07-25 12:00:00
211.0,156.84898,2025-07-25 12:00:00
78.0,135.61523,2025-07-25 12:00:00
200.0,141.84683,2025-07-25 12:00:00
117.0,121.92152,2025-07-25 13:00:00
124.0,160.87358,2025-07-25 13:00:00
91.0,134.33128,2025-07-25 13:00:00
94.0,136.03734,2025-07-25 13:00:00
60.75,71.014885,2025-07-25 13:00:00
91.0,66.06809,2025-07-25 14:00:00
83.0,124.06488,2025-07-25 14:00:00
150.0,151.30228,2025-07-25 14:00:00
141.0,119.60848,2025-07-25 14:00:00
84.0,131.80592,2025-07-25 14:00:00
90.0,104.31272,2025-07-25 15:00:00
174.0,130.76933,2025-07-25 15:00:00
98.75,65.96995,2025-07-25 15:00:00
124.0,118.03035,2025-07-25 15:00:00
175.0,164.93654,2025-07-25 15:00:00
83.75,84.1693,2025-07-25 16:00:00
113.0,131.82695,2025-07-25 16:00:00
117.0,99.72755,2025-07-25 16:00:00
92.0,114.44808,2025-07-25 16:00:00
138.0,169.99496,2025-07-25 16:00:00
72.0,107.84743,2025-07-25 17:00:00
72.0,136.03119,2025-07-25 17:00:00
183.0,185.53369,2025-07-25 17:00:00
61.0,114.354576,2025-07-25 17:00:00
63.25,84.472466,2025-07-25 17:00:00
169.0,148.9251,2025-07-25 18:00:00
73.25,69.875,2025-07-25 18:00:00
72.0,95.96459,2025-07-25 18:00:00
96.0,100.75543,2025-07-25 18:00:00
61.0,118.569824,2025-07-25 18:00:00
102.0,157.84804,2025-07-25 19:00:00
111.0,108.00134,2025-07-25 19:00:00
91.0,102.496925,2025-07-25 19:00:00
108.0,128.39806,2025-07-25 19:00:00
85.0,60.215534,2025-07-25 19:00:00
110.0,169.19621,2025-07-25 20:00:00
96.25,67.843994,2025-07-25 20:00:00
113.0,116.42057,2025-07-25 20:00:00
101.0,107.732635,2025-07-25 20:00:00
133.0,109.24995,2025-07-25 21:00:00
129.0,160.34027,2025-07-25 21:00:00
97.0,121.086586,2025-07-25 21:00:00
67.25,59.17448,2025-07-25 21:00:00
64.0,103.47589,2025-07-25 22:00:00
92.0,145.20337,2025-07-25 22:00:00
101.0,149.42342,2025-07-25 22:00:00
59.25,72.69719,2025-07-25 22:00:00
44.5,61.239094,2025-07-25 23:00:00
64.0,118.67809,2025-07-25 23:00:00
59.0,146.2373,2025-07-25 23:00:00
42.0,136.19498,2025-07-25 23:00:00
64.0,110.227585,2025-07-26 00:00:00
74.0,123.84839,2025-07-26 00:00:00
53.0,148.51128,2025-07-26 00:00:00
46.0,69.80556,2025-07-26 00:00:00
47.0,152.72476,2025-07-26 01:00:00
63.0,102.335686,2025-07-26 01:00:00
53.25,58.28261,2025-07-26 01:00:00
64.0,112.34169,2025-07-26 01:00:00
78.0,110.61091,2025-07-26 02:00:00
68.0,107.562294,2025-07-26 02:00:00
57.0,108.91428,2025-07-26 02:00:00
49.0,58.673176,2025-07-26 02:00:00
84.0,96.7399,2025-07-26 03:00:00
57.0,78.88072,2025-07-26 03:00:00
48.0,98.944626,2025-07-26 03:00:00
51.5,53.6324,2025-07-26 03:00:00
46.0,52.657608,2025-07-26 04:00:00
50.0,76.853935,2025-07-26 04:00:00
70.0,87.84261,2025-07-26 04:00:00
24.0,71.683136,2025-07-26 04:00:00
72.0,81.684296,2025-07-26 05:00:00
35.0,69.577515,2025-07-26 05:00:00
42.0,50.250717,2025-07-26 05:00:00
50.0,69.11693,2025-07-26 05:00:00
50.0,66.66717,2025-07-26 06:00:00
68.0,79.57155,2025-07-26 06:00:00
47.0,44.845596,2025-07-26 06:00:00
50.0,82.57544,2025-07-26 06:00:00
123.0,88.0569,2025-07-26 07:00:00
50.0,78.26566,2025-07-26 07:00:00
46.75,45.142307,2025-07-26 07:00:00
53.0,98.83647,2025-07-26 07:00:00
47.0,102.71824,2025-07-26 08:00:00
63.75,48.04558,2025-07-26 08:00:00
119.0,108.26088,2025-07-26 08:00:00
62.0,56.173656,2025-07-26 09:00:00
68.0,88.260826,2025-07-26 09:00:00
47.0,102.34322,2025-07-26 09:00:00
41.0,113.52805,2025-07-26 09:00:00
41.0,115.58218,2025-07-26 10:00:00
33.0,106.64446,2025-07-26 10:00:00
45.0,94.413795,2025-07-26 10:00:00
38.0,53.43892,2025-07-26 10:00:00
24.0,130.86925,2025-07-26 11:00:00
78.0,81.25593,2025-07-26 11:00:00
52.0,101.25985,2025-07-26 11:00:00
14.0,48.716587,2025-07-26 11:00:00
35.0,89.03703,2025-07-26 12:00:00
24.0,90.288185,2025-07-26 12:00:00
24.0,113.08556,2025-07-26 12:00:00
22.0,48.692303,2025-07-26 12:00:00
9.0,81.940575,2025-07-26 13:00:00
35.25,40.77017,2025-07-26 13:00:00
25.0,98.6256,2025-07-26 13:00:00
22.0,90.55951,2025-07-26 13:00:00
25.0,94.248726,2025-07-26 14:00:00
9.0,75.98662,2025-07-26 14:00:00
39.0,78.234764,2025-07-26 14:00:00
37.5,41.852642,2025-07-26 14:00:00
34.75,48.655674,2025-07-26 15:00:00
74.0,97.79719,2025-07-26 15:00:00
9.0,69.49498,2025-07-26 15:00:00
38.0,90.18199,2025-07-26 15:00:00
45.0,94.60214,2025-07-26 16:00:00
78.0,103.557465,2025-07-26 16:00:00
41.25,44.699177,2025-07-26 16:00:00
9.0,63.74461,2025-07-26 16:00:00
40.25,40.04966,2025-07-26 17:00:00
51.0,93.066826,2025-07-26 17:00:00
36.0,61.19048,2025-07-26 17:00:00
78.0,113.120476,2025-07-26 17:00:00
52.25,42.21932,2025-07-26 18:00:00
46.0,90.08843,2025-07-26 18:00:00
108.0,74.01222,2025-07-26 18:00:00
107.0,125.45867,2025-07-26 18:00:00
101.0,121.83434,2025-07-26 19:00:00
85.0,89.20031,2025-07-26 19:00:00
74.25,48.404896,2025-07-26 19:00:00
58.0,110.87968,2025-07-26 19:00:00
61.0,142.72992,2025-07-26 20:00:00
91.0,123.036995,2025-07-26 20:00:00
88.0,94.31065,2025-07-26 20:00:00
107.0,110.43475,2025-07-26 20:00:00
61.75,56.473133,2025-07-26 20:00:00
107.0,135.51465,2025-07-26 21:00:00
60.75,53.229797,2025-07-26 21:00:00
88.0,205.02052,2025-07-26 21:00:00
125.0,128.15439,2025-07-26 21:00:00
58.0,101.48274,2025-07-26 21:00:00
92.0,259.88184,2025-07-26 22:00:00
117.0,112.29687,2025-07-26 22:00:00
52.0,98.70947,2025-07-26 22:00:00
75.0,148.78896,2025-07-26 22:00:00
57.75,58.684322,2025-07-26 22:00:00
52.0,102.35249,2025-07-26 23:00:00
49.0,57.75569,2025-07-26 23:00:00
68.0,141.9895,2025-07-26 23:00:00
90.0,116.91892,2025-07-26 23:00:00
73.0,261.36343,2025-07-26 23:00:00
32.0,62.588924,2025-07-27 00:00:00
61.0,110.96825,2025-07-27 00:00:00
97.0,131.1268,2025-07-27 00:00:00
80.0,225.6963,2025-07-27 00:00:00
51.0,106.97028,2025-07-27 00:00:00
77.0,105.332375,2025-07-27 01:00:00
51.0,86.96435,2025-07-27 01:00:00
51.0,102.32335,2025-07-27 01:00:00
75.0,190.70914,2025-07-27 01:00:00
27.0,50.269207,2025-07-27 01:00:00
27.75,45.83205,2025-07-27 02:00:00
42.0,89.576126,2025-07-27 02:00:00
51.0,93.33962,2025-07-27 02:00:00
29.0,210.50671,2025-07-27 02:00:00
41.0,101.67827,2025-07-27 02:00:00
51.0,91.51204,2025-07-27 03:00:00
24.0,42.165417,2025-07-27 03:00:00
48.0,216.17612,2025-07-27 03:00:00
41.0,95.49993,2025-07-27 03:00:00
141.0,76.241806,2025-07-27 03:00:00
53.0,210.18008,2025-07-27 04:00:00
141.0,65.34275,2025-07-27 04:00:00
31.0,38.251392,2025-07-27 04:00:00
31.0,105.1517,2025-07-27 04:00:00
47.0,84.22994,2025-07-27 04:00:00
39.0,187.08481,2025-07-27 05:00:00
34.0,42.781673,2025-07-27 05:00:00
141.0,62.82542,2025-07-27 05:00:00
40.0,96.44242,2025-07-27 05:00:00
46.0,78.88628,2025-07-27 05:00:00
41.0,106.235985,2025-07-27 06:00:00
45.0,222.11028,2025-07-27 06:00:00
141.0,62.479946,2025-07-27 06:00:00
55.0,79.46179,2025-07-27 06:00:00
37.75,44.558434,2025-07-27 06:00:00
72.0,93.86675,2025-07-27 07:00:00
69.0,121.557556,2025-07-27 07:00:00
40.5,44.997738,2025-07-27 07:00:00
72.0,211.77751,2025-07-27 07:00:00
49.0,43.333096,2025-07-27 08:00:00
96.0,102.38045,2025-07-27 08:00:00
88.0,99.171135,2025-07-27 08:00:00
85.0,106.00382,2025-07-27 09:00:00
55.0,48.395683,2025-07-27 09:00:00
89.0,99.46145,2025-07-27 09:00:00
85.0,99.88937,2025-07-27 10:00:00
69.0,99.98738,2025-07-27 10:00:00
50.75,50.056595,2025-07-27 10:00:00
78.0,102.43357,2025-07-27 11:00:00
44.0,44.88629,2025-07-27 11:00:00
96.0,97.71456,2025-07-27 11:00:00
89.0,95.8988,2025-07-27 12:00:00
86.0,98.92519,2025-07-27 12:00:00
42.25,52.458065,2025-07-27 12:00:00
47.75,66.90218,2025-07-27 13:00:00
83.0,102.698586,2025-07-27 13:00:00
184.0,101.38013,2025-07-27 13:00:00
44.5,65.28079,2025-07-27 14:00:00
112.0,90.83113,2025-07-27 14:00:00
79.0,127.44879,2025-07-27 14:00:00
89.0,151.11781,2025-07-27 15:00:00
40.75,64.05291,2025-07-27 15:00:00
73.0,93.32191,2025-07-27 15:00:00
42.0,89.64479,2025-07-27 16:00:00
40.0,67.563194,2025-07-27 16:00:00
70.0,138.36165,2025-07-27 16:00:00
73.0,95.3375,2025-07-27 17:00:00
39.5,68.36543,2025-07-27 17:00:00
91.0,127.41554,2025-07-27 17:00:00
47.5,52.514442,2025-07-27 18:00:00
91.0,184.33885,2025-07-27 18:00:00
25.0,94.046265,2025-07-27 18:00:00
91.0,99.511,2025-07-27 18:00:00
91.0,106.54884,2025-07-27 19:00:00
91.0,205.40454,2025-07-27 19:00:00
86.0,77.01819,2025-07-27 19:00:00
51.0,53.130074,2025-07-27 19:00:00
24.0,107.87062,2025-07-27 19:00:00
38.0,128.92155,2025-07-27 20:00:00
69.0,174.84308,2025-07-27 20:00:00
41.0,111.991356,2025-07-27 20:00:00
41.5,57.09438,2025-07-27 20:00:00
51.0,85.942116,2025-07-27 20:00:00
40.25,62.641975,2025-07-27 21:00:00
41.0,108.29551,2025-07-27 21:00:00
75.0,166.46909,2025-07-27 21:00:00
41.0,119.637825,2025-07-27 21:00:00
34.0,97.436806,2025-07-27 21:00:00
55.0,69.93051,2025-07-27 22:00:00
33.0,92.67478,2025-07-27 22:00:00
39.0,118.09208,2025-07-27 22:00:00
33.0,109.24407,2025-07-27 22:00:00
73.0,161.03676,2025-07-27 22:00:00
34.0,108.643364,2025-07-27 23:00:00
33.0,86.27295,2025-07-27 23:00:00
42.66666666666666,77.93681,2025-07-27 23:00:00
36.0,110.17224,2025-07-27 23:00:00
55.0,217.29022,2025-07-27 23:00:00
20.25,63.462673,2025-07-28 00:00:00
14.0,180.79196,2025-07-28 00:00:00
36.0,107.54214,2025-07-28 00:00:00
56.0,93.42779,2025-07-28 00:00:00
33.0,92.250595,2025-07-28 00:00:00
27.0,89.47462,2025-07-28 01:00:00
36.0,103.008514,2025-07-28 01:00:00
17.5,60.909454,2025-07-28 01:00:00
33.0,94.14542,2025-07-28 01:00:00
22.0,189.62341,2025-07-28 01:00:00
22.0,75.79251,2025-07-28 02:00:00
17.25,46.48778,2025-07-28 02:00:00
36.0,107.223724,2025-07-28 02:00:00
38.0,158.048,2025-07-28 02:00:00
28.0,73.321655,2025-07-28 02:00:00
38.0,140.28839,2025-07-28 03:00:00
22.0,69.48589,2025-07-28 03:00:00
36.0,88.81479,2025-07-28 03:00:00
95.0,60.153454,2025-07-28 03:00:00
16.0,46.401814,2025-07-28 03:00:00
24.0,150.03732,2025-07-28 04:00:00
9.0,82.02462,2025-07-28 04:00:00
22.666666666666668,43.68668,2025-07-28 04:00:00
95.0,52.480076,2025-07-28 04:00:00
16.0,62.631577,2025-07-28 04:00:00
27.0,67.10138,2025-07-28 05:00:00
95.0,47.738953,2025-07-28 05:00:00
18.0,91.37309,2025-07-28 05:00:00
21.75,41.961235,2025-07-28 05:00:00
38.0,144.0045,2025-07-28 05:00:00
33.0,68.72631,2025-07-28 06:00:00
19.0,78.58775,2025-07-28 06:00:00
20.0,153.72343,2025-07-28 06:00:00
17.0,32.354565,2025-07-28 06:00:00
95.0,44.39338,2025-07-28 06:00:00
24.0,42.35279,2025-07-28 07:00:00
14.0,96.544495,2025-07-28 07:00:00
22.0,136.26917,2025-07-28 07:00:00
25.0,73.483284,2025-07-28 07:00:00
30.33333333333333,39.937157,2025-07-28 08:00:00
29.0,126.208115,2025-07-28 08:00:00
22.0,94.16382,2025-07-28 08:00:00
25.0,99.08798,2025-07-28 08:00:00
30.33333333333333,41.323853,2025-07-28 09:00:00
22.0,93.00381,2025-07-28 09:00:00
36.0,112.86518,2025-07-28 09:00:00
51.0,139.54149,2025-07-28 09:00:00
41.0,105.841194,2025-07-28 10:00:00
68.0,174.66461,2025-07-28 10:00:00
56.333333333333336,69.55158,2025-07-28 10:00:00
22.0,101.7296,2025-07-28 10:00:00
149.0,89.081764,2025-07-28 11:00:00
58.0,217.7166,2025-07-28 11:00:00
45.0,105.64198,2025-07-28 11:00:00
76.75,64.43461,2025-07-28 11:00:00
50.0,89.8665,2025-07-28 11:00:00
75.0,190.99745,2025-07-28 12:00:00
50.0,92.25276,2025-07-28 12:00:00
149.0,96.15597,2025-07-28 12:00:00
45.0,101.55667,2025-07-28 12:00:00
81.75,62.53268,2025-07-28 12:00:00
62.0,94.36814,2025-07-28 13:00:00
63.0,87.14858,2025-07-28 13:00:00
66.5,63.40748,2025-07-28 13:00:00
75.0,204.18451,2025-07-28 13:00:00
24.0,84.87362,2025-07-28 13:00:00
23.5,63.84552,2025-07-28 14:00:00
63.0,83.7188,2025-07-28 14:00:00
17.0,79.383995,2025-07-28 14:00:00
84.0,192.63211,2025-07-28 14:00:00
7.0,77.78654,2025-07-28 14:00:00
18.5,61.91768,2025-07-28 15:00:00
84.0,187.34563,2025-07-28 15:00:00
16.0,121.34535,2025-07-28 15:00:00
63.0,79.24226,2025-07-28 15:00:00
17.0,86.55147,2025-07-28 15:00:00
8.0,135.33018,2025-07-28 16:00:00
17.0,78.08878,2025-07-28 16:00:00
64.0,180.48538,2025-07-28 16:00:00
13.0,84.462135,2025-07-28 16:00:00
63.0,84.028824,2025-07-28 16:00:00
11.0,83.02131,2025-07-28 17:00:00
17.0,47.35826,2025-07-28 17:00:00
61.0,145.45084,2025-07-28 17:00:00
8.0,119.6249,2025-07-28 17:00:00
8.0,105.556145,2025-07-28 18:00:00
17.0,49.15523,2025-07-28 18:00:00
17.0,75.08929,2025-07-28 18:00:00
66.0,154.47943,2025-07-28 18:00:00
35.0,74.41711,2025-07-28 18:00:00
114.0,86.0258,2025-07-28 19:00:00
17.0,98.21405,2025-07-28 19:00:00
112.0,148.6334,2025-07-28 19:00:00
23.0,96.94334,2025-07-28 19:00:00
25.75,50.89749,2025-07-28 19:00:00
25.0,96.870926,2025-07-28 20:00:00
132.0,155.61281,2025-07-28 20:00:00
33.0,90.37457,2025-07-28 20:00:00
25.75,55.1335,2025-07-28 20:00:00
13.0,110.991806,2025-07-28 20:00:00
24.0,108.3352,2025-07-28 21:00:00
33.75,56.61109,2025-07-28 21:00:00
31.0,102.81049,2025-07-28 21:00:00
35.0,100.526054,2025-07-28 21:00:00
123.0,139.70836,2025-07-28 21:00:00
44.0,88.37486,2025-07-28 22:00:00
43.75,59.346832,2025-07-28 22:00:00
28.0,106.39439,2025-07-28 22:00:00
84.0,169.76003,2025-07-28 22:00:00
27.0,100.487495,2025-07-28 22:00:00
48.0,100.547264,2025-07-28 23:00:00
20.0,108.125496,2025-07-28 23:00:00
70.0,160.46596,2025-07-28 23:00:00
44.0,99.42516,2025-07-28 23:00:00
39.333333333333336,51.994877,2025-07-28 23:00:00
33.0,100.97866,2025-07-29 00:00:00
40.0,51.37916,2025-07-29 00:00:00
45.0,90.90312,2025-07-29 00:00:00
31.0,101.99355,2025-07-29 00:00:00
75.0,152.1604,2025-07-29 00:00:00
56.0,91.02656,2025-07-29 01:00:00
51.25,49.23468,2025-07-29 01:00:00
51.0,97.865814,2025-07-29 01:00:00
48.0,181.43684,2025-07-29 01:00:00
30.0,97.3735,2025-07-29 01:00:00
48.0,181.96124,2025-07-29 02:00:00
51.0,85.5166,2025-07-29 02:00:00
66.0,83.627045,2025-07-29 02:00:00
47.0,84.70435,2025-07-29 02:00:00
57.5,47.43942,2025-07-29 02:00:00
58.0,149.00786,2025-07-29 03:00:00
48.25,47.028088,2025-07-29 03:00:00
107.0,81.2847,2025-07-29 03:00:00
47.0,72.405525,2025-07-29 03:00:00
36.0,83.05527,2025-07-29 03:00:00
9.0,66.20913,2025-07-29 04:00:00
36.0,83.76539,2025-07-29 04:00:00
18.25,41.88447,2025-07-29 04:00:00
110.0,149.66924,2025-07-29 04:00:00
47.0,72.02002,2025-07-29 04:00:00
42.0,125.473305,2025-07-29 05:00:00
6.0,67.745476,2025-07-29 05:00:00
12.25,35.825592,2025-07-29 05:00:00
24.0,63.333263,2025-07-29 05:00:00
6.0,78.85204,2025-07-29 05:00:00
11.5,37.88004,2025-07-29 06:00:00
91.0,132.67645,2025-07-29 06:00:00
3.0,66.227325,2025-07-29 06:00:00
11.0,59.886356,2025-07-29 06:00:00
6.0,68.83234,2025-07-29 06:00:00
16.75,46.737335,2025-07-29 07:00:00
11.0,77.710075,2025-07-29 07:00:00
70.0,137.74559,2025-07-29 07:00:00
25.0,88.50472,2025-07-29 07:00:00
2.0,87.17065,2025-07-29 07:00:00
64.0,114.173096,2025-07-29 08:00:00
24.0,86.03828,2025-07-29 08:00:00
79.0,157.33899,2025-07-29 08:00:00
22.5,43.92682,2025-07-29 08:00:00
99.0,88.12675,2025-07-29 09:00:00
90.0,70.20192,2025-07-29 09:00:00
40.25,48.895638,2025-07-29 09:00:00
62.0,73.446144,2025-07-29 09:00:00
63.0,157.47588,2025-07-29 09:00:00
81.0,96.21977,2025-07-29 10:00:00
102.0,106.90865,2025-07-29 10:00:00
106.0,77.98566,2025-07-29 10:00:00
52.5,46.819363,2025-07-29 10:00:00
89.0,147.33708,2025-07-29 10:00:00
128.0,92.09957,2025-07-29 11:00:00
162.0,69.43178,2025-07-29 11:00:00
56.5,45.07718,2025-07-29 11:00:00
59.0,144.25856,2025-07-29 11:00:00
75.0,100.8668,2025-07-29 11:00:00
50.25,41.03167,2025-07-29 12:00:00
122.0,94.97601,2025-07-29 12:00:00
81.0,78.817986,2025-07-29 12:00:00
45.0,137.44249,2025-07-29 12:00:00
69.0,91.31875,2025-07-29 12:00:00
110.0,90.12474,2025-07-29 13:00:00
45.0,53.284977,2025-07-29 13:00:00
80.0,108.63374,2025-07-29 13:00:00
63.0,69.734344,2025-07-29 13:00:00
97.0,136.93123,2025-07-29 13:00:00
56.0,67.59391,2025-07-29 14:00:00
39.25,42.394894,2025-07-29 14:00:00
64.0,107.08042,2025-07-29 14:00:00
80.0,89.087494,2025-07-29 14:00:00
96.0,140.97041,2025-07-29 14:00:00
38.0,67.51221,2025-07-29 15:00:00
96.0,140.99623,2025-07-29 15:00:00
58.0,116.32384,2025-07-29 15:00:00
38.5,34.088715,2025-07-29 15:00:00
127.0,93.88141,2025-07-29 15:00:00
146.0,141.01987,2025-07-29 16:00:00
73.0,90.58125,2025-07-29 16:00:00
38.0,75.387215,2025-07-29 16:00:00
38.5,35.23675,2025-07-29 16:00:00
51.0,110.307144,2025-07-29 16:00:00
108.0,118.78396,2025-07-29 17:00:00
51.0,78.97262,2025-07-29 17:00:00
46.0,107.084366,2025-07-29 17:00:00
69.0,94.40644,2025-07-29 17:00:00
30.75,36.507114,2025-07-29 17:00:00
94.0,137.96507,2025-07-29 18:00:00
69.0,77.32675,2025-07-29 18:00:00
39.25,42.969,2025-07-29 18:00:00
63.0,93.25668,2025-07-29 18:00:00
80.0,85.43953,2025-07-29 18:00:00
55.0,74.44731,2025-07-29 19:00:00
41.5,41.0467,2025-07-29 19:00:00
80.0,118.545135,2025-07-29 19:00:00
67.0,96.8408,2025-07-29 19:00:00
116.0,93.76135,2025-07-29 19:00:00
58.0,93.84346,2025-07-29 20:00:00
64.0,111.73163,2025-07-29 20:00:00
73.0,97.81681,2025-07-29 20:00:00
39.25,36.969913,2025-07-29 20:00:00
91.0,122.73891,2025-07-29 20:00:00
30.5,43.73125,2025-07-29 21:00:00
90.0,97.83883,2025-07-29 21:00:00
45.0,123.47163,2025-07-29 21:00:00
72.0,117.09618,2025-07-29 21:00:00
53.0,99.28202,2025-07-29 21:00:00
78.0,85.51424,2025-07-29 22:00:00
35.0,152.36157,2025-07-29 22:00:00
33.25,47.39771,2025-07-29 22:00:00
89.0,100.62861,2025-07-29 22:00:00
83.0,122.51411,2025-07-29 22:00:00
38.0,45.311382,2025-07-29 23:00:00
22.0,87.14974,2025-07-29 23:00:00
75.0,90.52412,2025-07-29 23:00:00
80.0,141.51952,2025-07-29 23:00:00
84.0,117.50797,2025-07-29 23:00:00
88.0,102.92704,2025-07-30 00:00:00
56.0,85.22171,2025-07-30 00:00:00
99.0,127.0094,2025-07-30 00:00:00
105.0,82.86576,2025-07-30 00:00:00
34.25,38.71789,2025-07-30 00:00:00
80.0,81.75328,2025-07-30 01:00:00
33.75,39.960987,2025-07-30 01:00:00
101.0,111.57923,2025-07-30 01:00:00
70.0,95.74222,2025-07-30 01:00:00
88.0,85.61919,2025-07-30 01:00:00
129.0,90.04982,2025-07-30 02:00:00
48.0,93.44386,2025-07-30 02:00:00
80.0,79.94703,2025-07-30 02:00:00
33.75,36.903484,2025-07-30 02:00:00
163.0,114.199234,2025-07-30 02:00:00
133.0,91.6146,2025-07-30 03:00:00
22.75,33.24008,2025-07-30 03:00:00
47.0,62.382748,2025-07-30 03:00:00
111.0,94.577484,2025-07-30 03:00:00
75.0,73.57903,2025-07-30 03:00:00
121.0,92.48306,2025-07-30 04:00:00
28.0,32.950745,2025-07-30 04:00:00
68.0,77.66656,2025-07-30 04:00:00
52.0,76.53855,2025-07-30 04:00:00
67.0,72.454315,2025-07-30 04:00:00
130.0,84.77789,2025-07-30 05:00:00
58.0,77.34516,2025-07-30 05:00:00
111.0,64.86635,2025-07-30 05:00:00
56.0,82.690575,2025-07-30 05:00:00
30.25,33.640038,2025-07-30 05:00:00
78.0,69.35107,2025-07-30 06:00:00
41.0,32.27581,2025-07-30 06:00:00
55.0,76.65188,2025-07-30 06:00:00
111.0,103.54741,2025-07-30 06:00:00
89.0,80.69391,2025-07-30 06:00:00
52.5,37.7049,2025-07-30 07:00:00
96.0,118.88445,2025-07-30 07:00:00
64.0,91.84822,2025-07-30 07:00:00
223.0,76.72474,2025-07-30 07:00:00
84.0,109.55485,2025-07-30 08:00:00
89.0,112.65781,2025-07-30 08:00:00
204.0,95.718056,2025-07-30 08:00:00
50.75,36.69455,2025-07-30 08:00:00
105.0,119.43445,2025-07-30 09:00:00
86.0,116.424484,2025-07-30 09:00:00
45.75,36.98072,2025-07-30 09:00:00
169.0,93.33553,2025-07-30 09:00:00
158.0,90.33445,2025-07-30 10:00:00
112.0,124.92921,2025-07-30 10:00:00
99.0,99.96765,2025-07-30 10:00:00
51.5,37.67439,2025-07-30 10:00:00
102.0,122.737434,2025-07-30 11:00:00
112.0,126.85726,2025-07-30 11:00:00
53.25,36.517395,2025-07-30 11:00:00
160.0,83.132,2025-07-30 11:00:00
49.5,36.58638,2025-07-30 12:00:00
182.0,120.87202,2025-07-30 12:00:00
88.0,110.85744,2025-07-30 12:00:00
134.0,97.35614,2025-07-30 12:00:00
83.0,99.46224,2025-07-30 13:00:00
96.0,102.84691,2025-07-30 13:00:00
46.5,34.370148,2025-07-30 13:00:00
160.0,119.20996,2025-07-30 13:00:00
114.0,93.73833,2025-07-30 14:00:00
136.0,103.988106,2025-07-30 14:00:00
89.0,69.08955,2025-07-30 14:00:00
41.5,36.44782,2025-07-30 14:00:00
119.0,87.18891,2025-07-30 15:00:00
96.0,69.91901,2025-07-30 15:00:00
45.5,31.911987,2025-07-30 15:00:00
117.0,105.99463,2025-07-30 15:00:00
91.0,69.461136,2025-07-30 16:00:00
46.75,36.165176,2025-07-30 16:00:00
119.0,109.91644,2025-07-30 16:00:00
117.0,79.694,2025-07-30 16:00:00
107.0,91.12815,2025-07-30 17:00:00
95.0,104.76769,2025-07-30 17:00:00
45.75,34.851036,2025-07-30 17:00:00
106.0,80.38973,2025-07-30 17:00:00
138.0,79.88949,2025-07-30 18:00:00
68.0,106.72089,2025-07-30 18:00:00
48.5,35.839108,2025-07-30 18:00:00
101.0,61.143444,2025-07-30 18:00:00
125.0,91.35785,2025-07-30 19:00:00
78.0,69.88723,2025-07-30 19:00:00
41.25,41.625946,2025-07-30 19:00:00
133.0,103.063194,2025-07-30 19:00:00
150.0,69.50309,2025-07-30 19:00:00
46.0,112.80486,2025-07-30 20:00:00
57.0,78.58448,2025-07-30 20:00:00
79.0,101.77241,2025-07-30 20:00:00
41.75,44.682278,2025-07-30 20:00:00
77.0,72.28428,2025-07-30 20:00:00
39.0,111.62907,2025-07-30 21:00:00
72.0,84.11981,2025-07-30 21:00:00
121.0,112.0869,2025-07-30 21:00:00
62.0,89.705475,2025-07-30 21:00:00
41.75,46.037823,2025-07-30 21:00:00
36.25,54.76013,2025-07-30 22:00:00
59.0,85.531624,2025-07-30 22:00:00
42.0,94.48537,2025-07-30 22:00:00
25.0,105.864555,2025-07-30 22:00:00
185.0,119.11783,2025-07-30 22:00:00
130.0,118.410126,2025-07-30 23:00:00
32.666666666666664,49.05512,2025-07-30 23:00:00
42.0,86.17943,2025-07-30 23:00:00
40.0,97.15701,2025-07-30 23:00:00
39.0,126.933685,2025-07-30 23:00:00
45.0,103.60034,2025-07-31 00:00:00
46.0,80.246925,2025-07-31 00:00:00
34.0,79.71978,2025-07-31 00:00:00
114.0,130.00505,2025-07-31 00:00:00
36.25,43.50482,2025-07-31 00:00:00
27.0,42.614677,2025-07-31 01:00:00
91.0,132.23782,2025-07-31 01:00:00
53.0,89.51506,2025-07-31 01:00:00
31.0,74.25543,2025-07-31 01:00:00
57.0,110.674995,2025-07-31 01:00:00
19.5,37.45571,2025-07-31 02:00:00
47.0,66.38812,2025-07-31 02:00:00
39.0,122.73428,2025-07-31 02:00:00
18.0,77.91799,2025-07-31 02:00:00
57.0,95.37918,2025-07-31 02:00:00
13.0,72.10891,2025-07-31 03:00:00
39.0,86.35849,2025-07-31 03:00:00
15.666666666666666,30.326157,2025-07-31 03:00:00
97.0,67.89564,2025-07-31 03:00:00
13.0,80.10343,2025-07-31 03:00:00
18.0,71.54696,2025-07-31 04:00:00
39.0,83.23798,2025-07-31 04:00:00
25.0,71.68661,2025-07-31 04:00:00
16.25,23.294392,2025-07-31 04:00:00
11.0,60.316982,2025-07-31 04:00:00
14.0,56.963528,2025-07-31 05:00:00
23.25,21.820276,2025-07-31 05:00:00
39.0,86.1325,2025-07-31 05:00:00
35.0,61.0849,2025-07-31 05:00:00
29.0,56.36914,2025-07-31 05:00:00
34.0,63.722137,2025-07-31 06:00:00
24.0,28.576197,2025-07-31 06:00:00
38.0,59.764065,2025-07-31 06:00:00
35.0,98.45378,2025-07-31 06:00:00
40.0,65.81175,2025-07-31 06:00:00
30.0,28.986395,2025-07-31 07:00:00
53.0,71.785324,2025-07-31 07:00:00
52.0,102.341156,2025-07-31 07:00:00
40.0,84.79491,2025-07-31 07:00:00
38.25,29.770044,2025-07-31 08:00:00
66.0,80.93189,2025-07-31 08:00:00
117.0,104.4147,2025-07-31 08:00:00
61.0,86.767166,2025-07-31 08:00:00
89.0,98.55343,2025-07-31 09:00:00
92.0,79.26105,2025-07-31 09:00:00
99.0,126.74467,2025-07-31 09:00:00
46.0,36.41133,2025-07-31 09:00:00
51.5,33.58862,2025-07-31 10:00:00
110.0,132.61761,2025-07-31 10:00:00
96.0,84.42203,2025-07-31 10:00:00
102.0,90.286736,2025-07-31 10:00:00
186.0,87.094505,2025-07-31 11:00:00
53.5,33.84752,2025-07-31 11:00:00
107.0,80.0563,2025-07-31 11:00:00
102.0,92.8673,2025-07-31 11:00:00
121.0,115.17562,2025-07-31 11:00:00
122.0,97.1399,2025-07-31 12:00:00
121.0,122.14733,2025-07-31 12:00:00
106.0,85.1772,2025-07-31 12:00:00
123.0,84.47672,2025-07-31 12:00:00
60.5,34.66243,2025-07-31 12:00:00
121.0,85.65879,2025-07-31 13:00:00
59.75,33.97697,2025-07-31 13:00:00
80.0,110.3977,2025-07-31 13:00:00
111.0,67.35392,2025-07-31 13:00:00
153.0,86.230415,2025-07-31 13:00:00
124.0,69.668755,2025-07-31 14:00:00
172.0,83.562584,2025-07-31 14:00:00
61.5,33.479053,2025-07-31 14:00:00
73.0,119.02883,2025-07-31 14:00:00
122.0,83.25745,2025-07-31 14:00:00
101.0,62.34887,2025-07-31 15:00:00
68.0,36.998707,2025-07-31 15:00:00
96.0,123.125595,2025-07-31 15:00:00
134.0,85.052795,2025-07-31 15:00:00
177.0,75.90588,2025-07-31 15:00:00
160.0,62.99717,2025-07-31 16:00:00
155.0,76.81501,2025-07-31 16:00:00
141.0,124.37514,2025-07-31 16:00:00
67.25,35.471195,2025-07-31 16:00:00
172.0,78.78572,2025-07-31 16:00:00
177.0,122.76167,2025-07-31 17:00:00
163.0,81.62847,2025-07-31 17:00:00
188.0,80.52053,2025-07-31 17:00:00
67.75,41.286495,2025-07-31 17:00:00
166.0,81.52119,2025-07-31 18:00:00
178.0,68.164604,2025-07-31 18:00:00
230.0,133.83961,2025-07-31 18:00:00
141.0,92.64233,2025-07-31 18:00:00
66.5,38.87634,2025-07-31 18:00:00
217.0,149.40604,2025-07-31 19:00:00
204.0,89.28759,2025-07-31 19:00:00
145.0,97.422386,2025-07-31 19:00:00
206.0,82.818245,2025-07-31 19:00:00
63.0,38.916027,2025-07-31 19:00:00
61.25,39.86721,2025-07-31 20:00:00
150.0,88.835594,2025-07-31 20:00:00
162.0,67.36762,2025-07-31 20:00:00
213.0,131.66913,2025-07-31 20:00:00
213.0,108.42811,2025-07-31 20:00:00
200.0,112.28954,2025-07-31 21:00:00
61.25,47.532326,2025-07-31 21:00:00
194.0,136.25066,2025-07-31 21:00:00
182.0,91.866714,2025-07-31 21:00:00
158.0,78.5635,2025-07-31 21:00:00
139.0,78.78971,2025-07-31 22:00:00
193.0,161.95686,2025-07-31 22:00:00
64.5,53.696354,2025-07-31 22:00:00
195.0,117.18328,2025-07-31 22:00:00
177.0,100.0575,2025-07-31 22:00:00
66.66666666666667,62.602753,2025-07-31 23:00:00
196.0,155.26677,2025-07-31 23:00:00
149.0,105.76877,2025-07-31 23:00:00
197.0,104.02521,2025-07-31 23:00:00
122.0,82.06206,2025-07-31 23:00:00
156.0,67.87666,2025-08-01 00:00:00
144.0,136.82925,2025-08-01 00:00:00
190.0,69.880264,2025-08-01 00:00:00
67.75,49.59611,2025-08-01 00:00:00
139.0,99.99912,2025-08-01 00:00:00
157.0,142.0272,2025-08-01 01:00:00
135.0,106.46046,2025-08-01 01:00:00
66.0,44.99799,2025-08-01 01:00:00
135.0,78.25441,2025-08-01 01:00:00
180.0,68.36662,2025-08-01 01:00:00
138.0,132.02791,2025-08-01 02:00:00
124.0,66.560455,2025-08-01 02:00:00
59.75,39.162277,2025-08-01 02:00:00
111.0,80.04246,2025-08-01 02:00:00
167.0,68.74446,2025-08-01 02:00:00
55.5,26.793808,2025-08-01 03:00:00
134.0,105.08235,2025-08-01 03:00:00
95.0,101.52268,2025-08-01 03:00:00
210.0,52.22668,2025-08-01 03:00:00
116.0,64.3562,2025-08-01 03:00:00
105.0,45.845406,2025-08-01 04:00:00
171.0,110.0158,2025-08-01 04:00:00
53.0,26.159813,2025-08-01 04:00:00
92.0,66.635895,2025-08-01 04:00:00
86.0,99.73703,2025-08-01 04:00:00
79.0,56.568645,2025-08-01 05:00:00
78.0,55.668053,2025-08-01 05:00:00
75.0,38.75373,2025-08-01 05:00:00
128.0,99.34188,2025-08-01 05:00:00
50.0,22.225685,2025-08-01 05:00:00
49.25,40.63865,2025-08-01 06:00:00
129.0,89.861015,2025-08-01 06:00:00
92.0,53.277664,2025-08-01 06:00:00
91.0,64.632805,2025-08-01 06:00:00
77.0,75.149605,2025-08-01 06:00:00
108.0,100.20034,2025-08-01 07:00:00
67.0,80.96748,2025-08-01 07:00:00
194.0,79.98317,2025-08-01 07:00:00
35.0,61.141495,2025-08-01 07:00:00
49.25,46.744164,2025-08-01 07:00:00
91.0,107.72086,2025-08-01 08:00:00
202.0,92.378654,2025-08-01 08:00:00
51.0,43.692253,2025-08-01 08:00:00
99.0,73.14876,2025-08-01 08:00:00
90.0,101.6594,2025-08-01 08:00:00
261.0,107.68664,2025-08-01 09:00:00
122.0,94.66592,2025-08-01 09:00:00
50.0,134.51265,2025-08-01 09:00:00
122.0,124.29279,2025-08-01 09:00:00
52.25,56.413048,2025-08-01 09:00:00
103.0,100.139336,2025-08-01 10:00:00
57.0,129.78828,2025-08-01 10:00:00
58.0,51.76378,2025-08-01 10:00:00
249.0,102.40812,2025-08-01 10:00:00
127.0,84.73431,2025-08-01 10:00:00
201.0,86.08373,2025-08-01 11:00:00
122.0,92.45222,2025-08-01 11:00:00
54.25,39.25432,2025-08-01 11:00:00
97.0,105.63129,2025-08-01 11:00:00
152.0,93.72563,2025-08-01 11:00:00
118.0,88.10309,2025-08-01 12:00:00
175.0,94.49824,2025-08-01 12:00:00
58.0,45.947754,2025-08-01 12:00:00
143.0,110.99256,2025-08-01 12:00:00
110.0,87.4744,2025-08-01 12:00:00
65.5,48.090534,2025-08-01 13:00:00
112.0,74.26689,2025-08-01 13:00:00
151.0,85.294365,2025-08-01 13:00:00
122.0,73.1252,2025-08-01 13:00:00
121.0,118.33366,2025-08-01 13:00:00
107.0,73.69458,2025-08-01 14:00:00
105.0,76.433914,2025-08-01 14:00:00
138.0,83.93765,2025-08-01 14:00:00
201.0,107.29899,2025-08-01 14:00:00
64.25,43.397865,2025-08-01 14:00:00
106.0,80.50445,2025-08-01 15:00:00
81.0,74.7663,2025-08-01 15:00:00
68.0,39.098354,2025-08-01 15:00:00
164.0,123.5831,2025-08-01 15:00:00
174.0,87.983955,2025-08-01 15:00:00
114.0,68.621666,2025-08-01 16:00:00
112.0,74.39149,2025-08-01 16:00:00
69.5,40.80875,2025-08-01 16:00:00
158.0,82.70741,2025-08-01 16:00:00
147.0,134.71385,2025-08-01 16:00:00
140.0,70.656,2025-08-01 17:00:00
174.0,82.45313,2025-08-01 17:00:00
151.0,130.65547,2025-08-01 17:00:00
130.0,76.15236,2025-08-01 17:00:00
73.5,35.97807,2025-08-01 17:00:00
178.0,83.5755,2025-08-01 18:00:00
132.0,72.5889,2025-08-01 18:00:00
127.0,73.64833,2025-08-01 18:00:00
133.0,149.4563,2025-08-01 18:00:00
64.5,45.197796,2025-08-01 18:00:00
107.0,120.152,2025-08-01 19:00:00
70.5,40.275017,2025-08-01 19:00:00
174.0,90.38276,2025-08-01 19:00:00
112.0,66.77621,2025-08-01 19:00:00
116.0,71.852554,2025-08-01 19:00:00
138.0,116.39852,2025-08-01 20:00:00
80.0,70.88168,2025-08-01 20:00:00
65.0,42.871284,2025-08-01 20:00:00
125.0,82.29213,2025-08-01 20:00:00
127.0,124.68018,2025-08-01 20:00:00
141.0,146.73018,2025-08-01 21:00:00
41.25,43.764492,2025-08-01 21:00:00
94.0,150.51787,2025-08-01 21:00:00
69.0,79.62403,2025-08-01 21:00:00
80.0,87.11038,2025-08-01 21:00:00
61.0,94.739044,2025-08-01 22:00:00
43.25,48.998394,2025-08-01 22:00:00
69.0,91.02142,2025-08-01 22:00:00
141.0,142.45633,2025-08-01 22:00:00
59.0,129.63264,2025-08-01 22:00:00
146.0,141.96194,2025-08-01 23:00:00
100.0,88.69287,2025-08-01 23:00:00
77.0,88.00664,2025-08-01 23:00:00
46.0,38.851295,2025-08-01 23:00:00
59.0,118.4918,2025-08-01 23:00:00
182.0,137.99104,2025-08-02 00:00:00
72.0,87.64625,2025-08-02 00:00:00
74.0,75.34422,2025-08-02 00:00:00
49.25,43.087505,2025-08-02 00:00:00
92.0,83.97498,2025-08-02 00:00:00
130.0,86.592995,2025-08-02 01:00:00
95.0,91.97649,2025-08-02 01:00:00
86.0,89.74116,2025-08-02 01:00:00
153.0,156.05736,2025-08-02 01:00:00
53.75,43.18495,2025-08-02 01:00:00
96.0,83.91213,2025-08-02 02:00:00
72.0,97.46401,2025-08-02 02:00:00
44.75,45.123817,2025-08-02 02:00:00
85.0,98.150116,2025-08-02 02:00:00
108.0,158.86952,2025-08-02 02:00:00
92.0,128.42215,2025-08-02 03:00:00
57.0,72.98705,2025-08-02 03:00:00
37.75,36.55942,2025-08-02 03:00:00
67.0,70.47544,2025-08-02 03:00:00
68.0,75.84894,2025-08-02 03:00:00
91.0,128.05624,2025-08-02 04:00:00
37.25,34.98482,2025-08-02 04:00:00
44.0,64.40852,2025-08-02 04:00:00
68.0,65.77078,2025-08-02 04:00:00
63.0,62.339314,2025-08-02 04:00:00
67.0,51.22971,2025-08-02 05:00:00
38.5,32.112144,2025-08-02 05:00:00
72.0,70.87816,2025-08-02 05:00:00
53.0,109.61614,2025-08-02 05:00:00
67.0,77.85858,2025-08-02 05:00:00
67.0,108.74249,2025-08-02 06:00:00
68.0,62.122875,2025-08-02 06:00:00
89.0,48.650326,2025-08-02 06:00:00
35.25,32.354687,2025-08-02 06:00:00
69.0,70.419,2025-08-02 06:00:00
101.0,104.708786,2025-08-02 07:00:00
85.0,114.282364,2025-08-02 07:00:00
38.0,34.364613,2025-08-02 07:00:00
79.0,72.21125,2025-08-02 07:00:00
173.0,68.274796,2025-08-02 07:00:00
97.0,80.3603,2025-08-02 08:00:00
37.75,41.914318,2025-08-02 08:00:00
102.0,119.0371,2025-08-02 08:00:00
138.0,112.06814,2025-08-02 08:00:00
84.0,85.74486,2025-08-02 08:00:00
42.75,39.905273,2025-08-02 09:00:00
85.0,78.49199,2025-08-02 09:00:00
158.0,115.110504,2025-08-02 09:00:00
132.0,150.78317,2025-08-02 09:00:00
122.0,94.43826,2025-08-02 09:00:00
134.0,115.71323,2025-08-02 10:00:00
67.0,91.42883,2025-08-02 10:00:00
49.0,42.280895,2025-08-02 10:00:00
94.0,89.00021,2025-08-02 10:00:00
186.0,142.31184,2025-08-02 10:00:00
151.0,138.02902,2025-08-02 11:00:00
151.0,104.98613,2025-08-02 11:00:00
67.0,94.2001,2025-08-02 11:00:00
49.5,40.6878,2025-08-02 11:00:00
90.0,99.6944,2025-08-02 11:00:00
47.25,38.097332,2025-08-02 12:00:00
86.0,80.183655,2025-08-02 12:00:00
156.0,97.40339,2025-08-02 12:00:00
158.0,191.16942,2025-08-02 12:00:00
103.0,82.60192,2025-08-02 12:00:00
95.0,82.91612,2025-08-02 13:00:00
45.25,39.54676,2025-08-02 13:00:00
130.0,104.96882,2025-08-02 13:00:00
145.0,161.57309,2025-08-02 13:00:00
90.0,74.36905,2025-08-02 13:00:00
49.25,38.531216,2025-08-02 14:00:00
95.0,83.013214,2025-08-02 14:00:00
110.0,102.49893,2025-08-02 14:00:00
111.0,78.34417,2025-08-02 14:00:00
125.0,148.62189,2025-08-02 14:00:00
85.0,151.01639,2025-08-02 15:00:00
53.5,39.481262,2025-08-02 15:00:00
152.0,79.8542,2025-08-02 15:00:00
96.0,75.961334,2025-08-02 15:00:00
138.0,98.97732,2025-08-02 15:00:00
108.0,76.99788,2025-08-02 16:00:00
52.0,33.22384,2025-08-02 16:00:00
72.0,135.36748,2025-08-02 16:00:00
97.0,79.88292,2025-08-02 16:00:00
157.0,91.684006,2025-08-02 16:00:00
100.0,77.99236,2025-08-02 17:00:00
101.0,69.21805,2025-08-02 17:00:00
48.5,41.798218,2025-08-02 17:00:00
161.0,89.39291,2025-08-02 17:00:00
107.0,130.7435,2025-08-02 17:00:00
150.0,152.54694,2025-08-02 18:00:00
46.75,40.47784,2025-08-02 18:00:00
105.0,83.07199,2025-08-02 18:00:00
147.0,97.15347,2025-08-02 18:00:00
95.0,78.12789,2025-08-02 18:00:00
78.0,91.282196,2025-08-02 19:00:00
145.0,150.49591,2025-08-02 19:00:00
207.0,111.33977,2025-08-02 19:00:00
45.25,40.354355,2025-08-02 19:00:00
97.0,72.90914,2025-08-02 19:00:00
158.0,145.3923,2025-08-02 20:00:00
196.0,127.0084,2025-08-02 20:00:00
117.0,69.62207,2025-08-02 20:00:00
36.0,87.74342,2025-08-02 20:00:00
35.75,41.45719,2025-08-02 20:00:00
153.0,121.143875,2025-08-02 21:00:00
129.0,145.5486,2025-08-02 21:00:00
46.0,82.40032,2025-08-02 21:00:00
41.75,45.357643,2025-08-02 21:00:00
81.0,75.80563,2025-08-02 21:00:00
136.0,192.33284,2025-08-02 22:00:00
132.0,110.95084,2025-08-02 22:00:00
84.0,78.2185,2025-08-02 22:00:00
43.0,41.8569,2025-08-02 22:00:00
97.0,80.15166,2025-08-02 22:00:00
108.0,85.39025,2025-08-02 23:00:00
157.0,92.62294,2025-08-02 23:00:00
147.0,195.44101,2025-08-02 23:00:00
39.0,48.54508,2025-08-02 23:00:00
86.0,79.97302,2025-08-02 23:00:00
59.0,89.01836,2025-08-03 00:00:00
129.0,82.68151,2025-08-03 00:00:00
127.0,160.27182,2025-08-03 00:00:00
44.5,53.787853,2025-08-03 00:00:00
79.0,88.52422,2025-08-03 00:00:00
44.25,53.548576,2025-08-03 01:00:00
45.0,162.66176,2025-08-03 01:00:00
46.0,88.10872,2025-08-03 01:00:00
84.0,90.96868,2025-08-03 01:00:00
95.0,79.132774,2025-08-03 01:00:00
61.0,171.08829,2025-08-03 02:00:00
57.0,82.35702,2025-08-03 02:00:00
59.0,77.21898,2025-08-03 02:00:00
89.0,90.0555,2025-08-03 02:00:00
47.0,47.144547,2025-08-03 02:00:00
89.0,77.235245,2025-08-03 03:00:00
42.75,41.140285,2025-08-03 03:00:00
63.0,76.905876,2025-08-03 03:00:00
40.0,77.368126,2025-08-03 03:00:00
95.0,130.50993,2025-08-03 03:00:00
39.75,37.97458,2025-08-03 04:00:00
40.0,56.360626,2025-08-03 04:00:00
103.0,132.69402,2025-08-03 04:00:00
90.0,67.55293,2025-08-03 04:00:00
75.0,76.3745,2025-08-03 04:00:00
91.0,61.197037,2025-08-03 05:00:00
70.0,52.03168,2025-08-03 05:00:00
108.0,114.745605,2025-08-03 05:00:00
43.0,35.12315,2025-08-03 05:00:00
69.0,66.02115,2025-08-03 05:00:00
168.0,127.50863,2025-08-03 06:00:00
89.0,74.599686,2025-08-03 06:00:00
62.0,71.086136,2025-08-03 06:00:00
96.0,56.88044,2025-08-03 06:00:00
43.5,34.571823,2025-08-03 06:00:00
41.5,40.65424,2025-08-03 07:00:00
63.0,78.571106,2025-08-03 07:00:00
141.0,136.06436,2025-08-03 07:00:00
125.0,115.29194,2025-08-03 07:00:00
160.0,91.12026,2025-08-03 07:00:00
173.0,116.0554,2025-08-03 08:00:00
40.66666666666666,44.2559,2025-08-03 08:00:00
79.0,90.094406,2025-08-03 08:00:00
89.0,100.574646,2025-08-03 08:00:00
153.0,164.94707,2025-08-03 08:00:00
124.0,157.0831,2025-08-03 09:00:00
40.75,47.032494,2025-08-03 09:00:00
218.0,110.70638,2025-08-03 09:00:00
90.0,109.88585,2025-08-03 09:00:00
111.0,105.49471,2025-08-03 09:00:00
110.0,174.77187,2025-08-03 10:00:00
81.0,117.04619,2025-08-03 10:00:00
95.0,101.26206,2025-08-03 10:00:00
130.0,111.117805,2025-08-03 10:00:00
42.25,44.751198,2025-08-03 10:00:00
133.0,97.72192,2025-08-03 11:00:00
52.333333333333336,46.51204,2025-08-03 11:00:00
77.0,179.16356,2025-08-03 11:00:00
103.0,124.02762,2025-08-03 11:00:00
53.0,100.70907,2025-08-03 11:00:00
52.333333333333336,43.339264,2025-08-03 12:00:00
155.0,97.32234,2025-08-03 12:00:00
103.0,107.53813,2025-08-03 12:00:00
105.0,96.666145,2025-08-03 12:00:00
69.0,166.08444,2025-08-03 12:00:00
107.0,153.00342,2025-08-03 13:00:00
52.333333333333336,43.03592,2025-08-03 13:00:00
134.0,94.664825,2025-08-03 13:00:00
106.0,102.636055,2025-08-03 13:00:00
149.0,98.085655,2025-08-03 13:00:00
112.0,102.135574,2025-08-03 14:00:00
163.0,84.85248,2025-08-03 14:00:00
52.333333333333336,48.512917,2025-08-03 14:00:00
167.0,103.89725,2025-08-03 14:00:00
141.0,166.18602,2025-08-03 14:00:00
122.0,102.67546,2025-08-03 15:00:00
164.0,71.32892,2025-08-03 15:00:00
150.0,166.21484,2025-08-03 15:00:00
177.0,107.47941,2025-08-03 15:00:00
144.0,83.5142,2025-08-03 16:00:00
37.0,50.347507,2025-08-03 16:00:00
129.0,109.8049,2025-08-03 16:00:00
174.0,108.65695,2025-08-03 16:00:00
269.0,172.5826,2025-08-03 16:00:00
155.0,106.91027,2025-08-03 17:00:00
218.0,168.93599,2025-08-03 17:00:00
99.5,51.86329,2025-08-03 17:00:00
130.0,88.85179,2025-08-03 17:00:00
119.0,92.05273,2025-08-03 17:00:00
128.0,102.461235,2025-08-03 18:00:00
200.0,189.8443,2025-08-03 18:00:00
102.75,52.452534,2025-08-03 18:00:00
136.0,84.97158,2025-08-03 18:00:00
145.0,108.38566,2025-08-03 18:00:00
134.0,83.69637,2025-08-03 19:00:00
70.0,106.70998,2025-08-03 19:00:00
190.0,176.6544,2025-08-03 19:00:00
205.0,114.16232,2025-08-03 19:00:00
106.5,59.22406,2025-08-03 19:00:00
191.0,113.47803,2025-08-03 20:00:00
107.0,57.63018,2025-08-03 20:00:00
133.0,99.692894,2025-08-03 20:00:00
123.0,98.54629,2025-08-03 20:00:00
184.0,159.08617,2025-08-03 20:00:00
130.0,182.11621,2025-08-03 21:00:00
107.0,55.193,2025-08-03 21:00:00
153.0,119.477585,2025-08-03 21:00:00
151.0,100.825676,2025-08-03 21:00:00
129.0,91.041115,2025-08-03 21:00:00
110.5,56.71636,2025-08-03 22:00:00
191.0,97.75672,2025-08-03 22:00:00
173.0,119.93517,2025-08-03 22:00:00
138.0,93.37395,2025-08-03 22:00:00
121.0,233.29013,2025-08-03 22:00:00
182.0,226.37164,2025-08-03 23:00:00
166.0,114.19597,2025-08-03 23:00:00
179.0,104.19454,2025-08-03 23:00:00
174.0,111.80551,2025-08-03 23:00:00
131.0,47.63466,2025-08-03 23:00:00
111.0,110.98642,2025-08-04 00:00:00
129.25,50.82403,2025-08-04 00:00:00
282.0,225.94397,2025-08-04 00:00:00
167.0,96.106995,2025-08-04 00:00:00
139.0,92.04628,2025-08-04 00:00:00
97.0,100.81805,2025-08-04 01:00:00
156.0,115.41024,2025-08-04 01:00:00
150.0,91.99037,2025-08-04 01:00:00
90.75,52.75482,2025-08-04 01:00:00
228.0,158.08743,2025-08-04 01:00:00
199.0,169.29448,2025-08-04 02:00:00
119.0,80.72781,2025-08-04 02:00:00
97.0,104.48117,2025-08-04 02:00:00
69.75,48.744907,2025-08-04 02:00:00
75.0,87.62936,2025-08-04 02:00:00
136.0,154.07082,2025-08-04 03:00:00
66.0,83.99249,2025-08-04 03:00:00
62.75,47.842102,2025-08-04 03:00:00
73.0,93.87309,2025-08-04 03:00:00
79.0,77.263626,2025-08-04 03:00:00
72.0,90.24802,2025-08-04 04:00:00
68.0,58.82911,2025-08-04 04:00:00
156.0,168.9961,2025-08-04 04:00:00
61.0,38.8518,2025-08-04 04:00:00
75.0,70.400276,2025-08-04 04:00:00
62.0,57.031055,2025-08-04 05:00:00
118.0,132.82207,2025-08-04 05:00:00
67.0,63.903008,2025-08-04 05:00:00
57.75,34.16879,2025-08-04 05:00:00
67.0,62.242268,2025-08-04 05:00:00
83.0,64.467834,2025-08-04 06:00:00
68.0,68.995476,2025-08-04 06:00:00
60.0,26.936098,2025-08-04 06:00:00
171.0,131.27927,2025-08-04 06:00:00
85.0,61.675655,2025-08-04 06:00:00
118.0,133.59914,2025-08-04 07:00:00
95.0,70.76472,2025-08-04 07:00:00
63.0,37.94857,2025-08-04 07:00:00
157.0,83.80662,2025-08-04 07:00:00
145.0,106.45503,2025-08-04 07:00:00
88.0,82.01768,2025-08-04 08:00:00
73.75,38.775467,2025-08-04 08:00:00
205.0,153.06642,2025-08-04 08:00:00
111.0,87.64555,2025-08-04 08:00:00
121.0,97.27968,2025-08-04 08:00:00
82.5,42.602432,2025-08-04 09:00:00
240.0,140.42,2025-08-04 09:00:00
90.0,92.15836,2025-08-04 09:00:00
226.0,125.643005,2025-08-04 09:00:00
140.0,109.31945,2025-08-04 09:00:00
117.0,81.33208,2025-08-04 10:00:00
86.0,48.19774,2025-08-04 10:00:00
124.0,120.231926,2025-08-04 10:00:00
241.0,151.05536,2025-08-04 10:00:00
90.0,96.02203,2025-08-04 10:00:00
254.0,150.04178,2025-08-04 11:00:00
111.0,97.90145,2025-08-04 11:00:00
86.5,44.756893,2025-08-04 11:00:00
63.0,101.55949,2025-08-04 11:00:00
129.0,110.31347,2025-08-04 11:00:00
88.0,43.88901,2025-08-04 12:00:00
305.0,173.49904,2025-08-04 12:00:00
119.0,97.06513,2025-08-04 12:00:00
107.0,113.65244,2025-08-04 12:00:00
110.0,98.26192,2025-08-04 12:00:00
123.0,105.209656,2025-08-04 13:00:00
106.0,94.388985,2025-08-04 13:00:00
136.0,87.97647,2025-08-04 13:00:00
300.0,168.00461,2025-08-04 13:00:00
89.5,44.44608,2025-08-04 13:00:00
257.0,201.06334,2025-08-04 14:00:00
133.0,74.19976,2025-08-04 14:00:00
119.0,102.34407,2025-08-04 14:00:00
105.0,96.50503,2025-08-04 14:00:00
90.75,44.05016,2025-08-04 14:00:00
123.0,75.79426,2025-08-04 15:00:00
245.0,148.26085,2025-08-04 15:00:00
116.0,111.7401,2025-08-04 15:00:00
124.0,81.579506,2025-08-04 15:00:00
85.5,42.481365,2025-08-04 15:00:00
94.5,42.854076,2025-08-04 16:00:00
277.0,134.02223,2025-08-04 16:00:00
124.0,99.34148,2025-08-04 16:00:00
100.0,82.594444,2025-08-04 16:00:00
128.0,109.28977,2025-08-04 16:00:00
138.0,103.500694,2025-08-04 17:00:00
116.0,75.747444,2025-08-04 17:00:00
133.0,112.175835,2025-08-04 17:00:00
100.0,39.688335,2025-08-04 17:00:00
222.0,159.31886,2025-08-04 17:00:00
102.0,84.397095,2025-08-04 18:00:00
271.0,146.05801,2025-08-04 18:00:00
96.75,44.37339,2025-08-04 18:00:00
122.0,84.88646,2025-08-04 18:00:00
140.0,108.03472,2025-08-04 18:00:00
147.0,115.598366,2025-08-04 19:00:00
91.0,65.37856,2025-08-04 19:00:00
287.0,157.16573,2025-08-04 19:00:00
89.0,96.93288,2025-08-04 19:00:00
128.0,119.553406,2025-08-04 19:00:00
95.0,68.62981,2025-08-04 20:00:00
123.0,82.39731,2025-08-04 20:00:00
158.0,118.979576,2025-08-04 20:00:00
132.0,129.14359,2025-08-04 20:00:00
266.0,196.854,2025-08-04 20:00:00
133.0,87.0504,2025-08-04 21:00:00
151.0,113.74884,2025-08-04 21:00:00
155.0,139.11005,2025-08-04 21:00:00
104.5,63.090607,2025-08-04 21:00:00
368.0,186.55919,2025-08-04 21:00:00
417.0,203.44884,2025-08-04 22:00:00
141.0,120.65204,2025-08-04 22:00:00
167.0,121.04254,2025-08-04 22:00:00
101.5,58.893444,2025-08-04 22:00:00
143.0,86.38053,2025-08-04 22:00:00
503.0,219.35686,2025-08-04 23:00:00
144.0,118.63378,2025-08-04 23:00:00
97.0,57.09838,2025-08-04 23:00:00
134.0,89.51261,2025-08-04 23:00:00
119.0,102.79663,2025-08-04 23:00:00
113.0,80.43621,2025-08-05 00:00:00
133.0,96.684715,2025-08-05 00:00:00
150.0,101.6955,2025-08-05 00:00:00
459.0,183.37518,2025-08-05 00:00:00
89.0,49.326324,2025-08-05 00:00:00
85.75,49.270813,2025-08-05 01:00:00
168.0,108.10041,2025-08-05 01:00:00
117.0,96.64222,2025-08-05 01:00:00
428.0,180.62971,2025-08-05 01:00:00
108.0,90.31077,2025-08-05 01:00:00
84.0,89.09471,2025-08-05 02:00:00
75.25,42.1164,2025-08-05 02:00:00
263.0,151.10225,2025-08-05 02:00:00
92.0,82.18755,2025-08-05 02:00:00
132.0,82.86586,2025-08-05 02:00:00
96.0,84.772644,2025-08-05 03:00:00
68.0,80.17527,2025-08-05 03:00:00
74.5,30.63674,2025-08-05 03:00:00
151.0,123.527565,2025-08-05 03:00:00
80.0,76.64905,2025-08-05 03:00:00
66.75,24.885538,2025-08-05 04:00:00
157.0,113.30643,2025-08-05 04:00:00
81.0,88.90565,2025-08-05 04:00:00
88.0,74.9815,2025-08-05 04:00:00
70.0,87.21469,2025-08-05 04:00:00
81.0,76.677765,2025-08-05 05:00:00
110.0,159.00461,2025-08-05 05:00:00
84.0,103.18947,2025-08-05 05:00:00
73.0,79.177864,2025-08-05 05:00:00
60.75,29.590141,2025-08-05 05:00:00
89.0,117.70505,2025-08-05 06:00:00
68.0,69.028114,2025-08-05 06:00:00
173.0,190.22977,2025-08-05 06:00:00
60.75,34.31283,2025-08-05 06:00:00
84.0,85.63388,2025-08-05 06:00:00
140.0,114.591064,2025-08-05 07:00:00
69.25,40.02133,2025-08-05 07:00:00
271.0,153.28482,2025-08-05 07:00:00
79.0,79.42027,2025-08-05 07:00:00
122.0,130.67656,2025-08-05 07:00:00
88.0,98.50932,2025-08-05 08:00:00
179.0,125.70555,2025-08-05 08:00:00
77.5,37.601246,2025-08-05 08:00:00
376.0,155.83563,2025-08-05 08:00:00
143.0,86.21454,2025-08-05 08:00:00
83.5,41.525368,2025-08-05 09:00:00
200.0,121.57804,2025-08-05 09:00:00
110.0,126.18885,2025-08-05 09:00:00
251.0,166.74738,2025-08-05 09:00:00
135.0,88.98589,2025-08-05 09:00:00
421.0,172.11873,2025-08-05 10:00:00
82.0,40.123905,2025-08-05 10:00:00
78.0,94.35211,2025-08-05 10:00:00
144.0,110.28792,2025-08-05 10:00:00
113.0,91.97583,2025-08-05 10:00:00
129.0,92.139824,2025-08-05 11:00:00
123.0,92.07236,2025-08-05 11:00:00
283.0,164.71239,2025-08-05 11:00:00
134.0,105.085556,2025-08-05 11:00:00
91.25,40.617893,2025-08-05 11:00:00
167.0,87.792336,2025-08-05 12:00:00
97.5,42.118954,2025-08-05 12:00:00
122.0,97.47078,2025-08-05 12:00:00
130.0,105.63994,2025-08-05 12:00:00
293.0,152.01952,2025-08-05 12:00:00
238.0,134.07916,2025-08-05 13:00:00
128.0,87.29615,2025-08-05 13:00:00
97.75,35.63911,2025-08-05 13:00:00
151.0,91.8283,2025-08-05 13:00:00
173.0,89.768585,2025-08-05 13:00:00
224.0,134.2811,2025-08-05 14:00:00
153.0,96.79441,2025-08-05 14:00:00
164.0,76.60017,2025-08-05 14:00:00
103.5,37.63082,2025-08-05 14:00:00
122.0,82.2476,2025-08-05 14:00:00
147.0,82.78618,2025-08-05 15:00:00
166.0,100.44586,2025-08-05 15:00:00
146.0,79.34851,2025-08-05 15:00:00
105.75,31.658401,2025-08-05 15:00:00
190.0,137.60748,2025-08-05 15:00:00
141.0,78.624916,2025-08-05 16:00:00
145.0,96.72437,2025-08-05 16:00:00
256.0,148.0685,2025-08-05 16:00:00
132.0,84.82823,2025-08-05 16:00:00
106.5,34.187782,2025-08-05 16:00:00
467.0,150.6671,2025-08-05 17:00:00
150.0,99.436455,2025-08-05 17:00:00
138.0,88.71057,2025-08-05 17:00:00
108.5,32.862537,2025-08-05 17:00:00
145.0,83.07751,2025-08-05 17:00:00
135.0,84.91937,2025-08-05 18:00:00
478.0,160.82738,2025-08-05 18:00:00
145.0,65.0319,2025-08-05 18:00:00
114.0,34.385117,2025-08-05 18:00:00
151.0,93.801994,2025-08-05 18:00:00
128.0,96.26742,2025-08-05 19:00:00
123.75,30.473078,2025-08-05 19:00:00
172.0,115.33602,2025-08-05 19:00:00
517.0,157.84708,2025-08-05 19:00:00
141.0,97.07634,2025-08-05 19:00:00
166.0,96.85626,2025-08-05 20:00:00
144.0,104.913795,2025-08-05 20:00:00
126.5,44.867992,2025-08-05 20:00:00
310.0,163.2286,2025-08-05 20:00:00
183.0,147.30086,2025-08-05 20:00:00
162.0,138.60301,2025-08-05 21:00:00
152.0,88.48796,2025-08-05 21:00:00
180.0,100.705215,2025-08-05 21:00:00
132.0,47.6709,2025-08-05 21:00:00
321.0,162.91911,2025-08-05 21:00:00
135.0,91.80287,2025-08-05 22:00:00
167.0,99.835556,2025-08-05 22:00:00
210.0,160.90417,2025-08-05 22:00:00
121.0,137.25758,2025-08-05 22:00:00
117.5,47.23916,2025-08-05 22:00:00
229.0,155.01004,2025-08-05 23:00:00
88.33333333333333,41.365498,2025-08-05 23:00:00
112.0,89.29474,2025-08-05 23:00:00
125.0,97.87861,2025-08-05 23:00:00
117.0,140.90189,2025-08-05 23:00:00
34.0,40.707718,2025-08-06 00:00:00
95.0,100.5024,2025-08-06 00:00:00
116.0,157.67052,2025-08-06 00:00:00
116.0,93.79907,2025-08-06 00:00:00
61.0,84.09992,2025-08-06 00:00:00
31.0,94.63969,2025-08-06 01:00:00
95.0,89.49149,2025-08-06 01:00:00
29.0,95.37559,2025-08-06 01:00:00
122.0,145.62692,2025-08-06 01:00:00
25.5,42.998493,2025-08-06 01:00:00
29.0,81.59899,2025-08-06 02:00:00
84.0,156.46371,2025-08-06 02:00:00
77.0,77.73699,2025-08-06 02:00:00
28.25,32.19851,2025-08-06 02:00:00
33.0,93.02591,2025-08-06 02:00:00
227.0,147.0323,2025-08-06 03:00:00
29.0,76.91559,2025-08-06 03:00:00
30.5,40.061474,2025-08-06 03:00:00
77.0,67.77724,2025-08-06 03:00:00
35.0,86.66382,2025-08-06 03:00:00
37.75,32.241173,2025-08-06 04:00:00
77.0,61.80096,2025-08-06 04:00:00
34.0,67.539894,2025-08-06 04:00:00
362.0,128.02765,2025-08-06 04:00:00
46.0,88.19695,2025-08-06 04:00:00
53.0,89.14152,2025-08-06 05:00:00
38.0,67.046906,2025-08-06 05:00:00
48.0,26.98641,2025-08-06 05:00:00
215.0,124.183075,2025-08-06 05:00:00
64.0,69.378624,2025-08-06 05:00:00
218.0,134.4859,2025-08-06 06:00:00
83.0,84.230576,2025-08-06 06:00:00
85.0,84.15206,2025-08-06 06:00:00
53.0,67.22577,2025-08-06 06:00:00
51.75,34.791203,2025-08-06 06:00:00
90.0,106.69703,2025-08-06 07:00:00
51.0,77.86677,2025-08-06 07:00:00
17.25,39.724915,2025-08-06 07:00:00
133.0,87.41447,2025-08-06 07:00:00
58.0,127.86077,2025-08-06 07:00:00
133.0,87.51977,2025-08-06 08:00:00
13.0,40.43413,2025-08-06 08:00:00
25.0,165.27942,2025-08-06 08:00:00
27.0,81.310036,2025-08-06 08:00:00
27.0,114.324295,2025-08-06 08:00:00
33.0,94.165794,2025-08-06 09:00:00
34.0,134.48038,2025-08-06 09:00:00
13.0,49.214806,2025-08-06 09:00:00
25.0,138.96742,2025-08-06 09:00:00
17.0,101.8058,2025-08-06 09:00:00
13.0,46.708866,2025-08-06 10:00:00
25.0,138.16396,2025-08-06 10:00:00
25.0,88.36828,2025-08-06 10:00:00
33.0,96.528496,2025-08-06 10:00:00
29.0,123.52769,2025-08-06 10:00:00
22.0,127.188255,2025-08-06 11:00:00
13.0,39.57631,2025-08-06 11:00:00
41.0,100.40344,2025-08-06 11:00:00
27.0,81.821365,2025-08-06 11:00:00
33.0,84.48492,2025-08-06 11:00:00
24.0,126.24998,2025-08-06 12:00:00
24.0,81.26616,2025-08-06 12:00:00
33.0,88.2329,2025-08-06 12:00:00
51.0,98.30398,2025-08-06 12:00:00
46.0,134.4705,2025-08-06 13:00:00
35.0,75.56131,2025-08-06 13:00:00
47.0,99.90169,2025-08-06 13:00:00
108.0,151.65125,2025-08-06 14:00:00
50.0,99.8065,2025-08-06 14:00:00
50.0,96.03632,2025-08-06 14:00:00
24.0,73.22493,2025-08-06 14:00:00
33.0,81.57253,2025-08-06 15:00:00
122.0,99.583694,2025-08-06 15:00:00
45.0,100.20036,2025-08-06 15:00:00
55.0,153.30382,2025-08-06 15:00:00
39.0,111.8438,2025-08-06 16:00:00
35.0,102.63232,2025-08-06 16:00:00
35.0,89.93165,2025-08-06 16:00:00
45.0,186.67642,2025-08-06 16:00:00
45.0,151.36555,2025-08-06 17:00:00
46.0,97.11232,2025-08-06 17:00:00
47.0,96.17304,2025-08-06 17:00:00
31.0,82.013725,2025-08-06 17:00:00
31.0,85.09859,2025-08-06 18:00:00
46.0,97.88109,2025-08-06 18:00:00
50.0,105.82391,2025-08-06 18:00:00
44.0,119.65229,2025-08-06 18:00:00
31.0,93.20126,2025-08-06 19:00:00
56.0,119.40817,2025-08-06 19:00:00
35.0,110.28206,2025-08-06 19:00:00
44.0,131.0016,2025-08-06 19:00:00
44.0,132.93503,2025-08-06 20:00:00
34.0,115.75068,2025-08-06 20:00:00
31.0,97.806435,2025-08-06 20:00:00
52.0,139.64534,2025-08-06 20:00:00
75.0,107.25969,2025-08-06 21:00:00
42.0,103.86473,2025-08-06 21:00:00
59.0,140.62111,2025-08-06 21:00:00
47.0,116.863846,2025-08-06 21:00:00
68.0,204.02246,2025-08-06 22:00:00
66.0,112.53076,2025-08-06 22:00:00
80.0,111.58348,2025-08-06 22:00:00
56.0,114.748535,2025-08-06 22:00:00
89.0,189.18523,2025-08-06 23:00:00
150.0,108.56391,2025-08-06 23:00:00
70.0,110.53154,2025-08-06 23:00:00
59.0,122.602715,2025-08-06 23:00:00
66.0,100.03708,2025-08-07 00:00:00
158.0,156.41289,2025-08-07 00:00:00
67.0,105.35766,2025-08-07 00:00:00
64.0,97.49692,2025-08-07 00:00:00
83.0,106.065506,2025-08-07 01:00:00
66.0,90.568756,2025-08-07 01:00:00
59.0,86.50034,2025-08-07 01:00:00
119.0,144.70108,2025-08-07 01:00:00
66.0,91.23863,2025-08-07 02:00:00
73.0,95.44279,2025-08-07 02:00:00
122.0,158.0383,2025-08-07 02:00:00
28.0,75.19695,2025-08-07 02:00:00
50.0,72.639465,2025-08-07 03:00:00
69.0,96.54335,2025-08-07 03:00:00
102.0,124.84657,2025-08-07 03:00:00
63.0,78.17533,2025-08-07 03:00:00
77.0,140.8203,2025-08-07 04:00:00
59.0,80.667046,2025-08-07 04:00:00
86.0,75.78989,2025-08-07 04:00:00
57.0,68.266426,2025-08-07 04:00:00
69.0,59.047436,2025-08-07 05:00:00
68.0,61.902775,2025-08-07 05:00:00
72.0,69.99589,2025-08-07 05:00:00
77.0,113.52753,2025-08-07 05:00:00
80.0,69.81969,2025-08-07 06:00:00
81.0,87.769104,2025-08-07 06:00:00
40.0,145.91626,2025-08-07 06:00:00
77.0,77.941574,2025-08-07 06:00:00
156.0,90.28975,2025-08-07 07:00:00
73.0,135.30147,2025-08-07 07:00:00
86.0,82.08726,2025-08-07 07:00:00
101.0,117.018486,2025-08-07 07:00:00
91.0,94.01781,2025-08-07 08:00:00
100.0,151.97835,2025-08-07 08:00:00
97.0,122.851105,2025-08-07 08:00:00
92.0,134.37737,2025-08-07 08:00:00
108.0,189.08578,2025-08-07 09:00:00
100.0,98.574554,2025-08-07 09:00:00
110.0,131.16098,2025-08-07 09:00:00
101.0,132.90361,2025-08-07 09:00:00
66.0,105.65641,2025-08-07 10:00:00
185.0,162.65916,2025-08-07 10:00:00
114.0,102.25991,2025-08-07 10:00:00
97.0,121.510376,2025-08-07 10:00:00
90.0,104.43158,2025-08-07 11:00:00
62.0,100.75708,2025-08-07 11:00:00
91.0,111.3212,2025-08-07 11:00:00
153.0,157.04243,2025-08-07 11:00:00
74.0,115.586876,2025-08-07 12:00:00
86.0,85.33501,2025-08-07 12:00:00
81.0,97.28331,2025-08-07 12:00:00
134.0,152.6227,2025-08-07 12:00:00
121.0,144.30193,2025-08-07 13:00:00
95.0,93.809135,2025-08-07 13:00:00
90.0,82.365845,2025-08-07 13:00:00
86.0,96.82169,2025-08-07 13:00:00
96.0,85.48844,2025-08-07 14:00:00
84.0,92.29344,2025-08-07 14:00:00
105.0,113.081604,2025-08-07 14:00:00
100.0,95.36398,2025-08-07 14:00:00
111.0,98.9495,2025-08-07 15:00:00
147.0,84.405205,2025-08-07 15:00:00
72.0,126.58412,2025-08-07 15:00:00
99.0,83.99637,2025-08-07 15:00:00
92.0,99.95195,2025-08-07 16:00:00
105.0,81.852905,2025-08-07 16:00:00
103.0,95.46409,2025-08-07 16:00:00
111.0,135.83379,2025-08-07 16:00:00
102.0,76.1381,2025-08-07 17:00:00
116.0,119.32842,2025-08-07 17:00:00
114.0,96.3983,2025-08-07 17:00:00
122.0,134.45557,2025-08-07 17:00:00
155.0,95.66411,2025-08-07 18:00:00
118.0,126.93221,2025-08-07 18:00:00
96.0,81.00353,2025-08-07 18:00:00
121.0,116.641426,2025-08-07 18:00:00
160.0,146.13406,2025-08-07 19:00:00
139.0,135.49751,2025-08-07 19:00:00
114.0,114.5852,2025-08-07 19:00:00
70.0,93.48688,2025-08-07 19:00:00
171.0,150.98714,2025-08-07 20:00:00
139.0,139.30626,2025-08-07 20:00:00
244.0,139.5129,2025-08-07 20:00:00
125.0,104.44572,2025-08-07 20:00:00
150.0,117.336586,2025-08-07 21:00:00
285.0,193.64209,2025-08-07 21:00:00
144.0,138.25072,2025-08-07 21:00:00
216.0,143.9985,2025-08-07 21:00:00
183.0,156.31602,2025-08-07 22:00:00
140.0,110.98075,2025-08-07 22:00:00
179.0,141.60814,2025-08-07 22:00:00
279.0,168.36935,2025-08-07 22:00:00
172.0,125.76743,2025-08-07 23:00:00
263.0,181.64165,2025-08-07 23:00:00
226.0,162.6654,2025-08-07 23:00:00
153.0,136.7033,2025-08-07 23:00:00
182.0,97.660095,2025-08-08 00:00:00
206.0,124.82567,2025-08-08 00:00:00
144.0,128.03879,2025-08-08 00:00:00
149.0,104.00854,2025-08-08 00:00:00
103.0,136.43623,2025-08-08 01:00:00
100.0,131.92871,2025-08-08 01:00:00
106.0,95.426796,2025-08-08 01:00:00
106.0,96.71098,2025-08-08 01:00:00
70.0,87.052475,2025-08-08 02:00:00
107.0,80.07302,2025-08-08 02:00:00
83.0,99.43099,2025-08-08 02:00:00
122.0,112.798164,2025-08-08 02:00:00
112.0,165.05333,2025-08-08 03:00:00
51.0,73.09557,2025-08-08 03:00:00
79.0,90.27742,2025-08-08 03:00:00
70.0,77.326,2025-08-08 03:00:00
132.0,166.29216,2025-08-08 04:00:00
68.0,89.90656,2025-08-08 04:00:00
83.0,81.47228,2025-08-08 04:00:00
48.0,70.11826,2025-08-08 04:00:00
96.0,66.24685,2025-08-08 05:00:00
84.0,69.74313,2025-08-08 05:00:00
73.0,82.9226,2025-08-08 05:00:00
111.0,177.7099,2025-08-08 05:00:00
69.0,83.35288,2025-08-08 06:00:00
92.0,84.512794,2025-08-08 06:00:00
189.0,197.165,2025-08-08 06:00:00
100.0,67.61152,2025-08-08 06:00:00
161.0,115.04225,2025-08-08 07:00:00
90.0,89.15604,2025-08-08 07:00:00
185.0,78.66578,2025-08-08 07:00:00
182.0,176.01552,2025-08-08 07:00:00
190.0,115.36752,2025-08-08 08:00:00
157.0,182.21068,2025-08-08 08:00:00
90.0,85.79631,2025-08-08 08:00:00
105.0,112.802376,2025-08-08 08:00:00
114.0,113.56344,2025-08-08 09:00:00
144.0,151.92313,2025-08-08 09:00:00
135.0,144.33917,2025-08-08 09:00:00
89.0,101.01894,2025-08-08 09:00:00
139.0,121.9724,2025-08-08 10:00:00
124.0,99.3709,2025-08-08 10:00:00
97.0,91.46316,2025-08-08 10:00:00
135.0,163.3101,2025-08-08 10:00:00
128.0,98.23398,2025-08-08 11:00:00
66.0,147.7833,2025-08-08 11:00:00
117.0,106.86682,2025-08-08 11:00:00
63.0,85.21679,2025-08-08 11:00:00
105.0,175.68237,2025-08-08 12:00:00
121.0,89.45091,2025-08-08 12:00:00
125.0,93.47652,2025-08-08 12:00:00
145.0,99.0005,2025-08-08 12:00:00
113.0,93.64288,2025-08-08 13:00:00
105.0,98.35827,2025-08-08 13:00:00
162.0,109.56994,2025-08-08 13:00:00
136.0,127.52552,2025-08-08 13:00:00
158.0,95.991844,2025-08-08 14:00:00
152.0,130.00266,2025-08-08 14:00:00
122.0,103.15902,2025-08-08 14:00:00
116.0,94.7397,2025-08-08 14:00:00
117.0,87.73082,2025-08-08 15:00:00
191.0,135.20384,2025-08-08 15:00:00
160.0,82.59828,2025-08-08 15:00:00
155.0,98.57564,2025-08-08 15:00:00
265.0,143.2476,2025-08-08 16:00:00
108.0,80.67709,2025-08-08 16:00:00
133.0,96.76179,2025-08-08 16:00:00
107.0,90.33131,2025-08-08 16:00:00
129.0,102.065094,2025-08-08 17:00:00
125.0,82.51846,2025-08-08 17:00:00
263.0,142.57027,2025-08-08 17:00:00
103.0,111.34377,2025-08-08 17:00:00
96.0,103.22574,2025-08-08 18:00:00
123.0,88.17112,2025-08-08 18:00:00
254.0,113.62704,2025-08-08 18:00:00
132.0,105.76488,2025-08-08 18:00:00
232.0,136.1527,2025-08-08 19:00:00
240.0,146.80666,2025-08-08 19:00:00
121.0,87.23494,2025-08-08 19:00:00
96.0,96.44092,2025-08-08 19:00:00
268.0,123.15277,2025-08-08 20:00:00
205.0,126.17373,2025-08-08 20:00:00
150.0,99.74714,2025-08-08 20:00:00
96.0,99.57157,2025-08-08 20:00:00
96.0,105.15189,2025-08-08 21:00:00
189.0,108.61941,2025-08-08 21:00:00
219.0,127.89725,2025-08-08 21:00:00
168.0,163.13326,2025-08-08 21:00:00
190.0,125.34902,2025-08-08 22:00:00
197.0,109.6842,2025-08-08 22:00:00
133.0,179.8466,2025-08-08 22:00:00
211.0,132.48222,2025-08-08 22:00:00
153.0,100.30301,2025-08-08 23:00:00
204.0,112.95806,2025-08-08 23:00:00
143.0,182.44922,2025-08-08 23:00:00
174.0,144.87434,2025-08-08 23:00:00
156.0,102.15904,2025-08-09 00:00:00
114.0,94.78338,2025-08-09 00:00:00
135.75,100.063156,2025-08-09 00:00:00
163.0,201.7419,2025-08-09 00:00:00
122.0,108.70242,2025-08-09 01:00:00
172.0,206.67163,2025-08-09 01:00:00
91.0,90.3735,2025-08-09 01:00:00
96.0,90.44073,2025-08-09 01:00:00
97.0,96.603935,2025-08-09 02:00:00
85.0,83.654564,2025-08-09 02:00:00
92.0,92.7451,2025-08-09 02:00:00
237.0,211.82176,2025-08-09 02:00:00
63.0,87.96909,2025-08-09 03:00:00
57.0,71.15526,2025-08-09 03:00:00
234.0,195.93977,2025-08-09 03:00:00
89.0,90.17081,2025-08-09 03:00:00
57.0,76.60526,2025-08-09 04:00:00
29.0,93.820175,2025-08-09 04:00:00
39.0,84.82267,2025-08-09 04:00:00
67.0,177.63591,2025-08-09 04:00:00
39.0,180.20914,2025-08-09 05:00:00
20.0,88.50751,2025-08-09 05:00:00
57.0,63.478416,2025-08-09 05:00:00
28.0,75.76709,2025-08-09 05:00:00
39.0,203.76785,2025-08-09 06:00:00
38.0,82.31956,2025-08-09 06:00:00
27.0,113.01506,2025-08-09 06:00:00
20.0,106.91136,2025-08-09 06:00:00
39.0,236.45497,2025-08-09 07:00:00
147.0,91.300865,2025-08-09 07:00:00
33.0,128.03479,2025-08-09 07:00:00
18.0,126.19396,2025-08-09 07:00:00
39.0,254.48767,2025-08-09 08:00:00
41.0,125.660614,2025-08-09 08:00:00
30.0,121.534355,2025-08-09 08:00:00
93.5,113.6424,2025-08-09 08:00:00
38.0,127.17521,2025-08-09 09:00:00
45.0,101.76475,2025-08-09 09:00:00
20.0,224.56273,2025-08-09 09:00:00
46.0,130.67128,2025-08-09 09:00:00
50.0,97.73655,2025-08-09 10:00:00
46.0,134.52176,2025-08-09 10:00:00
39.0,112.46417,2025-08-09 10:00:00
53.0,196.26663,2025-08-09 10:00:00
67.0,139.60913,2025-08-09 11:00:00
45.0,124.68923,2025-08-09 11:00:00
52.0,205.2647,2025-08-09 11:00:00
7.0,108.10537,2025-08-09 11:00:00
136.0,167.12549,2025-08-09 12:00:00
81.0,118.87314,2025-08-09 12:00:00
66.0,121.06767,2025-08-09 12:00:00
72.0,88.74015,2025-08-09 12:00:00
128.0,189.88371,2025-08-09 13:00:00
114.0,108.02106,2025-08-09 13:00:00
95.0,110.071846,2025-08-09 13:00:00
89.0,99.580376,2025-08-09 14:00:00
121.5,81.084114,2025-08-09 14:00:00
128.0,155.95801,2025-08-09 14:00:00
158.0,96.847595,2025-08-09 14:00:00
117.0,147.1213,2025-08-09 15:00:00
128.5,86.44816,2025-08-09 15:00:00
100.0,111.8229,2025-08-09 15:00:00
160.0,94.716156,2025-08-09 15:00:00
135.0,94.94637,2025-08-09 16:00:00
101.0,106.18651,2025-08-09 16:00:00
107.5,81.40778,2025-08-09 16:00:00
108.0,190.92308,2025-08-09 16:00:00
63.0,181.71808,2025-08-09 17:00:00
107.5,74.20811,2025-08-09 17:00:00
99.0,106.22446,2025-08-09 17:00:00
156.0,90.45209,2025-08-09 17:00:00
195.0,84.63701,2025-08-09 18:00:00
114.0,108.56164,2025-08-09 18:00:00
103.5,78.67575,2025-08-09 18:00:00
68.0,170.44008,2025-08-09 18:00:00
134.0,84.663246,2025-08-09 19:00:00
110.0,83.945526,2025-08-09 19:00:00
106.0,187.88171,2025-08-09 19:00:00
123.0,110.51461,2025-08-09 19:00:00
146.0,157.05086,2025-08-09 20:00:00
128.0,101.11974,2025-08-09 20:00:00
215.0,109.395775,2025-08-09 20:00:00
119.0,93.588295,2025-08-09 20:00:00
146.5,100.84897,2025-08-09 21:00:00
240.0,115.4154,2025-08-09 21:00:00
132.0,111.164444,2025-08-09 21:00:00
173.0,164.48763,2025-08-09 21:00:00
129.0,101.50338,2025-08-09 22:00:00
291.0,168.30898,2025-08-09 22:00:00
195.5,98.615715,2025-08-09 22:00:00
235.0,133.82077,2025-08-09 22:00:00
223.0,126.9233,2025-08-09 23:00:00
195.5,97.413124,2025-08-09 23:00:00
304.0,208.52309,2025-08-09 23:00:00
133.0,109.18733,2025-08-09 23:00:00
124.0,99.66683,2025-08-10 00:00:00
158.0,81.28127,2025-08-10 00:00:00
204.0,192.12808,2025-08-10 00:00:00
298.0,88.28996,2025-08-10 00:00:00
183.0,192.51007,2025-08-10 01:00:00
146.0,99.66142,2025-08-10 01:00:00
254.0,81.76818,2025-08-10 01:00:00
158.0,79.75206,2025-08-10 01:00:00
158.0,195.33401,2025-08-10 02:00:00
102.0,78.17467,2025-08-10 02:00:00
105.0,95.28096,2025-08-10 02:00:00
195.0,79.47473,2025-08-10 02:00:00
174.0,72.151436,2025-08-10 03:00:00
92.0,87.10692,2025-08-10 03:00:00
116.0,134.94096,2025-08-10 03:00:00
113.0,68.02792,2025-08-10 03:00:00
208.0,59.001373,2025-08-10 04:00:00
99.0,84.4732,2025-08-10 04:00:00
95.0,63.191887,2025-08-10 04:00:00
139.0,144.28502,2025-08-10 04:00:00
119.0,60.279022,2025-08-10 05:00:00
100.0,95.15379,2025-08-10 05:00:00
168.0,53.064186,2025-08-10 05:00:00
191.0,154.63991,2025-08-10 05:00:00
132.0,83.59523,2025-08-10 06:00:00
182.0,145.03496,2025-08-10 06:00:00
135.0,56.23027,2025-08-10 06:00:00
172.0,72.57751,2025-08-10 06:00:00
255.0,172.5354,2025-08-10 07:00:00
135.0,94.0363,2025-08-10 07:00:00
226.0,80.86085,2025-08-10 07:00:00
184.0,75.103,2025-08-10 07:00:00
316.0,174.85863,2025-08-10 08:00:00
112.0,108.37738,2025-08-10 08:00:00
117.0,81.69403,2025-08-10 08:00:00
216.0,91.15444,2025-08-10 08:00:00
116.0,101.298744,2025-08-10 09:00:00
230.0,101.29052,2025-08-10 09:00:00
230.0,138.91548,2025-08-10 09:00:00
89.0,91.90577,2025-08-10 09:00:00
95.0,100.27555,2025-08-10 10:00:00
163.0,87.37515,2025-08-10 10:00:00
100.0,79.85102,2025-08-10 10:00:00
151.0,141.71567,2025-08-10 10:00:00
64.0,73.246254,2025-08-10 11:00:00
135.0,141.73253,2025-08-10 11:00:00
118.0,75.57282,2025-08-10 11:00:00
96.0,94.31708,2025-08-10 11:00:00
133.0,82.57799,2025-08-10 12:00:00
101.0,91.89818,2025-08-10 12:00:00
92.0,72.37339,2025-08-10 12:00:00
143.0,161.48465,2025-08-10 12:00:00
56.0,128.14975,2025-08-10 13:00:00
141.0,77.90019,2025-08-10 13:00:00
101.0,72.84019,2025-08-10 13:00:00
94.0,83.08652,2025-08-10 13:00:00
112.0,137.52724,2025-08-10 14:00:00
99.0,81.7687,2025-08-10 14:00:00
133.0,90.17744,2025-08-10 14:00:00
155.0,78.275764,2025-08-10 14:00:00
110.0,80.15446,2025-08-10 15:00:00
141.0,91.170616,2025-08-10 15:00:00
133.0,127.725006,2025-08-10 15:00:00
125.0,73.48695,2025-08-10 15:00:00
100.0,74.50558,2025-08-10 16:00:00
111.0,80.80396,2025-08-10 16:00:00
195.0,130.1754,2025-08-10 16:00:00
122.0,87.47688,2025-08-10 16:00:00
188.0,150.01608,2025-08-10 17:00:00
156.0,74.27017,2025-08-10 17:00:00
103.0,70.80431,2025-08-10 17:00:00
106.0,84.46133,2025-08-10 17:00:00
237.0,130.5093,2025-08-10 18:00:00
84.0,85.60227,2025-08-10 18:00:00
183.0,98.1609,2025-08-10 18:00:00
108.0,88.48896,2025-08-10 18:00:00
162.0,119.6607,2025-08-10 19:00:00
195.0,152.38104,2025-08-10 19:00:00
110.0,97.04668,2025-08-10 19:00:00
124.0,79.4519,2025-08-10 19:00:00
114.0,99.891304,2025-08-10 20:00:00
274.0,111.50702,2025-08-10 20:00:00
235.0,169.81079,2025-08-10 20:00:00
133.0,87.036575,2025-08-10 20:00:00
357.0,125.4379,2025-08-10 21:00:00
235.0,178.87933,2025-08-10 21:00:00
138.0,109.531364,2025-08-10 21:00:00
162.0,107.08631,2025-08-10 21:00:00
310.0,144.1917,2025-08-10 22:00:00
161.0,107.85574,2025-08-10 22:00:00
138.0,109.65766,2025-08-10 22:00:00
279.0,132.4237,2025-08-10 22:00:00
162.0,103.45743,2025-08-10 23:00:00
333.0,105.887794,2025-08-10 23:00:00
151.0,111.556206,2025-08-10 23:00:00
294.0,184.24664,2025-08-10 23:00:00
163.0,101.58025,2025-08-11 00:00:00
210.0,93.31974,2025-08-11 00:00:00
211.0,135.84393,2025-08-11 00:00:00
149.0,87.90677,2025-08-11 00:00:00
162.0,96.34689,2025-08-11 01:00:00
121.0,83.627106,2025-08-11 01:00:00
152.0,130.74579,2025-08-11 01:00:00
196.0,88.23728,2025-08-11 01:00:00
111.0,83.69263,2025-08-11 02:00:00
111.0,85.47256,2025-08-11 02:00:00
130.0,183.49536,2025-08-11 02:00:00
57.0,81.885864,2025-08-11 02:00:00
85.0,168.03693,2025-08-11 03:00:00
58.0,66.25879,2025-08-11 03:00:00
79.0,83.83423,2025-08-11 03:00:00
91.0,75.577995,2025-08-11 03:00:00
59.0,70.77211,2025-08-11 04:00:00
163.0,172.52676,2025-08-11 04:00:00
86.0,75.29526,2025-08-11 04:00:00
51.0,59.791847,2025-08-11 04:00:00
103.0,145.59378,2025-08-11 05:00:00
34.0,73.90704,2025-08-11 05:00:00
27.0,53.83786,2025-08-11 05:00:00
33.0,73.62563,2025-08-11 05:00:00
57.0,169.23697,2025-08-11 06:00:00
27.0,59.626297,2025-08-11 06:00:00
11.0,72.4144,2025-08-11 06:00:00
22.0,73.72437,2025-08-11 06:00:00
6.0,83.246544,2025-08-11 07:00:00
16.0,85.93224,2025-08-11 07:00:00
23.0,92.37733,2025-08-11 07:00:00
33.0,154.42712,2025-08-11 07:00:00
12.0,89.935005,2025-08-11 08:00:00
7.0,94.49391,2025-08-11 08:00:00
22.0,149.6045,2025-08-11 08:00:00
27.0,97.507774,2025-08-11 08:00:00
7.0,95.226006,2025-08-11 09:00:00
22.0,142.01407,2025-08-11 09:00:00
12.0,85.3748,2025-08-11 09:00:00
25.0,110.3475,2025-08-11 09:00:00
12.0,90.89671,2025-08-11 10:00:00
25.0,102.451675,2025-08-11 10:00:00
22.0,128.5159,2025-08-11 10:00:00
7.0,92.941765,2025-08-11 10:00:00
16.0,96.73397,2025-08-11 11:00:00
9.0,87.26903,2025-08-11 11:00:00
12.0,79.3789,2025-08-11 11:00:00
22.0,135.8798,2025-08-11 11:00:00
11.0,94.888084,2025-08-11 12:00:00
24.0,147.19843,2025-08-11 12:00:00
27.0,87.74396,2025-08-11 12:00:00
1.0,76.97256,2025-08-11 13:00:00
17.0,73.8769,2025-08-11 13:00:00
41.0,152.04048,2025-08-11 13:00:00
9.0,85.40807,2025-08-11 13:00:00
17.0,70.31431,2025-08-11 14:00:00
1.0,75.48372,2025-08-11 14:00:00
125.0,133.0138,2025-08-11 14:00:00
11.0,85.30548,2025-08-11 14:00:00
11.0,88.271126,2025-08-11 15:00:00
1.0,78.80817,2025-08-11 15:00:00
64.0,150.20914,2025-08-11 15:00:00
17.0,75.28339,2025-08-11 15:00:00
11.0,85.84779,2025-08-11 16:00:00
47.0,150.51657,2025-08-11 16:00:00
17.0,70.42766,2025-08-11 16:00:00
1.0,74.34839,2025-08-11 16:00:00
48.0,144.47368,2025-08-11 17:00:00
23.0,80.028885,2025-08-11 17:00:00
17.0,66.94509,2025-08-11 17:00:00
57.0,75.95615,2025-08-11 18:00:00
25.0,90.986786,2025-08-11 18:00:00
67.0,125.26977,2025-08-11 18:00:00
41.0,111.35048,2025-08-11 19:00:00
13.0,124.979454,2025-08-11 19:00:00
73.0,90.615395,2025-08-11 19:00:00
48.0,127.4339,2025-08-11 20:00:00
68.0,154.7019,2025-08-11 20:00:00
88.0,95.39094,2025-08-11 20:00:00
70.0,140.9083,2025-08-11 21:00:00
124.0,142.16133,2025-08-11 21:00:00
103.0,115.040665,2025-08-11 21:00:00
118.0,121.47364,2025-08-11 22:00:00
95.0,171.80975,2025-08-11 22:00:00
73.0,152.10638,2025-08-11 22:00:00
95.0,117.89852,2025-08-11 23:00:00
92.0,119.63845,2025-08-11 23:00:00
77.0,198.91513,2025-08-11 23:00:00
91.0,97.952484,2025-08-12 00:00:00
144.0,165.57503,2025-08-12 00:00:00
85.0,103.5533,2025-08-12 00:00:00
78.0,75.48003,2025-08-12 01:00:00
99.0,187.41763,2025-08-12 01:00:00
77.0,84.55839,2025-08-12 01:00:00
55.0,76.60089,2025-08-12 02:00:00
94.0,143.45433,2025-08-12 02:00:00
62.0,77.58524,2025-08-12 02:00:00
53.0,74.25704,2025-08-12 03:00:00
85.0,144.07318,2025-08-12 03:00:00
48.0,82.260056,2025-08-12 03:00:00
97.0,143.51842,2025-08-12 04:00:00
46.0,74.50671,2025-08-12 04:00:00
48.0,69.95147,2025-08-12 04:00:00
8.0,101.87333,2025-08-12 05:00:00
48.0,64.382,2025-08-12 05:00:00
59.0,64.37858,2025-08-12 05:00:00
8.0,103.87508,2025-08-12 06:00:00
57.0,95.07041,2025-08-12 06:00:00
51.0,69.509315,2025-08-12 06:00:00
59.0,117.87406,2025-08-12 07:00:00
97.0,104.20904,2025-08-12 07:00:00
89.0,135.5552,2025-08-12 07:00:00
97.0,152.64122,2025-08-12 08:00:00
88.0,110.96074,2025-08-12 08:00:00
80.0,94.954216,2025-08-12 08:00:00
90.0,87.389404,2025-08-12 09:00:00
90.0,107.90772,2025-08-12 09:00:00
121.0,159.5926,2025-08-12 09:00:00
175.0,155.47865,2025-08-12 10:00:00
92.0,104.235886,2025-08-12 10:00:00
90.0,96.951515,2025-08-12 10:00:00
119.0,177.61635,2025-08-12 11:00:00
96.0,109.52451,2025-08-12 11:00:00
88.0,95.14865,2025-08-12 11:00:00
45.0,84.33706,2025-08-12 12:00:00
81.0,139.80846,2025-08-12 12:00:00
75.0,94.64112,2025-08-12 12:00:00
63.0,91.30007,2025-08-12 13:00:00
61.0,154.86897,2025-08-12 13:00:00
38.0,74.55842,2025-08-12 13:00:00
38.0,78.21078,2025-08-12 14:00:00
99.0,101.0375,2025-08-12 14:00:00
52.0,129.25015,2025-08-12 14:00:00
38.0,86.361374,2025-08-12 15:00:00
68.0,107.86262,2025-08-12 15:00:00
52.0,123.62847,2025-08-12 15:00:00
52.0,125.1274,2025-08-12 16:00:00
69.0,98.36159,2025-08-12 16:00:00
44.0,77.90788,2025-08-12 16:00:00
83.0,105.86245,2025-08-12 17:00:00
36.0,78.011215,2025-08-12 17:00:00
52.0,124.39752,2025-08-12 17:00:00
53.0,75.773384,2025-08-12 18:00:00
69.0,128.71486,2025-08-12 18:00:00
103.0,109.06691,2025-08-12 18:00:00
122.0,142.03596,2025-08-12 19:00:00
117.0,131.20657,2025-08-12 19:00:00
89.0,85.07342,2025-08-12 19:00:00
151.0,147.4671,2025-08-12 20:00:00
107.0,97.89787,2025-08-12 20:00:00
130.0,117.52019,2025-08-12 20:00:00
114.0,109.8935,2025-08-12 21:00:00
143.0,183.85547,2025-08-12 21:00:00
152.0,153.12003,2025-08-12 21:00:00
172.0,127.33079,2025-08-12 22:00:00
117.0,182.30699,2025-08-12 22:00:00
129.0,114.86608,2025-08-12 22:00:00
123.0,113.90527,2025-08-12 23:00:00
132.0,155.55087,2025-08-12 23:00:00
158.0,123.066154,2025-08-12 23:00:00
125.0,127.28765,2025-08-13 00:00:00
125.0,101.84646,2025-08-13 00:00:00
116.0,125.90594,2025-08-13 00:00:00
118.0,117.96317,2025-08-13 01:00:00
39.0,123.15706,2025-08-13 01:00:00
97.0,97.833115,2025-08-13 01:00:00
112.0,106.196396,2025-08-13 02:00:00
92.0,83.459145,2025-08-13 02:00:00
99.0,120.45319,2025-08-13 02:00:00
106.0,100.84735,2025-08-13 03:00:00
85.0,74.56656,2025-08-13 03:00:00
113.0,121.48287,2025-08-13 03:00:00
102.0,91.07276,2025-08-13 04:00:00
121.0,135.94075,2025-08-13 04:00:00
74.0,69.84108,2025-08-13 04:00:00
121.0,141.85143,2025-08-13 05:00:00
99.0,66.87776,2025-08-13 05:00:00
72.0,61.31144,2025-08-13 05:00:00
64.0,64.91478,2025-08-13 06:00:00
105.0,72.34964,2025-08-13 06:00:00
155.0,152.1773,2025-08-13 06:00:00
129.0,159.75674,2025-08-13 07:00:00
73.0,96.75441,2025-08-13 07:00:00
143.0,100.29301,2025-08-13 07:00:00
128.0,131.5018,2025-08-13 08:00:00
102.0,132.05534,2025-08-13 08:00:00
72.0,108.90669,2025-08-13 08:00:00
90.0,139.69221,2025-08-13 09:00:00
77.0,107.740616,2025-08-13 09:00:00
128.0,140.11658,2025-08-13 09:00:00
81.0,143.44649,2025-08-13 10:00:00
182.0,120.79386,2025-08-13 10:00:00
68.0,96.720695,2025-08-13 10:00:00
81.0,123.73842,2025-08-13 11:00:00
66.0,92.93829,2025-08-13 11:00:00
153.0,112.32741,2025-08-13 11:00:00
67.0,104.66607,2025-08-13 12:00:00
39.0,144.67781,2025-08-13 12:00:00
127.0,112.19306,2025-08-13 12:00:00
64.0,145.47054,2025-08-13 13:00:00
73.0,93.56815,2025-08-13 13:00:00
195.0,114.42917,2025-08-13 13:00:00
62.0,92.02321,2025-08-13 14:00:00
145.0,121.02196,2025-08-13 14:00:00
79.0,145.45482,2025-08-13 14:00:00
64.0,87.09744,2025-08-13 15:00:00
85.0,124.36464,2025-08-13 15:00:00
121.0,155.29056,2025-08-13 15:00:00
162.0,168.6498,2025-08-13 16:00:00
55.0,118.59603,2025-08-13 16:00:00
68.0,88.88671,2025-08-13 16:00:00
97.0,141.2751,2025-08-13 17:00:00
90.0,79.44054,2025-08-13 17:00:00
101.0,121.06744,2025-08-13 17:00:00
119.0,120.74949,2025-08-13 18:00:00
51.0,84.25527,2025-08-13 18:00:00
67.0,163.16699,2025-08-13 18:00:00
57.0,98.49706,2025-08-13 19:00:00
70.0,130.97157,2025-08-13 19:00:00
102.0,144.74332,2025-08-13 19:00:00
76.5,60.986313,2025-08-13 20:00:00
106.0,88.28802,2025-08-13 20:00:00
85.0,143.28494,2025-08-13 20:00:00
88.0,152.64293,2025-08-13 20:00:00
116.0,102.60204,2025-08-13 21:00:00
76.0,85.92779,2025-08-13 21:00:00
59.0,193.73396,2025-08-13 21:00:00
116.0,132.0355,2025-08-13 21:00:00
114.0,138.221,2025-08-13 22:00:00
73.25,85.25431,2025-08-13 22:00:00
91.0,183.32677,2025-08-13 22:00:00
88.0,117.15916,2025-08-13 22:00:00
86.0,114.64168,2025-08-13 23:00:00
146.0,114.72156,2025-08-13 23:00:00
71.66666666666667,78.178986,2025-08-13 23:00:00
108.0,149.27841,2025-08-13 23:00:00
127.0,119.87943,2025-08-14 00:00:00
79.0,67.64551,2025-08-14 00:00:00
78.0,103.368645,2025-08-14 00:00:00
92.0,88.116425,2025-08-14 00:00:00
90.0,110.66692,2025-08-14 01:00:00
75.75,64.64049,2025-08-14 01:00:00
81.0,88.528175,2025-08-14 01:00:00
130.0,145.9565,2025-08-14 01:00:00
85.0,82.823654,2025-08-14 02:00:00
64.25,56.857765,2025-08-14 02:00:00
102.0,105.56422,2025-08-14 02:00:00
163.0,145.70998,2025-08-14 02:00:00
95.0,79.95878,2025-08-14 03:00:00
54.0,55.241554,2025-08-14 03:00:00
92.0,105.4663,2025-08-14 03:00:00
105.0,141.57793,2025-08-14 03:00:00
97.0,76.21274,2025-08-14 04:00:00
86.0,100.021904,2025-08-14 04:00:00
62.5,51.304756,2025-08-14 04:00:00
85.0,158.66255,2025-08-14 04:00:00
85.0,130.37372,2025-08-14 05:00:00
63.5,47.23876,2025-08-14 05:00:00
66.0,79.337105,2025-08-14 05:00:00
72.0,62.43392,2025-08-14 05:00:00
47.0,91.291885,2025-08-14 06:00:00
74.0,70.42739,2025-08-14 06:00:00
59.0,46.63948,2025-08-14 06:00:00
77.0,135.36215,2025-08-14 06:00:00
67.0,92.46811,2025-08-14 07:00:00
52.0,88.137764,2025-08-14 07:00:00
20.0,147.3405,2025-08-14 07:00:00
55.25,52.945194,2025-08-14 07:00:00
56.0,54.83323,2025-08-14 08:00:00
79.0,124.868706,2025-08-14 08:00:00
52.0,86.07701,2025-08-14 08:00:00
61.0,96.96893,2025-08-14 08:00:00
67.0,126.35461,2025-08-14 09:00:00
55.75,64.41277,2025-08-14 09:00:00
52.0,121.82337,2025-08-14 09:00:00
83.0,137.9914,2025-08-14 09:00:00
91.0,115.40236,2025-08-14 10:00:00
69.0,97.52239,2025-08-14 10:00:00
53.25,71.66039,2025-08-14 10:00:00
95.0,163.83229,2025-08-14 10:00:00
66.5,76.47977,2025-08-14 11:00:00
102.0,119.12873,2025-08-14 11:00:00
77.0,89.21119,2025-08-14 11:00:00
113.0,141.85257,2025-08-14 11:00:00
151.0,148.5046,2025-08-14 12:00:00
50.75,77.361855,2025-08-14 12:00:00
107.0,97.08604,2025-08-14 12:00:00
85.0,82.90339,2025-08-14 13:00:00
95.0,91.104904,2025-08-14 13:00:00
116.0,203.8898,2025-08-14 13:00:00
49.0,61.035732,2025-08-14 14:00:00
99.0,95.080894,2025-08-14 14:00:00
90.0,77.32666,2025-08-14 14:00:00
85.0,156.14735,2025-08-14 14:00:00
58.0,151.4508,2025-08-14 15:00:00
118.0,86.95314,2025-08-14 15:00:00
72.0,75.20771,2025-08-14 15:00:00
29.25,59.111237,2025-08-14 15:00:00
67.0,92.24439,2025-08-14 16:00:00
62.0,73.82098,2025-08-14 16:00:00
44.0,158.83458,2025-08-14 16:00:00
28.5,54.73341,2025-08-14 16:00:00
57.0,158.95844,2025-08-14 17:00:00
40.0,70.72351,2025-08-14 17:00:00
51.0,97.25234,2025-08-14 17:00:00
48.75,51.626915,2025-08-14 17:00:00
83.0,166.94487,2025-08-14 18:00:00
78.0,97.43297,2025-08-14 18:00:00
66.0,85.12222,2025-08-14 18:00:00
52.25,56.77497,2025-08-14 18:00:00
80.0,178.49109,2025-08-14 19:00:00
88.0,108.429054,2025-08-14 19:00:00
92.0,105.48807,2025-08-14 19:00:00
52.5,61.345303,2025-08-14 19:00:00
68.25,63.342724,2025-08-14 20:00:00
110.0,173.70862,2025-08-14 20:00:00
75.0,100.338554,2025-08-14 20:00:00
134.0,203.1984,2025-08-14 20:00:00
110.0,179.3096,2025-08-14 21:00:00
169.0,186.14832,2025-08-14 21:00:00
88.0,102.99654,2025-08-14 21:00:00
74.5,66.20519,2025-08-14 21:00:00
80.25,65.65665,2025-08-14 22:00:00
153.0,192.72067,2025-08-14 22:00:00
99.0,175.82863,2025-08-14 22:00:00
89.0,104.106186,2025-08-14 22:00:00
101.0,188.1658,2025-08-14 23:00:00
116.0,165.37152,2025-08-14 23:00:00
88.0,115.18622,2025-08-14 23:00:00
98.33333333333331,71.81749,2025-08-14 23:00:00
101.0,93.9193,2025-08-15 00:00:00
72.5,59.31531,2025-08-15 00:00:00
111.0,111.19562,2025-08-15 00:00:00
103.0,144.57793,2025-08-15 00:00:00
113.0,160.86739,2025-08-15 01:00:00
100.0,100.966324,2025-08-15 01:00:00
99.0,81.58077,2025-08-15 01:00:00
54.5,61.16061,2025-08-15 01:00:00
80.0,75.67037,2025-08-15 02:00:00
89.0,91.3364,2025-08-15 02:00:00
44.75,58.43477,2025-08-15 02:00:00
191.0,168.52975,2025-08-15 02:00:00
33.75,53.336987,2025-08-15 03:00:00
92.0,159.86278,2025-08-15 03:00:00
74.0,86.536736,2025-08-15 03:00:00
67.0,69.9454,2025-08-15 03:00:00
96.0,183.2292,2025-08-15 04:00:00
58.0,58.72651,2025-08-15 04:00:00
59.0,80.00547,2025-08-15 04:00:00
38.75,48.415028,2025-08-15 04:00:00
86.0,136.2565,2025-08-15 05:00:00
35.5,53.515423,2025-08-15 05:00:00
57.0,72.34463,2025-08-15 05:00:00
55.0,48.242523,2025-08-15 05:00:00
61.0,148.63464,2025-08-15 06:00:00
29.0,76.32917,2025-08-15 06:00:00
39.0,57.995144,2025-08-15 06:00:00
36.5,47.494026,2025-08-15 06:00:00
61.0,143.87474,2025-08-15 07:00:00
39.0,66.06299,2025-08-15 07:00:00
36.75,51.474236,2025-08-15 07:00:00
40.0,87.30256,2025-08-15 07:00:00
66.0,82.60948,2025-08-15 08:00:00
67.0,88.9002,2025-08-15 08:00:00
64.0,55.641415,2025-08-15 08:00:00
62.0,155.31831,2025-08-15 08:00:00
83.0,156.00586,2025-08-15 09:00:00
64.0,83.91626,2025-08-15 09:00:00
76.0,59.106792,2025-08-15 09:00:00
77.0,109.76606,2025-08-15 09:00:00
85.0,87.367905,2025-08-15 10:00:00
107.0,103.33273,2025-08-15 10:00:00
71.5,56.9821,2025-08-15 10:00:00
95.0,157.80655,2025-08-15 10:00:00
78.0,183.53758,2025-08-15 11:00:00
124.0,98.8148,2025-08-15 11:00:00
64.25,56.400024,2025-08-15 11:00:00
100.0,80.12111,2025-08-15 11:00:00
96.0,74.706215,2025-08-15 12:00:00
207.0,152.04085,2025-08-15 12:00:00
61.5,51.902153,2025-08-15 12:00:00
91.0,94.809715,2025-08-15 12:00:00
94.0,73.96381,2025-08-15 13:00:00
53.75,57.42048,2025-08-15 13:00:00
112.0,142.71811,2025-08-15 13:00:00
112.0,92.072205,2025-08-15 13:00:00
103.0,129.56197,2025-08-15 14:00:00
116.0,86.3312,2025-08-15 14:00:00
74.0,70.48266,2025-08-15 14:00:00
47.75,46.096653,2025-08-15 14:00:00
45.5,48.732548,2025-08-15 15:00:00
58.0,69.89346,2025-08-15 15:00:00
153.0,85.494835,2025-08-15 15:00:00
81.0,127.96334,2025-08-15 15:00:00
100.0,87.11567,2025-08-15 16:00:00
61.0,69.76959,2025-08-15 16:00:00
37.5,44.76492,2025-08-15 16:00:00
80.0,134.88737,2025-08-15 16:00:00
118.0,88.58012,2025-08-15 17:00:00
35.25,44.691532,2025-08-15 17:00:00
80.0,134.59827,2025-08-15 17:00:00
42.0,70.69326,2025-08-15 17:00:00
56.0,142.55655,2025-08-15 18:00:00
56.0,75.16004,2025-08-15 18:00:00
103.0,80.70462,2025-08-15 18:00:00
46.25,45.03296,2025-08-15 18:00:00
60.25,42.268936,2025-08-15 19:00:00
61.0,76.45504,2025-08-15 19:00:00
95.0,141.32709,2025-08-15 19:00:00
134.0,87.546555,2025-08-15 19:00:00
196.0,104.111435,2025-08-15 20:00:00
81.0,82.46555,2025-08-15 20:00:00
79.75,43.079037,2025-08-15 20:00:00
144.0,162.34303,2025-08-15 20:00:00
76.5,52.494442,2025-08-15 21:00:00
108.0,89.323235,2025-08-15 21:00:00
136.0,183.36462,2025-08-15 21:00:00
191.0,121.54125,2025-08-15 21:00:00
190.0,124.453926,2025-08-15 22:00:00
69.25,52.38576,2025-08-15 22:00:00
101.0,100.86704,2025-08-15 22:00:00
261.0,170.64017,2025-08-15 22:00:00
147.0,122.85781,2025-08-15 23:00:00
60.0,52.718117,2025-08-15 23:00:00
162.0,167.26382,2025-08-15 23:00:00
103.0,98.48058,2025-08-15 23:00:00
146.0,144.9898,2025-08-16 00:00:00
51.5,44.315826,2025-08-16 00:00:00
117.0,94.569824,2025-08-16 00:00:00
80.0,80.99396,2025-08-16 00:00:00
96.0,80.144455,2025-08-16 01:00:00
47.75,45.04303,2025-08-16 01:00:00
68.0,71.25197,2025-08-16 01:00:00
150.0,147.09312,2025-08-16 01:00:00
70.0,62.386364,2025-08-16 02:00:00
113.0,147.46297,2025-08-16 02:00:00
44.5,33.69225,2025-08-16 02:00:00
78.0,70.188866,2025-08-16 02:00:00
46.5,33.118347,2025-08-16 03:00:00
84.0,58.6863,2025-08-16 03:00:00
113.0,154.6503,2025-08-16 03:00:00
78.0,70.071075,2025-08-16 03:00:00
108.0,52.771637,2025-08-16 04:00:00
86.0,48.19583,2025-08-16 04:00:00
95.0,145.89299,2025-08-16 04:00:00
47.75,26.951551,2025-08-16 04:00:00
114.0,146.98218,2025-08-16 05:00:00
57.0,44.57756,2025-08-16 05:00:00
61.0,57.925365,2025-08-16 05:00:00
51.0,26.213812,2025-08-16 05:00:00
51.0,48.759087,2025-08-16 06:00:00
56.5,26.952278,2025-08-16 06:00:00
100.0,139.4939,2025-08-16 06:00:00
69.0,66.5993,2025-08-16 06:00:00
90.0,90.26721,2025-08-16 07:00:00
55.25,32.770866,2025-08-16 07:00:00
111.0,153.36427,2025-08-16 07:00:00
64.0,56.12069,2025-08-16 07:00:00
77.0,68.83107,2025-08-16 08:00:00
204.0,145.33191,2025-08-16 08:00:00
50.0,40.86695,2025-08-16 08:00:00
158.0,102.324425,2025-08-16 08:00:00
67.0,84.70093,2025-08-16 09:00:00
124.0,130.18318,2025-08-16 09:00:00
158.0,100.432014,2025-08-16 09:00:00
52.25,37.52674,2025-08-16 09:00:00
52.0,86.68452,2025-08-16 10:00:00
140.0,102.231766,2025-08-16 10:00:00
94.0,124.334145,2025-08-16 10:00:00
48.25,39.09323,2025-08-16 10:00:00
89.0,168.5863,2025-08-16 11:00:00
135.0,93.73196,2025-08-16 11:00:00
34.75,43.50797,2025-08-16 11:00:00
53.0,73.54095,2025-08-16 11:00:00
106.0,90.836685,2025-08-16 12:00:00
57.0,72.183945,2025-08-16 12:00:00
66.0,139.12482,2025-08-16 12:00:00
32.75,39.43382,2025-08-16 12:00:00
57.0,71.419365,2025-08-16 13:00:00
118.0,94.20521,2025-08-16 13:00:00
38.0,40.73789,2025-08-16 13:00:00
66.0,148.06874,2025-08-16 13:00:00
134.0,97.83026,2025-08-16 14:00:00
20.5,54.707382,2025-08-16 14:00:00
81.0,122.42083,2025-08-16 14:00:00
68.0,72.47431,2025-08-16 14:00:00
68.0,72.20864,2025-08-16 15:00:00
45.0,86.28309,2025-08-16 15:00:00
57.0,134.46402,2025-08-16 15:00:00
20.5,52.86028,2025-08-16 15:00:00
59.0,68.870514,2025-08-16 16:00:00
27.0,82.753365,2025-08-16 16:00:00
102.0,156.09727,2025-08-16 16:00:00
51.0,52.949757,2025-08-16 16:00:00
130.0,147.02028,2025-08-16 17:00:00
64.5,36.76246,2025-08-16 17:00:00
72.0,69.719696,2025-08-16 17:00:00
48.0,85.49922,2025-08-16 17:00:00
190.0,130.38995,2025-08-16 18:00:00
113.0,69.70848,2025-08-16 18:00:00
53.75,39.44999,2025-08-16 18:00:00
89.0,73.77636,2025-08-16 18:00:00
123.0,73.802574,2025-08-16 19:00:00
77.0,88.55197,2025-08-16 19:00:00
41.25,43.20759,2025-08-16 19:00:00
116.0,125.64935,2025-08-16 19:00:00
72.0,83.852486,2025-08-16 20:00:00
78.0,123.70286,2025-08-16 20:00:00
69.0,101.98294,2025-08-16 20:00:00
42.5,54.992092,2025-08-16 20:00:00
79.0,111.11732,2025-08-16 21:00:00
72.0,87.18363,2025-08-16 21:00:00
47.0,60.780857,2025-08-16 21:00:00
101.0,122.31598,2025-08-16 21:00:00
84.0,121.90274,2025-08-16 22:00:00
95.0,92.40981,2025-08-16 22:00:00
53.75,63.03668,2025-08-16 22:00:00
122.0,143.22435,2025-08-16 22:00:00
64.33333333333333,67.23578,2025-08-16 23:00:00
122.0,142.37761,2025-08-16 23:00:00
88.0,116.1563,2025-08-16 23:00:00
100.0,83.82599,2025-08-16 23:00:00
101.0,111.94639,2025-08-17 00:00:00
67.5,59.564537,2025-08-17 00:00:00
89.0,63.66278,2025-08-17 00:00:00
97.0,97.177765,2025-08-17 00:00:00
57.5,55.451637,2025-08-17 01:00:00
91.0,87.189064,2025-08-17 01:00:00
188.0,142.89062,2025-08-17 01:00:00
79.0,53.843353,2025-08-17 01:00:00
50.0,53.526947,2025-08-17 02:00:00
50.0,59.489082,2025-08-17 02:00:00
68.0,80.74804,2025-08-17 02:00:00
121.0,131.10504,2025-08-17 02:00:00
37.75,48.202232,2025-08-17 03:00:00
67.0,60.131416,2025-08-17 03:00:00
112.0,131.87848,2025-08-17 03:00:00
75.0,76.57419,2025-08-17 03:00:00
32.0,48.849865,2025-08-17 04:00:00
59.0,77.54702,2025-08-17 04:00:00
57.0,53.482433,2025-08-17 04:00:00
177.0,105.34439,2025-08-17 04:00:00
51.0,50.562283,2025-08-17 05:00:00
85.0,111.00708,2025-08-17 05:00:00
58.0,70.91383,2025-08-17 05:00:00
29.75,44.24291,2025-08-17 05:00:00
58.0,111.95728,2025-08-17 06:00:00
48.0,69.18327,2025-08-17 06:00:00
41.0,50.169754,2025-08-17 06:00:00
33.0,44.032734,2025-08-17 06:00:00
70.0,90.58282,2025-08-17 07:00:00
30.0,47.478214,2025-08-17 07:00:00
36.75,47.348736,2025-08-17 07:00:00
61.0,116.97894,2025-08-17 07:00:00
73.0,119.82906,2025-08-17 08:00:00
48.0,68.30224,2025-08-17 08:00:00
84.0,107.12434,2025-08-17 08:00:00
40.5,54.33747,2025-08-17 08:00:00
44.0,50.09901,2025-08-17 09:00:00
42.5,52.11086,2025-08-17 09:00:00
73.0,124.90884,2025-08-17 09:00:00
96.0,112.68178,2025-08-17 09:00:00
46.75,55.83433,2025-08-17 10:00:00
61.0,139.57677,2025-08-17 10:00:00
48.0,65.65322,2025-08-17 10:00:00
72.0,112.63302,2025-08-17 10:00:00
102.0,108.39323,2025-08-17 11:00:00
73.0,175.16316,2025-08-17 11:00:00
35.25,53.34848,2025-08-17 11:00:00
40.0,70.65715,2025-08-17 11:00:00
48.0,71.89435,2025-08-17 12:00:00
75.0,170.45517,2025-08-17 12:00:00
88.0,105.38779,2025-08-17 12:00:00
36.0,51.17875,2025-08-17 12:00:00
84.0,172.19075,2025-08-17 13:00:00
96.0,101.08217,2025-08-17 13:00:00
42.0,75.16626,2025-08-17 13:00:00
32.75,54.102345,2025-08-17 13:00:00
55.0,65.66746,2025-08-17 14:00:00
122.0,88.78055,2025-08-17 14:00:00
207.0,147.01643,2025-08-17 14:00:00
32.25,52.615948,2025-08-17 14:00:00
26.75,44.896175,2025-08-17 15:00:00
125.0,85.34754,2025-08-17 15:00:00
45.0,65.50173,2025-08-17 15:00:00
129.0,126.08206,2025-08-17 15:00:00
97.0,132.90436,2025-08-17 16:00:00
28.5,38.880898,2025-08-17 16:00:00
41.0,60.918198,2025-08-17 16:00:00
81.0,79.285706,2025-08-17 16:00:00
32.75,46.22063,2025-08-17 17:00:00
86.0,140.49796,2025-08-17 17:00:00
39.0,53.81605,2025-08-17 17:00:00
78.0,73.73448,2025-08-17 17:00:00
50.0,56.91635,2025-08-17 18:00:00
96.0,135.82507,2025-08-17 18:00:00
31.75,46.59769,2025-08-17 18:00:00
94.0,83.29489,2025-08-17 18:00:00
118.0,71.27601,2025-08-17 19:00:00
96.0,136.73819,2025-08-17 19:00:00
111.0,78.18944,2025-08-17 19:00:00
40.25,46.102196,2025-08-17 19:00:00
46.0,65.06291,2025-08-17 19:00:00
36.0,166.1448,2025-08-17 20:00:00
41.75,52.902924,2025-08-17 20:00:00
67.0,72.61624,2025-08-17 20:00:00
103.0,117.18597,2025-08-17 20:00:00
107.0,83.04773,2025-08-17 20:00:00
86.0,88.635155,2025-08-17 21:00:00
77.0,66.628296,2025-08-17 21:00:00
78.0,211.17996,2025-08-17 21:00:00
114.0,109.79582,2025-08-17 21:00:00
48.5,50.547703,2025-08-17 21:00:00
88.0,185.63866,2025-08-17 22:00:00
83.0,130.5304,2025-08-17 22:00:00
78.0,68.4429,2025-08-17 22:00:00
48.5,51.715332,2025-08-17 22:00:00
77.0,121.83094,2025-08-17 22:00:00
43.0,47.76579,2025-08-17 23:00:00
102.0,112.38965,2025-08-17 23:00:00
42.0,77.15234,2025-08-17 23:00:00
80.0,128.5227,2025-08-17 23:00:00
88.0,185.86069,2025-08-17 23:00:00
196.0,137.8718,2025-08-18 00:00:00
102.0,115.28451,2025-08-18 00:00:00
53.0,78.88712,2025-08-18 00:00:00
41.0,49.13584,2025-08-18 00:00:00
68.0,106.10001,2025-08-18 00:00:00
58.0,88.37949,2025-08-18 01:00:00
41.0,79.869095,2025-08-18 01:00:00
40.0,54.56587,2025-08-18 01:00:00
84.0,99.48591,2025-08-18 01:00:00
114.0,158.08891,2025-08-18 01:00:00
78.0,175.76251,2025-08-18 02:00:00
46.0,87.10122,2025-08-18 02:00:00
61.0,106.179924,2025-08-18 02:00:00
45.0,65.70251,2025-08-18 02:00:00
41.0,38.50477,2025-08-18 02:00:00
44.0,54.00474,2025-08-18 03:00:00
51.0,153.1871,2025-08-18 03:00:00
42.0,63.97139,2025-08-18 03:00:00
38.5,37.54432,2025-08-18 03:00:00
59.0,70.74612,2025-08-18 03:00:00
69.0,136.22192,2025-08-18 04:00:00
72.0,70.145935,2025-08-18 04:00:00
47.0,59.87648,2025-08-18 04:00:00
42.0,42.172497,2025-08-18 04:00:00
34.5,31.740715,2025-08-18 04:00:00
66.0,45.108597,2025-08-18 05:00:00
32.25,31.154686,2025-08-18 05:00:00
72.0,71.41175,2025-08-18 05:00:00
53.0,64.45007,2025-08-18 05:00:00
69.0,131.27254,2025-08-18 05:00:00
50.0,37.069035,2025-08-18 06:00:00
67.0,61.928192,2025-08-18 06:00:00
44.75,30.257156,2025-08-18 06:00:00
55.0,131.5318,2025-08-18 06:00:00
103.0,87.5331,2025-08-18 06:00:00
46.0,45.634327,2025-08-18 07:00:00
46.25,36.0961,2025-08-18 07:00:00
110.0,129.12329,2025-08-18 07:00:00
132.0,99.49661,2025-08-18 07:00:00
90.0,84.55077,2025-08-18 07:00:00
56.0,70.02685,2025-08-18 08:00:00
122.0,129.10765,2025-08-18 08:00:00
136.0,103.21891,2025-08-18 08:00:00
51.5,51.424408,2025-08-18 08:00:00
129.0,118.00004,2025-08-18 08:00:00
121.0,105.16782,2025-08-18 09:00:00
55.0,71.96074,2025-08-18 09:00:00
54.75,44.36268,2025-08-18 09:00:00
117.0,122.917816,2025-08-18 09:00:00
132.0,137.66922,2025-08-18 09:00:00
46.75,38.351105,2025-08-18 10:00:00
207.0,142.89221,2025-08-18 10:00:00
53.0,68.81942,2025-08-18 10:00:00
112.0,102.371445,2025-08-18 10:00:00
106.0,86.918205,2025-08-18 10:00:00
150.0,128.33087,2025-08-18 11:00:00
134.0,94.14053,2025-08-18 11:00:00
77.0,70.73254,2025-08-18 11:00:00
102.0,111.367546,2025-08-18 11:00:00
34.25,34.713093,2025-08-18 11:00:00
110.0,91.86298,2025-08-18 12:00:00
79.0,119.496185,2025-08-18 12:00:00
114.0,144.55835,2025-08-18 12:00:00
67.0,70.92463,2025-08-18 12:00:00
29.5,39.74784,2025-08-18 12:00:00
56.0,69.37755,2025-08-18 13:00:00
68.0,105.84419,2025-08-18 13:00:00
81.0,116.89699,2025-08-18 13:00:00
31.0,40.963875,2025-08-18 13:00:00
119.0,83.94719,2025-08-18 13:00:00
96.0,86.59717,2025-08-18 14:00:00
64.0,96.13728,2025-08-18 14:00:00
58.0,67.985985,2025-08-18 14:00:00
39.0,51.357418,2025-08-18 14:00:00
79.0,119.63946,2025-08-18 14:00:00
42.75,50.06764,2025-08-18 15:00:00
78.0,61.12129,2025-08-18 15:00:00
138.0,90.00703,2025-08-18 15:00:00
79.0,118.406456,2025-08-18 15:00:00
30.5,40.43087,2025-08-18 16:00:00
30.0,109.28169,2025-08-18 16:00:00
96.0,69.2871,2025-08-18 16:00:00
58.0,48.879993,2025-08-18 16:00:00
88.0,101.72242,2025-08-18 17:00:00
33.0,44.544052,2025-08-18 17:00:00
33.75,39.741974,2025-08-18 17:00:00
70.0,72.47609,2025-08-18 17:00:00
38.0,47.462307,2025-08-18 18:00:00
128.0,83.31356,2025-08-18 18:00:00
47.0,54.82214,2025-08-18 18:00:00
64.0,79.86699,2025-08-18 18:00:00
129.0,126.85156,2025-08-18 18:00:00
50.0,64.88228,2025-08-18 19:00:00
46.75,50.75609,2025-08-18 19:00:00
106.0,152.88036,2025-08-18 19:00:00
144.0,93.59735,2025-08-18 19:00:00
70.0,84.08248,2025-08-18 19:00:00
45.0,99.722145,2025-08-18 20:00:00
135.0,132.58711,2025-08-18 20:00:00
59.75,57.676846,2025-08-18 20:00:00
218.0,152.89142,2025-08-18 20:00:00
50.0,68.948326,2025-08-18 20:00:00
218.0,181.31517,2025-08-18 21:00:00
125.0,86.1718,2025-08-18 21:00:00
66.0,111.59719,2025-08-18 21:00:00
151.0,125.3758,2025-08-18 21:00:00
61.0,61.367928,2025-08-18 21:00:00
150.0,127.71897,2025-08-18 22:00:00
86.0,102.120285,2025-08-18 22:00:00
103.0,84.271065,2025-08-18 22:00:00
230.0,198.45433,2025-08-18 22:00:00
63.25,59.10387,2025-08-18 22:00:00
174.0,127.93412,2025-08-18 23:00:00
65.66666666666667,52.4601,2025-08-18 23:00:00
91.0,148.26102,2025-08-18 23:00:00
96.0,91.79882,2025-08-18 23:00:00
144.0,172.08836,2025-08-18 23:00:00
91.0,117.36953,2025-08-19 00:00:00
151.0,132.08592,2025-08-19 00:00:00
69.0,58.69244,2025-08-19 00:00:00
94.0,93.50854,2025-08-19 00:00:00
114.0,109.010345,2025-08-19 00:00:00
113.0,90.27298,2025-08-19 01:00:00
88.0,77.994804,2025-08-19 01:00:00
9.0,154.82738,2025-08-19 01:00:00
91.0,104.10114,2025-08-19 01:00:00
56.75,58.59068,2025-08-19 01:00:00
103.0,93.29635,2025-08-19 02:00:00
112.0,72.859055,2025-08-19 02:00:00
151.0,151.09871,2025-08-19 02:00:00
53.75,55.367046,2025-08-19 02:00:00
91.0,98.4487,2025-08-19 02:00:00
199.0,128.32466,2025-08-19 03:00:00
51.25,47.948074,2025-08-19 03:00:00
99.0,82.954155,2025-08-19 03:00:00
80.0,58.55774,2025-08-19 03:00:00
47.5,44.720352,2025-08-19 04:00:00
190.0,137.22473,2025-08-19 04:00:00
69.0,53.820057,2025-08-19 04:00:00
125.0,76.87544,2025-08-19 04:00:00
202.0,155.6412,2025-08-19 05:00:00
68.0,45.379406,2025-08-19 05:00:00
48.75,47.20378,2025-08-19 05:00:00
107.0,68.98422,2025-08-19 05:00:00
348.0,147.55725,2025-08-19 06:00:00
65.75,42.40585,2025-08-19 06:00:00
95.0,78.002205,2025-08-19 06:00:00
78.0,48.407665,2025-08-19 06:00:00
318.0,148.15068,2025-08-19 07:00:00
177.0,97.00281,2025-08-19 07:00:00
111.5,49.112484,2025-08-19 07:00:00
105.0,69.402176,2025-08-19 07:00:00
161.0,116.57492,2025-08-19 08:00:00
155.0,61.203217,2025-08-19 08:00:00
132.25,51.61393,2025-08-19 08:00:00
240.0,144.22644,2025-08-19 08:00:00
160.0,113.11041,2025-08-19 09:00:00
194.0,135.5931,2025-08-19 09:00:00
190.0,71.84438,2025-08-19 09:00:00
105.25,49.14957,2025-08-19 09:00:00
97.0,157.09746,2025-08-19 10:00:00
60.25,52.88627,2025-08-19 10:00:00
160.0,109.99478,2025-08-19 10:00:00
132.0,59.611816,2025-08-19 10:00:00
57.5,51.278236,2025-08-19 11:00:00
145.0,102.30392,2025-08-19 11:00:00
144.0,60.577187,2025-08-19 11:00:00
97.0,140.35106,2025-08-19 11:00:00
139.0,70.97774,2025-08-19 12:00:00
160.0,98.270096,2025-08-19 12:00:00
129.0,128.01314,2025-08-19 12:00:00
41.5,47.590527,2025-08-19 12:00:00
35.75,47.452957,2025-08-19 13:00:00
118.0,107.14266,2025-08-19 13:00:00
84.0,66.86631,2025-08-19 13:00:00
179.0,142.24864,2025-08-19 13:00:00
95.0,77.60415,2025-08-19 14:00:00
179.0,89.38218,2025-08-19 14:00:00
51.0,61.81839,2025-08-19 14:00:00
30.75,48.597336,2025-08-19 14:00:00
58.0,130.36502,2025-08-19 14:00:00
99.0,83.683136,2025-08-19 15:00:00
52.0,59.1131,2025-08-19 15:00:00
100.0,125.452385,2025-08-19 15:00:00
47.5,49.538715,2025-08-19 15:00:00
143.0,86.755135,2025-08-19 15:00:00
95.0,87.90021,2025-08-19 16:00:00
55.0,58.11077,2025-08-19 16:00:00
322.0,119.404175,2025-08-19 16:00:00
60.75,46.770287,2025-08-19 16:00:00
92.0,89.08452,2025-08-19 16:00:00
96.0,78.18555,2025-08-19 17:00:00
58.25,46.23487,2025-08-19 17:00:00
129.0,85.09198,2025-08-19 17:00:00
72.0,55.97555,2025-08-19 17:00:00
265.0,137.44867,2025-08-19 17:00:00
103.0,96.98601,2025-08-19 18:00:00
70.0,48.407276,2025-08-19 18:00:00
175.0,137.72597,2025-08-19 18:00:00
75.0,65.85562,2025-08-19 18:00:00
113.0,90.00282,2025-08-19 18:00:00
130.0,105.61846,2025-08-19 19:00:00
202.0,141.7736,2025-08-19 19:00:00
125.0,102.14755,2025-08-19 19:00:00
79.0,82.83828,2025-08-19 19:00:00
83.5,48.262775,2025-08-19 19:00:00
122.0,107.152565,2025-08-19 20:00:00
79.5,51.065136,2025-08-19 20:00:00
230.0,147.39993,2025-08-19 20:00:00
89.0,87.00658,2025-08-19 20:00:00
157.0,136.74828,2025-08-19 20:00:00
140.0,128.68428,2025-08-19 21:00:00
100.0,78.13362,2025-08-19 21:00:00
91.0,145.90425,2025-08-19 21:00:00
149.0,139.21175,2025-08-19 21:00:00
84.5,55.079536,2025-08-19 21:00:00
91.5,60.13579,2025-08-19 22:00:00
153.0,120.340294,2025-08-19 22:00:00
88.0,174.07405,2025-08-19 22:00:00
127.0,79.75173,2025-08-19 22:00:00
171.0,136.17624,2025-08-19 22:00:00
129.0,78.3348,2025-08-19 23:00:00
143.0,163.20348,2025-08-19 23:00:00
91.0,62.32463,2025-08-19 23:00:00
178.0,134.9082,2025-08-19 23:00:00
174.0,109.343956,2025-08-20 00:00:00
78.75,65.1747,2025-08-20 00:00:00
113.0,86.82287,2025-08-20 00:00:00
151.0,141.76514,2025-08-20 00:00:00
71.0,54.96844,2025-08-20 01:00:00
99.0,148.84137,2025-08-20 01:00:00
132.0,109.95668,2025-08-20 01:00:00
83.0,79.5588,2025-08-20 01:00:00
58.75,51.628483,2025-08-20 02:00:00
102.0,96.479935,2025-08-20 02:00:00
194.0,137.6758,2025-08-20 02:00:00
97.0,77.39876,2025-08-20 02:00:00
90.0,68.87595,2025-08-20 03:00:00
111.0,138.80789,2025-08-20 03:00:00
86.0,91.23029,2025-08-20 03:00:00
57.5,49.398438,2025-08-20 03:00:00
55.5,45.137486,2025-08-20 04:00:00
90.0,86.42896,2025-08-20 04:00:00
81.0,146.12752,2025-08-20 04:00:00
57.0,64.7409,2025-08-20 04:00:00
41.0,58.89387,2025-08-20 05:00:00
62.0,80.52273,2025-08-20 05:00:00
69.0,133.32732,2025-08-20 05:00:00
50.0,53.721386,2025-08-20 05:00:00
34.0,68.54004,2025-08-20 06:00:00
80.0,143.32234,2025-08-20 06:00:00
48.5,48.896362,2025-08-20 06:00:00
50.0,74.57061,2025-08-20 06:00:00
151.0,96.54717,2025-08-20 07:00:00
80.0,140.48592,2025-08-20 07:00:00
51.0,77.09844,2025-08-20 07:00:00
54.25,57.037914,2025-08-20 07:00:00
56.0,59.39529,2025-08-20 08:00:00
34.0,147.98216,2025-08-20 08:00:00
121.0,113.85972,2025-08-20 08:00:00
42.0,82.5638,2025-08-20 08:00:00
53.5,59.194584,2025-08-20 09:00:00
95.0,143.5053,2025-08-20 09:00:00
152.0,118.50738,2025-08-20 09:00:00
61.0,93.821304,2025-08-20 09:00:00
118.0,152.04034,2025-08-20 10:00:00
43.75,76.29942,2025-08-20 10:00:00
138.0,116.137215,2025-08-20 10:00:00
86.0,88.705635,2025-08-20 10:00:00
90.0,80.13047,2025-08-20 11:00:00
124.0,155.00221,2025-08-20 11:00:00
141.0,110.940895,2025-08-20 11:00:00
41.0,65.46447,2025-08-20 11:00:00
75.0,84.63474,2025-08-20 12:00:00
200.0,134.26634,2025-08-20 12:00:00
141.0,107.655624,2025-08-20 12:00:00
41.75,60.452488,2025-08-20 12:00:00
141.0,97.5311,2025-08-20 13:00:00
88.0,79.436386,2025-08-20 13:00:00
41.5,57.82325,2025-08-20 13:00:00
200.0,137.62279,2025-08-20 13:00:00
63.0,81.39976,2025-08-20 14:00:00
129.0,140.22404,2025-08-20 14:00:00
108.0,98.68419,2025-08-20 14:00:00
40.75,59.2348,2025-08-20 14:00:00
97.0,93.54843,2025-08-20 15:00:00
66.0,79.93088,2025-08-20 15:00:00
135.0,129.08025,2025-08-20 15:00:00
39.5,60.475155,2025-08-20 15:00:00
101.0,137.4026,2025-08-20 16:00:00
42.0,77.04193,2025-08-20 16:00:00
57.0,78.034836,2025-08-20 16:00:00
35.75,52.42513,2025-08-20 16:00:00
24.75,53.323067,2025-08-20 17:00:00
41.0,97.8076,2025-08-20 17:00:00
28.0,77.456474,2025-08-20 17:00:00
35.0,82.80257,2025-08-20 17:00:00
101.0,141.4174,2025-08-20 17:00:00
41.0,98.049904,2025-08-20 18:00:00
96.0,143.82764,2025-08-20 18:00:00
40.0,80.05201,2025-08-20 18:00:00
13.75,50.721325,2025-08-20 18:00:00
27.0,83.16042,2025-08-20 18:00:00
35.0,76.891556,2025-08-20 19:00:00
24.0,105.4393,2025-08-20 19:00:00
41.0,99.759796,2025-08-20 19:00:00
12.25,59.262207,2025-08-20 19:00:00
77.0,140.51205,2025-08-20 19:00:00
22.0,121.22206,2025-08-20 20:00:00
101.0,136.45337,2025-08-20 20:00:00
18.5,62.61957,2025-08-20 20:00:00
35.0,83.50242,2025-08-20 20:00:00
34.0,160.5995,2025-08-20 21:00:00
33.0,107.51846,2025-08-20 21:00:00
35.0,86.43619,2025-08-20 21:00:00
29.5,63.536465,2025-08-20 21:00:00
34.0,168.13,2025-08-20 22:00:00
54.5,65.21784,2025-08-20 22:00:00
48.0,85.3193,2025-08-20 22:00:00
35.0,118.03206,2025-08-20 22:00:00
61.0,160.03722,2025-08-20 23:00:00
48.0,81.60078,2025-08-20 23:00:00
31.0,114.72104,2025-08-20 23:00:00
103.33333333333331,67.48462,2025-08-20 23:00:00
69.75,60.139027,2025-08-21 00:00:00
56.0,78.40189,2025-08-21 00:00:00
30.0,162.36356,2025-08-21 00:00:00
20.0,101.00671,2025-08-21 00:00:00
44.0,59.009636,2025-08-21 01:00:00
40.0,97.172646,2025-08-21 01:00:00
68.0,174.81383,2025-08-21 01:00:00
64.0,72.67938,2025-08-21 01:00:00
69.75,58.347458,2025-08-21 02:00:00
25.0,73.75493,2025-08-21 02:00:00
72.0,96.93438,2025-08-21 02:00:00
39.0,158.53458,2025-08-21 02:00:00
35.0,80.49114,2025-08-21 03:00:00
25.0,64.28399,2025-08-21 03:00:00
39.0,126.93492,2025-08-21 03:00:00
65.25,54.03563,2025-08-21 03:00:00
90.0,54.383923,2025-08-21 04:00:00
39.0,128.43993,2025-08-21 04:00:00
46.5,46.230564,2025-08-21 04:00:00
29.0,75.58714,2025-08-21 04:00:00
83.0,129.03496,2025-08-21 05:00:00
29.0,71.14512,2025-08-21 05:00:00
58.0,60.94808,2025-08-21 05:00:00
41.75,45.983868,2025-08-21 05:00:00
49.25,42.047665,2025-08-21 06:00:00
40.0,52.751583,2025-08-21 06:00:00
83.0,142.91267,2025-08-21 06:00:00
29.0,73.50369,2025-08-21 06:00:00
80.0,61.66525,2025-08-21 07:00:00
29.0,101.779366,2025-08-21 07:00:00
105.0,148.00677,2025-08-21 07:00:00
52.0,52.132217,2025-08-21 07:00:00
54.0,53.46295,2025-08-21 08:00:00
55.0,66.93368,2025-08-21 08:00:00
171.0,144.82748,2025-08-21 08:00:00
66.0,67.883354,2025-08-21 09:00:00
103.0,172.22493,2025-08-21 09:00:00
48.0,56.373543,2025-08-21 09:00:00
78.0,182.10274,2025-08-21 10:00:00
36.5,59.913536,2025-08-21 10:00:00
48.0,63.23308,2025-08-21 10:00:00
27.0,67.53313,2025-08-21 11:00:00
58.0,181.61392,2025-08-21 11:00:00
35.75,54.916603,2025-08-21 11:00:00
74.0,152.9401,2025-08-21 12:00:00
40.0,61.293476,2025-08-21 12:00:00
29.0,95.97972,2025-08-21 12:00:00
31.0,52.884384,2025-08-21 12:00:00
29.0,82.447174,2025-08-21 13:00:00
36.0,55.291233,2025-08-21 13:00:00
74.0,146.18135,2025-08-21 13:00:00
30.5,47.607327,2025-08-21 13:00:00
40.0,62.113724,2025-08-21 14:00:00
27.0,143.35722,2025-08-21 14:00:00
41.0,87.34984,2025-08-21 14:00:00
27.25,46.035465,2025-08-21 14:00:00
61.0,147.35873,2025-08-21 15:00:00
22.0,65.00193,2025-08-21 15:00:00
42.0,93.069214,2025-08-21 15:00:00
25.0,44.463943,2025-08-21 15:00:00
29.75,45.345703,2025-08-21 16:00:00
75.0,163.14775,2025-08-21 16:00:00
42.0,81.677734,2025-08-21 16:00:00
52.0,84.324844,2025-08-21 16:00:00
30.0,59.94799,2025-08-21 16:00:00
42.0,85.91929,2025-08-21 17:00:00
38.0,55.017853,2025-08-21 17:00:00
30.25,48.519653,2025-08-21 17:00:00
52.0,91.177284,2025-08-21 17:00:00
52.0,165.84023,2025-08-21 17:00:00
38.0,91.16495,2025-08-21 18:00:00
42.0,99.52077,2025-08-21 18:00:00
39.75,47.944252,2025-08-21 18:00:00
59.0,59.9075,2025-08-21 18:00:00
160.0,165.28346,2025-08-21 18:00:00
110.0,169.29515,2025-08-21 19:00:00
46.0,56.974064,2025-08-21 19:00:00
38.25,52.96295,2025-08-21 19:00:00
51.0,95.16851,2025-08-21 19:00:00
41.0,72.05966,2025-08-21 20:00:00
56.0,103.30249,2025-08-21 20:00:00
40.75,56.19683,2025-08-21 20:00:00
84.0,217.43517,2025-08-21 20:00:00
88.0,213.5133,2025-08-21 21:00:00
34.0,62.009705,2025-08-21 21:00:00
38.0,80.119354,2025-08-21 21:00:00
52.0,97.27489,2025-08-21 21:00:00
51.0,81.38346,2025-08-21 22:00:00
77.0,182.80243,2025-08-21 22:00:00
61.0,106.912155,2025-08-21 22:00:00
36.0,61.34182,2025-08-21 22:00:00
77.0,179.57693,2025-08-21 23:00:00
50.0,112.502815,2025-08-21 23:00:00
42.66666666666666,55.998302,2025-08-21 23:00:00
68.0,87.39309,2025-08-21 23:00:00
25.0,176.51175,2025-08-22 00:00:00
72.0,120.43886,2025-08-22 00:00:00
43.25,59.252247,2025-08-22 00:00:00
51.0,83.10541,2025-08-22 00:00:00
37.5,54.08954,2025-08-22 01:00:00
84.0,125.36309,2025-08-22 01:00:00
50.0,75.671005,2025-08-22 01:00:00
48.0,104.19355,2025-08-22 01:00:00
88.0,205.35823,2025-08-22 01:00:00
46.0,93.49528,2025-08-22 02:00:00
72.0,108.28777,2025-08-22 02:00:00
26.5,52.79725,2025-08-22 02:00:00
40.0,193.7979,2025-08-22 02:00:00
63.0,80.17732,2025-08-22 02:00:00
63.0,61.36143,2025-08-22 03:00:00
18.5,47.78862,2025-08-22 03:00:00
63.0,189.81259,2025-08-22 03:00:00
36.0,77.01096,2025-08-22 03:00:00
44.0,54.083004,2025-08-22 04:00:00
38.0,75.6524,2025-08-22 04:00:00
20.0,40.788223,2025-08-22 04:00:00
96.0,175.08687,2025-08-22 04:00:00
22.75,41.902966,2025-08-22 05:00:00
70.0,169.3365,2025-08-22 05:00:00
30.0,52.81394,2025-08-22 05:00:00
38.0,65.08949,2025-08-22 05:00:00
38.0,69.49604,2025-08-22 06:00:00
27.5,37.632267,2025-08-22 06:00:00
40.0,48.016876,2025-08-22 06:00:00
53.0,191.6145,2025-08-22 06:00:00
40.0,63.235832,2025-08-22 07:00:00
26.25,46.373653,2025-08-22 07:00:00
44.0,145.48927,2025-08-22 07:00:00
38.0,110.18327,2025-08-22 07:00:00
28.75,55.26698,2025-08-22 08:00:00
47.0,76.25904,2025-08-22 08:00:00
42.0,120.54515,2025-08-22 08:00:00
47.0,103.76074,2025-08-22 09:00:00
30.0,103.4113,2025-08-22 09:00:00
39.25,60.31289,2025-08-22 09:00:00
42.0,125.07885,2025-08-22 09:00:00
58.0,94.67258,2025-08-22 10:00:00
23.0,162.7955,2025-08-22 10:00:00
39.5,59.470848,2025-08-22 10:00:00
38.0,111.072075,2025-08-22 10:00:00
53.0,87.627304,2025-08-22 11:00:00
42.0,101.363945,2025-08-22 11:00:00
36.5,54.331074,2025-08-22 11:00:00
62.0,181.61836,2025-08-22 11:00:00
77.0,187.71812,2025-08-22 12:00:00
53.0,79.24247,2025-08-22 12:00:00
42.0,94.14955,2025-08-22 12:00:00
42.0,42.143646,2025-08-22 12:00:00
53.0,64.76467,2025-08-22 13:00:00
39.25,44.22554,2025-08-22 13:00:00
35.0,87.58755,2025-08-22 13:00:00
68.0,197.65585,2025-08-22 13:00:00
53.0,68.14967,2025-08-22 14:00:00
52.0,78.67998,2025-08-22 14:00:00
40.25,57.083122,2025-08-22 14:00:00
161.0,152.13425,2025-08-22 14:00:00
36.0,88.97572,2025-08-22 14:00:00
53.0,78.749146,2025-08-22 15:00:00
106.0,198.2126,2025-08-22 15:00:00
45.0,95.486984,2025-08-22 15:00:00
43.75,72.0061,2025-08-22 15:00:00
66.0,80.22604,2025-08-22 15:00:00
45.25,70.60681,2025-08-22 16:00:00
66.0,82.54285,2025-08-22 16:00:00
106.0,130.59402,2025-08-22 16:00:00
78.0,194.68259,2025-08-22 16:00:00
51.0,98.66631,2025-08-22 16:00:00
70.0,163.40147,2025-08-22 17:00:00
105.0,125.57217,2025-08-22 17:00:00
36.0,72.80188,2025-08-22 17:00:00
38.0,89.28302,2025-08-22 17:00:00
42.0,54.81847,2025-08-22 17:00:00
108.0,101.01874,2025-08-22 18:00:00
63.0,139.53493,2025-08-22 18:00:00
28.0,68.194984,2025-08-22 18:00:00
41.0,88.32246,2025-08-22 18:00:00
38.75,59.635326,2025-08-22 18:00:00
51.0,73.66203,2025-08-22 19:00:00
102.0,107.50412,2025-08-22 19:00:00
39.0,103.38497,2025-08-22 19:00:00
33.75,61.04142,2025-08-22 19:00:00
63.0,172.66884,2025-08-22 19:00:00
42.0,62.791645,2025-08-22 20:00:00
114.0,98.938286,2025-08-22 20:00:00
40.0,75.72962,2025-08-22 20:00:00
63.0,173.50514,2025-08-22 20:00:00
45.0,96.56077,2025-08-22 20:00:00
55.0,90.17498,2025-08-22 21:00:00
83.0,88.626495,2025-08-22 21:00:00
50.0,125.57572,2025-08-22 21:00:00
63.75,69.712425,2025-08-22 21:00:00
58.0,181.00137,2025-08-22 21:00:00
75.0,234.93623,2025-08-22 22:00:00
51.5,69.46053,2025-08-22 22:00:00
36.0,133.61635,2025-08-22 22:00:00
31.0,95.034775,2025-08-22 22:00:00
83.0,120.390755,2025-08-22 22:00:00
42.0,102.925026,2025-08-22 23:00:00
42.0,132.99551,2025-08-22 23:00:00
72.0,92.70786,2025-08-22 23:00:00
63.0,191.99115,2025-08-22 23:00:00
33.333333333333336,80.816086,2025-08-22 23:00:00
63.0,77.97838,2025-08-23 00:00:00
146.0,174.58104,2025-08-23 00:00:00
42.0,90.17658,2025-08-23 00:00:00
31.75,79.303444,2025-08-23 00:00:00
35.0,98.82478,2025-08-23 00:00:00
35.0,93.27404,2025-08-23 01:00:00
22.0,58.252068,2025-08-23 01:00:00
42.0,77.524796,2025-08-23 01:00:00
52.0,85.00798,2025-08-23 01:00:00
79.0,197.36108,2025-08-23 01:00:00
27.0,177.89351,2025-08-23 02:00:00
52.0,82.78364,2025-08-23 02:00:00
42.0,76.98159,2025-08-23 02:00:00
16.0,58.204754,2025-08-23 02:00:00
19.0,85.60751,2025-08-23 02:00:00
18.25,55.10567,2025-08-23 03:00:00
30.0,153.02623,2025-08-23 03:00:00
11.0,76.86379,2025-08-23 03:00:00
52.0,68.964226,2025-08-23 03:00:00
24.0,136.29175,2025-08-23 04:00:00
31.0,53.68537,2025-08-23 04:00:00
21.0,37.27458,2025-08-23 04:00:00
9.0,65.952415,2025-08-23 04:00:00
52.0,76.386856,2025-08-23 04:00:00
18.0,57.930565,2025-08-23 05:00:00
21.25,33.891296,2025-08-23 05:00:00
24.0,112.50933,2025-08-23 05:00:00
31.0,39.94106,2025-08-23 05:00:00
24.0,159.5661,2025-08-23 06:00:00
17.0,69.41622,2025-08-23 06:00:00
36.0,52.968773,2025-08-23 06:00:00
23.5,46.26862,2025-08-23 06:00:00
24.75,45.464592,2025-08-23 07:00:00
28.0,162.32686,2025-08-23 07:00:00
24.0,90.9198,2025-08-23 07:00:00
36.0,64.78813,2025-08-23 07:00:00
24.75,48.892555,2025-08-23 08:00:00
39.0,147.37204,2025-08-23 08:00:00
30.0,81.5972,2025-08-23 08:00:00
24.0,101.92446,2025-08-23 08:00:00
30.0,93.58375,2025-08-23 09:00:00
17.0,110.24796,2025-08-23 09:00:00
47.0,159.75293,2025-08-23 09:00:00
24.0,52.458614,2025-08-23 09:00:00
27.5,53.49838,2025-08-23 10:00:00
155.0,173.64536,2025-08-23 10:00:00
25.0,113.89243,2025-08-23 10:00:00
30.0,95.06912,2025-08-23 10:00:00
41.0,53.70621,2025-08-23 11:00:00
88.0,125.538475,2025-08-23 11:00:00
28.0,104.71164,2025-08-23 11:00:00
39.0,88.427345,2025-08-23 11:00:00
66.0,153.57603,2025-08-23 12:00:00
23.0,81.20754,2025-08-23 12:00:00
41.0,52.24003,2025-08-23 12:00:00
34.0,101.83351,2025-08-23 12:00:00
41.0,52.712692,2025-08-23 13:00:00
66.0,167.7098,2025-08-23 13:00:00
29.0,86.97716,2025-08-23 13:00:00
55.0,91.77901,2025-08-23 13:00:00
23.0,80.775276,2025-08-23 13:00:00
58.0,104.03702,2025-08-23 14:00:00
41.0,100.04357,2025-08-23 14:00:00
20.5,45.51538,2025-08-23 14:00:00
38.0,74.13314,2025-08-23 14:00:00
69.0,118.687546,2025-08-23 14:00:00
38.0,73.62248,2025-08-23 15:00:00
39.0,48.589355,2025-08-23 15:00:00
28.0,91.656136,2025-08-23 15:00:00
62.0,86.80017,2025-08-23 15:00:00
69.0,139.39655,2025-08-23 15:00:00
38.0,141.15065,2025-08-23 16:00:00
31.0,51.006763,2025-08-23 16:00:00
27.0,69.958015,2025-08-23 16:00:00
6.0,85.81108,2025-08-23 16:00:00
50.0,98.44453,2025-08-23 16:00:00
52.0,166.80122,2025-08-23 17:00:00
9.0,73.87944,2025-08-23 17:00:00
17.25,45.48703,2025-08-23 17:00:00
18.0,97.037285,2025-08-23 17:00:00
7.0,89.265205,2025-08-23 17:00:00
48.0,136.52051,2025-08-23 18:00:00
9.0,68.065025,2025-08-23 18:00:00
50.0,85.51362,2025-08-23 18:00:00
13.0,86.113594,2025-08-23 18:00:00
18.5,52.386738,2025-08-23 18:00:00
25.25,53.72762,2025-08-23 19:00:00
47.0,88.55014,2025-08-23 19:00:00
63.0,135.90604,2025-08-23 19:00:00
17.0,94.33419,2025-08-23 19:00:00
18.0,70.860664,2025-08-23 19:00:00
39.75,57.433914,2025-08-23 20:00:00
35.0,107.95702,2025-08-23 20:00:00
166.0,144.67621,2025-08-23 20:00:00
18.0,75.80994,2025-08-23 20:00:00
55.0,63.040154,2025-08-23 21:00:00
123.0,155.45189,2025-08-23 21:00:00
63.0,76.4102,2025-08-23 21:00:00
42.0,132.17238,2025-08-23 21:00:00
45.0,142.31526,2025-08-23 22:00:00
91.0,90.204384,2025-08-23 22:00:00
102.0,167.7856,2025-08-23 22:00:00
57.25,55.68016,2025-08-23 22:00:00
91.0,160.6944,2025-08-23 23:00:00
56.0,128.00984,2025-08-23 23:00:00
56.66666666666666,63.02133,2025-08-23 23:00:00
78.0,87.17947,2025-08-23 23:00:00
78.0,84.979195,2025-08-24 00:00:00
100.0,159.27394,2025-08-24 00:00:00
61.0,119.75809,2025-08-24 00:00:00
62.5,60.3158,2025-08-24 00:00:00
72.75,55.40474,2025-08-24 01:00:00
100.0,151.92957,2025-08-24 01:00:00
53.0,77.85135,2025-08-24 01:00:00
57.0,103.56642,2025-08-24 01:00:00
69.0,44.58551,2025-08-24 02:00:00
51.0,75.63163,2025-08-24 02:00:00
31.0,163.99883,2025-08-24 02:00:00
44.0,98.98014,2025-08-24 02:00:00
63.75,44.466278,2025-08-24 03:00:00
81.0,158.31787,2025-08-24 03:00:00
38.0,56.36643,2025-08-24 03:00:00
29.0,88.8868,2025-08-24 03:00:00
73.0,58.0499,2025-08-24 04:00:00
49.75,44.003555,2025-08-24 04:00:00
88.0,122.99065,2025-08-24 04:00:00
41.0,88.70253,2025-08-24 04:00:00
51.0,39.101265,2025-08-24 05:00:00
73.0,47.838764,2025-08-24 05:00:00
47.0,82.57824,2025-08-24 05:00:00
94.0,147.9163,2025-08-24 05:00:00
75.0,53.47943,2025-08-24 06:00:00
47.25,39.916252,2025-08-24 06:00:00
52.0,117.36513,2025-08-24 06:00:00
189.0,117.64363,2025-08-24 06:00:00
83.0,131.51619,2025-08-24 07:00:00
49.0,45.382065,2025-08-24 07:00:00
59.0,67.42662,2025-08-24 07:00:00
123.0,129.94109,2025-08-24 07:00:00
57.0,50.03583,2025-08-24 08:00:00
84.0,69.98188,2025-08-24 08:00:00
85.0,144.03261,2025-08-24 08:00:00
81.0,82.27161,2025-08-24 09:00:00
61.25,59.227623,2025-08-24 09:00:00
72.0,154.40099,2025-08-24 09:00:00
71.25,59.077473,2025-08-24 10:00:00
47.0,78.90161,2025-08-24 10:00:00
75.0,148.44084,2025-08-24 10:00:00
39.0,73.27036,2025-08-24 11:00:00
75.0,149.80092,2025-08-24 11:00:00
48.25,52.83659,2025-08-24 11:00:00
28.0,74.83784,2025-08-24 12:00:00
13.0,52.091507,2025-08-24 12:00:00
16.0,120.81566,2025-08-24 12:00:00
40.0,141.29634,2025-08-24 12:00:00
27.0,133.43512,2025-08-24 13:00:00
35.0,70.051575,2025-08-24 13:00:00
18.0,115.40179,2025-08-24 13:00:00
17.5,51.692177,2025-08-24 13:00:00
27.0,119.43365,2025-08-24 14:00:00
18.0,94.81243,2025-08-24 14:00:00
21.0,66.32491,2025-08-24 14:00:00
25.0,56.54399,2025-08-24 14:00:00
75.0,107.27541,2025-08-24 15:00:00
19.666666666666668,60.234127,2025-08-24 15:00:00
37.0,57.19342,2025-08-24 15:00:00
19.0,96.78913,2025-08-24 15:00:00
38.0,92.55656,2025-08-24 16:00:00
36.75,57.70705,2025-08-24 16:00:00
162.0,145.9377,2025-08-24 16:00:00
56.0,97.226494,2025-08-24 16:00:00
60.333333333333336,65.50529,2025-08-24 16:00:00
48.0,103.04259,2025-08-24 17:00:00
35.0,67.284805,2025-08-24 17:00:00
81.0,92.0967,2025-08-24 17:00:00
76.33333333333333,68.158905,2025-08-24 17:00:00
117.0,98.62926,2025-08-24 17:00:00
39.5,57.605896,2025-08-24 18:00:00
66.66666666666667,71.030075,2025-08-24 18:00:00
110.0,121.143654,2025-08-24 18:00:00
89.0,74.25339,2025-08-24 18:00:00
51.0,110.19005,2025-08-24 18:00:00
84.0,79.20211,2025-08-24 19:00:00
56.25,57.766613,2025-08-24 19:00:00
53.0,67.81256,2025-08-24 19:00:00
135.0,125.34962,2025-08-24 19:00:00
59.0,54.83732,2025-08-24 20:00:00
99.0,84.518135,2025-08-24 20:00:00
162.0,134.34706,2025-08-24 20:00:00
98.66666666666669,68.08237,2025-08-24 20:00:00
74.0,121.0282,2025-08-24 21:00:00
76.75,55.69689,2025-08-24 21:00:00
151.0,68.76279,2025-08-24 21:00:00
134.0,86.54959,2025-08-24 21:00:00
208.0,68.46507,2025-08-24 22:00:00
85.0,47.055183,2025-08-24 22:00:00
191.0,133.80267,2025-08-24 22:00:00
191.0,85.75216,2025-08-24 22:00:00
239.0,150.9854,2025-08-24 23:00:00
87.33333333333333,54.072964,2025-08-24 23:00:00
127.0,69.829315,2025-08-24 23:00:00
199.0,79.72316,2025-08-24 23:00:00
90.0,61.105618,2025-08-25 00:00:00
213.0,84.32154,2025-08-25 00:00:00
78.25,54.93211,2025-08-25 00:00:00
245.0,161.95612,2025-08-25 00:00:00
197.0,164.33815,2025-08-25 01:00:00
74.0,69.812935,2025-08-25 01:00:00
149.0,93.25841,2025-08-25 01:00:00
85.0,53.18498,2025-08-25 01:00:00
97.0,101.16018,2025-08-25 01:00:00
143.0,86.06372,2025-08-25 02:00:00
241.0,130.25102,2025-08-25 02:00:00
92.0,63.34888,2025-08-25 02:00:00
83.0,49.296272,2025-08-25 02:00:00
101.0,72.122345,2025-08-25 02:00:00
111.0,79.95662,2025-08-25 03:00:00
87.75,46.56112,2025-08-25 03:00:00
103.0,53.03212,2025-08-25 03:00:00
138.0,66.11256,2025-08-25 03:00:00
243.0,115.40995,2025-08-25 03:00:00
83.0,38.110767,2025-08-25 04:00:00
92.0,56.182888,2025-08-25 04:00:00
217.0,107.11789,2025-08-25 04:00:00
112.0,72.35759,2025-08-25 04:00:00
102.0,77.27558,2025-08-25 04:00:00
83.25,29.893515,2025-08-25 05:00:00
228.0,108.89464,2025-08-25 05:00:00
112.0,86.50864,2025-08-25 05:00:00
91.0,48.512234,2025-08-25 05:00:00
194.0,59.257526,2025-08-25 05:00:00
128.0,48.481503,2025-08-25 06:00:00
224.0,81.43921,2025-08-25 06:00:00
193.0,108.85363,2025-08-25 06:00:00
145.0,104.0197,2025-08-25 06:00:00
94.75,32.056725,2025-08-25 06:00:00
44.0,118.994995,2025-08-25 07:00:00
135.0,56.95862,2025-08-25 07:00:00
141.0,93.40513,2025-08-25 07:00:00
115.0,30.744125,2025-08-25 07:00:00
316.0,67.251465,2025-08-25 07:00:00
133.75,29.428366,2025-08-25 08:00:00
196.0,53.590626,2025-08-25 08:00:00
268.0,87.40164,2025-08-25 08:00:00
121.0,89.49084,2025-08-25 08:00:00
125.0,114.721954,2025-08-25 09:00:00
113.25,46.868126,2025-08-25 09:00:00
147.0,62.387836,2025-08-25 09:00:00
186.0,74.39652,2025-08-25 09:00:00
160.0,101.82974,2025-08-25 09:00:00
98.0,44.096962,2025-08-25 10:00:00
122.0,101.56914,2025-08-25 10:00:00
147.0,60.91303,2025-08-25 10:00:00
149.0,98.78826,2025-08-25 10:00:00
155.0,92.46369,2025-08-25 10:00:00
150.0,59.549446,2025-08-25 11:00:00
158.0,69.46123,2025-08-25 11:00:00
94.25,40.36944,2025-08-25 11:00:00
139.0,93.54699,2025-08-25 11:00:00
136.0,106.40228,2025-08-25 11:00:00
102.0,59.246147,2025-08-25 12:00:00
79.0,37.478996,2025-08-25 12:00:00
106.0,70.105835,2025-08-25 12:00:00
211.0,110.628204,2025-08-25 12:00:00
130.0,105.50007,2025-08-25 12:00:00
164.0,82.432274,2025-08-25 13:00:00
149.0,64.66579,2025-08-25 13:00:00
157.0,100.7182,2025-08-25 13:00:00
64.5,35.093475,2025-08-25 13:00:00
132.0,52.740227,2025-08-25 13:00:00
183.0,86.37831,2025-08-25 14:00:00
105.0,108.47927,2025-08-25 14:00:00
59.25,34.94206,2025-08-25 14:00:00
95.0,49.965527,2025-08-25 14:00:00
112.0,65.7275,2025-08-25 14:00:00
74.0,47.892307,2025-08-25 15:00:00
55.75,40.298275,2025-08-25 15:00:00
106.0,94.76407,2025-08-25 15:00:00
210.0,75.04548,2025-08-25 15:00:00
81.0,67.46797,2025-08-25 15:00:00
97.0,109.33718,2025-08-25 16:00:00
62.0,42.139458,2025-08-25 16:00:00
132.0,74.6101,2025-08-25 16:00:00
57.0,53.10437,2025-08-25 16:00:00
73.0,70.45133,2025-08-25 16:00:00
23.0,114.50719,2025-08-25 17:00:00
119.0,70.48022,2025-08-25 17:00:00
85.0,52.41931,2025-08-25 17:00:00
143.0,73.54861,2025-08-25 17:00:00
63.5,45.601578,2025-08-25 17:00:00
70.0,50.34616,2025-08-25 18:00:00
75.0,66.96371,2025-08-25 18:00:00
77.0,95.404175,2025-08-25 18:00:00
111.0,84.33874,2025-08-25 18:00:00
68.5,33.440784,2025-08-25 18:00:00
80.0,60.661892,2025-08-25 19:00:00
106.0,86.868004,2025-08-25 19:00:00
67.0,34.079594,2025-08-25 19:00:00
90.0,74.29542,2025-08-25 19:00:00
128.0,95.3244,2025-08-25 19:00:00
143.0,96.84494,2025-08-25 20:00:00
155.0,123.1303,2025-08-25 20:00:00
117.0,64.47974,2025-08-25 20:00:00
108.0,79.28783,2025-08-25 20:00:00
76.0,45.134163,2025-08-25 20:00:00
189.0,106.56097,2025-08-25 21:00:00
156.0,132.01906,2025-08-25 21:00:00
110.0,80.875626,2025-08-25 21:00:00
117.0,83.597855,2025-08-25 21:00:00
80.0,49.14615,2025-08-25 21:00:00
134.0,89.39444,2025-08-25 22:00:00
127.0,142.65576,2025-08-25 22:00:00
241.0,125.68162,2025-08-25 22:00:00
71.75,47.765438,2025-08-25 22:00:00
110.0,68.87103,2025-08-25 22:00:00
134.0,81.72832,2025-08-25 23:00:00
118.0,71.28046,2025-08-25 23:00:00
168.0,131.11124,2025-08-25 23:00:00
77.66666666666667,47.364452,2025-08-25 23:00:00
121.0,132.69438,2025-08-25 23:00:00
116.0,69.78356,2025-08-26 00:00:00
143.0,84.14346,2025-08-26 00:00:00
81.75,50.1588,2025-08-26 00:00:00
144.0,132.62653,2025-08-26 00:00:00
100.0,85.69677,2025-08-26 00:00:00
117.0,68.328964,2025-08-26 01:00:00
119.0,138.95624,2025-08-26 01:00:00
74.25,45.719852,2025-08-26 01:00:00
111.0,100.26502,2025-08-26 01:00:00
106.0,90.350914,2025-08-26 01:00:00
90.0,97.860405,2025-08-26 02:00:00
101.0,96.96733,2025-08-26 02:00:00
80.0,116.87586,2025-08-26 02:00:00
58.5,43.982883,2025-08-26 02:00:00
113.0,66.14464,2025-08-26 02:00:00
86.0,80.98539,2025-08-26 03:00:00
2.0,105.76499,2025-08-26 03:00:00
63.0,43.82622,2025-08-26 03:00:00
74.0,89.01978,2025-08-26 03:00:00
95.0,78.194565,2025-08-26 04:00:00
92.0,62.343815,2025-08-26 04:00:00
108.0,98.44574,2025-08-26 04:00:00
74.75,42.069492,2025-08-26 04:00:00
77.0,69.97349,2025-08-26 04:00:00
90.0,71.75991,2025-08-26 05:00:00
83.0,112.11539,2025-08-26 05:00:00
136.0,57.183796,2025-08-26 05:00:00
65.0,41.75049,2025-08-26 05:00:00
136.0,49.779213,2025-08-26 06:00:00
61.25,41.129665,2025-08-26 06:00:00
106.0,111.523735,2025-08-26 06:00:00
123.0,75.252426,2025-08-26 06:00:00
63.5,47.646057,2025-08-26 07:00:00
179.0,94.17529,2025-08-26 07:00:00
136.0,54.635117,2025-08-26 07:00:00
145.0,150.82281,2025-08-26 07:00:00
112.0,60.610836,2025-08-26 08:00:00
63.0,44.120014,2025-08-26 08:00:00
208.0,141.56976,2025-08-26 08:00:00
179.0,105.055885,2025-08-26 08:00:00
149.0,90.48623,2025-08-26 09:00:00
95.0,60.404385,2025-08-26 09:00:00
121.0,155.65227,2025-08-26 09:00:00
48.25,48.69606,2025-08-26 09:00:00
84.0,173.30261,2025-08-26 10:00:00
135.0,76.92707,2025-08-26 10:00:00
50.0,63.013767,2025-08-26 10:00:00
27.25,45.000126,2025-08-26 10:00:00
27.25,44.441143,2025-08-26 11:00:00
33.0,60.74457,2025-08-26 11:00:00
50.0,159.35854,2025-08-26 11:00:00
125.0,80.94561,2025-08-26 11:00:00
30.0,94.60605,2025-08-26 12:00:00
51.0,142.79494,2025-08-26 12:00:00
33.0,57.55245,2025-08-26 12:00:00
65.25,44.041527,2025-08-26 12:00:00
2.0,151.86713,2025-08-26 13:00:00
108.0,89.28584,2025-08-26 13:00:00
33.0,60.528778,2025-08-26 13:00:00
72.0,106.96231,2025-08-26 13:00:00
75.25,42.917713,2025-08-26 13:00:00
128.0,61.130535,2025-08-26 14:00:00
57.25,52.335766,2025-08-26 14:00:00
177.0,73.4384,2025-08-26 14:00:00
55.0,129.78741,2025-08-26 14:00:00
117.0,99.10465,2025-08-26 14:00:00
53.0,55.470505,2025-08-26 15:00:00
88.0,76.0638,2025-08-26 15:00:00
29.0,51.880924,2025-08-26 15:00:00
116.0,106.18717,2025-08-26 15:00:00
55.0,92.43498,2025-08-26 15:00:00
53.0,58.173,2025-08-26 16:00:00
53.0,106.391945,2025-08-26 16:00:00
40.0,101.28045,2025-08-26 16:00:00
29.0,48.61785,2025-08-26 16:00:00
74.0,71.28719,2025-08-26 16:00:00
52.5,46.888218,2025-08-26 17:00:00
69.0,76.20643,2025-08-26 17:00:00
119.0,100.242615,2025-08-26 17:00:00
50.0,58.409424,2025-08-26 17:00:00
53.0,108.70004,2025-08-26 17:00:00
69.0,102.81917,2025-08-26 18:00:00
57.0,60.574387,2025-08-26 18:00:00
119.0,98.48405,2025-08-26 18:00:00
94.0,81.46246,2025-08-26 18:00:00
58.0,48.48781,2025-08-26 18:00:00
80.0,64.65041,2025-08-26 19:00:00
50.25,48.5436,2025-08-26 19:00:00
111.0,124.05036,2025-08-26 19:00:00
117.0,141.79164,2025-08-26 19:00:00
150.0,71.849396,2025-08-26 19:00:00
117.0,155.39072,2025-08-26 20:00:00
110.0,132.77429,2025-08-26 20:00:00
127.0,102.71826,2025-08-26 20:00:00
68.0,70.09101,2025-08-26 20:00:00
51.75,54.418446,2025-08-26 20:00:00
64.0,74.13496,2025-08-26 21:00:00
89.0,132.48616,2025-08-26 21:00:00
146.0,89.396935,2025-08-26 21:00:00
117.0,164.19084,2025-08-26 21:00:00
54.25,60.92867,2025-08-26 21:00:00
51.0,60.936653,2025-08-26 22:00:00
117.0,188.73196,2025-08-26 22:00:00
94.0,146.16183,2025-08-26 22:00:00
117.0,85.48371,2025-08-26 22:00:00
68.0,75.12859,2025-08-26 22:00:00
50.0,58.01966,2025-08-26 23:00:00
80.0,131.80095,2025-08-26 23:00:00
63.0,76.25677,2025-08-26 23:00:00
135.0,96.49807,2025-08-26 23:00:00
128.0,121.19552,2025-08-27 00:00:00
44.5,59.833294,2025-08-27 00:00:00
59.0,101.940056,2025-08-27 00:00:00
58.0,79.89901,2025-08-27 00:00:00
67.0,73.93151,2025-08-27 01:00:00
38.5,63.085785,2025-08-27 01:00:00
124.0,112.123405,2025-08-27 01:00:00
56.0,94.41714,2025-08-27 01:00:00
81.0,108.385666,2025-08-27 02:00:00
61.0,69.77044,2025-08-27 02:00:00
27.25,54.27462,2025-08-27 02:00:00
63.0,101.559906,2025-08-27 02:00:00
62.0,91.71321,2025-08-27 03:00:00
53.0,58.793358,2025-08-27 03:00:00
70.0,92.6545,2025-08-27 03:00:00
26.75,48.547344,2025-08-27 03:00:00
56.0,78.04816,2025-08-27 04:00:00
53.0,74.20711,2025-08-27 04:00:00
59.0,57.98318,2025-08-27 04:00:00
26.25,42.425632,2025-08-27 04:00:00
59.0,60.483166,2025-08-27 05:00:00
23.25,41.590046,2025-08-27 05:00:00
41.0,77.31128,2025-08-27 05:00:00
70.0,71.6949,2025-08-27 05:00:00
69.0,84.83765,2025-08-27 06:00:00
29.0,41.004276,2025-08-27 06:00:00
67.0,64.66142,2025-08-27 06:00:00
63.0,83.475136,2025-08-27 06:00:00
29.0,47.23646,2025-08-27 07:00:00
114.0,110.62181,2025-08-27 07:00:00
102.0,93.53163,2025-08-27 07:00:00
77.0,70.347855,2025-08-27 07:00:00
74.0,92.316376,2025-08-27 08:00:00
185.0,111.36337,2025-08-27 08:00:00
81.0,87.11052,2025-08-27 08:00:00
33.75,49.880993,2025-08-27 08:00:00
51.0,81.86692,2025-08-27 09:00:00
47.5,55.703476,2025-08-27 09:00:00
139.0,113.88417,2025-08-27 09:00:00
78.0,97.90089,2025-08-27 09:00:00
146.0,112.46978,2025-08-27 10:00:00
77.0,132.8046,2025-08-27 10:00:00
57.0,96.59321,2025-08-27 10:00:00
45.5,61.9122,2025-08-27 10:00:00
83.0,100.76627,2025-08-27 10:00:00
69.0,89.868355,2025-08-27 11:00:00
150.0,100.30474,2025-08-27 11:00:00
77.0,86.44522,2025-08-27 11:00:00
46.0,58.634377,2025-08-27 11:00:00
78.0,138.66649,2025-08-27 11:00:00
78.0,82.071915,2025-08-27 12:00:00
83.0,96.62454,2025-08-27 12:00:00
158.0,103.44116,2025-08-27 12:00:00
48.75,44.470806,2025-08-27 12:00:00
81.0,145.8496,2025-08-27 12:00:00
49.75,44.108414,2025-08-27 13:00:00
111.0,84.50006,2025-08-27 13:00:00
81.0,90.96124,2025-08-27 13:00:00
127.0,137.99551,2025-08-27 13:00:00
111.0,100.95713,2025-08-27 13:00:00
89.0,96.85972,2025-08-27 14:00:00
182.0,123.31641,2025-08-27 14:00:00
133.0,89.867004,2025-08-27 14:00:00
53.0,74.22138,2025-08-27 14:00:00
71.75,53.175552,2025-08-27 14:00:00
124.0,89.4637,2025-08-27 15:00:00
80.75,49.011093,2025-08-27 15:00:00
75.0,85.64404,2025-08-27 15:00:00
117.0,132.52225,2025-08-27 15:00:00
169.0,103.02081,2025-08-27 15:00:00
67.0,81.81826,2025-08-27 16:00:00
101.0,93.84478,2025-08-27 16:00:00
130.0,109.34402,2025-08-27 16:00:00
40.5,49.842834,2025-08-27 16:00:00
89.0,141.05003,2025-08-27 16:00:00
69.0,132.01453,2025-08-27 17:00:00
39.5,51.411007,2025-08-27 17:00:00
95.0,99.55997,2025-08-27 17:00:00
35.0,86.31382,2025-08-27 17:00:00
74.0,88.63637,2025-08-27 17:00:00
35.0,135.06476,2025-08-27 18:00:00
45.75,42.78084,2025-08-27 18:00:00
117.0,97.312195,2025-08-27 18:00:00
67.0,77.89638,2025-08-27 18:00:00
79.0,90.21683,2025-08-27 18:00:00
69.0,71.77791,2025-08-27 19:00:00
35.0,139.20757,2025-08-27 19:00:00
86.0,87.046005,2025-08-27 19:00:00
135.0,103.10799,2025-08-27 19:00:00
50.25,46.304474,2025-08-27 19:00:00
67.0,84.403435,2025-08-27 20:00:00
99.0,103.00647,2025-08-27 20:00:00
59.5,57.403397,2025-08-27 20:00:00
133.0,130.00636,2025-08-27 20:00:00
101.0,173.157,2025-08-27 20:00:00
117.0,174.94548,2025-08-27 21:00:00
125.0,118.120415,2025-08-27 21:00:00
90.0,89.74194,2025-08-27 21:00:00
157.0,141.80846,2025-08-27 21:00:00
67.25,51.239155,2025-08-27 21:00:00
83.0,94.4474,2025-08-27 22:00:00
133.0,200.76144,2025-08-27 22:00:00
136.0,122.68776,2025-08-27 22:00:00
174.0,141.79025,2025-08-27 22:00:00
73.0,55.905582,2025-08-27 22:00:00
147.0,119.20269,2025-08-27 23:00:00
100.0,126.1321,2025-08-27 23:00:00
74.0,51.613914,2025-08-27 23:00:00
147.0,191.31882,2025-08-27 23:00:00
136.0,124.21689,2025-08-27 23:00:00
213.0,163.44748,2025-08-28 00:00:00
157.0,110.46258,2025-08-28 00:00:00
74.75,52.01468,2025-08-28 00:00:00
81.0,83.08042,2025-08-28 00:00:00
101.0,92.19595,2025-08-28 00:00:00
140.0,166.88988,2025-08-28 01:00:00
80.0,81.74921,2025-08-28 01:00:00
75.0,64.21827,2025-08-28 01:00:00
152.0,111.42882,2025-08-28 01:00:00
71.0,49.69615,2025-08-28 01:00:00
112.0,110.266655,2025-08-28 02:00:00
69.0,70.21813,2025-08-28 02:00:00
90.0,162.59348,2025-08-28 02:00:00
73.0,94.282394,2025-08-28 02:00:00
60.75,47.932182,2025-08-28 02:00:00
73.0,62.749596,2025-08-28 03:00:00
94.0,79.274,2025-08-28 03:00:00
53.0,70.92894,2025-08-28 03:00:00
89.0,139.49574,2025-08-28 03:00:00
56.75,46.216938,2025-08-28 03:00:00
51.0,58.328358,2025-08-28 04:00:00
66.5,38.388817,2025-08-28 04:00:00
22.0,134.39192,2025-08-28 04:00:00
55.0,68.95892,2025-08-28 04:00:00
74.0,76.49952,2025-08-28 04:00:00
100.0,69.17112,2025-08-28 05:00:00
62.0,51.891327,2025-08-28 05:00:00
61.0,59.20421,2025-08-28 05:00:00
57.0,40.763042,2025-08-28 05:00:00
22.0,120.93906,2025-08-28 05:00:00
59.0,65.23814,2025-08-28 06:00:00
94.0,70.14587,2025-08-28 06:00:00
62.0,69.666885,2025-08-28 06:00:00
57.0,123.8641,2025-08-28 06:00:00
48.5,41.48193,2025-08-28 06:00:00
40.75,45.429443,2025-08-28 07:00:00
85.0,87.92655,2025-08-28 07:00:00
47.0,106.777405,2025-08-28 07:00:00
84.0,143.69814,2025-08-28 07:00:00
88.0,75.75881,2025-08-28 07:00:00
83.0,180.87823,2025-08-28 08:00:00
85.0,101.08379,2025-08-28 08:00:00
22.25,45.94028,2025-08-28 08:00:00
100.0,78.722725,2025-08-28 08:00:00
14.0,107.78547,2025-08-28 08:00:00
20.0,113.974205,2025-08-28 09:00:00
85.0,107.08425,2025-08-28 09:00:00
67.0,136.46214,2025-08-28 09:00:00
24.0,52.772808,2025-08-28 09:00:00
201.0,94.632454,2025-08-28 09:00:00
31.0,55.090416,2025-08-28 10:00:00
149.0,139.1113,2025-08-28 10:00:00
33.0,97.68578,2025-08-28 10:00:00
85.0,106.77054,2025-08-28 10:00:00
146.0,95.807205,2025-08-28 10:00:00
110.0,108.66061,2025-08-28 11:00:00
40.75,53.34317,2025-08-28 11:00:00
31.0,95.190506,2025-08-28 11:00:00
88.0,132.23233,2025-08-28 11:00:00
59.0,141.10255,2025-08-28 12:00:00
123.0,114.39174,2025-08-28 12:00:00
35.25,51.523285,2025-08-28 12:00:00
47.0,83.43057,2025-08-28 12:00:00
112.0,102.27247,2025-08-28 13:00:00
32.0,47.25299,2025-08-28 13:00:00
62.0,120.484474,2025-08-28 13:00:00
66.0,87.01942,2025-08-28 13:00:00
30.25,47.2396,2025-08-28 14:00:00
51.0,95.323326,2025-08-28 14:00:00
150.0,89.34989,2025-08-28 14:00:00
16.0,141.12556,2025-08-28 14:00:00
16.0,125.83497,2025-08-28 15:00:00
136.0,58.28826,2025-08-28 15:00:00
59.0,77.98455,2025-08-28 15:00:00
124.0,101.23244,2025-08-28 15:00:00
40.25,50.197754,2025-08-28 15:00:00
66.0,126.88265,2025-08-28 16:00:00
136.0,64.215515,2025-08-28 16:00:00
53.0,61.691856,2025-08-28 16:00:00
92.0,95.20771,2025-08-28 16:00:00
54.0,53.038418,2025-08-28 16:00:00
105.0,100.47253,2025-08-28 17:00:00
107.0,74.028915,2025-08-28 17:00:00
81.0,134.99234,2025-08-28 17:00:00
50.25,58.704243,2025-08-28 17:00:00
74.0,63.54401,2025-08-28 17:00:00
123.0,78.10157,2025-08-28 18:00:00
42.0,47.39356,2025-08-28 18:00:00
85.0,64.198204,2025-08-28 18:00:00
79.0,126.53317,2025-08-28 18:00:00
97.0,88.92118,2025-08-28 18:00:00
36.75,45.519657,2025-08-28 19:00:00
100.0,128.99406,2025-08-28 19:00:00
151.0,80.3625,2025-08-28 19:00:00
67.0,72.97711,2025-08-28 19:00:00
119.0,79.42498,2025-08-28 19:00:00
95.0,85.66467,2025-08-28 20:00:00
42.0,43.80598,2025-08-28 20:00:00
61.0,74.03938,2025-08-28 20:00:00
155.0,138.64722,2025-08-28 20:00:00
121.0,95.871346,2025-08-28 20:00:00
92.0,111.987236,2025-08-28 21:00:00
44.25,42.35059,2025-08-28 21:00:00
101.0,150.65575,2025-08-28 21:00:00
70.0,92.31697,2025-08-28 21:00:00
58.0,69.18193,2025-08-28 21:00:00
88.0,97.780754,2025-08-28 22:00:00
55.0,118.390564,2025-08-28 22:00:00
83.0,159.73106,2025-08-28 22:00:00
44.0,73.823975,2025-08-28 22:00:00
41.25,40.04055,2025-08-28 22:00:00
68.0,157.26279,2025-08-28 23:00:00
67.0,97.47924,2025-08-28 23:00:00
45.0,133.71413,2025-08-28 23:00:00
36.66666666666666,42.67105,2025-08-28 23:00:00
52.0,58.2752,2025-08-28 23:00:00
19.0,158.608,2025-08-29 00:00:00
45.0,83.29767,2025-08-29 00:00:00
30.0,43.735435,2025-08-29 00:00:00
48.0,85.315765,2025-08-29 00:00:00
55.0,67.53749,2025-08-29 00:00:00
36.0,81.7256,2025-08-29 01:00:00
33.0,78.928116,2025-08-29 01:00:00
67.0,107.92637,2025-08-29 01:00:00
30.0,44.45059,2025-08-29 01:00:00
19.0,153.3064,2025-08-29 01:00:00
42.0,97.574776,2025-08-29 02:00:00
25.5,37.448177,2025-08-29 02:00:00
19.0,140.76062,2025-08-29 02:00:00
24.0,82.339226,2025-08-29 02:00:00
56.0,72.57424,2025-08-29 02:00:00
24.0,62.74324,2025-08-29 03:00:00
42.0,99.91938,2025-08-29 03:00:00
23.0,31.788034,2025-08-29 03:00:00
13.0,83.95745,2025-08-29 03:00:00
27.0,68.155464,2025-08-29 03:00:00
21.75,23.474386,2025-08-29 04:00:00
40.0,117.53417,2025-08-29 04:00:00
24.0,57.453766,2025-08-29 04:00:00
23.0,65.88331,2025-08-29 04:00:00
11.0,81.79303,2025-08-29 04:00:00
69.0,98.79315,2025-08-29 05:00:00
20.0,58.9261,2025-08-29 05:00:00
22.0,73.575386,2025-08-29 05:00:00
22.75,24.42241,2025-08-29 05:00:00
14.0,43.8996,2025-08-29 05:00:00
114.0,115.79048,2025-08-29 06:00:00
28.0,67.479836,2025-08-29 06:00:00
31.0,37.290623,2025-08-29 06:00:00
25.25,30.16285,2025-08-29 06:00:00
29.0,62.07941,2025-08-29 06:00:00
16.0,67.29293,2025-08-29 07:00:00
23.5,40.409027,2025-08-29 07:00:00
78.0,86.46215,2025-08-29 07:00:00
31.0,71.26856,2025-08-29 07:00:00
80.0,117.02064,2025-08-29 07:00:00
106.0,114.06786,2025-08-29 08:00:00
35.0,86.83076,2025-08-29 08:00:00
25.75,43.891132,2025-08-29 08:00:00
31.0,91.957504,2025-08-29 08:00:00
59.0,122.75499,2025-08-29 08:00:00
35.0,72.66617,2025-08-29 09:00:00
21.75,37.741894,2025-08-29 09:00:00
99.0,112.759186,2025-08-29 09:00:00
31.0,84.901405,2025-08-29 09:00:00
38.0,126.436966,2025-08-29 09:00:00
38.0,133.0414,2025-08-29 10:00:00
21.0,44.148685,2025-08-29 10:00:00
31.0,89.85561,2025-08-29 10:00:00
23.0,99.35771,2025-08-29 10:00:00
17.0,77.22514,2025-08-29 10:00:00
25.5,42.840508,2025-08-29 11:00:00
18.0,95.44373,2025-08-29 11:00:00
38.0,126.59964,2025-08-29 11:00:00
17.0,80.75542,2025-08-29 11:00:00
72.0,89.54749,2025-08-29 11:00:00
68.0,86.64327,2025-08-29 12:00:00
36.0,137.17088,2025-08-29 12:00:00
14.0,87.98987,2025-08-29 12:00:00
39.0,109.142395,2025-08-29 12:00:00
31.75,43.82482,2025-08-29 12:00:00
55.0,107.60562,2025-08-29 13:00:00
166.0,128.74551,2025-08-29 13:00:00
57.0,86.19422,2025-08-29 13:00:00
33.666666666666664,42.739765,2025-08-29 13:00:00
69.0,98.04076,2025-08-29 13:00:00
96.0,120.218636,2025-08-29 14:00:00
28.5,37.99102,2025-08-29 14:00:00
34.0,93.13475,2025-08-29 14:00:00
106.0,93.67132,2025-08-29 14:00:00
83.0,90.60567,2025-08-29 14:00:00
29.0,90.889984,2025-08-29 15:00:00
86.0,113.0877,2025-08-29 15:00:00
42.0,104.35121,2025-08-29 15:00:00
44.0,74.85004,2025-08-29 15:00:00
27.25,37.94734,2025-08-29 15:00:00
24.0,117.055435,2025-08-29 16:00:00
47.0,80.43447,2025-08-29 16:00:00
24.0,80.800705,2025-08-29 16:00:00
42.0,108.582184,2025-08-29 16:00:00
12.25,42.86281,2025-08-29 16:00:00
14.0,81.62905,2025-08-29 17:00:00
18.0,125.277016,2025-08-29 17:00:00
11.0,80.53316,2025-08-29 17:00:00
18.0,89.16839,2025-08-29 17:00:00
11.5,47.13248,2025-08-29 17:00:00
6.0,85.56577,2025-08-29 18:00:00
27.0,113.66891,2025-08-29 18:00:00
13.0,48.1304,2025-08-29 18:00:00
18.0,80.73543,2025-08-29 18:00:00
18.0,84.35542,2025-08-29 18:00:00
11.25,48.66865,2025-08-29 19:00:00
23.0,95.78155,2025-08-29 19:00:00
7.0,114.04352,2025-08-29 19:00:00
18.0,94.31256,2025-08-29 19:00:00
22.0,131.46472,2025-08-29 19:00:00
18.0,94.79855,2025-08-29 20:00:00
9.5,56.637962,2025-08-29 20:00:00
12.0,98.727104,2025-08-29 20:00:00
16.0,147.34427,2025-08-29 20:00:00
7.0,118.15361,2025-08-29 20:00:00
7.0,123.26342,2025-08-29 21:00:00
12.25,61.92587,2025-08-29 21:00:00
16.0,136.23203,2025-08-29 21:00:00
20.0,108.753,2025-08-29 21:00:00
13.5,49.93482,2025-08-29 22:00:00
16.0,158.90234,2025-08-29 22:00:00
12.0,132.04958,2025-08-29 22:00:00
20.0,113.46954,2025-08-29 22:00:00
15.0,56.78212,2025-08-29 23:00:00
20.0,123.22702,2025-08-29 23:00:00
8.0,151.78401,2025-08-29 23:00:00
20.0,105.92976,2025-08-30 00:00:00
22.0,74.83893,2025-08-30 00:00:00
13.0,113.11036,2025-08-30 00:00:00
17.5,50.799664,2025-08-30 00:00:00
27.0,107.52912,2025-08-30 01:00:00
17.25,51.611813,2025-08-30 01:00:00
9.0,99.07752,2025-08-30 01:00:00
22.0,72.21716,2025-08-30 01:00:00
24.0,68.619576,2025-08-30 02:00:00
6.0,103.218124,2025-08-30 02:00:00
3.0,92.85604,2025-08-30 02:00:00
16.25,53.797302,2025-08-30 02:00:00
3.0,93.09283,2025-08-30 03:00:00
22.0,66.71797,2025-08-30 03:00:00
14.5,51.577305,2025-08-30 03:00:00
5.0,95.89218,2025-08-30 03:00:00
9.0,89.61284,2025-08-30 04:00:00
8.0,90.7274,2025-08-30 04:00:00
14.25,50.667667,2025-08-30 04:00:00
17.0,54.029163,2025-08-30 04:00:00
13.0,71.66909,2025-08-30 05:00:00
17.0,50.662014,2025-08-30 05:00:00
11.0,83.71334,2025-08-30 05:00:00
13.5,47.996376,2025-08-30 05:00:00
17.5,49.7147,2025-08-30 06:00:00
17.0,48.472576,2025-08-30 06:00:00
11.0,99.5554,2025-08-30 06:00:00
11.0,107.95342,2025-08-30 06:00:00
23.75,53.655735,2025-08-30 07:00:00
11.0,116.76113,2025-08-30 07:00:00
17.0,58.889423,2025-08-30 07:00:00
19.0,114.69005,2025-08-30 07:00:00
11.0,138.05507,2025-08-30 08:00:00
27.75,55.062237,2025-08-30 08:00:00
20.0,132.56978,2025-08-30 08:00:00
32.75,55.143547,2025-08-30 09:00:00
33.0,111.89174,2025-08-30 09:00:00
18.0,142.28416,2025-08-30 09:00:00
42.0,134.97981,2025-08-30 10:00:00
47.0,127.93091,2025-08-30 10:00:00
34.0,59.559834,2025-08-30 10:00:00
29.0,138.92433,2025-08-30 10:00:00
34.0,55.31903,2025-08-30 10:00:00
52.0,118.18062,2025-08-30 11:00:00
31.5,56.723072,2025-08-30 11:00:00
56.0,136.40442,2025-08-30 11:00:00
36.0,70.9932,2025-08-30 11:00:00
38.0,128.29617,2025-08-30 11:00:00
62.0,94.21442,2025-08-30 12:00:00
28.75,53.46438,2025-08-30 12:00:00
57.0,127.04844,2025-08-30 12:00:00
40.0,69.02639,2025-08-30 12:00:00
33.0,130.63916,2025-08-30 12:00:00
27.75,52.958336,2025-08-30 13:00:00
30.0,96.91423,2025-08-30 13:00:00
28.0,102.91712,2025-08-30 13:00:00
47.0,65.760956,2025-08-30 13:00:00
91.0,133.97723,2025-08-30 13:00:00
33.0,96.58357,2025-08-30 14:00:00
27.0,60.285877,2025-08-30 14:00:00
11.0,102.75002,2025-08-30 14:00:00
34.5,55.501472,2025-08-30 14:00:00
91.0,136.11372,2025-08-30 14:00:00
91.0,132.81781,2025-08-30 15:00:00
33.0,95.11075,2025-08-30 15:00:00
13.0,97.193886,2025-08-30 15:00:00
27.75,59.59589,2025-08-30 15:00:00
27.0,63.041794,2025-08-30 15:00:00
91.0,123.72803,2025-08-30 16:00:00
18.0,59.48441,2025-08-30 16:00:00
23.0,90.63831,2025-08-30 16:00:00
19.0,89.75918,2025-08-30 16:00:00
17.75,50.702,2025-08-30 16:00:00
29.0,54.196667,2025-08-30 17:00:00
19.0,120.57657,2025-08-30 17:00:00
22.0,89.545395,2025-08-30 17:00:00
16.0,53.071613,2025-08-30 17:00:00
14.0,86.24879,2025-08-30 17:00:00
14.0,126.863976,2025-08-30 18:00:00
12.0,50.75861,2025-08-30 18:00:00
14.0,95.927155,2025-08-30 18:00:00
14.0,101.620125,2025-08-30 18:00:00
50.0,63.53092,2025-08-30 18:00:00
17.0,107.68366,2025-08-30 19:00:00
14.75,52.69675,2025-08-30 19:00:00
14.0,142.55554,2025-08-30 19:00:00
33.0,69.772354,2025-08-30 19:00:00
23.0,104.80998,2025-08-30 19:00:00
33.0,69.433105,2025-08-30 20:00:00
14.0,144.06776,2025-08-30 20:00:00
18.0,96.13861,2025-08-30 20:00:00
12.5,53.228428,2025-08-30 20:00:00
24.0,119.55637,2025-08-30 20:00:00
16.0,151.69498,2025-08-30 21:00:00
33.0,73.011284,2025-08-30 21:00:00
8.75,57.477463,2025-08-30 21:00:00
14.0,113.66646,2025-08-30 21:00:00
18.0,151.31445,2025-08-30 21:00:00
33.0,77.890854,2025-08-30 22:00:00
28.0,181.92067,2025-08-30 22:00:00
12.0,145.98192,2025-08-30 22:00:00
9.0,109.747734,2025-08-30 22:00:00
12.0,60.97909,2025-08-30 22:00:00
13.0,115.58226,2025-08-30 23:00:00
17.666666666666668,63.34003,2025-08-30 23:00:00
14.0,140.87119,2025-08-30 23:00:00
40.0,190.21413,2025-08-30 23:00:00
29.0,66.45506,2025-08-31 00:00:00
27.0,119.87806,2025-08-31 00:00:00
14.0,108.85531,2025-08-31 00:00:00
134.0,168.27908,2025-08-31 00:00:00
24.5,55.581837,2025-08-31 00:00:00
77.0,167.87146,2025-08-31 01:00:00
34.0,105.838905,2025-08-31 01:00:00
28.75,51.070187,2025-08-31 01:00:00
29.0,63.269722,2025-08-31 01:00:00
35.0,111.180824,2025-08-31 01:00:00
33.0,94.56419,2025-08-31 02:00:00
55.0,151.91994,2025-08-31 02:00:00
29.75,49.731823,2025-08-31 02:00:00
41.0,107.52581,2025-08-31 02:00:00
51.0,63.367405,2025-08-31 02:00:00
31.5,45.616383,2025-08-31 03:00:00
51.0,53.413273,2025-08-31 03:00:00
36.0,85.48523,2025-08-31 03:00:00
45.0,94.97613,2025-08-31 03:00:00
48.0,117.90555,2025-08-31 03:00:00
26.25,44.27713,2025-08-31 04:00:00
36.0,82.3529,2025-08-31 04:00:00
29.0,102.798645,2025-08-31 04:00:00
51.0,40.95249,2025-08-31 04:00:00
42.0,80.59451,2025-08-31 04:00:00
35.0,79.005135,2025-08-31 05:00:00
51.0,37.770607,2025-08-31 05:00:00
33.0,72.19774,2025-08-31 05:00:00
29.0,102.88064,2025-08-31 05:00:00
16.75,40.433662,2025-08-31 05:00:00
22.0,70.404625,2025-08-31 06:00:00
20.0,43.861942,2025-08-31 06:00:00
14.0,118.15228,2025-08-31 06:00:00
20.0,82.08218,2025-08-31 06:00:00
23.0,61.69524,2025-08-31 07:00:00
28.5,45.001423,2025-08-31 07:00:00
24.0,80.00645,2025-08-31 07:00:00
23.0,88.42766,2025-08-31 07:00:00
38.0,135.80014,2025-08-31 07:00:00
36.5,49.313694,2025-08-31 08:00:00
31.0,81.68721,2025-08-31 08:00:00
51.0,135.80116,2025-08-31 08:00:00
25.0,108.564285,2025-08-31 08:00:00
30.0,62.7213,2025-08-31 08:00:00
70.0,88.4725,2025-08-31 09:00:00
47.0,79.87469,2025-08-31 09:00:00
31.75,61.963932,2025-08-31 09:00:00
29.0,116.83819,2025-08-31 09:00:00
70.0,117.096375,2025-08-31 09:00:00
55.0,119.97086,2025-08-31 10:00:00
168.0,142.72583,2025-08-31 10:00:00
35.25,54.393616,2025-08-31 10:00:00
45.0,91.18786,2025-08-31 10:00:00
68.0,84.27818,2025-08-31 10:00:00
112.0,145.29636,2025-08-31 11:00:00
37.25,50.00727,2025-08-31 11:00:00
92.0,114.67532,2025-08-31 11:00:00
66.0,85.05899,2025-08-31 11:00:00
95.0,135.50584,2025-08-31 12:00:00
44.5,53.21464,2025-08-31 12:00:00
123.0,121.56621,2025-08-31 12:00:00
46.0,81.017334,2025-08-31 12:00:00
53.0,66.31252,2025-08-31 13:00:00
42.75,51.552082,2025-08-31 13:00:00
90.0,116.52344,2025-08-31 13:00:00
133.0,107.00702,2025-08-31 13:00:00
29.5,52.366344,2025-08-31 14:00:00
38.0,73.40162,2025-08-31 14:00:00
70.0,108.35533,2025-08-31 14:00:00
58.0,117.65492,2025-08-31 14:00:00
4.25,51.900993,2025-08-31 15:00:00
92.0,103.31684,2025-08-31 15:00:00
79.0,105.768326,2025-08-31 15:00:00
25.0,70.87659,2025-08-31 15:00:00
58.0,115.036026,2025-08-31 15:00:00
3.0,90.48235,2025-08-31 16:00:00
9.0,48.969154,2025-08-31 16:00:00
11.0,93.6803,2025-08-31 16:00:00
34.0,62.70666,2025-08-31 16:00:00
58.0,129.6549,2025-08-31 16:00:00
29.0,124.707924,2025-08-31 17:00:00
20.0,50.19889,2025-08-31 17:00:00
50.0,78.19538,2025-08-31 17:00:00
18.0,85.07889,2025-08-31 17:00:00
24.0,59.39335,2025-08-31 17:00:00
40.0,123.56573,2025-08-31 18:00:00
29.25,46.19671,2025-08-31 18:00:00
12.0,83.79482,2025-08-31 18:00:00
31.0,74.47497,2025-08-31 18:00:00
34.0,63.91041,2025-08-31 18:00:00
12.0,115.60923,2025-08-31 19:00:00
45.0,92.672935,2025-08-31 19:00:00
84.0,125.00749,2025-08-31 19:00:00
19.0,50.469765,2025-08-31 19:00:00
41.0,73.16101,2025-08-31 19:00:00
40.0,76.26305,2025-08-31 20:00:00
134.0,135.65015,2025-08-31 20:00:00
39.0,130.29233,2025-08-31 20:00:00
24.25,53.976974,2025-08-31 20:00:00
31.0,92.68572,2025-08-31 20:00:00
48.0,91.484375,2025-08-31 21:00:00
33.5,61.643116,2025-08-31 21:00:00
40.0,136.0395,2025-08-31 21:00:00
89.0,148.36687,2025-08-31 21:00:00
38.0,98.89899,2025-08-31 21:00:00
51.0,108.75448,2025-08-31 22:00:00
33.0,108.136246,2025-08-31 22:00:00
42.0,64.8118,2025-08-31 22:00:00
35.0,124.29998,2025-08-31 22:00:00
70.0,173.84431,2025-08-31 22:00:00
38.333333333333336,60.475334,2025-08-31 23:00:00
51.0,72.6597,2025-08-31 23:00:00
67.0,98.04593,2025-08-31 23:00:00
62.0,137.6295,2025-08-31 23:00:00
31.0,158.41559,2025-08-31 23:00:00
33.0,70.47855,2025-09-01 00:00:00
49.5,53.52885,2025-09-01 00:00:00
23.0,83.20635,2025-09-01 00:00:00
31.0,128.32541,2025-09-01 00:00:00
83.0,99.65387,2025-09-01 00:00:00
31.0,134.32837,2025-09-01 01:00:00
46.0,84.82046,2025-09-01 01:00:00
40.75,56.03587,2025-09-01 01:00:00
51.0,96.47196,2025-09-01 01:00:00
40.0,63.835598,2025-09-01 01:00:00
73.0,65.18179,2025-09-01 02:00:00
92.0,120.1536,2025-09-01 02:00:00
23.0,48.448685,2025-09-01 02:00:00
51.0,97.45355,2025-09-01 02:00:00
57.0,95.20096,2025-09-01 02:00:00
44.0,68.02032,2025-09-01 03:00:00
85.0,107.22287,2025-09-01 03:00:00
44.0,96.73614,2025-09-01 03:00:00
31.0,93.999306,2025-09-01 03:00:00
16.75,50.51407,2025-09-01 03:00:00
35.0,62.2621,2025-09-01 04:00:00
56.0,94.16237,2025-09-01 04:00:00
20.25,47.266994,2025-09-01 04:00:00
84.0,96.788506,2025-09-01 04:00:00
41.0,86.428734,2025-09-01 04:00:00
39.0,55.120903,2025-09-01 05:00:00
25.25,46.16707,2025-09-01 05:00:00
70.0,102.950966,2025-09-01 05:00:00
55.0,72.117455,2025-09-01 05:00:00
44.0,77.87102,2025-09-01 05:00:00
41.0,79.81256,2025-09-01 06:00:00
141.0,138.89714,2025-09-01 06:00:00
63.0,79.95054,2025-09-01 06:00:00
39.75,46.696407,2025-09-01 06:00:00
51.0,63.60932,2025-09-01 06:00:00
117.0,107.86722,2025-09-01 07:00:00
27.0,84.12077,2025-09-01 07:00:00
69.0,85.009605,2025-09-01 07:00:00
50.0,82.69731,2025-09-01 07:00:00
45.25,43.058475,2025-09-01 07:00:00
61.0,75.13791,2025-09-01 08:00:00
45.5,62.532997,2025-09-01 08:00:00
48.0,94.02668,2025-09-01 08:00:00
69.0,76.00848,2025-09-01 08:00:00
127.0,96.24796,2025-09-01 08:00:00
44.0,95.7076,2025-09-01 09:00:00
112.0,94.268036,2025-09-01 09:00:00
79.0,71.14395,2025-09-01 09:00:00
58.25,63.538494,2025-09-01 09:00:00
88.0,96.52107,2025-09-01 09:00:00
46.0,107.85655,2025-09-01 10:00:00
49.75,58.00889,2025-09-01 10:00:00
88.0,74.749275,2025-09-01 10:00:00
127.0,89.031746,2025-09-01 10:00:00
51.0,92.20274,2025-09-01 10:00:00
57.0,76.102234,2025-09-01 11:00:00
36.25,53.118526,2025-09-01 11:00:00
62.0,89.06621,2025-09-01 11:00:00
46.0,100.24494,2025-09-01 11:00:00
52.0,110.950714,2025-09-01 11:00:00
124.0,96.92254,2025-09-01 12:00:00
24.0,124.80256,2025-09-01 12:00:00
29.75,57.009613,2025-09-01 12:00:00
48.0,77.90531,2025-09-01 12:00:00
66.0,85.53161,2025-09-01 12:00:00
55.0,119.1525,2025-09-01 13:00:00
50.0,77.88844,2025-09-01 13:00:00
30.5,53.615726,2025-09-01 13:00:00
124.0,105.728485,2025-09-01 13:00:00
66.0,94.65746,2025-09-01 13:00:00
30.25,53.488174,2025-09-01 14:00:00
59.0,80.95321,2025-09-01 14:00:00
75.0,90.78691,2025-09-01 14:00:00
72.0,136.14767,2025-09-01 14:00:00
33.0,70.9069,2025-09-01 14:00:00
75.0,115.84812,2025-09-01 15:00:00
48.0,63.648464,2025-09-01 15:00:00
37.5,52.60532,2025-09-01 15:00:00
64.0,84.7446,2025-09-01 15:00:00
95.0,108.42671,2025-09-01 15:00:00
37.25,53.4731,2025-09-01 16:00:00
105.0,91.23505,2025-09-01 16:00:00
153.0,103.90665,2025-09-01 16:00:00
23.0,98.10774,2025-09-01 16:00:00
57.0,60.511555,2025-09-01 16:00:00
90.0,92.05563,2025-09-01 17:00:00
73.0,63.25992,2025-09-01 17:00:00
35.5,48.215694,2025-09-01 17:00:00
72.0,92.28829,2025-09-01 17:00:00
91.0,95.93537,2025-09-01 17:00:00
31.0,61.641674,2025-09-01 18:00:00
96.0,106.98778,2025-09-01 18:00:00
29.5,45.85707,2025-09-01 18:00:00
96.0,90.39051,2025-09-01 18:00:00
50.0,86.19,2025-09-01 18:00:00
39.0,120.07592,2025-09-01 19:00:00
61.0,104.34409,2025-09-01 19:00:00
45.0,126.69257,2025-09-01 19:00:00
31.0,66.78378,2025-09-01 19:00:00
25.0,46.600597,2025-09-01 19:00:00
30.0,110.83101,2025-09-01 20:00:00
81.0,114.3046,2025-09-01 20:00:00
31.0,82.84107,2025-09-01 20:00:00
34.25,46.080116,2025-09-01 20:00:00
61.0,142.45938,2025-09-01 20:00:00
57.0,166.38005,2025-09-01 21:00:00
36.0,51.521675,2025-09-01 21:00:00
30.0,113.61265,2025-09-01 21:00:00
88.0,131.00203,2025-09-01 21:00:00
123.0,117.002625,2025-09-01 22:00:00
48.0,133.27281,2025-09-01 22:00:00
34.75,51.414425,2025-09-01 22:00:00
75.0,181.44716,2025-09-01 22:00:00
128.0,134.86491,2025-09-01 23:00:00
41.5,52.79022,2025-09-01 23:00:00
123.0,153.58093,2025-09-01 23:00:00
83.0,181.33714,2025-09-01 23:00:00
75.0,118.410484,2025-09-02 00:00:00
59.0,76.23099,2025-09-02 00:00:00
51.25,52.358437,2025-09-02 00:00:00
146.0,128.09824,2025-09-02 00:00:00
96.0,144.06056,2025-09-02 00:00:00
85.0,79.18061,2025-09-02 01:00:00
55.0,122.08664,2025-09-02 01:00:00
136.0,153.33452,2025-09-02 01:00:00
80.0,190.8862,2025-09-02 01:00:00
60.5,60.65738,2025-09-02 01:00:00
63.0,110.41974,2025-09-02 02:00:00
177.0,161.52802,2025-09-02 02:00:00
41.5,58.449116,2025-09-02 02:00:00
118.0,154.97441,2025-09-02 02:00:00
75.0,77.87642,2025-09-02 02:00:00
36.0,61.433956,2025-09-02 03:00:00
66.0,74.019005,2025-09-02 03:00:00
116.0,157.52197,2025-09-02 03:00:00
70.0,120.81906,2025-09-02 03:00:00
117.0,135.80856,2025-09-02 03:00:00
111.0,124.62317,2025-09-02 04:00:00
26.5,54.42292,2025-09-02 04:00:00
88.0,138.00212,2025-09-02 04:00:00
48.0,70.96388,2025-09-02 04:00:00
58.0,96.79348,2025-09-02 04:00:00
66.0,107.510025,2025-09-02 05:00:00
18.0,62.167255,2025-09-02 05:00:00
38.0,110.79055,2025-09-02 05:00:00
57.0,147.9639,2025-09-02 05:00:00
19.0,50.363304,2025-09-02 05:00:00
22.0,152.05885,2025-09-02 06:00:00
27.0,102.22755,2025-09-02 06:00:00
57.0,100.16323,2025-09-02 06:00:00
18.0,45.675148,2025-09-02 06:00:00
30.0,57.822445,2025-09-02 06:00:00
25.0,54.569145,2025-09-02 07:00:00
41.0,52.92881,2025-09-02 07:00:00
22.0,127.69561,2025-09-02 07:00:00
27.0,122.860405,2025-09-02 07:00:00
84.0,90.70338,2025-09-02 07:00:00
70.0,115.01329,2025-09-02 08:00:00
38.0,108.756874,2025-09-02 08:00:00
103.0,96.23727,2025-09-02 08:00:00
32.0,53.208435,2025-09-02 08:00:00
97.0,122.45562,2025-09-02 09:00:00
34.5,58.387047,2025-09-02 09:00:00
63.0,145.53308,2025-09-02 09:00:00
44.0,117.93767,2025-09-02 09:00:00
47.0,99.22293,2025-09-02 10:00:00
114.0,125.57316,2025-09-02 10:00:00
61.0,141.21753,2025-09-02 10:00:00
32.75,56.301388,2025-09-02 10:00:00
53.0,61.349823,2025-09-02 10:00:00
113.0,118.28973,2025-09-02 11:00:00
40.0,66.20162,2025-09-02 11:00:00
74.0,146.64317,2025-09-02 11:00:00
36.5,50.2068,2025-09-02 11:00:00
57.0,100.006424,2025-09-02 11:00:00
162.0,136.2818,2025-09-02 12:00:00
73.0,68.892815,2025-09-02 12:00:00
124.0,117.69006,2025-09-02 12:00:00
35.75,47.112,2025-09-02 12:00:00
74.0,105.686035,2025-09-02 12:00:00
89.0,66.53429,2025-09-02 13:00:00
100.0,88.747734,2025-09-02 13:00:00
124.0,122.02002,2025-09-02 13:00:00
162.0,107.48928,2025-09-02 13:00:00
35.0,47.11083,2025-09-02 13:00:00
68.0,117.81312,2025-09-02 14:00:00
80.0,112.97264,2025-09-02 14:00:00
38.0,44.123436,2025-09-02 14:00:00
53.0,96.391235,2025-09-02 14:00:00
48.0,66.59384,2025-09-02 14:00:00
101.0,97.83079,2025-09-02 15:00:00
61.0,86.0898,2025-09-02 15:00:00
45.0,71.287476,2025-09-02 15:00:00
85.0,115.04182,2025-09-02 15:00:00
37.5,44.37252,2025-09-02 15:00:00
47.0,66.16448,2025-09-02 16:00:00
42.0,105.541916,2025-09-02 16:00:00
94.0,95.25558,2025-09-02 16:00:00
47.0,86.40745,2025-09-02 16:00:00
25.25,48.28127,2025-09-02 16:00:00
36.0,89.86179,2025-09-02 17:00:00
29.25,42.84763,2025-09-02 17:00:00
42.0,99.62414,2025-09-02 17:00:00
33.0,66.885864,2025-09-02 17:00:00
84.0,100.44186,2025-09-02 17:00:00
30.5,46.23879,2025-09-02 18:00:00
50.0,91.6624,2025-09-02 18:00:00
44.0,78.81089,2025-09-02 18:00:00
17.0,57.492844,2025-09-02 18:00:00
116.0,121.03552,2025-09-02 18:00:00
35.0,82.058556,2025-09-02 19:00:00
52.0,145.40506,2025-09-02 19:00:00
68.0,108.54071,2025-09-02 19:00:00
36.25,51.915493,2025-09-02 19:00:00
156.0,133.85684,2025-09-02 19:00:00
84.0,166.12827,2025-09-02 20:00:00
178.0,122.78718,2025-09-02 20:00:00
95.0,129.86021,2025-09-02 20:00:00
80.75,86.360085,2025-09-02 20:00:00
41.5,53.732468,2025-09-02 20:00:00
44.5,75.068855,2025-09-02 21:00:00
64.0,92.964676,2025-09-02 21:00:00
160.0,123.38246,2025-09-02 21:00:00
106.0,173.6204,2025-09-02 21:00:00
136.0,148.95981,2025-09-02 21:00:00
92.0,165.5951,2025-09-02 22:00:00
213.0,132.99997,2025-09-02 22:00:00
229.0,186.7561,2025-09-02 22:00:00
53.0,98.057884,2025-09-02 22:00:00
49.5,74.13877,2025-09-02 22:00:00
197.0,137.19907,2025-09-02 23:00:00
56.333333333333336,75.57525,2025-09-02 23:00:00
74.0,152.6815,2025-09-02 23:00:00
162.0,178.33842,2025-09-02 23:00:00
149.0,153.21542,2025-09-03 00:00:00
67.0,94.301155,2025-09-03 00:00:00
57.0,113.7061,2025-09-03 00:00:00
47.75,53.806934,2025-09-03 00:00:00
144.0,208.42694,2025-09-03 00:00:00
40.5,56.71071,2025-09-03 01:00:00
155.0,152.11781,2025-09-03 01:00:00
79.0,121.57819,2025-09-03 01:00:00
63.0,81.160095,2025-09-03 01:00:00
102.0,241.12207,2025-09-03 01:00:00
59.0,88.25352,2025-09-03 02:00:00
125.0,139.4312,2025-09-03 02:00:00
28.0,176.3371,2025-09-03 02:00:00
34.25,59.943977,2025-09-03 02:00:00
51.0,142.32045,2025-09-03 02:00:00
50.0,106.4565,2025-09-03 03:00:00
28.0,142.9678,2025-09-03 03:00:00
32.25,62.175274,2025-09-03 03:00:00
127.0,148.69719,2025-09-03 03:00:00
55.0,77.88283,2025-09-03 03:00:00
45.0,110.052284,2025-09-03 04:00:00
34.25,58.003696,2025-09-03 04:00:00
45.0,62.12954,2025-09-03 04:00:00
112.0,125.34605,2025-09-03 04:00:00
56.0,193.54176,2025-09-03 04:00:00
113.0,113.26391,2025-09-03 05:00:00
59.0,52.396336,2025-09-03 05:00:00
57.0,197.84123,2025-09-03 05:00:00
50.0,141.85223,2025-09-03 05:00:00
32.75,50.457634,2025-09-03 05:00:00
34.0,57.62269,2025-09-03 06:00:00
67.0,149.94083,2025-09-03 06:00:00
48.0,118.57984,2025-09-03 06:00:00
100.0,116.62957,2025-09-03 06:00:00
155.0,181.51392,2025-09-03 07:00:00
46.0,67.66236,2025-09-03 07:00:00
135.0,95.43677,2025-09-03 07:00:00
73.0,120.95365,2025-09-03 07:00:00
59.0,72.00342,2025-09-03 07:00:00
90.0,113.47385,2025-09-03 08:00:00
149.0,90.79967,2025-09-03 08:00:00
52.5,67.76526,2025-09-03 08:00:00
188.0,153.24426,2025-09-03 08:00:00
77.0,61.359367,2025-09-03 08:00:00
73.0,77.59151,2025-09-03 09:00:00
51.5,66.360985,2025-09-03 09:00:00
95.0,117.99034,2025-09-03 09:00:00
112.0,154.3812,2025-09-03 09:00:00
111.0,132.65358,2025-09-03 09:00:00
110.0,209.36647,2025-09-03 10:00:00
102.0,136.23099,2025-09-03 10:00:00
99.0,129.56885,2025-09-03 10:00:00
46.25,66.3801,2025-09-03 10:00:00
78.0,68.68614,2025-09-03 10:00:00
101.0,110.76467,2025-09-03 11:00:00
121.0,127.360016,2025-09-03 11:00:00
68.0,67.89409,2025-09-03 11:00:00
88.0,209.79422,2025-09-03 11:00:00
48.75,61.433315,2025-09-03 11:00:00
43.5,59.34562,2025-09-03 12:00:00
122.0,126.800026,2025-09-03 12:00:00
88.0,169.30963,2025-09-03 12:00:00
94.0,133.58972,2025-09-03 12:00:00
72.0,67.31338,2025-09-03 12:00:00
35.0,47.54787,2025-09-03 13:00:00
133.0,118.88132,2025-09-03 13:00:00
88.0,153.57768,2025-09-03 13:00:00
118.0,65.47849,2025-09-03 13:00:00
64.0,144.4532,2025-09-03 13:00:00
53.0,62.083675,2025-09-03 14:00:00
113.0,104.940186,2025-09-03 14:00:00
32.75,50.29362,2025-09-03 14:00:00
106.0,132.6884,2025-09-03 14:00:00
34.0,154.0483,2025-09-03 14:00:00
112.0,98.4621,2025-09-03 15:00:00
47.0,138.50967,2025-09-03 15:00:00
105.0,121.42696,2025-09-03 15:00:00
48.0,68.96145,2025-09-03 15:00:00
39.5,46.372475,2025-09-03 15:00:00
39.0,56.467297,2025-09-03 16:00:00
40.0,71.11997,2025-09-03 16:00:00
125.0,126.62021,2025-09-03 16:00:00
72.0,197.75542,2025-09-03 16:00:00
81.0,116.426186,2025-09-03 16:00:00
114.0,185.05911,2025-09-03 17:00:00
86.0,111.38784,2025-09-03 17:00:00
96.0,105.488014,2025-09-03 17:00:00
39.0,67.319725,2025-09-03 17:00:00
36.0,54.13786,2025-09-03 17:00:00
123.0,120.143524,2025-09-03 18:00:00
81.0,121.737206,2025-09-03 18:00:00
61.0,70.3725,2025-09-03 18:00:00
37.5,56.036335,2025-09-03 18:00:00
178.0,230.66644,2025-09-03 18:00:00
61.0,78.81514,2025-09-03 19:00:00
156.0,236.1136,2025-09-03 19:00:00
147.0,130.39963,2025-09-03 19:00:00
113.0,120.04174,2025-09-03 19:00:00
42.25,60.97242,2025-09-03 19:00:00
218.0,141.91656,2025-09-03 20:00:00
193.0,155.59387,2025-09-03 20:00:00
38.5,62.156284,2025-09-03 20:00:00
74.0,84.84026,2025-09-03 20:00:00
144.0,253.00081,2025-09-03 20:00:00
92.0,83.54279,2025-09-03 21:00:00
46.25,63.96723,2025-09-03 21:00:00
113.0,240.53111,2025-09-03 21:00:00
132.0,152.22035,2025-09-03 21:00:00
164.0,146.84984,2025-09-03 21:00:00
108.0,265.81937,2025-09-03 22:00:00
88.0,82.39181,2025-09-03 22:00:00
156.0,136.8054,2025-09-03 22:00:00
118.0,153.89186,2025-09-03 22:00:00
59.5,68.90351,2025-09-03 22:00:00
150.0,139.4336,2025-09-03 23:00:00
55.333333333333336,63.00868,2025-09-03 23:00:00
207.0,150.75626,2025-09-03 23:00:00
108.0,240.7109,2025-09-03 23:00:00
97.0,76.15655,2025-09-03 23:00:00
121.0,108.11783,2025-09-04 00:00:00
197.0,125.69149,2025-09-04 00:00:00
69.0,81.086754,2025-09-04 00:00:00
43.5,57.158222,2025-09-04 00:00:00
79.0,253.4074,2025-09-04 00:00:00
92.0,255.54416,2025-09-04 01:00:00
144.0,103.04934,2025-09-04 01:00:00
39.5,47.266537,2025-09-04 01:00:00
86.0,110.760635,2025-09-04 01:00:00
74.0,76.33297,2025-09-04 01:00:00
64.0,105.201546,2025-09-04 02:00:00
169.0,100.921364,2025-09-04 02:00:00
53.0,71.5181,2025-09-04 02:00:00
42.0,50.619083,2025-09-04 02:00:00
69.0,230.71106,2025-09-04 02:00:00
45.0,53.715004,2025-09-04 03:00:00
102.0,196.20248,2025-09-04 03:00:00
69.0,66.936165,2025-09-04 03:00:00
125.0,108.68118,2025-09-04 03:00:00
75.0,96.447945,2025-09-04 03:00:00
53.0,94.77226,2025-09-04 04:00:00
171.0,194.64574,2025-09-04 04:00:00
46.0,50.77614,2025-09-04 04:00:00
86.0,99.213684,2025-09-04 04:00:00
44.0,67.85752,2025-09-04 04:00:00
44.0,59.344383,2025-09-04 05:00:00
106.0,196.8157,2025-09-04 05:00:00
78.0,86.91111,2025-09-04 05:00:00
49.25,51.790997,2025-09-04 05:00:00
57.0,116.303375,2025-09-04 05:00:00
72.0,107.624344,2025-09-04 06:00:00
38.0,60.73043,2025-09-04 06:00:00
49.25,54.22153,2025-09-04 06:00:00
80.0,196.78186,2025-09-04 06:00:00
102.0,102.376396,2025-09-04 06:00:00
97.0,99.40886,2025-09-04 07:00:00
66.0,236.37746,2025-09-04 07:00:00
42.5,61.368835,2025-09-04 07:00:00
123.0,113.24227,2025-09-04 07:00:00
50.0,68.83442,2025-09-04 07:00:00
80.0,102.63046,2025-09-04 08:00:00
116.0,137.40254,2025-09-04 08:00:00
62.0,194.95703,2025-09-04 08:00:00
51.5,54.063446,2025-09-04 08:00:00
57.0,84.78057,2025-09-04 08:00:00
55.5,55.34568,2025-09-04 09:00:00
58.0,82.95595,2025-09-04 09:00:00
92.0,118.274506,2025-09-04 09:00:00
125.0,114.132835,2025-09-04 09:00:00
62.0,196.94241,2025-09-04 09:00:00
42.0,56.62128,2025-09-04 10:00:00
61.0,127.3857,2025-09-04 10:00:00
119.0,111.72479,2025-09-04 10:00:00
72.0,191.35822,2025-09-04 10:00:00
74.0,76.05426,2025-09-04 10:00:00
68.0,75.34815,2025-09-04 11:00:00
38.75,56.928825,2025-09-04 11:00:00
68.0,120.94034,2025-09-04 11:00:00
83.0,212.70877,2025-09-04 11:00:00
135.0,116.81108,2025-09-04 11:00:00
38.5,57.298935,2025-09-04 12:00:00
62.0,75.06676,2025-09-04 12:00:00
90.0,232.78055,2025-09-04 12:00:00
169.0,118.957375,2025-09-04 12:00:00
66.0,125.7607,2025-09-04 12:00:00
132.0,112.91237,2025-09-04 13:00:00
55.0,75.7762,2025-09-04 13:00:00
78.0,224.79947,2025-09-04 13:00:00
59.0,114.16989,2025-09-04 13:00:00
34.75,58.60618,2025-09-04 13:00:00
56.0,113.132416,2025-09-04 14:00:00
125.0,103.37232,2025-09-04 14:00:00
161.0,219.28563,2025-09-04 14:00:00
32.5,58.337322,2025-09-04 14:00:00
44.0,64.63488,2025-09-04 14:00:00
61.0,68.15061,2025-09-04 15:00:00
27.5,52.486694,2025-09-04 15:00:00
106.0,111.419624,2025-09-04 15:00:00
111.0,100.917465,2025-09-04 15:00:00
84.0,226.61699,2025-09-04 15:00:00
70.0,245.52083,2025-09-04 16:00:00
30.0,48.57292,2025-09-04 16:00:00
62.0,69.63095,2025-09-04 16:00:00
107.0,87.6674,2025-09-04 16:00:00
114.0,120.18364,2025-09-04 16:00:00
132.0,95.52284,2025-09-04 17:00:00
58.0,64.80002,2025-09-04 17:00:00
33.25,55.54219,2025-09-04 17:00:00
97.0,116.46874,2025-09-04 17:00:00
66.0,224.56296,2025-09-04 17:00:00
63.0,71.9379,2025-09-04 18:00:00
36.5,48.32969,2025-09-04 18:00:00
91.0,111.95179,2025-09-04 18:00:00
53.0,229.24838,2025-09-04 18:00:00
121.0,101.731895,2025-09-04 18:00:00
38.0,52.667866,2025-09-04 19:00:00
52.0,79.52877,2025-09-04 19:00:00
53.0,232.65561,2025-09-04 19:00:00
88.0,113.02166,2025-09-04 19:00:00
156.0,106.113396,2025-09-04 19:00:00
47.0,87.57748,2025-09-04 20:00:00
72.0,94.95837,2025-09-04 20:00:00
182.0,119.189095,2025-09-04 20:00:00
64.0,205.17151,2025-09-04 20:00:00
34.25,53.24112,2025-09-04 20:00:00
184.0,130.07037,2025-09-04 21:00:00
91.0,204.3492,2025-09-04 21:00:00
79.0,95.6019,2025-09-04 21:00:00
61.0,81.08489,2025-09-04 21:00:00
37.25,54.333473,2025-09-04 21:00:00
47.0,58.15664,2025-09-04 22:00:00
157.0,129.19241,2025-09-04 22:00:00
83.0,91.16033,2025-09-04 22:00:00
121.0,99.931145,2025-09-04 22:00:00
146.0,232.48952,2025-09-04 22:00:00
47.0,56.53325,2025-09-04 23:00:00
146.0,237.59149,2025-09-04 23:00:00
89.0,81.48777,2025-09-04 23:00:00
91.0,118.1758,2025-09-04 23:00:00
153.0,114.658325,2025-09-04 23:00:00
277.0,227.80237,2025-09-05 00:00:00
118.0,104.41393,2025-09-05 00:00:00
52.0,57.271626,2025-09-05 00:00:00
103.0,111.04567,2025-09-05 00:00:00
64.0,66.45707,2025-09-05 00:00:00
61.0,72.016624,2025-09-05 01:00:00
85.0,88.25675,2025-09-05 01:00:00
123.0,231.50652,2025-09-05 01:00:00
53.5,54.032234,2025-09-05 01:00:00
90.0,114.2933,2025-09-05 01:00:00
100.0,106.895226,2025-09-05 02:00:00
77.0,83.7335,2025-09-05 02:00:00
80.0,66.728584,2025-09-05 02:00:00
69.0,213.55696,2025-09-05 02:00:00
45.5,49.321514,2025-09-05 02:00:00
35.5,56.05224,2025-09-05 03:00:00
75.0,88.4016,2025-09-05 03:00:00
97.0,104.957245,2025-09-05 03:00:00
67.0,199.54416,2025-09-05 03:00:00
79.0,55.665478,2025-09-05 03:00:00
63.0,166.01567,2025-09-05 04:00:00
67.0,84.65492,2025-09-05 04:00:00
68.0,99.009834,2025-09-05 04:00:00
42.5,49.38226,2025-09-05 04:00:00
58.0,54.9061,2025-09-05 04:00:00
58.0,89.94587,2025-09-05 05:00:00
75.0,63.806145,2025-09-05 05:00:00
44.0,49.727627,2025-09-05 05:00:00
63.0,174.61946,2025-09-05 05:00:00
47.75,46.908714,2025-09-05 05:00:00
72.0,176.24081,2025-09-05 06:00:00
51.75,41.895027,2025-09-05 06:00:00
83.0,87.41984,2025-09-05 06:00:00
59.0,103.73476,2025-09-05 06:00:00
41.0,60.672256,2025-09-05 06:00:00
48.75,52.405132,2025-09-05 07:00:00
61.0,80.80177,2025-09-05 07:00:00
85.0,191.20988,2025-09-05 07:00:00
81.0,98.99334,2025-09-05 07:00:00
147.0,120.37195,2025-09-05 07:00:00
212.0,124.32608,2025-09-05 08:00:00
62.0,112.79316,2025-09-05 08:00:00
84.0,196.23518,2025-09-05 08:00:00
54.0,60.1015,2025-09-05 08:00:00
92.0,75.59346,2025-09-05 08:00:00
77.0,97.821045,2025-09-05 09:00:00
113.0,216.22563,2025-09-05 09:00:00
294.0,132.23526,2025-09-05 09:00:00
72.0,115.85637,2025-09-05 09:00:00
61.75,61.216568,2025-09-05 09:00:00
200.0,219.31372,2025-09-05 10:00:00
393.0,130.57198,2025-09-05 10:00:00
94.0,101.60911,2025-09-05 10:00:00
72.0,123.81866,2025-09-05 10:00:00
55.25,55.79768,2025-09-05 10:00:00
110.0,128.24016,2025-09-05 11:00:00
4.0,47.323315,2025-09-05 11:00:00
59.0,89.70577,2025-09-05 11:00:00
67.0,110.75765,2025-09-05 11:00:00
318.0,127.699104,2025-09-05 11:00:00
96.0,157.10373,2025-09-05 12:00:00
38.0,91.78162,2025-09-05 12:00:00
45.0,108.82901,2025-09-05 12:00:00
42.0,46.95366,2025-09-05 12:00:00
298.0,112.88263,2025-09-05 12:00:00
74.0,146.32982,2025-09-05 13:00:00
45.0,99.06658,2025-09-05 13:00:00
56.75,46.470898,2025-09-05 13:00:00
283.0,90.50143,2025-09-05 13:00:00
20.0,68.96211,2025-09-05 13:00:00
207.0,81.118675,2025-09-05 14:00:00
84.0,127.74983,2025-09-05 14:00:00
39.0,107.43574,2025-09-05 14:00:00
35.0,55.710327,2025-09-05 14:00:00
47.5,49.30659,2025-09-05 14:00:00
31.75,58.93199,2025-09-05 15:00:00
84.0,138.64113,2025-09-05 15:00:00
216.0,80.8338,2025-09-05 15:00:00
13.0,65.53564,2025-09-05 15:00:00
39.0,96.56636,2025-09-05 15:00:00
17.0,67.6998,2025-09-05 16:00:00
33.0,87.947296,2025-09-05 16:00:00
161.0,80.6394,2025-09-05 16:00:00
169.0,119.202484,2025-09-05 16:00:00
24.0,59.39878,2025-09-05 16:00:00
19.0,76.13011,2025-09-05 17:00:00
52.0,92.55024,2025-09-05 17:00:00
139.0,116.06353,2025-09-05 17:00:00
26.75,59.590687,2025-09-05 17:00:00
173.0,87.36517,2025-09-05 17:00:00
123.0,133.77177,2025-09-05 18:00:00
31.0,60.127937,2025-09-05 18:00:00
20.0,67.419556,2025-09-05 18:00:00
226.0,85.934326,2025-09-05 18:00:00
68.0,92.19624,2025-09-05 18:00:00
45.0,76.59142,2025-09-05 19:00:00
72.0,105.72724,2025-09-05 19:00:00
128.0,141.35796,2025-09-05 19:00:00
33.0,62.74178,2025-09-05 19:00:00
324.0,100.10109,2025-09-05 19:00:00
56.0,63.26146,2025-09-05 20:00:00
167.0,150.89305,2025-09-05 20:00:00
117.0,110.183014,2025-09-05 20:00:00
268.0,113.39732,2025-09-05 20:00:00
55.0,79.60674,2025-09-05 20:00:00
201.0,127.163124,2025-09-05 21:00:00
73.0,68.855774,2025-09-05 21:00:00
85.0,80.79973,2025-09-05 21:00:00
249.0,166.81207,2025-09-05 21:00:00
294.0,128.78049,2025-09-05 21:00:00
92.0,77.252716,2025-09-05 22:00:00
335.0,176.89651,2025-09-05 22:00:00
78.0,68.14784,2025-09-05 22:00:00
235.0,135.82182,2025-09-05 22:00:00
244.0,127.50341,2025-09-05 22:00:00
95.0,83.55517,2025-09-05 23:00:00
80.66666666666667,70.66565,2025-09-05 23:00:00
321.0,135.42416,2025-09-05 23:00:00
323.0,168.27367,2025-09-05 23:00:00
538.0,128.88496,2025-09-05 23:00:00
273.0,111.97902,2025-09-06 00:00:00
412.0,156.36612,2025-09-06 00:00:00
344.0,148.92867,2025-09-06 00:00:00
92.0,79.25257,2025-09-06 00:00:00
78.25,55.88432,2025-09-06 00:00:00
103.0,84.74132,2025-09-06 01:00:00
216.0,120.50247,2025-09-06 01:00:00
257.0,113.11667,2025-09-06 01:00:00
73.75,66.777695,2025-09-06 01:00:00
385.0,175.99843,2025-09-06 01:00:00
158.0,109.5145,2025-09-06 02:00:00
235.0,183.50095,2025-09-06 02:00:00
71.5,72.42818,2025-09-06 02:00:00
125.0,114.31703,2025-09-06 02:00:00
116.0,92.30162,2025-09-06 02:00:00
124.0,99.04116,2025-09-06 03:00:00
90.0,106.52095,2025-09-06 03:00:00
52.25,78.25513,2025-09-06 03:00:00
72.0,75.44678,2025-09-06 03:00:00
197.0,165.77893,2025-09-06 03:00:00
61.0,94.24957,2025-09-06 04:00:00
88.0,76.62724,2025-09-06 04:00:00
84.0,87.717575,2025-09-06 04:00:00
188.0,144.10031,2025-09-06 04:00:00
36.0,56.935017,2025-09-06 04:00:00
56.0,72.50181,2025-09-06 05:00:00
134.0,136.13565,2025-09-06 05:00:00
29.25,51.201214,2025-09-06 05:00:00
84.0,97.575134,2025-09-06 05:00:00
70.0,82.34098,2025-09-06 05:00:00
77.0,86.952324,2025-09-06 06:00:00
112.0,131.89407,2025-09-06 06:00:00
30.25,66.54807,2025-09-06 06:00:00
58.0,92.48326,2025-09-06 06:00:00
59.0,70.48774,2025-09-06 06:00:00
162.0,167.6794,2025-09-06 07:00:00
150.0,109.72955,2025-09-06 07:00:00
88.0,108.75582,2025-09-06 07:00:00
36.25,63.783283,2025-09-06 07:00:00
69.0,76.819885,2025-09-06 07:00:00
57.0,93.35125,2025-09-06 08:00:00
52.5,73.015366,2025-09-06 08:00:00
166.0,140.78926,2025-09-06 08:00:00
138.0,176.54266,2025-09-06 08:00:00
196.0,130.00983,2025-09-06 08:00:00
111.0,94.219025,2025-09-06 09:00:00
160.0,144.3981,2025-09-06 09:00:00
141.0,153.70667,2025-09-06 09:00:00
58.75,79.725365,2025-09-06 09:00:00
196.0,153.08957,2025-09-06 09:00:00
51.75,73.20344,2025-09-06 10:00:00
116.0,166.54466,2025-09-06 10:00:00
108.0,91.40224,2025-09-06 10:00:00
171.0,142.22334,2025-09-06 10:00:00
130.0,138.82187,2025-09-06 10:00:00
112.0,123.565315,2025-09-06 11:00:00
45.75,72.79005,2025-09-06 11:00:00
69.0,135.35886,2025-09-06 11:00:00
90.0,80.497406,2025-09-06 11:00:00
194.0,137.8535,2025-09-06 11:00:00
114.0,80.95337,2025-09-06 12:00:00
183.0,126.598495,2025-09-06 12:00:00
43.0,65.451485,2025-09-06 12:00:00
73.0,138.40112,2025-09-06 12:00:00
90.0,109.13388,2025-09-06 12:00:00
193.0,116.241295,2025-09-06 13:00:00
84.0,98.041405,2025-09-06 13:00:00
101.0,139.77211,2025-09-06 13:00:00
38.0,61.79656,2025-09-06 13:00:00
73.0,78.167336,2025-09-06 13:00:00
102.0,125.53984,2025-09-06 14:00:00
78.0,75.6735,2025-09-06 14:00:00
33.5,58.015667,2025-09-06 14:00:00
134.0,108.01209,2025-09-06 14:00:00
78.0,94.13661,2025-09-06 14:00:00
32.75,58.337997,2025-09-06 15:00:00
130.0,103.05078,2025-09-06 15:00:00
79.0,94.66972,2025-09-06 15:00:00
52.0,69.78319,2025-09-06 15:00:00
83.0,121.2026,2025-09-06 15:00:00
144.0,107.62991,2025-09-06 16:00:00
66.0,87.28239,2025-09-06 16:00:00
29.0,70.98282,2025-09-06 16:00:00
33.0,57.809002,2025-09-06 16:00:00
96.0,127.15838,2025-09-06 16:00:00
33.75,55.418854,2025-09-06 17:00:00
81.0,125.458336,2025-09-06 17:00:00
111.0,105.699486,2025-09-06 17:00:00
58.0,89.82237,2025-09-06 17:00:00
96.0,65.657425,2025-09-06 17:00:00
36.5,57.35016,2025-09-06 18:00:00
70.66666666666667,76.4085,2025-09-06 18:00:00
129.0,111.54812,2025-09-06 18:00:00
94.0,128.98149,2025-09-06 18:00:00
84.0,94.887474,2025-09-06 18:00:00
105.0,150.41008,2025-09-06 19:00:00
59.0,79.3381,2025-09-06 19:00:00
34.25,56.819176,2025-09-06 19:00:00
78.0,98.53856,2025-09-06 19:00:00
199.0,131.07742,2025-09-06 19:00:00
133.0,143.26828,2025-09-06 20:00:00
64.33333333333333,85.82412,2025-09-06 20:00:00
190.0,144.84377,2025-09-06 20:00:00
88.0,113.32733,2025-09-06 20:00:00
40.25,64.52068,2025-09-06 20:00:00
119.0,164.9266,2025-09-06 21:00:00
100.0,157.24106,2025-09-06 21:00:00
43.25,65.7674,2025-09-06 21:00:00
86.0,127.323875,2025-09-06 21:00:00
68.33333333333333,90.70938,2025-09-06 21:00:00
88.0,139.16267,2025-09-06 22:00:00
88.0,141.49155,2025-09-06 22:00:00
41.75,64.3964,2025-09-06 22:00:00
75.66666666666667,102.5128,2025-09-06 22:00:00
153.0,164.97261,2025-09-06 22:00:00
102.0,153.01155,2025-09-06 23:00:00
71.0,100.61885,2025-09-06 23:00:00
45.66666666666666,71.22633,2025-09-06 23:00:00
102.0,135.16673,2025-09-06 23:00:00
84.0,129.29721,2025-09-06 23:00:00
56.5,80.79072,2025-09-07 00:00:00
124.0,121.43148,2025-09-07 00:00:00
74.0,93.196365,2025-09-07 00:00:00
96.0,129.89482,2025-09-07 00:00:00
47.5,62.885338,2025-09-07 00:00:00
37.0,65.0886,2025-09-07 01:00:00
55.0,98.16313,2025-09-07 01:00:00
74.0,146.89322,2025-09-07 01:00:00
52.333333333333336,74.226875,2025-09-07 01:00:00
72.0,128.96681,2025-09-07 01:00:00
46.0,125.9186,2025-09-07 02:00:00
48.0,67.965675,2025-09-07 02:00:00
63.0,109.66451,2025-09-07 02:00:00
31.75,58.951454,2025-09-07 02:00:00
52.0,86.98408,2025-09-07 02:00:00
48.66666666666666,60.088505,2025-09-07 03:00:00
30.5,52.013386,2025-09-07 03:00:00
69.0,94.455956,2025-09-07 03:00:00
64.0,140.7291,2025-09-07 03:00:00
52.0,84.140434,2025-09-07 03:00:00
58.0,122.230835,2025-09-07 04:00:00
46.0,70.40372,2025-09-07 04:00:00
69.0,83.22187,2025-09-07 04:00:00
29.0,54.152546,2025-09-07 04:00:00
42.0,47.0073,2025-09-07 04:00:00
46.0,81.85349,2025-09-07 05:00:00
59.0,144.49846,2025-09-07 05:00:00
38.0,38.329277,2025-09-07 05:00:00
58.0,71.594536,2025-09-07 05:00:00
29.25,45.067234,2025-09-07 05:00:00
55.0,127.89306,2025-09-07 06:00:00
55.0,79.54487,2025-09-07 06:00:00
33.0,47.845985,2025-09-07 06:00:00
38.0,48.35593,2025-09-07 06:00:00
58.0,80.38202,2025-09-07 06:00:00
36.0,71.62469,2025-09-07 07:00:00
38.75,57.199577,2025-09-07 07:00:00
64.0,94.6555,2025-09-07 07:00:00
95.0,93.7109,2025-09-07 07:00:00
84.0,96.13125,2025-09-07 07:00:00
140.0,119.747765,2025-09-07 08:00:00
41.0,63.110016,2025-09-07 08:00:00
116.0,109.16191,2025-09-07 08:00:00
51.0,80.3854,2025-09-07 08:00:00
89.0,109.24254,2025-09-07 08:00:00
43.75,66.825966,2025-09-07 09:00:00
151.0,121.7246,2025-09-07 09:00:00
83.0,122.92423,2025-09-07 09:00:00
121.0,105.10429,2025-09-07 09:00:00
67.66666666666667,91.935394,2025-09-07 09:00:00
96.0,123.910675,2025-09-07 10:00:00
45.0,68.68118,2025-09-07 10:00:00
139.0,131.72208,2025-09-07 10:00:00
83.0,140.64778,2025-09-07 10:00:00
77.33333333333333,96.75677,2025-09-07 10:00:00
41.5,58.937767,2025-09-07 11:00:00
151.0,120.02796,2025-09-07 11:00:00
91.0,142.93704,2025-09-07 11:00:00
113.33333333333331,76.50693,2025-09-07 11:00:00
100.0,127.46691,2025-09-07 11:00:00
41.75,52.48056,2025-09-07 12:00:00
108.0,96.62829,2025-09-07 12:00:00
90.0,142.47542,2025-09-07 12:00:00
140.0,67.34143,2025-09-07 12:00:00
193.0,108.80773,2025-09-07 12:00:00
42.0,54.450325,2025-09-07 13:00:00
141.66666666666666,60.222214,2025-09-07 13:00:00
92.0,90.83994,2025-09-07 13:00:00
111.0,142.49927,2025-09-07 13:00:00
167.0,111.40704,2025-09-07 13:00:00
168.0,103.3232,2025-09-07 14:00:00
106.0,63.063057,2025-09-07 14:00:00
123.0,142.61214,2025-09-07 14:00:00
41.75,52.972458,2025-09-07 14:00:00
85.0,89.87092,2025-09-07 14:00:00
121.0,121.30369,2025-09-07 15:00:00
96.0,84.09462,2025-09-07 15:00:00
38.5,52.388973,2025-09-07 15:00:00
81.66666666666667,67.99094,2025-09-07 15:00:00
161.0,91.69316,2025-09-07 15:00:00
39.5,51.260025,2025-09-07 16:00:00
96.66666666666669,75.15934,2025-09-07 16:00:00
114.0,128.43246,2025-09-07 16:00:00
102.0,85.58459,2025-09-07 16:00:00
168.0,87.770546,2025-09-07 16:00:00
123.0,83.429665,2025-09-07 17:00:00
37.0,53.50919,2025-09-07 17:00:00
97.0,86.60087,2025-09-07 17:00:00
120.0,73.04788,2025-09-07 17:00:00
110.0,114.63832,2025-09-07 17:00:00
92.0,100.64759,2025-09-07 18:00:00
92.0,108.24208,2025-09-07 18:00:00
102.0,95.2169,2025-09-07 18:00:00
103.66666666666669,70.59531,2025-09-07 18:00:00
35.25,55.434574,2025-09-07 18:00:00
78.66666666666667,74.6758,2025-09-07 19:00:00
35.25,56.52736,2025-09-07 19:00:00
138.0,116.589165,2025-09-07 19:00:00
90.0,93.31824,2025-09-07 19:00:00
95.0,103.16549,2025-09-07 19:00:00
97.0,113.769966,2025-09-07 20:00:00
39.25,52.274178,2025-09-07 20:00:00
116.0,133.29521,2025-09-07 20:00:00
110.0,112.10169,2025-09-07 20:00:00
80.0,76.96436,2025-09-07 20:00:00
88.0,86.83283,2025-09-07 21:00:00
97.0,135.86748,2025-09-07 21:00:00
37.0,58.283207,2025-09-07 21:00:00
119.0,134.89793,2025-09-07 21:00:00
124.0,106.556244,2025-09-07 21:00:00
90.0,176.9788,2025-09-07 22:00:00
35.25,62.819374,2025-09-07 22:00:00
84.0,99.91671,2025-09-07 22:00:00
101.0,115.94221,2025-09-07 22:00:00
92.0,137.38733,2025-09-07 22:00:00
103.0,125.88807,2025-09-07 23:00:00
36.0,60.669064,2025-09-07 23:00:00
100.0,128.38069,2025-09-07 23:00:00
82.33333333333333,94.623825,2025-09-07 23:00:00
92.0,179.35335,2025-09-07 23:00:00
121.0,117.585495,2025-09-08 00:00:00
90.0,169.31302,2025-09-08 00:00:00
73.25,68.47858,2025-09-08 00:00:00
40.25,61.651524,2025-09-08 00:00:00
96.0,90.190735,2025-09-08 00:00:00
68.66666666666667,59.644806,2025-09-08 01:00:00
74.0,87.381454,2025-09-08 01:00:00
92.0,191.04858,2025-09-08 01:00:00
102.0,116.77722,2025-09-08 01:00:00
37.75,60.062046,2025-09-08 01:00:00
63.0,83.28124,2025-09-08 02:00:00
94.0,145.03618,2025-09-08 02:00:00
102.0,96.66004,2025-09-08 02:00:00
33.5,56.1006,2025-09-08 02:00:00
66.66666666666667,57.477306,2025-09-08 02:00:00
77.0,86.070206,2025-09-08 03:00:00
72.0,78.23088,2025-09-08 03:00:00
103.0,102.418686,2025-09-08 03:00:00
71.33333333333333,51.62656,2025-09-08 03:00:00
27.0,50.562103,2025-09-08 03:00:00
62.66666666666666,40.8571,2025-09-08 04:00:00
70.0,79.6261,2025-09-08 04:00:00
70.0,64.90572,2025-09-08 04:00:00
26.5,40.08034,2025-09-08 04:00:00
101.0,95.565,2025-09-08 04:00:00
95.0,92.69694,2025-09-08 05:00:00
27.5,40.83525,2025-09-08 05:00:00
72.0,58.484043,2025-09-08 05:00:00
69.0,35.100628,2025-09-08 05:00:00
64.0,71.24788,2025-09-08 05:00:00
68.0,81.86202,2025-09-08 06:00:00
26.75,42.417397,2025-09-08 06:00:00
94.0,87.30567,2025-09-08 06:00:00
71.66666666666667,41.063007,2025-09-08 06:00:00
62.0,75.34914,2025-09-08 06:00:00
119.0,110.37993,2025-09-08 07:00:00
31.25,46.905746,2025-09-08 07:00:00
116.0,105.95738,2025-09-08 07:00:00
75.33333333333333,62.413723,2025-09-08 07:00:00
75.0,85.1456,2025-09-08 07:00:00
38.5,53.03192,2025-09-08 08:00:00
149.0,119.11818,2025-09-08 08:00:00
106.0,80.033295,2025-09-08 08:00:00
84.66666666666667,68.573654,2025-09-08 08:00:00
157.0,111.86888,2025-09-08 08:00:00
47.0,55.904633,2025-09-08 09:00:00
95.33333333333331,81.84902,2025-09-08 09:00:00
175.0,123.356575,2025-09-08 09:00:00
125.0,137.36847,2025-09-08 09:00:00
153.0,105.31348,2025-09-08 09:00:00
128.0,103.21592,2025-09-08 10:00:00
141.0,125.70173,2025-09-08 10:00:00
51.5,62.363865,2025-09-08 10:00:00
140.0,132.64835,2025-09-08 10:00:00
114.33333333333331,88.78904,2025-09-08 10:00:00
124.0,104.05416,2025-09-08 11:00:00
47.25,51.231487,2025-09-08 11:00:00
119.33333333333331,69.966965,2025-09-08 11:00:00
132.0,127.67383,2025-09-08 11:00:00
163.0,133.23064,2025-09-08 11:00:00
118.0,100.602844,2025-09-08 12:00:00
153.0,145.39452,2025-09-08 12:00:00
122.66666666666669,65.42032,2025-09-08 12:00:00
150.0,134.27435,2025-09-08 12:00:00
45.25,51.315155,2025-09-08 12:00:00
42.75,47.06249,2025-09-08 13:00:00
129.66666666666666,59.603466,2025-09-08 13:00:00
116.0,82.84091,2025-09-08 13:00:00
167.0,114.247314,2025-09-08 13:00:00
179.0,96.90564,2025-09-08 13:00:00
132.0,78.9403,2025-09-08 14:00:00
114.66666666666669,56.16265,2025-09-08 14:00:00
95.0,81.225204,2025-09-08 14:00:00
42.25,42.09541,2025-09-08 14:00:00
118.0,109.598625,2025-09-08 14:00:00
113.0,117.225296,2025-09-08 15:00:00
124.0,86.06458,2025-09-08 15:00:00
40.0,42.911713,2025-09-08 15:00:00
95.0,80.682724,2025-09-08 15:00:00
96.0,59.46736,2025-09-08 15:00:00
95.0,77.46018,2025-09-08 16:00:00
40.0,43.235218,2025-09-08 16:00:00
83.0,64.41949,2025-09-08 16:00:00
112.0,83.1066,2025-09-08 16:00:00
144.0,129.41478,2025-09-08 16:00:00
40.0,48.911156,2025-09-08 17:00:00
110.0,129.57014,2025-09-08 17:00:00
87.0,75.23185,2025-09-08 17:00:00
95.0,81.83983,2025-09-08 17:00:00
145.0,88.047775,2025-09-08 17:00:00
158.0,79.50981,2025-09-08 18:00:00
123.0,79.33402,2025-09-08 18:00:00
49.0,41.47649,2025-09-08 18:00:00
129.0,114.61417,2025-09-08 18:00:00
149.0,102.21344,2025-09-08 18:00:00
119.66666666666669,87.56773,2025-09-08 19:00:00
114.0,85.79541,2025-09-08 19:00:00
82.33333333333333,46.682323,2025-09-08 19:00:00
156.0,122.445335,2025-09-08 19:00:00
118.0,119.02648,2025-09-08 19:00:00
125.0,103.69749,2025-09-08 20:00:00
104.66666666666669,111.1023,2025-09-08 20:00:00
168.0,132.5543,2025-09-08 20:00:00
158.0,125.35193,2025-09-08 20:00:00
40.333333333333336,55.51894,2025-09-08 20:00:00
121.0,133.60396,2025-09-08 21:00:00
43.0,57.369446,2025-09-08 21:00:00
102.0,114.17273,2025-09-08 21:00:00
232.0,172.93788,2025-09-08 21:00:00
169.0,130.17915,2025-09-08 21:00:00
227.0,159.62482,2025-09-08 22:00:00
111.33333333333331,98.985115,2025-09-08 22:00:00
172.0,158.3187,2025-09-08 22:00:00
85.0,57.893944,2025-09-08 22:00:00
135.0,156.83054,2025-09-08 22:00:00
147.0,139.61853,2025-09-08 23:00:00
151.0,142.11406,2025-09-08 23:00:00
161.0,225.13388,2025-09-08 23:00:00
184.0,63.24967,2025-09-08 23:00:00
106.0,108.2104,2025-09-08 23:00:00
99.0,52.72489,2025-09-09 00:00:00
133.0,204.52818,2025-09-09 00:00:00
96.5,104.33715,2025-09-09 00:00:00
140.0,148.76553,2025-09-09 00:00:00
164.0,174.21396,2025-09-09 00:00:00
237.0,196.77464,2025-09-09 01:00:00
107.66666666666669,96.83791,2025-09-09 01:00:00
99.0,50.747417,2025-09-09 01:00:00
113.0,155.36276,2025-09-09 01:00:00
103.0,177.4048,2025-09-09 01:00:00
84.0,155.3152,2025-09-09 02:00:00
184.0,154.66655,2025-09-09 02:00:00
104.0,94.93383,2025-09-09 02:00:00
102.0,126.18303,2025-09-09 02:00:00
44.0,48.051804,2025-09-09 02:00:00
101.0,103.51033,2025-09-09 03:00:00
201.0,130.71887,2025-09-09 03:00:00
28.0,40.08866,2025-09-09 03:00:00
95.66666666666669,74.62327,2025-09-09 03:00:00
77.0,158.09029,2025-09-09 03:00:00
28.0,42.806076,2025-09-09 04:00:00
92.0,121.82444,2025-09-09 04:00:00
81.0,142.37177,2025-09-09 04:00:00
191.0,104.73465,2025-09-09 04:00:00
77.33333333333333,82.56367,2025-09-09 04:00:00
133.0,115.06906,2025-09-09 05:00:00
59.0,139.97629,2025-09-09 05:00:00
68.0,98.005135,2025-09-09 05:00:00
47.66666666666666,42.575836,2025-09-09 05:00:00
62.333333333333336,75.91689,2025-09-09 05:00:00
68.0,161.65105,2025-09-09 06:00:00
58.333333333333336,87.64472,2025-09-09 06:00:00
121.0,111.57921,2025-09-09 06:00:00
74.0,106.547165,2025-09-09 06:00:00
47.66666666666666,45.82918,2025-09-09 06:00:00
73.0,107.19872,2025-09-09 07:00:00
118.0,180.20161,2025-09-09 07:00:00
47.66666666666666,57.961594,2025-09-09 07:00:00
149.0,136.47281,2025-09-09 07:00:00
66.0,111.83059,2025-09-09 07:00:00
147.0,212.0973,2025-09-09 08:00:00
100.0,133.35106,2025-09-09 08:00:00
47.66666666666666,74.754456,2025-09-09 08:00:00
171.0,136.97716,2025-09-09 08:00:00
76.0,131.73361,2025-09-09 08:00:00
123.0,150.65297,2025-09-09 09:00:00
151.0,269.2799,2025-09-09 09:00:00
166.0,167.0984,2025-09-09 09:00:00
87.0,133.91377,2025-09-09 09:00:00
103.0,148.39775,2025-09-09 10:00:00
184.0,253.74312,2025-09-09 10:00:00
217.0,141.69058,2025-09-09 10:00:00
94.33333333333331,120.951744,2025-09-09 10:00:00
96.66666666666669,114.40095,2025-09-09 11:00:00
144.0,238.3149,2025-09-09 11:00:00
169.0,142.60059,2025-09-09 11:00:00
110.0,138.37244,2025-09-09 11:00:00
130.0,190.05318,2025-09-09 12:00:00
110.0,140.072,2025-09-09 12:00:00
91.0,111.86166,2025-09-09 12:00:00
97.0,123.20618,2025-09-09 12:00:00
119.0,170.52017,2025-09-09 13:00:00
94.0,121.12947,2025-09-09 13:00:00
111.33333333333331,81.95792,2025-09-09 13:00:00
14.333333333333334,46.321842,2025-09-09 13:00:00
177.0,140.68254,2025-09-09 13:00:00
166.0,141.91812,2025-09-09 14:00:00
38.0,45.599228,2025-09-09 14:00:00
108.0,125.82161,2025-09-09 14:00:00
100.0,101.76683,2025-09-09 14:00:00
105.0,79.041145,2025-09-09 14:00:00
43.5,41.033955,2025-09-09 15:00:00
100.0,112.84836,2025-09-09 15:00:00
94.66666666666669,67.0579,2025-09-09 15:00:00
113.0,139.77429,2025-09-09 15:00:00
108.0,90.51562,2025-09-09 15:00:00
45.0,37.800518,2025-09-09 16:00:00
92.0,59.807274,2025-09-09 16:00:00
166.0,134.3803,2025-09-09 16:00:00
90.0,105.031296,2025-09-09 16:00:00
110.0,89.33953,2025-09-09 16:00:00
119.0,113.27287,2025-09-09 17:00:00
207.0,117.22054,2025-09-09 17:00:00
41.25,37.71464,2025-09-09 17:00:00
89.66666666666667,76.10922,2025-09-09 17:00:00
94.0,89.408905,2025-09-09 17:00:00
102.0,102.73267,2025-09-09 18:00:00
196.0,137.23085,2025-09-09 18:00:00
87.0,83.31312,2025-09-09 18:00:00
43.0,45.473293,2025-09-09 18:00:00
113.0,138.3872,2025-09-09 18:00:00
93.33333333333331,88.480644,2025-09-09 19:00:00
143.0,107.61559,2025-09-09 19:00:00
42.75,50.067528,2025-09-09 19:00:00
199.0,128.10812,2025-09-09 19:00:00
150.0,201.17317,2025-09-09 19:00:00
207.0,152.7961,2025-09-09 20:00:00
139.0,120.218124,2025-09-09 20:00:00
208.0,240.92471,2025-09-09 20:00:00
50.0,52.56815,2025-09-09 20:00:00
110.33333333333331,103.79184,2025-09-09 20:00:00
119.66666666666669,120.05982,2025-09-09 21:00:00
305.0,168.78325,2025-09-09 21:00:00
141.0,140.92903,2025-09-09 21:00:00
172.0,287.39905,2025-09-09 21:00:00
46.25,63.34874,2025-09-09 21:00:00
235.0,234.89697,2025-09-09 22:00:00
137.66666666666666,113.57308,2025-09-09 22:00:00
128.0,148.14465,2025-09-09 22:00:00
295.0,166.42365,2025-09-09 22:00:00
54.0,64.27259,2025-09-09 22:00:00
113.0,166.99446,2025-09-09 23:00:00
64.66666666666667,64.818794,2025-09-09 23:00:00
384.0,149.67255,2025-09-09 23:00:00
141.33333333333334,113.90609,2025-09-09 23:00:00
218.0,222.35687,2025-09-09 23:00:00
504.0,166.55254,2025-09-10 00:00:00
56.75,92.464645,2025-09-10 00:00:00
168.0,189.76251,2025-09-10 00:00:00
108.0,186.22456,2025-09-10 00:00:00
138.25,116.04999,2025-09-10 00:00:00
194.0,172.28569,2025-09-10 01:00:00
381.0,124.45763,2025-09-10 01:00:00
132.66666666666666,116.17383,2025-09-10 01:00:00
51.5,92.23042,2025-09-10 01:00:00
119.0,140.96135,2025-09-10 01:00:00
47.75,63.288986,2025-09-10 02:00:00
134.0,116.77475,2025-09-10 02:00:00
139.0,146.38815,2025-09-10 02:00:00
127.0,142.6853,2025-09-10 02:00:00
334.0,126.981445,2025-09-10 02:00:00
38.5,59.604675,2025-09-10 03:00:00
117.0,135.86728,2025-09-10 03:00:00
132.0,98.73162,2025-09-10 03:00:00
127.0,132.48326,2025-09-10 03:00:00
301.0,132.87923,2025-09-10 03:00:00
97.33333333333331,109.04837,2025-09-10 04:00:00
147.0,135.71756,2025-09-10 04:00:00
313.0,132.1503,2025-09-10 04:00:00
36.75,60.38903,2025-09-10 04:00:00
94.0,137.26593,2025-09-10 04:00:00
36.25,56.313267,2025-09-10 05:00:00
70.0,118.62531,2025-09-10 05:00:00
92.0,126.34691,2025-09-10 05:00:00
266.0,133.50635,2025-09-10 05:00:00
86.33333333333333,96.86045,2025-09-10 05:00:00
68.0,112.57322,2025-09-10 06:00:00
28.5,48.688404,2025-09-10 06:00:00
59.0,112.51683,2025-09-10 06:00:00
227.0,104.81936,2025-09-10 06:00:00
79.66666666666667,97.998116,2025-09-10 06:00:00
61.66666666666666,112.47203,2025-09-10 07:00:00
107.0,147.53404,2025-09-10 07:00:00
31.75,51.900936,2025-09-10 07:00:00
77.0,120.41722,2025-09-10 07:00:00
261.0,137.72049,2025-09-10 07:00:00
63.0,124.74737,2025-09-10 08:00:00
99.0,132.50868,2025-09-10 08:00:00
189.0,148.95663,2025-09-10 08:00:00
41.25,55.887375,2025-09-10 08:00:00
113.0,184.57988,2025-09-10 08:00:00
144.0,149.7482,2025-09-10 09:00:00
103.0,130.8073,2025-09-10 09:00:00
263.0,132.5158,2025-09-10 09:00:00
47.333333333333336,59.283607,2025-09-10 09:00:00
83.0,129.528,2025-09-10 09:00:00
88.0,117.06681,2025-09-10 10:00:00
87.66666666666667,127.33612,2025-09-10 10:00:00
130.0,153.36415,2025-09-10 10:00:00
172.0,137.86823,2025-09-10 10:00:00
47.333333333333336,56.757687,2025-09-10 10:00:00
102.0,101.60673,2025-09-10 11:00:00
122.0,133.94914,2025-09-10 11:00:00
161.0,135.61627,2025-09-10 11:00:00
47.333333333333336,51.821915,2025-09-10 11:00:00
100.0,107.04949,2025-09-10 11:00:00
92.66666666666669,103.02026,2025-09-10 12:00:00
127.0,137.32832,2025-09-10 12:00:00
47.333333333333336,53.492115,2025-09-10 12:00:00
241.0,142.89389,2025-09-10 12:00:00
79.0,119.3089,2025-09-10 12:00:00
68.0,106.51666,2025-09-10 13:00:00
88.66666666666667,87.27569,2025-09-10 13:00:00
124.0,129.53348,2025-09-10 13:00:00
185.0,139.84047,2025-09-10 13:00:00
17.5,47.63227,2025-09-10 13:00:00
210.0,157.4248,2025-09-10 14:00:00
74.0,121.08814,2025-09-10 14:00:00
39.0,66.63876,2025-09-10 14:00:00
63.0,125.65872,2025-09-10 14:00:00
91.0,99.06814,2025-09-10 14:00:00
74.0,96.5276,2025-09-10 15:00:00
135.0,69.463715,2025-09-10 15:00:00
76.33333333333333,95.38606,2025-09-10 15:00:00
67.0,99.13931,2025-09-10 15:00:00
157.0,157.1492,2025-09-10 15:00:00
55.0,106.09272,2025-09-10 16:00:00
92.0,104.32414,2025-09-10 16:00:00
77.0,89.93396,2025-09-10 16:00:00
63.5,45.114037,2025-09-10 16:00:00
153.0,118.386604,2025-09-10 16:00:00
195.0,121.30976,2025-09-10 17:00:00
41.5,44.019516,2025-09-10 17:00:00
51.333333333333336,100.10253,2025-09-10 17:00:00
73.0,91.57402,2025-09-10 17:00:00
116.0,97.37959,2025-09-10 17:00:00
38.25,50.774323,2025-09-10 18:00:00
118.0,101.44349,2025-09-10 18:00:00
60.333333333333336,115.26944,2025-09-10 18:00:00
189.0,128.35962,2025-09-10 18:00:00
68.0,93.44157,2025-09-10 18:00:00
42.5,54.78209,2025-09-10 19:00:00
185.0,159.25229,2025-09-10 19:00:00
206.0,116.606705,2025-09-10 19:00:00
70.66666666666667,120.945564,2025-09-10 19:00:00
86.0,94.64358,2025-09-10 19:00:00
98.0,138.46999,2025-09-10 20:00:00
256.0,141.94449,2025-09-10 20:00:00
81.0,102.51187,2025-09-10 20:00:00
134.0,173.53229,2025-09-10 20:00:00
55.25,59.69409,2025-09-10 20:00:00
136.0,188.54364,2025-09-10 21:00:00
150.5,139.32878,2025-09-10 21:00:00
158.0,156.54431,2025-09-10 21:00:00
86.0,118.96954,2025-09-10 21:00:00
52.25,60.97638,2025-09-10 21:00:00
91.0,124.5171,2025-09-10 22:00:00
188.0,135.90746,2025-09-10 22:00:00
180.66666666666663,135.85423,2025-09-10 22:00:00
245.0,179.0686,2025-09-10 22:00:00
49.75,60.899048,2025-09-10 22:00:00
177.66666666666666,131.75964,2025-09-10 23:00:00
196.0,187.62466,2025-09-10 23:00:00
60.333333333333336,60.4894,2025-09-10 23:00:00
215.0,125.32459,2025-09-10 23:00:00
99.0,120.04207,2025-09-10 23:00:00
99.0,149.60289,2025-09-11 00:00:00
72.5,68.373535,2025-09-11 00:00:00
133.75,127.80107,2025-09-11 00:00:00
482.0,143.00012,2025-09-11 00:00:00
237.0,126.15355,2025-09-11 00:00:00
58.0,142.82764,2025-09-11 01:00:00
74.0,62.066177,2025-09-11 01:00:00
574.0,148.68716,2025-09-11 01:00:00
153.0,120.134964,2025-09-11 01:00:00
101.66666666666669,117.49398,2025-09-11 01:00:00
163.0,107.42618,2025-09-11 02:00:00
284.0,154.0519,2025-09-11 02:00:00
110.0,141.62248,2025-09-11 02:00:00
137.33333333333334,117.067215,2025-09-11 02:00:00
76.75,72.103935,2025-09-11 02:00:00
124.66666666666669,111.584885,2025-09-11 03:00:00
256.0,131.5001,2025-09-11 03:00:00
141.0,108.608284,2025-09-11 03:00:00
155.0,129.33054,2025-09-11 03:00:00
75.5,52.985252,2025-09-11 03:00:00
157.0,121.117966,2025-09-11 04:00:00
87.0,96.2451,2025-09-11 04:00:00
317.0,123.5003,2025-09-11 04:00:00
162.0,104.719894,2025-09-11 04:00:00
79.0,50.221653,2025-09-11 04:00:00
153.0,105.82803,2025-09-11 05:00:00
300.0,121.25364,2025-09-11 05:00:00
69.66666666666667,76.599625,2025-09-11 05:00:00
64.5,53.636654,2025-09-11 05:00:00
157.0,116.004616,2025-09-11 05:00:00
64.66666666666667,79.90552,2025-09-11 06:00:00
56.25,53.385574,2025-09-11 06:00:00
201.0,116.51327,2025-09-11 06:00:00
157.0,120.77648,2025-09-11 06:00:00
383.0,132.72461,2025-09-11 06:00:00
98.66666666666669,92.78197,2025-09-11 07:00:00
64.5,52.485455,2025-09-11 07:00:00
472.0,145.27966,2025-09-11 07:00:00
157.0,139.28131,2025-09-11 07:00:00
217.0,156.5937,2025-09-11 07:00:00
160.66666666666666,104.5478,2025-09-11 08:00:00
394.0,145.79843,2025-09-11 08:00:00
75.5,55.480556,2025-09-11 08:00:00
184.0,168.67145,2025-09-11 08:00:00
410.0,157.4772,2025-09-11 09:00:00
168.33333333333334,93.74633,2025-09-11 09:00:00
150.0,156.35507,2025-09-11 09:00:00
74.75,66.99174,2025-09-11 09:00:00
252.0,146.13684,2025-09-11 10:00:00
49.25,56.698452,2025-09-11 10:00:00
149.0,143.4131,2025-09-11 10:00:00
131.66666666666666,94.87493,2025-09-11 10:00:00
260.0,135.0302,2025-09-11 11:00:00
112.0,132.51968,2025-09-11 11:00:00
38.25,74.89789,2025-09-11 11:00:00
109.0,86.070305,2025-09-11 11:00:00
95.66666666666669,104.68589,2025-09-11 12:00:00
127.0,140.56726,2025-09-11 12:00:00
100.0,140.91031,2025-09-11 12:00:00
40.75,75.888435,2025-09-11 12:00:00
204.0,140.45743,2025-09-11 12:00:00
102.0,141.69916,2025-09-11 13:00:00
218.0,116.4473,2025-09-11 13:00:00
132.0,113.34187,2025-09-11 13:00:00
82.33333333333333,98.26319,2025-09-11 13:00:00
42.0,70.35741,2025-09-11 13:00:00
86.66666666666667,107.8377,2025-09-11 14:00:00
160.0,120.10861,2025-09-11 14:00:00
38.0,62.4525,2025-09-11 14:00:00
106.0,132.39673,2025-09-11 14:00:00
97.0,128.16539,2025-09-11 14:00:00
35.5,62.71202,2025-09-11 15:00:00
84.33333333333333,101.075935,2025-09-11 15:00:00
83.0,102.33786,2025-09-11 15:00:00
221.0,119.371895,2025-09-11 15:00:00
101.0,126.29147,2025-09-11 15:00:00
85.0,104.29026,2025-09-11 16:00:00
78.33333333333333,103.0825,2025-09-11 16:00:00
128.0,117.82883,2025-09-11 16:00:00
169.0,152.39221,2025-09-11 16:00:00
38.75,73.55283,2025-09-11 16:00:00
41.25,69.95707,2025-09-11 17:00:00
223.0,132.21661,2025-09-11 17:00:00
95.0,101.2647,2025-09-11 17:00:00
67.0,95.94285,2025-09-11 17:00:00
103.0,99.18684,2025-09-11 17:00:00
88.0,94.97817,2025-09-11 18:00:00
41.5,81.22837,2025-09-11 18:00:00
237.0,128.01129,2025-09-11 18:00:00
174.0,103.77749,2025-09-11 18:00:00
72.0,76.38781,2025-09-11 18:00:00
276.0,127.276085,2025-09-11 19:00:00
101.0,92.17238,2025-09-11 19:00:00
47.25,73.81973,2025-09-11 19:00:00
215.0,154.86833,2025-09-11 19:00:00
81.0,91.01146,2025-09-11 19:00:00
55.0,68.68963,2025-09-11 20:00:00
129.0,121.08261,2025-09-11 20:00:00
128.33333333333334,109.03675,2025-09-11 20:00:00
153.0,169.1617,2025-09-11 20:00:00
307.0,171.66878,2025-09-11 20:00:00
181.66666666666663,122.297615,2025-09-11 21:00:00
60.25,82.50177,2025-09-11 21:00:00
393.0,160.61024,2025-09-11 21:00:00
111.0,123.83854,2025-09-11 21:00:00
272.0,166.50299,2025-09-11 21:00:00
261.0,172.71358,2025-09-11 22:00:00
528.0,160.42064,2025-09-11 22:00:00
110.0,130.70416,2025-09-11 22:00:00
69.75,89.00013,2025-09-11 22:00:00
193.0,129.55722,2025-09-11 22:00:00
67.0,76.52995,2025-09-11 23:00:00
267.0,164.66934,2025-09-11 23:00:00
532.0,135.0975,2025-09-11 23:00:00
153.0,122.60006,2025-09-11 23:00:00
103.0,128.11943,2025-09-11 23:00:00
377.0,181.4363,2025-09-12 00:00:00
199.0,136.712,2025-09-12 00:00:00
61.0,87.782326,2025-09-12 00:00:00
122.75,117.64576,2025-09-12 00:00:00
118.0,138.65547,2025-09-12 00:00:00
124.33333333333331,107.92857,2025-09-12 01:00:00
168.0,134.95518,2025-09-12 01:00:00
410.0,170.45831,2025-09-12 01:00:00
68.75,94.59946,2025-09-12 01:00:00
105.0,127.34037,2025-09-12 01:00:00
125.0,113.477196,2025-09-12 02:00:00
269.0,138.91647,2025-09-12 02:00:00
163.66666666666666,82.83498,2025-09-12 02:00:00
112.0,102.93274,2025-09-12 02:00:00
70.25,65.12359,2025-09-12 02:00:00
62.75,61.971348,2025-09-12 03:00:00
144.0,103.800186,2025-09-12 03:00:00
176.66666666666666,78.99933,2025-09-12 03:00:00
121.0,111.99022,2025-09-12 03:00:00
385.0,139.34985,2025-09-12 03:00:00
57.75,70.07305,2025-09-12 04:00:00
140.66666666666666,91.33165,2025-09-12 04:00:00
338.0,140.67107,2025-09-12 04:00:00
113.0,111.458275,2025-09-12 04:00:00
161.0,134.73438,2025-09-12 04:00:00
122.0,80.687325,2025-09-12 05:00:00
118.0,99.49133,2025-09-12 05:00:00
323.0,119.67464,2025-09-12 05:00:00
128.0,128.6297,2025-09-12 05:00:00
62.25,81.708015,2025-09-12 05:00:00
490.0,146.82585,2025-09-12 06:00:00
123.0,133.11119,2025-09-12 06:00:00
59.5,91.4668,2025-09-12 06:00:00
103.66666666666669,86.40917,2025-09-12 06:00:00
116.0,115.191284,2025-09-12 06:00:00
90.33333333333331,104.77349,2025-09-12 07:00:00
200.0,140.31079,2025-09-12 07:00:00
52.0,78.41769,2025-09-12 07:00:00
415.0,157.16992,2025-09-12 07:00:00
112.0,119.48476,2025-09-12 07:00:00
90.66666666666669,126.801956,2025-09-12 08:00:00
320.0,217.04517,2025-09-12 08:00:00
145.0,140.97722,2025-09-12 08:00:00
50.75,85.37218,2025-09-12 08:00:00
206.0,201.79431,2025-09-12 08:00:00
136.0,183.2732,2025-09-12 09:00:00
94.0,130.95792,2025-09-12 09:00:00
133.0,146.88853,2025-09-12 09:00:00
372.0,190.33998,2025-09-12 09:00:00
112.0,146.99304,2025-09-12 10:00:00
103.66666666666669,111.63804,2025-09-12 10:00:00
205.0,167.43103,2025-09-12 10:00:00
252.0,223.79684,2025-09-12 10:00:00
254.0,168.64238,2025-09-12 11:00:00
102.0,137.72255,2025-09-12 11:00:00
116.66666666666669,130.34804,2025-09-12 11:00:00
123.0,158.13751,2025-09-12 11:00:00
105.0,144.4572,2025-09-12 12:00:00
127.0,106.73424,2025-09-12 12:00:00
100.0,121.40994,2025-09-12 12:00:00
185.0,148.56712,2025-09-12 12:00:00
94.0,129.98456,2025-09-12 13:00:00
263.0,178.73634,2025-09-12 13:00:00
104.0,102.1889,2025-09-12 13:00:00
84.0,119.415344,2025-09-12 13:00:00
52.25,71.224236,2025-09-12 13:00:00
212.0,133.41246,2025-09-12 14:00:00
39.5,69.45867,2025-09-12 14:00:00
99.0,116.00994,2025-09-12 14:00:00
74.33333333333333,101.08948,2025-09-12 14:00:00
89.0,109.71154,2025-09-12 14:00:00
86.0,97.780975,2025-09-12 15:00:00
34.0,69.941315,2025-09-12 15:00:00
64.0,97.51777,2025-09-12 15:00:00
111.0,116.48096,2025-09-12 15:00:00
259.0,126.75145,2025-09-12 15:00:00
224.0,149.61513,2025-09-12 16:00:00
55.0,89.50311,2025-09-12 16:00:00
38.75,74.58887,2025-09-12 16:00:00
89.0,96.714836,2025-09-12 16:00:00
99.0,120.49202,2025-09-12 16:00:00
59.66666666666666,93.87401,2025-09-12 17:00:00
85.0,95.835556,2025-09-12 17:00:00
44.0,76.5409,2025-09-12 17:00:00
111.0,105.91143,2025-09-12 17:00:00
195.0,146.39026,2025-09-12 17:00:00
152.0,114.469696,2025-09-12 18:00:00
46.5,76.948395,2025-09-12 18:00:00
96.0,120.67883,2025-09-12 18:00:00
210.0,143.02899,2025-09-12 18:00:00
84.66666666666667,94.959984,2025-09-12 18:00:00
96.0,118.27296,2025-09-12 19:00:00
47.5,89.66671,2025-09-12 19:00:00
246.0,129.42282,2025-09-12 19:00:00
193.0,154.21873,2025-09-12 19:00:00
106.33333333333331,108.76271,2025-09-12 19:00:00
205.0,115.34839,2025-09-12 20:00:00
131.33333333333334,98.81912,2025-09-12 20:00:00
210.0,168.3928,2025-09-12 20:00:00
46.0,75.51028,2025-09-12 20:00:00
230.0,137.99246,2025-09-12 20:00:00
574.0,169.48253,2025-09-12 21:00:00
61.5,95.66911,2025-09-12 21:00:00
295.0,205.3145,2025-09-12 21:00:00
139.0,121.52542,2025-09-12 21:00:00
161.66666666666666,125.17342,2025-09-12 21:00:00
591.0,163.67412,2025-09-12 22:00:00
315.0,193.29167,2025-09-12 22:00:00
184.66666666666663,116.994896,2025-09-12 22:00:00
136.0,120.89513,2025-09-12 22:00:00
71.0,93.612976,2025-09-12 22:00:00
76.0,97.29065,2025-09-12 23:00:00
167.66666666666666,139.53636,2025-09-12 23:00:00
300.0,162.60207,2025-09-12 23:00:00
961.0,178.76723,2025-09-12 23:00:00
113.0,137.81154,2025-09-12 23:00:00
508.0,219.56184,2025-09-13 00:00:00
174.0,193.11163,2025-09-13 00:00:00
294.0,155.81128,2025-09-13 00:00:00
73.0,91.919426,2025-09-13 00:00:00
132.0,140.08755,2025-09-13 00:00:00
432.0,233.36488,2025-09-13 01:00:00
200.0,151.41165,2025-09-13 01:00:00
118.66666666666669,147.52014,2025-09-13 01:00:00
68.5,92.17315,2025-09-13 01:00:00
156.0,189.04265,2025-09-13 01:00:00
129.0,167.66054,2025-09-13 02:00:00
395.0,243.72351,2025-09-13 02:00:00
151.0,158.60185,2025-09-13 02:00:00
107.33333333333331,137.67755,2025-09-13 02:00:00
68.0,85.70226,2025-09-13 02:00:00
431.0,192.35654,2025-09-13 03:00:00
112.33333333333331,112.980644,2025-09-13 03:00:00
68.75,78.22518,2025-09-13 03:00:00
149.0,159.74017,2025-09-13 03:00:00
130.0,166.97357,2025-09-13 03:00:00
132.0,156.97084,2025-09-13 04:00:00
101.0,146.93468,2025-09-13 04:00:00
459.0,217.32803,2025-09-13 04:00:00
112.33333333333331,112.78573,2025-09-13 04:00:00
67.0,74.34668,2025-09-13 04:00:00
366.0,179.91962,2025-09-13 05:00:00
56.25,68.92799,2025-09-13 05:00:00
122.0,145.9139,2025-09-13 05:00:00
100.0,102.58844,2025-09-13 05:00:00
99.0,150.56395,2025-09-13 05:00:00
79.0,147.73524,2025-09-13 06:00:00
112.0,142.7626,2025-09-13 06:00:00
223.0,194.4388,2025-09-13 06:00:00
42.25,77.97384,2025-09-13 06:00:00
85.66666666666667,109.95473,2025-09-13 06:00:00
138.0,179.83644,2025-09-13 07:00:00
106.0,164.91963,2025-09-13 07:00:00
115.5,141.39497,2025-09-13 07:00:00
42.25,93.31545,2025-09-13 07:00:00
205.0,243.29521,2025-09-13 07:00:00
493.0,202.19722,2025-09-13 08:00:00
139.0,176.92351,2025-09-13 08:00:00
86.0,148.30394,2025-09-13 08:00:00
43.25,98.936195,2025-09-13 08:00:00
107.0,177.35658,2025-09-13 08:00:00
260.0,197.97165,2025-09-13 09:00:00
43.0,114.060165,2025-09-13 09:00:00
85.0,153.73936,2025-09-13 09:00:00
280.0,207.80603,2025-09-13 09:00:00
117.0,193.64162,2025-09-13 09:00:00
139.0,187.77103,2025-09-13 10:00:00
85.0,144.61699,2025-09-13 10:00:00
210.0,184.16675,2025-09-13 10:00:00
208.0,200.47377,2025-09-13 10:00:00
53.75,113.11333,2025-09-13 10:00:00
116.0,139.48541,2025-09-13 11:00:00
123.0,160.96994,2025-09-13 11:00:00
59.75,95.77602,2025-09-13 11:00:00
217.0,175.32416,2025-09-13 11:00:00
122.0,183.52489,2025-09-13 11:00:00
127.0,144.8007,2025-09-13 12:00:00
143.0,147.49348,2025-09-13 12:00:00
63.75,78.76256,2025-09-13 12:00:00
173.0,175.99596,2025-09-13 12:00:00
143.0,159.23476,2025-09-13 12:00:00
64.5,82.49274,2025-09-13 13:00:00
124.0,143.67297,2025-09-13 13:00:00
205.0,183.49997,2025-09-13 13:00:00
135.0,150.64738,2025-09-13 13:00:00
122.0,141.51091,2025-09-13 13:00:00
64.0,76.41192,2025-09-13 14:00:00
125.0,131.23125,2025-09-13 14:00:00
110.0,136.35591,2025-09-13 14:00:00
95.0,129.63977,2025-09-13 14:00:00
161.0,154.69019,2025-09-13 14:00:00
134.0,132.70663,2025-09-13 15:00:00
99.0,138.95018,2025-09-13 15:00:00
271.0,145.25453,2025-09-13 15:00:00
57.75,87.73343,2025-09-13 15:00:00
97.0,125.504845,2025-09-13 15:00:00
88.0,136.12271,2025-09-13 16:00:00
219.0,148.56815,2025-09-13 16:00:00
50.0,76.63323,2025-09-13 16:00:00
116.0,127.970375,2025-09-13 16:00:00
94.0,118.70246,2025-09-13 16:00:00
125.0,137.16124,2025-09-13 17:00:00
84.0,135.82776,2025-09-13 17:00:00
48.75,83.89497,2025-09-13 17:00:00
86.0,111.2895,2025-09-13 17:00:00
130.0,181.67923,2025-09-13 17:00:00
48.5,83.913536,2025-09-13 18:00:00
85.0,121.31959,2025-09-13 18:00:00
180.0,180.70361,2025-09-13 18:00:00
157.0,126.899605,2025-09-13 18:00:00
100.0,135.46744,2025-09-13 18:00:00
53.75,81.032455,2025-09-13 19:00:00
147.0,174.21274,2025-09-13 19:00:00
121.0,129.4808,2025-09-13 19:00:00
167.0,177.8695,2025-09-13 19:00:00
111.0,152.9602,2025-09-13 19:00:00
133.0,163.97252,2025-09-13 20:00:00
64.0,88.416306,2025-09-13 20:00:00
175.0,220.8395,2025-09-13 20:00:00
132.0,158.9992,2025-09-13 20:00:00
184.0,211.67188,2025-09-13 20:00:00
75.25,114.171234,2025-09-13 21:00:00
173.0,200.47346,2025-09-13 21:00:00
161.0,222.72581,2025-09-13 21:00:00
153.0,184.26321,2025-09-13 21:00:00
168.0,143.75578,2025-09-13 21:00:00
153.0,245.84209,2025-09-13 22:00:00
164.0,159.36028,2025-09-13 22:00:00
183.0,162.78981,2025-09-13 22:00:00
135.0,205.82309,2025-09-13 22:00:00
94.25,95.403885,2025-09-13 22:00:00
76.0,92.73258,2025-09-13 23:00:00
127.0,291.85345,2025-09-13 23:00:00
127.0,158.71638,2025-09-13 23:00:00
174.0,166.81009,2025-09-13 23:00:00
185.0,200.04074,2025-09-13 23:00:00
144.0,172.4674,2025-09-14 00:00:00
151.0,187.83632,2025-09-14 00:00:00
94.0,148.59903,2025-09-14 00:00:00
96.0,361.43073,2025-09-14 00:00:00
64.0,102.02403,2025-09-14 00:00:00
121.0,199.56683,2025-09-14 01:00:00
118.0,147.62183,2025-09-14 01:00:00
122.0,284.29828,2025-09-14 01:00:00
70.0,99.7325,2025-09-14 01:00:00
91.0,128.05136,2025-09-14 01:00:00
61.75,92.73804,2025-09-14 02:00:00
94.0,129.59564,2025-09-14 02:00:00
101.0,313.70093,2025-09-14 02:00:00
141.0,155.86375,2025-09-14 02:00:00
116.0,170.73894,2025-09-14 02:00:00
90.0,147.29587,2025-09-14 03:00:00
106.0,246.95467,2025-09-14 03:00:00
74.0,118.63173,2025-09-14 03:00:00
101.0,157.05222,2025-09-14 03:00:00
51.75,91.03568,2025-09-14 03:00:00
52.0,79.39319,2025-09-14 04:00:00
150.0,250.07535,2025-09-14 04:00:00
90.0,152.04567,2025-09-14 04:00:00
78.0,173.03325,2025-09-14 04:00:00
69.0,111.03304,2025-09-14 04:00:00
185.0,262.00516,2025-09-14 05:00:00
53.75,70.844154,2025-09-14 05:00:00
89.0,103.58667,2025-09-14 05:00:00
90.0,149.24014,2025-09-14 05:00:00
99.0,151.94922,2025-09-14 05:00:00
53.5,77.05006,2025-09-14 06:00:00
99.0,159.77632,2025-09-14 06:00:00
62.0,99.331696,2025-09-14 06:00:00
116.0,143.51144,2025-09-14 06:00:00
208.0,272.0968,2025-09-14 06:00:00
129.0,115.60184,2025-09-14 07:00:00
133.0,148.84601,2025-09-14 07:00:00
164.0,252.8705,2025-09-14 07:00:00
54.5,78.9028,2025-09-14 07:00:00
117.0,183.32846,2025-09-14 07:00:00
223.0,201.72968,2025-09-14 08:00:00
141.0,217.19232,2025-09-14 08:00:00
59.0,86.76722,2025-09-14 08:00:00
118.0,148.30495,2025-09-14 08:00:00
75.25,98.79494,2025-09-14 09:00:00
178.0,341.52234,2025-09-14 09:00:00
127.0,167.63625,2025-09-14 09:00:00
177.0,210.69128,2025-09-14 09:00:00
136.0,168.52126,2025-09-14 10:00:00
432.0,190.00954,2025-09-14 10:00:00
75.25,82.4147,2025-09-14 10:00:00
230.0,250.56992,2025-09-14 10:00:00
145.0,137.71832,2025-09-14 11:00:00
234.0,223.33609,2025-09-14 11:00:00
21.5,76.34112,2025-09-14 11:00:00
213.0,175.31868,2025-09-14 11:00:00
21.5,78.146965,2025-09-14 12:00:00
184.0,145.9206,2025-09-14 12:00:00
146.0,139.96692,2025-09-14 12:00:00
164.0,119.36129,2025-09-14 12:00:00
208.0,182.17047,2025-09-14 12:00:00
160.0,136.76591,2025-09-14 13:00:00
238.0,120.88707,2025-09-14 13:00:00
118.0,132.58153,2025-09-14 13:00:00
21.5,76.14796,2025-09-14 13:00:00
155.0,190.44827,2025-09-14 13:00:00
134.0,116.930786,2025-09-14 14:00:00
21.5,78.47394,2025-09-14 14:00:00
122.0,134.80107,2025-09-14 14:00:00
218.0,179.52248,2025-09-14 14:00:00
117.0,115.74893,2025-09-14 14:00:00
136.0,131.90254,2025-09-14 15:00:00
158.0,171.88472,2025-09-14 15:00:00
112.0,106.35857,2025-09-14 15:00:00
133.0,101.41998,2025-09-14 15:00:00
118.0,108.59553,2025-09-14 16:00:00
881.0,124.76733,2025-09-14 16:00:00
107.0,92.45778,2025-09-14 16:00:00
150.0,187.38788,2025-09-14 16:00:00
25.666666666666668,62.554276,2025-09-14 16:00:00
53.0,105.68298,2025-09-14 17:00:00
223.0,117.77405,2025-09-14 17:00:00
121.66666666666669,70.72733,2025-09-14 17:00:00
86.0,204.69489,2025-09-14 17:00:00
118.0,114.14336,2025-09-14 17:00:00
50.0,102.023224,2025-09-14 18:00:00
74.0,219.17218,2025-09-14 18:00:00
103.0,129.13808,2025-09-14 18:00:00
105.0,120.351074,2025-09-14 18:00:00
121.66666666666669,73.13442,2025-09-14 18:00:00
135.0,177.01593,2025-09-14 19:00:00
26.0,68.65179,2025-09-14 19:00:00
95.0,124.43237,2025-09-14 19:00:00
114.0,252.29317,2025-09-14 19:00:00
40.0,100.53333,2025-09-14 19:00:00
163.0,227.49603,2025-09-14 20:00:00
62.0,121.711845,2025-09-14 20:00:00
140.0,123.83006,2025-09-14 20:00:00
26.0,80.11682,2025-09-14 20:00:00
103.0,218.91397,2025-09-14 20:00:00
97.0,153.54643,2025-09-14 21:00:00
138.0,130.6154,2025-09-14 21:00:00
35.666666666666664,95.5419,2025-09-14 21:00:00
152.0,175.81784,2025-09-14 21:00:00
128.0,264.94052,2025-09-14 21:00:00
116.0,226.06589,2025-09-14 22:00:00
105.0,98.54208,2025-09-14 22:00:00
128.0,127.01302,2025-09-14 22:00:00
169.0,189.19504,2025-09-14 22:00:00
152.0,135.57776,2025-09-14 22:00:00
114.0,118.9488,2025-09-14 23:00:00
112.33333333333331,80.91018,2025-09-14 23:00:00
138.0,148.77231,2025-09-14 23:00:00
183.0,247.21136,2025-09-14 23:00:00
194.0,196.3202,2025-09-14 23:00:00
168.0,252.08614,2025-09-15 00:00:00
147.0,147.89757,2025-09-15 00:00:00
122.0,106.18663,2025-09-15 00:00:00
163.0,154.3644,2025-09-15 00:00:00
119.5,52.544697,2025-09-15 00:00:00
156.0,250.15776,2025-09-15 01:00:00
104.25,51.29643,2025-09-15 01:00:00
136.0,105.63824,2025-09-15 01:00:00
130.0,116.60616,2025-09-15 01:00:00
144.0,139.52664,2025-09-15 01:00:00
135.0,122.94268,2025-09-15 02:00:00
105.0,43.05382,2025-09-15 02:00:00
129.0,129.62245,2025-09-15 02:00:00
128.0,92.132545,2025-09-15 02:00:00
102.0,116.876434,2025-09-15 02:00:00
116.0,69.17392,2025-09-15 03:00:00
95.5,39.502205,2025-09-15 03:00:00
101.0,111.695404,2025-09-15 03:00:00
108.0,144.17712,2025-09-15 03:00:00
107.0,121.20333,2025-09-15 03:00:00
89.25,31.653961,2025-09-15 04:00:00
118.0,163.31604,2025-09-15 04:00:00
119.0,74.37083,2025-09-15 04:00:00
130.0,108.75514,2025-09-15 04:00:00
106.0,103.619675,2025-09-15 04:00:00
94.0,70.96901,2025-09-15 05:00:00
97.5,28.961592,2025-09-15 05:00:00
91.0,140.11935,2025-09-15 05:00:00
118.0,101.033424,2025-09-15 05:00:00
134.0,102.59867,2025-09-15 05:00:00
77.0,190.08652,2025-09-15 06:00:00
110.0,114.00969,2025-09-15 06:00:00
85.25,30.05689,2025-09-15 06:00:00
144.0,118.742546,2025-09-15 06:00:00
88.0,72.5227,2025-09-15 06:00:00
55.25,37.285828,2025-09-15 07:00:00
74.0,128.18532,2025-09-15 07:00:00
122.0,179.87935,2025-09-15 07:00:00
136.0,138.92107,2025-09-15 07:00:00
41.0,166.5712,2025-09-15 07:00:00
56.0,65.766304,2025-09-15 08:00:00
141.0,176.61797,2025-09-15 08:00:00
102.0,143.52388,2025-09-15 08:00:00
48.0,126.16644,2025-09-15 08:00:00
58.0,139.37732,2025-09-15 08:00:00
199.0,147.91751,2025-09-15 09:00:00
62.75,60.11453,2025-09-15 09:00:00
56.0,195.98804,2025-09-15 09:00:00
63.0,129.38583,2025-09-15 09:00:00
102.0,149.19489,2025-09-15 09:00:00
58.0,137.45807,2025-09-15 10:00:00
92.0,138.4029,2025-09-15 10:00:00
156.0,149.83836,2025-09-15 10:00:00
60.5,58.24325,2025-09-15 10:00:00
56.0,120.03815,2025-09-15 10:00:00
61.0,113.848114,2025-09-15 11:00:00
143.0,127.11023,2025-09-15 11:00:00
73.0,55.709343,2025-09-15 11:00:00
103.0,132.19315,2025-09-15 11:00:00
108.0,116.062416,2025-09-15 11:00:00
143.0,121.88351,2025-09-15 12:00:00
99.0,112.609535,2025-09-15 12:00:00
138.0,138.5536,2025-09-15 12:00:00
98.25,57.434174,2025-09-15 12:00:00
139.0,110.907265,2025-09-15 12:00:00
101.0,99.26608,2025-09-15 13:00:00
146.0,114.3637,2025-09-15 13:00:00
78.0,119.2713,2025-09-15 13:00:00
103.0,45.765144,2025-09-15 13:00:00
114.0,154.927,2025-09-15 13:00:00
27.33333333333333,43.807953,2025-09-15 14:00:00
46.0,115.883026,2025-09-15 14:00:00
123.0,103.38795,2025-09-15 14:00:00
127.0,113.63194,2025-09-15 14:00:00
55.0,93.327835,2025-09-15 14:00:00
123.0,100.5081,2025-09-15 15:00:00
52.0,112.54119,2025-09-15 15:00:00
73.75,51.12283,2025-09-15 15:00:00
61.0,89.01379,2025-09-15 15:00:00
224.0,157.59949,2025-09-15 15:00:00
59.0,74.45521,2025-09-15 16:00:00
86.0,93.18603,2025-09-15 16:00:00
80.0,54.238174,2025-09-15 16:00:00
47.0,116.39508,2025-09-15 16:00:00
207.0,125.026436,2025-09-15 16:00:00
85.75,51.830605,2025-09-15 17:00:00
85.0,84.265366,2025-09-15 17:00:00
81.0,132.35666,2025-09-15 17:00:00
103.0,98.873146,2025-09-15 17:00:00
273.0,145.02353,2025-09-15 17:00:00
90.0,68.66151,2025-09-15 18:00:00
92.0,103.12203,2025-09-15 18:00:00
127.0,105.82024,2025-09-15 18:00:00
130.0,151.35802,2025-09-15 18:00:00
322.0,144.13908,2025-09-15 18:00:00
145.0,108.09253,2025-09-15 19:00:00
277.0,185.46281,2025-09-15 19:00:00
361.0,162.4868,2025-09-15 19:00:00
100.25,64.73266,2025-09-15 19:00:00
102.0,121.54938,2025-09-15 19:00:00
381.0,207.81686,2025-09-15 20:00:00
337.0,241.59587,2025-09-15 20:00:00
138.0,134.1329,2025-09-15 20:00:00
108.25,62.0679,2025-09-15 20:00:00
157.0,115.60987,2025-09-15 20:00:00
191.0,295.24957,2025-09-15 21:00:00
164.0,163.36221,2025-09-15 21:00:00
132.0,80.01319,2025-09-15 21:00:00
160.0,160.33604,2025-09-15 21:00:00
357.0,218.75476,2025-09-15 21:00:00
161.0,324.64395,2025-09-15 22:00:00
138.75,80.618454,2025-09-15 22:00:00
195.0,142.72719,2025-09-15 22:00:00
237.0,163.88835,2025-09-15 22:00:00
218.0,154.87665,2025-09-15 22:00:00
163.0,139.34184,2025-09-15 23:00:00
216.0,167.07086,2025-09-15 23:00:00
125.33333333333331,61.003372,2025-09-15 23:00:00
171.0,121.731285,2025-09-15 23:00:00
171.0,352.72668,2025-09-15 23:00:00
197.0,135.52795,2025-09-16 00:00:00
123.0,74.147285,2025-09-16 00:00:00
157.0,145.62988,2025-09-16 00:00:00
243.0,294.95224,2025-09-16 00:00:00
121.0,105.27994,2025-09-16 00:00:00
206.0,199.36781,2025-09-16 01:00:00
119.0,102.85864,2025-09-16 01:00:00
216.0,135.6494,2025-09-16 01:00:00
189.0,137.42332,2025-09-16 01:00:00
132.5,69.04088,2025-09-16 01:00:00
221.0,108.37933,2025-09-16 02:00:00
147.0,99.2953,2025-09-16 02:00:00
295.0,186.8087,2025-09-16 02:00:00
188.0,127.114334,2025-09-16 02:00:00
119.5,49.02263,2025-09-16 02:00:00
126.0,51.41225,2025-09-16 03:00:00
290.0,170.20985,2025-09-16 03:00:00
129.0,97.87568,2025-09-16 03:00:00
157.0,131.50027,2025-09-16 03:00:00
177.0,131.01454,2025-09-16 03:00:00
164.0,127.44446,2025-09-16 04:00:00
132.0,84.85316,2025-09-16 04:00:00
119.0,44.948666,2025-09-16 04:00:00
316.0,180.40599,2025-09-16 04:00:00
152.0,122.95605,2025-09-16 04:00:00
243.0,140.5505,2025-09-16 05:00:00
138.0,113.72146,2025-09-16 05:00:00
144.0,76.04475,2025-09-16 05:00:00
156.0,123.387184,2025-09-16 05:00:00
113.5,45.116756,2025-09-16 05:00:00
103.0,115.869644,2025-09-16 06:00:00
216.0,155.83366,2025-09-16 06:00:00
141.0,138.41689,2025-09-16 06:00:00
230.0,251.58516,2025-09-16 06:00:00
111.75,75.652145,2025-09-16 06:00:00
113.75,75.08801,2025-09-16 07:00:00
283.0,224.21686,2025-09-16 07:00:00
186.0,150.02579,2025-09-16 07:00:00
106.0,113.88754,2025-09-16 07:00:00
167.0,189.29729,2025-09-16 07:00:00
177.0,156.33865,2025-09-16 08:00:00
332.0,231.51167,2025-09-16 08:00:00
151.25,68.30762,2025-09-16 08:00:00
196.0,172.59047,2025-09-16 08:00:00
173.0,106.67491,2025-09-16 08:00:00
108.0,117.00693,2025-09-16 09:00:00
144.0,74.4565,2025-09-16 09:00:00
254.0,193.49174,2025-09-16 09:00:00
284.0,206.84097,2025-09-16 09:00:00
149.0,146.4449,2025-09-16 09:00:00
106.25,73.13907,2025-09-16 10:00:00
223.0,217.64726,2025-09-16 10:00:00
184.0,160.54993,2025-09-16 10:00:00
149.0,144.69414,2025-09-16 10:00:00
102.0,118.68659,2025-09-16 10:00:00
174.0,147.21759,2025-09-16 11:00:00
112.0,120.17112,2025-09-16 11:00:00
263.0,144.01004,2025-09-16 11:00:00
143.0,137.11505,2025-09-16 11:00:00
98.0,77.88518,2025-09-16 11:00:00
124.0,123.660995,2025-09-16 12:00:00
93.75,78.23336,2025-09-16 12:00:00
112.0,109.210976,2025-09-16 12:00:00
163.0,191.99544,2025-09-16 12:00:00
138.0,151.32976,2025-09-16 12:00:00
85.5,65.96063,2025-09-16 13:00:00
123.0,92.57444,2025-09-16 13:00:00
128.0,102.21455,2025-09-16 13:00:00
207.0,178.00755,2025-09-16 13:00:00
175.0,135.9895,2025-09-16 13:00:00
128.0,95.22602,2025-09-16 14:00:00
92.0,67.30836,2025-09-16 14:00:00
182.0,150.27515,2025-09-16 14:00:00
107.0,89.852455,2025-09-16 14:00:00
188.0,127.4063,2025-09-16 14:00:00
116.0,103.51354,2025-09-16 15:00:00
89.0,63.954727,2025-09-16 15:00:00
177.0,135.9737,2025-09-16 15:00:00
151.0,119.32977,2025-09-16 15:00:00
111.0,106.74484,2025-09-16 15:00:00
86.0,64.48624,2025-09-16 16:00:00
133.0,117.552956,2025-09-16 16:00:00
99.0,100.368034,2025-09-16 16:00:00
167.0,152.31741,2025-09-16 16:00:00
114.0,97.58958,2025-09-16 16:00:00
96.0,119.37253,2025-09-16 17:00:00
114.0,104.491745,2025-09-16 17:00:00
102.0,125.12424,2025-09-16 17:00:00
151.0,172.97458,2025-09-16 17:00:00
89.75,69.74797,2025-09-16 17:00:00
86.25,69.52481,2025-09-16 18:00:00
128.0,105.97013,2025-09-16 18:00:00
125.0,127.7584,2025-09-16 18:00:00
151.0,225.04279,2025-09-16 18:00:00
99.0,120.86206,2025-09-16 18:00:00
124.0,110.139366,2025-09-16 19:00:00
125.0,122.48307,2025-09-16 19:00:00
221.0,206.46965,2025-09-16 19:00:00
93.5,59.553997,2025-09-16 19:00:00
125.0,175.62868,2025-09-16 19:00:00
143.25,54.30668,2025-09-16 20:00:00
125.0,238.7077,2025-09-16 20:00:00
128.0,127.16409,2025-09-16 20:00:00
244.0,243.90196,2025-09-16 20:00:00
174.0,140.66048,2025-09-16 20:00:00
244.0,331.6817,2025-09-16 21:00:00
164.0,242.64452,2025-09-16 21:00:00
223.0,145.27449,2025-09-16 21:00:00
148.25,60.62399,2025-09-16 21:00:00
188.0,130.85843,2025-09-16 21:00:00
250.0,306.72574,2025-09-16 22:00:00
212.0,135.39711,2025-09-16 22:00:00
179.0,157.31027,2025-09-16 22:00:00
210.0,238.4476,2025-09-16 22:00:00
140.25,68.89688,2025-09-16 22:00:00
182.0,220.01646,2025-09-16 23:00:00
133.0,67.894455,2025-09-16 23:00:00
167.0,129.94763,2025-09-16 23:00:00
146.0,147.83676,2025-09-16 23:00:00
307.0,232.27412,2025-09-16 23:00:00
373.0,265.93185,2025-09-17 00:00:00
128.0,127.75597,2025-09-17 00:00:00
123.75,79.10609,2025-09-17 00:00:00
133.0,178.92163,2025-09-17 00:00:00
239.0,186.9679,2025-09-17 00:00:00
268.0,162.67392,2025-09-17 01:00:00
136.5,67.1673,2025-09-17 01:00:00
132.0,176.10773,2025-09-17 01:00:00
385.0,250.51726,2025-09-17 01:00:00
175.0,102.48033,2025-09-17 01:00:00
119.0,89.48509,2025-09-17 02:00:00
158.0,145.90489,2025-09-17 02:00:00
240.0,187.65672,2025-09-17 02:00:00
125.25,49.51958,2025-09-17 02:00:00
174.0,136.64665,2025-09-17 02:00:00
166.0,140.35933,2025-09-17 03:00:00
112.0,75.70997,2025-09-17 03:00:00
171.0,117.87529,2025-09-17 03:00:00
234.0,192.97255,2025-09-17 03:00:00
117.75,47.040794,2025-09-17 03:00:00
157.0,122.5574,2025-09-17 04:00:00
243.0,128.40134,2025-09-17 04:00:00
113.75,47.661835,2025-09-17 04:00:00
232.0,169.76668,2025-09-17 04:00:00
134.0,67.77472,2025-09-17 04:00:00
117.0,50.089718,2025-09-17 05:00:00
127.0,91.89753,2025-09-17 05:00:00
171.0,139.46812,2025-09-17 05:00:00
201.0,153.05151,2025-09-17 05:00:00
177.0,143.94022,2025-09-17 05:00:00
122.0,75.97712,2025-09-17 06:00:00
252.0,134.88905,2025-09-17 06:00:00
169.0,148.77654,2025-09-17 06:00:00
120.75,46.362988,2025-09-17 06:00:00
178.0,137.29607,2025-09-17 06:00:00
211.0,144.47025,2025-09-17 07:00:00
188.0,107.2566,2025-09-17 07:00:00
178.0,135.83322,2025-09-17 07:00:00
121.25,55.44477,2025-09-17 07:00:00
255.0,147.68791,2025-09-17 07:00:00
152.0,113.573204,2025-09-17 08:00:00
178.0,139.39478,2025-09-17 08:00:00
122.75,56.586967,2025-09-17 08:00:00
202.0,157.38814,2025-09-17 08:00:00
282.0,170.35959,2025-09-17 08:00:00
178.0,161.98499,2025-09-17 09:00:00
215.0,156.92978,2025-09-17 09:00:00
118.0,127.26119,2025-09-17 09:00:00
111.0,60.189278,2025-09-17 09:00:00
266.0,175.11688,2025-09-17 09:00:00
229.0,178.93697,2025-09-17 10:00:00
121.5,77.806786,2025-09-17 10:00:00
136.0,130.4813,2025-09-17 10:00:00
171.0,172.53688,2025-09-17 10:00:00
132.0,118.07001,2025-09-17 11:00:00
221.0,114.52227,2025-09-17 11:00:00
215.0,141.76155,2025-09-17 11:00:00
123.5,71.036736,2025-09-17 11:00:00
166.0,136.06842,2025-09-17 12:00:00
152.0,119.72827,2025-09-17 12:00:00
250.0,117.70469,2025-09-17 12:00:00
92.0,65.05103,2025-09-17 12:00:00
96.0,68.06798,2025-09-17 13:00:00
172.0,125.859764,2025-09-17 13:00:00
157.0,104.18933,2025-09-17 13:00:00
156.0,118.35912,2025-09-17 13:00:00
160.0,110.76118,2025-09-17 14:00:00
183.0,154.53198,2025-09-17 14:00:00
88.0,72.697784,2025-09-17 14:00:00
116.0,106.34861,2025-09-17 14:00:00
191.0,146.55768,2025-09-17 15:00:00
135.0,110.18774,2025-09-17 15:00:00
105.0,112.04047,2025-09-17 15:00:00
107.0,82.66808,2025-09-17 16:00:00
157.0,143.93286,2025-09-17 16:00:00
163.0,97.27009,2025-09-17 16:00:00
94.25,71.88444,2025-09-17 16:00:00
182.0,157.3207,2025-09-17 16:00:00
85.25,81.10634,2025-09-17 17:00:00
132.0,174.69391,2025-09-17 17:00:00
168.0,102.6391,2025-09-17 17:00:00
106.0,93.19461,2025-09-17 17:00:00
132.0,133.5269,2025-09-17 17:00:00
139.0,113.3407,2025-09-17 18:00:00
86.5,52.8865,2025-09-17 18:00:00
117.0,164.17075,2025-09-17 18:00:00
106.0,94.13717,2025-09-17 18:00:00
108.0,159.73184,2025-09-17 18:00:00
169.0,194.15596,2025-09-17 19:00:00
118.0,109.30691,2025-09-17 19:00:00
129.0,116.867355,2025-09-17 19:00:00
93.25,67.48458,2025-09-17 19:00:00
132.0,223.84442,2025-09-17 19:00:00
193.0,196.30154,2025-09-17 20:00:00
121.0,112.52824,2025-09-17 20:00:00
99.0,72.47309,2025-09-17 20:00:00
153.0,249.01144,2025-09-17 20:00:00
138.0,127.66301,2025-09-17 20:00:00
139.0,158.28679,2025-09-17 21:00:00
104.75,77.00512,2025-09-17 21:00:00
252.0,217.56535,2025-09-17 21:00:00
188.0,287.99826,2025-09-17 21:00:00
161.0,136.7371,2025-09-17 21:00:00
141.0,157.04323,2025-09-17 22:00:00
179.0,280.9443,2025-09-17 22:00:00
101.5,85.149704,2025-09-17 22:00:00
326.0,208.45029,2025-09-17 22:00:00
143.0,137.05525,2025-09-17 22:00:00
141.0,124.9319,2025-09-17 23:00:00
157.0,174.24689,2025-09-17 23:00:00
98.0,90.39241,2025-09-17 23:00:00
166.0,288.19138,2025-09-17 23:00:00
505.0,179.27509,2025-09-17 23:00:00
453.0,162.4566,2025-09-18 00:00:00
118.0,116.221596,2025-09-18 00:00:00
160.0,142.24124,2025-09-18 00:00:00
106.5,100.56081,2025-09-18 00:00:00
243.0,136.5596,2025-09-18 00:00:00
218.0,142.86574,2025-09-18 01:00:00
183.0,141.52295,2025-09-18 01:00:00
122.0,96.77304,2025-09-18 01:00:00
188.0,143.13603,2025-09-18 01:00:00
112.0,86.39405,2025-09-18 01:00:00
180.0,138.61734,2025-09-18 02:00:00
232.0,145.63263,2025-09-18 02:00:00
134.0,90.3808,2025-09-18 02:00:00
110.75,78.09376,2025-09-18 02:00:00
135.0,125.83865,2025-09-18 02:00:00
100.0,83.275444,2025-09-18 03:00:00
215.0,137.65631,2025-09-18 03:00:00
95.75,78.020386,2025-09-18 03:00:00
145.0,127.00183,2025-09-18 03:00:00
95.0,129.87366,2025-09-18 03:00:00
90.0,140.40811,2025-09-18 04:00:00
150.0,121.67038,2025-09-18 04:00:00
80.5,72.05313,2025-09-18 04:00:00
130.0,125.33934,2025-09-18 04:00:00
94.0,76.02096,2025-09-18 04:00:00
95.0,125.51766,2025-09-18 05:00:00
78.75,74.924995,2025-09-18 05:00:00
228.0,147.1395,2025-09-18 05:00:00
116.0,78.21109,2025-09-18 05:00:00
124.0,115.82796,2025-09-18 05:00:00
107.0,147.89877,2025-09-18 06:00:00
79.5,69.49391,2025-09-18 06:00:00
91.0,82.17455,2025-09-18 06:00:00
129.0,130.49738,2025-09-18 06:00:00
306.0,126.7333,2025-09-18 06:00:00
144.0,137.01855,2025-09-18 07:00:00
326.0,123.60689,2025-09-18 07:00:00
100.0,95.991066,2025-09-18 07:00:00
183.0,166.89352,2025-09-18 07:00:00
87.25,72.62251,2025-09-18 07:00:00
368.0,143.52063,2025-09-18 08:00:00
152.0,173.2668,2025-09-18 08:00:00
146.0,102.90315,2025-09-18 08:00:00
178.0,148.9417,2025-09-18 08:00:00
105.5,77.75691,2025-09-18 08:00:00
189.0,143.18436,2025-09-18 09:00:00
146.0,182.90932,2025-09-18 09:00:00
123.0,122.29116,2025-09-18 09:00:00
121.25,82.390434,2025-09-18 09:00:00
454.0,133.46321,2025-09-18 09:00:00
318.0,162.50449,2025-09-18 10:00:00
132.75,88.99263,2025-09-18 10:00:00
139.0,121.282616,2025-09-18 10:00:00
153.0,200.7003,2025-09-18 10:00:00
183.0,143.92445,2025-09-18 10:00:00
153.0,160.32036,2025-09-18 11:00:00
151.0,111.34293,2025-09-18 11:00:00
166.0,137.75763,2025-09-18 11:00:00
126.0,79.10416,2025-09-18 11:00:00
239.0,172.85918,2025-09-18 11:00:00
147.0,107.45267,2025-09-18 12:00:00
173.0,127.99562,2025-09-18 12:00:00
123.0,74.97399,2025-09-18 12:00:00
252.0,170.41502,2025-09-18 12:00:00
178.0,130.8472,2025-09-18 12:00:00
191.0,116.24661,2025-09-18 13:00:00
127.75,78.3409,2025-09-18 13:00:00
260.0,131.95657,2025-09-18 13:00:00
172.0,116.30228,2025-09-18 13:00:00
151.0,108.56809,2025-09-18 13:00:00
107.0,139.52759,2025-09-18 14:00:00
114.0,74.77681,2025-09-18 14:00:00
160.0,109.800156,2025-09-18 14:00:00
151.0,97.44484,2025-09-18 14:00:00
179.0,116.9369,2025-09-18 14:00:00
155.0,131.93059,2025-09-18 15:00:00
139.0,98.92793,2025-09-18 15:00:00
143.0,111.095055,2025-09-18 15:00:00
211.0,134.46327,2025-09-18 15:00:00
105.25,72.38733,2025-09-18 15:00:00
143.0,109.951996,2025-09-18 16:00:00
103.5,56.899323,2025-09-18 16:00:00
206.0,108.23983,2025-09-18 16:00:00
125.0,157.88304,2025-09-18 16:00:00
128.0,93.39367,2025-09-18 16:00:00
152.0,121.55196,2025-09-18 17:00:00
106.75,63.383503,2025-09-18 17:00:00
125.0,115.08556,2025-09-18 17:00:00
252.0,127.151,2025-09-18 17:00:00
155.0,119.79386,2025-09-18 17:00:00
105.25,64.3786,2025-09-18 18:00:00
125.0,122.13922,2025-09-18 18:00:00
338.0,138.52188,2025-09-18 18:00:00
151.0,120.261604,2025-09-18 18:00:00
201.0,154.62086,2025-09-18 18:00:00
345.0,162.97598,2025-09-18 19:00:00
197.0,185.59888,2025-09-18 19:00:00
158.0,114.40756,2025-09-18 19:00:00
161.0,132.70824,2025-09-18 19:00:00
107.25,76.095314,2025-09-18 19:00:00
111.25,84.08791,2025-09-18 20:00:00
164.0,120.35304,2025-09-18 20:00:00
298.0,177.40286,2025-09-18 20:00:00
161.0,130.7837,2025-09-18 20:00:00
153.0,162.63089,2025-09-18 20:00:00
118.25,93.43688,2025-09-18 21:00:00
251.0,214.31683,2025-09-18 21:00:00
151.0,138.46976,2025-09-18 21:00:00
164.0,172.47241,2025-09-18 21:00:00
168.0,141.3151,2025-09-18 21:00:00
219.0,172.91971,2025-09-18 22:00:00
169.0,128.57043,2025-09-18 22:00:00
146.0,135.78456,2025-09-18 22:00:00
117.75,102.9485,2025-09-18 22:00:00
279.0,157.7962,2025-09-18 22:00:00
138.0,139.00688,2025-09-18 23:00:00
158.0,104.439,2025-09-18 23:00:00
280.0,157.46133,2025-09-18 23:00:00
185.0,160.3805,2025-09-18 23:00:00
115.66666666666669,93.54441,2025-09-18 23:00:00
183.0,170.90129,2025-09-19 00:00:00
124.0,126.50313,2025-09-19 00:00:00
135.0,168.44606,2025-09-19 00:00:00
102.75,115.973564,2025-09-19 00:00:00
255.0,196.22264,2025-09-19 00:00:00
153.0,153.58847,2025-09-19 01:00:00
438.0,142.40894,2025-09-19 01:00:00
133.0,116.749985,2025-09-19 01:00:00
207.0,157.0482,2025-09-19 01:00:00
102.5,104.748764,2025-09-19 01:00:00
150.0,156.30432,2025-09-19 02:00:00
443.0,203.94334,2025-09-19 02:00:00
174.0,152.38106,2025-09-19 02:00:00
112.5,95.59136,2025-09-19 02:00:00
129.0,110.55294,2025-09-19 02:00:00
108.0,108.453,2025-09-19 03:00:00
109.25,99.72987,2025-09-19 03:00:00
146.0,149.50386,2025-09-19 03:00:00
146.0,148.30962,2025-09-19 03:00:00
346.0,171.81854,2025-09-19 03:00:00
136.0,115.78468,2025-09-19 04:00:00
117.0,155.4245,2025-09-19 04:00:00
150.0,143.4391,2025-09-19 04:00:00
412.0,168.55832,2025-09-19 04:00:00
98.5,88.4395,2025-09-19 04:00:00
134.0,114.0256,2025-09-19 05:00:00
123.0,151.93007,2025-09-19 05:00:00
98.75,94.58791,2025-09-19 05:00:00
356.0,150.71059,2025-09-19 05:00:00
127.0,137.37927,2025-09-19 05:00:00
141.0,172.1225,2025-09-19 06:00:00
487.0,192.04277,2025-09-19 06:00:00
89.0,98.715454,2025-09-19 06:00:00
151.0,132.7124,2025-09-19 06:00:00
95.75,101.25046,2025-09-19 06:00:00
423.0,247.85883,2025-09-19 07:00:00
127.0,124.5017,2025-09-19 07:00:00
99.25,105.300316,2025-09-19 07:00:00
190.0,162.63362,2025-09-19 07:00:00
222.0,190.69298,2025-09-19 07:00:00
477.0,244.4926,2025-09-19 08:00:00
215.0,162.78683,2025-09-19 08:00:00
127.5,122.95705,2025-09-19 08:00:00
272.0,217.43106,2025-09-19 08:00:00
150.0,157.82959,2025-09-19 08:00:00
140.0,125.75184,2025-09-19 09:00:00
492.0,227.344,2025-09-19 09:00:00
169.0,175.74356,2025-09-19 09:00:00
248.0,174.06868,2025-09-19 09:00:00
365.0,214.66077,2025-09-19 09:00:00
206.0,205.35365,2025-09-19 10:00:00
208.0,157.5534,2025-09-19 10:00:00
191.0,162.49493,2025-09-19 10:00:00
131.25,111.642075,2025-09-19 10:00:00
227.0,235.30592,2025-09-19 10:00:00
309.0,207.40552,2025-09-19 11:00:00
184.0,152.09752,2025-09-19 11:00:00
114.25,109.949715,2025-09-19 11:00:00
146.0,194.62192,2025-09-19 11:00:00
169.0,149.41396,2025-09-19 11:00:00
96.0,96.28151,2025-09-19 12:00:00
156.0,136.87556,2025-09-19 12:00:00
229.0,196.0509,2025-09-19 12:00:00
196.0,117.73666,2025-09-19 12:00:00
140.0,158.68503,2025-09-19 12:00:00
196.0,108.94855,2025-09-19 13:00:00
123.0,137.94539,2025-09-19 13:00:00
86.0,90.58959,2025-09-19 13:00:00
139.0,151.14758,2025-09-19 13:00:00
248.0,210.09537,2025-09-19 13:00:00
364.0,193.66888,2025-09-19 14:00:00
84.0,93.2094,2025-09-19 14:00:00
127.0,134.27776,2025-09-19 14:00:00
196.0,110.6122,2025-09-19 14:00:00
119.0,108.90053,2025-09-19 14:00:00
317.0,187.326,2025-09-19 15:00:00
92.0,81.46864,2025-09-19 15:00:00
122.0,107.0474,2025-09-19 15:00:00
157.0,120.68928,2025-09-19 15:00:00
196.0,104.55141,2025-09-19 15:00:00
100.0,82.32588,2025-09-19 16:00:00
134.0,126.5171,2025-09-19 16:00:00
129.0,105.931915,2025-09-19 16:00:00
295.0,190.94078,2025-09-19 16:00:00
164.0,101.87969,2025-09-19 16:00:00
240.0,190.684,2025-09-19 17:00:00
145.0,127.90632,2025-09-19 17:00:00
140.0,108.69346,2025-09-19 17:00:00
116.0,85.89794,2025-09-19 17:00:00
103.0,108.57877,2025-09-19 17:00:00
240.0,214.58014,2025-09-19 18:00:00
100.75,81.983,2025-09-19 18:00:00
96.0,105.20249,2025-09-19 18:00:00
123.0,115.006874,2025-09-19 18:00:00
173.0,150.93707,2025-09-19 18:00:00
180.0,152.40161,2025-09-19 19:00:00
117.0,126.6749,2025-09-19 19:00:00
111.0,117.33687,2025-09-19 19:00:00
93.0,72.51412,2025-09-19 19:00:00
240.0,220.58543,2025-09-19 19:00:00
130.0,141.8563,2025-09-19 20:00:00
139.0,122.79016,2025-09-19 20:00:00
156.0,202.72084,2025-09-19 20:00:00
178.0,260.04675,2025-09-19 20:00:00
105.0,90.48647,2025-09-19 20:00:00
146.0,161.08383,2025-09-19 21:00:00
269.0,272.13794,2025-09-19 21:00:00
143.0,257.2227,2025-09-19 21:00:00
132.0,167.31372,2025-09-19 21:00:00
106.5,126.43083,2025-09-19 21:00:00
135.0,158.18571,2025-09-19 22:00:00
101.5,136.58046,2025-09-19 22:00:00
136.0,187.45238,2025-09-19 22:00:00
285.0,299.56192,2025-09-19 22:00:00
149.0,275.1104,2025-09-19 22:00:00
99.66666666666669,132.38385,2025-09-19 23:00:00
250.0,311.04193,2025-09-19 23:00:00
150.0,277.0445,2025-09-19 23:00:00
133.0,153.9977,2025-09-19 23:00:00
134.0,152.83981,2025-09-19 23:00:00
141.0,200.00557,2025-09-20 00:00:00
113.0,140.50151,2025-09-20 00:00:00
123.0,159.45871,2025-09-20 00:00:00
83.25,139.95334,2025-09-20 00:00:00
331.0,374.89377,2025-09-20 00:00:00
76.25,142.45912,2025-09-20 01:00:00
124.0,210.35342,2025-09-20 01:00:00
301.0,368.23236,2025-09-20 01:00:00
90.0,162.25766,2025-09-20 01:00:00
118.0,165.81155,2025-09-20 01:00:00
105.0,131.99191,2025-09-20 02:00:00
124.0,196.096,2025-09-20 02:00:00
76.0,144.74387,2025-09-20 02:00:00
327.0,359.43594,2025-09-20 02:00:00
100.0,160.93405,2025-09-20 02:00:00
320.0,291.30988,2025-09-20 03:00:00
122.0,196.46436,2025-09-20 03:00:00
75.25,128.02554,2025-09-20 03:00:00
85.0,126.66241,2025-09-20 03:00:00
99.0,184.68703,2025-09-20 03:00:00
85.0,110.63781,2025-09-20 04:00:00
78.5,116.64879,2025-09-20 04:00:00
501.0,336.00836,2025-09-20 04:00:00
140.0,183.65506,2025-09-20 04:00:00
138.0,181.78813,2025-09-20 04:00:00
85.0,119.8797,2025-09-20 05:00:00
351.0,325.52856,2025-09-20 05:00:00
122.0,177.48468,2025-09-20 05:00:00
86.5,128.39671,2025-09-20 05:00:00
107.0,176.92668,2025-09-20 05:00:00
101.0,184.86409,2025-09-20 06:00:00
90.5,146.42357,2025-09-20 06:00:00
146.0,193.36462,2025-09-20 06:00:00
287.0,369.78897,2025-09-20 06:00:00
85.0,144.68216,2025-09-20 06:00:00
477.0,336.91196,2025-09-20 07:00:00
101.0,150.49008,2025-09-20 07:00:00
163.0,198.35634,2025-09-20 07:00:00
157.0,202.5349,2025-09-20 07:00:00
125.5,147.1641,2025-09-20 08:00:00
174.0,236.70549,2025-09-20 08:00:00
180.0,224.36812,2025-09-20 08:00:00
472.0,305.2232,2025-09-20 08:00:00
197.0,187.52658,2025-09-20 09:00:00
583.0,298.4139,2025-09-20 09:00:00
158.0,250.01462,2025-09-20 09:00:00
134.75,126.351265,2025-09-20 09:00:00
153.0,220.88231,2025-09-20 10:00:00
298.0,290.66605,2025-09-20 10:00:00
117.5,118.60568,2025-09-20 10:00:00
103.75,109.996506,2025-09-20 11:00:00
371.0,249.42201,2025-09-20 11:00:00
117.0,219.51822,2025-09-20 11:00:00
94.5,108.85284,2025-09-20 12:00:00
149.0,209.57953,2025-09-20 12:00:00
381.0,269.59106,2025-09-20 12:00:00
143.0,153.12715,2025-09-20 12:00:00
342.0,226.4416,2025-09-20 13:00:00
140.0,190.2573,2025-09-20 13:00:00
158.0,147.71889,2025-09-20 13:00:00
92.5,103.802475,2025-09-20 13:00:00
304.0,220.65631,2025-09-20 14:00:00
124.0,179.70154,2025-09-20 14:00:00
107.0,133.48859,2025-09-20 14:00:00
81.75,96.43753,2025-09-20 14:00:00
112.0,122.57778,2025-09-20 15:00:00
265.0,230.81169,2025-09-20 15:00:00
149.0,163.8483,2025-09-20 15:00:00
78.5,87.71445,2025-09-20 15:00:00
74.0,83.43304,2025-09-20 16:00:00
130.0,122.23979,2025-09-20 16:00:00
127.0,224.63942,2025-09-20 16:00:00
59.0,232.05682,2025-09-20 16:00:00
101.0,137.77528,2025-09-20 16:00:00
96.0,159.23033,2025-09-20 17:00:00
110.0,169.4921,2025-09-20 17:00:00
71.75,86.96128,2025-09-20 17:00:00
235.0,247.02946,2025-09-20 17:00:00
83.0,124.13306,2025-09-20 17:00:00
108.0,172.97386,2025-09-20 18:00:00
92.0,154.29565,2025-09-20 18:00:00
72.0,143.93471,2025-09-20 18:00:00
77.0,101.52606,2025-09-20 18:00:00
240.0,258.09442,2025-09-20 18:00:00
240.0,286.2822,2025-09-20 19:00:00
122.0,157.65327,2025-09-20 19:00:00
122.0,227.73601,2025-09-20 19:00:00
95.0,146.71516,2025-09-20 19:00:00
86.75,102.04993,2025-09-20 19:00:00
164.0,156.09988,2025-09-20 20:00:00
373.0,304.83505,2025-09-20 20:00:00
183.0,239.64145,2025-09-20 20:00:00
113.0,166.42288,2025-09-20 20:00:00
109.5,110.343475,2025-09-20 20:00:00
184.0,192.02205,2025-09-20 21:00:00
140.0,197.72235,2025-09-20 21:00:00
244.0,295.41724,2025-09-20 21:00:00
122.25,119.996056,2025-09-20 21:00:00
311.0,309.07166,2025-09-20 21:00:00
230.0,301.06802,2025-09-20 22:00:00
108.75,140.55087,2025-09-20 22:00:00
207.0,290.20724,2025-09-20 22:00:00
147.0,200.20064,2025-09-20 22:00:00
150.0,200.50809,2025-09-20 22:00:00
222.0,314.239,2025-09-20 23:00:00
96.0,138.87386,2025-09-20 23:00:00
124.0,163.75641,2025-09-20 23:00:00
168.0,185.89677,2025-09-20 23:00:00
282.0,319.61136,2025-09-20 23:00:00
143.0,229.02058,2025-09-21 00:00:00
224.0,242.12126,2025-09-21 00:00:00
91.25,155.5516,2025-09-21 00:00:00
152.0,171.7737,2025-09-21 00:00:00
451.0,389.6857,2025-09-21 00:00:00
505.0,298.69394,2025-09-21 01:00:00
92.0,166.8118,2025-09-21 01:00:00
127.0,190.92044,2025-09-21 01:00:00
89.75,170.52829,2025-09-21 01:00:00
163.0,223.95113,2025-09-21 01:00:00
161.0,198.84224,2025-09-21 02:00:00
156.0,294.3552,2025-09-21 02:00:00
136.0,197.02998,2025-09-21 02:00:00
147.0,188.11618,2025-09-21 02:00:00
96.5,155.29471,2025-09-21 02:00:00
100.0,165.67468,2025-09-21 03:00:00
122.0,138.19855,2025-09-21 03:00:00
134.0,193.31538,2025-09-21 03:00:00
93.25,145.79018,2025-09-21 03:00:00
348.0,291.11435,2025-09-21 03:00:00
83.75,151.58904,2025-09-21 04:00:00
118.0,191.11781,2025-09-21 04:00:00
102.0,191.38432,2025-09-21 04:00:00
365.0,286.96588,2025-09-21 04:00:00
83.0,140.17468,2025-09-21 04:00:00
119.0,157.37497,2025-09-21 05:00:00
113.0,179.84633,2025-09-21 05:00:00
127.0,188.66762,2025-09-21 05:00:00
83.25,148.87314,2025-09-21 05:00:00
370.0,297.18784,2025-09-21 05:00:00
94.25,127.062904,2025-09-21 06:00:00
139.0,166.78134,2025-09-21 06:00:00
125.0,143.77719,2025-09-21 06:00:00
107.0,177.44987,2025-09-21 06:00:00
486.0,352.9319,2025-09-21 06:00:00
83.0,156.91806,2025-09-21 07:00:00
494.0,299.53287,2025-09-21 07:00:00
98.0,127.44263,2025-09-21 07:00:00
166.0,172.09473,2025-09-21 07:00:00
161.0,217.86215,2025-09-21 07:00:00
368.0,367.17075,2025-09-21 08:00:00
140.0,175.56537,2025-09-21 08:00:00
138.0,242.80225,2025-09-21 08:00:00
200.0,223.47958,2025-09-21 08:00:00
116.25,137.39098,2025-09-21 08:00:00
134.0,191.72137,2025-09-21 09:00:00
268.0,307.2348,2025-09-21 09:00:00
161.0,207.69618,2025-09-21 09:00:00
106.75,121.25066,2025-09-21 09:00:00
158.0,250.80515,2025-09-21 09:00:00
96.0,108.56763,2025-09-21 10:00:00
94.0,179.03218,2025-09-21 10:00:00
337.0,244.7486,2025-09-21 10:00:00
123.0,216.83337,2025-09-21 10:00:00
133.0,193.7343,2025-09-21 10:00:00
150.0,148.06783,2025-09-21 11:00:00
89.5,103.19417,2025-09-21 11:00:00
307.0,256.33148,2025-09-21 11:00:00
123.0,196.42606,2025-09-21 11:00:00
138.0,192.83296,2025-09-21 11:00:00
90.5,101.81869,2025-09-21 12:00:00
211.0,245.58975,2025-09-21 12:00:00
161.0,137.12709,2025-09-21 12:00:00
138.0,174.83308,2025-09-21 12:00:00
138.0,181.48898,2025-09-21 12:00:00
153.0,164.74779,2025-09-21 13:00:00
138.0,160.08119,2025-09-21 13:00:00
273.0,255.91408,2025-09-21 13:00:00
200.0,146.81425,2025-09-21 13:00:00
76.75,93.90387,2025-09-21 13:00:00
89.0,124.33697,2025-09-21 14:00:00
68.75,94.24982,2025-09-21 14:00:00
228.0,231.98131,2025-09-21 14:00:00
138.0,149.73405,2025-09-21 14:00:00
103.0,158.16254,2025-09-21 14:00:00
89.0,115.473305,2025-09-21 15:00:00
68.75,77.95691,2025-09-21 15:00:00
239.0,235.9451,2025-09-21 15:00:00
110.0,152.05287,2025-09-21 15:00:00
296.0,244.37274,2025-09-21 16:00:00
86.0,109.29951,2025-09-21 16:00:00
64.75,82.04116,2025-09-21 16:00:00
153.0,124.34703,2025-09-21 16:00:00
95.0,145.40932,2025-09-21 16:00:00
91.0,150.75394,2025-09-21 17:00:00
110.0,145.09534,2025-09-21 17:00:00
353.0,271.91867,2025-09-21 17:00:00
86.0,118.79623,2025-09-21 17:00:00
70.75,90.14633,2025-09-21 17:00:00
110.0,163.22626,2025-09-21 18:00:00
260.0,283.78094,2025-09-21 18:00:00
139.0,174.43654,2025-09-21 18:00:00
79.75,98.98847,2025-09-21 18:00:00
97.0,122.049675,2025-09-21 18:00:00
257.0,257.89862,2025-09-21 19:00:00
200.0,217.18907,2025-09-21 19:00:00
83.75,101.45936,2025-09-21 19:00:00
129.0,146.86922,2025-09-21 19:00:00
112.0,171.85677,2025-09-21 19:00:00
173.0,263.5083,2025-09-21 20:00:00
107.0,95.101776,2025-09-21 20:00:00
138.0,180.1429,2025-09-21 20:00:00
193.0,242.58658,2025-09-21 20:00:00
202.0,170.9006,2025-09-21 20:00:00
293.0,208.09738,2025-09-21 21:00:00
217.0,263.2208,2025-09-21 21:00:00
127.0,109.377106,2025-09-21 21:00:00
150.0,266.0688,2025-09-21 21:00:00
132.0,199.74886,2025-09-21 21:00:00
84.0,333.03516,2025-09-21 22:00:00
124.0,197.04382,2025-09-21 22:00:00
114.75,147.58008,2025-09-21 22:00:00
262.0,233.29437,2025-09-21 22:00:00
249.0,193.35352,2025-09-21 22:00:00
99.66666666666669,139.73444,2025-09-21 23:00:00
193.0,216.72716,2025-09-21 23:00:00
127.0,186.23863,2025-09-21 23:00:00
338.0,309.3921,2025-09-21 23:00:00
162.0,233.2361,2025-09-21 23:00:00
190.0,207.44928,2025-09-22 00:00:00
139.0,197.72691,2025-09-22 00:00:00
89.75,133.27777,2025-09-22 00:00:00
145.0,171.2207,2025-09-22 00:00:00
720.0,331.75522,2025-09-22 00:00:00
90.5,131.94388,2025-09-22 01:00:00
373.0,285.0383,2025-09-22 01:00:00
128.0,196.12776,2025-09-22 01:00:00
110.0,163.53839,2025-09-22 01:00:00
179.0,212.6136,2025-09-22 01:00:00
122.25,122.56226,2025-09-22 02:00:00
132.0,168.51158,2025-09-22 02:00:00
144.0,196.76755,2025-09-22 02:00:00
124.0,180.38231,2025-09-22 02:00:00
310.0,223.46837,2025-09-22 02:00:00
97.0,159.83856,2025-09-22 03:00:00
418.0,202.22873,2025-09-22 03:00:00
109.0,124.795425,2025-09-22 03:00:00
113.0,193.83061,2025-09-22 03:00:00
114.0,182.1109,2025-09-22 03:00:00
75.0,155.30458,2025-09-22 04:00:00
99.0,162.4947,2025-09-22 04:00:00
108.25,123.60214,2025-09-22 04:00:00
90.0,179.38666,2025-09-22 04:00:00
436.0,245.96661,2025-09-22 04:00:00
431.0,241.33275,2025-09-22 05:00:00
100.0,179.0994,2025-09-22 05:00:00
89.5,122.02838,2025-09-22 05:00:00
102.0,156.14836,2025-09-22 05:00:00
100.0,160.23625,2025-09-22 05:00:00
454.0,259.8045,2025-09-22 06:00:00
123.0,151.22316,2025-09-22 06:00:00
118.0,122.17758,2025-09-22 06:00:00
135.0,167.80646,2025-09-22 06:00:00
90.0,88.157486,2025-09-22 06:00:00
166.0,203.40681,2025-09-22 07:00:00
102.0,135.981,2025-09-22 07:00:00
171.0,183.71568,2025-09-22 07:00:00
105.0,106.25521,2025-09-22 07:00:00
279.0,238.73622,2025-09-22 07:00:00
132.0,217.2664,2025-09-22 08:00:00
117.75,131.89626,2025-09-22 08:00:00
146.0,177.5004,2025-09-22 08:00:00
284.0,240.2276,2025-09-22 08:00:00
166.0,213.02065,2025-09-22 08:00:00
160.0,243.89099,2025-09-22 09:00:00
87.25,124.60937,2025-09-22 09:00:00
116.0,187.12239,2025-09-22 09:00:00
522.0,235.43124,2025-09-22 09:00:00
118.0,188.73859,2025-09-22 09:00:00
105.0,169.87247,2025-09-22 10:00:00
106.0,211.03416,2025-09-22 10:00:00
97.0,191.12582,2025-09-22 10:00:00
80.5,122.72722,2025-09-22 10:00:00
182.0,228.50577,2025-09-22 10:00:00
114.0,196.54628,2025-09-22 11:00:00
143.0,142.85596,2025-09-22 11:00:00
76.75,94.3449,2025-09-22 11:00:00
130.0,158.24707,2025-09-22 11:00:00
224.0,244.54619,2025-09-22 11:00:00
71.5,83.66066,2025-09-22 12:00:00
237.0,175.5651,2025-09-22 12:00:00
113.0,128.13011,2025-09-22 12:00:00
111.0,182.94951,2025-09-22 12:00:00
110.0,150.37663,2025-09-22 12:00:00
127.0,162.07181,2025-09-22 13:00:00
71.25,80.85324,2025-09-22 13:00:00
107.0,134.64107,2025-09-22 13:00:00
260.0,208.79462,2025-09-22 13:00:00
161.0,134.09969,2025-09-22 13:00:00
193.0,199.38931,2025-09-22 14:00:00
77.0,118.79244,2025-09-22 14:00:00
88.0,117.86873,2025-09-22 14:00:00
107.0,154.95139,2025-09-22 14:00:00
64.75,81.61794,2025-09-22 14:00:00
122.0,151.18172,2025-09-22 15:00:00
74.0,127.26749,2025-09-22 15:00:00
67.0,69.81742,2025-09-22 15:00:00
79.0,99.91149,2025-09-22 15:00:00
138.0,145.88745,2025-09-22 15:00:00
79.0,133.10753,2025-09-22 16:00:00
90.0,117.86108,2025-09-22 16:00:00
138.0,159.27031,2025-09-22 16:00:00
74.0,65.47827,2025-09-22 16:00:00
96.0,95.92439,2025-09-22 16:00:00
80.0,120.962654,2025-09-22 17:00:00
182.0,170.14966,2025-09-22 17:00:00
94.0,115.81398,2025-09-22 17:00:00
84.75,70.877266,2025-09-22 17:00:00
100.0,155.71985,2025-09-22 17:00:00
92.0,124.14421,2025-09-22 18:00:00
94.0,104.68658,2025-09-22 18:00:00
88.25,77.143005,2025-09-22 18:00:00
122.0,198.9632,2025-09-22 18:00:00
121.0,243.51735,2025-09-22 18:00:00
163.0,219.59239,2025-09-22 19:00:00
147.0,135.7816,2025-09-22 19:00:00
124.0,143.65009,2025-09-22 19:00:00
219.0,253.59166,2025-09-22 19:00:00
91.5,78.243965,2025-09-22 19:00:00
217.0,281.02148,2025-09-22 20:00:00
329.0,236.28342,2025-09-22 20:00:00
173.0,155.8738,2025-09-22 20:00:00
147.0,166.43758,2025-09-22 20:00:00
99.75,85.356346,2025-09-22 20:00:00
202.0,301.45206,2025-09-22 21:00:00
364.0,278.885,2025-09-22 21:00:00
146.0,181.94449,2025-09-22 21:00:00
109.0,93.66308,2025-09-22 21:00:00
163.0,174.9795,2025-09-22 21:00:00
114.75,105.13996,2025-09-22 22:00:00
183.0,292.92697,2025-09-22 22:00:00
174.0,190.11842,2025-09-22 22:00:00
157.0,179.92482,2025-09-22 22:00:00
151.0,268.0044,2025-09-22 22:00:00
163.0,190.50587,2025-09-22 23:00:00
138.0,260.64374,2025-09-22 23:00:00
102.0,169.83777,2025-09-22 23:00:00
278.0,336.32242,2025-09-22 23:00:00
106.0,110.123116,2025-09-22 23:00:00
135.0,188.70503,2025-09-23 00:00:00
100.75,125.57329,2025-09-23 00:00:00
110.0,228.8889,2025-09-23 00:00:00
114.0,182.68034,2025-09-23 00:00:00
177.0,298.60645,2025-09-23 00:00:00
99.0,206.46622,2025-09-23 01:00:00
177.0,348.87808,2025-09-23 01:00:00
105.0,181.33395,2025-09-23 01:00:00
136.0,213.26599,2025-09-23 01:00:00
100.75,127.65519,2025-09-23 01:00:00
153.0,356.8479,2025-09-23 02:00:00
133.0,207.2643,2025-09-23 02:00:00
85.0,182.36417,2025-09-23 02:00:00
99.0,177.16841,2025-09-23 02:00:00
100.0,122.15013,2025-09-23 02:00:00
100.75,129.27835,2025-09-23 03:00:00
58.0,319.55942,2025-09-23 03:00:00
69.0,175.23093,2025-09-23 03:00:00
107.0,195.0901,2025-09-23 03:00:00
86.0,188.67154,2025-09-23 03:00:00
123.0,168.74141,2025-09-23 04:00:00
67.0,151.05653,2025-09-23 04:00:00
103.0,127.798,2025-09-23 04:00:00
31.0,361.47318,2025-09-23 04:00:00
99.0,175.43854,2025-09-23 04:00:00
139.0,244.04105,2025-09-23 05:00:00
95.5,130.79012,2025-09-23 05:00:00
85.0,138.26009,2025-09-23 05:00:00
113.0,192.82436,2025-09-23 05:00:00
114.0,168.71214,2025-09-23 05:00:00
147.0,163.87022,2025-09-23 06:00:00
95.0,141.90845,2025-09-23 06:00:00
88.0,140.4568,2025-09-23 06:00:00
246.0,272.17313,2025-09-23 06:00:00
108.0,193.10071,2025-09-23 06:00:00
118.25,151.36403,2025-09-23 07:00:00
243.0,277.38593,2025-09-23 07:00:00
161.0,176.54984,2025-09-23 07:00:00
118.0,219.84319,2025-09-23 07:00:00
149.0,225.41028,2025-09-23 08:00:00
324.0,268.02753,2025-09-23 08:00:00
129.25,140.63953,2025-09-23 08:00:00
156.0,246.716,2025-09-23 08:00:00
190.0,249.03732,2025-09-23 09:00:00
126.5,134.13167,2025-09-23 09:00:00
344.0,291.0152,2025-09-23 09:00:00
173.0,197.24483,2025-09-23 09:00:00
150.0,186.8861,2025-09-23 10:00:00
109.75,116.14749,2025-09-23 10:00:00
219.0,217.17525,2025-09-23 10:00:00
193.0,228.74371,2025-09-23 10:00:00
146.0,164.28502,2025-09-23 11:00:00
102.5,88.948204,2025-09-23 11:00:00
151.0,167.15732,2025-09-23 11:00:00
197.0,188.03929,2025-09-23 11:00:00
133.0,160.99014,2025-09-23 12:00:00
108.0,84.06195,2025-09-23 12:00:00
186.0,179.70932,2025-09-23 12:00:00
140.0,139.14128,2025-09-23 12:00:00
124.0,145.92822,2025-09-23 12:00:00
146.0,139.39052,2025-09-23 13:00:00
128.0,180.33224,2025-09-23 13:00:00
129.0,134.49547,2025-09-23 13:00:00
124.0,137.53322,2025-09-23 13:00:00
90.25,85.8168,2025-09-23 13:00:00
87.25,85.18419,2025-09-23 14:00:00
113.0,132.31004,2025-09-23 14:00:00
77.0,207.06865,2025-09-23 14:00:00
99.0,127.00855,2025-09-23 14:00:00
110.0,135.59195,2025-09-23 14:00:00
99.0,135.88916,2025-09-23 15:00:00
88.5,75.784904,2025-09-23 15:00:00
96.0,127.24768,2025-09-23 15:00:00
101.0,146.73856,2025-09-23 15:00:00
152.0,187.27148,2025-09-23 15:00:00
108.0,113.45688,2025-09-23 16:00:00
92.75,68.31912,2025-09-23 16:00:00
134.0,187.18646,2025-09-23 16:00:00
90.0,115.54681,2025-09-23 16:00:00
113.0,121.93284,2025-09-23 16:00:00
87.75,77.7485,2025-09-23 17:00:00
108.0,123.05846,2025-09-23 17:00:00
106.0,137.1735,2025-09-23 17:00:00
149.0,262.25577,2025-09-23 17:00:00
103.0,114.210915,2025-09-23 17:00:00
106.0,140.17813,2025-09-23 18:00:00
112.0,132.15228,2025-09-23 18:00:00
92.5,84.29789,2025-09-23 18:00:00
102.0,149.47119,2025-09-23 18:00:00
195.0,261.2819,2025-09-23 18:00:00
134.0,199.0305,2025-09-23 19:00:00
114.0,152.30907,2025-09-23 19:00:00
104.75,86.399315,2025-09-23 19:00:00
134.0,134.01677,2025-09-23 19:00:00
267.0,225.65367,2025-09-23 19:00:00
185.0,238.34627,2025-09-23 20:00:00
229.0,272.82257,2025-09-23 20:00:00
120.5,91.81663,2025-09-23 20:00:00
184.0,186.12045,2025-09-23 20:00:00
151.0,151.24896,2025-09-23 20:00:00
112.25,108.13921,2025-09-23 21:00:00
197.0,203.67216,2025-09-23 21:00:00
208.0,293.1628,2025-09-23 21:00:00
129.0,151.7148,2025-09-23 21:00:00
197.0,294.8646,2025-09-23 21:00:00
147.0,164.38861,2025-09-23 22:00:00
174.0,301.8268,2025-09-23 22:00:00
114.25,109.18381,2025-09-23 22:00:00
153.0,220.65038,2025-09-23 22:00:00
193.0,272.90298,2025-09-23 22:00:00
134.0,312.27533,2025-09-23 23:00:00
113.0,105.3141,2025-09-23 23:00:00
240.0,271.8884,2025-09-23 23:00:00
162.0,213.20886,2025-09-23 23:00:00
157.0,168.85759,2025-09-23 23:00:00
120.75,138.90164,2025-09-24 00:00:00
180.0,194.49149,2025-09-24 00:00:00
134.0,203.35925,2025-09-24 00:00:00
118.0,327.7621,2025-09-24 00:00:00
138.0,178.96342,2025-09-24 00:00:00
112.75,139.44066,2025-09-24 01:00:00
129.0,172.09195,2025-09-24 01:00:00
212.0,285.47287,2025-09-24 01:00:00
151.0,185.06134,2025-09-24 01:00:00
124.0,196.06798,2025-09-24 01:00:00
134.0,187.23766,2025-09-24 02:00:00
233.0,290.21277,2025-09-24 02:00:00
129.0,181.63022,2025-09-24 02:00:00
140.0,168.00891,2025-09-24 02:00:00
117.5,126.92239,2025-09-24 02:00:00
104.5,119.646416,2025-09-24 03:00:00
130.0,163.77168,2025-09-24 03:00:00
92.0,144.99016,2025-09-24 03:00:00
218.0,341.6907,2025-09-24 03:00:00
134.0,168.97472,2025-09-24 03:00:00
139.0,169.96388,2025-09-24 04:00:00
212.0,379.30347,2025-09-24 04:00:00
115.75,116.481995,2025-09-24 04:00:00
125.0,144.12015,2025-09-24 04:00:00
119.0,143.74933,2025-09-24 04:00:00
228.0,250.86574,2025-09-24 05:00:00
147.0,121.91256,2025-09-24 05:00:00
119.5,104.843636,2025-09-24 05:00:00
135.0,153.59721,2025-09-24 05:00:00
147.0,138.07057,2025-09-24 05:00:00
124.0,115.2463,2025-09-24 06:00:00
147.0,167.78487,2025-09-24 06:00:00
127.0,132.21933,2025-09-24 06:00:00
155.0,142.79625,2025-09-24 06:00:00
251.0,272.91702,2025-09-24 06:00:00
296.0,276.34262,2025-09-24 07:00:00
188.0,166.51993,2025-09-24 07:00:00
140.0,151.12373,2025-09-24 07:00:00
134.25,125.94377,2025-09-24 07:00:00
146.0,182.99234,2025-09-24 07:00:00
189.0,184.15097,2025-09-24 08:00:00
249.0,209.40532,2025-09-24 08:00:00
238.0,230.13275,2025-09-24 08:00:00
213.0,201.45872,2025-09-24 08:00:00
141.75,123.78972,2025-09-24 08:00:00
226.0,187.79156,2025-09-24 09:00:00
178.75,114.21819,2025-09-24 09:00:00
396.0,238.65593,2025-09-24 09:00:00
345.0,223.16011,2025-09-24 09:00:00
175.0,172.49901,2025-09-24 09:00:00
125.0,222.08667,2025-09-24 10:00:00
232.0,147.60507,2025-09-24 10:00:00
245.0,177.26645,2025-09-24 10:00:00
183.75,94.34917,2025-09-24 10:00:00
183.0,146.87614,2025-09-24 10:00:00
211.0,125.55965,2025-09-24 11:00:00
197.0,151.9085,2025-09-24 11:00:00
206.0,165.1477,2025-09-24 11:00:00
161.75,90.404045,2025-09-24 11:00:00
193.0,189.65433,2025-09-24 11:00:00
184.0,137.19095,2025-09-24 12:00:00
252.0,198.94736,2025-09-24 12:00:00
161.75,86.44992,2025-09-24 12:00:00
182.0,117.10906,2025-09-24 12:00:00
167.0,115.59301,2025-09-24 12:00:00
171.75,86.21104,2025-09-24 13:00:00
191.0,115.42837,2025-09-24 13:00:00
217.0,214.39725,2025-09-24 13:00:00
194.0,128.12683,2025-09-24 13:00:00
196.0,142.43169,2025-09-24 13:00:00
262.0,180.27116,2025-09-24 14:00:00
202.0,108.75568,2025-09-24 14:00:00
194.0,128.5554,2025-09-24 14:00:00
167.25,93.736435,2025-09-24 14:00:00
210.0,110.16398,2025-09-24 14:00:00
195.0,104.56468,2025-09-24 15:00:00
344.0,195.21121,2025-09-24 15:00:00
213.0,114.17923,2025-09-24 15:00:00
169.5,79.54323,2025-09-24 15:00:00
246.0,201.22949,2025-09-24 16:00:00
206.5,76.188126,2025-09-24 16:00:00
219.0,118.01837,2025-09-24 16:00:00
163.0,111.74053,2025-09-24 16:00:00
184.0,129.9626,2025-09-24 16:00:00
151.0,129.6483,2025-09-24 17:00:00
157.75,86.86858,2025-09-24 17:00:00
232.0,216.26115,2025-09-24 17:00:00
230.0,152.79976,2025-09-24 17:00:00
234.0,122.97845,2025-09-24 17:00:00
283.0,137.31816,2025-09-24 18:00:00
165.25,91.25077,2025-09-24 18:00:00
188.0,141.88293,2025-09-24 18:00:00
228.0,116.93514,2025-09-24 18:00:00
226.0,209.81212,2025-09-24 18:00:00
222.0,138.96922,2025-09-24 19:00:00
272.0,155.7482,2025-09-24 19:00:00
169.0,94.85301,2025-09-24 19:00:00
151.0,212.26039,2025-09-24 19:00:00
206.0,193.85956,2025-09-24 19:00:00
172.75,107.58087,2025-09-24 20:00:00
222.0,148.63795,2025-09-24 20:00:00
221.0,245.50142,2025-09-24 20:00:00
239.0,179.60254,2025-09-24 20:00:00
205.0,258.8457,2025-09-24 20:00:00
234.0,224.6497,2025-09-24 21:00:00
382.0,267.01898,2025-09-24 21:00:00
183.75,111.19734,2025-09-24 21:00:00
249.0,160.1455,2025-09-24 21:00:00
250.0,191.47646,2025-09-24 21:00:00
238.0,164.59036,2025-09-24 22:00:00
302.0,155.30957,2025-09-24 22:00:00
260.0,261.71396,2025-09-24 22:00:00
206.75,127.318855,2025-09-24 22:00:00
364.0,319.95425,2025-09-24 22:00:00
278.0,167.75264,2025-09-24 23:00:00
209.0,114.80927,2025-09-24 23:00:00
300.0,297.5783,2025-09-24 23:00:00
230.0,155.81181,2025-09-24 23:00:00
271.0,269.79227,2025-09-24 23:00:00
217.0,138.69952,2025-09-25 00:00:00
199.0,135.5648,2025-09-25 00:00:00
324.0,189.26898,2025-09-25 00:00:00
403.0,381.59644,2025-09-25 00:00:00
245.0,187.2003,2025-09-25 00:00:00
195.0,132.36432,2025-09-25 01:00:00
255.0,132.76317,2025-09-25 01:00:00
377.0,333.66675,2025-09-25 01:00:00
119.0,135.0363,2025-09-25 01:00:00
343.0,189.16159,2025-09-25 01:00:00
136.0,175.82993,2025-09-25 02:00:00
100.0,122.49453,2025-09-25 02:00:00
186.0,132.59354,2025-09-25 02:00:00
276.0,179.95572,2025-09-25 02:00:00
66.0,126.06894,2025-09-25 02:00:00
65.75,100.85238,2025-09-25 03:00:00
111.0,137.8247,2025-09-25 03:00:00
92.0,305.27408,2025-09-25 03:00:00
79.0,85.25068,2025-09-25 03:00:00
125.0,121.74091,2025-09-25 03:00:00
83.0,122.13855,2025-09-25 04:00:00
106.0,279.22824,2025-09-25 04:00:00
65.25,118.102325,2025-09-25 04:00:00
94.0,80.68249,2025-09-25 04:00:00
91.0,121.32646,2025-09-25 04:00:00
12.0,231.94534,2025-09-25 05:00:00
77.0,116.26637,2025-09-25 05:00:00
69.0,130.3396,2025-09-25 05:00:00
59.0,84.613464,2025-09-25 05:00:00
66.0,93.264694,2025-09-25 05:00:00
78.0,129.7319,2025-09-25 06:00:00
12.0,261.62982,2025-09-25 06:00:00
72.0,127.89532,2025-09-25 06:00:00
44.0,93.94713,2025-09-25 06:00:00
65.5,84.88716,2025-09-25 06:00:00
89.0,147.31355,2025-09-25 07:00:00
59.25,94.14321,2025-09-25 07:00:00
53.0,253.85646,2025-09-25 07:00:00
58.0,128.55693,2025-09-25 07:00:00
97.0,181.81145,2025-09-25 07:00:00
85.0,179.58534,2025-09-25 08:00:00
86.0,294.43164,2025-09-25 08:00:00
69.0,173.12486,2025-09-25 08:00:00
58.25,128.99876,2025-09-25 08:00:00
101.0,225.4236,2025-09-25 08:00:00
96.0,306.64032,2025-09-25 09:00:00
58.0,150.84628,2025-09-25 09:00:00
146.0,199.37617,2025-09-25 09:00:00
63.5,117.02856,2025-09-25 09:00:00
85.0,161.7474,2025-09-25 09:00:00
116.0,249.15553,2025-09-25 10:00:00
107.0,172.53575,2025-09-25 10:00:00
86.0,128.59991,2025-09-25 10:00:00
62.0,104.31412,2025-09-25 10:00:00
61.0,134.55185,2025-09-25 10:00:00
100.0,104.25701,2025-09-25 11:00:00
61.75,85.702805,2025-09-25 11:00:00
79.0,141.01147,2025-09-25 11:00:00
205.0,235.40204,2025-09-25 11:00:00
118.0,144.45088,2025-09-25 11:00:00
127.0,131.7589,2025-09-25 12:00:00
105.0,123.13964,2025-09-25 12:00:00
77.0,104.39768,2025-09-25 12:00:00
139.0,207.00124,2025-09-25 12:00:00
57.5,79.223495,2025-09-25 12:00:00
114.0,197.08012,2025-09-25 13:00:00
75.0,127.29265,2025-09-25 13:00:00
125.0,128.5128,2025-09-25 13:00:00
53.0,78.93936,2025-09-25 13:00:00
119.0,99.71088,2025-09-25 13:00:00
47.25,74.67959,2025-09-25 14:00:00
89.0,186.0893,2025-09-25 14:00:00
89.0,110.29099,2025-09-25 14:00:00
113.0,111.33061,2025-09-25 14:00:00
62.0,91.17665,2025-09-25 14:00:00
85.0,112.369545,2025-09-25 15:00:00
47.25,99.22289,2025-09-25 15:00:00
12.0,198.6699,2025-09-25 15:00:00
79.0,100.492065,2025-09-25 15:00:00
56.0,91.93417,2025-09-25 15:00:00
94.0,130.5346,2025-09-25 16:00:00
55.0,100.74095,2025-09-25 16:00:00
12.0,208.3643,2025-09-25 16:00:00
83.0,104.00193,2025-09-25 16:00:00
52.75,80.818344,2025-09-25 16:00:00
72.0,227.39278,2025-09-25 17:00:00
68.0,120.40532,2025-09-25 17:00:00
106.0,140.13371,2025-09-25 17:00:00
57.0,96.5482,2025-09-25 17:00:00
86.0,128.89546,2025-09-25 17:00:00
74.0,144.14171,2025-09-25 18:00:00
67.0,96.68515,2025-09-25 18:00:00
72.0,243.32556,2025-09-25 18:00:00
83.0,127.41458,2025-09-25 18:00:00
113.0,172.75594,2025-09-25 18:00:00
106.0,140.12018,2025-09-25 19:00:00
118.0,244.781,2025-09-25 19:00:00
172.0,197.23604,2025-09-25 19:00:00
78.75,106.16682,2025-09-25 19:00:00
97.0,156.47816,2025-09-25 19:00:00
135.0,197.4148,2025-09-25 20:00:00
86.75,118.97913,2025-09-25 20:00:00
118.0,163.69022,2025-09-25 20:00:00
172.0,287.55493,2025-09-25 20:00:00
212.0,281.0631,2025-09-25 20:00:00
160.0,179.42982,2025-09-25 21:00:00
96.25,118.43569,2025-09-25 21:00:00
108.0,159.71538,2025-09-25 21:00:00
262.0,278.52292,2025-09-25 21:00:00
228.0,301.78552,2025-09-25 21:00:00
239.0,239.6727,2025-09-25 22:00:00
178.0,289.4256,2025-09-25 22:00:00
119.0,167.79276,2025-09-25 22:00:00
157.0,189.89302,2025-09-25 22:00:00
104.5,118.775604,2025-09-25 22:00:00
128.0,152.39714,2025-09-25 23:00:00
97.33333333333331,121.448326,2025-09-25 23:00:00
149.0,331.22882,2025-09-25 23:00:00
207.0,225.96161,2025-09-25 23:00:00
147.0,163.70667,2025-09-25 23:00:00
179.0,202.40372,2025-09-26 00:00:00
100.25,144.29688,2025-09-26 00:00:00
141.0,185.98254,2025-09-26 00:00:00
108.0,341.9372,2025-09-26 00:00:00
114.0,193.02428,2025-09-26 00:00:00
129.0,195.17007,2025-09-26 01:00:00
128.0,201.7091,2025-09-26 01:00:00
121.0,185.09956,2025-09-26 01:00:00
40.0,338.42728,2025-09-26 01:00:00
103.25,139.94168,2025-09-26 01:00:00
40.0,243.06186,2025-09-26 02:00:00
111.0,182.06778,2025-09-26 02:00:00
97.25,125.37635,2025-09-26 02:00:00
100.0,175.87021,2025-09-26 02:00:00
117.0,159.68384,2025-09-26 02:00:00
97.0,164.07698,2025-09-26 03:00:00
86.0,300.00443,2025-09-26 03:00:00
100.0,145.63281,2025-09-26 03:00:00
93.5,129.3544,2025-09-26 03:00:00
107.0,126.986755,2025-09-26 03:00:00
100.0,123.183586,2025-09-26 04:00:00
86.0,292.6924,2025-09-26 04:00:00
80.0,142.29485,2025-09-26 04:00:00
78.0,153.68126,2025-09-26 04:00:00
97.0,164.06743,2025-09-26 04:00:00
96.0,121.23562,2025-09-26 05:00:00
88.0,343.0079,2025-09-26 05:00:00
80.25,139.32599,2025-09-26 05:00:00
94.0,147.42166,2025-09-26 05:00:00
59.0,140.0482,2025-09-26 05:00:00
118.0,141.08476,2025-09-26 06:00:00
107.0,131.8401,2025-09-26 06:00:00
92.0,119.8992,2025-09-26 06:00:00
151.0,306.9506,2025-09-26 06:00:00
80.25,103.49877,2025-09-26 06:00:00
110.0,129.60779,2025-09-26 07:00:00
196.0,177.99098,2025-09-26 07:00:00
210.0,292.6552,2025-09-26 07:00:00
95.0,107.45255,2025-09-26 07:00:00
129.0,133.94667,2025-09-26 07:00:00
208.0,199.43451,2025-09-26 08:00:00
85.0,162.8343,2025-09-26 08:00:00
101.5,118.6069,2025-09-26 08:00:00
129.0,169.83209,2025-09-26 08:00:00
146.0,266.11615,2025-09-26 08:00:00
149.0,266.1647,2025-09-26 09:00:00
124.0,162.14308,2025-09-26 09:00:00
107.0,169.77538,2025-09-26 09:00:00
87.25,115.19417,2025-09-26 09:00:00
233.0,190.71542,2025-09-26 09:00:00
91.0,152.44203,2025-09-26 10:00:00
132.0,205.51018,2025-09-26 10:00:00
132.0,181.94206,2025-09-26 10:00:00
81.0,147.00375,2025-09-26 10:00:00
81.75,104.00656,2025-09-26 10:00:00
108.0,151.50107,2025-09-26 11:00:00
64.25,98.530396,2025-09-26 11:00:00
96.0,141.50455,2025-09-26 11:00:00
33.0,227.0505,2025-09-26 11:00:00
85.0,134.84062,2025-09-26 11:00:00
9.0,222.85706,2025-09-26 12:00:00
121.0,151.4147,2025-09-26 12:00:00
62.25,84.2503,2025-09-26 12:00:00
66.0,111.84426,2025-09-26 12:00:00
99.0,132.04561,2025-09-26 12:00:00
78.0,109.9717,2025-09-26 13:00:00
107.0,148.25523,2025-09-26 13:00:00
65.0,87.047966,2025-09-26 13:00:00
95.0,240.62752,2025-09-26 13:00:00
134.0,114.83903,2025-09-26 13:00:00
81.0,206.90776,2025-09-26 14:00:00
116.0,125.04993,2025-09-26 14:00:00
80.0,107.99907,2025-09-26 14:00:00
77.0,100.97324,2025-09-26 14:00:00
66.5,89.39388,2025-09-26 14:00:00
107.0,191.9189,2025-09-26 15:00:00
106.0,94.72203,2025-09-26 15:00:00
89.0,110.282074,2025-09-26 15:00:00
71.75,89.323944,2025-09-26 15:00:00
94.0,122.01613,2025-09-26 15:00:00
67.25,85.493164,2025-09-26 16:00:00
132.0,193.22438,2025-09-26 16:00:00
84.0,106.39195,2025-09-26 16:00:00
144.0,112.32948,2025-09-26 16:00:00
100.0,145.1085,2025-09-26 16:00:00
125.0,136.76447,2025-09-26 17:00:00
71.75,94.13106,2025-09-26 17:00:00
88.0,121.32929,2025-09-26 17:00:00
89.0,112.52313,2025-09-26 17:00:00
204.0,198.65622,2025-09-26 17:00:00
96.0,113.87886,2025-09-26 18:00:00
119.0,109.92165,2025-09-26 18:00:00
140.0,143.49841,2025-09-26 18:00:00
83.25,95.01971,2025-09-26 18:00:00
144.0,218.51634,2025-09-26 18:00:00
157.0,204.59273,2025-09-26 19:00:00
103.0,125.81309,2025-09-26 19:00:00
97.5,101.72078,2025-09-26 19:00:00
211.0,167.05284,2025-09-26 19:00:00
185.0,173.28607,2025-09-26 19:00:00
155.0,230.25304,2025-09-26 20:00:00
112.25,112.216736,2025-09-26 20:00:00
228.0,185.48514,2025-09-26 20:00:00
218.0,234.21754,2025-09-26 20:00:00
141.0,143.0395,2025-09-26 20:00:00
122.0,290.0347,2025-09-26 21:00:00
155.0,149.34392,2025-09-26 21:00:00
155.0,179.29816,2025-09-26 21:00:00
110.75,128.39622,2025-09-26 21:00:00
230.0,250.04202,2025-09-26 21:00:00
109.25,144.30035,2025-09-26 22:00:00
188.0,214.54846,2025-09-26 22:00:00
265.0,256.99057,2025-09-26 22:00:00
72.0,234.40051,2025-09-26 22:00:00
135.0,146.47763,2025-09-26 22:00:00
169.0,172.09161,2025-09-26 23:00:00
144.0,151.6165,2025-09-26 23:00:00
168.0,236.16635,2025-09-26 23:00:00
101.33333333333331,129.28587,2025-09-26 23:00:00
222.0,257.79974,2025-09-26 23:00:00
147.0,192.2345,2025-09-27 00:00:00
191.0,204.82855,2025-09-27 00:00:00
114.75,158.57353,2025-09-27 00:00:00
193.0,209.07372,2025-09-27 00:00:00
177.0,263.76755,2025-09-27 00:00:00
163.0,193.2326,2025-09-27 01:00:00
226.0,294.5793,2025-09-27 01:00:00
175.0,178.95108,2025-09-27 01:00:00
215.0,172.12718,2025-09-27 01:00:00
113.75,155.7859,2025-09-27 01:00:00
166.0,161.37244,2025-09-27 02:00:00
274.0,297.21216,2025-09-27 02:00:00
155.0,175.99902,2025-09-27 02:00:00
215.0,166.01343,2025-09-27 02:00:00
114.25,132.12338,2025-09-27 02:00:00
240.0,290.81326,2025-09-27 03:00:00
69.0,159.45744,2025-09-27 03:00:00
215.0,150.53555,2025-09-27 03:00:00
135.0,157.97495,2025-09-27 03:00:00
135.5,109.74944,2025-09-27 03:00:00
215.0,309.80844,2025-09-27 04:00:00
72.0,118.485405,2025-09-27 04:00:00
132.0,159.12627,2025-09-27 04:00:00
126.5,111.95195,2025-09-27 04:00:00
121.0,153.57419,2025-09-27 04:00:00
167.0,147.9685,2025-09-27 05:00:00
116.5,96.87644,2025-09-27 05:00:00
107.0,154.60289,2025-09-27 05:00:00
85.0,112.97681,2025-09-27 05:00:00
315.0,291.99875,2025-09-27 05:00:00
377.0,299.67578,2025-09-27 06:00:00
212.0,166.57645,2025-09-27 06:00:00
136.0,150.11676,2025-09-27 06:00:00
89.0,131.12227,2025-09-27 06:00:00
105.75,113.378105,2025-09-27 06:00:00
101.75,120.06159,2025-09-27 07:00:00
135.0,132.08908,2025-09-27 07:00:00
147.0,152.76129,2025-09-27 07:00:00
277.0,193.81854,2025-09-27 07:00:00
259.0,271.2193,2025-09-27 07:00:00
162.0,195.39168,2025-09-27 08:00:00
189.0,253.1611,2025-09-27 08:00:00
147.0,169.57776,2025-09-27 08:00:00
175.0,286.04932,2025-09-27 08:00:00
115.5,113.27419,2025-09-27 08:00:00
113.25,150.86118,2025-09-27 09:00:00
128.0,247.82498,2025-09-27 09:00:00
130.0,257.95218,2025-09-27 09:00:00
320.0,274.2337,2025-09-27 09:00:00
110.0,230.22267,2025-09-27 09:00:00
95.0,206.83485,2025-09-27 10:00:00
93.5,155.59917,2025-09-27 10:00:00
160.0,261.84427,2025-09-27 10:00:00
130.0,284.09827,2025-09-27 10:00:00
79.0,207.90468,2025-09-27 10:00:00
126.0,140.79228,2025-09-27 11:00:00
146.0,234.81459,2025-09-27 11:00:00
164.0,172.17451,2025-09-27 11:00:00
241.0,241.14188,2025-09-27 11:00:00
110.0,181.73506,2025-09-27 11:00:00
146.0,248.08235,2025-09-27 12:00:00
276.0,170.58098,2025-09-27 12:00:00
44.25,129.91281,2025-09-27 12:00:00
97.0,160.13248,2025-09-27 12:00:00
240.0,163.01009,2025-09-27 12:00:00
31.0,163.14066,2025-09-27 13:00:00
240.0,164.94499,2025-09-27 13:00:00
14.0,124.87524,2025-09-27 13:00:00
145.0,265.4598,2025-09-27 13:00:00
27.0,188.27945,2025-09-27 13:00:00
19.25,119.2365,2025-09-27 14:00:00
45.0,155.63599,2025-09-27 14:00:00
18.0,170.16194,2025-09-27 14:00:00
24.0,144.38191,2025-09-27 14:00:00
51.0,275.89575,2025-09-27 14:00:00
24.0,170.71835,2025-09-27 15:00:00
51.0,323.04385,2025-09-27 15:00:00
67.0,150.7078,2025-09-27 15:00:00
27.0,135.14241,2025-09-27 15:00:00
29.5,103.50095,2025-09-27 15:00:00
37.0,157.95206,2025-09-27 16:00:00
68.0,141.6011,2025-09-27 16:00:00
29.0,170.24597,2025-09-27 16:00:00
56.0,299.78043,2025-09-27 16:00:00
41.5,112.87266,2025-09-27 16:00:00
63.0,124.42728,2025-09-27 17:00:00
28.0,140.34729,2025-09-27 17:00:00
41.0,167.3176,2025-09-27 17:00:00
69.0,148.88077,2025-09-27 17:00:00
11.0,265.39206,2025-09-27 17:00:00
56.0,189.88327,2025-09-27 18:00:00
63.0,157.9817,2025-09-27 18:00:00
65.75,127.79112,2025-09-27 18:00:00
57.0,163.41057,2025-09-27 18:00:00
8.0,246.41621,2025-09-27 18:00:00
17.0,195.35426,2025-09-27 19:00:00
83.0,248.67532,2025-09-27 19:00:00
61.0,213.0696,2025-09-27 19:00:00
96.0,172.2324,2025-09-27 19:00:00
82.5,140.08841,2025-09-27 19:00:00
75.0,218.51286,2025-09-27 20:00:00
91.0,190.93404,2025-09-27 20:00:00
83.0,281.33017,2025-09-27 20:00:00
99.25,150.7198,2025-09-27 20:00:00
102.0,211.04958,2025-09-27 20:00:00
116.0,232.382,2025-09-27 21:00:00
108.0,216.56807,2025-09-27 21:00:00
103.75,164.38268,2025-09-27 21:00:00
96.0,218.30634,2025-09-27 21:00:00
111.0,359.65714,2025-09-27 21:00:00
74.0,239.87381,2025-09-27 22:00:00
65.25,165.19305,2025-09-27 22:00:00
75.0,235.18115,2025-09-27 22:00:00
112.0,370.88086,2025-09-27 22:00:00
77.0,220.3442,2025-09-27 22:00:00
48.0,222.4506,2025-09-27 23:00:00
84.0,383.13364,2025-09-27 23:00:00
40.66666666666666,156.86371,2025-09-27 23:00:00
58.0,264.62146,2025-09-27 23:00:00
108.0,216.42769,2025-09-27 23:00:00
40.75,176.7997,2025-09-28 00:00:00
53.0,204.42459,2025-09-28 00:00:00
66.0,251.1523,2025-09-28 00:00:00
62.0,260.94345,2025-09-28 00:00:00
63.0,370.7792,2025-09-28 00:00:00
58.0,272.87595,2025-09-28 01:00:00
51.0,254.80794,2025-09-28 01:00:00
14.0,205.32683,2025-09-28 01:00:00
40.0,267.53394,2025-09-28 01:00:00
39.0,170.52945,2025-09-28 01:00:00
48.0,267.59976,2025-09-28 02:00:00
84.0,240.44252,2025-09-28 02:00:00
48.25,136.05379,2025-09-28 02:00:00
19.0,169.37013,2025-09-28 02:00:00
48.0,326.08627,2025-09-28 02:00:00
51.5,127.81022,2025-09-28 03:00:00
24.0,234.7853,2025-09-28 03:00:00
34.0,299.1128,2025-09-28 03:00:00
46.0,184.62291,2025-09-28 03:00:00
6.0,136.46664,2025-09-28 03:00:00
80.0,337.9291,2025-09-28 04:00:00
8.0,118.141106,2025-09-28 04:00:00
50.0,190.71384,2025-09-28 04:00:00
64.0,154.02094,2025-09-28 04:00:00
52.0,122.67263,2025-09-28 04:00:00
112.0,188.97046,2025-09-28 05:00:00
61.0,149.82034,2025-09-28 05:00:00
36.0,111.966156,2025-09-28 05:00:00
106.0,242.94037,2025-09-28 05:00:00
58.5,130.51678,2025-09-28 05:00:00
69.0,183.23854,2025-09-28 06:00:00
107.0,182.44891,2025-09-28 06:00:00
91.0,248.13428,2025-09-28 06:00:00
75.0,137.92632,2025-09-28 06:00:00
165.75,156.6801,2025-09-28 06:00:00
110.0,288.84402,2025-09-28 07:00:00
81.0,151.46852,2025-09-28 07:00:00
138.0,136.43329,2025-09-28 07:00:00
73.0,176.62209,2025-09-28 07:00:00
124.0,181.31987,2025-09-28 07:00:00
144.0,156.73848,2025-09-28 08:00:00
95.0,244.46109,2025-09-28 08:00:00
124.5,116.82417,2025-09-28 08:00:00
121.0,182.78659,2025-09-28 08:00:00
92.0,210.67694,2025-09-28 08:00:00
118.0,192.31735,2025-09-28 09:00:00
127.0,201.59947,2025-09-28 09:00:00
122.25,120.24532,2025-09-28 09:00:00
175.0,174.67676,2025-09-28 09:00:00
114.0,268.2621,2025-09-28 09:00:00
132.0,302.44116,2025-09-28 10:00:00
80.0,114.99812,2025-09-28 10:00:00
121.0,167.17247,2025-09-28 10:00:00
129.0,211.74664,2025-09-28 10:00:00
61.0,152.19537,2025-09-28 10:00:00
103.0,163.91805,2025-09-28 11:00:00
66.0,108.63938,2025-09-28 11:00:00
46.0,155.00409,2025-09-28 11:00:00
121.0,248.38623,2025-09-28 11:00:00
158.0,186.17853,2025-09-28 11:00:00
75.75,104.14378,2025-09-28 12:00:00
118.0,254.88046,2025-09-28 12:00:00
116.0,141.7277,2025-09-28 12:00:00
105.0,119.72648,2025-09-28 12:00:00
149.0,155.39357,2025-09-28 12:00:00
90.0,148.53302,2025-09-28 13:00:00
118.0,157.60382,2025-09-28 13:00:00
93.75,91.88626,2025-09-28 13:00:00
84.0,234.64313,2025-09-28 13:00:00
123.75,120.2973,2025-09-28 13:00:00
128.5,126.36262,2025-09-28 14:00:00
99.25,92.747536,2025-09-28 14:00:00
125.0,141.57874,2025-09-28 14:00:00
89.0,263.94717,2025-09-28 14:00:00
116.0,130.21346,2025-09-28 14:00:00
113.0,132.5784,2025-09-28 15:00:00
105.5,93.96511,2025-09-28 15:00:00
130.0,142.32828,2025-09-28 15:00:00
90.0,321.36005,2025-09-28 15:00:00
111.5,123.39646,2025-09-28 15:00:00
135.0,244.04047,2025-09-28 16:00:00
105.25,99.7604,2025-09-28 16:00:00
94.0,113.92911,2025-09-28 16:00:00
129.0,134.76569,2025-09-28 16:00:00
136.0,141.24103,2025-09-28 16:00:00
171.0,137.57625,2025-09-28 17:00:00
110.75,98.44759,2025-09-28 17:00:00
168.0,261.28207,2025-09-28 17:00:00
87.0,110.870605,2025-09-28 17:00:00
134.0,131.13171,2025-09-28 17:00:00
103.25,103.57429,2025-09-28 18:00:00
269.0,324.4682,2025-09-28 18:00:00
153.0,139.22807,2025-09-28 18:00:00
256.0,157.01683,2025-09-28 18:00:00
96.5,125.464714,2025-09-28 18:00:00
107.75,104.866516,2025-09-28 19:00:00
180.0,127.00873,2025-09-28 19:00:00
208.0,182.2883,2025-09-28 19:00:00
95.5,109.763115,2025-09-28 19:00:00
429.0,308.45132,2025-09-28 19:00:00
278.0,202.21075,2025-09-28 20:00:00
113.5,105.25243,2025-09-28 20:00:00
127.75,132.65901,2025-09-28 20:00:00
183.0,130.56554,2025-09-28 20:00:00
343.0,306.15738,2025-09-28 20:00:00
159.25,111.63582,2025-09-28 21:00:00
168.25,134.85718,2025-09-28 21:00:00
207.0,140.55565,2025-09-28 21:00:00
417.0,206.609,2025-09-28 21:00:00
276.0,278.7313,2025-09-28 21:00:00
196.0,158.51456,2025-09-28 22:00:00
182.75,124.91809,2025-09-28 22:00:00
298.0,207.92035,2025-09-28 22:00:00
185.0,126.93569,2025-09-28 22:00:00
291.0,329.6388,2025-09-28 22:00:00
188.0,143.68182,2025-09-28 23:00:00
213.0,298.28104,2025-09-28 23:00:00
233.0,175.3094,2025-09-28 23:00:00
156.66666666666666,112.50047,2025-09-28 23:00:00
249.25,156.56284,2025-09-28 23:00:00
194.0,179.90729,2025-09-29 00:00:00
97.25,131.75444,2025-09-29 00:00:00
140.0,144.0733,2025-09-29 00:00:00
260.0,273.80328,2025-09-29 00:00:00
265.0,157.26244,2025-09-29 00:00:00
265.0,131.41182,2025-09-29 01:00:00
144.0,280.05222,2025-09-29 01:00:00
88.0,112.87959,2025-09-29 01:00:00
169.0,159.43733,2025-09-29 01:00:00
136.0,150.00177,2025-09-29 01:00:00
65.25,107.36274,2025-09-29 02:00:00
130.0,283.07892,2025-09-29 02:00:00
146.0,156.44742,2025-09-29 02:00:00
122.0,175.72617,2025-09-29 02:00:00
265.0,126.572495,2025-09-29 02:00:00
97.0,389.21732,2025-09-29 03:00:00
91.0,166.53557,2025-09-29 03:00:00
265.0,114.675446,2025-09-29 03:00:00
62.5,98.165985,2025-09-29 03:00:00
110.0,142.73106,2025-09-29 03:00:00
70.5,86.407486,2025-09-29 04:00:00
156.0,166.07896,2025-09-29 04:00:00
123.0,361.00272,2025-09-29 04:00:00
80.0,157.52654,2025-09-29 04:00:00
125.0,148.59206,2025-09-29 05:00:00
111.0,370.51614,2025-09-29 05:00:00
79.0,80.50374,2025-09-29 05:00:00
96.0,154.99365,2025-09-29 05:00:00
107.0,159.71901,2025-09-29 06:00:00
279.0,151.0661,2025-09-29 06:00:00
103.0,365.49496,2025-09-29 06:00:00
69.0,73.975845,2025-09-29 06:00:00
179.0,172.6484,2025-09-29 07:00:00
90.75,84.7687,2025-09-29 07:00:00
117.0,164.86583,2025-09-29 07:00:00
149.0,372.11002,2025-09-29 07:00:00
155.0,176.9932,2025-09-29 08:00:00
267.0,229.64609,2025-09-29 08:00:00
139.0,333.48856,2025-09-29 08:00:00
107.0,91.33243,2025-09-29 08:00:00
121.0,99.11906,2025-09-29 09:00:00
160.0,206.1979,2025-09-29 09:00:00
238.0,300.75394,2025-09-29 09:00:00
139.0,168.21437,2025-09-29 09:00:00
121.75,117.76666,2025-09-29 10:00:00
177.0,232.37093,2025-09-29 10:00:00
97.0,170.59654,2025-09-29 10:00:00
164.0,264.83325,2025-09-29 10:00:00
119.0,147.40813,2025-09-29 11:00:00
138.0,243.97249,2025-09-29 11:00:00
189.0,181.48279,2025-09-29 11:00:00
128.0,91.84818,2025-09-29 11:00:00
77.0,115.50911,2025-09-29 12:00:00
139.0,155.63538,2025-09-29 12:00:00
217.0,148.43552,2025-09-29 12:00:00
132.5,81.922806,2025-09-29 12:00:00
160.0,264.58652,2025-09-29 12:00:00
195.0,152.57042,2025-09-29 13:00:00
127.25,77.11164,2025-09-29 13:00:00
175.0,141.27419,2025-09-29 13:00:00
161.0,237.05467,2025-09-29 13:00:00
123.0,127.03129,2025-09-29 13:00:00
141.0,126.14973,2025-09-29 14:00:00
124.0,117.66453,2025-09-29 14:00:00
163.0,240.53136,2025-09-29 14:00:00
115.0,79.19861,2025-09-29 14:00:00
195.0,130.93024,2025-09-29 14:00:00
130.0,218.24849,2025-09-29 15:00:00
92.25,81.03109,2025-09-29 15:00:00
146.0,112.244286,2025-09-29 15:00:00
195.0,117.132286,2025-09-29 15:00:00
100.0,114.32591,2025-09-29 15:00:00
44.0,120.39962,2025-09-29 16:00:00
72.0,106.03351,2025-09-29 16:00:00
195.0,112.23556,2025-09-29 16:00:00
93.5,77.0505,2025-09-29 16:00:00
102.0,302.8817,2025-09-29 16:00:00
62.0,118.78614,2025-09-29 17:00:00
125.0,296.82562,2025-09-29 17:00:00
105.5,80.59516,2025-09-29 17:00:00
83.0,125.34006,2025-09-29 17:00:00
92.0,113.51992,2025-09-29 18:00:00
77.0,139.22342,2025-09-29 18:00:00
112.0,291.9526,2025-09-29 18:00:00
51.0,98.42984,2025-09-29 18:00:00
92.0,156.98688,2025-09-29 19:00:00
75.0,315.88507,2025-09-29 19:00:00
35.0,138.48988,2025-09-29 19:00:00
57.25,114.34816,2025-09-29 19:00:00
28.0,156.0183,2025-09-29 20:00:00
88.0,345.7898,2025-09-29 20:00:00
92.0,204.29585,2025-09-29 20:00:00
66.25,111.437325,2025-09-29 20:00:00
92.0,199.32576,2025-09-29 21:00:00
147.0,311.87592,2025-09-29 21:00:00
117.5,124.73504,2025-09-29 21:00:00
92.0,173.06818,2025-09-29 21:00:00
100.0,227.78374,2025-09-29 22:00:00
120.75,136.9915,2025-09-29 22:00:00
141.0,318.0578,2025-09-29 22:00:00
158.0,191.18185,2025-09-29 22:00:00
90.33333333333331,108.49034,2025-09-29 23:00:00
80.0,373.92648,2025-09-29 23:00:00
153.0,178.80156,2025-09-29 23:00:00
92.0,201.97043,2025-09-29 23:00:00
77.0,380.3999,2025-09-30 00:00:00
74.75,111.808365,2025-09-30 00:00:00
144.0,196.81409,2025-09-30 00:00:00
81.0,161.86159,2025-09-30 00:00:00
51.0,171.25647,2025-09-30 01:00:00
69.25,101.36164,2025-09-30 01:00:00
72.0,424.7428,2025-09-30 01:00:00
85.0,194.50891,2025-09-30 01:00:00
145.0,392.97418,2025-09-30 02:00:00
81.0,196.08151,2025-09-30 02:00:00
69.75,102.51348,2025-09-30 02:00:00
59.0,165.82027,2025-09-30 02:00:00
59.0,149.95126,2025-09-30 03:00:00
69.0,168.92117,2025-09-30 03:00:00
74.0,330.65552,2025-09-30 03:00:00
62.5,115.8329,2025-09-30 03:00:00
63.5,115.99675,2025-09-30 04:00:00
92.0,171.66885,2025-09-30 04:00:00
86.0,367.0167,2025-09-30 04:00:00
70.0,116.432785,2025-09-30 04:00:00
107.0,172.70723,2025-09-30 05:00:00
62.75,105.51078,2025-09-30 05:00:00
53.0,103.89448,2025-09-30 05:00:00
81.0,305.28424,2025-09-30 05:00:00
114.0,147.12459,2025-09-30 06:00:00
102.0,333.36313,2025-09-30 06:00:00
53.75,90.7841,2025-09-30 06:00:00
57.0,106.55094,2025-09-30 06:00:00
79.0,280.4121,2025-09-30 07:00:00
116.0,151.68037,2025-09-30 07:00:00
57.0,142.56787,2025-09-30 07:00:00
65.25,101.50762,2025-09-30 07:00:00
83.0,156.37161,2025-09-30 08:00:00
68.0,142.32327,2025-09-30 08:00:00
59.0,104.70431,2025-09-30 08:00:00
75.0,310.13028,2025-09-30 08:00:00
68.0,142.75377,2025-09-30 09:00:00
110.0,157.26964,2025-09-30 09:00:00
73.0,334.81378,2025-09-30 09:00:00
60.5,101.325455,2025-09-30 09:00:00
55.0,146.57413,2025-09-30 10:00:00
79.0,170.13393,2025-09-30 10:00:00
81.0,126.36342,2025-09-30 10:00:00
63.5,101.48739,2025-09-30 10:00:00
84.0,364.29565,2025-09-30 10:00:00
53.0,139.20264,2025-09-30 11:00:00
86.0,371.59552,2025-09-30 11:00:00
65.25,100.15403,2025-09-30 11:00:00
119.0,137.96123,2025-09-30 11:00:00
74.0,155.95027,2025-09-30 11:00:00
100.0,127.185005,2025-09-30 12:00:00
72.0,149.25896,2025-09-30 12:00:00
66.75,93.05372,2025-09-30 12:00:00
77.0,309.10928,2025-09-30 12:00:00
74.0,136.17484,2025-09-30 12:00:00
85.0,126.93004,2025-09-30 13:00:00
75.0,172.53093,2025-09-30 13:00:00
72.0,310.671,2025-09-30 13:00:00
73.75,83.15343,2025-09-30 13:00:00
70.0,161.294,2025-09-30 13:00:00
121.0,134.44307,2025-09-30 14:00:00
68.0,232.89043,2025-09-30 14:00:00
73.75,78.7523,2025-09-30 14:00:00
94.0,119.544075,2025-09-30 14:00:00
64.0,118.19311,2025-09-30 14:00:00
63.0,125.94452,2025-09-30 15:00:00
193.0,189.58075,2025-09-30 15:00:00
75.5,78.6598,2025-09-30 15:00:00
112.0,149.68216,2025-09-30 15:00:00
79.0,229.24004,2025-09-30 15:00:00
97.0,142.59619,2025-09-30 16:00:00
69.0,212.85689,2025-09-30 16:00:00
62.5,80.56193,2025-09-30 16:00:00
90.0,129.0692,2025-09-30 16:00:00
141.0,182.54063,2025-09-30 16:00:00
97.0,103.69978,2025-09-30 17:00:00
49.75,81.50692,2025-09-30 17:00:00
118.0,186.06082,2025-09-30 17:00:00
96.0,143.05815,2025-09-30 17:00:00
51.0,205.80273,2025-09-30 17:00:00
102.0,215.77608,2025-09-30 18:00:00
103.0,176.23499,2025-09-30 18:00:00
80.0,119.449486,2025-09-30 18:00:00
57.75,89.44664,2025-09-30 18:00:00
67.0,248.63365,2025-09-30 18:00:00
97.0,312.41476,2025-09-30 19:00:00
86.0,173.95924,2025-09-30 19:00:00
215.0,208.93352,2025-09-30 19:00:00
74.5,88.84593,2025-09-30 19:00:00
112.0,147.38324,2025-09-30 19:00:00
210.0,347.0847,2025-09-30 20:00:00
124.0,139.7341,2025-09-30 20:00:00
169.0,151.98613,2025-09-30 20:00:00
272.0,227.55684,2025-09-30 20:00:00
103.5,111.45228,2025-09-30 20:00:00
246.0,403.55417,2025-09-30 21:00:00
107.75,118.76797,2025-09-30 21:00:00
145.0,124.60036,2025-09-30 21:00:00
390.0,203.57025,2025-09-30 21:00:00
243.0,167.12852,2025-09-30 21:00:00
422.0,217.81375,2025-09-30 22:00:00
278.0,387.06815,2025-09-30 22:00:00
112.0,113.77636,2025-09-30 22:00:00
168.0,152.81125,2025-09-30 22:00:00
230.0,166.73305,2025-09-30 22:00:00
212.0,160.3312,2025-09-30 23:00:00
153.0,154.48228,2025-09-30 23:00:00
136.33333333333334,103.76758,2025-09-30 23:00:00
385.0,207.46889,2025-09-30 23:00:00
447.0,331.3487,2025-09-30 23:00:00
392.0,395.6267,2025-10-01 00:00:00
283.0,184.46877,2025-10-01 00:00:00
156.0,141.037,2025-10-01 00:00:00
354.0,161.11865,2025-10-01 00:00:00
142.25,126.46785,2025-10-01 00:00:00
279.0,190.41795,2025-10-01 01:00:00
273.0,313.84024,2025-10-01 01:00:00
235.0,207.60011,2025-10-01 01:00:00
147.0,147.105,2025-10-01 01:00:00
148.75,143.35179,2025-10-01 01:00:00
136.0,137.15138,2025-10-01 02:00:00
139.0,153.48674,2025-10-01 02:00:00
180.0,178.39346,2025-10-01 02:00:00
249.0,334.98557,2025-10-01 02:00:00
180.0,200.5773,2025-10-01 02:00:00
161.0,181.01303,2025-10-01 03:00:00
213.0,304.85962,2025-10-01 03:00:00
114.0,157.9424,2025-10-01 03:00:00
123.25,130.92471,2025-10-01 03:00:00
182.0,188.05609,2025-10-01 03:00:00
108.0,137.62604,2025-10-01 04:00:00
186.0,335.17923,2025-10-01 04:00:00
166.0,172.21017,2025-10-01 04:00:00
133.0,107.4724,2025-10-01 04:00:00
163.0,155.54749,2025-10-01 04:00:00
168.0,152.32753,2025-10-01 05:00:00
143.25,112.23078,2025-10-01 05:00:00
121.0,108.635315,2025-10-01 05:00:00
371.0,360.06006,2025-10-01 05:00:00
205.0,181.38281,2025-10-01 05:00:00
122.0,126.80796,2025-10-01 06:00:00
180.0,182.63145,2025-10-01 06:00:00
104.5,119.011314,2025-10-01 06:00:00
299.0,178.54092,2025-10-01 06:00:00
340.0,340.33847,2025-10-01 06:00:00
104.0,84.12756,2025-10-01 07:00:00
211.0,168.8115,2025-10-01 07:00:00
136.0,136.14691,2025-10-01 07:00:00
416.0,200.09515,2025-10-01 07:00:00
219.0,321.63376,2025-10-01 07:00:00
191.0,353.94324,2025-10-01 08:00:00
171.0,99.19951,2025-10-01 08:00:00
404.0,202.70651,2025-10-01 08:00:00
157.0,133.79433,2025-10-01 08:00:00
235.0,156.72362,2025-10-01 08:00:00
226.0,339.14938,2025-10-01 09:00:00
196.0,129.27052,2025-10-01 09:00:00
262.0,157.27425,2025-10-01 09:00:00
370.0,229.74924,2025-10-01 09:00:00
207.0,108.10188,2025-10-01 09:00:00
107.0,105.13162,2025-10-01 10:00:00
130.5,98.87033,2025-10-01 10:00:00
158.0,296.60205,2025-10-01 10:00:00
239.0,168.83365,2025-10-01 10:00:00
207.0,146.2452,2025-10-01 10:00:00
127.0,294.62772,2025-10-01 11:00:00
207.0,156.19063,2025-10-01 11:00:00
78.75,119.736565,2025-10-01 11:00:00
114.0,135.95242,2025-10-01 11:00:00
106.0,111.301056,2025-10-01 11:00:00
114.0,331.522,2025-10-01 12:00:00
106.0,128.26988,2025-10-01 12:00:00
112.0,106.36331,2025-10-01 12:00:00
78.25,118.17739,2025-10-01 12:00:00
117.0,165.2597,2025-10-01 12:00:00
136.0,138.84868,2025-10-01 13:00:00
80.0,140.50946,2025-10-01 13:00:00
102.0,122.799416,2025-10-01 13:00:00
94.0,111.14101,2025-10-01 13:00:00
117.0,331.6436,2025-10-01 13:00:00
82.75,132.33405,2025-10-01 14:00:00
111.0,298.76837,2025-10-01 14:00:00
152.0,129.1186,2025-10-01 14:00:00
102.0,121.99626,2025-10-01 14:00:00
103.0,125.545395,2025-10-01 14:00:00
80.25,120.6033,2025-10-01 15:00:00
143.0,159.48015,2025-10-01 15:00:00
90.0,127.8637,2025-10-01 15:00:00
97.0,125.9358,2025-10-01 15:00:00
125.0,334.22882,2025-10-01 15:00:00
74.75,94.01747,2025-10-01 16:00:00
83.0,142.92345,2025-10-01 16:00:00
113.0,131.02939,2025-10-01 16:00:00
133.0,387.8998,2025-10-01 16:00:00
167.0,158.25456,2025-10-01 16:00:00
146.0,372.03513,2025-10-01 17:00:00
199.0,172.98059,2025-10-01 17:00:00
92.0,134.85382,2025-10-01 17:00:00
79.25,109.28242,2025-10-01 17:00:00
130.0,141.25816,2025-10-01 17:00:00
119.0,138.54584,2025-10-01 18:00:00
161.0,136.38513,2025-10-01 18:00:00
95.25,93.23196,2025-10-01 18:00:00
166.0,476.28748,2025-10-01 18:00:00
164.0,233.59358,2025-10-01 18:00:00
152.0,169.37718,2025-10-01 19:00:00
211.0,226.41266,2025-10-01 19:00:00
112.75,118.2742,2025-10-01 19:00:00
189.0,363.06305,2025-10-01 19:00:00
169.0,183.38304,2025-10-01 19:00:00
172.0,194.54788,2025-10-01 20:00:00
304.0,338.08368,2025-10-01 20:00:00
128.5,110.64095,2025-10-01 20:00:00
371.0,258.84756,2025-10-01 20:00:00
246.0,184.81718,2025-10-01 20:00:00
152.5,120.01342,2025-10-01 21:00:00
323.0,269.7131,2025-10-01 21:00:00
288.0,357.6481,2025-10-01 21:00:00
206.0,199.50677,2025-10-01 21:00:00
229.0,200.14925,2025-10-01 21:00:00
216.0,197.15254,2025-10-01 22:00:00
141.0,153.9391,2025-10-01 22:00:00
218.0,210.17464,2025-10-01 22:00:00
224.0,295.65115,2025-10-01 22:00:00
268.0,249.35478,2025-10-01 22:00:00
215.0,206.4043,2025-10-01 23:00:00
306.0,251.91733,2025-10-01 23:00:00
125.33333333333331,156.14954,2025-10-01 23:00:00
235.0,386.7969,2025-10-01 23:00:00
205.0,221.26521,2025-10-01 23:00:00
124.0,119.04527,2025-10-02 00:00:00
232.0,184.54387,2025-10-02 00:00:00
276.0,389.84564,2025-10-02 00:00:00
216.0,207.63445,2025-10-02 00:00:00
190.0,174.82358,2025-10-02 00:00:00
175.0,181.74355,2025-10-02 01:00:00
266.0,362.04163,2025-10-02 01:00:00
357.0,169.75734,2025-10-02 01:00:00
161.0,226.25928,2025-10-02 01:00:00
141.75,110.882095,2025-10-02 01:00:00
267.0,398.58145,2025-10-02 02:00:00
139.5,206.07254,2025-10-02 02:00:00
189.0,151.78314,2025-10-02 02:00:00
150.25,98.676575,2025-10-02 02:00:00
167.0,155.09807,2025-10-02 02:00:00
248.0,345.9777,2025-10-02 03:00:00
173.0,136.85587,2025-10-02 03:00:00
148.5,223.71762,2025-10-02 03:00:00
126.0,106.624886,2025-10-02 03:00:00
197.0,161.04607,2025-10-02 03:00:00
162.0,184.55629,2025-10-02 04:00:00
208.0,384.9,2025-10-02 04:00:00
123.0,136.8933,2025-10-02 04:00:00
227.0,162.81381,2025-10-02 04:00:00
244.0,333.31784,2025-10-02 05:00:00
182.0,142.6118,2025-10-02 05:00:00
126.25,123.8599,2025-10-02 05:00:00
156.0,167.13696,2025-10-02 05:00:00
121.75,123.85531,2025-10-02 06:00:00
224.0,291.92978,2025-10-02 06:00:00
183.0,145.25517,2025-10-02 06:00:00
160.0,222.76271,2025-10-02 06:00:00
145.0,155.67674,2025-10-02 07:00:00
113.75,120.59041,2025-10-02 07:00:00
177.0,217.27158,2025-10-02 07:00:00
207.0,308.3829,2025-10-02 07:00:00
141.0,188.57793,2025-10-02 08:00:00
145.0,297.27783,2025-10-02 08:00:00
294.0,349.56,2025-10-02 08:00:00
93.0,139.93515,2025-10-02 08:00:00
152.0,244.88414,2025-10-02 09:00:00
71.0,146.03262,2025-10-02 09:00:00
179.0,326.98373,2025-10-02 09:00:00
119.0,185.80719,2025-10-02 09:00:00
97.0,175.8998,2025-10-02 10:00:00
141.0,348.0403,2025-10-02 10:00:00
108.0,230.74948,2025-10-02 10:00:00
60.5,123.32525,2025-10-02 10:00:00
77.0,127.19015,2025-10-02 11:00:00
83.0,167.75177,2025-10-02 11:00:00
118.0,315.64313,2025-10-02 11:00:00
124.0,209.66064,2025-10-02 11:00:00
144.0,151.97806,2025-10-02 12:00:00
206.0,289.98428,2025-10-02 12:00:00
111.0,231.6884,2025-10-02 12:00:00
111.25,127.03424,2025-10-02 12:00:00
90.75,129.52194,2025-10-02 12:00:00
196.0,139.8763,2025-10-02 13:00:00
142.75,135.2446,2025-10-02 13:00:00
188.0,322.5756,2025-10-02 13:00:00
151.0,179.97433,2025-10-02 13:00:00
106.75,125.44073,2025-10-02 13:00:00
105.0,111.62238,2025-10-02 14:00:00
180.0,196.54329,2025-10-02 14:00:00
161.0,122.28365,2025-10-02 14:00:00
177.0,121.90497,2025-10-02 14:00:00
265.0,330.8212,2025-10-02 14:00:00
134.0,195.20323,2025-10-02 15:00:00
178.0,133.7884,2025-10-02 15:00:00
232.0,362.42627,2025-10-02 15:00:00
110.25,112.16395,2025-10-02 15:00:00
116.25,124.55036,2025-10-02 15:00:00
113.0,113.997,2025-10-02 16:00:00
102.5,112.82661,2025-10-02 16:00:00
239.0,353.8233,2025-10-02 16:00:00
138.0,197.5023,2025-10-02 16:00:00
139.0,124.917274,2025-10-02 16:00:00
96.25,167.16971,2025-10-02 17:00:00
117.0,136.09766,2025-10-02 17:00:00
217.0,378.5062,2025-10-02 17:00:00
100.5,104.006935,2025-10-02 17:00:00
235.0,312.01285,2025-10-02 18:00:00
87.25,97.57885,2025-10-02 18:00:00
107.5,178.26071,2025-10-02 18:00:00
122.0,181.89197,2025-10-02 18:00:00
183.0,192.96783,2025-10-02 19:00:00
133.0,199.10382,2025-10-02 19:00:00
400.0,310.48676,2025-10-02 19:00:00
97.0,147.68208,2025-10-02 19:00:00
108.5,144.56505,2025-10-02 20:00:00
498.0,388.17737,2025-10-02 20:00:00
198.5,213.30914,2025-10-02 20:00:00
237.0,202.14996,2025-10-02 20:00:00
197.75,235.73312,2025-10-02 21:00:00
381.0,386.41946,2025-10-02 21:00:00
119.75,167.57104,2025-10-02 21:00:00
250.0,212.3155,2025-10-02 21:00:00
128.75,166.89053,2025-10-02 22:00:00
287.0,212.63524,2025-10-02 22:00:00
622.0,369.05887,2025-10-02 22:00:00
224.0,240.18149,2025-10-02 22:00:00
465.0,333.6557,2025-10-02 23:00:00
204.25,209.06036,2025-10-02 23:00:00
283.0,192.67229,2025-10-02 23:00:00
135.66666666666666,155.5047,2025-10-02 23:00:00
172.0,191.67891,2025-10-03 00:00:00
206.0,174.238,2025-10-03 00:00:00
93.75,162.11633,2025-10-03 00:00:00
365.0,287.3384,2025-10-03 00:00:00
99.0,173.56868,2025-10-03 01:00:00
123.0,166.28758,2025-10-03 01:00:00
216.0,268.0081,2025-10-03 01:00:00
36.75,142.69214,2025-10-03 01:00:00
20.0,154.8327,2025-10-03 02:00:00
21.0,138.44974,2025-10-03 02:00:00
62.0,282.02414,2025-10-03 02:00:00
28.25,151.38615,2025-10-03 02:00:00
28.0,150.03056,2025-10-03 03:00:00
19.0,133.03587,2025-10-03 03:00:00
52.0,326.6436,2025-10-03 03:00:00
20.75,140.97354,2025-10-03 03:00:00
18.25,127.87973,2025-10-03 04:00:00
27.0,152.9947,2025-10-03 04:00:00
26.5,136.10345,2025-10-03 04:00:00
61.0,311.13,2025-10-03 04:00:00
37.75,123.22285,2025-10-03 05:00:00
72.0,301.39722,2025-10-03 05:00:00
22.0,150.41066,2025-10-03 05:00:00
28.25,130.82402,2025-10-03 05:00:00
64.0,153.54895,2025-10-03 06:00:00
73.0,293.29364,2025-10-03 06:00:00
53.75,126.78778,2025-10-03 06:00:00
41.75,119.74435,2025-10-03 06:00:00
59.0,156.09691,2025-10-03 07:00:00
124.0,293.102,2025-10-03 07:00:00
54.0,135.21446,2025-10-03 07:00:00
54.0,132.9985,2025-10-03 07:00:00
49.0,150.32336,2025-10-03 08:00:00
79.0,176.54263,2025-10-03 08:00:00
102.0,293.87112,2025-10-03 08:00:00
59.75,147.43797,2025-10-03 08:00:00
69.0,176.98033,2025-10-03 09:00:00
77.75,142.92734,2025-10-03 09:00:00
49.75,146.63925,2025-10-03 09:00:00
99.0,273.2404,2025-10-03 09:00:00
129.0,292.4827,2025-10-03 10:00:00
71.25,139.57407,2025-10-03 10:00:00
99.0,164.34048,2025-10-03 10:00:00
88.0,142.2331,2025-10-03 10:00:00
86.0,159.49298,2025-10-03 10:00:00
105.0,153.03175,2025-10-03 11:00:00
82.0,133.17728,2025-10-03 11:00:00
178.0,176.57993,2025-10-03 11:00:00
83.25,143.8934,2025-10-03 11:00:00
164.0,310.29727,2025-10-03 11:00:00
152.0,168.77258,2025-10-03 12:00:00
82.0,126.12538,2025-10-03 12:00:00
123.0,125.3782,2025-10-03 12:00:00
102.0,155.42462,2025-10-03 12:00:00
164.0,258.60513,2025-10-03 12:00:00
123.0,245.37944,2025-10-03 13:00:00
123.0,116.08084,2025-10-03 13:00:00
151.0,153.83174,2025-10-03 13:00:00
119.0,135.74612,2025-10-03 13:00:00
81.25,120.2582,2025-10-03 13:00:00
50.0,113.67003,2025-10-03 14:00:00
118.0,225.06758,2025-10-03 14:00:00
44.0,151.61539,2025-10-03 14:00:00
81.0,109.50752,2025-10-03 14:00:00
52.25,123.578415,2025-10-03 14:00:00
51.5,115.579506,2025-10-03 15:00:00
69.0,104.09595,2025-10-03 15:00:00
45.0,105.682526,2025-10-03 15:00:00
42.0,153.04437,2025-10-03 15:00:00
64.0,241.41095,2025-10-03 15:00:00
53.5,114.750145,2025-10-03 16:00:00
57.0,268.3646,2025-10-03 16:00:00
45.0,148.644,2025-10-03 16:00:00
48.0,107.929375,2025-10-03 16:00:00
52.0,112.40736,2025-10-03 16:00:00
52.0,144.84216,2025-10-03 17:00:00
72.0,105.58618,2025-10-03 17:00:00
64.0,285.9327,2025-10-03 17:00:00
92.0,114.55688,2025-10-03 17:00:00
48.25,106.71386,2025-10-03 17:00:00
81.0,124.98176,2025-10-03 18:00:00
36.0,203.7804,2025-10-03 18:00:00
56.0,120.39255,2025-10-03 18:00:00
46.5,123.35646,2025-10-03 18:00:00
62.0,255.49904,2025-10-03 18:00:00
50.5,129.80133,2025-10-03 19:00:00
55.0,248.41394,2025-10-03 19:00:00
69.0,143.69005,2025-10-03 19:00:00
67.0,297.42963,2025-10-03 19:00:00
129.0,139.49657,2025-10-03 19:00:00
121.0,151.72815,2025-10-03 20:00:00
81.0,172.49026,2025-10-03 20:00:00
90.0,343.87155,2025-10-03 20:00:00
64.0,312.11212,2025-10-03 20:00:00
54.0,138.05486,2025-10-03 20:00:00
88.0,210.91846,2025-10-03 21:00:00
72.0,398.08304,2025-10-03 21:00:00
111.0,228.34384,2025-10-03 21:00:00
64.0,334.29794,2025-10-03 21:00:00
51.75,165.4585,2025-10-03 21:00:00
65.75,163.00473,2025-10-03 22:00:00
72.0,211.21124,2025-10-03 22:00:00
88.0,401.7278,2025-10-03 22:00:00
62.0,288.79816,2025-10-03 22:00:00
150.0,238.26273,2025-10-03 22:00:00
56.0,372.02914,2025-10-03 23:00:00
97.0,426.24008,2025-10-03 23:00:00
66.0,207.89183,2025-10-03 23:00:00
72.0,166.2272,2025-10-03 23:00:00
110.0,250.081,2025-10-03 23:00:00
65.75,164.87082,2025-10-04 00:00:00
48.0,307.80536,2025-10-04 00:00:00
66.0,207.56708,2025-10-04 00:00:00
102.0,282.98828,2025-10-04 00:00:00
95.0,496.64,2025-10-04 00:00:00
41.0,274.97412,2025-10-04 01:00:00
58.0,420.1768,2025-10-04 01:00:00
75.0,301.1105,2025-10-04 01:00:00
72.25,173.64485,2025-10-04 01:00:00
58.0,198.35033,2025-10-04 01:00:00
55.0,260.0847,2025-10-04 02:00:00
38.0,194.30858,2025-10-04 02:00:00
55.25,147.89677,2025-10-04 02:00:00
48.0,331.28525,2025-10-04 02:00:00
36.0,296.9513,2025-10-04 02:00:00
40.0,136.59161,2025-10-04 03:00:00
78.0,324.96426,2025-10-04 03:00:00
36.0,322.36548,2025-10-04 03:00:00
38.0,241.44334,2025-10-04 03:00:00
41.0,164.61867,2025-10-04 03:00:00
44.0,163.09898,2025-10-04 04:00:00
36.0,131.61491,2025-10-04 04:00:00
46.0,316.00522,2025-10-04 04:00:00
31.0,222.92265,2025-10-04 04:00:00
66.0,317.54373,2025-10-04 04:00:00
32.5,131.85075,2025-10-04 05:00:00
27.0,287.53372,2025-10-04 05:00:00
44.0,142.9185,2025-10-04 05:00:00
45.0,272.22772,2025-10-04 05:00:00
22.0,167.97942,2025-10-04 05:00:00
22.0,295.4308,2025-10-04 06:00:00
7.0,293.91312,2025-10-04 06:00:00
25.0,160.30797,2025-10-04 06:00:00
29.0,135.71738,2025-10-04 06:00:00
23.5,130.06244,2025-10-04 06:00:00
18.0,187.12477,2025-10-04 07:00:00
32.0,125.57216,2025-10-04 07:00:00
24.0,274.0607,2025-10-04 07:00:00
7.0,377.95126,2025-10-04 07:00:00
16.0,164.74448,2025-10-04 07:00:00
33.0,249.85469,2025-10-04 08:00:00
22.0,218.65431,2025-10-04 08:00:00
37.75,145.17184,2025-10-04 08:00:00
16.0,173.71036,2025-10-04 08:00:00
23.0,359.06607,2025-10-04 08:00:00
22.0,221.88075,2025-10-04 09:00:00
42.75,156.70116,2025-10-04 09:00:00
36.0,230.467,2025-10-04 09:00:00
16.0,200.26553,2025-10-04 09:00:00
23.0,346.23032,2025-10-04 09:00:00
35.0,223.87888,2025-10-04 10:00:00
50.75,139.10461,2025-10-04 10:00:00
30.0,269.15817,2025-10-04 10:00:00
14.0,195.30708,2025-10-04 10:00:00
25.0,236.43039,2025-10-04 10:00:00
14.0,157.92496,2025-10-04 11:00:00
47.0,187.49632,2025-10-04 11:00:00
52.0,211.69273,2025-10-04 11:00:00
51.0,112.57964,2025-10-04 11:00:00
45.0,222.64896,2025-10-04 11:00:00
31.0,146.44347,2025-10-04 12:00:00
50.0,209.27399,2025-10-04 12:00:00
48.0,144.07703,2025-10-04 12:00:00
43.0,93.13243,2025-10-04 12:00:00
68.0,192.88004,2025-10-04 12:00:00
106.0,171.57358,2025-10-04 13:00:00
42.0,154.2366,2025-10-04 13:00:00
46.0,217.68608,2025-10-04 13:00:00
51.25,89.65755,2025-10-04 13:00:00
51.0,118.75556,2025-10-04 13:00:00
123.0,139.77882,2025-10-04 14:00:00
50.0,112.605644,2025-10-04 14:00:00
58.0,136.4223,2025-10-04 14:00:00
59.75,86.98139,2025-10-04 14:00:00
48.0,229.6984,2025-10-04 14:00:00
52.0,116.85304,2025-10-04 15:00:00
49.25,88.90233,2025-10-04 15:00:00
81.0,103.541374,2025-10-04 15:00:00
86.0,235.80347,2025-10-04 15:00:00
155.0,163.40656,2025-10-04 15:00:00
67.0,268.1179,2025-10-04 16:00:00
40.0,92.36512,2025-10-04 16:00:00
139.0,157.08362,2025-10-04 16:00:00
90.0,109.30793,2025-10-04 16:00:00
45.0,104.55721,2025-10-04 16:00:00
22.0,105.76283,2025-10-04 17:00:00
114.0,233.04155,2025-10-04 17:00:00
38.0,119.84484,2025-10-04 17:00:00
35.0,167.56349,2025-10-04 17:00:00
33.0,121.86848,2025-10-04 17:00:00
11.25,122.65544,2025-10-04 18:00:00
19.0,206.10336,2025-10-04 18:00:00
40.0,150.39458,2025-10-04 18:00:00
36.0,252.38843,2025-10-04 18:00:00
16.0,143.71815,2025-10-04 18:00:00
18.0,182.30803,2025-10-04 19:00:00
16.5,128.45966,2025-10-04 19:00:00
31.0,163.96585,2025-10-04 19:00:00
48.0,329.55728,2025-10-04 19:00:00
17.0,252.8103,2025-10-04 19:00:00
27.75,145.94669,2025-10-04 20:00:00
39.0,356.9967,2025-10-04 20:00:00
22.0,224.97379,2025-10-04 20:00:00
51.0,206.9795,2025-10-04 20:00:00
29.0,297.72684,2025-10-04 20:00:00
44.75,170.13046,2025-10-04 21:00:00
29.0,351.9448,2025-10-04 21:00:00
69.0,224.90456,2025-10-04 21:00:00
64.0,401.77603,2025-10-04 21:00:00
22.0,231.88408,2025-10-04 21:00:00
52.0,367.78516,2025-10-04 22:00:00
79.0,419.53275,2025-10-04 22:00:00
61.0,214.32314,2025-10-04 22:00:00
89.0,151.60748,2025-10-04 22:00:00
40.0,218.45013,2025-10-04 22:00:00
97.66666666666669,158.51659,2025-10-04 23:00:00
68.0,242.67216,2025-10-04 23:00:00
66.0,333.33234,2025-10-04 23:00:00
190.0,453.7619,2025-10-04 23:00:00
73.0,214.91356,2025-10-04 23:00:00
59.25,179.35747,2025-10-05 00:00:00
68.0,264.13022,2025-10-05 00:00:00
77.0,438.00278,2025-10-05 00:00:00
60.0,235.10858,2025-10-05 00:00:00
97.0,230.12386,2025-10-05 00:00:00
53.0,173.80519,2025-10-05 01:00:00
77.0,229.21156,2025-10-05 01:00:00
46.5,186.62236,2025-10-05 01:00:00
66.0,222.35657,2025-10-05 01:00:00
40.0,417.1816,2025-10-05 01:00:00
62.0,198.1281,2025-10-05 02:00:00
47.0,170.60512,2025-10-05 02:00:00
42.0,402.09454,2025-10-05 02:00:00
44.0,218.97963,2025-10-05 02:00:00
39.5,166.66586,2025-10-05 02:00:00
53.0,200.32735,2025-10-05 03:00:00
47.0,164.10272,2025-10-05 03:00:00
51.0,155.66768,2025-10-05 03:00:00
61.0,349.90607,2025-10-05 03:00:00
47.0,135.66766,2025-10-05 03:00:00
48.25,138.82056,2025-10-05 04:00:00
79.0,349.37607,2025-10-05 04:00:00
62.0,163.8478,2025-10-05 04:00:00
62.0,192.8384,2025-10-05 04:00:00
60.0,146.78156,2025-10-05 04:00:00
66.0,184.51242,2025-10-05 05:00:00
70.0,146.7505,2025-10-05 05:00:00
83.0,168.79698,2025-10-05 05:00:00
100.0,381.4337,2025-10-05 05:00:00
58.0,140.04604,2025-10-05 05:00:00
125.0,327.31314,2025-10-05 06:00:00
86.0,169.45198,2025-10-05 06:00:00
76.0,145.72006,2025-10-05 06:00:00
73.0,204.83714,2025-10-05 06:00:00
60.75,125.89421,2025-10-05 06:00:00
74.0,263.03665,2025-10-05 07:00:00
132.0,332.34134,2025-10-05 07:00:00
83.0,197.8979,2025-10-05 07:00:00
88.0,167.48907,2025-10-05 07:00:00
61.25,137.45029,2025-10-05 07:00:00
87.0,228.66345,2025-10-05 08:00:00
174.0,368.9129,2025-10-05 08:00:00
62.0,306.08197,2025-10-05 08:00:00
67.25,151.04767,2025-10-05 08:00:00
86.0,206.93172,2025-10-05 08:00:00
133.0,353.2169,2025-10-05 09:00:00
66.75,152.53271,2025-10-05 09:00:00
86.0,233.66849,2025-10-05 09:00:00
72.0,281.69824,2025-10-05 09:00:00
75.0,213.30533,2025-10-05 09:00:00
75.0,169.56413,2025-10-05 10:00:00
72.0,227.19957,2025-10-05 10:00:00
67.5,115.60791,2025-10-05 10:00:00
85.0,170.80476,2025-10-05 10:00:00
100.0,286.00833,2025-10-05 10:00:00
92.0,162.11284,2025-10-05 11:00:00
86.0,164.61243,2025-10-05 11:00:00
112.0,224.36232,2025-10-05 11:00:00
92.0,196.10446,2025-10-05 11:00:00
77.0,112.69528,2025-10-05 11:00:00
102.0,271.84827,2025-10-05 12:00:00
75.5,110.54366,2025-10-05 12:00:00
97.0,135.92496,2025-10-05 12:00:00
92.0,167.36263,2025-10-05 12:00:00
87.0,135.66904,2025-10-05 12:00:00
73.25,101.561035,2025-10-05 13:00:00
121.0,288.55984,2025-10-05 13:00:00
90.0,146.55194,2025-10-05 13:00:00
101.0,137.8689,2025-10-05 13:00:00
111.0,171.89256,2025-10-05 13:00:00
128.0,146.15216,2025-10-05 14:00:00
135.0,316.76328,2025-10-05 14:00:00
70.5,89.47616,2025-10-05 14:00:00
73.0,143.07214,2025-10-05 14:00:00
94.0,140.47375,2025-10-05 14:00:00
147.0,312.09653,2025-10-05 15:00:00
147.0,144.27676,2025-10-05 15:00:00
60.25,102.85583,2025-10-05 15:00:00
79.0,139.57701,2025-10-05 15:00:00
68.0,119.892,2025-10-05 15:00:00
86.0,113.89839,2025-10-05 16:00:00
202.0,261.07895,2025-10-05 16:00:00
59.75,97.26248,2025-10-05 16:00:00
58.0,122.54044,2025-10-05 16:00:00
132.0,141.70543,2025-10-05 16:00:00
107.0,140.89119,2025-10-05 17:00:00
149.0,252.0603,2025-10-05 17:00:00
144.0,169.42345,2025-10-05 17:00:00
76.0,127.08536,2025-10-05 17:00:00
60.75,102.9791,2025-10-05 17:00:00
184.0,263.22906,2025-10-05 18:00:00
103.0,148.762,2025-10-05 18:00:00
64.5,114.08266,2025-10-05 18:00:00
193.0,178.56918,2025-10-05 18:00:00
84.0,178.98463,2025-10-05 18:00:00
125.0,316.66406,2025-10-05 19:00:00
67.5,130.83983,2025-10-05 19:00:00
178.0,238.70276,2025-10-05 19:00:00
117.0,154.92253,2025-10-05 19:00:00
101.0,191.08978,2025-10-05 19:00:00
90.25,147.77167,2025-10-05 20:00:00
190.0,328.90945,2025-10-05 20:00:00
168.0,218.00551,2025-10-05 20:00:00
174.0,332.67886,2025-10-05 20:00:00
132.0,227.54271,2025-10-05 20:00:00
102.25,159.44783,2025-10-05 21:00:00
215.0,366.475,2025-10-05 21:00:00
132.0,212.00616,2025-10-05 21:00:00
174.0,196.8195,2025-10-05 21:00:00
174.0,426.78912,2025-10-05 21:00:00
111.0,261.18768,2025-10-05 22:00:00
164.0,333.9336,2025-10-05 22:00:00
99.0,213.44449,2025-10-05 22:00:00
108.0,413.7724,2025-10-05 22:00:00
86.0,145.67558,2025-10-05 22:00:00
141.0,223.73892,2025-10-05 23:00:00
75.66666666666667,161.9984,2025-10-05 23:00:00
150.0,288.6687,2025-10-05 23:00:00
65.0,232.8606,2025-10-05 23:00:00
89.0,473.86896,2025-10-05 23:00:00
130.0,524.3495,2025-10-06 00:00:00
144.0,263.6225,2025-10-06 00:00:00
76.0,214.52904,2025-10-06 00:00:00
70.0,163.60294,2025-10-06 00:00:00
125.0,232.45372,2025-10-06 00:00:00
64.25,160.62016,2025-10-06 01:00:00
77.0,222.433,2025-10-06 01:00:00
130.0,406.5329,2025-10-06 01:00:00
114.0,213.97754,2025-10-06 01:00:00
132.0,228.41338,2025-10-06 01:00:00
107.0,185.53171,2025-10-06 02:00:00
77.0,303.51083,2025-10-06 02:00:00
97.0,200.86171,2025-10-06 02:00:00
54.5,145.44429,2025-10-06 02:00:00
81.0,169.13785,2025-10-06 02:00:00
84.0,269.09268,2025-10-06 03:00:00
58.0,181.74599,2025-10-06 03:00:00
105.0,181.47885,2025-10-06 03:00:00
48.5,149.20079,2025-10-06 03:00:00
87.0,158.06897,2025-10-06 03:00:00
81.0,258.04843,2025-10-06 04:00:00
101.0,174.3695,2025-10-06 04:00:00
53.5,129.43785,2025-10-06 04:00:00
103.0,152.31001,2025-10-06 04:00:00
68.0,135.85837,2025-10-06 04:00:00
65.5,140.04005,2025-10-06 05:00:00
152.0,258.24213,2025-10-06 05:00:00
76.0,136.55128,2025-10-06 05:00:00
103.0,150.29332,2025-10-06 05:00:00
103.0,151.21848,2025-10-06 05:00:00
116.0,170.98792,2025-10-06 06:00:00
97.0,158.15158,2025-10-06 06:00:00
72.25,134.70802,2025-10-06 06:00:00
125.0,250.37009,2025-10-06 06:00:00
88.0,149.06227,2025-10-06 06:00:00
94.5,143.04526,2025-10-06 07:00:00
135.0,318.80573,2025-10-06 07:00:00
87.0,161.00087,2025-10-06 07:00:00
217.0,168.94824,2025-10-06 07:00:00
175.0,231.74466,2025-10-06 07:00:00
166.0,185.4914,2025-10-06 08:00:00
123.0,273.58228,2025-10-06 08:00:00
107.0,119.05495,2025-10-06 08:00:00
101.0,180.77927,2025-10-06 08:00:00
212.0,229.15826,2025-10-06 08:00:00
200.0,225.72054,2025-10-06 09:00:00
122.0,183.10886,2025-10-06 09:00:00
141.0,198.82225,2025-10-06 09:00:00
134.0,274.92828,2025-10-06 09:00:00
100.25,122.449455,2025-10-06 09:00:00
147.0,285.6561,2025-10-06 10:00:00
110.0,157.45216,2025-10-06 10:00:00
129.0,178.46454,2025-10-06 10:00:00
85.75,119.01794,2025-10-06 10:00:00
149.0,208.55878,2025-10-06 10:00:00
156.0,218.33215,2025-10-06 11:00:00
101.0,145.89096,2025-10-06 11:00:00
122.0,285.82394,2025-10-06 11:00:00
90.5,111.83949,2025-10-06 11:00:00
119.0,160.09267,2025-10-06 11:00:00
111.0,174.78651,2025-10-06 12:00:00
74.25,115.27758,2025-10-06 12:00:00
133.0,188.61555,2025-10-06 12:00:00
95.0,146.28995,2025-10-06 12:00:00
114.0,299.26395,2025-10-06 12:00:00
102.0,143.32489,2025-10-06 13:00:00
146.0,198.13255,2025-10-06 13:00:00
105.0,271.7637,2025-10-06 13:00:00
68.75,137.70044,2025-10-06 13:00:00
119.0,164.32635,2025-10-06 13:00:00
74.0,151.38431,2025-10-06 14:00:00
72.5,128.45885,2025-10-06 14:00:00
118.0,179.67116,2025-10-06 14:00:00
112.0,268.7182,2025-10-06 14:00:00
92.0,144.28542,2025-10-06 14:00:00
108.0,142.3514,2025-10-06 15:00:00
111.0,271.78232,2025-10-06 15:00:00
127.0,179.31808,2025-10-06 15:00:00
67.25,131.2526,2025-10-06 15:00:00
53.0,143.349,2025-10-06 15:00:00
72.0,146.22691,2025-10-06 16:00:00
69.75,122.932045,2025-10-06 16:00:00
164.0,169.34296,2025-10-06 16:00:00
111.0,279.82437,2025-10-06 16:00:00
106.0,126.246124,2025-10-06 16:00:00
127.0,191.96219,2025-10-06 17:00:00
112.0,140.27484,2025-10-06 17:00:00
121.0,298.55182,2025-10-06 17:00:00
84.25,139.32051,2025-10-06 17:00:00
75.5,126.77663,2025-10-06 17:00:00
113.0,152.37201,2025-10-06 18:00:00
166.0,184.82161,2025-10-06 18:00:00
92.25,144.68959,2025-10-06 18:00:00
138.0,263.37607,2025-10-06 18:00:00
77.75,127.5027,2025-10-06 18:00:00
107.5,172.00916,2025-10-06 19:00:00
95.75,133.97614,2025-10-06 19:00:00
127.0,342.39728,2025-10-06 19:00:00
226.0,207.84712,2025-10-06 19:00:00
157.0,163.48268,2025-10-06 19:00:00
139.75,181.41472,2025-10-06 20:00:00
152.0,374.19226,2025-10-06 20:00:00
141.25,131.47397,2025-10-06 20:00:00
233.0,173.83711,2025-10-06 20:00:00
249.0,236.91853,2025-10-06 20:00:00
295.0,176.72449,2025-10-06 21:00:00
178.25,143.20932,2025-10-06 21:00:00
229.0,336.67395,2025-10-06 21:00:00
187.25,176.6563,2025-10-06 21:00:00
294.0,229.33174,2025-10-06 21:00:00
231.5,181.79974,2025-10-06 22:00:00
268.0,352.21558,2025-10-06 22:00:00
299.0,260.62732,2025-10-06 22:00:00
295.0,177.31815,2025-10-06 22:00:00
170.25,149.67676,2025-10-06 22:00:00
247.25,186.65335,2025-10-06 23:00:00
252.0,193.97235,2025-10-06 23:00:00
276.0,244.22643,2025-10-06 23:00:00
266.0,352.55563,2025-10-06 23:00:00
153.0,156.8344,2025-10-06 23:00:00
245.0,213.38211,2025-10-07 00:00:00
271.0,337.71393,2025-10-07 00:00:00
236.25,167.55615,2025-10-07 00:00:00
147.5,152.59557,2025-10-07 00:00:00
249.0,187.97981,2025-10-07 00:00:00
223.0,212.05081,2025-10-07 01:00:00
305.0,299.47656,2025-10-07 01:00:00
237.0,179.05775,2025-10-07 01:00:00
131.25,148.53218,2025-10-07 01:00:00
220.75,157.30473,2025-10-07 01:00:00
211.75,151.25615,2025-10-07 02:00:00
194.0,212.16849,2025-10-07 02:00:00
111.0,130.32527,2025-10-07 02:00:00
194.0,182.9451,2025-10-07 02:00:00
222.0,334.94254,2025-10-07 02:00:00
193.5,154.17682,2025-10-07 03:00:00
158.0,169.44354,2025-10-07 03:00:00
201.0,201.44696,2025-10-07 03:00:00
103.25,141.53282,2025-10-07 03:00:00
189.0,400.58972,2025-10-07 03:00:00
185.0,175.13365,2025-10-07 04:00:00
153.0,197.70688,2025-10-07 04:00:00
155.75,150.78723,2025-10-07 04:00:00
108.0,121.11703,2025-10-07 04:00:00
230.0,338.10083,2025-10-07 04:00:00
133.75,157.78969,2025-10-07 05:00:00
205.0,192.0536,2025-10-07 05:00:00
240.0,305.925,2025-10-07 05:00:00
224.0,181.67253,2025-10-07 05:00:00
137.25,113.03093,2025-10-07 05:00:00
156.75,139.33356,2025-10-07 06:00:00
140.5,147.41507,2025-10-07 06:00:00
202.0,187.26595,2025-10-07 06:00:00
246.0,191.26614,2025-10-07 06:00:00
210.0,296.97372,2025-10-07 06:00:00
224.0,197.45955,2025-10-07 07:00:00
274.0,209.4212,2025-10-07 07:00:00
158.25,158.80087,2025-10-07 07:00:00
235.0,310.7702,2025-10-07 07:00:00
169.0,121.90751,2025-10-07 07:00:00
229.0,187.13667,2025-10-07 08:00:00
271.0,316.98117,2025-10-07 08:00:00
164.75,114.05442,2025-10-07 08:00:00
300.0,226.03922,2025-10-07 08:00:00
182.5,174.70677,2025-10-07 08:00:00
324.0,224.52652,2025-10-07 09:00:00
232.0,191.19243,2025-10-07 09:00:00
149.25,125.222885,2025-10-07 09:00:00
201.0,177.597,2025-10-07 09:00:00
266.0,354.76624,2025-10-07 09:00:00
204.0,197.20488,2025-10-07 10:00:00
196.75,180.0569,2025-10-07 10:00:00
145.0,114.40502,2025-10-07 10:00:00
207.0,326.58646,2025-10-07 10:00:00
215.0,219.25446,2025-10-07 10:00:00
173.0,109.38491,2025-10-07 11:00:00
226.0,241.71953,2025-10-07 11:00:00
198.5,176.71292,2025-10-07 11:00:00
191.0,276.39493,2025-10-07 11:00:00
206.0,179.7472,2025-10-07 11:00:00
173.0,117.2052,2025-10-07 12:00:00
216.0,160.57028,2025-10-07 12:00:00
229.0,201.92448,2025-10-07 12:00:00
197.0,278.8881,2025-10-07 12:00:00
199.0,169.25854,2025-10-07 12:00:00
38.0,110.824326,2025-10-07 13:00:00
178.0,155.31245,2025-10-07 13:00:00
226.0,281.71796,2025-10-07 13:00:00
204.0,181.211,2025-10-07 13:00:00
210.0,186.58012,2025-10-07 13:00:00
205.0,183.98582,2025-10-07 14:00:00
177.0,168.87682,2025-10-07 14:00:00
189.0,188.45413,2025-10-07 14:00:00
244.0,272.0316,2025-10-07 14:00:00
103.25,107.01234,2025-10-07 14:00:00
103.5,102.69544,2025-10-07 15:00:00
216.0,150.00215,2025-10-07 15:00:00
186.0,181.20277,2025-10-07 15:00:00
195.0,358.68375,2025-10-07 15:00:00
167.0,150.83934,2025-10-07 15:00:00
100.33333333333331,107.44926,2025-10-07 16:00:00
177.0,183.31067,2025-10-07 16:00:00
227.0,370.10416,2025-10-07 16:00:00
180.0,147.7228,2025-10-07 16:00:00
171.0,159.86032,2025-10-07 16:00:00
175.0,172.55515,2025-10-07 17:00:00
244.0,394.76733,2025-10-07 17:00:00
100.33333333333331,105.69915,2025-10-07 17:00:00
183.0,164.44695,2025-10-07 17:00:00
171.0,200.16107,2025-10-07 17:00:00
36.333333333333336,132.42708,2025-10-07 18:00:00
219.0,401.5398,2025-10-07 18:00:00
164.0,206.01256,2025-10-07 18:00:00
193.0,182.3275,2025-10-07 18:00:00
184.0,220.23114,2025-10-07 18:00:00
109.5,132.31168,2025-10-07 19:00:00
205.0,259.36832,2025-10-07 19:00:00
196.0,187.05943,2025-10-07 19:00:00
180.0,199.777,2025-10-07 19:00:00
262.0,361.22415,2025-10-07 19:00:00
125.0,157.177,2025-10-07 20:00:00
230.0,224.16057,2025-10-07 20:00:00
240.0,187.51573,2025-10-07 20:00:00
326.0,282.98282,2025-10-07 20:00:00
376.0,370.91373,2025-10-07 20:00:00
388.0,364.51273,2025-10-07 21:00:00
400.0,288.2695,2025-10-07 21:00:00
139.25,184.92273,2025-10-07 21:00:00
260.0,190.81761,2025-10-07 21:00:00
342.0,209.82689,2025-10-07 21:00:00
282.0,212.5654,2025-10-07 22:00:00
287.0,207.89688,2025-10-07 22:00:00
149.5,139.33043,2025-10-07 22:00:00
305.0,264.575,2025-10-07 22:00:00
469.0,416.72186,2025-10-07 22:00:00
362.0,262.89844,2025-10-07 23:00:00
317.0,190.85164,2025-10-07 23:00:00
268.0,205.60553,2025-10-07 23:00:00
138.66666666666666,157.21066,2025-10-07 23:00:00
492.0,442.37335,2025-10-07 23:00:00
321.0,249.3987,2025-10-08 00:00:00
311.0,198.88406,2025-10-08 00:00:00
517.0,382.86462,2025-10-08 00:00:00
147.25,141.78416,2025-10-08 00:00:00
246.0,204.24236,2025-10-08 00:00:00
297.0,173.1204,2025-10-08 01:00:00
150.25,143.97058,2025-10-08 01:00:00
367.0,355.84152,2025-10-08 01:00:00
324.0,174.65047,2025-10-08 01:00:00
285.0,231.69876,2025-10-08 01:00:00
278.0,231.78647,2025-10-08 02:00:00
247.0,173.60217,2025-10-08 02:00:00
313.0,403.99115,2025-10-08 02:00:00
272.0,175.43024,2025-10-08 02:00:00
146.0,131.10838,2025-10-08 02:00:00
142.75,124.76402,2025-10-08 03:00:00
221.0,157.7989,2025-10-08 03:00:00
345.0,383.10306,2025-10-08 03:00:00
349.0,191.4293,2025-10-08 03:00:00
254.0,185.20178,2025-10-08 03:00:00
321.0,351.2767,2025-10-08 04:00:00
256.0,182.08629,2025-10-08 04:00:00
133.0,125.88466,2025-10-08 04:00:00
253.0,154.96477,2025-10-08 04:00:00
252.0,155.92607,2025-10-08 04:00:00
272.0,194.22882,2025-10-08 05:00:00
249.0,185.30286,2025-10-08 05:00:00
123.25,143.11537,2025-10-08 05:00:00
321.0,395.46915,2025-10-08 05:00:00
204.0,200.04521,2025-10-08 05:00:00
247.0,186.53148,2025-10-08 06:00:00
112.75,127.07824,2025-10-08 06:00:00
287.0,317.06296,2025-10-08 06:00:00
226.0,195.63383,2025-10-08 06:00:00
244.0,221.60947,2025-10-08 06:00:00
287.0,346.70657,2025-10-08 07:00:00
217.0,160.264,2025-10-08 07:00:00
112.25,114.25234,2025-10-08 07:00:00
304.0,222.29407,2025-10-08 07:00:00
217.0,161.72173,2025-10-08 07:00:00
322.0,359.8922,2025-10-08 08:00:00
221.0,167.75323,2025-10-08 08:00:00
293.0,196.11589,2025-10-08 08:00:00
122.75,114.64206,2025-10-08 08:00:00
202.0,166.82211,2025-10-08 08:00:00
316.0,213.00093,2025-10-08 09:00:00
137.25,109.23628,2025-10-08 09:00:00
220.0,167.50212,2025-10-08 09:00:00
221.0,188.2744,2025-10-08 09:00:00
324.0,344.75525,2025-10-08 09:00:00
263.0,206.33368,2025-10-08 10:00:00
241.0,160.16327,2025-10-08 10:00:00
199.0,163.96156,2025-10-08 10:00:00
117.5,111.08871,2025-10-08 10:00:00
227.0,314.0025,2025-10-08 10:00:00
228.0,155.25674,2025-10-08 11:00:00
101.0,112.17577,2025-10-08 11:00:00
222.0,203.0522,2025-10-08 11:00:00
76.0,150.04576,2025-10-08 11:00:00
202.0,296.2128,2025-10-08 11:00:00
190.0,180.75822,2025-10-08 12:00:00
227.0,300.4377,2025-10-08 12:00:00
97.5,100.072205,2025-10-08 12:00:00
128.0,128.43549,2025-10-08 12:00:00
190.0,143.77725,2025-10-08 12:00:00
183.0,141.6386,2025-10-08 13:00:00
141.0,137.87897,2025-10-08 13:00:00
217.0,272.5831,2025-10-08 13:00:00
183.0,166.34586,2025-10-08 13:00:00
103.5,105.12962,2025-10-08 13:00:00
157.0,139.96175,2025-10-08 14:00:00
85.75,107.28601,2025-10-08 14:00:00
130.0,127.86319,2025-10-08 14:00:00
182.0,148.6913,2025-10-08 14:00:00
219.0,266.55573,2025-10-08 14:00:00
157.0,155.8651,2025-10-08 15:00:00
122.0,128.22151,2025-10-08 15:00:00
211.0,253.38043,2025-10-08 15:00:00
81.66666666666667,106.858894,2025-10-08 15:00:00
151.0,153.82945,2025-10-08 15:00:00
178.0,140.26796,2025-10-08 16:00:00
83.25,110.75472,2025-10-08 16:00:00
117.0,160.82628,2025-10-08 16:00:00
158.0,155.6988,2025-10-08 16:00:00
235.0,267.5407,2025-10-08 16:00:00
79.0,115.58349,2025-10-08 17:00:00
151.0,171.95477,2025-10-08 17:00:00
117.0,177.67416,2025-10-08 17:00:00
201.0,160.65472,2025-10-08 17:00:00
302.0,399.84714,2025-10-08 17:00:00
299.0,369.87097,2025-10-08 18:00:00
204.0,177.95183,2025-10-08 18:00:00
174.0,157.08961,2025-10-08 18:00:00
122.0,167.80466,2025-10-08 18:00:00
83.0,114.62653,2025-10-08 18:00:00
145.0,213.49544,2025-10-08 19:00:00
256.0,235.16833,2025-10-08 19:00:00
477.0,360.47403,2025-10-08 19:00:00
195.0,176.38742,2025-10-08 19:00:00
94.5,122.867676,2025-10-08 19:00:00
266.0,194.96642,2025-10-08 20:00:00
600.0,306.14514,2025-10-08 20:00:00
193.0,227.75056,2025-10-08 20:00:00
318.0,242.76883,2025-10-08 20:00:00
109.5,115.341774,2025-10-08 20:00:00
283.0,235.65973,2025-10-08 21:00:00
679.0,364.5658,2025-10-08 21:00:00
116.0,137.7807,2025-10-08 21:00:00
320.0,193.97426,2025-10-08 21:00:00
226.0,239.88127,2025-10-08 21:00:00
132.0,119.17527,2025-10-08 22:00:00
597.0,346.61243,2025-10-08 22:00:00
215.0,238.78307,2025-10-08 22:00:00
271.0,210.94809,2025-10-08 22:00:00
295.0,201.4025,2025-10-08 22:00:00
460.0,271.8423,2025-10-08 23:00:00
198.0,219.23602,2025-10-08 23:00:00
137.0,134.31769,2025-10-08 23:00:00
257.0,193.60327,2025-10-08 23:00:00
245.0,246.6879,2025-10-08 23:00:00
346.0,330.6543,2025-10-09 00:00:00
188.0,218.33842,2025-10-09 00:00:00
199.0,205.21497,2025-10-09 00:00:00
226.0,188.45958,2025-10-09 00:00:00
99.75,137.67973,2025-10-09 00:00:00
216.0,336.73654,2025-10-09 01:00:00
184.0,205.8238,2025-10-09 01:00:00
501.0,204.96667,2025-10-09 01:00:00
94.5,145.98447,2025-10-09 01:00:00
167.0,186.4085,2025-10-09 01:00:00
200.0,187.16817,2025-10-09 02:00:00
156.0,171.55727,2025-10-09 02:00:00
233.0,306.35986,2025-10-09 02:00:00
161.0,188.8999,2025-10-09 02:00:00
97.75,130.3454,2025-10-09 02:00:00
172.0,173.00719,2025-10-09 03:00:00
194.0,292.47864,2025-10-09 03:00:00
100.5,142.21785,2025-10-09 03:00:00
147.0,180.9779,2025-10-09 03:00:00
136.0,168.22533,2025-10-09 03:00:00
97.25,127.73422,2025-10-09 04:00:00
164.0,173.45963,2025-10-09 04:00:00
201.0,283.92447,2025-10-09 04:00:00
184.0,189.48804,2025-10-09 04:00:00
142.0,151.25034,2025-10-09 04:00:00
177.0,190.33206,2025-10-09 05:00:00
167.0,194.42227,2025-10-09 05:00:00
207.0,312.99622,2025-10-09 05:00:00
93.75,135.10085,2025-10-09 05:00:00
149.0,157.82605,2025-10-09 05:00:00
156.0,201.1433,2025-10-09 06:00:00
101.25,145.49919,2025-10-09 06:00:00
206.0,216.48772,2025-10-09 06:00:00
355.0,309.1854,2025-10-09 06:00:00
207.0,243.04839,2025-10-09 06:00:00
407.0,325.74347,2025-10-09 07:00:00
182.0,187.88713,2025-10-09 07:00:00
158.0,167.2347,2025-10-09 07:00:00
108.5,155.59193,2025-10-09 07:00:00
233.0,255.89609,2025-10-09 07:00:00
370.0,269.99826,2025-10-09 08:00:00
183.0,164.42468,2025-10-09 08:00:00
201.0,196.66278,2025-10-09 08:00:00
246.0,218.03877,2025-10-09 08:00:00
122.25,137.78583,2025-10-09 08:00:00
219.0,217.55801,2025-10-09 09:00:00
215.0,243.64839,2025-10-09 09:00:00
194.0,172.76027,2025-10-09 09:00:00
334.0,295.39923,2025-10-09 09:00:00
123.25,136.45314,2025-10-09 09:00:00
125.75,115.27653,2025-10-09 10:00:00
220.0,165.11356,2025-10-09 10:00:00
239.0,219.97787,2025-10-09 10:00:00
239.0,146.2402,2025-10-09 10:00:00
321.0,288.8505,2025-10-09 10:00:00
124.25,127.39167,2025-10-09 11:00:00
312.0,226.77011,2025-10-09 11:00:00
250.0,152.17055,2025-10-09 11:00:00
252.0,203.39322,2025-10-09 11:00:00
235.0,141.4744,2025-10-09 11:00:00
215.0,155.71124,2025-10-09 12:00:00
216.0,141.95389,2025-10-09 12:00:00
197.0,149.12729,2025-10-09 12:00:00
97.5,113.031815,2025-10-09 12:00:00
382.0,239.12943,2025-10-09 12:00:00
182.0,147.39867,2025-10-09 13:00:00
191.0,136.94566,2025-10-09 13:00:00
187.0,126.883514,2025-10-09 13:00:00
306.0,229.82161,2025-10-09 13:00:00
81.5,94.59444,2025-10-09 13:00:00
180.0,128.11285,2025-10-09 14:00:00
73.75,111.304085,2025-10-09 14:00:00
156.0,142.28105,2025-10-09 14:00:00
159.0,136.57664,2025-10-09 14:00:00
265.0,237.54433,2025-10-09 14:00:00
64.0,107.54215,2025-10-09 15:00:00
233.0,232.51646,2025-10-09 15:00:00
143.0,131.78325,2025-10-09 15:00:00
162.0,136.60811,2025-10-09 15:00:00
138.0,122.8585,2025-10-09 15:00:00
232.0,259.7737,2025-10-09 16:00:00
125.0,118.35527,2025-10-09 16:00:00
156.0,142.35712,2025-10-09 16:00:00
144.0,129.4506,2025-10-09 16:00:00
63.0,110.334274,2025-10-09 16:00:00
259.0,354.3152,2025-10-09 17:00:00
167.0,170.71307,2025-10-09 17:00:00
128.0,149.75597,2025-10-09 17:00:00
69.25,134.83661,2025-10-09 17:00:00
104.0,146.64972,2025-10-09 17:00:00
480.0,358.81802,2025-10-09 18:00:00
179.0,183.79597,2025-10-09 18:00:00
171.0,151.8684,2025-10-09 18:00:00
138.0,148.09702,2025-10-09 18:00:00
80.5,134.74524,2025-10-09 18:00:00
90.75,135.68593,2025-10-09 19:00:00
194.0,169.9129,2025-10-09 19:00:00
248.0,259.31766,2025-10-09 19:00:00
445.0,367.0729,2025-10-09 19:00:00
204.0,177.98819,2025-10-09 19:00:00
592.0,366.5303,2025-10-09 20:00:00
322.0,349.31995,2025-10-09 20:00:00
111.0,145.07533,2025-10-09 20:00:00
237.0,220.78716,2025-10-09 20:00:00
215.0,197.0466,2025-10-09 20:00:00
237.0,260.9945,2025-10-09 21:00:00
277.0,230.27243,2025-10-09 21:00:00
130.0,202.05475,2025-10-09 21:00:00
798.0,378.98865,2025-10-09 21:00:00
379.0,373.50696,2025-10-09 21:00:00
298.0,236.36462,2025-10-09 22:00:00
388.0,336.88684,2025-10-09 22:00:00
217.0,239.57706,2025-10-09 22:00:00
849.0,401.56885,2025-10-09 22:00:00
151.75,206.49336,2025-10-09 22:00:00
222.0,235.58017,2025-10-09 23:00:00
251.0,227.887,2025-10-09 23:00:00
317.0,304.87183,2025-10-09 23:00:00
533.0,442.7051,2025-10-09 23:00:00
150.66666666666666,208.80795,2025-10-09 23:00:00
220.0,276.0215,2025-10-10 00:00:00
224.0,300.77405,2025-10-10 00:00:00
114.25,246.34047,2025-10-10 00:00:00
348.0,303.9817,2025-10-10 00:00:00
423.0,536.5699,2025-10-10 00:00:00
211.0,287.26712,2025-10-10 01:00:00
345.0,534.69037,2025-10-10 01:00:00
115.25,243.18762,2025-10-10 01:00:00
260.0,273.6492,2025-10-10 01:00:00
198.0,276.39328,2025-10-10 01:00:00
266.0,259.1998,2025-10-10 02:00:00
114.5,224.19104,2025-10-10 02:00:00
183.0,249.21184,2025-10-10 02:00:00
169.0,256.4362,2025-10-10 02:00:00
240.0,468.48392,2025-10-10 02:00:00
147.0,219.03804,2025-10-10 03:00:00
158.0,243.48715,2025-10-10 03:00:00
189.0,227.6868,2025-10-10 03:00:00
120.75,222.31113,2025-10-10 03:00:00
190.0,421.06216,2025-10-10 03:00:00
309.0,424.61667,2025-10-10 04:00:00
179.0,231.82878,2025-10-10 04:00:00
147.5,212.77547,2025-10-10 04:00:00
152.0,230.8153,2025-10-10 04:00:00
132.0,197.73434,2025-10-10 04:00:00
116.0,226.47688,2025-10-10 05:00:00
670.0,451.20004,2025-10-10 05:00:00
149.0,225.37471,2025-10-10 05:00:00
200.0,214.20174,2025-10-10 05:00:00
165.0,200.64853,2025-10-10 05:00:00
565.0,417.28323,2025-10-10 06:00:00
184.0,205.2863,2025-10-10 06:00:00
113.75,260.4164,2025-10-10 06:00:00
221.0,242.83345,2025-10-10 06:00:00
276.0,239.88654,2025-10-10 06:00:00
570.0,439.10156,2025-10-10 07:00:00
241.0,250.85072,2025-10-10 07:00:00
136.75,257.31122,2025-10-10 07:00:00
218.0,279.4841,2025-10-10 07:00:00
200.0,224.95087,2025-10-10 07:00:00
173.75,241.17468,2025-10-10 08:00:00
246.0,248.72638,2025-10-10 08:00:00
269.0,290.3598,2025-10-10 08:00:00
786.0,421.08313,2025-10-10 08:00:00
272.0,335.1954,2025-10-10 08:00:00
528.0,485.05228,2025-10-10 09:00:00
238.0,245.51642,2025-10-10 09:00:00
448.0,340.065,2025-10-10 09:00:00
183.0,224.08781,2025-10-10 09:00:00
318.0,272.03534,2025-10-10 09:00:00
444.0,371.55182,2025-10-10 10:00:00
154.75,180.37666,2025-10-10 10:00:00
238.0,239.52159,2025-10-10 10:00:00
246.0,231.29372,2025-10-10 10:00:00
356.0,292.94952,2025-10-10 10:00:00
235.0,226.32309,2025-10-10 11:00:00
233.0,266.08148,2025-10-10 11:00:00
226.0,228.79262,2025-10-10 11:00:00
250.0,304.27823,2025-10-10 11:00:00
128.5,172.3556,2025-10-10 11:00:00
102.0,177.32683,2025-10-10 12:00:00
197.0,215.74748,2025-10-10 12:00:00
298.0,279.6304,2025-10-10 12:00:00
238.0,237.69186,2025-10-10 12:00:00
230.0,217.26955,2025-10-10 12:00:00
243.0,223.12965,2025-10-10 13:00:00
371.0,310.57086,2025-10-10 13:00:00
171.0,204.95937,2025-10-10 13:00:00
178.0,219.87543,2025-10-10 13:00:00
87.75,139.01337,2025-10-10 13:00:00
156.0,202.95564,2025-10-10 14:00:00
158.0,175.46095,2025-10-10 14:00:00
81.5,135.11469,2025-10-10 14:00:00
182.0,205.47818,2025-10-10 14:00:00
263.0,292.2337,2025-10-10 14:00:00
189.0,217.04346,2025-10-10 15:00:00
145.0,199.90604,2025-10-10 15:00:00
218.0,270.5161,2025-10-10 15:00:00
84.75,116.64213,2025-10-10 15:00:00
141.0,172.18869,2025-10-10 15:00:00
136.0,185.0971,2025-10-10 16:00:00
154.0,185.15286,2025-10-10 16:00:00
179.0,220.48636,2025-10-10 16:00:00
182.0,286.7429,2025-10-10 16:00:00
90.5,130.51848,2025-10-10 16:00:00
184.0,225.5647,2025-10-10 17:00:00
182.0,382.5519,2025-10-10 17:00:00
157.0,191.52266,2025-10-10 17:00:00
89.0,152.63634,2025-10-10 17:00:00
139.0,174.63374,2025-10-10 17:00:00
224.0,377.31177,2025-10-10 18:00:00
222.0,226.16739,2025-10-10 18:00:00
111.25,149.9009,2025-10-10 18:00:00
190.0,185.99298,2025-10-10 18:00:00
170.0,172.33151,2025-10-10 18:00:00
221.0,244.95587,2025-10-10 19:00:00
133.75,176.31813,2025-10-10 19:00:00
289.0,339.87357,2025-10-10 19:00:00
489.0,399.36984,2025-10-10 19:00:00
211.0,208.66182,2025-10-10 19:00:00
277.0,305.50742,2025-10-10 20:00:00
610.0,435.41437,2025-10-10 20:00:00
219.0,309.53073,2025-10-10 20:00:00
153.75,200.77055,2025-10-10 20:00:00
627.0,455.93637,2025-10-10 20:00:00
731.0,436.83603,2025-10-10 21:00:00
242.0,353.12384,2025-10-10 21:00:00
306.0,321.65448,2025-10-10 21:00:00
669.0,471.62747,2025-10-10 21:00:00
166.5,223.42801,2025-10-10 21:00:00
172.25,236.00166,2025-10-10 22:00:00
238.0,367.6442,2025-10-10 22:00:00
539.0,364.70425,2025-10-10 22:00:00
676.0,469.17776,2025-10-10 22:00:00
298.0,328.12543,2025-10-10 22:00:00
677.0,500.27432,2025-10-10 23:00:00
355.0,366.872,2025-10-10 23:00:00
416.0,339.77036,2025-10-10 23:00:00
226.0,344.06088,2025-10-10 23:00:00
183.66666666666663,231.39197,2025-10-10 23:00:00
378.0,343.7718,2025-10-11 00:00:00
203.0,311.98026,2025-10-11 00:00:00
188.75,256.7204,2025-10-11 00:00:00
346.0,334.334,2025-10-11 00:00:00
718.0,552.03125,2025-10-11 00:00:00
657.0,518.7473,2025-10-11 01:00:00
405.0,330.2425,2025-10-11 01:00:00
178.75,237.36497,2025-10-11 01:00:00
326.0,304.30716,2025-10-11 01:00:00
181.0,284.19214,2025-10-11 01:00:00
542.0,503.6266,2025-10-11 02:00:00
254.0,280.78735,2025-10-11 02:00:00
171.0,281.26837,2025-10-11 02:00:00
266.0,308.53345,2025-10-11 02:00:00
169.25,218.48286,2025-10-11 02:00:00
233.0,286.29187,2025-10-11 03:00:00
188.0,268.0496,2025-10-11 03:00:00
532.0,506.68427,2025-10-11 03:00:00
151.75,213.78214,2025-10-11 03:00:00
193.0,289.35458,2025-10-11 03:00:00
440.0,460.02234,2025-10-11 04:00:00
122.25,210.35558,2025-10-11 04:00:00
180.0,248.62234,2025-10-11 04:00:00
180.0,275.32965,2025-10-11 04:00:00
230.0,270.67017,2025-10-11 04:00:00
172.0,260.0064,2025-10-11 05:00:00
113.75,209.73465,2025-10-11 05:00:00
437.0,442.40234,2025-10-11 05:00:00
235.0,270.0139,2025-10-11 05:00:00
155.0,251.243,2025-10-11 05:00:00
389.0,446.65997,2025-10-11 06:00:00
186.0,275.93967,2025-10-11 06:00:00
246.0,271.4557,2025-10-11 06:00:00
138.0,254.02457,2025-10-11 06:00:00
146.5,191.68057,2025-10-11 06:00:00
181.0,276.2103,2025-10-11 07:00:00
355.0,306.984,2025-10-11 07:00:00
190.0,288.21027,2025-10-11 07:00:00
161.5,205.00218,2025-10-11 07:00:00
416.0,433.54764,2025-10-11 07:00:00
268.0,313.08414,2025-10-11 08:00:00
237.0,305.84256,2025-10-11 08:00:00
998.0,436.8826,2025-10-11 08:00:00
260.0,351.50223,2025-10-11 08:00:00
154.0,217.61797,2025-10-11 08:00:00
311.0,350.32385,2025-10-11 09:00:00
593.0,480.413,2025-10-11 09:00:00
171.0,186.06638,2025-10-11 09:00:00
523.0,397.73645,2025-10-11 09:00:00
287.0,321.97037,2025-10-11 09:00:00
244.0,324.11447,2025-10-11 10:00:00
316.0,315.5834,2025-10-11 10:00:00
372.0,266.64023,2025-10-11 10:00:00
260.0,293.7475,2025-10-11 10:00:00
150.25,142.19006,2025-10-11 10:00:00
208.0,255.31888,2025-10-11 11:00:00
98.25,142.62813,2025-10-11 11:00:00
305.0,304.81104,2025-10-11 11:00:00
269.0,289.25174,2025-10-11 11:00:00
266.0,271.24976,2025-10-11 11:00:00
84.5,140.13025,2025-10-11 12:00:00
156.0,241.32352,2025-10-11 12:00:00
194.0,224.66728,2025-10-11 12:00:00
156.0,283.4515,2025-10-11 12:00:00
167.0,254.96425,2025-10-11 12:00:00
86.0,118.77872,2025-10-11 13:00:00
179.0,271.62448,2025-10-11 13:00:00
162.0,234.0565,2025-10-11 13:00:00
156.0,212.8447,2025-10-11 13:00:00
193.0,190.06764,2025-10-11 13:00:00
93.0,112.45558,2025-10-11 14:00:00
162.0,200.44064,2025-10-11 14:00:00
156.0,181.11601,2025-10-11 14:00:00
143.0,177.34271,2025-10-11 14:00:00
64.0,275.32928,2025-10-11 14:00:00
182.0,193.05637,2025-10-11 15:00:00
87.75,121.48636,2025-10-11 15:00:00
156.0,177.9945,2025-10-11 15:00:00
156.0,275.11197,2025-10-11 15:00:00
142.0,159.20625,2025-10-11 15:00:00
153.0,161.22548,2025-10-11 16:00:00
191.0,182.13544,2025-10-11 16:00:00
179.0,285.29843,2025-10-11 16:00:00
88.5,114.2214,2025-10-11 16:00:00
179.0,395.4547,2025-10-11 17:00:00
150.0,198.83046,2025-10-11 17:00:00
91.0,149.08347,2025-10-11 17:00:00
210.0,256.4785,2025-10-11 17:00:00
277.0,279.79413,2025-10-11 18:00:00
204.0,203.3296,2025-10-11 18:00:00
109.75,147.6908,2025-10-11 18:00:00
289.0,414.38623,2025-10-11 18:00:00
231.0,236.12657,2025-10-11 19:00:00
555.0,431.03073,2025-10-11 19:00:00
128.5,144.6352,2025-10-11 19:00:00
527.0,370.20734,2025-10-11 19:00:00
320.0,291.87375,2025-10-11 20:00:00
133.75,158.75626,2025-10-11 20:00:00
527.0,464.51855,2025-10-11 20:00:00
616.0,599.4823,2025-10-11 20:00:00
177.25,184.1799,2025-10-11 21:00:00
527.0,496.6233,2025-10-11 21:00:00
319.0,357.7954,2025-10-11 21:00:00
603.0,614.666,2025-10-11 21:00:00
279.0,344.11353,2025-10-11 22:00:00
204.0,195.89722,2025-10-11 22:00:00
751.0,382.41644,2025-10-11 22:00:00
534.0,563.98785,2025-10-11 22:00:00
871.0,510.59534,2025-10-11 23:00:00
248.0,324.50034,2025-10-11 23:00:00
738.0,431.33365,2025-10-11 23:00:00
194.3333333333333,196.64711,2025-10-11 23:00:00
215.0,296.2669,2025-10-12 00:00:00
991.0,480.1816,2025-10-12 00:00:00
176.75,188.25874,2025-10-12 00:00:00
482.0,351.59268,2025-10-12 00:00:00
177.75,190.44695,2025-10-12 01:00:00
315.0,380.10782,2025-10-12 01:00:00
189.0,313.22882,2025-10-12 01:00:00
991.0,459.53925,2025-10-12 01:00:00
333.0,348.62543,2025-10-12 02:00:00
161.0,291.42996,2025-10-12 02:00:00
542.0,474.10712,2025-10-12 02:00:00
195.75,188.28613,2025-10-12 02:00:00
301.0,333.9138,2025-10-12 03:00:00
142.0,262.73212,2025-10-12 03:00:00
181.25,184.73567,2025-10-12 03:00:00
443.0,479.35245,2025-10-12 03:00:00
765.0,465.97067,2025-10-12 04:00:00
296.0,278.54324,2025-10-12 04:00:00
169.25,169.66652,2025-10-12 04:00:00
137.0,240.91403,2025-10-12 04:00:00
137.0,309.34924,2025-10-12 05:00:00
331.0,322.52936,2025-10-12 05:00:00
152.0,176.1136,2025-10-12 05:00:00
669.0,492.78003,2025-10-12 05:00:00
597.0,474.92093,2025-10-12 06:00:00
384.0,315.40506,2025-10-12 06:00:00
137.0,279.30945,2025-10-12 06:00:00
139.5,187.0586,2025-10-12 06:00:00
572.0,345.70343,2025-10-12 07:00:00
137.0,244.39754,2025-10-12 07:00:00
610.0,500.83374,2025-10-12 07:00:00
172.75,191.88191,2025-10-12 07:00:00
611.0,391.33417,2025-10-12 08:00:00
231.5,209.91556,2025-10-12 08:00:00
284.0,556.94525,2025-10-12 08:00:00
137.0,290.73544,2025-10-12 08:00:00
230.0,501.81363,2025-10-12 09:00:00
682.0,418.17746,2025-10-12 09:00:00
277.5,206.08308,2025-10-12 09:00:00
339.0,333.54654,2025-10-12 10:00:00
279.0,156.89403,2025-10-12 10:00:00
583.0,397.98172,2025-10-12 10:00:00
298.0,367.44687,2025-10-12 11:00:00
129.0,270.2898,2025-10-12 11:00:00
148.25,144.29921,2025-10-12 11:00:00
370.0,294.58627,2025-10-12 11:00:00
90.0,246.53754,2025-10-12 12:00:00
254.0,267.6894,2025-10-12 12:00:00
201.0,358.6131,2025-10-12 12:00:00
75.25,132.8692,2025-10-12 12:00:00
155.0,233.00288,2025-10-12 13:00:00
98.5,126.6675,2025-10-12 13:00:00
295.0,308.85437,2025-10-12 13:00:00
72.0,202.76817,2025-10-12 13:00:00
172.0,205.98685,2025-10-12 14:00:00
95.5,122.17305,2025-10-12 14:00:00
77.0,184.9349,2025-10-12 14:00:00
300.0,294.19913,2025-10-12 14:00:00
265.0,295.91553,2025-10-12 15:00:00
169.0,193.15244,2025-10-12 15:00:00
93.25,124.328094,2025-10-12 15:00:00
80.0,170.2256,2025-10-12 15:00:00
87.0,159.78502,2025-10-12 16:00:00
85.25,116.92189,2025-10-12 16:00:00
167.0,191.76306,2025-10-12 16:00:00
199.0,286.15475,2025-10-12 16:00:00
75.0,146.95096,2025-10-12 17:00:00
310.0,342.9937,2025-10-12 17:00:00
167.0,225.38562,2025-10-12 17:00:00
88.5,163.92776,2025-10-12 17:00:00
517.0,261.6714,2025-10-12 18:00:00
315.0,477.37473,2025-10-12 18:00:00
93.0,183.89159,2025-10-12 18:00:00
102.25,156.35477,2025-10-12 18:00:00
127.0,257.2554,2025-10-12 19:00:00
131.0,164.76204,2025-10-12 19:00:00
517.0,350.58664,2025-10-12 19:00:00
421.0,552.1816,2025-10-12 19:00:00
913.0,436.0812,2025-10-12 20:00:00
170.25,157.81705,2025-10-12 20:00:00
204.0,313.0428,2025-10-12 20:00:00
348.0,588.644,2025-10-12 20:00:00
543.0,581.50305,2025-10-12 21:00:00
258.25,357.0608,2025-10-12 21:00:00
886.0,425.64218,2025-10-12 21:00:00
225.25,176.65868,2025-10-12 21:00:00
749.0,392.04425,2025-10-12 22:00:00
230.5,205.24734,2025-10-12 22:00:00
248.75,350.60727,2025-10-12 22:00:00
746.0,585.20685,2025-10-12 22:00:00
207.0,200.00793,2025-10-12 23:00:00
881.0,605.1649,2025-10-12 23:00:00
571.0,368.94553,2025-10-12 23:00:00
242.0,339.3154,2025-10-12 23:00:00
208.25,304.62314,2025-10-13 00:00:00
881.0,615.04175,2025-10-13 00:00:00
797.0,333.59326,2025-10-13 00:00:00
180.5,199.4135,2025-10-13 00:00:00
511.0,367.68268,2025-10-13 01:00:00
185.75,283.93594,2025-10-13 01:00:00
881.0,545.6908,2025-10-13 01:00:00
174.25,198.94771,2025-10-13 01:00:00
322.0,303.0576,2025-10-13 02:00:00
648.0,523.5814,2025-10-13 02:00:00
164.0,266.44724,2025-10-13 02:00:00
182.25,190.7948,2025-10-13 02:00:00
161.0,218.41731,2025-10-13 03:00:00
542.0,448.38858,2025-10-13 03:00:00
188.5,198.53453,2025-10-13 03:00:00
477.0,267.86453,2025-10-13 03:00:00
260.0,265.09317,2025-10-13 04:00:00
172.5,177.1275,2025-10-13 04:00:00
182.0,200.40504,2025-10-13 04:00:00
411.0,466.90744,2025-10-13 04:00:00
182.0,190.72961,2025-10-13 05:00:00
522.0,523.4184,2025-10-13 05:00:00
166.75,207.17113,2025-10-13 05:00:00
259.0,269.53604,2025-10-13 05:00:00
159.5,234.67305,2025-10-13 06:00:00
532.0,608.8984,2025-10-13 06:00:00
342.0,298.89948,2025-10-13 06:00:00
202.0,223.51224,2025-10-13 06:00:00
223.75,251.00214,2025-10-13 07:00:00
737.0,316.41995,2025-10-13 07:00:00
586.0,586.53485,2025-10-13 07:00:00
162.5,207.10461,2025-10-13 07:00:00
691.0,551.06055,2025-10-13 08:00:00
519.0,384.26028,2025-10-13 08:00:00
265.75,295.11884,2025-10-13 08:00:00
181.75,206.79222,2025-10-13 08:00:00
939.0,528.36017,2025-10-13 09:00:00
393.0,421.4973,2025-10-13 09:00:00
213.75,224.40613,2025-10-13 09:00:00
239.75,327.25958,2025-10-13 09:00:00
320.0,367.6248,2025-10-13 10:00:00
200.75,301.67825,2025-10-13 10:00:00
211.25,202.08005,2025-10-13 10:00:00
560.0,455.27173,2025-10-13 10:00:00
178.5,276.4926,2025-10-13 11:00:00
158.5,177.67535,2025-10-13 11:00:00
621.0,355.6973,2025-10-13 11:00:00
326.0,307.7624,2025-10-13 11:00:00
110.75,137.75189,2025-10-13 12:00:00
262.0,232.64256,2025-10-13 12:00:00
250.0,350.124,2025-10-13 12:00:00
144.0,221.59213,2025-10-13 12:00:00
100.75,139.11188,2025-10-13 13:00:00
116.0,217.6064,2025-10-13 13:00:00
211.0,206.67749,2025-10-13 13:00:00
251.0,299.25348,2025-10-13 13:00:00
113.0,190.25594,2025-10-13 14:00:00
153.0,283.04373,2025-10-13 14:00:00
175.0,191.7816,2025-10-13 14:00:00
109.0,119.09968,2025-10-13 14:00:00
116.0,269.3312,2025-10-13 15:00:00
241.0,189.3703,2025-10-13 15:00:00
104.25,156.17267,2025-10-13 15:00:00
104.5,119.45565,2025-10-13 15:00:00
97.25,140.99484,2025-10-13 16:00:00
218.0,169.30412,2025-10-13 16:00:00
213.0,225.4496,2025-10-13 16:00:00
107.0,115.95454,2025-10-13 16:00:00
100.5,166.73738,2025-10-13 17:00:00
185.0,217.8395,2025-10-13 17:00:00
241.0,286.86426,2025-10-13 17:00:00
105.0,151.572,2025-10-13 17:00:00
267.0,273.26767,2025-10-13 18:00:00
125.25,168.35799,2025-10-13 18:00:00
342.0,426.95786,2025-10-13 18:00:00
123.75,201.43129,2025-10-13 18:00:00
153.5,196.21638,2025-10-13 19:00:00
148.25,254.78186,2025-10-13 19:00:00
404.0,513.20807,2025-10-13 19:00:00
652.0,364.7608,2025-10-13 19:00:00
493.0,598.6119,2025-10-13 20:00:00
282.25,347.6603,2025-10-13 20:00:00
167.0,207.5128,2025-10-13 20:00:00
815.0,497.27145,2025-10-13 20:00:00
902.0,631.2548,2025-10-13 21:00:00
583.0,588.0312,2025-10-13 21:00:00
190.75,224.97308,2025-10-13 21:00:00
331.75,364.5555,2025-10-13 21:00:00
582.0,520.3384,2025-10-13 22:00:00
208.75,206.95341,2025-10-13 22:00:00
337.0,359.22464,2025-10-13 22:00:00
615.0,585.41406,2025-10-13 22:00:00
545.0,459.7342,2025-10-13 23:00:00
286.25,362.4523,2025-10-13 23:00:00
199.66666666666663,205.19588,2025-10-13 23:00:00
641.0,544.9669,2025-10-13 23:00:00
196.25,198.28487,2025-10-14 00:00:00
245.0,323.46814,2025-10-14 00:00:00
560.0,384.62976,2025-10-14 00:00:00
567.0,607.5198,2025-10-14 00:00:00
372.0,330.3619,2025-10-14 01:00:00
241.5,308.57364,2025-10-14 01:00:00
191.75,191.02393,2025-10-14 01:00:00
530.0,576.8897,2025-10-14 01:00:00
531.0,515.1675,2025-10-14 02:00:00
190.5,183.29451,2025-10-14 02:00:00
324.0,332.04608,2025-10-14 02:00:00
219.0,268.3505,2025-10-14 02:00:00
362.0,290.59268,2025-10-14 03:00:00
206.5,243.58374,2025-10-14 03:00:00
492.0,474.69522,2025-10-14 03:00:00
193.0,176.7243,2025-10-14 03:00:00
195.5,157.328,2025-10-14 04:00:00
522.0,456.6658,2025-10-14 04:00:00
213.25,203.76584,2025-10-14 04:00:00
339.0,288.28387,2025-10-14 04:00:00
443.0,547.2716,2025-10-14 05:00:00
198.5,179.97537,2025-10-14 05:00:00
282.0,296.4979,2025-10-14 05:00:00
265.5,225.74425,2025-10-14 05:00:00
268.5,232.06108,2025-10-14 06:00:00
193.5,177.88817,2025-10-14 06:00:00
276.0,317.90045,2025-10-14 06:00:00
504.0,517.41406,2025-10-14 06:00:00
274.0,375.43124,2025-10-14 07:00:00
459.0,531.7167,2025-10-14 07:00:00
262.5,239.6102,2025-10-14 07:00:00
179.5,183.3006,2025-10-14 07:00:00
174.25,214.75453,2025-10-14 08:00:00
245.5,315.48825,2025-10-14 08:00:00
588.0,517.21234,2025-10-14 08:00:00
282.0,435.73898,2025-10-14 08:00:00
392.0,508.10135,2025-10-14 09:00:00
214.5,367.99506,2025-10-14 09:00:00
212.75,215.41612,2025-10-14 09:00:00
983.0,450.51758,2025-10-14 09:00:00
267.0,415.75894,2025-10-14 10:00:00
175.25,316.44614,2025-10-14 10:00:00
224.75,177.16356,2025-10-14 10:00:00
277.0,423.0377,2025-10-14 10:00:00
177.0,298.20074,2025-10-14 11:00:00
361.0,346.99008,2025-10-14 11:00:00
274.0,309.7609,2025-10-14 11:00:00
208.5,140.86804,2025-10-14 11:00:00
181.0,232.18477,2025-10-14 12:00:00
172.25,118.20825,2025-10-14 12:00:00
279.0,247.44923,2025-10-14 12:00:00
335.0,287.25806,2025-10-14 12:00:00
246.0,238.77505,2025-10-14 13:00:00
127.25,121.592735,2025-10-14 13:00:00
339.0,309.62595,2025-10-14 13:00:00
155.0,220.62892,2025-10-14 13:00:00
146.0,196.66222,2025-10-14 14:00:00
137.75,130.27475,2025-10-14 14:00:00
266.0,266.11658,2025-10-14 14:00:00
232.0,181.77618,2025-10-14 14:00:00
137.5,123.89225,2025-10-14 15:00:00
357.0,280.59317,2025-10-14 15:00:00
144.0,161.6682,2025-10-14 15:00:00
223.0,190.21355,2025-10-14 15:00:00
148.0,162.48947,2025-10-14 16:00:00
146.75,124.77687,2025-10-14 16:00:00
460.0,269.31696,2025-10-14 16:00:00
194.0,182.28667,2025-10-14 16:00:00
188.0,226.40167,2025-10-14 17:00:00
153.0,170.45886,2025-10-14 17:00:00
263.0,288.99567,2025-10-14 17:00:00
150.5,136.93198,2025-10-14 17:00:00
404.0,394.08337,2025-10-14 18:00:00
160.0,146.83319,2025-10-14 18:00:00
196.0,312.56445,2025-10-14 18:00:00
166.0,226.45398,2025-10-14 18:00:00
199.5,165.7376,2025-10-14 19:00:00
299.0,515.73517,2025-10-14 19:00:00
514.0,516.77765,2025-10-14 19:00:00
207.0,289.6806,2025-10-14 19:00:00
440.0,639.76025,2025-10-14 20:00:00
227.0,161.52693,2025-10-14 20:00:00
175.0,344.62878,2025-10-14 20:00:00
541.0,595.82666,2025-10-14 20:00:00
246.75,216.79277,2025-10-14 21:00:00
451.0,570.15015,2025-10-14 21:00:00
483.0,655.2571,2025-10-14 21:00:00
183.0,370.95807,2025-10-14 21:00:00
510.0,551.5538,2025-10-14 22:00:00
622.0,641.252,2025-10-14 22:00:00
207.0,353.68118,2025-10-14 22:00:00
252.0,207.33585,2025-10-14 22:00:00
215.0,327.5044,2025-10-14 23:00:00
245.66666666666663,220.06647,2025-10-14 23:00:00
735.0,466.5441,2025-10-14 23:00:00
565.0,564.1257,2025-10-14 23:00:00
252.0,228.07068,2025-10-15 00:00:00
220.0,268.92496,2025-10-15 00:00:00
642.0,552.7963,2025-10-15 00:00:00
490.0,404.05368,2025-10-15 00:00:00
233.5,231.21324,2025-10-15 01:00:00
208.0,269.3685,2025-10-15 01:00:00
359.0,360.7315,2025-10-15 01:00:00
690.0,544.9308,2025-10-15 01:00:00
362.0,323.2115,2025-10-15 02:00:00
826.0,480.59857,2025-10-15 02:00:00
197.0,216.59848,2025-10-15 02:00:00
227.25,223.17294,2025-10-15 02:00:00
617.0,468.52112,2025-10-15 03:00:00
239.75,188.14671,2025-10-15 03:00:00
348.0,305.8149,2025-10-15 03:00:00
192.0,212.24644,2025-10-15 03:00:00
328.0,317.9406,2025-10-15 04:00:00
552.0,486.78464,2025-10-15 04:00:00
218.0,191.90613,2025-10-15 04:00:00
204.5,183.744,2025-10-15 04:00:00
477.0,508.64734,2025-10-15 05:00:00
174.25,184.65112,2025-10-15 05:00:00
346.0,340.20932,2025-10-15 05:00:00
225.0,164.9564,2025-10-15 05:00:00
328.0,590.3195,2025-10-15 06:00:00
178.0,168.56839,2025-10-15 06:00:00
411.0,394.8269,2025-10-15 06:00:00
208.0,189.16907,2025-10-15 06:00:00
182.25,210.82689,2025-10-15 07:00:00
222.0,229.10298,2025-10-15 07:00:00
393.0,554.2378,2025-10-15 07:00:00
273.0,503.25064,2025-10-15 07:00:00
356.0,514.4013,2025-10-15 08:00:00
270.0,307.46872,2025-10-15 08:00:00
437.0,529.7243,2025-10-15 08:00:00
199.25,211.92958,2025-10-15 08:00:00
702.0,629.62683,2025-10-15 09:00:00
244.25,236.75136,2025-10-15 09:00:00
843.0,380.5793,2025-10-15 09:00:00
488.0,354.4092,2025-10-15 10:00:00
360.0,477.3057,2025-10-15 10:00:00
252.5,220.21252,2025-10-15 10:00:00
367.0,342.20102,2025-10-15 11:00:00
221.0,170.22789,2025-10-15 11:00:00
486.0,358.78494,2025-10-15 11:00:00
276.0,195.41025,2025-10-15 11:00:00
245.0,150.868,2025-10-15 12:00:00
394.0,322.72934,2025-10-15 12:00:00
299.0,301.11328,2025-10-15 12:00:00
178.25,123.06117,2025-10-15 12:00:00
269.0,264.7215,2025-10-15 13:00:00
203.0,156.13718,2025-10-15 13:00:00
132.25,91.32817,2025-10-15 13:00:00
312.0,272.19382,2025-10-15 13:00:00
144.25,143.15515,2025-10-15 14:00:00
334.0,300.2458,2025-10-15 14:00:00
107.5,109.77999,2025-10-15 14:00:00
313.0,199.09003,2025-10-15 14:00:00
353.0,307.1095,2025-10-15 15:00:00
273.0,198.44724,2025-10-15 15:00:00
204.25,140.46036,2025-10-15 15:00:00
121.5,101.09061,2025-10-15 15:00:00
289.0,175.11374,2025-10-15 16:00:00
206.5,136.77428,2025-10-15 16:00:00
284.0,329.81232,2025-10-15 16:00:00
130.25,127.510704,2025-10-15 16:00:00
229.5,142.936,2025-10-15 17:00:00
213.0,255.60645,2025-10-15 17:00:00
567.0,336.25214,2025-10-15 17:00:00
128.75,131.17899,2025-10-15 17:00:00
168.25,149.78972,2025-10-15 18:00:00
791.0,401.99466,2025-10-15 18:00:00
470.0,433.34418,2025-10-15 18:00:00
286.0,196.01576,2025-10-15 18:00:00
576.0,661.0982,2025-10-15 19:00:00
340.25,242.1802,2025-10-15 19:00:00
737.0,573.12354,2025-10-15 19:00:00
226.25,171.08423,2025-10-15 19:00:00
208.75,194.97273,2025-10-15 20:00:00
343.25,318.89954,2025-10-15 20:00:00
782.0,568.7108,2025-10-15 20:00:00
766.0,752.8249,2025-10-15 20:00:00
340.0,318.58368,2025-10-15 21:00:00
216.5,234.06458,2025-10-15 21:00:00
840.0,616.10803,2025-10-15 21:00:00
766.0,713.7774,2025-10-15 21:00:00
898.0,651.6988,2025-10-15 22:00:00
240.75,278.91696,2025-10-15 22:00:00
754.0,674.7162,2025-10-15 22:00:00
340.0,307.65936,2025-10-15 22:00:00
237.66666666666663,257.30463,2025-10-15 23:00:00
340.0,301.73785,2025-10-15 23:00:00
563.0,617.4703,2025-10-15 23:00:00
481.0,575.0733,2025-10-15 23:00:00
600.0,544.6217,2025-10-16 00:00:00
226.25,247.1062,2025-10-16 00:00:00
500.0,589.49255,2025-10-16 00:00:00
311.0,269.23233,2025-10-16 00:00:00
757.0,586.7558,2025-10-16 01:00:00
222.75,244.18312,2025-10-16 01:00:00
432.0,443.59827,2025-10-16 01:00:00
311.0,260.65012,2025-10-16 01:00:00
343.0,411.44458,2025-10-16 02:00:00
742.0,582.0965,2025-10-16 02:00:00
242.0,235.47412,2025-10-16 02:00:00
207.5,240.50044,2025-10-16 02:00:00
812.0,558.3848,2025-10-16 03:00:00
200.5,229.34692,2025-10-16 03:00:00
227.0,193.96689,2025-10-16 03:00:00
298.0,395.83954,2025-10-16 03:00:00
209.0,216.52002,2025-10-16 04:00:00
272.0,348.56958,2025-10-16 04:00:00
812.0,533.5068,2025-10-16 04:00:00
201.0,224.96379,2025-10-16 04:00:00
887.0,595.3574,2025-10-16 05:00:00
197.0,180.17072,2025-10-16 05:00:00
316.0,374.12552,2025-10-16 05:00:00
204.25,200.31117,2025-10-16 05:00:00
217.0,194.64162,2025-10-16 06:00:00
343.0,405.27573,2025-10-16 06:00:00
637.0,586.7467,2025-10-16 06:00:00
206.5,211.56248,2025-10-16 06:00:00
464.0,530.1648,2025-10-16 07:00:00
200.75,214.45581,2025-10-16 07:00:00
594.0,562.9396,2025-10-16 07:00:00
244.0,213.0765,2025-10-16 07:00:00
225.25,247.894,2025-10-16 08:00:00
972.0,540.6944,2025-10-16 08:00:00
519.0,545.72205,2025-10-16 08:00:00
253.0,274.2451,2025-10-16 08:00:00
277.0,313.03918,2025-10-16 09:00:00
577.0,539.4248,2025-10-16 09:00:00
287.25,272.55457,2025-10-16 09:00:00
417.0,507.9157,2025-10-16 09:00:00
273.0,389.14294,2025-10-16 10:00:00
366.0,247.23282,2025-10-16 10:00:00
870.0,438.6769,2025-10-16 10:00:00
265.0,266.89594,2025-10-16 10:00:00
333.0,408.21146,2025-10-16 11:00:00
271.0,206.96883,2025-10-16 11:00:00
313.0,356.29767,2025-10-16 11:00:00
387.5,172.98993,2025-10-16 11:00:00
227.0,186.87958,2025-10-16 12:00:00
269.0,282.44513,2025-10-16 12:00:00
265.0,338.6981,2025-10-16 12:00:00
319.75,145.59108,2025-10-16 12:00:00
182.25,110.24929,2025-10-16 13:00:00
235.0,248.6055,2025-10-16 13:00:00
361.0,320.9867,2025-10-16 13:00:00
178.0,163.02386,2025-10-16 13:00:00
183.5,107.54805,2025-10-16 14:00:00
246.0,209.91135,2025-10-16 14:00:00
349.0,281.48004,2025-10-16 14:00:00
170.0,134.25609,2025-10-16 14:00:00
284.0,226.51202,2025-10-16 15:00:00
232.0,132.46234,2025-10-16 15:00:00
173.5,110.942986,2025-10-16 15:00:00
273.0,298.414,2025-10-16 15:00:00
159.0,112.6429,2025-10-16 16:00:00
426.0,303.28482,2025-10-16 16:00:00
265.0,132.47533,2025-10-16 16:00:00
256.0,220.56068,2025-10-16 16:00:00
156.25,144.9295,2025-10-16 17:00:00
500.0,330.41226,2025-10-16 17:00:00
392.0,244.58008,2025-10-16 17:00:00
260.0,145.2577,2025-10-16 17:00:00
500.0,393.9965,2025-10-16 18:00:00
208.0,132.39725,2025-10-16 18:00:00
341.0,166.68245,2025-10-16 18:00:00
885.0,466.5232,2025-10-16 18:00:00
885.0,642.4936,2025-10-16 19:00:00
500.0,547.7644,2025-10-16 19:00:00
223.5,168.69186,2025-10-16 19:00:00
355.0,206.41766,2025-10-16 19:00:00
232.0,215.85625,2025-10-16 20:00:00
355.0,299.99823,2025-10-16 20:00:00
885.0,761.3354,2025-10-16 20:00:00
500.0,537.18134,2025-10-16 20:00:00
355.0,342.00436,2025-10-16 21:00:00
299.5,239.92476,2025-10-16 21:00:00
873.0,590.0487,2025-10-16 21:00:00
885.0,687.6247,2025-10-16 21:00:00
687.0,588.8746,2025-10-16 22:00:00
840.0,663.2339,2025-10-16 22:00:00
333.5,242.6072,2025-10-16 22:00:00
355.0,296.99194,2025-10-16 22:00:00
326.6666666666667,221.94069,2025-10-16 23:00:00
781.0,603.64624,2025-10-16 23:00:00
931.0,538.593,2025-10-16 23:00:00
931.0,539.3472,2025-10-17 00:00:00
326.0,227.83897,2025-10-17 00:00:00
764.0,481.7381,2025-10-17 00:00:00
300.75,248.02835,2025-10-17 01:00:00
931.0,583.26733,2025-10-17 01:00:00
610.0,443.70392,2025-10-17 01:00:00
521.0,377.1784,2025-10-17 02:00:00
931.0,550.95526,2025-10-17 02:00:00
287.75,239.1162,2025-10-17 02:00:00
515.0,376.51086,2025-10-17 03:00:00
280.0,249.1028,2025-10-17 03:00:00
874.0,549.6575,2025-10-17 03:00:00
280.0,230.3068,2025-10-17 03:00:00
477.0,348.10422,2025-10-17 04:00:00
666.0,550.10077,2025-10-17 04:00:00
293.5,234.17688,2025-10-17 04:00:00
304.0,267.89618,2025-10-17 04:00:00
381.0,307.9891,2025-10-17 05:00:00
580.0,567.6848,2025-10-17 05:00:00
286.0,258.77414,2025-10-17 05:00:00
314.0,220.0378,2025-10-17 05:00:00
313.0,257.41995,2025-10-17 06:00:00
486.0,577.0085,2025-10-17 06:00:00
332.0,228.88531,2025-10-17 06:00:00
370.0,361.32565,2025-10-17 06:00:00
365.0,414.96918,2025-10-17 07:00:00
324.0,300.38687,2025-10-17 07:00:00
708.0,525.7137,2025-10-17 07:00:00
332.5,220.47604,2025-10-17 07:00:00
414.0,451.2622,2025-10-17 08:00:00
814.0,512.6452,2025-10-17 08:00:00
338.75,236.03444,2025-10-17 08:00:00
330.0,361.5583,2025-10-17 08:00:00
310.0,328.6878,2025-10-17 09:00:00
240.0,468.43362,2025-10-17 09:00:00
814.0,509.52396,2025-10-17 09:00:00
329.75,267.0942,2025-10-17 09:00:00
383.0,398.08478,2025-10-17 10:00:00
320.0,270.67194,2025-10-17 10:00:00
346.5,260.28333,2025-10-17 10:00:00
304.0,413.6111,2025-10-17 10:00:00
289.0,385.29587,2025-10-17 11:00:00
272.0,222.39406,2025-10-17 11:00:00
444.0,367.6772,2025-10-17 11:00:00
308.0,229.92685,2025-10-17 11:00:00
266.0,330.46033,2025-10-17 12:00:00
308.0,196.44807,2025-10-17 12:00:00
278.0,304.14203,2025-10-17 12:00:00
194.5,190.28658,2025-10-17 12:00:00
252.0,173.6538,2025-10-17 13:00:00
348.0,284.6882,2025-10-17 13:00:00
182.25,185.74843,2025-10-17 13:00:00
371.0,346.159,2025-10-17 13:00:00
262.0,244.8882,2025-10-17 14:00:00
240.0,168.88658,2025-10-17 14:00:00
299.0,331.3232,2025-10-17 14:00:00
153.5,170.98457,2025-10-17 14:00:00
223.0,256.50375,2025-10-17 15:00:00
133.0,151.49438,2025-10-17 15:00:00
217.0,320.72412,2025-10-17 15:00:00
220.0,152.62456,2025-10-17 15:00:00
193.0,366.08023,2025-10-17 16:00:00
127.5,160.55453,2025-10-17 16:00:00
247.0,153.45334,2025-10-17 16:00:00
310.0,223.60452,2025-10-17 16:00:00
344.0,251.58594,2025-10-17 17:00:00
143.25,177.27516,2025-10-17 17:00:00
249.0,177.55836,2025-10-17 17:00:00
261.0,339.87634,2025-10-17 17:00:00
945.0,272.818,2025-10-17 18:00:00
299.0,232.57712,2025-10-17 18:00:00
169.25,185.64328,2025-10-17 18:00:00
196.0,415.4703,2025-10-17 18:00:00
945.0,524.18677,2025-10-17 19:00:00
401.0,279.0222,2025-10-17 19:00:00
225.0,206.14297,2025-10-17 19:00:00
354.0,511.63046,2025-10-17 19:00:00
422.0,574.69574,2025-10-17 20:00:00
401.0,313.53168,2025-10-17 20:00:00
616.0,623.62946,2025-10-17 20:00:00
328.5,253.93965,2025-10-17 20:00:00
995.0,341.2253,2025-10-17 21:00:00
616.0,596.4981,2025-10-17 21:00:00
514.0,647.7923,2025-10-17 21:00:00
396.25,272.48285,2025-10-17 21:00:00
586.25,272.98013,2025-10-17 22:00:00
763.0,588.7104,2025-10-17 22:00:00
616.0,572.3716,2025-10-17 22:00:00
995.0,333.67307,2025-10-17 22:00:00
616.0,531.01556,2025-10-17 23:00:00
763.0,597.5492,2025-10-17 23:00:00
746.3333333333334,265.64328,2025-10-17 23:00:00
995.0,342.1398,2025-10-17 23:00:00
763.0,585.7708,2025-10-18 00:00:00
995.0,328.9085,2025-10-18 00:00:00
746.3333333333334,262.61435,2025-10-18 00:00:00
763.0,559.29364,2025-10-18 01:00:00
746.3333333333334,257.64066,2025-10-18 01:00:00
746.3333333333334,251.15222,2025-10-18 02:00:00
592.0,550.84344,2025-10-18 05:00:00
564.0,532.72284,2025-10-18 06:00:00
846.3333333333334,219.0002,2025-10-18 07:00:00
469.0,471.64386,2025-10-18 07:00:00
997.0,347.5866,2025-10-18 07:00:00
799.0,296.8157,2025-10-18 08:00:00
957.0,397.73584,2025-10-18 08:00:00
465.0,414.87747,2025-10-18 08:00:00
604.5,228.392,2025-10-18 08:00:00
352.5,259.24478,2025-10-18 09:00:00
760.0,457.96497,2025-10-18 09:00:00
392.0,454.53128,2025-10-18 09:00:00
478.0,310.7081,2025-10-18 09:00:00
233.5,264.74084,2025-10-18 10:00:00
291.0,416.78543,2025-10-18 10:00:00
306.0,437.509,2025-10-18 10:00:00
351.0,287.61142,2025-10-18 10:00:00
201.75,228.77065,2025-10-18 11:00:00
322.0,346.32974,2025-10-18 11:00:00
293.0,394.03888,2025-10-18 11:00:00
408.0,263.1127,2025-10-18 11:00:00
232.0,238.90532,2025-10-18 12:00:00
227.0,301.4988,2025-10-18 12:00:00
208.0,341.13394,2025-10-18 12:00:00
148.0,192.78143,2025-10-18 12:00:00
184.0,345.2771,2025-10-18 13:00:00
219.0,261.73328,2025-10-18 13:00:00
148.0,170.42015,2025-10-18 13:00:00
187.0,201.99788,2025-10-18 13:00:00
145.0,360.5039,2025-10-18 14:00:00
148.0,149.45166,2025-10-18 14:00:00
171.0,238.65193,2025-10-18 14:00:00
163.0,188.09576,2025-10-18 14:00:00
164.0,216.1336,2025-10-18 15:00:00
42.333333333333336,112.07583,2025-10-18 15:00:00
141.0,187.37202,2025-10-18 15:00:00
116.0,367.96292,2025-10-18 15:00:00
128.0,379.30817,2025-10-18 16:00:00
125.75,117.25117,2025-10-18 16:00:00
189.0,238.0929,2025-10-18 16:00:00
133.0,182.83359,2025-10-18 16:00:00
186.0,311.66016,2025-10-18 17:00:00
208.0,193.0896,2025-10-18 17:00:00
137.0,148.59073,2025-10-18 17:00:00
147.0,237.30731,2025-10-18 17:00:00
246.0,266.27283,2025-10-18 17:00:00
262.0,499.09146,2025-10-18 18:00:00
155.25,197.25551,2025-10-18 18:00:00
211.0,291.00082,2025-10-18 18:00:00
278.0,340.13333,2025-10-18 18:00:00
208.0,237.13232,2025-10-18 18:00:00
310.0,305.5914,2025-10-18 19:00:00
353.0,519.88934,2025-10-18 19:00:00
175.0,218.17902,2025-10-18 19:00:00
273.0,271.01743,2025-10-18 19:00:00
390.0,487.70615,2025-10-18 19:00:00
426.0,317.31372,2025-10-18 20:00:00
643.0,624.59784,2025-10-18 20:00:00
227.0,255.83318,2025-10-18 20:00:00
432.0,299.22498,2025-10-18 20:00:00
585.0,515.8126,2025-10-18 20:00:00
508.0,570.6806,2025-10-18 21:00:00
622.0,545.1194,2025-10-18 21:00:00
426.0,319.97232,2025-10-18 21:00:00
500.0,313.01343,2025-10-18 21:00:00
310.0,281.8683,2025-10-18 21:00:00
281.5,268.2187,2025-10-18 22:00:00
626.0,572.25574,2025-10-18 22:00:00
544.0,572.7595,2025-10-18 22:00:00
426.0,323.31506,2025-10-18 22:00:00
561.0,361.54095,2025-10-18 22:00:00
426.0,333.53262,2025-10-18 23:00:00
476.0,529.5235,2025-10-18 23:00:00
301.0,259.15417,2025-10-18 23:00:00
730.0,561.87286,2025-10-18 23:00:00
714.0,360.6838,2025-10-18 23:00:00
685.0,551.89276,2025-10-19 00:00:00
714.0,362.67447,2025-10-19 00:00:00
323.25,278.98416,2025-10-19 00:00:00
465.0,452.8373,2025-10-19 00:00:00
421.0,319.7948,2025-10-19 00:00:00
421.0,289.4341,2025-10-19 01:00:00
891.0,534.42706,2025-10-19 01:00:00
714.0,340.0929,2025-10-19 01:00:00
450.0,387.79196,2025-10-19 01:00:00
356.5,284.17865,2025-10-19 01:00:00
356.25,271.43185,2025-10-19 02:00:00
891.0,531.10046,2025-10-19 02:00:00
597.0,342.22183,2025-10-19 02:00:00
425.0,363.7715,2025-10-19 02:00:00
353.0,280.54214,2025-10-19 02:00:00
313.5,286.6516,2025-10-19 03:00:00
596.0,556.22217,2025-10-19 03:00:00
364.0,324.23267,2025-10-19 03:00:00
325.0,286.2775,2025-10-19 03:00:00
553.0,329.66193,2025-10-19 03:00:00
448.0,531.4302,2025-10-19 04:00:00
325.0,265.92877,2025-10-19 04:00:00
289.0,320.93195,2025-10-19 04:00:00
442.0,328.06528,2025-10-19 04:00:00
279.0,241.4321,2025-10-19 04:00:00
277.0,323.665,2025-10-19 05:00:00
329.0,270.95792,2025-10-19 05:00:00
261.25,202.78328,2025-10-19 05:00:00
403.0,576.3199,2025-10-19 05:00:00
353.0,366.8318,2025-10-19 05:00:00
290.0,326.20197,2025-10-19 06:00:00
338.0,260.19577,2025-10-19 06:00:00
254.25,242.24005,2025-10-19 06:00:00
280.0,400.9617,2025-10-19 06:00:00
569.0,506.4372,2025-10-19 06:00:00
428.0,400.8289,2025-10-19 07:00:00
294.0,335.4722,2025-10-19 07:00:00
381.0,305.3738,2025-10-19 07:00:00
281.75,282.80862,2025-10-19 07:00:00
497.0,509.02545,2025-10-19 07:00:00
347.0,326.98608,2025-10-19 08:00:00
304.0,392.98114,2025-10-19 08:00:00
291.0,466.45636,2025-10-19 08:00:00
585.0,540.42596,2025-10-19 08:00:00
332.0,291.60898,2025-10-19 08:00:00
370.0,376.61606,2025-10-19 09:00:00
368.0,347.2716,2025-10-19 09:00:00
343.25,304.43576,2025-10-19 09:00:00
497.0,423.20087,2025-10-19 09:00:00
298.0,456.28503,2025-10-19 09:00:00
385.0,360.53992,2025-10-19 10:00:00
566.0,410.72388,2025-10-19 10:00:00
387.25,280.52295,2025-10-19 10:00:00
381.0,392.96365,2025-10-19 10:00:00
417.0,338.2838,2025-10-19 10:00:00
373.25,272.28152,2025-10-19 11:00:00
396.0,320.486,2025-10-19 11:00:00
543.0,394.1539,2025-10-19 11:00:00
395.0,362.3257,2025-10-19 11:00:00
421.0,310.20932,2025-10-19 11:00:00
453.0,364.8852,2025-10-19 12:00:00
392.0,250.36703,2025-10-19 12:00:00
357.0,259.63324,2025-10-19 12:00:00
407.0,318.588,2025-10-19 12:00:00
297.0,235.92334,2025-10-19 12:00:00
313.0,282.67838,2025-10-19 13:00:00
337.0,231.97137,2025-10-19 13:00:00
421.0,359.4479,2025-10-19 13:00:00
309.0,237.08128,2025-10-19 13:00:00
240.0,213.39012,2025-10-19 13:00:00
233.0,209.94075,2025-10-19 14:00:00
362.0,435.54016,2025-10-19 14:00:00
187.25,221.07375,2025-10-19 14:00:00
283.0,279.32175,2025-10-19 14:00:00
263.0,235.60057,2025-10-19 14:00:00
194.0,244.58678,2025-10-19 15:00:00
249.0,246.376,2025-10-19 15:00:00
140.75,188.59836,2025-10-19 15:00:00
210.0,229.30194,2025-10-19 15:00:00
365.0,416.40155,2025-10-19 15:00:00
356.0,395.5136,2025-10-19 16:00:00
221.0,249.12257,2025-10-19 16:00:00
175.0,241.42732,2025-10-19 16:00:00
128.25,188.2406,2025-10-19 16:00:00
178.0,236.82848,2025-10-19 16:00:00
665.0,427.883,2025-10-19 17:00:00
198.0,286.2478,2025-10-19 17:00:00
178.0,240.23349,2025-10-19 17:00:00
133.5,174.91957,2025-10-19 17:00:00
235.0,307.56104,2025-10-19 17:00:00
212.0,557.73395,2025-10-19 18:00:00
183.0,269.4135,2025-10-19 18:00:00
148.25,202.18742,2025-10-19 18:00:00
670.0,500.15335,2025-10-19 18:00:00
225.0,327.54187,2025-10-19 18:00:00
229.0,319.23447,2025-10-19 19:00:00
611.0,518.17487,2025-10-19 19:00:00
161.75,231.81335,2025-10-19 19:00:00
245.0,630.44037,2025-10-19 19:00:00
258.0,399.05167,2025-10-19 19:00:00
169.25,225.78381,2025-10-19 20:00:00
318.0,350.17032,2025-10-19 20:00:00
273.0,551.3378,2025-10-19 20:00:00
279.0,380.93448,2025-10-19 20:00:00
508.0,570.7193,2025-10-19 20:00:00
357.0,364.52484,2025-10-19 21:00:00
351.0,394.68753,2025-10-19 21:00:00
320.0,546.15936,2025-10-19 21:00:00
174.25,244.66606,2025-10-19 21:00:00
471.0,563.7531,2025-10-19 21:00:00
614.0,619.68646,2025-10-19 22:00:00
429.0,409.75378,2025-10-19 22:00:00
200.75,250.30098,2025-10-19 22:00:00
322.0,391.91403,2025-10-19 22:00:00
393.0,527.53876,2025-10-19 22:00:00
403.0,409.79462,2025-10-19 23:00:00
422.0,491.25626,2025-10-19 23:00:00
809.0,592.4539,2025-10-19 23:00:00
208.0,258.33374,2025-10-19 23:00:00
214.0,257.6554,2025-10-20 00:00:00
331.0,428.782,2025-10-20 00:00:00
311.0,410.64935,2025-10-20 00:00:00
649.0,590.089,2025-10-20 00:00:00
191.75,265.04053,2025-10-20 01:00:00
315.0,430.85623,2025-10-20 01:00:00
541.0,603.42365,2025-10-20 01:00:00
254.0,416.72513,2025-10-20 01:00:00
267.0,364.33435,2025-10-20 02:00:00
189.25,246.83606,2025-10-20 02:00:00
592.0,567.608,2025-10-20 02:00:00
183.0,366.47968,2025-10-20 03:00:00
581.0,545.6644,2025-10-20 03:00:00
195.0,230.31271,2025-10-20 03:00:00
214.0,332.03647,2025-10-20 03:00:00
586.0,540.30554,2025-10-20 04:00:00
221.0,371.1625,2025-10-20 04:00:00
185.75,221.07219,2025-10-20 04:00:00
210.0,320.99966,2025-10-20 04:00:00
494.0,530.0297,2025-10-20 05:00:00
219.0,339.60974,2025-10-20 05:00:00
196.75,211.12677,2025-10-20 05:00:00
203.0,286.75385,2025-10-20 05:00:00
199.0,278.1172,2025-10-20 06:00:00
188.0,361.42978,2025-10-20 06:00:00
199.75,257.69562,2025-10-20 06:00:00
484.0,508.94324,2025-10-20 06:00:00
250.0,417.0282,2025-10-20 06:00:00
240.0,419.21133,2025-10-20 07:00:00
547.0,561.6639,2025-10-20 07:00:00
196.0,355.7814,2025-10-20 07:00:00
192.0,326.05362,2025-10-20 07:00:00
214.75,256.91718,2025-10-20 07:00:00
192.0,348.7748,2025-10-20 08:00:00
538.0,575.44403,2025-10-20 08:00:00
266.0,461.50342,2025-10-20 08:00:00
230.0,288.23178,2025-10-20 08:00:00
208.0,441.58807,2025-10-20 08:00:00
423.0,502.88794,2025-10-20 09:00:00
225.0,301.9348,2025-10-20 09:00:00
334.0,415.44952,2025-10-20 09:00:00
284.0,436.3222,2025-10-20 09:00:00
355.0,383.0703,2025-10-20 09:00:00
310.0,373.24936,2025-10-20 10:00:00
242.0,333.06296,2025-10-20 10:00:00
354.0,467.3916,2025-10-20 10:00:00
339.0,360.09924,2025-10-20 10:00:00
222.25,301.01132,2025-10-20 10:00:00
311.0,332.96393,2025-10-20 11:00:00
261.0,341.16974,2025-10-20 11:00:00
212.5,263.00153,2025-10-20 11:00:00
274.0,308.1238,2025-10-20 11:00:00
310.0,362.06705,2025-10-20 11:00:00
271.0,255.42627,2025-10-20 12:00:00
265.0,307.6432,2025-10-20 12:00:00
195.75,218.22392,2025-10-20 12:00:00
323.0,290.1985,2025-10-20 12:00:00
313.0,291.9475,2025-10-20 12:00:00
268.0,238.49234,2025-10-20 13:00:00
238.0,280.21906,2025-10-20 13:00:00
173.25,162.53157,2025-10-20 13:00:00
464.0,349.33145,2025-10-20 13:00:00
261.0,287.7555,2025-10-20 13:00:00
437.0,343.24927,2025-10-20 14:00:00
195.0,233.2157,2025-10-20 14:00:00
206.0,261.0169,2025-10-20 14:00:00
252.0,256.19592,2025-10-20 14:00:00
178.25,144.3242,2025-10-20 14:00:00
186.0,264.32834,2025-10-20 15:00:00
304.0,303.39136,2025-10-20 15:00:00
157.75,129.97006,2025-10-20 15:00:00
186.0,235.80333,2025-10-20 15:00:00
136.0,250.68011,2025-10-20 15:00:00
178.0,266.0101,2025-10-20 16:00:00
410.0,361.2883,2025-10-20 16:00:00
139.0,239.96617,2025-10-20 16:00:00
104.0,120.30388,2025-10-20 16:00:00
156.0,243.85382,2025-10-20 16:00:00
163.0,370.5411,2025-10-20 17:00:00
101.5,138.74727,2025-10-20 17:00:00
145.0,268.31262,2025-10-20 17:00:00
158.0,288.14542,2025-10-20 17:00:00
379.0,414.07486,2025-10-20 17:00:00
158.0,362.67212,2025-10-20 18:00:00
505.0,433.8316,2025-10-20 18:00:00
210.0,643.16785,2025-10-20 18:00:00
122.0,203.15558,2025-10-20 18:00:00
177.0,274.69678,2025-10-20 18:00:00
354.0,486.02026,2025-10-20 19:00:00
246.0,338.9261,2025-10-20 19:00:00
322.0,672.67816,2025-10-20 19:00:00
160.75,229.03488,2025-10-20 19:00:00
158.0,407.93326,2025-10-20 19:00:00
158.0,450.12802,2025-10-20 20:00:00
182.75,243.31735,2025-10-20 20:00:00
503.0,515.1691,2025-10-20 20:00:00
290.0,421.98062,2025-10-20 20:00:00
512.0,558.0135,2025-10-20 20:00:00
596.0,620.32587,2025-10-20 21:00:00
210.5,267.26636,2025-10-20 21:00:00
322.0,512.0058,2025-10-20 21:00:00
638.0,653.884,2025-10-20 21:00:00
223.75,367.55264,2025-10-20 22:00:00
736.0,693.2627,2025-10-20 22:00:00
509.0,560.20123,2025-10-20 22:00:00
356.0,554.137,2025-10-20 22:00:00
892.0,729.1304,2025-10-20 23:00:00
613.0,566.9436,2025-10-20 23:00:00
232.66666666666663,466.63528,2025-10-20 23:00:00
332.0,580.628,2025-10-20 23:00:00
342.0,527.1874,2025-10-21 00:00:00
212.25,489.31097,2025-10-21 00:00:00
892.0,624.0121,2025-10-21 00:00:00
356.0,574.09,2025-10-21 01:00:00
195.0,501.09085,2025-10-21 01:00:00
892.0,655.0946,2025-10-21 01:00:00
189.75,460.58643,2025-10-21 02:00:00
641.0,534.5979,2025-10-21 05:00:00
248.0,453.88184,2025-10-21 05:00:00
450.0,546.83167,2025-10-21 06:00:00
234.0,469.94266,2025-10-21 06:00:00
190.0,504.7031,2025-10-21 07:00:00
372.0,511.293,2025-10-21 07:00:00
523.0,554.74646,2025-10-21 07:00:00
168.0,380.08765,2025-10-21 07:00:00
173.5,458.41476,2025-10-21 08:00:00
537.0,531.5832,2025-10-21 08:00:00
249.0,400.83392,2025-10-21 08:00:00
396.0,615.6781,2025-10-21 08:00:00
199.0,540.5151,2025-10-21 08:00:00
345.0,488.1785,2025-10-21 09:00:00
165.25,397.21762,2025-10-21 09:00:00
440.0,455.94043,2025-10-21 09:00:00
226.0,516.7064,2025-10-21 09:00:00
252.0,405.58035,2025-10-21 09:00:00
730.0,360.29602,2025-10-21 10:00:00
294.0,426.9333,2025-10-21 10:00:00
189.75,307.85443,2025-10-21 10:00:00
265.0,428.80414,2025-10-21 10:00:00
342.0,373.47562,2025-10-21 10:00:00
293.0,300.21463,2025-10-21 11:00:00
273.0,314.90005,2025-10-21 11:00:00
202.0,383.88336,2025-10-21 11:00:00
509.0,390.23526,2025-10-21 11:00:00
175.25,254.66663,2025-10-21 11:00:00
349.0,272.42047,2025-10-21 12:00:00
176.5,227.21,2025-10-21 12:00:00
241.0,271.63983,2025-10-21 12:00:00
409.0,336.52454,2025-10-21 12:00:00
202.0,337.11203,2025-10-21 12:00:00
139.5,301.99966,2025-10-21 13:00:00
297.0,239.2759,2025-10-21 13:00:00
365.0,373.58563,2025-10-21 13:00:00
205.0,282.74454,2025-10-21 13:00:00
223.0,346.55362,2025-10-21 13:00:00
152.0,252.75278,2025-10-21 14:00:00
313.0,267.33264,2025-10-21 14:00:00
158.0,287.47684,2025-10-21 14:00:00
98.0,289.49008,2025-10-21 14:00:00
184.0,328.00992,2025-10-21 14:00:00
103.75,204.035,2025-10-21 15:00:00
152.0,258.19672,2025-10-21 15:00:00
155.0,352.273,2025-10-21 15:00:00
179.0,425.05368,2025-10-21 15:00:00
149.0,260.09592,2025-10-21 15:00:00
164.0,385.35187,2025-10-21 16:00:00
153.0,265.70865,2025-10-21 16:00:00
193.0,349.5654,2025-10-21 16:00:00
97.0,194.58858,2025-10-21 16:00:00
370.0,377.62717,2025-10-21 17:00:00
169.0,263.7182,2025-10-21 17:00:00
162.0,311.7265,2025-10-21 17:00:00
100.0,189.72357,2025-10-21 17:00:00
138.0,425.07733,2025-10-21 17:00:00
284.0,473.1768,2025-10-21 18:00:00
258.0,339.46713,2025-10-21 18:00:00
489.0,351.5961,2025-10-21 18:00:00
130.0,219.93404,2025-10-21 18:00:00
151.0,317.37054,2025-10-21 18:00:00
422.0,451.7367,2025-10-21 19:00:00
256.0,381.17667,2025-10-21 19:00:00
156.0,295.78812,2025-10-21 19:00:00
510.0,606.2977,2025-10-21 19:00:00
276.0,455.43063,2025-10-21 19:00:00
356.0,424.16055,2025-10-21 20:00:00
558.0,519.26025,2025-10-21 20:00:00
320.0,486.84503,2025-10-21 20:00:00
609.0,652.9002,2025-10-21 20:00:00
182.0,335.34552,2025-10-21 20:00:00
523.0,647.29596,2025-10-21 21:00:00
473.0,453.62903,2025-10-21 21:00:00
159.5,450.16718,2025-10-21 21:00:00
286.0,448.47266,2025-10-21 21:00:00
967.0,667.3951,2025-10-21 21:00:00
836.0,625.0982,2025-10-21 22:00:00
482.0,491.20288,2025-10-21 22:00:00
140.75,456.80792,2025-10-21 22:00:00
277.0,526.6885,2025-10-21 22:00:00
461.0,522.13214,2025-10-21 22:00:00
954.0,660.603,2025-10-21 23:00:00
434.0,507.15637,2025-10-21 23:00:00
242.0,519.1495,2025-10-21 23:00:00
431.0,524.7256,2025-10-21 23:00:00
144.0,443.78412,2025-10-21 23:00:00
153.0,409.34464,2025-10-22 00:00:00
442.0,372.8394,2025-10-22 00:00:00
440.0,546.61786,2025-10-22 00:00:00
233.0,436.94147,2025-10-22 00:00:00
875.0,622.0164,2025-10-22 00:00:00
161.0,441.7421,2025-10-22 01:00:00
473.0,628.6471,2025-10-22 01:00:00
696.0,599.32684,2025-10-22 01:00:00
312.0,360.9816,2025-10-22 01:00:00
222.0,399.90475,2025-10-22 01:00:00
398.0,496.83176,2025-10-22 02:00:00
166.75,407.2351,2025-10-22 02:00:00
184.0,308.0032,2025-10-22 02:00:00
289.0,359.84204,2025-10-22 02:00:00
918.0,572.47186,2025-10-22 02:00:00
166.33333333333334,266.82147,2025-10-22 03:00:00
312.0,343.1641,2025-10-22 03:00:00
184.0,291.50748,2025-10-22 03:00:00
396.0,418.11826,2025-10-22 03:00:00
614.0,538.9289,2025-10-22 03:00:00
370.0,358.92413,2025-10-22 04:00:00
316.0,359.7792,2025-10-22 04:00:00
162.75,211.7381,2025-10-22 04:00:00
184.0,276.8367,2025-10-22 04:00:00
777.0,506.742,2025-10-22 04:00:00
146.5,226.71198,2025-10-22 05:00:00
283.0,369.56857,2025-10-22 05:00:00
184.0,281.36057,2025-10-22 05:00:00
605.0,530.4484,2025-10-22 05:00:00
240.0,290.6484,2025-10-22 05:00:00
306.0,295.0654,2025-10-22 06:00:00
142.5,232.37355,2025-10-22 06:00:00
224.0,306.88672,2025-10-22 06:00:00
545.0,487.75266,2025-10-22 06:00:00
603.0,545.8916,2025-10-22 07:00:00
189.75,327.91605,2025-10-22 07:00:00
598.0,424.4428,2025-10-22 07:00:00
241.0,353.13086,2025-10-22 07:00:00
654.0,578.3798,2025-10-22 08:00:00
305.0,366.68292,2025-10-22 08:00:00
274.75,332.45972,2025-10-22 08:00:00
846.0,428.99298,2025-10-22 08:00:00
300.5,289.25922,2025-10-22 09:00:00
482.0,413.5911,2025-10-22 09:00:00
343.0,341.56335,2025-10-22 09:00:00
859.0,465.05173,2025-10-22 09:00:00
263.0,340.4374,2025-10-22 10:00:00
365.0,362.9192,2025-10-22 10:00:00
332.5,243.98926,2025-10-22 10:00:00
668.0,402.5444,2025-10-22 10:00:00
322.25,206.0525,2025-10-22 11:00:00
400.0,334.29605,2025-10-22 11:00:00
736.0,411.52338,2025-10-22 11:00:00
367.0,306.04544,2025-10-22 11:00:00
181.75,195.15154,2025-10-22 12:00:00
423.0,333.78128,2025-10-22 12:00:00
210.0,287.565,2025-10-22 12:00:00
291.0,352.0379,2025-10-22 12:00:00
175.25,165.06392,2025-10-22 13:00:00
221.0,348.47256,2025-10-22 13:00:00
199.0,281.86484,2025-10-22 13:00:00
352.0,253.12279,2025-10-22 13:00:00
381.0,279.21317,2025-10-22 13:00:00
274.0,326.0729,2025-10-22 14:00:00
146.75,161.63571,2025-10-22 14:00:00
201.0,245.34406,2025-10-22 14:00:00
328.0,243.90268,2025-10-22 14:00:00
242.0,225.72757,2025-10-22 14:00:00
328.0,247.6755,2025-10-22 15:00:00
205.0,231.18788,2025-10-22 15:00:00
161.5,148.30045,2025-10-22 15:00:00
320.0,309.03256,2025-10-22 15:00:00
123.0,225.15872,2025-10-22 15:00:00
167.0,229.45146,2025-10-22 16:00:00
494.0,303.40118,2025-10-22 16:00:00
159.0,200.9613,2025-10-22 16:00:00
328.0,252.10376,2025-10-22 16:00:00
165.25,124.91938,2025-10-22 16:00:00
213.0,269.07428,2025-10-22 17:00:00
170.0,133.57489,2025-10-22 17:00:00
426.0,355.32428,2025-10-22 17:00:00
487.0,252.34978,2025-10-22 17:00:00
216.0,215.10063,2025-10-22 17:00:00
437.0,285.12762,2025-10-22 18:00:00
471.0,458.10413,2025-10-22 18:00:00
331.0,255.87091,2025-10-22 18:00:00
213.0,288.07208,2025-10-22 18:00:00
179.5,141.20476,2025-10-22 18:00:00
437.0,472.44806,2025-10-22 19:00:00
193.0,198.78061,2025-10-22 19:00:00
416.0,367.83948,2025-10-22 19:00:00
366.0,362.66824,2025-10-22 19:00:00
512.0,601.8678,2025-10-22 19:00:00
358.0,456.03198,2025-10-22 20:00:00
407.0,533.38153,2025-10-22 20:00:00
406.0,456.81183,2025-10-22 20:00:00
184.25,246.52258,2025-10-22 20:00:00
779.0,695.73505,2025-10-22 20:00:00
414.0,452.74432,2025-10-22 21:00:00
367.0,537.26526,2025-10-22 21:00:00
207.5,283.42725,2025-10-22 21:00:00
497.0,438.5822,2025-10-22 21:00:00
880.0,690.4531,2025-10-22 21:00:00
456.0,525.6749,2025-10-22 22:00:00
341.0,406.21005,2025-10-22 22:00:00
500.0,464.5246,2025-10-22 22:00:00
231.75,286.67007,2025-10-22 22:00:00
588.0,671.7015,2025-10-22 22:00:00
854.0,679.45825,2025-10-22 23:00:00
484.0,482.14868,2025-10-22 23:00:00
294.0,422.03223,2025-10-22 23:00:00
244.0,268.04388,2025-10-22 23:00:00
475.0,485.45416,2025-10-22 23:00:00
328.0,401.92035,2025-10-23 00:00:00
231.25,272.64545,2025-10-23 00:00:00
473.0,425.68204,2025-10-23 00:00:00
244.0,382.63052,2025-10-23 00:00:00
810.0,700.29846,2025-10-23 00:00:00
225.75,286.15115,2025-10-23 01:00:00
310.0,387.45218,2025-10-23 01:00:00
473.0,420.84897,2025-10-23 01:00:00
863.0,689.3327,2025-10-23 01:00:00
221.0,385.97357,2025-10-23 01:00:00
365.0,352.79962,2025-10-23 02:00:00
226.5,294.4633,2025-10-23 02:00:00
227.0,326.681,2025-10-23 02:00:00
280.0,367.84332,2025-10-23 02:00:00
766.0,618.2163,2025-10-23 02:00:00
267.0,314.2148,2025-10-23 03:00:00
234.0,251.90718,2025-10-23 03:00:00
356.0,337.95724,2025-10-23 03:00:00
230.0,306.69135,2025-10-23 03:00:00
657.0,580.28174,2025-10-23 03:00:00
343.0,297.11563,2025-10-23 04:00:00
257.0,313.85196,2025-10-23 04:00:00
213.0,297.31848,2025-10-23 04:00:00
705.0,560.93726,2025-10-23 04:00:00
237.25,245.0141,2025-10-23 04:00:00
593.0,511.4858,2025-10-23 05:00:00
250.0,269.19614,2025-10-23 05:00:00
293.0,301.69778,2025-10-23 05:00:00
214.0,262.97763,2025-10-23 05:00:00
226.75,229.0289,2025-10-23 05:00:00
221.0,256.28687,2025-10-23 06:00:00
265.0,276.0348,2025-10-23 06:00:00
228.0,195.41336,2025-10-23 06:00:00
526.0,529.6448,2025-10-23 06:00:00
251.0,282.91806,2025-10-23 06:00:00
237.0,266.55563,2025-10-23 07:00:00
251.0,302.02695,2025-10-23 07:00:00
525.0,569.7594,2025-10-23 07:00:00
260.0,284.63766,2025-10-23 07:00:00
293.0,320.55838,2025-10-23 07:00:00
682.0,579.2546,2025-10-23 08:00:00
313.0,288.59122,2025-10-23 08:00:00
278.0,365.91107,2025-10-23 08:00:00
275.0,261.32224,2025-10-23 08:00:00
318.0,320.5356,2025-10-23 08:00:00
483.0,534.14087,2025-10-23 09:00:00
331.0,343.585,2025-10-23 09:00:00
254.0,361.4997,2025-10-23 09:00:00
239.0,286.052,2025-10-23 09:00:00
191.0,336.69724,2025-10-23 09:00:00
165.0,227.19252,2025-10-23 10:00:00
267.0,344.31934,2025-10-23 10:00:00
193.0,313.02567,2025-10-23 10:00:00
550.0,370.39453,2025-10-23 10:00:00
181.0,300.74066,2025-10-23 10:00:00
148.5,232.62273,2025-10-23 11:00:00
223.0,289.6353,2025-10-23 11:00:00
250.0,328.8811,2025-10-23 11:00:00
416.0,344.85928,2025-10-23 11:00:00
193.0,299.76514,2025-10-23 11:00:00
370.0,353.8271,2025-10-23 12:00:00
227.0,264.32922,2025-10-23 12:00:00
265.0,283.59113,2025-10-23 12:00:00
209.0,268.51508,2025-10-23 12:00:00
127.5,193.71896,2025-10-23 12:00:00
163.0,234.5892,2025-10-23 13:00:00
188.0,243.69518,2025-10-23 13:00:00
87.0,172.74864,2025-10-23 13:00:00
339.0,327.08282,2025-10-23 13:00:00
138.0,221.17473,2025-10-23 13:00:00
130.0,170.81935,2025-10-23 14:00:00
138.0,202.60106,2025-10-23 14:00:00
197.0,219.991,2025-10-23 14:00:00
197.0,303.20886,2025-10-23 14:00:00
89.0,160.53906,2025-10-23 14:00:00
207.0,303.94925,2025-10-23 15:00:00
179.0,191.54413,2025-10-23 15:00:00
145.0,144.54883,2025-10-23 15:00:00
137.0,185.3122,2025-10-23 15:00:00
168.0,192.3193,2025-10-23 15:00:00
138.0,193.35077,2025-10-23 16:00:00
158.0,318.14783,2025-10-23 16:00:00
202.0,214.66393,2025-10-23 16:00:00
215.0,141.64003,2025-10-23 16:00:00
143.75,126.342804,2025-10-23 16:00:00
433.0,223.17401,2025-10-23 17:00:00
153.0,352.47974,2025-10-23 17:00:00
140.5,120.33586,2025-10-23 17:00:00
173.0,158.454,2025-10-23 17:00:00
167.0,207.39085,2025-10-23 17:00:00
138.75,142.43726,2025-10-23 18:00:00
506.0,457.71954,2025-10-23 18:00:00
1000.0,234.05254,2025-10-23 18:00:00
275.0,224.68425,2025-10-23 18:00:00
226.0,180.90297,2025-10-23 18:00:00
331.0,281.39825,2025-10-23 19:00:00
335.0,277.2859,2025-10-23 19:00:00
1000.0,321.24716,2025-10-23 19:00:00
593.0,526.05255,2025-10-23 19:00:00
165.0,187.675,2025-10-23 19:00:00
1000.0,385.14606,2025-10-23 20:00:00
415.0,330.5053,2025-10-23 20:00:00
191.75,211.27332,2025-10-23 20:00:00
465.0,317.99213,2025-10-23 20:00:00
585.0,584.4013,2025-10-23 20:00:00
198.5,225.58855,2025-10-23 21:00:00
762.0,584.42566,2025-10-23 21:00:00
702.0,468.87805,2025-10-23 21:00:00
449.0,364.01138,2025-10-23 21:00:00
814.0,604.27094,2025-10-23 22:00:00
578.0,456.90225,2025-10-23 22:00:00
206.25,225.87758,2025-10-23 22:00:00
473.0,368.6315,2025-10-23 22:00:00
216.3333333333333,229.37433,2025-10-23 23:00:00
462.0,486.484,2025-10-23 23:00:00
696.0,642.5562,2025-10-23 23:00:00
444.0,369.64,2025-10-23 23:00:00
458.0,361.33545,2025-10-24 00:00:00
203.75,240.4537,2025-10-24 00:00:00
390.0,359.0292,2025-10-24 00:00:00
757.0,612.6553,2025-10-24 00:00:00
198.5,241.67989,2025-10-24 01:00:00
355.0,370.7917,2025-10-24 01:00:00
290.0,307.3333,2025-10-24 01:00:00
708.0,635.83295,2025-10-24 01:00:00
209.0,277.2164,2025-10-24 02:00:00
249.0,303.82858,2025-10-24 02:00:00
686.0,590.03784,2025-10-24 02:00:00
335.0,337.054,2025-10-24 02:00:00
187.25,230.86197,2025-10-24 02:00:00
269.0,300.87054,2025-10-24 03:00:00
193.0,288.68875,2025-10-24 03:00:00
188.0,279.56644,2025-10-24 03:00:00
799.0,548.605,2025-10-24 03:00:00
196.5,228.1201,2025-10-24 03:00:00
208.75,231.39897,2025-10-24 04:00:00
173.0,266.10297,2025-10-24 04:00:00
178.0,259.52728,2025-10-24 04:00:00
660.0,594.0742,2025-10-24 04:00:00
235.0,292.37665,2025-10-24 04:00:00
169.0,274.38953,2025-10-24 05:00:00
203.0,252.33142,2025-10-24 05:00:00
249.0,298.0579,2025-10-24 05:00:00
173.0,253.17986,2025-10-24 05:00:00
487.0,517.1912,2025-10-24 05:00:00
163.0,252.60907,2025-10-24 06:00:00
196.5,215.42957,2025-10-24 06:00:00
204.0,304.08737,2025-10-24 06:00:00
306.0,313.60962,2025-10-24 06:00:00
521.0,521.16516,2025-10-24 06:00:00
393.0,330.32294,2025-10-24 07:00:00
267.75,209.05232,2025-10-24 07:00:00
406.0,540.6174,2025-10-24 07:00:00
177.0,267.85938,2025-10-24 07:00:00
313.0,300.85605,2025-10-24 07:00:00
300.0,280.9425,2025-10-24 08:00:00
465.0,397.43036,2025-10-24 08:00:00
438.0,529.50934,2025-10-24 08:00:00
356.25,246.00964,2025-10-24 08:00:00
484.0,371.6289,2025-10-24 08:00:00
431.0,360.08832,2025-10-24 09:00:00
370.0,327.2569,2025-10-24 09:00:00
280.25,225.00574,2025-10-24 09:00:00
505.0,380.80884,2025-10-24 09:00:00
497.0,525.6131,2025-10-24 09:00:00
387.0,331.46426,2025-10-24 10:00:00
235.75,227.95259,2025-10-24 10:00:00
460.0,435.65262,2025-10-24 10:00:00
495.0,284.32007,2025-10-24 10:00:00
472.0,378.87115,2025-10-24 10:00:00
199.75,209.59982,2025-10-24 11:00:00
422.0,327.94492,2025-10-24 11:00:00
353.0,246.31621,2025-10-24 11:00:00
351.0,398.43533,2025-10-24 11:00:00
327.0,287.79712,2025-10-24 11:00:00
204.0,188.66158,2025-10-24 12:00:00
442.0,236.92647,2025-10-24 12:00:00
263.0,331.95056,2025-10-24 12:00:00
279.0,291.0231,2025-10-24 12:00:00
265.0,255.3064,2025-10-24 12:00:00
204.0,175.2412,2025-10-24 13:00:00
337.0,383.2744,2025-10-24 13:00:00
267.0,222.51694,2025-10-24 13:00:00
276.0,234.57555,2025-10-24 13:00:00
380.0,215.76141,2025-10-24 13:00:00
279.0,201.7503,2025-10-24 14:00:00
238.0,186.0023,2025-10-24 14:00:00
324.0,354.43747,2025-10-24 14:00:00
287.0,227.21031,2025-10-24 14:00:00
185.75,131.47545,2025-10-24 14:00:00
278.0,150.34166,2025-10-24 15:00:00
233.0,183.10281,2025-10-24 15:00:00
315.0,316.57687,2025-10-24 15:00:00
250.0,216.22488,2025-10-24 15:00:00
191.25,119.06027,2025-10-24 15:00:00
385.0,203.4664,2025-10-24 16:00:00
288.0,149.68799,2025-10-24 16:00:00
295.0,371.21335,2025-10-24 16:00:00
182.5,133.98814,2025-10-24 16:00:00
226.0,178.1161,2025-10-24 16:00:00
288.0,205.85109,2025-10-24 17:00:00
246.0,210.5718,2025-10-24 17:00:00
161.25,132.0589,2025-10-24 17:00:00
425.0,201.82211,2025-10-24 17:00:00
266.0,378.21222,2025-10-24 17:00:00
265.0,182.20938,2025-10-24 18:00:00
440.0,319.93326,2025-10-24 18:00:00
263.0,253.13188,2025-10-24 18:00:00
200.5,167.79631,2025-10-24 18:00:00
272.0,477.5323,2025-10-24 18:00:00
277.0,295.90793,2025-10-24 19:00:00
191.0,208.32993,2025-10-24 19:00:00
278.0,277.6645,2025-10-24 19:00:00
328.0,582.25604,2025-10-24 19:00:00
399.0,489.65543,2025-10-24 19:00:00
249.0,310.29092,2025-10-24 20:00:00
290.0,641.23175,2025-10-24 20:00:00
185.0,236.35838,2025-10-24 20:00:00
335.0,577.4037,2025-10-24 20:00:00
248.0,298.4615,2025-10-24 20:00:00
331.0,555.32355,2025-10-24 21:00:00
226.0,343.69064,2025-10-24 21:00:00
180.25,240.15073,2025-10-24 21:00:00
213.0,319.24918,2025-10-24 21:00:00
287.0,661.78235,2025-10-24 21:00:00
409.0,632.27856,2025-10-24 22:00:00
268.0,513.6245,2025-10-24 22:00:00
206.0,311.43018,2025-10-24 22:00:00
182.0,233.36409,2025-10-24 22:00:00
211.0,416.5605,2025-10-24 22:00:00
268.0,646.8686,2025-10-24 23:00:00
204.0,407.26462,2025-10-24 23:00:00
192.66666666666663,224.52853,2025-10-24 23:00:00
215.0,473.043,2025-10-24 23:00:00
203.0,289.16342,2025-10-24 23:00:00
197.0,387.8466,2025-10-25 00:00:00
172.0,296.49338,2025-10-25 00:00:00
171.0,415.47412,2025-10-25 00:00:00
189.5,232.71596,2025-10-25 00:00:00
219.0,638.5757,2025-10-25 00:00:00
166.0,306.9306,2025-10-25 01:00:00
160.0,354.92682,2025-10-25 01:00:00
199.25,212.81834,2025-10-25 01:00:00
188.0,590.93195,2025-10-25 01:00:00
189.0,404.694,2025-10-25 01:00:00
291.0,606.01495,2025-10-25 02:00:00
172.0,358.69138,2025-10-25 02:00:00
179.0,226.26668,2025-10-25 02:00:00
158.0,286.22955,2025-10-25 02:00:00
183.0,348.65527,2025-10-25 02:00:00
161.5,227.26169,2025-10-25 03:00:00
189.0,335.2651,2025-10-25 03:00:00
183.0,310.66815,2025-10-25 03:00:00
210.0,576.68915,2025-10-25 03:00:00
187.0,254.36215,2025-10-25 03:00:00
219.0,611.577,2025-10-25 04:00:00
164.0,201.82285,2025-10-25 04:00:00
271.0,306.08243,2025-10-25 04:00:00
193.0,244.99028,2025-10-25 04:00:00
189.0,299.96814,2025-10-25 04:00:00
189.0,259.31418,2025-10-25 05:00:00
256.0,298.41235,2025-10-25 05:00:00
257.0,279.9838,2025-10-25 05:00:00
193.5,194.48497,2025-10-25 05:00:00
252.0,599.4089,2025-10-25 05:00:00
265.0,279.93127,2025-10-25 06:00:00
210.5,230.73969,2025-10-25 06:00:00
360.0,309.498,2025-10-25 06:00:00
274.0,563.399,2025-10-25 06:00:00
227.75,252.05707,2025-10-25 07:00:00
265.0,391.73483,2025-10-25 07:00:00
249.0,328.63696,2025-10-25 07:00:00
291.0,548.98126,2025-10-25 07:00:00
318.0,573.9825,2025-10-25 08:00:00
241.5,215.8688,2025-10-25 08:00:00
332.0,354.69745,2025-10-25 08:00:00
301.0,461.71103,2025-10-25 08:00:00
248.25,239.01161,2025-10-25 09:00:00
406.0,374.0992,2025-10-25 09:00:00
366.0,452.21234,2025-10-25 09:00:00
335.0,527.5017,2025-10-25 09:00:00
344.0,364.20334,2025-10-25 10:00:00
295.0,252.3561,2025-10-25 10:00:00
339.0,453.59354,2025-10-25 10:00:00
354.0,360.7927,2025-10-25 10:00:00
271.0,463.3729,2025-10-25 11:00:00
282.0,297.8455,2025-10-25 11:00:00
280.0,345.26315,2025-10-25 11:00:00
233.25,208.83284,2025-10-25 11:00:00
175.25,181.25671,2025-10-25 12:00:00
199.0,282.94785,2025-10-25 12:00:00
197.0,366.94495,2025-10-25 12:00:00
207.0,278.42453,2025-10-25 12:00:00
204.0,347.66284,2025-10-25 13:00:00
207.0,255.61859,2025-10-25 13:00:00
164.0,212.52263,2025-10-25 13:00:00
264.0,259.98257,2025-10-25 13:00:00
157.0,272.7471,2025-10-25 13:00:00
251.0,220.78381,2025-10-25 14:00:00
241.0,245.07663,2025-10-25 14:00:00
190.0,240.24275,2025-10-25 14:00:00
171.5,184.67633,2025-10-25 14:00:00
271.0,308.2049,2025-10-25 14:00:00
206.0,235.52023,2025-10-25 15:00:00
245.0,226.5424,2025-10-25 15:00:00
199.0,362.05396,2025-10-25 15:00:00
200.0,209.5793,2025-10-25 15:00:00
183.25,144.31674,2025-10-25 15:00:00
189.0,152.3729,2025-10-25 16:00:00
181.0,186.85162,2025-10-25 16:00:00
221.0,365.10138,2025-10-25 16:00:00
255.0,241.76799,2025-10-25 16:00:00
217.0,243.00356,2025-10-25 16:00:00
265.0,454.3727,2025-10-25 17:00:00
197.25,168.72081,2025-10-25 17:00:00
252.0,214.29318,2025-10-25 17:00:00
287.0,325.45963,2025-10-25 17:00:00
205.0,224.02333,2025-10-25 17:00:00
261.0,565.4078,2025-10-25 18:00:00
180.5,153.44104,2025-10-25 18:00:00
269.0,307.54507,2025-10-25 18:00:00
295.0,430.9746,2025-10-25 18:00:00
260.0,248.81282,2025-10-25 18:00:00
175.5,187.71603,2025-10-25 19:00:00
305.0,577.745,2025-10-25 19:00:00
283.0,307.0319,2025-10-25 19:00:00
357.0,331.13553,2025-10-25 19:00:00
293.0,633.6852,2025-10-25 19:00:00
287.0,673.90533,2025-10-25 20:00:00
298.0,369.02905,2025-10-25 20:00:00
293.0,406.87744,2025-10-25 20:00:00
279.0,581.114,2025-10-25 20:00:00
191.0,226.46829,2025-10-25 20:00:00
258.0,322.95746,2025-10-25 21:00:00
304.0,697.1223,2025-10-25 21:00:00
185.25,229.30756,2025-10-25 21:00:00
302.0,448.99112,2025-10-25 21:00:00
287.0,506.56064,2025-10-25 21:00:00
171.5,226.67307,2025-10-25 22:00:00
228.0,657.86597,2025-10-25 22:00:00
238.0,333.0916,2025-10-25 22:00:00
235.0,438.61758,2025-10-25 22:00:00
251.0,512.81104,2025-10-25 22:00:00
201.0,473.3239,2025-10-25 23:00:00
201.0,467.23212,2025-10-25 23:00:00
160.0,239.54585,2025-10-25 23:00:00
187.0,322.16443,2025-10-25 23:00:00
405.0,643.0372,2025-10-25 23:00:00
197.0,497.9503,2025-10-26 00:00:00
234.0,435.63397,2025-10-26 00:00:00
156.0,334.10223,2025-10-26 00:00:00
144.0,268.58606,2025-10-26 00:00:00
376.0,560.0687,2025-10-26 00:00:00
300.0,599.34174,2025-10-26 01:00:00
265.0,343.27545,2025-10-26 01:00:00
125.75,276.4608,2025-10-26 01:00:00
131.0,309.9409,2025-10-26 01:00:00
197.0,475.12112,2025-10-26 01:00:00
116.0,258.22922,2025-10-26 02:00:00
178.0,311.36844,2025-10-26 02:00:00
185.0,420.79684,2025-10-26 02:00:00
263.0,545.7949,2025-10-26 02:00:00
117.0,295.9699,2025-10-26 02:00:00
112.0,272.11923,2025-10-26 03:00:00
234.0,571.18445,2025-10-26 03:00:00
125.0,286.3477,2025-10-26 03:00:00
177.0,328.05682,2025-10-26 03:00:00
243.0,390.47702,2025-10-26 03:00:00
151.0,330.25974,2025-10-26 04:00:00
122.25,272.46588,2025-10-26 04:00:00
177.0,584.74634,2025-10-26 04:00:00
256.0,370.67752,2025-10-26 04:00:00
131.0,268.70612,2025-10-26 04:00:00
140.25,271.86078,2025-10-26 05:00:00
245.0,556.42017,2025-10-26 05:00:00
179.0,325.33212,2025-10-26 05:00:00
211.0,338.5791,2025-10-26 05:00:00
178.0,276.04303,2025-10-26 05:00:00
200.0,288.1338,2025-10-26 06:00:00
293.0,306.58932,2025-10-26 06:00:00
184.0,339.54636,2025-10-26 06:00:00
168.75,274.1902,2025-10-26 06:00:00
279.0,555.7842,2025-10-26 06:00:00
339.0,394.34256,2025-10-26 07:00:00
203.75,284.89108,2025-10-26 07:00:00
200.0,312.34042,2025-10-26 07:00:00
563.0,524.7354,2025-10-26 07:00:00
238.0,421.73798,2025-10-26 07:00:00
201.75,326.68097,2025-10-26 08:00:00
238.0,420.24307,2025-10-26 08:00:00
412.0,437.37494,2025-10-26 08:00:00
285.0,339.18417,2025-10-26 08:00:00
487.0,535.7504,2025-10-26 08:00:00
314.0,349.87762,2025-10-26 09:00:00
203.25,308.14316,2025-10-26 09:00:00
252.0,402.19165,2025-10-26 09:00:00
396.0,427.9281,2025-10-26 09:00:00
448.0,535.53864,2025-10-26 09:00:00
345.0,357.71912,2025-10-26 10:00:00
338.0,303.01404,2025-10-26 10:00:00
187.25,308.4939,2025-10-26 10:00:00
273.0,366.96173,2025-10-26 10:00:00
427.0,454.05478,2025-10-26 10:00:00
187.25,277.27072,2025-10-26 11:00:00
310.0,370.87027,2025-10-26 11:00:00
237.0,339.84097,2025-10-26 11:00:00
265.0,399.7335,2025-10-26 11:00:00
260.0,250.60847,2025-10-26 11:00:00
260.0,296.13754,2025-10-26 12:00:00
252.0,238.8143,2025-10-26 12:00:00
249.0,293.87485,2025-10-26 12:00:00
271.0,378.56406,2025-10-26 12:00:00
84.0,188.43752,2025-10-26 12:00:00
248.0,249.15855,2025-10-26 13:00:00
256.0,251.45093,2025-10-26 13:00:00
276.0,353.88565,2025-10-26 13:00:00
199.5,156.41763,2025-10-26 13:00:00
265.0,276.7439,2025-10-26 13:00:00
216.25,156.23303,2025-10-26 14:00:00
301.0,309.96893,2025-10-26 14:00:00
235.0,256.13083,2025-10-26 14:00:00
238.0,232.04013,2025-10-26 14:00:00
298.0,225.69627,2025-10-26 14:00:00
302.0,308.62134,2025-10-26 15:00:00
280.0,161.17912,2025-10-26 15:00:00
228.25,137.68098,2025-10-26 15:00:00
280.0,197.28589,2025-10-26 15:00:00
285.0,243.16684,2025-10-26 15:00:00
349.0,331.30423,2025-10-26 16:00:00
245.25,155.28467,2025-10-26 16:00:00
305.0,225.87813,2025-10-26 16:00:00
312.0,245.5203,2025-10-26 16:00:00
342.0,168.71704,2025-10-26 16:00:00
360.0,318.99008,2025-10-26 17:00:00
338.0,379.25162,2025-10-26 17:00:00
316.0,215.84477,2025-10-26 17:00:00
254.5,163.7678,2025-10-26 17:00:00
352.0,222.65152,2025-10-26 17:00:00
361.0,421.9792,2025-10-26 18:00:00
278.25,168.71616,2025-10-26 18:00:00
401.0,318.3657,2025-10-26 18:00:00
283.0,231.38712,2025-10-26 18:00:00
438.0,543.5352,2025-10-26 18:00:00
495.0,576.8911,2025-10-26 19:00:00
434.0,554.72406,2025-10-26 19:00:00
281.5,194.40831,2025-10-26 19:00:00
416.0,385.58234,2025-10-26 19:00:00
332.0,350.6664,2025-10-26 19:00:00
469.0,382.56564,2025-10-26 20:00:00
495.0,545.092,2025-10-26 20:00:00
287.0,215.85796,2025-10-26 20:00:00
392.0,376.10587,2025-10-26 20:00:00
488.0,703.43774,2025-10-26 20:00:00
293.5,226.56192,2025-10-26 21:00:00
498.0,670.2313,2025-10-26 21:00:00
443.0,518.6227,2025-10-26 21:00:00
423.0,410.7393,2025-10-26 21:00:00
421.0,346.11804,2025-10-26 21:00:00
414.0,354.15546,2025-10-26 22:00:00
437.0,430.8444,2025-10-26 22:00:00
455.0,534.3547,2025-10-26 22:00:00
291.75,251.09018,2025-10-26 22:00:00
576.0,719.9406,2025-10-26 22:00:00
426.0,456.886,2025-10-26 23:00:00
352.0,309.29083,2025-10-26 23:00:00
288.0,250.02495,2025-10-26 23:00:00
548.0,657.9479,2025-10-26 23:00:00
421.0,454.87863,2025-10-26 23:00:00
444.0,461.63715,2025-10-27 00:00:00
425.0,412.656,2025-10-27 00:00:00
583.0,618.96277,2025-10-27 00:00:00
347.0,329.98373,2025-10-27 00:00:00
310.75,266.2304,2025-10-27 00:00:00
305.25,253.87672,2025-10-27 01:00:00
400.0,321.95862,2025-10-27 01:00:00
322.0,289.47055,2025-10-27 01:00:00
401.0,391.44537,2025-10-27 01:00:00
660.0,578.7726,2025-10-27 01:00:00
323.75,245.77144,2025-10-27 02:00:00
688.0,508.5853,2025-10-27 02:00:00
423.0,336.45316,2025-10-27 02:00:00
428.0,351.3133,2025-10-27 02:00:00
307.0,281.55627,2025-10-27 02:00:00
316.0,267.68622,2025-10-27 03:00:00
326.5,234.75766,2025-10-27 03:00:00
729.0,491.6045,2025-10-27 03:00:00
360.0,362.49353,2025-10-27 03:00:00
366.0,324.58148,2025-10-27 03:00:00
367.0,310.13177,2025-10-27 04:00:00
394.0,336.6287,2025-10-27 04:00:00
333.25,230.59982,2025-10-27 04:00:00
303.0,244.79018,2025-10-27 04:00:00
527.0,518.6115,2025-10-27 04:00:00
477.0,334.06186,2025-10-27 05:00:00
410.0,511.11182,2025-10-27 05:00:00
314.0,244.33147,2025-10-27 05:00:00
361.0,305.13336,2025-10-27 05:00:00
340.0,230.07362,2025-10-27 05:00:00
415.0,513.5872,2025-10-27 06:00:00
361.0,386.46664,2025-10-27 06:00:00
464.0,312.96564,2025-10-27 06:00:00
367.5,234.15643,2025-10-27 06:00:00
325.0,253.78465,2025-10-27 06:00:00
451.0,433.98514,2025-10-27 07:00:00
455.0,339.26392,2025-10-27 07:00:00
360.0,270.82025,2025-10-27 07:00:00
394.0,248.66766,2025-10-27 07:00:00
510.0,505.11972,2025-10-27 07:00:00
548.0,509.34726,2025-10-27 08:00:00
440.0,331.3853,2025-10-27 08:00:00
458.0,417.6404,2025-10-27 08:00:00
461.0,421.11398,2025-10-27 08:00:00
393.0,265.69412,2025-10-27 08:00:00
391.25,255.81879,2025-10-27 09:00:00
498.0,506.13153,2025-10-27 09:00:00
506.0,315.31546,2025-10-27 09:00:00
523.0,492.63754,2025-10-27 09:00:00
544.0,356.08563,2025-10-27 09:00:00
495.0,399.9884,2025-10-27 10:00:00
760.0,448.8449,2025-10-27 10:00:00
498.0,307.7418,2025-10-27 10:00:00
294.0,226.12746,2025-10-27 10:00:00
583.0,344.57504,2025-10-27 10:00:00
434.0,264.52762,2025-10-27 11:00:00
384.0,431.95093,2025-10-27 11:00:00
251.25,171.13797,2025-10-27 11:00:00
494.0,291.10385,2025-10-27 11:00:00
409.0,318.5144,2025-10-27 11:00:00
246.0,284.0285,2025-10-27 12:00:00
254.0,372.07635,2025-10-27 12:00:00
250.0,281.23773,2025-10-27 12:00:00
160.0,162.6846,2025-10-27 12:00:00
288.0,269.49127,2025-10-27 12:00:00
165.5,168.3625,2025-10-27 13:00:00
221.0,374.29086,2025-10-27 13:00:00
260.0,239.94952,2025-10-27 13:00:00
314.0,273.4381,2025-10-27 13:00:00
265.0,254.57117,2025-10-27 13:00:00
183.0,183.3693,2025-10-27 14:00:00
164.0,234.83644,2025-10-27 14:00:00
269.0,208.33253,2025-10-27 14:00:00
276.0,302.76288,2025-10-27 14:00:00
244.0,245.08629,2025-10-27 14:00:00
263.0,317.04538,2025-10-27 15:00:00
282.0,245.2388,2025-10-27 15:00:00
191.5,190.5213,2025-10-27 15:00:00
227.0,237.4245,2025-10-27 15:00:00
227.0,219.50992,2025-10-27 15:00:00
202.0,261.24188,2025-10-27 16:00:00
254.0,352.49347,2025-10-27 16:00:00
306.0,348.95297,2025-10-27 16:00:00
168.5,187.0177,2025-10-27 16:00:00
239.0,247.41444,2025-10-27 16:00:00
158.75,185.3501,2025-10-27 17:00:00
238.0,329.0923,2025-10-27 17:00:00
219.0,243.4582,2025-10-27 17:00:00
298.0,434.32224,2025-10-27 17:00:00
238.0,241.11327,2025-10-27 17:00:00
162.75,194.00435,2025-10-27 18:00:00
251.0,446.40414,2025-10-27 18:00:00
224.0,269.92938,2025-10-27 18:00:00
294.0,552.1072,2025-10-27 18:00:00
217.0,297.36502,2025-10-27 18:00:00
227.0,507.88504,2025-10-27 19:00:00
182.0,362.10065,2025-10-27 19:00:00
150.25,202.65965,2025-10-27 19:00:00
228.0,354.58398,2025-10-27 19:00:00
256.0,574.93384,2025-10-27 19:00:00
133.0,218.83855,2025-10-27 20:00:00
211.0,505.3202,2025-10-27 20:00:00
232.0,398.00137,2025-10-27 20:00:00
208.0,503.28815,2025-10-27 20:00:00
175.0,408.1586,2025-10-27 20:00:00
171.0,370.46072,2025-10-27 21:00:00
193.0,406.8276,2025-10-27 21:00:00
162.0,496.91937,2025-10-27 21:00:00
133.0,239.94559,2025-10-27 21:00:00
194.0,547.02484,2025-10-27 21:00:00
138.25,233.6354,2025-10-27 22:00:00
173.0,394.83615,2025-10-27 22:00:00
162.0,373.72406,2025-10-27 22:00:00
208.0,567.82855,2025-10-27 22:00:00
132.0,528.9395,2025-10-27 22:00:00
135.0,394.17834,2025-10-27 23:00:00
196.0,533.9853,2025-10-27 23:00:00
117.0,498.35876,2025-10-27 23:00:00
147.0,236.3127,2025-10-27 23:00:00
148.0,360.25534,2025-10-27 23:00:00
147.0,315.49945,2025-10-28 00:00:00
162.0,390.0452,2025-10-28 00:00:00
175.0,447.2056,2025-10-28 00:00:00
133.0,328.73334,2025-10-28 00:00:00
131.25,244.06145,2025-10-28 00:00:00
139.0,316.85287,2025-10-28 01:00:00
116.5,247.50946,2025-10-28 01:00:00
152.0,340.9101,2025-10-28 01:00:00
194.0,284.88007,2025-10-28 01:00:00
130.0,439.46088,2025-10-28 01:00:00
166.0,294.09656,2025-10-28 02:00:00
132.0,312.30032,2025-10-28 02:00:00
120.25,252.34203,2025-10-28 02:00:00
118.0,495.99442,2025-10-28 02:00:00
180.0,255.6883,2025-10-28 02:00:00
154.0,220.0186,2025-10-28 03:00:00
112.75,232.3017,2025-10-28 03:00:00
136.0,254.42067,2025-10-28 03:00:00
144.0,270.12704,2025-10-28 03:00:00
138.0,511.23523,2025-10-28 03:00:00
111.25,245.15652,2025-10-28 04:00:00
130.0,236.98152,2025-10-28 04:00:00
132.0,281.37048,2025-10-28 04:00:00
129.0,491.5012,2025-10-28 04:00:00
113.0,235.38622,2025-10-28 04:00:00
105.75,238.56314,2025-10-28 05:00:00
119.0,458.39395,2025-10-28 05:00:00
113.0,274.15308,2025-10-28 05:00:00
99.0,253.51093,2025-10-28 05:00:00
125.0,308.28632,2025-10-28 05:00:00
121.0,324.96283,2025-10-28 06:00:00
87.0,237.91127,2025-10-28 06:00:00
105.0,475.9721,2025-10-28 06:00:00
100.25,258.6002,2025-10-28 06:00:00
111.0,312.8305,2025-10-28 06:00:00
132.0,360.67212,2025-10-28 07:00:00
135.0,396.03262,2025-10-28 07:00:00
114.0,444.94186,2025-10-28 07:00:00
99.0,256.19604,2025-10-28 07:00:00
95.5,310.47977,2025-10-28 07:00:00
127.0,311.6575,2025-10-28 08:00:00
164.0,437.30658,2025-10-28 08:00:00
122.0,458.0648,2025-10-28 08:00:00
124.0,407.1352,2025-10-28 08:00:00
103.5,332.6186,2025-10-28 08:00:00
161.0,343.1957,2025-10-28 09:00:00
124.25,298.1398,2025-10-28 09:00:00
313.0,424.5272,2025-10-28 09:00:00
158.0,349.26944,2025-10-28 09:00:00
161.0,425.08218,2025-10-28 09:00:00
153.0,350.12857,2025-10-28 10:00:00
151.0,390.20242,2025-10-28 10:00:00
178.0,396.2571,2025-10-28 10:00:00
225.0,352.33,2025-10-28 10:00:00
142.75,273.30243,2025-10-28 10:00:00
235.0,294.51938,2025-10-28 11:00:00
157.0,337.80774,2025-10-28 11:00:00
148.66666666666666,245.93234,2025-10-28 11:00:00
155.0,370.84668,2025-10-28 11:00:00
320.0,351.06213,2025-10-28 11:00:00
157.33333333333334,216.24745,2025-10-28 12:00:00
158.0,266.90073,2025-10-28 12:00:00
206.0,289.81488,2025-10-28 12:00:00
138.0,304.45135,2025-10-28 12:00:00
269.0,302.8939,2025-10-28 12:00:00
153.0,276.13168,2025-10-28 13:00:00
160.75,200.69557,2025-10-28 13:00:00
157.0,298.0781,2025-10-28 13:00:00
241.0,322.0617,2025-10-28 13:00:00
158.0,260.15506,2025-10-28 13:00:00
145.0,210.10426,2025-10-28 14:00:00
165.0,234.79008,2025-10-28 14:00:00
195.0,328.96716,2025-10-28 14:00:00
155.66666666666666,178.78502,2025-10-28 14:00:00
146.0,281.24274,2025-10-28 14:00:00
157.0,226.6928,2025-10-28 15:00:00
137.66666666666666,212.08813,2025-10-28 15:00:00
279.0,320.64627,2025-10-28 15:00:00
261.0,274.49518,2025-10-28 15:00:00
119.0,229.84912,2025-10-28 15:00:00
171.0,309.53036,2025-10-28 16:00:00
343.0,317.17722,2025-10-28 16:00:00
147.0,247.58626,2025-10-28 16:00:00
119.0,218.57472,2025-10-28 16:00:00
134.0,214.10207,2025-10-28 16:00:00
131.0,244.85048,2025-10-28 17:00:00
140.0,352.48215,2025-10-28 17:00:00
139.75,226.09187,2025-10-28 17:00:00
147.0,245.83253,2025-10-28 17:00:00
278.0,345.1245,2025-10-28 17:00:00
278.0,389.40198,2025-10-28 18:00:00
332.0,363.14673,2025-10-28 18:00:00
150.0,267.3514,2025-10-28 18:00:00
193.0,277.94232,2025-10-28 18:00:00
162.75,212.88292,2025-10-28 18:00:00
299.0,413.48718,2025-10-28 19:00:00
168.25,211.19283,2025-10-28 19:00:00
193.0,300.5038,2025-10-28 19:00:00
284.0,409.23114,2025-10-28 19:00:00
246.0,323.9048,2025-10-28 19:00:00
299.0,390.96,2025-10-28 20:00:00
265.0,334.3491,2025-10-28 20:00:00
346.0,360.91357,2025-10-28 20:00:00
279.0,301.18842,2025-10-28 20:00:00
176.25,218.97472,2025-10-28 20:00:00
336.0,302.24976,2025-10-28 21:00:00
334.0,297.57977,2025-10-28 21:00:00
273.0,422.03647,2025-10-28 21:00:00
351.0,378.52332,2025-10-28 21:00:00
189.66666666666663,182.56953,2025-10-28 21:00:00
426.0,346.8056,2025-10-28 22:00:00
372.0,301.46936,2025-10-28 22:00:00
340.0,473.7157,2025-10-28 22:00:00
299.0,290.89618,2025-10-28 22:00:00
197.0,187.52281,2025-10-28 22:00:00
196.3333333333333,210.21141,2025-10-28 23:00:00
263.0,282.48218,2025-10-28 23:00:00
383.0,318.7377,2025-10-28 23:00:00
368.0,405.84573,2025-10-28 23:00:00
327.0,273.2996,2025-10-28 23:00:00
304.0,309.11005,2025-10-29 00:00:00
423.0,315.46378,2025-10-29 00:00:00
174.25,195.19597,2025-10-29 00:00:00
238.0,257.9811,2025-10-29 00:00:00
309.0,421.62714,2025-10-29 00:00:00
305.0,328.0512,2025-10-29 01:00:00
253.0,244.79001,2025-10-29 01:00:00
278.0,425.59064,2025-10-29 01:00:00
255.0,282.20364,2025-10-29 01:00:00
178.0,175.80849,2025-10-29 01:00:00
255.0,276.02417,2025-10-29 02:00:00
243.0,267.60855,2025-10-29 02:00:00
161.75,196.62529,2025-10-29 02:00:00
271.0,420.44083,2025-10-29 02:00:00
249.0,206.97504,2025-10-29 02:00:00
136.5,193.61955,2025-10-29 03:00:00
200.0,266.9249,2025-10-29 03:00:00
211.0,246.80869,2025-10-29 03:00:00
227.0,407.9072,2025-10-29 03:00:00
259.0,201.19234,2025-10-29 03:00:00
180.0,257.23563,2025-10-29 04:00:00
213.0,195.65767,2025-10-29 04:00:00
180.0,273.57507,2025-10-29 04:00:00
201.0,366.88364,2025-10-29 04:00:00
129.75,191.31552,2025-10-29 04:00:00
190.0,320.12015,2025-10-29 05:00:00
162.0,326.96487,2025-10-29 05:00:00
213.0,427.7,2025-10-29 05:00:00
130.25,172.49811,2025-10-29 05:00:00
194.0,195.57072,2025-10-29 05:00:00
222.0,417.55228,2025-10-29 06:00:00
200.0,322.55676,2025-10-29 06:00:00
132.75,199.26337,2025-10-29 06:00:00
155.0,328.82104,2025-10-29 06:00:00
195.0,212.83295,2025-10-29 06:00:00
233.0,454.1051,2025-10-29 07:00:00
259.0,341.54443,2025-10-29 07:00:00
140.75,277.96725,2025-10-29 07:00:00
209.0,269.87735,2025-10-29 07:00:00
178.0,361.21707,2025-10-29 07:00:00
296.0,489.57993,2025-10-29 08:00:00
210.66666666666663,257.07648,2025-10-29 08:00:00
230.0,387.09247,2025-10-29 08:00:00
436.0,358.78897,2025-10-29 08:00:00
257.0,309.62604,2025-10-29 08:00:00
297.5,235.15504,2025-10-29 09:00:00
407.0,317.41174,2025-10-29 09:00:00
321.0,416.232,2025-10-29 09:00:00
340.0,298.4028,2025-10-29 09:00:00
392.0,469.25262,2025-10-29 09:00:00
624.0,412.5677,2025-10-29 10:00:00
515.0,319.87442,2025-10-29 10:00:00
385.6666666666667,253.93257,2025-10-29 10:00:00
453.0,303.98135,2025-10-29 10:00:00
426.0,372.39453,2025-10-29 10:00:00
481.0,273.37692,2025-10-29 11:00:00
388.5,270.2145,2025-10-29 11:00:00
511.0,304.17383,2025-10-29 11:00:00
533.0,266.11523,2025-10-29 11:00:00
539.0,302.9402,2025-10-29 11:00:00
440.0,268.19696,2025-10-29 12:00:00
440.0,241.97978,2025-10-29 12:00:00
451.0,253.82196,2025-10-29 12:00:00
322.0,172.4381,2025-10-29 12:00:00
387.0,281.13437,2025-10-29 12:00:00
269.5,186.47113,2025-10-29 13:00:00
412.0,247.14468,2025-10-29 13:00:00
355.0,233.3886,2025-10-29 13:00:00
387.0,244.72157,2025-10-29 13:00:00
333.0,310.24097,2025-10-29 13:00:00
236.0,170.24927,2025-10-29 14:00:00
251.0,301.7367,2025-10-29 14:00:00
409.0,220.94989,2025-10-29 14:00:00
403.0,210.3505,2025-10-29 14:00:00
415.0,221.48285,2025-10-29 14:00:00
431.0,227.76498,2025-10-29 15:00:00
224.25,194.09207,2025-10-29 15:00:00
413.0,211.25609,2025-10-29 15:00:00
405.0,212.21124,2025-10-29 15:00:00
355.0,309.1309,2025-10-29 15:00:00
302.0,306.51837,2025-10-29 16:00:00
368.0,197.89589,2025-10-29 16:00:00
403.0,220.95815,2025-10-29 16:00:00
166.33333333333334,196.38033,2025-10-29 16:00:00
443.0,245.68414,2025-10-29 16:00:00
495.0,289.71747,2025-10-29 17:00:00
175.0,229.354,2025-10-29 17:00:00
407.0,210.53268,2025-10-29 17:00:00
263.0,352.1796,2025-10-29 17:00:00
435.0,275.09338,2025-10-29 17:00:00
473.0,296.6672,2025-10-29 18:00:00
226.5,272.6341,2025-10-29 18:00:00
340.0,387.49393,2025-10-29 18:00:00
587.0,321.65686,2025-10-29 18:00:00
527.0,262.59778,2025-10-29 18:00:00
603.0,377.43134,2025-10-29 19:00:00
569.0,441.0047,2025-10-29 19:00:00
504.0,242.96188,2025-10-29 19:00:00
249.75,243.34343,2025-10-29 19:00:00
514.0,446.87973,2025-10-29 19:00:00
467.0,311.3057,2025-10-29 20:00:00
244.5,247.94324,2025-10-29 20:00:00
571.0,449.4576,2025-10-29 20:00:00
596.0,409.19122,2025-10-29 20:00:00
827.0,514.3799,2025-10-29 20:00:00
753.0,532.8475,2025-10-29 21:00:00
532.0,462.6118,2025-10-29 21:00:00
207.75,251.92995,2025-10-29 21:00:00
438.0,377.0456,2025-10-29 21:00:00
552.0,407.61014,2025-10-29 21:00:00
517.0,401.33203,2025-10-29 22:00:00
456.0,365.91006,2025-10-29 22:00:00
180.0,257.68332,2025-10-29 22:00:00
457.0,382.1784,2025-10-29 22:00:00
672.0,486.9455,2025-10-29 22:00:00
394.0,363.72394,2025-10-29 23:00:00
367.0,348.06937,2025-10-29 23:00:00
580.0,560.4073,2025-10-29 23:00:00
413.0,336.19205,2025-10-29 23:00:00
158.0,269.8922,2025-10-29 23:00:00
423.0,355.89203,2025-10-30 00:00:00
180.0,251.83508,2025-10-30 00:00:00
323.0,377.80594,2025-10-30 00:00:00
321.0,331.45575,2025-10-30 00:00:00
585.0,541.8465,2025-10-30 00:00:00
176.25,264.22287,2025-10-30 01:00:00
291.0,363.12582,2025-10-30 01:00:00
288.0,316.05545,2025-10-30 01:00:00
388.0,344.2258,2025-10-30 01:00:00
277.0,470.88934,2025-10-30 01:00:00
289.0,305.16968,2025-10-30 02:00:00
266.0,484.69266,2025-10-30 02:00:00
138.5,250.78978,2025-10-30 02:00:00
327.0,347.26343,2025-10-30 02:00:00
333.0,349.17282,2025-10-30 02:00:00
332.0,341.94427,2025-10-30 03:00:00
283.0,305.99615,2025-10-30 03:00:00
156.5,260.79688,2025-10-30 03:00:00
416.0,475.75128,2025-10-30 03:00:00
277.0,342.2646,2025-10-30 03:00:00
209.75,260.77148,2025-10-30 04:00:00
306.0,310.09464,2025-10-30 04:00:00
335.0,333.21005,2025-10-30 04:00:00
405.0,431.15408,2025-10-30 04:00:00
270.0,308.76694,2025-10-30 04:00:00
298.0,263.3305,2025-10-30 05:00:00
345.0,284.62817,2025-10-30 05:00:00
342.0,318.19543,2025-10-30 05:00:00
526.0,426.30246,2025-10-30 05:00:00
235.25,260.54926,2025-10-30 05:00:00
637.0,467.9439,2025-10-30 06:00:00
322.0,267.49326,2025-10-30 06:00:00
345.0,298.44708,2025-10-30 06:00:00
237.25,257.87918,2025-10-30 06:00:00
394.0,336.59338,2025-10-30 06:00:00
407.0,363.26178,2025-10-30 07:00:00
346.0,349.4325,2025-10-30 07:00:00
538.0,566.4679,2025-10-30 07:00:00
322.0,295.40295,2025-10-30 07:00:00
215.25,246.9936,2025-10-30 07:00:00
498.0,537.42676,2025-10-30 08:00:00
337.0,465.30786,2025-10-30 08:00:00
185.0,254.53055,2025-10-30 08:00:00
412.0,426.32535,2025-10-30 08:00:00
371.0,346.43604,2025-10-30 08:00:00
455.0,555.1106,2025-10-30 09:00:00
440.0,470.42822,2025-10-30 09:00:00
411.0,387.99374,2025-10-30 09:00:00
195.25,241.37775,2025-10-30 09:00:00
365.0,408.48108,2025-10-30 09:00:00
472.0,506.43408,2025-10-30 10:00:00
409.0,442.31918,2025-10-30 10:00:00
239.25,230.40503,2025-10-30 10:00:00
447.0,369.4271,2025-10-30 10:00:00
372.0,428.32715,2025-10-30 10:00:00
306.0,406.19272,2025-10-30 11:00:00
392.0,384.3502,2025-10-30 11:00:00
416.0,359.31686,2025-10-30 11:00:00
427.0,377.82434,2025-10-30 11:00:00
216.25,225.50201,2025-10-30 11:00:00
392.0,302.5869,2025-10-30 12:00:00
159.75,198.02576,2025-10-30 12:00:00
385.0,312.25726,2025-10-30 12:00:00
376.0,365.51138,2025-10-30 12:00:00
346.0,304.42294,2025-10-30 12:00:00
55.25,194.41818,2025-10-30 13:00:00
284.0,304.35443,2025-10-30 13:00:00
262.0,274.6579,2025-10-30 13:00:00
314.0,307.4736,2025-10-30 13:00:00
333.0,322.57877,2025-10-30 13:00:00
206.0,345.46094,2025-10-30 14:00:00
251.0,342.04013,2025-10-30 14:00:00
234.0,244.51407,2025-10-30 14:00:00
10.5,209.9206,2025-10-30 14:00:00
262.0,291.08,2025-10-30 14:00:00
240.0,375.25388,2025-10-30 15:00:00
194.0,319.87985,2025-10-30 15:00:00
205.0,282.10974,2025-10-30 15:00:00
195.0,309.00415,2025-10-30 15:00:00
10.5,219.36061,2025-10-30 15:00:00
205.0,339.8538,2025-10-30 16:00:00
345.0,408.7222,2025-10-30 16:00:00
178.0,349.22574,2025-10-30 16:00:00
10.5,195.49869,2025-10-30 16:00:00
206.0,279.56598,2025-10-30 16:00:00
233.0,384.29553,2025-10-30 17:00:00
19.0,187.15372,2025-10-30 17:00:00
216.0,384.4157,2025-10-30 17:00:00
202.0,363.61176,2025-10-30 17:00:00
269.0,394.86115,2025-10-30 17:00:00
68.0,209.22304,2025-10-30 18:00:00
280.0,448.6384,2025-10-30 18:00:00
338.0,461.7664,2025-10-30 18:00:00
254.0,329.09393,2025-10-30 18:00:00
235.0,485.06094,2025-10-30 18:00:00
364.0,535.5794,2025-10-30 19:00:00
280.0,485.28024,2025-10-30 19:00:00
289.0,389.84546,2025-10-30 19:00:00
119.0,210.65628,2025-10-30 19:00:00
370.0,502.85397,2025-10-30 19:00:00
120.75,222.6985,2025-10-30 20:00:00
405.0,474.52103,2025-10-30 20:00:00
384.0,521.7123,2025-10-30 20:00:00
379.0,408.33014,2025-10-30 20:00:00
276.0,481.6974,2025-10-30 20:00:00
333.0,477.49515,2025-10-30 21:00:00
116.75,231.65947,2025-10-30 21:00:00
431.0,464.64716,2025-10-30 21:00:00
309.0,444.75735,2025-10-30 21:00:00
255.0,571.55994,2025-10-30 21:00:00
331.0,449.97748,2025-10-30 22:00:00
319.0,369.20947,2025-10-30 22:00:00
108.25,237.35953,2025-10-30 22:00:00
357.0,568.0225,2025-10-30 22:00:00
394.0,457.29712,2025-10-30 22:00:00
353.0,417.7402,2025-10-30 23:00:00
72.66666666666667,242.62874,2025-10-30 23:00:00
311.0,421.9292,2025-10-30 23:00:00
280.0,348.16653,2025-10-30 23:00:00
477.0,561.61285,2025-10-30 23:00:00
415.0,526.95135,2025-10-31 00:00:00
305.0,406.4035,2025-10-31 00:00:00
301.0,384.40387,2025-10-31 00:00:00
50.0,301.58142,2025-10-31 00:00:00
266.0,369.81003,2025-10-31 00:00:00
263.0,386.31976,2025-10-31 01:00:00
269.0,321.79303,2025-10-31 01:00:00
343.0,486.80362,2025-10-31 01:00:00
45.75,286.11728,2025-10-31 01:00:00
260.0,392.66797,2025-10-31 01:00:00
318.0,379.80325,2025-10-31 02:00:00
232.0,315.9821,2025-10-31 02:00:00
103.0,278.75607,2025-10-31 02:00:00
222.0,385.8181,2025-10-31 02:00:00
494.0,458.99585,2025-10-31 02:00:00
334.0,361.8416,2025-10-31 03:00:00
536.0,391.00204,2025-10-31 03:00:00
75.5,279.0215,2025-10-31 03:00:00
235.0,343.86264,2025-10-31 03:00:00
239.0,299.2284,2025-10-31 03:00:00
431.0,402.03058,2025-10-31 04:00:00
244.0,301.36798,2025-10-31 04:00:00
257.0,357.31195,2025-10-31 04:00:00
16.25,271.67496,2025-10-31 04:00:00
244.0,275.62338,2025-10-31 04:00:00
243.0,422.4757,2025-10-31 05:00:00
221.0,269.71994,2025-10-31 05:00:00
16.25,277.64984,2025-10-31 05:00:00
218.0,311.5405,2025-10-31 05:00:00
317.0,448.38812,2025-10-31 05:00:00
215.0,301.09058,2025-10-31 06:00:00
300.0,448.65506,2025-10-31 06:00:00
222.0,274.20654,2025-10-31 06:00:00
249.0,400.09448,2025-10-31 06:00:00
16.25,251.68127,2025-10-31 06:00:00
251.0,391.33365,2025-10-31 07:00:00
249.0,338.23447,2025-10-31 07:00:00
225.0,298.20813,2025-10-31 07:00:00
16.25,291.76953,2025-10-31 07:00:00
161.0,405.79776,2025-10-31 07:00:00
277.0,396.0778,2025-10-31 08:00:00
311.0,389.3647,2025-10-31 08:00:00
271.0,324.49393,2025-10-31 08:00:00
299.0,373.75702,2025-10-31 08:00:00
296.0,384.21405,2025-10-31 09:00:00
264.0,323.32422,2025-10-31 09:00:00
398.0,359.21448,2025-10-31 09:00:00
316.0,367.70532,2025-10-31 09:00:00
555.0,347.50668,2025-10-31 10:00:00
276.0,298.16904,2025-10-31 10:00:00
294.0,301.82812,2025-10-31 10:00:00
294.0,251.09895,2025-10-31 10:00:00
230.0,307.6935,2025-10-31 11:00:00
488.0,359.42453,2025-10-31 11:00:00
279.0,283.86786,2025-10-31 11:00:00
361.0,299.93527,2025-10-31 11:00:00
402.3333333333333,210.7125,2025-10-31 11:00:00
399.0,231.24614,2025-10-31 12:00:00
636.0,279.04575,2025-10-31 12:00:00
226.0,238.0851,2025-10-31 12:00:00
429.0,242.79645,2025-10-31 12:00:00
505.25,215.95105,2025-10-31 12:00:00
470.25,199.5333,2025-10-31 13:00:00
593.0,317.8042,2025-10-31 13:00:00
454.0,228.30533,2025-10-31 13:00:00
210.0,248.72704,2025-10-31 13:00:00
307.0,233.63342,2025-10-31 13:00:00
374.0,206.03372,2025-10-31 14:00:00
161.0,211.84518,2025-10-31 14:00:00
198.0,202.80003,2025-10-31 14:00:00
365.5,219.03148,2025-10-31 14:00:00
417.0,284.37173,2025-10-31 14:00:00
253.5,175.36955,2025-10-31 15:00:00
189.0,173.31013,2025-10-31 15:00:00
389.0,278.457,2025-10-31 15:00:00
265.0,188.61752,2025-10-31 15:00:00
195.0,238.71046,2025-10-31 15:00:00
355.0,277.05212,2025-10-31 16:00:00
189.0,176.31258,2025-10-31 16:00:00
265.0,196.1156,2025-10-31 16:00:00
179.5,161.44035,2025-10-31 16:00:00
195.0,245.8045,2025-10-31 16:00:00
230.0,270.9757,2025-10-31 17:00:00
218.0,368.89758,2025-10-31 17:00:00
210.0,194.9439,2025-10-31 17:00:00
195.75,195.08144,2025-10-31 17:00:00
265.0,199.55727,2025-10-31 17:00:00
265.0,217.29272,2025-10-31 18:00:00
337.0,316.45483,2025-10-31 18:00:00
274.75,186.4714,2025-10-31 18:00:00
266.0,261.06927,2025-10-31 18:00:00
359.0,437.75308,2025-10-31 18:00:00
445.0,253.00104,2025-10-31 19:00:00
307.0,258.84473,2025-10-31 19:00:00
489.0,349.88324,2025-10-31 19:00:00
302.5,218.07603,2025-10-31 19:00:00
370.0,408.18118,2025-10-31 19:00:00
373.0,286.37698,2025-10-31 20:00:00
302.75,215.70163,2025-10-31 20:00:00
360.0,294.62753,2025-10-31 20:00:00
558.0,385.26788,2025-10-31 20:00:00
470.0,430.94028,2025-10-31 20:00:00
471.0,317.90036,2025-10-31 21:00:00
332.0,310.7204,2025-10-31 21:00:00
719.0,482.67816,2025-10-31 21:00:00
492.0,397.90234,2025-10-31 21:00:00
284.75,210.14923,2025-10-31 21:00:00
334.0,244.45406,2025-10-31 22:00:00
409.0,347.14658,2025-10-31 22:00:00
520.0,307.64044,2025-10-31 22:00:00
654.0,505.5748,2025-10-31 22:00:00
487.0,346.16574,2025-10-31 22:00:00
740.0,559.0186,2025-10-31 23:00:00
519.0,381.30746,2025-10-31 23:00:00
501.0,345.86655,2025-10-31 23:00:00
331.3333333333333,254.48509,2025-10-31 23:00:00
344.0,317.33163,2025-10-31 23:00:00
671.0,448.72818,2025-11-01 00:00:00
466.0,345.516,2025-11-01 00:00:00
296.5,277.75452,2025-11-01 00:00:00
500.0,351.55893,2025-11-01 00:00:00
274.0,306.03836,2025-11-01 00:00:00
406.0,331.40204,2025-11-01 01:00:00
239.0,263.41074,2025-11-01 01:00:00
306.25,269.04105,2025-11-01 01:00:00
444.0,352.20047,2025-11-01 01:00:00
609.0,476.70407,2025-11-01 01:00:00
307.25,218.5343,2025-11-01 02:00:00
328.0,348.16833,2025-11-01 02:00:00
600.0,510.22595,2025-11-01 02:00:00
208.0,281.6275,2025-11-01 02:00:00
354.0,329.658,2025-11-01 02:00:00
229.0,296.6397,2025-11-01 03:00:00
293.0,289.9477,2025-11-01 03:00:00
301.0,234.74539,2025-11-01 03:00:00
585.0,498.507,2025-11-01 03:00:00
183.0,286.3045,2025-11-01 03:00:00
302.0,246.37834,2025-11-01 04:00:00
183.0,276.1322,2025-11-01 04:00:00
508.0,464.49713,2025-11-01 04:00:00
170.0,252.36687,2025-11-01 04:00:00
269.0,286.95215,2025-11-01 04:00:00
332.25,243.86542,2025-11-01 05:00:00
288.0,316.5478,2025-11-01 05:00:00
175.0,241.96332,2025-11-01 05:00:00
501.0,487.18475,2025-11-01 05:00:00
171.0,266.6687,2025-11-01 05:00:00
164.0,244.59981,2025-11-01 06:00:00
254.0,308.67798,2025-11-01 06:00:00
314.25,255.42772,2025-11-01 06:00:00
434.0,500.76984,2025-11-01 06:00:00
222.0,273.48938,2025-11-01 06:00:00
212.0,355.3468,2025-11-01 07:00:00
203.0,262.5046,2025-11-01 07:00:00
473.0,471.35226,2025-11-01 07:00:00
338.0,225.97446,2025-11-01 07:00:00
359.0,306.34714,2025-11-01 07:00:00
620.0,435.79163,2025-11-01 08:00:00
359.0,333.65787,2025-11-01 08:00:00
337.0,308.03943,2025-11-01 08:00:00
435.75,232.51385,2025-11-01 08:00:00
385.0,355.0899,2025-11-01 08:00:00
555.0,349.79666,2025-11-01 09:00:00
395.0,257.0799,2025-11-01 09:00:00
455.0,357.0629,2025-11-01 09:00:00
364.0,299.49496,2025-11-01 09:00:00
722.0,411.69504,2025-11-01 09:00:00
353.0,440.8248,2025-11-01 10:00:00
363.75,269.3567,2025-11-01 10:00:00
318.0,358.82095,2025-11-01 10:00:00
314.0,325.94232,2025-11-01 10:00:00
338.0,357.58426,2025-11-01 10:00:00
197.0,444.28424,2025-11-01 11:00:00
221.0,334.44708,2025-11-01 11:00:00
262.25,247.90085,2025-11-01 11:00:00
302.0,364.4985,2025-11-01 11:00:00
227.0,334.33044,2025-11-01 11:00:00
202.0,333.6039,2025-11-01 12:00:00
227.0,337.79343,2025-11-01 12:00:00
302.5,213.3413,2025-11-01 12:00:00
203.0,341.22095,2025-11-01 12:00:00
240.0,330.79892,2025-11-01 12:00:00
290.0,294.4424,2025-11-01 13:00:00
191.5,210.05757,2025-11-01 13:00:00
227.0,301.00778,2025-11-01 13:00:00
217.0,274.7188,2025-11-01 13:00:00
306.0,353.82056,2025-11-01 13:00:00
261.0,280.94797,2025-11-01 14:00:00
227.0,261.6732,2025-11-01 14:00:00
145.75,225.56519,2025-11-01 14:00:00
283.0,272.08298,2025-11-01 14:00:00
195.0,259.0061,2025-11-01 14:00:00
252.0,304.6447,2025-11-01 15:00:00
238.0,292.33273,2025-11-01 15:00:00
235.0,263.31445,2025-11-01 15:00:00
137.5,197.70363,2025-11-01 15:00:00
77.0,253.66014,2025-11-01 15:00:00
122.75,185.60248,2025-11-01 16:00:00
104.0,287.69092,2025-11-01 16:00:00
235.0,265.58096,2025-11-01 16:00:00
186.0,334.55295,2025-11-01 16:00:00
186.0,315.05212,2025-11-01 16:00:00
235.0,282.33984,2025-11-01 17:00:00
185.0,331.0001,2025-11-01 17:00:00
130.0,327.43555,2025-11-01 17:00:00
183.0,379.69464,2025-11-01 17:00:00
136.5,200.40028,2025-11-01 17:00:00
167.0,207.77466,2025-11-01 18:00:00
162.0,473.22964,2025-11-01 18:00:00
200.0,401.47452,2025-11-01 18:00:00
157.0,344.47607,2025-11-01 18:00:00
300.0,384.17014,2025-11-01 18:00:00
160.0,384.17426,2025-11-01 19:00:00
273.0,420.80005,2025-11-01 19:00:00
210.0,439.81955,2025-11-01 19:00:00
153.0,522.2653,2025-11-01 19:00:00
188.5,243.31508,2025-11-01 19:00:00
233.0,572.94794,2025-11-01 20:00:00
189.0,469.65512,2025-11-01 20:00:00
279.0,582.3992,2025-11-01 20:00:00
244.0,265.21362,2025-11-01 20:00:00
241.0,508.05286,2025-11-01 20:00:00
190.0,558.0184,2025-11-01 21:00:00
283.5,285.7425,2025-11-01 21:00:00
315.0,537.9199,2025-11-01 21:00:00
252.0,606.6439,2025-11-01 21:00:00
245.0,506.38647,2025-11-01 21:00:00
183.0,609.9286,2025-11-01 22:00:00
269.0,669.9262,2025-11-01 22:00:00
213.0,530.2363,2025-11-01 22:00:00
248.75,271.0031,2025-11-01 22:00:00
297.0,515.3527,2025-11-01 22:00:00
205.0,423.98337,2025-11-01 23:00:00
250.3333333333333,241.95251,2025-11-01 23:00:00
202.0,470.76135,2025-11-01 23:00:00
338.0,579.2815,2025-11-01 23:00:00
186.0,468.65308,2025-11-01 23:00:00
250.25,283.56802,2025-11-02 00:00:00
237.0,440.29315,2025-11-02 00:00:00
186.0,422.22876,2025-11-02 00:00:00
97.0,393.3277,2025-11-02 00:00:00
279.0,527.91846,2025-11-02 00:00:00
285.0,487.08878,2025-11-02 01:00:00
125.0,360.9192,2025-11-02 01:00:00
212.0,392.14716,2025-11-02 01:00:00
247.0,251.14795,2025-11-02 01:00:00
155.0,382.52304,2025-11-02 01:00:00
150.0,340.81607,2025-11-02 02:00:00
153.0,375.6379,2025-11-02 02:00:00
253.5,227.42484,2025-11-02 02:00:00
299.0,426.4919,2025-11-02 02:00:00
152.0,348.12204,2025-11-02 02:00:00
242.5,246.98195,2025-11-02 03:00:00
136.0,337.7471,2025-11-02 03:00:00
162.0,325.519,2025-11-02 03:00:00
128.0,354.5722,2025-11-02 03:00:00
298.0,402.28394,2025-11-02 03:00:00
110.0,324.67484,2025-11-02 04:00:00
118.0,322.81537,2025-11-02 04:00:00
282.0,406.8845,2025-11-02 04:00:00
125.0,313.15988,2025-11-02 04:00:00
214.5,252.6061,2025-11-02 04:00:00
263.0,445.1087,2025-11-02 05:00:00
160.0,318.39868,2025-11-02 05:00:00
242.0,256.618,2025-11-02 05:00:00
114.0,330.823,2025-11-02 05:00:00
113.0,365.16135,2025-11-02 05:00:00
164.0,360.3293,2025-11-02 06:00:00
163.0,307.51523,2025-11-02 06:00:00
195.0,325.42078,2025-11-02 06:00:00
262.25,261.99344,2025-11-02 06:00:00
263.0,444.67935,2025-11-02 06:00:00
284.0,458.03635,2025-11-02 07:00:00
249.0,260.0846,2025-11-02 07:00:00
185.0,399.9077,2025-11-02 07:00:00
198.0,340.56165,2025-11-02 07:00:00
184.0,403.53046,2025-11-02 07:00:00
217.0,420.0533,2025-11-02 08:00:00
202.0,377.4328,2025-11-02 08:00:00
239.5,275.92163,2025-11-02 08:00:00
230.0,387.10553,2025-11-02 08:00:00
362.0,486.32855,2025-11-02 08:00:00
221.0,465.45337,2025-11-02 09:00:00
186.5,286.6686,2025-11-02 09:00:00
198.0,396.98117,2025-11-02 09:00:00
158.0,372.86398,2025-11-02 09:00:00
274.0,403.62198,2025-11-02 09:00:00
139.5,283.6693,2025-11-02 10:00:00
144.0,514.1788,2025-11-02 10:00:00
158.0,379.65704,2025-11-02 10:00:00
184.0,433.49802,2025-11-02 10:00:00
158.0,393.24158,2025-11-02 10:00:00
150.5,287.2603,2025-11-02 11:00:00
138.0,387.1791,2025-11-02 11:00:00
158.0,378.31796,2025-11-02 11:00:00
161.0,379.68237,2025-11-02 11:00:00
221.0,421.66403,2025-11-02 11:00:00
140.0,363.63846,2025-11-02 12:00:00
155.0,357.5967,2025-11-02 12:00:00
180.0,398.69363,2025-11-02 12:00:00
170.0,294.87997,2025-11-02 12:00:00
169.0,348.68542,2025-11-02 12:00:00
153.0,404.6132,2025-11-02 13:00:00
152.0,325.90674,2025-11-02 13:00:00
146.0,350.77554,2025-11-02 13:00:00
130.5,205.26787,2025-11-02 13:00:00
136.0,315.15384,2025-11-02 13:00:00
116.0,181.3752,2025-11-02 14:00:00
141.0,291.29816,2025-11-02 14:00:00
169.0,335.18594,2025-11-02 14:00:00
161.0,289.39514,2025-11-02 14:00:00
133.0,348.52567,2025-11-02 14:00:00
107.75,182.55507,2025-11-02 15:00:00
210.0,319.1011,2025-11-02 15:00:00
150.0,396.93848,2025-11-02 15:00:00
168.0,323.58545,2025-11-02 15:00:00
129.0,285.37302,2025-11-02 15:00:00
145.0,375.54926,2025-11-02 16:00:00
152.0,309.86984,2025-11-02 16:00:00
150.0,341.07434,2025-11-02 16:00:00
102.0,150.23851,2025-11-02 16:00:00
134.0,292.4504,2025-11-02 16:00:00
140.0,359.99222,2025-11-02 17:00:00
117.0,160.91457,2025-11-02 17:00:00
152.0,356.8076,2025-11-02 17:00:00
127.0,316.82333,2025-11-02 17:00:00
128.0,322.4915,2025-11-02 17:00:00
160.0,360.62436,2025-11-02 18:00:00
147.0,207.68633,2025-11-02 18:00:00
162.0,372.65692,2025-11-02 18:00:00
180.0,472.7883,2025-11-02 18:00:00
186.0,455.8647,2025-11-02 18:00:00
204.0,566.31757,2025-11-02 19:00:00
182.5,216.92616,2025-11-02 19:00:00
228.0,559.21484,2025-11-02 19:00:00
227.0,416.19104,2025-11-02 19:00:00
185.0,437.2161,2025-11-02 19:00:00
268.0,546.52386,2025-11-02 20:00:00
252.0,470.36523,2025-11-02 20:00:00
232.0,587.81,2025-11-02 20:00:00
228.0,446.3681,2025-11-02 20:00:00
234.0,222.1815,2025-11-02 20:00:00
277.0,572.94293,2025-11-02 21:00:00
291.0,455.57916,2025-11-02 21:00:00
289.0,530.4478,2025-11-02 21:00:00
277.0,477.10104,2025-11-02 21:00:00
304.25,237.27028,2025-11-02 21:00:00
364.0,498.746,2025-11-02 22:00:00
318.0,475.5779,2025-11-02 22:00:00
298.0,585.74005,2025-11-02 22:00:00
319.75,238.89842,2025-11-02 22:00:00
368.0,522.53015,2025-11-02 22:00:00
337.0,470.5927,2025-11-02 23:00:00
311.0,556.52466,2025-11-02 23:00:00
385.0,459.22986,2025-11-02 23:00:00
383.0,505.06808,2025-11-02 23:00:00
352.6666666666667,223.45987,2025-11-02 23:00:00
431.0,430.3913,2025-11-03 00:00:00
476.0,400.16043,2025-11-03 00:00:00
458.0,205.45358,2025-11-03 00:00:00
495.0,429.8188,2025-11-03 00:00:00
373.0,579.44073,2025-11-03 00:00:00
359.0,364.02908,2025-11-03 01:00:00
366.0,227.26852,2025-11-03 01:00:00
381.0,375.22363,2025-11-03 01:00:00
392.0,417.9099,2025-11-03 01:00:00
392.0,497.40826,2025-11-03 01:00:00
374.0,374.52176,2025-11-03 02:00:00
293.0,479.86853,2025-11-03 02:00:00
296.0,347.2894,2025-11-03 02:00:00
305.75,200.6624,2025-11-03 02:00:00
368.0,389.98962,2025-11-03 02:00:00
306.0,528.2598,2025-11-03 03:00:00
285.0,313.5357,2025-11-03 03:00:00
302.0,333.89197,2025-11-03 03:00:00
346.0,351.65872,2025-11-03 03:00:00
269.25,197.05548,2025-11-03 03:00:00
444.0,328.6955,2025-11-03 04:00:00
307.0,278.86813,2025-11-03 04:00:00
267.0,187.11862,2025-11-03 04:00:00
300.0,331.63013,2025-11-03 04:00:00
267.0,546.9565,2025-11-03 04:00:00
365.0,368.69534,2025-11-03 05:00:00
493.0,341.1789,2025-11-03 05:00:00
290.0,206.08932,2025-11-03 05:00:00
273.0,501.3433,2025-11-03 05:00:00
358.0,296.68152,2025-11-03 05:00:00
305.0,414.21542,2025-11-03 06:00:00
422.0,350.1204,2025-11-03 06:00:00
548.0,358.30515,2025-11-03 06:00:00
446.0,335.43375,2025-11-03 06:00:00
348.25,197.2419,2025-11-03 06:00:00
525.0,324.79144,2025-11-03 07:00:00
365.0,442.35562,2025-11-03 07:00:00
598.0,387.1723,2025-11-03 07:00:00
508.0,384.8341,2025-11-03 07:00:00
465.0,198.05792,2025-11-03 07:00:00
604.0,403.71558,2025-11-03 08:00:00
765.0,440.07443,2025-11-03 08:00:00
467.0,454.40662,2025-11-03 08:00:00
598.0,365.11496,2025-11-03 08:00:00
696.0,416.92676,2025-11-03 09:00:00
542.0,395.9561,2025-11-03 09:00:00
597.0,352.2293,2025-11-03 09:00:00
438.0,439.35135,2025-11-03 09:00:00
388.0,364.63644,2025-11-03 10:00:00
527.0,394.14047,2025-11-03 10:00:00
353.0,471.31424,2025-11-03 10:00:00
572.0,356.1836,2025-11-03 10:00:00
240.0,483.7396,2025-11-03 11:00:00
306.0,355.02048,2025-11-03 11:00:00
380.0,331.2895,2025-11-03 11:00:00
329.0,407.9675,2025-11-03 11:00:00
188.0,277.1818,2025-11-03 11:00:00
248.0,364.36624,2025-11-03 12:00:00
223.0,317.8177,2025-11-03 12:00:00
167.25,260.46164,2025-11-03 12:00:00
210.0,483.2983,2025-11-03 12:00:00
358.0,311.8996,2025-11-03 12:00:00
182.0,473.9772,2025-11-03 13:00:00
293.0,290.08755,2025-11-03 13:00:00
199.0,310.94226,2025-11-03 13:00:00
197.0,349.4363,2025-11-03 13:00:00
158.5,229.55548,2025-11-03 13:00:00
151.0,184.66428,2025-11-03 14:00:00
172.0,262.0271,2025-11-03 14:00:00
172.0,267.14667,2025-11-03 14:00:00
188.0,261.80124,2025-11-03 14:00:00
178.0,402.38675,2025-11-03 14:00:00
171.0,350.4657,2025-11-03 15:00:00
160.0,245.21446,2025-11-03 15:00:00
141.75,210.88855,2025-11-03 15:00:00
196.0,225.31361,2025-11-03 15:00:00
167.0,231.21031,2025-11-03 15:00:00
197.0,230.34015,2025-11-03 16:00:00
211.0,349.24387,2025-11-03 16:00:00
141.0,215.01051,2025-11-03 16:00:00
126.25,224.69032,2025-11-03 16:00:00
150.0,252.44008,2025-11-03 16:00:00
263.0,320.5596,2025-11-03 17:00:00
176.0,238.47977,2025-11-03 17:00:00
189.0,281.1448,2025-11-03 17:00:00
213.0,250.77876,2025-11-03 17:00:00
135.25,202.52174,2025-11-03 17:00:00
161.5,200.01219,2025-11-03 18:00:00
276.0,410.116,2025-11-03 18:00:00
197.0,271.18747,2025-11-03 18:00:00
177.0,291.51627,2025-11-03 18:00:00
193.0,336.854,2025-11-03 18:00:00
284.0,473.00323,2025-11-03 19:00:00
201.5,228.96645,2025-11-03 19:00:00
221.0,337.63455,2025-11-03 19:00:00
242.0,301.36932,2025-11-03 19:00:00
261.0,441.07343,2025-11-03 19:00:00
219.75,247.97382,2025-11-03 20:00:00
267.0,400.03638,2025-11-03 20:00:00
313.0,342.3399,2025-11-03 20:00:00
246.0,539.7047,2025-11-03 20:00:00
312.0,556.10223,2025-11-03 20:00:00
342.0,541.81494,2025-11-03 21:00:00
276.0,418.24402,2025-11-03 21:00:00
282.0,549.78064,2025-11-03 21:00:00
249.25,258.65414,2025-11-03 21:00:00
309.0,367.09055,2025-11-03 21:00:00
315.0,245.4213,2025-11-03 22:00:00
359.0,489.17294,2025-11-03 22:00:00
294.0,707.4273,2025-11-03 22:00:00
258.0,388.02554,2025-11-03 22:00:00
282.0,505.4988,2025-11-03 22:00:00
221.0,400.09137,2025-11-03 23:00:00
304.0,480.326,2025-11-03 23:00:00
521.0,680.00366,2025-11-03 23:00:00
215.0,359.2224,2025-11-03 23:00:00
325.6666666666667,265.01743,2025-11-03 23:00:00
249.0,349.64935,2025-11-04 00:00:00
485.25,274.87732,2025-11-04 00:00:00
282.0,297.62744,2025-11-04 00:00:00
355.0,430.00067,2025-11-04 00:00:00
621.0,632.493,2025-11-04 00:00:00
513.75,250.67285,2025-11-04 01:00:00
352.0,302.23544,2025-11-04 01:00:00
427.0,404.4665,2025-11-04 01:00:00
517.0,593.7864,2025-11-04 01:00:00
359.0,361.9643,2025-11-04 01:00:00
393.0,284.3679,2025-11-04 02:00:00
504.5,242.41225,2025-11-04 02:00:00
466.0,401.44754,2025-11-04 02:00:00
263.0,349.97104,2025-11-04 02:00:00
498.0,645.9102,2025-11-04 02:00:00
489.0,399.0628,2025-11-04 03:00:00
374.0,277.0723,2025-11-04 03:00:00
538.0,645.067,2025-11-04 03:00:00
552.75,246.81546,2025-11-04 03:00:00
293.0,320.35922,2025-11-04 03:00:00
559.0,582.47876,2025-11-04 04:00:00
413.0,253.7436,2025-11-04 04:00:00
626.0,317.32547,2025-11-04 04:00:00
593.25,239.04376,2025-11-04 04:00:00
324.0,302.47452,2025-11-04 04:00:00
418.0,243.23915,2025-11-04 05:00:00
340.0,294.83313,2025-11-04 05:00:00
609.0,362.83163,2025-11-04 05:00:00
560.0,484.22568,2025-11-04 05:00:00
594.75,268.8999,2025-11-04 05:00:00
524.25,274.76022,2025-11-04 06:00:00
576.0,484.58368,2025-11-04 06:00:00
509.0,356.52545,2025-11-04 06:00:00
393.0,240.53294,2025-11-04 06:00:00
376.0,340.32913,2025-11-04 06:00:00
384.0,391.81268,2025-11-04 07:00:00
493.0,494.69827,2025-11-04 07:00:00
497.25,266.27954,2025-11-04 07:00:00
421.0,406.47177,2025-11-04 07:00:00
363.0,276.2413,2025-11-04 07:00:00
639.0,313.9137,2025-11-04 08:00:00
521.0,484.32547,2025-11-04 08:00:00
461.25,273.6653,2025-11-04 08:00:00
437.0,420.74466,2025-11-04 08:00:00
421.0,474.1818,2025-11-04 08:00:00
368.0,329.38348,2025-11-04 09:00:00
404.75,283.181,2025-11-04 09:00:00
549.0,532.32294,2025-11-04 09:00:00
418.0,429.64264,2025-11-04 09:00:00
373.0,475.2135,2025-11-04 09:00:00
373.0,537.7906,2025-11-04 10:00:00
338.75,282.26416,2025-11-04 10:00:00
466.0,421.77136,2025-11-04 10:00:00
385.0,356.55988,2025-11-04 10:00:00
390.0,348.23096,2025-11-04 10:00:00
317.0,451.85535,2025-11-04 11:00:00
374.0,344.78293,2025-11-04 11:00:00
412.0,362.41797,2025-11-04 11:00:00
320.3333333333333,280.30048,2025-11-04 11:00:00
430.0,302.54578,2025-11-04 11:00:00
280.25,266.56573,2025-11-04 12:00:00
274.0,285.56458,2025-11-04 12:00:00
480.0,319.9471,2025-11-04 12:00:00
316.0,360.3125,2025-11-04 12:00:00
296.0,365.5023,2025-11-04 12:00:00
271.0,330.24988,2025-11-04 13:00:00
243.0,234.52835,2025-11-04 13:00:00
228.0,284.85,2025-11-04 13:00:00
300.0,376.68063,2025-11-04 13:00:00
427.0,243.71457,2025-11-04 13:00:00
222.0,218.36804,2025-11-04 14:00:00
187.25,239.17322,2025-11-04 14:00:00
250.0,400.00436,2025-11-04 14:00:00
253.0,204.40947,2025-11-04 14:00:00
271.0,269.03867,2025-11-04 14:00:00
238.0,171.58958,2025-11-04 15:00:00
158.75,188.50743,2025-11-04 15:00:00
238.0,386.6137,2025-11-04 15:00:00
222.0,242.9149,2025-11-04 15:00:00
210.0,215.38313,2025-11-04 15:00:00
189.0,162.43495,2025-11-04 16:00:00
185.0,228.70944,2025-11-04 16:00:00
257.0,350.29282,2025-11-04 16:00:00
155.75,130.43938,2025-11-04 16:00:00
197.0,202.9004,2025-11-04 16:00:00
169.0,144.586,2025-11-04 17:00:00
215.0,231.9622,2025-11-04 17:00:00
193.0,237.28836,2025-11-04 17:00:00
259.0,260.2137,2025-11-04 17:00:00
193.0,180.75717,2025-11-04 17:00:00
221.25,217.33325,2025-11-04 18:00:00
301.0,297.9005,2025-11-04 18:00:00
241.0,241.87204,2025-11-04 18:00:00
246.0,259.40887,2025-11-04 18:00:00
289.0,368.63406,2025-11-04 18:00:00
317.0,312.06372,2025-11-04 19:00:00
327.0,347.44006,2025-11-04 19:00:00
415.0,434.01968,2025-11-04 19:00:00
252.0,456.33997,2025-11-04 19:00:00
285.5,261.57608,2025-11-04 19:00:00
379.0,342.61655,2025-11-04 20:00:00
305.0,501.9302,2025-11-04 20:00:00
289.75,243.11621,2025-11-04 20:00:00
400.0,477.0103,2025-11-04 20:00:00
352.0,373.13376,2025-11-04 20:00:00
390.0,420.84494,2025-11-04 21:00:00
458.0,508.78143,2025-11-04 21:00:00
381.0,512.5721,2025-11-04 21:00:00
325.25,266.4115,2025-11-04 21:00:00
325.0,362.40866,2025-11-04 21:00:00
399.0,458.88928,2025-11-04 22:00:00
355.0,284.29712,2025-11-04 22:00:00
366.0,442.70654,2025-11-04 22:00:00
387.0,532.51715,2025-11-04 22:00:00
288.0,395.53818,2025-11-04 22:00:00
407.0,418.56555,2025-11-04 23:00:00
381.6666666666667,304.84308,2025-11-04 23:00:00
458.0,519.7767,2025-11-04 23:00:00
558.0,406.35864,2025-11-04 23:00:00
277.0,346.14603,2025-11-04 23:00:00
407.0,406.43954,2025-11-05 00:00:00
406.0,401.2919,2025-11-05 00:00:00
289.0,317.6267,2025-11-05 00:00:00
392.75,278.92917,2025-11-05 00:00:00
409.0,486.5043,2025-11-05 00:00:00
366.0,408.76596,2025-11-05 01:00:00
376.0,418.60803,2025-11-05 01:00:00
405.0,503.39886,2025-11-05 01:00:00
362.0,256.43503,2025-11-05 01:00:00
372.5,279.8054,2025-11-05 01:00:00
477.0,487.98245,2025-11-05 02:00:00
307.0,349.2536,2025-11-05 02:00:00
456.5,265.93195,2025-11-05 02:00:00
252.0,264.77963,2025-11-05 02:00:00
429.0,366.2731,2025-11-05 02:00:00
555.0,265.67886,2025-11-05 03:00:00
324.0,351.1152,2025-11-05 03:00:00
515.0,498.3832,2025-11-05 03:00:00
260.0,247.96082,2025-11-05 03:00:00
483.0,339.42563,2025-11-05 03:00:00
532.0,485.53415,2025-11-05 04:00:00
521.0,337.14282,2025-11-05 04:00:00
337.0,217.8692,2025-11-05 04:00:00
595.5,277.28375,2025-11-05 04:00:00
261.0,268.13257,2025-11-05 04:00:00
239.0,286.66492,2025-11-05 05:00:00
563.0,514.06793,2025-11-05 05:00:00
602.25,279.44696,2025-11-05 05:00:00
349.0,226.17188,2025-11-05 05:00:00
537.0,303.94073,2025-11-05 05:00:00
600.0,484.40024,2025-11-05 06:00:00
289.0,295.36612,2025-11-05 06:00:00
336.0,265.57922,2025-11-05 06:00:00
627.75,268.9166,2025-11-05 06:00:00
534.0,317.9226,2025-11-05 06:00:00
340.0,289.99835,2025-11-05 07:00:00
649.0,292.9882,2025-11-05 07:00:00
550.0,345.92673,2025-11-05 07:00:00
596.0,370.39963,2025-11-05 07:00:00
617.0,482.75577,2025-11-05 07:00:00
307.0,377.25146,2025-11-05 08:00:00
547.0,356.9965,2025-11-05 08:00:00
780.0,454.43286,2025-11-05 08:00:00
559.5,317.05106,2025-11-05 08:00:00
379.0,323.00845,2025-11-05 08:00:00
472.75,284.07904,2025-11-05 09:00:00
780.0,381.3576,2025-11-05 09:00:00
512.0,301.18872,2025-11-05 09:00:00
449.0,272.68427,2025-11-05 09:00:00
318.0,412.26398,2025-11-05 09:00:00
432.0,356.7582,2025-11-05 10:00:00
571.0,303.04538,2025-11-05 10:00:00
815.0,347.87973,2025-11-05 10:00:00
474.0,270.77103,2025-11-05 10:00:00
566.5,262.60532,2025-11-05 10:00:00
526.0,219.9563,2025-11-05 11:00:00
435.25,227.74907,2025-11-05 11:00:00
815.0,285.80087,2025-11-05 11:00:00
650.0,252.14644,2025-11-05 11:00:00
489.0,315.03467,2025-11-05 11:00:00
489.0,227.09944,2025-11-05 12:00:00
351.0,279.0571,2025-11-05 12:00:00
403.0,208.32372,2025-11-05 12:00:00
497.0,226.56522,2025-11-05 12:00:00
327.0,235.0777,2025-11-05 12:00:00
285.0,227.18669,2025-11-05 13:00:00
350.0,208.29697,2025-11-05 13:00:00
368.0,190.99309,2025-11-05 13:00:00
470.0,233.78156,2025-11-05 13:00:00
301.75,195.09465,2025-11-05 13:00:00
311.0,235.26678,2025-11-05 14:00:00
285.75,162.49057,2025-11-05 14:00:00
368.0,175.73038,2025-11-05 14:00:00
331.0,189.40988,2025-11-05 14:00:00
370.0,203.29872,2025-11-05 14:00:00
266.25,124.77496,2025-11-05 15:00:00
305.0,238.69391,2025-11-05 15:00:00
287.0,170.18858,2025-11-05 15:00:00
368.0,160.13947,2025-11-05 15:00:00
311.0,197.04063,2025-11-05 15:00:00
257.0,110.761284,2025-11-05 16:00:00
282.0,173.72035,2025-11-05 16:00:00
310.0,223.65157,2025-11-05 16:00:00
315.0,172.43434,2025-11-05 16:00:00
368.0,147.16168,2025-11-05 16:00:00
311.0,190.21022,2025-11-05 17:00:00
305.0,164.64784,2025-11-05 17:00:00
287.25,141.03984,2025-11-05 17:00:00
334.0,241.98471,2025-11-05 17:00:00
594.0,203.14494,2025-11-05 18:00:00
324.0,290.47574,2025-11-05 18:00:00
329.0,160.88318,2025-11-05 18:00:00
332.0,175.48145,2025-11-05 18:00:00
505.0,282.76422,2025-11-05 19:00:00
400.0,198.32376,2025-11-05 19:00:00
374.0,313.2655,2025-11-05 19:00:00
367.75,210.16228,2025-11-05 19:00:00
433.0,380.85724,2025-11-05 20:00:00
461.0,423.2341,2025-11-05 20:00:00
460.0,274.32358,2025-11-05 20:00:00
383.0,292.9903,2025-11-05 20:00:00
512.0,392.01062,2025-11-05 21:00:00
371.75,330.52716,2025-11-05 21:00:00
471.0,476.2169,2025-11-05 21:00:00
482.0,313.5274,2025-11-05 21:00:00
494.0,416.18277,2025-11-05 21:00:00
515.0,359.7344,2025-11-05 22:00:00
459.0,384.94504,2025-11-05 22:00:00
453.0,435.7243,2025-11-05 22:00:00
477.0,334.73587,2025-11-05 22:00:00
399.5,333.07904,2025-11-05 22:00:00
432.0,415.1754,2025-11-05 23:00:00
517.0,318.83398,2025-11-05 23:00:00
414.6666666666667,336.86588,2025-11-05 23:00:00
466.0,307.59146,2025-11-05 23:00:00
401.0,461.11456,2025-11-05 23:00:00
429.0,441.93448,2025-11-06 00:00:00
406.0,348.29758,2025-11-06 00:00:00
450.0,283.69516,2025-11-06 00:00:00
382.25,314.90994,2025-11-06 00:00:00
466.0,339.60675,2025-11-06 00:00:00
370.0,284.66415,2025-11-06 01:00:00
459.0,284.9112,2025-11-06 01:00:00
389.0,338.5396,2025-11-06 01:00:00
367.0,412.69733,2025-11-06 01:00:00
445.0,278.9462,2025-11-06 01:00:00
396.0,320.8735,2025-11-06 02:00:00
419.0,277.471,2025-11-06 02:00:00
399.0,353.7579,2025-11-06 02:00:00
401.25,276.33344,2025-11-06 02:00:00
414.0,326.98712,2025-11-06 02:00:00
459.25,265.20386,2025-11-06 03:00:00
453.0,301.8575,2025-11-06 03:00:00
458.0,344.16376,2025-11-06 03:00:00
462.0,232.90651,2025-11-06 03:00:00
421.0,276.0187,2025-11-06 03:00:00
484.0,321.93573,2025-11-06 04:00:00
528.0,256.0179,2025-11-06 04:00:00
442.0,253.42052,2025-11-06 04:00:00
528.0,232.67795,2025-11-06 04:00:00
398.0,279.45715,2025-11-06 04:00:00
524.75,246.43265,2025-11-06 05:00:00
335.0,291.61227,2025-11-06 05:00:00
471.0,260.83658,2025-11-06 05:00:00
532.0,330.9506,2025-11-06 05:00:00
525.0,220.83131,2025-11-06 05:00:00
491.0,289.63065,2025-11-06 06:00:00
514.0,269.5965,2025-11-06 06:00:00
329.0,354.24637,2025-11-06 06:00:00
567.0,352.49902,2025-11-06 06:00:00
525.25,261.43356,2025-11-06 06:00:00
524.25,303.83215,2025-11-06 07:00:00
459.0,326.67368,2025-11-06 07:00:00
517.0,347.0409,2025-11-06 07:00:00
566.0,373.17047,2025-11-06 07:00:00
345.0,436.21884,2025-11-06 07:00:00
597.0,433.0011,2025-11-06 08:00:00
515.0,335.1013,2025-11-06 08:00:00
517.0,387.96558,2025-11-06 08:00:00
357.0,441.40994,2025-11-06 08:00:00
459.0,393.33432,2025-11-06 08:00:00
493.0,421.77795,2025-11-06 09:00:00
504.0,418.50464,2025-11-06 09:00:00
415.0,446.84927,2025-11-06 09:00:00
491.5,353.61948,2025-11-06 09:00:00
498.0,435.65756,2025-11-06 09:00:00
466.0,352.3875,2025-11-06 10:00:00
406.5,288.91083,2025-11-06 10:00:00
389.0,412.55328,2025-11-06 10:00:00
459.0,448.68488,2025-11-06 10:00:00
470.0,406.1783,2025-11-06 10:00:00
329.25,254.65251,2025-11-06 11:00:00
370.0,357.37195,2025-11-06 11:00:00
350.0,406.27454,2025-11-06 11:00:00
437.0,338.46393,2025-11-06 11:00:00
420.0,297.02332,2025-11-06 11:00:00
343.0,321.03333,2025-11-06 12:00:00
286.5,218.73747,2025-11-06 12:00:00
321.0,282.32843,2025-11-06 12:00:00
382.0,306.67053,2025-11-06 12:00:00
269.0,363.4447,2025-11-06 12:00:00
290.0,286.02338,2025-11-06 13:00:00
268.0,304.33774,2025-11-06 13:00:00
248.0,185.40729,2025-11-06 13:00:00
312.0,271.7257,2025-11-06 13:00:00
229.0,340.51822,2025-11-06 13:00:00
256.0,268.15338,2025-11-06 14:00:00
229.0,312.29187,2025-11-06 14:00:00
163.0,230.40889,2025-11-06 14:00:00
245.0,269.41708,2025-11-06 14:00:00
158.75,224.38565,2025-11-06 14:00:00
147.0,194.57362,2025-11-06 15:00:00
155.0,293.3611,2025-11-06 15:00:00
160.0,257.28165,2025-11-06 15:00:00
128.0,182.08467,2025-11-06 15:00:00
202.0,337.9322,2025-11-06 15:00:00
136.0,239.75824,2025-11-06 16:00:00
134.0,168.49197,2025-11-06 16:00:00
166.0,271.57645,2025-11-06 16:00:00
168.0,202.501,2025-11-06 16:00:00
239.0,297.68088,2025-11-06 16:00:00
157.0,167.48561,2025-11-06 17:00:00
185.0,292.75278,2025-11-06 17:00:00
255.0,343.87933,2025-11-06 17:00:00
193.0,207.05017,2025-11-06 17:00:00
184.0,237.85283,2025-11-06 17:00:00
302.0,275.1413,2025-11-06 18:00:00
258.75,201.96744,2025-11-06 18:00:00
240.0,218.99434,2025-11-06 18:00:00
316.0,307.28122,2025-11-06 18:00:00
477.0,347.35962,2025-11-06 18:00:00
297.75,224.42903,2025-11-06 19:00:00
403.0,335.6389,2025-11-06 19:00:00
330.0,361.00238,2025-11-06 19:00:00
306.0,278.70502,2025-11-06 19:00:00
444.0,448.02527,2025-11-06 19:00:00
447.0,367.80902,2025-11-06 20:00:00
348.75,288.75946,2025-11-06 20:00:00
421.0,554.6837,2025-11-06 20:00:00
290.0,377.96875,2025-11-06 20:00:00
365.0,339.68503,2025-11-06 20:00:00
395.0,556.22296,2025-11-06 21:00:00
415.0,445.45697,2025-11-06 21:00:00
509.0,463.53387,2025-11-06 21:00:00
380.0,349.37943,2025-11-06 21:00:00
349.0,458.59348,2025-11-06 21:00:00
404.25,359.96896,2025-11-06 22:00:00
428.0,470.47427,2025-11-06 22:00:00
447.0,599.8901,2025-11-06 22:00:00
331.0,468.9034,2025-11-06 22:00:00
501.0,440.59247,2025-11-06 22:00:00
422.0,469.56528,2025-11-06 23:00:00
517.0,471.7192,2025-11-06 23:00:00
403.3333333333333,429.49063,2025-11-06 23:00:00
444.0,553.6477,2025-11-06 23:00:00
326.0,488.88336,2025-11-06 23:00:00
317.0,429.62714,2025-11-07 00:00:00
375.0,362.0774,2025-11-07 00:00:00
421.0,557.3069,2025-11-07 00:00:00
361.0,427.305,2025-11-07 00:00:00
416.0,465.6136,2025-11-07 00:00:00
394.0,536.5164,2025-11-07 01:00:00
331.5,381.2274,2025-11-07 01:00:00
362.0,384.30017,2025-11-07 01:00:00
341.0,404.0022,2025-11-07 01:00:00
359.0,402.6878,2025-11-07 01:00:00
368.0,396.95056,2025-11-07 02:00:00
347.0,344.7914,2025-11-07 02:00:00
351.0,362.64047,2025-11-07 02:00:00
378.0,466.45917,2025-11-07 02:00:00
357.0,397.6559,2025-11-07 02:00:00
377.0,387.24374,2025-11-07 03:00:00
453.0,490.45908,2025-11-07 03:00:00
394.0,335.43915,2025-11-07 03:00:00
412.25,355.41055,2025-11-07 03:00:00
418.0,416.0711,2025-11-07 03:00:00
368.0,373.80396,2025-11-07 04:00:00
472.0,354.51086,2025-11-07 04:00:00
537.0,517.57245,2025-11-07 04:00:00
451.0,364.425,2025-11-07 04:00:00
451.0,461.00677,2025-11-07 04:00:00
360.0,392.72855,2025-11-07 05:00:00
577.0,510.60837,2025-11-07 05:00:00
482.0,358.16016,2025-11-07 05:00:00
458.0,494.9871,2025-11-07 05:00:00
470.25,349.18094,2025-11-07 05:00:00
501.0,377.3055,2025-11-07 06:00:00
594.0,494.74066,2025-11-07 06:00:00
486.0,436.95114,2025-11-07 06:00:00
478.5,335.21954,2025-11-07 06:00:00
365.0,400.88293,2025-11-07 06:00:00
385.0,443.76212,2025-11-07 07:00:00
454.75,360.97064,2025-11-07 07:00:00
459.0,358.69415,2025-11-07 07:00:00
611.0,516.7917,2025-11-07 07:00:00
483.0,415.7557,2025-11-07 07:00:00
533.0,476.85947,2025-11-07 08:00:00
470.0,434.5217,2025-11-07 08:00:00
404.25,386.7996,2025-11-07 08:00:00
405.0,426.72018,2025-11-07 08:00:00
606.0,519.31537,2025-11-07 08:00:00
428.5,361.07367,2025-11-07 09:00:00
456.0,419.28928,2025-11-07 09:00:00
538.0,439.2493,2025-11-07 09:00:00
500.0,535.8976,2025-11-07 09:00:00
478.0,432.9222,2025-11-07 09:00:00
472.0,405.8098,2025-11-07 10:00:00
462.0,408.45438,2025-11-07 10:00:00
500.0,484.9908,2025-11-07 10:00:00
450.0,348.10217,2025-11-07 10:00:00
578.0,431.18027,2025-11-07 10:00:00
454.75,306.7786,2025-11-07 11:00:00
532.0,390.3138,2025-11-07 11:00:00
484.0,378.69064,2025-11-07 11:00:00
578.0,398.38342,2025-11-07 11:00:00
453.0,370.73605,2025-11-07 11:00:00
467.0,315.0311,2025-11-07 12:00:00
578.0,353.68732,2025-11-07 12:00:00
353.0,360.19455,2025-11-07 12:00:00
408.0,355.33774,2025-11-07 12:00:00
309.75,313.72577,2025-11-07 12:00:00
376.0,353.4984,2025-11-07 13:00:00
382.0,337.2559,2025-11-07 13:00:00
266.0,356.12927,2025-11-07 13:00:00
274.75,302.43976,2025-11-07 13:00:00
407.0,300.817,2025-11-07 13:00:00
371.0,257.18097,2025-11-07 14:00:00
321.0,316.9302,2025-11-07 14:00:00
364.0,323.21442,2025-11-07 14:00:00
292.25,274.5344,2025-11-07 14:00:00
326.0,336.14868,2025-11-07 14:00:00
285.0,287.44733,2025-11-07 15:00:00
332.0,324.82867,2025-11-07 15:00:00
306.0,350.9378,2025-11-07 15:00:00
444.0,245.80731,2025-11-07 15:00:00
410.0,281.1058,2025-11-07 15:00:00
300.0,267.93234,2025-11-07 16:00:00
260.0,275.08792,2025-11-07 16:00:00
412.0,234.96434,2025-11-07 16:00:00
289.0,336.56302,2025-11-07 16:00:00
458.0,248.04367,2025-11-07 16:00:00
482.0,231.69753,2025-11-07 17:00:00
326.0,376.43103,2025-11-07 17:00:00
332.0,270.00327,2025-11-07 17:00:00
638.0,254.15112,2025-11-07 17:00:00
284.0,286.48993,2025-11-07 17:00:00
490.0,295.7807,2025-11-07 18:00:00
358.0,295.1263,2025-11-07 18:00:00
388.0,286.8699,2025-11-07 18:00:00
411.0,431.6942,2025-11-07 18:00:00
798.0,336.32657,2025-11-07 18:00:00
417.0,336.4174,2025-11-07 19:00:00
551.0,368.93915,2025-11-07 19:00:00
537.0,463.08987,2025-11-07 19:00:00
472.0,344.53452,2025-11-07 19:00:00
664.0,454.09058,2025-11-07 19:00:00
714.0,547.00366,2025-11-07 20:00:00
564.0,391.5895,2025-11-07 20:00:00
575.0,427.28366,2025-11-07 20:00:00
558.0,426.37518,2025-11-07 20:00:00
448.0,374.69965,2025-11-07 20:00:00
588.0,413.11282,2025-11-07 21:00:00
504.0,370.70804,2025-11-07 21:00:00
520.0,432.32233,2025-11-07 21:00:00
657.0,510.67957,2025-11-07 21:00:00
738.0,563.8345,2025-11-07 21:00:00
686.0,482.988,2025-11-07 22:00:00
637.0,518.33826,2025-11-07 22:00:00
531.0,440.37735,2025-11-07 22:00:00
500.0,391.2354,2025-11-07 22:00:00
771.0,472.28214,2025-11-07 22:00:00
719.0,485.31506,2025-11-07 23:00:00
493.0,411.7082,2025-11-07 23:00:00
707.0,436.19495,2025-11-07 23:00:00
584.0,438.81384,2025-11-07 23:00:00
746.0,550.4303,2025-11-07 23:00:00
687.0,424.22562,2025-11-08 00:00:00
471.0,380.36893,2025-11-08 00:00:00
679.0,454.9673,2025-11-08 00:00:00
692.0,491.6555,2025-11-08 00:00:00
616.25,386.63788,2025-11-08 00:00:00
566.0,459.69046,2025-11-08 01:00:00
680.0,553.51074,2025-11-08 01:00:00
570.0,446.38834,2025-11-08 01:00:00
478.0,393.38425,2025-11-08 01:00:00
624.75,352.51602,2025-11-08 01:00:00
489.0,367.7123,2025-11-08 02:00:00
537.0,418.24106,2025-11-08 02:00:00
665.0,507.05038,2025-11-08 02:00:00
624.75,334.47418,2025-11-08 02:00:00
637.0,386.9848,2025-11-08 02:00:00
533.0,374.1393,2025-11-08 03:00:00
519.0,366.97382,2025-11-08 03:00:00
511.0,400.49527,2025-11-08 03:00:00
677.0,520.00073,2025-11-08 03:00:00
589.75,376.17792,2025-11-08 03:00:00
525.0,343.81897,2025-11-08 04:00:00
574.0,395.90552,2025-11-08 04:00:00
603.0,405.25183,2025-11-08 04:00:00
664.0,528.47614,2025-11-08 04:00:00
532.0,323.30783,2025-11-08 04:00:00
501.0,299.60852,2025-11-08 05:00:00
611.0,395.33472,2025-11-08 05:00:00
688.0,546.8957,2025-11-08 05:00:00
605.75,364.0673,2025-11-08 05:00:00
517.0,361.62167,2025-11-08 05:00:00
495.0,305.80426,2025-11-08 06:00:00
601.0,386.62903,2025-11-08 06:00:00
600.0,404.6213,2025-11-08 06:00:00
470.0,376.54593,2025-11-08 06:00:00
703.0,557.6259,2025-11-08 06:00:00
576.0,428.31274,2025-11-08 07:00:00
591.75,384.2902,2025-11-08 07:00:00
729.0,545.9872,2025-11-08 07:00:00
487.0,323.27292,2025-11-08 07:00:00
459.0,458.41913,2025-11-08 07:00:00
588.0,427.848,2025-11-08 08:00:00
515.0,356.5812,2025-11-08 08:00:00
774.0,563.68506,2025-11-08 08:00:00
604.5,386.13135,2025-11-08 08:00:00
543.0,436.6411,2025-11-08 08:00:00
722.0,554.25745,2025-11-08 09:00:00
628.0,352.29324,2025-11-08 09:00:00
624.0,429.33542,2025-11-08 09:00:00
535.0,384.00372,2025-11-08 09:00:00
566.0,408.68454,2025-11-08 09:00:00
664.0,552.7803,2025-11-08 10:00:00
651.0,386.36606,2025-11-08 10:00:00
614.0,357.61472,2025-11-08 10:00:00
650.0,394.5737,2025-11-08 10:00:00
541.0,401.87463,2025-11-08 10:00:00
550.0,529.9367,2025-11-08 11:00:00
559.0,400.2105,2025-11-08 11:00:00
521.0,372.69156,2025-11-08 11:00:00
435.0,349.32172,2025-11-08 11:00:00
604.0,423.34937,2025-11-08 11:00:00
443.0,481.99966,2025-11-08 12:00:00
422.0,362.57816,2025-11-08 12:00:00
484.0,365.55652,2025-11-08 12:00:00
435.0,332.73383,2025-11-08 12:00:00
525.0,386.43668,2025-11-08 12:00:00
132.0,290.9054,2025-11-08 13:00:00
382.0,472.84735,2025-11-08 13:00:00
310.0,359.63202,2025-11-08 13:00:00
397.0,355.97528,2025-11-08 13:00:00
426.0,342.34235,2025-11-08 13:00:00
327.0,318.76157,2025-11-08 14:00:00
331.0,349.43573,2025-11-08 14:00:00
368.0,382.5434,2025-11-08 14:00:00
341.0,304.30463,2025-11-08 14:00:00
329.5,291.8079,2025-11-08 14:00:00
322.0,296.0126,2025-11-08 15:00:00
250.25,282.84082,2025-11-08 15:00:00
269.0,347.6487,2025-11-08 15:00:00
371.0,299.5063,2025-11-08 15:00:00
260.0,316.01178,2025-11-08 15:00:00
239.0,283.6834,2025-11-08 16:00:00
249.0,301.80307,2025-11-08 16:00:00
295.0,302.65125,2025-11-08 16:00:00
231.0,278.35345,2025-11-08 16:00:00
257.0,349.7277,2025-11-08 16:00:00
275.25,284.57266,2025-11-08 17:00:00
305.0,327.7431,2025-11-08 17:00:00
276.0,294.90073,2025-11-08 17:00:00
451.0,334.89148,2025-11-08 17:00:00
326.0,297.17877,2025-11-08 18:00:00
425.0,404.6045,2025-11-08 18:00:00
696.0,473.21863,2025-11-08 18:00:00
328.5,315.8059,2025-11-08 18:00:00
373.75,379.6836,2025-11-08 19:00:00
581.0,650.18427,2025-11-08 19:00:00
367.0,386.70105,2025-11-08 19:00:00
476.0,370.16476,2025-11-08 19:00:00
405.0,397.43634,2025-11-08 20:00:00
577.0,461.19028,2025-11-08 20:00:00
550.0,623.9013,2025-11-08 20:00:00
407.0,455.5911,2025-11-08 20:00:00
519.0,500.51175,2025-11-08 21:00:00
509.0,615.6143,2025-11-08 21:00:00
485.75,419.84683,2025-11-08 21:00:00
337.0,475.29123,2025-11-08 21:00:00
563.0,581.9535,2025-11-08 21:00:00
593.25,461.04108,2025-11-08 22:00:00
453.0,578.0807,2025-11-08 22:00:00
366.0,496.4042,2025-11-08 22:00:00
576.0,604.8901,2025-11-08 22:00:00
600.0,556.9726,2025-11-08 22:00:00
555.0,578.68005,2025-11-08 23:00:00
600.0,578.30725,2025-11-08 23:00:00
621.6666666666666,420.11832,2025-11-08 23:00:00
404.0,457.91205,2025-11-08 23:00:00
486.0,569.88043,2025-11-08 23:00:00
720.25,380.978,2025-11-09 00:00:00
463.0,448.14142,2025-11-09 00:00:00
632.0,523.7505,2025-11-09 00:00:00
639.0,462.51114,2025-11-09 00:00:00
655.0,496.42288,2025-11-09 00:00:00
696.0,440.11154,2025-11-09 01:00:00
525.0,414.38718,2025-11-09 01:00:00
732.0,453.68903,2025-11-09 01:00:00
732.25,362.38235,2025-11-09 01:00:00
698.0,414.00348,2025-11-09 01:00:00
674.0,423.94916,2025-11-09 02:00:00
710.75,356.1247,2025-11-09 02:00:00
546.0,366.85022,2025-11-09 02:00:00
696.0,441.4793,2025-11-09 02:00:00
720.0,430.59436,2025-11-09 02:00:00
609.0,359.42435,2025-11-09 03:00:00
657.0,414.05762,2025-11-09 03:00:00
825.0,402.27914,2025-11-09 03:00:00
588.0,444.6784,2025-11-09 03:00:00
657.75,359.4354,2025-11-09 03:00:00
639.0,351.60995,2025-11-09 04:00:00
632.0,404.54333,2025-11-09 04:00:00
586.0,484.0192,2025-11-09 04:00:00
618.0,352.4907,2025-11-09 04:00:00
528.0,362.9149,2025-11-09 04:00:00
480.0,344.7197,2025-11-09 05:00:00
667.0,353.17334,2025-11-09 05:00:00
701.0,395.9861,2025-11-09 05:00:00
639.0,348.72745,2025-11-09 05:00:00
655.0,516.6589,2025-11-09 05:00:00
431.0,359.8972,2025-11-09 06:00:00
637.0,393.52634,2025-11-09 06:00:00
649.0,507.22238,2025-11-09 06:00:00
602.0,356.98877,2025-11-09 06:00:00
632.5,390.7124,2025-11-09 06:00:00
603.0,416.86838,2025-11-09 07:00:00
537.0,384.86884,2025-11-09 07:00:00
432.0,421.64978,2025-11-09 07:00:00
647.0,536.94525,2025-11-09 07:00:00
598.5,403.0126,2025-11-09 07:00:00
727.0,576.2988,2025-11-09 08:00:00
603.5,377.47272,2025-11-09 08:00:00
511.0,428.01923,2025-11-09 08:00:00
904.0,390.0397,2025-11-09 08:00:00
638.0,425.09976,2025-11-09 08:00:00
664.0,416.41043,2025-11-09 09:00:00
569.0,449.45392,2025-11-09 09:00:00
703.0,529.3751,2025-11-09 09:00:00
646.75,343.52283,2025-11-09 09:00:00
594.0,399.89124,2025-11-09 09:00:00
547.0,407.77246,2025-11-09 10:00:00
631.0,403.68643,2025-11-09 10:00:00
614.0,435.01437,2025-11-09 10:00:00
660.5,330.44632,2025-11-09 10:00:00
705.0,490.94717,2025-11-09 10:00:00
587.0,482.55273,2025-11-09 11:00:00
519.0,382.47794,2025-11-09 11:00:00
602.0,363.50925,2025-11-09 11:00:00
544.0,291.55154,2025-11-09 11:00:00
506.0,361.31006,2025-11-09 11:00:00
556.0,345.85278,2025-11-09 12:00:00
479.75,307.30466,2025-11-09 12:00:00
493.0,395.33224,2025-11-09 12:00:00
691.0,341.6715,2025-11-09 12:00:00
473.0,369.98587,2025-11-09 12:00:00
390.0,368.64343,2025-11-09 13:00:00
404.0,345.09036,2025-11-09 13:00:00
420.0,370.61923,2025-11-09 13:00:00
519.0,312.3431,2025-11-09 13:00:00
370.25,306.772,2025-11-09 13:00:00
312.0,296.49683,2025-11-09 14:00:00
342.0,322.68713,2025-11-09 14:00:00
421.0,310.91702,2025-11-09 14:00:00
338.0,361.37726,2025-11-09 14:00:00
342.0,327.15918,2025-11-09 14:00:00
310.0,281.83194,2025-11-09 15:00:00
369.0,257.09534,2025-11-09 15:00:00
305.0,258.33664,2025-11-09 15:00:00
309.0,343.7335,2025-11-09 15:00:00
273.5,285.24936,2025-11-09 15:00:00
324.0,250.0979,2025-11-09 16:00:00
268.0,258.89847,2025-11-09 16:00:00
342.0,310.2564,2025-11-09 16:00:00
277.0,294.89468,2025-11-09 16:00:00
298.0,324.01135,2025-11-09 16:00:00
369.0,209.13937,2025-11-09 17:00:00
304.0,324.5515,2025-11-09 17:00:00
293.0,314.05103,2025-11-09 17:00:00
302.0,341.2527,2025-11-09 17:00:00
291.25,290.52322,2025-11-09 17:00:00
353.5,303.93652,2025-11-09 18:00:00
377.0,353.99536,2025-11-09 18:00:00
492.0,536.67114,2025-11-09 18:00:00
349.0,263.18024,2025-11-09 18:00:00
362.0,335.7304,2025-11-09 18:00:00
492.0,555.8691,2025-11-09 19:00:00
389.0,463.3415,2025-11-09 19:00:00
397.0,419.35568,2025-11-09 19:00:00
357.0,391.63364,2025-11-09 19:00:00
406.0,432.24554,2025-11-09 19:00:00
455.0,516.4953,2025-11-09 20:00:00
455.0,443.14365,2025-11-09 20:00:00
419.0,405.29633,2025-11-09 20:00:00
475.0,615.7509,2025-11-09 20:00:00
532.0,387.07336,2025-11-09 20:00:00
589.0,528.42554,2025-11-09 21:00:00
483.0,506.9232,2025-11-09 21:00:00
459.0,454.1353,2025-11-09 21:00:00
422.0,422.67484,2025-11-09 21:00:00
639.0,459.21512,2025-11-09 21:00:00
552.0,576.55145,2025-11-09 22:00:00
544.0,505.07007,2025-11-09 22:00:00
559.0,467.6695,2025-11-09 22:00:00
452.25,412.30972,2025-11-09 22:00:00
501.0,438.21933,2025-11-09 22:00:00
417.0,394.06705,2025-11-09 23:00:00
646.0,481.07477,2025-11-09 23:00:00
506.0,455.8127,2025-11-09 23:00:00
518.0,457.96194,2025-11-09 23:00:00
555.0,546.4551,2025-11-09 23:00:00
516.0,431.49402,2025-11-10 00:00:00
452.0,406.75815,2025-11-10 00:00:00
581.0,476.93027,2025-11-10 00:00:00
505.0,495.6319,2025-11-10 00:00:00
452.0,364.06168,2025-11-10 00:00:00
465.0,452.01404,2025-11-10 01:00:00
542.0,407.12186,2025-11-10 01:00:00
525.0,451.78665,2025-11-10 01:00:00
471.0,375.94595,2025-11-10 01:00:00
513.25,350.7206,2025-11-10 01:00:00
529.25,376.61392,2025-11-10 02:00:00
433.0,423.80338,2025-11-10 02:00:00
491.0,393.09494,2025-11-10 02:00:00
527.0,388.848,2025-11-10 02:00:00
570.0,399.08118,2025-11-10 02:00:00
543.0,396.77692,2025-11-10 03:00:00
519.25,365.92133,2025-11-10 03:00:00
491.0,361.985,2025-11-10 03:00:00
409.0,373.76413,2025-11-10 03:00:00
578.0,410.78326,2025-11-10 03:00:00
464.0,354.92618,2025-11-10 04:00:00
580.0,445.6792,2025-11-10 04:00:00
398.0,371.05817,2025-11-10 04:00:00
572.0,402.84647,2025-11-10 04:00:00
550.25,372.58542,2025-11-10 04:00:00
432.0,398.40134,2025-11-10 05:00:00
539.25,350.01096,2025-11-10 05:00:00
522.0,386.9644,2025-11-10 05:00:00
379.0,345.46103,2025-11-10 05:00:00
544.0,505.50113,2025-11-10 05:00:00
610.0,525.1167,2025-11-10 06:00:00
378.0,372.91467,2025-11-10 06:00:00
416.0,411.18738,2025-11-10 06:00:00
500.0,395.25366,2025-11-10 06:00:00
511.0,376.3041,2025-11-10 06:00:00
530.5,390.15265,2025-11-10 07:00:00
495.0,435.26135,2025-11-10 07:00:00
617.0,518.0873,2025-11-10 07:00:00
409.0,382.7256,2025-11-10 07:00:00
419.0,394.64267,2025-11-10 07:00:00
572.5,371.6231,2025-11-10 08:00:00
489.0,412.63977,2025-11-10 08:00:00
472.0,435.5962,2025-11-10 08:00:00
670.0,449.8136,2025-11-10 08:00:00
753.0,511.6219,2025-11-10 08:00:00
791.0,479.4069,2025-11-10 09:00:00
690.0,441.96487,2025-11-10 09:00:00
636.0,453.29712,2025-11-10 09:00:00
623.0,363.03195,2025-11-10 09:00:00
543.0,429.7666,2025-11-10 09:00:00
591.0,429.57205,2025-11-10 10:00:00
648.0,463.90533,2025-11-10 10:00:00
602.0,424.96945,2025-11-10 10:00:00
628.5,351.71945,2025-11-10 10:00:00
569.0,448.29224,2025-11-10 10:00:00
449.0,474.84872,2025-11-10 11:00:00
549.0,380.4507,2025-11-10 11:00:00
496.5,323.50717,2025-11-10 11:00:00
503.0,416.6109,2025-11-10 11:00:00
520.0,370.06754,2025-11-10 11:00:00
440.0,408.3727,2025-11-10 12:00:00
404.75,300.7642,2025-11-10 12:00:00
509.0,383.70883,2025-11-10 12:00:00
400.0,408.7688,2025-11-10 12:00:00
514.0,330.1588,2025-11-10 12:00:00
514.0,308.5184,2025-11-10 13:00:00
393.0,344.75797,2025-11-10 13:00:00
381.5,251.41724,2025-11-10 13:00:00
455.0,334.7663,2025-11-10 13:00:00
370.0,352.26947,2025-11-10 13:00:00
361.0,286.62683,2025-11-10 14:00:00
498.0,278.27966,2025-11-10 14:00:00
351.25,241.86385,2025-11-10 14:00:00
355.0,293.8551,2025-11-10 14:00:00
393.0,326.86008,2025-11-10 14:00:00
309.25,246.44337,2025-11-10 15:00:00
353.0,275.64377,2025-11-10 15:00:00
415.0,281.3452,2025-11-10 15:00:00
393.0,337.3658,2025-11-10 15:00:00
389.0,289.02353,2025-11-10 15:00:00
439.25,241.94458,2025-11-10 16:00:00
445.0,357.2338,2025-11-10 16:00:00
313.0,309.83075,2025-11-10 16:00:00
409.0,356.89737,2025-11-10 16:00:00
373.0,307.76007,2025-11-10 16:00:00
395.0,430.49878,2025-11-10 17:00:00
393.0,342.50668,2025-11-10 17:00:00
425.0,264.27295,2025-11-10 17:00:00
324.0,292.81558,2025-11-10 17:00:00
362.0,367.93625,2025-11-10 17:00:00
478.0,412.63354,2025-11-10 18:00:00
426.0,414.55258,2025-11-10 18:00:00
574.0,608.79553,2025-11-10 18:00:00
379.0,327.07178,2025-11-10 18:00:00
387.0,305.99417,2025-11-10 18:00:00
537.0,644.8694,2025-11-10 19:00:00
424.0,483.60632,2025-11-10 19:00:00
528.0,542.4006,2025-11-10 19:00:00
469.0,389.56924,2025-11-10 19:00:00
399.5,361.38464,2025-11-10 19:00:00
520.0,604.46765,2025-11-10 20:00:00
462.0,502.59912,2025-11-10 20:00:00
543.0,582.23663,2025-11-10 20:00:00
505.0,472.19064,2025-11-10 20:00:00
415.5,404.40033,2025-11-10 20:00:00
611.0,588.54865,2025-11-10 21:00:00
436.0,420.2137,2025-11-10 21:00:00
508.0,539.5132,2025-11-10 21:00:00
462.0,586.6726,2025-11-10 21:00:00
434.0,550.62555,2025-11-10 21:00:00
459.75,492.68454,2025-11-10 22:00:00
370.0,516.966,2025-11-10 22:00:00
603.0,605.5388,2025-11-10 22:00:00
523.0,552.15155,2025-11-10 22:00:00
440.0,647.0477,2025-11-10 22:00:00
376.0,504.8705,2025-11-10 23:00:00
483.0,616.73126,2025-11-10 23:00:00
508.0,550.79254,2025-11-10 23:00:00
591.0,617.2183,2025-11-10 23:00:00
446.6666666666667,457.5344,2025-11-10 23:00:00
424.25,526.5908,2025-11-11 00:00:00
459.0,666.0871,2025-11-11 00:00:00
483.0,587.7586,2025-11-11 00:00:00
543.0,625.21,2025-11-11 00:00:00
342.0,554.569,2025-11-11 00:00:00
437.0,609.6906,2025-11-11 01:00:00
427.25,489.86728,2025-11-11 01:00:00
483.0,621.8205,2025-11-11 01:00:00
418.0,612.5713,2025-11-11 01:00:00
324.0,586.1108,2025-11-11 01:00:00
329.0,552.16705,2025-11-11 02:00:00
400.0,561.542,2025-11-11 02:00:00
438.0,571.63666,2025-11-11 02:00:00
413.25,490.8456,2025-11-11 02:00:00
353.0,593.3796,2025-11-11 02:00:00
423.5,534.9819,2025-11-11 03:00:00
422.0,594.6917,2025-11-11 03:00:00
335.0,583.76654,2025-11-11 03:00:00
344.0,581.39954,2025-11-11 03:00:00
387.0,588.20557,2025-11-11 03:00:00
313.0,585.3103,2025-11-11 04:00:00
350.0,542.3892,2025-11-11 04:00:00
384.0,585.68964,2025-11-11 04:00:00
470.0,602.0738,2025-11-11 04:00:00
426.5,509.6411,2025-11-11 04:00:00
409.25,555.14355,2025-11-11 05:00:00
471.0,603.6022,2025-11-11 05:00:00
374.0,574.44135,2025-11-11 05:00:00
349.0,529.0083,2025-11-11 05:00:00
315.0,582.2279,2025-11-11 05:00:00
397.5,572.3881,2025-11-11 06:00:00
339.0,537.87476,2025-11-11 06:00:00
450.0,623.2312,2025-11-11 06:00:00
422.0,557.8417,2025-11-11 06:00:00
314.0,571.0042,2025-11-11 06:00:00
371.5,548.1721,2025-11-11 07:00:00
438.0,568.9771,2025-11-11 07:00:00
453.0,646.37274,2025-11-11 07:00:00
353.0,560.6181,2025-11-11 07:00:00
347.0,589.8486,2025-11-11 07:00:00
386.0,631.78424,2025-11-11 08:00:00
353.0,612.91016,2025-11-11 08:00:00
536.0,638.9646,2025-11-11 08:00:00
362.0,596.92645,2025-11-11 08:00:00
439.0,602.3007,2025-11-11 08:00:00
371.25,559.57117,2025-11-11 09:00:00
375.0,621.6374,2025-11-11 09:00:00
465.0,643.4203,2025-11-11 09:00:00
450.0,649.1416,2025-11-11 09:00:00
353.0,633.59,2025-11-11 09:00:00
493.0,624.4633,2025-11-11 10:00:00
422.0,658.08777,2025-11-11 10:00:00
480.0,627.9949,2025-11-11 10:00:00
521.0,677.6816,2025-11-11 10:00:00
393.5,551.8504,2025-11-11 10:00:00
428.5,487.96295,2025-11-11 11:00:00
370.0,633.9841,2025-11-11 11:00:00
442.0,580.7796,2025-11-11 11:00:00
454.0,709.102,2025-11-11 11:00:00
482.0,561.6895,2025-11-11 11:00:00
400.0,453.3281,2025-11-11 12:00:00
375.0,510.04056,2025-11-11 12:00:00
454.0,639.0734,2025-11-11 12:00:00
440.0,545.9054,2025-11-11 12:00:00
364.0,561.68274,2025-11-11 12:00:00
313.0,494.31708,2025-11-11 13:00:00
385.0,492.3017,2025-11-11 13:00:00
416.0,450.2038,2025-11-11 13:00:00
364.25,368.47293,2025-11-11 13:00:00
412.0,493.31564,2025-11-11 13:00:00
372.0,424.52313,2025-11-11 14:00:00
333.75,358.81805,2025-11-11 14:00:00
374.0,471.5971,2025-11-11 14:00:00
315.0,454.62018,2025-11-11 14:00:00
351.0,407.2698,2025-11-11 14:00:00
304.0,442.11426,2025-11-11 15:00:00
291.5,359.69495,2025-11-11 15:00:00
374.0,416.0011,2025-11-11 15:00:00
316.0,398.2627,2025-11-11 15:00:00
340.0,431.93015,2025-11-11 15:00:00
313.0,437.03284,2025-11-11 16:00:00
260.0,367.35773,2025-11-11 16:00:00
309.0,481.95282,2025-11-11 16:00:00
256.25,308.86115,2025-11-11 16:00:00
374.0,375.81638,2025-11-11 16:00:00
300.0,451.89563,2025-11-11 17:00:00
374.0,418.71558,2025-11-11 17:00:00
315.0,562.0978,2025-11-11 17:00:00
278.0,390.29785,2025-11-11 17:00:00
273.0,316.6755,2025-11-11 17:00:00
364.0,575.04517,2025-11-11 18:00:00
311.0,467.22287,2025-11-11 18:00:00
353.0,487.4571,2025-11-11 18:00:00
323.75,459.3506,2025-11-11 18:00:00
460.0,769.5054,2025-11-11 18:00:00
442.0,645.8422,2025-11-11 19:00:00
359.5,552.71313,2025-11-11 19:00:00
393.0,538.0038,2025-11-11 19:00:00
481.0,814.37726,2025-11-11 19:00:00
388.0,585.8711,2025-11-11 19:00:00
512.0,815.61646,2025-11-11 20:00:00
450.0,604.00214,2025-11-11 20:00:00
393.75,566.09247,2025-11-11 20:00:00
505.0,693.14813,2025-11-11 20:00:00
393.0,591.0283,2025-11-11 20:00:00
393.0,606.11804,2025-11-11 21:00:00
577.0,734.66003,2025-11-11 21:00:00
484.0,674.4817,2025-11-11 21:00:00
536.0,772.50745,2025-11-11 21:00:00
451.75,591.40466,2025-11-11 21:00:00
409.0,591.45105,2025-11-11 22:00:00
509.0,758.2441,2025-11-11 22:00:00
483.75,622.1212,2025-11-11 22:00:00
622.0,725.3355,2025-11-11 22:00:00
514.0,643.04205,2025-11-11 22:00:00
392.0,606.94336,2025-11-11 23:00:00
659.0,714.62195,2025-11-11 23:00:00
492.3333333333333,602.90967,2025-11-11 23:00:00
553.0,734.05963,2025-11-11 23:00:00
516.0,595.22375,2025-11-11 23:00:00
500.0,579.3121,2025-11-12 00:00:00
475.5,539.4048,2025-11-12 00:00:00
593.0,708.69086,2025-11-12 00:00:00
521.0,535.94696,2025-11-12 00:00:00
456.0,673.7874,2025-11-12 00:00:00
442.0,627.6873,2025-11-12 01:00:00
447.0,602.40814,2025-11-12 01:00:00
480.0,694.1848,2025-11-12 01:00:00
440.0,557.0926,2025-11-12 01:00:00
481.75,445.9593,2025-11-12 01:00:00
427.0,580.82916,2025-11-12 02:00:00
537.0,665.79065,2025-11-12 02:00:00
490.0,511.23734,2025-11-12 02:00:00
447.0,617.2014,2025-11-12 02:00:00
552.0,579.8532,2025-11-12 02:00:00
445.0,551.8118,2025-11-12 03:00:00
421.0,569.97284,2025-11-12 03:00:00
405.0,653.50116,2025-11-12 03:00:00
537.0,639.87115,2025-11-12 03:00:00
494.25,479.13547,2025-11-12 03:00:00
537.0,654.1697,2025-11-12 04:00:00
381.0,571.819,2025-11-12 04:00:00
462.0,539.5629,2025-11-12 04:00:00
485.75,468.20746,2025-11-12 04:00:00
387.0,580.7001,2025-11-12 04:00:00
371.0,533.696,2025-11-12 05:00:00
480.25,496.86008,2025-11-12 05:00:00
576.0,654.23444,2025-11-12 05:00:00
387.0,538.73126,2025-11-12 05:00:00
481.0,543.0893,2025-11-12 05:00:00
506.0,558.11865,2025-11-12 06:00:00
388.0,519.5312,2025-11-12 06:00:00
523.0,644.32385,2025-11-12 06:00:00
373.0,532.99994,2025-11-12 06:00:00
449.0,491.5105,2025-11-12 06:00:00
344.0,555.55536,2025-11-12 07:00:00
422.0,488.47574,2025-11-12 07:00:00
533.0,625.8339,2025-11-12 07:00:00
498.0,538.687,2025-11-12 07:00:00
393.0,547.7158,2025-11-12 07:00:00
355.0,592.4223,2025-11-12 08:00:00
445.0,554.1204,2025-11-12 08:00:00
394.5,516.704,2025-11-12 08:00:00
451.0,624.02734,2025-11-12 08:00:00
501.0,656.13574,2025-11-12 08:00:00
380.0,532.9907,2025-11-12 09:00:00
440.0,579.9512,2025-11-12 09:00:00
473.0,631.1767,2025-11-12 09:00:00
367.0,616.8757,2025-11-12 09:00:00
486.0,566.9763,2025-11-12 09:00:00
506.0,562.57654,2025-11-12 10:00:00
581.0,686.8434,2025-11-12 10:00:00
395.75,509.80713,2025-11-12 10:00:00
416.0,613.0352,2025-11-12 10:00:00
453.0,593.8333,2025-11-12 10:00:00
512.0,728.2378,2025-11-12 11:00:00
466.0,421.467,2025-11-12 11:00:00
472.0,546.89905,2025-11-12 11:00:00
356.0,573.82874,2025-11-12 11:00:00
504.0,607.05426,2025-11-12 11:00:00
438.0,520.92194,2025-11-12 12:00:00
451.0,654.4914,2025-11-12 12:00:00
367.0,593.3493,2025-11-12 12:00:00
377.5,419.44913,2025-11-12 12:00:00
447.0,621.57025,2025-11-12 12:00:00
337.0,601.877,2025-11-12 13:00:00
308.75,336.4153,2025-11-12 13:00:00
316.0,501.02368,2025-11-12 13:00:00
431.0,586.90857,2025-11-12 13:00:00
411.0,519.80255,2025-11-12 13:00:00
317.0,553.16406,2025-11-12 14:00:00
300.0,463.94464,2025-11-12 14:00:00
288.0,524.4634,2025-11-12 14:00:00
290.5,411.15375,2025-11-12 14:00:00
315.0,444.379,2025-11-12 14:00:00
346.0,525.04254,2025-11-12 15:00:00
268.75,300.08206,2025-11-12 15:00:00
316.0,554.3546,2025-11-12 15:00:00
307.0,384.65738,2025-11-12 15:00:00
298.0,387.24118,2025-11-12 15:00:00
321.0,354.02402,2025-11-12 16:00:00
272.0,372.54248,2025-11-12 16:00:00
297.0,448.6475,2025-11-12 16:00:00
221.75,314.226,2025-11-12 16:00:00
345.0,439.45535,2025-11-12 16:00:00
296.0,424.5402,2025-11-12 17:00:00
267.0,426.00186,2025-11-12 17:00:00
246.0,354.24524,2025-11-12 17:00:00
332.0,555.1734,2025-11-12 17:00:00
232.0,383.92053,2025-11-12 17:00:00
324.5,477.18646,2025-11-12 18:00:00
274.0,470.0528,2025-11-12 18:00:00
541.0,683.4771,2025-11-12 18:00:00
347.0,563.664,2025-11-12 18:00:00
328.0,588.8836,2025-11-12 18:00:00
349.0,692.8895,2025-11-12 19:00:00
433.0,614.85443,2025-11-12 19:00:00
329.5,529.6631,2025-11-12 19:00:00
374.0,585.39294,2025-11-12 19:00:00
545.0,785.4279,2025-11-12 19:00:00
360.0,559.19116,2025-11-12 20:00:00
531.0,790.34686,2025-11-12 20:00:00
390.0,625.1432,2025-11-12 20:00:00
511.0,649.18524,2025-11-12 20:00:00
390.0,608.1652,2025-11-12 20:00:00
422.0,609.82697,2025-11-12 21:00:00
462.0,711.9731,2025-11-12 21:00:00
533.0,712.67584,2025-11-12 21:00:00
419.0,627.20245,2025-11-12 21:00:00
409.25,574.8124,2025-11-12 21:00:00
519.25,594.91986,2025-11-12 22:00:00
352.0,639.7335,2025-11-12 22:00:00
489.0,629.98303,2025-11-12 22:00:00
494.0,654.6155,2025-11-12 22:00:00
586.0,752.4204,2025-11-12 22:00:00
609.0,630.18567,2025-11-12 23:00:00
373.0,645.9871,2025-11-12 23:00:00
531.0,724.4394,2025-11-12 23:00:00
454.0,637.17365,2025-11-12 23:00:00
595.0,572.0307,2025-11-12 23:00:00
597.0,717.17566,2025-11-13 00:00:00
603.25,616.197,2025-11-13 00:00:00
589.0,684.5601,2025-11-13 00:00:00
373.0,702.5055,2025-11-13 00:00:00
433.0,663.91345,2025-11-13 00:00:00
672.0,680.8542,2025-11-13 01:00:00
396.0,610.42505,2025-11-13 01:00:00
566.0,679.00366,2025-11-13 01:00:00
376.0,714.26904,2025-11-13 01:00:00
604.75,594.9858,2025-11-13 01:00:00
653.0,660.3257,2025-11-13 02:00:00
559.0,696.1172,2025-11-13 02:00:00
371.0,684.8108,2025-11-13 02:00:00
353.0,595.003,2025-11-13 02:00:00
588.25,588.45557,2025-11-13 02:00:00
575.25,543.9936,2025-11-13 03:00:00
657.0,613.6246,2025-11-13 03:00:00
342.0,596.52124,2025-11-13 03:00:00
359.0,593.5789,2025-11-13 03:00:00
555.0,644.9012,2025-11-13 03:00:00
547.0,622.40656,2025-11-13 04:00:00
348.0,584.1862,2025-11-13 04:00:00
670.0,627.9997,2025-11-13 04:00:00
313.0,582.2014,2025-11-13 04:00:00
539.25,547.2952,2025-11-13 04:00:00
365.0,562.06506,2025-11-13 05:00:00
466.75,520.17017,2025-11-13 05:00:00
338.0,561.5723,2025-11-13 05:00:00
600.0,608.59656,2025-11-13 05:00:00
531.0,579.18884,2025-11-13 05:00:00
559.0,644.65656,2025-11-13 06:00:00
306.0,571.26984,2025-11-13 06:00:00
506.0,568.80615,2025-11-13 06:00:00
402.25,515.6193,2025-11-13 06:00:00
354.0,570.25507,2025-11-13 06:00:00
407.5,524.1738,2025-11-13 07:00:00
338.0,592.1616,2025-11-13 07:00:00
453.0,563.6157,2025-11-13 07:00:00
295.0,583.06146,2025-11-13 07:00:00
504.0,656.8234,2025-11-13 07:00:00
353.0,621.95886,2025-11-13 08:00:00
323.0,625.1556,2025-11-13 08:00:00
588.0,643.22394,2025-11-13 08:00:00
462.0,574.93677,2025-11-13 08:00:00
428.25,531.80634,2025-11-13 08:00:00
447.0,546.41925,2025-11-13 09:00:00
473.0,591.08655,2025-11-13 09:00:00
386.0,617.0321,2025-11-13 09:00:00
417.0,636.3668,2025-11-13 09:00:00
490.0,600.9507,2025-11-13 09:00:00
461.25,555.3641,2025-11-13 10:00:00
442.0,635.8649,2025-11-13 10:00:00
506.0,592.45715,2025-11-13 10:00:00
503.0,638.0916,2025-11-13 10:00:00
370.0,646.5741,2025-11-13 10:00:00
415.0,589.4143,2025-11-13 11:00:00
455.0,579.6853,2025-11-13 11:00:00
480.0,590.4569,2025-11-13 11:00:00
379.5,510.9187,2025-11-13 11:00:00
363.0,657.90295,2025-11-13 11:00:00
359.0,591.5336,2025-11-13 12:00:00
373.0,557.49634,2025-11-13 12:00:00
293.5,489.00702,2025-11-13 12:00:00
412.0,588.54736,2025-11-13 12:00:00
368.0,597.61615,2025-11-13 12:00:00
200.0,494.4473,2025-11-13 13:00:00
290.0,613.76526,2025-11-13 13:00:00
254.0,533.5025,2025-11-13 13:00:00
291.0,571.1282,2025-11-13 13:00:00
340.0,571.32776,2025-11-13 13:00:00
223.0,529.71075,2025-11-13 14:00:00
230.0,500.38022,2025-11-13 14:00:00
232.0,593.089,2025-11-13 14:00:00
158.75,427.39673,2025-11-13 14:00:00
211.0,531.92456,2025-11-13 14:00:00
215.0,476.9157,2025-11-13 15:00:00
208.0,511.7526,2025-11-13 15:00:00
189.0,477.66147,2025-11-13 15:00:00
174.0,373.9707,2025-11-13 15:00:00
212.0,444.48648,2025-11-13 15:00:00
213.0,480.40927,2025-11-13 16:00:00
194.75,393.01337,2025-11-13 16:00:00
218.0,403.14658,2025-11-13 16:00:00
206.0,527.352,2025-11-13 16:00:00
241.0,548.46234,2025-11-13 16:00:00
244.0,475.03833,2025-11-13 17:00:00
203.0,470.52722,2025-11-13 17:00:00
224.0,436.7078,2025-11-13 17:00:00
271.0,539.1519,2025-11-13 17:00:00
214.0,570.5872,2025-11-13 17:00:00
276.0,476.31284,2025-11-13 18:00:00
403.0,739.0219,2025-11-13 18:00:00
293.0,505.83762,2025-11-13 18:00:00
256.0,584.8919,2025-11-13 18:00:00
285.0,576.0423,2025-11-13 18:00:00
327.0,625.9282,2025-11-13 19:00:00
350.0,600.4133,2025-11-13 19:00:00
405.0,754.6527,2025-11-13 19:00:00
394.0,636.28217,2025-11-13 19:00:00
296.5,560.8874,2025-11-13 19:00:00
362.0,631.343,2025-11-13 20:00:00
325.0,580.4162,2025-11-13 20:00:00
355.0,724.1638,2025-11-13 20:00:00
415.0,743.6523,2025-11-13 20:00:00
498.0,724.5459,2025-11-13 20:00:00
360.75,562.6625,2025-11-13 21:00:00
404.0,740.531,2025-11-13 21:00:00
444.0,765.31256,2025-11-13 21:00:00
382.0,628.26654,2025-11-13 21:00:00
369.0,714.55554,2025-11-13 21:00:00
454.0,762.90985,2025-11-13 22:00:00
418.5,583.3122,2025-11-13 22:00:00
416.0,719.06433,2025-11-13 22:00:00
337.0,740.9583,2025-11-13 22:00:00
394.0,629.59314,2025-11-13 22:00:00
443.0,654.88873,2025-11-13 23:00:00
363.0,666.86554,2025-11-13 23:00:00
500.0,744.3685,2025-11-13 23:00:00
406.0,713.7962,2025-11-13 23:00:00
479.6666666666667,559.6607,2025-11-13 23:00:00
510.0,757.5286,2025-11-14 00:00:00
347.0,687.8439,2025-11-14 00:00:00
467.0,706.15643,2025-11-14 00:00:00
494.5,605.8008,2025-11-14 00:00:00
414.0,720.2584,2025-11-14 00:00:00
319.0,659.9611,2025-11-14 01:00:00
508.0,599.6618,2025-11-14 01:00:00
426.0,645.61835,2025-11-14 01:00:00
621.0,737.1845,2025-11-14 01:00:00
459.0,694.23456,2025-11-14 01:00:00
503.0,554.63306,2025-11-14 02:00:00
315.0,658.49335,2025-11-14 02:00:00
554.0,704.31915,2025-11-14 02:00:00
449.0,668.4335,2025-11-14 02:00:00
353.0,646.76917,2025-11-14 02:00:00
434.0,657.5017,2025-11-14 03:00:00
313.0,636.8491,2025-11-14 03:00:00
532.0,682.78253,2025-11-14 03:00:00
289.0,626.94934,2025-11-14 03:00:00
503.0,545.0918,2025-11-14 03:00:00
273.0,617.15454,2025-11-14 04:00:00
318.0,621.708,2025-11-14 04:00:00
498.0,559.50964,2025-11-14 04:00:00
426.0,624.35516,2025-11-14 04:00:00
527.0,692.0012,2025-11-14 04:00:00
542.0,677.1111,2025-11-14 05:00:00
455.75,554.7994,2025-11-14 05:00:00
420.0,622.75885,2025-11-14 05:00:00
305.0,586.5692,2025-11-14 05:00:00
254.0,584.4016,2025-11-14 05:00:00
528.0,651.2135,2025-11-14 06:00:00
298.0,583.5201,2025-11-14 06:00:00
401.0,542.9861,2025-11-14 06:00:00
251.0,592.68494,2025-11-14 06:00:00
439.0,592.7489,2025-11-14 06:00:00
462.0,727.45776,2025-11-14 07:00:00
412.0,591.2273,2025-11-14 07:00:00
223.0,619.638,2025-11-14 07:00:00
293.0,625.39246,2025-11-14 07:00:00
306.25,536.52295,2025-11-14 07:00:00
276.25,541.9803,2025-11-14 08:00:00
335.0,650.0593,2025-11-14 08:00:00
434.0,724.54254,2025-11-14 08:00:00
344.0,616.4741,2025-11-14 08:00:00
266.0,665.7253,2025-11-14 08:00:00
367.0,707.59924,2025-11-14 09:00:00
340.0,621.53955,2025-11-14 09:00:00
362.0,658.4175,2025-11-14 09:00:00
307.0,583.98615,2025-11-14 09:00:00
399.0,610.5486,2025-11-14 09:00:00
329.75,598.5349,2025-11-14 10:00:00
377.0,642.7134,2025-11-14 10:00:00
442.0,703.807,2025-11-14 10:00:00
528.0,599.6087,2025-11-14 10:00:00
394.0,603.015,2025-11-14 10:00:00
376.0,600.3948,2025-11-14 11:00:00
346.25,606.6205,2025-11-14 11:00:00
409.0,645.8212,2025-11-14 11:00:00
331.0,647.2067,2025-11-14 11:00:00
411.0,643.23737,2025-11-14 11:00:00
354.0,618.0596,2025-11-14 12:00:00
291.0,675.5066,2025-11-14 12:00:00
331.0,652.65784,2025-11-14 12:00:00
318.0,609.2432,2025-11-14 12:00:00
364.0,578.3223,2025-11-14 12:00:00
366.0,688.34717,2025-11-14 13:00:00
269.0,657.4876,2025-11-14 13:00:00
247.25,585.2329,2025-11-14 13:00:00
302.0,583.5521,2025-11-14 13:00:00
310.0,599.243,2025-11-14 13:00:00
252.0,615.5014,2025-11-14 14:00:00
269.0,600.1466,2025-11-14 14:00:00
226.0,696.3435,2025-11-14 14:00:00
269.0,593.5022,2025-11-14 14:00:00
235.5,569.58594,2025-11-14 14:00:00
205.5,476.568,2025-11-14 15:00:00
220.0,611.6853,2025-11-14 15:00:00
267.0,630.4988,2025-11-14 15:00:00
245.0,579.27216,2025-11-14 15:00:00
238.0,603.23157,2025-11-14 15:00:00
182.75,550.93225,2025-11-14 16:00:00
213.0,477.9484,2025-11-14 16:00:00
241.0,613.06085,2025-11-14 16:00:00
245.0,643.3408,2025-11-14 16:00:00
222.0,613.4766,2025-11-14 16:00:00
240.5,564.31915,2025-11-14 17:00:00
525.0,605.8369,2025-11-14 17:00:00
219.0,620.7893,2025-11-14 17:00:00
200.0,564.30255,2025-11-14 17:00:00
263.0,638.7362,2025-11-14 17:00:00
277.0,700.0516,2025-11-14 18:00:00
342.75,600.88617,2025-11-14 18:00:00
393.0,669.26904,2025-11-14 18:00:00
256.0,593.8244,2025-11-14 18:00:00
480.0,737.0295,2025-11-14 18:00:00
451.0,679.55005,2025-11-14 19:00:00
454.0,739.5218,2025-11-14 19:00:00
322.0,656.40234,2025-11-14 19:00:00
448.0,721.99866,2025-11-14 19:00:00
359.25,597.43304,2025-11-14 19:00:00
553.0,837.9124,2025-11-14 20:00:00
428.0,754.7667,2025-11-14 20:00:00
448.0,698.17957,2025-11-14 20:00:00
528.0,722.1296,2025-11-14 20:00:00
383.75,604.7142,2025-11-14 20:00:00
515.0,732.7967,2025-11-14 21:00:00
506.0,651.4939,2025-11-14 21:00:00
564.0,887.5089,2025-11-14 21:00:00
372.75,588.90436,2025-11-14 21:00:00
553.0,712.26843,2025-11-14 21:00:00
500.0,658.67584,2025-11-14 22:00:00
705.0,913.5322,2025-11-14 22:00:00
594.0,699.6853,2025-11-14 22:00:00
335.0,594.6356,2025-11-14 22:00:00
506.0,733.55695,2025-11-14 22:00:00
754.0,878.5073,2025-11-14 23:00:00
394.0,661.9254,2025-11-14 23:00:00
553.0,691.18414,2025-11-14 23:00:00
442.0,710.1789,2025-11-14 23:00:00
344.6666666666667,603.65424,2025-11-14 23:00:00
469.0,518.06757,2025-11-15 00:00:00
538.0,595.5461,2025-11-15 00:00:00
363.0,539.35333,2025-11-15 00:00:00
345.0,479.13992,2025-11-15 00:00:00
690.0,711.1162,2025-11-15 00:00:00
467.0,504.29074,2025-11-15 01:00:00
561.0,691.12897,2025-11-15 01:00:00
325.75,493.77423,2025-11-15 01:00:00
543.0,577.89496,2025-11-15 01:00:00
313.0,522.8354,2025-11-15 01:00:00
306.5,497.5717,2025-11-15 02:00:00
566.0,556.0945,2025-11-15 02:00:00
427.0,524.44086,2025-11-15 02:00:00
563.0,662.69354,2025-11-15 02:00:00
297.0,537.97955,2025-11-15 02:00:00
295.75,469.75403,2025-11-15 03:00:00
511.0,630.284,2025-11-15 03:00:00
389.0,489.95407,2025-11-15 03:00:00
570.0,548.24634,2025-11-15 03:00:00
314.0,483.06943,2025-11-15 03:00:00
316.0,456.51138,2025-11-15 04:00:00
338.0,489.62238,2025-11-15 04:00:00
522.0,511.39133,2025-11-15 04:00:00
333.75,397.21252,2025-11-15 04:00:00
497.0,597.183,2025-11-15 04:00:00
553.0,599.8726,2025-11-15 05:00:00
327.0,451.52643,2025-11-15 05:00:00
316.0,418.49283,2025-11-15 05:00:00
514.0,486.3065,2025-11-15 05:00:00
358.75,413.62802,2025-11-15 05:00:00
375.0,421.17276,2025-11-15 06:00:00
464.0,451.7511,2025-11-15 06:00:00
334.0,455.02313,2025-11-15 06:00:00
543.0,577.8655,2025-11-15 06:00:00
316.0,406.65674,2025-11-15 06:00:00
537.0,577.0557,2025-11-15 07:00:00
434.5,415.71698,2025-11-15 07:00:00
311.0,464.5614,2025-11-15 07:00:00
449.0,406.69452,2025-11-15 07:00:00
316.0,450.68054,2025-11-15 07:00:00
422.25,416.53705,2025-11-15 08:00:00
353.0,518.8971,2025-11-15 08:00:00
498.0,557.98114,2025-11-15 08:00:00
458.0,452.7071,2025-11-15 08:00:00
576.0,430.40717,2025-11-15 09:00:00
556.0,539.5411,2025-11-15 09:00:00
421.0,500.9793,2025-11-15 09:00:00
495.5,431.40945,2025-11-15 09:00:00
532.25,442.8834,2025-11-15 10:00:00
647.0,446.56516,2025-11-15 10:00:00
697.0,552.85114,2025-11-15 10:00:00
420.0,507.08926,2025-11-15 10:00:00
613.0,530.0911,2025-11-15 11:00:00
628.0,410.56046,2025-11-15 11:00:00
429.0,485.6285,2025-11-15 11:00:00
536.5,382.285,2025-11-15 11:00:00
383.0,476.91077,2025-11-15 12:00:00
342.0,471.67896,2025-11-15 12:00:00
497.0,522.0228,2025-11-15 12:00:00
468.75,414.00055,2025-11-15 12:00:00
599.0,419.3851,2025-11-15 12:00:00
295.0,451.65817,2025-11-15 13:00:00
314.0,422.2794,2025-11-15 13:00:00
332.0,432.54388,2025-11-15 13:00:00
476.0,404.21924,2025-11-15 13:00:00
373.0,495.21347,2025-11-15 13:00:00
220.0,472.43582,2025-11-15 14:00:00
321.0,439.40308,2025-11-15 14:00:00
383.0,505.9099,2025-11-15 14:00:00
294.0,423.82086,2025-11-15 14:00:00
247.0,395.66263,2025-11-15 14:00:00
287.0,375.3121,2025-11-15 15:00:00
262.0,437.40918,2025-11-15 15:00:00
322.0,479.10474,2025-11-15 15:00:00
246.0,410.74908,2025-11-15 15:00:00
192.5,349.78647,2025-11-15 15:00:00
282.0,473.96463,2025-11-15 16:00:00
272.0,381.94565,2025-11-15 16:00:00
204.0,376.3013,2025-11-15 16:00:00
235.0,344.15668,2025-11-15 16:00:00
138.25,333.32907,2025-11-15 16:00:00
298.0,469.87335,2025-11-15 17:00:00
223.0,373.86,2025-11-15 17:00:00
197.0,389.17126,2025-11-15 17:00:00
329.0,449.49738,2025-11-15 17:00:00
192.0,328.412,2025-11-15 17:00:00
405.0,555.39197,2025-11-15 18:00:00
251.0,459.87863,2025-11-15 18:00:00
300.75,405.74603,2025-11-15 18:00:00
390.0,500.6291,2025-11-15 18:00:00
248.0,419.77887,2025-11-15 18:00:00
326.5,465.39417,2025-11-15 19:00:00
346.0,522.5368,2025-11-15 19:00:00
483.0,553.03705,2025-11-15 19:00:00
361.0,478.59042,2025-11-15 19:00:00
398.0,553.19666,2025-11-15 19:00:00
497.0,514.26154,2025-11-15 20:00:00
432.0,562.8245,2025-11-15 20:00:00
431.0,497.42322,2025-11-15 20:00:00
300.0,428.7998,2025-11-15 20:00:00
414.0,503.09277,2025-11-15 20:00:00
331.75,430.3091,2025-11-15 21:00:00
488.0,530.8006,2025-11-15 21:00:00
455.0,629.7684,2025-11-15 21:00:00
400.0,455.0334,2025-11-15 21:00:00
475.0,573.3077,2025-11-15 21:00:00
464.0,592.1947,2025-11-15 22:00:00
484.0,634.0038,2025-11-15 22:00:00
633.0,485.82935,2025-11-15 22:00:00
428.0,485.56808,2025-11-15 22:00:00
363.25,416.40823,2025-11-15 22:00:00
514.0,614.3502,2025-11-15 23:00:00
429.0,547.2538,2025-11-15 23:00:00
402.6666666666667,438.58456,2025-11-15 23:00:00
633.0,492.14807,2025-11-15 23:00:00
451.0,481.92664,2025-11-15 23:00:00
534.0,721.193,2025-11-16 00:00:00
409.0,642.50366,2025-11-16 00:00:00
415.0,671.53284,2025-11-16 00:00:00
417.0,607.3888,2025-11-16 00:00:00
611.0,635.3413,2025-11-16 00:00:00
594.0,681.1429,2025-11-16 01:00:00
574.0,629.66364,2025-11-16 01:00:00
411.75,565.82684,2025-11-16 01:00:00
385.0,623.2171,2025-11-16 01:00:00
421.0,640.5112,2025-11-16 01:00:00
544.0,649.0427,2025-11-16 02:00:00
552.0,655.07465,2025-11-16 02:00:00
427.25,564.30493,2025-11-16 02:00:00
382.0,642.9904,2025-11-16 02:00:00
438.0,612.5782,2025-11-16 02:00:00
461.0,638.84174,2025-11-16 03:00:00
516.0,655.1244,2025-11-16 03:00:00
435.0,545.03186,2025-11-16 03:00:00
378.0,651.2815,2025-11-16 03:00:00
542.0,624.92773,2025-11-16 03:00:00
578.0,596.5932,2025-11-16 04:00:00
459.5,550.29095,2025-11-16 04:00:00
364.0,625.5448,2025-11-16 04:00:00
452.0,590.717,2025-11-16 04:00:00
560.0,619.61005,2025-11-16 04:00:00
498.0,599.57,2025-11-16 05:00:00
479.5,546.78973,2025-11-16 05:00:00
417.0,623.8609,2025-11-16 05:00:00
596.0,591.5556,2025-11-16 05:00:00
566.0,622.1144,2025-11-16 05:00:00
451.0,594.99976,2025-11-16 06:00:00
581.0,628.1238,2025-11-16 06:00:00
635.0,582.5145,2025-11-16 06:00:00
321.0,630.7034,2025-11-16 06:00:00
461.25,546.81024,2025-11-16 06:00:00
337.0,642.7594,2025-11-16 07:00:00
593.0,555.7371,2025-11-16 07:00:00
449.0,553.3418,2025-11-16 07:00:00
593.0,637.9111,2025-11-16 07:00:00
451.0,602.80206,2025-11-16 07:00:00
482.25,590.5223,2025-11-16 08:00:00
458.0,657.5418,2025-11-16 08:00:00
576.0,618.4348,2025-11-16 08:00:00
346.0,699.2217,2025-11-16 08:00:00
687.0,620.3612,2025-11-16 08:00:00
670.0,639.7667,2025-11-16 09:00:00
726.0,581.1223,2025-11-16 09:00:00
525.75,575.9047,2025-11-16 09:00:00
484.0,677.6034,2025-11-16 09:00:00
400.0,666.96515,2025-11-16 09:00:00
616.0,544.7833,2025-11-16 10:00:00
468.0,676.1833,2025-11-16 10:00:00
797.0,656.51807,2025-11-16 10:00:00
524.0,574.9517,2025-11-16 10:00:00
488.0,673.47644,2025-11-16 10:00:00
797.0,647.58136,2025-11-16 11:00:00
567.0,535.92523,2025-11-16 11:00:00
421.0,680.81006,2025-11-16 11:00:00
471.0,666.08093,2025-11-16 11:00:00
441.25,556.1271,2025-11-16 11:00:00
502.75,548.4585,2025-11-16 12:00:00
429.0,603.60516,2025-11-16 12:00:00
364.75,669.2747,2025-11-16 12:00:00
528.0,541.3116,2025-11-16 12:00:00
438.0,644.27167,2025-11-16 12:00:00
383.0,576.40515,2025-11-16 13:00:00
455.0,585.9894,2025-11-16 13:00:00
502.75,461.1337,2025-11-16 13:00:00
364.75,573.5112,2025-11-16 13:00:00
331.0,558.7157,2025-11-16 13:00:00
370.0,509.7901,2025-11-16 14:00:00
302.0,543.3279,2025-11-16 14:00:00
257.0,457.96005,2025-11-16 14:00:00
502.75,402.53458,2025-11-16 14:00:00
364.75,443.3147,2025-11-16 14:00:00
92.33333333333331,410.25885,2025-11-16 15:00:00
309.0,479.19702,2025-11-16 15:00:00
290.0,501.25848,2025-11-16 15:00:00
450.0,424.0885,2025-11-16 15:00:00
277.0,534.9987,2025-11-16 15:00:00
389.0,475.3235,2025-11-16 16:00:00
277.25,352.96487,2025-11-16 16:00:00
365.0,369.96948,2025-11-16 16:00:00
301.0,513.255,2025-11-16 16:00:00
292.0,442.83084,2025-11-16 16:00:00
309.0,362.9464,2025-11-16 17:00:00
319.75,362.32504,2025-11-16 17:00:00
434.0,391.18466,2025-11-16 17:00:00
350.0,436.54816,2025-11-16 17:00:00
423.0,488.1656,2025-11-16 17:00:00
376.0,427.36783,2025-11-16 18:00:00
412.0,529.1072,2025-11-16 18:00:00
456.0,685.9521,2025-11-16 18:00:00
349.75,482.8058,2025-11-16 18:00:00
436.0,502.27823,2025-11-16 18:00:00
584.0,582.3588,2025-11-16 19:00:00
526.0,617.7514,2025-11-16 19:00:00
532.0,682.05475,2025-11-16 19:00:00
498.0,576.4178,2025-11-16 19:00:00
367.5,534.46405,2025-11-16 19:00:00
537.0,595.5597,2025-11-16 20:00:00
497.0,674.90356,2025-11-16 20:00:00
370.25,565.5923,2025-11-16 20:00:00
697.0,687.3524,2025-11-16 20:00:00
478.0,598.4227,2025-11-16 20:00:00
338.3333333333333,578.3499,2025-11-16 21:00:00
592.0,605.6729,2025-11-16 21:00:00
780.0,746.34247,2025-11-16 21:00:00
565.0,631.2241,2025-11-16 21:00:00
553.0,641.27155,2025-11-16 21:00:00
687.0,635.6886,2025-11-16 22:00:00
531.0,669.72864,2025-11-16 22:00:00
768.0,763.91364,2025-11-16 22:00:00
342.5,567.5436,2025-11-16 22:00:00
585.0,588.9658,2025-11-16 22:00:00
327.6666666666667,526.139,2025-11-16 23:00:00
733.0,612.6869,2025-11-16 23:00:00
504.0,605.62897,2025-11-16 23:00:00
492.0,656.51746,2025-11-16 23:00:00
628.0,755.21094,2025-11-16 23:00:00
705.0,620.545,2025-11-17 00:00:00
492.0,582.2246,2025-11-17 00:00:00
454.0,535.3431,2025-11-17 00:00:00
351.5,532.25415,2025-11-17 00:00:00
657.0,714.0706,2025-11-17 00:00:00
495.0,580.6682,2025-11-17 01:00:00
423.0,512.7234,2025-11-17 01:00:00
550.0,586.86597,2025-11-17 01:00:00
539.0,704.0845,2025-11-17 01:00:00
336.25,537.724,2025-11-17 01:00:00
515.0,696.5816,2025-11-17 02:00:00
323.25,528.222,2025-11-17 02:00:00
500.0,559.1174,2025-11-17 02:00:00
567.0,525.4116,2025-11-17 02:00:00
394.0,519.6563,2025-11-17 02:00:00
577.0,579.07336,2025-11-17 03:00:00
488.0,637.7284,2025-11-17 03:00:00
553.0,510.13284,2025-11-17 03:00:00
310.0,499.30927,2025-11-17 03:00:00
399.0,554.51135,2025-11-17 03:00:00
363.0,498.99335,2025-11-17 04:00:00
494.0,449.86615,2025-11-17 04:00:00
538.0,554.9588,2025-11-17 04:00:00
344.75,522.5624,2025-11-17 04:00:00
582.0,645.6948,2025-11-17 04:00:00
382.25,508.89062,2025-11-17 05:00:00
514.0,532.0516,2025-11-17 05:00:00
724.0,632.2598,2025-11-17 05:00:00
392.0,511.3446,2025-11-17 05:00:00
450.0,494.3565,2025-11-17 05:00:00
384.0,492.46375,2025-11-17 06:00:00
610.0,625.9483,2025-11-17 06:00:00
490.0,536.3173,2025-11-17 06:00:00
385.25,514.0536,2025-11-17 06:00:00
481.0,434.28925,2025-11-17 06:00:00
404.0,498.63452,2025-11-17 07:00:00
466.0,440.8489,2025-11-17 07:00:00
396.75,472.9632,2025-11-17 07:00:00
444.0,542.2749,2025-11-17 07:00:00
527.0,594.1946,2025-11-17 07:00:00
565.0,545.3445,2025-11-17 08:00:00
460.0,558.58203,2025-11-17 08:00:00
480.0,625.1066,2025-11-17 08:00:00
441.25,505.73752,2025-11-17 08:00:00
483.0,543.6034,2025-11-17 08:00:00
515.0,571.9709,2025-11-17 09:00:00
520.0,552.27747,2025-11-17 09:00:00
490.0,594.9091,2025-11-17 09:00:00
454.25,498.92276,2025-11-17 09:00:00
555.0,575.7207,2025-11-17 09:00:00
424.25,514.57745,2025-11-17 10:00:00
501.0,520.81964,2025-11-17 10:00:00
502.0,566.0507,2025-11-17 10:00:00
394.0,565.0777,2025-11-17 10:00:00
775.0,577.13684,2025-11-17 10:00:00
382.0,540.919,2025-11-17 11:00:00
520.0,498.3117,2025-11-17 11:00:00
365.25,511.58878,2025-11-17 11:00:00
452.0,569.64966,2025-11-17 11:00:00
460.0,548.20355,2025-11-17 11:00:00
379.0,548.34784,2025-11-17 12:00:00
327.75,416.7898,2025-11-17 12:00:00
445.0,555.85443,2025-11-17 12:00:00
404.0,533.7153,2025-11-17 12:00:00
481.0,508.99197,2025-11-17 12:00:00
326.0,455.54254,2025-11-17 13:00:00
355.0,400.1406,2025-11-17 13:00:00
378.0,404.96906,2025-11-17 13:00:00
306.0,337.3479,2025-11-17 13:00:00
379.0,491.3398,2025-11-17 13:00:00
326.0,345.6036,2025-11-17 14:00:00
218.0,293.43442,2025-11-17 14:00:00
313.0,359.1525,2025-11-17 14:00:00
327.0,360.26575,2025-11-17 14:00:00
166.0,292.47418,2025-11-17 14:00:00
263.0,328.02042,2025-11-17 15:00:00
227.5,287.47998,2025-11-17 15:00:00
268.0,356.51093,2025-11-17 15:00:00
305.0,335.00244,2025-11-17 15:00:00
195.0,277.15375,2025-11-17 15:00:00
232.0,256.98297,2025-11-17 16:00:00
248.0,333.79703,2025-11-17 16:00:00
238.0,251.50027,2025-11-17 16:00:00
268.0,302.27356,2025-11-17 16:00:00
218.0,324.07446,2025-11-17 16:00:00
252.0,297.8884,2025-11-17 17:00:00
254.0,306.1844,2025-11-17 17:00:00
252.0,361.1729,2025-11-17 17:00:00
240.25,265.43182,2025-11-17 17:00:00
216.0,301.9665,2025-11-17 17:00:00
245.0,362.9612,2025-11-17 18:00:00
382.0,299.54303,2025-11-17 18:00:00
354.0,607.9132,2025-11-17 18:00:00
390.0,409.91418,2025-11-17 18:00:00
267.0,364.94717,2025-11-17 18:00:00
373.0,553.0738,2025-11-17 19:00:00
291.75,419.50888,2025-11-17 19:00:00
326.0,457.68552,2025-11-17 19:00:00
533.0,507.17847,2025-11-17 19:00:00
492.0,487.09418,2025-11-17 19:00:00
415.0,566.111,2025-11-17 20:00:00
317.75,447.52103,2025-11-17 20:00:00
545.0,610.3884,2025-11-17 20:00:00
372.0,499.46616,2025-11-17 20:00:00
541.0,532.9112,2025-11-17 20:00:00
614.0,689.914,2025-11-17 21:00:00
625.0,556.04785,2025-11-17 21:00:00
389.0,600.3922,2025-11-17 21:00:00
327.75,457.50763,2025-11-17 21:00:00
371.0,528.12915,2025-11-17 21:00:00
377.0,594.9602,2025-11-17 22:00:00
592.0,537.02856,2025-11-17 22:00:00
649.0,693.46954,2025-11-17 22:00:00
379.0,534.3645,2025-11-17 22:00:00
291.5,496.665,2025-11-17 22:00:00
273.0,535.26855,2025-11-17 23:00:00
329.0,584.8671,2025-11-17 23:00:00
461.0,574.8187,2025-11-17 23:00:00
660.0,702.66376,2025-11-17 23:00:00
367.0,542.92993,2025-11-17 23:00:00
591.0,578.56024,2025-11-18 00:00:00
406.0,425.95602,2025-11-18 00:00:00
340.0,511.1369,2025-11-18 00:00:00
289.25,394.5819,2025-11-18 00:00:00
287.0,487.7177,2025-11-18 00:00:00
365.0,542.03076,2025-11-18 01:00:00
660.0,613.97687,2025-11-18 01:00:00
295.0,483.8973,2025-11-18 01:00:00
313.5,365.49826,2025-11-18 01:00:00
345.0,384.84158,2025-11-18 01:00:00
277.0,463.5947,2025-11-18 02:00:00
329.25,390.06433,2025-11-18 02:00:00
711.0,582.51996,2025-11-18 02:00:00
411.0,498.70526,2025-11-18 02:00:00
295.0,380.2948,2025-11-18 02:00:00
315.0,472.93823,2025-11-18 03:00:00
461.0,489.24164,2025-11-18 03:00:00
262.0,367.67368,2025-11-18 03:00:00
809.0,505.16,2025-11-18 03:00:00
302.25,387.83807,2025-11-18 03:00:00
263.0,359.11505,2025-11-18 04:00:00
193.0,344.97623,2025-11-18 04:00:00
685.0,486.6522,2025-11-18 04:00:00
439.0,494.08954,2025-11-18 04:00:00
260.0,389.28516,2025-11-18 04:00:00
401.0,457.5788,2025-11-18 05:00:00
668.0,513.3341,2025-11-18 05:00:00
196.0,314.40042,2025-11-18 05:00:00
223.0,327.96674,2025-11-18 05:00:00
263.25,402.7731,2025-11-18 05:00:00
282.25,402.13953,2025-11-18 06:00:00
725.0,486.6514,2025-11-18 06:00:00
211.0,308.84058,2025-11-18 06:00:00
346.0,425.58414,2025-11-18 06:00:00
217.0,335.041,2025-11-18 06:00:00
312.0,452.3377,2025-11-18 07:00:00
302.0,324.47125,2025-11-18 07:00:00
532.0,480.74197,2025-11-18 07:00:00
315.75,332.00522,2025-11-18 07:00:00
235.0,335.93097,2025-11-18 07:00:00
564.0,477.6427,2025-11-18 08:00:00
294.0,446.54205,2025-11-18 08:00:00
306.0,384.3444,2025-11-18 08:00:00
413.5,313.4689,2025-11-18 08:00:00
647.0,513.7827,2025-11-18 09:00:00
382.0,439.18097,2025-11-18 09:00:00
456.25,377.0192,2025-11-18 09:00:00
420.0,459.1856,2025-11-18 09:00:00
466.5,372.37897,2025-11-18 10:00:00
447.0,461.6146,2025-11-18 10:00:00
298.0,436.7637,2025-11-18 10:00:00
432.0,531.3184,2025-11-18 10:00:00
379.0,449.48956,2025-11-18 11:00:00
326.0,467.36475,2025-11-18 11:00:00
444.0,354.70084,2025-11-18 11:00:00
252.0,448.56906,2025-11-18 11:00:00
248.0,455.1206,2025-11-18 12:00:00
301.0,319.2155,2025-11-18 12:00:00
193.0,381.44928,2025-11-18 12:00:00
272.0,460.79065,2025-11-18 12:00:00
256.0,380.95377,2025-11-18 12:00:00
182.25,242.24472,2025-11-18 13:00:00
359.0,349.30957,2025-11-18 13:00:00
241.0,339.11517,2025-11-18 13:00:00
235.0,346.77777,2025-11-18 13:00:00
206.0,348.23203,2025-11-18 13:00:00
272.0,335.54147,2025-11-18 14:00:00
241.0,289.05463,2025-11-18 14:00:00
183.0,258.83856,2025-11-18 14:00:00
169.0,236.23358,2025-11-18 14:00:00
221.0,310.87015,2025-11-18 14:00:00
194.0,257.0601,2025-11-18 15:00:00
241.0,294.9974,2025-11-18 15:00:00
184.0,215.23969,2025-11-18 15:00:00
255.0,297.66534,2025-11-18 15:00:00
166.5,177.6074,2025-11-18 15:00:00
186.0,222.08727,2025-11-18 16:00:00
230.0,315.28983,2025-11-18 16:00:00
241.0,279.72922,2025-11-18 16:00:00
180.0,219.10359,2025-11-18 16:00:00
185.5,169.08595,2025-11-18 16:00:00
392.0,335.65082,2025-11-18 17:00:00
205.0,229.02477,2025-11-18 17:00:00
231.25,201.78183,2025-11-18 17:00:00
278.0,307.5873,2025-11-18 17:00:00
230.0,300.361,2025-11-18 17:00:00
416.0,449.77863,2025-11-18 18:00:00
387.0,311.8303,2025-11-18 18:00:00
291.0,265.9214,2025-11-18 18:00:00
351.0,386.8431,2025-11-18 18:00:00
288.0,315.01364,2025-11-18 18:00:00
320.25,370.96912,2025-11-18 19:00:00
432.0,361.81302,2025-11-18 19:00:00
559.0,453.49945,2025-11-18 19:00:00
443.0,460.79404,2025-11-18 19:00:00
471.0,422.4807,2025-11-18 19:00:00
528.0,419.62036,2025-11-18 20:00:00
421.0,453.9343,2025-11-18 20:00:00
324.5,357.7969,2025-11-18 20:00:00
676.0,490.13025,2025-11-18 20:00:00
492.0,443.1998,2025-11-18 20:00:00
724.0,508.74075,2025-11-18 21:00:00
425.0,466.12585,2025-11-18 21:00:00
335.25,343.6672,2025-11-18 21:00:00
490.0,455.41248,2025-11-18 21:00:00
501.0,412.71286,2025-11-18 21:00:00
350.75,375.95752,2025-11-18 22:00:00
411.0,507.0753,2025-11-18 22:00:00
602.0,524.4044,2025-11-18 22:00:00
509.0,461.27277,2025-11-18 22:00:00
432.0,390.91858,2025-11-18 22:00:00
360.3333333333333,382.3531,2025-11-18 23:00:00
472.0,463.56903,2025-11-18 23:00:00
475.0,470.7739,2025-11-18 23:00:00
646.0,460.05676,2025-11-18 23:00:00
396.0,412.56644,2025-11-18 23:00:00
343.0,438.73978,2025-11-19 00:00:00
469.0,512.93524,2025-11-19 00:00:00
569.0,545.5398,2025-11-19 00:00:00
366.75,396.0703,2025-11-19 00:00:00
542.0,539.0083,2025-11-19 00:00:00
360.0,419.22485,2025-11-19 01:00:00
693.0,480.75455,2025-11-19 01:00:00
559.0,500.06415,2025-11-19 01:00:00
396.0,474.74698,2025-11-19 01:00:00
331.0,348.56412,2025-11-19 01:00:00
370.0,483.18652,2025-11-19 02:00:00
541.0,493.7559,2025-11-19 02:00:00
290.25,346.40378,2025-11-19 02:00:00
345.0,401.00165,2025-11-19 02:00:00
711.0,458.4176,2025-11-19 02:00:00
515.0,494.06342,2025-11-19 03:00:00
693.0,428.61072,2025-11-19 03:00:00
376.0,417.4587,2025-11-19 03:00:00
285.0,401.75446,2025-11-19 03:00:00
243.0,374.34088,2025-11-19 03:00:00
544.0,556.5802,2025-11-19 04:00:00
225.5,383.9952,2025-11-19 04:00:00
212.0,402.6976,2025-11-19 04:00:00
639.0,437.47006,2025-11-19 04:00:00
389.0,391.82257,2025-11-19 04:00:00
561.0,511.03305,2025-11-19 05:00:00
255.0,389.41022,2025-11-19 05:00:00
588.0,462.6863,2025-11-19 05:00:00
387.0,385.48755,2025-11-19 05:00:00
240.25,408.09113,2025-11-19 05:00:00
306.0,381.0128,2025-11-19 06:00:00
541.0,442.18707,2025-11-19 06:00:00
265.5,397.73633,2025-11-19 06:00:00
372.0,384.1946,2025-11-19 06:00:00
487.0,497.27933,2025-11-19 06:00:00
293.5,390.7705,2025-11-19 07:00:00
334.0,414.84286,2025-11-19 07:00:00
473.0,457.79205,2025-11-19 07:00:00
556.0,500.57898,2025-11-19 07:00:00
367.0,396.68515,2025-11-19 07:00:00
428.0,503.70483,2025-11-19 08:00:00
392.0,407.0068,2025-11-19 08:00:00
401.0,405.2936,2025-11-19 08:00:00
423.0,492.8294,2025-11-19 08:00:00
388.0,404.05026,2025-11-19 08:00:00
430.5,420.32913,2025-11-19 09:00:00
346.0,417.10147,2025-11-19 09:00:00
527.0,562.588,2025-11-19 09:00:00
465.0,530.53204,2025-11-19 09:00:00
420.0,396.14114,2025-11-19 09:00:00
365.0,414.0839,2025-11-19 10:00:00
543.0,602.0437,2025-11-19 10:00:00
471.0,410.87088,2025-11-19 10:00:00
591.0,529.11664,2025-11-19 10:00:00
443.75,401.50143,2025-11-19 10:00:00
387.0,383.76825,2025-11-19 11:00:00
454.0,527.93756,2025-11-19 11:00:00
356.0,379.50415,2025-11-19 11:00:00
523.0,491.8361,2025-11-19 11:00:00
378.0,364.54514,2025-11-19 11:00:00
597.0,430.92963,2025-11-19 12:00:00
306.0,382.09772,2025-11-19 12:00:00
372.0,486.96228,2025-11-19 12:00:00
353.0,391.2721,2025-11-19 12:00:00
359.75,401.8119,2025-11-19 12:00:00
361.0,427.19983,2025-11-19 13:00:00
360.0,315.82922,2025-11-19 13:00:00
428.0,419.6042,2025-11-19 13:00:00
291.75,348.5833,2025-11-19 13:00:00
287.0,326.26926,2025-11-19 13:00:00
222.5,317.29816,2025-11-19 14:00:00
298.0,435.7392,2025-11-19 14:00:00
254.0,303.16785,2025-11-19 14:00:00
254.0,371.0592,2025-11-19 14:00:00
216.0,290.2332,2025-11-19 14:00:00
217.0,288.35138,2025-11-19 15:00:00
208.25,251.51468,2025-11-19 15:00:00
216.0,292.48553,2025-11-19 15:00:00
265.0,345.8134,2025-11-19 15:00:00
226.0,339.09506,2025-11-19 15:00:00
210.0,320.9582,2025-11-19 16:00:00
208.25,227.39156,2025-11-19 16:00:00
254.0,259.59808,2025-11-19 16:00:00
285.0,328.89096,2025-11-19 16:00:00
269.0,317.77567,2025-11-19 16:00:00
235.0,325.90714,2025-11-19 17:00:00
300.0,378.76672,2025-11-19 17:00:00
273.75,262.89648,2025-11-19 17:00:00
335.0,324.93842,2025-11-19 17:00:00
516.0,419.5415,2025-11-19 17:00:00
277.0,340.96393,2025-11-19 18:00:00
318.75,347.4327,2025-11-19 18:00:00
421.0,462.88474,2025-11-19 18:00:00
501.0,478.3611,2025-11-19 18:00:00
454.0,380.68704,2025-11-19 18:00:00
321.0,404.31128,2025-11-19 19:00:00
572.0,464.8072,2025-11-19 19:00:00
396.0,461.206,2025-11-19 19:00:00
510.0,464.70053,2025-11-19 19:00:00
456.0,482.47153,2025-11-19 19:00:00
561.0,525.9281,2025-11-19 20:00:00
488.0,462.7714,2025-11-19 20:00:00
456.0,460.4595,2025-11-19 20:00:00
326.75,378.98718,2025-11-19 20:00:00
483.0,515.9678,2025-11-19 20:00:00
410.0,461.8066,2025-11-19 21:00:00
458.0,437.90747,2025-11-19 21:00:00
329.5,378.53824,2025-11-19 21:00:00
447.0,537.9935,2025-11-19 21:00:00
592.0,517.34265,2025-11-19 21:00:00
592.0,558.9631,2025-11-19 22:00:00
403.0,484.3371,2025-11-19 22:00:00
391.25,391.3944,2025-11-19 22:00:00
506.0,561.0665,2025-11-19 22:00:00
461.0,489.98718,2025-11-19 22:00:00
660.0,511.93225,2025-11-19 23:00:00
589.0,531.9317,2025-11-19 23:00:00
471.0,499.9474,2025-11-19 23:00:00
431.0,426.06415,2025-11-19 23:00:00
445.0,449.15176,2025-11-19 23:00:00
423.0,419.02615,2025-11-20 00:00:00
403.0,456.82935,2025-11-20 00:00:00
637.0,512.65125,2025-11-20 00:00:00
427.75,366.6199,2025-11-20 00:00:00
862.0,495.78366,2025-11-20 00:00:00
377.0,417.39645,2025-11-20 01:00:00
636.0,470.9824,2025-11-20 01:00:00
457.25,346.5766,2025-11-20 01:00:00
411.0,407.22797,2025-11-20 01:00:00
770.0,464.36255,2025-11-20 01:00:00
486.75,337.06357,2025-11-20 02:00:00
481.0,390.1554,2025-11-20 02:00:00
681.0,450.7686,2025-11-20 02:00:00
360.0,387.29254,2025-11-20 02:00:00
594.0,457.57806,2025-11-20 02:00:00
642.0,411.99088,2025-11-20 03:00:00
340.0,370.88937,2025-11-20 03:00:00
574.0,457.9955,2025-11-20 03:00:00
453.0,379.35608,2025-11-20 03:00:00
437.75,312.1416,2025-11-20 03:00:00
409.5,321.49286,2025-11-20 04:00:00
621.0,419.4232,2025-11-20 04:00:00
525.0,456.85004,2025-11-20 04:00:00
382.0,391.78204,2025-11-20 04:00:00
318.0,386.71753,2025-11-20 04:00:00
647.0,456.7594,2025-11-20 05:00:00
508.0,405.40036,2025-11-20 05:00:00
362.5,302.61765,2025-11-20 05:00:00
405.0,361.00836,2025-11-20 05:00:00
372.0,368.4814,2025-11-20 05:00:00
348.0,373.15753,2025-11-20 06:00:00
462.0,438.12274,2025-11-20 06:00:00
393.0,341.62036,2025-11-20 06:00:00
532.0,441.45517,2025-11-20 06:00:00
349.0,308.58426,2025-11-20 06:00:00
523.0,481.66928,2025-11-20 07:00:00
429.0,362.48218,2025-11-20 07:00:00
395.0,405.45078,2025-11-20 07:00:00
339.0,384.74863,2025-11-20 07:00:00
347.0,298.72394,2025-11-20 07:00:00
581.0,451.89868,2025-11-20 08:00:00
345.0,429.74722,2025-11-20 08:00:00
379.0,425.2837,2025-11-20 08:00:00
433.0,391.18903,2025-11-20 08:00:00
414.25,304.95892,2025-11-20 08:00:00
500.0,316.1552,2025-11-20 09:00:00
478.0,396.1031,2025-11-20 09:00:00
449.0,417.85443,2025-11-20 09:00:00
443.0,447.34116,2025-11-20 09:00:00
809.0,451.13974,2025-11-20 09:00:00
959.0,456.252,2025-11-20 10:00:00
436.0,394.10953,2025-11-20 10:00:00
547.0,388.1399,2025-11-20 10:00:00
541.75,320.34818,2025-11-20 10:00:00
403.0,371.67017,2025-11-20 10:00:00
417.0,365.96832,2025-11-20 11:00:00
423.25,273.63266,2025-11-20 11:00:00
422.0,354.45102,2025-11-20 11:00:00
780.0,439.6022,2025-11-20 11:00:00
569.0,411.60156,2025-11-20 11:00:00
361.25,301.7281,2025-11-20 12:00:00
511.0,393.81393,2025-11-20 12:00:00
398.0,386.56436,2025-11-20 12:00:00
333.0,307.90442,2025-11-20 12:00:00
577.0,364.35565,2025-11-20 12:00:00
278.0,302.64407,2025-11-20 13:00:00
373.0,338.89053,2025-11-20 13:00:00
382.0,339.9902,2025-11-20 13:00:00
276.25,267.34384,2025-11-20 13:00:00
486.0,316.28827,2025-11-20 13:00:00
223.0,296.48825,2025-11-20 14:00:00
362.0,307.3898,2025-11-20 14:00:00
299.0,305.2696,2025-11-20 14:00:00
344.0,359.5666,2025-11-20 14:00:00
215.25,252.45387,2025-11-20 14:00:00
378.0,292.5184,2025-11-20 15:00:00
224.0,281.10095,2025-11-20 15:00:00
214.25,182.12622,2025-11-20 15:00:00
240.0,331.17902,2025-11-20 15:00:00
248.0,324.07147,2025-11-20 15:00:00
226.0,282.3896,2025-11-20 16:00:00
206.0,231.6913,2025-11-20 16:00:00
327.0,314.29446,2025-11-20 16:00:00
245.0,296.30212,2025-11-20 16:00:00
217.0,338.14978,2025-11-20 16:00:00
256.0,316.3299,2025-11-20 17:00:00
357.0,336.19714,2025-11-20 17:00:00
350.0,292.6324,2025-11-20 17:00:00
276.0,402.59216,2025-11-20 17:00:00
287.25,282.5567,2025-11-20 17:00:00
377.0,350.38156,2025-11-20 18:00:00
387.5,303.13098,2025-11-20 18:00:00
492.0,454.20197,2025-11-20 18:00:00
390.0,415.13025,2025-11-20 18:00:00
415.0,435.40878,2025-11-20 18:00:00
543.0,484.82156,2025-11-20 19:00:00
544.0,443.44247,2025-11-20 19:00:00
453.0,465.51337,2025-11-20 19:00:00
438.0,419.71017,2025-11-20 19:00:00
409.75,355.2465,2025-11-20 19:00:00
511.0,444.98526,2025-11-20 20:00:00
490.0,488.0553,2025-11-20 20:00:00
600.0,510.64294,2025-11-20 20:00:00
458.75,365.14523,2025-11-20 20:00:00
374.0,459.53687,2025-11-20 20:00:00
606.0,533.1073,2025-11-20 21:00:00
478.25,363.67783,2025-11-20 21:00:00
389.0,465.33237,2025-11-20 21:00:00
536.0,510.97778,2025-11-20 21:00:00
465.0,452.14127,2025-11-20 21:00:00
556.0,490.07574,2025-11-20 22:00:00
606.0,550.94794,2025-11-20 22:00:00
487.0,342.16647,2025-11-20 22:00:00
453.0,480.8117,2025-11-20 22:00:00
412.0,499.965,2025-11-20 22:00:00
543.0,444.2659,2025-11-20 23:00:00
517.0,496.0313,2025-11-20 23:00:00
474.3333333333333,322.4073,2025-11-20 23:00:00
664.0,504.46536,2025-11-20 23:00:00
450.0,399.7585,2025-11-20 23:00:00
784.0,459.7055,2025-11-21 00:00:00
462.0,301.66684,2025-11-21 00:00:00
487.0,397.26697,2025-11-21 00:00:00
455.0,431.5313,2025-11-21 00:00:00
481.0,430.01382,2025-11-21 00:00:00
732.0,452.52817,2025-11-21 01:00:00
415.5,281.14975,2025-11-21 01:00:00
445.0,376.91678,2025-11-21 01:00:00
420.0,372.27835,2025-11-21 01:00:00
464.0,379.65747,2025-11-21 01:00:00
693.0,428.46732,2025-11-21 02:00:00
482.0,361.17035,2025-11-21 02:00:00
449.0,390.20474,2025-11-21 02:00:00
398.0,333.95007,2025-11-21 02:00:00
381.0,263.7703,2025-11-21 02:00:00
379.5,249.44783,2025-11-21 03:00:00
603.0,403.01407,2025-11-21 03:00:00
326.0,330.5815,2025-11-21 03:00:00
501.0,349.41174,2025-11-21 03:00:00
420.0,372.60376,2025-11-21 03:00:00
294.0,321.57062,2025-11-21 04:00:00
523.0,406.96417,2025-11-21 04:00:00
385.0,371.4637,2025-11-21 04:00:00
464.0,381.51154,2025-11-21 04:00:00
382.75,250.05261,2025-11-21 04:00:00
473.0,440.65656,2025-11-21 05:00:00
385.75,266.35938,2025-11-21 05:00:00
328.0,286.1143,2025-11-21 05:00:00
364.0,329.4767,2025-11-21 05:00:00
414.0,356.48758,2025-11-21 05:00:00
385.0,338.4223,2025-11-21 06:00:00
374.0,265.50177,2025-11-21 06:00:00
372.25,254.4973,2025-11-21 06:00:00
335.0,317.65417,2025-11-21 06:00:00
445.0,442.97598,2025-11-21 06:00:00
334.0,314.5419,2025-11-21 07:00:00
399.0,332.7632,2025-11-21 07:00:00
392.0,285.74966,2025-11-21 07:00:00
436.0,422.94406,2025-11-21 07:00:00
382.25,256.4191,2025-11-21 07:00:00
362.0,360.44177,2025-11-21 08:00:00
436.0,347.4543,2025-11-21 08:00:00
418.0,250.5981,2025-11-21 08:00:00
439.0,345.26285,2025-11-21 08:00:00
480.0,425.17056,2025-11-21 08:00:00
378.0,383.9772,2025-11-21 09:00:00
459.0,366.10547,2025-11-21 09:00:00
570.0,397.85583,2025-11-21 09:00:00
416.0,282.4968,2025-11-21 09:00:00
512.0,439.83197,2025-11-21 09:00:00
407.0,343.7094,2025-11-21 10:00:00
542.0,381.27753,2025-11-21 10:00:00
348.25,288.14175,2025-11-21 10:00:00
360.0,372.9236,2025-11-21 10:00:00
516.0,421.74738,2025-11-21 10:00:00
420.0,380.0107,2025-11-21 11:00:00
326.5,238.14618,2025-11-21 11:00:00
367.0,364.2803,2025-11-21 11:00:00
525.0,357.3822,2025-11-21 11:00:00
344.0,379.0547,2025-11-21 11:00:00
467.0,322.58575,2025-11-21 12:00:00
328.0,377.72815,2025-11-21 12:00:00
396.75,236.76376,2025-11-21 12:00:00
367.0,353.99933,2025-11-21 12:00:00
269.0,298.79562,2025-11-21 12:00:00
320.5,204.29129,2025-11-21 13:00:00
316.0,325.48035,2025-11-21 13:00:00
289.0,346.36035,2025-11-21 13:00:00
311.0,334.6485,2025-11-21 13:00:00
262.0,302.27887,2025-11-21 13:00:00
266.0,242.49088,2025-11-21 14:00:00
285.0,294.79266,2025-11-21 14:00:00
253.5,207.9004,2025-11-21 14:00:00
351.0,332.0319,2025-11-21 14:00:00
306.0,298.63968,2025-11-21 14:00:00
285.0,295.7785,2025-11-21 15:00:00
226.5,225.61043,2025-11-21 15:00:00
226.0,270.1173,2025-11-21 15:00:00
285.0,354.76947,2025-11-21 15:00:00
259.0,253.35861,2025-11-21 15:00:00
213.0,216.87155,2025-11-21 16:00:00
222.0,226.59918,2025-11-21 16:00:00
224.0,265.57703,2025-11-21 16:00:00
233.0,300.69077,2025-11-21 16:00:00
239.0,308.2311,2025-11-21 16:00:00
302.0,307.40158,2025-11-21 17:00:00
244.0,328.6608,2025-11-21 17:00:00
228.0,239.09799,2025-11-21 17:00:00
226.5,234.47862,2025-11-21 17:00:00
237.0,283.90393,2025-11-21 17:00:00
296.0,424.20685,2025-11-21 18:00:00
357.0,339.26825,2025-11-21 18:00:00
254.0,271.92865,2025-11-21 18:00:00
415.0,360.71716,2025-11-21 18:00:00
310.75,243.33423,2025-11-21 18:00:00
497.0,419.2013,2025-11-21 19:00:00
353.25,254.09013,2025-11-21 19:00:00
399.0,414.10468,2025-11-21 19:00:00
432.0,463.668,2025-11-21 19:00:00
346.0,352.22852,2025-11-21 19:00:00
450.0,443.47125,2025-11-21 20:00:00
445.0,562.6024,2025-11-21 20:00:00
434.0,433.17188,2025-11-21 20:00:00
347.0,277.32755,2025-11-21 20:00:00
422.0,419.31097,2025-11-21 20:00:00
461.0,443.95093,2025-11-21 21:00:00
566.0,603.4658,2025-11-21 21:00:00
443.0,421.8022,2025-11-21 21:00:00
431.0,472.42316,2025-11-21 21:00:00
393.25,292.81238,2025-11-21 21:00:00
384.75,294.08246,2025-11-21 22:00:00
494.0,423.3056,2025-11-21 22:00:00
650.0,564.9521,2025-11-21 22:00:00
410.0,420.55814,2025-11-21 22:00:00
428.0,424.19775,2025-11-21 22:00:00
364.3333333333333,283.29453,2025-11-21 23:00:00
422.0,428.9314,2025-11-21 23:00:00
410.0,367.207,2025-11-21 23:00:00
531.0,402.37524,2025-11-21 23:00:00
624.0,501.6726,2025-11-21 23:00:00
742.0,454.41382,2025-11-22 00:00:00
409.0,341.5995,2025-11-22 00:00:00
356.25,300.32892,2025-11-22 00:00:00
389.0,364.01968,2025-11-22 00:00:00
543.0,356.7928,2025-11-22 00:00:00
403.0,361.279,2025-11-22 01:00:00
376.0,284.55725,2025-11-22 01:00:00
490.0,395.6766,2025-11-22 01:00:00
370.0,303.13388,2025-11-22 01:00:00
691.0,483.8066,2025-11-22 01:00:00
351.75,224.30377,2025-11-22 02:00:00
394.0,309.76816,2025-11-22 02:00:00
443.0,336.2841,2025-11-22 02:00:00
652.0,429.62473,2025-11-22 02:00:00
362.0,308.78812,2025-11-22 02:00:00
438.0,327.97348,2025-11-22 03:00:00
354.0,301.99435,2025-11-22 03:00:00
471.0,389.0705,2025-11-22 03:00:00
388.0,290.89838,2025-11-22 03:00:00
372.0,203.75955,2025-11-22 03:00:00
359.5,199.86916,2025-11-22 04:00:00
418.0,327.21906,2025-11-22 04:00:00
337.0,257.37775,2025-11-22 04:00:00
362.0,295.46997,2025-11-22 04:00:00
437.0,389.34616,2025-11-22 04:00:00
351.0,196.43924,2025-11-22 05:00:00
350.0,226.53638,2025-11-22 05:00:00
412.0,287.77832,2025-11-22 05:00:00
333.0,272.58087,2025-11-22 05:00:00
455.0,369.34055,2025-11-22 05:00:00
343.0,210.37627,2025-11-22 06:00:00
301.0,260.271,2025-11-22 06:00:00
417.0,339.93695,2025-11-22 06:00:00
427.0,294.78363,2025-11-22 06:00:00
357.0,223.3892,2025-11-22 06:00:00
407.0,331.17148,2025-11-22 07:00:00
298.0,293.94836,2025-11-22 07:00:00
332.5,222.19995,2025-11-22 07:00:00
335.0,242.8283,2025-11-22 07:00:00
410.0,330.4519,2025-11-22 07:00:00
296.0,348.02896,2025-11-22 08:00:00
396.0,320.21594,2025-11-22 08:00:00
469.0,328.3514,2025-11-22 08:00:00
345.0,318.37393,2025-11-22 08:00:00
342.25,283.82303,2025-11-22 08:00:00
387.0,340.42386,2025-11-22 09:00:00
311.0,349.36667,2025-11-22 09:00:00
492.0,370.22156,2025-11-22 09:00:00
368.0,264.28537,2025-11-22 09:00:00
462.0,357.01605,2025-11-22 09:00:00
455.0,378.39133,2025-11-22 10:00:00
472.0,397.44833,2025-11-22 10:00:00
362.0,365.64157,2025-11-22 10:00:00
354.25,270.89273,2025-11-22 10:00:00
451.0,393.22534,2025-11-22 10:00:00
328.0,358.38672,2025-11-22 11:00:00
359.0,331.39905,2025-11-22 11:00:00
416.0,339.00143,2025-11-22 11:00:00
345.25,240.88867,2025-11-22 11:00:00
305.0,308.33112,2025-11-22 11:00:00
289.0,280.2232,2025-11-22 12:00:00
294.0,350.3561,2025-11-22 12:00:00
348.0,325.11407,2025-11-22 12:00:00
269.0,227.68736,2025-11-22 12:00:00
304.0,329.30835,2025-11-22 12:00:00
290.0,253.7732,2025-11-22 13:00:00
238.0,379.5966,2025-11-22 13:00:00
259.0,296.54233,2025-11-22 13:00:00
201.25,201.91727,2025-11-22 13:00:00
241.0,334.73282,2025-11-22 13:00:00
226.0,247.95961,2025-11-22 14:00:00
245.0,344.08228,2025-11-22 14:00:00
191.0,175.9072,2025-11-22 14:00:00
243.0,295.7595,2025-11-22 14:00:00
226.0,221.3371,2025-11-22 14:00:00
246.0,260.6125,2025-11-22 15:00:00
219.0,218.12614,2025-11-22 15:00:00
207.0,280.41806,2025-11-22 15:00:00
211.0,236.34169,2025-11-22 15:00:00
179.75,186.03844,2025-11-22 15:00:00
252.0,271.46393,2025-11-22 16:00:00
194.0,242.77216,2025-11-22 16:00:00
178.0,176.38034,2025-11-22 16:00:00
215.0,231.8684,2025-11-22 16:00:00
207.0,265.6411,2025-11-22 16:00:00
221.0,288.5131,2025-11-22 17:00:00
205.0,252.414,2025-11-22 17:00:00
203.75,236.20132,2025-11-22 17:00:00
234.0,371.00604,2025-11-22 17:00:00
245.0,286.36017,2025-11-22 17:00:00
250.25,279.414,2025-11-22 18:00:00
268.0,348.1876,2025-11-22 18:00:00
260.0,326.0417,2025-11-22 18:00:00
355.0,416.623,2025-11-22 18:00:00
205.0,321.32706,2025-11-22 18:00:00
310.0,375.39725,2025-11-22 19:00:00
337.0,403.0349,2025-11-22 19:00:00
307.75,288.48758,2025-11-22 19:00:00
422.0,463.09323,2025-11-22 19:00:00
387.0,412.26468,2025-11-22 19:00:00
358.5,313.16754,2025-11-22 20:00:00
445.0,436.1331,2025-11-22 20:00:00
250.0,411.03503,2025-11-22 20:00:00
388.0,371.20267,2025-11-22 20:00:00
427.0,483.76938,2025-11-22 20:00:00
476.0,400.24332,2025-11-22 21:00:00
400.0,313.99103,2025-11-22 21:00:00
443.0,419.59543,2025-11-22 21:00:00
291.0,362.89706,2025-11-22 21:00:00
567.0,485.74323,2025-11-22 21:00:00
537.0,449.13266,2025-11-22 22:00:00
439.5,330.10114,2025-11-22 22:00:00
492.0,454.43848,2025-11-22 22:00:00
301.0,401.25455,2025-11-22 22:00:00
547.0,466.41022,2025-11-22 22:00:00
306.0,396.0233,2025-11-22 23:00:00
476.0,497.699,2025-11-22 23:00:00
443.6666666666667,296.57755,2025-11-22 23:00:00
436.0,369.52698,2025-11-22 23:00:00
483.0,409.89624,2025-11-22 23:00:00
448.0,453.90363,2025-11-23 00:00:00
390.0,369.64636,2025-11-23 00:00:00
406.0,313.91776,2025-11-23 00:00:00
300.0,391.97406,2025-11-23 00:00:00
399.0,518.95984,2025-11-23 00:00:00
391.0,317.80563,2025-11-23 01:00:00
301.0,361.3363,2025-11-23 01:00:00
356.0,391.76132,2025-11-23 01:00:00
394.0,438.4297,2025-11-23 01:00:00
420.0,447.18472,2025-11-23 01:00:00
390.0,415.83487,2025-11-23 02:00:00
310.0,305.28424,2025-11-23 02:00:00
385.0,299.6946,2025-11-23 02:00:00
382.0,359.20276,2025-11-23 02:00:00
324.0,373.11703,2025-11-23 02:00:00
311.0,388.57617,2025-11-23 03:00:00
332.0,385.58405,2025-11-23 03:00:00
383.0,352.65295,2025-11-23 03:00:00
371.25,287.8676,2025-11-23 03:00:00
294.0,338.30197,2025-11-23 03:00:00
317.0,412.25537,2025-11-23 04:00:00
265.0,370.69473,2025-11-23 04:00:00
470.0,355.72675,2025-11-23 04:00:00
251.0,319.03986,2025-11-23 04:00:00
329.25,287.42108,2025-11-23 04:00:00
374.0,369.78925,2025-11-23 05:00:00
259.0,313.55505,2025-11-23 05:00:00
387.0,366.87244,2025-11-23 05:00:00
313.5,281.17444,2025-11-23 05:00:00
277.0,297.66827,2025-11-23 05:00:00
374.0,350.6015,2025-11-23 06:00:00
239.0,310.2693,2025-11-23 06:00:00
235.0,312.95682,2025-11-23 06:00:00
356.0,400.99002,2025-11-23 06:00:00
256.75,265.33527,2025-11-23 06:00:00
230.0,339.55905,2025-11-23 07:00:00
232.0,322.42505,2025-11-23 07:00:00
364.0,383.56625,2025-11-23 07:00:00
272.0,366.8945,2025-11-23 07:00:00
222.0,295.96173,2025-11-23 07:00:00
283.0,333.825,2025-11-23 08:00:00
285.0,370.63403,2025-11-23 08:00:00
257.5,323.2092,2025-11-23 08:00:00
410.0,351.56262,2025-11-23 08:00:00
277.0,359.99484,2025-11-23 08:00:00
346.0,415.8844,2025-11-23 09:00:00
281.5,334.12784,2025-11-23 09:00:00
283.0,393.9336,2025-11-23 09:00:00
373.0,408.4074,2025-11-23 09:00:00
309.0,378.6754,2025-11-23 09:00:00
296.5,346.16455,2025-11-23 10:00:00
300.0,399.26825,2025-11-23 10:00:00
283.0,406.16833,2025-11-23 10:00:00
317.0,391.6187,2025-11-23 10:00:00
939.0,453.45853,2025-11-23 10:00:00
299.0,379.1372,2025-11-23 11:00:00
389.0,468.05975,2025-11-23 11:00:00
357.0,379.8971,2025-11-23 11:00:00
251.5,297.9147,2025-11-23 11:00:00
411.0,365.34402,2025-11-23 11:00:00
313.0,460.78845,2025-11-23 12:00:00
232.75,253.16948,2025-11-23 12:00:00
362.0,335.10486,2025-11-23 12:00:00
249.0,304.84995,2025-11-23 12:00:00
340.0,421.5864,2025-11-23 12:00:00
265.0,400.5386,2025-11-23 13:00:00
249.0,251.62883,2025-11-23 13:00:00
246.0,378.96207,2025-11-23 13:00:00
280.0,279.07422,2025-11-23 13:00:00
218.75,224.01291,2025-11-23 13:00:00
206.0,248.40178,2025-11-23 14:00:00
194.0,291.31088,2025-11-23 14:00:00
183.0,335.54083,2025-11-23 14:00:00
217.0,312.24268,2025-11-23 14:00:00
224.25,220.9682,2025-11-23 14:00:00
212.0,296.76923,2025-11-23 15:00:00
233.0,254.77339,2025-11-23 15:00:00
229.0,239.67482,2025-11-23 15:00:00
201.0,208.77599,2025-11-23 15:00:00
145.0,295.06204,2025-11-23 15:00:00
175.0,255.9143,2025-11-23 16:00:00
210.0,255.96324,2025-11-23 16:00:00
197.0,268.9816,2025-11-23 16:00:00
217.5,199.56519,2025-11-23 16:00:00
227.0,228.82373,2025-11-23 16:00:00
254.0,255.83383,2025-11-23 17:00:00
199.0,267.9542,2025-11-23 17:00:00
233.75,225.01518,2025-11-23 17:00:00
343.0,330.7271,2025-11-23 17:00:00
204.0,250.94939,2025-11-23 17:00:00
279.0,338.4412,2025-11-23 18:00:00
313.25,268.43466,2025-11-23 18:00:00
390.0,407.42572,2025-11-23 18:00:00
389.0,361.83167,2025-11-23 18:00:00
257.0,301.36923,2025-11-23 18:00:00
448.0,407.841,2025-11-23 19:00:00
373.0,444.79532,2025-11-23 19:00:00
414.0,411.71823,2025-11-23 19:00:00
365.25,303.44437,2025-11-23 19:00:00
337.0,365.33966,2025-11-23 19:00:00
610.0,464.4969,2025-11-23 20:00:00
410.0,380.22363,2025-11-23 20:00:00
387.75,361.43457,2025-11-23 20:00:00
437.0,467.41037,2025-11-23 20:00:00
669.0,429.09183,2025-11-23 20:00:00
544.0,460.70694,2025-11-23 21:00:00
663.0,483.187,2025-11-23 21:00:00
389.0,366.16928,2025-11-23 21:00:00
625.0,440.06573,2025-11-23 21:00:00
514.0,426.9525,2025-11-23 21:00:00
556.0,438.285,2025-11-23 22:00:00
541.0,511.92944,2025-11-23 22:00:00
686.0,518.731,2025-11-23 22:00:00
360.0,369.9387,2025-11-23 22:00:00
603.0,404.3691,2025-11-23 22:00:00
429.0,404.95602,2025-11-23 23:00:00
429.0,413.39444,2025-11-23 23:00:00
754.0,476.47424,2025-11-23 23:00:00
571.0,514.8205,2025-11-23 23:00:00
346.3333333333333,374.89023,2025-11-23 23:00:00
327.0,441.5083,2025-11-24 00:00:00
370.75,371.69693,2025-11-24 00:00:00
798.0,482.2286,2025-11-24 00:00:00
401.0,478.60583,2025-11-24 00:00:00
578.0,517.9904,2025-11-24 00:00:00
293.0,415.00906,2025-11-24 01:00:00
440.0,452.64243,2025-11-24 01:00:00
765.0,482.2927,2025-11-24 01:00:00
366.25,341.81015,2025-11-24 01:00:00
620.0,505.238,2025-11-24 01:00:00
273.0,399.7678,2025-11-24 02:00:00
743.0,439.18768,2025-11-24 02:00:00
650.0,453.22766,2025-11-24 02:00:00
359.5,319.71606,2025-11-24 02:00:00
429.0,426.18686,2025-11-24 02:00:00
256.0,315.04123,2025-11-24 03:00:00
407.25,296.14972,2025-11-24 03:00:00
414.0,417.43307,2025-11-24 03:00:00
646.0,463.41104,2025-11-24 03:00:00
632.0,426.21198,2025-11-24 03:00:00
326.0,372.46823,2025-11-24 04:00:00
661.0,400.9101,2025-11-24 04:00:00
237.0,338.66745,2025-11-24 04:00:00
588.0,453.741,2025-11-24 04:00:00
403.0,315.79416,2025-11-24 04:00:00
285.0,320.32513,2025-11-24 05:00:00
517.0,382.1844,2025-11-24 05:00:00
387.25,313.8909,2025-11-24 05:00:00
320.0,351.65298,2025-11-24 05:00:00
974.0,391.5928,2025-11-24 05:00:00
504.0,357.85303,2025-11-24 06:00:00
969.0,374.07242,2025-11-24 06:00:00
288.0,311.24515,2025-11-24 06:00:00
301.0,352.49048,2025-11-24 06:00:00
423.75,298.88315,2025-11-24 06:00:00
337.0,340.88013,2025-11-24 07:00:00
545.0,392.13437,2025-11-24 07:00:00
503.5,309.4245,2025-11-24 07:00:00
510.0,370.86807,2025-11-24 07:00:00
289.0,325.6231,2025-11-24 07:00:00
501.0,350.36023,2025-11-24 08:00:00
558.0,389.86343,2025-11-24 08:00:00
599.5,317.47955,2025-11-24 08:00:00
705.0,357.9577,2025-11-24 08:00:00
361.0,347.13516,2025-11-24 08:00:00
492.0,382.18036,2025-11-24 09:00:00
715.0,466.72623,2025-11-24 09:00:00
686.5,318.60648,2025-11-24 09:00:00
740.0,395.02057,2025-11-24 09:00:00
867.0,421.63995,2025-11-24 09:00:00
752.0,462.1313,2025-11-24 10:00:00
563.0,448.854,2025-11-24 10:00:00
637.0,374.18127,2025-11-24 10:00:00
587.75,322.91812,2025-11-24 10:00:00
504.0,376.58987,2025-11-24 10:00:00
505.0,420.78394,2025-11-24 11:00:00
519.0,322.96872,2025-11-24 11:00:00
530.0,352.30127,2025-11-24 11:00:00
419.5,283.29422,2025-11-24 11:00:00
406.0,423.067,2025-11-24 11:00:00
365.0,328.87387,2025-11-24 12:00:00
414.0,303.00897,2025-11-24 12:00:00
382.0,402.90207,2025-11-24 12:00:00
266.75,255.65532,2025-11-24 12:00:00
304.0,338.2193,2025-11-24 12:00:00
261.0,242.3929,2025-11-24 13:00:00
306.0,254.06282,2025-11-24 13:00:00
238.0,240.13255,2025-11-24 13:00:00
301.0,296.72626,2025-11-24 13:00:00
280.25,212.45872,2025-11-24 13:00:00
240.0,262.08282,2025-11-24 14:00:00
289.0,242.01099,2025-11-24 14:00:00
282.25,208.03828,2025-11-24 14:00:00
204.0,216.79059,2025-11-24 14:00:00
223.0,229.24185,2025-11-24 14:00:00
231.0,191.99556,2025-11-24 15:00:00
327.0,226.13683,2025-11-24 15:00:00
216.0,218.5018,2025-11-24 15:00:00
293.0,239.67628,2025-11-24 15:00:00
216.0,234.09077,2025-11-24 15:00:00
174.0,248.10051,2025-11-24 16:00:00
368.0,230.87082,2025-11-24 16:00:00
289.0,233.80411,2025-11-24 16:00:00
224.5,172.71815,2025-11-24 16:00:00
295.0,208.52058,2025-11-24 16:00:00
357.0,240.82657,2025-11-24 17:00:00
221.5,223.24007,2025-11-24 17:00:00
472.0,293.9235,2025-11-24 17:00:00
190.0,285.62027,2025-11-24 17:00:00
268.0,253.0182,2025-11-24 17:00:00
553.0,417.64255,2025-11-24 18:00:00
360.0,320.41113,2025-11-24 18:00:00
466.0,354.76126,2025-11-24 18:00:00
254.0,352.63538,2025-11-24 18:00:00
295.0,313.73413,2025-11-24 18:00:00
451.0,417.76962,2025-11-24 19:00:00
357.25,345.2272,2025-11-24 19:00:00
526.0,493.99216,2025-11-24 19:00:00
383.0,407.4005,2025-11-24 19:00:00
497.0,455.53476,2025-11-24 19:00:00
517.0,453.8127,2025-11-24 20:00:00
462.0,420.2539,2025-11-24 20:00:00
366.5,351.79025,2025-11-24 20:00:00
528.0,432.43564,2025-11-24 20:00:00
669.0,434.0209,2025-11-24 20:00:00
467.0,485.82855,2025-11-24 21:00:00
564.0,481.6479,2025-11-24 21:00:00
390.75,347.99762,2025-11-24 21:00:00
693.0,522.78925,2025-11-24 21:00:00
587.0,450.99792,2025-11-24 21:00:00
490.0,491.98676,2025-11-24 22:00:00
398.0,332.94052,2025-11-24 22:00:00
680.0,521.29517,2025-11-24 22:00:00
578.0,487.8382,2025-11-24 22:00:00
563.0,476.68875,2025-11-24 22:00:00
846.0,509.13235,2025-11-24 23:00:00
419.3333333333333,343.93567,2025-11-24 23:00:00
475.0,439.55313,2025-11-24 23:00:00
603.0,448.6627,2025-11-24 23:00:00
541.0,499.56168,2025-11-24 23:00:00
525.0,490.28217,2025-11-25 00:00:00
545.0,444.14313,2025-11-25 00:00:00
891.0,502.85992,2025-11-25 00:00:00
403.0,476.65402,2025-11-25 00:00:00
407.25,345.06216,2025-11-25 00:00:00
387.0,441.5867,2025-11-25 01:00:00
394.0,336.64444,2025-11-25 01:00:00
926.0,444.70276,2025-11-25 01:00:00
501.0,497.09793,2025-11-25 01:00:00
497.0,452.52643,2025-11-25 01:00:00
752.0,426.4793,2025-11-25 02:00:00
366.0,398.09976,2025-11-25 02:00:00
478.0,412.25952,2025-11-25 02:00:00
506.0,463.13824,2025-11-25 02:00:00
401.75,327.83246,2025-11-25 02:00:00
493.0,403.2557,2025-11-25 03:00:00
487.0,469.62137,2025-11-25 03:00:00
617.0,405.68787,2025-11-25 03:00:00
381.75,328.07764,2025-11-25 03:00:00
361.0,369.21274,2025-11-25 03:00:00
519.0,411.57303,2025-11-25 04:00:00
322.0,337.72864,2025-11-25 04:00:00
359.25,319.01505,2025-11-25 04:00:00
492.0,384.03268,2025-11-25 04:00:00
450.0,441.7059,2025-11-25 04:00:00
357.75,317.20972,2025-11-25 05:00:00
458.0,434.14734,2025-11-25 05:00:00
415.0,411.06906,2025-11-25 05:00:00
476.0,337.09122,2025-11-25 05:00:00
356.0,337.54462,2025-11-25 05:00:00
365.5,316.316,2025-11-25 06:00:00
374.0,361.52338,2025-11-25 06:00:00
416.0,330.63754,2025-11-25 06:00:00
447.0,402.04938,2025-11-25 06:00:00
471.0,391.98584,2025-11-25 06:00:00
405.0,317.48993,2025-11-25 07:00:00
475.0,393.58057,2025-11-25 07:00:00
415.0,314.3661,2025-11-25 07:00:00
455.0,355.52066,2025-11-25 07:00:00
416.0,432.9606,2025-11-25 07:00:00
523.0,406.83276,2025-11-25 08:00:00
642.0,401.3928,2025-11-25 08:00:00
449.0,434.07178,2025-11-25 08:00:00
434.25,337.52866,2025-11-25 08:00:00
454.0,369.01984,2025-11-25 08:00:00
428.75,326.9009,2025-11-25 09:00:00
617.0,458.75433,2025-11-25 09:00:00
539.0,410.53903,2025-11-25 09:00:00
481.0,425.82962,2025-11-25 09:00:00
519.0,375.388,2025-11-25 09:00:00
387.75,332.4127,2025-11-25 10:00:00
538.0,453.5809,2025-11-25 10:00:00
467.0,391.21613,2025-11-25 10:00:00
398.0,398.71686,2025-11-25 10:00:00
410.0,363.44513,2025-11-25 10:00:00
409.0,360.87262,2025-11-25 11:00:00
296.75,323.33044,2025-11-25 11:00:00
368.0,345.26324,2025-11-25 11:00:00
458.0,382.23663,2025-11-25 11:00:00
271.0,348.23013,2025-11-25 11:00:00
268.0,285.55783,2025-11-25 12:00:00
326.0,323.556,2025-11-25 12:00:00
197.0,318.17282,2025-11-25 12:00:00
348.0,344.95523,2025-11-25 12:00:00
226.0,296.4201,2025-11-25 12:00:00
278.0,272.89096,2025-11-25 13:00:00
236.75,221.16199,2025-11-25 13:00:00
230.0,233.41144,2025-11-25 13:00:00
174.0,248.3649,2025-11-25 13:00:00
283.0,273.01938,2025-11-25 13:00:00
238.0,244.7584,2025-11-25 14:00:00
193.0,188.40842,2025-11-25 14:00:00
245.0,223.39748,2025-11-25 14:00:00
277.0,245.29964,2025-11-25 14:00:00
228.0,261.03455,2025-11-25 14:00:00
160.5,177.61981,2025-11-25 15:00:00
233.0,230.08774,2025-11-25 15:00:00
272.0,251.83797,2025-11-25 15:00:00
172.0,232.36952,2025-11-25 15:00:00
235.0,209.02864,2025-11-25 15:00:00
150.75,165.07321,2025-11-25 16:00:00
206.0,204.1445,2025-11-25 16:00:00
195.0,224.34744,2025-11-25 16:00:00
182.0,222.49141,2025-11-25 16:00:00
194.0,234.30481,2025-11-25 16:00:00
193.75,179.10835,2025-11-25 17:00:00
329.0,230.24815,2025-11-25 17:00:00
250.0,281.67697,2025-11-25 17:00:00
179.0,225.7094,2025-11-25 17:00:00
436.0,257.3847,2025-11-25 17:00:00
566.0,303.26495,2025-11-25 18:00:00
636.0,272.6662,2025-11-25 18:00:00
263.0,243.1621,2025-11-25 18:00:00
355.0,392.40427,2025-11-25 18:00:00
266.5,261.8801,2025-11-25 18:00:00
384.0,401.63156,2025-11-25 19:00:00
315.0,351.06485,2025-11-25 19:00:00
395.0,436.3336,2025-11-25 19:00:00
357.0,353.58096,2025-11-25 19:00:00
321.5,293.48782,2025-11-25 19:00:00
460.0,420.8134,2025-11-25 20:00:00
382.0,364.25433,2025-11-25 20:00:00
352.0,305.9738,2025-11-25 20:00:00
455.0,463.97842,2025-11-25 20:00:00
376.0,407.1417,2025-11-25 20:00:00
361.0,300.73193,2025-11-25 21:00:00
353.0,393.03845,2025-11-25 21:00:00
417.0,455.79153,2025-11-25 21:00:00
433.0,522.42505,2025-11-25 21:00:00
437.0,454.42416,2025-11-25 21:00:00
499.0,478.071,2025-11-25 22:00:00
385.0,310.32333,2025-11-25 22:00:00
329.0,411.9846,2025-11-25 22:00:00
505.0,492.34625,2025-11-25 22:00:00
451.0,518.604,2025-11-25 22:00:00
434.0,484.48038,2025-11-25 23:00:00
405.5,361.4248,2025-11-25 23:00:00
630.0,458.86444,2025-11-25 23:00:00
543.0,522.8189,2025-11-25 23:00:00
299.0,365.07355,2025-11-25 23:00:00
370.0,493.03702,2025-11-26 00:00:00
399.0,423.28497,2025-11-26 00:00:00
512.0,572.6563,2025-11-26 00:00:00
538.0,501.95825,2025-11-26 00:00:00
327.0,420.73395,2025-11-26 00:00:00
343.0,443.808,2025-11-26 01:00:00
369.75,379.4116,2025-11-26 01:00:00
451.0,513.7768,2025-11-26 01:00:00
409.0,477.38763,2025-11-26 01:00:00
329.0,377.95734,2025-11-26 01:00:00
317.0,353.88516,2025-11-26 02:00:00
307.0,491.09552,2025-11-26 02:00:00
298.0,395.96326,2025-11-26 02:00:00
315.0,372.01923,2025-11-26 02:00:00
318.0,420.94455,2025-11-26 02:00:00
262.0,460.40042,2025-11-26 03:00:00
285.0,411.69632,2025-11-26 03:00:00
277.0,359.48068,2025-11-26 03:00:00
252.0,419.92636,2025-11-26 03:00:00
289.5,349.17645,2025-11-26 03:00:00
252.0,434.38174,2025-11-26 04:00:00
274.0,375.33835,2025-11-26 04:00:00
246.0,399.79153,2025-11-26 04:00:00
265.0,340.92303,2025-11-26 04:00:00
206.0,313.4104,2025-11-26 04:00:00
222.0,372.29514,2025-11-26 05:00:00
272.5,338.00525,2025-11-26 05:00:00
250.0,412.76282,2025-11-26 05:00:00
291.0,332.3338,2025-11-26 05:00:00
224.0,297.74936,2025-11-26 05:00:00
269.25,318.372,2025-11-26 06:00:00
213.0,399.6062,2025-11-26 06:00:00
263.0,345.8246,2025-11-26 06:00:00
280.0,411.4824,2025-11-26 06:00:00
311.0,355.6937,2025-11-26 06:00:00
288.0,346.77017,2025-11-26 07:00:00
272.0,341.26407,2025-11-26 07:00:00
313.75,319.84628,2025-11-26 07:00:00
252.0,407.0978,2025-11-26 07:00:00
285.0,426.48285,2025-11-26 07:00:00
321.0,365.25714,2025-11-26 08:00:00
317.0,377.40292,2025-11-26 08:00:00
262.0,454.3632,2025-11-26 08:00:00
295.5,333.62286,2025-11-26 08:00:00
246.0,408.418,2025-11-26 08:00:00
230.0,411.106,2025-11-26 09:00:00
333.0,404.00186,2025-11-26 09:00:00
324.0,393.48822,2025-11-26 09:00:00
284.0,435.53137,2025-11-26 09:00:00
239.5,344.80917,2025-11-26 09:00:00
339.0,399.80396,2025-11-26 10:00:00
249.25,367.15698,2025-11-26 10:00:00
294.0,348.7866,2025-11-26 10:00:00
278.0,425.0542,2025-11-26 10:00:00
261.0,493.9429,2025-11-26 10:00:00
262.0,402.70197,2025-11-26 11:00:00
246.0,398.1286,2025-11-26 11:00:00
244.0,332.29865,2025-11-26 11:00:00
259.5,310.95422,2025-11-26 11:00:00
211.0,429.11923,2025-11-26 11:00:00
212.0,360.42816,2025-11-26 12:00:00
196.0,380.1275,2025-11-26 12:00:00
161.0,277.85928,2025-11-26 12:00:00
250.0,354.20056,2025-11-26 12:00:00
259.5,246.4581,2025-11-26 12:00:00
193.0,281.49603,2025-11-26 13:00:00
259.5,206.29562,2025-11-26 13:00:00
190.0,265.6762,2025-11-26 13:00:00
218.0,273.19388,2025-11-26 13:00:00
190.0,283.29892,2025-11-26 13:00:00
146.0,221.33234,2025-11-26 14:00:00
147.0,249.97168,2025-11-26 14:00:00
163.0,235.41364,2025-11-26 14:00:00
46.333333333333336,194.68565,2025-11-26 14:00:00
186.0,232.9775,2025-11-26 14:00:00
140.0,227.55539,2025-11-26 15:00:00
144.0,203.66446,2025-11-26 15:00:00
132.0,246.72354,2025-11-26 15:00:00
123.0,230.7506,2025-11-26 15:00:00
109.75,197.2948,2025-11-26 15:00:00
175.0,239.7546,2025-11-26 16:00:00
161.0,218.47243,2025-11-26 16:00:00
110.25,197.7154,2025-11-26 16:00:00
133.0,217.33789,2025-11-26 16:00:00
145.0,223.41014,2025-11-26 16:00:00
135.75,203.21214,2025-11-26 17:00:00
139.0,243.09044,2025-11-26 17:00:00
151.0,286.68134,2025-11-26 17:00:00
163.0,323.7282,2025-11-26 17:00:00
175.0,267.92447,2025-11-26 17:00:00
272.0,433.91998,2025-11-26 18:00:00
224.0,272.18405,2025-11-26 18:00:00
428.0,295.00134,2025-11-26 18:00:00
280.0,319.7922,2025-11-26 18:00:00
192.25,280.41245,2025-11-26 18:00:00
403.0,347.74527,2025-11-26 19:00:00
238.0,291.06494,2025-11-26 19:00:00
280.0,354.54617,2025-11-26 19:00:00
299.0,460.58493,2025-11-26 19:00:00
396.0,423.5399,2025-11-26 19:00:00
328.0,336.235,2025-11-26 20:00:00
323.0,467.18735,2025-11-26 20:00:00
264.75,319.99255,2025-11-26 20:00:00
318.0,439.11972,2025-11-26 20:00:00
345.0,533.6748,2025-11-26 20:00:00
256.5,353.22372,2025-11-26 21:00:00
361.0,486.0915,2025-11-26 21:00:00
411.0,505.85925,2025-11-26 21:00:00
370.0,433.61252,2025-11-26 21:00:00
304.0,479.7864,2025-11-26 21:00:00
241.5,343.22253,2025-11-26 22:00:00
322.0,516.4026,2025-11-26 22:00:00
302.0,515.87354,2025-11-26 22:00:00
353.0,429.9438,2025-11-26 22:00:00
406.0,524.92737,2025-11-26 22:00:00
351.0,472.40933,2025-11-26 23:00:00
324.0,537.91125,2025-11-26 23:00:00
349.0,465.41464,2025-11-26 23:00:00
255.66666666666663,340.40018,2025-11-26 23:00:00
265.0,524.5988,2025-11-26 23:00:00
311.0,427.96268,2025-11-27 00:00:00
379.0,424.72025,2025-11-27 00:00:00
290.0,521.2073,2025-11-27 00:00:00
277.0,511.5312,2025-11-27 00:00:00
263.0,363.97644,2025-11-27 00:00:00
263.0,481.8704,2025-11-27 01:00:00
227.0,338.5477,2025-11-27 01:00:00
321.0,409.14044,2025-11-27 01:00:00
250.0,414.72806,2025-11-27 01:00:00
322.0,378.03622,2025-11-27 01:00:00
274.0,313.75986,2025-11-27 02:00:00
222.0,481.58008,2025-11-27 02:00:00
237.0,394.714,2025-11-27 02:00:00
269.0,403.44162,2025-11-27 02:00:00
214.5,315.1461,2025-11-27 02:00:00
290.0,331.52463,2025-11-27 03:00:00
237.0,454.44363,2025-11-27 03:00:00
213.0,420.0975,2025-11-27 03:00:00
198.5,306.77985,2025-11-27 03:00:00
240.0,403.38126,2025-11-27 03:00:00
216.5,289.13867,2025-11-27 04:00:00
204.0,301.31186,2025-11-27 04:00:00
216.0,492.9093,2025-11-27 04:00:00
196.0,418.83887,2025-11-27 04:00:00
233.0,337.10635,2025-11-27 04:00:00
263.0,385.00082,2025-11-27 05:00:00
241.0,295.2653,2025-11-27 05:00:00
245.0,284.14822,2025-11-27 05:00:00
227.0,507.12292,2025-11-27 05:00:00
223.0,301.9851,2025-11-27 05:00:00
238.0,310.69128,2025-11-27 06:00:00
265.0,289.34332,2025-11-27 06:00:00
265.0,377.43686,2025-11-27 06:00:00
244.0,285.3671,2025-11-27 06:00:00
228.0,517.3894,2025-11-27 06:00:00
224.0,322.86197,2025-11-27 07:00:00
265.0,333.68307,2025-11-27 07:00:00
239.0,316.04572,2025-11-27 07:00:00
214.0,315.2948,2025-11-27 07:00:00
252.0,498.5717,2025-11-27 07:00:00
260.0,351.777,2025-11-27 08:00:00
225.75,338.77118,2025-11-27 08:00:00
321.0,520.46625,2025-11-27 08:00:00
250.0,349.6611,2025-11-27 08:00:00
290.0,406.4347,2025-11-27 08:00:00
274.0,493.76163,2025-11-27 09:00:00
266.0,463.54218,2025-11-27 09:00:00
255.0,390.4474,2025-11-27 09:00:00
257.25,339.14163,2025-11-27 09:00:00
301.0,418.00262,2025-11-27 09:00:00
248.0,443.98026,2025-11-27 10:00:00
260.0,478.61142,2025-11-27 10:00:00
304.0,531.06824,2025-11-27 10:00:00
268.5,374.49817,2025-11-27 10:00:00
305.0,449.33096,2025-11-27 10:00:00
252.25,298.0978,2025-11-27 11:00:00
273.0,393.67358,2025-11-27 11:00:00
228.0,453.64212,2025-11-27 11:00:00
294.0,453.12064,2025-11-27 11:00:00
251.0,367.68442,2025-11-27 11:00:00
239.5,296.32358,2025-11-27 12:00:00
250.0,351.91943,2025-11-27 12:00:00
217.0,317.99228,2025-11-27 12:00:00
307.0,389.4024,2025-11-27 12:00:00
279.0,410.8144,2025-11-27 12:00:00
227.0,321.07858,2025-11-27 13:00:00
224.0,301.3482,2025-11-27 13:00:00
221.0,259.43256,2025-11-27 13:00:00
233.0,362.9283,2025-11-27 13:00:00
244.0,325.77332,2025-11-27 13:00:00
224.0,269.2952,2025-11-27 14:00:00
169.0,245.86646,2025-11-27 14:00:00
180.0,255.42328,2025-11-27 14:00:00
193.0,253.66428,2025-11-27 14:00:00
191.0,282.26218,2025-11-27 14:00:00
161.0,227.18411,2025-11-27 15:00:00
162.0,308.0298,2025-11-27 15:00:00
182.0,269.3016,2025-11-27 15:00:00
130.75,230.26161,2025-11-27 15:00:00
163.0,251.91368,2025-11-27 15:00:00
168.0,259.49573,2025-11-27 16:00:00
142.5,199.13986,2025-11-27 16:00:00
178.0,272.2686,2025-11-27 16:00:00
171.0,287.7955,2025-11-27 16:00:00
194.0,265.0025,2025-11-27 16:00:00
174.0,395.25,2025-11-27 17:00:00
155.0,221.27585,2025-11-27 17:00:00
197.0,292.25244,2025-11-27 17:00:00
184.0,278.05917,2025-11-27 17:00:00
229.0,304.32742,2025-11-27 17:00:00
190.25,243.02756,2025-11-27 18:00:00
274.0,437.07895,2025-11-27 18:00:00
331.0,389.1908,2025-11-27 18:00:00
267.0,343.4162,2025-11-27 18:00:00
244.0,337.21973,2025-11-27 18:00:00
315.0,391.5351,2025-11-27 19:00:00
497.0,442.5108,2025-11-27 19:00:00
390.0,505.13702,2025-11-27 19:00:00
225.5,328.75696,2025-11-27 19:00:00
351.0,444.26154,2025-11-27 19:00:00
243.0,505.85284,2025-11-27 20:00:00
350.0,429.54422,2025-11-27 20:00:00
478.0,531.57654,2025-11-27 20:00:00
265.0,384.41824,2025-11-27 20:00:00
304.0,514.64246,2025-11-27 20:00:00
342.0,466.42172,2025-11-27 21:00:00
353.0,494.80316,2025-11-27 21:00:00
533.0,536.2957,2025-11-27 21:00:00
319.5,369.16458,2025-11-27 21:00:00
290.0,521.8348,2025-11-27 21:00:00
451.0,533.58704,2025-11-27 22:00:00
490.0,530.3581,2025-11-27 22:00:00
313.0,367.57126,2025-11-27 22:00:00
407.0,482.50427,2025-11-27 22:00:00
381.0,505.56876,2025-11-27 22:00:00
339.0,508.00867,2025-11-27 23:00:00
359.0,417.9485,2025-11-27 23:00:00
433.0,450.24854,2025-11-27 23:00:00
297.6666666666667,371.4063,2025-11-27 23:00:00
411.0,538.78937,2025-11-27 23:00:00
322.0,520.9825,2025-11-28 00:00:00
321.75,335.56503,2025-11-28 00:00:00
339.0,434.6626,2025-11-28 00:00:00
549.0,518.7923,2025-11-28 00:00:00
332.0,435.9298,2025-11-28 00:00:00
347.0,314.78842,2025-11-28 01:00:00
442.0,491.40628,2025-11-28 01:00:00
315.0,420.4433,2025-11-28 01:00:00
310.0,390.97833,2025-11-28 01:00:00
291.0,504.27603,2025-11-28 01:00:00
273.0,491.1032,2025-11-28 02:00:00
315.0,416.60397,2025-11-28 02:00:00
309.0,334.91193,2025-11-28 02:00:00
327.25,321.1097,2025-11-28 02:00:00
525.0,475.249,2025-11-28 02:00:00
461.0,447.10123,2025-11-28 03:00:00
289.0,307.83908,2025-11-28 03:00:00
284.0,409.3538,2025-11-28 03:00:00
280.0,329.30496,2025-11-28 03:00:00
278.0,481.41946,2025-11-28 03:00:00
287.0,453.39523,2025-11-28 04:00:00
265.75,288.93262,2025-11-28 04:00:00
256.0,368.72647,2025-11-28 04:00:00
407.0,448.448,2025-11-28 04:00:00
211.0,331.4174,2025-11-28 04:00:00
249.75,282.55032,2025-11-28 05:00:00
230.0,343.4327,2025-11-28 05:00:00
244.0,355.6797,2025-11-28 05:00:00
340.0,474.37784,2025-11-28 05:00:00
304.0,394.3269,2025-11-28 05:00:00
342.0,485.88232,2025-11-28 06:00:00
316.0,390.62622,2025-11-28 06:00:00
226.0,339.32077,2025-11-28 06:00:00
237.25,281.52585,2025-11-28 06:00:00
266.0,358.0016,2025-11-28 06:00:00
285.0,343.5438,2025-11-28 07:00:00
230.0,288.95673,2025-11-28 07:00:00
256.0,358.2015,2025-11-28 07:00:00
309.0,402.8767,2025-11-28 07:00:00
329.0,415.59766,2025-11-28 07:00:00
324.0,432.69968,2025-11-28 08:00:00
328.0,460.61182,2025-11-28 08:00:00
384.0,431.45773,2025-11-28 08:00:00
302.0,416.37527,2025-11-28 08:00:00
254.75,323.8205,2025-11-28 08:00:00
490.0,515.0318,2025-11-28 09:00:00
576.0,463.57175,2025-11-28 09:00:00
263.75,355.37744,2025-11-28 09:00:00
404.0,508.6078,2025-11-28 09:00:00
350.0,435.67596,2025-11-28 09:00:00
436.0,432.36038,2025-11-28 10:00:00
306.0,412.6295,2025-11-28 10:00:00
334.0,509.0625,2025-11-28 10:00:00
248.0,333.16562,2025-11-28 10:00:00
385.0,481.72598,2025-11-28 10:00:00
251.0,422.69562,2025-11-28 11:00:00
339.0,362.57614,2025-11-28 11:00:00
355.0,412.73373,2025-11-28 11:00:00
306.0,422.08813,2025-11-28 11:00:00
198.75,284.53278,2025-11-28 11:00:00
223.0,345.329,2025-11-28 12:00:00
213.0,366.23782,2025-11-28 12:00:00
260.0,317.23654,2025-11-28 12:00:00
193.0,225.72455,2025-11-28 12:00:00
263.0,348.41162,2025-11-28 12:00:00
193.0,197.51813,2025-11-28 13:00:00
164.0,327.217,2025-11-28 13:00:00
172.0,251.40945,2025-11-28 13:00:00
271.0,292.08725,2025-11-28 13:00:00
204.0,302.9597,2025-11-28 13:00:00
145.0,232.83165,2025-11-28 14:00:00
257.0,312.23663,2025-11-28 14:00:00
49.0,200.96718,2025-11-28 14:00:00
147.0,287.23062,2025-11-28 14:00:00
202.0,247.05757,2025-11-28 14:00:00
147.75,215.95125,2025-11-28 15:00:00
228.0,299.26343,2025-11-28 15:00:00
223.0,254.81494,2025-11-28 15:00:00
146.0,295.50696,2025-11-28 15:00:00
149.0,225.78105,2025-11-28 15:00:00
163.0,276.7542,2025-11-28 16:00:00
193.0,242.5151,2025-11-28 16:00:00
210.0,274.88666,2025-11-28 16:00:00
278.0,240.41498,2025-11-28 16:00:00
199.5,210.33928,2025-11-28 16:00:00
230.0,322.6776,2025-11-28 17:00:00
238.0,314.16913,2025-11-28 17:00:00
433.0,289.69882,2025-11-28 17:00:00
197.5,223.13893,2025-11-28 17:00:00
174.0,245.48653,2025-11-28 17:00:00
223.75,240.02316,2025-11-28 18:00:00
382.0,363.79248,2025-11-28 18:00:00
271.0,413.09576,2025-11-28 18:00:00
393.0,400.85745,2025-11-28 18:00:00
213.0,312.0813,2025-11-28 18:00:00
437.0,457.93027,2025-11-28 19:00:00
425.0,412.32922,2025-11-28 19:00:00
350.0,380.70847,2025-11-28 19:00:00
377.0,520.03925,2025-11-28 19:00:00
319.75,302.45407,2025-11-28 19:00:00
537.0,494.81085,2025-11-28 20:00:00
458.0,440.64267,2025-11-28 20:00:00
505.0,523.5919,2025-11-28 20:00:00
416.25,314.17685,2025-11-28 20:00:00
464.0,423.2947,2025-11-28 20:00:00
465.0,453.2763,2025-11-28 21:00:00
467.5,290.1478,2025-11-28 21:00:00
587.0,483.49323,2025-11-28 21:00:00
580.0,476.24368,2025-11-28 21:00:00
588.0,463.68213,2025-11-28 21:00:00
672.0,441.19952,2025-11-28 22:00:00
771.0,444.79193,2025-11-28 22:00:00
425.0,443.36792,2025-11-28 22:00:00
526.0,410.71198,2025-11-28 22:00:00
416.0,318.3412,2025-11-28 22:00:00
848.0,458.21655,2025-11-28 23:00:00
395.0,436.71432,2025-11-28 23:00:00
558.0,467.54492,2025-11-28 23:00:00
405.6666666666667,323.6227,2025-11-28 23:00:00
539.0,397.097,2025-11-28 23:00:00
483.0,429.57013,2025-11-29 00:00:00
378.0,354.06824,2025-11-29 00:00:00
735.0,382.88104,2025-11-29 00:00:00
388.5,290.14926,2025-11-29 00:00:00
497.0,333.89667,2025-11-29 00:00:00
439.5,286.1479,2025-11-29 01:00:00
726.0,346.33405,2025-11-29 01:00:00
422.0,313.41135,2025-11-29 01:00:00
370.0,328.59137,2025-11-29 01:00:00
555.0,363.13177,2025-11-29 01:00:00
395.0,320.80905,2025-11-29 02:00:00
570.0,284.62903,2025-11-29 02:00:00
536.0,320.97034,2025-11-29 02:00:00
340.0,325.54898,2025-11-29 02:00:00
432.5,299.8052,2025-11-29 02:00:00
362.0,307.34604,2025-11-29 03:00:00
510.0,329.41885,2025-11-29 03:00:00
328.0,317.5747,2025-11-29 03:00:00
547.0,312.249,2025-11-29 03:00:00
406.5,257.5761,2025-11-29 03:00:00
365.0,251.67294,2025-11-29 04:00:00
276.0,267.95493,2025-11-29 04:00:00
406.0,307.37454,2025-11-29 04:00:00
331.0,293.21716,2025-11-29 04:00:00
420.0,304.75305,2025-11-29 04:00:00
399.0,275.06555,2025-11-29 05:00:00
320.25,249.75682,2025-11-29 05:00:00
392.0,301.3024,2025-11-29 05:00:00
310.0,251.33344,2025-11-29 05:00:00
288.0,283.45578,2025-11-29 05:00:00
350.0,293.37527,2025-11-29 06:00:00
423.0,247.91924,2025-11-29 06:00:00
348.0,270.0213,2025-11-29 06:00:00
316.75,256.0417,2025-11-29 06:00:00
269.0,299.98776,2025-11-29 06:00:00
321.0,311.45294,2025-11-29 07:00:00
356.0,298.7634,2025-11-29 07:00:00
305.75,265.47177,2025-11-29 07:00:00
370.0,302.42715,2025-11-29 07:00:00
489.0,303.58032,2025-11-29 07:00:00
470.0,336.8937,2025-11-29 08:00:00
611.0,333.60657,2025-11-29 08:00:00
467.0,342.65823,2025-11-29 08:00:00
405.0,250.51411,2025-11-29 08:00:00
506.0,348.32486,2025-11-29 08:00:00
475.25,262.00742,2025-11-29 09:00:00
582.0,374.2355,2025-11-29 09:00:00
621.0,333.98337,2025-11-29 09:00:00
620.0,357.2498,2025-11-29 09:00:00
497.0,375.6749,2025-11-29 09:00:00
433.0,378.01697,2025-11-29 10:00:00
478.0,318.7885,2025-11-29 10:00:00
567.0,335.6336,2025-11-29 10:00:00
617.0,303.1958,2025-11-29 10:00:00
425.5,256.1485,2025-11-29 10:00:00
313.0,306.38303,2025-11-29 11:00:00
345.0,235.98192,2025-11-29 11:00:00
501.0,259.76782,2025-11-29 11:00:00
428.0,300.0084,2025-11-29 11:00:00
503.0,304.33365,2025-11-29 11:00:00
426.0,269.9667,2025-11-29 12:00:00
306.0,255.07945,2025-11-29 12:00:00
381.0,236.31541,2025-11-29 12:00:00
453.0,208.32158,2025-11-29 12:00:00
307.75,200.55957,2025-11-29 12:00:00
235.0,228.92929,2025-11-29 13:00:00
392.0,236.88359,2025-11-29 13:00:00
308.25,211.39189,2025-11-29 13:00:00
399.0,206.69447,2025-11-29 13:00:00
381.0,274.4478,2025-11-29 13:00:00
326.25,135.2337,2025-11-29 14:00:00
394.0,195.88113,2025-11-29 14:00:00
155.0,166.26653,2025-11-29 14:00:00
318.0,255.87695,2025-11-29 14:00:00
277.0,199.68115,2025-11-29 14:00:00
240.0,178.79346,2025-11-29 15:00:00
351.0,198.60342,2025-11-29 15:00:00
384.75,138.07759,2025-11-29 15:00:00
317.0,261.2492,2025-11-29 15:00:00
481.0,157.86847,2025-11-29 15:00:00
481.0,256.9623,2025-11-29 16:00:00
310.75,99.23654,2025-11-29 16:00:00
345.0,140.9852,2025-11-29 16:00:00
429.0,174.92764,2025-11-29 16:00:00
559.0,162.4891,2025-11-29 16:00:00
331.0,142.25462,2025-11-29 17:00:00
372.0,267.64444,2025-11-29 17:00:00
365.0,236.43976,2025-11-29 17:00:00
261.25,116.50251,2025-11-29 17:00:00
702.0,219.92343,2025-11-29 17:00:00
278.0,198.0038,2025-11-29 18:00:00
353.0,351.01855,2025-11-29 18:00:00
331.0,206.57349,2025-11-29 18:00:00
365.0,319.59085,2025-11-29 18:00:00
492.0,297.9052,2025-11-29 18:00:00
399.0,353.94965,2025-11-29 19:00:00
350.5,223.99263,2025-11-29 19:00:00
605.0,324.8647,2025-11-29 19:00:00
433.0,357.47113,2025-11-29 19:00:00
394.0,264.65665,2025-11-29 19:00:00
436.0,375.16974,2025-11-29 20:00:00
433.0,413.87894,2025-11-29 20:00:00
459.0,337.85217,2025-11-29 20:00:00
439.0,256.4988,2025-11-29 20:00:00
519.0,353.10028,2025-11-29 20:00:00
708.0,374.16086,2025-11-29 21:00:00
454.0,378.52762,2025-11-29 21:00:00
427.0,452.91388,2025-11-29 21:00:00
469.5,294.20285,2025-11-29 21:00:00
433.0,422.30734,2025-11-29 21:00:00
454.75,272.64374,2025-11-29 22:00:00
433.0,388.9037,2025-11-29 22:00:00
411.0,361.90378,2025-11-29 22:00:00
743.0,357.3105,2025-11-29 22:00:00
443.0,399.0096,2025-11-29 22:00:00
444.0,317.97037,2025-11-29 23:00:00
428.0,409.24658,2025-11-29 23:00:00
370.0,373.22186,2025-11-29 23:00:00
781.0,332.18997,2025-11-29 23:00:00
505.0,410.54382,2025-11-30 00:00:00
429.5,317.77252,2025-11-30 00:00:00
447.0,409.29187,2025-11-30 00:00:00
322.0,380.8933,2025-11-30 00:00:00
300.0,370.97824,2025-11-30 01:00:00
365.0,263.73654,2025-11-30 01:00:00
440.0,404.97836,2025-11-30 01:00:00
456.0,377.33707,2025-11-30 01:00:00
439.0,362.01837,2025-11-30 02:00:00
326.5,261.51443,2025-11-30 02:00:00
265.0,341.21954,2025-11-30 02:00:00
389.0,346.87845,2025-11-30 02:00:00
250.0,296.0045,2025-11-30 03:00:00
302.0,284.98914,2025-11-30 03:00:00
326.75,247.63779,2025-11-30 03:00:00
447.0,315.93527,2025-11-30 03:00:00
244.0,262.54367,2025-11-30 04:00:00
437.0,276.79065,2025-11-30 04:00:00
306.75,257.76755,2025-11-30 04:00:00
208.0,216.94458,2025-11-30 04:00:00
396.0,306.02762,2025-11-30 05:00:00
270.25,279.254,2025-11-30 05:00:00
252.0,271.2883,2025-11-30 05:00:00
251.0,231.32268,2025-11-30 05:00:00
248.0,244.2403,2025-11-30 06:00:00
436.0,304.4669,2025-11-30 06:00:00
256.0,297.09125,2025-11-30 06:00:00
305.0,257.60016,2025-11-30 06:00:00
290.0,269.16928,2025-11-30 07:00:00
306.75,262.2576,2025-11-30 07:00:00
315.0,319.70624,2025-11-30 07:00:00
321.0,299.1669,2025-11-30 07:00:00
449.0,320.14447,2025-11-30 08:00:00
327.0,315.40274,2025-11-30 08:00:00
327.5,270.4755,2025-11-30 08:00:00
412.0,344.73596,2025-11-30 08:00:00
371.25,274.48514,2025-11-30 09:00:00
626.0,346.0673,2025-11-30 09:00:00
449.0,332.21698,2025-11-30 09:00:00
544.0,333.86243,2025-11-30 09:00:00
483.0,325.5159,2025-11-30 10:00:00
385.0,337.27246,2025-11-30 10:00:00
289.0,276.44443,2025-11-30 10:00:00
353.0,310.94864,2025-11-30 10:00:00
354.0,290.2555,2025-11-30 11:00:00
267.0,301.90332,2025-11-30 11:00:00
227.75,279.52078,2025-11-30 11:00:00
228.0,335.92706,2025-11-30 11:00:00
298.0,299.19244,2025-11-30 12:00:00
256.0,286.0464,2025-11-30 12:00:00
202.0,262.6097,2025-11-30 12:00:00
498.0,254.1068,2025-11-30 12:00:00
238.0,308.5611,2025-11-30 12:00:00
203.5,232.53192,2025-11-30 13:00:00
405.0,221.591,2025-11-30 13:00:00
282.0,256.8864,2025-11-30 13:00:00
241.0,247.76015,2025-11-30 13:00:00
235.0,276.74173,2025-11-30 13:00:00
205.0,287.76312,2025-11-30 14:00:00
205.0,226.68652,2025-11-30 14:00:00
168.25,202.06439,2025-11-30 14:00:00
199.0,197.87535,2025-11-30 14:00:00
204.0,226.95026,2025-11-30 14:00:00
188.0,203.129,2025-11-30 15:00:00
168.0,267.3529,2025-11-30 15:00:00
138.5,150.55244,2025-11-30 15:00:00
197.0,200.53731,2025-11-30 15:00:00
173.0,220.65866,2025-11-30 15:00:00
174.0,157.93695,2025-11-30 16:00:00
145.0,223.59,2025-11-30 16:00:00
129.0,140.45673,2025-11-30 16:00:00
164.0,175.64252,2025-11-30 16:00:00
155.0,234.95128,2025-11-30 16:00:00
155.0,294.629,2025-11-30 17:00:00
184.0,218.9135,2025-11-30 17:00:00
323.0,211.75867,2025-11-30 17:00:00
151.0,185.29675,2025-11-30 17:00:00
140.25,158.05447,2025-11-30 17:00:00
260.0,269.04324,2025-11-30 18:00:00
249.0,363.66473,2025-11-30 18:00:00
249.0,292.94193,2025-11-30 18:00:00
199.0,252.30824,2025-11-30 18:00:00
214.5,190.06136,2025-11-30 18:00:00
262.5,227.61133,2025-11-30 19:00:00
361.0,348.2265,2025-11-30 19:00:00
388.0,328.45206,2025-11-30 19:00:00
300.0,351.21582,2025-11-30 19:00:00
276.0,276.25073,2025-11-30 19:00:00
342.0,386.35492,2025-11-30 20:00:00
383.0,352.30234,2025-11-30 20:00:00
324.0,334.33813,2025-11-30 20:00:00
493.0,320.51755,2025-11-30 20:00:00
272.75,232.93513,2025-11-30 20:00:00
292.5,239.72217,2025-11-30 21:00:00
383.0,422.4194,2025-11-30 21:00:00
477.0,323.94376,2025-11-30 21:00:00
324.0,367.5099,2025-11-30 21:00:00
378.0,345.42474,2025-11-30 21:00:00
282.5,264.8906,2025-11-30 22:00:00
354.0,345.66476,2025-11-30 22:00:00
466.0,342.88785,2025-11-30 22:00:00
382.0,379.18604,2025-11-30 22:00:00
294.0,437.49332,2025-11-30 22:00:00
396.0,354.30954,2025-11-30 23:00:00
269.0,264.17157,2025-11-30 23:00:00
321.0,347.67838,2025-11-30 23:00:00
309.0,381.8233,2025-11-30 23:00:00
422.0,339.31973,2025-11-30 23:00:00
271.0,431.60745,2025-12-01 00:00:00
400.0,327.27298,2025-12-01 00:00:00
253.5,243.6663,2025-12-01 00:00:00
288.0,298.99155,2025-12-01 00:00:00
366.0,251.2043,2025-12-01 00:00:00
332.0,284.35715,2025-12-01 01:00:00
276.0,295.8521,2025-12-01 01:00:00
311.0,274.56824,2025-12-01 01:00:00
238.5,217.06445,2025-12-01 01:00:00
232.0,387.7122,2025-12-01 01:00:00
210.75,221.30135,2025-12-01 02:00:00
278.0,227.50583,2025-12-01 02:00:00
304.0,221.88448,2025-12-01 02:00:00
254.0,288.6048,2025-12-01 02:00:00
243.0,372.00305,2025-12-01 02:00:00
215.25,214.34857,2025-12-01 03:00:00
272.0,206.68077,2025-12-01 03:00:00
290.0,224.4269,2025-12-01 03:00:00
235.0,281.0284,2025-12-01 03:00:00
248.0,341.61996,2025-12-01 03:00:00
254.0,178.82701,2025-12-01 04:00:00
223.0,261.0147,2025-12-01 04:00:00
262.0,328.81268,2025-12-01 04:00:00
230.0,211.13919,2025-12-01 04:00:00
238.5,191.67857,2025-12-01 04:00:00
283.0,281.294,2025-12-01 05:00:00
261.0,281.34842,2025-12-01 05:00:00
276.0,212.68913,2025-12-01 05:00:00
256.0,202.296,2025-12-01 05:00:00
245.0,196.85175,2025-12-01 05:00:00
247.0,186.85858,2025-12-01 06:00:00
283.0,178.59657,2025-12-01 06:00:00
282.0,277.81018,2025-12-01 06:00:00
296.0,243.63887,2025-12-01 06:00:00
259.0,209.0467,2025-12-01 06:00:00
268.0,218.05072,2025-12-01 07:00:00
315.0,247.94214,2025-12-01 07:00:00
307.0,244.9125,2025-12-01 07:00:00
270.5,177.43684,2025-12-01 07:00:00
266.0,217.24207,2025-12-01 07:00:00
290.0,233.32115,2025-12-01 08:00:00
334.0,273.19,2025-12-01 08:00:00
323.0,251.41922,2025-12-01 08:00:00
365.0,301.50925,2025-12-01 08:00:00
298.5,199.083,2025-12-01 08:00:00
399.0,330.92923,2025-12-01 09:00:00
354.0,288.83893,2025-12-01 09:00:00
374.0,341.32227,2025-12-01 09:00:00
359.0,309.3389,2025-12-01 09:00:00
309.5,211.43271,2025-12-01 09:00:00
332.0,320.45807,2025-12-01 10:00:00
255.5,216.50009,2025-12-01 10:00:00
367.0,283.44266,2025-12-01 10:00:00
505.0,341.29453,2025-12-01 10:00:00
611.0,304.4887,2025-12-01 10:00:00
414.0,285.43616,2025-12-01 11:00:00
217.25,183.6413,2025-12-01 11:00:00
376.0,240.62552,2025-12-01 11:00:00
249.0,269.8893,2025-12-01 11:00:00
295.0,295.73053,2025-12-01 11:00:00
211.0,234.08885,2025-12-01 12:00:00
461.0,213.42986,2025-12-01 12:00:00
349.0,199.3831,2025-12-01 12:00:00
211.25,180.33461,2025-12-01 12:00:00
255.0,226.09805,2025-12-01 12:00:00
256.0,163.15909,2025-12-01 13:00:00
182.0,175.91783,2025-12-01 13:00:00
219.0,205.51402,2025-12-01 13:00:00
480.0,179.41669,2025-12-01 13:00:00
199.0,210.38098,2025-12-01 13:00:00
167.0,213.01904,2025-12-01 14:00:00
215.0,192.23914,2025-12-01 14:00:00
172.5,137.50722,2025-12-01 14:00:00
205.0,136.91623,2025-12-01 14:00:00
265.0,137.6453,2025-12-01 14:00:00
163.75,136.8317,2025-12-01 15:00:00
256.0,136.20648,2025-12-01 15:00:00
213.0,149.79004,2025-12-01 15:00:00
177.0,220.98691,2025-12-01 15:00:00
186.0,178.08553,2025-12-01 15:00:00
234.0,166.43547,2025-12-01 16:00:00
184.0,158.65587,2025-12-01 16:00:00
213.0,176.4806,2025-12-01 16:00:00
166.0,147.89784,2025-12-01 16:00:00
186.0,218.96555,2025-12-01 16:00:00
173.0,202.4616,2025-12-01 17:00:00
174.75,149.53899,2025-12-01 17:00:00
207.0,188.80203,2025-12-01 17:00:00
182.0,183.15639,2025-12-01 17:00:00
267.0,242.38846,2025-12-01 17:00:00
239.0,210.06155,2025-12-01 18:00:00
245.0,253.7854,2025-12-01 18:00:00
698.0,310.20248,2025-12-01 18:00:00
305.0,262.12817,2025-12-01 18:00:00
220.5,202.46448,2025-12-01 18:00:00
418.0,327.05838,2025-12-01 19:00:00
244.0,211.39633,2025-12-01 19:00:00
525.0,345.9542,2025-12-01 19:00:00
271.0,285.076,2025-12-01 19:00:00
366.0,307.82452,2025-12-01 19:00:00
243.75,220.04524,2025-12-01 20:00:00
426.0,355.42664,2025-12-01 20:00:00
450.0,348.1118,2025-12-01 20:00:00
443.0,362.21494,2025-12-01 20:00:00
366.0,292.40576,2025-12-01 20:00:00
427.0,370.89526,2025-12-01 21:00:00
373.0,358.74094,2025-12-01 21:00:00
256.75,273.89224,2025-12-01 21:00:00
453.0,369.20496,2025-12-01 21:00:00
472.0,438.1477,2025-12-01 21:00:00
396.0,370.44135,2025-12-01 22:00:00
475.0,443.4825,2025-12-01 22:00:00
442.0,426.18124,2025-12-01 22:00:00
287.25,301.37686,2025-12-01 22:00:00
404.0,412.48996,2025-12-01 22:00:00
467.0,409.7239,2025-12-01 23:00:00
415.0,411.99582,2025-12-01 23:00:00
405.0,382.6801,2025-12-01 23:00:00
465.0,461.45074,2025-12-01 23:00:00
301.0,303.28406,2025-12-01 23:00:00
416.0,437.1388,2025-12-02 00:00:00
440.0,415.26312,2025-12-02 00:00:00
436.0,443.63354,2025-12-02 00:00:00
323.5,273.45837,2025-12-02 00:00:00
362.0,340.5254,2025-12-02 00:00:00
393.0,419.3256,2025-12-02 01:00:00
365.0,383.47638,2025-12-02 01:00:00
384.0,383.53903,2025-12-02 01:00:00
323.75,299.6507,2025-12-02 01:00:00
348.0,313.751,2025-12-02 01:00:00
329.75,324.13986,2025-12-02 02:00:00
316.0,316.60938,2025-12-02 02:00:00
366.0,384.74225,2025-12-02 02:00:00
277.0,398.31097,2025-12-02 02:00:00
345.0,299.56015,2025-12-02 02:00:00
393.0,395.2549,2025-12-02 03:00:00
287.0,266.81952,2025-12-02 03:00:00
282.0,310.22455,2025-12-02 03:00:00
273.0,374.4614,2025-12-02 03:00:00
306.0,252.0986,2025-12-02 03:00:00
277.0,253.60667,2025-12-02 04:00:00
251.0,252.4121,2025-12-02 04:00:00
296.0,377.58234,2025-12-02 04:00:00
348.0,373.36978,2025-12-02 04:00:00
236.75,235.9522,2025-12-02 04:00:00
304.0,369.9639,2025-12-02 05:00:00
271.0,354.96786,2025-12-02 05:00:00
268.0,215.87526,2025-12-02 05:00:00
209.25,213.94025,2025-12-02 05:00:00
261.0,208.40796,2025-12-02 05:00:00
210.25,214.29004,2025-12-02 06:00:00
256.0,277.23914,2025-12-02 06:00:00
251.0,203.06918,2025-12-02 06:00:00
259.0,212.42036,2025-12-02 06:00:00
301.0,328.06375,2025-12-02 06:00:00
251.0,276.50418,2025-12-02 07:00:00
284.0,225.26651,2025-12-02 07:00:00
227.0,232.66122,2025-12-02 07:00:00
209.75,214.2781,2025-12-02 07:00:00
306.0,391.20712,2025-12-02 07:00:00
316.0,307.82834,2025-12-02 08:00:00
233.5,248.1236,2025-12-02 08:00:00
324.0,401.14328,2025-12-02 08:00:00
426.0,401.1298,2025-12-02 08:00:00
504.0,314.8679,2025-12-02 08:00:00
418.0,390.1392,2025-12-02 09:00:00
318.0,421.48572,2025-12-02 09:00:00
342.0,405.13327,2025-12-02 09:00:00
340.0,356.76038,2025-12-02 09:00:00
278.0,261.34232,2025-12-02 09:00:00
316.0,285.00012,2025-12-02 10:00:00
399.0,378.29977,2025-12-02 10:00:00
311.0,323.37405,2025-12-02 10:00:00
333.0,397.87668,2025-12-02 10:00:00
360.0,363.34604,2025-12-02 10:00:00
272.5,234.58403,2025-12-02 11:00:00
565.0,303.14917,2025-12-02 11:00:00
374.0,380.08932,2025-12-02 11:00:00
284.0,267.1854,2025-12-02 11:00:00
332.0,328.57343,2025-12-02 11:00:00
345.0,289.50064,2025-12-02 12:00:00
500.0,271.82495,2025-12-02 12:00:00
244.0,251.61339,2025-12-02 12:00:00
293.0,311.88385,2025-12-02 12:00:00
205.75,227.55278,2025-12-02 12:00:00
239.0,299.20343,2025-12-02 13:00:00
273.0,238.04166,2025-12-02 13:00:00
194.0,193.88857,2025-12-02 13:00:00
182.0,205.35928,2025-12-02 13:00:00
290.0,279.24255,2025-12-02 13:00:00
212.0,189.05547,2025-12-02 14:00:00
255.0,240.4775,2025-12-02 14:00:00
240.0,221.10043,2025-12-02 14:00:00
204.5,179.31998,2025-12-02 14:00:00
201.0,201.65787,2025-12-02 14:00:00
201.0,194.85938,2025-12-02 15:00:00
245.0,240.19601,2025-12-02 15:00:00
256.0,277.6814,2025-12-02 15:00:00
280.0,201.89267,2025-12-02 15:00:00
222.0,197.1203,2025-12-02 15:00:00
201.0,223.70966,2025-12-02 16:00:00
201.0,237.53891,2025-12-02 16:00:00
208.0,182.80504,2025-12-02 16:00:00
216.0,207.94962,2025-12-02 16:00:00
233.0,280.5708,2025-12-02 16:00:00
208.0,274.04453,2025-12-02 17:00:00
202.0,233.36934,2025-12-02 17:00:00
222.0,249.26886,2025-12-02 17:00:00
201.0,309.78574,2025-12-02 17:00:00
213.25,193.48341,2025-12-02 17:00:00
340.0,255.7125,2025-12-02 18:00:00
429.0,411.0779,2025-12-02 18:00:00
272.5,204.10094,2025-12-02 18:00:00
245.0,271.5794,2025-12-02 18:00:00
254.0,321.07904,2025-12-02 18:00:00
331.0,331.6806,2025-12-02 19:00:00
388.0,363.02548,2025-12-02 19:00:00
467.0,402.36353,2025-12-02 19:00:00
336.25,273.2486,2025-12-02 19:00:00
392.0,394.00153,2025-12-02 19:00:00
487.0,385.49414,2025-12-02 20:00:00
367.0,373.27902,2025-12-02 20:00:00
439.0,446.52322,2025-12-02 20:00:00
354.5,291.18823,2025-12-02 20:00:00
455.0,385.69263,2025-12-02 20:00:00
443.0,455.51974,2025-12-02 21:00:00
509.0,416.82245,2025-12-02 21:00:00
360.5,347.23267,2025-12-02 21:00:00
493.0,383.1365,2025-12-02 21:00:00
440.0,490.68167,2025-12-02 21:00:00
422.0,385.1658,2025-12-02 22:00:00
381.75,347.9774,2025-12-02 22:00:00
482.0,464.50363,2025-12-02 22:00:00
431.0,457.2361,2025-12-02 22:00:00
422.0,518.16986,2025-12-02 22:00:00
497.0,450.17758,2025-12-02 23:00:00
393.0,504.5107,2025-12-02 23:00:00
396.0,411.1832,2025-12-02 23:00:00
367.6666666666667,342.7653,2025-12-02 23:00:00
361.0,491.9872,2025-12-03 00:00:00
347.75,356.86386,2025-12-03 00:00:00
364.0,394.51804,2025-12-03 00:00:00
411.0,489.96982,2025-12-03 00:00:00
334.0,358.27505,2025-12-03 01:00:00
332.0,429.84705,2025-12-03 01:00:00
348.25,318.9287,2025-12-03 01:00:00
374.0,461.84793,2025-12-03 01:00:00
399.0,375.3221,2025-12-03 02:00:00
343.0,332.5607,2025-12-03 02:00:00
296.0,397.36972,2025-12-03 02:00:00
323.0,256.10114,2025-12-03 02:00:00
273.0,300.44125,2025-12-03 03:00:00
373.0,345.30206,2025-12-03 03:00:00
343.0,327.18143,2025-12-03 03:00:00
299.5,249.23102,2025-12-03 03:00:00
326.0,321.84567,2025-12-03 04:00:00
285.5,229.63647,2025-12-03 04:00:00
233.0,218.60583,2025-12-03 04:00:00
335.0,308.37604,2025-12-03 04:00:00
327.0,243.39871,2025-12-03 05:00:00
273.0,342.46158,2025-12-03 05:00:00
264.5,232.43452,2025-12-03 05:00:00
223.0,217.42531,2025-12-03 05:00:00
268.25,240.63814,2025-12-03 06:00:00
240.0,260.0237,2025-12-03 06:00:00
294.0,261.5353,2025-12-03 06:00:00
282.0,370.18625,2025-12-03 06:00:00
251.5,233.50854,2025-12-03 07:00:00
257.0,276.58478,2025-12-03 07:00:00
295.0,254.42383,2025-12-03 07:00:00
285.0,318.07285,2025-12-03 07:00:00
302.0,373.6197,2025-12-03 08:00:00
254.25,292.51038,2025-12-03 08:00:00
313.0,293.0992,2025-12-03 08:00:00
367.0,385.48718,2025-12-03 08:00:00
307.0,343.4968,2025-12-03 09:00:00
302.0,367.0531,2025-12-03 09:00:00
262.25,349.0253,2025-12-03 09:00:00
362.0,507.90585,2025-12-03 09:00:00
364.0,394.4329,2025-12-03 10:00:00
350.0,303.27338,2025-12-03 10:00:00
464.0,363.9252,2025-12-03 10:00:00
280.25,310.49115,2025-12-03 10:00:00
268.0,307.07007,2025-12-03 11:00:00
373.0,378.3303,2025-12-03 11:00:00
268.25,253.46217,2025-12-03 11:00:00
320.0,287.52344,2025-12-03 11:00:00
222.75,213.50577,2025-12-03 12:00:00
293.0,237.2125,2025-12-03 12:00:00
241.0,243.98892,2025-12-03 12:00:00
276.0,289.53308,2025-12-03 12:00:00
564.0,335.97897,2025-12-03 12:00:00
439.0,280.25552,2025-12-03 13:00:00
250.0,240.00775,2025-12-03 13:00:00
299.0,230.86723,2025-12-03 13:00:00
201.0,183.74478,2025-12-03 13:00:00
199.0,231.24535,2025-12-03 13:00:00
181.25,202.63185,2025-12-03 14:00:00
219.0,275.31708,2025-12-03 14:00:00
261.0,206.37993,2025-12-03 14:00:00
173.0,219.57213,2025-12-03 14:00:00
248.0,260.43155,2025-12-03 14:00:00
223.0,198.13481,2025-12-03 15:00:00
235.0,243.16963,2025-12-03 15:00:00
175.0,218.73544,2025-12-03 15:00:00
295.0,237.53273,2025-12-03 15:00:00
172.75,171.26643,2025-12-03 15:00:00
263.0,346.34354,2025-12-03 16:00:00
190.0,255.27095,2025-12-03 16:00:00
190.0,229.79544,2025-12-03 16:00:00
186.0,190.92085,2025-12-03 16:00:00
159.0,175.93796,2025-12-03 16:00:00
206.0,202.89163,2025-12-03 17:00:00
171.0,157.98743,2025-12-03 17:00:00
193.0,253.6452,2025-12-03 17:00:00
212.0,262.86374,2025-12-03 17:00:00
309.0,364.34283,2025-12-03 17:00:00
188.75,178.07387,2025-12-03 18:00:00
206.0,345.83655,2025-12-03 18:00:00
279.0,260.9253,2025-12-03 18:00:00
232.0,228.37975,2025-12-03 18:00:00
208.0,436.11398,2025-12-03 18:00:00
359.0,380.2856,2025-12-03 19:00:00
269.0,393.70773,2025-12-03 19:00:00
284.0,282.55484,2025-12-03 19:00:00
257.0,442.79938,2025-12-03 19:00:00
227.25,233.78204,2025-12-03 19:00:00
270.5,290.6416,2025-12-03 20:00:00
357.0,425.83948,2025-12-03 20:00:00
318.0,393.90234,2025-12-03 20:00:00
306.0,372.7914,2025-12-03 20:00:00
268.0,467.17834,2025-12-03 20:00:00
387.0,416.1189,2025-12-03 21:00:00
313.0,287.48846,2025-12-03 21:00:00
337.0,401.0506,2025-12-03 21:00:00
354.0,407.93176,2025-12-03 21:00:00
295.0,504.0929,2025-12-03 21:00:00
276.0,582.287,2025-12-03 22:00:00
335.0,396.24448,2025-12-03 22:00:00
409.0,396.77618,2025-12-03 22:00:00
305.75,250.66924,2025-12-03 22:00:00
443.0,399.80896,2025-12-03 22:00:00
379.0,494.25082,2025-12-03 23:00:00
289.0,530.182,2025-12-03 23:00:00
350.0,382.05075,2025-12-03 23:00:00
296.0,311.6273,2025-12-03 23:00:00
290.0,321.58264,2025-12-03 23:00:00
262.0,332.78455,2025-12-04 00:00:00
293.0,299.7825,2025-12-04 00:00:00
266.75,290.84152,2025-12-04 00:00:00
288.0,378.95905,2025-12-04 00:00:00
389.0,465.94446,2025-12-04 00:00:00
209.0,268.72238,2025-12-04 01:00:00
291.0,387.7261,2025-12-04 01:00:00
259.0,321.93506,2025-12-04 01:00:00
295.0,285.09482,2025-12-04 01:00:00
339.0,353.41745,2025-12-04 01:00:00
257.0,316.874,2025-12-04 02:00:00
234.0,289.56754,2025-12-04 02:00:00
273.0,267.0617,2025-12-04 02:00:00
206.25,252.62662,2025-12-04 02:00:00
285.0,344.96198,2025-12-04 02:00:00
239.0,238.02942,2025-12-04 03:00:00
237.0,246.98447,2025-12-04 03:00:00
232.0,269.07864,2025-12-04 03:00:00
215.0,234.19597,2025-12-04 03:00:00
254.0,310.49918,2025-12-04 03:00:00
224.0,247.30304,2025-12-04 04:00:00
213.0,233.87346,2025-12-04 04:00:00
238.0,202.77245,2025-12-04 04:00:00
230.0,275.3762,2025-12-04 04:00:00
196.25,200.2227,2025-12-04 04:00:00
212.0,200.59334,2025-12-04 05:00:00
198.5,198.27077,2025-12-04 05:00:00
255.0,192.4942,2025-12-04 05:00:00
252.0,302.9922,2025-12-04 05:00:00
238.0,237.58292,2025-12-04 05:00:00
206.0,220.7919,2025-12-04 06:00:00
259.0,309.9411,2025-12-04 06:00:00
219.0,200.41415,2025-12-04 06:00:00
198.75,201.19922,2025-12-04 06:00:00
246.0,255.26633,2025-12-04 06:00:00
291.0,257.55127,2025-12-04 07:00:00
246.25,229.38821,2025-12-04 07:00:00
233.0,228.17273,2025-12-04 07:00:00
262.0,337.627,2025-12-04 07:00:00
205.0,227.4376,2025-12-04 07:00:00
238.25,255.35939,2025-12-04 08:00:00
296.0,359.508,2025-12-04 08:00:00
246.0,329.29327,2025-12-04 08:00:00
232.0,273.92514,2025-12-04 08:00:00
273.0,304.2643,2025-12-04 08:00:00
241.5,260.20047,2025-12-04 09:00:00
251.0,290.831,2025-12-04 09:00:00
277.0,349.20206,2025-12-04 09:00:00
261.0,350.70703,2025-12-04 09:00:00
305.0,381.30716,2025-12-04 09:00:00
246.0,230.29039,2025-12-04 10:00:00
273.0,359.604,2025-12-04 10:00:00
306.0,400.6501,2025-12-04 10:00:00
259.0,299.17743,2025-12-04 10:00:00
299.0,308.08426,2025-12-04 10:00:00
324.0,382.31223,2025-12-04 11:00:00
257.0,302.70258,2025-12-04 11:00:00
304.0,295.71515,2025-12-04 11:00:00
259.0,311.50793,2025-12-04 11:00:00
245.75,217.61,2025-12-04 11:00:00
232.0,343.56912,2025-12-04 12:00:00
311.0,268.65643,2025-12-04 12:00:00
306.0,367.92352,2025-12-04 12:00:00
235.25,214.20615,2025-12-04 12:00:00
251.0,284.2487,2025-12-04 12:00:00
239.0,239.22446,2025-12-04 13:00:00
298.0,253.5017,2025-12-04 13:00:00
309.0,226.17473,2025-12-04 13:00:00
235.0,192.26926,2025-12-04 13:00:00
213.0,274.07822,2025-12-04 13:00:00
219.75,169.12991,2025-12-04 14:00:00
243.0,222.82523,2025-12-04 14:00:00
224.0,257.73557,2025-12-04 14:00:00
228.0,213.8786,2025-12-04 14:00:00
263.0,200.40341,2025-12-04 14:00:00
196.0,197.95421,2025-12-04 15:00:00
238.0,187.6578,2025-12-04 15:00:00
209.0,156.7915,2025-12-04 15:00:00
233.0,226.829,2025-12-04 15:00:00
221.0,213.49306,2025-12-04 15:00:00
182.75,155.48483,2025-12-04 16:00:00
299.0,234.52937,2025-12-04 16:00:00
230.0,196.82869,2025-12-04 16:00:00
204.0,175.1151,2025-12-04 16:00:00
240.0,200.6741,2025-12-04 16:00:00
234.0,198.88643,2025-12-04 17:00:00
185.75,167.43521,2025-12-04 17:00:00
269.0,204.87321,2025-12-04 17:00:00
227.0,202.931,2025-12-04 17:00:00
276.0,239.18915,2025-12-04 17:00:00
246.0,186.87639,2025-12-04 18:00:00
272.0,302.87265,2025-12-04 18:00:00
256.0,357.08667,2025-12-04 18:00:00
458.0,240.55836,2025-12-04 18:00:00
266.0,222.42229,2025-12-04 18:00:00
332.0,242.43057,2025-12-04 19:00:00
272.0,405.9921,2025-12-04 19:00:00
326.0,296.07065,2025-12-04 19:00:00
305.0,363.91815,2025-12-04 19:00:00
280.75,222.18512,2025-12-04 19:00:00
335.0,345.39246,2025-12-04 20:00:00
345.0,439.0025,2025-12-04 20:00:00
306.5,241.11766,2025-12-04 20:00:00
367.0,451.46564,2025-12-04 20:00:00
431.0,313.30896,2025-12-04 20:00:00
351.0,425.83517,2025-12-04 21:00:00
315.25,238.40149,2025-12-04 21:00:00
326.0,421.44696,2025-12-04 21:00:00
427.0,362.0184,2025-12-04 21:00:00
334.0,319.71255,2025-12-04 21:00:00
292.75,247.16876,2025-12-04 22:00:00
340.0,402.2259,2025-12-04 22:00:00
328.0,391.8162,2025-12-04 22:00:00
410.0,376.12262,2025-12-04 22:00:00
323.0,436.13483,2025-12-04 22:00:00
263.3333333333333,254.97379,2025-12-04 23:00:00
282.0,434.4,2025-12-04 23:00:00
329.0,383.3415,2025-12-04 23:00:00
440.0,391.92044,2025-12-04 23:00:00
334.0,404.8492,2025-12-04 23:00:00
318.0,314.50238,2025-12-05 00:00:00
310.0,378.21817,2025-12-05 00:00:00
274.0,445.68143,2025-12-05 00:00:00
254.25,251.09033,2025-12-05 00:00:00
398.0,401.56412,2025-12-05 00:00:00
284.0,337.55948,2025-12-05 01:00:00
265.0,289.915,2025-12-05 01:00:00
242.25,234.294,2025-12-05 01:00:00
417.0,404.23602,2025-12-05 01:00:00
261.0,336.88513,2025-12-05 01:00:00
233.0,254.18188,2025-12-05 02:00:00
244.0,267.90097,2025-12-05 02:00:00
240.0,281.66486,2025-12-05 02:00:00
373.0,326.0506,2025-12-05 02:00:00
266.0,306.0391,2025-12-05 02:00:00
295.0,313.83133,2025-12-05 03:00:00
248.0,277.80096,2025-12-05 03:00:00
226.0,277.65115,2025-12-05 03:00:00
214.25,223.07721,2025-12-05 03:00:00
222.0,262.33755,2025-12-05 03:00:00
216.0,201.51123,2025-12-05 04:00:00
218.0,267.93927,2025-12-05 04:00:00
206.75,205.8516,2025-12-05 04:00:00
182.0,253.21405,2025-12-05 04:00:00
287.0,283.68192,2025-12-05 04:00:00
216.0,221.66402,2025-12-05 05:00:00
208.25,188.40294,2025-12-05 05:00:00
202.0,232.41225,2025-12-05 05:00:00
234.0,300.49133,2025-12-05 05:00:00
215.0,280.25665,2025-12-05 05:00:00
245.0,266.1504,2025-12-05 06:00:00
282.0,257.91296,2025-12-05 06:00:00
222.75,193.67105,2025-12-05 06:00:00
221.0,223.2851,2025-12-05 06:00:00
222.0,205.80037,2025-12-05 06:00:00
259.0,251.72276,2025-12-05 07:00:00
250.0,231.09476,2025-12-05 07:00:00
232.0,217.18332,2025-12-05 07:00:00
262.0,301.38782,2025-12-05 07:00:00
236.0,215.63351,2025-12-05 07:00:00
277.0,237.92728,2025-12-05 08:00:00
302.0,324.7257,2025-12-05 08:00:00
315.0,312.9411,2025-12-05 08:00:00
525.0,346.682,2025-12-05 08:00:00
273.0,233.78236,2025-12-05 08:00:00
311.0,327.00208,2025-12-05 09:00:00
304.75,258.3267,2025-12-05 09:00:00
333.0,384.8346,2025-12-05 09:00:00
310.0,328.86057,2025-12-05 09:00:00
366.0,340.02975,2025-12-05 09:00:00
361.0,369.49918,2025-12-05 10:00:00
459.0,377.99738,2025-12-05 10:00:00
337.0,326.67413,2025-12-05 10:00:00
302.25,258.82913,2025-12-05 10:00:00
389.0,367.1034,2025-12-05 10:00:00
324.0,326.556,2025-12-05 11:00:00
315.0,411.20557,2025-12-05 11:00:00
653.0,369.13275,2025-12-05 11:00:00
261.5,267.19736,2025-12-05 11:00:00
342.0,306.20264,2025-12-05 11:00:00
260.0,384.87482,2025-12-05 12:00:00
331.0,290.9381,2025-12-05 12:00:00
475.0,318.29977,2025-12-05 12:00:00
234.0,247.0137,2025-12-05 12:00:00
313.0,300.14676,2025-12-05 12:00:00
259.0,304.21307,2025-12-05 13:00:00
199.0,201.1372,2025-12-05 13:00:00
361.0,293.8383,2025-12-05 13:00:00
290.0,233.83813,2025-12-05 13:00:00
265.0,255.41924,2025-12-05 13:00:00
170.5,174.15535,2025-12-05 14:00:00
265.0,203.65782,2025-12-05 14:00:00
200.0,306.53723,2025-12-05 14:00:00
365.0,237.39192,2025-12-05 14:00:00
199.0,226.566,2025-12-05 14:00:00
206.0,208.36943,2025-12-05 15:00:00
178.0,296.14865,2025-12-05 15:00:00
144.5,199.00322,2025-12-05 15:00:00
217.0,202.60625,2025-12-05 15:00:00
188.0,234.64255,2025-12-05 15:00:00
193.0,281.50064,2025-12-05 16:00:00
151.0,227.95398,2025-12-05 16:00:00
217.0,216.0393,2025-12-05 16:00:00
197.0,206.21223,2025-12-05 16:00:00
137.5,206.77576,2025-12-05 16:00:00
351.0,220.07596,2025-12-05 17:00:00
169.0,213.98439,2025-12-05 17:00:00
208.0,243.45108,2025-12-05 17:00:00
183.0,233.91855,2025-12-05 17:00:00
138.5,190.08015,2025-12-05 17:00:00
205.0,262.2561,2025-12-05 18:00:00
172.0,227.17162,2025-12-05 18:00:00
197.0,270.05856,2025-12-05 18:00:00
248.0,339.1608,2025-12-05 18:00:00
227.0,322.8148,2025-12-05 18:00:00
221.75,231.48041,2025-12-05 19:00:00
295.0,441.60162,2025-12-05 19:00:00
346.0,372.85483,2025-12-05 19:00:00
296.0,413.65964,2025-12-05 19:00:00
249.0,303.31537,2025-12-05 19:00:00
340.0,458.69925,2025-12-05 20:00:00
332.0,421.27258,2025-12-05 20:00:00
322.0,350.6991,2025-12-05 20:00:00
276.5,258.47794,2025-12-05 20:00:00
234.0,397.5628,2025-12-05 20:00:00
411.0,411.7378,2025-12-05 21:00:00
273.0,413.96494,2025-12-05 21:00:00
283.0,305.57916,2025-12-05 21:00:00
384.0,449.64465,2025-12-05 21:00:00
326.0,430.79944,2025-12-05 21:00:00
260.0,439.49783,2025-12-05 22:00:00
477.0,445.0684,2025-12-05 22:00:00
359.0,474.0479,2025-12-05 22:00:00
322.0,444.07986,2025-12-05 22:00:00
269.5,302.17346,2025-12-05 22:00:00
265.3333333333333,300.20798,2025-12-05 23:00:00
339.0,456.71924,2025-12-05 23:00:00
396.0,467.37595,2025-12-05 23:00:00
261.0,401.94464,2025-12-05 23:00:00
312.0,417.20193,2025-12-05 23:00:00
259.0,408.53418,2025-12-06 00:00:00
321.0,445.9036,2025-12-06 00:00:00
298.0,357.0981,2025-12-06 00:00:00
243.25,337.0586,2025-12-06 00:00:00
328.0,427.8837,2025-12-06 00:00:00
255.0,314.06552,2025-12-06 01:00:00
299.0,381.6725,2025-12-06 01:00:00
300.0,400.26816,2025-12-06 01:00:00
224.5,327.00388,2025-12-06 01:00:00
245.0,345.72968,2025-12-06 01:00:00
266.0,361.0421,2025-12-06 02:00:00
208.25,314.47653,2025-12-06 02:00:00
224.0,361.80078,2025-12-06 02:00:00
230.0,309.31262,2025-12-06 02:00:00
251.0,354.89633,2025-12-06 02:00:00
197.5,282.08496,2025-12-06 03:00:00
204.0,301.79013,2025-12-06 03:00:00
245.0,321.73462,2025-12-06 03:00:00
210.0,248.03209,2025-12-06 03:00:00
233.0,331.52457,2025-12-06 03:00:00
197.0,196.23598,2025-12-06 04:00:00
246.0,310.5226,2025-12-06 04:00:00
155.0,256.4945,2025-12-06 04:00:00
187.0,222.89258,2025-12-06 04:00:00
222.0,272.90958,2025-12-06 04:00:00
238.0,259.7159,2025-12-06 05:00:00
183.0,191.85121,2025-12-06 05:00:00
191.0,198.78142,2025-12-06 05:00:00
182.25,215.94554,2025-12-06 05:00:00
255.0,278.24182,2025-12-06 05:00:00
189.0,235.04869,2025-12-06 06:00:00
260.0,293.1597,2025-12-06 06:00:00
223.0,243.87071,2025-12-06 06:00:00
177.25,229.38617,2025-12-06 06:00:00
197.0,219.92047,2025-12-06 06:00:00
200.0,250.00404,2025-12-06 07:00:00
255.0,316.79562,2025-12-06 07:00:00
229.0,258.95132,2025-12-06 07:00:00
177.25,232.63272,2025-12-06 07:00:00
210.0,275.9594,2025-12-06 07:00:00
209.25,283.05286,2025-12-06 08:00:00
272.0,346.4402,2025-12-06 08:00:00
255.0,365.862,2025-12-06 08:00:00
240.0,334.94785,2025-12-06 08:00:00
351.0,362.4844,2025-12-06 08:00:00
253.5,258.83026,2025-12-06 09:00:00
332.0,384.17334,2025-12-06 09:00:00
289.0,337.99298,2025-12-06 09:00:00
265.0,393.10107,2025-12-06 09:00:00
263.0,348.6122,2025-12-06 09:00:00
241.0,367.9793,2025-12-06 10:00:00
302.0,359.22217,2025-12-06 10:00:00
239.5,292.17767,2025-12-06 10:00:00
256.0,310.5813,2025-12-06 10:00:00
287.0,371.55798,2025-12-06 10:00:00
311.0,339.46475,2025-12-06 11:00:00
221.25,247.43806,2025-12-06 11:00:00
252.0,284.75955,2025-12-06 11:00:00
246.0,346.83212,2025-12-06 11:00:00
293.0,376.80045,2025-12-06 11:00:00
227.0,376.1709,2025-12-06 12:00:00
227.0,268.66083,2025-12-06 12:00:00
141.0,238.30754,2025-12-06 12:00:00
276.0,342.18326,2025-12-06 12:00:00
241.0,340.29102,2025-12-06 12:00:00
141.0,214.43109,2025-12-06 13:00:00
298.0,299.8332,2025-12-06 13:00:00
205.0,216.68109,2025-12-06 13:00:00
245.0,252.02013,2025-12-06 13:00:00
233.0,307.7123,2025-12-06 13:00:00
167.0,217.85829,2025-12-06 14:00:00
229.0,256.82556,2025-12-06 14:00:00
60.0,186.57338,2025-12-06 14:00:00
207.0,303.94336,2025-12-06 14:00:00
211.0,273.06293,2025-12-06 14:00:00
199.0,261.16266,2025-12-06 15:00:00
146.75,170.01004,2025-12-06 15:00:00
186.0,278.85355,2025-12-06 15:00:00
180.0,266.99997,2025-12-06 15:00:00
155.0,195.78397,2025-12-06 15:00:00
142.25,153.02794,2025-12-06 16:00:00
182.0,233.621,2025-12-06 16:00:00
161.0,186.79659,2025-12-06 16:00:00
141.0,231.94731,2025-12-06 16:00:00
161.0,249.72537,2025-12-06 16:00:00
188.0,212.36206,2025-12-06 17:00:00
171.0,251.51347,2025-12-06 17:00:00
157.75,155.97845,2025-12-06 17:00:00
186.0,254.44154,2025-12-06 17:00:00
162.0,200.30452,2025-12-06 17:00:00
195.0,242.20558,2025-12-06 18:00:00
364.0,336.84662,2025-12-06 18:00:00
196.0,185.5617,2025-12-06 18:00:00
194.0,385.32266,2025-12-06 18:00:00
199.0,253.84071,2025-12-06 18:00:00
335.0,403.96606,2025-12-06 19:00:00
237.0,348.5369,2025-12-06 19:00:00
288.0,403.7308,2025-12-06 19:00:00
242.5,270.8559,2025-12-06 19:00:00
306.0,402.20825,2025-12-06 19:00:00
255.0,474.93732,2025-12-06 20:00:00
304.0,390.7989,2025-12-06 20:00:00
426.0,464.96326,2025-12-06 20:00:00
317.0,330.86398,2025-12-06 20:00:00
309.0,438.6699,2025-12-06 20:00:00
516.0,493.05316,2025-12-06 21:00:00
346.0,452.275,2025-12-06 21:00:00
293.0,439.03067,2025-12-06 21:00:00
334.75,370.96573,2025-12-06 21:00:00
283.0,503.9769,2025-12-06 21:00:00
345.0,400.8041,2025-12-06 22:00:00
299.0,498.6751,2025-12-06 22:00:00
249.0,509.49283,2025-12-06 22:00:00
357.0,434.6506,2025-12-06 22:00:00
553.0,480.17078,2025-12-06 22:00:00
575.0,450.69452,2025-12-06 23:00:00
288.0,464.68204,2025-12-06 23:00:00
356.0,453.22656,2025-12-06 23:00:00
237.0,511.95877,2025-12-06 23:00:00
337.0,410.31995,2025-12-06 23:00:00
315.75,303.38278,2025-12-07 00:00:00
263.0,363.85617,2025-12-07 00:00:00
301.0,372.54666,2025-12-07 00:00:00
417.0,374.46194,2025-12-07 00:00:00
216.0,363.62024,2025-12-07 00:00:00
218.0,363.56354,2025-12-07 01:00:00
263.0,334.1775,2025-12-07 01:00:00
239.0,337.73254,2025-12-07 01:00:00
309.0,353.61514,2025-12-07 01:00:00
274.0,280.5978,2025-12-07 01:00:00
206.0,294.68243,2025-12-07 02:00:00
202.0,326.22003,2025-12-07 02:00:00
212.0,359.18738,2025-12-07 02:00:00
226.0,300.1056,2025-12-07 02:00:00
227.25,289.66318,2025-12-07 02:00:00
206.0,311.19095,2025-12-07 03:00:00
188.5,322.84518,2025-12-07 03:00:00
188.0,390.43402,2025-12-07 03:00:00
191.0,318.0607,2025-12-07 03:00:00
191.0,275.23804,2025-12-07 03:00:00
169.0,297.6604,2025-12-07 04:00:00
179.0,314.51895,2025-12-07 04:00:00
196.0,347.08185,2025-12-07 04:00:00
182.25,274.0208,2025-12-07 04:00:00
194.0,298.31738,2025-12-07 04:00:00
173.0,276.33548,2025-12-07 05:00:00
187.25,248.3625,2025-12-07 05:00:00
172.0,242.8656,2025-12-07 05:00:00
193.0,312.7084,2025-12-07 05:00:00
206.0,308.38428,2025-12-07 05:00:00
209.5,230.40002,2025-12-07 06:00:00
174.0,245.6322,2025-12-07 06:00:00
191.0,295.78256,2025-12-07 06:00:00
167.0,323.36234,2025-12-07 06:00:00
219.0,279.0235,2025-12-07 06:00:00
199.75,241.67638,2025-12-07 07:00:00
239.0,313.95724,2025-12-07 07:00:00
175.0,258.15158,2025-12-07 07:00:00
163.0,263.47437,2025-12-07 07:00:00
222.0,266.48813,2025-12-07 07:00:00
191.0,317.9741,2025-12-07 08:00:00
276.0,366.45322,2025-12-07 08:00:00
232.0,336.77536,2025-12-07 08:00:00
225.0,304.37433,2025-12-07 08:00:00
200.0,364.10266,2025-12-07 08:00:00
227.0,362.88614,2025-12-07 09:00:00
237.0,349.62802,2025-12-07 09:00:00
310.0,326.56882,2025-12-07 09:00:00
265.5,280.37534,2025-12-07 09:00:00
248.0,365.82254,2025-12-07 09:00:00
262.0,339.86768,2025-12-07 10:00:00
269.0,268.56952,2025-12-07 10:00:00
255.0,353.80447,2025-12-07 10:00:00
207.0,338.7262,2025-12-07 10:00:00
215.0,339.77783,2025-12-07 10:00:00
221.0,333.43127,2025-12-07 11:00:00
249.0,335.75833,2025-12-07 11:00:00
238.0,308.94904,2025-12-07 11:00:00
269.0,350.0815,2025-12-07 11:00:00
235.5,258.8991,2025-12-07 11:00:00
260.0,313.75116,2025-12-07 12:00:00
193.0,310.02832,2025-12-07 12:00:00
173.0,346.29675,2025-12-07 12:00:00
202.25,249.9533,2025-12-07 12:00:00
226.0,317.5992,2025-12-07 12:00:00
202.0,314.6207,2025-12-07 13:00:00
183.0,318.04404,2025-12-07 13:00:00
218.0,298.31885,2025-12-07 13:00:00
161.0,247.15643,2025-12-07 13:00:00
183.0,273.72943,2025-12-07 13:00:00
158.0,278.9526,2025-12-07 14:00:00
137.75,237.8025,2025-12-07 14:00:00
155.0,266.27402,2025-12-07 14:00:00
177.0,260.47287,2025-12-07 14:00:00
147.0,291.82755,2025-12-07 14:00:00
156.0,250.76389,2025-12-07 15:00:00
169.0,282.81396,2025-12-07 15:00:00
130.0,321.1087,2025-12-07 15:00:00
150.0,262.1262,2025-12-07 15:00:00
138.25,242.61015,2025-12-07 15:00:00
142.25,207.4592,2025-12-07 16:00:00
177.0,262.57172,2025-12-07 16:00:00
172.0,255.06055,2025-12-07 16:00:00
206.0,305.416,2025-12-07 16:00:00
153.0,250.12723,2025-12-07 16:00:00
172.0,277.58365,2025-12-07 17:00:00
155.0,298.15717,2025-12-07 17:00:00
154.0,198.8341,2025-12-07 17:00:00
161.0,240.93307,2025-12-07 17:00:00
184.0,261.0114,2025-12-07 17:00:00
268.0,316.2699,2025-12-07 18:00:00
173.0,333.25186,2025-12-07 18:00:00
222.5,210.44089,2025-12-07 18:00:00
204.0,303.47055,2025-12-07 18:00:00
202.0,260.29672,2025-12-07 18:00:00
327.0,347.94748,2025-12-07 19:00:00
255.0,322.10745,2025-12-07 19:00:00
403.0,325.56537,2025-12-07 19:00:00
376.0,385.4894,2025-12-07 19:00:00
271.75,248.55222,2025-12-07 19:00:00
332.5,254.56754,2025-12-07 20:00:00
379.0,422.8265,2025-12-07 20:00:00
585.0,316.63718,2025-12-07 20:00:00
280.0,317.55838,2025-12-07 20:00:00
353.0,392.67996,2025-12-07 20:00:00
753.0,362.81165,2025-12-07 21:00:00
370.0,422.4215,2025-12-07 21:00:00
348.0,385.38388,2025-12-07 21:00:00
368.0,400.2599,2025-12-07 21:00:00
409.25,309.27548,2025-12-07 21:00:00
749.0,367.41965,2025-12-07 22:00:00
456.0,409.50977,2025-12-07 22:00:00
489.0,396.7499,2025-12-07 22:00:00
413.0,275.67267,2025-12-07 22:00:00
454.0,404.82196,2025-12-07 22:00:00
403.0,370.78323,2025-12-07 23:00:00
555.0,353.19803,2025-12-07 23:00:00
482.0,395.22577,2025-12-07 23:00:00
375.6666666666667,275.7756,2025-12-07 23:00:00
659.0,400.59238,2025-12-07 23:00:00
366.0,264.98935,2025-12-08 00:00:00
333.0,309.13986,2025-12-08 00:00:00
381.0,321.60092,2025-12-08 00:00:00
510.0,443.30594,2025-12-08 00:00:00
481.0,325.57248,2025-12-08 00:00:00
329.0,283.53372,2025-12-08 01:00:00
394.75,244.68835,2025-12-08 01:00:00
372.0,292.4215,2025-12-08 01:00:00
503.0,396.28156,2025-12-08 01:00:00
514.0,294.04858,2025-12-08 01:00:00
511.0,357.27155,2025-12-08 02:00:00
296.0,246.04832,2025-12-08 02:00:00
389.0,233.5837,2025-12-08 02:00:00
287.0,276.24612,2025-12-08 02:00:00
404.0,290.70584,2025-12-08 02:00:00
250.0,256.95013,2025-12-08 03:00:00
272.0,265.53278,2025-12-08 03:00:00
317.5,219.24924,2025-12-08 03:00:00
279.0,295.19485,2025-12-08 03:00:00
462.0,333.63275,2025-12-08 03:00:00
415.0,315.1713,2025-12-08 04:00:00
262.0,276.02264,2025-12-08 04:00:00
202.0,253.7954,2025-12-08 04:00:00
232.75,202.41771,2025-12-08 04:00:00
250.0,235.3968,2025-12-08 04:00:00
241.0,254.9913,2025-12-08 05:00:00
317.0,277.49936,2025-12-08 05:00:00
205.25,208.84059,2025-12-08 05:00:00
241.0,254.59607,2025-12-08 05:00:00
199.0,249.89516,2025-12-08 05:00:00
216.0,247.55934,2025-12-08 06:00:00
241.0,227.89725,2025-12-08 06:00:00
262.0,257.2445,2025-12-08 06:00:00
218.0,261.8803,2025-12-08 06:00:00
212.25,211.47359,2025-12-08 06:00:00
227.0,264.87418,2025-12-08 07:00:00
273.0,280.33386,2025-12-08 07:00:00
240.0,314.40918,2025-12-08 07:00:00
241.0,271.9214,2025-12-08 07:00:00
220.5,231.14423,2025-12-08 07:00:00
242.5,264.31827,2025-12-08 08:00:00
259.0,333.93393,2025-12-08 08:00:00
293.0,379.6233,2025-12-08 08:00:00
316.0,335.13824,2025-12-08 08:00:00
306.0,314.9931,2025-12-08 08:00:00
271.0,307.3648,2025-12-08 09:00:00
437.0,328.06967,2025-12-08 09:00:00
284.0,324.26965,2025-12-08 09:00:00
296.0,298.16245,2025-12-08 09:00:00
284.25,247.74321,2025-12-08 09:00:00
323.0,284.51434,2025-12-08 10:00:00
322.5,243.93976,2025-12-08 10:00:00
309.0,328.66562,2025-12-08 10:00:00
287.0,313.4247,2025-12-08 10:00:00
324.0,431.16742,2025-12-08 10:00:00
300.0,297.5044,2025-12-08 11:00:00
322.0,334.02264,2025-12-08 11:00:00
299.0,305.5001,2025-12-08 11:00:00
284.0,220.48322,2025-12-08 11:00:00
323.0,338.9856,2025-12-08 11:00:00
298.0,271.46692,2025-12-08 12:00:00
315.0,299.73367,2025-12-08 12:00:00
216.5,226.86417,2025-12-08 12:00:00
265.0,312.99203,2025-12-08 12:00:00
249.0,282.87787,2025-12-08 12:00:00
206.0,258.3694,2025-12-08 13:00:00
289.0,253.61588,2025-12-08 13:00:00
263.0,255.61024,2025-12-08 13:00:00
215.75,214.52994,2025-12-08 13:00:00
241.0,256.7578,2025-12-08 13:00:00
186.0,227.27592,2025-12-08 14:00:00
182.0,231.01694,2025-12-08 14:00:00
265.0,241.43146,2025-12-08 14:00:00
216.75,187.52075,2025-12-08 14:00:00
237.0,217.71532,2025-12-08 14:00:00
211.0,213.86046,2025-12-08 15:00:00
285.0,253.25343,2025-12-08 15:00:00
206.5,155.60551,2025-12-08 15:00:00
147.0,251.27144,2025-12-08 15:00:00
199.0,242.43285,2025-12-08 15:00:00
174.0,193.22763,2025-12-08 16:00:00
164.75,130.72314,2025-12-08 16:00:00
175.0,219.06294,2025-12-08 16:00:00
169.0,232.89499,2025-12-08 16:00:00
207.0,273.9415,2025-12-08 16:00:00
194.0,260.16922,2025-12-08 17:00:00
280.0,224.1598,2025-12-08 17:00:00
190.5,154.76418,2025-12-08 17:00:00
205.0,235.70277,2025-12-08 17:00:00
174.0,195.22668,2025-12-08 17:00:00
261.0,210.04541,2025-12-08 18:00:00
675.0,279.5548,2025-12-08 18:00:00
433.0,254.39095,2025-12-08 18:00:00
244.0,321.9648,2025-12-08 18:00:00
295.5,202.33914,2025-12-08 18:00:00
278.0,291.6439,2025-12-08 19:00:00
428.0,323.64764,2025-12-08 19:00:00
375.75,241.08969,2025-12-08 19:00:00
322.0,360.13153,2025-12-08 19:00:00
385.0,346.77853,2025-12-08 19:00:00
374.0,377.86136,2025-12-08 20:00:00
425.0,422.2511,2025-12-08 20:00:00
438.0,420.90942,2025-12-08 20:00:00
395.0,401.3424,2025-12-08 20:00:00
389.0,302.02744,2025-12-08 20:00:00
437.0,402.7497,2025-12-08 21:00:00
617.0,487.6094,2025-12-08 21:00:00
466.0,408.78986,2025-12-08 21:00:00
366.0,361.3362,2025-12-08 21:00:00
784.0,480.27505,2025-12-08 21:00:00
498.0,503.91498,2025-12-08 22:00:00
346.75,314.66217,2025-12-08 22:00:00
564.0,414.12454,2025-12-08 22:00:00
455.0,454.90353,2025-12-08 22:00:00
633.0,496.8692,2025-12-08 22:00:00
470.0,412.72125,2025-12-08 23:00:00
589.0,405.82108,2025-12-08 23:00:00
743.0,442.65436,2025-12-08 23:00:00
436.0,429.32645,2025-12-08 23:00:00
351.3333333333333,314.04922,2025-12-08 23:00:00
578.0,345.61935,2025-12-09 00:00:00
374.75,301.54565,2025-12-09 00:00:00
348.0,400.35867,2025-12-09 00:00:00
460.0,326.10583,2025-12-09 00:00:00
781.0,426.71976,2025-12-09 00:00:00
316.0,367.3114,2025-12-09 01:00:00
898.0,424.796,2025-12-09 01:00:00
575.0,320.66013,2025-12-09 01:00:00
397.75,289.29834,2025-12-09 01:00:00
439.0,277.16226,2025-12-09 01:00:00
323.0,267.76273,2025-12-09 02:00:00
396.25,320.57452,2025-12-09 02:00:00
961.0,383.75708,2025-12-09 02:00:00
266.0,377.1905,2025-12-09 02:00:00
552.0,297.59198,2025-12-09 02:00:00
600.0,303.124,2025-12-09 03:00:00
428.5,278.71594,2025-12-09 03:00:00
874.0,315.2846,2025-12-09 03:00:00
282.0,261.06607,2025-12-09 03:00:00
327.0,352.16772,2025-12-09 03:00:00
589.0,250.47678,2025-12-09 04:00:00
456.5,241.11761,2025-12-09 04:00:00
762.0,318.60953,2025-12-09 04:00:00
262.0,268.94104,2025-12-09 04:00:00
241.0,266.08987,2025-12-09 04:00:00
657.0,313.96237,2025-12-09 05:00:00
461.0,220.79347,2025-12-09 05:00:00
481.0,252.98581,2025-12-09 05:00:00
278.0,248.04257,2025-12-09 05:00:00
224.0,247.2529,2025-12-09 05:00:00
533.0,305.02948,2025-12-09 06:00:00
273.0,250.45576,2025-12-09 06:00:00
405.0,241.22194,2025-12-09 06:00:00
243.0,228.33955,2025-12-09 06:00:00
382.25,231.73787,2025-12-09 06:00:00
480.0,311.00754,2025-12-09 07:00:00
412.0,278.44318,2025-12-09 07:00:00
290.0,312.18643,2025-12-09 07:00:00
320.0,239.99791,2025-12-09 07:00:00
246.0,225.49164,2025-12-09 07:00:00
328.75,258.02386,2025-12-09 08:00:00
404.0,310.4864,2025-12-09 08:00:00
394.0,295.71335,2025-12-09 08:00:00
306.0,308.01224,2025-12-09 08:00:00
484.0,347.20468,2025-12-09 08:00:00
312.0,312.40576,2025-12-09 09:00:00
412.0,313.64868,2025-12-09 09:00:00
388.0,301.19385,2025-12-09 09:00:00
352.75,256.14868,2025-12-09 09:00:00
405.0,394.36374,2025-12-09 09:00:00
372.0,294.86765,2025-12-09 10:00:00
504.0,375.52295,2025-12-09 10:00:00
365.0,305.49637,2025-12-09 10:00:00
265.0,310.07968,2025-12-09 10:00:00
345.25,253.51633,2025-12-09 10:00:00
398.0,267.2951,2025-12-09 11:00:00
367.0,316.88837,2025-12-09 11:00:00
332.0,219.22401,2025-12-09 11:00:00
277.0,291.17346,2025-12-09 11:00:00
418.0,285.20612,2025-12-09 11:00:00
97.0,208.61618,2025-12-09 12:00:00
277.0,273.94693,2025-12-09 12:00:00
343.0,262.0251,2025-12-09 12:00:00
514.0,273.67944,2025-12-09 12:00:00
367.0,267.4198,2025-12-09 12:00:00
379.0,250.82895,2025-12-09 13:00:00
334.0,240.70404,2025-12-09 13:00:00
280.0,247.20613,2025-12-09 13:00:00
265.0,258.17102,2025-12-09 13:00:00
247.5,164.26674,2025-12-09 13:00:00
288.0,233.67523,2025-12-09 14:00:00
274.0,110.807144,2025-12-09 14:00:00
224.0,206.2379,2025-12-09 14:00:00
197.0,242.75584,2025-12-09 14:00:00
267.0,215.45708,2025-12-09 14:00:00
308.75,104.78893,2025-12-09 15:00:00
244.0,207.42766,2025-12-09 15:00:00
251.0,236.88387,2025-12-09 15:00:00
205.0,181.23526,2025-12-09 15:00:00
197.0,246.35292,2025-12-09 15:00:00
300.0,233.92694,2025-12-09 16:00:00
305.5,116.61067,2025-12-09 16:00:00
252.0,164.13622,2025-12-09 16:00:00
252.0,192.07153,2025-12-09 16:00:00
237.0,214.85065,2025-12-09 16:00:00
340.0,154.79413,2025-12-09 17:00:00
300.0,237.97728,2025-12-09 17:00:00
316.0,209.6075,2025-12-09 17:00:00
274.0,162.71304,2025-12-09 17:00:00
455.0,190.833,2025-12-09 17:00:00
373.0,193.70728,2025-12-09 18:00:00
459.0,183.25375,2025-12-09 18:00:00
403.0,228.75851,2025-12-09 18:00:00
519.0,242.0907,2025-12-09 18:00:00
471.0,322.0567,2025-12-09 18:00:00
478.0,344.23102,2025-12-09 19:00:00
534.0,341.9065,2025-12-09 19:00:00
385.0,265.7066,2025-12-09 19:00:00
451.0,339.1221,2025-12-09 19:00:00
531.0,236.60623,2025-12-09 19:00:00
451.0,351.0744,2025-12-09 20:00:00
470.0,353.71216,2025-12-09 20:00:00
557.5,275.41113,2025-12-09 20:00:00
444.0,373.1534,2025-12-09 20:00:00
677.0,398.84433,2025-12-09 20:00:00
701.0,405.09537,2025-12-09 21:00:00
464.0,371.08704,2025-12-09 21:00:00
467.0,401.76697,2025-12-09 21:00:00
536.0,375.5292,2025-12-09 21:00:00
635.75,277.47498,2025-12-09 21:00:00
522.0,382.9455,2025-12-09 22:00:00
715.0,391.18137,2025-12-09 22:00:00
606.25,295.5502,2025-12-09 22:00:00
628.0,377.12625,2025-12-09 22:00:00
996.0,469.8042,2025-12-09 22:00:00
627.6666666666666,320.95883,2025-12-09 23:00:00
720.0,389.80704,2025-12-09 23:00:00
725.0,428.1714,2025-12-09 23:00:00
558.0,369.8568,2025-12-09 23:00:00
669.0,388.8334,2025-12-09 23:00:00
781.0,376.38074,2025-12-10 00:00:00
570.0,404.21957,2025-12-10 00:00:00
608.25,332.57394,2025-12-10 00:00:00
494.0,336.85712,2025-12-10 00:00:00
611.0,425.01437,2025-12-10 00:00:00
503.0,284.2163,2025-12-10 01:00:00
754.0,315.62076,2025-12-10 01:00:00
453.0,366.58868,2025-12-10 01:00:00
608.5,299.0726,2025-12-10 01:00:00
604.0,389.25485,2025-12-10 01:00:00
647.0,281.99176,2025-12-10 02:00:00
688.0,356.44238,2025-12-10 02:00:00
636.5,273.6701,2025-12-10 02:00:00
425.0,358.02713,2025-12-10 02:00:00
556.0,283.80942,2025-12-10 02:00:00
574.0,245.11281,2025-12-10 03:00:00
395.0,290.79395,2025-12-10 03:00:00
719.0,372.22623,2025-12-10 03:00:00
619.0,265.8023,2025-12-10 03:00:00
643.0,256.2512,2025-12-10 03:00:00
713.0,344.24048,2025-12-10 04:00:00
322.0,264.38025,2025-12-10 04:00:00
537.0,236.13274,2025-12-10 04:00:00
583.0,239.9771,2025-12-10 04:00:00
623.0,218.89331,2025-12-10 04:00:00
690.0,327.32446,2025-12-10 05:00:00
338.0,241.25742,2025-12-10 05:00:00
575.0,244.0021,2025-12-10 05:00:00
504.0,232.06429,2025-12-10 05:00:00
562.0,211.25972,2025-12-10 05:00:00
508.0,201.03462,2025-12-10 06:00:00
383.0,241.54747,2025-12-10 06:00:00
665.0,317.77228,2025-12-10 06:00:00
559.75,222.76373,2025-12-10 06:00:00
552.0,246.32945,2025-12-10 06:00:00
692.0,321.6863,2025-12-10 07:00:00
400.0,260.07443,2025-12-10 07:00:00
494.0,219.7646,2025-12-10 07:00:00
642.5,215.25249,2025-12-10 07:00:00
554.0,237.20378,2025-12-10 07:00:00
738.5,246.38889,2025-12-10 08:00:00
459.0,287.67767,2025-12-10 08:00:00
587.0,270.96088,2025-12-10 08:00:00
615.0,309.66318,2025-12-10 08:00:00
752.0,379.79007,2025-12-10 08:00:00
704.0,277.63535,2025-12-10 09:00:00
668.0,320.26276,2025-12-10 09:00:00
498.0,307.4148,2025-12-10 09:00:00
812.0,374.4576,2025-12-10 09:00:00
770.0,275.01337,2025-12-10 09:00:00
722.5,268.12683,2025-12-10 10:00:00
735.0,279.92468,2025-12-10 10:00:00
621.0,297.69763,2025-12-10 10:00:00
571.0,304.61465,2025-12-10 10:00:00
930.0,349.7771,2025-12-10 10:00:00
631.0,285.70886,2025-12-10 11:00:00
650.0,320.4001,2025-12-10 11:00:00
608.0,275.88522,2025-12-10 11:00:00
516.0,277.779,2025-12-10 11:00:00
609.0,231.25102,2025-12-10 11:00:00
515.0,239.03285,2025-12-10 12:00:00
454.0,251.03436,2025-12-10 12:00:00
564.0,254.01828,2025-12-10 12:00:00
611.5,173.91203,2025-12-10 12:00:00
559.0,261.38516,2025-12-10 12:00:00
555.0,248.89726,2025-12-10 13:00:00
431.0,220.84508,2025-12-10 13:00:00
523.0,217.93973,2025-12-10 13:00:00
596.0,238.82896,2025-12-10 13:00:00
531.75,156.73166,2025-12-10 13:00:00
454.0,218.78136,2025-12-10 14:00:00
578.0,209.27217,2025-12-10 14:00:00
429.0,213.33064,2025-12-10 14:00:00
383.5,123.94126,2025-12-10 14:00:00
343.0,190.30463,2025-12-10 14:00:00
591.0,209.17216,2025-12-10 15:00:00
379.0,195.38055,2025-12-10 15:00:00
481.0,180.23398,2025-12-10 15:00:00
345.0,166.02145,2025-12-10 15:00:00
310.5,123.03,2025-12-10 15:00:00
563.0,257.272,2025-12-10 16:00:00
444.25,147.81664,2025-12-10 16:00:00
389.0,163.81294,2025-12-10 16:00:00
420.0,173.60242,2025-12-10 16:00:00
494.0,183.48021,2025-12-10 16:00:00
523.0,196.15062,2025-12-10 17:00:00
531.0,213.26,2025-12-10 17:00:00
605.0,151.79263,2025-12-10 17:00:00
572.5,147.85226,2025-12-10 17:00:00
423.0,184.01138,2025-12-10 17:00:00
533.0,239.25415,2025-12-10 18:00:00
526.0,341.97226,2025-12-10 18:00:00
523.0,198.66042,2025-12-10 18:00:00
578.25,174.35188,2025-12-10 18:00:00
602.0,230.92976,2025-12-10 18:00:00
564.0,315.00058,2025-12-10 19:00:00
552.0,352.15805,2025-12-10 19:00:00
611.0,224.7837,2025-12-10 19:00:00
563.0,265.01132,2025-12-10 19:00:00
566.0,323.61008,2025-12-10 19:00:00
543.0,338.03342,2025-12-10 20:00:00
603.25,262.659,2025-12-10 20:00:00
605.0,304.6931,2025-12-10 20:00:00
643.0,372.31467,2025-12-10 20:00:00
763.0,307.29257,2025-12-10 20:00:00
784.0,437.33508,2025-12-10 21:00:00
564.0,318.08847,2025-12-10 21:00:00
727.0,388.0031,2025-12-10 21:00:00
610.25,295.7147,2025-12-10 21:00:00
594.0,346.48413,2025-12-10 21:00:00
538.0,326.30408,2025-12-10 22:00:00
784.0,395.74228,2025-12-10 22:00:00
586.0,339.26364,2025-12-10 22:00:00
627.0,266.07678,2025-12-10 22:00:00
810.0,435.03625,2025-12-10 22:00:00
744.0,378.20218,2025-12-10 23:00:00
638.3333333333334,253.99376,2025-12-10 23:00:00
522.0,324.93036,2025-12-10 23:00:00
802.0,409.31104,2025-12-10 23:00:00
608.0,371.48532,2025-12-10 23:00:00
680.0,257.2003,2025-12-11 00:00:00
786.0,385.25128,2025-12-11 00:00:00
715.0,303.14935,2025-12-11 00:00:00
498.0,298.63895,2025-12-11 00:00:00
572.0,348.68176,2025-12-11 00:00:00
578.0,350.46057,2025-12-11 01:00:00
722.5,247.604,2025-12-11 01:00:00
765.0,349.57904,2025-12-11 01:00:00
626.0,280.13593,2025-12-11 01:00:00
480.0,272.9068,2025-12-11 01:00:00
520.0,324.99524,2025-12-11 02:00:00
860.0,313.40057,2025-12-11 02:00:00
484.0,254.3613,2025-12-11 02:00:00
684.75,205.77675,2025-12-11 02:00:00
526.0,259.1306,2025-12-11 02:00:00
467.0,227.41364,2025-12-11 03:00:00
453.0,230.6971,2025-12-11 03:00:00
638.5,204.87296,2025-12-11 03:00:00
847.0,290.1462,2025-12-11 03:00:00
522.0,290.2226,2025-12-11 03:00:00
433.0,229.05573,2025-12-11 04:00:00
868.0,318.40164,2025-12-11 04:00:00
494.0,251.20323,2025-12-11 04:00:00
393.0,206.91722,2025-12-11 04:00:00
608.0,173.02292,2025-12-11 04:00:00
373.0,217.90515,2025-12-11 05:00:00
801.0,254.98686,2025-12-11 05:00:00
573.5,145.98053,2025-12-11 05:00:00
429.0,203.18034,2025-12-11 05:00:00
456.0,234.39891,2025-12-11 05:00:00
403.0,211.45477,2025-12-11 06:00:00
564.0,152.8455,2025-12-11 06:00:00
379.0,202.77338,2025-12-11 06:00:00
703.0,270.35934,2025-12-11 06:00:00
443.0,223.31784,2025-12-11 06:00:00
787.0,288.1336,2025-12-11 07:00:00
573.0,166.2356,2025-12-11 07:00:00
425.0,228.05826,2025-12-11 07:00:00
399.0,190.51512,2025-12-11 07:00:00
423.0,238.89322,2025-12-11 07:00:00
384.0,231.18588,2025-12-11 08:00:00
806.0,291.10092,2025-12-11 08:00:00
480.0,281.7244,2025-12-11 08:00:00
535.75,180.8604,2025-12-11 08:00:00
401.0,259.6982,2025-12-11 08:00:00
520.0,285.10083,2025-12-11 09:00:00
445.0,256.85522,2025-12-11 09:00:00
406.0,261.99274,2025-12-11 09:00:00
887.0,358.4372,2025-12-11 09:00:00
574.25,205.0541,2025-12-11 09:00:00
838.0,320.5083,2025-12-11 10:00:00
454.0,261.59015,2025-12-11 10:00:00
438.0,287.4927,2025-12-11 10:00:00
605.0,206.16095,2025-12-11 10:00:00
542.0,290.6961,2025-12-11 10:00:00
445.0,256.05063,2025-12-11 11:00:00
465.0,252.37334,2025-12-11 11:00:00
533.0,255.81964,2025-12-11 11:00:00
503.0,186.1189,2025-12-11 11:00:00
467.0,299.84708,2025-12-11 11:00:00
603.0,259.44543,2025-12-11 12:00:00
449.75,171.62665,2025-12-11 12:00:00
442.0,222.93349,2025-12-11 12:00:00
604.0,251.35011,2025-12-11 12:00:00
527.0,231.72421,2025-12-11 12:00:00
685.0,255.11897,2025-12-11 13:00:00
469.0,218.45668,2025-12-11 13:00:00
496.5,171.39081,2025-12-11 13:00:00
511.0,241.51291,2025-12-11 13:00:00
545.0,254.49823,2025-12-11 13:00:00
547.75,160.84091,2025-12-11 14:00:00
461.0,192.0295,2025-12-11 14:00:00
599.0,265.74796,2025-12-11 14:00:00
593.0,256.7614,2025-12-11 14:00:00
514.0,213.72585,2025-12-11 14:00:00
570.75,155.86691,2025-12-11 15:00:00
487.0,173.86765,2025-12-11 15:00:00
523.0,255.42252,2025-12-11 15:00:00
526.0,263.77692,2025-12-11 15:00:00
467.0,177.2347,2025-12-11 15:00:00
559.0,170.49821,2025-12-11 16:00:00
447.0,162.85902,2025-12-11 16:00:00
572.25,147.37224,2025-12-11 16:00:00
517.0,223.83618,2025-12-11 16:00:00
509.0,231.22801,2025-12-11 16:00:00
522.0,212.67822,2025-12-11 17:00:00
515.0,162.01643,2025-12-11 17:00:00
504.0,138.0153,2025-12-11 17:00:00
630.0,188.297,2025-12-11 17:00:00
531.0,246.63081,2025-12-11 17:00:00
676.0,200.12042,2025-12-11 18:00:00
558.0,270.1769,2025-12-11 18:00:00
503.25,155.6388,2025-12-11 18:00:00
565.0,295.1774,2025-12-11 18:00:00
693.0,241.71211,2025-12-11 18:00:00
632.0,353.79977,2025-12-11 19:00:00
698.0,271.04126,2025-12-11 19:00:00
680.0,244.76553,2025-12-11 19:00:00
545.75,190.09697,2025-12-11 19:00:00
617.0,418.68433,2025-12-11 19:00:00
766.0,453.66016,2025-12-11 20:00:00
683.0,276.0507,2025-12-11 20:00:00
545.75,248.4946,2025-12-11 20:00:00
715.0,377.74048,2025-12-11 20:00:00
658.0,335.02078,2025-12-11 20:00:00
703.0,440.31586,2025-12-11 21:00:00
687.0,481.82947,2025-12-11 21:00:00
585.0,325.7028,2025-12-11 21:00:00
571.0,363.9129,2025-12-11 21:00:00
509.5,265.27136,2025-12-11 21:00:00
525.0,339.1708,2025-12-11 22:00:00
842.0,452.07184,2025-12-11 22:00:00
620.0,470.59778,2025-12-11 22:00:00
512.0,357.3553,2025-12-11 22:00:00
504.5,250.62138,2025-12-11 22:00:00
583.0,451.24326,2025-12-11 23:00:00
677.0,356.93198,2025-12-11 23:00:00
523.0,320.42627,2025-12-11 23:00:00
527.6666666666666,227.16328,2025-12-11 23:00:00
533.0,337.78677,2025-12-11 23:00:00
538.0,382.07922,2025-12-12 00:00:00
525.0,333.72275,2025-12-12 00:00:00
513.75,252.55864,2025-12-12 00:00:00
544.0,324.0514,2025-12-12 00:00:00
593.0,423.02777,2025-12-12 00:00:00
493.0,330.99878,2025-12-12 01:00:00
515.0,374.71335,2025-12-12 01:00:00
482.0,280.56,2025-12-12 01:00:00
511.0,216.17165,2025-12-12 01:00:00
593.0,416.7252,2025-12-12 01:00:00
500.0,368.50073,2025-12-12 02:00:00
613.0,398.39957,2025-12-12 02:00:00
514.25,227.27481,2025-12-12 02:00:00
436.0,262.9027,2025-12-12 02:00:00
509.0,298.51578,2025-12-12 02:00:00
541.5,249.09875,2025-12-12 03:00:00
626.0,346.3677,2025-12-12 03:00:00
670.0,395.12036,2025-12-12 03:00:00
527.0,273.60892,2025-12-12 03:00:00
414.0,235.61234,2025-12-12 03:00:00
502.0,214.82275,2025-12-12 04:00:00
389.0,247.68048,2025-12-12 04:00:00
716.0,383.04495,2025-12-12 04:00:00
575.0,322.48053,2025-12-12 04:00:00
395.0,217.81432,2025-12-12 04:00:00
658.0,380.2422,2025-12-12 05:00:00
455.0,205.33063,2025-12-12 05:00:00
606.0,264.93552,2025-12-12 05:00:00
398.0,218.11337,2025-12-12 05:00:00
283.0,212.76407,2025-12-12 05:00:00
631.0,392.1022,2025-12-12 06:00:00
552.0,235.71707,2025-12-12 06:00:00
302.0,212.64545,2025-12-12 06:00:00
422.25,194.44534,2025-12-12 06:00:00
250.0,203.97858,2025-12-12 06:00:00
490.0,291.3037,2025-12-12 07:00:00
627.0,349.94693,2025-12-12 07:00:00
252.0,222.45702,2025-12-12 07:00:00
412.0,191.93124,2025-12-12 07:00:00
255.0,225.89502,2025-12-12 07:00:00
320.0,293.0451,2025-12-12 08:00:00
405.25,221.28992,2025-12-12 08:00:00
393.0,291.08017,2025-12-12 08:00:00
284.0,247.52258,2025-12-12 08:00:00
526.0,376.53006,2025-12-12 08:00:00
312.0,250.22986,2025-12-12 09:00:00
381.0,318.71243,2025-12-12 09:00:00
351.0,310.1748,2025-12-12 09:00:00
367.5,236.50523,2025-12-12 09:00:00
511.0,379.6873,2025-12-12 09:00:00
370.0,278.04984,2025-12-12 10:00:00
353.0,316.4379,2025-12-12 10:00:00
423.0,327.89517,2025-12-12 10:00:00
272.0,302.7374,2025-12-12 10:00:00
461.0,397.56802,2025-12-12 10:00:00
252.0,286.91913,2025-12-12 11:00:00
443.0,306.16245,2025-12-12 11:00:00
428.5,219.17203,2025-12-12 11:00:00
437.0,314.25943,2025-12-12 11:00:00
443.0,336.81516,2025-12-12 11:00:00
475.0,337.65976,2025-12-12 12:00:00
422.0,287.72922,2025-12-12 12:00:00
428.0,185.35768,2025-12-12 12:00:00
271.0,263.01617,2025-12-12 12:00:00
588.0,309.61594,2025-12-12 12:00:00
301.0,249.42587,2025-12-12 13:00:00
392.0,268.2759,2025-12-12 13:00:00
364.25,173.1857,2025-12-12 13:00:00
377.0,275.76553,2025-12-12 13:00:00
350.0,282.8475,2025-12-12 13:00:00
321.0,232.59485,2025-12-12 14:00:00
288.5,181.59477,2025-12-12 14:00:00
362.0,241.90982,2025-12-12 14:00:00
273.0,310.8984,2025-12-12 14:00:00
332.0,221.70465,2025-12-12 14:00:00
108.0,318.98312,2025-12-12 15:00:00
338.0,206.66574,2025-12-12 15:00:00
306.0,231.99416,2025-12-12 15:00:00
250.0,209.50662,2025-12-12 15:00:00
254.75,190.00288,2025-12-12 15:00:00
260.0,211.5965,2025-12-12 16:00:00
254.0,214.3172,2025-12-12 16:00:00
361.0,297.18857,2025-12-12 16:00:00
310.0,210.3387,2025-12-12 16:00:00
295.0,187.78296,2025-12-12 16:00:00
315.0,270.1984,2025-12-12 17:00:00
365.0,288.80237,2025-12-12 17:00:00
299.0,202.85594,2025-12-12 17:00:00
329.75,202.52005,2025-12-12 17:00:00
279.0,267.5446,2025-12-12 17:00:00
331.0,289.75436,2025-12-12 18:00:00
411.0,311.98746,2025-12-12 18:00:00
355.75,262.50247,2025-12-12 18:00:00
338.0,400.6059,2025-12-12 18:00:00
356.0,244.8487,2025-12-12 18:00:00
355.0,265.91437,2025-12-12 19:00:00
401.0,316.29556,2025-12-12 19:00:00
464.0,397.8681,2025-12-12 19:00:00
464.0,364.85175,2025-12-12 19:00:00
362.0,329.498,2025-12-12 19:00:00
456.0,362.75024,2025-12-12 20:00:00
445.0,366.21844,2025-12-12 20:00:00
486.0,301.33963,2025-12-12 20:00:00
437.0,373.99725,2025-12-12 20:00:00
384.75,265.8718,2025-12-12 20:00:00
427.0,279.83875,2025-12-12 21:00:00
429.0,267.68237,2025-12-12 21:00:00
500.0,457.594,2025-12-12 21:00:00
437.0,404.5405,2025-12-12 21:00:00
478.0,350.97748,2025-12-12 21:00:00
475.75,301.85855,2025-12-12 22:00:00
530.0,488.24615,2025-12-12 22:00:00
470.0,388.33023,2025-12-12 22:00:00
368.0,330.6979,2025-12-12 22:00:00
398.0,320.6741,2025-12-12 22:00:00
329.0,315.1789,2025-12-12 23:00:00
420.0,358.3629,2025-12-12 23:00:00
494.0,264.04285,2025-12-12 23:00:00
367.0,311.56635,2025-12-12 23:00:00
522.0,410.0724,2025-12-12 23:00:00
411.0,443.33514,2025-12-13 00:00:00
412.5,303.88437,2025-12-13 00:00:00
312.0,389.1692,2025-12-13 00:00:00
342.0,396.04916,2025-12-13 00:00:00
366.0,510.85773,2025-12-13 00:00:00
316.0,520.4784,2025-12-13 01:00:00
306.0,342.06448,2025-12-13 01:00:00
290.0,352.5237,2025-12-13 01:00:00
357.0,439.0614,2025-12-13 01:00:00
283.75,344.2477,2025-12-13 01:00:00
289.0,352.33966,2025-12-13 02:00:00
376.0,443.73383,2025-12-13 02:00:00
279.0,383.12225,2025-12-13 02:00:00
262.0,336.9342,2025-12-13 02:00:00
268.0,480.7185,2025-12-13 02:00:00
275.25,335.2625,2025-12-13 03:00:00
282.0,365.5054,2025-12-13 03:00:00
257.0,456.15472,2025-12-13 03:00:00
306.0,456.8113,2025-12-13 03:00:00
268.0,370.97552,2025-12-13 03:00:00
232.0,332.47934,2025-12-13 04:00:00
272.0,461.66345,2025-12-13 04:00:00
263.0,343.97617,2025-12-13 04:00:00
268.5,351.264,2025-12-13 04:00:00
254.0,478.71457,2025-12-13 04:00:00
279.25,338.28824,2025-12-13 05:00:00
243.0,312.96246,2025-12-13 05:00:00
265.0,433.73062,2025-12-13 05:00:00
256.0,303.69467,2025-12-13 05:00:00
310.0,435.5477,2025-12-13 05:00:00
308.5,315.0974,2025-12-13 06:00:00
329.0,363.80673,2025-12-13 06:00:00
266.0,295.20285,2025-12-13 06:00:00
241.0,301.46188,2025-12-13 06:00:00
291.0,440.5942,2025-12-13 06:00:00
326.0,392.49307,2025-12-13 07:00:00
239.0,289.03577,2025-12-13 07:00:00
273.0,306.0212,2025-12-13 07:00:00
338.25,320.59628,2025-12-13 07:00:00
309.0,459.411,2025-12-13 07:00:00
296.0,424.8524,2025-12-13 08:00:00
351.0,418.6811,2025-12-13 08:00:00
483.0,433.70197,2025-12-13 08:00:00
381.75,336.8439,2025-12-13 08:00:00
274.0,401.79147,2025-12-13 08:00:00
290.0,412.1298,2025-12-13 09:00:00
460.0,505.0329,2025-12-13 09:00:00
383.0,371.64346,2025-12-13 09:00:00
307.0,423.3505,2025-12-13 09:00:00
354.0,485.16928,2025-12-13 09:00:00
366.0,482.18878,2025-12-13 10:00:00
333.0,445.94534,2025-12-13 10:00:00
319.75,329.7399,2025-12-13 10:00:00
327.0,410.63028,2025-12-13 10:00:00
841.0,525.34094,2025-12-13 10:00:00
321.0,362.81647,2025-12-13 11:00:00
304.0,478.04083,2025-12-13 11:00:00
305.0,477.6399,2025-12-13 11:00:00
231.5,315.02835,2025-12-13 11:00:00
323.0,423.28003,2025-12-13 11:00:00
299.0,397.66574,2025-12-13 12:00:00
274.0,455.236,2025-12-13 12:00:00
222.0,418.3554,2025-12-13 12:00:00
210.0,283.91916,2025-12-13 12:00:00
261.0,469.17975,2025-12-13 12:00:00
268.0,389.7641,2025-12-13 13:00:00
237.0,368.53085,2025-12-13 13:00:00
239.0,376.28433,2025-12-13 13:00:00
244.0,366.16037,2025-12-13 13:00:00
192.25,269.31705,2025-12-13 13:00:00
186.0,318.27307,2025-12-13 14:00:00
173.5,284.10504,2025-12-13 14:00:00
243.0,327.38812,2025-12-13 14:00:00
218.0,355.04364,2025-12-13 14:00:00
199.0,373.0571,2025-12-13 14:00:00
184.0,368.23993,2025-12-13 15:00:00
194.0,355.80115,2025-12-13 15:00:00
190.0,339.30746,2025-12-13 15:00:00
183.0,282.20905,2025-12-13 15:00:00
212.0,300.2555,2025-12-13 15:00:00
138.0,313.6522,2025-12-13 16:00:00
233.0,334.8114,2025-12-13 16:00:00
199.0,330.32553,2025-12-13 16:00:00
175.25,266.59094,2025-12-13 16:00:00
202.0,380.33398,2025-12-13 16:00:00
191.0,328.76105,2025-12-13 17:00:00
144.0,399.09192,2025-12-13 17:00:00
260.0,373.6869,2025-12-13 17:00:00
191.0,302.37628,2025-12-13 17:00:00
173.0,365.50177,2025-12-13 17:00:00
250.0,318.7499,2025-12-13 18:00:00
261.0,312.15436,2025-12-13 18:00:00
243.0,371.52072,2025-12-13 18:00:00
230.0,401.00873,2025-12-13 18:00:00
265.0,376.73398,2025-12-13 18:00:00
322.5,344.53076,2025-12-13 19:00:00
298.0,387.09003,2025-12-13 19:00:00
277.0,372.20444,2025-12-13 19:00:00
322.0,440.94254,2025-12-13 19:00:00
261.0,400.86646,2025-12-13 19:00:00
355.0,397.01813,2025-12-13 20:00:00
310.0,403.97687,2025-12-13 20:00:00
384.0,468.9842,2025-12-13 20:00:00
244.0,382.0811,2025-12-13 20:00:00
358.0,341.81815,2025-12-13 20:00:00
378.5,383.06506,2025-12-13 21:00:00
420.0,509.97668,2025-12-13 21:00:00
361.0,422.847,2025-12-13 21:00:00
268.0,487.5782,2025-12-13 21:00:00
376.0,428.72238,2025-12-13 21:00:00
311.0,498.831,2025-12-13 22:00:00
385.5,348.10263,2025-12-13 22:00:00
477.0,560.6769,2025-12-13 22:00:00
383.0,464.40985,2025-12-13 22:00:00
343.0,453.16888,2025-12-13 22:00:00
335.0,438.41046,2025-12-13 23:00:00
306.0,453.59943,2025-12-13 23:00:00
353.6666666666667,378.34592,2025-12-13 23:00:00
433.0,522.49005,2025-12-13 23:00:00
360.0,472.65726,2025-12-13 23:00:00
360.0,495.61862,2025-12-14 00:00:00
293.0,449.84583,2025-12-14 00:00:00
331.0,476.30942,2025-12-14 00:00:00
328.75,409.38943,2025-12-14 00:00:00
289.0,420.9373,2025-12-14 00:00:00
315.0,519.7968,2025-12-14 01:00:00
276.0,397.4921,2025-12-14 01:00:00
301.25,407.88483,2025-12-14 01:00:00
301.0,488.00018,2025-12-14 01:00:00
274.0,393.39786,2025-12-14 01:00:00
250.0,412.95724,2025-12-14 02:00:00
285.25,359.6562,2025-12-14 02:00:00
259.0,375.6328,2025-12-14 02:00:00
280.0,498.46014,2025-12-14 02:00:00
271.0,469.13803,2025-12-14 02:00:00
282.0,388.82916,2025-12-14 03:00:00
235.0,471.6659,2025-12-14 03:00:00
291.25,362.69852,2025-12-14 03:00:00
237.0,391.78638,2025-12-14 03:00:00
234.0,456.35858,2025-12-14 03:00:00
251.0,491.26697,2025-12-14 04:00:00
300.75,377.7037,2025-12-14 04:00:00
237.0,450.3735,2025-12-14 04:00:00
296.0,346.969,2025-12-14 04:00:00
195.0,401.12622,2025-12-14 04:00:00
213.0,386.77237,2025-12-14 05:00:00
290.0,495.09003,2025-12-14 05:00:00
291.5,401.88782,2025-12-14 05:00:00
290.0,411.63165,2025-12-14 05:00:00
239.0,480.841,2025-12-14 05:00:00
295.5,378.50214,2025-12-14 06:00:00
226.0,481.05606,2025-12-14 06:00:00
284.0,398.3147,2025-12-14 06:00:00
235.0,359.48062,2025-12-14 06:00:00
282.0,488.98868,2025-12-14 06:00:00
249.0,416.7866,2025-12-14 07:00:00
266.0,406.14355,2025-12-14 07:00:00
221.0,505.25452,2025-12-14 07:00:00
302.0,505.8217,2025-12-14 07:00:00
308.25,403.0051,2025-12-14 07:00:00
257.0,452.60373,2025-12-14 08:00:00
266.0,389.87024,2025-12-14 08:00:00
404.0,512.0225,2025-12-14 08:00:00
333.5,392.69626,2025-12-14 08:00:00
267.0,381.98334,2025-12-14 08:00:00
280.0,348.1783,2025-12-14 09:00:00
355.0,490.85974,2025-12-14 09:00:00
355.0,370.18365,2025-12-14 09:00:00
353.75,376.4942,2025-12-14 09:00:00
259.0,421.7096,2025-12-14 09:00:00
271.0,406.36548,2025-12-14 10:00:00
259.0,412.8288,2025-12-14 10:00:00
263.0,367.3133,2025-12-14 10:00:00
604.0,510.41034,2025-12-14 10:00:00
353.5,421.46002,2025-12-14 10:00:00
305.0,427.99753,2025-12-14 11:00:00
328.0,366.96335,2025-12-14 11:00:00
261.0,414.89532,2025-12-14 11:00:00
411.0,516.93353,2025-12-14 11:00:00
268.0,441.5158,2025-12-14 11:00:00
336.0,387.08447,2025-12-14 12:00:00
252.0,455.6945,2025-12-14 12:00:00
301.0,539.57874,2025-12-14 12:00:00
246.0,468.0008,2025-12-14 12:00:00
323.0,421.63007,2025-12-14 12:00:00
266.0,406.03775,2025-12-14 13:00:00
255.0,450.36533,2025-12-14 13:00:00
250.0,506.80817,2025-12-14 13:00:00
286.75,366.761,2025-12-14 13:00:00
213.0,446.53333,2025-12-14 13:00:00
210.5,291.87582,2025-12-14 14:00:00
259.0,464.71555,2025-12-14 14:00:00
213.0,370.60367,2025-12-14 14:00:00
195.0,348.8723,2025-12-14 14:00:00
205.0,342.03622,2025-12-14 14:00:00
250.5,311.34973,2025-12-14 15:00:00
218.0,336.84317,2025-12-14 15:00:00
182.0,373.18704,2025-12-14 15:00:00
184.0,362.6687,2025-12-14 15:00:00
346.0,470.5521,2025-12-14 15:00:00
186.0,312.666,2025-12-14 16:00:00
269.0,302.95154,2025-12-14 16:00:00
543.0,446.65363,2025-12-14 16:00:00
218.75,337.4063,2025-12-14 16:00:00
234.0,316.75186,2025-12-14 16:00:00
222.0,317.41046,2025-12-14 17:00:00
965.0,431.734,2025-12-14 17:00:00
202.0,281.943,2025-12-14 17:00:00
258.5,376.61465,2025-12-14 17:00:00
207.0,338.71713,2025-12-14 17:00:00
232.0,378.45474,2025-12-14 18:00:00
213.0,380.8523,2025-12-14 18:00:00
224.0,402.43802,2025-12-14 18:00:00
383.0,474.9059,2025-12-14 18:00:00
273.25,365.81134,2025-12-14 18:00:00
315.0,506.05118,2025-12-14 19:00:00
298.5,373.08157,2025-12-14 19:00:00
512.0,470.1898,2025-12-14 19:00:00
335.0,429.94916,2025-12-14 19:00:00
256.0,435.0197,2025-12-14 19:00:00
394.75,406.30313,2025-12-14 20:00:00
304.0,504.65253,2025-12-14 20:00:00
305.0,491.1517,2025-12-14 20:00:00
603.0,528.59375,2025-12-14 20:00:00
255.0,474.85257,2025-12-14 20:00:00
407.0,505.8678,2025-12-14 21:00:00
711.0,587.44525,2025-12-14 21:00:00
310.0,530.20746,2025-12-14 21:00:00
486.5,464.0043,2025-12-14 21:00:00
455.0,505.81088,2025-12-14 21:00:00
563.0,524.77606,2025-12-14 22:00:00
559.25,486.29886,2025-12-14 22:00:00
578.0,530.06555,2025-12-14 22:00:00
300.0,501.66183,2025-12-14 22:00:00
660.0,546.1829,2025-12-14 22:00:00
324.0,445.6884,2025-12-14 23:00:00
544.3333333333334,467.02298,2025-12-14 23:00:00
521.0,469.5823,2025-12-14 23:00:00
577.0,520.00024,2025-12-14 23:00:00
735.0,488.09814,2025-12-14 23:00:00
431.0,472.93604,2025-12-15 00:00:00
697.0,529.6584,2025-12-15 00:00:00
476.6666666666667,412.51715,2025-12-15 00:00:00
559.0,483.56927,2025-12-15 00:00:00
291.0,447.43243,2025-12-15 00:00:00
450.0,492.41125,2025-12-15 01:00:00
461.25,452.63632,2025-12-15 01:00:00
633.0,484.47903,2025-12-15 01:00:00
599.0,505.29306,2025-12-15 01:00:00
500.0,443.5992,2025-12-15 01:00:00
464.0,340.23227,2025-12-15 02:00:00
620.0,492.4574,2025-12-15 02:00:00
420.0,388.90338,2025-12-15 02:00:00
497.0,454.69006,2025-12-15 02:00:00
572.0,444.69104,2025-12-15 02:00:00
400.0,426.31516,2025-12-15 03:00:00
540.75,312.2754,2025-12-15 03:00:00
460.0,451.10675,2025-12-15 03:00:00
555.0,418.35287,2025-12-15 03:00:00
652.0,424.59573,2025-12-15 03:00:00
574.75,359.62677,2025-12-15 04:00:00
526.0,476.2985,2025-12-15 04:00:00
541.0,478.87106,2025-12-15 04:00:00
447.0,463.8492,2025-12-15 04:00:00
340.0,391.1972,2025-12-15 04:00:00
641.0,484.63654,2025-12-15 05:00:00
346.0,371.4295,2025-12-15 05:00:00
517.0,493.97037,2025-12-15 05:00:00
429.5,359.39304,2025-12-15 05:00:00
437.0,402.28998,2025-12-15 05:00:00
511.0,389.38065,2025-12-15 06:00:00
321.75,362.32172,2025-12-15 06:00:00
412.0,371.0852,2025-12-15 06:00:00
410.0,474.1832,2025-12-15 06:00:00
423.0,485.53284,2025-12-15 06:00:00
385.0,492.5185,2025-12-15 07:00:00
481.0,413.4662,2025-12-15 07:00:00
329.0,492.92758,2025-12-15 07:00:00
458.0,403.3226,2025-12-15 07:00:00
276.25,380.3289,2025-12-15 07:00:00
281.5,366.0455,2025-12-15 08:00:00
428.0,560.3256,2025-12-15 08:00:00
399.0,405.45276,2025-12-15 08:00:00
412.0,400.75504,2025-12-15 08:00:00
283.0,495.98676,2025-12-15 08:00:00
287.0,468.87994,2025-12-15 09:00:00
426.0,471.83896,2025-12-15 09:00:00
365.0,344.2084,2025-12-15 09:00:00
376.0,412.1174,2025-12-15 09:00:00
292.75,290.707,2025-12-15 09:00:00
283.0,420.30917,2025-12-15 10:00:00
439.0,343.5285,2025-12-15 10:00:00
337.0,382.9875,2025-12-15 10:00:00
301.75,296.46463,2025-12-15 10:00:00
453.0,437.42548,2025-12-15 10:00:00
297.0,291.29214,2025-12-15 11:00:00
334.0,377.5073,2025-12-15 11:00:00
467.0,312.00354,2025-12-15 11:00:00
364.0,356.8619,2025-12-15 11:00:00
428.0,401.17056,2025-12-15 11:00:00
376.0,372.92538,2025-12-15 12:00:00
473.0,316.45923,2025-12-15 12:00:00
370.0,439.7854,2025-12-15 12:00:00
336.75,385.23862,2025-12-15 12:00:00
449.0,477.2304,2025-12-15 12:00:00
442.0,390.1671,2025-12-15 13:00:00
443.0,367.61102,2025-12-15 13:00:00
350.5,318.7445,2025-12-15 13:00:00
385.0,401.86777,2025-12-15 13:00:00
388.0,401.07144,2025-12-15 13:00:00
545.0,322.25342,2025-12-15 14:00:00
350.0,237.89664,2025-12-15 14:00:00
381.0,361.56937,2025-12-15 14:00:00
395.0,308.21304,2025-12-15 14:00:00
433.0,265.77567,2025-12-15 14:00:00
453.0,356.16583,2025-12-15 15:00:00
427.0,262.52774,2025-12-15 15:00:00
442.0,274.70276,2025-12-15 15:00:00
388.0,315.9787,2025-12-15 15:00:00
364.0,212.95238,2025-12-15 15:00:00
440.0,218.45479,2025-12-15 16:00:00
516.0,401.94336,2025-12-15 16:00:00
473.0,363.36526,2025-12-15 16:00:00
383.25,272.0627,2025-12-15 16:00:00
420.0,274.8919,2025-12-15 16:00:00
428.0,238.58472,2025-12-15 17:00:00
415.0,361.3242,2025-12-15 17:00:00
388.25,282.1423,2025-12-15 17:00:00
500.0,345.59564,2025-12-15 17:00:00
444.0,228.26917,2025-12-15 17:00:00
412.0,320.86237,2025-12-15 18:00:00
482.0,301.1241,2025-12-15 18:00:00
427.0,399.1502,2025-12-15 18:00:00
385.75,305.23788,2025-12-15 18:00:00
444.0,285.0687,2025-12-15 18:00:00
492.0,401.5204,2025-12-15 19:00:00
447.0,341.65598,2025-12-15 19:00:00
417.0,386.2983,2025-12-15 19:00:00
427.0,316.32846,2025-12-15 19:00:00
505.0,473.70792,2025-12-15 19:00:00
521.0,504.74435,2025-12-15 20:00:00
414.25,372.30594,2025-12-15 20:00:00
567.0,508.5897,2025-12-15 20:00:00
434.0,468.13138,2025-12-15 20:00:00
455.0,452.30814,2025-12-15 20:00:00
643.0,526.79877,2025-12-15 21:00:00
520.0,501.7423,2025-12-15 21:00:00
680.0,517.666,2025-12-15 21:00:00
440.0,506.32843,2025-12-15 21:00:00
413.0,391.0466,2025-12-15 21:00:00
804.0,552.0901,2025-12-15 22:00:00
531.0,546.1838,2025-12-15 22:00:00
432.0,520.2769,2025-12-15 22:00:00
686.0,629.4383,2025-12-15 22:00:00
426.5,472.61432,2025-12-15 22:00:00
441.6666666666667,512.6852,2025-12-15 23:00:00
669.0,592.4621,2025-12-15 23:00:00
447.0,542.258,2025-12-15 23:00:00
521.0,547.5104,2025-12-15 23:00:00
554.0,617.26953,2025-12-15 23:00:00
486.0,509.75348,2025-12-16 00:00:00
508.0,503.01822,2025-12-16 00:00:00
472.0,583.9943,2025-12-16 00:00:00
453.75,471.25012,2025-12-16 00:00:00
709.0,590.6171,2025-12-16 00:00:00
498.0,459.14597,2025-12-16 01:00:00
564.0,578.6447,2025-12-16 01:00:00
465.75,390.93936,2025-12-16 01:00:00
443.0,488.7191,2025-12-16 01:00:00
467.0,452.40552,2025-12-16 01:00:00
471.0,452.73596,2025-12-16 02:00:00
477.0,434.71277,2025-12-16 02:00:00
439.75,326.38892,2025-12-16 02:00:00
427.0,409.55096,2025-12-16 02:00:00
396.0,449.25037,2025-12-16 02:00:00
392.0,411.25217,2025-12-16 03:00:00
353.0,402.26382,2025-12-16 03:00:00
370.0,464.72403,2025-12-16 03:00:00
437.0,416.42834,2025-12-16 03:00:00
418.0,343.61,2025-12-16 03:00:00
279.0,395.38098,2025-12-16 04:00:00
202.0,383.10388,2025-12-16 04:00:00
373.75,331.3865,2025-12-16 04:00:00
272.0,405.8803,2025-12-16 04:00:00
398.0,439.61008,2025-12-16 04:00:00
279.0,390.93497,2025-12-16 05:00:00
310.5,340.20654,2025-12-16 05:00:00
342.0,433.95602,2025-12-16 05:00:00
158.0,334.44864,2025-12-16 05:00:00
212.0,370.30637,2025-12-16 05:00:00
169.0,343.34775,2025-12-16 06:00:00
289.0,415.69012,2025-12-16 06:00:00
274.0,364.90607,2025-12-16 06:00:00
297.25,330.1713,2025-12-16 06:00:00
157.0,329.362,2025-12-16 06:00:00
309.75,343.36304,2025-12-16 07:00:00
251.0,442.11307,2025-12-16 07:00:00
217.0,396.15802,2025-12-16 07:00:00
177.0,340.9177,2025-12-16 07:00:00
162.0,332.20425,2025-12-16 07:00:00
200.0,406.81427,2025-12-16 08:00:00
229.0,404.174,2025-12-16 08:00:00
320.0,510.971,2025-12-16 08:00:00
311.75,390.50153,2025-12-16 08:00:00
189.0,384.68146,2025-12-16 08:00:00
304.0,410.1003,2025-12-16 09:00:00
330.5,369.08603,2025-12-16 09:00:00
241.0,411.28836,2025-12-16 09:00:00
354.0,506.16028,2025-12-16 09:00:00
221.0,377.1993,2025-12-16 09:00:00
401.25,363.82983,2025-12-16 10:00:00
267.0,410.03653,2025-12-16 10:00:00
456.0,541.32043,2025-12-16 10:00:00
204.0,380.11423,2025-12-16 10:00:00
310.0,408.1561,2025-12-16 10:00:00
204.0,355.45752,2025-12-16 11:00:00
333.0,383.66644,2025-12-16 11:00:00
381.0,511.96982,2025-12-16 11:00:00
426.25,344.24634,2025-12-16 11:00:00
276.0,405.08572,2025-12-16 11:00:00
204.0,313.0482,2025-12-16 12:00:00
443.25,292.71942,2025-12-16 12:00:00
364.0,441.56702,2025-12-16 12:00:00
323.0,355.88968,2025-12-16 12:00:00
250.0,343.16528,2025-12-16 12:00:00
451.0,278.28696,2025-12-16 13:00:00
691.0,318.51028,2025-12-16 13:00:00
287.0,315.32632,2025-12-16 13:00:00
399.0,374.38907,2025-12-16 13:00:00
235.0,326.02344,2025-12-16 13:00:00
407.0,303.86758,2025-12-16 14:00:00
443.75,273.15234,2025-12-16 14:00:00
417.0,322.78995,2025-12-16 14:00:00
295.0,298.23172,2025-12-16 14:00:00
262.0,282.04617,2025-12-16 14:00:00
309.0,253.7321,2025-12-16 15:00:00
388.0,284.2249,2025-12-16 15:00:00
298.0,285.15735,2025-12-16 15:00:00
376.25,250.48997,2025-12-16 15:00:00
280.0,260.09424,2025-12-16 15:00:00
276.0,228.03387,2025-12-16 16:00:00
304.0,255.96194,2025-12-16 16:00:00
320.0,332.31058,2025-12-16 16:00:00
262.5,256.4486,2025-12-16 16:00:00
315.0,254.87466,2025-12-16 16:00:00
324.0,225.92212,2025-12-16 17:00:00
329.0,271.32013,2025-12-16 17:00:00
246.0,244.30025,2025-12-16 17:00:00
263.0,280.54892,2025-12-16 17:00:00
276.0,233.7341,2025-12-16 17:00:00
415.5,240.88687,2025-12-16 18:00:00
254.0,268.92178,2025-12-16 18:00:00
335.0,289.59705,2025-12-16 18:00:00
295.0,306.86758,2025-12-16 18:00:00
296.0,262.77197,2025-12-16 18:00:00
390.25,257.76492,2025-12-16 19:00:00
460.0,346.47348,2025-12-16 19:00:00
398.0,312.2943,2025-12-16 19:00:00
355.0,300.7146,2025-12-16 19:00:00
361.0,323.6011,2025-12-16 19:00:00
620.0,370.93073,2025-12-16 20:00:00
374.0,333.30225,2025-12-16 20:00:00
423.5,261.30594,2025-12-16 20:00:00
442.0,341.78915,2025-12-16 20:00:00
444.0,341.6986,2025-12-16 20:00:00
448.75,253.17595,2025-12-16 21:00:00
609.0,412.85165,2025-12-16 21:00:00
699.0,448.06387,2025-12-16 21:00:00
508.0,383.6923,2025-12-16 21:00:00
439.0,403.66974,2025-12-16 21:00:00
508.0,372.5172,2025-12-16 22:00:00
705.0,522.423,2025-12-16 22:00:00
458.0,248.43956,2025-12-16 22:00:00
782.0,422.22437,2025-12-16 22:00:00
577.0,367.9539,2025-12-16 22:00:00
510.0,367.94418,2025-12-16 23:00:00
522.0,335.25168,2025-12-16 23:00:00
621.0,388.06897,2025-12-16 23:00:00
859.0,476.94763,2025-12-16 23:00:00
439.6666666666667,250.19077,2025-12-16 23:00:00
488.0,371.80557,2025-12-17 00:00:00
471.0,254.59633,2025-12-17 00:00:00
577.0,337.8859,2025-12-17 00:00:00
780.0,440.7235,2025-12-17 00:00:00
549.0,333.13593,2025-12-17 00:00:00
447.0,358.39886,2025-12-17 01:00:00
777.0,380.65707,2025-12-17 01:00:00
674.0,364.3315,2025-12-17 01:00:00
468.75,287.9066,2025-12-17 01:00:00
475.0,376.3519,2025-12-17 01:00:00
488.75,282.2787,2025-12-17 02:00:00
387.0,380.87866,2025-12-17 02:00:00
868.0,388.8004,2025-12-17 02:00:00
719.0,345.68945,2025-12-17 02:00:00
401.0,350.639,2025-12-17 02:00:00
389.0,318.58615,2025-12-17 03:00:00
342.0,352.41138,2025-12-17 03:00:00
482.25,288.71027,2025-12-17 03:00:00
642.0,330.98325,2025-12-17 03:00:00
774.0,354.10376,2025-12-17 03:00:00
708.0,346.63736,2025-12-17 04:00:00
472.5,266.95993,2025-12-17 04:00:00
523.0,301.17163,2025-12-17 04:00:00
279.0,293.49442,2025-12-17 04:00:00
431.0,288.90356,2025-12-17 04:00:00
251.0,298.0144,2025-12-17 05:00:00
367.0,317.32248,2025-12-17 05:00:00
516.0,302.5395,2025-12-17 05:00:00
654.0,322.30087,2025-12-17 05:00:00
476.75,269.74298,2025-12-17 05:00:00
511.5,287.72046,2025-12-17 06:00:00
676.0,350.2523,2025-12-17 06:00:00
279.0,335.21884,2025-12-17 06:00:00
508.0,308.16428,2025-12-17 06:00:00
326.0,362.868,2025-12-17 06:00:00
335.0,330.30533,2025-12-17 07:00:00
663.0,346.2125,2025-12-17 07:00:00
501.0,328.82254,2025-12-17 07:00:00
486.25,301.2687,2025-12-17 07:00:00
355.0,363.121,2025-12-17 07:00:00
427.75,341.08905,2025-12-17 08:00:00
395.0,485.3858,2025-12-17 08:00:00
401.0,359.62552,2025-12-17 08:00:00
410.0,393.73752,2025-12-17 08:00:00
411.0,386.28232,2025-12-17 08:00:00
390.0,418.30408,2025-12-17 09:00:00
338.0,488.00262,2025-12-17 09:00:00
570.0,416.0444,2025-12-17 09:00:00
512.5,388.19717,2025-12-17 09:00:00
405.0,414.2042,2025-12-17 09:00:00
471.0,437.0868,2025-12-17 10:00:00
522.75,365.07892,2025-12-17 10:00:00
400.0,512.8241,2025-12-17 10:00:00
542.0,364.1478,2025-12-17 10:00:00
321.0,403.08694,2025-12-17 10:00:00
522.75,330.04666,2025-12-17 11:00:00
349.0,374.391,2025-12-17 11:00:00
523.0,339.73428,2025-12-17 11:00:00
252.0,406.96628,2025-12-17 11:00:00
309.0,471.58417,2025-12-17 11:00:00
222.0,364.5417,2025-12-17 12:00:00
294.0,386.16443,2025-12-17 12:00:00
92.33333333333331,291.17734,2025-12-17 12:00:00
368.0,306.80847,2025-12-17 12:00:00
304.0,333.0377,2025-12-17 12:00:00
256.25,244.09213,2025-12-17 13:00:00
280.0,297.4379,2025-12-17 13:00:00
237.0,349.43524,2025-12-17 13:00:00
295.0,291.3757,2025-12-17 13:00:00
316.0,298.55566,2025-12-17 13:00:00
290.0,309.27692,2025-12-17 14:00:00
294.0,264.4068,2025-12-17 14:00:00
278.75,235.41995,2025-12-17 14:00:00
304.0,252.32771,2025-12-17 14:00:00
373.0,282.10373,2025-12-17 14:00:00
431.0,290.79523,2025-12-17 15:00:00
332.0,220.39786,2025-12-17 15:00:00
315.0,267.5481,2025-12-17 15:00:00
346.0,238.56088,2025-12-17 15:00:00
323.25,229.10924,2025-12-17 15:00:00
355.0,214.69733,2025-12-17 16:00:00
451.0,297.76932,2025-12-17 16:00:00
352.75,231.18633,2025-12-17 16:00:00
373.0,304.49124,2025-12-17 16:00:00
349.0,228.13176,2025-12-17 16:00:00
401.0,301.93655,2025-12-17 17:00:00
383.0,224.70064,2025-12-17 17:00:00
484.0,379.50253,2025-12-17 17:00:00
368.25,250.60506,2025-12-17 17:00:00
350.0,233.0423,2025-12-17 17:00:00
406.0,280.9606,2025-12-17 18:00:00
478.0,419.45764,2025-12-17 18:00:00
385.5,289.9483,2025-12-17 18:00:00
422.0,308.60712,2025-12-17 18:00:00
374.0,313.42224,2025-12-17 18:00:00
417.0,324.03955,2025-12-17 19:00:00
409.5,283.99017,2025-12-17 19:00:00
445.0,396.03595,2025-12-17 19:00:00
448.0,378.69748,2025-12-17 19:00:00
520.0,523.9814,2025-12-17 19:00:00
422.0,348.62863,2025-12-17 20:00:00
442.75,281.2095,2025-12-17 20:00:00
537.0,523.65265,2025-12-17 20:00:00
440.0,383.3089,2025-12-17 20:00:00
418.0,404.8338,2025-12-17 20:00:00
393.0,428.55704,2025-12-17 21:00:00
456.0,357.39728,2025-12-17 21:00:00
516.75,308.49896,2025-12-17 21:00:00
443.0,518.6976,2025-12-17 21:00:00
390.0,482.04883,2025-12-17 21:00:00
506.0,454.5131,2025-12-17 22:00:00
548.5,388.68173,2025-12-17 22:00:00
332.0,472.1945,2025-12-17 22:00:00
494.0,498.4743,2025-12-17 22:00:00
377.0,432.6751,2025-12-17 22:00:00
517.0,467.36798,2025-12-17 23:00:00
339.0,544.9209,2025-12-17 23:00:00
549.6666666666666,379.81558,2025-12-17 23:00:00
489.0,559.42755,2025-12-17 23:00:00
350.0,411.37274,2025-12-17 23:00:00
527.0,378.3792,2025-12-18 00:00:00
371.0,432.2433,2025-12-18 00:00:00
315.0,369.23492,2025-12-18 00:00:00
547.0,463.29514,2025-12-18 00:00:00
405.0,519.7232,2025-12-18 00:00:00
415.0,481.00873,2025-12-18 01:00:00
420.0,516.29095,2025-12-18 01:00:00
423.0,444.5207,2025-12-18 01:00:00
439.0,380.81143,2025-12-18 01:00:00
313.0,351.3753,2025-12-18 01:00:00
328.0,421.16696,2025-12-18 02:00:00
399.0,494.5344,2025-12-18 02:00:00
333.0,391.37814,2025-12-18 02:00:00
314.25,321.2696,2025-12-18 02:00:00
378.0,471.3025,2025-12-18 02:00:00
321.0,439.29227,2025-12-18 03:00:00
359.0,485.8176,2025-12-18 03:00:00
272.5,326.3631,2025-12-18 03:00:00
285.0,382.05368,2025-12-18 03:00:00
256.0,400.10455,2025-12-18 03:00:00
252.0,364.5618,2025-12-18 04:00:00
257.25,354.16156,2025-12-18 04:00:00
316.0,490.8366,2025-12-18 04:00:00
298.0,429.47604,2025-12-18 04:00:00
239.0,343.26038,2025-12-18 04:00:00
229.0,358.0184,2025-12-18 05:00:00
287.0,401.86047,2025-12-18 05:00:00
258.0,313.77896,2025-12-18 05:00:00
299.0,452.99863,2025-12-18 05:00:00
249.0,375.2789,2025-12-18 05:00:00
260.75,385.86746,2025-12-18 06:00:00
277.0,402.15814,2025-12-18 06:00:00
293.0,514.39636,2025-12-18 06:00:00
252.0,367.92053,2025-12-18 06:00:00
238.0,366.47632,2025-12-18 06:00:00
266.0,381.3366,2025-12-18 07:00:00
222.0,403.29135,2025-12-18 07:00:00
268.75,315.9921,2025-12-18 07:00:00
246.0,490.79343,2025-12-18 07:00:00
252.0,390.86575,2025-12-18 07:00:00
248.0,392.00314,2025-12-18 08:00:00
263.0,420.21307,2025-12-18 08:00:00
221.0,399.12128,2025-12-18 08:00:00
296.0,519.2353,2025-12-18 08:00:00
278.0,298.6571,2025-12-18 08:00:00
292.75,294.12537,2025-12-18 09:00:00
271.0,441.1884,2025-12-18 09:00:00
272.0,419.8135,2025-12-18 09:00:00
302.0,517.3002,2025-12-18 09:00:00
245.0,477.8271,2025-12-18 09:00:00
270.75,276.8428,2025-12-18 10:00:00
230.0,452.34015,2025-12-18 10:00:00
287.0,459.1402,2025-12-18 10:00:00
268.0,375.2555,2025-12-18 10:00:00
241.0,377.39783,2025-12-18 10:00:00
306.0,379.5731,2025-12-18 11:00:00
266.5,288.90155,2025-12-18 11:00:00
300.0,494.081,2025-12-18 11:00:00
259.0,406.30563,2025-12-18 11:00:00
227.0,448.43283,2025-12-18 11:00:00
261.0,352.7479,2025-12-18 12:00:00
238.0,429.5902,2025-12-18 12:00:00
317.0,404.54944,2025-12-18 12:00:00
254.5,297.6308,2025-12-18 12:00:00
332.0,472.03046,2025-12-18 12:00:00
269.5,289.49655,2025-12-18 13:00:00
296.0,370.90372,2025-12-18 13:00:00
351.0,399.7971,2025-12-18 13:00:00
328.0,369.4429,2025-12-18 13:00:00
267.0,391.28793,2025-12-18 13:00:00
278.0,330.0957,2025-12-18 14:00:00
339.0,299.24792,2025-12-18 14:00:00
383.0,330.68204,2025-12-18 14:00:00
331.0,301.3251,2025-12-18 14:00:00
295.5,266.40695,2025-12-18 14:00:00
337.0,265.8834,2025-12-18 15:00:00
331.0,247.73546,2025-12-18 15:00:00
399.0,313.9608,2025-12-18 15:00:00
309.0,308.9546,2025-12-18 15:00:00
426.0,370.63873,2025-12-18 15:00:00
339.0,308.7715,2025-12-18 16:00:00
372.0,403.09424,2025-12-18 16:00:00
310.0,293.02014,2025-12-18 16:00:00
328.75,225.40044,2025-12-18 16:00:00
323.0,323.5618,2025-12-18 16:00:00
350.0,360.17117,2025-12-18 17:00:00
371.0,341.53058,2025-12-18 17:00:00
340.0,307.84766,2025-12-18 17:00:00
335.0,347.12482,2025-12-18 17:00:00
305.25,235.80765,2025-12-18 17:00:00
277.5,273.44244,2025-12-18 18:00:00
370.0,331.6482,2025-12-18 18:00:00
344.0,376.91504,2025-12-18 18:00:00
353.0,382.3555,2025-12-18 18:00:00
329.0,347.4217,2025-12-18 18:00:00
331.0,427.34613,2025-12-18 19:00:00
283.0,332.46716,2025-12-18 19:00:00
404.0,416.40424,2025-12-18 19:00:00
348.0,403.94098,2025-12-18 19:00:00
357.0,419.3784,2025-12-18 19:00:00
310.0,465.07742,2025-12-18 20:00:00
381.0,456.60858,2025-12-18 20:00:00
318.0,432.21567,2025-12-18 20:00:00
442.0,467.86282,2025-12-18 20:00:00
312.5,350.43246,2025-12-18 20:00:00
511.0,500.80484,2025-12-18 21:00:00
324.0,451.49268,2025-12-18 21:00:00
361.25,371.02902,2025-12-18 21:00:00
368.0,504.04953,2025-12-18 21:00:00
335.0,427.5506,2025-12-18 21:00:00
497.0,498.71872,2025-12-18 22:00:00
345.0,381.13492,2025-12-18 22:00:00
359.0,438.22644,2025-12-18 22:00:00
385.25,365.66647,2025-12-18 22:00:00
351.0,419.14108,2025-12-18 22:00:00
365.0,336.0689,2025-12-18 23:00:00
412.0,482.0113,2025-12-18 23:00:00
348.0,449.7249,2025-12-18 23:00:00
320.0,433.7323,2025-12-18 23:00:00
346.0,424.19293,2025-12-18 23:00:00
329.0,384.01654,2025-12-19 00:00:00
349.0,392.1231,2025-12-19 00:00:00
360.75,344.33136,2025-12-19 00:00:00
339.0,405.77676,2025-12-19 00:00:00
373.0,465.0371,2025-12-19 00:00:00
381.0,433.70322,2025-12-19 01:00:00
353.5,285.41403,2025-12-19 01:00:00
343.0,371.41824,2025-12-19 01:00:00
322.0,381.6286,2025-12-19 01:00:00
294.0,387.8962,2025-12-19 01:00:00
372.0,336.65085,2025-12-19 02:00:00
307.0,392.85202,2025-12-19 02:00:00
309.0,345.68674,2025-12-19 02:00:00
362.0,281.25327,2025-12-19 02:00:00
379.0,421.45938,2025-12-19 02:00:00
344.0,305.0889,2025-12-19 03:00:00
301.0,411.14633,2025-12-19 03:00:00
348.0,358.7514,2025-12-19 03:00:00
366.75,306.73584,2025-12-19 03:00:00
306.0,348.6328,2025-12-19 03:00:00
304.0,350.7901,2025-12-19 04:00:00
346.5,270.2171,2025-12-19 04:00:00
390.0,339.01273,2025-12-19 04:00:00
318.0,323.69492,2025-12-19 04:00:00
289.0,321.58716,2025-12-19 04:00:00
302.0,337.6115,2025-12-19 05:00:00
313.0,299.04828,2025-12-19 05:00:00
373.0,332.96466,2025-12-19 05:00:00
340.0,309.23004,2025-12-19 05:00:00
335.75,274.63934,2025-12-19 05:00:00
340.0,269.37073,2025-12-19 06:00:00
335.0,328.3941,2025-12-19 06:00:00
280.0,331.32034,2025-12-19 06:00:00
353.0,371.8638,2025-12-19 06:00:00
311.5,230.08221,2025-12-19 06:00:00
328.0,337.00226,2025-12-19 07:00:00
282.0,374.1762,2025-12-19 07:00:00
371.0,390.46417,2025-12-19 07:00:00
337.0,279.2328,2025-12-19 07:00:00
289.25,255.95287,2025-12-19 07:00:00
345.0,301.7,2025-12-19 08:00:00
309.0,345.6369,2025-12-19 08:00:00
274.75,280.61444,2025-12-19 08:00:00
274.0,336.88614,2025-12-19 08:00:00
371.0,385.94424,2025-12-19 08:00:00
280.0,298.02444,2025-12-19 09:00:00
281.75,281.11493,2025-12-19 09:00:00
310.0,276.95752,2025-12-19 09:00:00
365.0,273.38007,2025-12-19 09:00:00
357.0,337.17453,2025-12-19 09:00:00
451.0,375.71884,2025-12-19 10:00:00
269.0,297.59827,2025-12-19 10:00:00
342.0,300.37994,2025-12-19 10:00:00
287.0,296.76355,2025-12-19 10:00:00
313.25,303.81345,2025-12-19 10:00:00
355.0,281.5491,2025-12-19 11:00:00
302.0,345.50302,2025-12-19 11:00:00
425.0,385.99408,2025-12-19 11:00:00
335.0,268.23483,2025-12-19 11:00:00
287.0,303.80185,2025-12-19 11:00:00
416.0,381.53348,2025-12-19 12:00:00
295.0,305.39655,2025-12-19 12:00:00
298.0,382.007,2025-12-19 12:00:00
379.25,324.40735,2025-12-19 12:00:00
339.0,313.32858,2025-12-19 12:00:00
363.75,287.65033,2025-12-19 13:00:00
335.0,340.82797,2025-12-19 13:00:00
431.0,367.81522,2025-12-19 13:00:00
329.0,323.96027,2025-12-19 13:00:00
394.0,363.84848,2025-12-19 13:00:00
377.75,291.62885,2025-12-19 14:00:00
356.0,339.58383,2025-12-19 14:00:00
553.0,352.5448,2025-12-19 14:00:00
432.0,377.52695,2025-12-19 14:00:00
390.0,344.38965,2025-12-19 14:00:00
666.0,378.99847,2025-12-19 15:00:00
407.0,341.86588,2025-12-19 15:00:00
431.0,338.97162,2025-12-19 15:00:00
454.0,324.54343,2025-12-19 15:00:00
452.75,299.01038,2025-12-19 15:00:00
759.0,358.56168,2025-12-19 16:00:00
455.0,337.57013,2025-12-19 16:00:00
528.0,258.56628,2025-12-19 16:00:00
461.0,305.10965,2025-12-19 16:00:00
481.0,256.8145,2025-12-19 16:00:00
560.0,233.66748,2025-12-19 17:00:00
423.0,282.1519,2025-12-19 17:00:00
692.0,313.65292,2025-12-19 17:00:00
506.0,245.44618,2025-12-19 17:00:00
553.0,270.56613,2025-12-19 17:00:00
812.0,303.6785,2025-12-19 18:00:00
615.75,225.30516,2025-12-19 18:00:00
581.0,277.0814,2025-12-19 18:00:00
471.0,302.24277,2025-12-19 18:00:00
652.0,284.05853,2025-12-19 18:00:00
690.0,333.50885,2025-12-19 19:00:00
737.0,337.87167,2025-12-19 19:00:00
617.0,297.47174,2025-12-19 19:00:00
676.0,283.1342,2025-12-19 19:00:00
619.5,255.2652,2025-12-19 19:00:00
827.0,361.11047,2025-12-19 20:00:00
559.0,302.7016,2025-12-19 20:00:00
647.0,294.48904,2025-12-19 20:00:00
754.0,476.79233,2025-12-19 20:00:00
647.0,284.6185,2025-12-19 20:00:00
611.5,333.43506,2025-12-19 21:00:00
714.0,417.63608,2025-12-19 21:00:00
653.0,322.75174,2025-12-19 21:00:00
777.0,519.8069,2025-12-19 21:00:00
931.0,442.90564,2025-12-19 21:00:00
662.75,286.19095,2025-12-19 22:00:00
763.0,519.6196,2025-12-19 22:00:00
620.0,393.7534,2025-12-19 22:00:00
787.0,599.20374,2025-12-19 22:00:00
759.0,436.83276,2025-12-19 22:00:00
685.0,443.28033,2025-12-19 23:00:00
657.0,491.54398,2025-12-19 23:00:00
644.6666666666666,293.2881,2025-12-19 23:00:00
818.0,521.98083,2025-12-19 23:00:00
632.0,436.1622,2025-12-19 23:00:00
629.75,366.481,2025-12-20 00:00:00
666.0,397.94034,2025-12-20 00:00:00
615.0,438.53754,2025-12-20 00:00:00
598.0,494.4896,2025-12-20 00:00:00
746.0,514.0767,2025-12-20 00:00:00
589.0,466.96368,2025-12-20 01:00:00
626.75,335.8393,2025-12-20 01:00:00
527.0,437.9516,2025-12-20 01:00:00
565.0,487.25473,2025-12-20 01:00:00
653.0,380.78284,2025-12-20 01:00:00
483.0,442.4497,2025-12-20 02:00:00
563.0,449.13754,2025-12-20 02:00:00
569.0,384.7728,2025-12-20 02:00:00
552.0,397.671,2025-12-20 02:00:00
604.0,344.2852,2025-12-20 02:00:00
557.75,322.9702,2025-12-20 03:00:00
558.0,339.38593,2025-12-20 03:00:00
543.0,401.14737,2025-12-20 03:00:00
462.0,426.68735,2025-12-20 03:00:00
521.0,359.69598,2025-12-20 03:00:00
432.0,402.10352,2025-12-20 04:00:00
527.5,286.75134,2025-12-20 04:00:00
526.0,293.07373,2025-12-20 04:00:00
439.0,338.54684,2025-12-20 04:00:00
596.0,379.45596,2025-12-20 04:00:00
374.0,364.8548,2025-12-20 05:00:00
458.0,271.4668,2025-12-20 05:00:00
492.0,408.84207,2025-12-20 05:00:00
450.0,345.88895,2025-12-20 05:00:00
481.0,282.83112,2025-12-20 05:00:00
401.75,299.66962,2025-12-20 06:00:00
395.0,336.4489,2025-12-20 06:00:00
469.0,434.98672,2025-12-20 06:00:00
426.0,299.7977,2025-12-20 06:00:00
254.0,371.47946,2025-12-20 06:00:00
433.0,461.8255,2025-12-20 07:00:00
369.0,278.2236,2025-12-20 07:00:00
213.0,355.066,2025-12-20 07:00:00
327.0,385.99405,2025-12-20 07:00:00
423.0,285.7401,2025-12-20 07:00:00
309.0,327.97125,2025-12-20 08:00:00
383.0,448.69412,2025-12-20 08:00:00
345.75,283.65192,2025-12-20 08:00:00
213.0,405.5188,2025-12-20 08:00:00
368.0,307.59818,2025-12-20 08:00:00
309.0,435.27133,2025-12-20 09:00:00
340.75,319.38943,2025-12-20 09:00:00
343.0,376.9198,2025-12-20 09:00:00
232.0,356.86655,2025-12-20 09:00:00
340.0,295.91965,2025-12-20 09:00:00
322.0,357.06345,2025-12-20 10:00:00
389.0,397.45755,2025-12-20 10:00:00
237.0,408.55746,2025-12-20 10:00:00
384.0,328.00998,2025-12-20 10:00:00
362.0,311.46066,2025-12-20 10:00:00
367.0,366.13034,2025-12-20 11:00:00
283.0,300.0545,2025-12-20 11:00:00
252.0,380.33472,2025-12-20 11:00:00
409.0,412.2537,2025-12-20 11:00:00
372.5,356.64868,2025-12-20 11:00:00
396.0,374.2376,2025-12-20 12:00:00
254.0,336.06213,2025-12-20 12:00:00
388.0,390.5866,2025-12-20 12:00:00
290.0,303.4228,2025-12-20 12:00:00
381.75,293.26138,2025-12-20 12:00:00
335.75,288.80304,2025-12-20 13:00:00
278.0,251.47124,2025-12-20 13:00:00
299.0,269.21167,2025-12-20 13:00:00
346.0,322.30933,2025-12-20 13:00:00
378.0,357.4368,2025-12-20 13:00:00
279.0,267.31985,2025-12-20 14:00:00
362.0,374.0035,2025-12-20 14:00:00
281.0,292.17014,2025-12-20 14:00:00
293.0,238.1785,2025-12-20 14:00:00
326.0,284.49072,2025-12-20 14:00:00
313.0,323.61893,2025-12-20 15:00:00
259.0,240.6375,2025-12-20 15:00:00
260.0,273.41632,2025-12-20 15:00:00
282.0,245.96725,2025-12-20 15:00:00
272.0,290.31476,2025-12-20 15:00:00
219.75,240.65613,2025-12-20 16:00:00
260.0,281.99066,2025-12-20 16:00:00
294.0,265.5946,2025-12-20 16:00:00
282.0,337.02527,2025-12-20 16:00:00
222.0,268.9947,2025-12-20 16:00:00
300.0,252.78854,2025-12-20 17:00:00
245.0,254.6222,2025-12-20 17:00:00
322.0,369.01996,2025-12-20 17:00:00
263.0,249.04175,2025-12-20 17:00:00
238.25,268.2265,2025-12-20 17:00:00
416.0,349.68515,2025-12-20 18:00:00
277.0,264.07428,2025-12-20 18:00:00
284.0,238.11488,2025-12-20 18:00:00
333.0,284.9817,2025-12-20 18:00:00
305.0,309.16696,2025-12-20 18:00:00
367.0,302.59506,2025-12-20 19:00:00
370.0,367.9081,2025-12-20 19:00:00
312.0,334.61826,2025-12-20 19:00:00
331.75,253.74832,2025-12-20 19:00:00
334.0,338.39145,2025-12-20 19:00:00
447.0,323.79596,2025-12-20 20:00:00
503.0,416.95868,2025-12-20 20:00:00
373.0,337.82928,2025-12-20 20:00:00
320.0,335.8506,2025-12-20 20:00:00
367.0,277.7147,2025-12-20 20:00:00
357.75,295.17426,2025-12-20 21:00:00
298.0,422.17328,2025-12-20 21:00:00
438.0,455.2628,2025-12-20 21:00:00
373.0,346.46652,2025-12-20 21:00:00
385.0,300.2682,2025-12-20 21:00:00
389.0,454.975,2025-12-20 22:00:00
299.0,363.34546,2025-12-20 22:00:00
295.0,382.85464,2025-12-20 22:00:00
357.75,287.95218,2025-12-20 22:00:00
337.0,295.84576,2025-12-20 22:00:00
50.5,340.8192,2025-12-20 23:00:00
287.0,385.0961,2025-12-20 23:00:00
285.0,294.73984,2025-12-20 23:00:00
354.0,515.897,2025-12-20 23:00:00
266.0,388.28992,2025-12-20 23:00:00
244.0,283.5202,2025-12-21 00:00:00
294.0,459.64612,2025-12-21 00:00:00
243.0,331.69058,2025-12-21 00:00:00
266.0,336.6445,2025-12-21 00:00:00
206.25,293.65613,2025-12-21 00:00:00
216.0,292.27982,2025-12-21 01:00:00
237.0,406.90424,2025-12-21 01:00:00
198.25,302.9561,2025-12-21 01:00:00
221.0,382.6964,2025-12-21 01:00:00
235.0,320.94556,2025-12-21 01:00:00
197.0,351.9895,2025-12-21 02:00:00
199.0,423.20135,2025-12-21 02:00:00
205.0,325.64874,2025-12-21 02:00:00
188.0,308.69876,2025-12-21 02:00:00
206.0,299.68192,2025-12-21 02:00:00
188.0,358.69382,2025-12-21 03:00:00
178.5,294.3324,2025-12-21 03:00:00
190.0,324.77762,2025-12-21 03:00:00
194.0,334.9654,2025-12-21 03:00:00
206.0,284.7662,2025-12-21 03:00:00
166.0,336.43488,2025-12-21 04:00:00
193.0,309.99268,2025-12-21 04:00:00
160.0,338.31143,2025-12-21 04:00:00
206.0,285.89044,2025-12-21 04:00:00
183.75,283.70255,2025-12-21 04:00:00
141.0,348.24283,2025-12-21 05:00:00
177.25,274.27206,2025-12-21 05:00:00
196.0,286.88193,2025-12-21 05:00:00
160.0,275.704,2025-12-21 05:00:00
206.0,301.28668,2025-12-21 05:00:00
166.0,347.7446,2025-12-21 06:00:00
112.0,311.11877,2025-12-21 06:00:00
124.0,291.82452,2025-12-21 06:00:00
163.0,280.7876,2025-12-21 06:00:00
150.5,290.20816,2025-12-21 06:00:00
135.0,314.55988,2025-12-21 07:00:00
112.0,331.6193,2025-12-21 07:00:00
135.0,305.3655,2025-12-21 07:00:00
174.0,350.54105,2025-12-21 07:00:00
114.0,310.9288,2025-12-21 07:00:00
152.0,343.173,2025-12-21 08:00:00
163.0,403.59885,2025-12-21 08:00:00
122.0,300.5343,2025-12-21 08:00:00
144.0,350.25272,2025-12-21 08:00:00
127.0,321.25287,2025-12-21 08:00:00
140.0,302.26993,2025-12-21 09:00:00
677.0,415.1011,2025-12-21 09:00:00
153.0,315.80432,2025-12-21 09:00:00
153.0,365.08783,2025-12-21 09:00:00
168.33333333333334,333.04065,2025-12-21 09:00:00
147.0,319.50412,2025-12-21 10:00:00
153.0,278.47296,2025-12-21 10:00:00
239.0,393.93732,2025-12-21 10:00:00
163.0,285.4451,2025-12-21 10:00:00
167.25,334.66223,2025-12-21 10:00:00
143.0,271.30518,2025-12-21 11:00:00
152.75,334.6345,2025-12-21 11:00:00
129.0,320.1374,2025-12-21 11:00:00
211.0,392.83255,2025-12-21 11:00:00
172.0,277.93246,2025-12-21 11:00:00
149.0,297.20898,2025-12-21 12:00:00
178.0,383.6452,2025-12-21 12:00:00
177.0,339.4014,2025-12-21 12:00:00
113.25,288.28815,2025-12-21 12:00:00
139.0,312.83145,2025-12-21 12:00:00
152.0,328.15402,2025-12-21 13:00:00
178.0,360.07178,2025-12-21 13:00:00
101.0,303.36438,2025-12-21 13:00:00
138.0,309.70477,2025-12-21 13:00:00
83.5,315.81903,2025-12-21 13:00:00
107.0,291.19495,2025-12-21 14:00:00
86.0,317.5735,2025-12-21 14:00:00
138.0,316.41974,2025-12-21 14:00:00
163.0,352.43082,2025-12-21 14:00:00
74.5,302.9607,2025-12-21 14:00:00
99.0,306.69757,2025-12-21 15:00:00
130.0,343.92825,2025-12-21 15:00:00
99.0,298.7552,2025-12-21 15:00:00
111.0,307.69107,2025-12-21 15:00:00
71.75,291.49692,2025-12-21 15:00:00
129.0,317.2085,2025-12-21 16:00:00
102.0,284.72278,2025-12-21 16:00:00
163.0,324.5216,2025-12-21 16:00:00
112.0,266.84656,2025-12-21 16:00:00
71.75,308.68002,2025-12-21 16:00:00
125.0,262.86273,2025-12-21 17:00:00
114.0,263.9391,2025-12-21 17:00:00
213.0,305.5424,2025-12-21 17:00:00
107.0,256.6539,2025-12-21 17:00:00
71.75,307.66214,2025-12-21 17:00:00
155.0,252.74963,2025-12-21 18:00:00
317.0,297.45154,2025-12-21 18:00:00
121.0,270.40402,2025-12-21 18:00:00
151.0,269.1686,2025-12-21 18:00:00
72.33333333333333,269.93002,2025-12-21 18:00:00
185.0,303.9943,2025-12-21 19:00:00
155.0,305.93484,2025-12-21 19:00:00
208.0,293.3367,2025-12-21 19:00:00
400.0,346.8538,2025-12-21 19:00:00
222.75,277.34872,2025-12-21 19:00:00
515.0,407.404,2025-12-21 20:00:00
331.0,326.5336,2025-12-21 20:00:00
257.5,272.44083,2025-12-21 20:00:00
254.0,293.74377,2025-12-21 20:00:00
355.0,326.8393,2025-12-21 20:00:00
536.0,436.34262,2025-12-21 21:00:00
269.0,390.1428,2025-12-21 21:00:00
328.0,337.9115,2025-12-21 21:00:00
292.5,285.75397,2025-12-21 21:00:00
410.0,380.04358,2025-12-21 21:00:00
707.0,432.05576,2025-12-21 22:00:00
323.0,277.88458,2025-12-21 22:00:00
324.0,361.17645,2025-12-21 22:00:00
333.0,414.53195,2025-12-21 22:00:00
299.0,454.4942,2025-12-21 22:00:00
293.0,359.88593,2025-12-21 23:00:00
355.0,428.89804,2025-12-21 23:00:00
817.0,422.67093,2025-12-21 23:00:00
330.0,276.46014,2025-12-21 23:00:00
290.0,403.6308,2025-12-21 23:00:00
345.0,299.81506,2025-12-22 00:00:00
234.0,283.02032,2025-12-22 00:00:00
312.0,331.85394,2025-12-22 00:00:00
333.75,242.32713,2025-12-22 00:00:00
473.0,413.84064,2025-12-22 00:00:00
229.0,350.00806,2025-12-22 01:00:00
571.0,397.1582,2025-12-22 01:00:00
295.0,317.90698,2025-12-22 01:00:00
232.0,265.53372,2025-12-22 01:00:00
292.5,255.92555,2025-12-22 01:00:00
241.0,354.95148,2025-12-22 02:00:00
274.5,297.5979,2025-12-22 02:00:00
414.0,421.82187,2025-12-22 02:00:00
178.0,316.90488,2025-12-22 02:00:00
196.0,383.16864,2025-12-22 02:00:00
245.75,332.07016,2025-12-22 03:00:00
175.0,275.9303,2025-12-22 03:00:00
204.0,350.63992,2025-12-22 03:00:00
164.0,326.94284,2025-12-22 03:00:00
423.0,428.66483,2025-12-22 03:00:00
125.0,269.4803,2025-12-22 04:00:00
208.25,299.49435,2025-12-22 04:00:00
171.0,265.57825,2025-12-22 04:00:00
337.0,388.37173,2025-12-22 04:00:00
179.0,320.0981,2025-12-22 04:00:00
172.0,269.58563,2025-12-22 05:00:00
119.0,287.44406,2025-12-22 05:00:00
172.75,288.05252,2025-12-22 05:00:00
194.0,271.09943,2025-12-22 05:00:00
370.0,365.9993,2025-12-22 05:00:00
162.0,262.18866,2025-12-22 06:00:00
129.0,337.56784,2025-12-22 06:00:00
161.0,271.5246,2025-12-22 06:00:00
294.0,391.10455,2025-12-22 06:00:00
132.0,275.38193,2025-12-22 06:00:00
139.0,296.03622,2025-12-22 07:00:00
321.0,371.66327,2025-12-22 07:00:00
167.0,262.49045,2025-12-22 07:00:00
123.75,343.68002,2025-12-22 07:00:00
151.0,310.64615,2025-12-22 07:00:00
467.0,441.53253,2025-12-22 08:00:00
152.0,282.12665,2025-12-22 08:00:00
153.0,273.38736,2025-12-22 08:00:00
145.5,317.99582,2025-12-22 08:00:00
197.0,325.84183,2025-12-22 08:00:00
164.0,290.01614,2025-12-22 09:00:00
323.0,373.50397,2025-12-22 09:00:00
191.0,330.7912,2025-12-22 09:00:00
177.0,289.45096,2025-12-22 09:00:00
159.75,297.38956,2025-12-22 09:00:00
164.0,295.7839,2025-12-22 10:00:00
194.0,359.51,2025-12-22 10:00:00
493.0,383.6279,2025-12-22 10:00:00
158.0,290.87216,2025-12-22 10:00:00
197.75,317.35965,2025-12-22 10:00:00
249.0,340.6664,2025-12-22 11:00:00
156.0,306.49954,2025-12-22 11:00:00
183.0,300.404,2025-12-22 11:00:00
199.0,397.54407,2025-12-22 11:00:00
207.75,348.5878,2025-12-22 11:00:00
193.0,309.192,2025-12-22 12:00:00
189.25,324.3617,2025-12-22 12:00:00
251.0,332.39233,2025-12-22 12:00:00
219.0,301.5173,2025-12-22 12:00:00
211.0,471.66885,2025-12-22 12:00:00
186.0,309.0061,2025-12-22 13:00:00
260.0,370.7235,2025-12-22 13:00:00
226.0,356.06088,2025-12-22 13:00:00
191.25,310.91476,2025-12-22 13:00:00
178.0,299.01233,2025-12-22 13:00:00
191.0,291.2217,2025-12-22 14:00:00
184.0,334.63724,2025-12-22 14:00:00
208.0,294.5989,2025-12-22 14:00:00
158.75,304.75662,2025-12-22 14:00:00
254.0,416.7755,2025-12-22 14:00:00
140.5,311.90826,2025-12-22 15:00:00
168.0,289.87088,2025-12-22 15:00:00
290.0,443.02475,2025-12-22 15:00:00
144.0,351.41763,2025-12-22 15:00:00
161.0,326.7993,2025-12-22 15:00:00
182.0,348.63425,2025-12-22 16:00:00
121.0,350.9184,2025-12-22 16:00:00
138.0,286.73785,2025-12-22 16:00:00
140.75,355.1245,2025-12-22 16:00:00
266.0,391.42947,2025-12-22 16:00:00
189.0,334.89923,2025-12-22 17:00:00
298.0,451.06537,2025-12-22 17:00:00
122.0,326.48007,2025-12-22 17:00:00
141.5,368.01288,2025-12-22 17:00:00
156.0,367.7247,2025-12-22 17:00:00
193.0,369.4711,2025-12-22 18:00:00
543.0,458.86673,2025-12-22 18:00:00
246.0,389.33102,2025-12-22 18:00:00
167.0,324.27368,2025-12-22 18:00:00
384.0,344.0162,2025-12-22 18:00:00
497.0,304.4266,2025-12-22 19:00:00
287.0,363.7836,2025-12-22 19:00:00
477.0,376.44485,2025-12-22 19:00:00
448.0,379.1707,2025-12-22 19:00:00
279.5,345.3176,2025-12-22 19:00:00
442.0,403.59232,2025-12-22 20:00:00
477.0,340.2565,2025-12-22 20:00:00
632.0,380.2165,2025-12-22 20:00:00
343.25,352.49588,2025-12-22 20:00:00
591.0,388.99234,2025-12-22 20:00:00
534.0,407.05554,2025-12-22 21:00:00
405.75,331.382,2025-12-22 21:00:00
503.0,370.30484,2025-12-22 21:00:00
622.0,447.23212,2025-12-22 21:00:00
806.0,424.67084,2025-12-22 21:00:00
458.0,389.32117,2025-12-22 22:00:00
622.0,413.38074,2025-12-22 22:00:00
465.75,342.38382,2025-12-22 22:00:00
665.0,395.00204,2025-12-22 22:00:00
923.0,465.9783,2025-12-22 22:00:00
442.6666666666667,327.4705,2025-12-22 23:00:00
718.0,399.1868,2025-12-22 23:00:00
859.0,462.11957,2025-12-22 23:00:00
458.0,389.35446,2025-12-22 23:00:00
622.0,419.8226,2025-12-22 23:00:00
622.0,421.00558,2025-12-23 00:00:00
633.0,394.77463,2025-12-23 00:00:00
338.0,396.46744,2025-12-23 00:00:00
852.0,413.45502,2025-12-23 00:00:00
489.25,347.26178,2025-12-23 00:00:00
631.0,372.36243,2025-12-23 01:00:00
528.75,344.59637,2025-12-23 01:00:00
820.0,410.332,2025-12-23 01:00:00
327.0,419.45575,2025-12-23 01:00:00
509.0,345.7935,2025-12-23 01:00:00
428.0,339.6688,2025-12-23 02:00:00
602.0,364.45975,2025-12-23 02:00:00
295.0,389.18192,2025-12-23 02:00:00
510.5,285.4797,2025-12-23 02:00:00
722.0,372.53375,2025-12-23 02:00:00
381.0,297.743,2025-12-23 03:00:00
782.0,321.77225,2025-12-23 03:00:00
542.0,324.3949,2025-12-23 03:00:00
298.0,341.84604,2025-12-23 03:00:00
518.0,258.6427,2025-12-23 03:00:00
708.0,309.5631,2025-12-23 04:00:00
310.0,277.3575,2025-12-23 04:00:00
481.0,255.32137,2025-12-23 04:00:00
517.0,302.75684,2025-12-23 04:00:00
288.0,326.84723,2025-12-23 04:00:00
692.0,295.9852,2025-12-23 05:00:00
294.0,308.40887,2025-12-23 05:00:00
476.0,314.98105,2025-12-23 05:00:00
224.0,291.6958,2025-12-23 05:00:00
413.0,280.90936,2025-12-23 05:00:00
307.0,315.15115,2025-12-23 06:00:00
693.0,332.02444,2025-12-23 06:00:00
361.75,297.00192,2025-12-23 06:00:00
218.0,281.06006,2025-12-23 06:00:00
434.0,307.04053,2025-12-23 06:00:00
295.5,294.08328,2025-12-23 07:00:00
559.0,349.20227,2025-12-23 07:00:00
219.0,227.6533,2025-12-23 07:00:00
235.0,271.9694,2025-12-23 07:00:00
245.0,307.63577,2025-12-23 07:00:00
218.0,210.32628,2025-12-23 08:00:00
239.0,308.50848,2025-12-23 08:00:00
260.0,291.2345,2025-12-23 08:00:00
237.0,190.13864,2025-12-23 08:00:00
473.0,360.83975,2025-12-23 08:00:00
349.0,266.90683,2025-12-23 09:00:00
211.75,269.5711,2025-12-23 09:00:00
390.0,229.8314,2025-12-23 09:00:00
265.0,202.73593,2025-12-23 09:00:00
331.0,293.26416,2025-12-23 09:00:00
440.0,295.4351,2025-12-23 10:00:00
259.0,257.83444,2025-12-23 10:00:00
183.0,226.0904,2025-12-23 10:00:00
185.25,246.86816,2025-12-23 10:00:00
434.0,290.76355,2025-12-23 10:00:00
269.0,283.25027,2025-12-23 11:00:00
269.0,332.63547,2025-12-23 11:00:00
190.0,266.45938,2025-12-23 11:00:00
193.25,292.42667,2025-12-23 11:00:00
201.0,259.27502,2025-12-23 11:00:00
201.75,301.2366,2025-12-23 12:00:00
179.0,282.69913,2025-12-23 12:00:00
255.0,282.2623,2025-12-23 12:00:00
361.0,340.36853,2025-12-23 12:00:00
150.0,250.84996,2025-12-23 12:00:00
145.0,297.273,2025-12-23 13:00:00
261.0,238.25504,2025-12-23 13:00:00
255.0,353.6725,2025-12-23 13:00:00
167.0,262.79944,2025-12-23 13:00:00
182.0,295.28098,2025-12-23 13:00:00
147.0,244.22412,2025-12-23 14:00:00
168.0,269.01382,2025-12-23 14:00:00
197.0,238.43916,2025-12-23 14:00:00
184.5,283.05234,2025-12-23 14:00:00
184.0,356.8588,2025-12-23 14:00:00
176.25,258.34006,2025-12-23 15:00:00
178.0,249.42976,2025-12-23 15:00:00
172.0,247.75258,2025-12-23 15:00:00
191.0,199.30733,2025-12-23 15:00:00
191.0,297.42557,2025-12-23 15:00:00
189.25,207.41978,2025-12-23 16:00:00
185.0,241.77371,2025-12-23 16:00:00
175.0,226.39561,2025-12-23 16:00:00
184.0,216.1579,2025-12-23 16:00:00
180.0,253.20256,2025-12-23 16:00:00
185.0,239.1674,2025-12-23 17:00:00
194.0,244.9721,2025-12-23 17:00:00
180.0,206.63657,2025-12-23 17:00:00
190.0,224.65823,2025-12-23 17:00:00
201.0,187.13182,2025-12-23 17:00:00
296.0,348.80475,2025-12-23 18:00:00
256.0,260.9719,2025-12-23 18:00:00
292.25,212.44774,2025-12-23 18:00:00
243.0,248.61774,2025-12-23 18:00:00
223.0,259.92487,2025-12-23 18:00:00
436.0,286.22775,2025-12-23 19:00:00
364.25,249.22032,2025-12-23 19:00:00
367.0,275.08755,2025-12-23 19:00:00
353.0,375.00632,2025-12-23 19:00:00
326.0,284.54626,2025-12-23 19:00:00
384.0,316.7462,2025-12-23 20:00:00
494.0,318.5688,2025-12-23 20:00:00
455.0,267.8477,2025-12-23 20:00:00
481.0,310.18506,2025-12-23 20:00:00
523.0,438.916,2025-12-23 20:00:00
455.0,355.13876,2025-12-23 21:00:00
545.0,299.71408,2025-12-23 21:00:00
483.25,257.6439,2025-12-23 21:00:00
548.0,351.54117,2025-12-23 21:00:00
687.0,455.33893,2025-12-23 21:00:00
504.5,273.3251,2025-12-23 22:00:00
770.0,397.01825,2025-12-23 22:00:00
553.0,275.96152,2025-12-23 22:00:00
692.0,368.15134,2025-12-23 22:00:00
467.0,328.10306,2025-12-23 22:00:00
569.0,302.88922,2025-12-23 23:00:00
478.0,326.73648,2025-12-23 23:00:00
536.0,314.9489,2025-12-23 23:00:00
538.0,270.7126,2025-12-23 23:00:00
754.0,355.83353,2025-12-23 23:00:00
628.0,352.0855,2025-12-24 00:00:00
489.0,316.0502,2025-12-24 00:00:00
790.0,386.83206,2025-12-24 00:00:00
487.0,367.74817,2025-12-24 00:00:00
558.0,334.87863,2025-12-24 00:00:00
513.25,343.85196,2025-12-24 01:00:00
560.0,341.28464,2025-12-24 01:00:00
494.0,386.1165,2025-12-24 01:00:00
438.0,326.77515,2025-12-24 01:00:00
674.0,369.2206,2025-12-24 01:00:00
426.0,284.5829,2025-12-24 02:00:00
486.0,318.31525,2025-12-24 02:00:00
498.5,265.3025,2025-12-24 02:00:00
525.0,331.69012,2025-12-24 02:00:00
515.0,316.00516,2025-12-24 02:00:00
488.25,243.18091,2025-12-24 03:00:00
392.0,293.267,2025-12-24 03:00:00
477.0,338.73764,2025-12-24 03:00:00
412.0,267.55756,2025-12-24 03:00:00
488.0,318.5374,2025-12-24 03:00:00
523.0,333.25342,2025-12-24 04:00:00
439.0,256.66147,2025-12-24 04:00:00
389.0,297.8175,2025-12-24 04:00:00
400.0,325.45413,2025-12-24 04:00:00
459.5,238.30376,2025-12-24 04:00:00
370.0,266.59067,2025-12-24 05:00:00
406.25,255.787,2025-12-24 05:00:00
431.0,278.21896,2025-12-24 05:00:00
357.0,304.4284,2025-12-24 05:00:00
554.0,363.2017,2025-12-24 05:00:00
393.25,261.59915,2025-12-24 06:00:00
366.0,247.34132,2025-12-24 06:00:00
384.0,295.99625,2025-12-24 06:00:00
859.0,372.00665,2025-12-24 06:00:00
395.0,269.76736,2025-12-24 06:00:00
392.0,271.21014,2025-12-24 07:00:00
358.25,294.77222,2025-12-24 07:00:00
345.0,286.48972,2025-12-24 07:00:00
592.0,373.40808,2025-12-24 07:00:00
296.0,254.15619,2025-12-24 07:00:00
267.0,297.52878,2025-12-24 08:00:00
365.0,313.77826,2025-12-24 08:00:00
409.0,298.8232,2025-12-24 08:00:00
510.0,385.55957,2025-12-24 08:00:00
352.0,303.6771,2025-12-24 08:00:00
349.0,319.3111,2025-12-24 09:00:00
393.25,307.68823,2025-12-24 09:00:00
418.0,316.50308,2025-12-24 09:00:00
288.0,285.58832,2025-12-24 09:00:00
450.0,339.88922,2025-12-24 09:00:00
426.0,310.7611,2025-12-24 10:00:00
428.0,316.46957,2025-12-24 10:00:00
469.0,364.2386,2025-12-24 10:00:00
460.0,293.92877,2025-12-24 10:00:00
300.0,282.73532,2025-12-24 10:00:00
447.0,286.9638,2025-12-24 11:00:00
329.0,261.58575,2025-12-24 11:00:00
516.0,387.3583,2025-12-24 11:00:00
419.75,266.25928,2025-12-24 11:00:00
355.0,263.84714,2025-12-24 11:00:00
398.0,279.9905,2025-12-24 12:00:00
367.0,328.08078,2025-12-24 12:00:00
342.25,252.20676,2025-12-24 12:00:00
373.0,260.01123,2025-12-24 12:00:00
365.0,257.62918,2025-12-24 12:00:00
295.0,253.32843,2025-12-24 13:00:00
296.0,244.13339,2025-12-24 13:00:00
289.75,215.0952,2025-12-24 13:00:00
345.0,226.33713,2025-12-24 13:00:00
339.0,285.57275,2025-12-24 13:00:00
273.0,186.3694,2025-12-24 14:00:00
227.0,200.46242,2025-12-24 14:00:00
304.0,194.12177,2025-12-24 14:00:00
359.0,280.14407,2025-12-24 14:00:00
259.0,237.0602,2025-12-24 14:00:00
259.5,173.84225,2025-12-24 15:00:00
261.0,190.60504,2025-12-24 15:00:00
208.0,188.46269,2025-12-24 15:00:00
260.0,203.41202,2025-12-24 15:00:00
307.0,216.011,2025-12-24 15:00:00
261.0,202.5253,2025-12-24 16:00:00
356.0,239.83696,2025-12-24 16:00:00
236.75,177.007,2025-12-24 16:00:00
260.0,182.02225,2025-12-24 16:00:00
219.0,161.20271,2025-12-24 16:00:00
208.0,188.38971,2025-12-24 17:00:00
317.0,306.78354,2025-12-24 17:00:00
227.0,202.7478,2025-12-24 17:00:00
328.0,239.98705,2025-12-24 17:00:00
167.0,178.8275,2025-12-24 17:00:00
304.0,245.22995,2025-12-24 18:00:00
256.0,229.4274,2025-12-24 18:00:00
504.0,354.14032,2025-12-24 18:00:00
216.75,242.23466,2025-12-24 18:00:00
322.0,231.91766,2025-12-24 18:00:00
395.0,308.12918,2025-12-24 19:00:00
449.0,301.09265,2025-12-24 19:00:00
603.0,371.92758,2025-12-24 19:00:00
329.0,321.3493,2025-12-24 19:00:00
274.5,274.0648,2025-12-24 19:00:00
611.0,354.9461,2025-12-24 20:00:00
505.0,352.33118,2025-12-24 20:00:00
686.0,335.05814,2025-12-24 20:00:00
469.0,382.20895,2025-12-24 20:00:00
330.75,357.71548,2025-12-24 20:00:00
582.0,347.2783,2025-12-24 21:00:00
414.75,350.29666,2025-12-24 21:00:00
509.0,394.11395,2025-12-24 21:00:00
753.0,319.77228,2025-12-24 21:00:00
658.0,479.41608,2025-12-24 21:00:00
605.0,360.54865,2025-12-24 22:00:00
572.0,487.40433,2025-12-24 22:00:00
609.0,361.82993,2025-12-24 22:00:00
444.75,361.8088,2025-12-24 22:00:00
714.0,332.27554,2025-12-24 22:00:00
737.0,493.3149,2025-12-24 23:00:00
664.0,339.86966,2025-12-24 23:00:00
574.0,374.29193,2025-12-24 23:00:00
627.0,342.56815,2025-12-24 23:00:00
431.0,360.9883,2025-12-24 23:00:00
583.0,286.9428,2025-12-25 00:00:00
752.0,384.98917,2025-12-25 00:00:00
548.0,345.5905,2025-12-25 00:00:00
447.5,329.10156,2025-12-25 00:00:00
657.0,276.09332,2025-12-25 00:00:00
720.0,383.37082,2025-12-25 01:00:00
494.0,313.85266,2025-12-25 01:00:00
489.0,256.26398,2025-12-25 01:00:00
431.0,338.8964,2025-12-25 01:00:00
574.0,325.5666,2025-12-25 01:00:00
455.0,251.66116,2025-12-25 02:00:00
763.0,350.7925,2025-12-25 02:00:00
458.25,312.18304,2025-12-25 02:00:00
574.0,289.29758,2025-12-25 02:00:00
410.0,252.93651,2025-12-25 02:00:00
527.0,284.2891,2025-12-25 03:00:00
475.75,293.2098,2025-12-25 03:00:00
366.0,249.85786,2025-12-25 03:00:00
440.0,233.47975,2025-12-25 03:00:00
687.0,334.55713,2025-12-25 03:00:00
715.0,328.4544,2025-12-25 04:00:00
484.5,284.0438,2025-12-25 04:00:00
412.0,243.39536,2025-12-25 04:00:00
462.0,286.6456,2025-12-25 04:00:00
331.0,255.93205,2025-12-25 04:00:00
280.0,233.51395,2025-12-25 05:00:00
647.0,290.35486,2025-12-25 05:00:00
448.75,254.59164,2025-12-25 05:00:00
481.0,210.0577,2025-12-25 05:00:00
389.0,219.05064,2025-12-25 05:00:00
334.0,224.3076,2025-12-25 06:00:00
460.0,215.59753,2025-12-25 06:00:00
345.75,293.0303,2025-12-25 06:00:00
611.0,297.9075,2025-12-25 06:00:00
263.0,206.14331,2025-12-25 06:00:00
252.0,211.8319,2025-12-25 07:00:00
287.0,283.24722,2025-12-25 07:00:00
548.0,281.77423,2025-12-25 07:00:00
451.0,217.06813,2025-12-25 07:00:00
348.0,229.9603,2025-12-25 07:00:00
244.0,236.97925,2025-12-25 08:00:00
346.0,268.27975,2025-12-25 08:00:00
494.0,279.961,2025-12-25 08:00:00
277.75,316.10928,2025-12-25 08:00:00
373.0,232.457,2025-12-25 08:00:00
394.0,268.2711,2025-12-25 09:00:00
291.25,319.56116,2025-12-25 09:00:00
361.0,285.6642,2025-12-25 09:00:00
338.0,309.99765,2025-12-25 09:00:00
241.0,276.93985,2025-12-25 09:00:00
240.0,317.99664,2025-12-25 10:00:00
797.0,324.5706,2025-12-25 10:00:00
313.0,335.3126,2025-12-25 10:00:00
364.0,332.55594,2025-12-25 10:00:00
333.75,309.5868,2025-12-25 10:00:00
293.0,314.53354,2025-12-25 11:00:00
273.0,280.2196,2025-12-25 11:00:00
349.25,286.1735,2025-12-25 11:00:00
465.0,250.57756,2025-12-25 11:00:00
335.0,316.83762,2025-12-25 11:00:00
422.0,239.54012,2025-12-25 12:00:00
302.0,293.75424,2025-12-25 12:00:00
320.5,253.99577,2025-12-25 12:00:00
249.0,265.05127,2025-12-25 12:00:00
279.0,277.25577,2025-12-25 12:00:00
335.0,267.2663,2025-12-25 13:00:00
458.0,227.6743,2025-12-25 13:00:00
301.0,242.71362,2025-12-25 13:00:00
252.0,262.85413,2025-12-25 13:00:00
261.0,267.06168,2025-12-25 13:00:00
304.0,237.05743,2025-12-25 14:00:00
238.0,270.50778,2025-12-25 14:00:00
245.0,208.65448,2025-12-25 14:00:00
462.0,243.67923,2025-12-25 14:00:00
294.0,187.95091,2025-12-25 14:00:00
211.0,199.99922,2025-12-25 15:00:00
265.0,207.66118,2025-12-25 15:00:00
224.0,238.47789,2025-12-25 15:00:00
254.0,186.40575,2025-12-25 15:00:00
379.0,257.17734,2025-12-25 15:00:00
248.0,243.08359,2025-12-25 16:00:00
223.0,187.47672,2025-12-25 16:00:00
432.0,265.97177,2025-12-25 16:00:00
244.0,173.98492,2025-12-25 16:00:00
228.0,211.29843,2025-12-25 16:00:00
234.0,257.7038,2025-12-25 17:00:00
401.0,272.10425,2025-12-25 17:00:00
266.0,245.1337,2025-12-25 17:00:00
283.0,215.58527,2025-12-25 17:00:00
336.25,236.3201,2025-12-25 17:00:00
316.0,318.69965,2025-12-25 18:00:00
599.0,256.67358,2025-12-25 18:00:00
440.0,259.35526,2025-12-25 18:00:00
372.0,312.92282,2025-12-25 18:00:00
349.75,286.27396,2025-12-25 18:00:00
533.0,300.05066,2025-12-25 19:00:00
454.0,303.13168,2025-12-25 19:00:00
394.75,252.42291,2025-12-25 19:00:00
504.0,286.8687,2025-12-25 19:00:00
378.0,294.56204,2025-12-25 19:00:00
455.0,248.85905,2025-12-25 20:00:00
412.5,283.6734,2025-12-25 20:00:00
571.0,273.49683,2025-12-25 20:00:00
525.0,303.90176,2025-12-25 20:00:00
532.0,323.7393,2025-12-25 20:00:00
483.0,249.17079,2025-12-25 21:00:00
683.0,291.2697,2025-12-25 21:00:00
493.5,241.21602,2025-12-25 21:00:00
406.0,268.07397,2025-12-25 21:00:00
611.0,386.62268,2025-12-25 21:00:00
508.0,251.82321,2025-12-25 22:00:00
718.0,265.87665,2025-12-25 22:00:00
565.0,481.89542,2025-12-25 22:00:00
609.0,223.82367,2025-12-25 22:00:00
381.0,256.12192,2025-12-25 22:00:00
690.0,476.35687,2025-12-25 23:00:00
649.3333333333334,200.66763,2025-12-25 23:00:00
653.0,224.03395,2025-12-25 23:00:00
659.0,246.04141,2025-12-25 23:00:00
466.0,345.76758,2025-12-25 23:00:00
648.0,247.00432,2025-12-26 00:00:00
675.0,199.10954,2025-12-26 00:00:00
630.0,294.54776,2025-12-26 00:00:00
793.0,343.3696,2025-12-26 00:00:00
609.0,179.71545,2025-12-26 00:00:00
461.25,169.74414,2025-12-26 01:00:00
632.0,182.15988,2025-12-26 01:00:00
632.0,211.36824,2025-12-26 01:00:00
709.0,352.26462,2025-12-26 01:00:00
626.0,290.3923,2025-12-26 01:00:00
627.0,188.53435,2025-12-26 02:00:00
467.0,203.64438,2025-12-26 02:00:00
412.75,213.096,2025-12-26 02:00:00
583.0,271.98877,2025-12-26 02:00:00
583.0,324.33832,2025-12-26 02:00:00
536.0,334.70514,2025-12-26 03:00:00
399.0,211.82474,2025-12-26 03:00:00
365.0,221.7353,2025-12-26 03:00:00
303.0,211.80313,2025-12-26 03:00:00
571.0,240.97557,2025-12-26 03:00:00
505.0,319.3851,2025-12-26 04:00:00
460.0,225.04231,2025-12-26 04:00:00
317.0,181.47726,2025-12-26 04:00:00
318.75,234.01398,2025-12-26 04:00:00
298.0,189.79158,2025-12-26 04:00:00
354.0,311.23874,2025-12-26 05:00:00
266.0,141.48576,2025-12-26 05:00:00
454.0,184.04796,2025-12-26 05:00:00
224.0,174.82465,2025-12-26 05:00:00
373.0,193.87381,2025-12-26 05:00:00
357.0,318.30878,2025-12-26 06:00:00
218.0,177.23178,2025-12-26 06:00:00
449.0,221.22229,2025-12-26 06:00:00
265.0,173.72505,2025-12-26 06:00:00
324.25,197.74324,2025-12-26 06:00:00
440.0,182.62454,2025-12-26 07:00:00
222.0,206.70445,2025-12-26 07:00:00
432.0,326.61313,2025-12-26 07:00:00
302.25,209.77962,2025-12-26 07:00:00
251.0,161.27617,2025-12-26 07:00:00
240.0,263.9259,2025-12-26 08:00:00
249.0,184.88425,2025-12-26 08:00:00
411.0,256.0739,2025-12-26 08:00:00
289.25,232.26137,2025-12-26 08:00:00
447.0,366.11725,2025-12-26 08:00:00
461.0,323.3936,2025-12-26 09:00:00
282.0,216.2958,2025-12-26 09:00:00
260.5,204.96645,2025-12-26 09:00:00
262.0,274.37015,2025-12-26 09:00:00
415.0,300.7396,2025-12-26 09:00:00
321.25,222.1591,2025-12-26 10:00:00
552.0,306.59662,2025-12-26 10:00:00
304.0,217.11334,2025-12-26 10:00:00
274.0,317.12695,2025-12-26 10:00:00
333.0,267.06354,2025-12-26 10:00:00
353.0,262.54556,2025-12-26 11:00:00
506.0,249.78209,2025-12-26 11:00:00
276.0,300.82562,2025-12-26 11:00:00
353.0,220.02458,2025-12-26 11:00:00
343.25,208.42743,2025-12-26 11:00:00
373.0,275.66882,2025-12-26 12:00:00
261.0,280.58792,2025-12-26 12:00:00
392.0,301.63138,2025-12-26 12:00:00
334.5,239.47653,2025-12-26 12:00:00
353.0,211.39207,2025-12-26 12:00:00
389.0,194.6737,2025-12-26 13:00:00
339.0,269.30066,2025-12-26 13:00:00
319.75,219.53659,2025-12-26 13:00:00
387.0,262.5034,2025-12-26 13:00:00
274.0,254.2888,2025-12-26 13:00:00
326.0,191.759,2025-12-26 14:00:00
345.0,257.05008,2025-12-26 14:00:00
342.0,267.68484,2025-12-26 14:00:00
296.0,218.27286,2025-12-26 14:00:00
366.0,196.91081,2025-12-26 14:00:00
293.0,260.3936,2025-12-26 15:00:00
343.0,199.69331,2025-12-26 15:00:00
332.0,227.11702,2025-12-26 15:00:00
393.0,259.6227,2025-12-26 15:00:00
346.75,179.66264,2025-12-26 15:00:00
421.0,233.07513,2025-12-26 16:00:00
276.0,182.35612,2025-12-26 16:00:00
326.0,206.03416,2025-12-26 16:00:00
371.75,173.84035,2025-12-26 16:00:00
354.0,225.23854,2025-12-26 16:00:00
416.25,176.69817,2025-12-26 17:00:00
290.0,239.33043,2025-12-26 17:00:00
407.0,241.6106,2025-12-26 17:00:00
309.0,208.89316,2025-12-26 17:00:00
376.0,219.62538,2025-12-26 17:00:00
329.0,188.10701,2025-12-26 18:00:00
398.0,225.05342,2025-12-26 18:00:00
354.0,183.00705,2025-12-26 18:00:00
545.0,253.15106,2025-12-26 18:00:00
425.25,182.05557,2025-12-26 18:00:00
624.0,320.44135,2025-12-26 19:00:00
415.0,242.3587,2025-12-26 19:00:00
328.0,287.91922,2025-12-26 19:00:00
387.5,174.12265,2025-12-26 19:00:00
349.0,264.56564,2025-12-26 19:00:00
585.0,340.06735,2025-12-26 20:00:00
429.0,254.06071,2025-12-26 20:00:00
453.0,229.38855,2025-12-26 20:00:00
387.0,208.85075,2025-12-26 20:00:00
334.0,290.04367,2025-12-26 20:00:00
506.0,274.0232,2025-12-26 21:00:00
364.0,352.7631,2025-12-26 21:00:00
420.75,255.55945,2025-12-26 21:00:00
426.0,294.7149,2025-12-26 21:00:00
556.0,483.73465,2025-12-26 21:00:00
455.5,264.7681,2025-12-26 22:00:00
403.0,431.54276,2025-12-26 22:00:00
536.0,241.07794,2025-12-26 22:00:00
550.0,540.38684,2025-12-26 22:00:00
458.0,357.29312,2025-12-26 22:00:00
506.0,339.13715,2025-12-26 23:00:00
578.0,556.96967,2025-12-26 23:00:00
282.0,396.6189,2025-12-26 23:00:00
434.6666666666667,229.33385,2025-12-26 23:00:00
527.0,239.87105,2025-12-26 23:00:00
379.5,287.042,2025-12-27 00:00:00
550.0,318.41644,2025-12-27 00:00:00
495.0,535.46173,2025-12-27 00:00:00
227.0,325.74356,2025-12-27 00:00:00
354.0,228.02495,2025-12-27 00:00:00
359.0,312.36374,2025-12-27 01:00:00
558.0,405.16714,2025-12-27 01:00:00
505.0,475.93796,2025-12-27 01:00:00
234.0,268.62463,2025-12-27 01:00:00
291.0,246.6093,2025-12-27 01:00:00
245.0,252.45805,2025-12-27 02:00:00
353.75,251.72076,2025-12-27 02:00:00
311.0,237.54521,2025-12-27 02:00:00
350.0,321.0767,2025-12-27 02:00:00
508.0,440.35892,2025-12-27 02:00:00
483.0,391.2074,2025-12-27 03:00:00
302.0,244.80145,2025-12-27 03:00:00
417.0,287.33194,2025-12-27 03:00:00
353.0,229.36366,2025-12-27 03:00:00
350.25,269.65735,2025-12-27 03:00:00
439.0,376.16138,2025-12-27 04:00:00
372.0,254.16101,2025-12-27 04:00:00
358.0,258.1029,2025-12-27 04:00:00
403.0,288.97,2025-12-27 04:00:00
266.0,207.51505,2025-12-27 04:00:00
384.0,382.1627,2025-12-27 05:00:00
395.0,253.18913,2025-12-27 05:00:00
326.0,194.28404,2025-12-27 05:00:00
316.0,216.41791,2025-12-27 05:00:00
345.25,273.85046,2025-12-27 05:00:00
338.0,166.82343,2025-12-27 06:00:00
389.0,215.7423,2025-12-27 06:00:00
356.5,249.26242,2025-12-27 06:00:00
337.0,171.74228,2025-12-27 06:00:00
429.0,439.19934,2025-12-27 06:00:00
376.5,243.42146,2025-12-27 07:00:00
338.0,179.8067,2025-12-27 07:00:00
436.0,340.8149,2025-12-27 07:00:00
344.0,148.8719,2025-12-27 07:00:00
364.0,191.56548,2025-12-27 07:00:00
368.0,182.33041,2025-12-27 08:00:00
389.25,262.98288,2025-12-27 08:00:00
351.0,206.02184,2025-12-27 08:00:00
471.0,314.7146,2025-12-27 08:00:00
339.0,234.23659,2025-12-27 08:00:00
326.0,179.97961,2025-12-27 09:00:00
366.0,204.54553,2025-12-27 09:00:00
456.0,282.37094,2025-12-27 09:00:00
384.5,261.21054,2025-12-27 09:00:00
373.0,215.26517,2025-12-27 09:00:00
448.0,246.4804,2025-12-27 10:00:00
385.0,244.52777,2025-12-27 10:00:00
498.0,308.22766,2025-12-27 10:00:00
248.0,204.91374,2025-12-27 10:00:00
391.75,230.78668,2025-12-27 10:00:00
432.0,258.67883,2025-12-27 11:00:00
265.0,182.08293,2025-12-27 11:00:00
459.0,281.0127,2025-12-27 11:00:00
403.0,223.63254,2025-12-27 11:00:00
393.0,224.29701,2025-12-27 11:00:00
495.0,274.6724,2025-12-27 12:00:00
370.0,222.83014,2025-12-27 12:00:00
393.25,243.79347,2025-12-27 12:00:00
461.0,279.4636,2025-12-27 12:00:00
257.0,211.68274,2025-12-27 12:00:00
464.0,232.61089,2025-12-27 13:00:00
278.0,227.84286,2025-12-27 13:00:00
343.0,243.99849,2025-12-27 13:00:00
451.0,222.44658,2025-12-27 13:00:00
310.25,224.49416,2025-12-27 13:00:00
265.0,230.9642,2025-12-27 14:00:00
257.0,203.08174,2025-12-27 14:00:00
362.0,215.45532,2025-12-27 14:00:00
522.0,247.82637,2025-12-27 14:00:00
203.75,245.79712,2025-12-27 14:00:00
291.0,244.54037,2025-12-27 15:00:00
229.0,189.78455,2025-12-27 15:00:00
177.5,244.71788,2025-12-27 15:00:00
498.0,259.3856,2025-12-27 15:00:00
188.0,210.59868,2025-12-27 15:00:00
186.5,227.13144,2025-12-27 16:00:00
191.0,172.11574,2025-12-27 16:00:00
360.0,273.82053,2025-12-27 16:00:00
127.0,201.62076,2025-12-27 16:00:00
202.0,205.77596,2025-12-27 16:00:00
175.0,191.73645,2025-12-27 17:00:00
257.0,196.69514,2025-12-27 17:00:00
217.25,192.41872,2025-12-27 17:00:00
399.0,237.5573,2025-12-27 17:00:00
144.0,165.16501,2025-12-27 17:00:00
348.0,221.15541,2025-12-27 18:00:00
191.0,184.82494,2025-12-27 18:00:00
549.0,220.92471,2025-12-27 18:00:00
229.0,196.53572,2025-12-27 18:00:00
298.75,186.34224,2025-12-27 18:00:00
388.0,213.19392,2025-12-27 19:00:00
344.0,190.61536,2025-12-27 19:00:00
365.0,203.81535,2025-12-27 19:00:00
543.0,268.82483,2025-12-27 19:00:00
415.25,179.75787,2025-12-27 19:00:00
519.0,195.87872,2025-12-27 20:00:00
544.0,222.84973,2025-12-27 20:00:00
478.25,135.76547,2025-12-27 20:00:00
373.0,142.69077,2025-12-27 20:00:00
798.0,335.4033,2025-12-27 20:00:00
670.0,308.7545,2025-12-27 21:00:00
509.0,171.01193,2025-12-27 21:00:00
490.5,134.14246,2025-12-27 21:00:00
720.0,413.94632,2025-12-27 21:00:00
467.0,222.53096,2025-12-27 21:00:00
474.5,161.69916,2025-12-27 22:00:00
841.0,400.04028,2025-12-27 22:00:00
444.0,227.01648,2025-12-27 22:00:00
802.0,387.33075,2025-12-27 22:00:00
599.0,239.43217,2025-12-27 22:00:00
775.0,301.91193,2025-12-27 23:00:00
495.0,219.973,2025-12-27 23:00:00
823.0,408.29535,2025-12-27 23:00:00
503.6666666666667,191.35431,2025-12-27 23:00:00
536.0,314.66406,2025-12-27 23:00:00
578.25,265.6303,2025-12-28 00:00:00
920.0,258.85132,2025-12-28 00:00:00
493.0,380.23093,2025-12-28 00:00:00
606.0,274.18533,2025-12-28 00:00:00
831.0,440.77188,2025-12-28 00:00:00
539.0,370.1686,2025-12-28 01:00:00
545.0,287.12613,2025-12-28 01:00:00
447.0,345.92627,2025-12-28 01:00:00
660.0,433.3183,2025-12-28 01:00:00
624.0,220.62532,2025-12-28 01:00:00
634.0,266.53387,2025-12-28 02:00:00
482.0,398.36105,2025-12-28 02:00:00
472.0,280.2269,2025-12-28 02:00:00
506.0,280.78308,2025-12-28 02:00:00
431.0,363.4811,2025-12-28 02:00:00
509.0,289.29257,2025-12-28 03:00:00
488.0,330.9428,2025-12-28 03:00:00
422.0,295.51852,2025-12-28 03:00:00
431.0,316.7216,2025-12-28 03:00:00
650.0,262.43478,2025-12-28 03:00:00
556.0,305.57996,2025-12-28 04:00:00
431.0,348.50375,2025-12-28 04:00:00
405.0,301.00732,2025-12-28 04:00:00
583.25,336.30795,2025-12-28 04:00:00
410.0,391.39868,2025-12-28 04:00:00
431.0,308.6619,2025-12-28 05:00:00
474.75,298.53113,2025-12-28 05:00:00
617.0,206.36264,2025-12-28 05:00:00
385.0,348.33572,2025-12-28 05:00:00
394.0,224.01317,2025-12-28 05:00:00
423.0,346.3264,2025-12-28 06:00:00
431.25,241.02936,2025-12-28 06:00:00
434.0,201.80048,2025-12-28 06:00:00
536.0,272.6407,2025-12-28 06:00:00
611.0,197.995,2025-12-28 06:00:00
455.0,352.29572,2025-12-28 07:00:00
536.0,165.5923,2025-12-28 07:00:00
450.0,262.67493,2025-12-28 07:00:00
337.0,208.30406,2025-12-28 07:00:00
344.5,220.87788,2025-12-28 07:00:00
233.0,230.63469,2025-12-28 08:00:00
297.25,182.04305,2025-12-28 08:00:00
249.0,391.59283,2025-12-28 08:00:00
401.0,285.22742,2025-12-28 08:00:00
274.0,200.5193,2025-12-28 08:00:00
241.0,274.5424,2025-12-28 09:00:00
205.0,242.51924,2025-12-28 09:00:00
235.0,181.53363,2025-12-28 09:00:00
248.0,359.7852,2025-12-28 09:00:00
297.0,170.23373,2025-12-28 09:00:00
206.0,236.35558,2025-12-28 10:00:00
284.5,210.27328,2025-12-28 10:00:00
287.0,331.12778,2025-12-28 10:00:00
227.0,196.71538,2025-12-28 10:00:00
196.0,256.36694,2025-12-28 10:00:00
230.0,326.0191,2025-12-28 11:00:00
288.75,217.42331,2025-12-28 11:00:00
227.0,255.93484,2025-12-28 11:00:00
254.0,217.4276,2025-12-28 11:00:00
257.0,232.33351,2025-12-28 11:00:00
249.0,347.87018,2025-12-28 12:00:00
259.0,232.57675,2025-12-28 12:00:00
322.0,205.10204,2025-12-28 12:00:00
224.0,236.84299,2025-12-28 12:00:00
221.0,229.9685,2025-12-28 12:00:00
341.25,229.95334,2025-12-28 13:00:00
256.0,204.38068,2025-12-28 13:00:00
245.0,268.56778,2025-12-28 13:00:00
223.0,224.39694,2025-12-28 13:00:00
284.0,296.7158,2025-12-28 13:00:00
298.0,266.52884,2025-12-28 14:00:00
353.75,236.52855,2025-12-28 14:00:00
251.0,189.72102,2025-12-28 14:00:00
296.0,304.6211,2025-12-28 14:00:00
251.0,224.91234,2025-12-28 14:00:00
269.0,203.78967,2025-12-28 15:00:00
296.0,242.73975,2025-12-28 15:00:00
395.0,231.10217,2025-12-28 15:00:00
274.0,207.2233,2025-12-28 15:00:00
329.0,257.12268,2025-12-28 15:00:00
344.0,295.60696,2025-12-28 16:00:00
276.0,203.48079,2025-12-28 16:00:00
335.0,239.93872,2025-12-28 16:00:00
424.25,235.95734,2025-12-28 16:00:00
331.0,203.99715,2025-12-28 16:00:00
420.5,213.84149,2025-12-28 17:00:00
398.0,250.25237,2025-12-28 17:00:00
295.0,171.11935,2025-12-28 17:00:00
300.0,219.46077,2025-12-28 17:00:00
379.0,222.86519,2025-12-28 17:00:00
317.0,191.10863,2025-12-28 18:00:00
331.0,243.94598,2025-12-28 18:00:00
404.5,224.91284,2025-12-28 18:00:00
385.0,207.71109,2025-12-28 18:00:00
428.0,244.38353,2025-12-28 18:00:00
354.0,220.44641,2025-12-28 19:00:00
376.0,238.56209,2025-12-28 19:00:00
527.0,346.11606,2025-12-28 19:00:00
404.5,242.99173,2025-12-28 19:00:00
356.0,220.77213,2025-12-28 19:00:00
396.0,273.24976,2025-12-28 20:00:00
383.0,319.82712,2025-12-28 20:00:00
127.33333333333331,194.82394,2025-12-28 20:00:00
388.0,179.45274,2025-12-28 20:00:00
585.0,347.80823,2025-12-28 20:00:00
477.0,358.90378,2025-12-28 21:00:00
395.0,377.76828,2025-12-28 21:00:00
399.0,192.73125,2025-12-28 21:00:00
403.0,272.03784,2025-12-28 21:00:00
348.3333333333333,190.00954,2025-12-28 21:00:00
421.0,281.81848,2025-12-28 22:00:00
490.0,325.86606,2025-12-28 22:00:00
355.5,157.71866,2025-12-28 22:00:00
395.0,281.6277,2025-12-28 22:00:00
385.0,374.23843,2025-12-28 22:00:00
395.0,275.502,2025-12-28 23:00:00
536.0,382.73184,2025-12-28 23:00:00
360.0,192.06429,2025-12-28 23:00:00
404.0,319.0987,2025-12-28 23:00:00
401.0,266.58768,2025-12-28 23:00:00
